schema,case,implementation,workload_version,fixture_version,pass,sample,operations,elapsed_ns,ns_per_op,unit,status,comparison_kind,timing_mode,source_commit,dirty,runtime,threads,warmups,target_ns,logical_id,configuration,physical_work,actual_kernel,harness,warmup_target_ns,fork,forks,elapsed_kind
4,gemm-tile+4x4x32+uniform+physical=4x4+work=gemm-add-v1+leftLayout=depth-rows-v1+rightLayout=depth-columns-v1+leftGroup=4+rightGroup=4+leftStride=4+rightStride=4+padding=zero+alignment=8+block=4x4x32+panel=32+diagonal=0+rhs=0+batch=1+variant=current-tile-v1+timing=raw-tile,jvm-scalar/scalar/scalar/packed-4x4,5,2,1,1,1586188,200324137,126.29280829258575,ns,ok,partial,raw-tile,50f1356ff734c61f359e46e821b0f580d6549e73,true,kotlin-2.4.10/jvm/Eclipse Adoptium/25.0.1/JMH 1.37/forks=1,1,3,200000000,gemm-add-v1+4x4x32+uniform,physical=4x4+leftLayout=depth-rows-v1+rightLayout=depth-columns-v1+leftGroup=4+rightGroup=4+leftStride=4+rightStride=4+padding=zero+alignment=8+block=4x4x32+panel=32+diagonal=0+rhs=0+batch=1+variant=current-tile-v1,tiles=1;leftDoubles=128;rightDoubles=128;outputDoubles=16;resetDoubles=16;scratchDoubles=0;triangleDoubles=0,jvm-scalar/portable-tile-v1/4x4,jmh-average-time-v1,200000000,1,1,score-times-operations
4,gemm-tile+4x4x32+uniform+physical=4x4+work=gemm-add-v1+leftLayout=depth-rows-v1+rightLayout=depth-columns-v1+leftGroup=4+rightGroup=4+leftStride=4+rightStride=4+padding=zero+alignment=8+block=4x4x32+panel=32+diagonal=0+rhs=0+batch=1+variant=current-tile-v1+timing=raw-tile,jvm-scalar/scalar/scalar/packed-4x4,5,2,1,2,1435501,200176144,139.44688579109314,ns,ok,partial,raw-tile,50f1356ff734c61f359e46e821b0f580d6549e73,true,kotlin-2.4.10/jvm/Eclipse Adoptium/25.0.1/JMH 1.37/forks=1,1,3,200000000,gemm-add-v1+4x4x32+uniform,physical=4x4+leftLayout=depth-rows-v1+rightLayout=depth-columns-v1+leftGroup=4+rightGroup=4+leftStride=4+rightStride=4+padding=zero+alignment=8+block=4x4x32+panel=32+diagonal=0+rhs=0+batch=1+variant=current-tile-v1,tiles=1;leftDoubles=128;rightDoubles=128;outputDoubles=16;resetDoubles=16;scratchDoubles=0;triangleDoubles=0,jvm-scalar/portable-tile-v1/4x4,jmh-average-time-v1,200000000,1,1,score-times-operations
4,gemm-tile+4x4x32+uniform+physical=4x4+work=gemm-add-v1+leftLayout=depth-rows-v1+rightLayout=depth-columns-v1+leftGroup=4+rightGroup=4+leftStride=4+rightStride=4+padding=zero+alignment=8+block=4x4x32+panel=32+diagonal=0+rhs=0+batch=1+variant=current-tile-v1+timing=raw-tile,jvm-scalar/scalar/scalar/packed-4x4,5,2,1,3,1275132,200107729,156.93099145813923,ns,ok,partial,raw-tile,50f1356ff734c61f359e46e821b0f580d6549e73,true,kotlin-2.4.10/jvm/Eclipse Adoptium/25.0.1/JMH 1.37/forks=1,1,3,200000000,gemm-add-v1+4x4x32+uniform,physical=4x4+leftLayout=depth-rows-v1+rightLayout=depth-columns-v1+leftGroup=4+rightGroup=4+leftStride=4+rightStride=4+padding=zero+alignment=8+block=4x4x32+panel=32+diagonal=0+rhs=0+batch=1+variant=current-tile-v1,tiles=1;leftDoubles=128;rightDoubles=128;outputDoubles=16;resetDoubles=16;scratchDoubles=0;triangleDoubles=0,jvm-scalar/portable-tile-v1/4x4,jmh-average-time-v1,200000000,1,1,score-times-operations
4,gemm-tile+4x4x32+uniform+physical=4x4+work=gemm-add-v1+leftLayout=depth-rows-v1+rightLayout=depth-columns-v1+leftGroup=4+rightGroup=4+leftStride=4+rightStride=4+padding=zero+alignment=8+block=4x4x32+panel=32+diagonal=0+rhs=0+batch=1+variant=current-tile-v1+timing=raw-tile,jvm-scalar/scalar/scalar/packed-4x4,5,2,1,4,1563850,200092661,127.94875531540748,ns,ok,partial,raw-tile,50f1356ff734c61f359e46e821b0f580d6549e73,true,kotlin-2.4.10/jvm/Eclipse Adoptium/25.0.1/JMH 1.37/forks=1,1,3,200000000,gemm-add-v1+4x4x32+uniform,physical=4x4+leftLayout=depth-rows-v1+rightLayout=depth-columns-v1+leftGroup=4+rightGroup=4+leftStride=4+rightStride=4+padding=zero+alignment=8+block=4x4x32+panel=32+diagonal=0+rhs=0+batch=1+variant=current-tile-v1,tiles=1;leftDoubles=128;rightDoubles=128;outputDoubles=16;resetDoubles=16;scratchDoubles=0;triangleDoubles=0,jvm-scalar/portable-tile-v1/4x4,jmh-average-time-v1,200000000,1,1,score-times-operations
4,gemm-tile+4x4x32+uniform+physical=4x4+work=gemm-add-v1+leftLayout=depth-rows-v1+rightLayout=depth-columns-v1+leftGroup=4+rightGroup=4+leftStride=4+rightStride=4+padding=zero+alignment=8+block=4x4x32+panel=32+diagonal=0+rhs=0+batch=1+variant=current-tile-v1+timing=raw-tile,jvm-scalar/scalar/scalar/packed-4x4,5,2,1,5,1557407,200087733,128.47491567714798,ns,ok,partial,raw-tile,50f1356ff734c61f359e46e821b0f580d6549e73,true,kotlin-2.4.10/jvm/Eclipse Adoptium/25.0.1/JMH 1.37/forks=1,1,3,200000000,gemm-add-v1+4x4x32+uniform,physical=4x4+leftLayout=depth-rows-v1+rightLayout=depth-columns-v1+leftGroup=4+rightGroup=4+leftStride=4+rightStride=4+padding=zero+alignment=8+block=4x4x32+panel=32+diagonal=0+rhs=0+batch=1+variant=current-tile-v1,tiles=1;leftDoubles=128;rightDoubles=128;outputDoubles=16;resetDoubles=16;scratchDoubles=0;triangleDoubles=0,jvm-scalar/portable-tile-v1/4x4,jmh-average-time-v1,200000000,1,1,score-times-operations
4,gemm-tile+3x2x31+uniform+physical=4x4+work=gemm-add-v1+leftLayout=depth-rows-v1+rightLayout=depth-columns-v1+leftGroup=4+rightGroup=4+leftStride=4+rightStride=4+padding=zero+alignment=8+block=3x2x31+panel=31+diagonal=0+rhs=0+batch=1+variant=current-tile-v1+timing=raw-tile,jvm-scalar/scalar/scalar/packed-4x4,5,2,1,1,1612879,200243235,124.1526704731105,ns,ok,partial,raw-tile,50f1356ff734c61f359e46e821b0f580d6549e73,true,kotlin-2.4.10/jvm/Eclipse Adoptium/25.0.1/JMH 1.37/forks=1,1,3,200000000,gemm-add-v1+3x2x31+uniform,physical=4x4+leftLayout=depth-rows-v1+rightLayout=depth-columns-v1+leftGroup=4+rightGroup=4+leftStride=4+rightStride=4+padding=zero+alignment=8+block=3x2x31+panel=31+diagonal=0+rhs=0+batch=1+variant=current-tile-v1,tiles=1;leftDoubles=124;rightDoubles=124;outputDoubles=16;resetDoubles=16;scratchDoubles=0;triangleDoubles=0,jvm-scalar/portable-tile-v1/4x4,jmh-average-time-v1,200000000,1,1,score-times-operations
4,gemm-tile+3x2x31+uniform+physical=4x4+work=gemm-add-v1+leftLayout=depth-rows-v1+rightLayout=depth-columns-v1+leftGroup=4+rightGroup=4+leftStride=4+rightStride=4+padding=zero+alignment=8+block=3x2x31+panel=31+diagonal=0+rhs=0+batch=1+variant=current-tile-v1+timing=raw-tile,jvm-scalar/scalar/scalar/packed-4x4,5,2,1,2,1585658,200208789,126.26227660693542,ns,ok,partial,raw-tile,50f1356ff734c61f359e46e821b0f580d6549e73,true,kotlin-2.4.10/jvm/Eclipse Adoptium/25.0.1/JMH 1.37/forks=1,1,3,200000000,gemm-add-v1+3x2x31+uniform,physical=4x4+leftLayout=depth-rows-v1+rightLayout=depth-columns-v1+leftGroup=4+rightGroup=4+leftStride=4+rightStride=4+padding=zero+alignment=8+block=3x2x31+panel=31+diagonal=0+rhs=0+batch=1+variant=current-tile-v1,tiles=1;leftDoubles=124;rightDoubles=124;outputDoubles=16;resetDoubles=16;scratchDoubles=0;triangleDoubles=0,jvm-scalar/portable-tile-v1/4x4,jmh-average-time-v1,200000000,1,1,score-times-operations
4,gemm-tile+3x2x31+uniform+physical=4x4+work=gemm-add-v1+leftLayout=depth-rows-v1+rightLayout=depth-columns-v1+leftGroup=4+rightGroup=4+leftStride=4+rightStride=4+padding=zero+alignment=8+block=3x2x31+panel=31+diagonal=0+rhs=0+batch=1+variant=current-tile-v1+timing=raw-tile,jvm-scalar/scalar/scalar/packed-4x4,5,2,1,3,1595584,200193764,125.46739250330913,ns,ok,partial,raw-tile,50f1356ff734c61f359e46e821b0f580d6549e73,true,kotlin-2.4.10/jvm/Eclipse Adoptium/25.0.1/JMH 1.37/forks=1,1,3,200000000,gemm-add-v1+3x2x31+uniform,physical=4x4+leftLayout=depth-rows-v1+rightLayout=depth-columns-v1+leftGroup=4+rightGroup=4+leftStride=4+rightStride=4+padding=zero+alignment=8+block=3x2x31+panel=31+diagonal=0+rhs=0+batch=1+variant=current-tile-v1,tiles=1;leftDoubles=124;rightDoubles=124;outputDoubles=16;resetDoubles=16;scratchDoubles=0;triangleDoubles=0,jvm-scalar/portable-tile-v1/4x4,jmh-average-time-v1,200000000,1,1,score-times-operations
4,gemm-tile+3x2x31+uniform+physical=4x4+work=gemm-add-v1+leftLayout=depth-rows-v1+rightLayout=depth-columns-v1+leftGroup=4+rightGroup=4+leftStride=4+rightStride=4+padding=zero+alignment=8+block=3x2x31+panel=31+diagonal=0+rhs=0+batch=1+variant=current-tile-v1+timing=raw-tile,jvm-scalar/scalar/scalar/packed-4x4,5,2,1,4,1601587,200208271,125.006178871332,ns,ok,partial,raw-tile,50f1356ff734c61f359e46e821b0f580d6549e73,true,kotlin-2.4.10/jvm/Eclipse Adoptium/25.0.1/JMH 1.37/forks=1,1,3,200000000,gemm-add-v1+3x2x31+uniform,physical=4x4+leftLayout=depth-rows-v1+rightLayout=depth-columns-v1+leftGroup=4+rightGroup=4+leftStride=4+rightStride=4+padding=zero+alignment=8+block=3x2x31+panel=31+diagonal=0+rhs=0+batch=1+variant=current-tile-v1,tiles=1;leftDoubles=124;rightDoubles=124;outputDoubles=16;resetDoubles=16;scratchDoubles=0;triangleDoubles=0,jvm-scalar/portable-tile-v1/4x4,jmh-average-time-v1,200000000,1,1,score-times-operations
4,gemm-tile+3x2x31+uniform+physical=4x4+work=gemm-add-v1+leftLayout=depth-rows-v1+rightLayout=depth-columns-v1+leftGroup=4+rightGroup=4+leftStride=4+rightStride=4+padding=zero+alignment=8+block=3x2x31+panel=31+diagonal=0+rhs=0+batch=1+variant=current-tile-v1+timing=raw-tile,jvm-scalar/scalar/scalar/packed-4x4,5,2,1,5,1589218,200253446,126.00753704022985,ns,ok,partial,raw-tile,50f1356ff734c61f359e46e821b0f580d6549e73,true,kotlin-2.4.10/jvm/Eclipse Adoptium/25.0.1/JMH 1.37/forks=1,1,3,200000000,gemm-add-v1+3x2x31+uniform,physical=4x4+leftLayout=depth-rows-v1+rightLayout=depth-columns-v1+leftGroup=4+rightGroup=4+leftStride=4+rightStride=4+padding=zero+alignment=8+block=3x2x31+panel=31+diagonal=0+rhs=0+batch=1+variant=current-tile-v1,tiles=1;leftDoubles=124;rightDoubles=124;outputDoubles=16;resetDoubles=16;scratchDoubles=0;triangleDoubles=0,jvm-scalar/portable-tile-v1/4x4,jmh-average-time-v1,200000000,1,1,score-times-operations
4,packed-trsm+4x4+triangular+physical=4x4+uplo=L+diag=N+work=right-solve-v1+leftLayout=depth-rows-v1+rightLayout=depth-columns-v1+leftGroup=4+rightGroup=4+leftStride=4+rightStride=4+padding=zero+alignment=8+block=4x4x4+panel=4+diagonal=4+rhs=4+batch=1+variant=current-tile-v1+timing=raw-tile,jvm-scalar/scalar/scalar/packed-4x4,5,2,1,1,4556117,200260387,43.95418006166216,ns,ok,partial,raw-tile,50f1356ff734c61f359e46e821b0f580d6549e73,true,kotlin-2.4.10/jvm/Eclipse Adoptium/25.0.1/JMH 1.37/forks=1,1,3,200000000,right-solve-v1+4x4+triangular+uplo=L+diag=N,physical=4x4+leftLayout=depth-rows-v1+rightLayout=depth-columns-v1+leftGroup=4+rightGroup=4+leftStride=4+rightStride=4+padding=zero+alignment=8+block=4x4x4+panel=4+diagonal=4+rhs=4+batch=1+variant=current-tile-v1,tiles=1;leftDoubles=0;rightDoubles=0;outputDoubles=16;resetDoubles=16;scratchDoubles=0;triangleDoubles=16,jvm-scalar/portable-solve-v1/4x4,jmh-average-time-v1,200000000,1,1,score-times-operations
4,packed-trsm+4x4+triangular+physical=4x4+uplo=L+diag=N+work=right-solve-v1+leftLayout=depth-rows-v1+rightLayout=depth-columns-v1+leftGroup=4+rightGroup=4+leftStride=4+rightStride=4+padding=zero+alignment=8+block=4x4x4+panel=4+diagonal=4+rhs=4+batch=1+variant=current-tile-v1+timing=raw-tile,jvm-scalar/scalar/scalar/packed-4x4,5,2,1,2,4420751,200171851,45.28005558331605,ns,ok,partial,raw-tile,50f1356ff734c61f359e46e821b0f580d6549e73,true,kotlin-2.4.10/jvm/Eclipse Adoptium/25.0.1/JMH 1.37/forks=1,1,3,200000000,right-solve-v1+4x4+triangular+uplo=L+diag=N,physical=4x4+leftLayout=depth-rows-v1+rightLayout=depth-columns-v1+leftGroup=4+rightGroup=4+leftStride=4+rightStride=4+padding=zero+alignment=8+block=4x4x4+panel=4+diagonal=4+rhs=4+batch=1+variant=current-tile-v1,tiles=1;leftDoubles=0;rightDoubles=0;outputDoubles=16;resetDoubles=16;scratchDoubles=0;triangleDoubles=16,jvm-scalar/portable-solve-v1/4x4,jmh-average-time-v1,200000000,1,1,score-times-operations
4,packed-trsm+4x4+triangular+physical=4x4+uplo=L+diag=N+work=right-solve-v1+leftLayout=depth-rows-v1+rightLayout=depth-columns-v1+leftGroup=4+rightGroup=4+leftStride=4+rightStride=4+padding=zero+alignment=8+block=4x4x4+panel=4+diagonal=4+rhs=4+batch=1+variant=current-tile-v1+timing=raw-tile,jvm-scalar/scalar/scalar/packed-4x4,5,2,1,3,4044738,200166054,49.48801479848633,ns,ok,partial,raw-tile,50f1356ff734c61f359e46e821b0f580d6549e73,true,kotlin-2.4.10/jvm/Eclipse Adoptium/25.0.1/JMH 1.37/forks=1,1,3,200000000,right-solve-v1+4x4+triangular+uplo=L+diag=N,physical=4x4+leftLayout=depth-rows-v1+rightLayout=depth-columns-v1+leftGroup=4+rightGroup=4+leftStride=4+rightStride=4+padding=zero+alignment=8+block=4x4x4+panel=4+diagonal=4+rhs=4+batch=1+variant=current-tile-v1,tiles=1;leftDoubles=0;rightDoubles=0;outputDoubles=16;resetDoubles=16;scratchDoubles=0;triangleDoubles=16,jvm-scalar/portable-solve-v1/4x4,jmh-average-time-v1,200000000,1,1,score-times-operations
4,packed-trsm+4x4+triangular+physical=4x4+uplo=L+diag=N+work=right-solve-v1+leftLayout=depth-rows-v1+rightLayout=depth-columns-v1+leftGroup=4+rightGroup=4+leftStride=4+rightStride=4+padding=zero+alignment=8+block=4x4x4+panel=4+diagonal=4+rhs=4+batch=1+variant=current-tile-v1+timing=raw-tile,jvm-scalar/scalar/scalar/packed-4x4,5,2,1,4,4121395,200192009,48.573846719375354,ns,ok,partial,raw-tile,50f1356ff734c61f359e46e821b0f580d6549e73,true,kotlin-2.4.10/jvm/Eclipse Adoptium/25.0.1/JMH 1.37/forks=1,1,3,200000000,right-solve-v1+4x4+triangular+uplo=L+diag=N,physical=4x4+leftLayout=depth-rows-v1+rightLayout=depth-columns-v1+leftGroup=4+rightGroup=4+leftStride=4+rightStride=4+padding=zero+alignment=8+block=4x4x4+panel=4+diagonal=4+rhs=4+batch=1+variant=current-tile-v1,tiles=1;leftDoubles=0;rightDoubles=0;outputDoubles=16;resetDoubles=16;scratchDoubles=0;triangleDoubles=16,jvm-scalar/portable-solve-v1/4x4,jmh-average-time-v1,200000000,1,1,score-times-operations
4,packed-trsm+4x4+triangular+physical=4x4+uplo=L+diag=N+work=right-solve-v1+leftLayout=depth-rows-v1+rightLayout=depth-columns-v1+leftGroup=4+rightGroup=4+leftStride=4+rightStride=4+padding=zero+alignment=8+block=4x4x4+panel=4+diagonal=4+rhs=4+batch=1+variant=current-tile-v1+timing=raw-tile,jvm-scalar/scalar/scalar/packed-4x4,5,2,1,5,4138592,200197445,48.37332237630576,ns,ok,partial,raw-tile,50f1356ff734c61f359e46e821b0f580d6549e73,true,kotlin-2.4.10/jvm/Eclipse Adoptium/25.0.1/JMH 1.37/forks=1,1,3,200000000,right-solve-v1+4x4+triangular+uplo=L+diag=N,physical=4x4+leftLayout=depth-rows-v1+rightLayout=depth-columns-v1+leftGroup=4+rightGroup=4+leftStride=4+rightStride=4+padding=zero+alignment=8+block=4x4x4+panel=4+diagonal=4+rhs=4+batch=1+variant=current-tile-v1,tiles=1;leftDoubles=0;rightDoubles=0;outputDoubles=16;resetDoubles=16;scratchDoubles=0;triangleDoubles=16,jvm-scalar/portable-solve-v1/4x4,jmh-average-time-v1,200000000,1,1,score-times-operations
4,packed-trsm+3x2+triangular+physical=4x4+uplo=U+diag=U+work=right-solve-v1+leftLayout=depth-rows-v1+rightLayout=depth-columns-v1+leftGroup=4+rightGroup=4+leftStride=4+rightStride=4+padding=zero+alignment=8+block=3x2x2+panel=2+diagonal=2+rhs=3+batch=1+variant=current-tile-v1+timing=raw-tile,jvm-scalar/scalar/scalar/packed-4x4,5,2,1,1,16462136,200287709,12.166568724739001,ns,ok,partial,raw-tile,50f1356ff734c61f359e46e821b0f580d6549e73,true,kotlin-2.4.10/jvm/Eclipse Adoptium/25.0.1/JMH 1.37/forks=1,1,3,200000000,right-solve-v1+3x2+triangular+uplo=U+diag=U,physical=4x4+leftLayout=depth-rows-v1+rightLayout=depth-columns-v1+leftGroup=4+rightGroup=4+leftStride=4+rightStride=4+padding=zero+alignment=8+block=3x2x2+panel=2+diagonal=2+rhs=3+batch=1+variant=current-tile-v1,tiles=1;leftDoubles=0;rightDoubles=0;outputDoubles=16;resetDoubles=16;scratchDoubles=0;triangleDoubles=16,jvm-scalar/portable-solve-v1/4x4,jmh-average-time-v1,200000000,1,1,score-times-operations
4,packed-trsm+3x2+triangular+physical=4x4+uplo=U+diag=U+work=right-solve-v1+leftLayout=depth-rows-v1+rightLayout=depth-columns-v1+leftGroup=4+rightGroup=4+leftStride=4+rightStride=4+padding=zero+alignment=8+block=3x2x2+panel=2+diagonal=2+rhs=3+batch=1+variant=current-tile-v1+timing=raw-tile,jvm-scalar/scalar/scalar/packed-4x4,5,2,1,2,16548827,200257210,12.100991206204524,ns,ok,partial,raw-tile,50f1356ff734c61f359e46e821b0f580d6549e73,true,kotlin-2.4.10/jvm/Eclipse Adoptium/25.0.1/JMH 1.37/forks=1,1,3,200000000,right-solve-v1+3x2+triangular+uplo=U+diag=U,physical=4x4+leftLayout=depth-rows-v1+rightLayout=depth-columns-v1+leftGroup=4+rightGroup=4+leftStride=4+rightStride=4+padding=zero+alignment=8+block=3x2x2+panel=2+diagonal=2+rhs=3+batch=1+variant=current-tile-v1,tiles=1;leftDoubles=0;rightDoubles=0;outputDoubles=16;resetDoubles=16;scratchDoubles=0;triangleDoubles=16,jvm-scalar/portable-solve-v1/4x4,jmh-average-time-v1,200000000,1,1,score-times-operations
4,packed-trsm+3x2+triangular+physical=4x4+uplo=U+diag=U+work=right-solve-v1+leftLayout=depth-rows-v1+rightLayout=depth-columns-v1+leftGroup=4+rightGroup=4+leftStride=4+rightStride=4+padding=zero+alignment=8+block=3x2x2+panel=2+diagonal=2+rhs=3+batch=1+variant=current-tile-v1+timing=raw-tile,jvm-scalar/scalar/scalar/packed-4x4,5,2,1,3,16488460,200155114,12.139102984754185,ns,ok,partial,raw-tile,50f1356ff734c61f359e46e821b0f580d6549e73,true,kotlin-2.4.10/jvm/Eclipse Adoptium/25.0.1/JMH 1.37/forks=1,1,3,200000000,right-solve-v1+3x2+triangular+uplo=U+diag=U,physical=4x4+leftLayout=depth-rows-v1+rightLayout=depth-columns-v1+leftGroup=4+rightGroup=4+leftStride=4+rightStride=4+padding=zero+alignment=8+block=3x2x2+panel=2+diagonal=2+rhs=3+batch=1+variant=current-tile-v1,tiles=1;leftDoubles=0;rightDoubles=0;outputDoubles=16;resetDoubles=16;scratchDoubles=0;triangleDoubles=16,jvm-scalar/portable-solve-v1/4x4,jmh-average-time-v1,200000000,1,1,score-times-operations
4,packed-trsm+3x2+triangular+physical=4x4+uplo=U+diag=U+work=right-solve-v1+leftLayout=depth-rows-v1+rightLayout=depth-columns-v1+leftGroup=4+rightGroup=4+leftStride=4+rightStride=4+padding=zero+alignment=8+block=3x2x2+panel=2+diagonal=2+rhs=3+batch=1+variant=current-tile-v1+timing=raw-tile,jvm-scalar/scalar/scalar/packed-4x4,5,2,1,4,17150374,200214983,11.674088448450162,ns,ok,partial,raw-tile,50f1356ff734c61f359e46e821b0f580d6549e73,true,kotlin-2.4.10/jvm/Eclipse Adoptium/25.0.1/JMH 1.37/forks=1,1,3,200000000,right-solve-v1+3x2+triangular+uplo=U+diag=U,physical=4x4+leftLayout=depth-rows-v1+rightLayout=depth-columns-v1+leftGroup=4+rightGroup=4+leftStride=4+rightStride=4+padding=zero+alignment=8+block=3x2x2+panel=2+diagonal=2+rhs=3+batch=1+variant=current-tile-v1,tiles=1;leftDoubles=0;rightDoubles=0;outputDoubles=16;resetDoubles=16;scratchDoubles=0;triangleDoubles=16,jvm-scalar/portable-solve-v1/4x4,jmh-average-time-v1,200000000,1,1,score-times-operations
4,packed-trsm+3x2+triangular+physical=4x4+uplo=U+diag=U+work=right-solve-v1+leftLayout=depth-rows-v1+rightLayout=depth-columns-v1+leftGroup=4+rightGroup=4+leftStride=4+rightStride=4+padding=zero+alignment=8+block=3x2x2+panel=2+diagonal=2+rhs=3+batch=1+variant=current-tile-v1+timing=raw-tile,jvm-scalar/scalar/scalar/packed-4x4,5,2,1,5,14620122,200168405,13.691295120519515,ns,ok,partial,raw-tile,50f1356ff734c61f359e46e821b0f580d6549e73,true,kotlin-2.4.10/jvm/Eclipse Adoptium/25.0.1/JMH 1.37/forks=1,1,3,200000000,right-solve-v1+3x2+triangular+uplo=U+diag=U,physical=4x4+leftLayout=depth-rows-v1+rightLayout=depth-columns-v1+leftGroup=4+rightGroup=4+leftStride=4+rightStride=4+padding=zero+alignment=8+block=3x2x2+panel=2+diagonal=2+rhs=3+batch=1+variant=current-tile-v1,tiles=1;leftDoubles=0;rightDoubles=0;outputDoubles=16;resetDoubles=16;scratchDoubles=0;triangleDoubles=16,jvm-scalar/portable-solve-v1/4x4,jmh-average-time-v1,200000000,1,1,score-times-operations
4,gemm-trsm+4x4x32+triangular+physical=4x4+uplo=L+diag=N+work=update-solve-v1+leftLayout=depth-rows-v1+rightLayout=depth-columns-v1+leftGroup=4+rightGroup=4+leftStride=4+rightStride=4+padding=zero+alignment=8+block=4x4x32+panel=32+diagonal=4+rhs=4+batch=1+variant=current-tile-v1+timing=raw-tile,jvm-scalar/scalar/scalar/packed-4x4,5,2,1,1,767005,200119969,260.91090540478876,ns,ok,composed,raw-tile,50f1356ff734c61f359e46e821b0f580d6549e73,true,kotlin-2.4.10/jvm/Eclipse Adoptium/25.0.1/JMH 1.37/forks=1,1,3,200000000,update-solve-v1+4x4x32+triangular+uplo=L+diag=N,physical=4x4+leftLayout=depth-rows-v1+rightLayout=depth-columns-v1+leftGroup=4+rightGroup=4+leftStride=4+rightStride=4+padding=zero+alignment=8+block=4x4x32+panel=32+diagonal=4+rhs=4+batch=1+variant=current-tile-v1,tiles=1;leftDoubles=128;rightDoubles=128;outputDoubles=16;resetDoubles=16;scratchDoubles=0;triangleDoubles=16,jvm-scalar/portable-tile-v1/4x4,jmh-average-time-v1,200000000,1,1,score-times-operations
4,gemm-trsm+4x4x32+triangular+physical=4x4+uplo=L+diag=N+work=update-solve-v1+leftLayout=depth-rows-v1+rightLayout=depth-columns-v1+leftGroup=4+rightGroup=4+leftStride=4+rightStride=4+padding=zero+alignment=8+block=4x4x32+panel=32+diagonal=4+rhs=4+batch=1+variant=current-tile-v1+timing=raw-tile,jvm-scalar/scalar/scalar/packed-4x4,5,2,1,2,724572,200125613,276.1983805612141,ns,ok,composed,raw-tile,50f1356ff734c61f359e46e821b0f580d6549e73,true,kotlin-2.4.10/jvm/Eclipse Adoptium/25.0.1/JMH 1.37/forks=1,1,3,200000000,update-solve-v1+4x4x32+triangular+uplo=L+diag=N,physical=4x4+leftLayout=depth-rows-v1+rightLayout=depth-columns-v1+leftGroup=4+rightGroup=4+leftStride=4+rightStride=4+padding=zero+alignment=8+block=4x4x32+panel=32+diagonal=4+rhs=4+batch=1+variant=current-tile-v1,tiles=1;leftDoubles=128;rightDoubles=128;outputDoubles=16;resetDoubles=16;scratchDoubles=0;triangleDoubles=16,jvm-scalar/portable-tile-v1/4x4,jmh-average-time-v1,200000000,1,1,score-times-operations
4,gemm-trsm+4x4x32+triangular+physical=4x4+uplo=L+diag=N+work=update-solve-v1+leftLayout=depth-rows-v1+rightLayout=depth-columns-v1+leftGroup=4+rightGroup=4+leftStride=4+rightStride=4+padding=zero+alignment=8+block=4x4x32+panel=32+diagonal=4+rhs=4+batch=1+variant=current-tile-v1+timing=raw-tile,jvm-scalar/scalar/scalar/packed-4x4,5,2,1,3,694674,200123187,288.0821608409124,ns,ok,composed,raw-tile,50f1356ff734c61f359e46e821b0f580d6549e73,true,kotlin-2.4.10/jvm/Eclipse Adoptium/25.0.1/JMH 1.37/forks=1,1,3,200000000,update-solve-v1+4x4x32+triangular+uplo=L+diag=N,physical=4x4+leftLayout=depth-rows-v1+rightLayout=depth-columns-v1+leftGroup=4+rightGroup=4+leftStride=4+rightStride=4+padding=zero+alignment=8+block=4x4x32+panel=32+diagonal=4+rhs=4+batch=1+variant=current-tile-v1,tiles=1;leftDoubles=128;rightDoubles=128;outputDoubles=16;resetDoubles=16;scratchDoubles=0;triangleDoubles=16,jvm-scalar/portable-tile-v1/4x4,jmh-average-time-v1,200000000,1,1,score-times-operations
4,gemm-trsm+4x4x32+triangular+physical=4x4+uplo=L+diag=N+work=update-solve-v1+leftLayout=depth-rows-v1+rightLayout=depth-columns-v1+leftGroup=4+rightGroup=4+leftStride=4+rightStride=4+padding=zero+alignment=8+block=4x4x32+panel=32+diagonal=4+rhs=4+batch=1+variant=current-tile-v1+timing=raw-tile,jvm-scalar/scalar/scalar/packed-4x4,5,2,1,4,713175,200096890,280.571935359484,ns,ok,composed,raw-tile,50f1356ff734c61f359e46e821b0f580d6549e73,true,kotlin-2.4.10/jvm/Eclipse Adoptium/25.0.1/JMH 1.37/forks=1,1,3,200000000,update-solve-v1+4x4x32+triangular+uplo=L+diag=N,physical=4x4+leftLayout=depth-rows-v1+rightLayout=depth-columns-v1+leftGroup=4+rightGroup=4+leftStride=4+rightStride=4+padding=zero+alignment=8+block=4x4x32+panel=32+diagonal=4+rhs=4+batch=1+variant=current-tile-v1,tiles=1;leftDoubles=128;rightDoubles=128;outputDoubles=16;resetDoubles=16;scratchDoubles=0;triangleDoubles=16,jvm-scalar/portable-tile-v1/4x4,jmh-average-time-v1,200000000,1,1,score-times-operations
4,gemm-trsm+4x4x32+triangular+physical=4x4+uplo=L+diag=N+work=update-solve-v1+leftLayout=depth-rows-v1+rightLayout=depth-columns-v1+leftGroup=4+rightGroup=4+leftStride=4+rightStride=4+padding=zero+alignment=8+block=4x4x32+panel=32+diagonal=4+rhs=4+batch=1+variant=current-tile-v1+timing=raw-tile,jvm-scalar/scalar/scalar/packed-4x4,5,2,1,5,711305,200112250,281.3311448675322,ns,ok,composed,raw-tile,50f1356ff734c61f359e46e821b0f580d6549e73,true,kotlin-2.4.10/jvm/Eclipse Adoptium/25.0.1/JMH 1.37/forks=1,1,3,200000000,update-solve-v1+4x4x32+triangular+uplo=L+diag=N,physical=4x4+leftLayout=depth-rows-v1+rightLayout=depth-columns-v1+leftGroup=4+rightGroup=4+leftStride=4+rightStride=4+padding=zero+alignment=8+block=4x4x32+panel=32+diagonal=4+rhs=4+batch=1+variant=current-tile-v1,tiles=1;leftDoubles=128;rightDoubles=128;outputDoubles=16;resetDoubles=16;scratchDoubles=0;triangleDoubles=16,jvm-scalar/portable-tile-v1/4x4,jmh-average-time-v1,200000000,1,1,score-times-operations
4,gemm-trsm+3x2x31+triangular+physical=4x4+uplo=U+diag=U+work=update-solve-v1+leftLayout=depth-rows-v1+rightLayout=depth-columns-v1+leftGroup=4+rightGroup=4+leftStride=4+rightStride=4+padding=zero+alignment=8+block=3x2x31+panel=31+diagonal=2+rhs=3+batch=1+variant=current-tile-v1+timing=raw-tile,jvm-scalar/scalar/scalar/packed-4x4,5,2,1,1,1989723,200168864,100.60137215079688,ns,ok,composed,raw-tile,50f1356ff734c61f359e46e821b0f580d6549e73,true,kotlin-2.4.10/jvm/Eclipse Adoptium/25.0.1/JMH 1.37/forks=1,1,3,200000000,update-solve-v1+3x2x31+triangular+uplo=U+diag=U,physical=4x4+leftLayout=depth-rows-v1+rightLayout=depth-columns-v1+leftGroup=4+rightGroup=4+leftStride=4+rightStride=4+padding=zero+alignment=8+block=3x2x31+panel=31+diagonal=2+rhs=3+batch=1+variant=current-tile-v1,tiles=1;leftDoubles=124;rightDoubles=124;outputDoubles=16;resetDoubles=16;scratchDoubles=0;triangleDoubles=16,jvm-scalar/portable-tile-v1/4x4,jmh-average-time-v1,200000000,1,1,score-times-operations
4,gemm-trsm+3x2x31+triangular+physical=4x4+uplo=U+diag=U+work=update-solve-v1+leftLayout=depth-rows-v1+rightLayout=depth-columns-v1+leftGroup=4+rightGroup=4+leftStride=4+rightStride=4+padding=zero+alignment=8+block=3x2x31+panel=31+diagonal=2+rhs=3+batch=1+variant=current-tile-v1+timing=raw-tile,jvm-scalar/scalar/scalar/packed-4x4,5,2,1,2,2030398,200153590,98.5785003728333,ns,ok,composed,raw-tile,50f1356ff734c61f359e46e821b0f580d6549e73,true,kotlin-2.4.10/jvm/Eclipse Adoptium/25.0.1/JMH 1.37/forks=1,1,3,200000000,update-solve-v1+3x2x31+triangular+uplo=U+diag=U,physical=4x4+leftLayout=depth-rows-v1+rightLayout=depth-columns-v1+leftGroup=4+rightGroup=4+leftStride=4+rightStride=4+padding=zero+alignment=8+block=3x2x31+panel=31+diagonal=2+rhs=3+batch=1+variant=current-tile-v1,tiles=1;leftDoubles=124;rightDoubles=124;outputDoubles=16;resetDoubles=16;scratchDoubles=0;triangleDoubles=16,jvm-scalar/portable-tile-v1/4x4,jmh-average-time-v1,200000000,1,1,score-times-operations
4,gemm-trsm+3x2x31+triangular+physical=4x4+uplo=U+diag=U+work=update-solve-v1+leftLayout=depth-rows-v1+rightLayout=depth-columns-v1+leftGroup=4+rightGroup=4+leftStride=4+rightStride=4+padding=zero+alignment=8+block=3x2x31+panel=31+diagonal=2+rhs=3+batch=1+variant=current-tile-v1+timing=raw-tile,jvm-scalar/scalar/scalar/packed-4x4,5,2,1,3,1999854,200129503,100.0720567601435,ns,ok,composed,raw-tile,50f1356ff734c61f359e46e821b0f580d6549e73,true,kotlin-2.4.10/jvm/Eclipse Adoptium/25.0.1/JMH 1.37/forks=1,1,3,200000000,update-solve-v1+3x2x31+triangular+uplo=U+diag=U,physical=4x4+leftLayout=depth-rows-v1+rightLayout=depth-columns-v1+leftGroup=4+rightGroup=4+leftStride=4+rightStride=4+padding=zero+alignment=8+block=3x2x31+panel=31+diagonal=2+rhs=3+batch=1+variant=current-tile-v1,tiles=1;leftDoubles=124;rightDoubles=124;outputDoubles=16;resetDoubles=16;scratchDoubles=0;triangleDoubles=16,jvm-scalar/portable-tile-v1/4x4,jmh-average-time-v1,200000000,1,1,score-times-operations
4,gemm-trsm+3x2x31+triangular+physical=4x4+uplo=U+diag=U+work=update-solve-v1+leftLayout=depth-rows-v1+rightLayout=depth-columns-v1+leftGroup=4+rightGroup=4+leftStride=4+rightStride=4+padding=zero+alignment=8+block=3x2x31+panel=31+diagonal=2+rhs=3+batch=1+variant=current-tile-v1+timing=raw-tile,jvm-scalar/scalar/scalar/packed-4x4,5,2,1,4,2019261,200130736,99.11088066376759,ns,ok,composed,raw-tile,50f1356ff734c61f359e46e821b0f580d6549e73,true,kotlin-2.4.10/jvm/Eclipse Adoptium/25.0.1/JMH 1.37/forks=1,1,3,200000000,update-solve-v1+3x2x31+triangular+uplo=U+diag=U,physical=4x4+leftLayout=depth-rows-v1+rightLayout=depth-columns-v1+leftGroup=4+rightGroup=4+leftStride=4+rightStride=4+padding=zero+alignment=8+block=3x2x31+panel=31+diagonal=2+rhs=3+batch=1+variant=current-tile-v1,tiles=1;leftDoubles=124;rightDoubles=124;outputDoubles=16;resetDoubles=16;scratchDoubles=0;triangleDoubles=16,jvm-scalar/portable-tile-v1/4x4,jmh-average-time-v1,200000000,1,1,score-times-operations
4,gemm-trsm+3x2x31+triangular+physical=4x4+uplo=U+diag=U+work=update-solve-v1+leftLayout=depth-rows-v1+rightLayout=depth-columns-v1+leftGroup=4+rightGroup=4+leftStride=4+rightStride=4+padding=zero+alignment=8+block=3x2x31+panel=31+diagonal=2+rhs=3+batch=1+variant=current-tile-v1+timing=raw-tile,jvm-scalar/scalar/scalar/packed-4x4,5,2,1,5,2034877,200197425,98.38305951661943,ns,ok,composed,raw-tile,50f1356ff734c61f359e46e821b0f580d6549e73,true,kotlin-2.4.10/jvm/Eclipse Adoptium/25.0.1/JMH 1.37/forks=1,1,3,200000000,update-solve-v1+3x2x31+triangular+uplo=U+diag=U,physical=4x4+leftLayout=depth-rows-v1+rightLayout=depth-columns-v1+leftGroup=4+rightGroup=4+leftStride=4+rightStride=4+padding=zero+alignment=8+block=3x2x31+panel=31+diagonal=2+rhs=3+batch=1+variant=current-tile-v1,tiles=1;leftDoubles=124;rightDoubles=124;outputDoubles=16;resetDoubles=16;scratchDoubles=0;triangleDoubles=16,jvm-scalar/portable-tile-v1/4x4,jmh-average-time-v1,200000000,1,1,score-times-operations
4,gemm-tile+8x4x32+uniform+physical=8x4+work=gemm-add-v1+leftLayout=depth-rows-v1+rightLayout=depth-columns-v1+leftGroup=8+rightGroup=4+leftStride=8+rightStride=4+padding=zero+alignment=8+block=8x4x32+panel=32+diagonal=0+rhs=0+batch=1+variant=current-tile-v1+timing=raw-tile,jvm-scalar/scalar/scalar/packed-4x4,5,2,1,0,0,0,,ns,unsupported,unsupported,arithmetic,50f1356ff734c61f359e46e821b0f580d6549e73,true,kotlin-2.4.10/jvm/Eclipse Adoptium/25.0.1,1,3,200000000,gemm-add-v1+8x4x32+uniform,physical=8x4+leftLayout=depth-rows-v1+rightLayout=depth-columns-v1+leftGroup=8+rightGroup=4+leftStride=8+rightStride=4+padding=zero+alignment=8+block=8x4x32+panel=32+diagonal=0+rhs=0+batch=1+variant=current-tile-v1,tiles=1;leftDoubles=256;rightDoubles=128;outputDoubles=32;resetDoubles=32;scratchDoubles=0;triangleDoubles=0,unavailable,jmh-average-time-v1,200000000,0,1,score-times-operations
4,gemm-tile+7x2x31+uniform+physical=8x4+work=gemm-add-v1+leftLayout=depth-rows-v1+rightLayout=depth-columns-v1+leftGroup=8+rightGroup=4+leftStride=8+rightStride=4+padding=zero+alignment=8+block=7x2x31+panel=31+diagonal=0+rhs=0+batch=1+variant=current-tile-v1+timing=raw-tile,jvm-scalar/scalar/scalar/packed-4x4,5,2,1,0,0,0,,ns,unsupported,unsupported,arithmetic,50f1356ff734c61f359e46e821b0f580d6549e73,true,kotlin-2.4.10/jvm/Eclipse Adoptium/25.0.1,1,3,200000000,gemm-add-v1+7x2x31+uniform,physical=8x4+leftLayout=depth-rows-v1+rightLayout=depth-columns-v1+leftGroup=8+rightGroup=4+leftStride=8+rightStride=4+padding=zero+alignment=8+block=7x2x31+panel=31+diagonal=0+rhs=0+batch=1+variant=current-tile-v1,tiles=1;leftDoubles=248;rightDoubles=124;outputDoubles=32;resetDoubles=32;scratchDoubles=0;triangleDoubles=0,unavailable,jmh-average-time-v1,200000000,0,1,score-times-operations
4,packed-trsm+8x4+triangular+physical=8x4+uplo=L+diag=N+work=right-solve-v1+leftLayout=depth-rows-v1+rightLayout=depth-columns-v1+leftGroup=8+rightGroup=4+leftStride=8+rightStride=4+padding=zero+alignment=8+block=8x4x4+panel=4+diagonal=4+rhs=8+batch=1+variant=current-tile-v1+timing=raw-tile,jvm-scalar/scalar/scalar/packed-4x4,5,2,1,0,0,0,,ns,unsupported,unsupported,arithmetic,50f1356ff734c61f359e46e821b0f580d6549e73,true,kotlin-2.4.10/jvm/Eclipse Adoptium/25.0.1,1,3,200000000,right-solve-v1+8x4+triangular+uplo=L+diag=N,physical=8x4+leftLayout=depth-rows-v1+rightLayout=depth-columns-v1+leftGroup=8+rightGroup=4+leftStride=8+rightStride=4+padding=zero+alignment=8+block=8x4x4+panel=4+diagonal=4+rhs=8+batch=1+variant=current-tile-v1,tiles=1;leftDoubles=0;rightDoubles=0;outputDoubles=32;resetDoubles=32;scratchDoubles=0;triangleDoubles=16,unavailable,jmh-average-time-v1,200000000,0,1,score-times-operations
4,packed-trsm+7x2+triangular+physical=8x4+uplo=U+diag=U+work=right-solve-v1+leftLayout=depth-rows-v1+rightLayout=depth-columns-v1+leftGroup=8+rightGroup=4+leftStride=8+rightStride=4+padding=zero+alignment=8+block=7x2x2+panel=2+diagonal=2+rhs=7+batch=1+variant=current-tile-v1+timing=raw-tile,jvm-scalar/scalar/scalar/packed-4x4,5,2,1,0,0,0,,ns,unsupported,unsupported,arithmetic,50f1356ff734c61f359e46e821b0f580d6549e73,true,kotlin-2.4.10/jvm/Eclipse Adoptium/25.0.1,1,3,200000000,right-solve-v1+7x2+triangular+uplo=U+diag=U,physical=8x4+leftLayout=depth-rows-v1+rightLayout=depth-columns-v1+leftGroup=8+rightGroup=4+leftStride=8+rightStride=4+padding=zero+alignment=8+block=7x2x2+panel=2+diagonal=2+rhs=7+batch=1+variant=current-tile-v1,tiles=1;leftDoubles=0;rightDoubles=0;outputDoubles=32;resetDoubles=32;scratchDoubles=0;triangleDoubles=16,unavailable,jmh-average-time-v1,200000000,0,1,score-times-operations
4,gemm-trsm+8x4x32+triangular+physical=8x4+uplo=L+diag=N+work=update-solve-v1+leftLayout=depth-rows-v1+rightLayout=depth-columns-v1+leftGroup=8+rightGroup=4+leftStride=8+rightStride=4+padding=zero+alignment=8+block=8x4x32+panel=32+diagonal=4+rhs=8+batch=1+variant=current-tile-v1+timing=raw-tile,jvm-scalar/scalar/scalar/packed-4x4,5,2,1,0,0,0,,ns,unsupported,unsupported,arithmetic,50f1356ff734c61f359e46e821b0f580d6549e73,true,kotlin-2.4.10/jvm/Eclipse Adoptium/25.0.1,1,3,200000000,update-solve-v1+8x4x32+triangular+uplo=L+diag=N,physical=8x4+leftLayout=depth-rows-v1+rightLayout=depth-columns-v1+leftGroup=8+rightGroup=4+leftStride=8+rightStride=4+padding=zero+alignment=8+block=8x4x32+panel=32+diagonal=4+rhs=8+batch=1+variant=current-tile-v1,tiles=1;leftDoubles=256;rightDoubles=128;outputDoubles=32;resetDoubles=32;scratchDoubles=0;triangleDoubles=16,unavailable,jmh-average-time-v1,200000000,0,1,score-times-operations
4,gemm-trsm+7x2x31+triangular+physical=8x4+uplo=U+diag=U+work=update-solve-v1+leftLayout=depth-rows-v1+rightLayout=depth-columns-v1+leftGroup=8+rightGroup=4+leftStride=8+rightStride=4+padding=zero+alignment=8+block=7x2x31+panel=31+diagonal=2+rhs=7+batch=1+variant=current-tile-v1+timing=raw-tile,jvm-scalar/scalar/scalar/packed-4x4,5,2,1,0,0,0,,ns,unsupported,unsupported,arithmetic,50f1356ff734c61f359e46e821b0f580d6549e73,true,kotlin-2.4.10/jvm/Eclipse Adoptium/25.0.1,1,3,200000000,update-solve-v1+7x2x31+triangular+uplo=U+diag=U,physical=8x4+leftLayout=depth-rows-v1+rightLayout=depth-columns-v1+leftGroup=8+rightGroup=4+leftStride=8+rightStride=4+padding=zero+alignment=8+block=7x2x31+panel=31+diagonal=2+rhs=7+batch=1+variant=current-tile-v1,tiles=1;leftDoubles=248;rightDoubles=124;outputDoubles=32;resetDoubles=32;scratchDoubles=0;triangleDoubles=16,unavailable,jmh-average-time-v1,200000000,0,1,score-times-operations
4,pack-left+4x32+uniform+physical=4x4+work=pack-left-v1+leftLayout=depth-rows-v1+rightLayout=depth-columns-v1+leftGroup=4+rightGroup=4+leftStride=4+rightStride=4+padding=zero+alignment=8+block=4x32x32+panel=32+diagonal=0+rhs=0+batch=1+variant=current-tile-v1+timing=packing-only,jvm-scalar/scalar/scalar/packed-4x4,5,2,1,1,1315666,200268763,152.21854406817536,ns,ok,unsupported,packing-only,50f1356ff734c61f359e46e821b0f580d6549e73,true,kotlin-2.4.10/jvm/Eclipse Adoptium/25.0.1/JMH 1.37/forks=1,1,3,200000000,pack-left-v1+4x32+uniform,physical=4x4+leftLayout=depth-rows-v1+rightLayout=depth-columns-v1+leftGroup=4+rightGroup=4+leftStride=4+rightStride=4+padding=zero+alignment=8+block=4x32x32+panel=32+diagonal=0+rhs=0+batch=1+variant=current-tile-v1,panelDoubles=128,jvm-scalar/portable-layout-v1/4x4,jmh-average-time-v1,200000000,1,1,score-times-operations
4,pack-left+4x32+uniform+physical=4x4+work=pack-left-v1+leftLayout=depth-rows-v1+rightLayout=depth-columns-v1+leftGroup=4+rightGroup=4+leftStride=4+rightStride=4+padding=zero+alignment=8+block=4x32x32+panel=32+diagonal=0+rhs=0+batch=1+variant=current-tile-v1+timing=packing-only,jvm-scalar/scalar/scalar/packed-4x4,5,2,1,2,1337269,200160434,149.67851195234468,ns,ok,unsupported,packing-only,50f1356ff734c61f359e46e821b0f580d6549e73,true,kotlin-2.4.10/jvm/Eclipse Adoptium/25.0.1/JMH 1.37/forks=1,1,3,200000000,pack-left-v1+4x32+uniform,physical=4x4+leftLayout=depth-rows-v1+rightLayout=depth-columns-v1+leftGroup=4+rightGroup=4+leftStride=4+rightStride=4+padding=zero+alignment=8+block=4x32x32+panel=32+diagonal=0+rhs=0+batch=1+variant=current-tile-v1,panelDoubles=128,jvm-scalar/portable-layout-v1/4x4,jmh-average-time-v1,200000000,1,1,score-times-operations
4,pack-left+4x32+uniform+physical=4x4+work=pack-left-v1+leftLayout=depth-rows-v1+rightLayout=depth-columns-v1+leftGroup=4+rightGroup=4+leftStride=4+rightStride=4+padding=zero+alignment=8+block=4x32x32+panel=32+diagonal=0+rhs=0+batch=1+variant=current-tile-v1+timing=packing-only,jvm-scalar/scalar/scalar/packed-4x4,5,2,1,3,1307680,200269087,153.14839027896733,ns,ok,unsupported,packing-only,50f1356ff734c61f359e46e821b0f580d6549e73,true,kotlin-2.4.10/jvm/Eclipse Adoptium/25.0.1/JMH 1.37/forks=1,1,3,200000000,pack-left-v1+4x32+uniform,physical=4x4+leftLayout=depth-rows-v1+rightLayout=depth-columns-v1+leftGroup=4+rightGroup=4+leftStride=4+rightStride=4+padding=zero+alignment=8+block=4x32x32+panel=32+diagonal=0+rhs=0+batch=1+variant=current-tile-v1,panelDoubles=128,jvm-scalar/portable-layout-v1/4x4,jmh-average-time-v1,200000000,1,1,score-times-operations
4,pack-left+4x32+uniform+physical=4x4+work=pack-left-v1+leftLayout=depth-rows-v1+rightLayout=depth-columns-v1+leftGroup=4+rightGroup=4+leftStride=4+rightStride=4+padding=zero+alignment=8+block=4x32x32+panel=32+diagonal=0+rhs=0+batch=1+variant=current-tile-v1+timing=packing-only,jvm-scalar/scalar/scalar/packed-4x4,5,2,1,4,1325597,200159697,150.99588864488982,ns,ok,unsupported,packing-only,50f1356ff734c61f359e46e821b0f580d6549e73,true,kotlin-2.4.10/jvm/Eclipse Adoptium/25.0.1/JMH 1.37/forks=1,1,3,200000000,pack-left-v1+4x32+uniform,physical=4x4+leftLayout=depth-rows-v1+rightLayout=depth-columns-v1+leftGroup=4+rightGroup=4+leftStride=4+rightStride=4+padding=zero+alignment=8+block=4x32x32+panel=32+diagonal=0+rhs=0+batch=1+variant=current-tile-v1,panelDoubles=128,jvm-scalar/portable-layout-v1/4x4,jmh-average-time-v1,200000000,1,1,score-times-operations
4,pack-left+4x32+uniform+physical=4x4+work=pack-left-v1+leftLayout=depth-rows-v1+rightLayout=depth-columns-v1+leftGroup=4+rightGroup=4+leftStride=4+rightStride=4+padding=zero+alignment=8+block=4x32x32+panel=32+diagonal=0+rhs=0+batch=1+variant=current-tile-v1+timing=packing-only,jvm-scalar/scalar/scalar/packed-4x4,5,2,1,5,1227047,200116940,163.08824356361248,ns,ok,unsupported,packing-only,50f1356ff734c61f359e46e821b0f580d6549e73,true,kotlin-2.4.10/jvm/Eclipse Adoptium/25.0.1/JMH 1.37/forks=1,1,3,200000000,pack-left-v1+4x32+uniform,physical=4x4+leftLayout=depth-rows-v1+rightLayout=depth-columns-v1+leftGroup=4+rightGroup=4+leftStride=4+rightStride=4+padding=zero+alignment=8+block=4x32x32+panel=32+diagonal=0+rhs=0+batch=1+variant=current-tile-v1,panelDoubles=128,jvm-scalar/portable-layout-v1/4x4,jmh-average-time-v1,200000000,1,1,score-times-operations
4,pack-left+3x31+uniform+physical=4x4+work=pack-left-v1+leftLayout=depth-rows-v1+rightLayout=depth-columns-v1+leftGroup=4+rightGroup=4+leftStride=4+rightStride=4+padding=zero+alignment=8+block=3x31x31+panel=31+diagonal=0+rhs=0+batch=1+variant=current-tile-v1+timing=packing-only,jvm-scalar/scalar/scalar/packed-4x4,5,2,1,1,1255127,200220770,159.5223192553423,ns,ok,unsupported,packing-only,50f1356ff734c61f359e46e821b0f580d6549e73,true,kotlin-2.4.10/jvm/Eclipse Adoptium/25.0.1/JMH 1.37/forks=1,1,3,200000000,pack-left-v1+3x31+uniform,physical=4x4+leftLayout=depth-rows-v1+rightLayout=depth-columns-v1+leftGroup=4+rightGroup=4+leftStride=4+rightStride=4+padding=zero+alignment=8+block=3x31x31+panel=31+diagonal=0+rhs=0+batch=1+variant=current-tile-v1,panelDoubles=124,jvm-scalar/portable-layout-v1/4x4,jmh-average-time-v1,200000000,1,1,score-times-operations
4,pack-left+3x31+uniform+physical=4x4+work=pack-left-v1+leftLayout=depth-rows-v1+rightLayout=depth-columns-v1+leftGroup=4+rightGroup=4+leftStride=4+rightStride=4+padding=zero+alignment=8+block=3x31x31+panel=31+diagonal=0+rhs=0+batch=1+variant=current-tile-v1+timing=packing-only,jvm-scalar/scalar/scalar/packed-4x4,5,2,1,2,1258783,200183042,159.02903200948853,ns,ok,unsupported,packing-only,50f1356ff734c61f359e46e821b0f580d6549e73,true,kotlin-2.4.10/jvm/Eclipse Adoptium/25.0.1/JMH 1.37/forks=1,1,3,200000000,pack-left-v1+3x31+uniform,physical=4x4+leftLayout=depth-rows-v1+rightLayout=depth-columns-v1+leftGroup=4+rightGroup=4+leftStride=4+rightStride=4+padding=zero+alignment=8+block=3x31x31+panel=31+diagonal=0+rhs=0+batch=1+variant=current-tile-v1,panelDoubles=124,jvm-scalar/portable-layout-v1/4x4,jmh-average-time-v1,200000000,1,1,score-times-operations
4,pack-left+3x31+uniform+physical=4x4+work=pack-left-v1+leftLayout=depth-rows-v1+rightLayout=depth-columns-v1+leftGroup=4+rightGroup=4+leftStride=4+rightStride=4+padding=zero+alignment=8+block=3x31x31+panel=31+diagonal=0+rhs=0+batch=1+variant=current-tile-v1+timing=packing-only,jvm-scalar/scalar/scalar/packed-4x4,5,2,1,3,1260388,200175161,158.82026883784994,ns,ok,unsupported,packing-only,50f1356ff734c61f359e46e821b0f580d6549e73,true,kotlin-2.4.10/jvm/Eclipse Adoptium/25.0.1/JMH 1.37/forks=1,1,3,200000000,pack-left-v1+3x31+uniform,physical=4x4+leftLayout=depth-rows-v1+rightLayout=depth-columns-v1+leftGroup=4+rightGroup=4+leftStride=4+rightStride=4+padding=zero+alignment=8+block=3x31x31+panel=31+diagonal=0+rhs=0+batch=1+variant=current-tile-v1,panelDoubles=124,jvm-scalar/portable-layout-v1/4x4,jmh-average-time-v1,200000000,1,1,score-times-operations
4,pack-left+3x31+uniform+physical=4x4+work=pack-left-v1+leftLayout=depth-rows-v1+rightLayout=depth-columns-v1+leftGroup=4+rightGroup=4+leftStride=4+rightStride=4+padding=zero+alignment=8+block=3x31x31+panel=31+diagonal=0+rhs=0+batch=1+variant=current-tile-v1+timing=packing-only,jvm-scalar/scalar/scalar/packed-4x4,5,2,1,4,1235030,200145826,162.05746095236552,ns,ok,unsupported,packing-only,50f1356ff734c61f359e46e821b0f580d6549e73,true,kotlin-2.4.10/jvm/Eclipse Adoptium/25.0.1/JMH 1.37/forks=1,1,3,200000000,pack-left-v1+3x31+uniform,physical=4x4+leftLayout=depth-rows-v1+rightLayout=depth-columns-v1+leftGroup=4+rightGroup=4+leftStride=4+rightStride=4+padding=zero+alignment=8+block=3x31x31+panel=31+diagonal=0+rhs=0+batch=1+variant=current-tile-v1,panelDoubles=124,jvm-scalar/portable-layout-v1/4x4,jmh-average-time-v1,200000000,1,1,score-times-operations
4,pack-left+3x31+uniform+physical=4x4+work=pack-left-v1+leftLayout=depth-rows-v1+rightLayout=depth-columns-v1+leftGroup=4+rightGroup=4+leftStride=4+rightStride=4+padding=zero+alignment=8+block=3x31x31+panel=31+diagonal=0+rhs=0+batch=1+variant=current-tile-v1+timing=packing-only,jvm-scalar/scalar/scalar/packed-4x4,5,2,1,5,1263173,200145881,158.4469276971563,ns,ok,unsupported,packing-only,50f1356ff734c61f359e46e821b0f580d6549e73,true,kotlin-2.4.10/jvm/Eclipse Adoptium/25.0.1/JMH 1.37/forks=1,1,3,200000000,pack-left-v1+3x31+uniform,physical=4x4+leftLayout=depth-rows-v1+rightLayout=depth-columns-v1+leftGroup=4+rightGroup=4+leftStride=4+rightStride=4+padding=zero+alignment=8+block=3x31x31+panel=31+diagonal=0+rhs=0+batch=1+variant=current-tile-v1,panelDoubles=124,jvm-scalar/portable-layout-v1/4x4,jmh-average-time-v1,200000000,1,1,score-times-operations
4,pack-right+32x4+uniform+physical=4x4+work=pack-right-v1+leftLayout=depth-rows-v1+rightLayout=depth-columns-v1+leftGroup=4+rightGroup=4+leftStride=4+rightStride=4+padding=zero+alignment=8+block=32x4x32+panel=32+diagonal=0+rhs=0+batch=1+variant=current-tile-v1+timing=packing-only,jvm-scalar/scalar/scalar/packed-4x4,5,2,1,1,1516717,200160191,131.9693726647753,ns,ok,unsupported,packing-only,50f1356ff734c61f359e46e821b0f580d6549e73,true,kotlin-2.4.10/jvm/Eclipse Adoptium/25.0.1/JMH 1.37/forks=1,1,3,200000000,pack-right-v1+32x4+uniform,physical=4x4+leftLayout=depth-rows-v1+rightLayout=depth-columns-v1+leftGroup=4+rightGroup=4+leftStride=4+rightStride=4+padding=zero+alignment=8+block=32x4x32+panel=32+diagonal=0+rhs=0+batch=1+variant=current-tile-v1,panelDoubles=128,jvm-scalar/portable-layout-v1/4x4,jmh-average-time-v1,200000000,1,1,score-times-operations
4,pack-right+32x4+uniform+physical=4x4+work=pack-right-v1+leftLayout=depth-rows-v1+rightLayout=depth-columns-v1+leftGroup=4+rightGroup=4+leftStride=4+rightStride=4+padding=zero+alignment=8+block=32x4x32+panel=32+diagonal=0+rhs=0+batch=1+variant=current-tile-v1+timing=packing-only,jvm-scalar/scalar/scalar/packed-4x4,5,2,1,2,1512428,200157889,132.34209430134857,ns,ok,unsupported,packing-only,50f1356ff734c61f359e46e821b0f580d6549e73,true,kotlin-2.4.10/jvm/Eclipse Adoptium/25.0.1/JMH 1.37/forks=1,1,3,200000000,pack-right-v1+32x4+uniform,physical=4x4+leftLayout=depth-rows-v1+rightLayout=depth-columns-v1+leftGroup=4+rightGroup=4+leftStride=4+rightStride=4+padding=zero+alignment=8+block=32x4x32+panel=32+diagonal=0+rhs=0+batch=1+variant=current-tile-v1,panelDoubles=128,jvm-scalar/portable-layout-v1/4x4,jmh-average-time-v1,200000000,1,1,score-times-operations
4,pack-right+32x4+uniform+physical=4x4+work=pack-right-v1+leftLayout=depth-rows-v1+rightLayout=depth-columns-v1+leftGroup=4+rightGroup=4+leftStride=4+rightStride=4+padding=zero+alignment=8+block=32x4x32+panel=32+diagonal=0+rhs=0+batch=1+variant=current-tile-v1+timing=packing-only,jvm-scalar/scalar/scalar/packed-4x4,5,2,1,3,1502169,200159561,133.24703212488075,ns,ok,unsupported,packing-only,50f1356ff734c61f359e46e821b0f580d6549e73,true,kotlin-2.4.10/jvm/Eclipse Adoptium/25.0.1/JMH 1.37/forks=1,1,3,200000000,pack-right-v1+32x4+uniform,physical=4x4+leftLayout=depth-rows-v1+rightLayout=depth-columns-v1+leftGroup=4+rightGroup=4+leftStride=4+rightStride=4+padding=zero+alignment=8+block=32x4x32+panel=32+diagonal=0+rhs=0+batch=1+variant=current-tile-v1,panelDoubles=128,jvm-scalar/portable-layout-v1/4x4,jmh-average-time-v1,200000000,1,1,score-times-operations
4,pack-right+32x4+uniform+physical=4x4+work=pack-right-v1+leftLayout=depth-rows-v1+rightLayout=depth-columns-v1+leftGroup=4+rightGroup=4+leftStride=4+rightStride=4+padding=zero+alignment=8+block=32x4x32+panel=32+diagonal=0+rhs=0+batch=1+variant=current-tile-v1+timing=packing-only,jvm-scalar/scalar/scalar/packed-4x4,5,2,1,4,1181832,200166293,169.36949837201902,ns,ok,unsupported,packing-only,50f1356ff734c61f359e46e821b0f580d6549e73,true,kotlin-2.4.10/jvm/Eclipse Adoptium/25.0.1/JMH 1.37/forks=1,1,3,200000000,pack-right-v1+32x4+uniform,physical=4x4+leftLayout=depth-rows-v1+rightLayout=depth-columns-v1+leftGroup=4+rightGroup=4+leftStride=4+rightStride=4+padding=zero+alignment=8+block=32x4x32+panel=32+diagonal=0+rhs=0+batch=1+variant=current-tile-v1,panelDoubles=128,jvm-scalar/portable-layout-v1/4x4,jmh-average-time-v1,200000000,1,1,score-times-operations
4,pack-right+32x4+uniform+physical=4x4+work=pack-right-v1+leftLayout=depth-rows-v1+rightLayout=depth-columns-v1+leftGroup=4+rightGroup=4+leftStride=4+rightStride=4+padding=zero+alignment=8+block=32x4x32+panel=32+diagonal=0+rhs=0+batch=1+variant=current-tile-v1+timing=packing-only,jvm-scalar/scalar/scalar/packed-4x4,5,2,1,5,1191599,200166867,167.98173462716903,ns,ok,unsupported,packing-only,50f1356ff734c61f359e46e821b0f580d6549e73,true,kotlin-2.4.10/jvm/Eclipse Adoptium/25.0.1/JMH 1.37/forks=1,1,3,200000000,pack-right-v1+32x4+uniform,physical=4x4+leftLayout=depth-rows-v1+rightLayout=depth-columns-v1+leftGroup=4+rightGroup=4+leftStride=4+rightStride=4+padding=zero+alignment=8+block=32x4x32+panel=32+diagonal=0+rhs=0+batch=1+variant=current-tile-v1,panelDoubles=128,jvm-scalar/portable-layout-v1/4x4,jmh-average-time-v1,200000000,1,1,score-times-operations
4,pack-right+31x2+uniform+physical=4x4+work=pack-right-v1+leftLayout=depth-rows-v1+rightLayout=depth-columns-v1+leftGroup=4+rightGroup=4+leftStride=4+rightStride=4+padding=zero+alignment=8+block=31x2x31+panel=31+diagonal=0+rhs=0+batch=1+variant=current-tile-v1+timing=packing-only,jvm-scalar/scalar/scalar/packed-4x4,5,2,1,1,1510471,200290571,132.60140115235578,ns,ok,unsupported,packing-only,50f1356ff734c61f359e46e821b0f580d6549e73,true,kotlin-2.4.10/jvm/Eclipse Adoptium/25.0.1/JMH 1.37/forks=1,1,3,200000000,pack-right-v1+31x2+uniform,physical=4x4+leftLayout=depth-rows-v1+rightLayout=depth-columns-v1+leftGroup=4+rightGroup=4+leftStride=4+rightStride=4+padding=zero+alignment=8+block=31x2x31+panel=31+diagonal=0+rhs=0+batch=1+variant=current-tile-v1,panelDoubles=124,jvm-scalar/portable-layout-v1/4x4,jmh-average-time-v1,200000000,1,1,score-times-operations
4,pack-right+31x2+uniform+physical=4x4+work=pack-right-v1+leftLayout=depth-rows-v1+rightLayout=depth-columns-v1+leftGroup=4+rightGroup=4+leftStride=4+rightStride=4+padding=zero+alignment=8+block=31x2x31+panel=31+diagonal=0+rhs=0+batch=1+variant=current-tile-v1+timing=packing-only,jvm-scalar/scalar/scalar/packed-4x4,5,2,1,2,1522178,200179360,131.50850951728378,ns,ok,unsupported,packing-only,50f1356ff734c61f359e46e821b0f580d6549e73,true,kotlin-2.4.10/jvm/Eclipse Adoptium/25.0.1/JMH 1.37/forks=1,1,3,200000000,pack-right-v1+31x2+uniform,physical=4x4+leftLayout=depth-rows-v1+rightLayout=depth-columns-v1+leftGroup=4+rightGroup=4+leftStride=4+rightStride=4+padding=zero+alignment=8+block=31x2x31+panel=31+diagonal=0+rhs=0+batch=1+variant=current-tile-v1,panelDoubles=124,jvm-scalar/portable-layout-v1/4x4,jmh-average-time-v1,200000000,1,1,score-times-operations
4,pack-right+31x2+uniform+physical=4x4+work=pack-right-v1+leftLayout=depth-rows-v1+rightLayout=depth-columns-v1+leftGroup=4+rightGroup=4+leftStride=4+rightStride=4+padding=zero+alignment=8+block=31x2x31+panel=31+diagonal=0+rhs=0+batch=1+variant=current-tile-v1+timing=packing-only,jvm-scalar/scalar/scalar/packed-4x4,5,2,1,3,1344009,200199968,148.95731204180925,ns,ok,unsupported,packing-only,50f1356ff734c61f359e46e821b0f580d6549e73,true,kotlin-2.4.10/jvm/Eclipse Adoptium/25.0.1/JMH 1.37/forks=1,1,3,200000000,pack-right-v1+31x2+uniform,physical=4x4+leftLayout=depth-rows-v1+rightLayout=depth-columns-v1+leftGroup=4+rightGroup=4+leftStride=4+rightStride=4+padding=zero+alignment=8+block=31x2x31+panel=31+diagonal=0+rhs=0+batch=1+variant=current-tile-v1,panelDoubles=124,jvm-scalar/portable-layout-v1/4x4,jmh-average-time-v1,200000000,1,1,score-times-operations
4,pack-right+31x2+uniform+physical=4x4+work=pack-right-v1+leftLayout=depth-rows-v1+rightLayout=depth-columns-v1+leftGroup=4+rightGroup=4+leftStride=4+rightStride=4+padding=zero+alignment=8+block=31x2x31+panel=31+diagonal=0+rhs=0+batch=1+variant=current-tile-v1+timing=packing-only,jvm-scalar/scalar/scalar/packed-4x4,5,2,1,4,1370385,200229385,146.11177515807603,ns,ok,unsupported,packing-only,50f1356ff734c61f359e46e821b0f580d6549e73,true,kotlin-2.4.10/jvm/Eclipse Adoptium/25.0.1/JMH 1.37/forks=1,1,3,200000000,pack-right-v1+31x2+uniform,physical=4x4+leftLayout=depth-rows-v1+rightLayout=depth-columns-v1+leftGroup=4+rightGroup=4+leftStride=4+rightStride=4+padding=zero+alignment=8+block=31x2x31+panel=31+diagonal=0+rhs=0+batch=1+variant=current-tile-v1,panelDoubles=124,jvm-scalar/portable-layout-v1/4x4,jmh-average-time-v1,200000000,1,1,score-times-operations
4,pack-right+31x2+uniform+physical=4x4+work=pack-right-v1+leftLayout=depth-rows-v1+rightLayout=depth-columns-v1+leftGroup=4+rightGroup=4+leftStride=4+rightStride=4+padding=zero+alignment=8+block=31x2x31+panel=31+diagonal=0+rhs=0+batch=1+variant=current-tile-v1+timing=packing-only,jvm-scalar/scalar/scalar/packed-4x4,5,2,1,5,1434606,200204125,139.55338608649345,ns,ok,unsupported,packing-only,50f1356ff734c61f359e46e821b0f580d6549e73,true,kotlin-2.4.10/jvm/Eclipse Adoptium/25.0.1/JMH 1.37/forks=1,1,3,200000000,pack-right-v1+31x2+uniform,physical=4x4+leftLayout=depth-rows-v1+rightLayout=depth-columns-v1+leftGroup=4+rightGroup=4+leftStride=4+rightStride=4+padding=zero+alignment=8+block=31x2x31+panel=31+diagonal=0+rhs=0+batch=1+variant=current-tile-v1,panelDoubles=124,jvm-scalar/portable-layout-v1/4x4,jmh-average-time-v1,200000000,1,1,score-times-operations
4,pack-symmetric-left+4x4+uniform+physical=4x4+uplo=L+work=pack-symmetric-left-v1+leftLayout=depth-rows-v1+rightLayout=depth-columns-v1+leftGroup=4+rightGroup=4+leftStride=4+rightStride=4+padding=zero+alignment=8+block=4x4x4+panel=4+diagonal=0+rhs=0+batch=1+variant=current-tile-v1+timing=packing-only,jvm-scalar/scalar/scalar/packed-4x4,5,2,1,1,6301099,200098090,31.756061918722434,ns,ok,unsupported,packing-only,50f1356ff734c61f359e46e821b0f580d6549e73,true,kotlin-2.4.10/jvm/Eclipse Adoptium/25.0.1/JMH 1.37/forks=1,1,3,200000000,pack-symmetric-left-v1+4x4+uniform+uplo=L,physical=4x4+leftLayout=depth-rows-v1+rightLayout=depth-columns-v1+leftGroup=4+rightGroup=4+leftStride=4+rightStride=4+padding=zero+alignment=8+block=4x4x4+panel=4+diagonal=0+rhs=0+batch=1+variant=current-tile-v1,panelDoubles=16,jvm-scalar/portable-layout-v1/4x4,jmh-average-time-v1,200000000,1,1,score-times-operations
4,pack-symmetric-left+4x4+uniform+physical=4x4+uplo=L+work=pack-symmetric-left-v1+leftLayout=depth-rows-v1+rightLayout=depth-columns-v1+leftGroup=4+rightGroup=4+leftStride=4+rightStride=4+padding=zero+alignment=8+block=4x4x4+panel=4+diagonal=0+rhs=0+batch=1+variant=current-tile-v1+timing=packing-only,jvm-scalar/scalar/scalar/packed-4x4,5,2,1,2,6308761,200101477,31.718031004820123,ns,ok,unsupported,packing-only,50f1356ff734c61f359e46e821b0f580d6549e73,true,kotlin-2.4.10/jvm/Eclipse Adoptium/25.0.1/JMH 1.37/forks=1,1,3,200000000,pack-symmetric-left-v1+4x4+uniform+uplo=L,physical=4x4+leftLayout=depth-rows-v1+rightLayout=depth-columns-v1+leftGroup=4+rightGroup=4+leftStride=4+rightStride=4+padding=zero+alignment=8+block=4x4x4+panel=4+diagonal=0+rhs=0+batch=1+variant=current-tile-v1,panelDoubles=16,jvm-scalar/portable-layout-v1/4x4,jmh-average-time-v1,200000000,1,1,score-times-operations
4,pack-symmetric-left+4x4+uniform+physical=4x4+uplo=L+work=pack-symmetric-left-v1+leftLayout=depth-rows-v1+rightLayout=depth-columns-v1+leftGroup=4+rightGroup=4+leftStride=4+rightStride=4+padding=zero+alignment=8+block=4x4x4+panel=4+diagonal=0+rhs=0+batch=1+variant=current-tile-v1+timing=packing-only,jvm-scalar/scalar/scalar/packed-4x4,5,2,1,3,6370560,200092839,31.408987435955396,ns,ok,unsupported,packing-only,50f1356ff734c61f359e46e821b0f580d6549e73,true,kotlin-2.4.10/jvm/Eclipse Adoptium/25.0.1/JMH 1.37/forks=1,1,3,200000000,pack-symmetric-left-v1+4x4+uniform+uplo=L,physical=4x4+leftLayout=depth-rows-v1+rightLayout=depth-columns-v1+leftGroup=4+rightGroup=4+leftStride=4+rightStride=4+padding=zero+alignment=8+block=4x4x4+panel=4+diagonal=0+rhs=0+batch=1+variant=current-tile-v1,panelDoubles=16,jvm-scalar/portable-layout-v1/4x4,jmh-average-time-v1,200000000,1,1,score-times-operations
4,pack-symmetric-left+4x4+uniform+physical=4x4+uplo=L+work=pack-symmetric-left-v1+leftLayout=depth-rows-v1+rightLayout=depth-columns-v1+leftGroup=4+rightGroup=4+leftStride=4+rightStride=4+padding=zero+alignment=8+block=4x4x4+panel=4+diagonal=0+rhs=0+batch=1+variant=current-tile-v1+timing=packing-only,jvm-scalar/scalar/scalar/packed-4x4,5,2,1,4,6305893,200086435,31.73007137926381,ns,ok,unsupported,packing-only,50f1356ff734c61f359e46e821b0f580d6549e73,true,kotlin-2.4.10/jvm/Eclipse Adoptium/25.0.1/JMH 1.37/forks=1,1,3,200000000,pack-symmetric-left-v1+4x4+uniform+uplo=L,physical=4x4+leftLayout=depth-rows-v1+rightLayout=depth-columns-v1+leftGroup=4+rightGroup=4+leftStride=4+rightStride=4+padding=zero+alignment=8+block=4x4x4+panel=4+diagonal=0+rhs=0+batch=1+variant=current-tile-v1,panelDoubles=16,jvm-scalar/portable-layout-v1/4x4,jmh-average-time-v1,200000000,1,1,score-times-operations
4,pack-symmetric-left+4x4+uniform+physical=4x4+uplo=L+work=pack-symmetric-left-v1+leftLayout=depth-rows-v1+rightLayout=depth-columns-v1+leftGroup=4+rightGroup=4+leftStride=4+rightStride=4+padding=zero+alignment=8+block=4x4x4+panel=4+diagonal=0+rhs=0+batch=1+variant=current-tile-v1+timing=packing-only,jvm-scalar/scalar/scalar/packed-4x4,5,2,1,5,6334097,200084602,31.588496671269795,ns,ok,unsupported,packing-only,50f1356ff734c61f359e46e821b0f580d6549e73,true,kotlin-2.4.10/jvm/Eclipse Adoptium/25.0.1/JMH 1.37/forks=1,1,3,200000000,pack-symmetric-left-v1+4x4+uniform+uplo=L,physical=4x4+leftLayout=depth-rows-v1+rightLayout=depth-columns-v1+leftGroup=4+rightGroup=4+leftStride=4+rightStride=4+padding=zero+alignment=8+block=4x4x4+panel=4+diagonal=0+rhs=0+batch=1+variant=current-tile-v1,panelDoubles=16,jvm-scalar/portable-layout-v1/4x4,jmh-average-time-v1,200000000,1,1,score-times-operations
4,pack-symmetric-right+4x4+uniform+physical=4x4+uplo=U+work=pack-symmetric-right-v1+leftLayout=depth-rows-v1+rightLayout=depth-columns-v1+leftGroup=4+rightGroup=4+leftStride=4+rightStride=4+padding=zero+alignment=8+block=4x4x4+panel=4+diagonal=0+rhs=0+batch=1+variant=current-tile-v1+timing=packing-only,jvm-scalar/scalar/scalar/packed-4x4,5,2,1,1,5663362,200228743,35.35510232261332,ns,ok,unsupported,packing-only,50f1356ff734c61f359e46e821b0f580d6549e73,true,kotlin-2.4.10/jvm/Eclipse Adoptium/25.0.1/JMH 1.37/forks=1,1,3,200000000,pack-symmetric-right-v1+4x4+uniform+uplo=U,physical=4x4+leftLayout=depth-rows-v1+rightLayout=depth-columns-v1+leftGroup=4+rightGroup=4+leftStride=4+rightStride=4+padding=zero+alignment=8+block=4x4x4+panel=4+diagonal=0+rhs=0+batch=1+variant=current-tile-v1,panelDoubles=16,jvm-scalar/portable-layout-v1/4x4,jmh-average-time-v1,200000000,1,1,score-times-operations
4,pack-symmetric-right+4x4+uniform+physical=4x4+uplo=U+work=pack-symmetric-right-v1+leftLayout=depth-rows-v1+rightLayout=depth-columns-v1+leftGroup=4+rightGroup=4+leftStride=4+rightStride=4+padding=zero+alignment=8+block=4x4x4+panel=4+diagonal=0+rhs=0+batch=1+variant=current-tile-v1+timing=packing-only,jvm-scalar/scalar/scalar/packed-4x4,5,2,1,2,5687641,200212456,35.20131738272511,ns,ok,unsupported,packing-only,50f1356ff734c61f359e46e821b0f580d6549e73,true,kotlin-2.4.10/jvm/Eclipse Adoptium/25.0.1/JMH 1.37/forks=1,1,3,200000000,pack-symmetric-right-v1+4x4+uniform+uplo=U,physical=4x4+leftLayout=depth-rows-v1+rightLayout=depth-columns-v1+leftGroup=4+rightGroup=4+leftStride=4+rightStride=4+padding=zero+alignment=8+block=4x4x4+panel=4+diagonal=0+rhs=0+batch=1+variant=current-tile-v1,panelDoubles=16,jvm-scalar/portable-layout-v1/4x4,jmh-average-time-v1,200000000,1,1,score-times-operations
4,pack-symmetric-right+4x4+uniform+physical=4x4+uplo=U+work=pack-symmetric-right-v1+leftLayout=depth-rows-v1+rightLayout=depth-columns-v1+leftGroup=4+rightGroup=4+leftStride=4+rightStride=4+padding=zero+alignment=8+block=4x4x4+panel=4+diagonal=0+rhs=0+batch=1+variant=current-tile-v1+timing=packing-only,jvm-scalar/scalar/scalar/packed-4x4,5,2,1,3,5835941,200116088,34.29028634799427,ns,ok,unsupported,packing-only,50f1356ff734c61f359e46e821b0f580d6549e73,true,kotlin-2.4.10/jvm/Eclipse Adoptium/25.0.1/JMH 1.37/forks=1,1,3,200000000,pack-symmetric-right-v1+4x4+uniform+uplo=U,physical=4x4+leftLayout=depth-rows-v1+rightLayout=depth-columns-v1+leftGroup=4+rightGroup=4+leftStride=4+rightStride=4+padding=zero+alignment=8+block=4x4x4+panel=4+diagonal=0+rhs=0+batch=1+variant=current-tile-v1,panelDoubles=16,jvm-scalar/portable-layout-v1/4x4,jmh-average-time-v1,200000000,1,1,score-times-operations
4,pack-symmetric-right+4x4+uniform+physical=4x4+uplo=U+work=pack-symmetric-right-v1+leftLayout=depth-rows-v1+rightLayout=depth-columns-v1+leftGroup=4+rightGroup=4+leftStride=4+rightStride=4+padding=zero+alignment=8+block=4x4x4+panel=4+diagonal=0+rhs=0+batch=1+variant=current-tile-v1+timing=packing-only,jvm-scalar/scalar/scalar/packed-4x4,5,2,1,4,6326117,200094696,31.629939187024206,ns,ok,unsupported,packing-only,50f1356ff734c61f359e46e821b0f580d6549e73,true,kotlin-2.4.10/jvm/Eclipse Adoptium/25.0.1/JMH 1.37/forks=1,1,3,200000000,pack-symmetric-right-v1+4x4+uniform+uplo=U,physical=4x4+leftLayout=depth-rows-v1+rightLayout=depth-columns-v1+leftGroup=4+rightGroup=4+leftStride=4+rightStride=4+padding=zero+alignment=8+block=4x4x4+panel=4+diagonal=0+rhs=0+batch=1+variant=current-tile-v1,panelDoubles=16,jvm-scalar/portable-layout-v1/4x4,jmh-average-time-v1,200000000,1,1,score-times-operations
4,pack-symmetric-right+4x4+uniform+physical=4x4+uplo=U+work=pack-symmetric-right-v1+leftLayout=depth-rows-v1+rightLayout=depth-columns-v1+leftGroup=4+rightGroup=4+leftStride=4+rightStride=4+padding=zero+alignment=8+block=4x4x4+panel=4+diagonal=0+rhs=0+batch=1+variant=current-tile-v1+timing=packing-only,jvm-scalar/scalar/scalar/packed-4x4,5,2,1,5,6163523,200138312,32.471414806110076,ns,ok,unsupported,packing-only,50f1356ff734c61f359e46e821b0f580d6549e73,true,kotlin-2.4.10/jvm/Eclipse Adoptium/25.0.1/JMH 1.37/forks=1,1,3,200000000,pack-symmetric-right-v1+4x4+uniform+uplo=U,physical=4x4+leftLayout=depth-rows-v1+rightLayout=depth-columns-v1+leftGroup=4+rightGroup=4+leftStride=4+rightStride=4+padding=zero+alignment=8+block=4x4x4+panel=4+diagonal=0+rhs=0+batch=1+variant=current-tile-v1,panelDoubles=16,jvm-scalar/portable-layout-v1/4x4,jmh-average-time-v1,200000000,1,1,score-times-operations
4,pack-triangular-left+4x4+triangular+physical=4x4+uplo=L+diag=N+work=pack-triangular-left-v1+leftLayout=depth-rows-v1+rightLayout=depth-columns-v1+leftGroup=4+rightGroup=4+leftStride=4+rightStride=4+padding=zero+alignment=8+block=4x4x4+panel=4+diagonal=0+rhs=0+batch=1+variant=current-tile-v1+timing=packing-only,jvm-scalar/scalar/scalar/packed-4x4,5,2,1,1,4543665,200741219,44.18046202790038,ns,ok,unsupported,packing-only,50f1356ff734c61f359e46e821b0f580d6549e73,true,kotlin-2.4.10/jvm/Eclipse Adoptium/25.0.1/JMH 1.37/forks=1,1,3,200000000,pack-triangular-left-v1+4x4+triangular+uplo=L+diag=N,physical=4x4+leftLayout=depth-rows-v1+rightLayout=depth-columns-v1+leftGroup=4+rightGroup=4+leftStride=4+rightStride=4+padding=zero+alignment=8+block=4x4x4+panel=4+diagonal=0+rhs=0+batch=1+variant=current-tile-v1,panelDoubles=16,jvm-scalar/portable-layout-v1/4x4,jmh-average-time-v1,200000000,1,1,score-times-operations
4,pack-triangular-left+4x4+triangular+physical=4x4+uplo=L+diag=N+work=pack-triangular-left-v1+leftLayout=depth-rows-v1+rightLayout=depth-columns-v1+leftGroup=4+rightGroup=4+leftStride=4+rightStride=4+padding=zero+alignment=8+block=4x4x4+panel=4+diagonal=0+rhs=0+batch=1+variant=current-tile-v1+timing=packing-only,jvm-scalar/scalar/scalar/packed-4x4,5,2,1,2,2966880,204043304,68.7736962735264,ns,ok,unsupported,packing-only,50f1356ff734c61f359e46e821b0f580d6549e73,true,kotlin-2.4.10/jvm/Eclipse Adoptium/25.0.1/JMH 1.37/forks=1,1,3,200000000,pack-triangular-left-v1+4x4+triangular+uplo=L+diag=N,physical=4x4+leftLayout=depth-rows-v1+rightLayout=depth-columns-v1+leftGroup=4+rightGroup=4+leftStride=4+rightStride=4+padding=zero+alignment=8+block=4x4x4+panel=4+diagonal=0+rhs=0+batch=1+variant=current-tile-v1,panelDoubles=16,jvm-scalar/portable-layout-v1/4x4,jmh-average-time-v1,200000000,1,1,score-times-operations
4,pack-triangular-left+4x4+triangular+physical=4x4+uplo=L+diag=N+work=pack-triangular-left-v1+leftLayout=depth-rows-v1+rightLayout=depth-columns-v1+leftGroup=4+rightGroup=4+leftStride=4+rightStride=4+padding=zero+alignment=8+block=4x4x4+panel=4+diagonal=0+rhs=0+batch=1+variant=current-tile-v1+timing=packing-only,jvm-scalar/scalar/scalar/packed-4x4,5,2,1,3,2179914,200147620,91.81445690059333,ns,ok,unsupported,packing-only,50f1356ff734c61f359e46e821b0f580d6549e73,true,kotlin-2.4.10/jvm/Eclipse Adoptium/25.0.1/JMH 1.37/forks=1,1,3,200000000,pack-triangular-left-v1+4x4+triangular+uplo=L+diag=N,physical=4x4+leftLayout=depth-rows-v1+rightLayout=depth-columns-v1+leftGroup=4+rightGroup=4+leftStride=4+rightStride=4+padding=zero+alignment=8+block=4x4x4+panel=4+diagonal=0+rhs=0+batch=1+variant=current-tile-v1,panelDoubles=16,jvm-scalar/portable-layout-v1/4x4,jmh-average-time-v1,200000000,1,1,score-times-operations
4,pack-triangular-left+4x4+triangular+physical=4x4+uplo=L+diag=N+work=pack-triangular-left-v1+leftLayout=depth-rows-v1+rightLayout=depth-columns-v1+leftGroup=4+rightGroup=4+leftStride=4+rightStride=4+padding=zero+alignment=8+block=4x4x4+panel=4+diagonal=0+rhs=0+batch=1+variant=current-tile-v1+timing=packing-only,jvm-scalar/scalar/scalar/packed-4x4,5,2,1,4,4437037,200129808,45.10438114444391,ns,ok,unsupported,packing-only,50f1356ff734c61f359e46e821b0f580d6549e73,true,kotlin-2.4.10/jvm/Eclipse Adoptium/25.0.1/JMH 1.37/forks=1,1,3,200000000,pack-triangular-left-v1+4x4+triangular+uplo=L+diag=N,physical=4x4+leftLayout=depth-rows-v1+rightLayout=depth-columns-v1+leftGroup=4+rightGroup=4+leftStride=4+rightStride=4+padding=zero+alignment=8+block=4x4x4+panel=4+diagonal=0+rhs=0+batch=1+variant=current-tile-v1,panelDoubles=16,jvm-scalar/portable-layout-v1/4x4,jmh-average-time-v1,200000000,1,1,score-times-operations
4,pack-triangular-left+4x4+triangular+physical=4x4+uplo=L+diag=N+work=pack-triangular-left-v1+leftLayout=depth-rows-v1+rightLayout=depth-columns-v1+leftGroup=4+rightGroup=4+leftStride=4+rightStride=4+padding=zero+alignment=8+block=4x4x4+panel=4+diagonal=0+rhs=0+batch=1+variant=current-tile-v1+timing=packing-only,jvm-scalar/scalar/scalar/packed-4x4,5,2,1,5,3811399,200127174,52.507536996257805,ns,ok,unsupported,packing-only,50f1356ff734c61f359e46e821b0f580d6549e73,true,kotlin-2.4.10/jvm/Eclipse Adoptium/25.0.1/JMH 1.37/forks=1,1,3,200000000,pack-triangular-left-v1+4x4+triangular+uplo=L+diag=N,physical=4x4+leftLayout=depth-rows-v1+rightLayout=depth-columns-v1+leftGroup=4+rightGroup=4+leftStride=4+rightStride=4+padding=zero+alignment=8+block=4x4x4+panel=4+diagonal=0+rhs=0+batch=1+variant=current-tile-v1,panelDoubles=16,jvm-scalar/portable-layout-v1/4x4,jmh-average-time-v1,200000000,1,1,score-times-operations
4,pack-triangular-right+4x4+triangular+physical=4x4+uplo=U+diag=U+work=pack-triangular-right-v1+leftLayout=depth-rows-v1+rightLayout=depth-columns-v1+leftGroup=4+rightGroup=4+leftStride=4+rightStride=4+padding=zero+alignment=8+block=4x4x4+panel=4+diagonal=0+rhs=0+batch=1+variant=current-tile-v1+timing=packing-only,jvm-scalar/scalar/scalar/packed-4x4,5,2,1,1,3280604,200201510,61.02580805241961,ns,ok,unsupported,packing-only,50f1356ff734c61f359e46e821b0f580d6549e73,true,kotlin-2.4.10/jvm/Eclipse Adoptium/25.0.1/JMH 1.37/forks=1,1,3,200000000,pack-triangular-right-v1+4x4+triangular+uplo=U+diag=U,physical=4x4+leftLayout=depth-rows-v1+rightLayout=depth-columns-v1+leftGroup=4+rightGroup=4+leftStride=4+rightStride=4+padding=zero+alignment=8+block=4x4x4+panel=4+diagonal=0+rhs=0+batch=1+variant=current-tile-v1,panelDoubles=16,jvm-scalar/portable-layout-v1/4x4,jmh-average-time-v1,200000000,1,1,score-times-operations
4,pack-triangular-right+4x4+triangular+physical=4x4+uplo=U+diag=U+work=pack-triangular-right-v1+leftLayout=depth-rows-v1+rightLayout=depth-columns-v1+leftGroup=4+rightGroup=4+leftStride=4+rightStride=4+padding=zero+alignment=8+block=4x4x4+panel=4+diagonal=0+rhs=0+batch=1+variant=current-tile-v1+timing=packing-only,jvm-scalar/scalar/scalar/packed-4x4,5,2,1,2,2045495,200152224,97.85026313924014,ns,ok,unsupported,packing-only,50f1356ff734c61f359e46e821b0f580d6549e73,true,kotlin-2.4.10/jvm/Eclipse Adoptium/25.0.1/JMH 1.37/forks=1,1,3,200000000,pack-triangular-right-v1+4x4+triangular+uplo=U+diag=U,physical=4x4+leftLayout=depth-rows-v1+rightLayout=depth-columns-v1+leftGroup=4+rightGroup=4+leftStride=4+rightStride=4+padding=zero+alignment=8+block=4x4x4+panel=4+diagonal=0+rhs=0+batch=1+variant=current-tile-v1,panelDoubles=16,jvm-scalar/portable-layout-v1/4x4,jmh-average-time-v1,200000000,1,1,score-times-operations
4,pack-triangular-right+4x4+triangular+physical=4x4+uplo=U+diag=U+work=pack-triangular-right-v1+leftLayout=depth-rows-v1+rightLayout=depth-columns-v1+leftGroup=4+rightGroup=4+leftStride=4+rightStride=4+padding=zero+alignment=8+block=4x4x4+panel=4+diagonal=0+rhs=0+batch=1+variant=current-tile-v1+timing=packing-only,jvm-scalar/scalar/scalar/packed-4x4,5,2,1,3,3723497,200171511,53.75900960844067,ns,ok,unsupported,packing-only,50f1356ff734c61f359e46e821b0f580d6549e73,true,kotlin-2.4.10/jvm/Eclipse Adoptium/25.0.1/JMH 1.37/forks=1,1,3,200000000,pack-triangular-right-v1+4x4+triangular+uplo=U+diag=U,physical=4x4+leftLayout=depth-rows-v1+rightLayout=depth-columns-v1+leftGroup=4+rightGroup=4+leftStride=4+rightStride=4+padding=zero+alignment=8+block=4x4x4+panel=4+diagonal=0+rhs=0+batch=1+variant=current-tile-v1,panelDoubles=16,jvm-scalar/portable-layout-v1/4x4,jmh-average-time-v1,200000000,1,1,score-times-operations
4,pack-triangular-right+4x4+triangular+physical=4x4+uplo=U+diag=U+work=pack-triangular-right-v1+leftLayout=depth-rows-v1+rightLayout=depth-columns-v1+leftGroup=4+rightGroup=4+leftStride=4+rightStride=4+padding=zero+alignment=8+block=4x4x4+panel=4+diagonal=0+rhs=0+batch=1+variant=current-tile-v1+timing=packing-only,jvm-scalar/scalar/scalar/packed-4x4,5,2,1,4,1849019,200162991,108.25361502504842,ns,ok,unsupported,packing-only,50f1356ff734c61f359e46e821b0f580d6549e73,true,kotlin-2.4.10/jvm/Eclipse Adoptium/25.0.1/JMH 1.37/forks=1,1,3,200000000,pack-triangular-right-v1+4x4+triangular+uplo=U+diag=U,physical=4x4+leftLayout=depth-rows-v1+rightLayout=depth-columns-v1+leftGroup=4+rightGroup=4+leftStride=4+rightStride=4+padding=zero+alignment=8+block=4x4x4+panel=4+diagonal=0+rhs=0+batch=1+variant=current-tile-v1,panelDoubles=16,jvm-scalar/portable-layout-v1/4x4,jmh-average-time-v1,200000000,1,1,score-times-operations
4,pack-triangular-right+4x4+triangular+physical=4x4+uplo=U+diag=U+work=pack-triangular-right-v1+leftLayout=depth-rows-v1+rightLayout=depth-columns-v1+leftGroup=4+rightGroup=4+leftStride=4+rightStride=4+padding=zero+alignment=8+block=4x4x4+panel=4+diagonal=0+rhs=0+batch=1+variant=current-tile-v1+timing=packing-only,jvm-scalar/scalar/scalar/packed-4x4,5,2,1,5,1921374,200155206,104.17295435454004,ns,ok,unsupported,packing-only,50f1356ff734c61f359e46e821b0f580d6549e73,true,kotlin-2.4.10/jvm/Eclipse Adoptium/25.0.1/JMH 1.37/forks=1,1,3,200000000,pack-triangular-right-v1+4x4+triangular+uplo=U+diag=U,physical=4x4+leftLayout=depth-rows-v1+rightLayout=depth-columns-v1+leftGroup=4+rightGroup=4+leftStride=4+rightStride=4+padding=zero+alignment=8+block=4x4x4+panel=4+diagonal=0+rhs=0+batch=1+variant=current-tile-v1,panelDoubles=16,jvm-scalar/portable-layout-v1/4x4,jmh-average-time-v1,200000000,1,1,score-times-operations
4,write-left+3x31+uniform+physical=4x4+work=write-left-v1+leftLayout=depth-rows-v1+rightLayout=depth-columns-v1+leftGroup=4+rightGroup=4+leftStride=4+rightStride=4+padding=zero+alignment=8+block=3x31x31+panel=31+diagonal=0+rhs=0+batch=1+variant=current-tile-v1+timing=layout-only,jvm-scalar/scalar/scalar/packed-4x4,5,2,1,1,1303221,200154450,153.58442658612776,ns,ok,unsupported,layout-only,50f1356ff734c61f359e46e821b0f580d6549e73,true,kotlin-2.4.10/jvm/Eclipse Adoptium/25.0.1/JMH 1.37/forks=1,1,3,200000000,write-left-v1+3x31+uniform,physical=4x4+leftLayout=depth-rows-v1+rightLayout=depth-columns-v1+leftGroup=4+rightGroup=4+leftStride=4+rightStride=4+padding=zero+alignment=8+block=3x31x31+panel=31+diagonal=0+rhs=0+batch=1+variant=current-tile-v1,panelDoubles=124,jvm-scalar/portable-layout-v1/4x4,jmh-average-time-v1,200000000,1,1,score-times-operations
4,write-left+3x31+uniform+physical=4x4+work=write-left-v1+leftLayout=depth-rows-v1+rightLayout=depth-columns-v1+leftGroup=4+rightGroup=4+leftStride=4+rightStride=4+padding=zero+alignment=8+block=3x31x31+panel=31+diagonal=0+rhs=0+batch=1+variant=current-tile-v1+timing=layout-only,jvm-scalar/scalar/scalar/packed-4x4,5,2,1,2,1575733,200123462,127.0034085723914,ns,ok,unsupported,layout-only,50f1356ff734c61f359e46e821b0f580d6549e73,true,kotlin-2.4.10/jvm/Eclipse Adoptium/25.0.1/JMH 1.37/forks=1,1,3,200000000,write-left-v1+3x31+uniform,physical=4x4+leftLayout=depth-rows-v1+rightLayout=depth-columns-v1+leftGroup=4+rightGroup=4+leftStride=4+rightStride=4+padding=zero+alignment=8+block=3x31x31+panel=31+diagonal=0+rhs=0+batch=1+variant=current-tile-v1,panelDoubles=124,jvm-scalar/portable-layout-v1/4x4,jmh-average-time-v1,200000000,1,1,score-times-operations
4,write-left+3x31+uniform+physical=4x4+work=write-left-v1+leftLayout=depth-rows-v1+rightLayout=depth-columns-v1+leftGroup=4+rightGroup=4+leftStride=4+rightStride=4+padding=zero+alignment=8+block=3x31x31+panel=31+diagonal=0+rhs=0+batch=1+variant=current-tile-v1+timing=layout-only,jvm-scalar/scalar/scalar/packed-4x4,5,2,1,3,1226594,200146042,163.17220041839434,ns,ok,unsupported,layout-only,50f1356ff734c61f359e46e821b0f580d6549e73,true,kotlin-2.4.10/jvm/Eclipse Adoptium/25.0.1/JMH 1.37/forks=1,1,3,200000000,write-left-v1+3x31+uniform,physical=4x4+leftLayout=depth-rows-v1+rightLayout=depth-columns-v1+leftGroup=4+rightGroup=4+leftStride=4+rightStride=4+padding=zero+alignment=8+block=3x31x31+panel=31+diagonal=0+rhs=0+batch=1+variant=current-tile-v1,panelDoubles=124,jvm-scalar/portable-layout-v1/4x4,jmh-average-time-v1,200000000,1,1,score-times-operations
4,write-left+3x31+uniform+physical=4x4+work=write-left-v1+leftLayout=depth-rows-v1+rightLayout=depth-columns-v1+leftGroup=4+rightGroup=4+leftStride=4+rightStride=4+padding=zero+alignment=8+block=3x31x31+panel=31+diagonal=0+rhs=0+batch=1+variant=current-tile-v1+timing=layout-only,jvm-scalar/scalar/scalar/packed-4x4,5,2,1,4,898018,204109070,227.2883951101203,ns,ok,unsupported,layout-only,50f1356ff734c61f359e46e821b0f580d6549e73,true,kotlin-2.4.10/jvm/Eclipse Adoptium/25.0.1/JMH 1.37/forks=1,1,3,200000000,write-left-v1+3x31+uniform,physical=4x4+leftLayout=depth-rows-v1+rightLayout=depth-columns-v1+leftGroup=4+rightGroup=4+leftStride=4+rightStride=4+padding=zero+alignment=8+block=3x31x31+panel=31+diagonal=0+rhs=0+batch=1+variant=current-tile-v1,panelDoubles=124,jvm-scalar/portable-layout-v1/4x4,jmh-average-time-v1,200000000,1,1,score-times-operations
4,write-left+3x31+uniform+physical=4x4+work=write-left-v1+leftLayout=depth-rows-v1+rightLayout=depth-columns-v1+leftGroup=4+rightGroup=4+leftStride=4+rightStride=4+padding=zero+alignment=8+block=3x31x31+panel=31+diagonal=0+rhs=0+batch=1+variant=current-tile-v1+timing=layout-only,jvm-scalar/scalar/scalar/packed-4x4,5,2,1,5,878011,200117575,227.9214895940939,ns,ok,unsupported,layout-only,50f1356ff734c61f359e46e821b0f580d6549e73,true,kotlin-2.4.10/jvm/Eclipse Adoptium/25.0.1/JMH 1.37/forks=1,1,3,200000000,write-left-v1+3x31+uniform,physical=4x4+leftLayout=depth-rows-v1+rightLayout=depth-columns-v1+leftGroup=4+rightGroup=4+leftStride=4+rightStride=4+padding=zero+alignment=8+block=3x31x31+panel=31+diagonal=0+rhs=0+batch=1+variant=current-tile-v1,panelDoubles=124,jvm-scalar/portable-layout-v1/4x4,jmh-average-time-v1,200000000,1,1,score-times-operations
4,write-left+4x32+uniform+physical=4x4+work=write-left-v1+leftLayout=depth-rows-v1+rightLayout=depth-columns-v1+leftGroup=4+rightGroup=4+leftStride=4+rightStride=4+padding=zero+alignment=8+block=4x32x32+panel=32+diagonal=0+rhs=0+batch=1+variant=current-tile-v1+timing=layout-only,jvm-scalar/scalar/scalar/packed-4x4,5,2,1,1,1118180,200125505,178.9743198769429,ns,ok,unsupported,layout-only,50f1356ff734c61f359e46e821b0f580d6549e73,true,kotlin-2.4.10/jvm/Eclipse Adoptium/25.0.1/JMH 1.37/forks=1,1,3,200000000,write-left-v1+4x32+uniform,physical=4x4+leftLayout=depth-rows-v1+rightLayout=depth-columns-v1+leftGroup=4+rightGroup=4+leftStride=4+rightStride=4+padding=zero+alignment=8+block=4x32x32+panel=32+diagonal=0+rhs=0+batch=1+variant=current-tile-v1,panelDoubles=128,jvm-scalar/portable-layout-v1/4x4,jmh-average-time-v1,200000000,1,1,score-times-operations
4,write-left+4x32+uniform+physical=4x4+work=write-left-v1+leftLayout=depth-rows-v1+rightLayout=depth-columns-v1+leftGroup=4+rightGroup=4+leftStride=4+rightStride=4+padding=zero+alignment=8+block=4x32x32+panel=32+diagonal=0+rhs=0+batch=1+variant=current-tile-v1+timing=layout-only,jvm-scalar/scalar/scalar/packed-4x4,5,2,1,2,1280134,200164680,156.36228707307203,ns,ok,unsupported,layout-only,50f1356ff734c61f359e46e821b0f580d6549e73,true,kotlin-2.4.10/jvm/Eclipse Adoptium/25.0.1/JMH 1.37/forks=1,1,3,200000000,write-left-v1+4x32+uniform,physical=4x4+leftLayout=depth-rows-v1+rightLayout=depth-columns-v1+leftGroup=4+rightGroup=4+leftStride=4+rightStride=4+padding=zero+alignment=8+block=4x32x32+panel=32+diagonal=0+rhs=0+batch=1+variant=current-tile-v1,panelDoubles=128,jvm-scalar/portable-layout-v1/4x4,jmh-average-time-v1,200000000,1,1,score-times-operations
4,write-left+4x32+uniform+physical=4x4+work=write-left-v1+leftLayout=depth-rows-v1+rightLayout=depth-columns-v1+leftGroup=4+rightGroup=4+leftStride=4+rightStride=4+padding=zero+alignment=8+block=4x32x32+panel=32+diagonal=0+rhs=0+batch=1+variant=current-tile-v1+timing=layout-only,jvm-scalar/scalar/scalar/packed-4x4,5,2,1,3,1379033,200146618,145.13548116687562,ns,ok,unsupported,layout-only,50f1356ff734c61f359e46e821b0f580d6549e73,true,kotlin-2.4.10/jvm/Eclipse Adoptium/25.0.1/JMH 1.37/forks=1,1,3,200000000,write-left-v1+4x32+uniform,physical=4x4+leftLayout=depth-rows-v1+rightLayout=depth-columns-v1+leftGroup=4+rightGroup=4+leftStride=4+rightStride=4+padding=zero+alignment=8+block=4x32x32+panel=32+diagonal=0+rhs=0+batch=1+variant=current-tile-v1,panelDoubles=128,jvm-scalar/portable-layout-v1/4x4,jmh-average-time-v1,200000000,1,1,score-times-operations
4,write-left+4x32+uniform+physical=4x4+work=write-left-v1+leftLayout=depth-rows-v1+rightLayout=depth-columns-v1+leftGroup=4+rightGroup=4+leftStride=4+rightStride=4+padding=zero+alignment=8+block=4x32x32+panel=32+diagonal=0+rhs=0+batch=1+variant=current-tile-v1+timing=layout-only,jvm-scalar/scalar/scalar/packed-4x4,5,2,1,4,679590,200157722,294.5271737371062,ns,ok,unsupported,layout-only,50f1356ff734c61f359e46e821b0f580d6549e73,true,kotlin-2.4.10/jvm/Eclipse Adoptium/25.0.1/JMH 1.37/forks=1,1,3,200000000,write-left-v1+4x32+uniform,physical=4x4+leftLayout=depth-rows-v1+rightLayout=depth-columns-v1+leftGroup=4+rightGroup=4+leftStride=4+rightStride=4+padding=zero+alignment=8+block=4x32x32+panel=32+diagonal=0+rhs=0+batch=1+variant=current-tile-v1,panelDoubles=128,jvm-scalar/portable-layout-v1/4x4,jmh-average-time-v1,200000000,1,1,score-times-operations
4,write-left+4x32+uniform+physical=4x4+work=write-left-v1+leftLayout=depth-rows-v1+rightLayout=depth-columns-v1+leftGroup=4+rightGroup=4+leftStride=4+rightStride=4+padding=zero+alignment=8+block=4x32x32+panel=32+diagonal=0+rhs=0+batch=1+variant=current-tile-v1+timing=layout-only,jvm-scalar/scalar/scalar/packed-4x4,5,2,1,5,679258,200152951,294.66410553869076,ns,ok,unsupported,layout-only,50f1356ff734c61f359e46e821b0f580d6549e73,true,kotlin-2.4.10/jvm/Eclipse Adoptium/25.0.1/JMH 1.37/forks=1,1,3,200000000,write-left-v1+4x32+uniform,physical=4x4+leftLayout=depth-rows-v1+rightLayout=depth-columns-v1+leftGroup=4+rightGroup=4+leftStride=4+rightStride=4+padding=zero+alignment=8+block=4x32x32+panel=32+diagonal=0+rhs=0+batch=1+variant=current-tile-v1,panelDoubles=128,jvm-scalar/portable-layout-v1/4x4,jmh-average-time-v1,200000000,1,1,score-times-operations
4,write-right+31x2+uniform+physical=4x4+work=write-right-v1+leftLayout=depth-rows-v1+rightLayout=depth-columns-v1+leftGroup=4+rightGroup=4+leftStride=4+rightStride=4+padding=zero+alignment=8+block=31x2x31+panel=31+diagonal=0+rhs=0+batch=1+variant=current-tile-v1+timing=layout-only,jvm-scalar/scalar/scalar/packed-4x4,5,2,1,1,728756,200596275,275.25848843783103,ns,ok,unsupported,layout-only,50f1356ff734c61f359e46e821b0f580d6549e73,true,kotlin-2.4.10/jvm/Eclipse Adoptium/25.0.1/JMH 1.37/forks=1,1,3,200000000,write-right-v1+31x2+uniform,physical=4x4+leftLayout=depth-rows-v1+rightLayout=depth-columns-v1+leftGroup=4+rightGroup=4+leftStride=4+rightStride=4+padding=zero+alignment=8+block=31x2x31+panel=31+diagonal=0+rhs=0+batch=1+variant=current-tile-v1,panelDoubles=124,jvm-scalar/portable-layout-v1/4x4,jmh-average-time-v1,200000000,1,1,score-times-operations
4,write-right+31x2+uniform+physical=4x4+work=write-right-v1+leftLayout=depth-rows-v1+rightLayout=depth-columns-v1+leftGroup=4+rightGroup=4+leftStride=4+rightStride=4+padding=zero+alignment=8+block=31x2x31+panel=31+diagonal=0+rhs=0+batch=1+variant=current-tile-v1+timing=layout-only,jvm-scalar/scalar/scalar/packed-4x4,5,2,1,2,878813,200288382,227.90785070316437,ns,ok,unsupported,layout-only,50f1356ff734c61f359e46e821b0f580d6549e73,true,kotlin-2.4.10/jvm/Eclipse Adoptium/25.0.1/JMH 1.37/forks=1,1,3,200000000,write-right-v1+31x2+uniform,physical=4x4+leftLayout=depth-rows-v1+rightLayout=depth-columns-v1+leftGroup=4+rightGroup=4+leftStride=4+rightStride=4+padding=zero+alignment=8+block=31x2x31+panel=31+diagonal=0+rhs=0+batch=1+variant=current-tile-v1,panelDoubles=124,jvm-scalar/portable-layout-v1/4x4,jmh-average-time-v1,200000000,1,1,score-times-operations
4,write-right+31x2+uniform+physical=4x4+work=write-right-v1+leftLayout=depth-rows-v1+rightLayout=depth-columns-v1+leftGroup=4+rightGroup=4+leftStride=4+rightStride=4+padding=zero+alignment=8+block=31x2x31+panel=31+diagonal=0+rhs=0+batch=1+variant=current-tile-v1+timing=layout-only,jvm-scalar/scalar/scalar/packed-4x4,5,2,1,3,973629,200164560,205.58607025879468,ns,ok,unsupported,layout-only,50f1356ff734c61f359e46e821b0f580d6549e73,true,kotlin-2.4.10/jvm/Eclipse Adoptium/25.0.1/JMH 1.37/forks=1,1,3,200000000,write-right-v1+31x2+uniform,physical=4x4+leftLayout=depth-rows-v1+rightLayout=depth-columns-v1+leftGroup=4+rightGroup=4+leftStride=4+rightStride=4+padding=zero+alignment=8+block=31x2x31+panel=31+diagonal=0+rhs=0+batch=1+variant=current-tile-v1,panelDoubles=124,jvm-scalar/portable-layout-v1/4x4,jmh-average-time-v1,200000000,1,1,score-times-operations
4,write-right+31x2+uniform+physical=4x4+work=write-right-v1+leftLayout=depth-rows-v1+rightLayout=depth-columns-v1+leftGroup=4+rightGroup=4+leftStride=4+rightStride=4+padding=zero+alignment=8+block=31x2x31+panel=31+diagonal=0+rhs=0+batch=1+variant=current-tile-v1+timing=layout-only,jvm-scalar/scalar/scalar/packed-4x4,5,2,1,4,1186574,200714790,169.1548862523534,ns,ok,unsupported,layout-only,50f1356ff734c61f359e46e821b0f580d6549e73,true,kotlin-2.4.10/jvm/Eclipse Adoptium/25.0.1/JMH 1.37/forks=1,1,3,200000000,write-right-v1+31x2+uniform,physical=4x4+leftLayout=depth-rows-v1+rightLayout=depth-columns-v1+leftGroup=4+rightGroup=4+leftStride=4+rightStride=4+padding=zero+alignment=8+block=31x2x31+panel=31+diagonal=0+rhs=0+batch=1+variant=current-tile-v1,panelDoubles=124,jvm-scalar/portable-layout-v1/4x4,jmh-average-time-v1,200000000,1,1,score-times-operations
4,write-right+31x2+uniform+physical=4x4+work=write-right-v1+leftLayout=depth-rows-v1+rightLayout=depth-columns-v1+leftGroup=4+rightGroup=4+leftStride=4+rightStride=4+padding=zero+alignment=8+block=31x2x31+panel=31+diagonal=0+rhs=0+batch=1+variant=current-tile-v1+timing=layout-only,jvm-scalar/scalar/scalar/packed-4x4,5,2,1,5,975126,200148231,205.25371182800993,ns,ok,unsupported,layout-only,50f1356ff734c61f359e46e821b0f580d6549e73,true,kotlin-2.4.10/jvm/Eclipse Adoptium/25.0.1/JMH 1.37/forks=1,1,3,200000000,write-right-v1+31x2+uniform,physical=4x4+leftLayout=depth-rows-v1+rightLayout=depth-columns-v1+leftGroup=4+rightGroup=4+leftStride=4+rightStride=4+padding=zero+alignment=8+block=31x2x31+panel=31+diagonal=0+rhs=0+batch=1+variant=current-tile-v1,panelDoubles=124,jvm-scalar/portable-layout-v1/4x4,jmh-average-time-v1,200000000,1,1,score-times-operations
4,write-right+32x4+uniform+physical=4x4+work=write-right-v1+leftLayout=depth-rows-v1+rightLayout=depth-columns-v1+leftGroup=4+rightGroup=4+leftStride=4+rightStride=4+padding=zero+alignment=8+block=32x4x32+panel=32+diagonal=0+rhs=0+batch=1+variant=current-tile-v1+timing=layout-only,jvm-scalar/scalar/scalar/packed-4x4,5,2,1,1,948026,200192353,211.16757662764525,ns,ok,unsupported,layout-only,50f1356ff734c61f359e46e821b0f580d6549e73,true,kotlin-2.4.10/jvm/Eclipse Adoptium/25.0.1/JMH 1.37/forks=1,1,3,200000000,write-right-v1+32x4+uniform,physical=4x4+leftLayout=depth-rows-v1+rightLayout=depth-columns-v1+leftGroup=4+rightGroup=4+leftStride=4+rightStride=4+padding=zero+alignment=8+block=32x4x32+panel=32+diagonal=0+rhs=0+batch=1+variant=current-tile-v1,panelDoubles=128,jvm-scalar/portable-layout-v1/4x4,jmh-average-time-v1,200000000,1,1,score-times-operations
4,write-right+32x4+uniform+physical=4x4+work=write-right-v1+leftLayout=depth-rows-v1+rightLayout=depth-columns-v1+leftGroup=4+rightGroup=4+leftStride=4+rightStride=4+padding=zero+alignment=8+block=32x4x32+panel=32+diagonal=0+rhs=0+batch=1+variant=current-tile-v1+timing=layout-only,jvm-scalar/scalar/scalar/packed-4x4,5,2,1,2,669840,200198029,298.87440134957603,ns,ok,unsupported,layout-only,50f1356ff734c61f359e46e821b0f580d6549e73,true,kotlin-2.4.10/jvm/Eclipse Adoptium/25.0.1/JMH 1.37/forks=1,1,3,200000000,write-right-v1+32x4+uniform,physical=4x4+leftLayout=depth-rows-v1+rightLayout=depth-columns-v1+leftGroup=4+rightGroup=4+leftStride=4+rightStride=4+padding=zero+alignment=8+block=32x4x32+panel=32+diagonal=0+rhs=0+batch=1+variant=current-tile-v1,panelDoubles=128,jvm-scalar/portable-layout-v1/4x4,jmh-average-time-v1,200000000,1,1,score-times-operations
4,write-right+32x4+uniform+physical=4x4+work=write-right-v1+leftLayout=depth-rows-v1+rightLayout=depth-columns-v1+leftGroup=4+rightGroup=4+leftStride=4+rightStride=4+padding=zero+alignment=8+block=32x4x32+panel=32+diagonal=0+rhs=0+batch=1+variant=current-tile-v1+timing=layout-only,jvm-scalar/scalar/scalar/packed-4x4,5,2,1,3,946191,200195261,211.58017884338364,ns,ok,unsupported,layout-only,50f1356ff734c61f359e46e821b0f580d6549e73,true,kotlin-2.4.10/jvm/Eclipse Adoptium/25.0.1/JMH 1.37/forks=1,1,3,200000000,write-right-v1+32x4+uniform,physical=4x4+leftLayout=depth-rows-v1+rightLayout=depth-columns-v1+leftGroup=4+rightGroup=4+leftStride=4+rightStride=4+padding=zero+alignment=8+block=32x4x32+panel=32+diagonal=0+rhs=0+batch=1+variant=current-tile-v1,panelDoubles=128,jvm-scalar/portable-layout-v1/4x4,jmh-average-time-v1,200000000,1,1,score-times-operations
4,write-right+32x4+uniform+physical=4x4+work=write-right-v1+leftLayout=depth-rows-v1+rightLayout=depth-columns-v1+leftGroup=4+rightGroup=4+leftStride=4+rightStride=4+padding=zero+alignment=8+block=32x4x32+panel=32+diagonal=0+rhs=0+batch=1+variant=current-tile-v1+timing=layout-only,jvm-scalar/scalar/scalar/packed-4x4,5,2,1,4,550713,200145306,363.42941967957904,ns,ok,unsupported,layout-only,50f1356ff734c61f359e46e821b0f580d6549e73,true,kotlin-2.4.10/jvm/Eclipse Adoptium/25.0.1/JMH 1.37/forks=1,1,3,200000000,write-right-v1+32x4+uniform,physical=4x4+leftLayout=depth-rows-v1+rightLayout=depth-columns-v1+leftGroup=4+rightGroup=4+leftStride=4+rightStride=4+padding=zero+alignment=8+block=32x4x32+panel=32+diagonal=0+rhs=0+batch=1+variant=current-tile-v1,panelDoubles=128,jvm-scalar/portable-layout-v1/4x4,jmh-average-time-v1,200000000,1,1,score-times-operations
4,write-right+32x4+uniform+physical=4x4+work=write-right-v1+leftLayout=depth-rows-v1+rightLayout=depth-columns-v1+leftGroup=4+rightGroup=4+leftStride=4+rightStride=4+padding=zero+alignment=8+block=32x4x32+panel=32+diagonal=0+rhs=0+batch=1+variant=current-tile-v1+timing=layout-only,jvm-scalar/scalar/scalar/packed-4x4,5,2,1,5,895062,200134938,223.59896632858954,ns,ok,unsupported,layout-only,50f1356ff734c61f359e46e821b0f580d6549e73,true,kotlin-2.4.10/jvm/Eclipse Adoptium/25.0.1/JMH 1.37/forks=1,1,3,200000000,write-right-v1+32x4+uniform,physical=4x4+leftLayout=depth-rows-v1+rightLayout=depth-columns-v1+leftGroup=4+rightGroup=4+leftStride=4+rightStride=4+padding=zero+alignment=8+block=32x4x32+panel=32+diagonal=0+rhs=0+batch=1+variant=current-tile-v1,panelDoubles=128,jvm-scalar/portable-layout-v1/4x4,jmh-average-time-v1,200000000,1,1,score-times-operations
4,clear-left-padding+3x31+uniform+physical=4x4+work=clear-left-padding-v1+leftLayout=depth-rows-v1+rightLayout=depth-columns-v1+leftGroup=4+rightGroup=4+leftStride=4+rightStride=4+padding=zero+alignment=8+block=3x31x31+panel=31+diagonal=0+rhs=0+batch=1+variant=current-tile-v1+timing=layout-only,jvm-scalar/scalar/scalar/packed-4x4,5,2,1,1,941039,200288457,212.8375731505283,ns,ok,unsupported,layout-only,50f1356ff734c61f359e46e821b0f580d6549e73,true,kotlin-2.4.10/jvm/Eclipse Adoptium/25.0.1/JMH 1.37/forks=1,1,3,200000000,clear-left-padding-v1+3x31+uniform,physical=4x4+leftLayout=depth-rows-v1+rightLayout=depth-columns-v1+leftGroup=4+rightGroup=4+leftStride=4+rightStride=4+padding=zero+alignment=8+block=3x31x31+panel=31+diagonal=0+rhs=0+batch=1+variant=current-tile-v1,panelDoubles=124,jvm-scalar/portable-layout-v1/4x4,jmh-average-time-v1,200000000,1,1,score-times-operations
4,clear-left-padding+3x31+uniform+physical=4x4+work=clear-left-padding-v1+leftLayout=depth-rows-v1+rightLayout=depth-columns-v1+leftGroup=4+rightGroup=4+leftStride=4+rightStride=4+padding=zero+alignment=8+block=3x31x31+panel=31+diagonal=0+rhs=0+batch=1+variant=current-tile-v1+timing=layout-only,jvm-scalar/scalar/scalar/packed-4x4,5,2,1,2,1273857,200155185,157.12531704893092,ns,ok,unsupported,layout-only,50f1356ff734c61f359e46e821b0f580d6549e73,true,kotlin-2.4.10/jvm/Eclipse Adoptium/25.0.1/JMH 1.37/forks=1,1,3,200000000,clear-left-padding-v1+3x31+uniform,physical=4x4+leftLayout=depth-rows-v1+rightLayout=depth-columns-v1+leftGroup=4+rightGroup=4+leftStride=4+rightStride=4+padding=zero+alignment=8+block=3x31x31+panel=31+diagonal=0+rhs=0+batch=1+variant=current-tile-v1,panelDoubles=124,jvm-scalar/portable-layout-v1/4x4,jmh-average-time-v1,200000000,1,1,score-times-operations
4,clear-left-padding+3x31+uniform+physical=4x4+work=clear-left-padding-v1+leftLayout=depth-rows-v1+rightLayout=depth-columns-v1+leftGroup=4+rightGroup=4+leftStride=4+rightStride=4+padding=zero+alignment=8+block=3x31x31+panel=31+diagonal=0+rhs=0+batch=1+variant=current-tile-v1+timing=layout-only,jvm-scalar/scalar/scalar/packed-4x4,5,2,1,3,1566694,200147098,127.751237957125,ns,ok,unsupported,layout-only,50f1356ff734c61f359e46e821b0f580d6549e73,true,kotlin-2.4.10/jvm/Eclipse Adoptium/25.0.1/JMH 1.37/forks=1,1,3,200000000,clear-left-padding-v1+3x31+uniform,physical=4x4+leftLayout=depth-rows-v1+rightLayout=depth-columns-v1+leftGroup=4+rightGroup=4+leftStride=4+rightStride=4+padding=zero+alignment=8+block=3x31x31+panel=31+diagonal=0+rhs=0+batch=1+variant=current-tile-v1,panelDoubles=124,jvm-scalar/portable-layout-v1/4x4,jmh-average-time-v1,200000000,1,1,score-times-operations
4,clear-left-padding+3x31+uniform+physical=4x4+work=clear-left-padding-v1+leftLayout=depth-rows-v1+rightLayout=depth-columns-v1+leftGroup=4+rightGroup=4+leftStride=4+rightStride=4+padding=zero+alignment=8+block=3x31x31+panel=31+diagonal=0+rhs=0+batch=1+variant=current-tile-v1+timing=layout-only,jvm-scalar/scalar/scalar/packed-4x4,5,2,1,4,1404400,200130042,142.50216604955853,ns,ok,unsupported,layout-only,50f1356ff734c61f359e46e821b0f580d6549e73,true,kotlin-2.4.10/jvm/Eclipse Adoptium/25.0.1/JMH 1.37/forks=1,1,3,200000000,clear-left-padding-v1+3x31+uniform,physical=4x4+leftLayout=depth-rows-v1+rightLayout=depth-columns-v1+leftGroup=4+rightGroup=4+leftStride=4+rightStride=4+padding=zero+alignment=8+block=3x31x31+panel=31+diagonal=0+rhs=0+batch=1+variant=current-tile-v1,panelDoubles=124,jvm-scalar/portable-layout-v1/4x4,jmh-average-time-v1,200000000,1,1,score-times-operations
4,clear-left-padding+3x31+uniform+physical=4x4+work=clear-left-padding-v1+leftLayout=depth-rows-v1+rightLayout=depth-columns-v1+leftGroup=4+rightGroup=4+leftStride=4+rightStride=4+padding=zero+alignment=8+block=3x31x31+panel=31+diagonal=0+rhs=0+batch=1+variant=current-tile-v1+timing=layout-only,jvm-scalar/scalar/scalar/packed-4x4,5,2,1,5,1483211,200150285,134.94390548613785,ns,ok,unsupported,layout-only,50f1356ff734c61f359e46e821b0f580d6549e73,true,kotlin-2.4.10/jvm/Eclipse Adoptium/25.0.1/JMH 1.37/forks=1,1,3,200000000,clear-left-padding-v1+3x31+uniform,physical=4x4+leftLayout=depth-rows-v1+rightLayout=depth-columns-v1+leftGroup=4+rightGroup=4+leftStride=4+rightStride=4+padding=zero+alignment=8+block=3x31x31+panel=31+diagonal=0+rhs=0+batch=1+variant=current-tile-v1,panelDoubles=124,jvm-scalar/portable-layout-v1/4x4,jmh-average-time-v1,200000000,1,1,score-times-operations
4,clear-left-padding+4x32+uniform+physical=4x4+work=clear-left-padding-v1+leftLayout=depth-rows-v1+rightLayout=depth-columns-v1+leftGroup=4+rightGroup=4+leftStride=4+rightStride=4+padding=zero+alignment=8+block=4x32x32+panel=32+diagonal=0+rhs=0+batch=1+variant=current-tile-v1+timing=layout-only,jvm-scalar/scalar/scalar/packed-4x4,5,2,1,1,9299660,200141210,21.52134701698772,ns,ok,unsupported,layout-only,50f1356ff734c61f359e46e821b0f580d6549e73,true,kotlin-2.4.10/jvm/Eclipse Adoptium/25.0.1/JMH 1.37/forks=1,1,3,200000000,clear-left-padding-v1+4x32+uniform,physical=4x4+leftLayout=depth-rows-v1+rightLayout=depth-columns-v1+leftGroup=4+rightGroup=4+leftStride=4+rightStride=4+padding=zero+alignment=8+block=4x32x32+panel=32+diagonal=0+rhs=0+batch=1+variant=current-tile-v1,panelDoubles=128,jvm-scalar/portable-layout-v1/4x4,jmh-average-time-v1,200000000,1,1,score-times-operations
4,clear-left-padding+4x32+uniform+physical=4x4+work=clear-left-padding-v1+leftLayout=depth-rows-v1+rightLayout=depth-columns-v1+leftGroup=4+rightGroup=4+leftStride=4+rightStride=4+padding=zero+alignment=8+block=4x32x32+panel=32+diagonal=0+rhs=0+batch=1+variant=current-tile-v1+timing=layout-only,jvm-scalar/scalar/scalar/packed-4x4,5,2,1,2,15218816,200147329,13.151307499873841,ns,ok,unsupported,layout-only,50f1356ff734c61f359e46e821b0f580d6549e73,true,kotlin-2.4.10/jvm/Eclipse Adoptium/25.0.1/JMH 1.37/forks=1,1,3,200000000,clear-left-padding-v1+4x32+uniform,physical=4x4+leftLayout=depth-rows-v1+rightLayout=depth-columns-v1+leftGroup=4+rightGroup=4+leftStride=4+rightStride=4+padding=zero+alignment=8+block=4x32x32+panel=32+diagonal=0+rhs=0+batch=1+variant=current-tile-v1,panelDoubles=128,jvm-scalar/portable-layout-v1/4x4,jmh-average-time-v1,200000000,1,1,score-times-operations
4,clear-left-padding+4x32+uniform+physical=4x4+work=clear-left-padding-v1+leftLayout=depth-rows-v1+rightLayout=depth-columns-v1+leftGroup=4+rightGroup=4+leftStride=4+rightStride=4+padding=zero+alignment=8+block=4x32x32+panel=32+diagonal=0+rhs=0+batch=1+variant=current-tile-v1+timing=layout-only,jvm-scalar/scalar/scalar/packed-4x4,5,2,1,3,10867722,200123104,18.414448216470756,ns,ok,unsupported,layout-only,50f1356ff734c61f359e46e821b0f580d6549e73,true,kotlin-2.4.10/jvm/Eclipse Adoptium/25.0.1/JMH 1.37/forks=1,1,3,200000000,clear-left-padding-v1+4x32+uniform,physical=4x4+leftLayout=depth-rows-v1+rightLayout=depth-columns-v1+leftGroup=4+rightGroup=4+leftStride=4+rightStride=4+padding=zero+alignment=8+block=4x32x32+panel=32+diagonal=0+rhs=0+batch=1+variant=current-tile-v1,panelDoubles=128,jvm-scalar/portable-layout-v1/4x4,jmh-average-time-v1,200000000,1,1,score-times-operations
4,clear-left-padding+4x32+uniform+physical=4x4+work=clear-left-padding-v1+leftLayout=depth-rows-v1+rightLayout=depth-columns-v1+leftGroup=4+rightGroup=4+leftStride=4+rightStride=4+padding=zero+alignment=8+block=4x32x32+panel=32+diagonal=0+rhs=0+batch=1+variant=current-tile-v1+timing=layout-only,jvm-scalar/scalar/scalar/packed-4x4,5,2,1,4,19982035,200172157,10.017606164737476,ns,ok,unsupported,layout-only,50f1356ff734c61f359e46e821b0f580d6549e73,true,kotlin-2.4.10/jvm/Eclipse Adoptium/25.0.1/JMH 1.37/forks=1,1,3,200000000,clear-left-padding-v1+4x32+uniform,physical=4x4+leftLayout=depth-rows-v1+rightLayout=depth-columns-v1+leftGroup=4+rightGroup=4+leftStride=4+rightStride=4+padding=zero+alignment=8+block=4x32x32+panel=32+diagonal=0+rhs=0+batch=1+variant=current-tile-v1,panelDoubles=128,jvm-scalar/portable-layout-v1/4x4,jmh-average-time-v1,200000000,1,1,score-times-operations
4,clear-left-padding+4x32+uniform+physical=4x4+work=clear-left-padding-v1+leftLayout=depth-rows-v1+rightLayout=depth-columns-v1+leftGroup=4+rightGroup=4+leftStride=4+rightStride=4+padding=zero+alignment=8+block=4x32x32+panel=32+diagonal=0+rhs=0+batch=1+variant=current-tile-v1+timing=layout-only,jvm-scalar/scalar/scalar/packed-4x4,5,2,1,5,27925374,200155880,7.167527281819036,ns,ok,unsupported,layout-only,50f1356ff734c61f359e46e821b0f580d6549e73,true,kotlin-2.4.10/jvm/Eclipse Adoptium/25.0.1/JMH 1.37/forks=1,1,3,200000000,clear-left-padding-v1+4x32+uniform,physical=4x4+leftLayout=depth-rows-v1+rightLayout=depth-columns-v1+leftGroup=4+rightGroup=4+leftStride=4+rightStride=4+padding=zero+alignment=8+block=4x32x32+panel=32+diagonal=0+rhs=0+batch=1+variant=current-tile-v1,panelDoubles=128,jvm-scalar/portable-layout-v1/4x4,jmh-average-time-v1,200000000,1,1,score-times-operations
4,clear-right-padding+31x2+uniform+physical=4x4+work=clear-right-padding-v1+leftLayout=depth-rows-v1+rightLayout=depth-columns-v1+leftGroup=4+rightGroup=4+leftStride=4+rightStride=4+padding=zero+alignment=8+block=31x2x31+panel=31+diagonal=0+rhs=0+batch=1+variant=current-tile-v1+timing=layout-only,jvm-scalar/scalar/scalar/packed-4x4,5,2,1,1,2416316,200189535,82.8490706513552,ns,ok,unsupported,layout-only,50f1356ff734c61f359e46e821b0f580d6549e73,true,kotlin-2.4.10/jvm/Eclipse Adoptium/25.0.1/JMH 1.37/forks=1,1,3,200000000,clear-right-padding-v1+31x2+uniform,physical=4x4+leftLayout=depth-rows-v1+rightLayout=depth-columns-v1+leftGroup=4+rightGroup=4+leftStride=4+rightStride=4+padding=zero+alignment=8+block=31x2x31+panel=31+diagonal=0+rhs=0+batch=1+variant=current-tile-v1,panelDoubles=124,jvm-scalar/portable-layout-v1/4x4,jmh-average-time-v1,200000000,1,1,score-times-operations
4,clear-right-padding+31x2+uniform+physical=4x4+work=clear-right-padding-v1+leftLayout=depth-rows-v1+rightLayout=depth-columns-v1+leftGroup=4+rightGroup=4+leftStride=4+rightStride=4+padding=zero+alignment=8+block=31x2x31+panel=31+diagonal=0+rhs=0+batch=1+variant=current-tile-v1+timing=layout-only,jvm-scalar/scalar/scalar/packed-4x4,5,2,1,2,2406470,200248145,83.21240032080183,ns,ok,unsupported,layout-only,50f1356ff734c61f359e46e821b0f580d6549e73,true,kotlin-2.4.10/jvm/Eclipse Adoptium/25.0.1/JMH 1.37/forks=1,1,3,200000000,clear-right-padding-v1+31x2+uniform,physical=4x4+leftLayout=depth-rows-v1+rightLayout=depth-columns-v1+leftGroup=4+rightGroup=4+leftStride=4+rightStride=4+padding=zero+alignment=8+block=31x2x31+panel=31+diagonal=0+rhs=0+batch=1+variant=current-tile-v1,panelDoubles=124,jvm-scalar/portable-layout-v1/4x4,jmh-average-time-v1,200000000,1,1,score-times-operations
4,clear-right-padding+31x2+uniform+physical=4x4+work=clear-right-padding-v1+leftLayout=depth-rows-v1+rightLayout=depth-columns-v1+leftGroup=4+rightGroup=4+leftStride=4+rightStride=4+padding=zero+alignment=8+block=31x2x31+panel=31+diagonal=0+rhs=0+batch=1+variant=current-tile-v1+timing=layout-only,jvm-scalar/scalar/scalar/packed-4x4,5,2,1,3,2413157,200197488,82.96082186115532,ns,ok,unsupported,layout-only,50f1356ff734c61f359e46e821b0f580d6549e73,true,kotlin-2.4.10/jvm/Eclipse Adoptium/25.0.1/JMH 1.37/forks=1,1,3,200000000,clear-right-padding-v1+31x2+uniform,physical=4x4+leftLayout=depth-rows-v1+rightLayout=depth-columns-v1+leftGroup=4+rightGroup=4+leftStride=4+rightStride=4+padding=zero+alignment=8+block=31x2x31+panel=31+diagonal=0+rhs=0+batch=1+variant=current-tile-v1,panelDoubles=124,jvm-scalar/portable-layout-v1/4x4,jmh-average-time-v1,200000000,1,1,score-times-operations
4,clear-right-padding+31x2+uniform+physical=4x4+work=clear-right-padding-v1+leftLayout=depth-rows-v1+rightLayout=depth-columns-v1+leftGroup=4+rightGroup=4+leftStride=4+rightStride=4+padding=zero+alignment=8+block=31x2x31+panel=31+diagonal=0+rhs=0+batch=1+variant=current-tile-v1+timing=layout-only,jvm-scalar/scalar/scalar/packed-4x4,5,2,1,4,2409908,200147441,83.05190115141325,ns,ok,unsupported,layout-only,50f1356ff734c61f359e46e821b0f580d6549e73,true,kotlin-2.4.10/jvm/Eclipse Adoptium/25.0.1/JMH 1.37/forks=1,1,3,200000000,clear-right-padding-v1+31x2+uniform,physical=4x4+leftLayout=depth-rows-v1+rightLayout=depth-columns-v1+leftGroup=4+rightGroup=4+leftStride=4+rightStride=4+padding=zero+alignment=8+block=31x2x31+panel=31+diagonal=0+rhs=0+batch=1+variant=current-tile-v1,panelDoubles=124,jvm-scalar/portable-layout-v1/4x4,jmh-average-time-v1,200000000,1,1,score-times-operations
4,clear-right-padding+31x2+uniform+physical=4x4+work=clear-right-padding-v1+leftLayout=depth-rows-v1+rightLayout=depth-columns-v1+leftGroup=4+rightGroup=4+leftStride=4+rightStride=4+padding=zero+alignment=8+block=31x2x31+panel=31+diagonal=0+rhs=0+batch=1+variant=current-tile-v1+timing=layout-only,jvm-scalar/scalar/scalar/packed-4x4,5,2,1,5,2358955,200152130,84.84779489222983,ns,ok,unsupported,layout-only,50f1356ff734c61f359e46e821b0f580d6549e73,true,kotlin-2.4.10/jvm/Eclipse Adoptium/25.0.1/JMH 1.37/forks=1,1,3,200000000,clear-right-padding-v1+31x2+uniform,physical=4x4+leftLayout=depth-rows-v1+rightLayout=depth-columns-v1+leftGroup=4+rightGroup=4+leftStride=4+rightStride=4+padding=zero+alignment=8+block=31x2x31+panel=31+diagonal=0+rhs=0+batch=1+variant=current-tile-v1,panelDoubles=124,jvm-scalar/portable-layout-v1/4x4,jmh-average-time-v1,200000000,1,1,score-times-operations
4,clear-right-padding+32x4+uniform+physical=4x4+work=clear-right-padding-v1+leftLayout=depth-rows-v1+rightLayout=depth-columns-v1+leftGroup=4+rightGroup=4+leftStride=4+rightStride=4+padding=zero+alignment=8+block=32x4x32+panel=32+diagonal=0+rhs=0+batch=1+variant=current-tile-v1+timing=layout-only,jvm-scalar/scalar/scalar/packed-4x4,5,2,1,1,27378098,200172831,7.311422108285243,ns,ok,unsupported,layout-only,50f1356ff734c61f359e46e821b0f580d6549e73,true,kotlin-2.4.10/jvm/Eclipse Adoptium/25.0.1/JMH 1.37/forks=1,1,3,200000000,clear-right-padding-v1+32x4+uniform,physical=4x4+leftLayout=depth-rows-v1+rightLayout=depth-columns-v1+leftGroup=4+rightGroup=4+leftStride=4+rightStride=4+padding=zero+alignment=8+block=32x4x32+panel=32+diagonal=0+rhs=0+batch=1+variant=current-tile-v1,panelDoubles=128,jvm-scalar/portable-layout-v1/4x4,jmh-average-time-v1,200000000,1,1,score-times-operations
4,clear-right-padding+32x4+uniform+physical=4x4+work=clear-right-padding-v1+leftLayout=depth-rows-v1+rightLayout=depth-columns-v1+leftGroup=4+rightGroup=4+leftStride=4+rightStride=4+padding=zero+alignment=8+block=32x4x32+panel=32+diagonal=0+rhs=0+batch=1+variant=current-tile-v1+timing=layout-only,jvm-scalar/scalar/scalar/packed-4x4,5,2,1,2,21902975,200114184,9.136392841611698,ns,ok,unsupported,layout-only,50f1356ff734c61f359e46e821b0f580d6549e73,true,kotlin-2.4.10/jvm/Eclipse Adoptium/25.0.1/JMH 1.37/forks=1,1,3,200000000,clear-right-padding-v1+32x4+uniform,physical=4x4+leftLayout=depth-rows-v1+rightLayout=depth-columns-v1+leftGroup=4+rightGroup=4+leftStride=4+rightStride=4+padding=zero+alignment=8+block=32x4x32+panel=32+diagonal=0+rhs=0+batch=1+variant=current-tile-v1,panelDoubles=128,jvm-scalar/portable-layout-v1/4x4,jmh-average-time-v1,200000000,1,1,score-times-operations
4,clear-right-padding+32x4+uniform+physical=4x4+work=clear-right-padding-v1+leftLayout=depth-rows-v1+rightLayout=depth-columns-v1+leftGroup=4+rightGroup=4+leftStride=4+rightStride=4+padding=zero+alignment=8+block=32x4x32+panel=32+diagonal=0+rhs=0+batch=1+variant=current-tile-v1+timing=layout-only,jvm-scalar/scalar/scalar/packed-4x4,5,2,1,3,24789464,200118179,8.072711011420013,ns,ok,unsupported,layout-only,50f1356ff734c61f359e46e821b0f580d6549e73,true,kotlin-2.4.10/jvm/Eclipse Adoptium/25.0.1/JMH 1.37/forks=1,1,3,200000000,clear-right-padding-v1+32x4+uniform,physical=4x4+leftLayout=depth-rows-v1+rightLayout=depth-columns-v1+leftGroup=4+rightGroup=4+leftStride=4+rightStride=4+padding=zero+alignment=8+block=32x4x32+panel=32+diagonal=0+rhs=0+batch=1+variant=current-tile-v1,panelDoubles=128,jvm-scalar/portable-layout-v1/4x4,jmh-average-time-v1,200000000,1,1,score-times-operations
4,clear-right-padding+32x4+uniform+physical=4x4+work=clear-right-padding-v1+leftLayout=depth-rows-v1+rightLayout=depth-columns-v1+leftGroup=4+rightGroup=4+leftStride=4+rightStride=4+padding=zero+alignment=8+block=32x4x32+panel=32+diagonal=0+rhs=0+batch=1+variant=current-tile-v1+timing=layout-only,jvm-scalar/scalar/scalar/packed-4x4,5,2,1,4,17821034,200116571,11.229234566299576,ns,ok,unsupported,layout-only,50f1356ff734c61f359e46e821b0f580d6549e73,true,kotlin-2.4.10/jvm/Eclipse Adoptium/25.0.1/JMH 1.37/forks=1,1,3,200000000,clear-right-padding-v1+32x4+uniform,physical=4x4+leftLayout=depth-rows-v1+rightLayout=depth-columns-v1+leftGroup=4+rightGroup=4+leftStride=4+rightStride=4+padding=zero+alignment=8+block=32x4x32+panel=32+diagonal=0+rhs=0+batch=1+variant=current-tile-v1,panelDoubles=128,jvm-scalar/portable-layout-v1/4x4,jmh-average-time-v1,200000000,1,1,score-times-operations
4,clear-right-padding+32x4+uniform+physical=4x4+work=clear-right-padding-v1+leftLayout=depth-rows-v1+rightLayout=depth-columns-v1+leftGroup=4+rightGroup=4+leftStride=4+rightStride=4+padding=zero+alignment=8+block=32x4x32+panel=32+diagonal=0+rhs=0+batch=1+variant=current-tile-v1+timing=layout-only,jvm-scalar/scalar/scalar/packed-4x4,5,2,1,5,13063649,200132452,15.319797094977062,ns,ok,unsupported,layout-only,50f1356ff734c61f359e46e821b0f580d6549e73,true,kotlin-2.4.10/jvm/Eclipse Adoptium/25.0.1/JMH 1.37/forks=1,1,3,200000000,clear-right-padding-v1+32x4+uniform,physical=4x4+leftLayout=depth-rows-v1+rightLayout=depth-columns-v1+leftGroup=4+rightGroup=4+leftStride=4+rightStride=4+padding=zero+alignment=8+block=32x4x32+panel=32+diagonal=0+rhs=0+batch=1+variant=current-tile-v1,panelDoubles=128,jvm-scalar/portable-layout-v1/4x4,jmh-average-time-v1,200000000,1,1,score-times-operations
4,pack-left+7x31+uniform+physical=8x4+work=pack-left-v1+leftLayout=depth-rows-v1+rightLayout=depth-columns-v1+leftGroup=8+rightGroup=4+leftStride=8+rightStride=4+padding=zero+alignment=8+block=7x31x31+panel=31+diagonal=0+rhs=0+batch=1+variant=current-tile-v1+timing=packing-only,jvm-scalar/scalar/scalar/packed-4x4,5,2,1,0,0,0,,ns,unsupported,unsupported,arithmetic,50f1356ff734c61f359e46e821b0f580d6549e73,true,kotlin-2.4.10/jvm/Eclipse Adoptium/25.0.1,1,3,200000000,pack-left-v1+7x31+uniform,physical=8x4+leftLayout=depth-rows-v1+rightLayout=depth-columns-v1+leftGroup=8+rightGroup=4+leftStride=8+rightStride=4+padding=zero+alignment=8+block=7x31x31+panel=31+diagonal=0+rhs=0+batch=1+variant=current-tile-v1,panelDoubles=248,unavailable,jmh-average-time-v1,200000000,0,1,score-times-operations
4,pack-left+8x32+uniform+physical=8x4+work=pack-left-v1+leftLayout=depth-rows-v1+rightLayout=depth-columns-v1+leftGroup=8+rightGroup=4+leftStride=8+rightStride=4+padding=zero+alignment=8+block=8x32x32+panel=32+diagonal=0+rhs=0+batch=1+variant=current-tile-v1+timing=packing-only,jvm-scalar/scalar/scalar/packed-4x4,5,2,1,0,0,0,,ns,unsupported,unsupported,arithmetic,50f1356ff734c61f359e46e821b0f580d6549e73,true,kotlin-2.4.10/jvm/Eclipse Adoptium/25.0.1,1,3,200000000,pack-left-v1+8x32+uniform,physical=8x4+leftLayout=depth-rows-v1+rightLayout=depth-columns-v1+leftGroup=8+rightGroup=4+leftStride=8+rightStride=4+padding=zero+alignment=8+block=8x32x32+panel=32+diagonal=0+rhs=0+batch=1+variant=current-tile-v1,panelDoubles=256,unavailable,jmh-average-time-v1,200000000,0,1,score-times-operations
4,pack-right+31x2+uniform+physical=8x4+work=pack-right-v1+leftLayout=depth-rows-v1+rightLayout=depth-columns-v1+leftGroup=8+rightGroup=4+leftStride=8+rightStride=4+padding=zero+alignment=8+block=31x2x31+panel=31+diagonal=0+rhs=0+batch=1+variant=current-tile-v1+timing=packing-only,jvm-scalar/scalar/scalar/packed-4x4,5,2,1,0,0,0,,ns,unsupported,unsupported,arithmetic,50f1356ff734c61f359e46e821b0f580d6549e73,true,kotlin-2.4.10/jvm/Eclipse Adoptium/25.0.1,1,3,200000000,pack-right-v1+31x2+uniform,physical=8x4+leftLayout=depth-rows-v1+rightLayout=depth-columns-v1+leftGroup=8+rightGroup=4+leftStride=8+rightStride=4+padding=zero+alignment=8+block=31x2x31+panel=31+diagonal=0+rhs=0+batch=1+variant=current-tile-v1,panelDoubles=124,unavailable,jmh-average-time-v1,200000000,0,1,score-times-operations
4,pack-right+32x4+uniform+physical=8x4+work=pack-right-v1+leftLayout=depth-rows-v1+rightLayout=depth-columns-v1+leftGroup=8+rightGroup=4+leftStride=8+rightStride=4+padding=zero+alignment=8+block=32x4x32+panel=32+diagonal=0+rhs=0+batch=1+variant=current-tile-v1+timing=packing-only,jvm-scalar/scalar/scalar/packed-4x4,5,2,1,0,0,0,,ns,unsupported,unsupported,arithmetic,50f1356ff734c61f359e46e821b0f580d6549e73,true,kotlin-2.4.10/jvm/Eclipse Adoptium/25.0.1,1,3,200000000,pack-right-v1+32x4+uniform,physical=8x4+leftLayout=depth-rows-v1+rightLayout=depth-columns-v1+leftGroup=8+rightGroup=4+leftStride=8+rightStride=4+padding=zero+alignment=8+block=32x4x32+panel=32+diagonal=0+rhs=0+batch=1+variant=current-tile-v1,panelDoubles=128,unavailable,jmh-average-time-v1,200000000,0,1,score-times-operations
4,pack-symmetric-left+8x8+uniform+physical=8x4+uplo=L+work=pack-symmetric-left-v1+leftLayout=depth-rows-v1+rightLayout=depth-columns-v1+leftGroup=8+rightGroup=4+leftStride=8+rightStride=4+padding=zero+alignment=8+block=8x8x8+panel=8+diagonal=0+rhs=0+batch=1+variant=current-tile-v1+timing=packing-only,jvm-scalar/scalar/scalar/packed-4x4,5,2,1,0,0,0,,ns,unsupported,unsupported,arithmetic,50f1356ff734c61f359e46e821b0f580d6549e73,true,kotlin-2.4.10/jvm/Eclipse Adoptium/25.0.1,1,3,200000000,pack-symmetric-left-v1+8x8+uniform+uplo=L,physical=8x4+leftLayout=depth-rows-v1+rightLayout=depth-columns-v1+leftGroup=8+rightGroup=4+leftStride=8+rightStride=4+padding=zero+alignment=8+block=8x8x8+panel=8+diagonal=0+rhs=0+batch=1+variant=current-tile-v1,panelDoubles=64,unavailable,jmh-average-time-v1,200000000,0,1,score-times-operations
4,pack-symmetric-right+4x4+uniform+physical=8x4+uplo=U+work=pack-symmetric-right-v1+leftLayout=depth-rows-v1+rightLayout=depth-columns-v1+leftGroup=8+rightGroup=4+leftStride=8+rightStride=4+padding=zero+alignment=8+block=4x4x4+panel=4+diagonal=0+rhs=0+batch=1+variant=current-tile-v1+timing=packing-only,jvm-scalar/scalar/scalar/packed-4x4,5,2,1,0,0,0,,ns,unsupported,unsupported,arithmetic,50f1356ff734c61f359e46e821b0f580d6549e73,true,kotlin-2.4.10/jvm/Eclipse Adoptium/25.0.1,1,3,200000000,pack-symmetric-right-v1+4x4+uniform+uplo=U,physical=8x4+leftLayout=depth-rows-v1+rightLayout=depth-columns-v1+leftGroup=8+rightGroup=4+leftStride=8+rightStride=4+padding=zero+alignment=8+block=4x4x4+panel=4+diagonal=0+rhs=0+batch=1+variant=current-tile-v1,panelDoubles=16,unavailable,jmh-average-time-v1,200000000,0,1,score-times-operations
4,pack-triangular-left+8x8+triangular+physical=8x4+uplo=L+diag=N+work=pack-triangular-left-v1+leftLayout=depth-rows-v1+rightLayout=depth-columns-v1+leftGroup=8+rightGroup=4+leftStride=8+rightStride=4+padding=zero+alignment=8+block=8x8x8+panel=8+diagonal=0+rhs=0+batch=1+variant=current-tile-v1+timing=packing-only,jvm-scalar/scalar/scalar/packed-4x4,5,2,1,0,0,0,,ns,unsupported,unsupported,arithmetic,50f1356ff734c61f359e46e821b0f580d6549e73,true,kotlin-2.4.10/jvm/Eclipse Adoptium/25.0.1,1,3,200000000,pack-triangular-left-v1+8x8+triangular+uplo=L+diag=N,physical=8x4+leftLayout=depth-rows-v1+rightLayout=depth-columns-v1+leftGroup=8+rightGroup=4+leftStride=8+rightStride=4+padding=zero+alignment=8+block=8x8x8+panel=8+diagonal=0+rhs=0+batch=1+variant=current-tile-v1,panelDoubles=64,unavailable,jmh-average-time-v1,200000000,0,1,score-times-operations
4,pack-triangular-right+4x4+triangular+physical=8x4+uplo=U+diag=U+work=pack-triangular-right-v1+leftLayout=depth-rows-v1+rightLayout=depth-columns-v1+leftGroup=8+rightGroup=4+leftStride=8+rightStride=4+padding=zero+alignment=8+block=4x4x4+panel=4+diagonal=0+rhs=0+batch=1+variant=current-tile-v1+timing=packing-only,jvm-scalar/scalar/scalar/packed-4x4,5,2,1,0,0,0,,ns,unsupported,unsupported,arithmetic,50f1356ff734c61f359e46e821b0f580d6549e73,true,kotlin-2.4.10/jvm/Eclipse Adoptium/25.0.1,1,3,200000000,pack-triangular-right-v1+4x4+triangular+uplo=U+diag=U,physical=8x4+leftLayout=depth-rows-v1+rightLayout=depth-columns-v1+leftGroup=8+rightGroup=4+leftStride=8+rightStride=4+padding=zero+alignment=8+block=4x4x4+panel=4+diagonal=0+rhs=0+batch=1+variant=current-tile-v1,panelDoubles=16,unavailable,jmh-average-time-v1,200000000,0,1,score-times-operations
4,write-left+7x31+uniform+physical=8x4+work=write-left-v1+leftLayout=depth-rows-v1+rightLayout=depth-columns-v1+leftGroup=8+rightGroup=4+leftStride=8+rightStride=4+padding=zero+alignment=8+block=7x31x31+panel=31+diagonal=0+rhs=0+batch=1+variant=current-tile-v1+timing=layout-only,jvm-scalar/scalar/scalar/packed-4x4,5,2,1,0,0,0,,ns,unsupported,unsupported,arithmetic,50f1356ff734c61f359e46e821b0f580d6549e73,true,kotlin-2.4.10/jvm/Eclipse Adoptium/25.0.1,1,3,200000000,write-left-v1+7x31+uniform,physical=8x4+leftLayout=depth-rows-v1+rightLayout=depth-columns-v1+leftGroup=8+rightGroup=4+leftStride=8+rightStride=4+padding=zero+alignment=8+block=7x31x31+panel=31+diagonal=0+rhs=0+batch=1+variant=current-tile-v1,panelDoubles=248,unavailable,jmh-average-time-v1,200000000,0,1,score-times-operations
4,write-left+8x32+uniform+physical=8x4+work=write-left-v1+leftLayout=depth-rows-v1+rightLayout=depth-columns-v1+leftGroup=8+rightGroup=4+leftStride=8+rightStride=4+padding=zero+alignment=8+block=8x32x32+panel=32+diagonal=0+rhs=0+batch=1+variant=current-tile-v1+timing=layout-only,jvm-scalar/scalar/scalar/packed-4x4,5,2,1,0,0,0,,ns,unsupported,unsupported,arithmetic,50f1356ff734c61f359e46e821b0f580d6549e73,true,kotlin-2.4.10/jvm/Eclipse Adoptium/25.0.1,1,3,200000000,write-left-v1+8x32+uniform,physical=8x4+leftLayout=depth-rows-v1+rightLayout=depth-columns-v1+leftGroup=8+rightGroup=4+leftStride=8+rightStride=4+padding=zero+alignment=8+block=8x32x32+panel=32+diagonal=0+rhs=0+batch=1+variant=current-tile-v1,panelDoubles=256,unavailable,jmh-average-time-v1,200000000,0,1,score-times-operations
4,write-right+31x2+uniform+physical=8x4+work=write-right-v1+leftLayout=depth-rows-v1+rightLayout=depth-columns-v1+leftGroup=8+rightGroup=4+leftStride=8+rightStride=4+padding=zero+alignment=8+block=31x2x31+panel=31+diagonal=0+rhs=0+batch=1+variant=current-tile-v1+timing=layout-only,jvm-scalar/scalar/scalar/packed-4x4,5,2,1,0,0,0,,ns,unsupported,unsupported,arithmetic,50f1356ff734c61f359e46e821b0f580d6549e73,true,kotlin-2.4.10/jvm/Eclipse Adoptium/25.0.1,1,3,200000000,write-right-v1+31x2+uniform,physical=8x4+leftLayout=depth-rows-v1+rightLayout=depth-columns-v1+leftGroup=8+rightGroup=4+leftStride=8+rightStride=4+padding=zero+alignment=8+block=31x2x31+panel=31+diagonal=0+rhs=0+batch=1+variant=current-tile-v1,panelDoubles=124,unavailable,jmh-average-time-v1,200000000,0,1,score-times-operations
4,write-right+32x4+uniform+physical=8x4+work=write-right-v1+leftLayout=depth-rows-v1+rightLayout=depth-columns-v1+leftGroup=8+rightGroup=4+leftStride=8+rightStride=4+padding=zero+alignment=8+block=32x4x32+panel=32+diagonal=0+rhs=0+batch=1+variant=current-tile-v1+timing=layout-only,jvm-scalar/scalar/scalar/packed-4x4,5,2,1,0,0,0,,ns,unsupported,unsupported,arithmetic,50f1356ff734c61f359e46e821b0f580d6549e73,true,kotlin-2.4.10/jvm/Eclipse Adoptium/25.0.1,1,3,200000000,write-right-v1+32x4+uniform,physical=8x4+leftLayout=depth-rows-v1+rightLayout=depth-columns-v1+leftGroup=8+rightGroup=4+leftStride=8+rightStride=4+padding=zero+alignment=8+block=32x4x32+panel=32+diagonal=0+rhs=0+batch=1+variant=current-tile-v1,panelDoubles=128,unavailable,jmh-average-time-v1,200000000,0,1,score-times-operations
4,clear-left-padding+7x31+uniform+physical=8x4+work=clear-left-padding-v1+leftLayout=depth-rows-v1+rightLayout=depth-columns-v1+leftGroup=8+rightGroup=4+leftStride=8+rightStride=4+padding=zero+alignment=8+block=7x31x31+panel=31+diagonal=0+rhs=0+batch=1+variant=current-tile-v1+timing=layout-only,jvm-scalar/scalar/scalar/packed-4x4,5,2,1,0,0,0,,ns,unsupported,unsupported,arithmetic,50f1356ff734c61f359e46e821b0f580d6549e73,true,kotlin-2.4.10/jvm/Eclipse Adoptium/25.0.1,1,3,200000000,clear-left-padding-v1+7x31+uniform,physical=8x4+leftLayout=depth-rows-v1+rightLayout=depth-columns-v1+leftGroup=8+rightGroup=4+leftStride=8+rightStride=4+padding=zero+alignment=8+block=7x31x31+panel=31+diagonal=0+rhs=0+batch=1+variant=current-tile-v1,panelDoubles=248,unavailable,jmh-average-time-v1,200000000,0,1,score-times-operations
4,clear-left-padding+8x32+uniform+physical=8x4+work=clear-left-padding-v1+leftLayout=depth-rows-v1+rightLayout=depth-columns-v1+leftGroup=8+rightGroup=4+leftStride=8+rightStride=4+padding=zero+alignment=8+block=8x32x32+panel=32+diagonal=0+rhs=0+batch=1+variant=current-tile-v1+timing=layout-only,jvm-scalar/scalar/scalar/packed-4x4,5,2,1,0,0,0,,ns,unsupported,unsupported,arithmetic,50f1356ff734c61f359e46e821b0f580d6549e73,true,kotlin-2.4.10/jvm/Eclipse Adoptium/25.0.1,1,3,200000000,clear-left-padding-v1+8x32+uniform,physical=8x4+leftLayout=depth-rows-v1+rightLayout=depth-columns-v1+leftGroup=8+rightGroup=4+leftStride=8+rightStride=4+padding=zero+alignment=8+block=8x32x32+panel=32+diagonal=0+rhs=0+batch=1+variant=current-tile-v1,panelDoubles=256,unavailable,jmh-average-time-v1,200000000,0,1,score-times-operations
4,clear-right-padding+31x2+uniform+physical=8x4+work=clear-right-padding-v1+leftLayout=depth-rows-v1+rightLayout=depth-columns-v1+leftGroup=8+rightGroup=4+leftStride=8+rightStride=4+padding=zero+alignment=8+block=31x2x31+panel=31+diagonal=0+rhs=0+batch=1+variant=current-tile-v1+timing=layout-only,jvm-scalar/scalar/scalar/packed-4x4,5,2,1,0,0,0,,ns,unsupported,unsupported,arithmetic,50f1356ff734c61f359e46e821b0f580d6549e73,true,kotlin-2.4.10/jvm/Eclipse Adoptium/25.0.1,1,3,200000000,clear-right-padding-v1+31x2+uniform,physical=8x4+leftLayout=depth-rows-v1+rightLayout=depth-columns-v1+leftGroup=8+rightGroup=4+leftStride=8+rightStride=4+padding=zero+alignment=8+block=31x2x31+panel=31+diagonal=0+rhs=0+batch=1+variant=current-tile-v1,panelDoubles=124,unavailable,jmh-average-time-v1,200000000,0,1,score-times-operations
4,clear-right-padding+32x4+uniform+physical=8x4+work=clear-right-padding-v1+leftLayout=depth-rows-v1+rightLayout=depth-columns-v1+leftGroup=8+rightGroup=4+leftStride=8+rightStride=4+padding=zero+alignment=8+block=32x4x32+panel=32+diagonal=0+rhs=0+batch=1+variant=current-tile-v1+timing=layout-only,jvm-scalar/scalar/scalar/packed-4x4,5,2,1,0,0,0,,ns,unsupported,unsupported,arithmetic,50f1356ff734c61f359e46e821b0f580d6549e73,true,kotlin-2.4.10/jvm/Eclipse Adoptium/25.0.1,1,3,200000000,clear-right-padding-v1+32x4+uniform,physical=8x4+leftLayout=depth-rows-v1+rightLayout=depth-columns-v1+leftGroup=8+rightGroup=4+leftStride=8+rightStride=4+padding=zero+alignment=8+block=32x4x32+panel=32+diagonal=0+rhs=0+batch=1+variant=current-tile-v1,panelDoubles=128,unavailable,jmh-average-time-v1,200000000,0,1,score-times-operations
4,gemm-block+15x7x31+uniform+physical=4x4+work=gemm-add-v1+leftLayout=depth-rows-v1+rightLayout=depth-columns-v1+leftGroup=4+rightGroup=4+leftStride=4+rightStride=4+padding=zero+alignment=8+block=15x7x31+panel=31+diagonal=0+rhs=0+batch=1+variant=current-tile-v1+timing=prepacked-compute,jvm-scalar/scalar/scalar/packed-4x4,5,2,1,1,156313,200197817,1280.7496305489626,ns,ok,direct,prepacked-compute,50f1356ff734c61f359e46e821b0f580d6549e73,true,kotlin-2.4.10/jvm/Eclipse Adoptium/25.0.1/JMH 1.37/forks=1,1,3,200000000,gemm-add-v1+15x7x31+uniform,physical=4x4+leftLayout=depth-rows-v1+rightLayout=depth-columns-v1+leftGroup=4+rightGroup=4+leftStride=4+rightStride=4+padding=zero+alignment=8+block=15x7x31+panel=31+diagonal=0+rhs=0+batch=1+variant=current-tile-v1,tiles=8;leftDoubles=496;rightDoubles=248;outputDoubles=105;resetDoubles=105;scratchDoubles=16;triangleDoubles=0,jvm-scalar/portable-tile-v1/4x4,jmh-average-time-v1,200000000,1,1,score-times-operations
4,gemm-block+15x7x31+uniform+physical=4x4+work=gemm-add-v1+leftLayout=depth-rows-v1+rightLayout=depth-columns-v1+leftGroup=4+rightGroup=4+leftStride=4+rightStride=4+padding=zero+alignment=8+block=15x7x31+panel=31+diagonal=0+rhs=0+batch=1+variant=current-tile-v1+timing=prepacked-compute,jvm-scalar/scalar/scalar/packed-4x4,5,2,1,2,158411,200162673,1263.5654910328196,ns,ok,direct,prepacked-compute,50f1356ff734c61f359e46e821b0f580d6549e73,true,kotlin-2.4.10/jvm/Eclipse Adoptium/25.0.1/JMH 1.37/forks=1,1,3,200000000,gemm-add-v1+15x7x31+uniform,physical=4x4+leftLayout=depth-rows-v1+rightLayout=depth-columns-v1+leftGroup=4+rightGroup=4+leftStride=4+rightStride=4+padding=zero+alignment=8+block=15x7x31+panel=31+diagonal=0+rhs=0+batch=1+variant=current-tile-v1,tiles=8;leftDoubles=496;rightDoubles=248;outputDoubles=105;resetDoubles=105;scratchDoubles=16;triangleDoubles=0,jvm-scalar/portable-tile-v1/4x4,jmh-average-time-v1,200000000,1,1,score-times-operations
4,gemm-block+15x7x31+uniform+physical=4x4+work=gemm-add-v1+leftLayout=depth-rows-v1+rightLayout=depth-columns-v1+leftGroup=4+rightGroup=4+leftStride=4+rightStride=4+padding=zero+alignment=8+block=15x7x31+panel=31+diagonal=0+rhs=0+batch=1+variant=current-tile-v1+timing=prepacked-compute,jvm-scalar/scalar/scalar/packed-4x4,5,2,1,3,131081,200158714,1526.9849482381123,ns,ok,direct,prepacked-compute,50f1356ff734c61f359e46e821b0f580d6549e73,true,kotlin-2.4.10/jvm/Eclipse Adoptium/25.0.1/JMH 1.37/forks=1,1,3,200000000,gemm-add-v1+15x7x31+uniform,physical=4x4+leftLayout=depth-rows-v1+rightLayout=depth-columns-v1+leftGroup=4+rightGroup=4+leftStride=4+rightStride=4+padding=zero+alignment=8+block=15x7x31+panel=31+diagonal=0+rhs=0+batch=1+variant=current-tile-v1,tiles=8;leftDoubles=496;rightDoubles=248;outputDoubles=105;resetDoubles=105;scratchDoubles=16;triangleDoubles=0,jvm-scalar/portable-tile-v1/4x4,jmh-average-time-v1,200000000,1,1,score-times-operations
4,gemm-block+15x7x31+uniform+physical=4x4+work=gemm-add-v1+leftLayout=depth-rows-v1+rightLayout=depth-columns-v1+leftGroup=4+rightGroup=4+leftStride=4+rightStride=4+padding=zero+alignment=8+block=15x7x31+panel=31+diagonal=0+rhs=0+batch=1+variant=current-tile-v1+timing=prepacked-compute,jvm-scalar/scalar/scalar/packed-4x4,5,2,1,4,139180,200259844,1438.855036643196,ns,ok,direct,prepacked-compute,50f1356ff734c61f359e46e821b0f580d6549e73,true,kotlin-2.4.10/jvm/Eclipse Adoptium/25.0.1/JMH 1.37/forks=1,1,3,200000000,gemm-add-v1+15x7x31+uniform,physical=4x4+leftLayout=depth-rows-v1+rightLayout=depth-columns-v1+leftGroup=4+rightGroup=4+leftStride=4+rightStride=4+padding=zero+alignment=8+block=15x7x31+panel=31+diagonal=0+rhs=0+batch=1+variant=current-tile-v1,tiles=8;leftDoubles=496;rightDoubles=248;outputDoubles=105;resetDoubles=105;scratchDoubles=16;triangleDoubles=0,jvm-scalar/portable-tile-v1/4x4,jmh-average-time-v1,200000000,1,1,score-times-operations
4,gemm-block+15x7x31+uniform+physical=4x4+work=gemm-add-v1+leftLayout=depth-rows-v1+rightLayout=depth-columns-v1+leftGroup=4+rightGroup=4+leftStride=4+rightStride=4+padding=zero+alignment=8+block=15x7x31+panel=31+diagonal=0+rhs=0+batch=1+variant=current-tile-v1+timing=prepacked-compute,jvm-scalar/scalar/scalar/packed-4x4,5,2,1,5,162693,200315562,1231.2488060334495,ns,ok,direct,prepacked-compute,50f1356ff734c61f359e46e821b0f580d6549e73,true,kotlin-2.4.10/jvm/Eclipse Adoptium/25.0.1/JMH 1.37/forks=1,1,3,200000000,gemm-add-v1+15x7x31+uniform,physical=4x4+leftLayout=depth-rows-v1+rightLayout=depth-columns-v1+leftGroup=4+rightGroup=4+leftStride=4+rightStride=4+padding=zero+alignment=8+block=15x7x31+panel=31+diagonal=0+rhs=0+batch=1+variant=current-tile-v1,tiles=8;leftDoubles=496;rightDoubles=248;outputDoubles=105;resetDoubles=105;scratchDoubles=16;triangleDoubles=0,jvm-scalar/portable-tile-v1/4x4,jmh-average-time-v1,200000000,1,1,score-times-operations
4,gemm-block+15x7x31+uniform+physical=4x4+work=gemm-add-v1+leftLayout=depth-rows-v1+rightLayout=depth-columns-v1+leftGroup=4+rightGroup=4+leftStride=4+rightStride=4+padding=zero+alignment=8+block=15x7x31+panel=31+diagonal=0+rhs=0+batch=1+variant=current-tile-v1+timing=pack-plus-compute,jvm-scalar/scalar/scalar/packed-4x4,5,2,1,1,90173,200139933,2219.510640657403,ns,ok,direct,pack-plus-compute,50f1356ff734c61f359e46e821b0f580d6549e73,true,kotlin-2.4.10/jvm/Eclipse Adoptium/25.0.1/JMH 1.37/forks=1,1,3,200000000,gemm-add-v1+15x7x31+uniform,physical=4x4+leftLayout=depth-rows-v1+rightLayout=depth-columns-v1+leftGroup=4+rightGroup=4+leftStride=4+rightStride=4+padding=zero+alignment=8+block=15x7x31+panel=31+diagonal=0+rhs=0+batch=1+variant=current-tile-v1,tiles=8;leftDoubles=496;rightDoubles=248;outputDoubles=105;resetDoubles=105;scratchDoubles=16;triangleDoubles=0,jvm-scalar/portable-tile-v1/4x4,jmh-average-time-v1,200000000,1,1,score-times-operations
4,gemm-block+15x7x31+uniform+physical=4x4+work=gemm-add-v1+leftLayout=depth-rows-v1+rightLayout=depth-columns-v1+leftGroup=4+rightGroup=4+leftStride=4+rightStride=4+padding=zero+alignment=8+block=15x7x31+panel=31+diagonal=0+rhs=0+batch=1+variant=current-tile-v1+timing=pack-plus-compute,jvm-scalar/scalar/scalar/packed-4x4,5,2,1,2,91344,200101855,2190.640381415309,ns,ok,direct,pack-plus-compute,50f1356ff734c61f359e46e821b0f580d6549e73,true,kotlin-2.4.10/jvm/Eclipse Adoptium/25.0.1/JMH 1.37/forks=1,1,3,200000000,gemm-add-v1+15x7x31+uniform,physical=4x4+leftLayout=depth-rows-v1+rightLayout=depth-columns-v1+leftGroup=4+rightGroup=4+leftStride=4+rightStride=4+padding=zero+alignment=8+block=15x7x31+panel=31+diagonal=0+rhs=0+batch=1+variant=current-tile-v1,tiles=8;leftDoubles=496;rightDoubles=248;outputDoubles=105;resetDoubles=105;scratchDoubles=16;triangleDoubles=0,jvm-scalar/portable-tile-v1/4x4,jmh-average-time-v1,200000000,1,1,score-times-operations
4,gemm-block+15x7x31+uniform+physical=4x4+work=gemm-add-v1+leftLayout=depth-rows-v1+rightLayout=depth-columns-v1+leftGroup=4+rightGroup=4+leftStride=4+rightStride=4+padding=zero+alignment=8+block=15x7x31+panel=31+diagonal=0+rhs=0+batch=1+variant=current-tile-v1+timing=pack-plus-compute,jvm-scalar/scalar/scalar/packed-4x4,5,2,1,3,99165,200107673,2017.9264155700096,ns,ok,direct,pack-plus-compute,50f1356ff734c61f359e46e821b0f580d6549e73,true,kotlin-2.4.10/jvm/Eclipse Adoptium/25.0.1/JMH 1.37/forks=1,1,3,200000000,gemm-add-v1+15x7x31+uniform,physical=4x4+leftLayout=depth-rows-v1+rightLayout=depth-columns-v1+leftGroup=4+rightGroup=4+leftStride=4+rightStride=4+padding=zero+alignment=8+block=15x7x31+panel=31+diagonal=0+rhs=0+batch=1+variant=current-tile-v1,tiles=8;leftDoubles=496;rightDoubles=248;outputDoubles=105;resetDoubles=105;scratchDoubles=16;triangleDoubles=0,jvm-scalar/portable-tile-v1/4x4,jmh-average-time-v1,200000000,1,1,score-times-operations
4,gemm-block+15x7x31+uniform+physical=4x4+work=gemm-add-v1+leftLayout=depth-rows-v1+rightLayout=depth-columns-v1+leftGroup=4+rightGroup=4+leftStride=4+rightStride=4+padding=zero+alignment=8+block=15x7x31+panel=31+diagonal=0+rhs=0+batch=1+variant=current-tile-v1+timing=pack-plus-compute,jvm-scalar/scalar/scalar/packed-4x4,5,2,1,4,94901,200157527,2109.119261124751,ns,ok,direct,pack-plus-compute,50f1356ff734c61f359e46e821b0f580d6549e73,true,kotlin-2.4.10/jvm/Eclipse Adoptium/25.0.1/JMH 1.37/forks=1,1,3,200000000,gemm-add-v1+15x7x31+uniform,physical=4x4+leftLayout=depth-rows-v1+rightLayout=depth-columns-v1+leftGroup=4+rightGroup=4+leftStride=4+rightStride=4+padding=zero+alignment=8+block=15x7x31+panel=31+diagonal=0+rhs=0+batch=1+variant=current-tile-v1,tiles=8;leftDoubles=496;rightDoubles=248;outputDoubles=105;resetDoubles=105;scratchDoubles=16;triangleDoubles=0,jvm-scalar/portable-tile-v1/4x4,jmh-average-time-v1,200000000,1,1,score-times-operations
4,gemm-block+15x7x31+uniform+physical=4x4+work=gemm-add-v1+leftLayout=depth-rows-v1+rightLayout=depth-columns-v1+leftGroup=4+rightGroup=4+leftStride=4+rightStride=4+padding=zero+alignment=8+block=15x7x31+panel=31+diagonal=0+rhs=0+batch=1+variant=current-tile-v1+timing=pack-plus-compute,jvm-scalar/scalar/scalar/packed-4x4,5,2,1,5,90316,200107119,2215.6330993400948,ns,ok,direct,pack-plus-compute,50f1356ff734c61f359e46e821b0f580d6549e73,true,kotlin-2.4.10/jvm/Eclipse Adoptium/25.0.1/JMH 1.37/forks=1,1,3,200000000,gemm-add-v1+15x7x31+uniform,physical=4x4+leftLayout=depth-rows-v1+rightLayout=depth-columns-v1+leftGroup=4+rightGroup=4+leftStride=4+rightStride=4+padding=zero+alignment=8+block=15x7x31+panel=31+diagonal=0+rhs=0+batch=1+variant=current-tile-v1,tiles=8;leftDoubles=496;rightDoubles=248;outputDoubles=105;resetDoubles=105;scratchDoubles=16;triangleDoubles=0,jvm-scalar/portable-tile-v1/4x4,jmh-average-time-v1,200000000,1,1,score-times-operations
4,gemm-block+32x16x65+uniform+physical=4x4+work=gemm-add-v1+leftLayout=depth-rows-v1+rightLayout=depth-columns-v1+leftGroup=4+rightGroup=4+leftStride=4+rightStride=4+padding=zero+alignment=8+block=32x16x65+panel=65+diagonal=0+rhs=0+batch=1+variant=current-tile-v1+timing=prepacked-compute,jvm-scalar/scalar/scalar/packed-4x4,5,2,1,1,17289,200139484,11576.11683729539,ns,ok,direct,prepacked-compute,50f1356ff734c61f359e46e821b0f580d6549e73,true,kotlin-2.4.10/jvm/Eclipse Adoptium/25.0.1/JMH 1.37/forks=1,1,3,200000000,gemm-add-v1+32x16x65+uniform,physical=4x4+leftLayout=depth-rows-v1+rightLayout=depth-columns-v1+leftGroup=4+rightGroup=4+leftStride=4+rightStride=4+padding=zero+alignment=8+block=32x16x65+panel=65+diagonal=0+rhs=0+batch=1+variant=current-tile-v1,tiles=32;leftDoubles=2080;rightDoubles=1040;outputDoubles=512;resetDoubles=512;scratchDoubles=16;triangleDoubles=0,jvm-scalar/portable-tile-v1/4x4,jmh-average-time-v1,200000000,1,1,score-times-operations
4,gemm-block+32x16x65+uniform+physical=4x4+work=gemm-add-v1+leftLayout=depth-rows-v1+rightLayout=depth-columns-v1+leftGroup=4+rightGroup=4+leftStride=4+rightStride=4+padding=zero+alignment=8+block=32x16x65+panel=65+diagonal=0+rhs=0+batch=1+variant=current-tile-v1+timing=prepacked-compute,jvm-scalar/scalar/scalar/packed-4x4,5,2,1,2,13662,200213743,14654.790147855365,ns,ok,direct,prepacked-compute,50f1356ff734c61f359e46e821b0f580d6549e73,true,kotlin-2.4.10/jvm/Eclipse Adoptium/25.0.1/JMH 1.37/forks=1,1,3,200000000,gemm-add-v1+32x16x65+uniform,physical=4x4+leftLayout=depth-rows-v1+rightLayout=depth-columns-v1+leftGroup=4+rightGroup=4+leftStride=4+rightStride=4+padding=zero+alignment=8+block=32x16x65+panel=65+diagonal=0+rhs=0+batch=1+variant=current-tile-v1,tiles=32;leftDoubles=2080;rightDoubles=1040;outputDoubles=512;resetDoubles=512;scratchDoubles=16;triangleDoubles=0,jvm-scalar/portable-tile-v1/4x4,jmh-average-time-v1,200000000,1,1,score-times-operations
4,gemm-block+32x16x65+uniform+physical=4x4+work=gemm-add-v1+leftLayout=depth-rows-v1+rightLayout=depth-columns-v1+leftGroup=4+rightGroup=4+leftStride=4+rightStride=4+padding=zero+alignment=8+block=32x16x65+panel=65+diagonal=0+rhs=0+batch=1+variant=current-tile-v1+timing=prepacked-compute,jvm-scalar/scalar/scalar/packed-4x4,5,2,1,3,17399,200199421,11506.375136502098,ns,ok,direct,prepacked-compute,50f1356ff734c61f359e46e821b0f580d6549e73,true,kotlin-2.4.10/jvm/Eclipse Adoptium/25.0.1/JMH 1.37/forks=1,1,3,200000000,gemm-add-v1+32x16x65+uniform,physical=4x4+leftLayout=depth-rows-v1+rightLayout=depth-columns-v1+leftGroup=4+rightGroup=4+leftStride=4+rightStride=4+padding=zero+alignment=8+block=32x16x65+panel=65+diagonal=0+rhs=0+batch=1+variant=current-tile-v1,tiles=32;leftDoubles=2080;rightDoubles=1040;outputDoubles=512;resetDoubles=512;scratchDoubles=16;triangleDoubles=0,jvm-scalar/portable-tile-v1/4x4,jmh-average-time-v1,200000000,1,1,score-times-operations
4,gemm-block+32x16x65+uniform+physical=4x4+work=gemm-add-v1+leftLayout=depth-rows-v1+rightLayout=depth-columns-v1+leftGroup=4+rightGroup=4+leftStride=4+rightStride=4+padding=zero+alignment=8+block=32x16x65+panel=65+diagonal=0+rhs=0+batch=1+variant=current-tile-v1+timing=prepacked-compute,jvm-scalar/scalar/scalar/packed-4x4,5,2,1,4,16516,200094522,12115.19266166142,ns,ok,direct,prepacked-compute,50f1356ff734c61f359e46e821b0f580d6549e73,true,kotlin-2.4.10/jvm/Eclipse Adoptium/25.0.1/JMH 1.37/forks=1,1,3,200000000,gemm-add-v1+32x16x65+uniform,physical=4x4+leftLayout=depth-rows-v1+rightLayout=depth-columns-v1+leftGroup=4+rightGroup=4+leftStride=4+rightStride=4+padding=zero+alignment=8+block=32x16x65+panel=65+diagonal=0+rhs=0+batch=1+variant=current-tile-v1,tiles=32;leftDoubles=2080;rightDoubles=1040;outputDoubles=512;resetDoubles=512;scratchDoubles=16;triangleDoubles=0,jvm-scalar/portable-tile-v1/4x4,jmh-average-time-v1,200000000,1,1,score-times-operations
4,gemm-block+32x16x65+uniform+physical=4x4+work=gemm-add-v1+leftLayout=depth-rows-v1+rightLayout=depth-columns-v1+leftGroup=4+rightGroup=4+leftStride=4+rightStride=4+padding=zero+alignment=8+block=32x16x65+panel=65+diagonal=0+rhs=0+batch=1+variant=current-tile-v1+timing=prepacked-compute,jvm-scalar/scalar/scalar/packed-4x4,5,2,1,5,17894,200271837,11192.122331507768,ns,ok,direct,prepacked-compute,50f1356ff734c61f359e46e821b0f580d6549e73,true,kotlin-2.4.10/jvm/Eclipse Adoptium/25.0.1/JMH 1.37/forks=1,1,3,200000000,gemm-add-v1+32x16x65+uniform,physical=4x4+leftLayout=depth-rows-v1+rightLayout=depth-columns-v1+leftGroup=4+rightGroup=4+leftStride=4+rightStride=4+padding=zero+alignment=8+block=32x16x65+panel=65+diagonal=0+rhs=0+batch=1+variant=current-tile-v1,tiles=32;leftDoubles=2080;rightDoubles=1040;outputDoubles=512;resetDoubles=512;scratchDoubles=16;triangleDoubles=0,jvm-scalar/portable-tile-v1/4x4,jmh-average-time-v1,200000000,1,1,score-times-operations
4,gemm-block+32x16x65+uniform+physical=4x4+work=gemm-add-v1+leftLayout=depth-rows-v1+rightLayout=depth-columns-v1+leftGroup=4+rightGroup=4+leftStride=4+rightStride=4+padding=zero+alignment=8+block=32x16x65+panel=65+diagonal=0+rhs=0+batch=1+variant=current-tile-v1+timing=pack-plus-compute,jvm-scalar/scalar/scalar/packed-4x4,5,2,1,1,9512,200195661,21046.64224137931,ns,ok,direct,pack-plus-compute,50f1356ff734c61f359e46e821b0f580d6549e73,true,kotlin-2.4.10/jvm/Eclipse Adoptium/25.0.1/JMH 1.37/forks=1,1,3,200000000,gemm-add-v1+32x16x65+uniform,physical=4x4+leftLayout=depth-rows-v1+rightLayout=depth-columns-v1+leftGroup=4+rightGroup=4+leftStride=4+rightStride=4+padding=zero+alignment=8+block=32x16x65+panel=65+diagonal=0+rhs=0+batch=1+variant=current-tile-v1,tiles=32;leftDoubles=2080;rightDoubles=1040;outputDoubles=512;resetDoubles=512;scratchDoubles=16;triangleDoubles=0,jvm-scalar/portable-tile-v1/4x4,jmh-average-time-v1,200000000,1,1,score-times-operations
4,gemm-block+32x16x65+uniform+physical=4x4+work=gemm-add-v1+leftLayout=depth-rows-v1+rightLayout=depth-columns-v1+leftGroup=4+rightGroup=4+leftStride=4+rightStride=4+padding=zero+alignment=8+block=32x16x65+panel=65+diagonal=0+rhs=0+batch=1+variant=current-tile-v1+timing=pack-plus-compute,jvm-scalar/scalar/scalar/packed-4x4,5,2,1,2,10932,200193810,18312.64270032931,ns,ok,direct,pack-plus-compute,50f1356ff734c61f359e46e821b0f580d6549e73,true,kotlin-2.4.10/jvm/Eclipse Adoptium/25.0.1/JMH 1.37/forks=1,1,3,200000000,gemm-add-v1+32x16x65+uniform,physical=4x4+leftLayout=depth-rows-v1+rightLayout=depth-columns-v1+leftGroup=4+rightGroup=4+leftStride=4+rightStride=4+padding=zero+alignment=8+block=32x16x65+panel=65+diagonal=0+rhs=0+batch=1+variant=current-tile-v1,tiles=32;leftDoubles=2080;rightDoubles=1040;outputDoubles=512;resetDoubles=512;scratchDoubles=16;triangleDoubles=0,jvm-scalar/portable-tile-v1/4x4,jmh-average-time-v1,200000000,1,1,score-times-operations
4,gemm-block+32x16x65+uniform+physical=4x4+work=gemm-add-v1+leftLayout=depth-rows-v1+rightLayout=depth-columns-v1+leftGroup=4+rightGroup=4+leftStride=4+rightStride=4+padding=zero+alignment=8+block=32x16x65+panel=65+diagonal=0+rhs=0+batch=1+variant=current-tile-v1+timing=pack-plus-compute,jvm-scalar/scalar/scalar/packed-4x4,5,2,1,3,13903,200185118,14398.69941739193,ns,ok,direct,pack-plus-compute,50f1356ff734c61f359e46e821b0f580d6549e73,true,kotlin-2.4.10/jvm/Eclipse Adoptium/25.0.1/JMH 1.37/forks=1,1,3,200000000,gemm-add-v1+32x16x65+uniform,physical=4x4+leftLayout=depth-rows-v1+rightLayout=depth-columns-v1+leftGroup=4+rightGroup=4+leftStride=4+rightStride=4+padding=zero+alignment=8+block=32x16x65+panel=65+diagonal=0+rhs=0+batch=1+variant=current-tile-v1,tiles=32;leftDoubles=2080;rightDoubles=1040;outputDoubles=512;resetDoubles=512;scratchDoubles=16;triangleDoubles=0,jvm-scalar/portable-tile-v1/4x4,jmh-average-time-v1,200000000,1,1,score-times-operations
4,gemm-block+32x16x65+uniform+physical=4x4+work=gemm-add-v1+leftLayout=depth-rows-v1+rightLayout=depth-columns-v1+leftGroup=4+rightGroup=4+leftStride=4+rightStride=4+padding=zero+alignment=8+block=32x16x65+panel=65+diagonal=0+rhs=0+batch=1+variant=current-tile-v1+timing=pack-plus-compute,jvm-scalar/scalar/scalar/packed-4x4,5,2,1,4,12769,200147823,15674.510376693555,ns,ok,direct,pack-plus-compute,50f1356ff734c61f359e46e821b0f580d6549e73,true,kotlin-2.4.10/jvm/Eclipse Adoptium/25.0.1/JMH 1.37/forks=1,1,3,200000000,gemm-add-v1+32x16x65+uniform,physical=4x4+leftLayout=depth-rows-v1+rightLayout=depth-columns-v1+leftGroup=4+rightGroup=4+leftStride=4+rightStride=4+padding=zero+alignment=8+block=32x16x65+panel=65+diagonal=0+rhs=0+batch=1+variant=current-tile-v1,tiles=32;leftDoubles=2080;rightDoubles=1040;outputDoubles=512;resetDoubles=512;scratchDoubles=16;triangleDoubles=0,jvm-scalar/portable-tile-v1/4x4,jmh-average-time-v1,200000000,1,1,score-times-operations
4,gemm-block+32x16x65+uniform+physical=4x4+work=gemm-add-v1+leftLayout=depth-rows-v1+rightLayout=depth-columns-v1+leftGroup=4+rightGroup=4+leftStride=4+rightStride=4+padding=zero+alignment=8+block=32x16x65+panel=65+diagonal=0+rhs=0+batch=1+variant=current-tile-v1+timing=pack-plus-compute,jvm-scalar/scalar/scalar/packed-4x4,5,2,1,5,13446,200135025,14884.354082998661,ns,ok,direct,pack-plus-compute,50f1356ff734c61f359e46e821b0f580d6549e73,true,kotlin-2.4.10/jvm/Eclipse Adoptium/25.0.1/JMH 1.37/forks=1,1,3,200000000,gemm-add-v1+32x16x65+uniform,physical=4x4+leftLayout=depth-rows-v1+rightLayout=depth-columns-v1+leftGroup=4+rightGroup=4+leftStride=4+rightStride=4+padding=zero+alignment=8+block=32x16x65+panel=65+diagonal=0+rhs=0+batch=1+variant=current-tile-v1,tiles=32;leftDoubles=2080;rightDoubles=1040;outputDoubles=512;resetDoubles=512;scratchDoubles=16;triangleDoubles=0,jvm-scalar/portable-tile-v1/4x4,jmh-average-time-v1,200000000,1,1,score-times-operations
4,gemm-block+15x7x31+uniform+physical=8x4+work=gemm-add-v1+leftLayout=depth-rows-v1+rightLayout=depth-columns-v1+leftGroup=8+rightGroup=4+leftStride=8+rightStride=4+padding=zero+alignment=8+block=15x7x31+panel=31+diagonal=0+rhs=0+batch=1+variant=current-tile-v1+timing=prepacked-compute,jvm-scalar/scalar/scalar/packed-4x4,5,2,1,0,0,0,,ns,unsupported,unsupported,arithmetic,50f1356ff734c61f359e46e821b0f580d6549e73,true,kotlin-2.4.10/jvm/Eclipse Adoptium/25.0.1,1,3,200000000,gemm-add-v1+15x7x31+uniform,physical=8x4+leftLayout=depth-rows-v1+rightLayout=depth-columns-v1+leftGroup=8+rightGroup=4+leftStride=8+rightStride=4+padding=zero+alignment=8+block=15x7x31+panel=31+diagonal=0+rhs=0+batch=1+variant=current-tile-v1,tiles=4;leftDoubles=496;rightDoubles=248;outputDoubles=105;resetDoubles=105;scratchDoubles=32;triangleDoubles=0,unavailable,jmh-average-time-v1,200000000,0,1,score-times-operations
4,gemm-block+15x7x31+uniform+physical=8x4+work=gemm-add-v1+leftLayout=depth-rows-v1+rightLayout=depth-columns-v1+leftGroup=8+rightGroup=4+leftStride=8+rightStride=4+padding=zero+alignment=8+block=15x7x31+panel=31+diagonal=0+rhs=0+batch=1+variant=current-tile-v1+timing=pack-plus-compute,jvm-scalar/scalar/scalar/packed-4x4,5,2,1,0,0,0,,ns,unsupported,unsupported,arithmetic,50f1356ff734c61f359e46e821b0f580d6549e73,true,kotlin-2.4.10/jvm/Eclipse Adoptium/25.0.1,1,3,200000000,gemm-add-v1+15x7x31+uniform,physical=8x4+leftLayout=depth-rows-v1+rightLayout=depth-columns-v1+leftGroup=8+rightGroup=4+leftStride=8+rightStride=4+padding=zero+alignment=8+block=15x7x31+panel=31+diagonal=0+rhs=0+batch=1+variant=current-tile-v1,tiles=4;leftDoubles=496;rightDoubles=248;outputDoubles=105;resetDoubles=105;scratchDoubles=32;triangleDoubles=0,unavailable,jmh-average-time-v1,200000000,0,1,score-times-operations
4,gemm-block+32x16x65+uniform+physical=8x4+work=gemm-add-v1+leftLayout=depth-rows-v1+rightLayout=depth-columns-v1+leftGroup=8+rightGroup=4+leftStride=8+rightStride=4+padding=zero+alignment=8+block=32x16x65+panel=65+diagonal=0+rhs=0+batch=1+variant=current-tile-v1+timing=prepacked-compute,jvm-scalar/scalar/scalar/packed-4x4,5,2,1,0,0,0,,ns,unsupported,unsupported,arithmetic,50f1356ff734c61f359e46e821b0f580d6549e73,true,kotlin-2.4.10/jvm/Eclipse Adoptium/25.0.1,1,3,200000000,gemm-add-v1+32x16x65+uniform,physical=8x4+leftLayout=depth-rows-v1+rightLayout=depth-columns-v1+leftGroup=8+rightGroup=4+leftStride=8+rightStride=4+padding=zero+alignment=8+block=32x16x65+panel=65+diagonal=0+rhs=0+batch=1+variant=current-tile-v1,tiles=16;leftDoubles=2080;rightDoubles=1040;outputDoubles=512;resetDoubles=512;scratchDoubles=32;triangleDoubles=0,unavailable,jmh-average-time-v1,200000000,0,1,score-times-operations
4,gemm-block+32x16x65+uniform+physical=8x4+work=gemm-add-v1+leftLayout=depth-rows-v1+rightLayout=depth-columns-v1+leftGroup=8+rightGroup=4+leftStride=8+rightStride=4+padding=zero+alignment=8+block=32x16x65+panel=65+diagonal=0+rhs=0+batch=1+variant=current-tile-v1+timing=pack-plus-compute,jvm-scalar/scalar/scalar/packed-4x4,5,2,1,0,0,0,,ns,unsupported,unsupported,arithmetic,50f1356ff734c61f359e46e821b0f580d6549e73,true,kotlin-2.4.10/jvm/Eclipse Adoptium/25.0.1,1,3,200000000,gemm-add-v1+32x16x65+uniform,physical=8x4+leftLayout=depth-rows-v1+rightLayout=depth-columns-v1+leftGroup=8+rightGroup=4+leftStride=8+rightStride=4+padding=zero+alignment=8+block=32x16x65+panel=65+diagonal=0+rhs=0+batch=1+variant=current-tile-v1,tiles=16;leftDoubles=2080;rightDoubles=1040;outputDoubles=512;resetDoubles=512;scratchDoubles=32;triangleDoubles=0,unavailable,jmh-average-time-v1,200000000,0,1,score-times-operations
