schema,case,implementation,workload_version,fixture_version,pass,sample,operations,elapsed_ns,ns_per_op,unit,status,comparison_kind,timing_mode,source_commit,dirty,runtime,threads,warmups,target_ns,logical_id,configuration,physical_work,actual_kernel,harness,warmup_target_ns,fork,forks,elapsed_kind
4,gemm-tile+4x4x32+uniform+physical=4x4+work=gemm-add-v1+leftLayout=depth-rows-v1+rightLayout=depth-columns-v1+leftGroup=4+rightGroup=4+leftStride=4+rightStride=4+padding=zero+alignment=8+block=4x4x32+panel=32+diagonal=0+rhs=0+batch=1+variant=current-tile-v1+timing=raw-tile,jvm-simd/simd(4 lanes)/simd-sparse/packed-8x4,5,2,1,0,0,0,,ns,unsupported,unsupported,arithmetic,50f1356ff734c61f359e46e821b0f580d6549e73,true,kotlin-2.4.10/jvm/Eclipse Adoptium/25.0.1,1,3,200000000,gemm-add-v1+4x4x32+uniform,physical=4x4+leftLayout=depth-rows-v1+rightLayout=depth-columns-v1+leftGroup=4+rightGroup=4+leftStride=4+rightStride=4+padding=zero+alignment=8+block=4x4x32+panel=32+diagonal=0+rhs=0+batch=1+variant=current-tile-v1,tiles=1;leftDoubles=128;rightDoubles=128;outputDoubles=16;resetDoubles=16;scratchDoubles=0;triangleDoubles=0,unavailable,jmh-average-time-v1,200000000,0,1,score-times-operations
4,gemm-tile+3x2x31+uniform+physical=4x4+work=gemm-add-v1+leftLayout=depth-rows-v1+rightLayout=depth-columns-v1+leftGroup=4+rightGroup=4+leftStride=4+rightStride=4+padding=zero+alignment=8+block=3x2x31+panel=31+diagonal=0+rhs=0+batch=1+variant=current-tile-v1+timing=raw-tile,jvm-simd/simd(4 lanes)/simd-sparse/packed-8x4,5,2,1,0,0,0,,ns,unsupported,unsupported,arithmetic,50f1356ff734c61f359e46e821b0f580d6549e73,true,kotlin-2.4.10/jvm/Eclipse Adoptium/25.0.1,1,3,200000000,gemm-add-v1+3x2x31+uniform,physical=4x4+leftLayout=depth-rows-v1+rightLayout=depth-columns-v1+leftGroup=4+rightGroup=4+leftStride=4+rightStride=4+padding=zero+alignment=8+block=3x2x31+panel=31+diagonal=0+rhs=0+batch=1+variant=current-tile-v1,tiles=1;leftDoubles=124;rightDoubles=124;outputDoubles=16;resetDoubles=16;scratchDoubles=0;triangleDoubles=0,unavailable,jmh-average-time-v1,200000000,0,1,score-times-operations
4,packed-trsm+4x4+triangular+physical=4x4+uplo=L+diag=N+work=right-solve-v1+leftLayout=depth-rows-v1+rightLayout=depth-columns-v1+leftGroup=4+rightGroup=4+leftStride=4+rightStride=4+padding=zero+alignment=8+block=4x4x4+panel=4+diagonal=4+rhs=4+batch=1+variant=current-tile-v1+timing=raw-tile,jvm-simd/simd(4 lanes)/simd-sparse/packed-8x4,5,2,1,0,0,0,,ns,unsupported,unsupported,arithmetic,50f1356ff734c61f359e46e821b0f580d6549e73,true,kotlin-2.4.10/jvm/Eclipse Adoptium/25.0.1,1,3,200000000,right-solve-v1+4x4+triangular+uplo=L+diag=N,physical=4x4+leftLayout=depth-rows-v1+rightLayout=depth-columns-v1+leftGroup=4+rightGroup=4+leftStride=4+rightStride=4+padding=zero+alignment=8+block=4x4x4+panel=4+diagonal=4+rhs=4+batch=1+variant=current-tile-v1,tiles=1;leftDoubles=0;rightDoubles=0;outputDoubles=16;resetDoubles=16;scratchDoubles=0;triangleDoubles=16,unavailable,jmh-average-time-v1,200000000,0,1,score-times-operations
4,packed-trsm+3x2+triangular+physical=4x4+uplo=U+diag=U+work=right-solve-v1+leftLayout=depth-rows-v1+rightLayout=depth-columns-v1+leftGroup=4+rightGroup=4+leftStride=4+rightStride=4+padding=zero+alignment=8+block=3x2x2+panel=2+diagonal=2+rhs=3+batch=1+variant=current-tile-v1+timing=raw-tile,jvm-simd/simd(4 lanes)/simd-sparse/packed-8x4,5,2,1,0,0,0,,ns,unsupported,unsupported,arithmetic,50f1356ff734c61f359e46e821b0f580d6549e73,true,kotlin-2.4.10/jvm/Eclipse Adoptium/25.0.1,1,3,200000000,right-solve-v1+3x2+triangular+uplo=U+diag=U,physical=4x4+leftLayout=depth-rows-v1+rightLayout=depth-columns-v1+leftGroup=4+rightGroup=4+leftStride=4+rightStride=4+padding=zero+alignment=8+block=3x2x2+panel=2+diagonal=2+rhs=3+batch=1+variant=current-tile-v1,tiles=1;leftDoubles=0;rightDoubles=0;outputDoubles=16;resetDoubles=16;scratchDoubles=0;triangleDoubles=16,unavailable,jmh-average-time-v1,200000000,0,1,score-times-operations
4,gemm-trsm+4x4x32+triangular+physical=4x4+uplo=L+diag=N+work=update-solve-v1+leftLayout=depth-rows-v1+rightLayout=depth-columns-v1+leftGroup=4+rightGroup=4+leftStride=4+rightStride=4+padding=zero+alignment=8+block=4x4x32+panel=32+diagonal=4+rhs=4+batch=1+variant=current-tile-v1+timing=raw-tile,jvm-simd/simd(4 lanes)/simd-sparse/packed-8x4,5,2,1,0,0,0,,ns,unsupported,unsupported,arithmetic,50f1356ff734c61f359e46e821b0f580d6549e73,true,kotlin-2.4.10/jvm/Eclipse Adoptium/25.0.1,1,3,200000000,update-solve-v1+4x4x32+triangular+uplo=L+diag=N,physical=4x4+leftLayout=depth-rows-v1+rightLayout=depth-columns-v1+leftGroup=4+rightGroup=4+leftStride=4+rightStride=4+padding=zero+alignment=8+block=4x4x32+panel=32+diagonal=4+rhs=4+batch=1+variant=current-tile-v1,tiles=1;leftDoubles=128;rightDoubles=128;outputDoubles=16;resetDoubles=16;scratchDoubles=0;triangleDoubles=16,unavailable,jmh-average-time-v1,200000000,0,1,score-times-operations
4,gemm-trsm+3x2x31+triangular+physical=4x4+uplo=U+diag=U+work=update-solve-v1+leftLayout=depth-rows-v1+rightLayout=depth-columns-v1+leftGroup=4+rightGroup=4+leftStride=4+rightStride=4+padding=zero+alignment=8+block=3x2x31+panel=31+diagonal=2+rhs=3+batch=1+variant=current-tile-v1+timing=raw-tile,jvm-simd/simd(4 lanes)/simd-sparse/packed-8x4,5,2,1,0,0,0,,ns,unsupported,unsupported,arithmetic,50f1356ff734c61f359e46e821b0f580d6549e73,true,kotlin-2.4.10/jvm/Eclipse Adoptium/25.0.1,1,3,200000000,update-solve-v1+3x2x31+triangular+uplo=U+diag=U,physical=4x4+leftLayout=depth-rows-v1+rightLayout=depth-columns-v1+leftGroup=4+rightGroup=4+leftStride=4+rightStride=4+padding=zero+alignment=8+block=3x2x31+panel=31+diagonal=2+rhs=3+batch=1+variant=current-tile-v1,tiles=1;leftDoubles=124;rightDoubles=124;outputDoubles=16;resetDoubles=16;scratchDoubles=0;triangleDoubles=16,unavailable,jmh-average-time-v1,200000000,0,1,score-times-operations
4,gemm-tile+8x4x32+uniform+physical=8x4+work=gemm-add-v1+leftLayout=depth-rows-v1+rightLayout=depth-columns-v1+leftGroup=8+rightGroup=4+leftStride=8+rightStride=4+padding=zero+alignment=8+block=8x4x32+panel=32+diagonal=0+rhs=0+batch=1+variant=current-tile-v1+timing=raw-tile,jvm-simd/simd(4 lanes)/simd-sparse/packed-8x4,5,2,1,1,3886488,200156716,51.500664867613125,ns,ok,partial,raw-tile,50f1356ff734c61f359e46e821b0f580d6549e73,true,kotlin-2.4.10/jvm/Eclipse Adoptium/25.0.1/JMH 1.37/forks=1,1,3,200000000,gemm-add-v1+8x4x32+uniform,physical=8x4+leftLayout=depth-rows-v1+rightLayout=depth-columns-v1+leftGroup=8+rightGroup=4+leftStride=8+rightStride=4+padding=zero+alignment=8+block=8x4x32+panel=32+diagonal=0+rhs=0+batch=1+variant=current-tile-v1,tiles=1;leftDoubles=256;rightDoubles=128;outputDoubles=32;resetDoubles=32;scratchDoubles=0;triangleDoubles=0,jvm-simd/vector-tile-v1/8x4,jmh-average-time-v1,200000000,1,1,score-times-operations
4,gemm-tile+8x4x32+uniform+physical=8x4+work=gemm-add-v1+leftLayout=depth-rows-v1+rightLayout=depth-columns-v1+leftGroup=8+rightGroup=4+leftStride=8+rightStride=4+padding=zero+alignment=8+block=8x4x32+panel=32+diagonal=0+rhs=0+batch=1+variant=current-tile-v1+timing=raw-tile,jvm-simd/simd(4 lanes)/simd-sparse/packed-8x4,5,2,1,2,3852729,200100226,51.93726991958168,ns,ok,partial,raw-tile,50f1356ff734c61f359e46e821b0f580d6549e73,true,kotlin-2.4.10/jvm/Eclipse Adoptium/25.0.1/JMH 1.37/forks=1,1,3,200000000,gemm-add-v1+8x4x32+uniform,physical=8x4+leftLayout=depth-rows-v1+rightLayout=depth-columns-v1+leftGroup=8+rightGroup=4+leftStride=8+rightStride=4+padding=zero+alignment=8+block=8x4x32+panel=32+diagonal=0+rhs=0+batch=1+variant=current-tile-v1,tiles=1;leftDoubles=256;rightDoubles=128;outputDoubles=32;resetDoubles=32;scratchDoubles=0;triangleDoubles=0,jvm-simd/vector-tile-v1/8x4,jmh-average-time-v1,200000000,1,1,score-times-operations
4,gemm-tile+8x4x32+uniform+physical=8x4+work=gemm-add-v1+leftLayout=depth-rows-v1+rightLayout=depth-columns-v1+leftGroup=8+rightGroup=4+leftStride=8+rightStride=4+padding=zero+alignment=8+block=8x4x32+panel=32+diagonal=0+rhs=0+batch=1+variant=current-tile-v1+timing=raw-tile,jvm-simd/simd(4 lanes)/simd-sparse/packed-8x4,5,2,1,3,3898218,200123296,51.3371227571162,ns,ok,partial,raw-tile,50f1356ff734c61f359e46e821b0f580d6549e73,true,kotlin-2.4.10/jvm/Eclipse Adoptium/25.0.1/JMH 1.37/forks=1,1,3,200000000,gemm-add-v1+8x4x32+uniform,physical=8x4+leftLayout=depth-rows-v1+rightLayout=depth-columns-v1+leftGroup=8+rightGroup=4+leftStride=8+rightStride=4+padding=zero+alignment=8+block=8x4x32+panel=32+diagonal=0+rhs=0+batch=1+variant=current-tile-v1,tiles=1;leftDoubles=256;rightDoubles=128;outputDoubles=32;resetDoubles=32;scratchDoubles=0;triangleDoubles=0,jvm-simd/vector-tile-v1/8x4,jmh-average-time-v1,200000000,1,1,score-times-operations
4,gemm-tile+8x4x32+uniform+physical=8x4+work=gemm-add-v1+leftLayout=depth-rows-v1+rightLayout=depth-columns-v1+leftGroup=8+rightGroup=4+leftStride=8+rightStride=4+padding=zero+alignment=8+block=8x4x32+panel=32+diagonal=0+rhs=0+batch=1+variant=current-tile-v1+timing=raw-tile,jvm-simd/simd(4 lanes)/simd-sparse/packed-8x4,5,2,1,4,3724181,200151173,53.74367491805581,ns,ok,partial,raw-tile,50f1356ff734c61f359e46e821b0f580d6549e73,true,kotlin-2.4.10/jvm/Eclipse Adoptium/25.0.1/JMH 1.37/forks=1,1,3,200000000,gemm-add-v1+8x4x32+uniform,physical=8x4+leftLayout=depth-rows-v1+rightLayout=depth-columns-v1+leftGroup=8+rightGroup=4+leftStride=8+rightStride=4+padding=zero+alignment=8+block=8x4x32+panel=32+diagonal=0+rhs=0+batch=1+variant=current-tile-v1,tiles=1;leftDoubles=256;rightDoubles=128;outputDoubles=32;resetDoubles=32;scratchDoubles=0;triangleDoubles=0,jvm-simd/vector-tile-v1/8x4,jmh-average-time-v1,200000000,1,1,score-times-operations
4,gemm-tile+8x4x32+uniform+physical=8x4+work=gemm-add-v1+leftLayout=depth-rows-v1+rightLayout=depth-columns-v1+leftGroup=8+rightGroup=4+leftStride=8+rightStride=4+padding=zero+alignment=8+block=8x4x32+panel=32+diagonal=0+rhs=0+batch=1+variant=current-tile-v1+timing=raw-tile,jvm-simd/simd(4 lanes)/simd-sparse/packed-8x4,5,2,1,5,3889511,200166106,51.463051782087774,ns,ok,partial,raw-tile,50f1356ff734c61f359e46e821b0f580d6549e73,true,kotlin-2.4.10/jvm/Eclipse Adoptium/25.0.1/JMH 1.37/forks=1,1,3,200000000,gemm-add-v1+8x4x32+uniform,physical=8x4+leftLayout=depth-rows-v1+rightLayout=depth-columns-v1+leftGroup=8+rightGroup=4+leftStride=8+rightStride=4+padding=zero+alignment=8+block=8x4x32+panel=32+diagonal=0+rhs=0+batch=1+variant=current-tile-v1,tiles=1;leftDoubles=256;rightDoubles=128;outputDoubles=32;resetDoubles=32;scratchDoubles=0;triangleDoubles=0,jvm-simd/vector-tile-v1/8x4,jmh-average-time-v1,200000000,1,1,score-times-operations
4,gemm-tile+7x2x31+uniform+physical=8x4+work=gemm-add-v1+leftLayout=depth-rows-v1+rightLayout=depth-columns-v1+leftGroup=8+rightGroup=4+leftStride=8+rightStride=4+padding=zero+alignment=8+block=7x2x31+panel=31+diagonal=0+rhs=0+batch=1+variant=current-tile-v1+timing=raw-tile,jvm-simd/simd(4 lanes)/simd-sparse/packed-8x4,5,2,1,1,3988144,200222171,50.20434843877252,ns,ok,partial,raw-tile,50f1356ff734c61f359e46e821b0f580d6549e73,true,kotlin-2.4.10/jvm/Eclipse Adoptium/25.0.1/JMH 1.37/forks=1,1,3,200000000,gemm-add-v1+7x2x31+uniform,physical=8x4+leftLayout=depth-rows-v1+rightLayout=depth-columns-v1+leftGroup=8+rightGroup=4+leftStride=8+rightStride=4+padding=zero+alignment=8+block=7x2x31+panel=31+diagonal=0+rhs=0+batch=1+variant=current-tile-v1,tiles=1;leftDoubles=248;rightDoubles=124;outputDoubles=32;resetDoubles=32;scratchDoubles=0;triangleDoubles=0,jvm-simd/vector-tile-v1/8x4,jmh-average-time-v1,200000000,1,1,score-times-operations
4,gemm-tile+7x2x31+uniform+physical=8x4+work=gemm-add-v1+leftLayout=depth-rows-v1+rightLayout=depth-columns-v1+leftGroup=8+rightGroup=4+leftStride=8+rightStride=4+padding=zero+alignment=8+block=7x2x31+panel=31+diagonal=0+rhs=0+batch=1+variant=current-tile-v1+timing=raw-tile,jvm-simd/simd(4 lanes)/simd-sparse/packed-8x4,5,2,1,2,3402639,200173580,58.82892072888132,ns,ok,partial,raw-tile,50f1356ff734c61f359e46e821b0f580d6549e73,true,kotlin-2.4.10/jvm/Eclipse Adoptium/25.0.1/JMH 1.37/forks=1,1,3,200000000,gemm-add-v1+7x2x31+uniform,physical=8x4+leftLayout=depth-rows-v1+rightLayout=depth-columns-v1+leftGroup=8+rightGroup=4+leftStride=8+rightStride=4+padding=zero+alignment=8+block=7x2x31+panel=31+diagonal=0+rhs=0+batch=1+variant=current-tile-v1,tiles=1;leftDoubles=248;rightDoubles=124;outputDoubles=32;resetDoubles=32;scratchDoubles=0;triangleDoubles=0,jvm-simd/vector-tile-v1/8x4,jmh-average-time-v1,200000000,1,1,score-times-operations
4,gemm-tile+7x2x31+uniform+physical=8x4+work=gemm-add-v1+leftLayout=depth-rows-v1+rightLayout=depth-columns-v1+leftGroup=8+rightGroup=4+leftStride=8+rightStride=4+padding=zero+alignment=8+block=7x2x31+panel=31+diagonal=0+rhs=0+batch=1+variant=current-tile-v1+timing=raw-tile,jvm-simd/simd(4 lanes)/simd-sparse/packed-8x4,5,2,1,3,3759328,200181378,53.2492450778437,ns,ok,partial,raw-tile,50f1356ff734c61f359e46e821b0f580d6549e73,true,kotlin-2.4.10/jvm/Eclipse Adoptium/25.0.1/JMH 1.37/forks=1,1,3,200000000,gemm-add-v1+7x2x31+uniform,physical=8x4+leftLayout=depth-rows-v1+rightLayout=depth-columns-v1+leftGroup=8+rightGroup=4+leftStride=8+rightStride=4+padding=zero+alignment=8+block=7x2x31+panel=31+diagonal=0+rhs=0+batch=1+variant=current-tile-v1,tiles=1;leftDoubles=248;rightDoubles=124;outputDoubles=32;resetDoubles=32;scratchDoubles=0;triangleDoubles=0,jvm-simd/vector-tile-v1/8x4,jmh-average-time-v1,200000000,1,1,score-times-operations
4,gemm-tile+7x2x31+uniform+physical=8x4+work=gemm-add-v1+leftLayout=depth-rows-v1+rightLayout=depth-columns-v1+leftGroup=8+rightGroup=4+leftStride=8+rightStride=4+padding=zero+alignment=8+block=7x2x31+panel=31+diagonal=0+rhs=0+batch=1+variant=current-tile-v1+timing=raw-tile,jvm-simd/simd(4 lanes)/simd-sparse/packed-8x4,5,2,1,4,3904876,200115968,51.24771388387237,ns,ok,partial,raw-tile,50f1356ff734c61f359e46e821b0f580d6549e73,true,kotlin-2.4.10/jvm/Eclipse Adoptium/25.0.1/JMH 1.37/forks=1,1,3,200000000,gemm-add-v1+7x2x31+uniform,physical=8x4+leftLayout=depth-rows-v1+rightLayout=depth-columns-v1+leftGroup=8+rightGroup=4+leftStride=8+rightStride=4+padding=zero+alignment=8+block=7x2x31+panel=31+diagonal=0+rhs=0+batch=1+variant=current-tile-v1,tiles=1;leftDoubles=248;rightDoubles=124;outputDoubles=32;resetDoubles=32;scratchDoubles=0;triangleDoubles=0,jvm-simd/vector-tile-v1/8x4,jmh-average-time-v1,200000000,1,1,score-times-operations
4,gemm-tile+7x2x31+uniform+physical=8x4+work=gemm-add-v1+leftLayout=depth-rows-v1+rightLayout=depth-columns-v1+leftGroup=8+rightGroup=4+leftStride=8+rightStride=4+padding=zero+alignment=8+block=7x2x31+panel=31+diagonal=0+rhs=0+batch=1+variant=current-tile-v1+timing=raw-tile,jvm-simd/simd(4 lanes)/simd-sparse/packed-8x4,5,2,1,5,4229610,200138577,47.318447090866535,ns,ok,partial,raw-tile,50f1356ff734c61f359e46e821b0f580d6549e73,true,kotlin-2.4.10/jvm/Eclipse Adoptium/25.0.1/JMH 1.37/forks=1,1,3,200000000,gemm-add-v1+7x2x31+uniform,physical=8x4+leftLayout=depth-rows-v1+rightLayout=depth-columns-v1+leftGroup=8+rightGroup=4+leftStride=8+rightStride=4+padding=zero+alignment=8+block=7x2x31+panel=31+diagonal=0+rhs=0+batch=1+variant=current-tile-v1,tiles=1;leftDoubles=248;rightDoubles=124;outputDoubles=32;resetDoubles=32;scratchDoubles=0;triangleDoubles=0,jvm-simd/vector-tile-v1/8x4,jmh-average-time-v1,200000000,1,1,score-times-operations
4,packed-trsm+8x4+triangular+physical=8x4+uplo=L+diag=N+work=right-solve-v1+leftLayout=depth-rows-v1+rightLayout=depth-columns-v1+leftGroup=8+rightGroup=4+leftStride=8+rightStride=4+padding=zero+alignment=8+block=8x4x4+panel=4+diagonal=4+rhs=8+batch=1+variant=current-tile-v1+timing=raw-tile,jvm-simd/simd(4 lanes)/simd-sparse/packed-8x4,5,2,1,1,3190430,200100190,62.718878019577296,ns,ok,partial,raw-tile,50f1356ff734c61f359e46e821b0f580d6549e73,true,kotlin-2.4.10/jvm/Eclipse Adoptium/25.0.1/JMH 1.37/forks=1,1,3,200000000,right-solve-v1+8x4+triangular+uplo=L+diag=N,physical=8x4+leftLayout=depth-rows-v1+rightLayout=depth-columns-v1+leftGroup=8+rightGroup=4+leftStride=8+rightStride=4+padding=zero+alignment=8+block=8x4x4+panel=4+diagonal=4+rhs=8+batch=1+variant=current-tile-v1,tiles=1;leftDoubles=0;rightDoubles=0;outputDoubles=32;resetDoubles=32;scratchDoubles=0;triangleDoubles=16,jvm-simd/portable-solve-v1/8x4,jmh-average-time-v1,200000000,1,1,score-times-operations
4,packed-trsm+8x4+triangular+physical=8x4+uplo=L+diag=N+work=right-solve-v1+leftLayout=depth-rows-v1+rightLayout=depth-columns-v1+leftGroup=8+rightGroup=4+leftStride=8+rightStride=4+padding=zero+alignment=8+block=8x4x4+panel=4+diagonal=4+rhs=8+batch=1+variant=current-tile-v1+timing=raw-tile,jvm-simd/simd(4 lanes)/simd-sparse/packed-8x4,5,2,1,2,3244311,200093386,61.67515568020452,ns,ok,partial,raw-tile,50f1356ff734c61f359e46e821b0f580d6549e73,true,kotlin-2.4.10/jvm/Eclipse Adoptium/25.0.1/JMH 1.37/forks=1,1,3,200000000,right-solve-v1+8x4+triangular+uplo=L+diag=N,physical=8x4+leftLayout=depth-rows-v1+rightLayout=depth-columns-v1+leftGroup=8+rightGroup=4+leftStride=8+rightStride=4+padding=zero+alignment=8+block=8x4x4+panel=4+diagonal=4+rhs=8+batch=1+variant=current-tile-v1,tiles=1;leftDoubles=0;rightDoubles=0;outputDoubles=32;resetDoubles=32;scratchDoubles=0;triangleDoubles=16,jvm-simd/portable-solve-v1/8x4,jmh-average-time-v1,200000000,1,1,score-times-operations
4,packed-trsm+8x4+triangular+physical=8x4+uplo=L+diag=N+work=right-solve-v1+leftLayout=depth-rows-v1+rightLayout=depth-columns-v1+leftGroup=8+rightGroup=4+leftStride=8+rightStride=4+padding=zero+alignment=8+block=8x4x4+panel=4+diagonal=4+rhs=8+batch=1+variant=current-tile-v1+timing=raw-tile,jvm-simd/simd(4 lanes)/simd-sparse/packed-8x4,5,2,1,3,3233709,200353846,61.957908395591566,ns,ok,partial,raw-tile,50f1356ff734c61f359e46e821b0f580d6549e73,true,kotlin-2.4.10/jvm/Eclipse Adoptium/25.0.1/JMH 1.37/forks=1,1,3,200000000,right-solve-v1+8x4+triangular+uplo=L+diag=N,physical=8x4+leftLayout=depth-rows-v1+rightLayout=depth-columns-v1+leftGroup=8+rightGroup=4+leftStride=8+rightStride=4+padding=zero+alignment=8+block=8x4x4+panel=4+diagonal=4+rhs=8+batch=1+variant=current-tile-v1,tiles=1;leftDoubles=0;rightDoubles=0;outputDoubles=32;resetDoubles=32;scratchDoubles=0;triangleDoubles=16,jvm-simd/portable-solve-v1/8x4,jmh-average-time-v1,200000000,1,1,score-times-operations
4,packed-trsm+8x4+triangular+physical=8x4+uplo=L+diag=N+work=right-solve-v1+leftLayout=depth-rows-v1+rightLayout=depth-columns-v1+leftGroup=8+rightGroup=4+leftStride=8+rightStride=4+padding=zero+alignment=8+block=8x4x4+panel=4+diagonal=4+rhs=8+batch=1+variant=current-tile-v1+timing=raw-tile,jvm-simd/simd(4 lanes)/simd-sparse/packed-8x4,5,2,1,4,3226184,200242566,62.06793102935232,ns,ok,partial,raw-tile,50f1356ff734c61f359e46e821b0f580d6549e73,true,kotlin-2.4.10/jvm/Eclipse Adoptium/25.0.1/JMH 1.37/forks=1,1,3,200000000,right-solve-v1+8x4+triangular+uplo=L+diag=N,physical=8x4+leftLayout=depth-rows-v1+rightLayout=depth-columns-v1+leftGroup=8+rightGroup=4+leftStride=8+rightStride=4+padding=zero+alignment=8+block=8x4x4+panel=4+diagonal=4+rhs=8+batch=1+variant=current-tile-v1,tiles=1;leftDoubles=0;rightDoubles=0;outputDoubles=32;resetDoubles=32;scratchDoubles=0;triangleDoubles=16,jvm-simd/portable-solve-v1/8x4,jmh-average-time-v1,200000000,1,1,score-times-operations
4,packed-trsm+8x4+triangular+physical=8x4+uplo=L+diag=N+work=right-solve-v1+leftLayout=depth-rows-v1+rightLayout=depth-columns-v1+leftGroup=8+rightGroup=4+leftStride=8+rightStride=4+padding=zero+alignment=8+block=8x4x4+panel=4+diagonal=4+rhs=8+batch=1+variant=current-tile-v1+timing=raw-tile,jvm-simd/simd(4 lanes)/simd-sparse/packed-8x4,5,2,1,5,3214346,200154947,62.269260060989076,ns,ok,partial,raw-tile,50f1356ff734c61f359e46e821b0f580d6549e73,true,kotlin-2.4.10/jvm/Eclipse Adoptium/25.0.1/JMH 1.37/forks=1,1,3,200000000,right-solve-v1+8x4+triangular+uplo=L+diag=N,physical=8x4+leftLayout=depth-rows-v1+rightLayout=depth-columns-v1+leftGroup=8+rightGroup=4+leftStride=8+rightStride=4+padding=zero+alignment=8+block=8x4x4+panel=4+diagonal=4+rhs=8+batch=1+variant=current-tile-v1,tiles=1;leftDoubles=0;rightDoubles=0;outputDoubles=32;resetDoubles=32;scratchDoubles=0;triangleDoubles=16,jvm-simd/portable-solve-v1/8x4,jmh-average-time-v1,200000000,1,1,score-times-operations
4,packed-trsm+7x2+triangular+physical=8x4+uplo=U+diag=U+work=right-solve-v1+leftLayout=depth-rows-v1+rightLayout=depth-columns-v1+leftGroup=8+rightGroup=4+leftStride=8+rightStride=4+padding=zero+alignment=8+block=7x2x2+panel=2+diagonal=2+rhs=7+batch=1+variant=current-tile-v1+timing=raw-tile,jvm-simd/simd(4 lanes)/simd-sparse/packed-8x4,5,2,1,1,12463449,200119926,16.056544701229974,ns,ok,partial,raw-tile,50f1356ff734c61f359e46e821b0f580d6549e73,true,kotlin-2.4.10/jvm/Eclipse Adoptium/25.0.1/JMH 1.37/forks=1,1,3,200000000,right-solve-v1+7x2+triangular+uplo=U+diag=U,physical=8x4+leftLayout=depth-rows-v1+rightLayout=depth-columns-v1+leftGroup=8+rightGroup=4+leftStride=8+rightStride=4+padding=zero+alignment=8+block=7x2x2+panel=2+diagonal=2+rhs=7+batch=1+variant=current-tile-v1,tiles=1;leftDoubles=0;rightDoubles=0;outputDoubles=32;resetDoubles=32;scratchDoubles=0;triangleDoubles=16,jvm-simd/portable-solve-v1/8x4,jmh-average-time-v1,200000000,1,1,score-times-operations
4,packed-trsm+7x2+triangular+physical=8x4+uplo=U+diag=U+work=right-solve-v1+leftLayout=depth-rows-v1+rightLayout=depth-columns-v1+leftGroup=8+rightGroup=4+leftStride=8+rightStride=4+padding=zero+alignment=8+block=7x2x2+panel=2+diagonal=2+rhs=7+batch=1+variant=current-tile-v1+timing=raw-tile,jvm-simd/simd(4 lanes)/simd-sparse/packed-8x4,5,2,1,2,11653610,200199753,17.179204812929214,ns,ok,partial,raw-tile,50f1356ff734c61f359e46e821b0f580d6549e73,true,kotlin-2.4.10/jvm/Eclipse Adoptium/25.0.1/JMH 1.37/forks=1,1,3,200000000,right-solve-v1+7x2+triangular+uplo=U+diag=U,physical=8x4+leftLayout=depth-rows-v1+rightLayout=depth-columns-v1+leftGroup=8+rightGroup=4+leftStride=8+rightStride=4+padding=zero+alignment=8+block=7x2x2+panel=2+diagonal=2+rhs=7+batch=1+variant=current-tile-v1,tiles=1;leftDoubles=0;rightDoubles=0;outputDoubles=32;resetDoubles=32;scratchDoubles=0;triangleDoubles=16,jvm-simd/portable-solve-v1/8x4,jmh-average-time-v1,200000000,1,1,score-times-operations
4,packed-trsm+7x2+triangular+physical=8x4+uplo=U+diag=U+work=right-solve-v1+leftLayout=depth-rows-v1+rightLayout=depth-columns-v1+leftGroup=8+rightGroup=4+leftStride=8+rightStride=4+padding=zero+alignment=8+block=7x2x2+panel=2+diagonal=2+rhs=7+batch=1+variant=current-tile-v1+timing=raw-tile,jvm-simd/simd(4 lanes)/simd-sparse/packed-8x4,5,2,1,3,9962283,200161301,20.091910759812787,ns,ok,partial,raw-tile,50f1356ff734c61f359e46e821b0f580d6549e73,true,kotlin-2.4.10/jvm/Eclipse Adoptium/25.0.1/JMH 1.37/forks=1,1,3,200000000,right-solve-v1+7x2+triangular+uplo=U+diag=U,physical=8x4+leftLayout=depth-rows-v1+rightLayout=depth-columns-v1+leftGroup=8+rightGroup=4+leftStride=8+rightStride=4+padding=zero+alignment=8+block=7x2x2+panel=2+diagonal=2+rhs=7+batch=1+variant=current-tile-v1,tiles=1;leftDoubles=0;rightDoubles=0;outputDoubles=32;resetDoubles=32;scratchDoubles=0;triangleDoubles=16,jvm-simd/portable-solve-v1/8x4,jmh-average-time-v1,200000000,1,1,score-times-operations
4,packed-trsm+7x2+triangular+physical=8x4+uplo=U+diag=U+work=right-solve-v1+leftLayout=depth-rows-v1+rightLayout=depth-columns-v1+leftGroup=8+rightGroup=4+leftStride=8+rightStride=4+padding=zero+alignment=8+block=7x2x2+panel=2+diagonal=2+rhs=7+batch=1+variant=current-tile-v1+timing=raw-tile,jvm-simd/simd(4 lanes)/simd-sparse/packed-8x4,5,2,1,4,11968169,200153363,16.723808211598616,ns,ok,partial,raw-tile,50f1356ff734c61f359e46e821b0f580d6549e73,true,kotlin-2.4.10/jvm/Eclipse Adoptium/25.0.1/JMH 1.37/forks=1,1,3,200000000,right-solve-v1+7x2+triangular+uplo=U+diag=U,physical=8x4+leftLayout=depth-rows-v1+rightLayout=depth-columns-v1+leftGroup=8+rightGroup=4+leftStride=8+rightStride=4+padding=zero+alignment=8+block=7x2x2+panel=2+diagonal=2+rhs=7+batch=1+variant=current-tile-v1,tiles=1;leftDoubles=0;rightDoubles=0;outputDoubles=32;resetDoubles=32;scratchDoubles=0;triangleDoubles=16,jvm-simd/portable-solve-v1/8x4,jmh-average-time-v1,200000000,1,1,score-times-operations
4,packed-trsm+7x2+triangular+physical=8x4+uplo=U+diag=U+work=right-solve-v1+leftLayout=depth-rows-v1+rightLayout=depth-columns-v1+leftGroup=8+rightGroup=4+leftStride=8+rightStride=4+padding=zero+alignment=8+block=7x2x2+panel=2+diagonal=2+rhs=7+batch=1+variant=current-tile-v1+timing=raw-tile,jvm-simd/simd(4 lanes)/simd-sparse/packed-8x4,5,2,1,5,12591861,200165081,15.896385847969574,ns,ok,partial,raw-tile,50f1356ff734c61f359e46e821b0f580d6549e73,true,kotlin-2.4.10/jvm/Eclipse Adoptium/25.0.1/JMH 1.37/forks=1,1,3,200000000,right-solve-v1+7x2+triangular+uplo=U+diag=U,physical=8x4+leftLayout=depth-rows-v1+rightLayout=depth-columns-v1+leftGroup=8+rightGroup=4+leftStride=8+rightStride=4+padding=zero+alignment=8+block=7x2x2+panel=2+diagonal=2+rhs=7+batch=1+variant=current-tile-v1,tiles=1;leftDoubles=0;rightDoubles=0;outputDoubles=32;resetDoubles=32;scratchDoubles=0;triangleDoubles=16,jvm-simd/portable-solve-v1/8x4,jmh-average-time-v1,200000000,1,1,score-times-operations
4,gemm-trsm+8x4x32+triangular+physical=8x4+uplo=L+diag=N+work=update-solve-v1+leftLayout=depth-rows-v1+rightLayout=depth-columns-v1+leftGroup=8+rightGroup=4+leftStride=8+rightStride=4+padding=zero+alignment=8+block=8x4x32+panel=32+diagonal=4+rhs=8+batch=1+variant=current-tile-v1+timing=raw-tile,jvm-simd/simd(4 lanes)/simd-sparse/packed-8x4,5,2,1,1,2081546,200257661,96.20621451555719,ns,ok,composed,raw-tile,50f1356ff734c61f359e46e821b0f580d6549e73,true,kotlin-2.4.10/jvm/Eclipse Adoptium/25.0.1/JMH 1.37/forks=1,1,3,200000000,update-solve-v1+8x4x32+triangular+uplo=L+diag=N,physical=8x4+leftLayout=depth-rows-v1+rightLayout=depth-columns-v1+leftGroup=8+rightGroup=4+leftStride=8+rightStride=4+padding=zero+alignment=8+block=8x4x32+panel=32+diagonal=4+rhs=8+batch=1+variant=current-tile-v1,tiles=1;leftDoubles=256;rightDoubles=128;outputDoubles=32;resetDoubles=32;scratchDoubles=0;triangleDoubles=16,jvm-simd/vector-update-portable-solve-v1/8x4,jmh-average-time-v1,200000000,1,1,score-times-operations
4,gemm-trsm+8x4x32+triangular+physical=8x4+uplo=L+diag=N+work=update-solve-v1+leftLayout=depth-rows-v1+rightLayout=depth-columns-v1+leftGroup=8+rightGroup=4+leftStride=8+rightStride=4+padding=zero+alignment=8+block=8x4x32+panel=32+diagonal=4+rhs=8+batch=1+variant=current-tile-v1+timing=raw-tile,jvm-simd/simd(4 lanes)/simd-sparse/packed-8x4,5,2,1,2,2104296,200224035,95.15012859407612,ns,ok,composed,raw-tile,50f1356ff734c61f359e46e821b0f580d6549e73,true,kotlin-2.4.10/jvm/Eclipse Adoptium/25.0.1/JMH 1.37/forks=1,1,3,200000000,update-solve-v1+8x4x32+triangular+uplo=L+diag=N,physical=8x4+leftLayout=depth-rows-v1+rightLayout=depth-columns-v1+leftGroup=8+rightGroup=4+leftStride=8+rightStride=4+padding=zero+alignment=8+block=8x4x32+panel=32+diagonal=4+rhs=8+batch=1+variant=current-tile-v1,tiles=1;leftDoubles=256;rightDoubles=128;outputDoubles=32;resetDoubles=32;scratchDoubles=0;triangleDoubles=16,jvm-simd/vector-update-portable-solve-v1/8x4,jmh-average-time-v1,200000000,1,1,score-times-operations
4,gemm-trsm+8x4x32+triangular+physical=8x4+uplo=L+diag=N+work=update-solve-v1+leftLayout=depth-rows-v1+rightLayout=depth-columns-v1+leftGroup=8+rightGroup=4+leftStride=8+rightStride=4+padding=zero+alignment=8+block=8x4x32+panel=32+diagonal=4+rhs=8+batch=1+variant=current-tile-v1+timing=raw-tile,jvm-simd/simd(4 lanes)/simd-sparse/packed-8x4,5,2,1,3,2071814,200217573,96.63877790187729,ns,ok,composed,raw-tile,50f1356ff734c61f359e46e821b0f580d6549e73,true,kotlin-2.4.10/jvm/Eclipse Adoptium/25.0.1/JMH 1.37/forks=1,1,3,200000000,update-solve-v1+8x4x32+triangular+uplo=L+diag=N,physical=8x4+leftLayout=depth-rows-v1+rightLayout=depth-columns-v1+leftGroup=8+rightGroup=4+leftStride=8+rightStride=4+padding=zero+alignment=8+block=8x4x32+panel=32+diagonal=4+rhs=8+batch=1+variant=current-tile-v1,tiles=1;leftDoubles=256;rightDoubles=128;outputDoubles=32;resetDoubles=32;scratchDoubles=0;triangleDoubles=16,jvm-simd/vector-update-portable-solve-v1/8x4,jmh-average-time-v1,200000000,1,1,score-times-operations
4,gemm-trsm+8x4x32+triangular+physical=8x4+uplo=L+diag=N+work=update-solve-v1+leftLayout=depth-rows-v1+rightLayout=depth-columns-v1+leftGroup=8+rightGroup=4+leftStride=8+rightStride=4+padding=zero+alignment=8+block=8x4x32+panel=32+diagonal=4+rhs=8+batch=1+variant=current-tile-v1+timing=raw-tile,jvm-simd/simd(4 lanes)/simd-sparse/packed-8x4,5,2,1,4,2086831,200147914,95.909977377181,ns,ok,composed,raw-tile,50f1356ff734c61f359e46e821b0f580d6549e73,true,kotlin-2.4.10/jvm/Eclipse Adoptium/25.0.1/JMH 1.37/forks=1,1,3,200000000,update-solve-v1+8x4x32+triangular+uplo=L+diag=N,physical=8x4+leftLayout=depth-rows-v1+rightLayout=depth-columns-v1+leftGroup=8+rightGroup=4+leftStride=8+rightStride=4+padding=zero+alignment=8+block=8x4x32+panel=32+diagonal=4+rhs=8+batch=1+variant=current-tile-v1,tiles=1;leftDoubles=256;rightDoubles=128;outputDoubles=32;resetDoubles=32;scratchDoubles=0;triangleDoubles=16,jvm-simd/vector-update-portable-solve-v1/8x4,jmh-average-time-v1,200000000,1,1,score-times-operations
4,gemm-trsm+8x4x32+triangular+physical=8x4+uplo=L+diag=N+work=update-solve-v1+leftLayout=depth-rows-v1+rightLayout=depth-columns-v1+leftGroup=8+rightGroup=4+leftStride=8+rightStride=4+padding=zero+alignment=8+block=8x4x32+panel=32+diagonal=4+rhs=8+batch=1+variant=current-tile-v1+timing=raw-tile,jvm-simd/simd(4 lanes)/simd-sparse/packed-8x4,5,2,1,5,2087821,200161688,95.87109622903496,ns,ok,composed,raw-tile,50f1356ff734c61f359e46e821b0f580d6549e73,true,kotlin-2.4.10/jvm/Eclipse Adoptium/25.0.1/JMH 1.37/forks=1,1,3,200000000,update-solve-v1+8x4x32+triangular+uplo=L+diag=N,physical=8x4+leftLayout=depth-rows-v1+rightLayout=depth-columns-v1+leftGroup=8+rightGroup=4+leftStride=8+rightStride=4+padding=zero+alignment=8+block=8x4x32+panel=32+diagonal=4+rhs=8+batch=1+variant=current-tile-v1,tiles=1;leftDoubles=256;rightDoubles=128;outputDoubles=32;resetDoubles=32;scratchDoubles=0;triangleDoubles=16,jvm-simd/vector-update-portable-solve-v1/8x4,jmh-average-time-v1,200000000,1,1,score-times-operations
4,gemm-trsm+7x2x31+triangular+physical=8x4+uplo=U+diag=U+work=update-solve-v1+leftLayout=depth-rows-v1+rightLayout=depth-columns-v1+leftGroup=8+rightGroup=4+leftStride=8+rightStride=4+padding=zero+alignment=8+block=7x2x31+panel=31+diagonal=2+rhs=7+batch=1+variant=current-tile-v1+timing=raw-tile,jvm-simd/simd(4 lanes)/simd-sparse/packed-8x4,5,2,1,1,3981006,200216988,50.29306361256426,ns,ok,composed,raw-tile,50f1356ff734c61f359e46e821b0f580d6549e73,true,kotlin-2.4.10/jvm/Eclipse Adoptium/25.0.1/JMH 1.37/forks=1,1,3,200000000,update-solve-v1+7x2x31+triangular+uplo=U+diag=U,physical=8x4+leftLayout=depth-rows-v1+rightLayout=depth-columns-v1+leftGroup=8+rightGroup=4+leftStride=8+rightStride=4+padding=zero+alignment=8+block=7x2x31+panel=31+diagonal=2+rhs=7+batch=1+variant=current-tile-v1,tiles=1;leftDoubles=248;rightDoubles=124;outputDoubles=32;resetDoubles=32;scratchDoubles=0;triangleDoubles=16,jvm-simd/vector-update-portable-solve-v1/8x4,jmh-average-time-v1,200000000,1,1,score-times-operations
4,gemm-trsm+7x2x31+triangular+physical=8x4+uplo=U+diag=U+work=update-solve-v1+leftLayout=depth-rows-v1+rightLayout=depth-columns-v1+leftGroup=8+rightGroup=4+leftStride=8+rightStride=4+padding=zero+alignment=8+block=7x2x31+panel=31+diagonal=2+rhs=7+batch=1+variant=current-tile-v1+timing=raw-tile,jvm-simd/simd(4 lanes)/simd-sparse/packed-8x4,5,2,1,2,3987833,200234193,50.21127840609173,ns,ok,composed,raw-tile,50f1356ff734c61f359e46e821b0f580d6549e73,true,kotlin-2.4.10/jvm/Eclipse Adoptium/25.0.1/JMH 1.37/forks=1,1,3,200000000,update-solve-v1+7x2x31+triangular+uplo=U+diag=U,physical=8x4+leftLayout=depth-rows-v1+rightLayout=depth-columns-v1+leftGroup=8+rightGroup=4+leftStride=8+rightStride=4+padding=zero+alignment=8+block=7x2x31+panel=31+diagonal=2+rhs=7+batch=1+variant=current-tile-v1,tiles=1;leftDoubles=248;rightDoubles=124;outputDoubles=32;resetDoubles=32;scratchDoubles=0;triangleDoubles=16,jvm-simd/vector-update-portable-solve-v1/8x4,jmh-average-time-v1,200000000,1,1,score-times-operations
4,gemm-trsm+7x2x31+triangular+physical=8x4+uplo=U+diag=U+work=update-solve-v1+leftLayout=depth-rows-v1+rightLayout=depth-columns-v1+leftGroup=8+rightGroup=4+leftStride=8+rightStride=4+padding=zero+alignment=8+block=7x2x31+panel=31+diagonal=2+rhs=7+batch=1+variant=current-tile-v1+timing=raw-tile,jvm-simd/simd(4 lanes)/simd-sparse/packed-8x4,5,2,1,3,3955437,200217287,50.61824698509925,ns,ok,composed,raw-tile,50f1356ff734c61f359e46e821b0f580d6549e73,true,kotlin-2.4.10/jvm/Eclipse Adoptium/25.0.1/JMH 1.37/forks=1,1,3,200000000,update-solve-v1+7x2x31+triangular+uplo=U+diag=U,physical=8x4+leftLayout=depth-rows-v1+rightLayout=depth-columns-v1+leftGroup=8+rightGroup=4+leftStride=8+rightStride=4+padding=zero+alignment=8+block=7x2x31+panel=31+diagonal=2+rhs=7+batch=1+variant=current-tile-v1,tiles=1;leftDoubles=248;rightDoubles=124;outputDoubles=32;resetDoubles=32;scratchDoubles=0;triangleDoubles=16,jvm-simd/vector-update-portable-solve-v1/8x4,jmh-average-time-v1,200000000,1,1,score-times-operations
4,gemm-trsm+7x2x31+triangular+physical=8x4+uplo=U+diag=U+work=update-solve-v1+leftLayout=depth-rows-v1+rightLayout=depth-columns-v1+leftGroup=8+rightGroup=4+leftStride=8+rightStride=4+padding=zero+alignment=8+block=7x2x31+panel=31+diagonal=2+rhs=7+batch=1+variant=current-tile-v1+timing=raw-tile,jvm-simd/simd(4 lanes)/simd-sparse/packed-8x4,5,2,1,4,3971740,200114266,50.38453322725052,ns,ok,composed,raw-tile,50f1356ff734c61f359e46e821b0f580d6549e73,true,kotlin-2.4.10/jvm/Eclipse Adoptium/25.0.1/JMH 1.37/forks=1,1,3,200000000,update-solve-v1+7x2x31+triangular+uplo=U+diag=U,physical=8x4+leftLayout=depth-rows-v1+rightLayout=depth-columns-v1+leftGroup=8+rightGroup=4+leftStride=8+rightStride=4+padding=zero+alignment=8+block=7x2x31+panel=31+diagonal=2+rhs=7+batch=1+variant=current-tile-v1,tiles=1;leftDoubles=248;rightDoubles=124;outputDoubles=32;resetDoubles=32;scratchDoubles=0;triangleDoubles=16,jvm-simd/vector-update-portable-solve-v1/8x4,jmh-average-time-v1,200000000,1,1,score-times-operations
4,gemm-trsm+7x2x31+triangular+physical=8x4+uplo=U+diag=U+work=update-solve-v1+leftLayout=depth-rows-v1+rightLayout=depth-columns-v1+leftGroup=8+rightGroup=4+leftStride=8+rightStride=4+padding=zero+alignment=8+block=7x2x31+panel=31+diagonal=2+rhs=7+batch=1+variant=current-tile-v1+timing=raw-tile,jvm-simd/simd(4 lanes)/simd-sparse/packed-8x4,5,2,1,5,3702354,200164602,54.06414459557352,ns,ok,composed,raw-tile,50f1356ff734c61f359e46e821b0f580d6549e73,true,kotlin-2.4.10/jvm/Eclipse Adoptium/25.0.1/JMH 1.37/forks=1,1,3,200000000,update-solve-v1+7x2x31+triangular+uplo=U+diag=U,physical=8x4+leftLayout=depth-rows-v1+rightLayout=depth-columns-v1+leftGroup=8+rightGroup=4+leftStride=8+rightStride=4+padding=zero+alignment=8+block=7x2x31+panel=31+diagonal=2+rhs=7+batch=1+variant=current-tile-v1,tiles=1;leftDoubles=248;rightDoubles=124;outputDoubles=32;resetDoubles=32;scratchDoubles=0;triangleDoubles=16,jvm-simd/vector-update-portable-solve-v1/8x4,jmh-average-time-v1,200000000,1,1,score-times-operations
4,pack-left+4x32+uniform+physical=4x4+work=pack-left-v1+leftLayout=depth-rows-v1+rightLayout=depth-columns-v1+leftGroup=4+rightGroup=4+leftStride=4+rightStride=4+padding=zero+alignment=8+block=4x32x32+panel=32+diagonal=0+rhs=0+batch=1+variant=current-tile-v1+timing=packing-only,jvm-simd/simd(4 lanes)/simd-sparse/packed-8x4,5,2,1,0,0,0,,ns,unsupported,unsupported,arithmetic,50f1356ff734c61f359e46e821b0f580d6549e73,true,kotlin-2.4.10/jvm/Eclipse Adoptium/25.0.1,1,3,200000000,pack-left-v1+4x32+uniform,physical=4x4+leftLayout=depth-rows-v1+rightLayout=depth-columns-v1+leftGroup=4+rightGroup=4+leftStride=4+rightStride=4+padding=zero+alignment=8+block=4x32x32+panel=32+diagonal=0+rhs=0+batch=1+variant=current-tile-v1,panelDoubles=128,unavailable,jmh-average-time-v1,200000000,0,1,score-times-operations
4,pack-left+3x31+uniform+physical=4x4+work=pack-left-v1+leftLayout=depth-rows-v1+rightLayout=depth-columns-v1+leftGroup=4+rightGroup=4+leftStride=4+rightStride=4+padding=zero+alignment=8+block=3x31x31+panel=31+diagonal=0+rhs=0+batch=1+variant=current-tile-v1+timing=packing-only,jvm-simd/simd(4 lanes)/simd-sparse/packed-8x4,5,2,1,0,0,0,,ns,unsupported,unsupported,arithmetic,50f1356ff734c61f359e46e821b0f580d6549e73,true,kotlin-2.4.10/jvm/Eclipse Adoptium/25.0.1,1,3,200000000,pack-left-v1+3x31+uniform,physical=4x4+leftLayout=depth-rows-v1+rightLayout=depth-columns-v1+leftGroup=4+rightGroup=4+leftStride=4+rightStride=4+padding=zero+alignment=8+block=3x31x31+panel=31+diagonal=0+rhs=0+batch=1+variant=current-tile-v1,panelDoubles=124,unavailable,jmh-average-time-v1,200000000,0,1,score-times-operations
4,pack-right+32x4+uniform+physical=4x4+work=pack-right-v1+leftLayout=depth-rows-v1+rightLayout=depth-columns-v1+leftGroup=4+rightGroup=4+leftStride=4+rightStride=4+padding=zero+alignment=8+block=32x4x32+panel=32+diagonal=0+rhs=0+batch=1+variant=current-tile-v1+timing=packing-only,jvm-simd/simd(4 lanes)/simd-sparse/packed-8x4,5,2,1,0,0,0,,ns,unsupported,unsupported,arithmetic,50f1356ff734c61f359e46e821b0f580d6549e73,true,kotlin-2.4.10/jvm/Eclipse Adoptium/25.0.1,1,3,200000000,pack-right-v1+32x4+uniform,physical=4x4+leftLayout=depth-rows-v1+rightLayout=depth-columns-v1+leftGroup=4+rightGroup=4+leftStride=4+rightStride=4+padding=zero+alignment=8+block=32x4x32+panel=32+diagonal=0+rhs=0+batch=1+variant=current-tile-v1,panelDoubles=128,unavailable,jmh-average-time-v1,200000000,0,1,score-times-operations
4,pack-right+31x2+uniform+physical=4x4+work=pack-right-v1+leftLayout=depth-rows-v1+rightLayout=depth-columns-v1+leftGroup=4+rightGroup=4+leftStride=4+rightStride=4+padding=zero+alignment=8+block=31x2x31+panel=31+diagonal=0+rhs=0+batch=1+variant=current-tile-v1+timing=packing-only,jvm-simd/simd(4 lanes)/simd-sparse/packed-8x4,5,2,1,0,0,0,,ns,unsupported,unsupported,arithmetic,50f1356ff734c61f359e46e821b0f580d6549e73,true,kotlin-2.4.10/jvm/Eclipse Adoptium/25.0.1,1,3,200000000,pack-right-v1+31x2+uniform,physical=4x4+leftLayout=depth-rows-v1+rightLayout=depth-columns-v1+leftGroup=4+rightGroup=4+leftStride=4+rightStride=4+padding=zero+alignment=8+block=31x2x31+panel=31+diagonal=0+rhs=0+batch=1+variant=current-tile-v1,panelDoubles=124,unavailable,jmh-average-time-v1,200000000,0,1,score-times-operations
4,pack-symmetric-left+4x4+uniform+physical=4x4+uplo=L+work=pack-symmetric-left-v1+leftLayout=depth-rows-v1+rightLayout=depth-columns-v1+leftGroup=4+rightGroup=4+leftStride=4+rightStride=4+padding=zero+alignment=8+block=4x4x4+panel=4+diagonal=0+rhs=0+batch=1+variant=current-tile-v1+timing=packing-only,jvm-simd/simd(4 lanes)/simd-sparse/packed-8x4,5,2,1,0,0,0,,ns,unsupported,unsupported,arithmetic,50f1356ff734c61f359e46e821b0f580d6549e73,true,kotlin-2.4.10/jvm/Eclipse Adoptium/25.0.1,1,3,200000000,pack-symmetric-left-v1+4x4+uniform+uplo=L,physical=4x4+leftLayout=depth-rows-v1+rightLayout=depth-columns-v1+leftGroup=4+rightGroup=4+leftStride=4+rightStride=4+padding=zero+alignment=8+block=4x4x4+panel=4+diagonal=0+rhs=0+batch=1+variant=current-tile-v1,panelDoubles=16,unavailable,jmh-average-time-v1,200000000,0,1,score-times-operations
4,pack-symmetric-right+4x4+uniform+physical=4x4+uplo=U+work=pack-symmetric-right-v1+leftLayout=depth-rows-v1+rightLayout=depth-columns-v1+leftGroup=4+rightGroup=4+leftStride=4+rightStride=4+padding=zero+alignment=8+block=4x4x4+panel=4+diagonal=0+rhs=0+batch=1+variant=current-tile-v1+timing=packing-only,jvm-simd/simd(4 lanes)/simd-sparse/packed-8x4,5,2,1,0,0,0,,ns,unsupported,unsupported,arithmetic,50f1356ff734c61f359e46e821b0f580d6549e73,true,kotlin-2.4.10/jvm/Eclipse Adoptium/25.0.1,1,3,200000000,pack-symmetric-right-v1+4x4+uniform+uplo=U,physical=4x4+leftLayout=depth-rows-v1+rightLayout=depth-columns-v1+leftGroup=4+rightGroup=4+leftStride=4+rightStride=4+padding=zero+alignment=8+block=4x4x4+panel=4+diagonal=0+rhs=0+batch=1+variant=current-tile-v1,panelDoubles=16,unavailable,jmh-average-time-v1,200000000,0,1,score-times-operations
4,pack-triangular-left+4x4+triangular+physical=4x4+uplo=L+diag=N+work=pack-triangular-left-v1+leftLayout=depth-rows-v1+rightLayout=depth-columns-v1+leftGroup=4+rightGroup=4+leftStride=4+rightStride=4+padding=zero+alignment=8+block=4x4x4+panel=4+diagonal=0+rhs=0+batch=1+variant=current-tile-v1+timing=packing-only,jvm-simd/simd(4 lanes)/simd-sparse/packed-8x4,5,2,1,0,0,0,,ns,unsupported,unsupported,arithmetic,50f1356ff734c61f359e46e821b0f580d6549e73,true,kotlin-2.4.10/jvm/Eclipse Adoptium/25.0.1,1,3,200000000,pack-triangular-left-v1+4x4+triangular+uplo=L+diag=N,physical=4x4+leftLayout=depth-rows-v1+rightLayout=depth-columns-v1+leftGroup=4+rightGroup=4+leftStride=4+rightStride=4+padding=zero+alignment=8+block=4x4x4+panel=4+diagonal=0+rhs=0+batch=1+variant=current-tile-v1,panelDoubles=16,unavailable,jmh-average-time-v1,200000000,0,1,score-times-operations
4,pack-triangular-right+4x4+triangular+physical=4x4+uplo=U+diag=U+work=pack-triangular-right-v1+leftLayout=depth-rows-v1+rightLayout=depth-columns-v1+leftGroup=4+rightGroup=4+leftStride=4+rightStride=4+padding=zero+alignment=8+block=4x4x4+panel=4+diagonal=0+rhs=0+batch=1+variant=current-tile-v1+timing=packing-only,jvm-simd/simd(4 lanes)/simd-sparse/packed-8x4,5,2,1,0,0,0,,ns,unsupported,unsupported,arithmetic,50f1356ff734c61f359e46e821b0f580d6549e73,true,kotlin-2.4.10/jvm/Eclipse Adoptium/25.0.1,1,3,200000000,pack-triangular-right-v1+4x4+triangular+uplo=U+diag=U,physical=4x4+leftLayout=depth-rows-v1+rightLayout=depth-columns-v1+leftGroup=4+rightGroup=4+leftStride=4+rightStride=4+padding=zero+alignment=8+block=4x4x4+panel=4+diagonal=0+rhs=0+batch=1+variant=current-tile-v1,panelDoubles=16,unavailable,jmh-average-time-v1,200000000,0,1,score-times-operations
4,write-left+3x31+uniform+physical=4x4+work=write-left-v1+leftLayout=depth-rows-v1+rightLayout=depth-columns-v1+leftGroup=4+rightGroup=4+leftStride=4+rightStride=4+padding=zero+alignment=8+block=3x31x31+panel=31+diagonal=0+rhs=0+batch=1+variant=current-tile-v1+timing=layout-only,jvm-simd/simd(4 lanes)/simd-sparse/packed-8x4,5,2,1,0,0,0,,ns,unsupported,unsupported,arithmetic,50f1356ff734c61f359e46e821b0f580d6549e73,true,kotlin-2.4.10/jvm/Eclipse Adoptium/25.0.1,1,3,200000000,write-left-v1+3x31+uniform,physical=4x4+leftLayout=depth-rows-v1+rightLayout=depth-columns-v1+leftGroup=4+rightGroup=4+leftStride=4+rightStride=4+padding=zero+alignment=8+block=3x31x31+panel=31+diagonal=0+rhs=0+batch=1+variant=current-tile-v1,panelDoubles=124,unavailable,jmh-average-time-v1,200000000,0,1,score-times-operations
4,write-left+4x32+uniform+physical=4x4+work=write-left-v1+leftLayout=depth-rows-v1+rightLayout=depth-columns-v1+leftGroup=4+rightGroup=4+leftStride=4+rightStride=4+padding=zero+alignment=8+block=4x32x32+panel=32+diagonal=0+rhs=0+batch=1+variant=current-tile-v1+timing=layout-only,jvm-simd/simd(4 lanes)/simd-sparse/packed-8x4,5,2,1,0,0,0,,ns,unsupported,unsupported,arithmetic,50f1356ff734c61f359e46e821b0f580d6549e73,true,kotlin-2.4.10/jvm/Eclipse Adoptium/25.0.1,1,3,200000000,write-left-v1+4x32+uniform,physical=4x4+leftLayout=depth-rows-v1+rightLayout=depth-columns-v1+leftGroup=4+rightGroup=4+leftStride=4+rightStride=4+padding=zero+alignment=8+block=4x32x32+panel=32+diagonal=0+rhs=0+batch=1+variant=current-tile-v1,panelDoubles=128,unavailable,jmh-average-time-v1,200000000,0,1,score-times-operations
4,write-right+31x2+uniform+physical=4x4+work=write-right-v1+leftLayout=depth-rows-v1+rightLayout=depth-columns-v1+leftGroup=4+rightGroup=4+leftStride=4+rightStride=4+padding=zero+alignment=8+block=31x2x31+panel=31+diagonal=0+rhs=0+batch=1+variant=current-tile-v1+timing=layout-only,jvm-simd/simd(4 lanes)/simd-sparse/packed-8x4,5,2,1,0,0,0,,ns,unsupported,unsupported,arithmetic,50f1356ff734c61f359e46e821b0f580d6549e73,true,kotlin-2.4.10/jvm/Eclipse Adoptium/25.0.1,1,3,200000000,write-right-v1+31x2+uniform,physical=4x4+leftLayout=depth-rows-v1+rightLayout=depth-columns-v1+leftGroup=4+rightGroup=4+leftStride=4+rightStride=4+padding=zero+alignment=8+block=31x2x31+panel=31+diagonal=0+rhs=0+batch=1+variant=current-tile-v1,panelDoubles=124,unavailable,jmh-average-time-v1,200000000,0,1,score-times-operations
4,write-right+32x4+uniform+physical=4x4+work=write-right-v1+leftLayout=depth-rows-v1+rightLayout=depth-columns-v1+leftGroup=4+rightGroup=4+leftStride=4+rightStride=4+padding=zero+alignment=8+block=32x4x32+panel=32+diagonal=0+rhs=0+batch=1+variant=current-tile-v1+timing=layout-only,jvm-simd/simd(4 lanes)/simd-sparse/packed-8x4,5,2,1,0,0,0,,ns,unsupported,unsupported,arithmetic,50f1356ff734c61f359e46e821b0f580d6549e73,true,kotlin-2.4.10/jvm/Eclipse Adoptium/25.0.1,1,3,200000000,write-right-v1+32x4+uniform,physical=4x4+leftLayout=depth-rows-v1+rightLayout=depth-columns-v1+leftGroup=4+rightGroup=4+leftStride=4+rightStride=4+padding=zero+alignment=8+block=32x4x32+panel=32+diagonal=0+rhs=0+batch=1+variant=current-tile-v1,panelDoubles=128,unavailable,jmh-average-time-v1,200000000,0,1,score-times-operations
4,clear-left-padding+3x31+uniform+physical=4x4+work=clear-left-padding-v1+leftLayout=depth-rows-v1+rightLayout=depth-columns-v1+leftGroup=4+rightGroup=4+leftStride=4+rightStride=4+padding=zero+alignment=8+block=3x31x31+panel=31+diagonal=0+rhs=0+batch=1+variant=current-tile-v1+timing=layout-only,jvm-simd/simd(4 lanes)/simd-sparse/packed-8x4,5,2,1,0,0,0,,ns,unsupported,unsupported,arithmetic,50f1356ff734c61f359e46e821b0f580d6549e73,true,kotlin-2.4.10/jvm/Eclipse Adoptium/25.0.1,1,3,200000000,clear-left-padding-v1+3x31+uniform,physical=4x4+leftLayout=depth-rows-v1+rightLayout=depth-columns-v1+leftGroup=4+rightGroup=4+leftStride=4+rightStride=4+padding=zero+alignment=8+block=3x31x31+panel=31+diagonal=0+rhs=0+batch=1+variant=current-tile-v1,panelDoubles=124,unavailable,jmh-average-time-v1,200000000,0,1,score-times-operations
4,clear-left-padding+4x32+uniform+physical=4x4+work=clear-left-padding-v1+leftLayout=depth-rows-v1+rightLayout=depth-columns-v1+leftGroup=4+rightGroup=4+leftStride=4+rightStride=4+padding=zero+alignment=8+block=4x32x32+panel=32+diagonal=0+rhs=0+batch=1+variant=current-tile-v1+timing=layout-only,jvm-simd/simd(4 lanes)/simd-sparse/packed-8x4,5,2,1,0,0,0,,ns,unsupported,unsupported,arithmetic,50f1356ff734c61f359e46e821b0f580d6549e73,true,kotlin-2.4.10/jvm/Eclipse Adoptium/25.0.1,1,3,200000000,clear-left-padding-v1+4x32+uniform,physical=4x4+leftLayout=depth-rows-v1+rightLayout=depth-columns-v1+leftGroup=4+rightGroup=4+leftStride=4+rightStride=4+padding=zero+alignment=8+block=4x32x32+panel=32+diagonal=0+rhs=0+batch=1+variant=current-tile-v1,panelDoubles=128,unavailable,jmh-average-time-v1,200000000,0,1,score-times-operations
4,clear-right-padding+31x2+uniform+physical=4x4+work=clear-right-padding-v1+leftLayout=depth-rows-v1+rightLayout=depth-columns-v1+leftGroup=4+rightGroup=4+leftStride=4+rightStride=4+padding=zero+alignment=8+block=31x2x31+panel=31+diagonal=0+rhs=0+batch=1+variant=current-tile-v1+timing=layout-only,jvm-simd/simd(4 lanes)/simd-sparse/packed-8x4,5,2,1,0,0,0,,ns,unsupported,unsupported,arithmetic,50f1356ff734c61f359e46e821b0f580d6549e73,true,kotlin-2.4.10/jvm/Eclipse Adoptium/25.0.1,1,3,200000000,clear-right-padding-v1+31x2+uniform,physical=4x4+leftLayout=depth-rows-v1+rightLayout=depth-columns-v1+leftGroup=4+rightGroup=4+leftStride=4+rightStride=4+padding=zero+alignment=8+block=31x2x31+panel=31+diagonal=0+rhs=0+batch=1+variant=current-tile-v1,panelDoubles=124,unavailable,jmh-average-time-v1,200000000,0,1,score-times-operations
4,clear-right-padding+32x4+uniform+physical=4x4+work=clear-right-padding-v1+leftLayout=depth-rows-v1+rightLayout=depth-columns-v1+leftGroup=4+rightGroup=4+leftStride=4+rightStride=4+padding=zero+alignment=8+block=32x4x32+panel=32+diagonal=0+rhs=0+batch=1+variant=current-tile-v1+timing=layout-only,jvm-simd/simd(4 lanes)/simd-sparse/packed-8x4,5,2,1,0,0,0,,ns,unsupported,unsupported,arithmetic,50f1356ff734c61f359e46e821b0f580d6549e73,true,kotlin-2.4.10/jvm/Eclipse Adoptium/25.0.1,1,3,200000000,clear-right-padding-v1+32x4+uniform,physical=4x4+leftLayout=depth-rows-v1+rightLayout=depth-columns-v1+leftGroup=4+rightGroup=4+leftStride=4+rightStride=4+padding=zero+alignment=8+block=32x4x32+panel=32+diagonal=0+rhs=0+batch=1+variant=current-tile-v1,panelDoubles=128,unavailable,jmh-average-time-v1,200000000,0,1,score-times-operations
4,pack-left+7x31+uniform+physical=8x4+work=pack-left-v1+leftLayout=depth-rows-v1+rightLayout=depth-columns-v1+leftGroup=8+rightGroup=4+leftStride=8+rightStride=4+padding=zero+alignment=8+block=7x31x31+panel=31+diagonal=0+rhs=0+batch=1+variant=current-tile-v1+timing=packing-only,jvm-simd/simd(4 lanes)/simd-sparse/packed-8x4,5,2,1,1,976955,200259415,204.98325409051594,ns,ok,unsupported,packing-only,50f1356ff734c61f359e46e821b0f580d6549e73,true,kotlin-2.4.10/jvm/Eclipse Adoptium/25.0.1/JMH 1.37/forks=1,1,3,200000000,pack-left-v1+7x31+uniform,physical=8x4+leftLayout=depth-rows-v1+rightLayout=depth-columns-v1+leftGroup=8+rightGroup=4+leftStride=8+rightStride=4+padding=zero+alignment=8+block=7x31x31+panel=31+diagonal=0+rhs=0+batch=1+variant=current-tile-v1,panelDoubles=248,jvm-simd/portable-layout-v1/8x4,jmh-average-time-v1,200000000,1,1,score-times-operations
4,pack-left+7x31+uniform+physical=8x4+work=pack-left-v1+leftLayout=depth-rows-v1+rightLayout=depth-columns-v1+leftGroup=8+rightGroup=4+leftStride=8+rightStride=4+padding=zero+alignment=8+block=7x31x31+panel=31+diagonal=0+rhs=0+batch=1+variant=current-tile-v1+timing=packing-only,jvm-simd/simd(4 lanes)/simd-sparse/packed-8x4,5,2,1,2,978822,200186131,204.51740050795752,ns,ok,unsupported,packing-only,50f1356ff734c61f359e46e821b0f580d6549e73,true,kotlin-2.4.10/jvm/Eclipse Adoptium/25.0.1/JMH 1.37/forks=1,1,3,200000000,pack-left-v1+7x31+uniform,physical=8x4+leftLayout=depth-rows-v1+rightLayout=depth-columns-v1+leftGroup=8+rightGroup=4+leftStride=8+rightStride=4+padding=zero+alignment=8+block=7x31x31+panel=31+diagonal=0+rhs=0+batch=1+variant=current-tile-v1,panelDoubles=248,jvm-simd/portable-layout-v1/8x4,jmh-average-time-v1,200000000,1,1,score-times-operations
4,pack-left+7x31+uniform+physical=8x4+work=pack-left-v1+leftLayout=depth-rows-v1+rightLayout=depth-columns-v1+leftGroup=8+rightGroup=4+leftStride=8+rightStride=4+padding=zero+alignment=8+block=7x31x31+panel=31+diagonal=0+rhs=0+batch=1+variant=current-tile-v1+timing=packing-only,jvm-simd/simd(4 lanes)/simd-sparse/packed-8x4,5,2,1,3,975980,200168094,205.09446300129102,ns,ok,unsupported,packing-only,50f1356ff734c61f359e46e821b0f580d6549e73,true,kotlin-2.4.10/jvm/Eclipse Adoptium/25.0.1/JMH 1.37/forks=1,1,3,200000000,pack-left-v1+7x31+uniform,physical=8x4+leftLayout=depth-rows-v1+rightLayout=depth-columns-v1+leftGroup=8+rightGroup=4+leftStride=8+rightStride=4+padding=zero+alignment=8+block=7x31x31+panel=31+diagonal=0+rhs=0+batch=1+variant=current-tile-v1,panelDoubles=248,jvm-simd/portable-layout-v1/8x4,jmh-average-time-v1,200000000,1,1,score-times-operations
4,pack-left+7x31+uniform+physical=8x4+work=pack-left-v1+leftLayout=depth-rows-v1+rightLayout=depth-columns-v1+leftGroup=8+rightGroup=4+leftStride=8+rightStride=4+padding=zero+alignment=8+block=7x31x31+panel=31+diagonal=0+rhs=0+batch=1+variant=current-tile-v1+timing=packing-only,jvm-simd/simd(4 lanes)/simd-sparse/packed-8x4,5,2,1,4,952003,200158464,210.24982484298894,ns,ok,unsupported,packing-only,50f1356ff734c61f359e46e821b0f580d6549e73,true,kotlin-2.4.10/jvm/Eclipse Adoptium/25.0.1/JMH 1.37/forks=1,1,3,200000000,pack-left-v1+7x31+uniform,physical=8x4+leftLayout=depth-rows-v1+rightLayout=depth-columns-v1+leftGroup=8+rightGroup=4+leftStride=8+rightStride=4+padding=zero+alignment=8+block=7x31x31+panel=31+diagonal=0+rhs=0+batch=1+variant=current-tile-v1,panelDoubles=248,jvm-simd/portable-layout-v1/8x4,jmh-average-time-v1,200000000,1,1,score-times-operations
4,pack-left+7x31+uniform+physical=8x4+work=pack-left-v1+leftLayout=depth-rows-v1+rightLayout=depth-columns-v1+leftGroup=8+rightGroup=4+leftStride=8+rightStride=4+padding=zero+alignment=8+block=7x31x31+panel=31+diagonal=0+rhs=0+batch=1+variant=current-tile-v1+timing=packing-only,jvm-simd/simd(4 lanes)/simd-sparse/packed-8x4,5,2,1,5,986481,200193431,202.93693543007925,ns,ok,unsupported,packing-only,50f1356ff734c61f359e46e821b0f580d6549e73,true,kotlin-2.4.10/jvm/Eclipse Adoptium/25.0.1/JMH 1.37/forks=1,1,3,200000000,pack-left-v1+7x31+uniform,physical=8x4+leftLayout=depth-rows-v1+rightLayout=depth-columns-v1+leftGroup=8+rightGroup=4+leftStride=8+rightStride=4+padding=zero+alignment=8+block=7x31x31+panel=31+diagonal=0+rhs=0+batch=1+variant=current-tile-v1,panelDoubles=248,jvm-simd/portable-layout-v1/8x4,jmh-average-time-v1,200000000,1,1,score-times-operations
4,pack-left+8x32+uniform+physical=8x4+work=pack-left-v1+leftLayout=depth-rows-v1+rightLayout=depth-columns-v1+leftGroup=8+rightGroup=4+leftStride=8+rightStride=4+padding=zero+alignment=8+block=8x32x32+panel=32+diagonal=0+rhs=0+batch=1+variant=current-tile-v1+timing=packing-only,jvm-simd/simd(4 lanes)/simd-sparse/packed-8x4,5,2,1,1,1062395,200100092,188.34811157808537,ns,ok,unsupported,packing-only,50f1356ff734c61f359e46e821b0f580d6549e73,true,kotlin-2.4.10/jvm/Eclipse Adoptium/25.0.1/JMH 1.37/forks=1,1,3,200000000,pack-left-v1+8x32+uniform,physical=8x4+leftLayout=depth-rows-v1+rightLayout=depth-columns-v1+leftGroup=8+rightGroup=4+leftStride=8+rightStride=4+padding=zero+alignment=8+block=8x32x32+panel=32+diagonal=0+rhs=0+batch=1+variant=current-tile-v1,panelDoubles=256,jvm-simd/portable-layout-v1/8x4,jmh-average-time-v1,200000000,1,1,score-times-operations
4,pack-left+8x32+uniform+physical=8x4+work=pack-left-v1+leftLayout=depth-rows-v1+rightLayout=depth-columns-v1+leftGroup=8+rightGroup=4+leftStride=8+rightStride=4+padding=zero+alignment=8+block=8x32x32+panel=32+diagonal=0+rhs=0+batch=1+variant=current-tile-v1+timing=packing-only,jvm-simd/simd(4 lanes)/simd-sparse/packed-8x4,5,2,1,2,1037950,200112507,192.79590250012043,ns,ok,unsupported,packing-only,50f1356ff734c61f359e46e821b0f580d6549e73,true,kotlin-2.4.10/jvm/Eclipse Adoptium/25.0.1/JMH 1.37/forks=1,1,3,200000000,pack-left-v1+8x32+uniform,physical=8x4+leftLayout=depth-rows-v1+rightLayout=depth-columns-v1+leftGroup=8+rightGroup=4+leftStride=8+rightStride=4+padding=zero+alignment=8+block=8x32x32+panel=32+diagonal=0+rhs=0+batch=1+variant=current-tile-v1,panelDoubles=256,jvm-simd/portable-layout-v1/8x4,jmh-average-time-v1,200000000,1,1,score-times-operations
4,pack-left+8x32+uniform+physical=8x4+work=pack-left-v1+leftLayout=depth-rows-v1+rightLayout=depth-columns-v1+leftGroup=8+rightGroup=4+leftStride=8+rightStride=4+padding=zero+alignment=8+block=8x32x32+panel=32+diagonal=0+rhs=0+batch=1+variant=current-tile-v1+timing=packing-only,jvm-simd/simd(4 lanes)/simd-sparse/packed-8x4,5,2,1,3,1066964,200143328,187.58208149478332,ns,ok,unsupported,packing-only,50f1356ff734c61f359e46e821b0f580d6549e73,true,kotlin-2.4.10/jvm/Eclipse Adoptium/25.0.1/JMH 1.37/forks=1,1,3,200000000,pack-left-v1+8x32+uniform,physical=8x4+leftLayout=depth-rows-v1+rightLayout=depth-columns-v1+leftGroup=8+rightGroup=4+leftStride=8+rightStride=4+padding=zero+alignment=8+block=8x32x32+panel=32+diagonal=0+rhs=0+batch=1+variant=current-tile-v1,panelDoubles=256,jvm-simd/portable-layout-v1/8x4,jmh-average-time-v1,200000000,1,1,score-times-operations
4,pack-left+8x32+uniform+physical=8x4+work=pack-left-v1+leftLayout=depth-rows-v1+rightLayout=depth-columns-v1+leftGroup=8+rightGroup=4+leftStride=8+rightStride=4+padding=zero+alignment=8+block=8x32x32+panel=32+diagonal=0+rhs=0+batch=1+variant=current-tile-v1+timing=packing-only,jvm-simd/simd(4 lanes)/simd-sparse/packed-8x4,5,2,1,4,1065787,200247021,187.886529860094,ns,ok,unsupported,packing-only,50f1356ff734c61f359e46e821b0f580d6549e73,true,kotlin-2.4.10/jvm/Eclipse Adoptium/25.0.1/JMH 1.37/forks=1,1,3,200000000,pack-left-v1+8x32+uniform,physical=8x4+leftLayout=depth-rows-v1+rightLayout=depth-columns-v1+leftGroup=8+rightGroup=4+leftStride=8+rightStride=4+padding=zero+alignment=8+block=8x32x32+panel=32+diagonal=0+rhs=0+batch=1+variant=current-tile-v1,panelDoubles=256,jvm-simd/portable-layout-v1/8x4,jmh-average-time-v1,200000000,1,1,score-times-operations
4,pack-left+8x32+uniform+physical=8x4+work=pack-left-v1+leftLayout=depth-rows-v1+rightLayout=depth-columns-v1+leftGroup=8+rightGroup=4+leftStride=8+rightStride=4+padding=zero+alignment=8+block=8x32x32+panel=32+diagonal=0+rhs=0+batch=1+variant=current-tile-v1+timing=packing-only,jvm-simd/simd(4 lanes)/simd-sparse/packed-8x4,5,2,1,5,1057101,200202103,189.38786643849548,ns,ok,unsupported,packing-only,50f1356ff734c61f359e46e821b0f580d6549e73,true,kotlin-2.4.10/jvm/Eclipse Adoptium/25.0.1/JMH 1.37/forks=1,1,3,200000000,pack-left-v1+8x32+uniform,physical=8x4+leftLayout=depth-rows-v1+rightLayout=depth-columns-v1+leftGroup=8+rightGroup=4+leftStride=8+rightStride=4+padding=zero+alignment=8+block=8x32x32+panel=32+diagonal=0+rhs=0+batch=1+variant=current-tile-v1,panelDoubles=256,jvm-simd/portable-layout-v1/8x4,jmh-average-time-v1,200000000,1,1,score-times-operations
4,pack-right+31x2+uniform+physical=8x4+work=pack-right-v1+leftLayout=depth-rows-v1+rightLayout=depth-columns-v1+leftGroup=8+rightGroup=4+leftStride=8+rightStride=4+padding=zero+alignment=8+block=31x2x31+panel=31+diagonal=0+rhs=0+batch=1+variant=current-tile-v1+timing=packing-only,jvm-simd/simd(4 lanes)/simd-sparse/packed-8x4,5,2,1,1,1263878,200122365,158.33993866496607,ns,ok,unsupported,packing-only,50f1356ff734c61f359e46e821b0f580d6549e73,true,kotlin-2.4.10/jvm/Eclipse Adoptium/25.0.1/JMH 1.37/forks=1,1,3,200000000,pack-right-v1+31x2+uniform,physical=8x4+leftLayout=depth-rows-v1+rightLayout=depth-columns-v1+leftGroup=8+rightGroup=4+leftStride=8+rightStride=4+padding=zero+alignment=8+block=31x2x31+panel=31+diagonal=0+rhs=0+batch=1+variant=current-tile-v1,panelDoubles=124,jvm-simd/portable-layout-v1/8x4,jmh-average-time-v1,200000000,1,1,score-times-operations
4,pack-right+31x2+uniform+physical=8x4+work=pack-right-v1+leftLayout=depth-rows-v1+rightLayout=depth-columns-v1+leftGroup=8+rightGroup=4+leftStride=8+rightStride=4+padding=zero+alignment=8+block=31x2x31+panel=31+diagonal=0+rhs=0+batch=1+variant=current-tile-v1+timing=packing-only,jvm-simd/simd(4 lanes)/simd-sparse/packed-8x4,5,2,1,2,1320861,200216876,151.58057963707006,ns,ok,unsupported,packing-only,50f1356ff734c61f359e46e821b0f580d6549e73,true,kotlin-2.4.10/jvm/Eclipse Adoptium/25.0.1/JMH 1.37/forks=1,1,3,200000000,pack-right-v1+31x2+uniform,physical=8x4+leftLayout=depth-rows-v1+rightLayout=depth-columns-v1+leftGroup=8+rightGroup=4+leftStride=8+rightStride=4+padding=zero+alignment=8+block=31x2x31+panel=31+diagonal=0+rhs=0+batch=1+variant=current-tile-v1,panelDoubles=124,jvm-simd/portable-layout-v1/8x4,jmh-average-time-v1,200000000,1,1,score-times-operations
4,pack-right+31x2+uniform+physical=8x4+work=pack-right-v1+leftLayout=depth-rows-v1+rightLayout=depth-columns-v1+leftGroup=8+rightGroup=4+leftStride=8+rightStride=4+padding=zero+alignment=8+block=31x2x31+panel=31+diagonal=0+rhs=0+batch=1+variant=current-tile-v1+timing=packing-only,jvm-simd/simd(4 lanes)/simd-sparse/packed-8x4,5,2,1,3,1331649,200201738,150.34122204875308,ns,ok,unsupported,packing-only,50f1356ff734c61f359e46e821b0f580d6549e73,true,kotlin-2.4.10/jvm/Eclipse Adoptium/25.0.1/JMH 1.37/forks=1,1,3,200000000,pack-right-v1+31x2+uniform,physical=8x4+leftLayout=depth-rows-v1+rightLayout=depth-columns-v1+leftGroup=8+rightGroup=4+leftStride=8+rightStride=4+padding=zero+alignment=8+block=31x2x31+panel=31+diagonal=0+rhs=0+batch=1+variant=current-tile-v1,panelDoubles=124,jvm-simd/portable-layout-v1/8x4,jmh-average-time-v1,200000000,1,1,score-times-operations
4,pack-right+31x2+uniform+physical=8x4+work=pack-right-v1+leftLayout=depth-rows-v1+rightLayout=depth-columns-v1+leftGroup=8+rightGroup=4+leftStride=8+rightStride=4+padding=zero+alignment=8+block=31x2x31+panel=31+diagonal=0+rhs=0+batch=1+variant=current-tile-v1+timing=packing-only,jvm-simd/simd(4 lanes)/simd-sparse/packed-8x4,5,2,1,4,1346234,200116750,148.64930613845735,ns,ok,unsupported,packing-only,50f1356ff734c61f359e46e821b0f580d6549e73,true,kotlin-2.4.10/jvm/Eclipse Adoptium/25.0.1/JMH 1.37/forks=1,1,3,200000000,pack-right-v1+31x2+uniform,physical=8x4+leftLayout=depth-rows-v1+rightLayout=depth-columns-v1+leftGroup=8+rightGroup=4+leftStride=8+rightStride=4+padding=zero+alignment=8+block=31x2x31+panel=31+diagonal=0+rhs=0+batch=1+variant=current-tile-v1,panelDoubles=124,jvm-simd/portable-layout-v1/8x4,jmh-average-time-v1,200000000,1,1,score-times-operations
4,pack-right+31x2+uniform+physical=8x4+work=pack-right-v1+leftLayout=depth-rows-v1+rightLayout=depth-columns-v1+leftGroup=8+rightGroup=4+leftStride=8+rightStride=4+padding=zero+alignment=8+block=31x2x31+panel=31+diagonal=0+rhs=0+batch=1+variant=current-tile-v1+timing=packing-only,jvm-simd/simd(4 lanes)/simd-sparse/packed-8x4,5,2,1,5,1344404,200218927,148.9276489805148,ns,ok,unsupported,packing-only,50f1356ff734c61f359e46e821b0f580d6549e73,true,kotlin-2.4.10/jvm/Eclipse Adoptium/25.0.1/JMH 1.37/forks=1,1,3,200000000,pack-right-v1+31x2+uniform,physical=8x4+leftLayout=depth-rows-v1+rightLayout=depth-columns-v1+leftGroup=8+rightGroup=4+leftStride=8+rightStride=4+padding=zero+alignment=8+block=31x2x31+panel=31+diagonal=0+rhs=0+batch=1+variant=current-tile-v1,panelDoubles=124,jvm-simd/portable-layout-v1/8x4,jmh-average-time-v1,200000000,1,1,score-times-operations
4,pack-right+32x4+uniform+physical=8x4+work=pack-right-v1+leftLayout=depth-rows-v1+rightLayout=depth-columns-v1+leftGroup=8+rightGroup=4+leftStride=8+rightStride=4+padding=zero+alignment=8+block=32x4x32+panel=32+diagonal=0+rhs=0+batch=1+variant=current-tile-v1+timing=packing-only,jvm-simd/simd(4 lanes)/simd-sparse/packed-8x4,5,2,1,1,1402028,200163854,142.76737269155822,ns,ok,unsupported,packing-only,50f1356ff734c61f359e46e821b0f580d6549e73,true,kotlin-2.4.10/jvm/Eclipse Adoptium/25.0.1/JMH 1.37/forks=1,1,3,200000000,pack-right-v1+32x4+uniform,physical=8x4+leftLayout=depth-rows-v1+rightLayout=depth-columns-v1+leftGroup=8+rightGroup=4+leftStride=8+rightStride=4+padding=zero+alignment=8+block=32x4x32+panel=32+diagonal=0+rhs=0+batch=1+variant=current-tile-v1,panelDoubles=128,jvm-simd/portable-layout-v1/8x4,jmh-average-time-v1,200000000,1,1,score-times-operations
4,pack-right+32x4+uniform+physical=8x4+work=pack-right-v1+leftLayout=depth-rows-v1+rightLayout=depth-columns-v1+leftGroup=8+rightGroup=4+leftStride=8+rightStride=4+padding=zero+alignment=8+block=32x4x32+panel=32+diagonal=0+rhs=0+batch=1+variant=current-tile-v1+timing=packing-only,jvm-simd/simd(4 lanes)/simd-sparse/packed-8x4,5,2,1,2,1252473,200121851,159.7813693388999,ns,ok,unsupported,packing-only,50f1356ff734c61f359e46e821b0f580d6549e73,true,kotlin-2.4.10/jvm/Eclipse Adoptium/25.0.1/JMH 1.37/forks=1,1,3,200000000,pack-right-v1+32x4+uniform,physical=8x4+leftLayout=depth-rows-v1+rightLayout=depth-columns-v1+leftGroup=8+rightGroup=4+leftStride=8+rightStride=4+padding=zero+alignment=8+block=32x4x32+panel=32+diagonal=0+rhs=0+batch=1+variant=current-tile-v1,panelDoubles=128,jvm-simd/portable-layout-v1/8x4,jmh-average-time-v1,200000000,1,1,score-times-operations
4,pack-right+32x4+uniform+physical=8x4+work=pack-right-v1+leftLayout=depth-rows-v1+rightLayout=depth-columns-v1+leftGroup=8+rightGroup=4+leftStride=8+rightStride=4+padding=zero+alignment=8+block=32x4x32+panel=32+diagonal=0+rhs=0+batch=1+variant=current-tile-v1+timing=packing-only,jvm-simd/simd(4 lanes)/simd-sparse/packed-8x4,5,2,1,3,1460339,200243638,137.12133826460843,ns,ok,unsupported,packing-only,50f1356ff734c61f359e46e821b0f580d6549e73,true,kotlin-2.4.10/jvm/Eclipse Adoptium/25.0.1/JMH 1.37/forks=1,1,3,200000000,pack-right-v1+32x4+uniform,physical=8x4+leftLayout=depth-rows-v1+rightLayout=depth-columns-v1+leftGroup=8+rightGroup=4+leftStride=8+rightStride=4+padding=zero+alignment=8+block=32x4x32+panel=32+diagonal=0+rhs=0+batch=1+variant=current-tile-v1,panelDoubles=128,jvm-simd/portable-layout-v1/8x4,jmh-average-time-v1,200000000,1,1,score-times-operations
4,pack-right+32x4+uniform+physical=8x4+work=pack-right-v1+leftLayout=depth-rows-v1+rightLayout=depth-columns-v1+leftGroup=8+rightGroup=4+leftStride=8+rightStride=4+padding=zero+alignment=8+block=32x4x32+panel=32+diagonal=0+rhs=0+batch=1+variant=current-tile-v1+timing=packing-only,jvm-simd/simd(4 lanes)/simd-sparse/packed-8x4,5,2,1,4,1463494,200164555,136.77169499840792,ns,ok,unsupported,packing-only,50f1356ff734c61f359e46e821b0f580d6549e73,true,kotlin-2.4.10/jvm/Eclipse Adoptium/25.0.1/JMH 1.37/forks=1,1,3,200000000,pack-right-v1+32x4+uniform,physical=8x4+leftLayout=depth-rows-v1+rightLayout=depth-columns-v1+leftGroup=8+rightGroup=4+leftStride=8+rightStride=4+padding=zero+alignment=8+block=32x4x32+panel=32+diagonal=0+rhs=0+batch=1+variant=current-tile-v1,panelDoubles=128,jvm-simd/portable-layout-v1/8x4,jmh-average-time-v1,200000000,1,1,score-times-operations
4,pack-right+32x4+uniform+physical=8x4+work=pack-right-v1+leftLayout=depth-rows-v1+rightLayout=depth-columns-v1+leftGroup=8+rightGroup=4+leftStride=8+rightStride=4+padding=zero+alignment=8+block=32x4x32+panel=32+diagonal=0+rhs=0+batch=1+variant=current-tile-v1+timing=packing-only,jvm-simd/simd(4 lanes)/simd-sparse/packed-8x4,5,2,1,5,1480346,200277154,135.29077256263062,ns,ok,unsupported,packing-only,50f1356ff734c61f359e46e821b0f580d6549e73,true,kotlin-2.4.10/jvm/Eclipse Adoptium/25.0.1/JMH 1.37/forks=1,1,3,200000000,pack-right-v1+32x4+uniform,physical=8x4+leftLayout=depth-rows-v1+rightLayout=depth-columns-v1+leftGroup=8+rightGroup=4+leftStride=8+rightStride=4+padding=zero+alignment=8+block=32x4x32+panel=32+diagonal=0+rhs=0+batch=1+variant=current-tile-v1,panelDoubles=128,jvm-simd/portable-layout-v1/8x4,jmh-average-time-v1,200000000,1,1,score-times-operations
4,pack-symmetric-left+8x8+uniform+physical=8x4+uplo=L+work=pack-symmetric-left-v1+leftLayout=depth-rows-v1+rightLayout=depth-columns-v1+leftGroup=8+rightGroup=4+leftStride=8+rightStride=4+padding=zero+alignment=8+block=8x8x8+panel=8+diagonal=0+rhs=0+batch=1+variant=current-tile-v1+timing=packing-only,jvm-simd/simd(4 lanes)/simd-sparse/packed-8x4,5,2,1,1,2531218,200202165,79.09321322778204,ns,ok,unsupported,packing-only,50f1356ff734c61f359e46e821b0f580d6549e73,true,kotlin-2.4.10/jvm/Eclipse Adoptium/25.0.1/JMH 1.37/forks=1,1,3,200000000,pack-symmetric-left-v1+8x8+uniform+uplo=L,physical=8x4+leftLayout=depth-rows-v1+rightLayout=depth-columns-v1+leftGroup=8+rightGroup=4+leftStride=8+rightStride=4+padding=zero+alignment=8+block=8x8x8+panel=8+diagonal=0+rhs=0+batch=1+variant=current-tile-v1,panelDoubles=64,jvm-simd/portable-layout-v1/8x4,jmh-average-time-v1,200000000,1,1,score-times-operations
4,pack-symmetric-left+8x8+uniform+physical=8x4+uplo=L+work=pack-symmetric-left-v1+leftLayout=depth-rows-v1+rightLayout=depth-columns-v1+leftGroup=8+rightGroup=4+leftStride=8+rightStride=4+padding=zero+alignment=8+block=8x8x8+panel=8+diagonal=0+rhs=0+batch=1+variant=current-tile-v1+timing=packing-only,jvm-simd/simd(4 lanes)/simd-sparse/packed-8x4,5,2,1,2,2542619,200211724,78.74232199161573,ns,ok,unsupported,packing-only,50f1356ff734c61f359e46e821b0f580d6549e73,true,kotlin-2.4.10/jvm/Eclipse Adoptium/25.0.1/JMH 1.37/forks=1,1,3,200000000,pack-symmetric-left-v1+8x8+uniform+uplo=L,physical=8x4+leftLayout=depth-rows-v1+rightLayout=depth-columns-v1+leftGroup=8+rightGroup=4+leftStride=8+rightStride=4+padding=zero+alignment=8+block=8x8x8+panel=8+diagonal=0+rhs=0+batch=1+variant=current-tile-v1,panelDoubles=64,jvm-simd/portable-layout-v1/8x4,jmh-average-time-v1,200000000,1,1,score-times-operations
4,pack-symmetric-left+8x8+uniform+physical=8x4+uplo=L+work=pack-symmetric-left-v1+leftLayout=depth-rows-v1+rightLayout=depth-columns-v1+leftGroup=8+rightGroup=4+leftStride=8+rightStride=4+padding=zero+alignment=8+block=8x8x8+panel=8+diagonal=0+rhs=0+batch=1+variant=current-tile-v1+timing=packing-only,jvm-simd/simd(4 lanes)/simd-sparse/packed-8x4,5,2,1,3,2839665,200099851,70.46600602535862,ns,ok,unsupported,packing-only,50f1356ff734c61f359e46e821b0f580d6549e73,true,kotlin-2.4.10/jvm/Eclipse Adoptium/25.0.1/JMH 1.37/forks=1,1,3,200000000,pack-symmetric-left-v1+8x8+uniform+uplo=L,physical=8x4+leftLayout=depth-rows-v1+rightLayout=depth-columns-v1+leftGroup=8+rightGroup=4+leftStride=8+rightStride=4+padding=zero+alignment=8+block=8x8x8+panel=8+diagonal=0+rhs=0+batch=1+variant=current-tile-v1,panelDoubles=64,jvm-simd/portable-layout-v1/8x4,jmh-average-time-v1,200000000,1,1,score-times-operations
4,pack-symmetric-left+8x8+uniform+physical=8x4+uplo=L+work=pack-symmetric-left-v1+leftLayout=depth-rows-v1+rightLayout=depth-columns-v1+leftGroup=8+rightGroup=4+leftStride=8+rightStride=4+padding=zero+alignment=8+block=8x8x8+panel=8+diagonal=0+rhs=0+batch=1+variant=current-tile-v1+timing=packing-only,jvm-simd/simd(4 lanes)/simd-sparse/packed-8x4,5,2,1,4,2808692,200203753,71.28006666448297,ns,ok,unsupported,packing-only,50f1356ff734c61f359e46e821b0f580d6549e73,true,kotlin-2.4.10/jvm/Eclipse Adoptium/25.0.1/JMH 1.37/forks=1,1,3,200000000,pack-symmetric-left-v1+8x8+uniform+uplo=L,physical=8x4+leftLayout=depth-rows-v1+rightLayout=depth-columns-v1+leftGroup=8+rightGroup=4+leftStride=8+rightStride=4+padding=zero+alignment=8+block=8x8x8+panel=8+diagonal=0+rhs=0+batch=1+variant=current-tile-v1,panelDoubles=64,jvm-simd/portable-layout-v1/8x4,jmh-average-time-v1,200000000,1,1,score-times-operations
4,pack-symmetric-left+8x8+uniform+physical=8x4+uplo=L+work=pack-symmetric-left-v1+leftLayout=depth-rows-v1+rightLayout=depth-columns-v1+leftGroup=8+rightGroup=4+leftStride=8+rightStride=4+padding=zero+alignment=8+block=8x8x8+panel=8+diagonal=0+rhs=0+batch=1+variant=current-tile-v1+timing=packing-only,jvm-simd/simd(4 lanes)/simd-sparse/packed-8x4,5,2,1,5,2809806,200151720,71.23328799212473,ns,ok,unsupported,packing-only,50f1356ff734c61f359e46e821b0f580d6549e73,true,kotlin-2.4.10/jvm/Eclipse Adoptium/25.0.1/JMH 1.37/forks=1,1,3,200000000,pack-symmetric-left-v1+8x8+uniform+uplo=L,physical=8x4+leftLayout=depth-rows-v1+rightLayout=depth-columns-v1+leftGroup=8+rightGroup=4+leftStride=8+rightStride=4+padding=zero+alignment=8+block=8x8x8+panel=8+diagonal=0+rhs=0+batch=1+variant=current-tile-v1,panelDoubles=64,jvm-simd/portable-layout-v1/8x4,jmh-average-time-v1,200000000,1,1,score-times-operations
4,pack-symmetric-right+4x4+uniform+physical=8x4+uplo=U+work=pack-symmetric-right-v1+leftLayout=depth-rows-v1+rightLayout=depth-columns-v1+leftGroup=8+rightGroup=4+leftStride=8+rightStride=4+padding=zero+alignment=8+block=4x4x4+panel=4+diagonal=0+rhs=0+batch=1+variant=current-tile-v1+timing=packing-only,jvm-simd/simd(4 lanes)/simd-sparse/packed-8x4,5,2,1,1,6300437,200137451,31.765645938527758,ns,ok,unsupported,packing-only,50f1356ff734c61f359e46e821b0f580d6549e73,true,kotlin-2.4.10/jvm/Eclipse Adoptium/25.0.1/JMH 1.37/forks=1,1,3,200000000,pack-symmetric-right-v1+4x4+uniform+uplo=U,physical=8x4+leftLayout=depth-rows-v1+rightLayout=depth-columns-v1+leftGroup=8+rightGroup=4+leftStride=8+rightStride=4+padding=zero+alignment=8+block=4x4x4+panel=4+diagonal=0+rhs=0+batch=1+variant=current-tile-v1,panelDoubles=16,jvm-simd/portable-layout-v1/8x4,jmh-average-time-v1,200000000,1,1,score-times-operations
4,pack-symmetric-right+4x4+uniform+physical=8x4+uplo=U+work=pack-symmetric-right-v1+leftLayout=depth-rows-v1+rightLayout=depth-columns-v1+leftGroup=8+rightGroup=4+leftStride=8+rightStride=4+padding=zero+alignment=8+block=4x4x4+panel=4+diagonal=0+rhs=0+batch=1+variant=current-tile-v1+timing=packing-only,jvm-simd/simd(4 lanes)/simd-sparse/packed-8x4,5,2,1,2,5762907,200150108,34.730754461246725,ns,ok,unsupported,packing-only,50f1356ff734c61f359e46e821b0f580d6549e73,true,kotlin-2.4.10/jvm/Eclipse Adoptium/25.0.1/JMH 1.37/forks=1,1,3,200000000,pack-symmetric-right-v1+4x4+uniform+uplo=U,physical=8x4+leftLayout=depth-rows-v1+rightLayout=depth-columns-v1+leftGroup=8+rightGroup=4+leftStride=8+rightStride=4+padding=zero+alignment=8+block=4x4x4+panel=4+diagonal=0+rhs=0+batch=1+variant=current-tile-v1,panelDoubles=16,jvm-simd/portable-layout-v1/8x4,jmh-average-time-v1,200000000,1,1,score-times-operations
4,pack-symmetric-right+4x4+uniform+physical=8x4+uplo=U+work=pack-symmetric-right-v1+leftLayout=depth-rows-v1+rightLayout=depth-columns-v1+leftGroup=8+rightGroup=4+leftStride=8+rightStride=4+padding=zero+alignment=8+block=4x4x4+panel=4+diagonal=0+rhs=0+batch=1+variant=current-tile-v1+timing=packing-only,jvm-simd/simd(4 lanes)/simd-sparse/packed-8x4,5,2,1,3,6355855,200112252,31.484710082278465,ns,ok,unsupported,packing-only,50f1356ff734c61f359e46e821b0f580d6549e73,true,kotlin-2.4.10/jvm/Eclipse Adoptium/25.0.1/JMH 1.37/forks=1,1,3,200000000,pack-symmetric-right-v1+4x4+uniform+uplo=U,physical=8x4+leftLayout=depth-rows-v1+rightLayout=depth-columns-v1+leftGroup=8+rightGroup=4+leftStride=8+rightStride=4+padding=zero+alignment=8+block=4x4x4+panel=4+diagonal=0+rhs=0+batch=1+variant=current-tile-v1,panelDoubles=16,jvm-simd/portable-layout-v1/8x4,jmh-average-time-v1,200000000,1,1,score-times-operations
4,pack-symmetric-right+4x4+uniform+physical=8x4+uplo=U+work=pack-symmetric-right-v1+leftLayout=depth-rows-v1+rightLayout=depth-columns-v1+leftGroup=8+rightGroup=4+leftStride=8+rightStride=4+padding=zero+alignment=8+block=4x4x4+panel=4+diagonal=0+rhs=0+batch=1+variant=current-tile-v1+timing=packing-only,jvm-simd/simd(4 lanes)/simd-sparse/packed-8x4,5,2,1,4,6218287,200084211,32.17674111857494,ns,ok,unsupported,packing-only,50f1356ff734c61f359e46e821b0f580d6549e73,true,kotlin-2.4.10/jvm/Eclipse Adoptium/25.0.1/JMH 1.37/forks=1,1,3,200000000,pack-symmetric-right-v1+4x4+uniform+uplo=U,physical=8x4+leftLayout=depth-rows-v1+rightLayout=depth-columns-v1+leftGroup=8+rightGroup=4+leftStride=8+rightStride=4+padding=zero+alignment=8+block=4x4x4+panel=4+diagonal=0+rhs=0+batch=1+variant=current-tile-v1,panelDoubles=16,jvm-simd/portable-layout-v1/8x4,jmh-average-time-v1,200000000,1,1,score-times-operations
4,pack-symmetric-right+4x4+uniform+physical=8x4+uplo=U+work=pack-symmetric-right-v1+leftLayout=depth-rows-v1+rightLayout=depth-columns-v1+leftGroup=8+rightGroup=4+leftStride=8+rightStride=4+padding=zero+alignment=8+block=4x4x4+panel=4+diagonal=0+rhs=0+batch=1+variant=current-tile-v1+timing=packing-only,jvm-simd/simd(4 lanes)/simd-sparse/packed-8x4,5,2,1,5,6238410,200089017,32.07372022678856,ns,ok,unsupported,packing-only,50f1356ff734c61f359e46e821b0f580d6549e73,true,kotlin-2.4.10/jvm/Eclipse Adoptium/25.0.1/JMH 1.37/forks=1,1,3,200000000,pack-symmetric-right-v1+4x4+uniform+uplo=U,physical=8x4+leftLayout=depth-rows-v1+rightLayout=depth-columns-v1+leftGroup=8+rightGroup=4+leftStride=8+rightStride=4+padding=zero+alignment=8+block=4x4x4+panel=4+diagonal=0+rhs=0+batch=1+variant=current-tile-v1,panelDoubles=16,jvm-simd/portable-layout-v1/8x4,jmh-average-time-v1,200000000,1,1,score-times-operations
4,pack-triangular-left+8x8+triangular+physical=8x4+uplo=L+diag=N+work=pack-triangular-left-v1+leftLayout=depth-rows-v1+rightLayout=depth-columns-v1+leftGroup=8+rightGroup=4+leftStride=8+rightStride=4+padding=zero+alignment=8+block=8x8x8+panel=8+diagonal=0+rhs=0+batch=1+variant=current-tile-v1+timing=packing-only,jvm-simd/simd(4 lanes)/simd-sparse/packed-8x4,5,2,1,1,2651485,200150067,75.48602650967288,ns,ok,unsupported,packing-only,50f1356ff734c61f359e46e821b0f580d6549e73,true,kotlin-2.4.10/jvm/Eclipse Adoptium/25.0.1/JMH 1.37/forks=1,1,3,200000000,pack-triangular-left-v1+8x8+triangular+uplo=L+diag=N,physical=8x4+leftLayout=depth-rows-v1+rightLayout=depth-columns-v1+leftGroup=8+rightGroup=4+leftStride=8+rightStride=4+padding=zero+alignment=8+block=8x8x8+panel=8+diagonal=0+rhs=0+batch=1+variant=current-tile-v1,panelDoubles=64,jvm-simd/portable-layout-v1/8x4,jmh-average-time-v1,200000000,1,1,score-times-operations
4,pack-triangular-left+8x8+triangular+physical=8x4+uplo=L+diag=N+work=pack-triangular-left-v1+leftLayout=depth-rows-v1+rightLayout=depth-columns-v1+leftGroup=8+rightGroup=4+leftStride=8+rightStride=4+padding=zero+alignment=8+block=8x8x8+panel=8+diagonal=0+rhs=0+batch=1+variant=current-tile-v1+timing=packing-only,jvm-simd/simd(4 lanes)/simd-sparse/packed-8x4,5,2,1,2,2615908,200161055,76.51685571510924,ns,ok,unsupported,packing-only,50f1356ff734c61f359e46e821b0f580d6549e73,true,kotlin-2.4.10/jvm/Eclipse Adoptium/25.0.1/JMH 1.37/forks=1,1,3,200000000,pack-triangular-left-v1+8x8+triangular+uplo=L+diag=N,physical=8x4+leftLayout=depth-rows-v1+rightLayout=depth-columns-v1+leftGroup=8+rightGroup=4+leftStride=8+rightStride=4+padding=zero+alignment=8+block=8x8x8+panel=8+diagonal=0+rhs=0+batch=1+variant=current-tile-v1,panelDoubles=64,jvm-simd/portable-layout-v1/8x4,jmh-average-time-v1,200000000,1,1,score-times-operations
4,pack-triangular-left+8x8+triangular+physical=8x4+uplo=L+diag=N+work=pack-triangular-left-v1+leftLayout=depth-rows-v1+rightLayout=depth-columns-v1+leftGroup=8+rightGroup=4+leftStride=8+rightStride=4+padding=zero+alignment=8+block=8x8x8+panel=8+diagonal=0+rhs=0+batch=1+variant=current-tile-v1+timing=packing-only,jvm-simd/simd(4 lanes)/simd-sparse/packed-8x4,5,2,1,3,2647169,200145390,75.60733372142089,ns,ok,unsupported,packing-only,50f1356ff734c61f359e46e821b0f580d6549e73,true,kotlin-2.4.10/jvm/Eclipse Adoptium/25.0.1/JMH 1.37/forks=1,1,3,200000000,pack-triangular-left-v1+8x8+triangular+uplo=L+diag=N,physical=8x4+leftLayout=depth-rows-v1+rightLayout=depth-columns-v1+leftGroup=8+rightGroup=4+leftStride=8+rightStride=4+padding=zero+alignment=8+block=8x8x8+panel=8+diagonal=0+rhs=0+batch=1+variant=current-tile-v1,panelDoubles=64,jvm-simd/portable-layout-v1/8x4,jmh-average-time-v1,200000000,1,1,score-times-operations
4,pack-triangular-left+8x8+triangular+physical=8x4+uplo=L+diag=N+work=pack-triangular-left-v1+leftLayout=depth-rows-v1+rightLayout=depth-columns-v1+leftGroup=8+rightGroup=4+leftStride=8+rightStride=4+padding=zero+alignment=8+block=8x8x8+panel=8+diagonal=0+rhs=0+batch=1+variant=current-tile-v1+timing=packing-only,jvm-simd/simd(4 lanes)/simd-sparse/packed-8x4,5,2,1,4,2667325,200222259,75.06481549867377,ns,ok,unsupported,packing-only,50f1356ff734c61f359e46e821b0f580d6549e73,true,kotlin-2.4.10/jvm/Eclipse Adoptium/25.0.1/JMH 1.37/forks=1,1,3,200000000,pack-triangular-left-v1+8x8+triangular+uplo=L+diag=N,physical=8x4+leftLayout=depth-rows-v1+rightLayout=depth-columns-v1+leftGroup=8+rightGroup=4+leftStride=8+rightStride=4+padding=zero+alignment=8+block=8x8x8+panel=8+diagonal=0+rhs=0+batch=1+variant=current-tile-v1,panelDoubles=64,jvm-simd/portable-layout-v1/8x4,jmh-average-time-v1,200000000,1,1,score-times-operations
4,pack-triangular-left+8x8+triangular+physical=8x4+uplo=L+diag=N+work=pack-triangular-left-v1+leftLayout=depth-rows-v1+rightLayout=depth-columns-v1+leftGroup=8+rightGroup=4+leftStride=8+rightStride=4+padding=zero+alignment=8+block=8x8x8+panel=8+diagonal=0+rhs=0+batch=1+variant=current-tile-v1+timing=packing-only,jvm-simd/simd(4 lanes)/simd-sparse/packed-8x4,5,2,1,5,2687255,200168739,74.48818180634142,ns,ok,unsupported,packing-only,50f1356ff734c61f359e46e821b0f580d6549e73,true,kotlin-2.4.10/jvm/Eclipse Adoptium/25.0.1/JMH 1.37/forks=1,1,3,200000000,pack-triangular-left-v1+8x8+triangular+uplo=L+diag=N,physical=8x4+leftLayout=depth-rows-v1+rightLayout=depth-columns-v1+leftGroup=8+rightGroup=4+leftStride=8+rightStride=4+padding=zero+alignment=8+block=8x8x8+panel=8+diagonal=0+rhs=0+batch=1+variant=current-tile-v1,panelDoubles=64,jvm-simd/portable-layout-v1/8x4,jmh-average-time-v1,200000000,1,1,score-times-operations
4,pack-triangular-right+4x4+triangular+physical=8x4+uplo=U+diag=U+work=pack-triangular-right-v1+leftLayout=depth-rows-v1+rightLayout=depth-columns-v1+leftGroup=8+rightGroup=4+leftStride=8+rightStride=4+padding=zero+alignment=8+block=4x4x4+panel=4+diagonal=0+rhs=0+batch=1+variant=current-tile-v1+timing=packing-only,jvm-simd/simd(4 lanes)/simd-sparse/packed-8x4,5,2,1,1,5567125,200251466,35.97035561443295,ns,ok,unsupported,packing-only,50f1356ff734c61f359e46e821b0f580d6549e73,true,kotlin-2.4.10/jvm/Eclipse Adoptium/25.0.1/JMH 1.37/forks=1,1,3,200000000,pack-triangular-right-v1+4x4+triangular+uplo=U+diag=U,physical=8x4+leftLayout=depth-rows-v1+rightLayout=depth-columns-v1+leftGroup=8+rightGroup=4+leftStride=8+rightStride=4+padding=zero+alignment=8+block=4x4x4+panel=4+diagonal=0+rhs=0+batch=1+variant=current-tile-v1,panelDoubles=16,jvm-simd/portable-layout-v1/8x4,jmh-average-time-v1,200000000,1,1,score-times-operations
4,pack-triangular-right+4x4+triangular+physical=8x4+uplo=U+diag=U+work=pack-triangular-right-v1+leftLayout=depth-rows-v1+rightLayout=depth-columns-v1+leftGroup=8+rightGroup=4+leftStride=8+rightStride=4+padding=zero+alignment=8+block=4x4x4+panel=4+diagonal=0+rhs=0+batch=1+variant=current-tile-v1+timing=packing-only,jvm-simd/simd(4 lanes)/simd-sparse/packed-8x4,5,2,1,2,5562348,200109633,35.97574855079186,ns,ok,unsupported,packing-only,50f1356ff734c61f359e46e821b0f580d6549e73,true,kotlin-2.4.10/jvm/Eclipse Adoptium/25.0.1/JMH 1.37/forks=1,1,3,200000000,pack-triangular-right-v1+4x4+triangular+uplo=U+diag=U,physical=8x4+leftLayout=depth-rows-v1+rightLayout=depth-columns-v1+leftGroup=8+rightGroup=4+leftStride=8+rightStride=4+padding=zero+alignment=8+block=4x4x4+panel=4+diagonal=0+rhs=0+batch=1+variant=current-tile-v1,panelDoubles=16,jvm-simd/portable-layout-v1/8x4,jmh-average-time-v1,200000000,1,1,score-times-operations
4,pack-triangular-right+4x4+triangular+physical=8x4+uplo=U+diag=U+work=pack-triangular-right-v1+leftLayout=depth-rows-v1+rightLayout=depth-columns-v1+leftGroup=8+rightGroup=4+leftStride=8+rightStride=4+padding=zero+alignment=8+block=4x4x4+panel=4+diagonal=0+rhs=0+batch=1+variant=current-tile-v1+timing=packing-only,jvm-simd/simd(4 lanes)/simd-sparse/packed-8x4,5,2,1,3,6214212,200201066,32.21664565032542,ns,ok,unsupported,packing-only,50f1356ff734c61f359e46e821b0f580d6549e73,true,kotlin-2.4.10/jvm/Eclipse Adoptium/25.0.1/JMH 1.37/forks=1,1,3,200000000,pack-triangular-right-v1+4x4+triangular+uplo=U+diag=U,physical=8x4+leftLayout=depth-rows-v1+rightLayout=depth-columns-v1+leftGroup=8+rightGroup=4+leftStride=8+rightStride=4+padding=zero+alignment=8+block=4x4x4+panel=4+diagonal=0+rhs=0+batch=1+variant=current-tile-v1,panelDoubles=16,jvm-simd/portable-layout-v1/8x4,jmh-average-time-v1,200000000,1,1,score-times-operations
4,pack-triangular-right+4x4+triangular+physical=8x4+uplo=U+diag=U+work=pack-triangular-right-v1+leftLayout=depth-rows-v1+rightLayout=depth-columns-v1+leftGroup=8+rightGroup=4+leftStride=8+rightStride=4+padding=zero+alignment=8+block=4x4x4+panel=4+diagonal=0+rhs=0+batch=1+variant=current-tile-v1+timing=packing-only,jvm-simd/simd(4 lanes)/simd-sparse/packed-8x4,5,2,1,4,6068302,200202126,32.99145724784297,ns,ok,unsupported,packing-only,50f1356ff734c61f359e46e821b0f580d6549e73,true,kotlin-2.4.10/jvm/Eclipse Adoptium/25.0.1/JMH 1.37/forks=1,1,3,200000000,pack-triangular-right-v1+4x4+triangular+uplo=U+diag=U,physical=8x4+leftLayout=depth-rows-v1+rightLayout=depth-columns-v1+leftGroup=8+rightGroup=4+leftStride=8+rightStride=4+padding=zero+alignment=8+block=4x4x4+panel=4+diagonal=0+rhs=0+batch=1+variant=current-tile-v1,panelDoubles=16,jvm-simd/portable-layout-v1/8x4,jmh-average-time-v1,200000000,1,1,score-times-operations
4,pack-triangular-right+4x4+triangular+physical=8x4+uplo=U+diag=U+work=pack-triangular-right-v1+leftLayout=depth-rows-v1+rightLayout=depth-columns-v1+leftGroup=8+rightGroup=4+leftStride=8+rightStride=4+padding=zero+alignment=8+block=4x4x4+panel=4+diagonal=0+rhs=0+batch=1+variant=current-tile-v1+timing=packing-only,jvm-simd/simd(4 lanes)/simd-sparse/packed-8x4,5,2,1,5,5690698,200167804,35.17456101167203,ns,ok,unsupported,packing-only,50f1356ff734c61f359e46e821b0f580d6549e73,true,kotlin-2.4.10/jvm/Eclipse Adoptium/25.0.1/JMH 1.37/forks=1,1,3,200000000,pack-triangular-right-v1+4x4+triangular+uplo=U+diag=U,physical=8x4+leftLayout=depth-rows-v1+rightLayout=depth-columns-v1+leftGroup=8+rightGroup=4+leftStride=8+rightStride=4+padding=zero+alignment=8+block=4x4x4+panel=4+diagonal=0+rhs=0+batch=1+variant=current-tile-v1,panelDoubles=16,jvm-simd/portable-layout-v1/8x4,jmh-average-time-v1,200000000,1,1,score-times-operations
4,write-left+7x31+uniform+physical=8x4+work=write-left-v1+leftLayout=depth-rows-v1+rightLayout=depth-columns-v1+leftGroup=8+rightGroup=4+leftStride=8+rightStride=4+padding=zero+alignment=8+block=7x31x31+panel=31+diagonal=0+rhs=0+batch=1+variant=current-tile-v1+timing=layout-only,jvm-simd/simd(4 lanes)/simd-sparse/packed-8x4,5,2,1,1,2171035,200136436,92.18480402204479,ns,ok,unsupported,layout-only,50f1356ff734c61f359e46e821b0f580d6549e73,true,kotlin-2.4.10/jvm/Eclipse Adoptium/25.0.1/JMH 1.37/forks=1,1,3,200000000,write-left-v1+7x31+uniform,physical=8x4+leftLayout=depth-rows-v1+rightLayout=depth-columns-v1+leftGroup=8+rightGroup=4+leftStride=8+rightStride=4+padding=zero+alignment=8+block=7x31x31+panel=31+diagonal=0+rhs=0+batch=1+variant=current-tile-v1,panelDoubles=248,jvm-simd/portable-layout-v1/8x4,jmh-average-time-v1,200000000,1,1,score-times-operations
4,write-left+7x31+uniform+physical=8x4+work=write-left-v1+leftLayout=depth-rows-v1+rightLayout=depth-columns-v1+leftGroup=8+rightGroup=4+leftStride=8+rightStride=4+padding=zero+alignment=8+block=7x31x31+panel=31+diagonal=0+rhs=0+batch=1+variant=current-tile-v1+timing=layout-only,jvm-simd/simd(4 lanes)/simd-sparse/packed-8x4,5,2,1,2,2427100,200185957,82.47948457006304,ns,ok,unsupported,layout-only,50f1356ff734c61f359e46e821b0f580d6549e73,true,kotlin-2.4.10/jvm/Eclipse Adoptium/25.0.1/JMH 1.37/forks=1,1,3,200000000,write-left-v1+7x31+uniform,physical=8x4+leftLayout=depth-rows-v1+rightLayout=depth-columns-v1+leftGroup=8+rightGroup=4+leftStride=8+rightStride=4+padding=zero+alignment=8+block=7x31x31+panel=31+diagonal=0+rhs=0+batch=1+variant=current-tile-v1,panelDoubles=248,jvm-simd/portable-layout-v1/8x4,jmh-average-time-v1,200000000,1,1,score-times-operations
4,write-left+7x31+uniform+physical=8x4+work=write-left-v1+leftLayout=depth-rows-v1+rightLayout=depth-columns-v1+leftGroup=8+rightGroup=4+leftStride=8+rightStride=4+padding=zero+alignment=8+block=7x31x31+panel=31+diagonal=0+rhs=0+batch=1+variant=current-tile-v1+timing=layout-only,jvm-simd/simd(4 lanes)/simd-sparse/packed-8x4,5,2,1,3,2361208,200108938,84.74854311860709,ns,ok,unsupported,layout-only,50f1356ff734c61f359e46e821b0f580d6549e73,true,kotlin-2.4.10/jvm/Eclipse Adoptium/25.0.1/JMH 1.37/forks=1,1,3,200000000,write-left-v1+7x31+uniform,physical=8x4+leftLayout=depth-rows-v1+rightLayout=depth-columns-v1+leftGroup=8+rightGroup=4+leftStride=8+rightStride=4+padding=zero+alignment=8+block=7x31x31+panel=31+diagonal=0+rhs=0+batch=1+variant=current-tile-v1,panelDoubles=248,jvm-simd/portable-layout-v1/8x4,jmh-average-time-v1,200000000,1,1,score-times-operations
4,write-left+7x31+uniform+physical=8x4+work=write-left-v1+leftLayout=depth-rows-v1+rightLayout=depth-columns-v1+leftGroup=8+rightGroup=4+leftStride=8+rightStride=4+padding=zero+alignment=8+block=7x31x31+panel=31+diagonal=0+rhs=0+batch=1+variant=current-tile-v1+timing=layout-only,jvm-simd/simd(4 lanes)/simd-sparse/packed-8x4,5,2,1,4,2365917,200183755,84.61148679349276,ns,ok,unsupported,layout-only,50f1356ff734c61f359e46e821b0f580d6549e73,true,kotlin-2.4.10/jvm/Eclipse Adoptium/25.0.1/JMH 1.37/forks=1,1,3,200000000,write-left-v1+7x31+uniform,physical=8x4+leftLayout=depth-rows-v1+rightLayout=depth-columns-v1+leftGroup=8+rightGroup=4+leftStride=8+rightStride=4+padding=zero+alignment=8+block=7x31x31+panel=31+diagonal=0+rhs=0+batch=1+variant=current-tile-v1,panelDoubles=248,jvm-simd/portable-layout-v1/8x4,jmh-average-time-v1,200000000,1,1,score-times-operations
4,write-left+7x31+uniform+physical=8x4+work=write-left-v1+leftLayout=depth-rows-v1+rightLayout=depth-columns-v1+leftGroup=8+rightGroup=4+leftStride=8+rightStride=4+padding=zero+alignment=8+block=7x31x31+panel=31+diagonal=0+rhs=0+batch=1+variant=current-tile-v1+timing=layout-only,jvm-simd/simd(4 lanes)/simd-sparse/packed-8x4,5,2,1,5,2372448,200199514,84.38520633539703,ns,ok,unsupported,layout-only,50f1356ff734c61f359e46e821b0f580d6549e73,true,kotlin-2.4.10/jvm/Eclipse Adoptium/25.0.1/JMH 1.37/forks=1,1,3,200000000,write-left-v1+7x31+uniform,physical=8x4+leftLayout=depth-rows-v1+rightLayout=depth-columns-v1+leftGroup=8+rightGroup=4+leftStride=8+rightStride=4+padding=zero+alignment=8+block=7x31x31+panel=31+diagonal=0+rhs=0+batch=1+variant=current-tile-v1,panelDoubles=248,jvm-simd/portable-layout-v1/8x4,jmh-average-time-v1,200000000,1,1,score-times-operations
4,write-left+8x32+uniform+physical=8x4+work=write-left-v1+leftLayout=depth-rows-v1+rightLayout=depth-columns-v1+leftGroup=8+rightGroup=4+leftStride=8+rightStride=4+padding=zero+alignment=8+block=8x32x32+panel=32+diagonal=0+rhs=0+batch=1+variant=current-tile-v1+timing=layout-only,jvm-simd/simd(4 lanes)/simd-sparse/packed-8x4,5,2,1,1,1721042,200198704,116.32412457104475,ns,ok,unsupported,layout-only,50f1356ff734c61f359e46e821b0f580d6549e73,true,kotlin-2.4.10/jvm/Eclipse Adoptium/25.0.1/JMH 1.37/forks=1,1,3,200000000,write-left-v1+8x32+uniform,physical=8x4+leftLayout=depth-rows-v1+rightLayout=depth-columns-v1+leftGroup=8+rightGroup=4+leftStride=8+rightStride=4+padding=zero+alignment=8+block=8x32x32+panel=32+diagonal=0+rhs=0+batch=1+variant=current-tile-v1,panelDoubles=256,jvm-simd/portable-layout-v1/8x4,jmh-average-time-v1,200000000,1,1,score-times-operations
4,write-left+8x32+uniform+physical=8x4+work=write-left-v1+leftLayout=depth-rows-v1+rightLayout=depth-columns-v1+leftGroup=8+rightGroup=4+leftStride=8+rightStride=4+padding=zero+alignment=8+block=8x32x32+panel=32+diagonal=0+rhs=0+batch=1+variant=current-tile-v1+timing=layout-only,jvm-simd/simd(4 lanes)/simd-sparse/packed-8x4,5,2,1,2,1687488,200168936,118.6194722569879,ns,ok,unsupported,layout-only,50f1356ff734c61f359e46e821b0f580d6549e73,true,kotlin-2.4.10/jvm/Eclipse Adoptium/25.0.1/JMH 1.37/forks=1,1,3,200000000,write-left-v1+8x32+uniform,physical=8x4+leftLayout=depth-rows-v1+rightLayout=depth-columns-v1+leftGroup=8+rightGroup=4+leftStride=8+rightStride=4+padding=zero+alignment=8+block=8x32x32+panel=32+diagonal=0+rhs=0+batch=1+variant=current-tile-v1,panelDoubles=256,jvm-simd/portable-layout-v1/8x4,jmh-average-time-v1,200000000,1,1,score-times-operations
4,write-left+8x32+uniform+physical=8x4+work=write-left-v1+leftLayout=depth-rows-v1+rightLayout=depth-columns-v1+leftGroup=8+rightGroup=4+leftStride=8+rightStride=4+padding=zero+alignment=8+block=8x32x32+panel=32+diagonal=0+rhs=0+batch=1+variant=current-tile-v1+timing=layout-only,jvm-simd/simd(4 lanes)/simd-sparse/packed-8x4,5,2,1,3,1433485,200155225,139.62840559894244,ns,ok,unsupported,layout-only,50f1356ff734c61f359e46e821b0f580d6549e73,true,kotlin-2.4.10/jvm/Eclipse Adoptium/25.0.1/JMH 1.37/forks=1,1,3,200000000,write-left-v1+8x32+uniform,physical=8x4+leftLayout=depth-rows-v1+rightLayout=depth-columns-v1+leftGroup=8+rightGroup=4+leftStride=8+rightStride=4+padding=zero+alignment=8+block=8x32x32+panel=32+diagonal=0+rhs=0+batch=1+variant=current-tile-v1,panelDoubles=256,jvm-simd/portable-layout-v1/8x4,jmh-average-time-v1,200000000,1,1,score-times-operations
4,write-left+8x32+uniform+physical=8x4+work=write-left-v1+leftLayout=depth-rows-v1+rightLayout=depth-columns-v1+leftGroup=8+rightGroup=4+leftStride=8+rightStride=4+padding=zero+alignment=8+block=8x32x32+panel=32+diagonal=0+rhs=0+batch=1+variant=current-tile-v1+timing=layout-only,jvm-simd/simd(4 lanes)/simd-sparse/packed-8x4,5,2,1,4,1377032,200127827,145.33273518698186,ns,ok,unsupported,layout-only,50f1356ff734c61f359e46e821b0f580d6549e73,true,kotlin-2.4.10/jvm/Eclipse Adoptium/25.0.1/JMH 1.37/forks=1,1,3,200000000,write-left-v1+8x32+uniform,physical=8x4+leftLayout=depth-rows-v1+rightLayout=depth-columns-v1+leftGroup=8+rightGroup=4+leftStride=8+rightStride=4+padding=zero+alignment=8+block=8x32x32+panel=32+diagonal=0+rhs=0+batch=1+variant=current-tile-v1,panelDoubles=256,jvm-simd/portable-layout-v1/8x4,jmh-average-time-v1,200000000,1,1,score-times-operations
4,write-left+8x32+uniform+physical=8x4+work=write-left-v1+leftLayout=depth-rows-v1+rightLayout=depth-columns-v1+leftGroup=8+rightGroup=4+leftStride=8+rightStride=4+padding=zero+alignment=8+block=8x32x32+panel=32+diagonal=0+rhs=0+batch=1+variant=current-tile-v1+timing=layout-only,jvm-simd/simd(4 lanes)/simd-sparse/packed-8x4,5,2,1,5,1428318,200131713,140.11705586571057,ns,ok,unsupported,layout-only,50f1356ff734c61f359e46e821b0f580d6549e73,true,kotlin-2.4.10/jvm/Eclipse Adoptium/25.0.1/JMH 1.37/forks=1,1,3,200000000,write-left-v1+8x32+uniform,physical=8x4+leftLayout=depth-rows-v1+rightLayout=depth-columns-v1+leftGroup=8+rightGroup=4+leftStride=8+rightStride=4+padding=zero+alignment=8+block=8x32x32+panel=32+diagonal=0+rhs=0+batch=1+variant=current-tile-v1,panelDoubles=256,jvm-simd/portable-layout-v1/8x4,jmh-average-time-v1,200000000,1,1,score-times-operations
4,write-right+31x2+uniform+physical=8x4+work=write-right-v1+leftLayout=depth-rows-v1+rightLayout=depth-columns-v1+leftGroup=8+rightGroup=4+leftStride=8+rightStride=4+padding=zero+alignment=8+block=31x2x31+panel=31+diagonal=0+rhs=0+batch=1+variant=current-tile-v1+timing=layout-only,jvm-simd/simd(4 lanes)/simd-sparse/packed-8x4,5,2,1,1,2290336,200162869,87.39454342070334,ns,ok,unsupported,layout-only,50f1356ff734c61f359e46e821b0f580d6549e73,true,kotlin-2.4.10/jvm/Eclipse Adoptium/25.0.1/JMH 1.37/forks=1,1,3,200000000,write-right-v1+31x2+uniform,physical=8x4+leftLayout=depth-rows-v1+rightLayout=depth-columns-v1+leftGroup=8+rightGroup=4+leftStride=8+rightStride=4+padding=zero+alignment=8+block=31x2x31+panel=31+diagonal=0+rhs=0+batch=1+variant=current-tile-v1,panelDoubles=124,jvm-simd/portable-layout-v1/8x4,jmh-average-time-v1,200000000,1,1,score-times-operations
4,write-right+31x2+uniform+physical=8x4+work=write-right-v1+leftLayout=depth-rows-v1+rightLayout=depth-columns-v1+leftGroup=8+rightGroup=4+leftStride=8+rightStride=4+padding=zero+alignment=8+block=31x2x31+panel=31+diagonal=0+rhs=0+batch=1+variant=current-tile-v1+timing=layout-only,jvm-simd/simd(4 lanes)/simd-sparse/packed-8x4,5,2,1,2,2203646,200156066,90.82950074558255,ns,ok,unsupported,layout-only,50f1356ff734c61f359e46e821b0f580d6549e73,true,kotlin-2.4.10/jvm/Eclipse Adoptium/25.0.1/JMH 1.37/forks=1,1,3,200000000,write-right-v1+31x2+uniform,physical=8x4+leftLayout=depth-rows-v1+rightLayout=depth-columns-v1+leftGroup=8+rightGroup=4+leftStride=8+rightStride=4+padding=zero+alignment=8+block=31x2x31+panel=31+diagonal=0+rhs=0+batch=1+variant=current-tile-v1,panelDoubles=124,jvm-simd/portable-layout-v1/8x4,jmh-average-time-v1,200000000,1,1,score-times-operations
4,write-right+31x2+uniform+physical=8x4+work=write-right-v1+leftLayout=depth-rows-v1+rightLayout=depth-columns-v1+leftGroup=8+rightGroup=4+leftStride=8+rightStride=4+padding=zero+alignment=8+block=31x2x31+panel=31+diagonal=0+rhs=0+batch=1+variant=current-tile-v1+timing=layout-only,jvm-simd/simd(4 lanes)/simd-sparse/packed-8x4,5,2,1,3,1934696,200267045,103.51344345571604,ns,ok,unsupported,layout-only,50f1356ff734c61f359e46e821b0f580d6549e73,true,kotlin-2.4.10/jvm/Eclipse Adoptium/25.0.1/JMH 1.37/forks=1,1,3,200000000,write-right-v1+31x2+uniform,physical=8x4+leftLayout=depth-rows-v1+rightLayout=depth-columns-v1+leftGroup=8+rightGroup=4+leftStride=8+rightStride=4+padding=zero+alignment=8+block=31x2x31+panel=31+diagonal=0+rhs=0+batch=1+variant=current-tile-v1,panelDoubles=124,jvm-simd/portable-layout-v1/8x4,jmh-average-time-v1,200000000,1,1,score-times-operations
4,write-right+31x2+uniform+physical=8x4+work=write-right-v1+leftLayout=depth-rows-v1+rightLayout=depth-columns-v1+leftGroup=8+rightGroup=4+leftStride=8+rightStride=4+padding=zero+alignment=8+block=31x2x31+panel=31+diagonal=0+rhs=0+batch=1+variant=current-tile-v1+timing=layout-only,jvm-simd/simd(4 lanes)/simd-sparse/packed-8x4,5,2,1,4,2194894,200206747,91.2147680024639,ns,ok,unsupported,layout-only,50f1356ff734c61f359e46e821b0f580d6549e73,true,kotlin-2.4.10/jvm/Eclipse Adoptium/25.0.1/JMH 1.37/forks=1,1,3,200000000,write-right-v1+31x2+uniform,physical=8x4+leftLayout=depth-rows-v1+rightLayout=depth-columns-v1+leftGroup=8+rightGroup=4+leftStride=8+rightStride=4+padding=zero+alignment=8+block=31x2x31+panel=31+diagonal=0+rhs=0+batch=1+variant=current-tile-v1,panelDoubles=124,jvm-simd/portable-layout-v1/8x4,jmh-average-time-v1,200000000,1,1,score-times-operations
4,write-right+31x2+uniform+physical=8x4+work=write-right-v1+leftLayout=depth-rows-v1+rightLayout=depth-columns-v1+leftGroup=8+rightGroup=4+leftStride=8+rightStride=4+padding=zero+alignment=8+block=31x2x31+panel=31+diagonal=0+rhs=0+batch=1+variant=current-tile-v1+timing=layout-only,jvm-simd/simd(4 lanes)/simd-sparse/packed-8x4,5,2,1,5,2226993,200160546,89.87928834980622,ns,ok,unsupported,layout-only,50f1356ff734c61f359e46e821b0f580d6549e73,true,kotlin-2.4.10/jvm/Eclipse Adoptium/25.0.1/JMH 1.37/forks=1,1,3,200000000,write-right-v1+31x2+uniform,physical=8x4+leftLayout=depth-rows-v1+rightLayout=depth-columns-v1+leftGroup=8+rightGroup=4+leftStride=8+rightStride=4+padding=zero+alignment=8+block=31x2x31+panel=31+diagonal=0+rhs=0+batch=1+variant=current-tile-v1,panelDoubles=124,jvm-simd/portable-layout-v1/8x4,jmh-average-time-v1,200000000,1,1,score-times-operations
4,write-right+32x4+uniform+physical=8x4+work=write-right-v1+leftLayout=depth-rows-v1+rightLayout=depth-columns-v1+leftGroup=8+rightGroup=4+leftStride=8+rightStride=4+padding=zero+alignment=8+block=32x4x32+panel=32+diagonal=0+rhs=0+batch=1+variant=current-tile-v1+timing=layout-only,jvm-simd/simd(4 lanes)/simd-sparse/packed-8x4,5,2,1,1,1948537,200192155,102.73972472680785,ns,ok,unsupported,layout-only,50f1356ff734c61f359e46e821b0f580d6549e73,true,kotlin-2.4.10/jvm/Eclipse Adoptium/25.0.1/JMH 1.37/forks=1,1,3,200000000,write-right-v1+32x4+uniform,physical=8x4+leftLayout=depth-rows-v1+rightLayout=depth-columns-v1+leftGroup=8+rightGroup=4+leftStride=8+rightStride=4+padding=zero+alignment=8+block=32x4x32+panel=32+diagonal=0+rhs=0+batch=1+variant=current-tile-v1,panelDoubles=128,jvm-simd/portable-layout-v1/8x4,jmh-average-time-v1,200000000,1,1,score-times-operations
4,write-right+32x4+uniform+physical=8x4+work=write-right-v1+leftLayout=depth-rows-v1+rightLayout=depth-columns-v1+leftGroup=8+rightGroup=4+leftStride=8+rightStride=4+padding=zero+alignment=8+block=32x4x32+panel=32+diagonal=0+rhs=0+batch=1+variant=current-tile-v1+timing=layout-only,jvm-simd/simd(4 lanes)/simd-sparse/packed-8x4,5,2,1,2,1766120,200169556,113.3385930740833,ns,ok,unsupported,layout-only,50f1356ff734c61f359e46e821b0f580d6549e73,true,kotlin-2.4.10/jvm/Eclipse Adoptium/25.0.1/JMH 1.37/forks=1,1,3,200000000,write-right-v1+32x4+uniform,physical=8x4+leftLayout=depth-rows-v1+rightLayout=depth-columns-v1+leftGroup=8+rightGroup=4+leftStride=8+rightStride=4+padding=zero+alignment=8+block=32x4x32+panel=32+diagonal=0+rhs=0+batch=1+variant=current-tile-v1,panelDoubles=128,jvm-simd/portable-layout-v1/8x4,jmh-average-time-v1,200000000,1,1,score-times-operations
4,write-right+32x4+uniform+physical=8x4+work=write-right-v1+leftLayout=depth-rows-v1+rightLayout=depth-columns-v1+leftGroup=8+rightGroup=4+leftStride=8+rightStride=4+padding=zero+alignment=8+block=32x4x32+panel=32+diagonal=0+rhs=0+batch=1+variant=current-tile-v1+timing=layout-only,jvm-simd/simd(4 lanes)/simd-sparse/packed-8x4,5,2,1,3,1761777,200150179,113.60698828512349,ns,ok,unsupported,layout-only,50f1356ff734c61f359e46e821b0f580d6549e73,true,kotlin-2.4.10/jvm/Eclipse Adoptium/25.0.1/JMH 1.37/forks=1,1,3,200000000,write-right-v1+32x4+uniform,physical=8x4+leftLayout=depth-rows-v1+rightLayout=depth-columns-v1+leftGroup=8+rightGroup=4+leftStride=8+rightStride=4+padding=zero+alignment=8+block=32x4x32+panel=32+diagonal=0+rhs=0+batch=1+variant=current-tile-v1,panelDoubles=128,jvm-simd/portable-layout-v1/8x4,jmh-average-time-v1,200000000,1,1,score-times-operations
4,write-right+32x4+uniform+physical=8x4+work=write-right-v1+leftLayout=depth-rows-v1+rightLayout=depth-columns-v1+leftGroup=8+rightGroup=4+leftStride=8+rightStride=4+padding=zero+alignment=8+block=32x4x32+panel=32+diagonal=0+rhs=0+batch=1+variant=current-tile-v1+timing=layout-only,jvm-simd/simd(4 lanes)/simd-sparse/packed-8x4,5,2,1,4,1763552,200164337,113.50067193935875,ns,ok,unsupported,layout-only,50f1356ff734c61f359e46e821b0f580d6549e73,true,kotlin-2.4.10/jvm/Eclipse Adoptium/25.0.1/JMH 1.37/forks=1,1,3,200000000,write-right-v1+32x4+uniform,physical=8x4+leftLayout=depth-rows-v1+rightLayout=depth-columns-v1+leftGroup=8+rightGroup=4+leftStride=8+rightStride=4+padding=zero+alignment=8+block=32x4x32+panel=32+diagonal=0+rhs=0+batch=1+variant=current-tile-v1,panelDoubles=128,jvm-simd/portable-layout-v1/8x4,jmh-average-time-v1,200000000,1,1,score-times-operations
4,write-right+32x4+uniform+physical=8x4+work=write-right-v1+leftLayout=depth-rows-v1+rightLayout=depth-columns-v1+leftGroup=8+rightGroup=4+leftStride=8+rightStride=4+padding=zero+alignment=8+block=32x4x32+panel=32+diagonal=0+rhs=0+batch=1+variant=current-tile-v1+timing=layout-only,jvm-simd/simd(4 lanes)/simd-sparse/packed-8x4,5,2,1,5,1796317,200157650,111.42668582438401,ns,ok,unsupported,layout-only,50f1356ff734c61f359e46e821b0f580d6549e73,true,kotlin-2.4.10/jvm/Eclipse Adoptium/25.0.1/JMH 1.37/forks=1,1,3,200000000,write-right-v1+32x4+uniform,physical=8x4+leftLayout=depth-rows-v1+rightLayout=depth-columns-v1+leftGroup=8+rightGroup=4+leftStride=8+rightStride=4+padding=zero+alignment=8+block=32x4x32+panel=32+diagonal=0+rhs=0+batch=1+variant=current-tile-v1,panelDoubles=128,jvm-simd/portable-layout-v1/8x4,jmh-average-time-v1,200000000,1,1,score-times-operations
4,clear-left-padding+7x31+uniform+physical=8x4+work=clear-left-padding-v1+leftLayout=depth-rows-v1+rightLayout=depth-columns-v1+leftGroup=8+rightGroup=4+leftStride=8+rightStride=4+padding=zero+alignment=8+block=7x31x31+panel=31+diagonal=0+rhs=0+batch=1+variant=current-tile-v1+timing=layout-only,jvm-simd/simd(4 lanes)/simd-sparse/packed-8x4,5,2,1,1,3303531,200134643,60.58203873370645,ns,ok,unsupported,layout-only,50f1356ff734c61f359e46e821b0f580d6549e73,true,kotlin-2.4.10/jvm/Eclipse Adoptium/25.0.1/JMH 1.37/forks=1,1,3,200000000,clear-left-padding-v1+7x31+uniform,physical=8x4+leftLayout=depth-rows-v1+rightLayout=depth-columns-v1+leftGroup=8+rightGroup=4+leftStride=8+rightStride=4+padding=zero+alignment=8+block=7x31x31+panel=31+diagonal=0+rhs=0+batch=1+variant=current-tile-v1,panelDoubles=248,jvm-simd/portable-layout-v1/8x4,jmh-average-time-v1,200000000,1,1,score-times-operations
4,clear-left-padding+7x31+uniform+physical=8x4+work=clear-left-padding-v1+leftLayout=depth-rows-v1+rightLayout=depth-columns-v1+leftGroup=8+rightGroup=4+leftStride=8+rightStride=4+padding=zero+alignment=8+block=7x31x31+panel=31+diagonal=0+rhs=0+batch=1+variant=current-tile-v1+timing=layout-only,jvm-simd/simd(4 lanes)/simd-sparse/packed-8x4,5,2,1,2,3282574,200130637,60.967593419066866,ns,ok,unsupported,layout-only,50f1356ff734c61f359e46e821b0f580d6549e73,true,kotlin-2.4.10/jvm/Eclipse Adoptium/25.0.1/JMH 1.37/forks=1,1,3,200000000,clear-left-padding-v1+7x31+uniform,physical=8x4+leftLayout=depth-rows-v1+rightLayout=depth-columns-v1+leftGroup=8+rightGroup=4+leftStride=8+rightStride=4+padding=zero+alignment=8+block=7x31x31+panel=31+diagonal=0+rhs=0+batch=1+variant=current-tile-v1,panelDoubles=248,jvm-simd/portable-layout-v1/8x4,jmh-average-time-v1,200000000,1,1,score-times-operations
4,clear-left-padding+7x31+uniform+physical=8x4+work=clear-left-padding-v1+leftLayout=depth-rows-v1+rightLayout=depth-columns-v1+leftGroup=8+rightGroup=4+leftStride=8+rightStride=4+padding=zero+alignment=8+block=7x31x31+panel=31+diagonal=0+rhs=0+batch=1+variant=current-tile-v1+timing=layout-only,jvm-simd/simd(4 lanes)/simd-sparse/packed-8x4,5,2,1,3,3270878,200160363,61.19468931583508,ns,ok,unsupported,layout-only,50f1356ff734c61f359e46e821b0f580d6549e73,true,kotlin-2.4.10/jvm/Eclipse Adoptium/25.0.1/JMH 1.37/forks=1,1,3,200000000,clear-left-padding-v1+7x31+uniform,physical=8x4+leftLayout=depth-rows-v1+rightLayout=depth-columns-v1+leftGroup=8+rightGroup=4+leftStride=8+rightStride=4+padding=zero+alignment=8+block=7x31x31+panel=31+diagonal=0+rhs=0+batch=1+variant=current-tile-v1,panelDoubles=248,jvm-simd/portable-layout-v1/8x4,jmh-average-time-v1,200000000,1,1,score-times-operations
4,clear-left-padding+7x31+uniform+physical=8x4+work=clear-left-padding-v1+leftLayout=depth-rows-v1+rightLayout=depth-columns-v1+leftGroup=8+rightGroup=4+leftStride=8+rightStride=4+padding=zero+alignment=8+block=7x31x31+panel=31+diagonal=0+rhs=0+batch=1+variant=current-tile-v1+timing=layout-only,jvm-simd/simd(4 lanes)/simd-sparse/packed-8x4,5,2,1,4,3285606,200098071,60.90142001201605,ns,ok,unsupported,layout-only,50f1356ff734c61f359e46e821b0f580d6549e73,true,kotlin-2.4.10/jvm/Eclipse Adoptium/25.0.1/JMH 1.37/forks=1,1,3,200000000,clear-left-padding-v1+7x31+uniform,physical=8x4+leftLayout=depth-rows-v1+rightLayout=depth-columns-v1+leftGroup=8+rightGroup=4+leftStride=8+rightStride=4+padding=zero+alignment=8+block=7x31x31+panel=31+diagonal=0+rhs=0+batch=1+variant=current-tile-v1,panelDoubles=248,jvm-simd/portable-layout-v1/8x4,jmh-average-time-v1,200000000,1,1,score-times-operations
4,clear-left-padding+7x31+uniform+physical=8x4+work=clear-left-padding-v1+leftLayout=depth-rows-v1+rightLayout=depth-columns-v1+leftGroup=8+rightGroup=4+leftStride=8+rightStride=4+padding=zero+alignment=8+block=7x31x31+panel=31+diagonal=0+rhs=0+batch=1+variant=current-tile-v1+timing=layout-only,jvm-simd/simd(4 lanes)/simd-sparse/packed-8x4,5,2,1,5,3263526,200189397,61.34144388615258,ns,ok,unsupported,layout-only,50f1356ff734c61f359e46e821b0f580d6549e73,true,kotlin-2.4.10/jvm/Eclipse Adoptium/25.0.1/JMH 1.37/forks=1,1,3,200000000,clear-left-padding-v1+7x31+uniform,physical=8x4+leftLayout=depth-rows-v1+rightLayout=depth-columns-v1+leftGroup=8+rightGroup=4+leftStride=8+rightStride=4+padding=zero+alignment=8+block=7x31x31+panel=31+diagonal=0+rhs=0+batch=1+variant=current-tile-v1,panelDoubles=248,jvm-simd/portable-layout-v1/8x4,jmh-average-time-v1,200000000,1,1,score-times-operations
4,clear-left-padding+8x32+uniform+physical=8x4+work=clear-left-padding-v1+leftLayout=depth-rows-v1+rightLayout=depth-columns-v1+leftGroup=8+rightGroup=4+leftStride=8+rightStride=4+padding=zero+alignment=8+block=8x32x32+panel=32+diagonal=0+rhs=0+batch=1+variant=current-tile-v1+timing=layout-only,jvm-simd/simd(4 lanes)/simd-sparse/packed-8x4,5,2,1,1,17611389,200125128,11.36339263189292,ns,ok,unsupported,layout-only,50f1356ff734c61f359e46e821b0f580d6549e73,true,kotlin-2.4.10/jvm/Eclipse Adoptium/25.0.1/JMH 1.37/forks=1,1,3,200000000,clear-left-padding-v1+8x32+uniform,physical=8x4+leftLayout=depth-rows-v1+rightLayout=depth-columns-v1+leftGroup=8+rightGroup=4+leftStride=8+rightStride=4+padding=zero+alignment=8+block=8x32x32+panel=32+diagonal=0+rhs=0+batch=1+variant=current-tile-v1,panelDoubles=256,jvm-simd/portable-layout-v1/8x4,jmh-average-time-v1,200000000,1,1,score-times-operations
4,clear-left-padding+8x32+uniform+physical=8x4+work=clear-left-padding-v1+leftLayout=depth-rows-v1+rightLayout=depth-columns-v1+leftGroup=8+rightGroup=4+leftStride=8+rightStride=4+padding=zero+alignment=8+block=8x32x32+panel=32+diagonal=0+rhs=0+batch=1+variant=current-tile-v1+timing=layout-only,jvm-simd/simd(4 lanes)/simd-sparse/packed-8x4,5,2,1,2,23753978,200173758,8.426957286901587,ns,ok,unsupported,layout-only,50f1356ff734c61f359e46e821b0f580d6549e73,true,kotlin-2.4.10/jvm/Eclipse Adoptium/25.0.1/JMH 1.37/forks=1,1,3,200000000,clear-left-padding-v1+8x32+uniform,physical=8x4+leftLayout=depth-rows-v1+rightLayout=depth-columns-v1+leftGroup=8+rightGroup=4+leftStride=8+rightStride=4+padding=zero+alignment=8+block=8x32x32+panel=32+diagonal=0+rhs=0+batch=1+variant=current-tile-v1,panelDoubles=256,jvm-simd/portable-layout-v1/8x4,jmh-average-time-v1,200000000,1,1,score-times-operations
4,clear-left-padding+8x32+uniform+physical=8x4+work=clear-left-padding-v1+leftLayout=depth-rows-v1+rightLayout=depth-columns-v1+leftGroup=8+rightGroup=4+leftStride=8+rightStride=4+padding=zero+alignment=8+block=8x32x32+panel=32+diagonal=0+rhs=0+batch=1+variant=current-tile-v1+timing=layout-only,jvm-simd/simd(4 lanes)/simd-sparse/packed-8x4,5,2,1,3,26253577,200235634,7.626984848578919,ns,ok,unsupported,layout-only,50f1356ff734c61f359e46e821b0f580d6549e73,true,kotlin-2.4.10/jvm/Eclipse Adoptium/25.0.1/JMH 1.37/forks=1,1,3,200000000,clear-left-padding-v1+8x32+uniform,physical=8x4+leftLayout=depth-rows-v1+rightLayout=depth-columns-v1+leftGroup=8+rightGroup=4+leftStride=8+rightStride=4+padding=zero+alignment=8+block=8x32x32+panel=32+diagonal=0+rhs=0+batch=1+variant=current-tile-v1,panelDoubles=256,jvm-simd/portable-layout-v1/8x4,jmh-average-time-v1,200000000,1,1,score-times-operations
4,clear-left-padding+8x32+uniform+physical=8x4+work=clear-left-padding-v1+leftLayout=depth-rows-v1+rightLayout=depth-columns-v1+leftGroup=8+rightGroup=4+leftStride=8+rightStride=4+padding=zero+alignment=8+block=8x32x32+panel=32+diagonal=0+rhs=0+batch=1+variant=current-tile-v1+timing=layout-only,jvm-simd/simd(4 lanes)/simd-sparse/packed-8x4,5,2,1,4,26692771,200117179,7.497055251401212,ns,ok,unsupported,layout-only,50f1356ff734c61f359e46e821b0f580d6549e73,true,kotlin-2.4.10/jvm/Eclipse Adoptium/25.0.1/JMH 1.37/forks=1,1,3,200000000,clear-left-padding-v1+8x32+uniform,physical=8x4+leftLayout=depth-rows-v1+rightLayout=depth-columns-v1+leftGroup=8+rightGroup=4+leftStride=8+rightStride=4+padding=zero+alignment=8+block=8x32x32+panel=32+diagonal=0+rhs=0+batch=1+variant=current-tile-v1,panelDoubles=256,jvm-simd/portable-layout-v1/8x4,jmh-average-time-v1,200000000,1,1,score-times-operations
4,clear-left-padding+8x32+uniform+physical=8x4+work=clear-left-padding-v1+leftLayout=depth-rows-v1+rightLayout=depth-columns-v1+leftGroup=8+rightGroup=4+leftStride=8+rightStride=4+padding=zero+alignment=8+block=8x32x32+panel=32+diagonal=0+rhs=0+batch=1+variant=current-tile-v1+timing=layout-only,jvm-simd/simd(4 lanes)/simd-sparse/packed-8x4,5,2,1,5,25558901,200271824,7.835697786849286,ns,ok,unsupported,layout-only,50f1356ff734c61f359e46e821b0f580d6549e73,true,kotlin-2.4.10/jvm/Eclipse Adoptium/25.0.1/JMH 1.37/forks=1,1,3,200000000,clear-left-padding-v1+8x32+uniform,physical=8x4+leftLayout=depth-rows-v1+rightLayout=depth-columns-v1+leftGroup=8+rightGroup=4+leftStride=8+rightStride=4+padding=zero+alignment=8+block=8x32x32+panel=32+diagonal=0+rhs=0+batch=1+variant=current-tile-v1,panelDoubles=256,jvm-simd/portable-layout-v1/8x4,jmh-average-time-v1,200000000,1,1,score-times-operations
4,clear-right-padding+31x2+uniform+physical=8x4+work=clear-right-padding-v1+leftLayout=depth-rows-v1+rightLayout=depth-columns-v1+leftGroup=8+rightGroup=4+leftStride=8+rightStride=4+padding=zero+alignment=8+block=31x2x31+panel=31+diagonal=0+rhs=0+batch=1+variant=current-tile-v1+timing=layout-only,jvm-simd/simd(4 lanes)/simd-sparse/packed-8x4,5,2,1,1,2825424,200152918,70.83995817972807,ns,ok,unsupported,layout-only,50f1356ff734c61f359e46e821b0f580d6549e73,true,kotlin-2.4.10/jvm/Eclipse Adoptium/25.0.1/JMH 1.37/forks=1,1,3,200000000,clear-right-padding-v1+31x2+uniform,physical=8x4+leftLayout=depth-rows-v1+rightLayout=depth-columns-v1+leftGroup=8+rightGroup=4+leftStride=8+rightStride=4+padding=zero+alignment=8+block=31x2x31+panel=31+diagonal=0+rhs=0+batch=1+variant=current-tile-v1,panelDoubles=124,jvm-simd/portable-layout-v1/8x4,jmh-average-time-v1,200000000,1,1,score-times-operations
4,clear-right-padding+31x2+uniform+physical=8x4+work=clear-right-padding-v1+leftLayout=depth-rows-v1+rightLayout=depth-columns-v1+leftGroup=8+rightGroup=4+leftStride=8+rightStride=4+padding=zero+alignment=8+block=31x2x31+panel=31+diagonal=0+rhs=0+batch=1+variant=current-tile-v1+timing=layout-only,jvm-simd/simd(4 lanes)/simd-sparse/packed-8x4,5,2,1,2,2539149,200239808,78.86099161569487,ns,ok,unsupported,layout-only,50f1356ff734c61f359e46e821b0f580d6549e73,true,kotlin-2.4.10/jvm/Eclipse Adoptium/25.0.1/JMH 1.37/forks=1,1,3,200000000,clear-right-padding-v1+31x2+uniform,physical=8x4+leftLayout=depth-rows-v1+rightLayout=depth-columns-v1+leftGroup=8+rightGroup=4+leftStride=8+rightStride=4+padding=zero+alignment=8+block=31x2x31+panel=31+diagonal=0+rhs=0+batch=1+variant=current-tile-v1,panelDoubles=124,jvm-simd/portable-layout-v1/8x4,jmh-average-time-v1,200000000,1,1,score-times-operations
4,clear-right-padding+31x2+uniform+physical=8x4+work=clear-right-padding-v1+leftLayout=depth-rows-v1+rightLayout=depth-columns-v1+leftGroup=8+rightGroup=4+leftStride=8+rightStride=4+padding=zero+alignment=8+block=31x2x31+panel=31+diagonal=0+rhs=0+batch=1+variant=current-tile-v1+timing=layout-only,jvm-simd/simd(4 lanes)/simd-sparse/packed-8x4,5,2,1,3,2439487,200189017,82.06193228330383,ns,ok,unsupported,layout-only,50f1356ff734c61f359e46e821b0f580d6549e73,true,kotlin-2.4.10/jvm/Eclipse Adoptium/25.0.1/JMH 1.37/forks=1,1,3,200000000,clear-right-padding-v1+31x2+uniform,physical=8x4+leftLayout=depth-rows-v1+rightLayout=depth-columns-v1+leftGroup=8+rightGroup=4+leftStride=8+rightStride=4+padding=zero+alignment=8+block=31x2x31+panel=31+diagonal=0+rhs=0+batch=1+variant=current-tile-v1,panelDoubles=124,jvm-simd/portable-layout-v1/8x4,jmh-average-time-v1,200000000,1,1,score-times-operations
4,clear-right-padding+31x2+uniform+physical=8x4+work=clear-right-padding-v1+leftLayout=depth-rows-v1+rightLayout=depth-columns-v1+leftGroup=8+rightGroup=4+leftStride=8+rightStride=4+padding=zero+alignment=8+block=31x2x31+panel=31+diagonal=0+rhs=0+batch=1+variant=current-tile-v1+timing=layout-only,jvm-simd/simd(4 lanes)/simd-sparse/packed-8x4,5,2,1,4,2818908,200165519,71.00817727999637,ns,ok,unsupported,layout-only,50f1356ff734c61f359e46e821b0f580d6549e73,true,kotlin-2.4.10/jvm/Eclipse Adoptium/25.0.1/JMH 1.37/forks=1,1,3,200000000,clear-right-padding-v1+31x2+uniform,physical=8x4+leftLayout=depth-rows-v1+rightLayout=depth-columns-v1+leftGroup=8+rightGroup=4+leftStride=8+rightStride=4+padding=zero+alignment=8+block=31x2x31+panel=31+diagonal=0+rhs=0+batch=1+variant=current-tile-v1,panelDoubles=124,jvm-simd/portable-layout-v1/8x4,jmh-average-time-v1,200000000,1,1,score-times-operations
4,clear-right-padding+31x2+uniform+physical=8x4+work=clear-right-padding-v1+leftLayout=depth-rows-v1+rightLayout=depth-columns-v1+leftGroup=8+rightGroup=4+leftStride=8+rightStride=4+padding=zero+alignment=8+block=31x2x31+panel=31+diagonal=0+rhs=0+batch=1+variant=current-tile-v1+timing=layout-only,jvm-simd/simd(4 lanes)/simd-sparse/packed-8x4,5,2,1,5,2858121,200134080,70.02295564113626,ns,ok,unsupported,layout-only,50f1356ff734c61f359e46e821b0f580d6549e73,true,kotlin-2.4.10/jvm/Eclipse Adoptium/25.0.1/JMH 1.37/forks=1,1,3,200000000,clear-right-padding-v1+31x2+uniform,physical=8x4+leftLayout=depth-rows-v1+rightLayout=depth-columns-v1+leftGroup=8+rightGroup=4+leftStride=8+rightStride=4+padding=zero+alignment=8+block=31x2x31+panel=31+diagonal=0+rhs=0+batch=1+variant=current-tile-v1,panelDoubles=124,jvm-simd/portable-layout-v1/8x4,jmh-average-time-v1,200000000,1,1,score-times-operations
4,clear-right-padding+32x4+uniform+physical=8x4+work=clear-right-padding-v1+leftLayout=depth-rows-v1+rightLayout=depth-columns-v1+leftGroup=8+rightGroup=4+leftStride=8+rightStride=4+padding=zero+alignment=8+block=32x4x32+panel=32+diagonal=0+rhs=0+batch=1+variant=current-tile-v1+timing=layout-only,jvm-simd/simd(4 lanes)/simd-sparse/packed-8x4,5,2,1,1,12368795,200139298,16.18098594082932,ns,ok,unsupported,layout-only,50f1356ff734c61f359e46e821b0f580d6549e73,true,kotlin-2.4.10/jvm/Eclipse Adoptium/25.0.1/JMH 1.37/forks=1,1,3,200000000,clear-right-padding-v1+32x4+uniform,physical=8x4+leftLayout=depth-rows-v1+rightLayout=depth-columns-v1+leftGroup=8+rightGroup=4+leftStride=8+rightStride=4+padding=zero+alignment=8+block=32x4x32+panel=32+diagonal=0+rhs=0+batch=1+variant=current-tile-v1,panelDoubles=128,jvm-simd/portable-layout-v1/8x4,jmh-average-time-v1,200000000,1,1,score-times-operations
4,clear-right-padding+32x4+uniform+physical=8x4+work=clear-right-padding-v1+leftLayout=depth-rows-v1+rightLayout=depth-columns-v1+leftGroup=8+rightGroup=4+leftStride=8+rightStride=4+padding=zero+alignment=8+block=32x4x32+panel=32+diagonal=0+rhs=0+batch=1+variant=current-tile-v1+timing=layout-only,jvm-simd/simd(4 lanes)/simd-sparse/packed-8x4,5,2,1,2,11607088,200259751,17.253229319877647,ns,ok,unsupported,layout-only,50f1356ff734c61f359e46e821b0f580d6549e73,true,kotlin-2.4.10/jvm/Eclipse Adoptium/25.0.1/JMH 1.37/forks=1,1,3,200000000,clear-right-padding-v1+32x4+uniform,physical=8x4+leftLayout=depth-rows-v1+rightLayout=depth-columns-v1+leftGroup=8+rightGroup=4+leftStride=8+rightStride=4+padding=zero+alignment=8+block=32x4x32+panel=32+diagonal=0+rhs=0+batch=1+variant=current-tile-v1,panelDoubles=128,jvm-simd/portable-layout-v1/8x4,jmh-average-time-v1,200000000,1,1,score-times-operations
4,clear-right-padding+32x4+uniform+physical=8x4+work=clear-right-padding-v1+leftLayout=depth-rows-v1+rightLayout=depth-columns-v1+leftGroup=8+rightGroup=4+leftStride=8+rightStride=4+padding=zero+alignment=8+block=32x4x32+panel=32+diagonal=0+rhs=0+batch=1+variant=current-tile-v1+timing=layout-only,jvm-simd/simd(4 lanes)/simd-sparse/packed-8x4,5,2,1,3,11916813,200137849,16.794578298744806,ns,ok,unsupported,layout-only,50f1356ff734c61f359e46e821b0f580d6549e73,true,kotlin-2.4.10/jvm/Eclipse Adoptium/25.0.1/JMH 1.37/forks=1,1,3,200000000,clear-right-padding-v1+32x4+uniform,physical=8x4+leftLayout=depth-rows-v1+rightLayout=depth-columns-v1+leftGroup=8+rightGroup=4+leftStride=8+rightStride=4+padding=zero+alignment=8+block=32x4x32+panel=32+diagonal=0+rhs=0+batch=1+variant=current-tile-v1,panelDoubles=128,jvm-simd/portable-layout-v1/8x4,jmh-average-time-v1,200000000,1,1,score-times-operations
4,clear-right-padding+32x4+uniform+physical=8x4+work=clear-right-padding-v1+leftLayout=depth-rows-v1+rightLayout=depth-columns-v1+leftGroup=8+rightGroup=4+leftStride=8+rightStride=4+padding=zero+alignment=8+block=32x4x32+panel=32+diagonal=0+rhs=0+batch=1+variant=current-tile-v1+timing=layout-only,jvm-simd/simd(4 lanes)/simd-sparse/packed-8x4,5,2,1,4,15642629,200169401,12.796404044358528,ns,ok,unsupported,layout-only,50f1356ff734c61f359e46e821b0f580d6549e73,true,kotlin-2.4.10/jvm/Eclipse Adoptium/25.0.1/JMH 1.37/forks=1,1,3,200000000,clear-right-padding-v1+32x4+uniform,physical=8x4+leftLayout=depth-rows-v1+rightLayout=depth-columns-v1+leftGroup=8+rightGroup=4+leftStride=8+rightStride=4+padding=zero+alignment=8+block=32x4x32+panel=32+diagonal=0+rhs=0+batch=1+variant=current-tile-v1,panelDoubles=128,jvm-simd/portable-layout-v1/8x4,jmh-average-time-v1,200000000,1,1,score-times-operations
4,clear-right-padding+32x4+uniform+physical=8x4+work=clear-right-padding-v1+leftLayout=depth-rows-v1+rightLayout=depth-columns-v1+leftGroup=8+rightGroup=4+leftStride=8+rightStride=4+padding=zero+alignment=8+block=32x4x32+panel=32+diagonal=0+rhs=0+batch=1+variant=current-tile-v1+timing=layout-only,jvm-simd/simd(4 lanes)/simd-sparse/packed-8x4,5,2,1,5,17692572,200126925,11.311352866050226,ns,ok,unsupported,layout-only,50f1356ff734c61f359e46e821b0f580d6549e73,true,kotlin-2.4.10/jvm/Eclipse Adoptium/25.0.1/JMH 1.37/forks=1,1,3,200000000,clear-right-padding-v1+32x4+uniform,physical=8x4+leftLayout=depth-rows-v1+rightLayout=depth-columns-v1+leftGroup=8+rightGroup=4+leftStride=8+rightStride=4+padding=zero+alignment=8+block=32x4x32+panel=32+diagonal=0+rhs=0+batch=1+variant=current-tile-v1,panelDoubles=128,jvm-simd/portable-layout-v1/8x4,jmh-average-time-v1,200000000,1,1,score-times-operations
4,gemm-block+15x7x31+uniform+physical=4x4+work=gemm-add-v1+leftLayout=depth-rows-v1+rightLayout=depth-columns-v1+leftGroup=4+rightGroup=4+leftStride=4+rightStride=4+padding=zero+alignment=8+block=15x7x31+panel=31+diagonal=0+rhs=0+batch=1+variant=current-tile-v1+timing=prepacked-compute,jvm-simd/simd(4 lanes)/simd-sparse/packed-8x4,5,2,1,0,0,0,,ns,unsupported,unsupported,arithmetic,50f1356ff734c61f359e46e821b0f580d6549e73,true,kotlin-2.4.10/jvm/Eclipse Adoptium/25.0.1,1,3,200000000,gemm-add-v1+15x7x31+uniform,physical=4x4+leftLayout=depth-rows-v1+rightLayout=depth-columns-v1+leftGroup=4+rightGroup=4+leftStride=4+rightStride=4+padding=zero+alignment=8+block=15x7x31+panel=31+diagonal=0+rhs=0+batch=1+variant=current-tile-v1,tiles=8;leftDoubles=496;rightDoubles=248;outputDoubles=105;resetDoubles=105;scratchDoubles=16;triangleDoubles=0,unavailable,jmh-average-time-v1,200000000,0,1,score-times-operations
4,gemm-block+15x7x31+uniform+physical=4x4+work=gemm-add-v1+leftLayout=depth-rows-v1+rightLayout=depth-columns-v1+leftGroup=4+rightGroup=4+leftStride=4+rightStride=4+padding=zero+alignment=8+block=15x7x31+panel=31+diagonal=0+rhs=0+batch=1+variant=current-tile-v1+timing=pack-plus-compute,jvm-simd/simd(4 lanes)/simd-sparse/packed-8x4,5,2,1,0,0,0,,ns,unsupported,unsupported,arithmetic,50f1356ff734c61f359e46e821b0f580d6549e73,true,kotlin-2.4.10/jvm/Eclipse Adoptium/25.0.1,1,3,200000000,gemm-add-v1+15x7x31+uniform,physical=4x4+leftLayout=depth-rows-v1+rightLayout=depth-columns-v1+leftGroup=4+rightGroup=4+leftStride=4+rightStride=4+padding=zero+alignment=8+block=15x7x31+panel=31+diagonal=0+rhs=0+batch=1+variant=current-tile-v1,tiles=8;leftDoubles=496;rightDoubles=248;outputDoubles=105;resetDoubles=105;scratchDoubles=16;triangleDoubles=0,unavailable,jmh-average-time-v1,200000000,0,1,score-times-operations
4,gemm-block+32x16x65+uniform+physical=4x4+work=gemm-add-v1+leftLayout=depth-rows-v1+rightLayout=depth-columns-v1+leftGroup=4+rightGroup=4+leftStride=4+rightStride=4+padding=zero+alignment=8+block=32x16x65+panel=65+diagonal=0+rhs=0+batch=1+variant=current-tile-v1+timing=prepacked-compute,jvm-simd/simd(4 lanes)/simd-sparse/packed-8x4,5,2,1,0,0,0,,ns,unsupported,unsupported,arithmetic,50f1356ff734c61f359e46e821b0f580d6549e73,true,kotlin-2.4.10/jvm/Eclipse Adoptium/25.0.1,1,3,200000000,gemm-add-v1+32x16x65+uniform,physical=4x4+leftLayout=depth-rows-v1+rightLayout=depth-columns-v1+leftGroup=4+rightGroup=4+leftStride=4+rightStride=4+padding=zero+alignment=8+block=32x16x65+panel=65+diagonal=0+rhs=0+batch=1+variant=current-tile-v1,tiles=32;leftDoubles=2080;rightDoubles=1040;outputDoubles=512;resetDoubles=512;scratchDoubles=16;triangleDoubles=0,unavailable,jmh-average-time-v1,200000000,0,1,score-times-operations
4,gemm-block+32x16x65+uniform+physical=4x4+work=gemm-add-v1+leftLayout=depth-rows-v1+rightLayout=depth-columns-v1+leftGroup=4+rightGroup=4+leftStride=4+rightStride=4+padding=zero+alignment=8+block=32x16x65+panel=65+diagonal=0+rhs=0+batch=1+variant=current-tile-v1+timing=pack-plus-compute,jvm-simd/simd(4 lanes)/simd-sparse/packed-8x4,5,2,1,0,0,0,,ns,unsupported,unsupported,arithmetic,50f1356ff734c61f359e46e821b0f580d6549e73,true,kotlin-2.4.10/jvm/Eclipse Adoptium/25.0.1,1,3,200000000,gemm-add-v1+32x16x65+uniform,physical=4x4+leftLayout=depth-rows-v1+rightLayout=depth-columns-v1+leftGroup=4+rightGroup=4+leftStride=4+rightStride=4+padding=zero+alignment=8+block=32x16x65+panel=65+diagonal=0+rhs=0+batch=1+variant=current-tile-v1,tiles=32;leftDoubles=2080;rightDoubles=1040;outputDoubles=512;resetDoubles=512;scratchDoubles=16;triangleDoubles=0,unavailable,jmh-average-time-v1,200000000,0,1,score-times-operations
4,gemm-block+15x7x31+uniform+physical=8x4+work=gemm-add-v1+leftLayout=depth-rows-v1+rightLayout=depth-columns-v1+leftGroup=8+rightGroup=4+leftStride=8+rightStride=4+padding=zero+alignment=8+block=15x7x31+panel=31+diagonal=0+rhs=0+batch=1+variant=current-tile-v1+timing=prepacked-compute,jvm-simd/simd(4 lanes)/simd-sparse/packed-8x4,5,2,1,1,129496,200268914,1546.5258695249274,ns,ok,direct,prepacked-compute,50f1356ff734c61f359e46e821b0f580d6549e73,true,kotlin-2.4.10/jvm/Eclipse Adoptium/25.0.1/JMH 1.37/forks=1,1,3,200000000,gemm-add-v1+15x7x31+uniform,physical=8x4+leftLayout=depth-rows-v1+rightLayout=depth-columns-v1+leftGroup=8+rightGroup=4+leftStride=8+rightStride=4+padding=zero+alignment=8+block=15x7x31+panel=31+diagonal=0+rhs=0+batch=1+variant=current-tile-v1,tiles=4;leftDoubles=496;rightDoubles=248;outputDoubles=105;resetDoubles=105;scratchDoubles=32;triangleDoubles=0,jvm-simd/vector-tile-v1/8x4,jmh-average-time-v1,200000000,1,1,score-times-operations
4,gemm-block+15x7x31+uniform+physical=8x4+work=gemm-add-v1+leftLayout=depth-rows-v1+rightLayout=depth-columns-v1+leftGroup=8+rightGroup=4+leftStride=8+rightStride=4+padding=zero+alignment=8+block=15x7x31+panel=31+diagonal=0+rhs=0+batch=1+variant=current-tile-v1+timing=prepacked-compute,jvm-simd/simd(4 lanes)/simd-sparse/packed-8x4,5,2,1,2,134707,200261694,1486.646529133601,ns,ok,direct,prepacked-compute,50f1356ff734c61f359e46e821b0f580d6549e73,true,kotlin-2.4.10/jvm/Eclipse Adoptium/25.0.1/JMH 1.37/forks=1,1,3,200000000,gemm-add-v1+15x7x31+uniform,physical=8x4+leftLayout=depth-rows-v1+rightLayout=depth-columns-v1+leftGroup=8+rightGroup=4+leftStride=8+rightStride=4+padding=zero+alignment=8+block=15x7x31+panel=31+diagonal=0+rhs=0+batch=1+variant=current-tile-v1,tiles=4;leftDoubles=496;rightDoubles=248;outputDoubles=105;resetDoubles=105;scratchDoubles=32;triangleDoubles=0,jvm-simd/vector-tile-v1/8x4,jmh-average-time-v1,200000000,1,1,score-times-operations
4,gemm-block+15x7x31+uniform+physical=8x4+work=gemm-add-v1+leftLayout=depth-rows-v1+rightLayout=depth-columns-v1+leftGroup=8+rightGroup=4+leftStride=8+rightStride=4+padding=zero+alignment=8+block=15x7x31+panel=31+diagonal=0+rhs=0+batch=1+variant=current-tile-v1+timing=prepacked-compute,jvm-simd/simd(4 lanes)/simd-sparse/packed-8x4,5,2,1,3,137931,200158206,1451.147356286839,ns,ok,direct,prepacked-compute,50f1356ff734c61f359e46e821b0f580d6549e73,true,kotlin-2.4.10/jvm/Eclipse Adoptium/25.0.1/JMH 1.37/forks=1,1,3,200000000,gemm-add-v1+15x7x31+uniform,physical=8x4+leftLayout=depth-rows-v1+rightLayout=depth-columns-v1+leftGroup=8+rightGroup=4+leftStride=8+rightStride=4+padding=zero+alignment=8+block=15x7x31+panel=31+diagonal=0+rhs=0+batch=1+variant=current-tile-v1,tiles=4;leftDoubles=496;rightDoubles=248;outputDoubles=105;resetDoubles=105;scratchDoubles=32;triangleDoubles=0,jvm-simd/vector-tile-v1/8x4,jmh-average-time-v1,200000000,1,1,score-times-operations
4,gemm-block+15x7x31+uniform+physical=8x4+work=gemm-add-v1+leftLayout=depth-rows-v1+rightLayout=depth-columns-v1+leftGroup=8+rightGroup=4+leftStride=8+rightStride=4+padding=zero+alignment=8+block=15x7x31+panel=31+diagonal=0+rhs=0+batch=1+variant=current-tile-v1+timing=prepacked-compute,jvm-simd/simd(4 lanes)/simd-sparse/packed-8x4,5,2,1,4,136443,204452339,1498.4450576431184,ns,ok,direct,prepacked-compute,50f1356ff734c61f359e46e821b0f580d6549e73,true,kotlin-2.4.10/jvm/Eclipse Adoptium/25.0.1/JMH 1.37/forks=1,1,3,200000000,gemm-add-v1+15x7x31+uniform,physical=8x4+leftLayout=depth-rows-v1+rightLayout=depth-columns-v1+leftGroup=8+rightGroup=4+leftStride=8+rightStride=4+padding=zero+alignment=8+block=15x7x31+panel=31+diagonal=0+rhs=0+batch=1+variant=current-tile-v1,tiles=4;leftDoubles=496;rightDoubles=248;outputDoubles=105;resetDoubles=105;scratchDoubles=32;triangleDoubles=0,jvm-simd/vector-tile-v1/8x4,jmh-average-time-v1,200000000,1,1,score-times-operations
4,gemm-block+15x7x31+uniform+physical=8x4+work=gemm-add-v1+leftLayout=depth-rows-v1+rightLayout=depth-columns-v1+leftGroup=8+rightGroup=4+leftStride=8+rightStride=4+padding=zero+alignment=8+block=15x7x31+panel=31+diagonal=0+rhs=0+batch=1+variant=current-tile-v1+timing=prepacked-compute,jvm-simd/simd(4 lanes)/simd-sparse/packed-8x4,5,2,1,5,156996,200613834,1277.827677138271,ns,ok,direct,prepacked-compute,50f1356ff734c61f359e46e821b0f580d6549e73,true,kotlin-2.4.10/jvm/Eclipse Adoptium/25.0.1/JMH 1.37/forks=1,1,3,200000000,gemm-add-v1+15x7x31+uniform,physical=8x4+leftLayout=depth-rows-v1+rightLayout=depth-columns-v1+leftGroup=8+rightGroup=4+leftStride=8+rightStride=4+padding=zero+alignment=8+block=15x7x31+panel=31+diagonal=0+rhs=0+batch=1+variant=current-tile-v1,tiles=4;leftDoubles=496;rightDoubles=248;outputDoubles=105;resetDoubles=105;scratchDoubles=32;triangleDoubles=0,jvm-simd/vector-tile-v1/8x4,jmh-average-time-v1,200000000,1,1,score-times-operations
4,gemm-block+15x7x31+uniform+physical=8x4+work=gemm-add-v1+leftLayout=depth-rows-v1+rightLayout=depth-columns-v1+leftGroup=8+rightGroup=4+leftStride=8+rightStride=4+padding=zero+alignment=8+block=15x7x31+panel=31+diagonal=0+rhs=0+batch=1+variant=current-tile-v1+timing=pack-plus-compute,jvm-simd/simd(4 lanes)/simd-sparse/packed-8x4,5,2,1,1,51594,201051978,3896.8092801488547,ns,ok,direct,pack-plus-compute,50f1356ff734c61f359e46e821b0f580d6549e73,true,kotlin-2.4.10/jvm/Eclipse Adoptium/25.0.1/JMH 1.37/forks=1,1,3,200000000,gemm-add-v1+15x7x31+uniform,physical=8x4+leftLayout=depth-rows-v1+rightLayout=depth-columns-v1+leftGroup=8+rightGroup=4+leftStride=8+rightStride=4+padding=zero+alignment=8+block=15x7x31+panel=31+diagonal=0+rhs=0+batch=1+variant=current-tile-v1,tiles=4;leftDoubles=496;rightDoubles=248;outputDoubles=105;resetDoubles=105;scratchDoubles=32;triangleDoubles=0,jvm-simd/vector-tile-v1/8x4,jmh-average-time-v1,200000000,1,1,score-times-operations
4,gemm-block+15x7x31+uniform+physical=8x4+work=gemm-add-v1+leftLayout=depth-rows-v1+rightLayout=depth-columns-v1+leftGroup=8+rightGroup=4+leftStride=8+rightStride=4+padding=zero+alignment=8+block=15x7x31+panel=31+diagonal=0+rhs=0+batch=1+variant=current-tile-v1+timing=pack-plus-compute,jvm-simd/simd(4 lanes)/simd-sparse/packed-8x4,5,2,1,2,49898,203543573,4079.193013748046,ns,ok,direct,pack-plus-compute,50f1356ff734c61f359e46e821b0f580d6549e73,true,kotlin-2.4.10/jvm/Eclipse Adoptium/25.0.1/JMH 1.37/forks=1,1,3,200000000,gemm-add-v1+15x7x31+uniform,physical=8x4+leftLayout=depth-rows-v1+rightLayout=depth-columns-v1+leftGroup=8+rightGroup=4+leftStride=8+rightStride=4+padding=zero+alignment=8+block=15x7x31+panel=31+diagonal=0+rhs=0+batch=1+variant=current-tile-v1,tiles=4;leftDoubles=496;rightDoubles=248;outputDoubles=105;resetDoubles=105;scratchDoubles=32;triangleDoubles=0,jvm-simd/vector-tile-v1/8x4,jmh-average-time-v1,200000000,1,1,score-times-operations
4,gemm-block+15x7x31+uniform+physical=8x4+work=gemm-add-v1+leftLayout=depth-rows-v1+rightLayout=depth-columns-v1+leftGroup=8+rightGroup=4+leftStride=8+rightStride=4+padding=zero+alignment=8+block=15x7x31+panel=31+diagonal=0+rhs=0+batch=1+variant=current-tile-v1+timing=pack-plus-compute,jvm-simd/simd(4 lanes)/simd-sparse/packed-8x4,5,2,1,3,50812,201040277,3956.5511493348026,ns,ok,direct,pack-plus-compute,50f1356ff734c61f359e46e821b0f580d6549e73,true,kotlin-2.4.10/jvm/Eclipse Adoptium/25.0.1/JMH 1.37/forks=1,1,3,200000000,gemm-add-v1+15x7x31+uniform,physical=8x4+leftLayout=depth-rows-v1+rightLayout=depth-columns-v1+leftGroup=8+rightGroup=4+leftStride=8+rightStride=4+padding=zero+alignment=8+block=15x7x31+panel=31+diagonal=0+rhs=0+batch=1+variant=current-tile-v1,tiles=4;leftDoubles=496;rightDoubles=248;outputDoubles=105;resetDoubles=105;scratchDoubles=32;triangleDoubles=0,jvm-simd/vector-tile-v1/8x4,jmh-average-time-v1,200000000,1,1,score-times-operations
4,gemm-block+15x7x31+uniform+physical=8x4+work=gemm-add-v1+leftLayout=depth-rows-v1+rightLayout=depth-columns-v1+leftGroup=8+rightGroup=4+leftStride=8+rightStride=4+padding=zero+alignment=8+block=15x7x31+panel=31+diagonal=0+rhs=0+batch=1+variant=current-tile-v1+timing=pack-plus-compute,jvm-simd/simd(4 lanes)/simd-sparse/packed-8x4,5,2,1,4,57346,200177755,3490.7012694869736,ns,ok,direct,pack-plus-compute,50f1356ff734c61f359e46e821b0f580d6549e73,true,kotlin-2.4.10/jvm/Eclipse Adoptium/25.0.1/JMH 1.37/forks=1,1,3,200000000,gemm-add-v1+15x7x31+uniform,physical=8x4+leftLayout=depth-rows-v1+rightLayout=depth-columns-v1+leftGroup=8+rightGroup=4+leftStride=8+rightStride=4+padding=zero+alignment=8+block=15x7x31+panel=31+diagonal=0+rhs=0+batch=1+variant=current-tile-v1,tiles=4;leftDoubles=496;rightDoubles=248;outputDoubles=105;resetDoubles=105;scratchDoubles=32;triangleDoubles=0,jvm-simd/vector-tile-v1/8x4,jmh-average-time-v1,200000000,1,1,score-times-operations
4,gemm-block+15x7x31+uniform+physical=8x4+work=gemm-add-v1+leftLayout=depth-rows-v1+rightLayout=depth-columns-v1+leftGroup=8+rightGroup=4+leftStride=8+rightStride=4+padding=zero+alignment=8+block=15x7x31+panel=31+diagonal=0+rhs=0+batch=1+variant=current-tile-v1+timing=pack-plus-compute,jvm-simd/simd(4 lanes)/simd-sparse/packed-8x4,5,2,1,5,79563,200174366,2515.9228033130976,ns,ok,direct,pack-plus-compute,50f1356ff734c61f359e46e821b0f580d6549e73,true,kotlin-2.4.10/jvm/Eclipse Adoptium/25.0.1/JMH 1.37/forks=1,1,3,200000000,gemm-add-v1+15x7x31+uniform,physical=8x4+leftLayout=depth-rows-v1+rightLayout=depth-columns-v1+leftGroup=8+rightGroup=4+leftStride=8+rightStride=4+padding=zero+alignment=8+block=15x7x31+panel=31+diagonal=0+rhs=0+batch=1+variant=current-tile-v1,tiles=4;leftDoubles=496;rightDoubles=248;outputDoubles=105;resetDoubles=105;scratchDoubles=32;triangleDoubles=0,jvm-simd/vector-tile-v1/8x4,jmh-average-time-v1,200000000,1,1,score-times-operations
4,gemm-block+32x16x65+uniform+physical=8x4+work=gemm-add-v1+leftLayout=depth-rows-v1+rightLayout=depth-columns-v1+leftGroup=8+rightGroup=4+leftStride=8+rightStride=4+padding=zero+alignment=8+block=32x16x65+panel=65+diagonal=0+rhs=0+batch=1+variant=current-tile-v1+timing=prepacked-compute,jvm-simd/simd(4 lanes)/simd-sparse/packed-8x4,5,2,1,1,41729,200164073,4796.761796352656,ns,ok,direct,prepacked-compute,50f1356ff734c61f359e46e821b0f580d6549e73,true,kotlin-2.4.10/jvm/Eclipse Adoptium/25.0.1/JMH 1.37/forks=1,1,3,200000000,gemm-add-v1+32x16x65+uniform,physical=8x4+leftLayout=depth-rows-v1+rightLayout=depth-columns-v1+leftGroup=8+rightGroup=4+leftStride=8+rightStride=4+padding=zero+alignment=8+block=32x16x65+panel=65+diagonal=0+rhs=0+batch=1+variant=current-tile-v1,tiles=16;leftDoubles=2080;rightDoubles=1040;outputDoubles=512;resetDoubles=512;scratchDoubles=32;triangleDoubles=0,jvm-simd/vector-tile-v1/8x4,jmh-average-time-v1,200000000,1,1,score-times-operations
4,gemm-block+32x16x65+uniform+physical=8x4+work=gemm-add-v1+leftLayout=depth-rows-v1+rightLayout=depth-columns-v1+leftGroup=8+rightGroup=4+leftStride=8+rightStride=4+padding=zero+alignment=8+block=32x16x65+panel=65+diagonal=0+rhs=0+batch=1+variant=current-tile-v1+timing=prepacked-compute,jvm-simd/simd(4 lanes)/simd-sparse/packed-8x4,5,2,1,2,41223,200221173,4857.025762317153,ns,ok,direct,prepacked-compute,50f1356ff734c61f359e46e821b0f580d6549e73,true,kotlin-2.4.10/jvm/Eclipse Adoptium/25.0.1/JMH 1.37/forks=1,1,3,200000000,gemm-add-v1+32x16x65+uniform,physical=8x4+leftLayout=depth-rows-v1+rightLayout=depth-columns-v1+leftGroup=8+rightGroup=4+leftStride=8+rightStride=4+padding=zero+alignment=8+block=32x16x65+panel=65+diagonal=0+rhs=0+batch=1+variant=current-tile-v1,tiles=16;leftDoubles=2080;rightDoubles=1040;outputDoubles=512;resetDoubles=512;scratchDoubles=32;triangleDoubles=0,jvm-simd/vector-tile-v1/8x4,jmh-average-time-v1,200000000,1,1,score-times-operations
4,gemm-block+32x16x65+uniform+physical=8x4+work=gemm-add-v1+leftLayout=depth-rows-v1+rightLayout=depth-columns-v1+leftGroup=8+rightGroup=4+leftStride=8+rightStride=4+padding=zero+alignment=8+block=32x16x65+panel=65+diagonal=0+rhs=0+batch=1+variant=current-tile-v1+timing=prepacked-compute,jvm-simd/simd(4 lanes)/simd-sparse/packed-8x4,5,2,1,3,44658,200146978,4481.772090107036,ns,ok,direct,prepacked-compute,50f1356ff734c61f359e46e821b0f580d6549e73,true,kotlin-2.4.10/jvm/Eclipse Adoptium/25.0.1/JMH 1.37/forks=1,1,3,200000000,gemm-add-v1+32x16x65+uniform,physical=8x4+leftLayout=depth-rows-v1+rightLayout=depth-columns-v1+leftGroup=8+rightGroup=4+leftStride=8+rightStride=4+padding=zero+alignment=8+block=32x16x65+panel=65+diagonal=0+rhs=0+batch=1+variant=current-tile-v1,tiles=16;leftDoubles=2080;rightDoubles=1040;outputDoubles=512;resetDoubles=512;scratchDoubles=32;triangleDoubles=0,jvm-simd/vector-tile-v1/8x4,jmh-average-time-v1,200000000,1,1,score-times-operations
4,gemm-block+32x16x65+uniform+physical=8x4+work=gemm-add-v1+leftLayout=depth-rows-v1+rightLayout=depth-columns-v1+leftGroup=8+rightGroup=4+leftStride=8+rightStride=4+padding=zero+alignment=8+block=32x16x65+panel=65+diagonal=0+rhs=0+batch=1+variant=current-tile-v1+timing=prepacked-compute,jvm-simd/simd(4 lanes)/simd-sparse/packed-8x4,5,2,1,4,46840,200137168,4272.783262169086,ns,ok,direct,prepacked-compute,50f1356ff734c61f359e46e821b0f580d6549e73,true,kotlin-2.4.10/jvm/Eclipse Adoptium/25.0.1/JMH 1.37/forks=1,1,3,200000000,gemm-add-v1+32x16x65+uniform,physical=8x4+leftLayout=depth-rows-v1+rightLayout=depth-columns-v1+leftGroup=8+rightGroup=4+leftStride=8+rightStride=4+padding=zero+alignment=8+block=32x16x65+panel=65+diagonal=0+rhs=0+batch=1+variant=current-tile-v1,tiles=16;leftDoubles=2080;rightDoubles=1040;outputDoubles=512;resetDoubles=512;scratchDoubles=32;triangleDoubles=0,jvm-simd/vector-tile-v1/8x4,jmh-average-time-v1,200000000,1,1,score-times-operations
4,gemm-block+32x16x65+uniform+physical=8x4+work=gemm-add-v1+leftLayout=depth-rows-v1+rightLayout=depth-columns-v1+leftGroup=8+rightGroup=4+leftStride=8+rightStride=4+padding=zero+alignment=8+block=32x16x65+panel=65+diagonal=0+rhs=0+batch=1+variant=current-tile-v1+timing=prepacked-compute,jvm-simd/simd(4 lanes)/simd-sparse/packed-8x4,5,2,1,5,21821,200146659,9172.203794509876,ns,ok,direct,prepacked-compute,50f1356ff734c61f359e46e821b0f580d6549e73,true,kotlin-2.4.10/jvm/Eclipse Adoptium/25.0.1/JMH 1.37/forks=1,1,3,200000000,gemm-add-v1+32x16x65+uniform,physical=8x4+leftLayout=depth-rows-v1+rightLayout=depth-columns-v1+leftGroup=8+rightGroup=4+leftStride=8+rightStride=4+padding=zero+alignment=8+block=32x16x65+panel=65+diagonal=0+rhs=0+batch=1+variant=current-tile-v1,tiles=16;leftDoubles=2080;rightDoubles=1040;outputDoubles=512;resetDoubles=512;scratchDoubles=32;triangleDoubles=0,jvm-simd/vector-tile-v1/8x4,jmh-average-time-v1,200000000,1,1,score-times-operations
4,gemm-block+32x16x65+uniform+physical=8x4+work=gemm-add-v1+leftLayout=depth-rows-v1+rightLayout=depth-columns-v1+leftGroup=8+rightGroup=4+leftStride=8+rightStride=4+padding=zero+alignment=8+block=32x16x65+panel=65+diagonal=0+rhs=0+batch=1+variant=current-tile-v1+timing=pack-plus-compute,jvm-simd/simd(4 lanes)/simd-sparse/packed-8x4,5,2,1,1,10191,200223616,19647.101952703364,ns,ok,direct,pack-plus-compute,50f1356ff734c61f359e46e821b0f580d6549e73,true,kotlin-2.4.10/jvm/Eclipse Adoptium/25.0.1/JMH 1.37/forks=1,1,3,200000000,gemm-add-v1+32x16x65+uniform,physical=8x4+leftLayout=depth-rows-v1+rightLayout=depth-columns-v1+leftGroup=8+rightGroup=4+leftStride=8+rightStride=4+padding=zero+alignment=8+block=32x16x65+panel=65+diagonal=0+rhs=0+batch=1+variant=current-tile-v1,tiles=16;leftDoubles=2080;rightDoubles=1040;outputDoubles=512;resetDoubles=512;scratchDoubles=32;triangleDoubles=0,jvm-simd/vector-tile-v1/8x4,jmh-average-time-v1,200000000,1,1,score-times-operations
4,gemm-block+32x16x65+uniform+physical=8x4+work=gemm-add-v1+leftLayout=depth-rows-v1+rightLayout=depth-columns-v1+leftGroup=8+rightGroup=4+leftStride=8+rightStride=4+padding=zero+alignment=8+block=32x16x65+panel=65+diagonal=0+rhs=0+batch=1+variant=current-tile-v1+timing=pack-plus-compute,jvm-simd/simd(4 lanes)/simd-sparse/packed-8x4,5,2,1,2,10633,200168186,18825.18442584407,ns,ok,direct,pack-plus-compute,50f1356ff734c61f359e46e821b0f580d6549e73,true,kotlin-2.4.10/jvm/Eclipse Adoptium/25.0.1/JMH 1.37/forks=1,1,3,200000000,gemm-add-v1+32x16x65+uniform,physical=8x4+leftLayout=depth-rows-v1+rightLayout=depth-columns-v1+leftGroup=8+rightGroup=4+leftStride=8+rightStride=4+padding=zero+alignment=8+block=32x16x65+panel=65+diagonal=0+rhs=0+batch=1+variant=current-tile-v1,tiles=16;leftDoubles=2080;rightDoubles=1040;outputDoubles=512;resetDoubles=512;scratchDoubles=32;triangleDoubles=0,jvm-simd/vector-tile-v1/8x4,jmh-average-time-v1,200000000,1,1,score-times-operations
4,gemm-block+32x16x65+uniform+physical=8x4+work=gemm-add-v1+leftLayout=depth-rows-v1+rightLayout=depth-columns-v1+leftGroup=8+rightGroup=4+leftStride=8+rightStride=4+padding=zero+alignment=8+block=32x16x65+panel=65+diagonal=0+rhs=0+batch=1+variant=current-tile-v1+timing=pack-plus-compute,jvm-simd/simd(4 lanes)/simd-sparse/packed-8x4,5,2,1,3,10388,200155718,19267.974393530996,ns,ok,direct,pack-plus-compute,50f1356ff734c61f359e46e821b0f580d6549e73,true,kotlin-2.4.10/jvm/Eclipse Adoptium/25.0.1/JMH 1.37/forks=1,1,3,200000000,gemm-add-v1+32x16x65+uniform,physical=8x4+leftLayout=depth-rows-v1+rightLayout=depth-columns-v1+leftGroup=8+rightGroup=4+leftStride=8+rightStride=4+padding=zero+alignment=8+block=32x16x65+panel=65+diagonal=0+rhs=0+batch=1+variant=current-tile-v1,tiles=16;leftDoubles=2080;rightDoubles=1040;outputDoubles=512;resetDoubles=512;scratchDoubles=32;triangleDoubles=0,jvm-simd/vector-tile-v1/8x4,jmh-average-time-v1,200000000,1,1,score-times-operations
4,gemm-block+32x16x65+uniform+physical=8x4+work=gemm-add-v1+leftLayout=depth-rows-v1+rightLayout=depth-columns-v1+leftGroup=8+rightGroup=4+leftStride=8+rightStride=4+padding=zero+alignment=8+block=32x16x65+panel=65+diagonal=0+rhs=0+batch=1+variant=current-tile-v1+timing=pack-plus-compute,jvm-simd/simd(4 lanes)/simd-sparse/packed-8x4,5,2,1,4,18571,200148486,10777.474880189542,ns,ok,direct,pack-plus-compute,50f1356ff734c61f359e46e821b0f580d6549e73,true,kotlin-2.4.10/jvm/Eclipse Adoptium/25.0.1/JMH 1.37/forks=1,1,3,200000000,gemm-add-v1+32x16x65+uniform,physical=8x4+leftLayout=depth-rows-v1+rightLayout=depth-columns-v1+leftGroup=8+rightGroup=4+leftStride=8+rightStride=4+padding=zero+alignment=8+block=32x16x65+panel=65+diagonal=0+rhs=0+batch=1+variant=current-tile-v1,tiles=16;leftDoubles=2080;rightDoubles=1040;outputDoubles=512;resetDoubles=512;scratchDoubles=32;triangleDoubles=0,jvm-simd/vector-tile-v1/8x4,jmh-average-time-v1,200000000,1,1,score-times-operations
4,gemm-block+32x16x65+uniform+physical=8x4+work=gemm-add-v1+leftLayout=depth-rows-v1+rightLayout=depth-columns-v1+leftGroup=8+rightGroup=4+leftStride=8+rightStride=4+padding=zero+alignment=8+block=32x16x65+panel=65+diagonal=0+rhs=0+batch=1+variant=current-tile-v1+timing=pack-plus-compute,jvm-simd/simd(4 lanes)/simd-sparse/packed-8x4,5,2,1,5,22301,200217289,8977.951168109053,ns,ok,direct,pack-plus-compute,50f1356ff734c61f359e46e821b0f580d6549e73,true,kotlin-2.4.10/jvm/Eclipse Adoptium/25.0.1/JMH 1.37/forks=1,1,3,200000000,gemm-add-v1+32x16x65+uniform,physical=8x4+leftLayout=depth-rows-v1+rightLayout=depth-columns-v1+leftGroup=8+rightGroup=4+leftStride=8+rightStride=4+padding=zero+alignment=8+block=32x16x65+panel=65+diagonal=0+rhs=0+batch=1+variant=current-tile-v1,tiles=16;leftDoubles=2080;rightDoubles=1040;outputDoubles=512;resetDoubles=512;scratchDoubles=32;triangleDoubles=0,jvm-simd/vector-tile-v1/8x4,jmh-average-time-v1,200000000,1,1,score-times-operations
