schema,case,implementation,workload_version,fixture_version,pass,sample,operations,elapsed_ns,ns_per_op,unit,status,comparison_kind,timing_mode,source_commit,dirty,runtime,threads,warmups,target_ns,logical_id,configuration,physical_work,actual_kernel,harness,warmup_target_ns,fork,forks,elapsed_kind
4,dot+4096+uniform,openblas,5,2,1,1,131072,159490164,1216.8133850097656,ns,ok,direct,arithmetic,a038f25ac66821574b30392dc1d3b189cc287e2c,true,OpenBLAS 0.3.32 NO_LAPACKE DYNAMIC_ARCH NO_AFFINITY Haswell MAX_THREADS=128; compiler=15.2.0,1,3,200000000,dot-v1+4096+uniform,policy-v1,policy,vendor-cblas-v1,vendor-calibrated-v1,50000000,1,1,monotonic-batch
4,dot+4096+uniform,openblas,5,2,1,2,131072,133264853,1016.7301406860352,ns,ok,direct,arithmetic,a038f25ac66821574b30392dc1d3b189cc287e2c,true,OpenBLAS 0.3.32 NO_LAPACKE DYNAMIC_ARCH NO_AFFINITY Haswell MAX_THREADS=128; compiler=15.2.0,1,3,200000000,dot-v1+4096+uniform,policy-v1,policy,vendor-cblas-v1,vendor-calibrated-v1,50000000,1,1,monotonic-batch
4,dot+4096+uniform,openblas,5,2,1,3,131072,100203866,764.49482727050781,ns,ok,direct,arithmetic,a038f25ac66821574b30392dc1d3b189cc287e2c,true,OpenBLAS 0.3.32 NO_LAPACKE DYNAMIC_ARCH NO_AFFINITY Haswell MAX_THREADS=128; compiler=15.2.0,1,3,200000000,dot-v1+4096+uniform,policy-v1,policy,vendor-cblas-v1,vendor-calibrated-v1,50000000,1,1,monotonic-batch
4,dot+4096+uniform,openblas,5,2,1,4,131072,92013399,702.00652313232422,ns,ok,direct,arithmetic,a038f25ac66821574b30392dc1d3b189cc287e2c,true,OpenBLAS 0.3.32 NO_LAPACKE DYNAMIC_ARCH NO_AFFINITY Haswell MAX_THREADS=128; compiler=15.2.0,1,3,200000000,dot-v1+4096+uniform,policy-v1,policy,vendor-cblas-v1,vendor-calibrated-v1,50000000,1,1,monotonic-batch
4,dot+4096+uniform,openblas,5,2,1,5,131072,97435089,743.37073516845703,ns,ok,direct,arithmetic,a038f25ac66821574b30392dc1d3b189cc287e2c,true,OpenBLAS 0.3.32 NO_LAPACKE DYNAMIC_ARCH NO_AFFINITY Haswell MAX_THREADS=128; compiler=15.2.0,1,3,200000000,dot-v1+4096+uniform,policy-v1,policy,vendor-cblas-v1,vendor-calibrated-v1,50000000,1,1,monotonic-batch
4,axpy+4096+uniform,openblas,5,2,1,1,65536,111869424,1706.991943359375,ns,ok,direct,reset-and-arithmetic,a038f25ac66821574b30392dc1d3b189cc287e2c,true,OpenBLAS 0.3.32 NO_LAPACKE DYNAMIC_ARCH NO_AFFINITY Haswell MAX_THREADS=128; compiler=15.2.0,1,3,200000000,axpy-v1+4096+uniform,policy-v1,policy,vendor-cblas-v1,vendor-calibrated-v1,50000000,1,1,monotonic-batch
4,axpy+4096+uniform,openblas,5,2,1,2,65536,124227009,1895.5537261962891,ns,ok,direct,reset-and-arithmetic,a038f25ac66821574b30392dc1d3b189cc287e2c,true,OpenBLAS 0.3.32 NO_LAPACKE DYNAMIC_ARCH NO_AFFINITY Haswell MAX_THREADS=128; compiler=15.2.0,1,3,200000000,axpy-v1+4096+uniform,policy-v1,policy,vendor-cblas-v1,vendor-calibrated-v1,50000000,1,1,monotonic-batch
4,axpy+4096+uniform,openblas,5,2,1,3,65536,160685870,2451.8717956542969,ns,ok,direct,reset-and-arithmetic,a038f25ac66821574b30392dc1d3b189cc287e2c,true,OpenBLAS 0.3.32 NO_LAPACKE DYNAMIC_ARCH NO_AFFINITY Haswell MAX_THREADS=128; compiler=15.2.0,1,3,200000000,axpy-v1+4096+uniform,policy-v1,policy,vendor-cblas-v1,vendor-calibrated-v1,50000000,1,1,monotonic-batch
4,axpy+4096+uniform,openblas,5,2,1,4,65536,169924202,2592.8375549316406,ns,ok,direct,reset-and-arithmetic,a038f25ac66821574b30392dc1d3b189cc287e2c,true,OpenBLAS 0.3.32 NO_LAPACKE DYNAMIC_ARCH NO_AFFINITY Haswell MAX_THREADS=128; compiler=15.2.0,1,3,200000000,axpy-v1+4096+uniform,policy-v1,policy,vendor-cblas-v1,vendor-calibrated-v1,50000000,1,1,monotonic-batch
4,axpy+4096+uniform,openblas,5,2,1,5,65536,156512853,2388.1966094970703,ns,ok,direct,reset-and-arithmetic,a038f25ac66821574b30392dc1d3b189cc287e2c,true,OpenBLAS 0.3.32 NO_LAPACKE DYNAMIC_ARCH NO_AFFINITY Haswell MAX_THREADS=128; compiler=15.2.0,1,3,200000000,axpy-v1+4096+uniform,policy-v1,policy,vendor-cblas-v1,vendor-calibrated-v1,50000000,1,1,monotonic-batch
4,axpy-arithmetic+4096+uniform,openblas,5,2,1,1,65536,167920167,2562.2584075927734,ns,ok,direct,reset-and-arithmetic,a038f25ac66821574b30392dc1d3b189cc287e2c,true,OpenBLAS 0.3.32 NO_LAPACKE DYNAMIC_ARCH NO_AFFINITY Haswell MAX_THREADS=128; compiler=15.2.0,1,3,200000000,axpy-arithmetic-v1+4096+uniform,policy-v1,policy,vendor-cblas-v1,vendor-calibrated-v1,50000000,1,1,monotonic-batch
4,axpy-arithmetic+4096+uniform,openblas,5,2,1,2,65536,160801030,2453.6289978027344,ns,ok,direct,reset-and-arithmetic,a038f25ac66821574b30392dc1d3b189cc287e2c,true,OpenBLAS 0.3.32 NO_LAPACKE DYNAMIC_ARCH NO_AFFINITY Haswell MAX_THREADS=128; compiler=15.2.0,1,3,200000000,axpy-arithmetic-v1+4096+uniform,policy-v1,policy,vendor-cblas-v1,vendor-calibrated-v1,50000000,1,1,monotonic-batch
4,axpy-arithmetic+4096+uniform,openblas,5,2,1,3,65536,174268366,2659.1242370605469,ns,ok,direct,reset-and-arithmetic,a038f25ac66821574b30392dc1d3b189cc287e2c,true,OpenBLAS 0.3.32 NO_LAPACKE DYNAMIC_ARCH NO_AFFINITY Haswell MAX_THREADS=128; compiler=15.2.0,1,3,200000000,axpy-arithmetic-v1+4096+uniform,policy-v1,policy,vendor-cblas-v1,vendor-calibrated-v1,50000000,1,1,monotonic-batch
4,axpy-arithmetic+4096+uniform,openblas,5,2,1,4,65536,176612965,2694.8999786376953,ns,ok,direct,reset-and-arithmetic,a038f25ac66821574b30392dc1d3b189cc287e2c,true,OpenBLAS 0.3.32 NO_LAPACKE DYNAMIC_ARCH NO_AFFINITY Haswell MAX_THREADS=128; compiler=15.2.0,1,3,200000000,axpy-arithmetic-v1+4096+uniform,policy-v1,policy,vendor-cblas-v1,vendor-calibrated-v1,50000000,1,1,monotonic-batch
4,axpy-arithmetic+4096+uniform,openblas,5,2,1,5,65536,198225451,3024.6803436279297,ns,ok,direct,reset-and-arithmetic,a038f25ac66821574b30392dc1d3b189cc287e2c,true,OpenBLAS 0.3.32 NO_LAPACKE DYNAMIC_ARCH NO_AFFINITY Haswell MAX_THREADS=128; compiler=15.2.0,1,3,200000000,axpy-arithmetic-v1+4096+uniform,policy-v1,policy,vendor-cblas-v1,vendor-calibrated-v1,50000000,1,1,monotonic-batch
4,scal+4096+uniform,openblas,5,2,1,1,65536,96801054,1477.0668640136719,ns,ok,direct,reset-and-arithmetic,a038f25ac66821574b30392dc1d3b189cc287e2c,true,OpenBLAS 0.3.32 NO_LAPACKE DYNAMIC_ARCH NO_AFFINITY Haswell MAX_THREADS=128; compiler=15.2.0,1,3,200000000,scal-v1+4096+uniform,policy-v1,policy,vendor-cblas-v1,vendor-calibrated-v1,50000000,1,1,monotonic-batch
4,scal+4096+uniform,openblas,5,2,1,2,65536,92825223,1416.4004974365234,ns,ok,direct,reset-and-arithmetic,a038f25ac66821574b30392dc1d3b189cc287e2c,true,OpenBLAS 0.3.32 NO_LAPACKE DYNAMIC_ARCH NO_AFFINITY Haswell MAX_THREADS=128; compiler=15.2.0,1,3,200000000,scal-v1+4096+uniform,policy-v1,policy,vendor-cblas-v1,vendor-calibrated-v1,50000000,1,1,monotonic-batch
4,scal+4096+uniform,openblas,5,2,1,3,65536,95610324,1458.8977661132812,ns,ok,direct,reset-and-arithmetic,a038f25ac66821574b30392dc1d3b189cc287e2c,true,OpenBLAS 0.3.32 NO_LAPACKE DYNAMIC_ARCH NO_AFFINITY Haswell MAX_THREADS=128; compiler=15.2.0,1,3,200000000,scal-v1+4096+uniform,policy-v1,policy,vendor-cblas-v1,vendor-calibrated-v1,50000000,1,1,monotonic-batch
4,scal+4096+uniform,openblas,5,2,1,4,65536,93552385,1427.4961090087891,ns,ok,direct,reset-and-arithmetic,a038f25ac66821574b30392dc1d3b189cc287e2c,true,OpenBLAS 0.3.32 NO_LAPACKE DYNAMIC_ARCH NO_AFFINITY Haswell MAX_THREADS=128; compiler=15.2.0,1,3,200000000,scal-v1+4096+uniform,policy-v1,policy,vendor-cblas-v1,vendor-calibrated-v1,50000000,1,1,monotonic-batch
4,scal+4096+uniform,openblas,5,2,1,5,65536,92666416,1413.977294921875,ns,ok,direct,reset-and-arithmetic,a038f25ac66821574b30392dc1d3b189cc287e2c,true,OpenBLAS 0.3.32 NO_LAPACKE DYNAMIC_ARCH NO_AFFINITY Haswell MAX_THREADS=128; compiler=15.2.0,1,3,200000000,scal-v1+4096+uniform,policy-v1,policy,vendor-cblas-v1,vendor-calibrated-v1,50000000,1,1,monotonic-batch
4,nrm2+4096+uniform,openblas,5,2,1,1,65536,123151968,1879.14990234375,ns,ok,direct,arithmetic,a038f25ac66821574b30392dc1d3b189cc287e2c,true,OpenBLAS 0.3.32 NO_LAPACKE DYNAMIC_ARCH NO_AFFINITY Haswell MAX_THREADS=128; compiler=15.2.0,1,3,200000000,nrm2-v1+4096+uniform,policy-v1,policy,vendor-cblas-v1,vendor-calibrated-v1,50000000,1,1,monotonic-batch
4,nrm2+4096+uniform,openblas,5,2,1,2,65536,130313734,1988.4297790527344,ns,ok,direct,arithmetic,a038f25ac66821574b30392dc1d3b189cc287e2c,true,OpenBLAS 0.3.32 NO_LAPACKE DYNAMIC_ARCH NO_AFFINITY Haswell MAX_THREADS=128; compiler=15.2.0,1,3,200000000,nrm2-v1+4096+uniform,policy-v1,policy,vendor-cblas-v1,vendor-calibrated-v1,50000000,1,1,monotonic-batch
4,nrm2+4096+uniform,openblas,5,2,1,3,65536,137660718,2100.5358581542969,ns,ok,direct,arithmetic,a038f25ac66821574b30392dc1d3b189cc287e2c,true,OpenBLAS 0.3.32 NO_LAPACKE DYNAMIC_ARCH NO_AFFINITY Haswell MAX_THREADS=128; compiler=15.2.0,1,3,200000000,nrm2-v1+4096+uniform,policy-v1,policy,vendor-cblas-v1,vendor-calibrated-v1,50000000,1,1,monotonic-batch
4,nrm2+4096+uniform,openblas,5,2,1,4,65536,131603355,2008.1078338623047,ns,ok,direct,arithmetic,a038f25ac66821574b30392dc1d3b189cc287e2c,true,OpenBLAS 0.3.32 NO_LAPACKE DYNAMIC_ARCH NO_AFFINITY Haswell MAX_THREADS=128; compiler=15.2.0,1,3,200000000,nrm2-v1+4096+uniform,policy-v1,policy,vendor-cblas-v1,vendor-calibrated-v1,50000000,1,1,monotonic-batch
4,nrm2+4096+uniform,openblas,5,2,1,5,65536,131138779,2001.0189666748047,ns,ok,direct,arithmetic,a038f25ac66821574b30392dc1d3b189cc287e2c,true,OpenBLAS 0.3.32 NO_LAPACKE DYNAMIC_ARCH NO_AFFINITY Haswell MAX_THREADS=128; compiler=15.2.0,1,3,200000000,nrm2-v1+4096+uniform,policy-v1,policy,vendor-cblas-v1,vendor-calibrated-v1,50000000,1,1,monotonic-batch
4,asum+4096+uniform,openblas,5,2,1,1,262144,106642516,406.80891418457031,ns,ok,direct,arithmetic,a038f25ac66821574b30392dc1d3b189cc287e2c,true,OpenBLAS 0.3.32 NO_LAPACKE DYNAMIC_ARCH NO_AFFINITY Haswell MAX_THREADS=128; compiler=15.2.0,1,3,200000000,asum-v1+4096+uniform,policy-v1,policy,vendor-cblas-v1,vendor-calibrated-v1,50000000,1,1,monotonic-batch
4,asum+4096+uniform,openblas,5,2,1,2,262144,106909277,407.8265266418457,ns,ok,direct,arithmetic,a038f25ac66821574b30392dc1d3b189cc287e2c,true,OpenBLAS 0.3.32 NO_LAPACKE DYNAMIC_ARCH NO_AFFINITY Haswell MAX_THREADS=128; compiler=15.2.0,1,3,200000000,asum-v1+4096+uniform,policy-v1,policy,vendor-cblas-v1,vendor-calibrated-v1,50000000,1,1,monotonic-batch
4,asum+4096+uniform,openblas,5,2,1,3,262144,104636528,399.15667724609375,ns,ok,direct,arithmetic,a038f25ac66821574b30392dc1d3b189cc287e2c,true,OpenBLAS 0.3.32 NO_LAPACKE DYNAMIC_ARCH NO_AFFINITY Haswell MAX_THREADS=128; compiler=15.2.0,1,3,200000000,asum-v1+4096+uniform,policy-v1,policy,vendor-cblas-v1,vendor-calibrated-v1,50000000,1,1,monotonic-batch
4,asum+4096+uniform,openblas,5,2,1,4,262144,105763918,403.45732879638672,ns,ok,direct,arithmetic,a038f25ac66821574b30392dc1d3b189cc287e2c,true,OpenBLAS 0.3.32 NO_LAPACKE DYNAMIC_ARCH NO_AFFINITY Haswell MAX_THREADS=128; compiler=15.2.0,1,3,200000000,asum-v1+4096+uniform,policy-v1,policy,vendor-cblas-v1,vendor-calibrated-v1,50000000,1,1,monotonic-batch
4,asum+4096+uniform,openblas,5,2,1,5,262144,115990241,442.46765518188477,ns,ok,direct,arithmetic,a038f25ac66821574b30392dc1d3b189cc287e2c,true,OpenBLAS 0.3.32 NO_LAPACKE DYNAMIC_ARCH NO_AFFINITY Haswell MAX_THREADS=128; compiler=15.2.0,1,3,200000000,asum-v1+4096+uniform,policy-v1,policy,vendor-cblas-v1,vendor-calibrated-v1,50000000,1,1,monotonic-batch
4,sum+4096+uniform,openblas,5,2,1,1,524288,156729572,298.93793487548828,ns,ok,direct,arithmetic,a038f25ac66821574b30392dc1d3b189cc287e2c,true,OpenBLAS 0.3.32 NO_LAPACKE DYNAMIC_ARCH NO_AFFINITY Haswell MAX_THREADS=128; compiler=15.2.0,1,3,200000000,sum-v1+4096+uniform,policy-v1,policy,vendor-cblas-v1,vendor-calibrated-v1,50000000,1,1,monotonic-batch
4,sum+4096+uniform,openblas,5,2,1,2,524288,152230287,290.35622978210449,ns,ok,direct,arithmetic,a038f25ac66821574b30392dc1d3b189cc287e2c,true,OpenBLAS 0.3.32 NO_LAPACKE DYNAMIC_ARCH NO_AFFINITY Haswell MAX_THREADS=128; compiler=15.2.0,1,3,200000000,sum-v1+4096+uniform,policy-v1,policy,vendor-cblas-v1,vendor-calibrated-v1,50000000,1,1,monotonic-batch
4,sum+4096+uniform,openblas,5,2,1,3,524288,142764277,272.30124855041504,ns,ok,direct,arithmetic,a038f25ac66821574b30392dc1d3b189cc287e2c,true,OpenBLAS 0.3.32 NO_LAPACKE DYNAMIC_ARCH NO_AFFINITY Haswell MAX_THREADS=128; compiler=15.2.0,1,3,200000000,sum-v1+4096+uniform,policy-v1,policy,vendor-cblas-v1,vendor-calibrated-v1,50000000,1,1,monotonic-batch
4,sum+4096+uniform,openblas,5,2,1,4,524288,154677075,295.02310752868652,ns,ok,direct,arithmetic,a038f25ac66821574b30392dc1d3b189cc287e2c,true,OpenBLAS 0.3.32 NO_LAPACKE DYNAMIC_ARCH NO_AFFINITY Haswell MAX_THREADS=128; compiler=15.2.0,1,3,200000000,sum-v1+4096+uniform,policy-v1,policy,vendor-cblas-v1,vendor-calibrated-v1,50000000,1,1,monotonic-batch
4,sum+4096+uniform,openblas,5,2,1,5,524288,149317223,284.80000114440918,ns,ok,direct,arithmetic,a038f25ac66821574b30392dc1d3b189cc287e2c,true,OpenBLAS 0.3.32 NO_LAPACKE DYNAMIC_ARCH NO_AFFINITY Haswell MAX_THREADS=128; compiler=15.2.0,1,3,200000000,sum-v1+4096+uniform,policy-v1,policy,vendor-cblas-v1,vendor-calibrated-v1,50000000,1,1,monotonic-batch
4,compensated-sum+4096+uniform,openblas,5,2,1,0,0,0,,ns,unsupported,unsupported,arithmetic,a038f25ac66821574b30392dc1d3b189cc287e2c,true,OpenBLAS 0.3.32 NO_LAPACKE DYNAMIC_ARCH NO_AFFINITY Haswell MAX_THREADS=128; compiler=15.2.0,1,3,200000000,compensated-sum-v1+4096+uniform,policy-v1,policy,unavailable,vendor-calibrated-v1,50000000,0,1,monotonic-batch
4,iamax+4096+uniform,openblas,5,2,1,1,131072,141706405,1081.1340713500977,ns,ok,direct,arithmetic,a038f25ac66821574b30392dc1d3b189cc287e2c,true,OpenBLAS 0.3.32 NO_LAPACKE DYNAMIC_ARCH NO_AFFINITY Haswell MAX_THREADS=128; compiler=15.2.0,1,3,200000000,iamax-v1+4096+uniform,policy-v1,policy,vendor-cblas-v1,vendor-calibrated-v1,50000000,1,1,monotonic-batch
4,iamax+4096+uniform,openblas,5,2,1,2,131072,155757632,1188.33642578125,ns,ok,direct,arithmetic,a038f25ac66821574b30392dc1d3b189cc287e2c,true,OpenBLAS 0.3.32 NO_LAPACKE DYNAMIC_ARCH NO_AFFINITY Haswell MAX_THREADS=128; compiler=15.2.0,1,3,200000000,iamax-v1+4096+uniform,policy-v1,policy,vendor-cblas-v1,vendor-calibrated-v1,50000000,1,1,monotonic-batch
4,iamax+4096+uniform,openblas,5,2,1,3,131072,139750819,1066.2141342163086,ns,ok,direct,arithmetic,a038f25ac66821574b30392dc1d3b189cc287e2c,true,OpenBLAS 0.3.32 NO_LAPACKE DYNAMIC_ARCH NO_AFFINITY Haswell MAX_THREADS=128; compiler=15.2.0,1,3,200000000,iamax-v1+4096+uniform,policy-v1,policy,vendor-cblas-v1,vendor-calibrated-v1,50000000,1,1,monotonic-batch
4,iamax+4096+uniform,openblas,5,2,1,4,131072,143523839,1094.9999923706055,ns,ok,direct,arithmetic,a038f25ac66821574b30392dc1d3b189cc287e2c,true,OpenBLAS 0.3.32 NO_LAPACKE DYNAMIC_ARCH NO_AFFINITY Haswell MAX_THREADS=128; compiler=15.2.0,1,3,200000000,iamax-v1+4096+uniform,policy-v1,policy,vendor-cblas-v1,vendor-calibrated-v1,50000000,1,1,monotonic-batch
4,iamax+4096+uniform,openblas,5,2,1,5,131072,130467524,995.38821411132812,ns,ok,direct,arithmetic,a038f25ac66821574b30392dc1d3b189cc287e2c,true,OpenBLAS 0.3.32 NO_LAPACKE DYNAMIC_ARCH NO_AFFINITY Haswell MAX_THREADS=128; compiler=15.2.0,1,3,200000000,iamax-v1+4096+uniform,policy-v1,policy,vendor-cblas-v1,vendor-calibrated-v1,50000000,1,1,monotonic-batch
4,swap+4096+uniform,openblas,5,2,1,1,16384,102409970,6250.6085205078125,ns,ok,direct,reset-and-arithmetic,a038f25ac66821574b30392dc1d3b189cc287e2c,true,OpenBLAS 0.3.32 NO_LAPACKE DYNAMIC_ARCH NO_AFFINITY Haswell MAX_THREADS=128; compiler=15.2.0,1,3,200000000,swap-v1+4096+uniform,policy-v1,policy,vendor-cblas-v1,vendor-calibrated-v1,50000000,1,1,monotonic-batch
4,swap+4096+uniform,openblas,5,2,1,2,16384,94299628,5755.592529296875,ns,ok,direct,reset-and-arithmetic,a038f25ac66821574b30392dc1d3b189cc287e2c,true,OpenBLAS 0.3.32 NO_LAPACKE DYNAMIC_ARCH NO_AFFINITY Haswell MAX_THREADS=128; compiler=15.2.0,1,3,200000000,swap-v1+4096+uniform,policy-v1,policy,vendor-cblas-v1,vendor-calibrated-v1,50000000,1,1,monotonic-batch
4,swap+4096+uniform,openblas,5,2,1,3,16384,87564110,5344.4891357421875,ns,ok,direct,reset-and-arithmetic,a038f25ac66821574b30392dc1d3b189cc287e2c,true,OpenBLAS 0.3.32 NO_LAPACKE DYNAMIC_ARCH NO_AFFINITY Haswell MAX_THREADS=128; compiler=15.2.0,1,3,200000000,swap-v1+4096+uniform,policy-v1,policy,vendor-cblas-v1,vendor-calibrated-v1,50000000,1,1,monotonic-batch
4,swap+4096+uniform,openblas,5,2,1,4,16384,81049065,4946.8423461914062,ns,ok,direct,reset-and-arithmetic,a038f25ac66821574b30392dc1d3b189cc287e2c,true,OpenBLAS 0.3.32 NO_LAPACKE DYNAMIC_ARCH NO_AFFINITY Haswell MAX_THREADS=128; compiler=15.2.0,1,3,200000000,swap-v1+4096+uniform,policy-v1,policy,vendor-cblas-v1,vendor-calibrated-v1,50000000,1,1,monotonic-batch
4,swap+4096+uniform,openblas,5,2,1,5,16384,87333172,5330.393798828125,ns,ok,direct,reset-and-arithmetic,a038f25ac66821574b30392dc1d3b189cc287e2c,true,OpenBLAS 0.3.32 NO_LAPACKE DYNAMIC_ARCH NO_AFFINITY Haswell MAX_THREADS=128; compiler=15.2.0,1,3,200000000,swap-v1+4096+uniform,policy-v1,policy,vendor-cblas-v1,vendor-calibrated-v1,50000000,1,1,monotonic-batch
4,rot+4096+uniform,openblas,5,2,1,1,32768,135484290,4134.6524047851562,ns,ok,direct,reset-and-arithmetic,a038f25ac66821574b30392dc1d3b189cc287e2c,true,OpenBLAS 0.3.32 NO_LAPACKE DYNAMIC_ARCH NO_AFFINITY Haswell MAX_THREADS=128; compiler=15.2.0,1,3,200000000,rot-v1+4096+uniform,policy-v1,policy,vendor-cblas-v1,vendor-calibrated-v1,50000000,1,1,monotonic-batch
4,rot+4096+uniform,openblas,5,2,1,2,32768,140673876,4293.0260009765625,ns,ok,direct,reset-and-arithmetic,a038f25ac66821574b30392dc1d3b189cc287e2c,true,OpenBLAS 0.3.32 NO_LAPACKE DYNAMIC_ARCH NO_AFFINITY Haswell MAX_THREADS=128; compiler=15.2.0,1,3,200000000,rot-v1+4096+uniform,policy-v1,policy,vendor-cblas-v1,vendor-calibrated-v1,50000000,1,1,monotonic-batch
4,rot+4096+uniform,openblas,5,2,1,3,32768,141948753,4331.9321594238281,ns,ok,direct,reset-and-arithmetic,a038f25ac66821574b30392dc1d3b189cc287e2c,true,OpenBLAS 0.3.32 NO_LAPACKE DYNAMIC_ARCH NO_AFFINITY Haswell MAX_THREADS=128; compiler=15.2.0,1,3,200000000,rot-v1+4096+uniform,policy-v1,policy,vendor-cblas-v1,vendor-calibrated-v1,50000000,1,1,monotonic-batch
4,rot+4096+uniform,openblas,5,2,1,4,32768,135086206,4122.5038452148438,ns,ok,direct,reset-and-arithmetic,a038f25ac66821574b30392dc1d3b189cc287e2c,true,OpenBLAS 0.3.32 NO_LAPACKE DYNAMIC_ARCH NO_AFFINITY Haswell MAX_THREADS=128; compiler=15.2.0,1,3,200000000,rot-v1+4096+uniform,policy-v1,policy,vendor-cblas-v1,vendor-calibrated-v1,50000000,1,1,monotonic-batch
4,rot+4096+uniform,openblas,5,2,1,5,32768,131253103,4005.5268249511719,ns,ok,direct,reset-and-arithmetic,a038f25ac66821574b30392dc1d3b189cc287e2c,true,OpenBLAS 0.3.32 NO_LAPACKE DYNAMIC_ARCH NO_AFFINITY Haswell MAX_THREADS=128; compiler=15.2.0,1,3,200000000,rot-v1+4096+uniform,policy-v1,policy,vendor-cblas-v1,vendor-calibrated-v1,50000000,1,1,monotonic-batch
4,rotm+4096+uniform,openblas,5,2,1,1,16384,114260515,6973.9083862304688,ns,ok,direct,reset-and-arithmetic,a038f25ac66821574b30392dc1d3b189cc287e2c,true,OpenBLAS 0.3.32 NO_LAPACKE DYNAMIC_ARCH NO_AFFINITY Haswell MAX_THREADS=128; compiler=15.2.0,1,3,200000000,rotm-v1+4096+uniform,policy-v1,policy,vendor-cblas-v1,vendor-calibrated-v1,50000000,1,1,monotonic-batch
4,rotm+4096+uniform,openblas,5,2,1,2,16384,106862439,6522.3656616210938,ns,ok,direct,reset-and-arithmetic,a038f25ac66821574b30392dc1d3b189cc287e2c,true,OpenBLAS 0.3.32 NO_LAPACKE DYNAMIC_ARCH NO_AFFINITY Haswell MAX_THREADS=128; compiler=15.2.0,1,3,200000000,rotm-v1+4096+uniform,policy-v1,policy,vendor-cblas-v1,vendor-calibrated-v1,50000000,1,1,monotonic-batch
4,rotm+4096+uniform,openblas,5,2,1,3,16384,108033180,6593.822021484375,ns,ok,direct,reset-and-arithmetic,a038f25ac66821574b30392dc1d3b189cc287e2c,true,OpenBLAS 0.3.32 NO_LAPACKE DYNAMIC_ARCH NO_AFFINITY Haswell MAX_THREADS=128; compiler=15.2.0,1,3,200000000,rotm-v1+4096+uniform,policy-v1,policy,vendor-cblas-v1,vendor-calibrated-v1,50000000,1,1,monotonic-batch
4,rotm+4096+uniform,openblas,5,2,1,4,16384,114886326,7012.1048583984375,ns,ok,direct,reset-and-arithmetic,a038f25ac66821574b30392dc1d3b189cc287e2c,true,OpenBLAS 0.3.32 NO_LAPACKE DYNAMIC_ARCH NO_AFFINITY Haswell MAX_THREADS=128; compiler=15.2.0,1,3,200000000,rotm-v1+4096+uniform,policy-v1,policy,vendor-cblas-v1,vendor-calibrated-v1,50000000,1,1,monotonic-batch
4,rotm+4096+uniform,openblas,5,2,1,5,16384,126693706,7732.7701416015625,ns,ok,direct,reset-and-arithmetic,a038f25ac66821574b30392dc1d3b189cc287e2c,true,OpenBLAS 0.3.32 NO_LAPACKE DYNAMIC_ARCH NO_AFFINITY Haswell MAX_THREADS=128; compiler=15.2.0,1,3,200000000,rotm-v1+4096+uniform,policy-v1,policy,vendor-cblas-v1,vendor-calibrated-v1,50000000,1,1,monotonic-batch
4,rotmg+1+uniform,openblas,5,2,1,1,1000000,58822196,58.822195999999998,ns,ok,direct,arithmetic,a038f25ac66821574b30392dc1d3b189cc287e2c,true,OpenBLAS 0.3.32 NO_LAPACKE DYNAMIC_ARCH NO_AFFINITY Haswell MAX_THREADS=128; compiler=15.2.0,1,3,200000000,rotmg-v1+1+uniform,policy-v1,policy,vendor-cblas-v1,vendor-calibrated-v1,50000000,1,1,monotonic-batch
4,rotmg+1+uniform,openblas,5,2,1,2,1000000,58572247,58.572246999999997,ns,ok,direct,arithmetic,a038f25ac66821574b30392dc1d3b189cc287e2c,true,OpenBLAS 0.3.32 NO_LAPACKE DYNAMIC_ARCH NO_AFFINITY Haswell MAX_THREADS=128; compiler=15.2.0,1,3,200000000,rotmg-v1+1+uniform,policy-v1,policy,vendor-cblas-v1,vendor-calibrated-v1,50000000,1,1,monotonic-batch
4,rotmg+1+uniform,openblas,5,2,1,3,1000000,56918266,56.918266000000003,ns,ok,direct,arithmetic,a038f25ac66821574b30392dc1d3b189cc287e2c,true,OpenBLAS 0.3.32 NO_LAPACKE DYNAMIC_ARCH NO_AFFINITY Haswell MAX_THREADS=128; compiler=15.2.0,1,3,200000000,rotmg-v1+1+uniform,policy-v1,policy,vendor-cblas-v1,vendor-calibrated-v1,50000000,1,1,monotonic-batch
4,rotmg+1+uniform,openblas,5,2,1,4,1000000,56191116,56.191116000000001,ns,ok,direct,arithmetic,a038f25ac66821574b30392dc1d3b189cc287e2c,true,OpenBLAS 0.3.32 NO_LAPACKE DYNAMIC_ARCH NO_AFFINITY Haswell MAX_THREADS=128; compiler=15.2.0,1,3,200000000,rotmg-v1+1+uniform,policy-v1,policy,vendor-cblas-v1,vendor-calibrated-v1,50000000,1,1,monotonic-batch
4,rotmg+1+uniform,openblas,5,2,1,5,1000000,61957435,61.957434999999997,ns,ok,direct,arithmetic,a038f25ac66821574b30392dc1d3b189cc287e2c,true,OpenBLAS 0.3.32 NO_LAPACKE DYNAMIC_ARCH NO_AFFINITY Haswell MAX_THREADS=128; compiler=15.2.0,1,3,200000000,rotmg-v1+1+uniform,policy-v1,policy,vendor-cblas-v1,vendor-calibrated-v1,50000000,1,1,monotonic-batch
4,ssqd+4096+uniform,openblas,5,2,1,0,0,0,,ns,unsupported,unsupported,arithmetic,a038f25ac66821574b30392dc1d3b189cc287e2c,true,OpenBLAS 0.3.32 NO_LAPACKE DYNAMIC_ARCH NO_AFFINITY Haswell MAX_THREADS=128; compiler=15.2.0,1,3,200000000,ssqd-v1+4096+uniform,policy-v1,policy,unavailable,vendor-calibrated-v1,50000000,0,1,monotonic-batch
4,dot4+4096+uniform,openblas,5,2,1,1,32768,115870976,3536.1015625,ns,ok,composed,arithmetic,a038f25ac66821574b30392dc1d3b189cc287e2c,true,OpenBLAS 0.3.32 NO_LAPACKE DYNAMIC_ARCH NO_AFFINITY Haswell MAX_THREADS=128; compiler=15.2.0,1,3,200000000,dot4-v1+4096+uniform,policy-v1,policy,vendor-cblas-v1,vendor-calibrated-v1,50000000,1,1,monotonic-batch
4,dot4+4096+uniform,openblas,5,2,1,2,32768,112307079,3427.3400573730469,ns,ok,composed,arithmetic,a038f25ac66821574b30392dc1d3b189cc287e2c,true,OpenBLAS 0.3.32 NO_LAPACKE DYNAMIC_ARCH NO_AFFINITY Haswell MAX_THREADS=128; compiler=15.2.0,1,3,200000000,dot4-v1+4096+uniform,policy-v1,policy,vendor-cblas-v1,vendor-calibrated-v1,50000000,1,1,monotonic-batch
4,dot4+4096+uniform,openblas,5,2,1,3,32768,115246728,3517.051025390625,ns,ok,composed,arithmetic,a038f25ac66821574b30392dc1d3b189cc287e2c,true,OpenBLAS 0.3.32 NO_LAPACKE DYNAMIC_ARCH NO_AFFINITY Haswell MAX_THREADS=128; compiler=15.2.0,1,3,200000000,dot4-v1+4096+uniform,policy-v1,policy,vendor-cblas-v1,vendor-calibrated-v1,50000000,1,1,monotonic-batch
4,dot4+4096+uniform,openblas,5,2,1,4,32768,109961068,3355.7454833984375,ns,ok,composed,arithmetic,a038f25ac66821574b30392dc1d3b189cc287e2c,true,OpenBLAS 0.3.32 NO_LAPACKE DYNAMIC_ARCH NO_AFFINITY Haswell MAX_THREADS=128; compiler=15.2.0,1,3,200000000,dot4-v1+4096+uniform,policy-v1,policy,vendor-cblas-v1,vendor-calibrated-v1,50000000,1,1,monotonic-batch
4,dot4+4096+uniform,openblas,5,2,1,5,32768,122211418,3729.5964965820312,ns,ok,composed,arithmetic,a038f25ac66821574b30392dc1d3b189cc287e2c,true,OpenBLAS 0.3.32 NO_LAPACKE DYNAMIC_ARCH NO_AFFINITY Haswell MAX_THREADS=128; compiler=15.2.0,1,3,200000000,dot4-v1+4096+uniform,policy-v1,policy,vendor-cblas-v1,vendor-calibrated-v1,50000000,1,1,monotonic-batch
4,axpy4+4096+uniform,openblas,5,2,1,1,32768,161459251,4927.3453063964844,ns,ok,composed,reset-and-arithmetic,a038f25ac66821574b30392dc1d3b189cc287e2c,true,OpenBLAS 0.3.32 NO_LAPACKE DYNAMIC_ARCH NO_AFFINITY Haswell MAX_THREADS=128; compiler=15.2.0,1,3,200000000,axpy4-v1+4096+uniform,policy-v1,policy,vendor-cblas-v1,vendor-calibrated-v1,50000000,1,1,monotonic-batch
4,axpy4+4096+uniform,openblas,5,2,1,2,32768,120087089,3664.7671203613281,ns,ok,composed,reset-and-arithmetic,a038f25ac66821574b30392dc1d3b189cc287e2c,true,OpenBLAS 0.3.32 NO_LAPACKE DYNAMIC_ARCH NO_AFFINITY Haswell MAX_THREADS=128; compiler=15.2.0,1,3,200000000,axpy4-v1+4096+uniform,policy-v1,policy,vendor-cblas-v1,vendor-calibrated-v1,50000000,1,1,monotonic-batch
4,axpy4+4096+uniform,openblas,5,2,1,3,32768,97475830,2974.7262573242188,ns,ok,composed,reset-and-arithmetic,a038f25ac66821574b30392dc1d3b189cc287e2c,true,OpenBLAS 0.3.32 NO_LAPACKE DYNAMIC_ARCH NO_AFFINITY Haswell MAX_THREADS=128; compiler=15.2.0,1,3,200000000,axpy4-v1+4096+uniform,policy-v1,policy,vendor-cblas-v1,vendor-calibrated-v1,50000000,1,1,monotonic-batch
4,axpy4+4096+uniform,openblas,5,2,1,4,32768,94426152,2881.657470703125,ns,ok,composed,reset-and-arithmetic,a038f25ac66821574b30392dc1d3b189cc287e2c,true,OpenBLAS 0.3.32 NO_LAPACKE DYNAMIC_ARCH NO_AFFINITY Haswell MAX_THREADS=128; compiler=15.2.0,1,3,200000000,axpy4-v1+4096+uniform,policy-v1,policy,vendor-cblas-v1,vendor-calibrated-v1,50000000,1,1,monotonic-batch
4,axpy4+4096+uniform,openblas,5,2,1,5,32768,99120117,3024.9059143066406,ns,ok,composed,reset-and-arithmetic,a038f25ac66821574b30392dc1d3b189cc287e2c,true,OpenBLAS 0.3.32 NO_LAPACKE DYNAMIC_ARCH NO_AFFINITY Haswell MAX_THREADS=128; compiler=15.2.0,1,3,200000000,axpy4-v1+4096+uniform,policy-v1,policy,vendor-cblas-v1,vendor-calibrated-v1,50000000,1,1,monotonic-batch
4,dot-axpy+4096+uniform,openblas,5,2,1,1,65536,128296398,1957.6476745605469,ns,ok,composed,reset-and-arithmetic,a038f25ac66821574b30392dc1d3b189cc287e2c,true,OpenBLAS 0.3.32 NO_LAPACKE DYNAMIC_ARCH NO_AFFINITY Haswell MAX_THREADS=128; compiler=15.2.0,1,3,200000000,dot-axpy-v1+4096+uniform,policy-v1,policy,vendor-cblas-v1,vendor-calibrated-v1,50000000,1,1,monotonic-batch
4,dot-axpy+4096+uniform,openblas,5,2,1,2,65536,136377151,2080.9501800537109,ns,ok,composed,reset-and-arithmetic,a038f25ac66821574b30392dc1d3b189cc287e2c,true,OpenBLAS 0.3.32 NO_LAPACKE DYNAMIC_ARCH NO_AFFINITY Haswell MAX_THREADS=128; compiler=15.2.0,1,3,200000000,dot-axpy-v1+4096+uniform,policy-v1,policy,vendor-cblas-v1,vendor-calibrated-v1,50000000,1,1,monotonic-batch
4,dot-axpy+4096+uniform,openblas,5,2,1,3,65536,124941587,1906.4573211669922,ns,ok,composed,reset-and-arithmetic,a038f25ac66821574b30392dc1d3b189cc287e2c,true,OpenBLAS 0.3.32 NO_LAPACKE DYNAMIC_ARCH NO_AFFINITY Haswell MAX_THREADS=128; compiler=15.2.0,1,3,200000000,dot-axpy-v1+4096+uniform,policy-v1,policy,vendor-cblas-v1,vendor-calibrated-v1,50000000,1,1,monotonic-batch
4,dot-axpy+4096+uniform,openblas,5,2,1,4,65536,141038244,2152.0728149414062,ns,ok,composed,reset-and-arithmetic,a038f25ac66821574b30392dc1d3b189cc287e2c,true,OpenBLAS 0.3.32 NO_LAPACKE DYNAMIC_ARCH NO_AFFINITY Haswell MAX_THREADS=128; compiler=15.2.0,1,3,200000000,dot-axpy-v1+4096+uniform,policy-v1,policy,vendor-cblas-v1,vendor-calibrated-v1,50000000,1,1,monotonic-batch
4,dot-axpy+4096+uniform,openblas,5,2,1,5,65536,123270496,1880.95849609375,ns,ok,composed,reset-and-arithmetic,a038f25ac66821574b30392dc1d3b189cc287e2c,true,OpenBLAS 0.3.32 NO_LAPACKE DYNAMIC_ARCH NO_AFFINITY Haswell MAX_THREADS=128; compiler=15.2.0,1,3,200000000,dot-axpy-v1+4096+uniform,policy-v1,policy,vendor-cblas-v1,vendor-calibrated-v1,50000000,1,1,monotonic-batch
4,gemv+32x21+uniform,openblas,5,2,1,1,1000000,109733161,109.733161,ns,ok,direct,reset-and-arithmetic,a038f25ac66821574b30392dc1d3b189cc287e2c,true,OpenBLAS 0.3.32 NO_LAPACKE DYNAMIC_ARCH NO_AFFINITY Haswell MAX_THREADS=128; compiler=15.2.0,1,3,200000000,gemv-v1+32x21+uniform,policy-v1,policy,vendor-cblas-v1,vendor-calibrated-v1,50000000,1,1,monotonic-batch
4,gemv+32x21+uniform,openblas,5,2,1,2,1000000,110400048,110.400048,ns,ok,direct,reset-and-arithmetic,a038f25ac66821574b30392dc1d3b189cc287e2c,true,OpenBLAS 0.3.32 NO_LAPACKE DYNAMIC_ARCH NO_AFFINITY Haswell MAX_THREADS=128; compiler=15.2.0,1,3,200000000,gemv-v1+32x21+uniform,policy-v1,policy,vendor-cblas-v1,vendor-calibrated-v1,50000000,1,1,monotonic-batch
4,gemv+32x21+uniform,openblas,5,2,1,3,1000000,111514341,111.514341,ns,ok,direct,reset-and-arithmetic,a038f25ac66821574b30392dc1d3b189cc287e2c,true,OpenBLAS 0.3.32 NO_LAPACKE DYNAMIC_ARCH NO_AFFINITY Haswell MAX_THREADS=128; compiler=15.2.0,1,3,200000000,gemv-v1+32x21+uniform,policy-v1,policy,vendor-cblas-v1,vendor-calibrated-v1,50000000,1,1,monotonic-batch
4,gemv+32x21+uniform,openblas,5,2,1,4,1000000,109193005,109.193005,ns,ok,direct,reset-and-arithmetic,a038f25ac66821574b30392dc1d3b189cc287e2c,true,OpenBLAS 0.3.32 NO_LAPACKE DYNAMIC_ARCH NO_AFFINITY Haswell MAX_THREADS=128; compiler=15.2.0,1,3,200000000,gemv-v1+32x21+uniform,policy-v1,policy,vendor-cblas-v1,vendor-calibrated-v1,50000000,1,1,monotonic-batch
4,gemv+32x21+uniform,openblas,5,2,1,5,1000000,110063721,110.063721,ns,ok,direct,reset-and-arithmetic,a038f25ac66821574b30392dc1d3b189cc287e2c,true,OpenBLAS 0.3.32 NO_LAPACKE DYNAMIC_ARCH NO_AFFINITY Haswell MAX_THREADS=128; compiler=15.2.0,1,3,200000000,gemv-v1+32x21+uniform,policy-v1,policy,vendor-cblas-v1,vendor-calibrated-v1,50000000,1,1,monotonic-batch
4,gemv+129x31+uniform+transA=T,openblas,5,2,1,1,262144,105037207,400.68514633178711,ns,ok,direct,reset-and-arithmetic,a038f25ac66821574b30392dc1d3b189cc287e2c,true,OpenBLAS 0.3.32 NO_LAPACKE DYNAMIC_ARCH NO_AFFINITY Haswell MAX_THREADS=128; compiler=15.2.0,1,3,200000000,gemv-v1+129x31+uniform+transA=T,policy-v1,policy,vendor-cblas-v1,vendor-calibrated-v1,50000000,1,1,monotonic-batch
4,gemv+129x31+uniform+transA=T,openblas,5,2,1,2,262144,104691057,399.36468887329102,ns,ok,direct,reset-and-arithmetic,a038f25ac66821574b30392dc1d3b189cc287e2c,true,OpenBLAS 0.3.32 NO_LAPACKE DYNAMIC_ARCH NO_AFFINITY Haswell MAX_THREADS=128; compiler=15.2.0,1,3,200000000,gemv-v1+129x31+uniform+transA=T,policy-v1,policy,vendor-cblas-v1,vendor-calibrated-v1,50000000,1,1,monotonic-batch
4,gemv+129x31+uniform+transA=T,openblas,5,2,1,3,262144,104754166,399.60543060302734,ns,ok,direct,reset-and-arithmetic,a038f25ac66821574b30392dc1d3b189cc287e2c,true,OpenBLAS 0.3.32 NO_LAPACKE DYNAMIC_ARCH NO_AFFINITY Haswell MAX_THREADS=128; compiler=15.2.0,1,3,200000000,gemv-v1+129x31+uniform+transA=T,policy-v1,policy,vendor-cblas-v1,vendor-calibrated-v1,50000000,1,1,monotonic-batch
4,gemv+129x31+uniform+transA=T,openblas,5,2,1,4,262144,105482852,402.38514709472656,ns,ok,direct,reset-and-arithmetic,a038f25ac66821574b30392dc1d3b189cc287e2c,true,OpenBLAS 0.3.32 NO_LAPACKE DYNAMIC_ARCH NO_AFFINITY Haswell MAX_THREADS=128; compiler=15.2.0,1,3,200000000,gemv-v1+129x31+uniform+transA=T,policy-v1,policy,vendor-cblas-v1,vendor-calibrated-v1,50000000,1,1,monotonic-batch
4,gemv+129x31+uniform+transA=T,openblas,5,2,1,5,262144,105569475,402.7155876159668,ns,ok,direct,reset-and-arithmetic,a038f25ac66821574b30392dc1d3b189cc287e2c,true,OpenBLAS 0.3.32 NO_LAPACKE DYNAMIC_ARCH NO_AFFINITY Haswell MAX_THREADS=128; compiler=15.2.0,1,3,200000000,gemv-v1+129x31+uniform+transA=T,policy-v1,policy,vendor-cblas-v1,vendor-calibrated-v1,50000000,1,1,monotonic-batch
4,symv+129+uniform+uplo=U,openblas,5,2,1,1,131072,178389091,1361.0007553100586,ns,ok,direct,reset-and-arithmetic,a038f25ac66821574b30392dc1d3b189cc287e2c,true,OpenBLAS 0.3.32 NO_LAPACKE DYNAMIC_ARCH NO_AFFINITY Haswell MAX_THREADS=128; compiler=15.2.0,1,3,200000000,symv-v1+129+uniform+uplo=U,policy-v1,policy,vendor-cblas-v1,vendor-calibrated-v1,50000000,1,1,monotonic-batch
4,symv+129+uniform+uplo=U,openblas,5,2,1,2,131072,180688716,1378.5455017089844,ns,ok,direct,reset-and-arithmetic,a038f25ac66821574b30392dc1d3b189cc287e2c,true,OpenBLAS 0.3.32 NO_LAPACKE DYNAMIC_ARCH NO_AFFINITY Haswell MAX_THREADS=128; compiler=15.2.0,1,3,200000000,symv-v1+129+uniform+uplo=U,policy-v1,policy,vendor-cblas-v1,vendor-calibrated-v1,50000000,1,1,monotonic-batch
4,symv+129+uniform+uplo=U,openblas,5,2,1,3,131072,189913824,1448.927490234375,ns,ok,direct,reset-and-arithmetic,a038f25ac66821574b30392dc1d3b189cc287e2c,true,OpenBLAS 0.3.32 NO_LAPACKE DYNAMIC_ARCH NO_AFFINITY Haswell MAX_THREADS=128; compiler=15.2.0,1,3,200000000,symv-v1+129+uniform+uplo=U,policy-v1,policy,vendor-cblas-v1,vendor-calibrated-v1,50000000,1,1,monotonic-batch
4,symv+129+uniform+uplo=U,openblas,5,2,1,4,131072,187658955,1431.7242050170898,ns,ok,direct,reset-and-arithmetic,a038f25ac66821574b30392dc1d3b189cc287e2c,true,OpenBLAS 0.3.32 NO_LAPACKE DYNAMIC_ARCH NO_AFFINITY Haswell MAX_THREADS=128; compiler=15.2.0,1,3,200000000,symv-v1+129+uniform+uplo=U,policy-v1,policy,vendor-cblas-v1,vendor-calibrated-v1,50000000,1,1,monotonic-batch
4,symv+129+uniform+uplo=U,openblas,5,2,1,5,131072,232392001,1773.0102615356445,ns,ok,direct,reset-and-arithmetic,a038f25ac66821574b30392dc1d3b189cc287e2c,true,OpenBLAS 0.3.32 NO_LAPACKE DYNAMIC_ARCH NO_AFFINITY Haswell MAX_THREADS=128; compiler=15.2.0,1,3,200000000,symv-v1+129+uniform+uplo=U,policy-v1,policy,vendor-cblas-v1,vendor-calibrated-v1,50000000,1,1,monotonic-batch
4,ger+129x31+uniform,openblas,5,2,1,1,65536,144610763,2206.5851287841797,ns,ok,direct,reset-and-arithmetic,a038f25ac66821574b30392dc1d3b189cc287e2c,true,OpenBLAS 0.3.32 NO_LAPACKE DYNAMIC_ARCH NO_AFFINITY Haswell MAX_THREADS=128; compiler=15.2.0,1,3,200000000,ger-v1+129x31+uniform,policy-v1,policy,vendor-cblas-v1,vendor-calibrated-v1,50000000,1,1,monotonic-batch
4,ger+129x31+uniform,openblas,5,2,1,2,65536,149530816,2281.6591796875,ns,ok,direct,reset-and-arithmetic,a038f25ac66821574b30392dc1d3b189cc287e2c,true,OpenBLAS 0.3.32 NO_LAPACKE DYNAMIC_ARCH NO_AFFINITY Haswell MAX_THREADS=128; compiler=15.2.0,1,3,200000000,ger-v1+129x31+uniform,policy-v1,policy,vendor-cblas-v1,vendor-calibrated-v1,50000000,1,1,monotonic-batch
4,ger+129x31+uniform,openblas,5,2,1,3,65536,142543020,2175.0338745117188,ns,ok,direct,reset-and-arithmetic,a038f25ac66821574b30392dc1d3b189cc287e2c,true,OpenBLAS 0.3.32 NO_LAPACKE DYNAMIC_ARCH NO_AFFINITY Haswell MAX_THREADS=128; compiler=15.2.0,1,3,200000000,ger-v1+129x31+uniform,policy-v1,policy,vendor-cblas-v1,vendor-calibrated-v1,50000000,1,1,monotonic-batch
4,ger+129x31+uniform,openblas,5,2,1,4,65536,114694554,1750.1000061035156,ns,ok,direct,reset-and-arithmetic,a038f25ac66821574b30392dc1d3b189cc287e2c,true,OpenBLAS 0.3.32 NO_LAPACKE DYNAMIC_ARCH NO_AFFINITY Haswell MAX_THREADS=128; compiler=15.2.0,1,3,200000000,ger-v1+129x31+uniform,policy-v1,policy,vendor-cblas-v1,vendor-calibrated-v1,50000000,1,1,monotonic-batch
4,ger+129x31+uniform,openblas,5,2,1,5,65536,88968697,1357.5545806884766,ns,ok,direct,reset-and-arithmetic,a038f25ac66821574b30392dc1d3b189cc287e2c,true,OpenBLAS 0.3.32 NO_LAPACKE DYNAMIC_ARCH NO_AFFINITY Haswell MAX_THREADS=128; compiler=15.2.0,1,3,200000000,ger-v1+129x31+uniform,policy-v1,policy,vendor-cblas-v1,vendor-calibrated-v1,50000000,1,1,monotonic-batch
4,syr+129+uniform+uplo=L,openblas,5,2,1,1,32768,138368022,4222.6569213867188,ns,ok,direct,reset-and-arithmetic,a038f25ac66821574b30392dc1d3b189cc287e2c,true,OpenBLAS 0.3.32 NO_LAPACKE DYNAMIC_ARCH NO_AFFINITY Haswell MAX_THREADS=128; compiler=15.2.0,1,3,200000000,syr-v1+129+uniform+uplo=L,policy-v1,policy,vendor-cblas-v1,vendor-calibrated-v1,50000000,1,1,monotonic-batch
4,syr+129+uniform+uplo=L,openblas,5,2,1,2,32768,135973663,4149.5868835449219,ns,ok,direct,reset-and-arithmetic,a038f25ac66821574b30392dc1d3b189cc287e2c,true,OpenBLAS 0.3.32 NO_LAPACKE DYNAMIC_ARCH NO_AFFINITY Haswell MAX_THREADS=128; compiler=15.2.0,1,3,200000000,syr-v1+129+uniform+uplo=L,policy-v1,policy,vendor-cblas-v1,vendor-calibrated-v1,50000000,1,1,monotonic-batch
4,syr+129+uniform+uplo=L,openblas,5,2,1,3,32768,146034887,4456.6310729980469,ns,ok,direct,reset-and-arithmetic,a038f25ac66821574b30392dc1d3b189cc287e2c,true,OpenBLAS 0.3.32 NO_LAPACKE DYNAMIC_ARCH NO_AFFINITY Haswell MAX_THREADS=128; compiler=15.2.0,1,3,200000000,syr-v1+129+uniform+uplo=L,policy-v1,policy,vendor-cblas-v1,vendor-calibrated-v1,50000000,1,1,monotonic-batch
4,syr+129+uniform+uplo=L,openblas,5,2,1,4,32768,140618725,4291.3429260253906,ns,ok,direct,reset-and-arithmetic,a038f25ac66821574b30392dc1d3b189cc287e2c,true,OpenBLAS 0.3.32 NO_LAPACKE DYNAMIC_ARCH NO_AFFINITY Haswell MAX_THREADS=128; compiler=15.2.0,1,3,200000000,syr-v1+129+uniform+uplo=L,policy-v1,policy,vendor-cblas-v1,vendor-calibrated-v1,50000000,1,1,monotonic-batch
4,syr+129+uniform+uplo=L,openblas,5,2,1,5,32768,136934666,4178.9143676757812,ns,ok,direct,reset-and-arithmetic,a038f25ac66821574b30392dc1d3b189cc287e2c,true,OpenBLAS 0.3.32 NO_LAPACKE DYNAMIC_ARCH NO_AFFINITY Haswell MAX_THREADS=128; compiler=15.2.0,1,3,200000000,syr-v1+129+uniform+uplo=L,policy-v1,policy,vendor-cblas-v1,vendor-calibrated-v1,50000000,1,1,monotonic-batch
4,syr2+129+uniform+uplo=U,openblas,5,2,1,1,32768,174841555,5335.7408142089844,ns,ok,direct,reset-and-arithmetic,a038f25ac66821574b30392dc1d3b189cc287e2c,true,OpenBLAS 0.3.32 NO_LAPACKE DYNAMIC_ARCH NO_AFFINITY Haswell MAX_THREADS=128; compiler=15.2.0,1,3,200000000,syr2-v1+129+uniform+uplo=U,policy-v1,policy,vendor-cblas-v1,vendor-calibrated-v1,50000000,1,1,monotonic-batch
4,syr2+129+uniform+uplo=U,openblas,5,2,1,2,32768,175303121,5349.8266906738281,ns,ok,direct,reset-and-arithmetic,a038f25ac66821574b30392dc1d3b189cc287e2c,true,OpenBLAS 0.3.32 NO_LAPACKE DYNAMIC_ARCH NO_AFFINITY Haswell MAX_THREADS=128; compiler=15.2.0,1,3,200000000,syr2-v1+129+uniform+uplo=U,policy-v1,policy,vendor-cblas-v1,vendor-calibrated-v1,50000000,1,1,monotonic-batch
4,syr2+129+uniform+uplo=U,openblas,5,2,1,3,32768,174645011,5329.7427673339844,ns,ok,direct,reset-and-arithmetic,a038f25ac66821574b30392dc1d3b189cc287e2c,true,OpenBLAS 0.3.32 NO_LAPACKE DYNAMIC_ARCH NO_AFFINITY Haswell MAX_THREADS=128; compiler=15.2.0,1,3,200000000,syr2-v1+129+uniform+uplo=U,policy-v1,policy,vendor-cblas-v1,vendor-calibrated-v1,50000000,1,1,monotonic-batch
4,syr2+129+uniform+uplo=U,openblas,5,2,1,4,32768,175855742,5366.6913452148438,ns,ok,direct,reset-and-arithmetic,a038f25ac66821574b30392dc1d3b189cc287e2c,true,OpenBLAS 0.3.32 NO_LAPACKE DYNAMIC_ARCH NO_AFFINITY Haswell MAX_THREADS=128; compiler=15.2.0,1,3,200000000,syr2-v1+129+uniform+uplo=U,policy-v1,policy,vendor-cblas-v1,vendor-calibrated-v1,50000000,1,1,monotonic-batch
4,syr2+129+uniform+uplo=U,openblas,5,2,1,5,32768,175451676,5354.3602294921875,ns,ok,direct,reset-and-arithmetic,a038f25ac66821574b30392dc1d3b189cc287e2c,true,OpenBLAS 0.3.32 NO_LAPACKE DYNAMIC_ARCH NO_AFFINITY Haswell MAX_THREADS=128; compiler=15.2.0,1,3,200000000,syr2-v1+129+uniform+uplo=U,policy-v1,policy,vendor-cblas-v1,vendor-calibrated-v1,50000000,1,1,monotonic-batch
4,trsv+129+triangular+uplo=L+transA=N+diag=N,openblas,5,2,1,1,65536,116882228,1783.4812622070312,ns,ok,direct,reset-and-arithmetic,a038f25ac66821574b30392dc1d3b189cc287e2c,true,OpenBLAS 0.3.32 NO_LAPACKE DYNAMIC_ARCH NO_AFFINITY Haswell MAX_THREADS=128; compiler=15.2.0,1,3,200000000,trsv-v1+129+triangular+uplo=L+transA=N+diag=N,policy-v1,policy,vendor-cblas-v1,vendor-calibrated-v1,50000000,1,1,monotonic-batch
4,trsv+129+triangular+uplo=L+transA=N+diag=N,openblas,5,2,1,2,65536,116967593,1784.7838287353516,ns,ok,direct,reset-and-arithmetic,a038f25ac66821574b30392dc1d3b189cc287e2c,true,OpenBLAS 0.3.32 NO_LAPACKE DYNAMIC_ARCH NO_AFFINITY Haswell MAX_THREADS=128; compiler=15.2.0,1,3,200000000,trsv-v1+129+triangular+uplo=L+transA=N+diag=N,policy-v1,policy,vendor-cblas-v1,vendor-calibrated-v1,50000000,1,1,monotonic-batch
4,trsv+129+triangular+uplo=L+transA=N+diag=N,openblas,5,2,1,3,65536,115822400,1767.3095703125,ns,ok,direct,reset-and-arithmetic,a038f25ac66821574b30392dc1d3b189cc287e2c,true,OpenBLAS 0.3.32 NO_LAPACKE DYNAMIC_ARCH NO_AFFINITY Haswell MAX_THREADS=128; compiler=15.2.0,1,3,200000000,trsv-v1+129+triangular+uplo=L+transA=N+diag=N,policy-v1,policy,vendor-cblas-v1,vendor-calibrated-v1,50000000,1,1,monotonic-batch
4,trsv+129+triangular+uplo=L+transA=N+diag=N,openblas,5,2,1,4,65536,116133612,1772.0582885742188,ns,ok,direct,reset-and-arithmetic,a038f25ac66821574b30392dc1d3b189cc287e2c,true,OpenBLAS 0.3.32 NO_LAPACKE DYNAMIC_ARCH NO_AFFINITY Haswell MAX_THREADS=128; compiler=15.2.0,1,3,200000000,trsv-v1+129+triangular+uplo=L+transA=N+diag=N,policy-v1,policy,vendor-cblas-v1,vendor-calibrated-v1,50000000,1,1,monotonic-batch
4,trsv+129+triangular+uplo=L+transA=N+diag=N,openblas,5,2,1,5,65536,116127150,1771.9596862792969,ns,ok,direct,reset-and-arithmetic,a038f25ac66821574b30392dc1d3b189cc287e2c,true,OpenBLAS 0.3.32 NO_LAPACKE DYNAMIC_ARCH NO_AFFINITY Haswell MAX_THREADS=128; compiler=15.2.0,1,3,200000000,trsv-v1+129+triangular+uplo=L+transA=N+diag=N,policy-v1,policy,vendor-cblas-v1,vendor-calibrated-v1,50000000,1,1,monotonic-batch
4,trmv+129+triangular+uplo=U+transA=T+diag=U,openblas,5,2,1,1,65536,104174298,1589.5736389160156,ns,ok,direct,reset-and-arithmetic,a038f25ac66821574b30392dc1d3b189cc287e2c,true,OpenBLAS 0.3.32 NO_LAPACKE DYNAMIC_ARCH NO_AFFINITY Haswell MAX_THREADS=128; compiler=15.2.0,1,3,200000000,trmv-v1+129+triangular+uplo=U+transA=T+diag=U,policy-v1,policy,vendor-cblas-v1,vendor-calibrated-v1,50000000,1,1,monotonic-batch
4,trmv+129+triangular+uplo=U+transA=T+diag=U,openblas,5,2,1,2,65536,104005278,1586.9945983886719,ns,ok,direct,reset-and-arithmetic,a038f25ac66821574b30392dc1d3b189cc287e2c,true,OpenBLAS 0.3.32 NO_LAPACKE DYNAMIC_ARCH NO_AFFINITY Haswell MAX_THREADS=128; compiler=15.2.0,1,3,200000000,trmv-v1+129+triangular+uplo=U+transA=T+diag=U,policy-v1,policy,vendor-cblas-v1,vendor-calibrated-v1,50000000,1,1,monotonic-batch
4,trmv+129+triangular+uplo=U+transA=T+diag=U,openblas,5,2,1,3,65536,104898173,1600.6190948486328,ns,ok,direct,reset-and-arithmetic,a038f25ac66821574b30392dc1d3b189cc287e2c,true,OpenBLAS 0.3.32 NO_LAPACKE DYNAMIC_ARCH NO_AFFINITY Haswell MAX_THREADS=128; compiler=15.2.0,1,3,200000000,trmv-v1+129+triangular+uplo=U+transA=T+diag=U,policy-v1,policy,vendor-cblas-v1,vendor-calibrated-v1,50000000,1,1,monotonic-batch
4,trmv+129+triangular+uplo=U+transA=T+diag=U,openblas,5,2,1,4,65536,103285386,1576.0099182128906,ns,ok,direct,reset-and-arithmetic,a038f25ac66821574b30392dc1d3b189cc287e2c,true,OpenBLAS 0.3.32 NO_LAPACKE DYNAMIC_ARCH NO_AFFINITY Haswell MAX_THREADS=128; compiler=15.2.0,1,3,200000000,trmv-v1+129+triangular+uplo=U+transA=T+diag=U,policy-v1,policy,vendor-cblas-v1,vendor-calibrated-v1,50000000,1,1,monotonic-batch
4,trmv+129+triangular+uplo=U+transA=T+diag=U,openblas,5,2,1,5,65536,103988706,1586.7417297363281,ns,ok,direct,reset-and-arithmetic,a038f25ac66821574b30392dc1d3b189cc287e2c,true,OpenBLAS 0.3.32 NO_LAPACKE DYNAMIC_ARCH NO_AFFINITY Haswell MAX_THREADS=128; compiler=15.2.0,1,3,200000000,trmv-v1+129+triangular+uplo=U+transA=T+diag=U,policy-v1,policy,vendor-cblas-v1,vendor-calibrated-v1,50000000,1,1,monotonic-batch
4,gemm+32x21x48+uniform,openblas,5,2,1,1,65536,109237452,1666.8312377929688,ns,ok,direct,reset-and-arithmetic,a038f25ac66821574b30392dc1d3b189cc287e2c,true,OpenBLAS 0.3.32 NO_LAPACKE DYNAMIC_ARCH NO_AFFINITY Haswell MAX_THREADS=128; compiler=15.2.0,1,3,200000000,gemm-v1+32x21x48+uniform,policy-v1,policy,vendor-cblas-v1,vendor-calibrated-v1,50000000,1,1,monotonic-batch
4,gemm+32x21x48+uniform,openblas,5,2,1,2,65536,109964358,1677.9229431152344,ns,ok,direct,reset-and-arithmetic,a038f25ac66821574b30392dc1d3b189cc287e2c,true,OpenBLAS 0.3.32 NO_LAPACKE DYNAMIC_ARCH NO_AFFINITY Haswell MAX_THREADS=128; compiler=15.2.0,1,3,200000000,gemm-v1+32x21x48+uniform,policy-v1,policy,vendor-cblas-v1,vendor-calibrated-v1,50000000,1,1,monotonic-batch
4,gemm+32x21x48+uniform,openblas,5,2,1,3,65536,110045938,1679.1677551269531,ns,ok,direct,reset-and-arithmetic,a038f25ac66821574b30392dc1d3b189cc287e2c,true,OpenBLAS 0.3.32 NO_LAPACKE DYNAMIC_ARCH NO_AFFINITY Haswell MAX_THREADS=128; compiler=15.2.0,1,3,200000000,gemm-v1+32x21x48+uniform,policy-v1,policy,vendor-cblas-v1,vendor-calibrated-v1,50000000,1,1,monotonic-batch
4,gemm+32x21x48+uniform,openblas,5,2,1,4,65536,109629091,1672.8071746826172,ns,ok,direct,reset-and-arithmetic,a038f25ac66821574b30392dc1d3b189cc287e2c,true,OpenBLAS 0.3.32 NO_LAPACKE DYNAMIC_ARCH NO_AFFINITY Haswell MAX_THREADS=128; compiler=15.2.0,1,3,200000000,gemm-v1+32x21x48+uniform,policy-v1,policy,vendor-cblas-v1,vendor-calibrated-v1,50000000,1,1,monotonic-batch
4,gemm+32x21x48+uniform,openblas,5,2,1,5,65536,111286472,1698.0968017578125,ns,ok,direct,reset-and-arithmetic,a038f25ac66821574b30392dc1d3b189cc287e2c,true,OpenBLAS 0.3.32 NO_LAPACKE DYNAMIC_ARCH NO_AFFINITY Haswell MAX_THREADS=128; compiler=15.2.0,1,3,200000000,gemm-v1+32x21x48+uniform,policy-v1,policy,vendor-cblas-v1,vendor-calibrated-v1,50000000,1,1,monotonic-batch
4,gemm+129x31x257+uniform+transA=T,openblas,5,2,1,1,2048,112221942,54795.8701171875,ns,ok,direct,reset-and-arithmetic,a038f25ac66821574b30392dc1d3b189cc287e2c,true,OpenBLAS 0.3.32 NO_LAPACKE DYNAMIC_ARCH NO_AFFINITY Haswell MAX_THREADS=128; compiler=15.2.0,1,3,200000000,gemm-v1+129x31x257+uniform+transA=T,policy-v1,policy,vendor-cblas-v1,vendor-calibrated-v1,50000000,1,1,monotonic-batch
4,gemm+129x31x257+uniform+transA=T,openblas,5,2,1,2,2048,111673678,54528.1630859375,ns,ok,direct,reset-and-arithmetic,a038f25ac66821574b30392dc1d3b189cc287e2c,true,OpenBLAS 0.3.32 NO_LAPACKE DYNAMIC_ARCH NO_AFFINITY Haswell MAX_THREADS=128; compiler=15.2.0,1,3,200000000,gemm-v1+129x31x257+uniform+transA=T,policy-v1,policy,vendor-cblas-v1,vendor-calibrated-v1,50000000,1,1,monotonic-batch
4,gemm+129x31x257+uniform+transA=T,openblas,5,2,1,3,2048,112859793,55107.32080078125,ns,ok,direct,reset-and-arithmetic,a038f25ac66821574b30392dc1d3b189cc287e2c,true,OpenBLAS 0.3.32 NO_LAPACKE DYNAMIC_ARCH NO_AFFINITY Haswell MAX_THREADS=128; compiler=15.2.0,1,3,200000000,gemm-v1+129x31x257+uniform+transA=T,policy-v1,policy,vendor-cblas-v1,vendor-calibrated-v1,50000000,1,1,monotonic-batch
4,gemm+129x31x257+uniform+transA=T,openblas,5,2,1,4,2048,112176016,54773.4453125,ns,ok,direct,reset-and-arithmetic,a038f25ac66821574b30392dc1d3b189cc287e2c,true,OpenBLAS 0.3.32 NO_LAPACKE DYNAMIC_ARCH NO_AFFINITY Haswell MAX_THREADS=128; compiler=15.2.0,1,3,200000000,gemm-v1+129x31x257+uniform+transA=T,policy-v1,policy,vendor-cblas-v1,vendor-calibrated-v1,50000000,1,1,monotonic-batch
4,gemm+129x31x257+uniform+transA=T,openblas,5,2,1,5,2048,112033882,54704.0439453125,ns,ok,direct,reset-and-arithmetic,a038f25ac66821574b30392dc1d3b189cc287e2c,true,OpenBLAS 0.3.32 NO_LAPACKE DYNAMIC_ARCH NO_AFFINITY Haswell MAX_THREADS=128; compiler=15.2.0,1,3,200000000,gemm-v1+129x31x257+uniform+transA=T,policy-v1,policy,vendor-cblas-v1,vendor-calibrated-v1,50000000,1,1,monotonic-batch
4,gemm+65x127x33+uniform+transB=T,openblas,5,2,1,1,8192,113608215,13868.190307617188,ns,ok,direct,reset-and-arithmetic,a038f25ac66821574b30392dc1d3b189cc287e2c,true,OpenBLAS 0.3.32 NO_LAPACKE DYNAMIC_ARCH NO_AFFINITY Haswell MAX_THREADS=128; compiler=15.2.0,1,3,200000000,gemm-v1+65x127x33+uniform+transB=T,policy-v1,policy,vendor-cblas-v1,vendor-calibrated-v1,50000000,1,1,monotonic-batch
4,gemm+65x127x33+uniform+transB=T,openblas,5,2,1,2,8192,217242036,26518.80322265625,ns,ok,direct,reset-and-arithmetic,a038f25ac66821574b30392dc1d3b189cc287e2c,true,OpenBLAS 0.3.32 NO_LAPACKE DYNAMIC_ARCH NO_AFFINITY Haswell MAX_THREADS=128; compiler=15.2.0,1,3,200000000,gemm-v1+65x127x33+uniform+transB=T,policy-v1,policy,vendor-cblas-v1,vendor-calibrated-v1,50000000,1,1,monotonic-batch
4,gemm+65x127x33+uniform+transB=T,openblas,5,2,1,3,8192,119097282,14538.242431640625,ns,ok,direct,reset-and-arithmetic,a038f25ac66821574b30392dc1d3b189cc287e2c,true,OpenBLAS 0.3.32 NO_LAPACKE DYNAMIC_ARCH NO_AFFINITY Haswell MAX_THREADS=128; compiler=15.2.0,1,3,200000000,gemm-v1+65x127x33+uniform+transB=T,policy-v1,policy,vendor-cblas-v1,vendor-calibrated-v1,50000000,1,1,monotonic-batch
4,gemm+65x127x33+uniform+transB=T,openblas,5,2,1,4,8192,119823960,14626.9482421875,ns,ok,direct,reset-and-arithmetic,a038f25ac66821574b30392dc1d3b189cc287e2c,true,OpenBLAS 0.3.32 NO_LAPACKE DYNAMIC_ARCH NO_AFFINITY Haswell MAX_THREADS=128; compiler=15.2.0,1,3,200000000,gemm-v1+65x127x33+uniform+transB=T,policy-v1,policy,vendor-cblas-v1,vendor-calibrated-v1,50000000,1,1,monotonic-batch
4,gemm+65x127x33+uniform+transB=T,openblas,5,2,1,5,8192,123159045,15034.063110351562,ns,ok,direct,reset-and-arithmetic,a038f25ac66821574b30392dc1d3b189cc287e2c,true,OpenBLAS 0.3.32 NO_LAPACKE DYNAMIC_ARCH NO_AFFINITY Haswell MAX_THREADS=128; compiler=15.2.0,1,3,200000000,gemm-v1+65x127x33+uniform+transB=T,policy-v1,policy,vendor-cblas-v1,vendor-calibrated-v1,50000000,1,1,monotonic-batch
4,symm+129x31+uniform+side=L+uplo=L,openblas,5,2,1,1,4096,114761612,28017.9716796875,ns,ok,direct,reset-and-arithmetic,a038f25ac66821574b30392dc1d3b189cc287e2c,true,OpenBLAS 0.3.32 NO_LAPACKE DYNAMIC_ARCH NO_AFFINITY Haswell MAX_THREADS=128; compiler=15.2.0,1,3,200000000,symm-v1+129x31+uniform+side=L+uplo=L,policy-v1,policy,vendor-cblas-v1,vendor-calibrated-v1,50000000,1,1,monotonic-batch
4,symm+129x31+uniform+side=L+uplo=L,openblas,5,2,1,2,4096,114088399,27853.613037109375,ns,ok,direct,reset-and-arithmetic,a038f25ac66821574b30392dc1d3b189cc287e2c,true,OpenBLAS 0.3.32 NO_LAPACKE DYNAMIC_ARCH NO_AFFINITY Haswell MAX_THREADS=128; compiler=15.2.0,1,3,200000000,symm-v1+129x31+uniform+side=L+uplo=L,policy-v1,policy,vendor-cblas-v1,vendor-calibrated-v1,50000000,1,1,monotonic-batch
4,symm+129x31+uniform+side=L+uplo=L,openblas,5,2,1,3,4096,117572745,28704.283447265625,ns,ok,direct,reset-and-arithmetic,a038f25ac66821574b30392dc1d3b189cc287e2c,true,OpenBLAS 0.3.32 NO_LAPACKE DYNAMIC_ARCH NO_AFFINITY Haswell MAX_THREADS=128; compiler=15.2.0,1,3,200000000,symm-v1+129x31+uniform+side=L+uplo=L,policy-v1,policy,vendor-cblas-v1,vendor-calibrated-v1,50000000,1,1,monotonic-batch
4,symm+129x31+uniform+side=L+uplo=L,openblas,5,2,1,4,4096,114597954,27978.01611328125,ns,ok,direct,reset-and-arithmetic,a038f25ac66821574b30392dc1d3b189cc287e2c,true,OpenBLAS 0.3.32 NO_LAPACKE DYNAMIC_ARCH NO_AFFINITY Haswell MAX_THREADS=128; compiler=15.2.0,1,3,200000000,symm-v1+129x31+uniform+side=L+uplo=L,policy-v1,policy,vendor-cblas-v1,vendor-calibrated-v1,50000000,1,1,monotonic-batch
4,symm+129x31+uniform+side=L+uplo=L,openblas,5,2,1,5,4096,114133997,27864.745361328125,ns,ok,direct,reset-and-arithmetic,a038f25ac66821574b30392dc1d3b189cc287e2c,true,OpenBLAS 0.3.32 NO_LAPACKE DYNAMIC_ARCH NO_AFFINITY Haswell MAX_THREADS=128; compiler=15.2.0,1,3,200000000,symm-v1+129x31+uniform+side=L+uplo=L,policy-v1,policy,vendor-cblas-v1,vendor-calibrated-v1,50000000,1,1,monotonic-batch
4,symm+31x129+uniform+side=R+uplo=U,openblas,5,2,1,1,4096,112021261,27348.940673828125,ns,ok,direct,reset-and-arithmetic,a038f25ac66821574b30392dc1d3b189cc287e2c,true,OpenBLAS 0.3.32 NO_LAPACKE DYNAMIC_ARCH NO_AFFINITY Haswell MAX_THREADS=128; compiler=15.2.0,1,3,200000000,symm-v1+31x129+uniform+side=R+uplo=U,policy-v1,policy,vendor-cblas-v1,vendor-calibrated-v1,50000000,1,1,monotonic-batch
4,symm+31x129+uniform+side=R+uplo=U,openblas,5,2,1,2,4096,111584451,27242.297607421875,ns,ok,direct,reset-and-arithmetic,a038f25ac66821574b30392dc1d3b189cc287e2c,true,OpenBLAS 0.3.32 NO_LAPACKE DYNAMIC_ARCH NO_AFFINITY Haswell MAX_THREADS=128; compiler=15.2.0,1,3,200000000,symm-v1+31x129+uniform+side=R+uplo=U,policy-v1,policy,vendor-cblas-v1,vendor-calibrated-v1,50000000,1,1,monotonic-batch
4,symm+31x129+uniform+side=R+uplo=U,openblas,5,2,1,3,4096,110635403,27010.596435546875,ns,ok,direct,reset-and-arithmetic,a038f25ac66821574b30392dc1d3b189cc287e2c,true,OpenBLAS 0.3.32 NO_LAPACKE DYNAMIC_ARCH NO_AFFINITY Haswell MAX_THREADS=128; compiler=15.2.0,1,3,200000000,symm-v1+31x129+uniform+side=R+uplo=U,policy-v1,policy,vendor-cblas-v1,vendor-calibrated-v1,50000000,1,1,monotonic-batch
4,symm+31x129+uniform+side=R+uplo=U,openblas,5,2,1,4,4096,110111736,26882.748046875,ns,ok,direct,reset-and-arithmetic,a038f25ac66821574b30392dc1d3b189cc287e2c,true,OpenBLAS 0.3.32 NO_LAPACKE DYNAMIC_ARCH NO_AFFINITY Haswell MAX_THREADS=128; compiler=15.2.0,1,3,200000000,symm-v1+31x129+uniform+side=R+uplo=U,policy-v1,policy,vendor-cblas-v1,vendor-calibrated-v1,50000000,1,1,monotonic-batch
4,symm+31x129+uniform+side=R+uplo=U,openblas,5,2,1,5,4096,110747460,27037.9541015625,ns,ok,direct,reset-and-arithmetic,a038f25ac66821574b30392dc1d3b189cc287e2c,true,OpenBLAS 0.3.32 NO_LAPACKE DYNAMIC_ARCH NO_AFFINITY Haswell MAX_THREADS=128; compiler=15.2.0,1,3,200000000,symm-v1+31x129+uniform+side=R+uplo=U,policy-v1,policy,vendor-cblas-v1,vendor-calibrated-v1,50000000,1,1,monotonic-batch
4,gemmt+129x31+uniform+uplo=L+transA=N+transB=N,openblas,5,2,1,1,4096,101157846,24696.73974609375,ns,ok,direct,reset-and-arithmetic,a038f25ac66821574b30392dc1d3b189cc287e2c,true,OpenBLAS 0.3.32 NO_LAPACKE DYNAMIC_ARCH NO_AFFINITY Haswell MAX_THREADS=128; compiler=15.2.0,1,3,200000000,gemmt-v1+129x31+uniform+uplo=L+transA=N+transB=N,policy-v1,policy,vendor-cblas-v1,vendor-calibrated-v1,50000000,1,1,monotonic-batch
4,gemmt+129x31+uniform+uplo=L+transA=N+transB=N,openblas,5,2,1,2,4096,101020636,24663.2412109375,ns,ok,direct,reset-and-arithmetic,a038f25ac66821574b30392dc1d3b189cc287e2c,true,OpenBLAS 0.3.32 NO_LAPACKE DYNAMIC_ARCH NO_AFFINITY Haswell MAX_THREADS=128; compiler=15.2.0,1,3,200000000,gemmt-v1+129x31+uniform+uplo=L+transA=N+transB=N,policy-v1,policy,vendor-cblas-v1,vendor-calibrated-v1,50000000,1,1,monotonic-batch
4,gemmt+129x31+uniform+uplo=L+transA=N+transB=N,openblas,5,2,1,3,4096,101508451,24782.336669921875,ns,ok,direct,reset-and-arithmetic,a038f25ac66821574b30392dc1d3b189cc287e2c,true,OpenBLAS 0.3.32 NO_LAPACKE DYNAMIC_ARCH NO_AFFINITY Haswell MAX_THREADS=128; compiler=15.2.0,1,3,200000000,gemmt-v1+129x31+uniform+uplo=L+transA=N+transB=N,policy-v1,policy,vendor-cblas-v1,vendor-calibrated-v1,50000000,1,1,monotonic-batch
4,gemmt+129x31+uniform+uplo=L+transA=N+transB=N,openblas,5,2,1,4,4096,107299920,26196.26953125,ns,ok,direct,reset-and-arithmetic,a038f25ac66821574b30392dc1d3b189cc287e2c,true,OpenBLAS 0.3.32 NO_LAPACKE DYNAMIC_ARCH NO_AFFINITY Haswell MAX_THREADS=128; compiler=15.2.0,1,3,200000000,gemmt-v1+129x31+uniform+uplo=L+transA=N+transB=N,policy-v1,policy,vendor-cblas-v1,vendor-calibrated-v1,50000000,1,1,monotonic-batch
4,gemmt+129x31+uniform+uplo=L+transA=N+transB=N,openblas,5,2,1,5,4096,102521462,25029.65380859375,ns,ok,direct,reset-and-arithmetic,a038f25ac66821574b30392dc1d3b189cc287e2c,true,OpenBLAS 0.3.32 NO_LAPACKE DYNAMIC_ARCH NO_AFFINITY Haswell MAX_THREADS=128; compiler=15.2.0,1,3,200000000,gemmt-v1+129x31+uniform+uplo=L+transA=N+transB=N,policy-v1,policy,vendor-cblas-v1,vendor-calibrated-v1,50000000,1,1,monotonic-batch
4,syrk+129x31+uniform+uplo=L+transA=N,openblas,5,2,1,1,8192,136341321,16643.227661132812,ns,ok,direct,reset-and-arithmetic,a038f25ac66821574b30392dc1d3b189cc287e2c,true,OpenBLAS 0.3.32 NO_LAPACKE DYNAMIC_ARCH NO_AFFINITY Haswell MAX_THREADS=128; compiler=15.2.0,1,3,200000000,syrk-v1+129x31+uniform+uplo=L+transA=N,policy-v1,policy,vendor-cblas-v1,vendor-calibrated-v1,50000000,1,1,monotonic-batch
4,syrk+129x31+uniform+uplo=L+transA=N,openblas,5,2,1,2,8192,135208299,16504.919311523438,ns,ok,direct,reset-and-arithmetic,a038f25ac66821574b30392dc1d3b189cc287e2c,true,OpenBLAS 0.3.32 NO_LAPACKE DYNAMIC_ARCH NO_AFFINITY Haswell MAX_THREADS=128; compiler=15.2.0,1,3,200000000,syrk-v1+129x31+uniform+uplo=L+transA=N,policy-v1,policy,vendor-cblas-v1,vendor-calibrated-v1,50000000,1,1,monotonic-batch
4,syrk+129x31+uniform+uplo=L+transA=N,openblas,5,2,1,3,8192,136523254,16665.436279296875,ns,ok,direct,reset-and-arithmetic,a038f25ac66821574b30392dc1d3b189cc287e2c,true,OpenBLAS 0.3.32 NO_LAPACKE DYNAMIC_ARCH NO_AFFINITY Haswell MAX_THREADS=128; compiler=15.2.0,1,3,200000000,syrk-v1+129x31+uniform+uplo=L+transA=N,policy-v1,policy,vendor-cblas-v1,vendor-calibrated-v1,50000000,1,1,monotonic-batch
4,syrk+129x31+uniform+uplo=L+transA=N,openblas,5,2,1,4,8192,136715425,16688.894653320312,ns,ok,direct,reset-and-arithmetic,a038f25ac66821574b30392dc1d3b189cc287e2c,true,OpenBLAS 0.3.32 NO_LAPACKE DYNAMIC_ARCH NO_AFFINITY Haswell MAX_THREADS=128; compiler=15.2.0,1,3,200000000,syrk-v1+129x31+uniform+uplo=L+transA=N,policy-v1,policy,vendor-cblas-v1,vendor-calibrated-v1,50000000,1,1,monotonic-batch
4,syrk+129x31+uniform+uplo=L+transA=N,openblas,5,2,1,5,8192,135276749,16513.275024414062,ns,ok,direct,reset-and-arithmetic,a038f25ac66821574b30392dc1d3b189cc287e2c,true,OpenBLAS 0.3.32 NO_LAPACKE DYNAMIC_ARCH NO_AFFINITY Haswell MAX_THREADS=128; compiler=15.2.0,1,3,200000000,syrk-v1+129x31+uniform+uplo=L+transA=N,policy-v1,policy,vendor-cblas-v1,vendor-calibrated-v1,50000000,1,1,monotonic-batch
4,syr2k+129x31+uniform+uplo=U+transA=T,openblas,5,2,1,1,4096,113321242,27666.31884765625,ns,ok,direct,reset-and-arithmetic,a038f25ac66821574b30392dc1d3b189cc287e2c,true,OpenBLAS 0.3.32 NO_LAPACKE DYNAMIC_ARCH NO_AFFINITY Haswell MAX_THREADS=128; compiler=15.2.0,1,3,200000000,syr2k-v1+129x31+uniform+uplo=U+transA=T,policy-v1,policy,vendor-cblas-v1,vendor-calibrated-v1,50000000,1,1,monotonic-batch
4,syr2k+129x31+uniform+uplo=U+transA=T,openblas,5,2,1,2,4096,112815192,27542.771484375,ns,ok,direct,reset-and-arithmetic,a038f25ac66821574b30392dc1d3b189cc287e2c,true,OpenBLAS 0.3.32 NO_LAPACKE DYNAMIC_ARCH NO_AFFINITY Haswell MAX_THREADS=128; compiler=15.2.0,1,3,200000000,syr2k-v1+129x31+uniform+uplo=U+transA=T,policy-v1,policy,vendor-cblas-v1,vendor-calibrated-v1,50000000,1,1,monotonic-batch
4,syr2k+129x31+uniform+uplo=U+transA=T,openblas,5,2,1,3,4096,115435473,28182.488525390625,ns,ok,direct,reset-and-arithmetic,a038f25ac66821574b30392dc1d3b189cc287e2c,true,OpenBLAS 0.3.32 NO_LAPACKE DYNAMIC_ARCH NO_AFFINITY Haswell MAX_THREADS=128; compiler=15.2.0,1,3,200000000,syr2k-v1+129x31+uniform+uplo=U+transA=T,policy-v1,policy,vendor-cblas-v1,vendor-calibrated-v1,50000000,1,1,monotonic-batch
4,syr2k+129x31+uniform+uplo=U+transA=T,openblas,5,2,1,4,4096,151684589,37032.370361328125,ns,ok,direct,reset-and-arithmetic,a038f25ac66821574b30392dc1d3b189cc287e2c,true,OpenBLAS 0.3.32 NO_LAPACKE DYNAMIC_ARCH NO_AFFINITY Haswell MAX_THREADS=128; compiler=15.2.0,1,3,200000000,syr2k-v1+129x31+uniform+uplo=U+transA=T,policy-v1,policy,vendor-cblas-v1,vendor-calibrated-v1,50000000,1,1,monotonic-batch
4,syr2k+129x31+uniform+uplo=U+transA=T,openblas,5,2,1,5,4096,170485682,41622.48095703125,ns,ok,direct,reset-and-arithmetic,a038f25ac66821574b30392dc1d3b189cc287e2c,true,OpenBLAS 0.3.32 NO_LAPACKE DYNAMIC_ARCH NO_AFFINITY Haswell MAX_THREADS=128; compiler=15.2.0,1,3,200000000,syr2k-v1+129x31+uniform+uplo=U+transA=T,policy-v1,policy,vendor-cblas-v1,vendor-calibrated-v1,50000000,1,1,monotonic-batch
4,trsm+64x16+triangular+side=L+uplo=L+transA=N+diag=N,openblas,5,2,1,1,16384,71720327,4377.4613647460938,ns,ok,direct,reset-and-arithmetic,a038f25ac66821574b30392dc1d3b189cc287e2c,true,OpenBLAS 0.3.32 NO_LAPACKE DYNAMIC_ARCH NO_AFFINITY Haswell MAX_THREADS=128; compiler=15.2.0,1,3,200000000,trsm-v1+64x16+triangular+side=L+uplo=L+transA=N+diag=N,policy-v1,policy,vendor-cblas-v1,vendor-calibrated-v1,50000000,1,1,monotonic-batch
4,trsm+64x16+triangular+side=L+uplo=L+transA=N+diag=N,openblas,5,2,1,2,16384,72033364,4396.567626953125,ns,ok,direct,reset-and-arithmetic,a038f25ac66821574b30392dc1d3b189cc287e2c,true,OpenBLAS 0.3.32 NO_LAPACKE DYNAMIC_ARCH NO_AFFINITY Haswell MAX_THREADS=128; compiler=15.2.0,1,3,200000000,trsm-v1+64x16+triangular+side=L+uplo=L+transA=N+diag=N,policy-v1,policy,vendor-cblas-v1,vendor-calibrated-v1,50000000,1,1,monotonic-batch
4,trsm+64x16+triangular+side=L+uplo=L+transA=N+diag=N,openblas,5,2,1,3,16384,101338423,6185.2064819335938,ns,ok,direct,reset-and-arithmetic,a038f25ac66821574b30392dc1d3b189cc287e2c,true,OpenBLAS 0.3.32 NO_LAPACKE DYNAMIC_ARCH NO_AFFINITY Haswell MAX_THREADS=128; compiler=15.2.0,1,3,200000000,trsm-v1+64x16+triangular+side=L+uplo=L+transA=N+diag=N,policy-v1,policy,vendor-cblas-v1,vendor-calibrated-v1,50000000,1,1,monotonic-batch
4,trsm+64x16+triangular+side=L+uplo=L+transA=N+diag=N,openblas,5,2,1,4,16384,88981523,5431.0011596679688,ns,ok,direct,reset-and-arithmetic,a038f25ac66821574b30392dc1d3b189cc287e2c,true,OpenBLAS 0.3.32 NO_LAPACKE DYNAMIC_ARCH NO_AFFINITY Haswell MAX_THREADS=128; compiler=15.2.0,1,3,200000000,trsm-v1+64x16+triangular+side=L+uplo=L+transA=N+diag=N,policy-v1,policy,vendor-cblas-v1,vendor-calibrated-v1,50000000,1,1,monotonic-batch
4,trsm+64x16+triangular+side=L+uplo=L+transA=N+diag=N,openblas,5,2,1,5,16384,76205912,4651.23974609375,ns,ok,direct,reset-and-arithmetic,a038f25ac66821574b30392dc1d3b189cc287e2c,true,OpenBLAS 0.3.32 NO_LAPACKE DYNAMIC_ARCH NO_AFFINITY Haswell MAX_THREADS=128; compiler=15.2.0,1,3,200000000,trsm-v1+64x16+triangular+side=L+uplo=L+transA=N+diag=N,policy-v1,policy,vendor-cblas-v1,vendor-calibrated-v1,50000000,1,1,monotonic-batch
4,trsm+17x64+triangular+side=R+uplo=U+transA=T+diag=U,openblas,5,2,1,1,16384,115951128,7077.09521484375,ns,ok,direct,reset-and-arithmetic,a038f25ac66821574b30392dc1d3b189cc287e2c,true,OpenBLAS 0.3.32 NO_LAPACKE DYNAMIC_ARCH NO_AFFINITY Haswell MAX_THREADS=128; compiler=15.2.0,1,3,200000000,trsm-v1+17x64+triangular+side=R+uplo=U+transA=T+diag=U,policy-v1,policy,vendor-cblas-v1,vendor-calibrated-v1,50000000,1,1,monotonic-batch
4,trsm+17x64+triangular+side=R+uplo=U+transA=T+diag=U,openblas,5,2,1,2,16384,143308837,8746.8772583007812,ns,ok,direct,reset-and-arithmetic,a038f25ac66821574b30392dc1d3b189cc287e2c,true,OpenBLAS 0.3.32 NO_LAPACKE DYNAMIC_ARCH NO_AFFINITY Haswell MAX_THREADS=128; compiler=15.2.0,1,3,200000000,trsm-v1+17x64+triangular+side=R+uplo=U+transA=T+diag=U,policy-v1,policy,vendor-cblas-v1,vendor-calibrated-v1,50000000,1,1,monotonic-batch
4,trsm+17x64+triangular+side=R+uplo=U+transA=T+diag=U,openblas,5,2,1,3,16384,127577686,7786.7239990234375,ns,ok,direct,reset-and-arithmetic,a038f25ac66821574b30392dc1d3b189cc287e2c,true,OpenBLAS 0.3.32 NO_LAPACKE DYNAMIC_ARCH NO_AFFINITY Haswell MAX_THREADS=128; compiler=15.2.0,1,3,200000000,trsm-v1+17x64+triangular+side=R+uplo=U+transA=T+diag=U,policy-v1,policy,vendor-cblas-v1,vendor-calibrated-v1,50000000,1,1,monotonic-batch
4,trsm+17x64+triangular+side=R+uplo=U+transA=T+diag=U,openblas,5,2,1,4,16384,116058058,7083.6217041015625,ns,ok,direct,reset-and-arithmetic,a038f25ac66821574b30392dc1d3b189cc287e2c,true,OpenBLAS 0.3.32 NO_LAPACKE DYNAMIC_ARCH NO_AFFINITY Haswell MAX_THREADS=128; compiler=15.2.0,1,3,200000000,trsm-v1+17x64+triangular+side=R+uplo=U+transA=T+diag=U,policy-v1,policy,vendor-cblas-v1,vendor-calibrated-v1,50000000,1,1,monotonic-batch
4,trsm+17x64+triangular+side=R+uplo=U+transA=T+diag=U,openblas,5,2,1,5,16384,113139761,6905.5029907226562,ns,ok,direct,reset-and-arithmetic,a038f25ac66821574b30392dc1d3b189cc287e2c,true,OpenBLAS 0.3.32 NO_LAPACKE DYNAMIC_ARCH NO_AFFINITY Haswell MAX_THREADS=128; compiler=15.2.0,1,3,200000000,trsm-v1+17x64+triangular+side=R+uplo=U+transA=T+diag=U,policy-v1,policy,vendor-cblas-v1,vendor-calibrated-v1,50000000,1,1,monotonic-batch
4,trmm+64x16+triangular+side=L+uplo=U+transA=T+diag=N,openblas,5,2,1,1,32768,211562298,6456.3689575195312,ns,ok,direct,reset-and-arithmetic,a038f25ac66821574b30392dc1d3b189cc287e2c,true,OpenBLAS 0.3.32 NO_LAPACKE DYNAMIC_ARCH NO_AFFINITY Haswell MAX_THREADS=128; compiler=15.2.0,1,3,200000000,trmm-v1+64x16+triangular+side=L+uplo=U+transA=T+diag=N,policy-v1,policy,vendor-cblas-v1,vendor-calibrated-v1,50000000,1,1,monotonic-batch
4,trmm+64x16+triangular+side=L+uplo=U+transA=T+diag=N,openblas,5,2,1,2,32768,208120628,6351.3375244140625,ns,ok,direct,reset-and-arithmetic,a038f25ac66821574b30392dc1d3b189cc287e2c,true,OpenBLAS 0.3.32 NO_LAPACKE DYNAMIC_ARCH NO_AFFINITY Haswell MAX_THREADS=128; compiler=15.2.0,1,3,200000000,trmm-v1+64x16+triangular+side=L+uplo=U+transA=T+diag=N,policy-v1,policy,vendor-cblas-v1,vendor-calibrated-v1,50000000,1,1,monotonic-batch
4,trmm+64x16+triangular+side=L+uplo=U+transA=T+diag=N,openblas,5,2,1,3,32768,113500077,3463.7474670410156,ns,ok,direct,reset-and-arithmetic,a038f25ac66821574b30392dc1d3b189cc287e2c,true,OpenBLAS 0.3.32 NO_LAPACKE DYNAMIC_ARCH NO_AFFINITY Haswell MAX_THREADS=128; compiler=15.2.0,1,3,200000000,trmm-v1+64x16+triangular+side=L+uplo=U+transA=T+diag=N,policy-v1,policy,vendor-cblas-v1,vendor-calibrated-v1,50000000,1,1,monotonic-batch
4,trmm+64x16+triangular+side=L+uplo=U+transA=T+diag=N,openblas,5,2,1,4,32768,118685556,3621.9957275390625,ns,ok,direct,reset-and-arithmetic,a038f25ac66821574b30392dc1d3b189cc287e2c,true,OpenBLAS 0.3.32 NO_LAPACKE DYNAMIC_ARCH NO_AFFINITY Haswell MAX_THREADS=128; compiler=15.2.0,1,3,200000000,trmm-v1+64x16+triangular+side=L+uplo=U+transA=T+diag=N,policy-v1,policy,vendor-cblas-v1,vendor-calibrated-v1,50000000,1,1,monotonic-batch
4,trmm+64x16+triangular+side=L+uplo=U+transA=T+diag=N,openblas,5,2,1,5,32768,130630911,3986.5390319824219,ns,ok,direct,reset-and-arithmetic,a038f25ac66821574b30392dc1d3b189cc287e2c,true,OpenBLAS 0.3.32 NO_LAPACKE DYNAMIC_ARCH NO_AFFINITY Haswell MAX_THREADS=128; compiler=15.2.0,1,3,200000000,trmm-v1+64x16+triangular+side=L+uplo=U+transA=T+diag=N,policy-v1,policy,vendor-cblas-v1,vendor-calibrated-v1,50000000,1,1,monotonic-batch
4,trmm+17x64+triangular+side=R+uplo=L+transA=N+diag=U,openblas,5,2,1,1,32768,135323131,4129.7342224121094,ns,ok,direct,reset-and-arithmetic,a038f25ac66821574b30392dc1d3b189cc287e2c,true,OpenBLAS 0.3.32 NO_LAPACKE DYNAMIC_ARCH NO_AFFINITY Haswell MAX_THREADS=128; compiler=15.2.0,1,3,200000000,trmm-v1+17x64+triangular+side=R+uplo=L+transA=N+diag=U,policy-v1,policy,vendor-cblas-v1,vendor-calibrated-v1,50000000,1,1,monotonic-batch
4,trmm+17x64+triangular+side=R+uplo=L+transA=N+diag=U,openblas,5,2,1,2,32768,132179327,4033.7929382324219,ns,ok,direct,reset-and-arithmetic,a038f25ac66821574b30392dc1d3b189cc287e2c,true,OpenBLAS 0.3.32 NO_LAPACKE DYNAMIC_ARCH NO_AFFINITY Haswell MAX_THREADS=128; compiler=15.2.0,1,3,200000000,trmm-v1+17x64+triangular+side=R+uplo=L+transA=N+diag=U,policy-v1,policy,vendor-cblas-v1,vendor-calibrated-v1,50000000,1,1,monotonic-batch
4,trmm+17x64+triangular+side=R+uplo=L+transA=N+diag=U,openblas,5,2,1,3,32768,149750378,4570.0188598632812,ns,ok,direct,reset-and-arithmetic,a038f25ac66821574b30392dc1d3b189cc287e2c,true,OpenBLAS 0.3.32 NO_LAPACKE DYNAMIC_ARCH NO_AFFINITY Haswell MAX_THREADS=128; compiler=15.2.0,1,3,200000000,trmm-v1+17x64+triangular+side=R+uplo=L+transA=N+diag=U,policy-v1,policy,vendor-cblas-v1,vendor-calibrated-v1,50000000,1,1,monotonic-batch
4,trmm+17x64+triangular+side=R+uplo=L+transA=N+diag=U,openblas,5,2,1,4,32768,162170934,4949.0641479492188,ns,ok,direct,reset-and-arithmetic,a038f25ac66821574b30392dc1d3b189cc287e2c,true,OpenBLAS 0.3.32 NO_LAPACKE DYNAMIC_ARCH NO_AFFINITY Haswell MAX_THREADS=128; compiler=15.2.0,1,3,200000000,trmm-v1+17x64+triangular+side=R+uplo=L+transA=N+diag=U,policy-v1,policy,vendor-cblas-v1,vendor-calibrated-v1,50000000,1,1,monotonic-batch
4,trmm+17x64+triangular+side=R+uplo=L+transA=N+diag=U,openblas,5,2,1,5,32768,167859420,5122.6629638671875,ns,ok,direct,reset-and-arithmetic,a038f25ac66821574b30392dc1d3b189cc287e2c,true,OpenBLAS 0.3.32 NO_LAPACKE DYNAMIC_ARCH NO_AFFINITY Haswell MAX_THREADS=128; compiler=15.2.0,1,3,200000000,trmm-v1+17x64+triangular+side=R+uplo=L+transA=N+diag=U,policy-v1,policy,vendor-cblas-v1,vendor-calibrated-v1,50000000,1,1,monotonic-batch
4,gemm-tile+4x4x32+uniform+physical=4x4+work=gemm-add-v1+leftLayout=depth-rows-v1+rightLayout=depth-columns-v1+leftGroup=4+rightGroup=4+leftStride=4+rightStride=4+padding=zero+alignment=8+block=4x4x32+panel=32+diagonal=0+rhs=0+batch=1+variant=current-tile-v1+timing=raw-tile,openblas,5,2,1,1,262144,199637049,761.55490493774414,ns,ok,partial,vendor-arithmetic,a038f25ac66821574b30392dc1d3b189cc287e2c,true,OpenBLAS 0.3.32 NO_LAPACKE DYNAMIC_ARCH NO_AFFINITY Haswell MAX_THREADS=128; compiler=15.2.0,1,3,200000000,gemm-add-v1+4x4x32+uniform,vendor-column-major-v1,calls=1;leftDoubles=128;rightDoubles=128;outputDoubles=16;resetDoubles=16;triangleDoubles=0,vendor-cblas-v1,vendor-calibrated-v1,50000000,1,1,monotonic-batch
4,gemm-tile+4x4x32+uniform+physical=4x4+work=gemm-add-v1+leftLayout=depth-rows-v1+rightLayout=depth-columns-v1+leftGroup=4+rightGroup=4+leftStride=4+rightStride=4+padding=zero+alignment=8+block=4x4x32+panel=32+diagonal=0+rhs=0+batch=1+variant=current-tile-v1+timing=raw-tile,openblas,5,2,1,2,262144,186371411,710.95051193237305,ns,ok,partial,vendor-arithmetic,a038f25ac66821574b30392dc1d3b189cc287e2c,true,OpenBLAS 0.3.32 NO_LAPACKE DYNAMIC_ARCH NO_AFFINITY Haswell MAX_THREADS=128; compiler=15.2.0,1,3,200000000,gemm-add-v1+4x4x32+uniform,vendor-column-major-v1,calls=1;leftDoubles=128;rightDoubles=128;outputDoubles=16;resetDoubles=16;triangleDoubles=0,vendor-cblas-v1,vendor-calibrated-v1,50000000,1,1,monotonic-batch
4,gemm-tile+4x4x32+uniform+physical=4x4+work=gemm-add-v1+leftLayout=depth-rows-v1+rightLayout=depth-columns-v1+leftGroup=4+rightGroup=4+leftStride=4+rightStride=4+padding=zero+alignment=8+block=4x4x32+panel=32+diagonal=0+rhs=0+batch=1+variant=current-tile-v1+timing=raw-tile,openblas,5,2,1,3,262144,217264377,828.79782485961914,ns,ok,partial,vendor-arithmetic,a038f25ac66821574b30392dc1d3b189cc287e2c,true,OpenBLAS 0.3.32 NO_LAPACKE DYNAMIC_ARCH NO_AFFINITY Haswell MAX_THREADS=128; compiler=15.2.0,1,3,200000000,gemm-add-v1+4x4x32+uniform,vendor-column-major-v1,calls=1;leftDoubles=128;rightDoubles=128;outputDoubles=16;resetDoubles=16;triangleDoubles=0,vendor-cblas-v1,vendor-calibrated-v1,50000000,1,1,monotonic-batch
4,gemm-tile+4x4x32+uniform+physical=4x4+work=gemm-add-v1+leftLayout=depth-rows-v1+rightLayout=depth-columns-v1+leftGroup=4+rightGroup=4+leftStride=4+rightStride=4+padding=zero+alignment=8+block=4x4x32+panel=32+diagonal=0+rhs=0+batch=1+variant=current-tile-v1+timing=raw-tile,openblas,5,2,1,4,262144,262290958,1000.5606002807617,ns,ok,partial,vendor-arithmetic,a038f25ac66821574b30392dc1d3b189cc287e2c,true,OpenBLAS 0.3.32 NO_LAPACKE DYNAMIC_ARCH NO_AFFINITY Haswell MAX_THREADS=128; compiler=15.2.0,1,3,200000000,gemm-add-v1+4x4x32+uniform,vendor-column-major-v1,calls=1;leftDoubles=128;rightDoubles=128;outputDoubles=16;resetDoubles=16;triangleDoubles=0,vendor-cblas-v1,vendor-calibrated-v1,50000000,1,1,monotonic-batch
4,gemm-tile+4x4x32+uniform+physical=4x4+work=gemm-add-v1+leftLayout=depth-rows-v1+rightLayout=depth-columns-v1+leftGroup=4+rightGroup=4+leftStride=4+rightStride=4+padding=zero+alignment=8+block=4x4x32+panel=32+diagonal=0+rhs=0+batch=1+variant=current-tile-v1+timing=raw-tile,openblas,5,2,1,5,262144,170252855,649.46310043334961,ns,ok,partial,vendor-arithmetic,a038f25ac66821574b30392dc1d3b189cc287e2c,true,OpenBLAS 0.3.32 NO_LAPACKE DYNAMIC_ARCH NO_AFFINITY Haswell MAX_THREADS=128; compiler=15.2.0,1,3,200000000,gemm-add-v1+4x4x32+uniform,vendor-column-major-v1,calls=1;leftDoubles=128;rightDoubles=128;outputDoubles=16;resetDoubles=16;triangleDoubles=0,vendor-cblas-v1,vendor-calibrated-v1,50000000,1,1,monotonic-batch
4,gemm-tile+3x2x31+uniform+physical=4x4+work=gemm-add-v1+leftLayout=depth-rows-v1+rightLayout=depth-columns-v1+leftGroup=4+rightGroup=4+leftStride=4+rightStride=4+padding=zero+alignment=8+block=3x2x31+panel=31+diagonal=0+rhs=0+batch=1+variant=current-tile-v1+timing=raw-tile,openblas,5,2,1,1,262144,175368389,668.97731399536133,ns,ok,partial,vendor-arithmetic,a038f25ac66821574b30392dc1d3b189cc287e2c,true,OpenBLAS 0.3.32 NO_LAPACKE DYNAMIC_ARCH NO_AFFINITY Haswell MAX_THREADS=128; compiler=15.2.0,1,3,200000000,gemm-add-v1+3x2x31+uniform,vendor-column-major-v1,calls=1;leftDoubles=93;rightDoubles=62;outputDoubles=6;resetDoubles=6;triangleDoubles=0,vendor-cblas-v1,vendor-calibrated-v1,50000000,1,1,monotonic-batch
4,gemm-tile+3x2x31+uniform+physical=4x4+work=gemm-add-v1+leftLayout=depth-rows-v1+rightLayout=depth-columns-v1+leftGroup=4+rightGroup=4+leftStride=4+rightStride=4+padding=zero+alignment=8+block=3x2x31+panel=31+diagonal=0+rhs=0+batch=1+variant=current-tile-v1+timing=raw-tile,openblas,5,2,1,2,262144,201848527,769.99102401733398,ns,ok,partial,vendor-arithmetic,a038f25ac66821574b30392dc1d3b189cc287e2c,true,OpenBLAS 0.3.32 NO_LAPACKE DYNAMIC_ARCH NO_AFFINITY Haswell MAX_THREADS=128; compiler=15.2.0,1,3,200000000,gemm-add-v1+3x2x31+uniform,vendor-column-major-v1,calls=1;leftDoubles=93;rightDoubles=62;outputDoubles=6;resetDoubles=6;triangleDoubles=0,vendor-cblas-v1,vendor-calibrated-v1,50000000,1,1,monotonic-batch
4,gemm-tile+3x2x31+uniform+physical=4x4+work=gemm-add-v1+leftLayout=depth-rows-v1+rightLayout=depth-columns-v1+leftGroup=4+rightGroup=4+leftStride=4+rightStride=4+padding=zero+alignment=8+block=3x2x31+panel=31+diagonal=0+rhs=0+batch=1+variant=current-tile-v1+timing=raw-tile,openblas,5,2,1,3,262144,170931942,652.05361175537109,ns,ok,partial,vendor-arithmetic,a038f25ac66821574b30392dc1d3b189cc287e2c,true,OpenBLAS 0.3.32 NO_LAPACKE DYNAMIC_ARCH NO_AFFINITY Haswell MAX_THREADS=128; compiler=15.2.0,1,3,200000000,gemm-add-v1+3x2x31+uniform,vendor-column-major-v1,calls=1;leftDoubles=93;rightDoubles=62;outputDoubles=6;resetDoubles=6;triangleDoubles=0,vendor-cblas-v1,vendor-calibrated-v1,50000000,1,1,monotonic-batch
4,gemm-tile+3x2x31+uniform+physical=4x4+work=gemm-add-v1+leftLayout=depth-rows-v1+rightLayout=depth-columns-v1+leftGroup=4+rightGroup=4+leftStride=4+rightStride=4+padding=zero+alignment=8+block=3x2x31+panel=31+diagonal=0+rhs=0+batch=1+variant=current-tile-v1+timing=raw-tile,openblas,5,2,1,4,262144,178048455,679.20095443725586,ns,ok,partial,vendor-arithmetic,a038f25ac66821574b30392dc1d3b189cc287e2c,true,OpenBLAS 0.3.32 NO_LAPACKE DYNAMIC_ARCH NO_AFFINITY Haswell MAX_THREADS=128; compiler=15.2.0,1,3,200000000,gemm-add-v1+3x2x31+uniform,vendor-column-major-v1,calls=1;leftDoubles=93;rightDoubles=62;outputDoubles=6;resetDoubles=6;triangleDoubles=0,vendor-cblas-v1,vendor-calibrated-v1,50000000,1,1,monotonic-batch
4,gemm-tile+3x2x31+uniform+physical=4x4+work=gemm-add-v1+leftLayout=depth-rows-v1+rightLayout=depth-columns-v1+leftGroup=4+rightGroup=4+leftStride=4+rightStride=4+padding=zero+alignment=8+block=3x2x31+panel=31+diagonal=0+rhs=0+batch=1+variant=current-tile-v1+timing=raw-tile,openblas,5,2,1,5,262144,180942135,690.23946762084961,ns,ok,partial,vendor-arithmetic,a038f25ac66821574b30392dc1d3b189cc287e2c,true,OpenBLAS 0.3.32 NO_LAPACKE DYNAMIC_ARCH NO_AFFINITY Haswell MAX_THREADS=128; compiler=15.2.0,1,3,200000000,gemm-add-v1+3x2x31+uniform,vendor-column-major-v1,calls=1;leftDoubles=93;rightDoubles=62;outputDoubles=6;resetDoubles=6;triangleDoubles=0,vendor-cblas-v1,vendor-calibrated-v1,50000000,1,1,monotonic-batch
4,packed-trsm+4x4+triangular+physical=4x4+uplo=L+diag=N+work=right-solve-v1+leftLayout=depth-rows-v1+rightLayout=depth-columns-v1+leftGroup=4+rightGroup=4+leftStride=4+rightStride=4+padding=zero+alignment=8+block=4x4x4+panel=4+diagonal=4+rhs=4+batch=1+variant=current-tile-v1+timing=raw-tile,openblas,5,2,1,1,262144,170506560,650.430908203125,ns,ok,partial,vendor-arithmetic,a038f25ac66821574b30392dc1d3b189cc287e2c,true,OpenBLAS 0.3.32 NO_LAPACKE DYNAMIC_ARCH NO_AFFINITY Haswell MAX_THREADS=128; compiler=15.2.0,1,3,200000000,right-solve-v1+4x4+triangular+uplo=L+diag=N,vendor-column-major-v1,calls=1;leftDoubles=0;rightDoubles=0;outputDoubles=16;resetDoubles=16;triangleDoubles=16,vendor-cblas-v1,vendor-calibrated-v1,50000000,1,1,monotonic-batch
4,packed-trsm+4x4+triangular+physical=4x4+uplo=L+diag=N+work=right-solve-v1+leftLayout=depth-rows-v1+rightLayout=depth-columns-v1+leftGroup=4+rightGroup=4+leftStride=4+rightStride=4+padding=zero+alignment=8+block=4x4x4+panel=4+diagonal=4+rhs=4+batch=1+variant=current-tile-v1+timing=raw-tile,openblas,5,2,1,2,262144,168997822,644.67552947998047,ns,ok,partial,vendor-arithmetic,a038f25ac66821574b30392dc1d3b189cc287e2c,true,OpenBLAS 0.3.32 NO_LAPACKE DYNAMIC_ARCH NO_AFFINITY Haswell MAX_THREADS=128; compiler=15.2.0,1,3,200000000,right-solve-v1+4x4+triangular+uplo=L+diag=N,vendor-column-major-v1,calls=1;leftDoubles=0;rightDoubles=0;outputDoubles=16;resetDoubles=16;triangleDoubles=16,vendor-cblas-v1,vendor-calibrated-v1,50000000,1,1,monotonic-batch
4,packed-trsm+4x4+triangular+physical=4x4+uplo=L+diag=N+work=right-solve-v1+leftLayout=depth-rows-v1+rightLayout=depth-columns-v1+leftGroup=4+rightGroup=4+leftStride=4+rightStride=4+padding=zero+alignment=8+block=4x4x4+panel=4+diagonal=4+rhs=4+batch=1+variant=current-tile-v1+timing=raw-tile,openblas,5,2,1,3,262144,210363958,802.47481536865234,ns,ok,partial,vendor-arithmetic,a038f25ac66821574b30392dc1d3b189cc287e2c,true,OpenBLAS 0.3.32 NO_LAPACKE DYNAMIC_ARCH NO_AFFINITY Haswell MAX_THREADS=128; compiler=15.2.0,1,3,200000000,right-solve-v1+4x4+triangular+uplo=L+diag=N,vendor-column-major-v1,calls=1;leftDoubles=0;rightDoubles=0;outputDoubles=16;resetDoubles=16;triangleDoubles=16,vendor-cblas-v1,vendor-calibrated-v1,50000000,1,1,monotonic-batch
4,packed-trsm+4x4+triangular+physical=4x4+uplo=L+diag=N+work=right-solve-v1+leftLayout=depth-rows-v1+rightLayout=depth-columns-v1+leftGroup=4+rightGroup=4+leftStride=4+rightStride=4+padding=zero+alignment=8+block=4x4x4+panel=4+diagonal=4+rhs=4+batch=1+variant=current-tile-v1+timing=raw-tile,openblas,5,2,1,4,262144,314623041,1200.1916542053223,ns,ok,partial,vendor-arithmetic,a038f25ac66821574b30392dc1d3b189cc287e2c,true,OpenBLAS 0.3.32 NO_LAPACKE DYNAMIC_ARCH NO_AFFINITY Haswell MAX_THREADS=128; compiler=15.2.0,1,3,200000000,right-solve-v1+4x4+triangular+uplo=L+diag=N,vendor-column-major-v1,calls=1;leftDoubles=0;rightDoubles=0;outputDoubles=16;resetDoubles=16;triangleDoubles=16,vendor-cblas-v1,vendor-calibrated-v1,50000000,1,1,monotonic-batch
4,packed-trsm+4x4+triangular+physical=4x4+uplo=L+diag=N+work=right-solve-v1+leftLayout=depth-rows-v1+rightLayout=depth-columns-v1+leftGroup=4+rightGroup=4+leftStride=4+rightStride=4+padding=zero+alignment=8+block=4x4x4+panel=4+diagonal=4+rhs=4+batch=1+variant=current-tile-v1+timing=raw-tile,openblas,5,2,1,5,262144,340632751,1299.4108238220215,ns,ok,partial,vendor-arithmetic,a038f25ac66821574b30392dc1d3b189cc287e2c,true,OpenBLAS 0.3.32 NO_LAPACKE DYNAMIC_ARCH NO_AFFINITY Haswell MAX_THREADS=128; compiler=15.2.0,1,3,200000000,right-solve-v1+4x4+triangular+uplo=L+diag=N,vendor-column-major-v1,calls=1;leftDoubles=0;rightDoubles=0;outputDoubles=16;resetDoubles=16;triangleDoubles=16,vendor-cblas-v1,vendor-calibrated-v1,50000000,1,1,monotonic-batch
4,packed-trsm+3x2+triangular+physical=4x4+uplo=U+diag=U+work=right-solve-v1+leftLayout=depth-rows-v1+rightLayout=depth-columns-v1+leftGroup=4+rightGroup=4+leftStride=4+rightStride=4+padding=zero+alignment=8+block=3x2x2+panel=2+diagonal=2+rhs=3+batch=1+variant=current-tile-v1+timing=raw-tile,openblas,5,2,1,1,131072,119463459,911.43386077880859,ns,ok,partial,vendor-arithmetic,a038f25ac66821574b30392dc1d3b189cc287e2c,true,OpenBLAS 0.3.32 NO_LAPACKE DYNAMIC_ARCH NO_AFFINITY Haswell MAX_THREADS=128; compiler=15.2.0,1,3,200000000,right-solve-v1+3x2+triangular+uplo=U+diag=U,vendor-column-major-v1,calls=1;leftDoubles=0;rightDoubles=0;outputDoubles=6;resetDoubles=6;triangleDoubles=4,vendor-cblas-v1,vendor-calibrated-v1,50000000,1,1,monotonic-batch
4,packed-trsm+3x2+triangular+physical=4x4+uplo=U+diag=U+work=right-solve-v1+leftLayout=depth-rows-v1+rightLayout=depth-columns-v1+leftGroup=4+rightGroup=4+leftStride=4+rightStride=4+padding=zero+alignment=8+block=3x2x2+panel=2+diagonal=2+rhs=3+batch=1+variant=current-tile-v1+timing=raw-tile,openblas,5,2,1,2,131072,111234039,848.64836883544922,ns,ok,partial,vendor-arithmetic,a038f25ac66821574b30392dc1d3b189cc287e2c,true,OpenBLAS 0.3.32 NO_LAPACKE DYNAMIC_ARCH NO_AFFINITY Haswell MAX_THREADS=128; compiler=15.2.0,1,3,200000000,right-solve-v1+3x2+triangular+uplo=U+diag=U,vendor-column-major-v1,calls=1;leftDoubles=0;rightDoubles=0;outputDoubles=6;resetDoubles=6;triangleDoubles=4,vendor-cblas-v1,vendor-calibrated-v1,50000000,1,1,monotonic-batch
4,packed-trsm+3x2+triangular+physical=4x4+uplo=U+diag=U+work=right-solve-v1+leftLayout=depth-rows-v1+rightLayout=depth-columns-v1+leftGroup=4+rightGroup=4+leftStride=4+rightStride=4+padding=zero+alignment=8+block=3x2x2+panel=2+diagonal=2+rhs=3+batch=1+variant=current-tile-v1+timing=raw-tile,openblas,5,2,1,3,131072,118529312,904.306884765625,ns,ok,partial,vendor-arithmetic,a038f25ac66821574b30392dc1d3b189cc287e2c,true,OpenBLAS 0.3.32 NO_LAPACKE DYNAMIC_ARCH NO_AFFINITY Haswell MAX_THREADS=128; compiler=15.2.0,1,3,200000000,right-solve-v1+3x2+triangular+uplo=U+diag=U,vendor-column-major-v1,calls=1;leftDoubles=0;rightDoubles=0;outputDoubles=6;resetDoubles=6;triangleDoubles=4,vendor-cblas-v1,vendor-calibrated-v1,50000000,1,1,monotonic-batch
4,packed-trsm+3x2+triangular+physical=4x4+uplo=U+diag=U+work=right-solve-v1+leftLayout=depth-rows-v1+rightLayout=depth-columns-v1+leftGroup=4+rightGroup=4+leftStride=4+rightStride=4+padding=zero+alignment=8+block=3x2x2+panel=2+diagonal=2+rhs=3+batch=1+variant=current-tile-v1+timing=raw-tile,openblas,5,2,1,4,131072,118518321,904.22303009033203,ns,ok,partial,vendor-arithmetic,a038f25ac66821574b30392dc1d3b189cc287e2c,true,OpenBLAS 0.3.32 NO_LAPACKE DYNAMIC_ARCH NO_AFFINITY Haswell MAX_THREADS=128; compiler=15.2.0,1,3,200000000,right-solve-v1+3x2+triangular+uplo=U+diag=U,vendor-column-major-v1,calls=1;leftDoubles=0;rightDoubles=0;outputDoubles=6;resetDoubles=6;triangleDoubles=4,vendor-cblas-v1,vendor-calibrated-v1,50000000,1,1,monotonic-batch
4,packed-trsm+3x2+triangular+physical=4x4+uplo=U+diag=U+work=right-solve-v1+leftLayout=depth-rows-v1+rightLayout=depth-columns-v1+leftGroup=4+rightGroup=4+leftStride=4+rightStride=4+padding=zero+alignment=8+block=3x2x2+panel=2+diagonal=2+rhs=3+batch=1+variant=current-tile-v1+timing=raw-tile,openblas,5,2,1,5,131072,123628477,943.21042633056641,ns,ok,partial,vendor-arithmetic,a038f25ac66821574b30392dc1d3b189cc287e2c,true,OpenBLAS 0.3.32 NO_LAPACKE DYNAMIC_ARCH NO_AFFINITY Haswell MAX_THREADS=128; compiler=15.2.0,1,3,200000000,right-solve-v1+3x2+triangular+uplo=U+diag=U,vendor-column-major-v1,calls=1;leftDoubles=0;rightDoubles=0;outputDoubles=6;resetDoubles=6;triangleDoubles=4,vendor-cblas-v1,vendor-calibrated-v1,50000000,1,1,monotonic-batch
4,gemm-trsm+4x4x32+triangular+physical=4x4+uplo=L+diag=N+work=update-solve-v1+leftLayout=depth-rows-v1+rightLayout=depth-columns-v1+leftGroup=4+rightGroup=4+leftStride=4+rightStride=4+padding=zero+alignment=8+block=4x4x32+panel=32+diagonal=4+rhs=4+batch=1+variant=current-tile-v1+timing=raw-tile,openblas,5,2,1,1,131072,90934503,693.77519989013672,ns,ok,composed,vendor-arithmetic,a038f25ac66821574b30392dc1d3b189cc287e2c,true,OpenBLAS 0.3.32 NO_LAPACKE DYNAMIC_ARCH NO_AFFINITY Haswell MAX_THREADS=128; compiler=15.2.0,1,3,200000000,update-solve-v1+4x4x32+triangular+uplo=L+diag=N,vendor-column-major-v1,calls=2;leftDoubles=128;rightDoubles=128;outputDoubles=16;resetDoubles=16;triangleDoubles=16,vendor-cblas-v1,vendor-calibrated-v1,50000000,1,1,monotonic-batch
4,gemm-trsm+4x4x32+triangular+physical=4x4+uplo=L+diag=N+work=update-solve-v1+leftLayout=depth-rows-v1+rightLayout=depth-columns-v1+leftGroup=4+rightGroup=4+leftStride=4+rightStride=4+padding=zero+alignment=8+block=4x4x32+panel=32+diagonal=4+rhs=4+batch=1+variant=current-tile-v1+timing=raw-tile,openblas,5,2,1,2,131072,112213397,856.12027740478516,ns,ok,composed,vendor-arithmetic,a038f25ac66821574b30392dc1d3b189cc287e2c,true,OpenBLAS 0.3.32 NO_LAPACKE DYNAMIC_ARCH NO_AFFINITY Haswell MAX_THREADS=128; compiler=15.2.0,1,3,200000000,update-solve-v1+4x4x32+triangular+uplo=L+diag=N,vendor-column-major-v1,calls=2;leftDoubles=128;rightDoubles=128;outputDoubles=16;resetDoubles=16;triangleDoubles=16,vendor-cblas-v1,vendor-calibrated-v1,50000000,1,1,monotonic-batch
4,gemm-trsm+4x4x32+triangular+physical=4x4+uplo=L+diag=N+work=update-solve-v1+leftLayout=depth-rows-v1+rightLayout=depth-columns-v1+leftGroup=4+rightGroup=4+leftStride=4+rightStride=4+padding=zero+alignment=8+block=4x4x32+panel=32+diagonal=4+rhs=4+batch=1+variant=current-tile-v1+timing=raw-tile,openblas,5,2,1,3,131072,151594804,1156.5765686035156,ns,ok,composed,vendor-arithmetic,a038f25ac66821574b30392dc1d3b189cc287e2c,true,OpenBLAS 0.3.32 NO_LAPACKE DYNAMIC_ARCH NO_AFFINITY Haswell MAX_THREADS=128; compiler=15.2.0,1,3,200000000,update-solve-v1+4x4x32+triangular+uplo=L+diag=N,vendor-column-major-v1,calls=2;leftDoubles=128;rightDoubles=128;outputDoubles=16;resetDoubles=16;triangleDoubles=16,vendor-cblas-v1,vendor-calibrated-v1,50000000,1,1,monotonic-batch
4,gemm-trsm+4x4x32+triangular+physical=4x4+uplo=L+diag=N+work=update-solve-v1+leftLayout=depth-rows-v1+rightLayout=depth-columns-v1+leftGroup=4+rightGroup=4+leftStride=4+rightStride=4+padding=zero+alignment=8+block=4x4x32+panel=32+diagonal=4+rhs=4+batch=1+variant=current-tile-v1+timing=raw-tile,openblas,5,2,1,4,131072,150482077,1148.0871353149414,ns,ok,composed,vendor-arithmetic,a038f25ac66821574b30392dc1d3b189cc287e2c,true,OpenBLAS 0.3.32 NO_LAPACKE DYNAMIC_ARCH NO_AFFINITY Haswell MAX_THREADS=128; compiler=15.2.0,1,3,200000000,update-solve-v1+4x4x32+triangular+uplo=L+diag=N,vendor-column-major-v1,calls=2;leftDoubles=128;rightDoubles=128;outputDoubles=16;resetDoubles=16;triangleDoubles=16,vendor-cblas-v1,vendor-calibrated-v1,50000000,1,1,monotonic-batch
4,gemm-trsm+4x4x32+triangular+physical=4x4+uplo=L+diag=N+work=update-solve-v1+leftLayout=depth-rows-v1+rightLayout=depth-columns-v1+leftGroup=4+rightGroup=4+leftStride=4+rightStride=4+padding=zero+alignment=8+block=4x4x32+panel=32+diagonal=4+rhs=4+batch=1+variant=current-tile-v1+timing=raw-tile,openblas,5,2,1,5,131072,154951189,1182.1837539672852,ns,ok,composed,vendor-arithmetic,a038f25ac66821574b30392dc1d3b189cc287e2c,true,OpenBLAS 0.3.32 NO_LAPACKE DYNAMIC_ARCH NO_AFFINITY Haswell MAX_THREADS=128; compiler=15.2.0,1,3,200000000,update-solve-v1+4x4x32+triangular+uplo=L+diag=N,vendor-column-major-v1,calls=2;leftDoubles=128;rightDoubles=128;outputDoubles=16;resetDoubles=16;triangleDoubles=16,vendor-cblas-v1,vendor-calibrated-v1,50000000,1,1,monotonic-batch
4,gemm-trsm+3x2x31+triangular+physical=4x4+uplo=U+diag=U+work=update-solve-v1+leftLayout=depth-rows-v1+rightLayout=depth-columns-v1+leftGroup=4+rightGroup=4+leftStride=4+rightStride=4+padding=zero+alignment=8+block=3x2x31+panel=31+diagonal=2+rhs=3+batch=1+variant=current-tile-v1+timing=raw-tile,openblas,5,2,1,1,131072,91873259,700.93733978271484,ns,ok,composed,vendor-arithmetic,a038f25ac66821574b30392dc1d3b189cc287e2c,true,OpenBLAS 0.3.32 NO_LAPACKE DYNAMIC_ARCH NO_AFFINITY Haswell MAX_THREADS=128; compiler=15.2.0,1,3,200000000,update-solve-v1+3x2x31+triangular+uplo=U+diag=U,vendor-column-major-v1,calls=2;leftDoubles=93;rightDoubles=62;outputDoubles=6;resetDoubles=6;triangleDoubles=4,vendor-cblas-v1,vendor-calibrated-v1,50000000,1,1,monotonic-batch
4,gemm-trsm+3x2x31+triangular+physical=4x4+uplo=U+diag=U+work=update-solve-v1+leftLayout=depth-rows-v1+rightLayout=depth-columns-v1+leftGroup=4+rightGroup=4+leftStride=4+rightStride=4+padding=zero+alignment=8+block=3x2x31+panel=31+diagonal=2+rhs=3+batch=1+variant=current-tile-v1+timing=raw-tile,openblas,5,2,1,2,131072,103520007,789.79497528076172,ns,ok,composed,vendor-arithmetic,a038f25ac66821574b30392dc1d3b189cc287e2c,true,OpenBLAS 0.3.32 NO_LAPACKE DYNAMIC_ARCH NO_AFFINITY Haswell MAX_THREADS=128; compiler=15.2.0,1,3,200000000,update-solve-v1+3x2x31+triangular+uplo=U+diag=U,vendor-column-major-v1,calls=2;leftDoubles=93;rightDoubles=62;outputDoubles=6;resetDoubles=6;triangleDoubles=4,vendor-cblas-v1,vendor-calibrated-v1,50000000,1,1,monotonic-batch
4,gemm-trsm+3x2x31+triangular+physical=4x4+uplo=U+diag=U+work=update-solve-v1+leftLayout=depth-rows-v1+rightLayout=depth-columns-v1+leftGroup=4+rightGroup=4+leftStride=4+rightStride=4+padding=zero+alignment=8+block=3x2x31+panel=31+diagonal=2+rhs=3+batch=1+variant=current-tile-v1+timing=raw-tile,openblas,5,2,1,3,131072,81653704,622.96832275390625,ns,ok,composed,vendor-arithmetic,a038f25ac66821574b30392dc1d3b189cc287e2c,true,OpenBLAS 0.3.32 NO_LAPACKE DYNAMIC_ARCH NO_AFFINITY Haswell MAX_THREADS=128; compiler=15.2.0,1,3,200000000,update-solve-v1+3x2x31+triangular+uplo=U+diag=U,vendor-column-major-v1,calls=2;leftDoubles=93;rightDoubles=62;outputDoubles=6;resetDoubles=6;triangleDoubles=4,vendor-cblas-v1,vendor-calibrated-v1,50000000,1,1,monotonic-batch
4,gemm-trsm+3x2x31+triangular+physical=4x4+uplo=U+diag=U+work=update-solve-v1+leftLayout=depth-rows-v1+rightLayout=depth-columns-v1+leftGroup=4+rightGroup=4+leftStride=4+rightStride=4+padding=zero+alignment=8+block=3x2x31+panel=31+diagonal=2+rhs=3+batch=1+variant=current-tile-v1+timing=raw-tile,openblas,5,2,1,4,131072,86339845,658.72074127197266,ns,ok,composed,vendor-arithmetic,a038f25ac66821574b30392dc1d3b189cc287e2c,true,OpenBLAS 0.3.32 NO_LAPACKE DYNAMIC_ARCH NO_AFFINITY Haswell MAX_THREADS=128; compiler=15.2.0,1,3,200000000,update-solve-v1+3x2x31+triangular+uplo=U+diag=U,vendor-column-major-v1,calls=2;leftDoubles=93;rightDoubles=62;outputDoubles=6;resetDoubles=6;triangleDoubles=4,vendor-cblas-v1,vendor-calibrated-v1,50000000,1,1,monotonic-batch
4,gemm-trsm+3x2x31+triangular+physical=4x4+uplo=U+diag=U+work=update-solve-v1+leftLayout=depth-rows-v1+rightLayout=depth-columns-v1+leftGroup=4+rightGroup=4+leftStride=4+rightStride=4+padding=zero+alignment=8+block=3x2x31+panel=31+diagonal=2+rhs=3+batch=1+variant=current-tile-v1+timing=raw-tile,openblas,5,2,1,5,131072,101441873,773.94007110595703,ns,ok,composed,vendor-arithmetic,a038f25ac66821574b30392dc1d3b189cc287e2c,true,OpenBLAS 0.3.32 NO_LAPACKE DYNAMIC_ARCH NO_AFFINITY Haswell MAX_THREADS=128; compiler=15.2.0,1,3,200000000,update-solve-v1+3x2x31+triangular+uplo=U+diag=U,vendor-column-major-v1,calls=2;leftDoubles=93;rightDoubles=62;outputDoubles=6;resetDoubles=6;triangleDoubles=4,vendor-cblas-v1,vendor-calibrated-v1,50000000,1,1,monotonic-batch
4,gemm-tile+8x4x32+uniform+physical=8x4+work=gemm-add-v1+leftLayout=depth-rows-v1+rightLayout=depth-columns-v1+leftGroup=8+rightGroup=4+leftStride=8+rightStride=4+padding=zero+alignment=8+block=8x4x32+panel=32+diagonal=0+rhs=0+batch=1+variant=current-tile-v1+timing=raw-tile,openblas,5,2,1,1,131072,99581777,759.74866485595703,ns,ok,partial,vendor-arithmetic,a038f25ac66821574b30392dc1d3b189cc287e2c,true,OpenBLAS 0.3.32 NO_LAPACKE DYNAMIC_ARCH NO_AFFINITY Haswell MAX_THREADS=128; compiler=15.2.0,1,3,200000000,gemm-add-v1+8x4x32+uniform,vendor-column-major-v1,calls=1;leftDoubles=256;rightDoubles=128;outputDoubles=32;resetDoubles=32;triangleDoubles=0,vendor-cblas-v1,vendor-calibrated-v1,50000000,1,1,monotonic-batch
4,gemm-tile+8x4x32+uniform+physical=8x4+work=gemm-add-v1+leftLayout=depth-rows-v1+rightLayout=depth-columns-v1+leftGroup=8+rightGroup=4+leftStride=8+rightStride=4+padding=zero+alignment=8+block=8x4x32+panel=32+diagonal=0+rhs=0+batch=1+variant=current-tile-v1+timing=raw-tile,openblas,5,2,1,2,131072,100834750,769.30809020996094,ns,ok,partial,vendor-arithmetic,a038f25ac66821574b30392dc1d3b189cc287e2c,true,OpenBLAS 0.3.32 NO_LAPACKE DYNAMIC_ARCH NO_AFFINITY Haswell MAX_THREADS=128; compiler=15.2.0,1,3,200000000,gemm-add-v1+8x4x32+uniform,vendor-column-major-v1,calls=1;leftDoubles=256;rightDoubles=128;outputDoubles=32;resetDoubles=32;triangleDoubles=0,vendor-cblas-v1,vendor-calibrated-v1,50000000,1,1,monotonic-batch
4,gemm-tile+8x4x32+uniform+physical=8x4+work=gemm-add-v1+leftLayout=depth-rows-v1+rightLayout=depth-columns-v1+leftGroup=8+rightGroup=4+leftStride=8+rightStride=4+padding=zero+alignment=8+block=8x4x32+panel=32+diagonal=0+rhs=0+batch=1+variant=current-tile-v1+timing=raw-tile,openblas,5,2,1,3,131072,97952745,747.32013702392578,ns,ok,partial,vendor-arithmetic,a038f25ac66821574b30392dc1d3b189cc287e2c,true,OpenBLAS 0.3.32 NO_LAPACKE DYNAMIC_ARCH NO_AFFINITY Haswell MAX_THREADS=128; compiler=15.2.0,1,3,200000000,gemm-add-v1+8x4x32+uniform,vendor-column-major-v1,calls=1;leftDoubles=256;rightDoubles=128;outputDoubles=32;resetDoubles=32;triangleDoubles=0,vendor-cblas-v1,vendor-calibrated-v1,50000000,1,1,monotonic-batch
4,gemm-tile+8x4x32+uniform+physical=8x4+work=gemm-add-v1+leftLayout=depth-rows-v1+rightLayout=depth-columns-v1+leftGroup=8+rightGroup=4+leftStride=8+rightStride=4+padding=zero+alignment=8+block=8x4x32+panel=32+diagonal=0+rhs=0+batch=1+variant=current-tile-v1+timing=raw-tile,openblas,5,2,1,4,131072,94602890,721.76277160644531,ns,ok,partial,vendor-arithmetic,a038f25ac66821574b30392dc1d3b189cc287e2c,true,OpenBLAS 0.3.32 NO_LAPACKE DYNAMIC_ARCH NO_AFFINITY Haswell MAX_THREADS=128; compiler=15.2.0,1,3,200000000,gemm-add-v1+8x4x32+uniform,vendor-column-major-v1,calls=1;leftDoubles=256;rightDoubles=128;outputDoubles=32;resetDoubles=32;triangleDoubles=0,vendor-cblas-v1,vendor-calibrated-v1,50000000,1,1,monotonic-batch
4,gemm-tile+8x4x32+uniform+physical=8x4+work=gemm-add-v1+leftLayout=depth-rows-v1+rightLayout=depth-columns-v1+leftGroup=8+rightGroup=4+leftStride=8+rightStride=4+padding=zero+alignment=8+block=8x4x32+panel=32+diagonal=0+rhs=0+batch=1+variant=current-tile-v1+timing=raw-tile,openblas,5,2,1,5,131072,97654871,745.04753875732422,ns,ok,partial,vendor-arithmetic,a038f25ac66821574b30392dc1d3b189cc287e2c,true,OpenBLAS 0.3.32 NO_LAPACKE DYNAMIC_ARCH NO_AFFINITY Haswell MAX_THREADS=128; compiler=15.2.0,1,3,200000000,gemm-add-v1+8x4x32+uniform,vendor-column-major-v1,calls=1;leftDoubles=256;rightDoubles=128;outputDoubles=32;resetDoubles=32;triangleDoubles=0,vendor-cblas-v1,vendor-calibrated-v1,50000000,1,1,monotonic-batch
4,gemm-tile+7x2x31+uniform+physical=8x4+work=gemm-add-v1+leftLayout=depth-rows-v1+rightLayout=depth-columns-v1+leftGroup=8+rightGroup=4+leftStride=8+rightStride=4+padding=zero+alignment=8+block=7x2x31+panel=31+diagonal=0+rhs=0+batch=1+variant=current-tile-v1+timing=raw-tile,openblas,5,2,1,1,262144,228207229,870.5414924621582,ns,ok,partial,vendor-arithmetic,a038f25ac66821574b30392dc1d3b189cc287e2c,true,OpenBLAS 0.3.32 NO_LAPACKE DYNAMIC_ARCH NO_AFFINITY Haswell MAX_THREADS=128; compiler=15.2.0,1,3,200000000,gemm-add-v1+7x2x31+uniform,vendor-column-major-v1,calls=1;leftDoubles=217;rightDoubles=62;outputDoubles=14;resetDoubles=14;triangleDoubles=0,vendor-cblas-v1,vendor-calibrated-v1,50000000,1,1,monotonic-batch
4,gemm-tile+7x2x31+uniform+physical=8x4+work=gemm-add-v1+leftLayout=depth-rows-v1+rightLayout=depth-columns-v1+leftGroup=8+rightGroup=4+leftStride=8+rightStride=4+padding=zero+alignment=8+block=7x2x31+panel=31+diagonal=0+rhs=0+batch=1+variant=current-tile-v1+timing=raw-tile,openblas,5,2,1,2,262144,215771020,823.10111999511719,ns,ok,partial,vendor-arithmetic,a038f25ac66821574b30392dc1d3b189cc287e2c,true,OpenBLAS 0.3.32 NO_LAPACKE DYNAMIC_ARCH NO_AFFINITY Haswell MAX_THREADS=128; compiler=15.2.0,1,3,200000000,gemm-add-v1+7x2x31+uniform,vendor-column-major-v1,calls=1;leftDoubles=217;rightDoubles=62;outputDoubles=14;resetDoubles=14;triangleDoubles=0,vendor-cblas-v1,vendor-calibrated-v1,50000000,1,1,monotonic-batch
4,gemm-tile+7x2x31+uniform+physical=8x4+work=gemm-add-v1+leftLayout=depth-rows-v1+rightLayout=depth-columns-v1+leftGroup=8+rightGroup=4+leftStride=8+rightStride=4+padding=zero+alignment=8+block=7x2x31+panel=31+diagonal=0+rhs=0+batch=1+variant=current-tile-v1+timing=raw-tile,openblas,5,2,1,3,262144,204154821,778.78883743286133,ns,ok,partial,vendor-arithmetic,a038f25ac66821574b30392dc1d3b189cc287e2c,true,OpenBLAS 0.3.32 NO_LAPACKE DYNAMIC_ARCH NO_AFFINITY Haswell MAX_THREADS=128; compiler=15.2.0,1,3,200000000,gemm-add-v1+7x2x31+uniform,vendor-column-major-v1,calls=1;leftDoubles=217;rightDoubles=62;outputDoubles=14;resetDoubles=14;triangleDoubles=0,vendor-cblas-v1,vendor-calibrated-v1,50000000,1,1,monotonic-batch
4,gemm-tile+7x2x31+uniform+physical=8x4+work=gemm-add-v1+leftLayout=depth-rows-v1+rightLayout=depth-columns-v1+leftGroup=8+rightGroup=4+leftStride=8+rightStride=4+padding=zero+alignment=8+block=7x2x31+panel=31+diagonal=0+rhs=0+batch=1+variant=current-tile-v1+timing=raw-tile,openblas,5,2,1,4,262144,205981757,785.7580451965332,ns,ok,partial,vendor-arithmetic,a038f25ac66821574b30392dc1d3b189cc287e2c,true,OpenBLAS 0.3.32 NO_LAPACKE DYNAMIC_ARCH NO_AFFINITY Haswell MAX_THREADS=128; compiler=15.2.0,1,3,200000000,gemm-add-v1+7x2x31+uniform,vendor-column-major-v1,calls=1;leftDoubles=217;rightDoubles=62;outputDoubles=14;resetDoubles=14;triangleDoubles=0,vendor-cblas-v1,vendor-calibrated-v1,50000000,1,1,monotonic-batch
4,gemm-tile+7x2x31+uniform+physical=8x4+work=gemm-add-v1+leftLayout=depth-rows-v1+rightLayout=depth-columns-v1+leftGroup=8+rightGroup=4+leftStride=8+rightStride=4+padding=zero+alignment=8+block=7x2x31+panel=31+diagonal=0+rhs=0+batch=1+variant=current-tile-v1+timing=raw-tile,openblas,5,2,1,5,262144,196242877,748.6071662902832,ns,ok,partial,vendor-arithmetic,a038f25ac66821574b30392dc1d3b189cc287e2c,true,OpenBLAS 0.3.32 NO_LAPACKE DYNAMIC_ARCH NO_AFFINITY Haswell MAX_THREADS=128; compiler=15.2.0,1,3,200000000,gemm-add-v1+7x2x31+uniform,vendor-column-major-v1,calls=1;leftDoubles=217;rightDoubles=62;outputDoubles=14;resetDoubles=14;triangleDoubles=0,vendor-cblas-v1,vendor-calibrated-v1,50000000,1,1,monotonic-batch
4,packed-trsm+8x4+triangular+physical=8x4+uplo=L+diag=N+work=right-solve-v1+leftLayout=depth-rows-v1+rightLayout=depth-columns-v1+leftGroup=8+rightGroup=4+leftStride=8+rightStride=4+padding=zero+alignment=8+block=8x4x4+panel=4+diagonal=4+rhs=8+batch=1+variant=current-tile-v1+timing=raw-tile,openblas,5,2,1,1,262144,129002265,492.10458755493164,ns,ok,partial,vendor-arithmetic,a038f25ac66821574b30392dc1d3b189cc287e2c,true,OpenBLAS 0.3.32 NO_LAPACKE DYNAMIC_ARCH NO_AFFINITY Haswell MAX_THREADS=128; compiler=15.2.0,1,3,200000000,right-solve-v1+8x4+triangular+uplo=L+diag=N,vendor-column-major-v1,calls=1;leftDoubles=0;rightDoubles=0;outputDoubles=32;resetDoubles=32;triangleDoubles=16,vendor-cblas-v1,vendor-calibrated-v1,50000000,1,1,monotonic-batch
4,packed-trsm+8x4+triangular+physical=8x4+uplo=L+diag=N+work=right-solve-v1+leftLayout=depth-rows-v1+rightLayout=depth-columns-v1+leftGroup=8+rightGroup=4+leftStride=8+rightStride=4+padding=zero+alignment=8+block=8x4x4+panel=4+diagonal=4+rhs=8+batch=1+variant=current-tile-v1+timing=raw-tile,openblas,5,2,1,2,262144,148786399,567.57506942749023,ns,ok,partial,vendor-arithmetic,a038f25ac66821574b30392dc1d3b189cc287e2c,true,OpenBLAS 0.3.32 NO_LAPACKE DYNAMIC_ARCH NO_AFFINITY Haswell MAX_THREADS=128; compiler=15.2.0,1,3,200000000,right-solve-v1+8x4+triangular+uplo=L+diag=N,vendor-column-major-v1,calls=1;leftDoubles=0;rightDoubles=0;outputDoubles=32;resetDoubles=32;triangleDoubles=16,vendor-cblas-v1,vendor-calibrated-v1,50000000,1,1,monotonic-batch
4,packed-trsm+8x4+triangular+physical=8x4+uplo=L+diag=N+work=right-solve-v1+leftLayout=depth-rows-v1+rightLayout=depth-columns-v1+leftGroup=8+rightGroup=4+leftStride=8+rightStride=4+padding=zero+alignment=8+block=8x4x4+panel=4+diagonal=4+rhs=8+batch=1+variant=current-tile-v1+timing=raw-tile,openblas,5,2,1,3,262144,150329362,573.46100616455078,ns,ok,partial,vendor-arithmetic,a038f25ac66821574b30392dc1d3b189cc287e2c,true,OpenBLAS 0.3.32 NO_LAPACKE DYNAMIC_ARCH NO_AFFINITY Haswell MAX_THREADS=128; compiler=15.2.0,1,3,200000000,right-solve-v1+8x4+triangular+uplo=L+diag=N,vendor-column-major-v1,calls=1;leftDoubles=0;rightDoubles=0;outputDoubles=32;resetDoubles=32;triangleDoubles=16,vendor-cblas-v1,vendor-calibrated-v1,50000000,1,1,monotonic-batch
4,packed-trsm+8x4+triangular+physical=8x4+uplo=L+diag=N+work=right-solve-v1+leftLayout=depth-rows-v1+rightLayout=depth-columns-v1+leftGroup=8+rightGroup=4+leftStride=8+rightStride=4+padding=zero+alignment=8+block=8x4x4+panel=4+diagonal=4+rhs=8+batch=1+variant=current-tile-v1+timing=raw-tile,openblas,5,2,1,4,262144,200367682,764.34204864501953,ns,ok,partial,vendor-arithmetic,a038f25ac66821574b30392dc1d3b189cc287e2c,true,OpenBLAS 0.3.32 NO_LAPACKE DYNAMIC_ARCH NO_AFFINITY Haswell MAX_THREADS=128; compiler=15.2.0,1,3,200000000,right-solve-v1+8x4+triangular+uplo=L+diag=N,vendor-column-major-v1,calls=1;leftDoubles=0;rightDoubles=0;outputDoubles=32;resetDoubles=32;triangleDoubles=16,vendor-cblas-v1,vendor-calibrated-v1,50000000,1,1,monotonic-batch
4,packed-trsm+8x4+triangular+physical=8x4+uplo=L+diag=N+work=right-solve-v1+leftLayout=depth-rows-v1+rightLayout=depth-columns-v1+leftGroup=8+rightGroup=4+leftStride=8+rightStride=4+padding=zero+alignment=8+block=8x4x4+panel=4+diagonal=4+rhs=8+batch=1+variant=current-tile-v1+timing=raw-tile,openblas,5,2,1,5,262144,184138100,702.43110656738281,ns,ok,partial,vendor-arithmetic,a038f25ac66821574b30392dc1d3b189cc287e2c,true,OpenBLAS 0.3.32 NO_LAPACKE DYNAMIC_ARCH NO_AFFINITY Haswell MAX_THREADS=128; compiler=15.2.0,1,3,200000000,right-solve-v1+8x4+triangular+uplo=L+diag=N,vendor-column-major-v1,calls=1;leftDoubles=0;rightDoubles=0;outputDoubles=32;resetDoubles=32;triangleDoubles=16,vendor-cblas-v1,vendor-calibrated-v1,50000000,1,1,monotonic-batch
4,packed-trsm+7x2+triangular+physical=8x4+uplo=U+diag=U+work=right-solve-v1+leftLayout=depth-rows-v1+rightLayout=depth-columns-v1+leftGroup=8+rightGroup=4+leftStride=8+rightStride=4+padding=zero+alignment=8+block=7x2x2+panel=2+diagonal=2+rhs=7+batch=1+variant=current-tile-v1+timing=raw-tile,openblas,5,2,1,1,262144,135980191,518.72326278686523,ns,ok,partial,vendor-arithmetic,a038f25ac66821574b30392dc1d3b189cc287e2c,true,OpenBLAS 0.3.32 NO_LAPACKE DYNAMIC_ARCH NO_AFFINITY Haswell MAX_THREADS=128; compiler=15.2.0,1,3,200000000,right-solve-v1+7x2+triangular+uplo=U+diag=U,vendor-column-major-v1,calls=1;leftDoubles=0;rightDoubles=0;outputDoubles=14;resetDoubles=14;triangleDoubles=4,vendor-cblas-v1,vendor-calibrated-v1,50000000,1,1,monotonic-batch
4,packed-trsm+7x2+triangular+physical=8x4+uplo=U+diag=U+work=right-solve-v1+leftLayout=depth-rows-v1+rightLayout=depth-columns-v1+leftGroup=8+rightGroup=4+leftStride=8+rightStride=4+padding=zero+alignment=8+block=7x2x2+panel=2+diagonal=2+rhs=7+batch=1+variant=current-tile-v1+timing=raw-tile,openblas,5,2,1,2,262144,140441164,535.74052429199219,ns,ok,partial,vendor-arithmetic,a038f25ac66821574b30392dc1d3b189cc287e2c,true,OpenBLAS 0.3.32 NO_LAPACKE DYNAMIC_ARCH NO_AFFINITY Haswell MAX_THREADS=128; compiler=15.2.0,1,3,200000000,right-solve-v1+7x2+triangular+uplo=U+diag=U,vendor-column-major-v1,calls=1;leftDoubles=0;rightDoubles=0;outputDoubles=14;resetDoubles=14;triangleDoubles=4,vendor-cblas-v1,vendor-calibrated-v1,50000000,1,1,monotonic-batch
4,packed-trsm+7x2+triangular+physical=8x4+uplo=U+diag=U+work=right-solve-v1+leftLayout=depth-rows-v1+rightLayout=depth-columns-v1+leftGroup=8+rightGroup=4+leftStride=8+rightStride=4+padding=zero+alignment=8+block=7x2x2+panel=2+diagonal=2+rhs=7+batch=1+variant=current-tile-v1+timing=raw-tile,openblas,5,2,1,3,262144,162742549,620.81355667114258,ns,ok,partial,vendor-arithmetic,a038f25ac66821574b30392dc1d3b189cc287e2c,true,OpenBLAS 0.3.32 NO_LAPACKE DYNAMIC_ARCH NO_AFFINITY Haswell MAX_THREADS=128; compiler=15.2.0,1,3,200000000,right-solve-v1+7x2+triangular+uplo=U+diag=U,vendor-column-major-v1,calls=1;leftDoubles=0;rightDoubles=0;outputDoubles=14;resetDoubles=14;triangleDoubles=4,vendor-cblas-v1,vendor-calibrated-v1,50000000,1,1,monotonic-batch
4,packed-trsm+7x2+triangular+physical=8x4+uplo=U+diag=U+work=right-solve-v1+leftLayout=depth-rows-v1+rightLayout=depth-columns-v1+leftGroup=8+rightGroup=4+leftStride=8+rightStride=4+padding=zero+alignment=8+block=7x2x2+panel=2+diagonal=2+rhs=7+batch=1+variant=current-tile-v1+timing=raw-tile,openblas,5,2,1,4,262144,131421001,501.33133316040039,ns,ok,partial,vendor-arithmetic,a038f25ac66821574b30392dc1d3b189cc287e2c,true,OpenBLAS 0.3.32 NO_LAPACKE DYNAMIC_ARCH NO_AFFINITY Haswell MAX_THREADS=128; compiler=15.2.0,1,3,200000000,right-solve-v1+7x2+triangular+uplo=U+diag=U,vendor-column-major-v1,calls=1;leftDoubles=0;rightDoubles=0;outputDoubles=14;resetDoubles=14;triangleDoubles=4,vendor-cblas-v1,vendor-calibrated-v1,50000000,1,1,monotonic-batch
4,packed-trsm+7x2+triangular+physical=8x4+uplo=U+diag=U+work=right-solve-v1+leftLayout=depth-rows-v1+rightLayout=depth-columns-v1+leftGroup=8+rightGroup=4+leftStride=8+rightStride=4+padding=zero+alignment=8+block=7x2x2+panel=2+diagonal=2+rhs=7+batch=1+variant=current-tile-v1+timing=raw-tile,openblas,5,2,1,5,262144,134623221,513.54683303833008,ns,ok,partial,vendor-arithmetic,a038f25ac66821574b30392dc1d3b189cc287e2c,true,OpenBLAS 0.3.32 NO_LAPACKE DYNAMIC_ARCH NO_AFFINITY Haswell MAX_THREADS=128; compiler=15.2.0,1,3,200000000,right-solve-v1+7x2+triangular+uplo=U+diag=U,vendor-column-major-v1,calls=1;leftDoubles=0;rightDoubles=0;outputDoubles=14;resetDoubles=14;triangleDoubles=4,vendor-cblas-v1,vendor-calibrated-v1,50000000,1,1,monotonic-batch
4,gemm-trsm+8x4x32+triangular+physical=8x4+uplo=L+diag=N+work=update-solve-v1+leftLayout=depth-rows-v1+rightLayout=depth-columns-v1+leftGroup=8+rightGroup=4+leftStride=8+rightStride=4+padding=zero+alignment=8+block=8x4x32+panel=32+diagonal=4+rhs=8+batch=1+variant=current-tile-v1+timing=raw-tile,openblas,5,2,1,1,131072,107775303,822.26030731201172,ns,ok,composed,vendor-arithmetic,a038f25ac66821574b30392dc1d3b189cc287e2c,true,OpenBLAS 0.3.32 NO_LAPACKE DYNAMIC_ARCH NO_AFFINITY Haswell MAX_THREADS=128; compiler=15.2.0,1,3,200000000,update-solve-v1+8x4x32+triangular+uplo=L+diag=N,vendor-column-major-v1,calls=2;leftDoubles=256;rightDoubles=128;outputDoubles=32;resetDoubles=32;triangleDoubles=16,vendor-cblas-v1,vendor-calibrated-v1,50000000,1,1,monotonic-batch
4,gemm-trsm+8x4x32+triangular+physical=8x4+uplo=L+diag=N+work=update-solve-v1+leftLayout=depth-rows-v1+rightLayout=depth-columns-v1+leftGroup=8+rightGroup=4+leftStride=8+rightStride=4+padding=zero+alignment=8+block=8x4x32+panel=32+diagonal=4+rhs=8+batch=1+variant=current-tile-v1+timing=raw-tile,openblas,5,2,1,2,131072,114630641,874.56238555908203,ns,ok,composed,vendor-arithmetic,a038f25ac66821574b30392dc1d3b189cc287e2c,true,OpenBLAS 0.3.32 NO_LAPACKE DYNAMIC_ARCH NO_AFFINITY Haswell MAX_THREADS=128; compiler=15.2.0,1,3,200000000,update-solve-v1+8x4x32+triangular+uplo=L+diag=N,vendor-column-major-v1,calls=2;leftDoubles=256;rightDoubles=128;outputDoubles=32;resetDoubles=32;triangleDoubles=16,vendor-cblas-v1,vendor-calibrated-v1,50000000,1,1,monotonic-batch
4,gemm-trsm+8x4x32+triangular+physical=8x4+uplo=L+diag=N+work=update-solve-v1+leftLayout=depth-rows-v1+rightLayout=depth-columns-v1+leftGroup=8+rightGroup=4+leftStride=8+rightStride=4+padding=zero+alignment=8+block=8x4x32+panel=32+diagonal=4+rhs=8+batch=1+variant=current-tile-v1+timing=raw-tile,openblas,5,2,1,3,131072,102257920,780.166015625,ns,ok,composed,vendor-arithmetic,a038f25ac66821574b30392dc1d3b189cc287e2c,true,OpenBLAS 0.3.32 NO_LAPACKE DYNAMIC_ARCH NO_AFFINITY Haswell MAX_THREADS=128; compiler=15.2.0,1,3,200000000,update-solve-v1+8x4x32+triangular+uplo=L+diag=N,vendor-column-major-v1,calls=2;leftDoubles=256;rightDoubles=128;outputDoubles=32;resetDoubles=32;triangleDoubles=16,vendor-cblas-v1,vendor-calibrated-v1,50000000,1,1,monotonic-batch
4,gemm-trsm+8x4x32+triangular+physical=8x4+uplo=L+diag=N+work=update-solve-v1+leftLayout=depth-rows-v1+rightLayout=depth-columns-v1+leftGroup=8+rightGroup=4+leftStride=8+rightStride=4+padding=zero+alignment=8+block=8x4x32+panel=32+diagonal=4+rhs=8+batch=1+variant=current-tile-v1+timing=raw-tile,openblas,5,2,1,4,131072,109442854,834.98271179199219,ns,ok,composed,vendor-arithmetic,a038f25ac66821574b30392dc1d3b189cc287e2c,true,OpenBLAS 0.3.32 NO_LAPACKE DYNAMIC_ARCH NO_AFFINITY Haswell MAX_THREADS=128; compiler=15.2.0,1,3,200000000,update-solve-v1+8x4x32+triangular+uplo=L+diag=N,vendor-column-major-v1,calls=2;leftDoubles=256;rightDoubles=128;outputDoubles=32;resetDoubles=32;triangleDoubles=16,vendor-cblas-v1,vendor-calibrated-v1,50000000,1,1,monotonic-batch
4,gemm-trsm+8x4x32+triangular+physical=8x4+uplo=L+diag=N+work=update-solve-v1+leftLayout=depth-rows-v1+rightLayout=depth-columns-v1+leftGroup=8+rightGroup=4+leftStride=8+rightStride=4+padding=zero+alignment=8+block=8x4x32+panel=32+diagonal=4+rhs=8+batch=1+variant=current-tile-v1+timing=raw-tile,openblas,5,2,1,5,131072,105719507,806.57582855224609,ns,ok,composed,vendor-arithmetic,a038f25ac66821574b30392dc1d3b189cc287e2c,true,OpenBLAS 0.3.32 NO_LAPACKE DYNAMIC_ARCH NO_AFFINITY Haswell MAX_THREADS=128; compiler=15.2.0,1,3,200000000,update-solve-v1+8x4x32+triangular+uplo=L+diag=N,vendor-column-major-v1,calls=2;leftDoubles=256;rightDoubles=128;outputDoubles=32;resetDoubles=32;triangleDoubles=16,vendor-cblas-v1,vendor-calibrated-v1,50000000,1,1,monotonic-batch
4,gemm-trsm+7x2x31+triangular+physical=8x4+uplo=U+diag=U+work=update-solve-v1+leftLayout=depth-rows-v1+rightLayout=depth-columns-v1+leftGroup=8+rightGroup=4+leftStride=8+rightStride=4+padding=zero+alignment=8+block=7x2x31+panel=31+diagonal=2+rhs=7+batch=1+variant=current-tile-v1+timing=raw-tile,openblas,5,2,1,1,262144,160349737,611.68570327758789,ns,ok,composed,vendor-arithmetic,a038f25ac66821574b30392dc1d3b189cc287e2c,true,OpenBLAS 0.3.32 NO_LAPACKE DYNAMIC_ARCH NO_AFFINITY Haswell MAX_THREADS=128; compiler=15.2.0,1,3,200000000,update-solve-v1+7x2x31+triangular+uplo=U+diag=U,vendor-column-major-v1,calls=2;leftDoubles=217;rightDoubles=62;outputDoubles=14;resetDoubles=14;triangleDoubles=4,vendor-cblas-v1,vendor-calibrated-v1,50000000,1,1,monotonic-batch
4,gemm-trsm+7x2x31+triangular+physical=8x4+uplo=U+diag=U+work=update-solve-v1+leftLayout=depth-rows-v1+rightLayout=depth-columns-v1+leftGroup=8+rightGroup=4+leftStride=8+rightStride=4+padding=zero+alignment=8+block=7x2x31+panel=31+diagonal=2+rhs=7+batch=1+variant=current-tile-v1+timing=raw-tile,openblas,5,2,1,2,262144,159013230,606.58733367919922,ns,ok,composed,vendor-arithmetic,a038f25ac66821574b30392dc1d3b189cc287e2c,true,OpenBLAS 0.3.32 NO_LAPACKE DYNAMIC_ARCH NO_AFFINITY Haswell MAX_THREADS=128; compiler=15.2.0,1,3,200000000,update-solve-v1+7x2x31+triangular+uplo=U+diag=U,vendor-column-major-v1,calls=2;leftDoubles=217;rightDoubles=62;outputDoubles=14;resetDoubles=14;triangleDoubles=4,vendor-cblas-v1,vendor-calibrated-v1,50000000,1,1,monotonic-batch
4,gemm-trsm+7x2x31+triangular+physical=8x4+uplo=U+diag=U+work=update-solve-v1+leftLayout=depth-rows-v1+rightLayout=depth-columns-v1+leftGroup=8+rightGroup=4+leftStride=8+rightStride=4+padding=zero+alignment=8+block=7x2x31+panel=31+diagonal=2+rhs=7+batch=1+variant=current-tile-v1+timing=raw-tile,openblas,5,2,1,3,262144,157263323,599.91196823120117,ns,ok,composed,vendor-arithmetic,a038f25ac66821574b30392dc1d3b189cc287e2c,true,OpenBLAS 0.3.32 NO_LAPACKE DYNAMIC_ARCH NO_AFFINITY Haswell MAX_THREADS=128; compiler=15.2.0,1,3,200000000,update-solve-v1+7x2x31+triangular+uplo=U+diag=U,vendor-column-major-v1,calls=2;leftDoubles=217;rightDoubles=62;outputDoubles=14;resetDoubles=14;triangleDoubles=4,vendor-cblas-v1,vendor-calibrated-v1,50000000,1,1,monotonic-batch
4,gemm-trsm+7x2x31+triangular+physical=8x4+uplo=U+diag=U+work=update-solve-v1+leftLayout=depth-rows-v1+rightLayout=depth-columns-v1+leftGroup=8+rightGroup=4+leftStride=8+rightStride=4+padding=zero+alignment=8+block=7x2x31+panel=31+diagonal=2+rhs=7+batch=1+variant=current-tile-v1+timing=raw-tile,openblas,5,2,1,4,262144,182386771,695.75031661987305,ns,ok,composed,vendor-arithmetic,a038f25ac66821574b30392dc1d3b189cc287e2c,true,OpenBLAS 0.3.32 NO_LAPACKE DYNAMIC_ARCH NO_AFFINITY Haswell MAX_THREADS=128; compiler=15.2.0,1,3,200000000,update-solve-v1+7x2x31+triangular+uplo=U+diag=U,vendor-column-major-v1,calls=2;leftDoubles=217;rightDoubles=62;outputDoubles=14;resetDoubles=14;triangleDoubles=4,vendor-cblas-v1,vendor-calibrated-v1,50000000,1,1,monotonic-batch
4,gemm-trsm+7x2x31+triangular+physical=8x4+uplo=U+diag=U+work=update-solve-v1+leftLayout=depth-rows-v1+rightLayout=depth-columns-v1+leftGroup=8+rightGroup=4+leftStride=8+rightStride=4+padding=zero+alignment=8+block=7x2x31+panel=31+diagonal=2+rhs=7+batch=1+variant=current-tile-v1+timing=raw-tile,openblas,5,2,1,5,262144,249830359,953.02718734741211,ns,ok,composed,vendor-arithmetic,a038f25ac66821574b30392dc1d3b189cc287e2c,true,OpenBLAS 0.3.32 NO_LAPACKE DYNAMIC_ARCH NO_AFFINITY Haswell MAX_THREADS=128; compiler=15.2.0,1,3,200000000,update-solve-v1+7x2x31+triangular+uplo=U+diag=U,vendor-column-major-v1,calls=2;leftDoubles=217;rightDoubles=62;outputDoubles=14;resetDoubles=14;triangleDoubles=4,vendor-cblas-v1,vendor-calibrated-v1,50000000,1,1,monotonic-batch
4,pack-left+4x32+uniform+physical=4x4+work=pack-left-v1+leftLayout=depth-rows-v1+rightLayout=depth-columns-v1+leftGroup=4+rightGroup=4+leftStride=4+rightStride=4+padding=zero+alignment=8+block=4x32x32+panel=32+diagonal=0+rhs=0+batch=1+variant=current-tile-v1+timing=packing-only,openblas,5,2,1,0,0,0,,ns,unsupported,unsupported,layout,a038f25ac66821574b30392dc1d3b189cc287e2c,true,OpenBLAS 0.3.32 NO_LAPACKE DYNAMIC_ARCH NO_AFFINITY Haswell MAX_THREADS=128; compiler=15.2.0,1,3,200000000,pack-left-v1+4x32+uniform,vendor-column-major-v1,calls=1;leftDoubles=0;rightDoubles=0;outputDoubles=128;resetDoubles=128;triangleDoubles=0,unavailable,vendor-calibrated-v1,50000000,0,1,monotonic-batch
4,pack-left+3x31+uniform+physical=4x4+work=pack-left-v1+leftLayout=depth-rows-v1+rightLayout=depth-columns-v1+leftGroup=4+rightGroup=4+leftStride=4+rightStride=4+padding=zero+alignment=8+block=3x31x31+panel=31+diagonal=0+rhs=0+batch=1+variant=current-tile-v1+timing=packing-only,openblas,5,2,1,0,0,0,,ns,unsupported,unsupported,layout,a038f25ac66821574b30392dc1d3b189cc287e2c,true,OpenBLAS 0.3.32 NO_LAPACKE DYNAMIC_ARCH NO_AFFINITY Haswell MAX_THREADS=128; compiler=15.2.0,1,3,200000000,pack-left-v1+3x31+uniform,vendor-column-major-v1,calls=1;leftDoubles=0;rightDoubles=0;outputDoubles=93;resetDoubles=93;triangleDoubles=0,unavailable,vendor-calibrated-v1,50000000,0,1,monotonic-batch
4,pack-right+32x4+uniform+physical=4x4+work=pack-right-v1+leftLayout=depth-rows-v1+rightLayout=depth-columns-v1+leftGroup=4+rightGroup=4+leftStride=4+rightStride=4+padding=zero+alignment=8+block=32x4x32+panel=32+diagonal=0+rhs=0+batch=1+variant=current-tile-v1+timing=packing-only,openblas,5,2,1,0,0,0,,ns,unsupported,unsupported,layout,a038f25ac66821574b30392dc1d3b189cc287e2c,true,OpenBLAS 0.3.32 NO_LAPACKE DYNAMIC_ARCH NO_AFFINITY Haswell MAX_THREADS=128; compiler=15.2.0,1,3,200000000,pack-right-v1+32x4+uniform,vendor-column-major-v1,calls=1;leftDoubles=0;rightDoubles=0;outputDoubles=128;resetDoubles=128;triangleDoubles=0,unavailable,vendor-calibrated-v1,50000000,0,1,monotonic-batch
4,pack-right+31x2+uniform+physical=4x4+work=pack-right-v1+leftLayout=depth-rows-v1+rightLayout=depth-columns-v1+leftGroup=4+rightGroup=4+leftStride=4+rightStride=4+padding=zero+alignment=8+block=31x2x31+panel=31+diagonal=0+rhs=0+batch=1+variant=current-tile-v1+timing=packing-only,openblas,5,2,1,0,0,0,,ns,unsupported,unsupported,layout,a038f25ac66821574b30392dc1d3b189cc287e2c,true,OpenBLAS 0.3.32 NO_LAPACKE DYNAMIC_ARCH NO_AFFINITY Haswell MAX_THREADS=128; compiler=15.2.0,1,3,200000000,pack-right-v1+31x2+uniform,vendor-column-major-v1,calls=1;leftDoubles=0;rightDoubles=0;outputDoubles=62;resetDoubles=62;triangleDoubles=0,unavailable,vendor-calibrated-v1,50000000,0,1,monotonic-batch
4,pack-symmetric-left+4x4+uniform+physical=4x4+uplo=L+work=pack-symmetric-left-v1+leftLayout=depth-rows-v1+rightLayout=depth-columns-v1+leftGroup=4+rightGroup=4+leftStride=4+rightStride=4+padding=zero+alignment=8+block=4x4x4+panel=4+diagonal=0+rhs=0+batch=1+variant=current-tile-v1+timing=packing-only,openblas,5,2,1,0,0,0,,ns,unsupported,unsupported,layout,a038f25ac66821574b30392dc1d3b189cc287e2c,true,OpenBLAS 0.3.32 NO_LAPACKE DYNAMIC_ARCH NO_AFFINITY Haswell MAX_THREADS=128; compiler=15.2.0,1,3,200000000,pack-symmetric-left-v1+4x4+uniform+uplo=L,vendor-column-major-v1,calls=1;leftDoubles=0;rightDoubles=0;outputDoubles=16;resetDoubles=16;triangleDoubles=0,unavailable,vendor-calibrated-v1,50000000,0,1,monotonic-batch
4,pack-symmetric-right+4x4+uniform+physical=4x4+uplo=U+work=pack-symmetric-right-v1+leftLayout=depth-rows-v1+rightLayout=depth-columns-v1+leftGroup=4+rightGroup=4+leftStride=4+rightStride=4+padding=zero+alignment=8+block=4x4x4+panel=4+diagonal=0+rhs=0+batch=1+variant=current-tile-v1+timing=packing-only,openblas,5,2,1,0,0,0,,ns,unsupported,unsupported,layout,a038f25ac66821574b30392dc1d3b189cc287e2c,true,OpenBLAS 0.3.32 NO_LAPACKE DYNAMIC_ARCH NO_AFFINITY Haswell MAX_THREADS=128; compiler=15.2.0,1,3,200000000,pack-symmetric-right-v1+4x4+uniform+uplo=U,vendor-column-major-v1,calls=1;leftDoubles=0;rightDoubles=0;outputDoubles=16;resetDoubles=16;triangleDoubles=0,unavailable,vendor-calibrated-v1,50000000,0,1,monotonic-batch
4,pack-triangular-left+4x4+triangular+physical=4x4+uplo=L+diag=N+work=pack-triangular-left-v1+leftLayout=depth-rows-v1+rightLayout=depth-columns-v1+leftGroup=4+rightGroup=4+leftStride=4+rightStride=4+padding=zero+alignment=8+block=4x4x4+panel=4+diagonal=0+rhs=0+batch=1+variant=current-tile-v1+timing=packing-only,openblas,5,2,1,0,0,0,,ns,unsupported,unsupported,layout,a038f25ac66821574b30392dc1d3b189cc287e2c,true,OpenBLAS 0.3.32 NO_LAPACKE DYNAMIC_ARCH NO_AFFINITY Haswell MAX_THREADS=128; compiler=15.2.0,1,3,200000000,pack-triangular-left-v1+4x4+triangular+uplo=L+diag=N,vendor-column-major-v1,calls=1;leftDoubles=0;rightDoubles=0;outputDoubles=16;resetDoubles=16;triangleDoubles=0,unavailable,vendor-calibrated-v1,50000000,0,1,monotonic-batch
4,pack-triangular-right+4x4+triangular+physical=4x4+uplo=U+diag=U+work=pack-triangular-right-v1+leftLayout=depth-rows-v1+rightLayout=depth-columns-v1+leftGroup=4+rightGroup=4+leftStride=4+rightStride=4+padding=zero+alignment=8+block=4x4x4+panel=4+diagonal=0+rhs=0+batch=1+variant=current-tile-v1+timing=packing-only,openblas,5,2,1,0,0,0,,ns,unsupported,unsupported,layout,a038f25ac66821574b30392dc1d3b189cc287e2c,true,OpenBLAS 0.3.32 NO_LAPACKE DYNAMIC_ARCH NO_AFFINITY Haswell MAX_THREADS=128; compiler=15.2.0,1,3,200000000,pack-triangular-right-v1+4x4+triangular+uplo=U+diag=U,vendor-column-major-v1,calls=1;leftDoubles=0;rightDoubles=0;outputDoubles=16;resetDoubles=16;triangleDoubles=0,unavailable,vendor-calibrated-v1,50000000,0,1,monotonic-batch
4,write-left+3x31+uniform+physical=4x4+work=write-left-v1+leftLayout=depth-rows-v1+rightLayout=depth-columns-v1+leftGroup=4+rightGroup=4+leftStride=4+rightStride=4+padding=zero+alignment=8+block=3x31x31+panel=31+diagonal=0+rhs=0+batch=1+variant=current-tile-v1+timing=layout-only,openblas,5,2,1,0,0,0,,ns,unsupported,unsupported,layout,a038f25ac66821574b30392dc1d3b189cc287e2c,true,OpenBLAS 0.3.32 NO_LAPACKE DYNAMIC_ARCH NO_AFFINITY Haswell MAX_THREADS=128; compiler=15.2.0,1,3,200000000,write-left-v1+3x31+uniform,vendor-column-major-v1,calls=1;leftDoubles=0;rightDoubles=0;outputDoubles=93;resetDoubles=93;triangleDoubles=0,unavailable,vendor-calibrated-v1,50000000,0,1,monotonic-batch
4,write-left+4x32+uniform+physical=4x4+work=write-left-v1+leftLayout=depth-rows-v1+rightLayout=depth-columns-v1+leftGroup=4+rightGroup=4+leftStride=4+rightStride=4+padding=zero+alignment=8+block=4x32x32+panel=32+diagonal=0+rhs=0+batch=1+variant=current-tile-v1+timing=layout-only,openblas,5,2,1,0,0,0,,ns,unsupported,unsupported,layout,a038f25ac66821574b30392dc1d3b189cc287e2c,true,OpenBLAS 0.3.32 NO_LAPACKE DYNAMIC_ARCH NO_AFFINITY Haswell MAX_THREADS=128; compiler=15.2.0,1,3,200000000,write-left-v1+4x32+uniform,vendor-column-major-v1,calls=1;leftDoubles=0;rightDoubles=0;outputDoubles=128;resetDoubles=128;triangleDoubles=0,unavailable,vendor-calibrated-v1,50000000,0,1,monotonic-batch
4,write-right+31x2+uniform+physical=4x4+work=write-right-v1+leftLayout=depth-rows-v1+rightLayout=depth-columns-v1+leftGroup=4+rightGroup=4+leftStride=4+rightStride=4+padding=zero+alignment=8+block=31x2x31+panel=31+diagonal=0+rhs=0+batch=1+variant=current-tile-v1+timing=layout-only,openblas,5,2,1,0,0,0,,ns,unsupported,unsupported,layout,a038f25ac66821574b30392dc1d3b189cc287e2c,true,OpenBLAS 0.3.32 NO_LAPACKE DYNAMIC_ARCH NO_AFFINITY Haswell MAX_THREADS=128; compiler=15.2.0,1,3,200000000,write-right-v1+31x2+uniform,vendor-column-major-v1,calls=1;leftDoubles=0;rightDoubles=0;outputDoubles=62;resetDoubles=62;triangleDoubles=0,unavailable,vendor-calibrated-v1,50000000,0,1,monotonic-batch
4,write-right+32x4+uniform+physical=4x4+work=write-right-v1+leftLayout=depth-rows-v1+rightLayout=depth-columns-v1+leftGroup=4+rightGroup=4+leftStride=4+rightStride=4+padding=zero+alignment=8+block=32x4x32+panel=32+diagonal=0+rhs=0+batch=1+variant=current-tile-v1+timing=layout-only,openblas,5,2,1,0,0,0,,ns,unsupported,unsupported,layout,a038f25ac66821574b30392dc1d3b189cc287e2c,true,OpenBLAS 0.3.32 NO_LAPACKE DYNAMIC_ARCH NO_AFFINITY Haswell MAX_THREADS=128; compiler=15.2.0,1,3,200000000,write-right-v1+32x4+uniform,vendor-column-major-v1,calls=1;leftDoubles=0;rightDoubles=0;outputDoubles=128;resetDoubles=128;triangleDoubles=0,unavailable,vendor-calibrated-v1,50000000,0,1,monotonic-batch
4,clear-left-padding+3x31+uniform+physical=4x4+work=clear-left-padding-v1+leftLayout=depth-rows-v1+rightLayout=depth-columns-v1+leftGroup=4+rightGroup=4+leftStride=4+rightStride=4+padding=zero+alignment=8+block=3x31x31+panel=31+diagonal=0+rhs=0+batch=1+variant=current-tile-v1+timing=layout-only,openblas,5,2,1,0,0,0,,ns,unsupported,unsupported,layout,a038f25ac66821574b30392dc1d3b189cc287e2c,true,OpenBLAS 0.3.32 NO_LAPACKE DYNAMIC_ARCH NO_AFFINITY Haswell MAX_THREADS=128; compiler=15.2.0,1,3,200000000,clear-left-padding-v1+3x31+uniform,vendor-column-major-v1,calls=1;leftDoubles=0;rightDoubles=0;outputDoubles=93;resetDoubles=93;triangleDoubles=0,unavailable,vendor-calibrated-v1,50000000,0,1,monotonic-batch
4,clear-left-padding+4x32+uniform+physical=4x4+work=clear-left-padding-v1+leftLayout=depth-rows-v1+rightLayout=depth-columns-v1+leftGroup=4+rightGroup=4+leftStride=4+rightStride=4+padding=zero+alignment=8+block=4x32x32+panel=32+diagonal=0+rhs=0+batch=1+variant=current-tile-v1+timing=layout-only,openblas,5,2,1,0,0,0,,ns,unsupported,unsupported,layout,a038f25ac66821574b30392dc1d3b189cc287e2c,true,OpenBLAS 0.3.32 NO_LAPACKE DYNAMIC_ARCH NO_AFFINITY Haswell MAX_THREADS=128; compiler=15.2.0,1,3,200000000,clear-left-padding-v1+4x32+uniform,vendor-column-major-v1,calls=1;leftDoubles=0;rightDoubles=0;outputDoubles=128;resetDoubles=128;triangleDoubles=0,unavailable,vendor-calibrated-v1,50000000,0,1,monotonic-batch
4,clear-right-padding+31x2+uniform+physical=4x4+work=clear-right-padding-v1+leftLayout=depth-rows-v1+rightLayout=depth-columns-v1+leftGroup=4+rightGroup=4+leftStride=4+rightStride=4+padding=zero+alignment=8+block=31x2x31+panel=31+diagonal=0+rhs=0+batch=1+variant=current-tile-v1+timing=layout-only,openblas,5,2,1,0,0,0,,ns,unsupported,unsupported,layout,a038f25ac66821574b30392dc1d3b189cc287e2c,true,OpenBLAS 0.3.32 NO_LAPACKE DYNAMIC_ARCH NO_AFFINITY Haswell MAX_THREADS=128; compiler=15.2.0,1,3,200000000,clear-right-padding-v1+31x2+uniform,vendor-column-major-v1,calls=1;leftDoubles=0;rightDoubles=0;outputDoubles=62;resetDoubles=62;triangleDoubles=0,unavailable,vendor-calibrated-v1,50000000,0,1,monotonic-batch
4,clear-right-padding+32x4+uniform+physical=4x4+work=clear-right-padding-v1+leftLayout=depth-rows-v1+rightLayout=depth-columns-v1+leftGroup=4+rightGroup=4+leftStride=4+rightStride=4+padding=zero+alignment=8+block=32x4x32+panel=32+diagonal=0+rhs=0+batch=1+variant=current-tile-v1+timing=layout-only,openblas,5,2,1,0,0,0,,ns,unsupported,unsupported,layout,a038f25ac66821574b30392dc1d3b189cc287e2c,true,OpenBLAS 0.3.32 NO_LAPACKE DYNAMIC_ARCH NO_AFFINITY Haswell MAX_THREADS=128; compiler=15.2.0,1,3,200000000,clear-right-padding-v1+32x4+uniform,vendor-column-major-v1,calls=1;leftDoubles=0;rightDoubles=0;outputDoubles=128;resetDoubles=128;triangleDoubles=0,unavailable,vendor-calibrated-v1,50000000,0,1,monotonic-batch
4,pack-left+7x31+uniform+physical=8x4+work=pack-left-v1+leftLayout=depth-rows-v1+rightLayout=depth-columns-v1+leftGroup=8+rightGroup=4+leftStride=8+rightStride=4+padding=zero+alignment=8+block=7x31x31+panel=31+diagonal=0+rhs=0+batch=1+variant=current-tile-v1+timing=packing-only,openblas,5,2,1,0,0,0,,ns,unsupported,unsupported,layout,a038f25ac66821574b30392dc1d3b189cc287e2c,true,OpenBLAS 0.3.32 NO_LAPACKE DYNAMIC_ARCH NO_AFFINITY Haswell MAX_THREADS=128; compiler=15.2.0,1,3,200000000,pack-left-v1+7x31+uniform,vendor-column-major-v1,calls=1;leftDoubles=0;rightDoubles=0;outputDoubles=217;resetDoubles=217;triangleDoubles=0,unavailable,vendor-calibrated-v1,50000000,0,1,monotonic-batch
4,pack-left+8x32+uniform+physical=8x4+work=pack-left-v1+leftLayout=depth-rows-v1+rightLayout=depth-columns-v1+leftGroup=8+rightGroup=4+leftStride=8+rightStride=4+padding=zero+alignment=8+block=8x32x32+panel=32+diagonal=0+rhs=0+batch=1+variant=current-tile-v1+timing=packing-only,openblas,5,2,1,0,0,0,,ns,unsupported,unsupported,layout,a038f25ac66821574b30392dc1d3b189cc287e2c,true,OpenBLAS 0.3.32 NO_LAPACKE DYNAMIC_ARCH NO_AFFINITY Haswell MAX_THREADS=128; compiler=15.2.0,1,3,200000000,pack-left-v1+8x32+uniform,vendor-column-major-v1,calls=1;leftDoubles=0;rightDoubles=0;outputDoubles=256;resetDoubles=256;triangleDoubles=0,unavailable,vendor-calibrated-v1,50000000,0,1,monotonic-batch
4,pack-right+31x2+uniform+physical=8x4+work=pack-right-v1+leftLayout=depth-rows-v1+rightLayout=depth-columns-v1+leftGroup=8+rightGroup=4+leftStride=8+rightStride=4+padding=zero+alignment=8+block=31x2x31+panel=31+diagonal=0+rhs=0+batch=1+variant=current-tile-v1+timing=packing-only,openblas,5,2,1,0,0,0,,ns,unsupported,unsupported,layout,a038f25ac66821574b30392dc1d3b189cc287e2c,true,OpenBLAS 0.3.32 NO_LAPACKE DYNAMIC_ARCH NO_AFFINITY Haswell MAX_THREADS=128; compiler=15.2.0,1,3,200000000,pack-right-v1+31x2+uniform,vendor-column-major-v1,calls=1;leftDoubles=0;rightDoubles=0;outputDoubles=62;resetDoubles=62;triangleDoubles=0,unavailable,vendor-calibrated-v1,50000000,0,1,monotonic-batch
4,pack-right+32x4+uniform+physical=8x4+work=pack-right-v1+leftLayout=depth-rows-v1+rightLayout=depth-columns-v1+leftGroup=8+rightGroup=4+leftStride=8+rightStride=4+padding=zero+alignment=8+block=32x4x32+panel=32+diagonal=0+rhs=0+batch=1+variant=current-tile-v1+timing=packing-only,openblas,5,2,1,0,0,0,,ns,unsupported,unsupported,layout,a038f25ac66821574b30392dc1d3b189cc287e2c,true,OpenBLAS 0.3.32 NO_LAPACKE DYNAMIC_ARCH NO_AFFINITY Haswell MAX_THREADS=128; compiler=15.2.0,1,3,200000000,pack-right-v1+32x4+uniform,vendor-column-major-v1,calls=1;leftDoubles=0;rightDoubles=0;outputDoubles=128;resetDoubles=128;triangleDoubles=0,unavailable,vendor-calibrated-v1,50000000,0,1,monotonic-batch
4,pack-symmetric-left+8x8+uniform+physical=8x4+uplo=L+work=pack-symmetric-left-v1+leftLayout=depth-rows-v1+rightLayout=depth-columns-v1+leftGroup=8+rightGroup=4+leftStride=8+rightStride=4+padding=zero+alignment=8+block=8x8x8+panel=8+diagonal=0+rhs=0+batch=1+variant=current-tile-v1+timing=packing-only,openblas,5,2,1,0,0,0,,ns,unsupported,unsupported,layout,a038f25ac66821574b30392dc1d3b189cc287e2c,true,OpenBLAS 0.3.32 NO_LAPACKE DYNAMIC_ARCH NO_AFFINITY Haswell MAX_THREADS=128; compiler=15.2.0,1,3,200000000,pack-symmetric-left-v1+8x8+uniform+uplo=L,vendor-column-major-v1,calls=1;leftDoubles=0;rightDoubles=0;outputDoubles=64;resetDoubles=64;triangleDoubles=0,unavailable,vendor-calibrated-v1,50000000,0,1,monotonic-batch
4,pack-symmetric-right+4x4+uniform+physical=8x4+uplo=U+work=pack-symmetric-right-v1+leftLayout=depth-rows-v1+rightLayout=depth-columns-v1+leftGroup=8+rightGroup=4+leftStride=8+rightStride=4+padding=zero+alignment=8+block=4x4x4+panel=4+diagonal=0+rhs=0+batch=1+variant=current-tile-v1+timing=packing-only,openblas,5,2,1,0,0,0,,ns,unsupported,unsupported,layout,a038f25ac66821574b30392dc1d3b189cc287e2c,true,OpenBLAS 0.3.32 NO_LAPACKE DYNAMIC_ARCH NO_AFFINITY Haswell MAX_THREADS=128; compiler=15.2.0,1,3,200000000,pack-symmetric-right-v1+4x4+uniform+uplo=U,vendor-column-major-v1,calls=1;leftDoubles=0;rightDoubles=0;outputDoubles=16;resetDoubles=16;triangleDoubles=0,unavailable,vendor-calibrated-v1,50000000,0,1,monotonic-batch
4,pack-triangular-left+8x8+triangular+physical=8x4+uplo=L+diag=N+work=pack-triangular-left-v1+leftLayout=depth-rows-v1+rightLayout=depth-columns-v1+leftGroup=8+rightGroup=4+leftStride=8+rightStride=4+padding=zero+alignment=8+block=8x8x8+panel=8+diagonal=0+rhs=0+batch=1+variant=current-tile-v1+timing=packing-only,openblas,5,2,1,0,0,0,,ns,unsupported,unsupported,layout,a038f25ac66821574b30392dc1d3b189cc287e2c,true,OpenBLAS 0.3.32 NO_LAPACKE DYNAMIC_ARCH NO_AFFINITY Haswell MAX_THREADS=128; compiler=15.2.0,1,3,200000000,pack-triangular-left-v1+8x8+triangular+uplo=L+diag=N,vendor-column-major-v1,calls=1;leftDoubles=0;rightDoubles=0;outputDoubles=64;resetDoubles=64;triangleDoubles=0,unavailable,vendor-calibrated-v1,50000000,0,1,monotonic-batch
4,pack-triangular-right+4x4+triangular+physical=8x4+uplo=U+diag=U+work=pack-triangular-right-v1+leftLayout=depth-rows-v1+rightLayout=depth-columns-v1+leftGroup=8+rightGroup=4+leftStride=8+rightStride=4+padding=zero+alignment=8+block=4x4x4+panel=4+diagonal=0+rhs=0+batch=1+variant=current-tile-v1+timing=packing-only,openblas,5,2,1,0,0,0,,ns,unsupported,unsupported,layout,a038f25ac66821574b30392dc1d3b189cc287e2c,true,OpenBLAS 0.3.32 NO_LAPACKE DYNAMIC_ARCH NO_AFFINITY Haswell MAX_THREADS=128; compiler=15.2.0,1,3,200000000,pack-triangular-right-v1+4x4+triangular+uplo=U+diag=U,vendor-column-major-v1,calls=1;leftDoubles=0;rightDoubles=0;outputDoubles=16;resetDoubles=16;triangleDoubles=0,unavailable,vendor-calibrated-v1,50000000,0,1,monotonic-batch
4,write-left+7x31+uniform+physical=8x4+work=write-left-v1+leftLayout=depth-rows-v1+rightLayout=depth-columns-v1+leftGroup=8+rightGroup=4+leftStride=8+rightStride=4+padding=zero+alignment=8+block=7x31x31+panel=31+diagonal=0+rhs=0+batch=1+variant=current-tile-v1+timing=layout-only,openblas,5,2,1,0,0,0,,ns,unsupported,unsupported,layout,a038f25ac66821574b30392dc1d3b189cc287e2c,true,OpenBLAS 0.3.32 NO_LAPACKE DYNAMIC_ARCH NO_AFFINITY Haswell MAX_THREADS=128; compiler=15.2.0,1,3,200000000,write-left-v1+7x31+uniform,vendor-column-major-v1,calls=1;leftDoubles=0;rightDoubles=0;outputDoubles=217;resetDoubles=217;triangleDoubles=0,unavailable,vendor-calibrated-v1,50000000,0,1,monotonic-batch
4,write-left+8x32+uniform+physical=8x4+work=write-left-v1+leftLayout=depth-rows-v1+rightLayout=depth-columns-v1+leftGroup=8+rightGroup=4+leftStride=8+rightStride=4+padding=zero+alignment=8+block=8x32x32+panel=32+diagonal=0+rhs=0+batch=1+variant=current-tile-v1+timing=layout-only,openblas,5,2,1,0,0,0,,ns,unsupported,unsupported,layout,a038f25ac66821574b30392dc1d3b189cc287e2c,true,OpenBLAS 0.3.32 NO_LAPACKE DYNAMIC_ARCH NO_AFFINITY Haswell MAX_THREADS=128; compiler=15.2.0,1,3,200000000,write-left-v1+8x32+uniform,vendor-column-major-v1,calls=1;leftDoubles=0;rightDoubles=0;outputDoubles=256;resetDoubles=256;triangleDoubles=0,unavailable,vendor-calibrated-v1,50000000,0,1,monotonic-batch
4,write-right+31x2+uniform+physical=8x4+work=write-right-v1+leftLayout=depth-rows-v1+rightLayout=depth-columns-v1+leftGroup=8+rightGroup=4+leftStride=8+rightStride=4+padding=zero+alignment=8+block=31x2x31+panel=31+diagonal=0+rhs=0+batch=1+variant=current-tile-v1+timing=layout-only,openblas,5,2,1,0,0,0,,ns,unsupported,unsupported,layout,a038f25ac66821574b30392dc1d3b189cc287e2c,true,OpenBLAS 0.3.32 NO_LAPACKE DYNAMIC_ARCH NO_AFFINITY Haswell MAX_THREADS=128; compiler=15.2.0,1,3,200000000,write-right-v1+31x2+uniform,vendor-column-major-v1,calls=1;leftDoubles=0;rightDoubles=0;outputDoubles=62;resetDoubles=62;triangleDoubles=0,unavailable,vendor-calibrated-v1,50000000,0,1,monotonic-batch
4,write-right+32x4+uniform+physical=8x4+work=write-right-v1+leftLayout=depth-rows-v1+rightLayout=depth-columns-v1+leftGroup=8+rightGroup=4+leftStride=8+rightStride=4+padding=zero+alignment=8+block=32x4x32+panel=32+diagonal=0+rhs=0+batch=1+variant=current-tile-v1+timing=layout-only,openblas,5,2,1,0,0,0,,ns,unsupported,unsupported,layout,a038f25ac66821574b30392dc1d3b189cc287e2c,true,OpenBLAS 0.3.32 NO_LAPACKE DYNAMIC_ARCH NO_AFFINITY Haswell MAX_THREADS=128; compiler=15.2.0,1,3,200000000,write-right-v1+32x4+uniform,vendor-column-major-v1,calls=1;leftDoubles=0;rightDoubles=0;outputDoubles=128;resetDoubles=128;triangleDoubles=0,unavailable,vendor-calibrated-v1,50000000,0,1,monotonic-batch
4,clear-left-padding+7x31+uniform+physical=8x4+work=clear-left-padding-v1+leftLayout=depth-rows-v1+rightLayout=depth-columns-v1+leftGroup=8+rightGroup=4+leftStride=8+rightStride=4+padding=zero+alignment=8+block=7x31x31+panel=31+diagonal=0+rhs=0+batch=1+variant=current-tile-v1+timing=layout-only,openblas,5,2,1,0,0,0,,ns,unsupported,unsupported,layout,a038f25ac66821574b30392dc1d3b189cc287e2c,true,OpenBLAS 0.3.32 NO_LAPACKE DYNAMIC_ARCH NO_AFFINITY Haswell MAX_THREADS=128; compiler=15.2.0,1,3,200000000,clear-left-padding-v1+7x31+uniform,vendor-column-major-v1,calls=1;leftDoubles=0;rightDoubles=0;outputDoubles=217;resetDoubles=217;triangleDoubles=0,unavailable,vendor-calibrated-v1,50000000,0,1,monotonic-batch
4,clear-left-padding+8x32+uniform+physical=8x4+work=clear-left-padding-v1+leftLayout=depth-rows-v1+rightLayout=depth-columns-v1+leftGroup=8+rightGroup=4+leftStride=8+rightStride=4+padding=zero+alignment=8+block=8x32x32+panel=32+diagonal=0+rhs=0+batch=1+variant=current-tile-v1+timing=layout-only,openblas,5,2,1,0,0,0,,ns,unsupported,unsupported,layout,a038f25ac66821574b30392dc1d3b189cc287e2c,true,OpenBLAS 0.3.32 NO_LAPACKE DYNAMIC_ARCH NO_AFFINITY Haswell MAX_THREADS=128; compiler=15.2.0,1,3,200000000,clear-left-padding-v1+8x32+uniform,vendor-column-major-v1,calls=1;leftDoubles=0;rightDoubles=0;outputDoubles=256;resetDoubles=256;triangleDoubles=0,unavailable,vendor-calibrated-v1,50000000,0,1,monotonic-batch
4,clear-right-padding+31x2+uniform+physical=8x4+work=clear-right-padding-v1+leftLayout=depth-rows-v1+rightLayout=depth-columns-v1+leftGroup=8+rightGroup=4+leftStride=8+rightStride=4+padding=zero+alignment=8+block=31x2x31+panel=31+diagonal=0+rhs=0+batch=1+variant=current-tile-v1+timing=layout-only,openblas,5,2,1,0,0,0,,ns,unsupported,unsupported,layout,a038f25ac66821574b30392dc1d3b189cc287e2c,true,OpenBLAS 0.3.32 NO_LAPACKE DYNAMIC_ARCH NO_AFFINITY Haswell MAX_THREADS=128; compiler=15.2.0,1,3,200000000,clear-right-padding-v1+31x2+uniform,vendor-column-major-v1,calls=1;leftDoubles=0;rightDoubles=0;outputDoubles=62;resetDoubles=62;triangleDoubles=0,unavailable,vendor-calibrated-v1,50000000,0,1,monotonic-batch
4,clear-right-padding+32x4+uniform+physical=8x4+work=clear-right-padding-v1+leftLayout=depth-rows-v1+rightLayout=depth-columns-v1+leftGroup=8+rightGroup=4+leftStride=8+rightStride=4+padding=zero+alignment=8+block=32x4x32+panel=32+diagonal=0+rhs=0+batch=1+variant=current-tile-v1+timing=layout-only,openblas,5,2,1,0,0,0,,ns,unsupported,unsupported,layout,a038f25ac66821574b30392dc1d3b189cc287e2c,true,OpenBLAS 0.3.32 NO_LAPACKE DYNAMIC_ARCH NO_AFFINITY Haswell MAX_THREADS=128; compiler=15.2.0,1,3,200000000,clear-right-padding-v1+32x4+uniform,vendor-column-major-v1,calls=1;leftDoubles=0;rightDoubles=0;outputDoubles=128;resetDoubles=128;triangleDoubles=0,unavailable,vendor-calibrated-v1,50000000,0,1,monotonic-batch
4,spdot+4096+sparse-uniform+density=0.01,openblas,5,2,1,0,0,0,,ns,unsupported,unsupported,arithmetic,a038f25ac66821574b30392dc1d3b189cc287e2c,true,OpenBLAS 0.3.32 NO_LAPACKE DYNAMIC_ARCH NO_AFFINITY Haswell MAX_THREADS=128; compiler=15.2.0,1,3,200000000,spdot-v1+4096+sparse-uniform+density=0.01,policy-v1,policy,unavailable,vendor-calibrated-v1,50000000,0,1,monotonic-batch
4,spdot-raw+64+sparse-uniform+density=0.125,openblas,5,2,1,0,0,0,,ns,unsupported,unsupported,arithmetic,a038f25ac66821574b30392dc1d3b189cc287e2c,true,OpenBLAS 0.3.32 NO_LAPACKE DYNAMIC_ARCH NO_AFFINITY Haswell MAX_THREADS=128; compiler=15.2.0,1,3,200000000,spdot-raw-v1+64+sparse-uniform+density=0.125,policy-v1,policy,unavailable,vendor-calibrated-v1,50000000,0,1,monotonic-batch
4,spdot-raw+4096+sparse-uniform+density=0.0625,openblas,5,2,1,0,0,0,,ns,unsupported,unsupported,arithmetic,a038f25ac66821574b30392dc1d3b189cc287e2c,true,OpenBLAS 0.3.32 NO_LAPACKE DYNAMIC_ARCH NO_AFFINITY Haswell MAX_THREADS=128; compiler=15.2.0,1,3,200000000,spdot-raw-v1+4096+sparse-uniform+density=0.0625,policy-v1,policy,unavailable,vendor-calibrated-v1,50000000,0,1,monotonic-batch
4,spdot-raw+65536+sparse-uniform+density=0.015625,openblas,5,2,1,0,0,0,,ns,unsupported,unsupported,arithmetic,a038f25ac66821574b30392dc1d3b189cc287e2c,true,OpenBLAS 0.3.32 NO_LAPACKE DYNAMIC_ARCH NO_AFFINITY Haswell MAX_THREADS=128; compiler=15.2.0,1,3,200000000,spdot-raw-v1+65536+sparse-uniform+density=0.015625,policy-v1,policy,unavailable,vendor-calibrated-v1,50000000,0,1,monotonic-batch
4,spdot-raw+262144+sparse-uniform+density=0.03125,openblas,5,2,1,0,0,0,,ns,unsupported,unsupported,arithmetic,a038f25ac66821574b30392dc1d3b189cc287e2c,true,OpenBLAS 0.3.32 NO_LAPACKE DYNAMIC_ARCH NO_AFFINITY Haswell MAX_THREADS=128; compiler=15.2.0,1,3,200000000,spdot-raw-v1+262144+sparse-uniform+density=0.03125,policy-v1,policy,unavailable,vendor-calibrated-v1,50000000,0,1,monotonic-batch
4,spdot-sparse+4096+sparse-uniform+density=0.01,openblas,5,2,1,0,0,0,,ns,unsupported,unsupported,arithmetic,a038f25ac66821574b30392dc1d3b189cc287e2c,true,OpenBLAS 0.3.32 NO_LAPACKE DYNAMIC_ARCH NO_AFFINITY Haswell MAX_THREADS=128; compiler=15.2.0,1,3,200000000,spdot-sparse-v1+4096+sparse-uniform+density=0.01,policy-v1,policy,unavailable,vendor-calibrated-v1,50000000,0,1,monotonic-batch
4,spaxpy+4096+sparse-uniform+density=0.01,openblas,5,2,1,0,0,0,,ns,unsupported,unsupported,arithmetic,a038f25ac66821574b30392dc1d3b189cc287e2c,true,OpenBLAS 0.3.32 NO_LAPACKE DYNAMIC_ARCH NO_AFFINITY Haswell MAX_THREADS=128; compiler=15.2.0,1,3,200000000,spaxpy-v1+4096+sparse-uniform+density=0.01,policy-v1,policy,unavailable,vendor-calibrated-v1,50000000,0,1,monotonic-batch
4,spaxpy-raw+64+sparse-uniform+density=0.125,openblas,5,2,1,0,0,0,,ns,unsupported,unsupported,arithmetic,a038f25ac66821574b30392dc1d3b189cc287e2c,true,OpenBLAS 0.3.32 NO_LAPACKE DYNAMIC_ARCH NO_AFFINITY Haswell MAX_THREADS=128; compiler=15.2.0,1,3,200000000,spaxpy-raw-v1+64+sparse-uniform+density=0.125,policy-v1,policy,unavailable,vendor-calibrated-v1,50000000,0,1,monotonic-batch
4,spaxpy-raw+4096+sparse-uniform+density=0.0625,openblas,5,2,1,0,0,0,,ns,unsupported,unsupported,arithmetic,a038f25ac66821574b30392dc1d3b189cc287e2c,true,OpenBLAS 0.3.32 NO_LAPACKE DYNAMIC_ARCH NO_AFFINITY Haswell MAX_THREADS=128; compiler=15.2.0,1,3,200000000,spaxpy-raw-v1+4096+sparse-uniform+density=0.0625,policy-v1,policy,unavailable,vendor-calibrated-v1,50000000,0,1,monotonic-batch
4,spaxpy-raw+65536+sparse-uniform+density=0.015625,openblas,5,2,1,0,0,0,,ns,unsupported,unsupported,arithmetic,a038f25ac66821574b30392dc1d3b189cc287e2c,true,OpenBLAS 0.3.32 NO_LAPACKE DYNAMIC_ARCH NO_AFFINITY Haswell MAX_THREADS=128; compiler=15.2.0,1,3,200000000,spaxpy-raw-v1+65536+sparse-uniform+density=0.015625,policy-v1,policy,unavailable,vendor-calibrated-v1,50000000,0,1,monotonic-batch
4,spaxpy-raw+262144+sparse-uniform+density=0.03125,openblas,5,2,1,0,0,0,,ns,unsupported,unsupported,arithmetic,a038f25ac66821574b30392dc1d3b189cc287e2c,true,OpenBLAS 0.3.32 NO_LAPACKE DYNAMIC_ARCH NO_AFFINITY Haswell MAX_THREADS=128; compiler=15.2.0,1,3,200000000,spaxpy-raw-v1+262144+sparse-uniform+density=0.03125,policy-v1,policy,unavailable,vendor-calibrated-v1,50000000,0,1,monotonic-batch
4,spnrm2+4096+sparse-uniform+density=0.01,openblas,5,2,1,0,0,0,,ns,unsupported,unsupported,arithmetic,a038f25ac66821574b30392dc1d3b189cc287e2c,true,OpenBLAS 0.3.32 NO_LAPACKE DYNAMIC_ARCH NO_AFFINITY Haswell MAX_THREADS=128; compiler=15.2.0,1,3,200000000,spnrm2-v1+4096+sparse-uniform+density=0.01,policy-v1,policy,unavailable,vendor-calibrated-v1,50000000,0,1,monotonic-batch
4,spnrm2-indexed+4096+sparse-uniform+density=0.01,openblas,5,2,1,0,0,0,,ns,unsupported,unsupported,arithmetic,a038f25ac66821574b30392dc1d3b189cc287e2c,true,OpenBLAS 0.3.32 NO_LAPACKE DYNAMIC_ARCH NO_AFFINITY Haswell MAX_THREADS=128; compiler=15.2.0,1,3,200000000,spnrm2-indexed-v1+4096+sparse-uniform+density=0.01,policy-v1,policy,unavailable,vendor-calibrated-v1,50000000,0,1,monotonic-batch
4,spnrm2-indexed+4096+sparse-uniform+density=0.5,openblas,5,2,1,0,0,0,,ns,unsupported,unsupported,arithmetic,a038f25ac66821574b30392dc1d3b189cc287e2c,true,OpenBLAS 0.3.32 NO_LAPACKE DYNAMIC_ARCH NO_AFFINITY Haswell MAX_THREADS=128; compiler=15.2.0,1,3,200000000,spnrm2-indexed-v1+4096+sparse-uniform+density=0.5,policy-v1,policy,unavailable,vendor-calibrated-v1,50000000,0,1,monotonic-batch
4,spnrm2-indexed+262144+sparse-uniform+density=0.03125,openblas,5,2,1,0,0,0,,ns,unsupported,unsupported,arithmetic,a038f25ac66821574b30392dc1d3b189cc287e2c,true,OpenBLAS 0.3.32 NO_LAPACKE DYNAMIC_ARCH NO_AFFINITY Haswell MAX_THREADS=128; compiler=15.2.0,1,3,200000000,spnrm2-indexed-v1+262144+sparse-uniform+density=0.03125,policy-v1,policy,unavailable,vendor-calibrated-v1,50000000,0,1,monotonic-batch
4,spasum+4096+sparse-uniform+density=0.01,openblas,5,2,1,0,0,0,,ns,unsupported,unsupported,arithmetic,a038f25ac66821574b30392dc1d3b189cc287e2c,true,OpenBLAS 0.3.32 NO_LAPACKE DYNAMIC_ARCH NO_AFFINITY Haswell MAX_THREADS=128; compiler=15.2.0,1,3,200000000,spasum-v1+4096+sparse-uniform+density=0.01,policy-v1,policy,unavailable,vendor-calibrated-v1,50000000,0,1,monotonic-batch
4,spscatter+4096+sparse-uniform+density=0.01,openblas,5,2,1,0,0,0,,ns,unsupported,unsupported,arithmetic,a038f25ac66821574b30392dc1d3b189cc287e2c,true,OpenBLAS 0.3.32 NO_LAPACKE DYNAMIC_ARCH NO_AFFINITY Haswell MAX_THREADS=128; compiler=15.2.0,1,3,200000000,spscatter-v1+4096+sparse-uniform+density=0.01,policy-v1,policy,unavailable,vendor-calibrated-v1,50000000,0,1,monotonic-batch
4,spscatter-raw+64+sparse-uniform+density=0.125,openblas,5,2,1,0,0,0,,ns,unsupported,unsupported,arithmetic,a038f25ac66821574b30392dc1d3b189cc287e2c,true,OpenBLAS 0.3.32 NO_LAPACKE DYNAMIC_ARCH NO_AFFINITY Haswell MAX_THREADS=128; compiler=15.2.0,1,3,200000000,spscatter-raw-v1+64+sparse-uniform+density=0.125,policy-v1,policy,unavailable,vendor-calibrated-v1,50000000,0,1,monotonic-batch
4,spscatter-raw+4096+sparse-uniform+density=0.0625,openblas,5,2,1,0,0,0,,ns,unsupported,unsupported,arithmetic,a038f25ac66821574b30392dc1d3b189cc287e2c,true,OpenBLAS 0.3.32 NO_LAPACKE DYNAMIC_ARCH NO_AFFINITY Haswell MAX_THREADS=128; compiler=15.2.0,1,3,200000000,spscatter-raw-v1+4096+sparse-uniform+density=0.0625,policy-v1,policy,unavailable,vendor-calibrated-v1,50000000,0,1,monotonic-batch
4,spscatter-raw+65536+sparse-uniform+density=0.015625,openblas,5,2,1,0,0,0,,ns,unsupported,unsupported,arithmetic,a038f25ac66821574b30392dc1d3b189cc287e2c,true,OpenBLAS 0.3.32 NO_LAPACKE DYNAMIC_ARCH NO_AFFINITY Haswell MAX_THREADS=128; compiler=15.2.0,1,3,200000000,spscatter-raw-v1+65536+sparse-uniform+density=0.015625,policy-v1,policy,unavailable,vendor-calibrated-v1,50000000,0,1,monotonic-batch
4,spscatter-raw+262144+sparse-uniform+density=0.03125,openblas,5,2,1,0,0,0,,ns,unsupported,unsupported,arithmetic,a038f25ac66821574b30392dc1d3b189cc287e2c,true,OpenBLAS 0.3.32 NO_LAPACKE DYNAMIC_ARCH NO_AFFINITY Haswell MAX_THREADS=128; compiler=15.2.0,1,3,200000000,spscatter-raw-v1+262144+sparse-uniform+density=0.03125,policy-v1,policy,unavailable,vendor-calibrated-v1,50000000,0,1,monotonic-batch
4,spgather+4096+sparse-uniform+density=0.01,openblas,5,2,1,0,0,0,,ns,unsupported,unsupported,arithmetic,a038f25ac66821574b30392dc1d3b189cc287e2c,true,OpenBLAS 0.3.32 NO_LAPACKE DYNAMIC_ARCH NO_AFFINITY Haswell MAX_THREADS=128; compiler=15.2.0,1,3,200000000,spgather-v1+4096+sparse-uniform+density=0.01,policy-v1,policy,unavailable,vendor-calibrated-v1,50000000,0,1,monotonic-batch
4,spgather-zero+4096+sparse-uniform+density=0.01,openblas,5,2,1,0,0,0,,ns,unsupported,unsupported,arithmetic,a038f25ac66821574b30392dc1d3b189cc287e2c,true,OpenBLAS 0.3.32 NO_LAPACKE DYNAMIC_ARCH NO_AFFINITY Haswell MAX_THREADS=128; compiler=15.2.0,1,3,200000000,spgather-zero-v1+4096+sparse-uniform+density=0.01,policy-v1,policy,unavailable,vendor-calibrated-v1,50000000,0,1,monotonic-batch
4,spgemv+257x129+sparse-uniform+density=0.01+mode=prepared,openblas,5,2,1,0,0,0,,ns,unsupported,unsupported,prepared,a038f25ac66821574b30392dc1d3b189cc287e2c,true,OpenBLAS 0.3.32 NO_LAPACKE DYNAMIC_ARCH NO_AFFINITY Haswell MAX_THREADS=128; compiler=15.2.0,1,3,200000000,spgemv-v1+257x129+sparse-uniform+density=0.01+mode=prepared,policy-v1,policy,unavailable,vendor-calibrated-v1,50000000,0,1,monotonic-batch
4,spgemv+257x129+sparse-uniform+density=0.01+mode=oneshot,openblas,5,2,1,0,0,0,,ns,unsupported,unsupported,oneshot,a038f25ac66821574b30392dc1d3b189cc287e2c,true,OpenBLAS 0.3.32 NO_LAPACKE DYNAMIC_ARCH NO_AFFINITY Haswell MAX_THREADS=128; compiler=15.2.0,1,3,200000000,spgemv-v1+257x129+sparse-uniform+density=0.01+mode=oneshot,policy-v1,policy,unavailable,vendor-calibrated-v1,50000000,0,1,monotonic-batch
4,spmm+257x8x129+sparse-uniform+density=0.01+mode=prepared,openblas,5,2,1,0,0,0,,ns,unsupported,unsupported,prepared,a038f25ac66821574b30392dc1d3b189cc287e2c,true,OpenBLAS 0.3.32 NO_LAPACKE DYNAMIC_ARCH NO_AFFINITY Haswell MAX_THREADS=128; compiler=15.2.0,1,3,200000000,spmm-v1+257x8x129+sparse-uniform+density=0.01+mode=prepared,policy-v1,policy,unavailable,vendor-calibrated-v1,50000000,0,1,monotonic-batch
4,spmm+257x8x129+sparse-uniform+density=0.01+mode=oneshot,openblas,5,2,1,0,0,0,,ns,unsupported,unsupported,oneshot,a038f25ac66821574b30392dc1d3b189cc287e2c,true,OpenBLAS 0.3.32 NO_LAPACKE DYNAMIC_ARCH NO_AFFINITY Haswell MAX_THREADS=128; compiler=15.2.0,1,3,200000000,spmm-v1+257x8x129+sparse-uniform+density=0.01+mode=oneshot,policy-v1,policy,unavailable,vendor-calibrated-v1,50000000,0,1,monotonic-batch
4,spgemm+129x97x65+sparse-uniform+density=0.01+mode=prepared,openblas,5,2,1,0,0,0,,ns,unsupported,unsupported,prepared,a038f25ac66821574b30392dc1d3b189cc287e2c,true,OpenBLAS 0.3.32 NO_LAPACKE DYNAMIC_ARCH NO_AFFINITY Haswell MAX_THREADS=128; compiler=15.2.0,1,3,200000000,spgemm-v1+129x97x65+sparse-uniform+density=0.01+mode=prepared,policy-v1,policy,unavailable,vendor-calibrated-v1,50000000,0,1,monotonic-batch
4,spgemm+129x97x65+sparse-uniform+density=0.01+mode=oneshot,openblas,5,2,1,0,0,0,,ns,unsupported,unsupported,oneshot,a038f25ac66821574b30392dc1d3b189cc287e2c,true,OpenBLAS 0.3.32 NO_LAPACKE DYNAMIC_ARCH NO_AFFINITY Haswell MAX_THREADS=128; compiler=15.2.0,1,3,200000000,spgemm-v1+129x97x65+sparse-uniform+density=0.01+mode=oneshot,policy-v1,policy,unavailable,vendor-calibrated-v1,50000000,0,1,monotonic-batch
4,spsymv+129+sparse-triangular+density=0.02+mode=oneshot+uplo=L,openblas,5,2,1,0,0,0,,ns,unsupported,unsupported,oneshot,a038f25ac66821574b30392dc1d3b189cc287e2c,true,OpenBLAS 0.3.32 NO_LAPACKE DYNAMIC_ARCH NO_AFFINITY Haswell MAX_THREADS=128; compiler=15.2.0,1,3,200000000,spsymv-v1+129+sparse-triangular+density=0.02+mode=oneshot+uplo=L,policy-v1,policy,unavailable,vendor-calibrated-v1,50000000,0,1,monotonic-batch
4,spsymm+129x8+sparse-triangular+density=0.02+mode=oneshot+side=L+uplo=L,openblas,5,2,1,0,0,0,,ns,unsupported,unsupported,oneshot,a038f25ac66821574b30392dc1d3b189cc287e2c,true,OpenBLAS 0.3.32 NO_LAPACKE DYNAMIC_ARCH NO_AFFINITY Haswell MAX_THREADS=128; compiler=15.2.0,1,3,200000000,spsymm-v1+129x8+sparse-triangular+density=0.02+mode=oneshot+side=L+uplo=L,policy-v1,policy,unavailable,vendor-calibrated-v1,50000000,0,1,monotonic-batch
4,sptrsv+129+sparse-triangular+density=0.02+mode=oneshot+uplo=L+transA=N+diag=N,openblas,5,2,1,0,0,0,,ns,unsupported,unsupported,oneshot,a038f25ac66821574b30392dc1d3b189cc287e2c,true,OpenBLAS 0.3.32 NO_LAPACKE DYNAMIC_ARCH NO_AFFINITY Haswell MAX_THREADS=128; compiler=15.2.0,1,3,200000000,sptrsv-v1+129+sparse-triangular+density=0.02+mode=oneshot+uplo=L+transA=N+diag=N,policy-v1,policy,unavailable,vendor-calibrated-v1,50000000,0,1,monotonic-batch
4,sptrmv+129+sparse-triangular+density=0.02+mode=oneshot+uplo=U+transA=T+diag=U,openblas,5,2,1,0,0,0,,ns,unsupported,unsupported,oneshot,a038f25ac66821574b30392dc1d3b189cc287e2c,true,OpenBLAS 0.3.32 NO_LAPACKE DYNAMIC_ARCH NO_AFFINITY Haswell MAX_THREADS=128; compiler=15.2.0,1,3,200000000,sptrmv-v1+129+sparse-triangular+density=0.02+mode=oneshot+uplo=U+transA=T+diag=U,policy-v1,policy,unavailable,vendor-calibrated-v1,50000000,0,1,monotonic-batch
4,sptrsm+129x8+sparse-triangular+density=0.02+mode=oneshot+side=L+uplo=L+transA=N+diag=N,openblas,5,2,1,0,0,0,,ns,unsupported,unsupported,oneshot,a038f25ac66821574b30392dc1d3b189cc287e2c,true,OpenBLAS 0.3.32 NO_LAPACKE DYNAMIC_ARCH NO_AFFINITY Haswell MAX_THREADS=128; compiler=15.2.0,1,3,200000000,sptrsm-v1+129x8+sparse-triangular+density=0.02+mode=oneshot+side=L+uplo=L+transA=N+diag=N,policy-v1,policy,unavailable,vendor-calibrated-v1,50000000,0,1,monotonic-batch
4,sptrmm+129x8+sparse-triangular+density=0.02+mode=oneshot+side=L+uplo=U+transA=T+diag=U,openblas,5,2,1,0,0,0,,ns,unsupported,unsupported,oneshot,a038f25ac66821574b30392dc1d3b189cc287e2c,true,OpenBLAS 0.3.32 NO_LAPACKE DYNAMIC_ARCH NO_AFFINITY Haswell MAX_THREADS=128; compiler=15.2.0,1,3,200000000,sptrmm-v1+129x8+sparse-triangular+density=0.02+mode=oneshot+side=L+uplo=U+transA=T+diag=U,policy-v1,policy,unavailable,vendor-calibrated-v1,50000000,0,1,monotonic-batch
4,spsyrk-dense+129x65+sparse-uniform+density=0.02+uplo=U,openblas,5,2,1,0,0,0,,ns,unsupported,unsupported,arithmetic,a038f25ac66821574b30392dc1d3b189cc287e2c,true,OpenBLAS 0.3.32 NO_LAPACKE DYNAMIC_ARCH NO_AFFINITY Haswell MAX_THREADS=128; compiler=15.2.0,1,3,200000000,spsyrk-dense-v1+129x65+sparse-uniform+density=0.02+uplo=U,policy-v1,policy,unavailable,vendor-calibrated-v1,50000000,0,1,monotonic-batch
4,spsyrk-sparse+129x65+sparse-uniform+density=0.02+uplo=L,openblas,5,2,1,0,0,0,,ns,unsupported,unsupported,arithmetic,a038f25ac66821574b30392dc1d3b189cc287e2c,true,OpenBLAS 0.3.32 NO_LAPACKE DYNAMIC_ARCH NO_AFFINITY Haswell MAX_THREADS=128; compiler=15.2.0,1,3,200000000,spsyrk-sparse-v1+129x65+sparse-uniform+density=0.02+uplo=L,policy-v1,policy,unavailable,vendor-calibrated-v1,50000000,0,1,monotonic-batch
4,spadd+129x65+sparse-uniform+density=0.02,openblas,5,2,1,0,0,0,,ns,unsupported,unsupported,arithmetic,a038f25ac66821574b30392dc1d3b189cc287e2c,true,OpenBLAS 0.3.32 NO_LAPACKE DYNAMIC_ARCH NO_AFFINITY Haswell MAX_THREADS=128; compiler=15.2.0,1,3,200000000,spadd-v1+129x65+sparse-uniform+density=0.02,policy-v1,policy,unavailable,vendor-calibrated-v1,50000000,0,1,monotonic-batch
4,sparse-slices-scatter+512+sparse-uniform+density=0.25,openblas,5,2,1,0,0,0,,ns,unsupported,unsupported,sparse-slices,a038f25ac66821574b30392dc1d3b189cc287e2c,true,OpenBLAS 0.3.32 NO_LAPACKE DYNAMIC_ARCH NO_AFFINITY Haswell MAX_THREADS=128; compiler=15.2.0,1,3,200000000,sparse-slices-scatter-v1+512+sparse-uniform+density=0.25,policy-v1,policy,unavailable,vendor-calibrated-v1,50000000,0,1,monotonic-batch
4,sparse-slices-scatter-checked+512+sparse-uniform+density=0.25,openblas,5,2,1,0,0,0,,ns,unsupported,unsupported,sparse-slices,a038f25ac66821574b30392dc1d3b189cc287e2c,true,OpenBLAS 0.3.32 NO_LAPACKE DYNAMIC_ARCH NO_AFFINITY Haswell MAX_THREADS=128; compiler=15.2.0,1,3,200000000,sparse-slices-scatter-checked-v1+512+sparse-uniform+density=0.25,policy-v1,policy,unavailable,vendor-calibrated-v1,50000000,0,1,monotonic-batch
4,sparse-slices-gather+512+sparse-uniform+density=0.25,openblas,5,2,1,0,0,0,,ns,unsupported,unsupported,sparse-slices,a038f25ac66821574b30392dc1d3b189cc287e2c,true,OpenBLAS 0.3.32 NO_LAPACKE DYNAMIC_ARCH NO_AFFINITY Haswell MAX_THREADS=128; compiler=15.2.0,1,3,200000000,sparse-slices-gather-v1+512+sparse-uniform+density=0.25,policy-v1,policy,unavailable,vendor-calibrated-v1,50000000,0,1,monotonic-batch
4,sparse-slices-gather-clear+512+sparse-uniform+density=0.25,openblas,5,2,1,0,0,0,,ns,unsupported,unsupported,sparse-slices,a038f25ac66821574b30392dc1d3b189cc287e2c,true,OpenBLAS 0.3.32 NO_LAPACKE DYNAMIC_ARCH NO_AFFINITY Haswell MAX_THREADS=128; compiler=15.2.0,1,3,200000000,sparse-slices-gather-clear-v1+512+sparse-uniform+density=0.25,policy-v1,policy,unavailable,vendor-calibrated-v1,50000000,0,1,monotonic-batch
4,sparse-slices-clear+512+sparse-uniform+density=0.25,openblas,5,2,1,0,0,0,,ns,unsupported,unsupported,sparse-slices,a038f25ac66821574b30392dc1d3b189cc287e2c,true,OpenBLAS 0.3.32 NO_LAPACKE DYNAMIC_ARCH NO_AFFINITY Haswell MAX_THREADS=128; compiler=15.2.0,1,3,200000000,sparse-slices-clear-v1+512+sparse-uniform+density=0.25,policy-v1,policy,unavailable,vendor-calibrated-v1,50000000,0,1,monotonic-batch
4,sparse-slices-clear-local+512+sparse-uniform+density=0.25,openblas,5,2,1,0,0,0,,ns,unsupported,unsupported,sparse-slices,a038f25ac66821574b30392dc1d3b189cc287e2c,true,OpenBLAS 0.3.32 NO_LAPACKE DYNAMIC_ARCH NO_AFFINITY Haswell MAX_THREADS=128; compiler=15.2.0,1,3,200000000,sparse-slices-clear-local-v1+512+sparse-uniform+density=0.25,policy-v1,policy,unavailable,vendor-calibrated-v1,50000000,0,1,monotonic-batch
4,sparse-slices-reduce-dot-checked+512+sparse-uniform+density=0.25,openblas,5,2,1,0,0,0,,ns,unsupported,unsupported,sparse-slices,a038f25ac66821574b30392dc1d3b189cc287e2c,true,OpenBLAS 0.3.32 NO_LAPACKE DYNAMIC_ARCH NO_AFFINITY Haswell MAX_THREADS=128; compiler=15.2.0,1,3,200000000,sparse-slices-reduce-dot-checked-v1+512+sparse-uniform+density=0.25,policy-v1,policy,unavailable,vendor-calibrated-v1,50000000,0,1,monotonic-batch
4,sparse-slices-reduce-dot-local+512+sparse-uniform+density=0.25,openblas,5,2,1,0,0,0,,ns,unsupported,unsupported,sparse-slices,a038f25ac66821574b30392dc1d3b189cc287e2c,true,OpenBLAS 0.3.32 NO_LAPACKE DYNAMIC_ARCH NO_AFFINITY Haswell MAX_THREADS=128; compiler=15.2.0,1,3,200000000,sparse-slices-reduce-dot-local-v1+512+sparse-uniform+density=0.25,policy-v1,policy,unavailable,vendor-calibrated-v1,50000000,0,1,monotonic-batch
4,sparse-slices-reduce-dot-unchecked+512+sparse-uniform+density=0.25,openblas,5,2,1,0,0,0,,ns,unsupported,unsupported,sparse-slices,a038f25ac66821574b30392dc1d3b189cc287e2c,true,OpenBLAS 0.3.32 NO_LAPACKE DYNAMIC_ARCH NO_AFFINITY Haswell MAX_THREADS=128; compiler=15.2.0,1,3,200000000,sparse-slices-reduce-dot-unchecked-v1+512+sparse-uniform+density=0.25,policy-v1,policy,unavailable,vendor-calibrated-v1,50000000,0,1,monotonic-batch
4,sparse-slices-max+512+sparse-uniform+density=0.25,openblas,5,2,1,0,0,0,,ns,unsupported,unsupported,sparse-slices,a038f25ac66821574b30392dc1d3b189cc287e2c,true,OpenBLAS 0.3.32 NO_LAPACKE DYNAMIC_ARCH NO_AFFINITY Haswell MAX_THREADS=128; compiler=15.2.0,1,3,200000000,sparse-slices-max-v1+512+sparse-uniform+density=0.25,policy-v1,policy,unavailable,vendor-calibrated-v1,50000000,0,1,monotonic-batch
4,sparse-slices-filter+512+sparse-uniform+density=0.25,openblas,5,2,1,0,0,0,,ns,unsupported,unsupported,sparse-slices,a038f25ac66821574b30392dc1d3b189cc287e2c,true,OpenBLAS 0.3.32 NO_LAPACKE DYNAMIC_ARCH NO_AFFINITY Haswell MAX_THREADS=128; compiler=15.2.0,1,3,200000000,sparse-slices-filter-v1+512+sparse-uniform+density=0.25,policy-v1,policy,unavailable,vendor-calibrated-v1,50000000,0,1,monotonic-batch
4,gemm+257x3x1+uniform,openblas,5,2,1,1,131072,110653843,844.22182464599609,ns,ok,direct,reset-and-arithmetic,a038f25ac66821574b30392dc1d3b189cc287e2c,true,OpenBLAS 0.3.32 NO_LAPACKE DYNAMIC_ARCH NO_AFFINITY Haswell MAX_THREADS=128; compiler=15.2.0,1,3,200000000,gemm-v1+257x3x1+uniform,policy-v1,policy,vendor-cblas-v1,vendor-calibrated-v1,50000000,1,1,monotonic-batch
4,gemm+257x3x1+uniform,openblas,5,2,1,2,131072,111184880,848.2733154296875,ns,ok,direct,reset-and-arithmetic,a038f25ac66821574b30392dc1d3b189cc287e2c,true,OpenBLAS 0.3.32 NO_LAPACKE DYNAMIC_ARCH NO_AFFINITY Haswell MAX_THREADS=128; compiler=15.2.0,1,3,200000000,gemm-v1+257x3x1+uniform,policy-v1,policy,vendor-cblas-v1,vendor-calibrated-v1,50000000,1,1,monotonic-batch
4,gemm+257x3x1+uniform,openblas,5,2,1,3,131072,115989954,884.93312072753906,ns,ok,direct,reset-and-arithmetic,a038f25ac66821574b30392dc1d3b189cc287e2c,true,OpenBLAS 0.3.32 NO_LAPACKE DYNAMIC_ARCH NO_AFFINITY Haswell MAX_THREADS=128; compiler=15.2.0,1,3,200000000,gemm-v1+257x3x1+uniform,policy-v1,policy,vendor-cblas-v1,vendor-calibrated-v1,50000000,1,1,monotonic-batch
4,gemm+257x3x1+uniform,openblas,5,2,1,4,131072,111207155,848.44326019287109,ns,ok,direct,reset-and-arithmetic,a038f25ac66821574b30392dc1d3b189cc287e2c,true,OpenBLAS 0.3.32 NO_LAPACKE DYNAMIC_ARCH NO_AFFINITY Haswell MAX_THREADS=128; compiler=15.2.0,1,3,200000000,gemm-v1+257x3x1+uniform,policy-v1,policy,vendor-cblas-v1,vendor-calibrated-v1,50000000,1,1,monotonic-batch
4,gemm+257x3x1+uniform,openblas,5,2,1,5,131072,110163160,840.47821044921875,ns,ok,direct,reset-and-arithmetic,a038f25ac66821574b30392dc1d3b189cc287e2c,true,OpenBLAS 0.3.32 NO_LAPACKE DYNAMIC_ARCH NO_AFFINITY Haswell MAX_THREADS=128; compiler=15.2.0,1,3,200000000,gemm-v1+257x3x1+uniform,policy-v1,policy,vendor-cblas-v1,vendor-calibrated-v1,50000000,1,1,monotonic-batch
4,gemm+3x257x33+uniform,openblas,5,2,1,1,16384,151098872,9222.34326171875,ns,ok,direct,reset-and-arithmetic,a038f25ac66821574b30392dc1d3b189cc287e2c,true,OpenBLAS 0.3.32 NO_LAPACKE DYNAMIC_ARCH NO_AFFINITY Haswell MAX_THREADS=128; compiler=15.2.0,1,3,200000000,gemm-v1+3x257x33+uniform,policy-v1,policy,vendor-cblas-v1,vendor-calibrated-v1,50000000,1,1,monotonic-batch
4,gemm+3x257x33+uniform,openblas,5,2,1,2,16384,188761200,11521.0693359375,ns,ok,direct,reset-and-arithmetic,a038f25ac66821574b30392dc1d3b189cc287e2c,true,OpenBLAS 0.3.32 NO_LAPACKE DYNAMIC_ARCH NO_AFFINITY Haswell MAX_THREADS=128; compiler=15.2.0,1,3,200000000,gemm-v1+3x257x33+uniform,policy-v1,policy,vendor-cblas-v1,vendor-calibrated-v1,50000000,1,1,monotonic-batch
4,gemm+3x257x33+uniform,openblas,5,2,1,3,16384,174103773,10626.450988769531,ns,ok,direct,reset-and-arithmetic,a038f25ac66821574b30392dc1d3b189cc287e2c,true,OpenBLAS 0.3.32 NO_LAPACKE DYNAMIC_ARCH NO_AFFINITY Haswell MAX_THREADS=128; compiler=15.2.0,1,3,200000000,gemm-v1+3x257x33+uniform,policy-v1,policy,vendor-cblas-v1,vendor-calibrated-v1,50000000,1,1,monotonic-batch
4,gemm+3x257x33+uniform,openblas,5,2,1,4,16384,154460299,9427.5084838867188,ns,ok,direct,reset-and-arithmetic,a038f25ac66821574b30392dc1d3b189cc287e2c,true,OpenBLAS 0.3.32 NO_LAPACKE DYNAMIC_ARCH NO_AFFINITY Haswell MAX_THREADS=128; compiler=15.2.0,1,3,200000000,gemm-v1+3x257x33+uniform,policy-v1,policy,vendor-cblas-v1,vendor-calibrated-v1,50000000,1,1,monotonic-batch
4,gemm+3x257x33+uniform,openblas,5,2,1,5,16384,160603478,9802.4583740234375,ns,ok,direct,reset-and-arithmetic,a038f25ac66821574b30392dc1d3b189cc287e2c,true,OpenBLAS 0.3.32 NO_LAPACKE DYNAMIC_ARCH NO_AFFINITY Haswell MAX_THREADS=128; compiler=15.2.0,1,3,200000000,gemm-v1+3x257x33+uniform,policy-v1,policy,vendor-cblas-v1,vendor-calibrated-v1,50000000,1,1,monotonic-batch
4,gemm+127x5x65+uniform,openblas,5,2,1,1,16384,154501231,9430.0067749023438,ns,ok,direct,reset-and-arithmetic,a038f25ac66821574b30392dc1d3b189cc287e2c,true,OpenBLAS 0.3.32 NO_LAPACKE DYNAMIC_ARCH NO_AFFINITY Haswell MAX_THREADS=128; compiler=15.2.0,1,3,200000000,gemm-v1+127x5x65+uniform,policy-v1,policy,vendor-cblas-v1,vendor-calibrated-v1,50000000,1,1,monotonic-batch
4,gemm+127x5x65+uniform,openblas,5,2,1,2,16384,175890335,10735.494079589844,ns,ok,direct,reset-and-arithmetic,a038f25ac66821574b30392dc1d3b189cc287e2c,true,OpenBLAS 0.3.32 NO_LAPACKE DYNAMIC_ARCH NO_AFFINITY Haswell MAX_THREADS=128; compiler=15.2.0,1,3,200000000,gemm-v1+127x5x65+uniform,policy-v1,policy,vendor-cblas-v1,vendor-calibrated-v1,50000000,1,1,monotonic-batch
4,gemm+127x5x65+uniform,openblas,5,2,1,3,16384,182745488,11153.8994140625,ns,ok,direct,reset-and-arithmetic,a038f25ac66821574b30392dc1d3b189cc287e2c,true,OpenBLAS 0.3.32 NO_LAPACKE DYNAMIC_ARCH NO_AFFINITY Haswell MAX_THREADS=128; compiler=15.2.0,1,3,200000000,gemm-v1+127x5x65+uniform,policy-v1,policy,vendor-cblas-v1,vendor-calibrated-v1,50000000,1,1,monotonic-batch
4,gemm+127x5x65+uniform,openblas,5,2,1,4,16384,185075869,11296.134582519531,ns,ok,direct,reset-and-arithmetic,a038f25ac66821574b30392dc1d3b189cc287e2c,true,OpenBLAS 0.3.32 NO_LAPACKE DYNAMIC_ARCH NO_AFFINITY Haswell MAX_THREADS=128; compiler=15.2.0,1,3,200000000,gemm-v1+127x5x65+uniform,policy-v1,policy,vendor-cblas-v1,vendor-calibrated-v1,50000000,1,1,monotonic-batch
4,gemm+127x5x65+uniform,openblas,5,2,1,5,16384,180851893,11038.323547363281,ns,ok,direct,reset-and-arithmetic,a038f25ac66821574b30392dc1d3b189cc287e2c,true,OpenBLAS 0.3.32 NO_LAPACKE DYNAMIC_ARCH NO_AFFINITY Haswell MAX_THREADS=128; compiler=15.2.0,1,3,200000000,gemm-v1+127x5x65+uniform,policy-v1,policy,vendor-cblas-v1,vendor-calibrated-v1,50000000,1,1,monotonic-batch
4,trsm+65x1+triangular+side=L+uplo=L+transA=N+diag=N,openblas,5,2,1,1,65536,177401852,2706.9374389648438,ns,ok,direct,reset-and-arithmetic,a038f25ac66821574b30392dc1d3b189cc287e2c,true,OpenBLAS 0.3.32 NO_LAPACKE DYNAMIC_ARCH NO_AFFINITY Haswell MAX_THREADS=128; compiler=15.2.0,1,3,200000000,trsm-v1+65x1+triangular+side=L+uplo=L+transA=N+diag=N,policy-v1,policy,vendor-cblas-v1,vendor-calibrated-v1,50000000,1,1,monotonic-batch
4,trsm+65x1+triangular+side=L+uplo=L+transA=N+diag=N,openblas,5,2,1,2,65536,178629769,2725.6739654541016,ns,ok,direct,reset-and-arithmetic,a038f25ac66821574b30392dc1d3b189cc287e2c,true,OpenBLAS 0.3.32 NO_LAPACKE DYNAMIC_ARCH NO_AFFINITY Haswell MAX_THREADS=128; compiler=15.2.0,1,3,200000000,trsm-v1+65x1+triangular+side=L+uplo=L+transA=N+diag=N,policy-v1,policy,vendor-cblas-v1,vendor-calibrated-v1,50000000,1,1,monotonic-batch
4,trsm+65x1+triangular+side=L+uplo=L+transA=N+diag=N,openblas,5,2,1,3,65536,175855222,2683.3377380371094,ns,ok,direct,reset-and-arithmetic,a038f25ac66821574b30392dc1d3b189cc287e2c,true,OpenBLAS 0.3.32 NO_LAPACKE DYNAMIC_ARCH NO_AFFINITY Haswell MAX_THREADS=128; compiler=15.2.0,1,3,200000000,trsm-v1+65x1+triangular+side=L+uplo=L+transA=N+diag=N,policy-v1,policy,vendor-cblas-v1,vendor-calibrated-v1,50000000,1,1,monotonic-batch
4,trsm+65x1+triangular+side=L+uplo=L+transA=N+diag=N,openblas,5,2,1,4,65536,129654821,1978.3755645751953,ns,ok,direct,reset-and-arithmetic,a038f25ac66821574b30392dc1d3b189cc287e2c,true,OpenBLAS 0.3.32 NO_LAPACKE DYNAMIC_ARCH NO_AFFINITY Haswell MAX_THREADS=128; compiler=15.2.0,1,3,200000000,trsm-v1+65x1+triangular+side=L+uplo=L+transA=N+diag=N,policy-v1,policy,vendor-cblas-v1,vendor-calibrated-v1,50000000,1,1,monotonic-batch
4,trsm+65x1+triangular+side=L+uplo=L+transA=N+diag=N,openblas,5,2,1,5,65536,113741082,1735.5511779785156,ns,ok,direct,reset-and-arithmetic,a038f25ac66821574b30392dc1d3b189cc287e2c,true,OpenBLAS 0.3.32 NO_LAPACKE DYNAMIC_ARCH NO_AFFINITY Haswell MAX_THREADS=128; compiler=15.2.0,1,3,200000000,trsm-v1+65x1+triangular+side=L+uplo=L+transA=N+diag=N,policy-v1,policy,vendor-cblas-v1,vendor-calibrated-v1,50000000,1,1,monotonic-batch
4,trsm+65x33+triangular+side=L+uplo=U+transA=T+diag=U,openblas,5,2,1,1,8192,171497545,20934.758911132812,ns,ok,direct,reset-and-arithmetic,a038f25ac66821574b30392dc1d3b189cc287e2c,true,OpenBLAS 0.3.32 NO_LAPACKE DYNAMIC_ARCH NO_AFFINITY Haswell MAX_THREADS=128; compiler=15.2.0,1,3,200000000,trsm-v1+65x33+triangular+side=L+uplo=U+transA=T+diag=U,policy-v1,policy,vendor-cblas-v1,vendor-calibrated-v1,50000000,1,1,monotonic-batch
4,trsm+65x33+triangular+side=L+uplo=U+transA=T+diag=U,openblas,5,2,1,2,8192,138712689,16932.701293945312,ns,ok,direct,reset-and-arithmetic,a038f25ac66821574b30392dc1d3b189cc287e2c,true,OpenBLAS 0.3.32 NO_LAPACKE DYNAMIC_ARCH NO_AFFINITY Haswell MAX_THREADS=128; compiler=15.2.0,1,3,200000000,trsm-v1+65x33+triangular+side=L+uplo=U+transA=T+diag=U,policy-v1,policy,vendor-cblas-v1,vendor-calibrated-v1,50000000,1,1,monotonic-batch
4,trsm+65x33+triangular+side=L+uplo=U+transA=T+diag=U,openblas,5,2,1,3,8192,124382768,15183.443359375,ns,ok,direct,reset-and-arithmetic,a038f25ac66821574b30392dc1d3b189cc287e2c,true,OpenBLAS 0.3.32 NO_LAPACKE DYNAMIC_ARCH NO_AFFINITY Haswell MAX_THREADS=128; compiler=15.2.0,1,3,200000000,trsm-v1+65x33+triangular+side=L+uplo=U+transA=T+diag=U,policy-v1,policy,vendor-cblas-v1,vendor-calibrated-v1,50000000,1,1,monotonic-batch
4,trsm+65x33+triangular+side=L+uplo=U+transA=T+diag=U,openblas,5,2,1,4,8192,105341180,12859.03076171875,ns,ok,direct,reset-and-arithmetic,a038f25ac66821574b30392dc1d3b189cc287e2c,true,OpenBLAS 0.3.32 NO_LAPACKE DYNAMIC_ARCH NO_AFFINITY Haswell MAX_THREADS=128; compiler=15.2.0,1,3,200000000,trsm-v1+65x33+triangular+side=L+uplo=U+transA=T+diag=U,policy-v1,policy,vendor-cblas-v1,vendor-calibrated-v1,50000000,1,1,monotonic-batch
4,trsm+65x33+triangular+side=L+uplo=U+transA=T+diag=U,openblas,5,2,1,5,8192,99874535,12191.715698242188,ns,ok,direct,reset-and-arithmetic,a038f25ac66821574b30392dc1d3b189cc287e2c,true,OpenBLAS 0.3.32 NO_LAPACKE DYNAMIC_ARCH NO_AFFINITY Haswell MAX_THREADS=128; compiler=15.2.0,1,3,200000000,trsm-v1+65x33+triangular+side=L+uplo=U+transA=T+diag=U,policy-v1,policy,vendor-cblas-v1,vendor-calibrated-v1,50000000,1,1,monotonic-batch
4,gemm-block+15x7x31+uniform+physical=4x4+work=gemm-add-v1+leftLayout=depth-rows-v1+rightLayout=depth-columns-v1+leftGroup=4+rightGroup=4+leftStride=4+rightStride=4+padding=zero+alignment=8+block=15x7x31+panel=31+diagonal=0+rhs=0+batch=1+variant=current-tile-v1+timing=prepacked-compute,openblas,5,2,1,1,65536,148492573,2265.8168487548828,ns,ok,direct,prepacked-compute,a038f25ac66821574b30392dc1d3b189cc287e2c,true,OpenBLAS 0.3.32 NO_LAPACKE DYNAMIC_ARCH NO_AFFINITY Haswell MAX_THREADS=128; compiler=15.2.0,1,3,200000000,gemm-add-v1+15x7x31+uniform,vendor-column-major-v1,calls=1;leftDoubles=465;rightDoubles=217;outputDoubles=105;resetDoubles=105;triangleDoubles=0,vendor-cblas-v1,vendor-calibrated-v1,50000000,1,1,monotonic-batch
4,gemm-block+15x7x31+uniform+physical=4x4+work=gemm-add-v1+leftLayout=depth-rows-v1+rightLayout=depth-columns-v1+leftGroup=4+rightGroup=4+leftStride=4+rightStride=4+padding=zero+alignment=8+block=15x7x31+panel=31+diagonal=0+rhs=0+batch=1+variant=current-tile-v1+timing=prepacked-compute,openblas,5,2,1,2,65536,96215424,1468.130859375,ns,ok,direct,prepacked-compute,a038f25ac66821574b30392dc1d3b189cc287e2c,true,OpenBLAS 0.3.32 NO_LAPACKE DYNAMIC_ARCH NO_AFFINITY Haswell MAX_THREADS=128; compiler=15.2.0,1,3,200000000,gemm-add-v1+15x7x31+uniform,vendor-column-major-v1,calls=1;leftDoubles=465;rightDoubles=217;outputDoubles=105;resetDoubles=105;triangleDoubles=0,vendor-cblas-v1,vendor-calibrated-v1,50000000,1,1,monotonic-batch
4,gemm-block+15x7x31+uniform+physical=4x4+work=gemm-add-v1+leftLayout=depth-rows-v1+rightLayout=depth-columns-v1+leftGroup=4+rightGroup=4+leftStride=4+rightStride=4+padding=zero+alignment=8+block=15x7x31+panel=31+diagonal=0+rhs=0+batch=1+variant=current-tile-v1+timing=prepacked-compute,openblas,5,2,1,3,65536,86204365,1315.3742218017578,ns,ok,direct,prepacked-compute,a038f25ac66821574b30392dc1d3b189cc287e2c,true,OpenBLAS 0.3.32 NO_LAPACKE DYNAMIC_ARCH NO_AFFINITY Haswell MAX_THREADS=128; compiler=15.2.0,1,3,200000000,gemm-add-v1+15x7x31+uniform,vendor-column-major-v1,calls=1;leftDoubles=465;rightDoubles=217;outputDoubles=105;resetDoubles=105;triangleDoubles=0,vendor-cblas-v1,vendor-calibrated-v1,50000000,1,1,monotonic-batch
4,gemm-block+15x7x31+uniform+physical=4x4+work=gemm-add-v1+leftLayout=depth-rows-v1+rightLayout=depth-columns-v1+leftGroup=4+rightGroup=4+leftStride=4+rightStride=4+padding=zero+alignment=8+block=15x7x31+panel=31+diagonal=0+rhs=0+batch=1+variant=current-tile-v1+timing=prepacked-compute,openblas,5,2,1,4,65536,119971231,1830.6157073974609,ns,ok,direct,prepacked-compute,a038f25ac66821574b30392dc1d3b189cc287e2c,true,OpenBLAS 0.3.32 NO_LAPACKE DYNAMIC_ARCH NO_AFFINITY Haswell MAX_THREADS=128; compiler=15.2.0,1,3,200000000,gemm-add-v1+15x7x31+uniform,vendor-column-major-v1,calls=1;leftDoubles=465;rightDoubles=217;outputDoubles=105;resetDoubles=105;triangleDoubles=0,vendor-cblas-v1,vendor-calibrated-v1,50000000,1,1,monotonic-batch
4,gemm-block+15x7x31+uniform+physical=4x4+work=gemm-add-v1+leftLayout=depth-rows-v1+rightLayout=depth-columns-v1+leftGroup=4+rightGroup=4+leftStride=4+rightStride=4+padding=zero+alignment=8+block=15x7x31+panel=31+diagonal=0+rhs=0+batch=1+variant=current-tile-v1+timing=prepacked-compute,openblas,5,2,1,5,65536,149851913,2286.5587310791016,ns,ok,direct,prepacked-compute,a038f25ac66821574b30392dc1d3b189cc287e2c,true,OpenBLAS 0.3.32 NO_LAPACKE DYNAMIC_ARCH NO_AFFINITY Haswell MAX_THREADS=128; compiler=15.2.0,1,3,200000000,gemm-add-v1+15x7x31+uniform,vendor-column-major-v1,calls=1;leftDoubles=465;rightDoubles=217;outputDoubles=105;resetDoubles=105;triangleDoubles=0,vendor-cblas-v1,vendor-calibrated-v1,50000000,1,1,monotonic-batch
4,gemm-block+15x7x31+uniform+physical=4x4+work=gemm-add-v1+leftLayout=depth-rows-v1+rightLayout=depth-columns-v1+leftGroup=4+rightGroup=4+leftStride=4+rightStride=4+padding=zero+alignment=8+block=15x7x31+panel=31+diagonal=0+rhs=0+batch=1+variant=current-tile-v1+timing=pack-plus-compute,openblas,5,2,1,0,0,0,,ns,unsupported,unsupported,pack-plus-compute,a038f25ac66821574b30392dc1d3b189cc287e2c,true,OpenBLAS 0.3.32 NO_LAPACKE DYNAMIC_ARCH NO_AFFINITY Haswell MAX_THREADS=128; compiler=15.2.0,1,3,200000000,gemm-add-v1+15x7x31+uniform,vendor-column-major-v1,calls=1;leftDoubles=465;rightDoubles=217;outputDoubles=105;resetDoubles=105;triangleDoubles=0,unavailable,vendor-calibrated-v1,50000000,0,1,monotonic-batch
4,gemm-block+32x16x65+uniform+physical=4x4+work=gemm-add-v1+leftLayout=depth-rows-v1+rightLayout=depth-columns-v1+leftGroup=4+rightGroup=4+leftStride=4+rightStride=4+padding=zero+alignment=8+block=32x16x65+panel=65+diagonal=0+rhs=0+batch=1+variant=current-tile-v1+timing=prepacked-compute,openblas,5,2,1,1,16384,98173011,5992.0050659179688,ns,ok,direct,prepacked-compute,a038f25ac66821574b30392dc1d3b189cc287e2c,true,OpenBLAS 0.3.32 NO_LAPACKE DYNAMIC_ARCH NO_AFFINITY Haswell MAX_THREADS=128; compiler=15.2.0,1,3,200000000,gemm-add-v1+32x16x65+uniform,vendor-column-major-v1,calls=1;leftDoubles=2080;rightDoubles=1040;outputDoubles=512;resetDoubles=512;triangleDoubles=0,vendor-cblas-v1,vendor-calibrated-v1,50000000,1,1,monotonic-batch
4,gemm-block+32x16x65+uniform+physical=4x4+work=gemm-add-v1+leftLayout=depth-rows-v1+rightLayout=depth-columns-v1+leftGroup=4+rightGroup=4+leftStride=4+rightStride=4+padding=zero+alignment=8+block=32x16x65+panel=65+diagonal=0+rhs=0+batch=1+variant=current-tile-v1+timing=prepacked-compute,openblas,5,2,1,2,16384,118037641,7204.4458618164062,ns,ok,direct,prepacked-compute,a038f25ac66821574b30392dc1d3b189cc287e2c,true,OpenBLAS 0.3.32 NO_LAPACKE DYNAMIC_ARCH NO_AFFINITY Haswell MAX_THREADS=128; compiler=15.2.0,1,3,200000000,gemm-add-v1+32x16x65+uniform,vendor-column-major-v1,calls=1;leftDoubles=2080;rightDoubles=1040;outputDoubles=512;resetDoubles=512;triangleDoubles=0,vendor-cblas-v1,vendor-calibrated-v1,50000000,1,1,monotonic-batch
4,gemm-block+32x16x65+uniform+physical=4x4+work=gemm-add-v1+leftLayout=depth-rows-v1+rightLayout=depth-columns-v1+leftGroup=4+rightGroup=4+leftStride=4+rightStride=4+padding=zero+alignment=8+block=32x16x65+panel=65+diagonal=0+rhs=0+batch=1+variant=current-tile-v1+timing=prepacked-compute,openblas,5,2,1,3,16384,146147022,8920.1063232421875,ns,ok,direct,prepacked-compute,a038f25ac66821574b30392dc1d3b189cc287e2c,true,OpenBLAS 0.3.32 NO_LAPACKE DYNAMIC_ARCH NO_AFFINITY Haswell MAX_THREADS=128; compiler=15.2.0,1,3,200000000,gemm-add-v1+32x16x65+uniform,vendor-column-major-v1,calls=1;leftDoubles=2080;rightDoubles=1040;outputDoubles=512;resetDoubles=512;triangleDoubles=0,vendor-cblas-v1,vendor-calibrated-v1,50000000,1,1,monotonic-batch
4,gemm-block+32x16x65+uniform+physical=4x4+work=gemm-add-v1+leftLayout=depth-rows-v1+rightLayout=depth-columns-v1+leftGroup=4+rightGroup=4+leftStride=4+rightStride=4+padding=zero+alignment=8+block=32x16x65+panel=65+diagonal=0+rhs=0+batch=1+variant=current-tile-v1+timing=prepacked-compute,openblas,5,2,1,4,16384,159239661,9719.2175903320312,ns,ok,direct,prepacked-compute,a038f25ac66821574b30392dc1d3b189cc287e2c,true,OpenBLAS 0.3.32 NO_LAPACKE DYNAMIC_ARCH NO_AFFINITY Haswell MAX_THREADS=128; compiler=15.2.0,1,3,200000000,gemm-add-v1+32x16x65+uniform,vendor-column-major-v1,calls=1;leftDoubles=2080;rightDoubles=1040;outputDoubles=512;resetDoubles=512;triangleDoubles=0,vendor-cblas-v1,vendor-calibrated-v1,50000000,1,1,monotonic-batch
4,gemm-block+32x16x65+uniform+physical=4x4+work=gemm-add-v1+leftLayout=depth-rows-v1+rightLayout=depth-columns-v1+leftGroup=4+rightGroup=4+leftStride=4+rightStride=4+padding=zero+alignment=8+block=32x16x65+panel=65+diagonal=0+rhs=0+batch=1+variant=current-tile-v1+timing=prepacked-compute,openblas,5,2,1,5,16384,168715090,10297.551879882812,ns,ok,direct,prepacked-compute,a038f25ac66821574b30392dc1d3b189cc287e2c,true,OpenBLAS 0.3.32 NO_LAPACKE DYNAMIC_ARCH NO_AFFINITY Haswell MAX_THREADS=128; compiler=15.2.0,1,3,200000000,gemm-add-v1+32x16x65+uniform,vendor-column-major-v1,calls=1;leftDoubles=2080;rightDoubles=1040;outputDoubles=512;resetDoubles=512;triangleDoubles=0,vendor-cblas-v1,vendor-calibrated-v1,50000000,1,1,monotonic-batch
4,gemm-block+32x16x65+uniform+physical=4x4+work=gemm-add-v1+leftLayout=depth-rows-v1+rightLayout=depth-columns-v1+leftGroup=4+rightGroup=4+leftStride=4+rightStride=4+padding=zero+alignment=8+block=32x16x65+panel=65+diagonal=0+rhs=0+batch=1+variant=current-tile-v1+timing=pack-plus-compute,openblas,5,2,1,0,0,0,,ns,unsupported,unsupported,pack-plus-compute,a038f25ac66821574b30392dc1d3b189cc287e2c,true,OpenBLAS 0.3.32 NO_LAPACKE DYNAMIC_ARCH NO_AFFINITY Haswell MAX_THREADS=128; compiler=15.2.0,1,3,200000000,gemm-add-v1+32x16x65+uniform,vendor-column-major-v1,calls=1;leftDoubles=2080;rightDoubles=1040;outputDoubles=512;resetDoubles=512;triangleDoubles=0,unavailable,vendor-calibrated-v1,50000000,0,1,monotonic-batch
4,gemm-block+15x7x31+uniform+physical=8x4+work=gemm-add-v1+leftLayout=depth-rows-v1+rightLayout=depth-columns-v1+leftGroup=8+rightGroup=4+leftStride=8+rightStride=4+padding=zero+alignment=8+block=15x7x31+panel=31+diagonal=0+rhs=0+batch=1+variant=current-tile-v1+timing=prepacked-compute,openblas,5,2,1,1,65536,103612661,1581.0037384033203,ns,ok,direct,prepacked-compute,a038f25ac66821574b30392dc1d3b189cc287e2c,true,OpenBLAS 0.3.32 NO_LAPACKE DYNAMIC_ARCH NO_AFFINITY Haswell MAX_THREADS=128; compiler=15.2.0,1,3,200000000,gemm-add-v1+15x7x31+uniform,vendor-column-major-v1,calls=1;leftDoubles=465;rightDoubles=217;outputDoubles=105;resetDoubles=105;triangleDoubles=0,vendor-cblas-v1,vendor-calibrated-v1,50000000,1,1,monotonic-batch
4,gemm-block+15x7x31+uniform+physical=8x4+work=gemm-add-v1+leftLayout=depth-rows-v1+rightLayout=depth-columns-v1+leftGroup=8+rightGroup=4+leftStride=8+rightStride=4+padding=zero+alignment=8+block=15x7x31+panel=31+diagonal=0+rhs=0+batch=1+variant=current-tile-v1+timing=prepacked-compute,openblas,5,2,1,2,65536,98818313,1507.8477935791016,ns,ok,direct,prepacked-compute,a038f25ac66821574b30392dc1d3b189cc287e2c,true,OpenBLAS 0.3.32 NO_LAPACKE DYNAMIC_ARCH NO_AFFINITY Haswell MAX_THREADS=128; compiler=15.2.0,1,3,200000000,gemm-add-v1+15x7x31+uniform,vendor-column-major-v1,calls=1;leftDoubles=465;rightDoubles=217;outputDoubles=105;resetDoubles=105;triangleDoubles=0,vendor-cblas-v1,vendor-calibrated-v1,50000000,1,1,monotonic-batch
4,gemm-block+15x7x31+uniform+physical=8x4+work=gemm-add-v1+leftLayout=depth-rows-v1+rightLayout=depth-columns-v1+leftGroup=8+rightGroup=4+leftStride=8+rightStride=4+padding=zero+alignment=8+block=15x7x31+panel=31+diagonal=0+rhs=0+batch=1+variant=current-tile-v1+timing=prepacked-compute,openblas,5,2,1,3,65536,92632222,1413.4555358886719,ns,ok,direct,prepacked-compute,a038f25ac66821574b30392dc1d3b189cc287e2c,true,OpenBLAS 0.3.32 NO_LAPACKE DYNAMIC_ARCH NO_AFFINITY Haswell MAX_THREADS=128; compiler=15.2.0,1,3,200000000,gemm-add-v1+15x7x31+uniform,vendor-column-major-v1,calls=1;leftDoubles=465;rightDoubles=217;outputDoubles=105;resetDoubles=105;triangleDoubles=0,vendor-cblas-v1,vendor-calibrated-v1,50000000,1,1,monotonic-batch
4,gemm-block+15x7x31+uniform+physical=8x4+work=gemm-add-v1+leftLayout=depth-rows-v1+rightLayout=depth-columns-v1+leftGroup=8+rightGroup=4+leftStride=8+rightStride=4+padding=zero+alignment=8+block=15x7x31+panel=31+diagonal=0+rhs=0+batch=1+variant=current-tile-v1+timing=prepacked-compute,openblas,5,2,1,4,65536,88100100,1344.3008422851562,ns,ok,direct,prepacked-compute,a038f25ac66821574b30392dc1d3b189cc287e2c,true,OpenBLAS 0.3.32 NO_LAPACKE DYNAMIC_ARCH NO_AFFINITY Haswell MAX_THREADS=128; compiler=15.2.0,1,3,200000000,gemm-add-v1+15x7x31+uniform,vendor-column-major-v1,calls=1;leftDoubles=465;rightDoubles=217;outputDoubles=105;resetDoubles=105;triangleDoubles=0,vendor-cblas-v1,vendor-calibrated-v1,50000000,1,1,monotonic-batch
4,gemm-block+15x7x31+uniform+physical=8x4+work=gemm-add-v1+leftLayout=depth-rows-v1+rightLayout=depth-columns-v1+leftGroup=8+rightGroup=4+leftStride=8+rightStride=4+padding=zero+alignment=8+block=15x7x31+panel=31+diagonal=0+rhs=0+batch=1+variant=current-tile-v1+timing=prepacked-compute,openblas,5,2,1,5,65536,74923333,1143.2393341064453,ns,ok,direct,prepacked-compute,a038f25ac66821574b30392dc1d3b189cc287e2c,true,OpenBLAS 0.3.32 NO_LAPACKE DYNAMIC_ARCH NO_AFFINITY Haswell MAX_THREADS=128; compiler=15.2.0,1,3,200000000,gemm-add-v1+15x7x31+uniform,vendor-column-major-v1,calls=1;leftDoubles=465;rightDoubles=217;outputDoubles=105;resetDoubles=105;triangleDoubles=0,vendor-cblas-v1,vendor-calibrated-v1,50000000,1,1,monotonic-batch
4,gemm-block+15x7x31+uniform+physical=8x4+work=gemm-add-v1+leftLayout=depth-rows-v1+rightLayout=depth-columns-v1+leftGroup=8+rightGroup=4+leftStride=8+rightStride=4+padding=zero+alignment=8+block=15x7x31+panel=31+diagonal=0+rhs=0+batch=1+variant=current-tile-v1+timing=pack-plus-compute,openblas,5,2,1,0,0,0,,ns,unsupported,unsupported,pack-plus-compute,a038f25ac66821574b30392dc1d3b189cc287e2c,true,OpenBLAS 0.3.32 NO_LAPACKE DYNAMIC_ARCH NO_AFFINITY Haswell MAX_THREADS=128; compiler=15.2.0,1,3,200000000,gemm-add-v1+15x7x31+uniform,vendor-column-major-v1,calls=1;leftDoubles=465;rightDoubles=217;outputDoubles=105;resetDoubles=105;triangleDoubles=0,unavailable,vendor-calibrated-v1,50000000,0,1,monotonic-batch
4,gemm-block+32x16x65+uniform+physical=8x4+work=gemm-add-v1+leftLayout=depth-rows-v1+rightLayout=depth-columns-v1+leftGroup=8+rightGroup=4+leftStride=8+rightStride=4+padding=zero+alignment=8+block=32x16x65+panel=65+diagonal=0+rhs=0+batch=1+variant=current-tile-v1+timing=prepacked-compute,openblas,5,2,1,1,32768,121296889,3701.6872863769531,ns,ok,direct,prepacked-compute,a038f25ac66821574b30392dc1d3b189cc287e2c,true,OpenBLAS 0.3.32 NO_LAPACKE DYNAMIC_ARCH NO_AFFINITY Haswell MAX_THREADS=128; compiler=15.2.0,1,3,200000000,gemm-add-v1+32x16x65+uniform,vendor-column-major-v1,calls=1;leftDoubles=2080;rightDoubles=1040;outputDoubles=512;resetDoubles=512;triangleDoubles=0,vendor-cblas-v1,vendor-calibrated-v1,50000000,1,1,monotonic-batch
4,gemm-block+32x16x65+uniform+physical=8x4+work=gemm-add-v1+leftLayout=depth-rows-v1+rightLayout=depth-columns-v1+leftGroup=8+rightGroup=4+leftStride=8+rightStride=4+padding=zero+alignment=8+block=32x16x65+panel=65+diagonal=0+rhs=0+batch=1+variant=current-tile-v1+timing=prepacked-compute,openblas,5,2,1,2,32768,114136567,3483.1716003417969,ns,ok,direct,prepacked-compute,a038f25ac66821574b30392dc1d3b189cc287e2c,true,OpenBLAS 0.3.32 NO_LAPACKE DYNAMIC_ARCH NO_AFFINITY Haswell MAX_THREADS=128; compiler=15.2.0,1,3,200000000,gemm-add-v1+32x16x65+uniform,vendor-column-major-v1,calls=1;leftDoubles=2080;rightDoubles=1040;outputDoubles=512;resetDoubles=512;triangleDoubles=0,vendor-cblas-v1,vendor-calibrated-v1,50000000,1,1,monotonic-batch
4,gemm-block+32x16x65+uniform+physical=8x4+work=gemm-add-v1+leftLayout=depth-rows-v1+rightLayout=depth-columns-v1+leftGroup=8+rightGroup=4+leftStride=8+rightStride=4+padding=zero+alignment=8+block=32x16x65+panel=65+diagonal=0+rhs=0+batch=1+variant=current-tile-v1+timing=prepacked-compute,openblas,5,2,1,3,32768,112752207,3440.9242858886719,ns,ok,direct,prepacked-compute,a038f25ac66821574b30392dc1d3b189cc287e2c,true,OpenBLAS 0.3.32 NO_LAPACKE DYNAMIC_ARCH NO_AFFINITY Haswell MAX_THREADS=128; compiler=15.2.0,1,3,200000000,gemm-add-v1+32x16x65+uniform,vendor-column-major-v1,calls=1;leftDoubles=2080;rightDoubles=1040;outputDoubles=512;resetDoubles=512;triangleDoubles=0,vendor-cblas-v1,vendor-calibrated-v1,50000000,1,1,monotonic-batch
4,gemm-block+32x16x65+uniform+physical=8x4+work=gemm-add-v1+leftLayout=depth-rows-v1+rightLayout=depth-columns-v1+leftGroup=8+rightGroup=4+leftStride=8+rightStride=4+padding=zero+alignment=8+block=32x16x65+panel=65+diagonal=0+rhs=0+batch=1+variant=current-tile-v1+timing=prepacked-compute,openblas,5,2,1,4,32768,124253045,3791.9020080566406,ns,ok,direct,prepacked-compute,a038f25ac66821574b30392dc1d3b189cc287e2c,true,OpenBLAS 0.3.32 NO_LAPACKE DYNAMIC_ARCH NO_AFFINITY Haswell MAX_THREADS=128; compiler=15.2.0,1,3,200000000,gemm-add-v1+32x16x65+uniform,vendor-column-major-v1,calls=1;leftDoubles=2080;rightDoubles=1040;outputDoubles=512;resetDoubles=512;triangleDoubles=0,vendor-cblas-v1,vendor-calibrated-v1,50000000,1,1,monotonic-batch
4,gemm-block+32x16x65+uniform+physical=8x4+work=gemm-add-v1+leftLayout=depth-rows-v1+rightLayout=depth-columns-v1+leftGroup=8+rightGroup=4+leftStride=8+rightStride=4+padding=zero+alignment=8+block=32x16x65+panel=65+diagonal=0+rhs=0+batch=1+variant=current-tile-v1+timing=prepacked-compute,openblas,5,2,1,5,32768,139616326,4260.7521362304688,ns,ok,direct,prepacked-compute,a038f25ac66821574b30392dc1d3b189cc287e2c,true,OpenBLAS 0.3.32 NO_LAPACKE DYNAMIC_ARCH NO_AFFINITY Haswell MAX_THREADS=128; compiler=15.2.0,1,3,200000000,gemm-add-v1+32x16x65+uniform,vendor-column-major-v1,calls=1;leftDoubles=2080;rightDoubles=1040;outputDoubles=512;resetDoubles=512;triangleDoubles=0,vendor-cblas-v1,vendor-calibrated-v1,50000000,1,1,monotonic-batch
4,gemm-block+32x16x65+uniform+physical=8x4+work=gemm-add-v1+leftLayout=depth-rows-v1+rightLayout=depth-columns-v1+leftGroup=8+rightGroup=4+leftStride=8+rightStride=4+padding=zero+alignment=8+block=32x16x65+panel=65+diagonal=0+rhs=0+batch=1+variant=current-tile-v1+timing=pack-plus-compute,openblas,5,2,1,0,0,0,,ns,unsupported,unsupported,pack-plus-compute,a038f25ac66821574b30392dc1d3b189cc287e2c,true,OpenBLAS 0.3.32 NO_LAPACKE DYNAMIC_ARCH NO_AFFINITY Haswell MAX_THREADS=128; compiler=15.2.0,1,3,200000000,gemm-add-v1+32x16x65+uniform,vendor-column-major-v1,calls=1;leftDoubles=2080;rightDoubles=1040;outputDoubles=512;resetDoubles=512;triangleDoubles=0,unavailable,vendor-calibrated-v1,50000000,0,1,monotonic-batch
