schema,case,implementation,workload_version,fixture_version,pass,sample,operations,elapsed_ns,ns_per_op,unit,status,comparison_kind,timing_mode,source_commit,dirty,runtime,threads,warmups,target_ns,logical_id,configuration,physical_work,actual_kernel,harness,warmup_target_ns,fork,forks,elapsed_kind
4,dot+4096+uniform,jvm-c/c/c-sparse/packed-4x4,5,2,1,1,286809,200186547,697.9786094578621,ns,ok,direct,arithmetic,a038f25ac66821574b30392dc1d3b189cc287e2c,true,kotlin-2.4.10/jvm/Eclipse Adoptium/25.0.1/JMH 1.37/forks=1,1,3,200000000,dot-v1+4096+uniform,policy-v1,policy,jvm-c/policy-v1,jmh-average-time-v1,200000000,1,1,score-times-operations
4,dot+4096+uniform,jvm-c/c/c-sparse/packed-4x4,5,2,1,2,263178,200155878,760.534231584707,ns,ok,direct,arithmetic,a038f25ac66821574b30392dc1d3b189cc287e2c,true,kotlin-2.4.10/jvm/Eclipse Adoptium/25.0.1/JMH 1.37/forks=1,1,3,200000000,dot-v1+4096+uniform,policy-v1,policy,jvm-c/policy-v1,jmh-average-time-v1,200000000,1,1,score-times-operations
4,dot+4096+uniform,jvm-c/c/c-sparse/packed-4x4,5,2,1,3,289078,200138743,692.3347435640208,ns,ok,direct,arithmetic,a038f25ac66821574b30392dc1d3b189cc287e2c,true,kotlin-2.4.10/jvm/Eclipse Adoptium/25.0.1/JMH 1.37/forks=1,1,3,200000000,dot-v1+4096+uniform,policy-v1,policy,jvm-c/policy-v1,jmh-average-time-v1,200000000,1,1,score-times-operations
4,dot+4096+uniform,jvm-c/c/c-sparse/packed-4x4,5,2,1,4,312804,200279419,640.271284894055,ns,ok,direct,arithmetic,a038f25ac66821574b30392dc1d3b189cc287e2c,true,kotlin-2.4.10/jvm/Eclipse Adoptium/25.0.1/JMH 1.37/forks=1,1,3,200000000,dot-v1+4096+uniform,policy-v1,policy,jvm-c/policy-v1,jmh-average-time-v1,200000000,1,1,score-times-operations
4,dot+4096+uniform,jvm-c/c/c-sparse/packed-4x4,5,2,1,5,304629,200138480,656.9908971240427,ns,ok,direct,arithmetic,a038f25ac66821574b30392dc1d3b189cc287e2c,true,kotlin-2.4.10/jvm/Eclipse Adoptium/25.0.1/JMH 1.37/forks=1,1,3,200000000,dot-v1+4096+uniform,policy-v1,policy,jvm-c/policy-v1,jmh-average-time-v1,200000000,1,1,score-times-operations
4,axpy+4096+uniform,jvm-c/c/c-sparse/packed-4x4,5,2,1,1,145971,200244944,1371.8131957717628,ns,ok,direct,reset-and-arithmetic,a038f25ac66821574b30392dc1d3b189cc287e2c,true,kotlin-2.4.10/jvm/Eclipse Adoptium/25.0.1/JMH 1.37/forks=1,1,3,200000000,axpy-v1+4096+uniform,policy-v1,policy,jvm-c/policy-v1,jmh-average-time-v1,200000000,1,1,score-times-operations
4,axpy+4096+uniform,jvm-c/c/c-sparse/packed-4x4,5,2,1,2,152064,200144637,1316.1868489583333,ns,ok,direct,reset-and-arithmetic,a038f25ac66821574b30392dc1d3b189cc287e2c,true,kotlin-2.4.10/jvm/Eclipse Adoptium/25.0.1/JMH 1.37/forks=1,1,3,200000000,axpy-v1+4096+uniform,policy-v1,policy,jvm-c/policy-v1,jmh-average-time-v1,200000000,1,1,score-times-operations
4,axpy+4096+uniform,jvm-c/c/c-sparse/packed-4x4,5,2,1,3,145271,200126862,1377.6105485609653,ns,ok,direct,reset-and-arithmetic,a038f25ac66821574b30392dc1d3b189cc287e2c,true,kotlin-2.4.10/jvm/Eclipse Adoptium/25.0.1/JMH 1.37/forks=1,1,3,200000000,axpy-v1+4096+uniform,policy-v1,policy,jvm-c/policy-v1,jmh-average-time-v1,200000000,1,1,score-times-operations
4,axpy+4096+uniform,jvm-c/c/c-sparse/packed-4x4,5,2,1,4,147308,200179236,1358.91625709398,ns,ok,direct,reset-and-arithmetic,a038f25ac66821574b30392dc1d3b189cc287e2c,true,kotlin-2.4.10/jvm/Eclipse Adoptium/25.0.1/JMH 1.37/forks=1,1,3,200000000,axpy-v1+4096+uniform,policy-v1,policy,jvm-c/policy-v1,jmh-average-time-v1,200000000,1,1,score-times-operations
4,axpy+4096+uniform,jvm-c/c/c-sparse/packed-4x4,5,2,1,5,145846,200148570,1372.3281406414985,ns,ok,direct,reset-and-arithmetic,a038f25ac66821574b30392dc1d3b189cc287e2c,true,kotlin-2.4.10/jvm/Eclipse Adoptium/25.0.1/JMH 1.37/forks=1,1,3,200000000,axpy-v1+4096+uniform,policy-v1,policy,jvm-c/policy-v1,jmh-average-time-v1,200000000,1,1,score-times-operations
4,axpy-arithmetic+4096+uniform,jvm-c/c/c-sparse/packed-4x4,5,2,1,1,149781,200194114,1336.5788317610377,ns,ok,direct,reset-and-arithmetic,a038f25ac66821574b30392dc1d3b189cc287e2c,true,kotlin-2.4.10/jvm/Eclipse Adoptium/25.0.1/JMH 1.37/forks=1,1,3,200000000,axpy-arithmetic-v1+4096+uniform,policy-v1,policy,jvm-c/policy-v1,jmh-average-time-v1,200000000,1,1,score-times-operations
4,axpy-arithmetic+4096+uniform,jvm-c/c/c-sparse/packed-4x4,5,2,1,2,150306,200236747,1332.1939709658961,ns,ok,direct,reset-and-arithmetic,a038f25ac66821574b30392dc1d3b189cc287e2c,true,kotlin-2.4.10/jvm/Eclipse Adoptium/25.0.1/JMH 1.37/forks=1,1,3,200000000,axpy-arithmetic-v1+4096+uniform,policy-v1,policy,jvm-c/policy-v1,jmh-average-time-v1,200000000,1,1,score-times-operations
4,axpy-arithmetic+4096+uniform,jvm-c/c/c-sparse/packed-4x4,5,2,1,3,150091,200193931,1333.817024338568,ns,ok,direct,reset-and-arithmetic,a038f25ac66821574b30392dc1d3b189cc287e2c,true,kotlin-2.4.10/jvm/Eclipse Adoptium/25.0.1/JMH 1.37/forks=1,1,3,200000000,axpy-arithmetic-v1+4096+uniform,policy-v1,policy,jvm-c/policy-v1,jmh-average-time-v1,200000000,1,1,score-times-operations
4,axpy-arithmetic+4096+uniform,jvm-c/c/c-sparse/packed-4x4,5,2,1,4,150601,200206900,1329.3862590553847,ns,ok,direct,reset-and-arithmetic,a038f25ac66821574b30392dc1d3b189cc287e2c,true,kotlin-2.4.10/jvm/Eclipse Adoptium/25.0.1/JMH 1.37/forks=1,1,3,200000000,axpy-arithmetic-v1+4096+uniform,policy-v1,policy,jvm-c/policy-v1,jmh-average-time-v1,200000000,1,1,score-times-operations
4,axpy-arithmetic+4096+uniform,jvm-c/c/c-sparse/packed-4x4,5,2,1,5,141027,200300255,1420.2972125904969,ns,ok,direct,reset-and-arithmetic,a038f25ac66821574b30392dc1d3b189cc287e2c,true,kotlin-2.4.10/jvm/Eclipse Adoptium/25.0.1/JMH 1.37/forks=1,1,3,200000000,axpy-arithmetic-v1+4096+uniform,policy-v1,policy,jvm-c/policy-v1,jmh-average-time-v1,200000000,1,1,score-times-operations
4,scal+4096+uniform,jvm-c/c/c-sparse/packed-4x4,5,2,1,1,209819,200173335,954.0286389697787,ns,ok,direct,reset-and-arithmetic,a038f25ac66821574b30392dc1d3b189cc287e2c,true,kotlin-2.4.10/jvm/Eclipse Adoptium/25.0.1/JMH 1.37/forks=1,1,3,200000000,scal-v1+4096+uniform,policy-v1,policy,jvm-c/policy-v1,jmh-average-time-v1,200000000,1,1,score-times-operations
4,scal+4096+uniform,jvm-c/c/c-sparse/packed-4x4,5,2,1,2,210530,200251264,951.1768584049779,ns,ok,direct,reset-and-arithmetic,a038f25ac66821574b30392dc1d3b189cc287e2c,true,kotlin-2.4.10/jvm/Eclipse Adoptium/25.0.1/JMH 1.37/forks=1,1,3,200000000,scal-v1+4096+uniform,policy-v1,policy,jvm-c/policy-v1,jmh-average-time-v1,200000000,1,1,score-times-operations
4,scal+4096+uniform,jvm-c/c/c-sparse/packed-4x4,5,2,1,3,212942,200289483,940.5823322782729,ns,ok,direct,reset-and-arithmetic,a038f25ac66821574b30392dc1d3b189cc287e2c,true,kotlin-2.4.10/jvm/Eclipse Adoptium/25.0.1/JMH 1.37/forks=1,1,3,200000000,scal-v1+4096+uniform,policy-v1,policy,jvm-c/policy-v1,jmh-average-time-v1,200000000,1,1,score-times-operations
4,scal+4096+uniform,jvm-c/c/c-sparse/packed-4x4,5,2,1,4,211479,200140729,946.3858302715636,ns,ok,direct,reset-and-arithmetic,a038f25ac66821574b30392dc1d3b189cc287e2c,true,kotlin-2.4.10/jvm/Eclipse Adoptium/25.0.1/JMH 1.37/forks=1,1,3,200000000,scal-v1+4096+uniform,policy-v1,policy,jvm-c/policy-v1,jmh-average-time-v1,200000000,1,1,score-times-operations
4,scal+4096+uniform,jvm-c/c/c-sparse/packed-4x4,5,2,1,5,212331,200221439,942.968473750889,ns,ok,direct,reset-and-arithmetic,a038f25ac66821574b30392dc1d3b189cc287e2c,true,kotlin-2.4.10/jvm/Eclipse Adoptium/25.0.1/JMH 1.37/forks=1,1,3,200000000,scal-v1+4096+uniform,policy-v1,policy,jvm-c/policy-v1,jmh-average-time-v1,200000000,1,1,score-times-operations
4,nrm2+4096+uniform,jvm-c/c/c-sparse/packed-4x4,5,2,1,1,713099,200171311,280.7062006818128,ns,ok,direct,arithmetic,a038f25ac66821574b30392dc1d3b189cc287e2c,true,kotlin-2.4.10/jvm/Eclipse Adoptium/25.0.1/JMH 1.37/forks=1,1,3,200000000,nrm2-v1+4096+uniform,policy-v1,policy,jvm-c/policy-v1,jmh-average-time-v1,200000000,1,1,score-times-operations
4,nrm2+4096+uniform,jvm-c/c/c-sparse/packed-4x4,5,2,1,2,726505,200212712,275.5833917178822,ns,ok,direct,arithmetic,a038f25ac66821574b30392dc1d3b189cc287e2c,true,kotlin-2.4.10/jvm/Eclipse Adoptium/25.0.1/JMH 1.37/forks=1,1,3,200000000,nrm2-v1+4096+uniform,policy-v1,policy,jvm-c/policy-v1,jmh-average-time-v1,200000000,1,1,score-times-operations
4,nrm2+4096+uniform,jvm-c/c/c-sparse/packed-4x4,5,2,1,3,722937,200159227,276.86952943340845,ns,ok,direct,arithmetic,a038f25ac66821574b30392dc1d3b189cc287e2c,true,kotlin-2.4.10/jvm/Eclipse Adoptium/25.0.1/JMH 1.37/forks=1,1,3,200000000,nrm2-v1+4096+uniform,policy-v1,policy,jvm-c/policy-v1,jmh-average-time-v1,200000000,1,1,score-times-operations
4,nrm2+4096+uniform,jvm-c/c/c-sparse/packed-4x4,5,2,1,4,723772,200155810,276.5453899846913,ns,ok,direct,arithmetic,a038f25ac66821574b30392dc1d3b189cc287e2c,true,kotlin-2.4.10/jvm/Eclipse Adoptium/25.0.1/JMH 1.37/forks=1,1,3,200000000,nrm2-v1+4096+uniform,policy-v1,policy,jvm-c/policy-v1,jmh-average-time-v1,200000000,1,1,score-times-operations
4,nrm2+4096+uniform,jvm-c/c/c-sparse/packed-4x4,5,2,1,5,724332,200249602,276.4610730990761,ns,ok,direct,arithmetic,a038f25ac66821574b30392dc1d3b189cc287e2c,true,kotlin-2.4.10/jvm/Eclipse Adoptium/25.0.1/JMH 1.37/forks=1,1,3,200000000,nrm2-v1+4096+uniform,policy-v1,policy,jvm-c/policy-v1,jmh-average-time-v1,200000000,1,1,score-times-operations
4,asum+4096+uniform,jvm-c/c/c-sparse/packed-4x4,5,2,1,1,884972,200277112,226.30898152709915,ns,ok,direct,arithmetic,a038f25ac66821574b30392dc1d3b189cc287e2c,true,kotlin-2.4.10/jvm/Eclipse Adoptium/25.0.1/JMH 1.37/forks=1,1,3,200000000,asum-v1+4096+uniform,policy-v1,policy,jvm-c/policy-v1,jmh-average-time-v1,200000000,1,1,score-times-operations
4,asum+4096+uniform,jvm-c/c/c-sparse/packed-4x4,5,2,1,2,948590,200185895,211.03521542499922,ns,ok,direct,arithmetic,a038f25ac66821574b30392dc1d3b189cc287e2c,true,kotlin-2.4.10/jvm/Eclipse Adoptium/25.0.1/JMH 1.37/forks=1,1,3,200000000,asum-v1+4096+uniform,policy-v1,policy,jvm-c/policy-v1,jmh-average-time-v1,200000000,1,1,score-times-operations
4,asum+4096+uniform,jvm-c/c/c-sparse/packed-4x4,5,2,1,3,910543,200221077,219.89195128621054,ns,ok,direct,arithmetic,a038f25ac66821574b30392dc1d3b189cc287e2c,true,kotlin-2.4.10/jvm/Eclipse Adoptium/25.0.1/JMH 1.37/forks=1,1,3,200000000,asum-v1+4096+uniform,policy-v1,policy,jvm-c/policy-v1,jmh-average-time-v1,200000000,1,1,score-times-operations
4,asum+4096+uniform,jvm-c/c/c-sparse/packed-4x4,5,2,1,4,889894,200287217,225.06862277979175,ns,ok,direct,arithmetic,a038f25ac66821574b30392dc1d3b189cc287e2c,true,kotlin-2.4.10/jvm/Eclipse Adoptium/25.0.1/JMH 1.37/forks=1,1,3,200000000,asum-v1+4096+uniform,policy-v1,policy,jvm-c/policy-v1,jmh-average-time-v1,200000000,1,1,score-times-operations
4,asum+4096+uniform,jvm-c/c/c-sparse/packed-4x4,5,2,1,5,881593,200196761,227.08524341731388,ns,ok,direct,arithmetic,a038f25ac66821574b30392dc1d3b189cc287e2c,true,kotlin-2.4.10/jvm/Eclipse Adoptium/25.0.1/JMH 1.37/forks=1,1,3,200000000,asum-v1+4096+uniform,policy-v1,policy,jvm-c/policy-v1,jmh-average-time-v1,200000000,1,1,score-times-operations
4,sum+4096+uniform,jvm-c/c/c-sparse/packed-4x4,5,2,1,1,948405,200088107,210.9732730215467,ns,ok,direct,arithmetic,a038f25ac66821574b30392dc1d3b189cc287e2c,true,kotlin-2.4.10/jvm/Eclipse Adoptium/25.0.1/JMH 1.37/forks=1,1,3,200000000,sum-v1+4096+uniform,policy-v1,policy,jvm-c/policy-v1,jmh-average-time-v1,200000000,1,1,score-times-operations
4,sum+4096+uniform,jvm-c/c/c-sparse/packed-4x4,5,2,1,2,932970,200088903,214.46445544872824,ns,ok,direct,arithmetic,a038f25ac66821574b30392dc1d3b189cc287e2c,true,kotlin-2.4.10/jvm/Eclipse Adoptium/25.0.1/JMH 1.37/forks=1,1,3,200000000,sum-v1+4096+uniform,policy-v1,policy,jvm-c/policy-v1,jmh-average-time-v1,200000000,1,1,score-times-operations
4,sum+4096+uniform,jvm-c/c/c-sparse/packed-4x4,5,2,1,3,933039,200089569,214.44930919286332,ns,ok,direct,arithmetic,a038f25ac66821574b30392dc1d3b189cc287e2c,true,kotlin-2.4.10/jvm/Eclipse Adoptium/25.0.1/JMH 1.37/forks=1,1,3,200000000,sum-v1+4096+uniform,policy-v1,policy,jvm-c/policy-v1,jmh-average-time-v1,200000000,1,1,score-times-operations
4,sum+4096+uniform,jvm-c/c/c-sparse/packed-4x4,5,2,1,4,921949,200082794,217.0215424063587,ns,ok,direct,arithmetic,a038f25ac66821574b30392dc1d3b189cc287e2c,true,kotlin-2.4.10/jvm/Eclipse Adoptium/25.0.1/JMH 1.37/forks=1,1,3,200000000,sum-v1+4096+uniform,policy-v1,policy,jvm-c/policy-v1,jmh-average-time-v1,200000000,1,1,score-times-operations
4,sum+4096+uniform,jvm-c/c/c-sparse/packed-4x4,5,2,1,5,921157,200092139,217.21827983720473,ns,ok,direct,arithmetic,a038f25ac66821574b30392dc1d3b189cc287e2c,true,kotlin-2.4.10/jvm/Eclipse Adoptium/25.0.1/JMH 1.37/forks=1,1,3,200000000,sum-v1+4096+uniform,policy-v1,policy,jvm-c/policy-v1,jmh-average-time-v1,200000000,1,1,score-times-operations
4,compensated-sum+4096+uniform,jvm-c/c/c-sparse/packed-4x4,5,2,1,1,65515,200115441,3054.4980691444707,ns,ok,unsupported,arithmetic,a038f25ac66821574b30392dc1d3b189cc287e2c,true,kotlin-2.4.10/jvm/Eclipse Adoptium/25.0.1/JMH 1.37/forks=1,1,3,200000000,compensated-sum-v1+4096+uniform,policy-v1,policy,jvm-c/policy-v1,jmh-average-time-v1,200000000,1,1,score-times-operations
4,compensated-sum+4096+uniform,jvm-c/c/c-sparse/packed-4x4,5,2,1,2,66575,200259126,3008.022921517086,ns,ok,unsupported,arithmetic,a038f25ac66821574b30392dc1d3b189cc287e2c,true,kotlin-2.4.10/jvm/Eclipse Adoptium/25.0.1/JMH 1.37/forks=1,1,3,200000000,compensated-sum-v1+4096+uniform,policy-v1,policy,jvm-c/policy-v1,jmh-average-time-v1,200000000,1,1,score-times-operations
4,compensated-sum+4096+uniform,jvm-c/c/c-sparse/packed-4x4,5,2,1,3,65392,200145666,3060.705682652312,ns,ok,unsupported,arithmetic,a038f25ac66821574b30392dc1d3b189cc287e2c,true,kotlin-2.4.10/jvm/Eclipse Adoptium/25.0.1/JMH 1.37/forks=1,1,3,200000000,compensated-sum-v1+4096+uniform,policy-v1,policy,jvm-c/policy-v1,jmh-average-time-v1,200000000,1,1,score-times-operations
4,compensated-sum+4096+uniform,jvm-c/c/c-sparse/packed-4x4,5,2,1,4,65440,200198967,3059.2751680929096,ns,ok,unsupported,arithmetic,a038f25ac66821574b30392dc1d3b189cc287e2c,true,kotlin-2.4.10/jvm/Eclipse Adoptium/25.0.1/JMH 1.37/forks=1,1,3,200000000,compensated-sum-v1+4096+uniform,policy-v1,policy,jvm-c/policy-v1,jmh-average-time-v1,200000000,1,1,score-times-operations
4,compensated-sum+4096+uniform,jvm-c/c/c-sparse/packed-4x4,5,2,1,5,65959,200276884,3036.384481268667,ns,ok,unsupported,arithmetic,a038f25ac66821574b30392dc1d3b189cc287e2c,true,kotlin-2.4.10/jvm/Eclipse Adoptium/25.0.1/JMH 1.37/forks=1,1,3,200000000,compensated-sum-v1+4096+uniform,policy-v1,policy,jvm-c/policy-v1,jmh-average-time-v1,200000000,1,1,score-times-operations
4,iamax+4096+uniform,jvm-c/c/c-sparse/packed-4x4,5,2,1,1,158512,200202161,1263.0094945493086,ns,ok,direct,arithmetic,a038f25ac66821574b30392dc1d3b189cc287e2c,true,kotlin-2.4.10/jvm/Eclipse Adoptium/25.0.1/JMH 1.37/forks=1,1,3,200000000,iamax-v1+4096+uniform,policy-v1,policy,jvm-c/policy-v1,jmh-average-time-v1,200000000,1,1,score-times-operations
4,iamax+4096+uniform,jvm-c/c/c-sparse/packed-4x4,5,2,1,2,177706,200135233,1126.215395090768,ns,ok,direct,arithmetic,a038f25ac66821574b30392dc1d3b189cc287e2c,true,kotlin-2.4.10/jvm/Eclipse Adoptium/25.0.1/JMH 1.37/forks=1,1,3,200000000,iamax-v1+4096+uniform,policy-v1,policy,jvm-c/policy-v1,jmh-average-time-v1,200000000,1,1,score-times-operations
4,iamax+4096+uniform,jvm-c/c/c-sparse/packed-4x4,5,2,1,3,162605,200210583,1231.2695366071155,ns,ok,direct,arithmetic,a038f25ac66821574b30392dc1d3b189cc287e2c,true,kotlin-2.4.10/jvm/Eclipse Adoptium/25.0.1/JMH 1.37/forks=1,1,3,200000000,iamax-v1+4096+uniform,policy-v1,policy,jvm-c/policy-v1,jmh-average-time-v1,200000000,1,1,score-times-operations
4,iamax+4096+uniform,jvm-c/c/c-sparse/packed-4x4,5,2,1,4,176956,200193135,1131.3158920861683,ns,ok,direct,arithmetic,a038f25ac66821574b30392dc1d3b189cc287e2c,true,kotlin-2.4.10/jvm/Eclipse Adoptium/25.0.1/JMH 1.37/forks=1,1,3,200000000,iamax-v1+4096+uniform,policy-v1,policy,jvm-c/policy-v1,jmh-average-time-v1,200000000,1,1,score-times-operations
4,iamax+4096+uniform,jvm-c/c/c-sparse/packed-4x4,5,2,1,5,163405,200269418,1225.6015299409444,ns,ok,direct,arithmetic,a038f25ac66821574b30392dc1d3b189cc287e2c,true,kotlin-2.4.10/jvm/Eclipse Adoptium/25.0.1/JMH 1.37/forks=1,1,3,200000000,iamax-v1+4096+uniform,policy-v1,policy,jvm-c/policy-v1,jmh-average-time-v1,200000000,1,1,score-times-operations
4,swap+4096+uniform,jvm-c/c/c-sparse/packed-4x4,5,2,1,1,83676,200091736,2391.2679382379656,ns,ok,direct,reset-and-arithmetic,a038f25ac66821574b30392dc1d3b189cc287e2c,true,kotlin-2.4.10/jvm/Eclipse Adoptium/25.0.1/JMH 1.37/forks=1,1,3,200000000,swap-v1+4096+uniform,policy-v1,policy,jvm-c/policy-v1,jmh-average-time-v1,200000000,1,1,score-times-operations
4,swap+4096+uniform,jvm-c/c/c-sparse/packed-4x4,5,2,1,2,83746,200088219,2389.2271750292552,ns,ok,direct,reset-and-arithmetic,a038f25ac66821574b30392dc1d3b189cc287e2c,true,kotlin-2.4.10/jvm/Eclipse Adoptium/25.0.1/JMH 1.37/forks=1,1,3,200000000,swap-v1+4096+uniform,policy-v1,policy,jvm-c/policy-v1,jmh-average-time-v1,200000000,1,1,score-times-operations
4,swap+4096+uniform,jvm-c/c/c-sparse/packed-4x4,5,2,1,3,83640,200088195,2392.2548421807746,ns,ok,direct,reset-and-arithmetic,a038f25ac66821574b30392dc1d3b189cc287e2c,true,kotlin-2.4.10/jvm/Eclipse Adoptium/25.0.1/JMH 1.37/forks=1,1,3,200000000,swap-v1+4096+uniform,policy-v1,policy,jvm-c/policy-v1,jmh-average-time-v1,200000000,1,1,score-times-operations
4,swap+4096+uniform,jvm-c/c/c-sparse/packed-4x4,5,2,1,4,83679,200083861,2391.0880985671433,ns,ok,direct,reset-and-arithmetic,a038f25ac66821574b30392dc1d3b189cc287e2c,true,kotlin-2.4.10/jvm/Eclipse Adoptium/25.0.1/JMH 1.37/forks=1,1,3,200000000,swap-v1+4096+uniform,policy-v1,policy,jvm-c/policy-v1,jmh-average-time-v1,200000000,1,1,score-times-operations
4,swap+4096+uniform,jvm-c/c/c-sparse/packed-4x4,5,2,1,5,83996,200090113,2382.138589932854,ns,ok,direct,reset-and-arithmetic,a038f25ac66821574b30392dc1d3b189cc287e2c,true,kotlin-2.4.10/jvm/Eclipse Adoptium/25.0.1/JMH 1.37/forks=1,1,3,200000000,swap-v1+4096+uniform,policy-v1,policy,jvm-c/policy-v1,jmh-average-time-v1,200000000,1,1,score-times-operations
4,rot+4096+uniform,jvm-c/c/c-sparse/packed-4x4,5,2,1,1,80227,200278439,2496.396961122814,ns,ok,direct,reset-and-arithmetic,a038f25ac66821574b30392dc1d3b189cc287e2c,true,kotlin-2.4.10/jvm/Eclipse Adoptium/25.0.1/JMH 1.37/forks=1,1,3,200000000,rot-v1+4096+uniform,policy-v1,policy,jvm-c/policy-v1,jmh-average-time-v1,200000000,1,1,score-times-operations
4,rot+4096+uniform,jvm-c/c/c-sparse/packed-4x4,5,2,1,2,79939,200158753,2503.893631393938,ns,ok,direct,reset-and-arithmetic,a038f25ac66821574b30392dc1d3b189cc287e2c,true,kotlin-2.4.10/jvm/Eclipse Adoptium/25.0.1/JMH 1.37/forks=1,1,3,200000000,rot-v1+4096+uniform,policy-v1,policy,jvm-c/policy-v1,jmh-average-time-v1,200000000,1,1,score-times-operations
4,rot+4096+uniform,jvm-c/c/c-sparse/packed-4x4,5,2,1,3,79674,200169081,2512.351344227728,ns,ok,direct,reset-and-arithmetic,a038f25ac66821574b30392dc1d3b189cc287e2c,true,kotlin-2.4.10/jvm/Eclipse Adoptium/25.0.1/JMH 1.37/forks=1,1,3,200000000,rot-v1+4096+uniform,policy-v1,policy,jvm-c/policy-v1,jmh-average-time-v1,200000000,1,1,score-times-operations
4,rot+4096+uniform,jvm-c/c/c-sparse/packed-4x4,5,2,1,4,79924,200266447,2505.7110129623143,ns,ok,direct,reset-and-arithmetic,a038f25ac66821574b30392dc1d3b189cc287e2c,true,kotlin-2.4.10/jvm/Eclipse Adoptium/25.0.1/JMH 1.37/forks=1,1,3,200000000,rot-v1+4096+uniform,policy-v1,policy,jvm-c/policy-v1,jmh-average-time-v1,200000000,1,1,score-times-operations
4,rot+4096+uniform,jvm-c/c/c-sparse/packed-4x4,5,2,1,5,79895,200151503,2505.1818386632453,ns,ok,direct,reset-and-arithmetic,a038f25ac66821574b30392dc1d3b189cc287e2c,true,kotlin-2.4.10/jvm/Eclipse Adoptium/25.0.1/JMH 1.37/forks=1,1,3,200000000,rot-v1+4096+uniform,policy-v1,policy,jvm-c/policy-v1,jmh-average-time-v1,200000000,1,1,score-times-operations
4,rotm+4096+uniform,jvm-c/c/c-sparse/packed-4x4,5,2,1,1,57131,200133794,3503.068281668446,ns,ok,direct,reset-and-arithmetic,a038f25ac66821574b30392dc1d3b189cc287e2c,true,kotlin-2.4.10/jvm/Eclipse Adoptium/25.0.1/JMH 1.37/forks=1,1,3,200000000,rotm-v1+4096+uniform,policy-v1,policy,jvm-c/policy-v1,jmh-average-time-v1,200000000,1,1,score-times-operations
4,rotm+4096+uniform,jvm-c/c/c-sparse/packed-4x4,5,2,1,2,58082,200250177,3447.714903068076,ns,ok,direct,reset-and-arithmetic,a038f25ac66821574b30392dc1d3b189cc287e2c,true,kotlin-2.4.10/jvm/Eclipse Adoptium/25.0.1/JMH 1.37/forks=1,1,3,200000000,rotm-v1+4096+uniform,policy-v1,policy,jvm-c/policy-v1,jmh-average-time-v1,200000000,1,1,score-times-operations
4,rotm+4096+uniform,jvm-c/c/c-sparse/packed-4x4,5,2,1,3,58507,200208830,3421.9636966516828,ns,ok,direct,reset-and-arithmetic,a038f25ac66821574b30392dc1d3b189cc287e2c,true,kotlin-2.4.10/jvm/Eclipse Adoptium/25.0.1/JMH 1.37/forks=1,1,3,200000000,rotm-v1+4096+uniform,policy-v1,policy,jvm-c/policy-v1,jmh-average-time-v1,200000000,1,1,score-times-operations
4,rotm+4096+uniform,jvm-c/c/c-sparse/packed-4x4,5,2,1,4,58323,200279529,3433.971657836531,ns,ok,direct,reset-and-arithmetic,a038f25ac66821574b30392dc1d3b189cc287e2c,true,kotlin-2.4.10/jvm/Eclipse Adoptium/25.0.1/JMH 1.37/forks=1,1,3,200000000,rotm-v1+4096+uniform,policy-v1,policy,jvm-c/policy-v1,jmh-average-time-v1,200000000,1,1,score-times-operations
4,rotm+4096+uniform,jvm-c/c/c-sparse/packed-4x4,5,2,1,5,58283,200199297,3434.951821285795,ns,ok,direct,reset-and-arithmetic,a038f25ac66821574b30392dc1d3b189cc287e2c,true,kotlin-2.4.10/jvm/Eclipse Adoptium/25.0.1/JMH 1.37/forks=1,1,3,200000000,rotm-v1+4096+uniform,policy-v1,policy,jvm-c/policy-v1,jmh-average-time-v1,200000000,1,1,score-times-operations
4,rotmg+1+uniform,jvm-c/c/c-sparse/packed-4x4,5,2,1,1,20324543,200157369,9.84806246320028,ns,ok,direct,arithmetic,a038f25ac66821574b30392dc1d3b189cc287e2c,true,kotlin-2.4.10/jvm/Eclipse Adoptium/25.0.1/JMH 1.37/forks=1,1,3,200000000,rotmg-v1+1+uniform,policy-v1,policy,jvm-c/policy-v1,jmh-average-time-v1,200000000,1,1,score-times-operations
4,rotmg+1+uniform,jvm-c/c/c-sparse/packed-4x4,5,2,1,2,26335942,200110866,7.598394088200832,ns,ok,direct,arithmetic,a038f25ac66821574b30392dc1d3b189cc287e2c,true,kotlin-2.4.10/jvm/Eclipse Adoptium/25.0.1/JMH 1.37/forks=1,1,3,200000000,rotmg-v1+1+uniform,policy-v1,policy,jvm-c/policy-v1,jmh-average-time-v1,200000000,1,1,score-times-operations
4,rotmg+1+uniform,jvm-c/c/c-sparse/packed-4x4,5,2,1,3,26574231,200169268,7.532457590212112,ns,ok,direct,arithmetic,a038f25ac66821574b30392dc1d3b189cc287e2c,true,kotlin-2.4.10/jvm/Eclipse Adoptium/25.0.1/JMH 1.37/forks=1,1,3,200000000,rotmg-v1+1+uniform,policy-v1,policy,jvm-c/policy-v1,jmh-average-time-v1,200000000,1,1,score-times-operations
4,rotmg+1+uniform,jvm-c/c/c-sparse/packed-4x4,5,2,1,4,23449763,200147894,8.535177690281987,ns,ok,direct,arithmetic,a038f25ac66821574b30392dc1d3b189cc287e2c,true,kotlin-2.4.10/jvm/Eclipse Adoptium/25.0.1/JMH 1.37/forks=1,1,3,200000000,rotmg-v1+1+uniform,policy-v1,policy,jvm-c/policy-v1,jmh-average-time-v1,200000000,1,1,score-times-operations
4,rotmg+1+uniform,jvm-c/c/c-sparse/packed-4x4,5,2,1,5,21997832,200200458,9.100917672250612,ns,ok,direct,arithmetic,a038f25ac66821574b30392dc1d3b189cc287e2c,true,kotlin-2.4.10/jvm/Eclipse Adoptium/25.0.1/JMH 1.37/forks=1,1,3,200000000,rotmg-v1+1+uniform,policy-v1,policy,jvm-c/policy-v1,jmh-average-time-v1,200000000,1,1,score-times-operations
4,ssqd+4096+uniform,jvm-c/c/c-sparse/packed-4x4,5,2,1,1,283628,200212813,705.8993223518129,ns,ok,unsupported,arithmetic,a038f25ac66821574b30392dc1d3b189cc287e2c,true,kotlin-2.4.10/jvm/Eclipse Adoptium/25.0.1/JMH 1.37/forks=1,1,3,200000000,ssqd-v1+4096+uniform,policy-v1,policy,jvm-c/policy-v1,jmh-average-time-v1,200000000,1,1,score-times-operations
4,ssqd+4096+uniform,jvm-c/c/c-sparse/packed-4x4,5,2,1,2,272735,200143197,733.8375969347535,ns,ok,unsupported,arithmetic,a038f25ac66821574b30392dc1d3b189cc287e2c,true,kotlin-2.4.10/jvm/Eclipse Adoptium/25.0.1/JMH 1.37/forks=1,1,3,200000000,ssqd-v1+4096+uniform,policy-v1,policy,jvm-c/policy-v1,jmh-average-time-v1,200000000,1,1,score-times-operations
4,ssqd+4096+uniform,jvm-c/c/c-sparse/packed-4x4,5,2,1,3,242670,200116115,824.6429925413113,ns,ok,unsupported,arithmetic,a038f25ac66821574b30392dc1d3b189cc287e2c,true,kotlin-2.4.10/jvm/Eclipse Adoptium/25.0.1/JMH 1.37/forks=1,1,3,200000000,ssqd-v1+4096+uniform,policy-v1,policy,jvm-c/policy-v1,jmh-average-time-v1,200000000,1,1,score-times-operations
4,ssqd+4096+uniform,jvm-c/c/c-sparse/packed-4x4,5,2,1,4,281394,200205271,711.4766874915599,ns,ok,unsupported,arithmetic,a038f25ac66821574b30392dc1d3b189cc287e2c,true,kotlin-2.4.10/jvm/Eclipse Adoptium/25.0.1/JMH 1.37/forks=1,1,3,200000000,ssqd-v1+4096+uniform,policy-v1,policy,jvm-c/policy-v1,jmh-average-time-v1,200000000,1,1,score-times-operations
4,ssqd+4096+uniform,jvm-c/c/c-sparse/packed-4x4,5,2,1,5,279196,200175303,716.9705260820356,ns,ok,unsupported,arithmetic,a038f25ac66821574b30392dc1d3b189cc287e2c,true,kotlin-2.4.10/jvm/Eclipse Adoptium/25.0.1/JMH 1.37/forks=1,1,3,200000000,ssqd-v1+4096+uniform,policy-v1,policy,jvm-c/policy-v1,jmh-average-time-v1,200000000,1,1,score-times-operations
4,dot4+4096+uniform,jvm-c/c/c-sparse/packed-4x4,5,2,1,1,118385,200156139,1690.7221269586519,ns,ok,composed,arithmetic,a038f25ac66821574b30392dc1d3b189cc287e2c,true,kotlin-2.4.10/jvm/Eclipse Adoptium/25.0.1/JMH 1.37/forks=1,1,3,200000000,dot4-v1+4096+uniform,policy-v1,policy,jvm-c/policy-v1,jmh-average-time-v1,200000000,1,1,score-times-operations
4,dot4+4096+uniform,jvm-c/c/c-sparse/packed-4x4,5,2,1,2,118258,200138651,1692.389952476788,ns,ok,composed,arithmetic,a038f25ac66821574b30392dc1d3b189cc287e2c,true,kotlin-2.4.10/jvm/Eclipse Adoptium/25.0.1/JMH 1.37/forks=1,1,3,200000000,dot4-v1+4096+uniform,policy-v1,policy,jvm-c/policy-v1,jmh-average-time-v1,200000000,1,1,score-times-operations
4,dot4+4096+uniform,jvm-c/c/c-sparse/packed-4x4,5,2,1,3,118489,200110428,1688.8523660424175,ns,ok,composed,arithmetic,a038f25ac66821574b30392dc1d3b189cc287e2c,true,kotlin-2.4.10/jvm/Eclipse Adoptium/25.0.1/JMH 1.37/forks=1,1,3,200000000,dot4-v1+4096+uniform,policy-v1,policy,jvm-c/policy-v1,jmh-average-time-v1,200000000,1,1,score-times-operations
4,dot4+4096+uniform,jvm-c/c/c-sparse/packed-4x4,5,2,1,4,116916,200148153,1711.8970286359438,ns,ok,composed,arithmetic,a038f25ac66821574b30392dc1d3b189cc287e2c,true,kotlin-2.4.10/jvm/Eclipse Adoptium/25.0.1/JMH 1.37/forks=1,1,3,200000000,dot4-v1+4096+uniform,policy-v1,policy,jvm-c/policy-v1,jmh-average-time-v1,200000000,1,1,score-times-operations
4,dot4+4096+uniform,jvm-c/c/c-sparse/packed-4x4,5,2,1,5,118014,200133800,1695.8479502431915,ns,ok,composed,arithmetic,a038f25ac66821574b30392dc1d3b189cc287e2c,true,kotlin-2.4.10/jvm/Eclipse Adoptium/25.0.1/JMH 1.37/forks=1,1,3,200000000,dot4-v1+4096+uniform,policy-v1,policy,jvm-c/policy-v1,jmh-average-time-v1,200000000,1,1,score-times-operations
4,axpy4+4096+uniform,jvm-c/c/c-sparse/packed-4x4,5,2,1,1,76929,200168664,2601.992278594548,ns,ok,composed,reset-and-arithmetic,a038f25ac66821574b30392dc1d3b189cc287e2c,true,kotlin-2.4.10/jvm/Eclipse Adoptium/25.0.1/JMH 1.37/forks=1,1,3,200000000,axpy4-v1+4096+uniform,policy-v1,policy,jvm-c/policy-v1,jmh-average-time-v1,200000000,1,1,score-times-operations
4,axpy4+4096+uniform,jvm-c/c/c-sparse/packed-4x4,5,2,1,2,77946,200191866,2568.340466476792,ns,ok,composed,reset-and-arithmetic,a038f25ac66821574b30392dc1d3b189cc287e2c,true,kotlin-2.4.10/jvm/Eclipse Adoptium/25.0.1/JMH 1.37/forks=1,1,3,200000000,axpy4-v1+4096+uniform,policy-v1,policy,jvm-c/policy-v1,jmh-average-time-v1,200000000,1,1,score-times-operations
4,axpy4+4096+uniform,jvm-c/c/c-sparse/packed-4x4,5,2,1,3,83116,200258874,2409.390177583137,ns,ok,composed,reset-and-arithmetic,a038f25ac66821574b30392dc1d3b189cc287e2c,true,kotlin-2.4.10/jvm/Eclipse Adoptium/25.0.1/JMH 1.37/forks=1,1,3,200000000,axpy4-v1+4096+uniform,policy-v1,policy,jvm-c/policy-v1,jmh-average-time-v1,200000000,1,1,score-times-operations
4,axpy4+4096+uniform,jvm-c/c/c-sparse/packed-4x4,5,2,1,4,81721,200211709,2449.9419855361534,ns,ok,composed,reset-and-arithmetic,a038f25ac66821574b30392dc1d3b189cc287e2c,true,kotlin-2.4.10/jvm/Eclipse Adoptium/25.0.1/JMH 1.37/forks=1,1,3,200000000,axpy4-v1+4096+uniform,policy-v1,policy,jvm-c/policy-v1,jmh-average-time-v1,200000000,1,1,score-times-operations
4,axpy4+4096+uniform,jvm-c/c/c-sparse/packed-4x4,5,2,1,5,82283,200148447,2432.4398356890247,ns,ok,composed,reset-and-arithmetic,a038f25ac66821574b30392dc1d3b189cc287e2c,true,kotlin-2.4.10/jvm/Eclipse Adoptium/25.0.1/JMH 1.37/forks=1,1,3,200000000,axpy4-v1+4096+uniform,policy-v1,policy,jvm-c/policy-v1,jmh-average-time-v1,200000000,1,1,score-times-operations
4,dot-axpy+4096+uniform,jvm-c/c/c-sparse/packed-4x4,5,2,1,1,114328,200184346,1750.9651703869567,ns,ok,composed,reset-and-arithmetic,a038f25ac66821574b30392dc1d3b189cc287e2c,true,kotlin-2.4.10/jvm/Eclipse Adoptium/25.0.1/JMH 1.37/forks=1,1,3,200000000,dot-axpy-v1+4096+uniform,policy-v1,policy,jvm-c/policy-v1,jmh-average-time-v1,200000000,1,1,score-times-operations
4,dot-axpy+4096+uniform,jvm-c/c/c-sparse/packed-4x4,5,2,1,2,114894,200286118,1743.225216286316,ns,ok,composed,reset-and-arithmetic,a038f25ac66821574b30392dc1d3b189cc287e2c,true,kotlin-2.4.10/jvm/Eclipse Adoptium/25.0.1/JMH 1.37/forks=1,1,3,200000000,dot-axpy-v1+4096+uniform,policy-v1,policy,jvm-c/policy-v1,jmh-average-time-v1,200000000,1,1,score-times-operations
4,dot-axpy+4096+uniform,jvm-c/c/c-sparse/packed-4x4,5,2,1,3,114701,200242349,1745.776837167941,ns,ok,composed,reset-and-arithmetic,a038f25ac66821574b30392dc1d3b189cc287e2c,true,kotlin-2.4.10/jvm/Eclipse Adoptium/25.0.1/JMH 1.37/forks=1,1,3,200000000,dot-axpy-v1+4096+uniform,policy-v1,policy,jvm-c/policy-v1,jmh-average-time-v1,200000000,1,1,score-times-operations
4,dot-axpy+4096+uniform,jvm-c/c/c-sparse/packed-4x4,5,2,1,4,114745,200216012,1744.877877031679,ns,ok,composed,reset-and-arithmetic,a038f25ac66821574b30392dc1d3b189cc287e2c,true,kotlin-2.4.10/jvm/Eclipse Adoptium/25.0.1/JMH 1.37/forks=1,1,3,200000000,dot-axpy-v1+4096+uniform,policy-v1,policy,jvm-c/policy-v1,jmh-average-time-v1,200000000,1,1,score-times-operations
4,dot-axpy+4096+uniform,jvm-c/c/c-sparse/packed-4x4,5,2,1,5,114852,200254934,1743.5911782119597,ns,ok,composed,reset-and-arithmetic,a038f25ac66821574b30392dc1d3b189cc287e2c,true,kotlin-2.4.10/jvm/Eclipse Adoptium/25.0.1/JMH 1.37/forks=1,1,3,200000000,dot-axpy-v1+4096+uniform,policy-v1,policy,jvm-c/policy-v1,jmh-average-time-v1,200000000,1,1,score-times-operations
4,gemv+32x21+uniform,jvm-c/c/c-sparse/packed-4x4,5,2,1,1,897457,200205227,223.08057879096157,ns,ok,direct,reset-and-arithmetic,a038f25ac66821574b30392dc1d3b189cc287e2c,true,kotlin-2.4.10/jvm/Eclipse Adoptium/25.0.1/JMH 1.37/forks=1,1,3,200000000,gemv-v1+32x21+uniform,policy-v1,policy,jvm-c/policy-v1,jmh-average-time-v1,200000000,1,1,score-times-operations
4,gemv+32x21+uniform,jvm-c/c/c-sparse/packed-4x4,5,2,1,2,896110,200155397,223.36029840086596,ns,ok,direct,reset-and-arithmetic,a038f25ac66821574b30392dc1d3b189cc287e2c,true,kotlin-2.4.10/jvm/Eclipse Adoptium/25.0.1/JMH 1.37/forks=1,1,3,200000000,gemv-v1+32x21+uniform,policy-v1,policy,jvm-c/policy-v1,jmh-average-time-v1,200000000,1,1,score-times-operations
4,gemv+32x21+uniform,jvm-c/c/c-sparse/packed-4x4,5,2,1,3,896291,200108116,223.2624404350819,ns,ok,direct,reset-and-arithmetic,a038f25ac66821574b30392dc1d3b189cc287e2c,true,kotlin-2.4.10/jvm/Eclipse Adoptium/25.0.1/JMH 1.37/forks=1,1,3,200000000,gemv-v1+32x21+uniform,policy-v1,policy,jvm-c/policy-v1,jmh-average-time-v1,200000000,1,1,score-times-operations
4,gemv+32x21+uniform,jvm-c/c/c-sparse/packed-4x4,5,2,1,4,898316,200088072,222.73684538625605,ns,ok,direct,reset-and-arithmetic,a038f25ac66821574b30392dc1d3b189cc287e2c,true,kotlin-2.4.10/jvm/Eclipse Adoptium/25.0.1/JMH 1.37/forks=1,1,3,200000000,gemv-v1+32x21+uniform,policy-v1,policy,jvm-c/policy-v1,jmh-average-time-v1,200000000,1,1,score-times-operations
4,gemv+32x21+uniform,jvm-c/c/c-sparse/packed-4x4,5,2,1,5,894823,200089370,223.6077637700417,ns,ok,direct,reset-and-arithmetic,a038f25ac66821574b30392dc1d3b189cc287e2c,true,kotlin-2.4.10/jvm/Eclipse Adoptium/25.0.1/JMH 1.37/forks=1,1,3,200000000,gemv-v1+32x21+uniform,policy-v1,policy,jvm-c/policy-v1,jmh-average-time-v1,200000000,1,1,score-times-operations
4,gemv+129x31+uniform+transA=T,jvm-c/c/c-sparse/packed-4x4,5,2,1,1,208383,200170983,960.5917133355408,ns,ok,direct,reset-and-arithmetic,a038f25ac66821574b30392dc1d3b189cc287e2c,true,kotlin-2.4.10/jvm/Eclipse Adoptium/25.0.1/JMH 1.37/forks=1,1,3,200000000,gemv-v1+129x31+uniform+transA=T,policy-v1,policy,jvm-c/policy-v1,jmh-average-time-v1,200000000,1,1,score-times-operations
4,gemv+129x31+uniform+transA=T,jvm-c/c/c-sparse/packed-4x4,5,2,1,2,205824,200255513,972.9453950948383,ns,ok,direct,reset-and-arithmetic,a038f25ac66821574b30392dc1d3b189cc287e2c,true,kotlin-2.4.10/jvm/Eclipse Adoptium/25.0.1/JMH 1.37/forks=1,1,3,200000000,gemv-v1+129x31+uniform+transA=T,policy-v1,policy,jvm-c/policy-v1,jmh-average-time-v1,200000000,1,1,score-times-operations
4,gemv+129x31+uniform+transA=T,jvm-c/c/c-sparse/packed-4x4,5,2,1,3,191873,200204719,1043.423092357966,ns,ok,direct,reset-and-arithmetic,a038f25ac66821574b30392dc1d3b189cc287e2c,true,kotlin-2.4.10/jvm/Eclipse Adoptium/25.0.1/JMH 1.37/forks=1,1,3,200000000,gemv-v1+129x31+uniform+transA=T,policy-v1,policy,jvm-c/policy-v1,jmh-average-time-v1,200000000,1,1,score-times-operations
4,gemv+129x31+uniform+transA=T,jvm-c/c/c-sparse/packed-4x4,5,2,1,4,205721,200239806,973.3561765692369,ns,ok,direct,reset-and-arithmetic,a038f25ac66821574b30392dc1d3b189cc287e2c,true,kotlin-2.4.10/jvm/Eclipse Adoptium/25.0.1/JMH 1.37/forks=1,1,3,200000000,gemv-v1+129x31+uniform+transA=T,policy-v1,policy,jvm-c/policy-v1,jmh-average-time-v1,200000000,1,1,score-times-operations
4,gemv+129x31+uniform+transA=T,jvm-c/c/c-sparse/packed-4x4,5,2,1,5,206528,200189103,969.3073239463898,ns,ok,direct,reset-and-arithmetic,a038f25ac66821574b30392dc1d3b189cc287e2c,true,kotlin-2.4.10/jvm/Eclipse Adoptium/25.0.1/JMH 1.37/forks=1,1,3,200000000,gemv-v1+129x31+uniform+transA=T,policy-v1,policy,jvm-c/policy-v1,jmh-average-time-v1,200000000,1,1,score-times-operations
4,symv+129+uniform+uplo=U,jvm-c/c/c-sparse/packed-4x4,5,2,1,1,45068,200154113,4441.158094435076,ns,ok,direct,reset-and-arithmetic,a038f25ac66821574b30392dc1d3b189cc287e2c,true,kotlin-2.4.10/jvm/Eclipse Adoptium/25.0.1/JMH 1.37/forks=1,1,3,200000000,symv-v1+129+uniform+uplo=U,policy-v1,policy,jvm-c/policy-v1,jmh-average-time-v1,200000000,1,1,score-times-operations
4,symv+129+uniform+uplo=U,jvm-c/c/c-sparse/packed-4x4,5,2,1,2,49644,200231474,4033.3469099991944,ns,ok,direct,reset-and-arithmetic,a038f25ac66821574b30392dc1d3b189cc287e2c,true,kotlin-2.4.10/jvm/Eclipse Adoptium/25.0.1/JMH 1.37/forks=1,1,3,200000000,symv-v1+129+uniform+uplo=U,policy-v1,policy,jvm-c/policy-v1,jmh-average-time-v1,200000000,1,1,score-times-operations
4,symv+129+uniform+uplo=U,jvm-c/c/c-sparse/packed-4x4,5,2,1,3,48710,200240630,4110.873126668035,ns,ok,direct,reset-and-arithmetic,a038f25ac66821574b30392dc1d3b189cc287e2c,true,kotlin-2.4.10/jvm/Eclipse Adoptium/25.0.1/JMH 1.37/forks=1,1,3,200000000,symv-v1+129+uniform+uplo=U,policy-v1,policy,jvm-c/policy-v1,jmh-average-time-v1,200000000,1,1,score-times-operations
4,symv+129+uniform+uplo=U,jvm-c/c/c-sparse/packed-4x4,5,2,1,4,48693,200301287,4113.554042675539,ns,ok,direct,reset-and-arithmetic,a038f25ac66821574b30392dc1d3b189cc287e2c,true,kotlin-2.4.10/jvm/Eclipse Adoptium/25.0.1/JMH 1.37/forks=1,1,3,200000000,symv-v1+129+uniform+uplo=U,policy-v1,policy,jvm-c/policy-v1,jmh-average-time-v1,200000000,1,1,score-times-operations
4,symv+129+uniform+uplo=U,jvm-c/c/c-sparse/packed-4x4,5,2,1,5,45168,200252928,4433.513283740702,ns,ok,direct,reset-and-arithmetic,a038f25ac66821574b30392dc1d3b189cc287e2c,true,kotlin-2.4.10/jvm/Eclipse Adoptium/25.0.1/JMH 1.37/forks=1,1,3,200000000,symv-v1+129+uniform+uplo=U,policy-v1,policy,jvm-c/policy-v1,jmh-average-time-v1,200000000,1,1,score-times-operations
4,ger+129x31+uniform,jvm-c/c/c-sparse/packed-4x4,5,2,1,1,109232,200150786,1832.3457045554417,ns,ok,direct,reset-and-arithmetic,a038f25ac66821574b30392dc1d3b189cc287e2c,true,kotlin-2.4.10/jvm/Eclipse Adoptium/25.0.1/JMH 1.37/forks=1,1,3,200000000,ger-v1+129x31+uniform,policy-v1,policy,jvm-c/policy-v1,jmh-average-time-v1,200000000,1,1,score-times-operations
4,ger+129x31+uniform,jvm-c/c/c-sparse/packed-4x4,5,2,1,2,109190,200153017,1833.0709497206703,ns,ok,direct,reset-and-arithmetic,a038f25ac66821574b30392dc1d3b189cc287e2c,true,kotlin-2.4.10/jvm/Eclipse Adoptium/25.0.1/JMH 1.37/forks=1,1,3,200000000,ger-v1+129x31+uniform,policy-v1,policy,jvm-c/policy-v1,jmh-average-time-v1,200000000,1,1,score-times-operations
4,ger+129x31+uniform,jvm-c/c/c-sparse/packed-4x4,5,2,1,3,108835,200183011,1839.3256856709697,ns,ok,direct,reset-and-arithmetic,a038f25ac66821574b30392dc1d3b189cc287e2c,true,kotlin-2.4.10/jvm/Eclipse Adoptium/25.0.1/JMH 1.37/forks=1,1,3,200000000,ger-v1+129x31+uniform,policy-v1,policy,jvm-c/policy-v1,jmh-average-time-v1,200000000,1,1,score-times-operations
4,ger+129x31+uniform,jvm-c/c/c-sparse/packed-4x4,5,2,1,4,109967,200174711,1820.3161948584575,ns,ok,direct,reset-and-arithmetic,a038f25ac66821574b30392dc1d3b189cc287e2c,true,kotlin-2.4.10/jvm/Eclipse Adoptium/25.0.1/JMH 1.37/forks=1,1,3,200000000,ger-v1+129x31+uniform,policy-v1,policy,jvm-c/policy-v1,jmh-average-time-v1,200000000,1,1,score-times-operations
4,ger+129x31+uniform,jvm-c/c/c-sparse/packed-4x4,5,2,1,5,109333,200166355,1830.7954140104086,ns,ok,direct,reset-and-arithmetic,a038f25ac66821574b30392dc1d3b189cc287e2c,true,kotlin-2.4.10/jvm/Eclipse Adoptium/25.0.1/JMH 1.37/forks=1,1,3,200000000,ger-v1+129x31+uniform,policy-v1,policy,jvm-c/policy-v1,jmh-average-time-v1,200000000,1,1,score-times-operations
4,syr+129+uniform+uplo=L,jvm-c/c/c-sparse/packed-4x4,5,2,1,1,35609,200165693,5621.210733241596,ns,ok,direct,reset-and-arithmetic,a038f25ac66821574b30392dc1d3b189cc287e2c,true,kotlin-2.4.10/jvm/Eclipse Adoptium/25.0.1/JMH 1.37/forks=1,1,3,200000000,syr-v1+129+uniform+uplo=L,policy-v1,policy,jvm-c/policy-v1,jmh-average-time-v1,200000000,1,1,score-times-operations
4,syr+129+uniform+uplo=L,jvm-c/c/c-sparse/packed-4x4,5,2,1,2,34888,200260845,5740.106770236184,ns,ok,direct,reset-and-arithmetic,a038f25ac66821574b30392dc1d3b189cc287e2c,true,kotlin-2.4.10/jvm/Eclipse Adoptium/25.0.1/JMH 1.37/forks=1,1,3,200000000,syr-v1+129+uniform+uplo=L,policy-v1,policy,jvm-c/policy-v1,jmh-average-time-v1,200000000,1,1,score-times-operations
4,syr+129+uniform+uplo=L,jvm-c/c/c-sparse/packed-4x4,5,2,1,3,35136,200257743,5699.503159153005,ns,ok,direct,reset-and-arithmetic,a038f25ac66821574b30392dc1d3b189cc287e2c,true,kotlin-2.4.10/jvm/Eclipse Adoptium/25.0.1/JMH 1.37/forks=1,1,3,200000000,syr-v1+129+uniform+uplo=L,policy-v1,policy,jvm-c/policy-v1,jmh-average-time-v1,200000000,1,1,score-times-operations
4,syr+129+uniform+uplo=L,jvm-c/c/c-sparse/packed-4x4,5,2,1,4,34784,200223960,5756.208601655934,ns,ok,direct,reset-and-arithmetic,a038f25ac66821574b30392dc1d3b189cc287e2c,true,kotlin-2.4.10/jvm/Eclipse Adoptium/25.0.1/JMH 1.37/forks=1,1,3,200000000,syr-v1+129+uniform+uplo=L,policy-v1,policy,jvm-c/policy-v1,jmh-average-time-v1,200000000,1,1,score-times-operations
4,syr+129+uniform+uplo=L,jvm-c/c/c-sparse/packed-4x4,5,2,1,5,34685,200247894,5773.328355196771,ns,ok,direct,reset-and-arithmetic,a038f25ac66821574b30392dc1d3b189cc287e2c,true,kotlin-2.4.10/jvm/Eclipse Adoptium/25.0.1/JMH 1.37/forks=1,1,3,200000000,syr-v1+129+uniform+uplo=L,policy-v1,policy,jvm-c/policy-v1,jmh-average-time-v1,200000000,1,1,score-times-operations
4,syr2+129+uniform+uplo=U,jvm-c/c/c-sparse/packed-4x4,5,2,1,1,23396,200213711,8557.6043340742,ns,ok,direct,reset-and-arithmetic,a038f25ac66821574b30392dc1d3b189cc287e2c,true,kotlin-2.4.10/jvm/Eclipse Adoptium/25.0.1/JMH 1.37/forks=1,1,3,200000000,syr2-v1+129+uniform+uplo=U,policy-v1,policy,jvm-c/policy-v1,jmh-average-time-v1,200000000,1,1,score-times-operations
4,syr2+129+uniform+uplo=U,jvm-c/c/c-sparse/packed-4x4,5,2,1,2,24637,200199535,8125.970491537119,ns,ok,direct,reset-and-arithmetic,a038f25ac66821574b30392dc1d3b189cc287e2c,true,kotlin-2.4.10/jvm/Eclipse Adoptium/25.0.1/JMH 1.37/forks=1,1,3,200000000,syr2-v1+129+uniform+uplo=U,policy-v1,policy,jvm-c/policy-v1,jmh-average-time-v1,200000000,1,1,score-times-operations
4,syr2+129+uniform+uplo=U,jvm-c/c/c-sparse/packed-4x4,5,2,1,3,24227,200189390,8263.069715606554,ns,ok,direct,reset-and-arithmetic,a038f25ac66821574b30392dc1d3b189cc287e2c,true,kotlin-2.4.10/jvm/Eclipse Adoptium/25.0.1/JMH 1.37/forks=1,1,3,200000000,syr2-v1+129+uniform+uplo=U,policy-v1,policy,jvm-c/policy-v1,jmh-average-time-v1,200000000,1,1,score-times-operations
4,syr2+129+uniform+uplo=U,jvm-c/c/c-sparse/packed-4x4,5,2,1,4,24119,200152889,8298.55669803889,ns,ok,direct,reset-and-arithmetic,a038f25ac66821574b30392dc1d3b189cc287e2c,true,kotlin-2.4.10/jvm/Eclipse Adoptium/25.0.1/JMH 1.37/forks=1,1,3,200000000,syr2-v1+129+uniform+uplo=U,policy-v1,policy,jvm-c/policy-v1,jmh-average-time-v1,200000000,1,1,score-times-operations
4,syr2+129+uniform+uplo=U,jvm-c/c/c-sparse/packed-4x4,5,2,1,5,24332,200264750,8230.50920598389,ns,ok,direct,reset-and-arithmetic,a038f25ac66821574b30392dc1d3b189cc287e2c,true,kotlin-2.4.10/jvm/Eclipse Adoptium/25.0.1/JMH 1.37/forks=1,1,3,200000000,syr2-v1+129+uniform+uplo=U,policy-v1,policy,jvm-c/policy-v1,jmh-average-time-v1,200000000,1,1,score-times-operations
4,trsv+129+triangular+uplo=L+transA=N+diag=N,jvm-c/c/c-sparse/packed-4x4,5,2,1,1,61886,200179102,3234.642762498788,ns,ok,direct,reset-and-arithmetic,a038f25ac66821574b30392dc1d3b189cc287e2c,true,kotlin-2.4.10/jvm/Eclipse Adoptium/25.0.1/JMH 1.37/forks=1,1,3,200000000,trsv-v1+129+triangular+uplo=L+transA=N+diag=N,policy-v1,policy,jvm-c/policy-v1,jmh-average-time-v1,200000000,1,1,score-times-operations
4,trsv+129+triangular+uplo=L+transA=N+diag=N,jvm-c/c/c-sparse/packed-4x4,5,2,1,2,57601,200159790,3474.936025416225,ns,ok,direct,reset-and-arithmetic,a038f25ac66821574b30392dc1d3b189cc287e2c,true,kotlin-2.4.10/jvm/Eclipse Adoptium/25.0.1/JMH 1.37/forks=1,1,3,200000000,trsv-v1+129+triangular+uplo=L+transA=N+diag=N,policy-v1,policy,jvm-c/policy-v1,jmh-average-time-v1,200000000,1,1,score-times-operations
4,trsv+129+triangular+uplo=L+transA=N+diag=N,jvm-c/c/c-sparse/packed-4x4,5,2,1,3,56852,200240558,3522.137444592978,ns,ok,direct,reset-and-arithmetic,a038f25ac66821574b30392dc1d3b189cc287e2c,true,kotlin-2.4.10/jvm/Eclipse Adoptium/25.0.1/JMH 1.37/forks=1,1,3,200000000,trsv-v1+129+triangular+uplo=L+transA=N+diag=N,policy-v1,policy,jvm-c/policy-v1,jmh-average-time-v1,200000000,1,1,score-times-operations
4,trsv+129+triangular+uplo=L+transA=N+diag=N,jvm-c/c/c-sparse/packed-4x4,5,2,1,4,62217,200264472,3218.8063069579052,ns,ok,direct,reset-and-arithmetic,a038f25ac66821574b30392dc1d3b189cc287e2c,true,kotlin-2.4.10/jvm/Eclipse Adoptium/25.0.1/JMH 1.37/forks=1,1,3,200000000,trsv-v1+129+triangular+uplo=L+transA=N+diag=N,policy-v1,policy,jvm-c/policy-v1,jmh-average-time-v1,200000000,1,1,score-times-operations
4,trsv+129+triangular+uplo=L+transA=N+diag=N,jvm-c/c/c-sparse/packed-4x4,5,2,1,5,61436,200226075,3259.10012045055,ns,ok,direct,reset-and-arithmetic,a038f25ac66821574b30392dc1d3b189cc287e2c,true,kotlin-2.4.10/jvm/Eclipse Adoptium/25.0.1/JMH 1.37/forks=1,1,3,200000000,trsv-v1+129+triangular+uplo=L+transA=N+diag=N,policy-v1,policy,jvm-c/policy-v1,jmh-average-time-v1,200000000,1,1,score-times-operations
4,trmv+129+triangular+uplo=U+transA=T+diag=U,jvm-c/c/c-sparse/packed-4x4,5,2,1,1,65781,200163769,3042.8812119000927,ns,ok,direct,reset-and-arithmetic,a038f25ac66821574b30392dc1d3b189cc287e2c,true,kotlin-2.4.10/jvm/Eclipse Adoptium/25.0.1/JMH 1.37/forks=1,1,3,200000000,trmv-v1+129+triangular+uplo=U+transA=T+diag=U,policy-v1,policy,jvm-c/policy-v1,jmh-average-time-v1,200000000,1,1,score-times-operations
4,trmv+129+triangular+uplo=U+transA=T+diag=U,jvm-c/c/c-sparse/packed-4x4,5,2,1,2,65697,200104930,3045.8762196142898,ns,ok,direct,reset-and-arithmetic,a038f25ac66821574b30392dc1d3b189cc287e2c,true,kotlin-2.4.10/jvm/Eclipse Adoptium/25.0.1/JMH 1.37/forks=1,1,3,200000000,trmv-v1+129+triangular+uplo=U+transA=T+diag=U,policy-v1,policy,jvm-c/policy-v1,jmh-average-time-v1,200000000,1,1,score-times-operations
4,trmv+129+triangular+uplo=U+transA=T+diag=U,jvm-c/c/c-sparse/packed-4x4,5,2,1,3,65625,200090627,3049.0000304761907,ns,ok,direct,reset-and-arithmetic,a038f25ac66821574b30392dc1d3b189cc287e2c,true,kotlin-2.4.10/jvm/Eclipse Adoptium/25.0.1/JMH 1.37/forks=1,1,3,200000000,trmv-v1+129+triangular+uplo=U+transA=T+diag=U,policy-v1,policy,jvm-c/policy-v1,jmh-average-time-v1,200000000,1,1,score-times-operations
4,trmv+129+triangular+uplo=U+transA=T+diag=U,jvm-c/c/c-sparse/packed-4x4,5,2,1,4,65548,200088759,3052.55322816867,ns,ok,direct,reset-and-arithmetic,a038f25ac66821574b30392dc1d3b189cc287e2c,true,kotlin-2.4.10/jvm/Eclipse Adoptium/25.0.1/JMH 1.37/forks=1,1,3,200000000,trmv-v1+129+triangular+uplo=U+transA=T+diag=U,policy-v1,policy,jvm-c/policy-v1,jmh-average-time-v1,200000000,1,1,score-times-operations
4,trmv+129+triangular+uplo=U+transA=T+diag=U,jvm-c/c/c-sparse/packed-4x4,5,2,1,5,65496,200095391,3055.078035299866,ns,ok,direct,reset-and-arithmetic,a038f25ac66821574b30392dc1d3b189cc287e2c,true,kotlin-2.4.10/jvm/Eclipse Adoptium/25.0.1/JMH 1.37/forks=1,1,3,200000000,trmv-v1+129+triangular+uplo=U+transA=T+diag=U,policy-v1,policy,jvm-c/policy-v1,jmh-average-time-v1,200000000,1,1,score-times-operations
4,gemm+32x21x48+uniform,jvm-c/c/c-sparse/packed-4x4,5,2,1,1,29530,200222351,6780.303115475787,ns,ok,direct,reset-and-arithmetic,a038f25ac66821574b30392dc1d3b189cc287e2c,true,kotlin-2.4.10/jvm/Eclipse Adoptium/25.0.1/JMH 1.37/forks=1,1,3,200000000,gemm-v1+32x21x48+uniform,policy-v1,policy,jvm-c/policy-v1,jmh-average-time-v1,200000000,1,1,score-times-operations
4,gemm+32x21x48+uniform,jvm-c/c/c-sparse/packed-4x4,5,2,1,2,29813,200207559,6715.4449065843755,ns,ok,direct,reset-and-arithmetic,a038f25ac66821574b30392dc1d3b189cc287e2c,true,kotlin-2.4.10/jvm/Eclipse Adoptium/25.0.1/JMH 1.37/forks=1,1,3,200000000,gemm-v1+32x21x48+uniform,policy-v1,policy,jvm-c/policy-v1,jmh-average-time-v1,200000000,1,1,score-times-operations
4,gemm+32x21x48+uniform,jvm-c/c/c-sparse/packed-4x4,5,2,1,3,29702,200155206,6738.778735438691,ns,ok,direct,reset-and-arithmetic,a038f25ac66821574b30392dc1d3b189cc287e2c,true,kotlin-2.4.10/jvm/Eclipse Adoptium/25.0.1/JMH 1.37/forks=1,1,3,200000000,gemm-v1+32x21x48+uniform,policy-v1,policy,jvm-c/policy-v1,jmh-average-time-v1,200000000,1,1,score-times-operations
4,gemm+32x21x48+uniform,jvm-c/c/c-sparse/packed-4x4,5,2,1,4,29698,200170917,6740.215401710553,ns,ok,direct,reset-and-arithmetic,a038f25ac66821574b30392dc1d3b189cc287e2c,true,kotlin-2.4.10/jvm/Eclipse Adoptium/25.0.1/JMH 1.37/forks=1,1,3,200000000,gemm-v1+32x21x48+uniform,policy-v1,policy,jvm-c/policy-v1,jmh-average-time-v1,200000000,1,1,score-times-operations
4,gemm+32x21x48+uniform,jvm-c/c/c-sparse/packed-4x4,5,2,1,5,29719,200229016,6737.407584373633,ns,ok,direct,reset-and-arithmetic,a038f25ac66821574b30392dc1d3b189cc287e2c,true,kotlin-2.4.10/jvm/Eclipse Adoptium/25.0.1/JMH 1.37/forks=1,1,3,200000000,gemm-v1+32x21x48+uniform,policy-v1,policy,jvm-c/policy-v1,jmh-average-time-v1,200000000,1,1,score-times-operations
4,gemm+129x31x257+uniform+transA=T,jvm-c/c/c-sparse/packed-4x4,5,2,1,1,1310,200205810,152828.86259541984,ns,ok,direct,reset-and-arithmetic,a038f25ac66821574b30392dc1d3b189cc287e2c,true,kotlin-2.4.10/jvm/Eclipse Adoptium/25.0.1/JMH 1.37/forks=1,1,3,200000000,gemm-v1+129x31x257+uniform+transA=T,policy-v1,policy,jvm-c/policy-v1,jmh-average-time-v1,200000000,1,1,score-times-operations
4,gemm+129x31x257+uniform+transA=T,jvm-c/c/c-sparse/packed-4x4,5,2,1,2,1339,200297810,149587.61015683346,ns,ok,direct,reset-and-arithmetic,a038f25ac66821574b30392dc1d3b189cc287e2c,true,kotlin-2.4.10/jvm/Eclipse Adoptium/25.0.1/JMH 1.37/forks=1,1,3,200000000,gemm-v1+129x31x257+uniform+transA=T,policy-v1,policy,jvm-c/policy-v1,jmh-average-time-v1,200000000,1,1,score-times-operations
4,gemm+129x31x257+uniform+transA=T,jvm-c/c/c-sparse/packed-4x4,5,2,1,3,1320,200227315,151687.35984848486,ns,ok,direct,reset-and-arithmetic,a038f25ac66821574b30392dc1d3b189cc287e2c,true,kotlin-2.4.10/jvm/Eclipse Adoptium/25.0.1/JMH 1.37/forks=1,1,3,200000000,gemm-v1+129x31x257+uniform+transA=T,policy-v1,policy,jvm-c/policy-v1,jmh-average-time-v1,200000000,1,1,score-times-operations
4,gemm+129x31x257+uniform+transA=T,jvm-c/c/c-sparse/packed-4x4,5,2,1,4,1330,200284004,150589.47669172933,ns,ok,direct,reset-and-arithmetic,a038f25ac66821574b30392dc1d3b189cc287e2c,true,kotlin-2.4.10/jvm/Eclipse Adoptium/25.0.1/JMH 1.37/forks=1,1,3,200000000,gemm-v1+129x31x257+uniform+transA=T,policy-v1,policy,jvm-c/policy-v1,jmh-average-time-v1,200000000,1,1,score-times-operations
4,gemm+129x31x257+uniform+transA=T,jvm-c/c/c-sparse/packed-4x4,5,2,1,5,1323,200121932,151263.74300831443,ns,ok,direct,reset-and-arithmetic,a038f25ac66821574b30392dc1d3b189cc287e2c,true,kotlin-2.4.10/jvm/Eclipse Adoptium/25.0.1/JMH 1.37/forks=1,1,3,200000000,gemm-v1+129x31x257+uniform+transA=T,policy-v1,policy,jvm-c/policy-v1,jmh-average-time-v1,200000000,1,1,score-times-operations
4,gemm+65x127x33+uniform+transB=T,jvm-c/c/c-sparse/packed-4x4,5,2,1,1,4578,200229832,43737.403232852776,ns,ok,direct,reset-and-arithmetic,a038f25ac66821574b30392dc1d3b189cc287e2c,true,kotlin-2.4.10/jvm/Eclipse Adoptium/25.0.1/JMH 1.37/forks=1,1,3,200000000,gemm-v1+65x127x33+uniform+transB=T,policy-v1,policy,jvm-c/policy-v1,jmh-average-time-v1,200000000,1,1,score-times-operations
4,gemm+65x127x33+uniform+transB=T,jvm-c/c/c-sparse/packed-4x4,5,2,1,2,4524,200208381,44254.72612732095,ns,ok,direct,reset-and-arithmetic,a038f25ac66821574b30392dc1d3b189cc287e2c,true,kotlin-2.4.10/jvm/Eclipse Adoptium/25.0.1/JMH 1.37/forks=1,1,3,200000000,gemm-v1+65x127x33+uniform+transB=T,policy-v1,policy,jvm-c/policy-v1,jmh-average-time-v1,200000000,1,1,score-times-operations
4,gemm+65x127x33+uniform+transB=T,jvm-c/c/c-sparse/packed-4x4,5,2,1,3,4557,200177845,43927.54992319508,ns,ok,direct,reset-and-arithmetic,a038f25ac66821574b30392dc1d3b189cc287e2c,true,kotlin-2.4.10/jvm/Eclipse Adoptium/25.0.1/JMH 1.37/forks=1,1,3,200000000,gemm-v1+65x127x33+uniform+transB=T,policy-v1,policy,jvm-c/policy-v1,jmh-average-time-v1,200000000,1,1,score-times-operations
4,gemm+65x127x33+uniform+transB=T,jvm-c/c/c-sparse/packed-4x4,5,2,1,4,4568,200187485,43823.88025394046,ns,ok,direct,reset-and-arithmetic,a038f25ac66821574b30392dc1d3b189cc287e2c,true,kotlin-2.4.10/jvm/Eclipse Adoptium/25.0.1/JMH 1.37/forks=1,1,3,200000000,gemm-v1+65x127x33+uniform+transB=T,policy-v1,policy,jvm-c/policy-v1,jmh-average-time-v1,200000000,1,1,score-times-operations
4,gemm+65x127x33+uniform+transB=T,jvm-c/c/c-sparse/packed-4x4,5,2,1,5,4260,200319790,47023.42488262911,ns,ok,direct,reset-and-arithmetic,a038f25ac66821574b30392dc1d3b189cc287e2c,true,kotlin-2.4.10/jvm/Eclipse Adoptium/25.0.1/JMH 1.37/forks=1,1,3,200000000,gemm-v1+65x127x33+uniform+transB=T,policy-v1,policy,jvm-c/policy-v1,jmh-average-time-v1,200000000,1,1,score-times-operations
4,symm+129x31+uniform+side=L+uplo=L,jvm-c/c/c-sparse/packed-4x4,5,2,1,1,2804,200273792,71424.31954350928,ns,ok,direct,reset-and-arithmetic,a038f25ac66821574b30392dc1d3b189cc287e2c,true,kotlin-2.4.10/jvm/Eclipse Adoptium/25.0.1/JMH 1.37/forks=1,1,3,200000000,symm-v1+129x31+uniform+side=L+uplo=L,policy-v1,policy,jvm-c/policy-v1,jmh-average-time-v1,200000000,1,1,score-times-operations
4,symm+129x31+uniform+side=L+uplo=L,jvm-c/c/c-sparse/packed-4x4,5,2,1,2,2564,200286020,78114.67238689547,ns,ok,direct,reset-and-arithmetic,a038f25ac66821574b30392dc1d3b189cc287e2c,true,kotlin-2.4.10/jvm/Eclipse Adoptium/25.0.1/JMH 1.37/forks=1,1,3,200000000,symm-v1+129x31+uniform+side=L+uplo=L,policy-v1,policy,jvm-c/policy-v1,jmh-average-time-v1,200000000,1,1,score-times-operations
4,symm+129x31+uniform+side=L+uplo=L,jvm-c/c/c-sparse/packed-4x4,5,2,1,3,2796,200222517,71610.34227467811,ns,ok,direct,reset-and-arithmetic,a038f25ac66821574b30392dc1d3b189cc287e2c,true,kotlin-2.4.10/jvm/Eclipse Adoptium/25.0.1/JMH 1.37/forks=1,1,3,200000000,symm-v1+129x31+uniform+side=L+uplo=L,policy-v1,policy,jvm-c/policy-v1,jmh-average-time-v1,200000000,1,1,score-times-operations
4,symm+129x31+uniform+side=L+uplo=L,jvm-c/c/c-sparse/packed-4x4,5,2,1,4,2565,200278908,78081.44561403508,ns,ok,direct,reset-and-arithmetic,a038f25ac66821574b30392dc1d3b189cc287e2c,true,kotlin-2.4.10/jvm/Eclipse Adoptium/25.0.1/JMH 1.37/forks=1,1,3,200000000,symm-v1+129x31+uniform+side=L+uplo=L,policy-v1,policy,jvm-c/policy-v1,jmh-average-time-v1,200000000,1,1,score-times-operations
4,symm+129x31+uniform+side=L+uplo=L,jvm-c/c/c-sparse/packed-4x4,5,2,1,5,2624,200197535,76294.79230182926,ns,ok,direct,reset-and-arithmetic,a038f25ac66821574b30392dc1d3b189cc287e2c,true,kotlin-2.4.10/jvm/Eclipse Adoptium/25.0.1/JMH 1.37/forks=1,1,3,200000000,symm-v1+129x31+uniform+side=L+uplo=L,policy-v1,policy,jvm-c/policy-v1,jmh-average-time-v1,200000000,1,1,score-times-operations
4,symm+31x129+uniform+side=R+uplo=U,jvm-c/c/c-sparse/packed-4x4,5,2,1,1,2760,200217946,72542.73405797101,ns,ok,direct,reset-and-arithmetic,a038f25ac66821574b30392dc1d3b189cc287e2c,true,kotlin-2.4.10/jvm/Eclipse Adoptium/25.0.1/JMH 1.37/forks=1,1,3,200000000,symm-v1+31x129+uniform+side=R+uplo=U,policy-v1,policy,jvm-c/policy-v1,jmh-average-time-v1,200000000,1,1,score-times-operations
4,symm+31x129+uniform+side=R+uplo=U,jvm-c/c/c-sparse/packed-4x4,5,2,1,2,2751,200230101,72784.47873500545,ns,ok,direct,reset-and-arithmetic,a038f25ac66821574b30392dc1d3b189cc287e2c,true,kotlin-2.4.10/jvm/Eclipse Adoptium/25.0.1/JMH 1.37/forks=1,1,3,200000000,symm-v1+31x129+uniform+side=R+uplo=U,policy-v1,policy,jvm-c/policy-v1,jmh-average-time-v1,200000000,1,1,score-times-operations
4,symm+31x129+uniform+side=R+uplo=U,jvm-c/c/c-sparse/packed-4x4,5,2,1,3,2581,200259905,77590.0445563735,ns,ok,direct,reset-and-arithmetic,a038f25ac66821574b30392dc1d3b189cc287e2c,true,kotlin-2.4.10/jvm/Eclipse Adoptium/25.0.1/JMH 1.37/forks=1,1,3,200000000,symm-v1+31x129+uniform+side=R+uplo=U,policy-v1,policy,jvm-c/policy-v1,jmh-average-time-v1,200000000,1,1,score-times-operations
4,symm+31x129+uniform+side=R+uplo=U,jvm-c/c/c-sparse/packed-4x4,5,2,1,4,2474,200193265,80918.86216653194,ns,ok,direct,reset-and-arithmetic,a038f25ac66821574b30392dc1d3b189cc287e2c,true,kotlin-2.4.10/jvm/Eclipse Adoptium/25.0.1/JMH 1.37/forks=1,1,3,200000000,symm-v1+31x129+uniform+side=R+uplo=U,policy-v1,policy,jvm-c/policy-v1,jmh-average-time-v1,200000000,1,1,score-times-operations
4,symm+31x129+uniform+side=R+uplo=U,jvm-c/c/c-sparse/packed-4x4,5,2,1,5,2821,200292421,71000.50372208437,ns,ok,direct,reset-and-arithmetic,a038f25ac66821574b30392dc1d3b189cc287e2c,true,kotlin-2.4.10/jvm/Eclipse Adoptium/25.0.1/JMH 1.37/forks=1,1,3,200000000,symm-v1+31x129+uniform+side=R+uplo=U,policy-v1,policy,jvm-c/policy-v1,jmh-average-time-v1,200000000,1,1,score-times-operations
4,gemmt+129x31+uniform+uplo=L+transA=N+transB=N,jvm-c/c/c-sparse/packed-4x4,5,2,1,1,1269,200252013,157803.0047281324,ns,ok,direct,reset-and-arithmetic,a038f25ac66821574b30392dc1d3b189cc287e2c,true,kotlin-2.4.10/jvm/Eclipse Adoptium/25.0.1/JMH 1.37/forks=1,1,3,200000000,gemmt-v1+129x31+uniform+uplo=L+transA=N+transB=N,policy-v1,policy,jvm-c/policy-v1,jmh-average-time-v1,200000000,1,1,score-times-operations
4,gemmt+129x31+uniform+uplo=L+transA=N+transB=N,jvm-c/c/c-sparse/packed-4x4,5,2,1,2,1272,200288088,157459.18867924527,ns,ok,direct,reset-and-arithmetic,a038f25ac66821574b30392dc1d3b189cc287e2c,true,kotlin-2.4.10/jvm/Eclipse Adoptium/25.0.1/JMH 1.37/forks=1,1,3,200000000,gemmt-v1+129x31+uniform+uplo=L+transA=N+transB=N,policy-v1,policy,jvm-c/policy-v1,jmh-average-time-v1,200000000,1,1,score-times-operations
4,gemmt+129x31+uniform+uplo=L+transA=N+transB=N,jvm-c/c/c-sparse/packed-4x4,5,2,1,3,1273,200438591,157453.72427337,ns,ok,direct,reset-and-arithmetic,a038f25ac66821574b30392dc1d3b189cc287e2c,true,kotlin-2.4.10/jvm/Eclipse Adoptium/25.0.1/JMH 1.37/forks=1,1,3,200000000,gemmt-v1+129x31+uniform+uplo=L+transA=N+transB=N,policy-v1,policy,jvm-c/policy-v1,jmh-average-time-v1,200000000,1,1,score-times-operations
4,gemmt+129x31+uniform+uplo=L+transA=N+transB=N,jvm-c/c/c-sparse/packed-4x4,5,2,1,4,1279,200429461,156707.94448788115,ns,ok,direct,reset-and-arithmetic,a038f25ac66821574b30392dc1d3b189cc287e2c,true,kotlin-2.4.10/jvm/Eclipse Adoptium/25.0.1/JMH 1.37/forks=1,1,3,200000000,gemmt-v1+129x31+uniform+uplo=L+transA=N+transB=N,policy-v1,policy,jvm-c/policy-v1,jmh-average-time-v1,200000000,1,1,score-times-operations
4,gemmt+129x31+uniform+uplo=L+transA=N+transB=N,jvm-c/c/c-sparse/packed-4x4,5,2,1,5,1256,200283145,159461.10270700636,ns,ok,direct,reset-and-arithmetic,a038f25ac66821574b30392dc1d3b189cc287e2c,true,kotlin-2.4.10/jvm/Eclipse Adoptium/25.0.1/JMH 1.37/forks=1,1,3,200000000,gemmt-v1+129x31+uniform+uplo=L+transA=N+transB=N,policy-v1,policy,jvm-c/policy-v1,jmh-average-time-v1,200000000,1,1,score-times-operations
4,syrk+129x31+uniform+uplo=L+transA=N,jvm-c/c/c-sparse/packed-4x4,5,2,1,1,3508,200237803,57080.33152793615,ns,ok,direct,reset-and-arithmetic,a038f25ac66821574b30392dc1d3b189cc287e2c,true,kotlin-2.4.10/jvm/Eclipse Adoptium/25.0.1/JMH 1.37/forks=1,1,3,200000000,syrk-v1+129x31+uniform+uplo=L+transA=N,policy-v1,policy,jvm-c/policy-v1,jmh-average-time-v1,200000000,1,1,score-times-operations
4,syrk+129x31+uniform+uplo=L+transA=N,jvm-c/c/c-sparse/packed-4x4,5,2,1,2,3970,200240307,50438.36448362721,ns,ok,direct,reset-and-arithmetic,a038f25ac66821574b30392dc1d3b189cc287e2c,true,kotlin-2.4.10/jvm/Eclipse Adoptium/25.0.1/JMH 1.37/forks=1,1,3,200000000,syrk-v1+129x31+uniform+uplo=L+transA=N,policy-v1,policy,jvm-c/policy-v1,jmh-average-time-v1,200000000,1,1,score-times-operations
4,syrk+129x31+uniform+uplo=L+transA=N,jvm-c/c/c-sparse/packed-4x4,5,2,1,3,3861,200297154,51877.01476301476,ns,ok,direct,reset-and-arithmetic,a038f25ac66821574b30392dc1d3b189cc287e2c,true,kotlin-2.4.10/jvm/Eclipse Adoptium/25.0.1/JMH 1.37/forks=1,1,3,200000000,syrk-v1+129x31+uniform+uplo=L+transA=N,policy-v1,policy,jvm-c/policy-v1,jmh-average-time-v1,200000000,1,1,score-times-operations
4,syrk+129x31+uniform+uplo=L+transA=N,jvm-c/c/c-sparse/packed-4x4,5,2,1,4,3614,200226085,55402.901217487546,ns,ok,direct,reset-and-arithmetic,a038f25ac66821574b30392dc1d3b189cc287e2c,true,kotlin-2.4.10/jvm/Eclipse Adoptium/25.0.1/JMH 1.37/forks=1,1,3,200000000,syrk-v1+129x31+uniform+uplo=L+transA=N,policy-v1,policy,jvm-c/policy-v1,jmh-average-time-v1,200000000,1,1,score-times-operations
4,syrk+129x31+uniform+uplo=L+transA=N,jvm-c/c/c-sparse/packed-4x4,5,2,1,5,3543,200321313,56540.026248941576,ns,ok,direct,reset-and-arithmetic,a038f25ac66821574b30392dc1d3b189cc287e2c,true,kotlin-2.4.10/jvm/Eclipse Adoptium/25.0.1/JMH 1.37/forks=1,1,3,200000000,syrk-v1+129x31+uniform+uplo=L+transA=N,policy-v1,policy,jvm-c/policy-v1,jmh-average-time-v1,200000000,1,1,score-times-operations
4,syr2k+129x31+uniform+uplo=U+transA=T,jvm-c/c/c-sparse/packed-4x4,5,2,1,1,1579,200195316,126786.1405953135,ns,ok,direct,reset-and-arithmetic,a038f25ac66821574b30392dc1d3b189cc287e2c,true,kotlin-2.4.10/jvm/Eclipse Adoptium/25.0.1/JMH 1.37/forks=1,1,3,200000000,syr2k-v1+129x31+uniform+uplo=U+transA=T,policy-v1,policy,jvm-c/policy-v1,jmh-average-time-v1,200000000,1,1,score-times-operations
4,syr2k+129x31+uniform+uplo=U+transA=T,jvm-c/c/c-sparse/packed-4x4,5,2,1,2,1729,200325141,115861.85135916715,ns,ok,direct,reset-and-arithmetic,a038f25ac66821574b30392dc1d3b189cc287e2c,true,kotlin-2.4.10/jvm/Eclipse Adoptium/25.0.1/JMH 1.37/forks=1,1,3,200000000,syr2k-v1+129x31+uniform+uplo=U+transA=T,policy-v1,policy,jvm-c/policy-v1,jmh-average-time-v1,200000000,1,1,score-times-operations
4,syr2k+129x31+uniform+uplo=U+transA=T,jvm-c/c/c-sparse/packed-4x4,5,2,1,3,1613,200290802,124172.84686918785,ns,ok,direct,reset-and-arithmetic,a038f25ac66821574b30392dc1d3b189cc287e2c,true,kotlin-2.4.10/jvm/Eclipse Adoptium/25.0.1/JMH 1.37/forks=1,1,3,200000000,syr2k-v1+129x31+uniform+uplo=U+transA=T,policy-v1,policy,jvm-c/policy-v1,jmh-average-time-v1,200000000,1,1,score-times-operations
4,syr2k+129x31+uniform+uplo=U+transA=T,jvm-c/c/c-sparse/packed-4x4,5,2,1,4,1613,200205595,124120.02169869808,ns,ok,direct,reset-and-arithmetic,a038f25ac66821574b30392dc1d3b189cc287e2c,true,kotlin-2.4.10/jvm/Eclipse Adoptium/25.0.1/JMH 1.37/forks=1,1,3,200000000,syr2k-v1+129x31+uniform+uplo=U+transA=T,policy-v1,policy,jvm-c/policy-v1,jmh-average-time-v1,200000000,1,1,score-times-operations
4,syr2k+129x31+uniform+uplo=U+transA=T,jvm-c/c/c-sparse/packed-4x4,5,2,1,5,1809,200301828,110725.16749585407,ns,ok,direct,reset-and-arithmetic,a038f25ac66821574b30392dc1d3b189cc287e2c,true,kotlin-2.4.10/jvm/Eclipse Adoptium/25.0.1/JMH 1.37/forks=1,1,3,200000000,syr2k-v1+129x31+uniform+uplo=U+transA=T,policy-v1,policy,jvm-c/policy-v1,jmh-average-time-v1,200000000,1,1,score-times-operations
4,trsm+64x16+triangular+side=L+uplo=L+transA=N+diag=N,jvm-c/c/c-sparse/packed-4x4,5,2,1,1,13628,200274158,14695.785001467566,ns,ok,direct,reset-and-arithmetic,a038f25ac66821574b30392dc1d3b189cc287e2c,true,kotlin-2.4.10/jvm/Eclipse Adoptium/25.0.1/JMH 1.37/forks=1,1,3,200000000,trsm-v1+64x16+triangular+side=L+uplo=L+transA=N+diag=N,policy-v1,policy,jvm-c/policy-v1,jmh-average-time-v1,200000000,1,1,score-times-operations
4,trsm+64x16+triangular+side=L+uplo=L+transA=N+diag=N,jvm-c/c/c-sparse/packed-4x4,5,2,1,2,12659,200161688,15811.808831661268,ns,ok,direct,reset-and-arithmetic,a038f25ac66821574b30392dc1d3b189cc287e2c,true,kotlin-2.4.10/jvm/Eclipse Adoptium/25.0.1/JMH 1.37/forks=1,1,3,200000000,trsm-v1+64x16+triangular+side=L+uplo=L+transA=N+diag=N,policy-v1,policy,jvm-c/policy-v1,jmh-average-time-v1,200000000,1,1,score-times-operations
4,trsm+64x16+triangular+side=L+uplo=L+transA=N+diag=N,jvm-c/c/c-sparse/packed-4x4,5,2,1,3,12559,200224856,15942.738753085438,ns,ok,direct,reset-and-arithmetic,a038f25ac66821574b30392dc1d3b189cc287e2c,true,kotlin-2.4.10/jvm/Eclipse Adoptium/25.0.1/JMH 1.37/forks=1,1,3,200000000,trsm-v1+64x16+triangular+side=L+uplo=L+transA=N+diag=N,policy-v1,policy,jvm-c/policy-v1,jmh-average-time-v1,200000000,1,1,score-times-operations
4,trsm+64x16+triangular+side=L+uplo=L+transA=N+diag=N,jvm-c/c/c-sparse/packed-4x4,5,2,1,4,12680,200182986,15787.301735015773,ns,ok,direct,reset-and-arithmetic,a038f25ac66821574b30392dc1d3b189cc287e2c,true,kotlin-2.4.10/jvm/Eclipse Adoptium/25.0.1/JMH 1.37/forks=1,1,3,200000000,trsm-v1+64x16+triangular+side=L+uplo=L+transA=N+diag=N,policy-v1,policy,jvm-c/policy-v1,jmh-average-time-v1,200000000,1,1,score-times-operations
4,trsm+64x16+triangular+side=L+uplo=L+transA=N+diag=N,jvm-c/c/c-sparse/packed-4x4,5,2,1,5,12655,200194921,15819.432714342158,ns,ok,direct,reset-and-arithmetic,a038f25ac66821574b30392dc1d3b189cc287e2c,true,kotlin-2.4.10/jvm/Eclipse Adoptium/25.0.1/JMH 1.37/forks=1,1,3,200000000,trsm-v1+64x16+triangular+side=L+uplo=L+transA=N+diag=N,policy-v1,policy,jvm-c/policy-v1,jmh-average-time-v1,200000000,1,1,score-times-operations
4,trsm+17x64+triangular+side=R+uplo=U+transA=T+diag=U,jvm-c/c/c-sparse/packed-4x4,5,2,1,1,12285,200228190,16298.590964590965,ns,ok,direct,reset-and-arithmetic,a038f25ac66821574b30392dc1d3b189cc287e2c,true,kotlin-2.4.10/jvm/Eclipse Adoptium/25.0.1/JMH 1.37/forks=1,1,3,200000000,trsm-v1+17x64+triangular+side=R+uplo=U+transA=T+diag=U,policy-v1,policy,jvm-c/policy-v1,jmh-average-time-v1,200000000,1,1,score-times-operations
4,trsm+17x64+triangular+side=R+uplo=U+transA=T+diag=U,jvm-c/c/c-sparse/packed-4x4,5,2,1,2,12375,200162921,16174.781494949495,ns,ok,direct,reset-and-arithmetic,a038f25ac66821574b30392dc1d3b189cc287e2c,true,kotlin-2.4.10/jvm/Eclipse Adoptium/25.0.1/JMH 1.37/forks=1,1,3,200000000,trsm-v1+17x64+triangular+side=R+uplo=U+transA=T+diag=U,policy-v1,policy,jvm-c/policy-v1,jmh-average-time-v1,200000000,1,1,score-times-operations
4,trsm+17x64+triangular+side=R+uplo=U+transA=T+diag=U,jvm-c/c/c-sparse/packed-4x4,5,2,1,3,12275,200188980,16308.674541751527,ns,ok,direct,reset-and-arithmetic,a038f25ac66821574b30392dc1d3b189cc287e2c,true,kotlin-2.4.10/jvm/Eclipse Adoptium/25.0.1/JMH 1.37/forks=1,1,3,200000000,trsm-v1+17x64+triangular+side=R+uplo=U+transA=T+diag=U,policy-v1,policy,jvm-c/policy-v1,jmh-average-time-v1,200000000,1,1,score-times-operations
4,trsm+17x64+triangular+side=R+uplo=U+transA=T+diag=U,jvm-c/c/c-sparse/packed-4x4,5,2,1,4,12310,200196705,16262.932981316004,ns,ok,direct,reset-and-arithmetic,a038f25ac66821574b30392dc1d3b189cc287e2c,true,kotlin-2.4.10/jvm/Eclipse Adoptium/25.0.1/JMH 1.37/forks=1,1,3,200000000,trsm-v1+17x64+triangular+side=R+uplo=U+transA=T+diag=U,policy-v1,policy,jvm-c/policy-v1,jmh-average-time-v1,200000000,1,1,score-times-operations
4,trsm+17x64+triangular+side=R+uplo=U+transA=T+diag=U,jvm-c/c/c-sparse/packed-4x4,5,2,1,5,11499,200224098,17412.305243934254,ns,ok,direct,reset-and-arithmetic,a038f25ac66821574b30392dc1d3b189cc287e2c,true,kotlin-2.4.10/jvm/Eclipse Adoptium/25.0.1/JMH 1.37/forks=1,1,3,200000000,trsm-v1+17x64+triangular+side=R+uplo=U+transA=T+diag=U,policy-v1,policy,jvm-c/policy-v1,jmh-average-time-v1,200000000,1,1,score-times-operations
4,trmm+64x16+triangular+side=L+uplo=U+transA=T+diag=N,jvm-c/c/c-sparse/packed-4x4,5,2,1,1,15803,200257855,12672.141681959121,ns,ok,direct,reset-and-arithmetic,a038f25ac66821574b30392dc1d3b189cc287e2c,true,kotlin-2.4.10/jvm/Eclipse Adoptium/25.0.1/JMH 1.37/forks=1,1,3,200000000,trmm-v1+64x16+triangular+side=L+uplo=U+transA=T+diag=N,policy-v1,policy,jvm-c/policy-v1,jmh-average-time-v1,200000000,1,1,score-times-operations
4,trmm+64x16+triangular+side=L+uplo=U+transA=T+diag=N,jvm-c/c/c-sparse/packed-4x4,5,2,1,2,17189,200231837,11648.83570888359,ns,ok,direct,reset-and-arithmetic,a038f25ac66821574b30392dc1d3b189cc287e2c,true,kotlin-2.4.10/jvm/Eclipse Adoptium/25.0.1/JMH 1.37/forks=1,1,3,200000000,trmm-v1+64x16+triangular+side=L+uplo=U+transA=T+diag=N,policy-v1,policy,jvm-c/policy-v1,jmh-average-time-v1,200000000,1,1,score-times-operations
4,trmm+64x16+triangular+side=L+uplo=U+transA=T+diag=N,jvm-c/c/c-sparse/packed-4x4,5,2,1,3,16936,200221978,11822.270784128485,ns,ok,direct,reset-and-arithmetic,a038f25ac66821574b30392dc1d3b189cc287e2c,true,kotlin-2.4.10/jvm/Eclipse Adoptium/25.0.1/JMH 1.37/forks=1,1,3,200000000,trmm-v1+64x16+triangular+side=L+uplo=U+transA=T+diag=N,policy-v1,policy,jvm-c/policy-v1,jmh-average-time-v1,200000000,1,1,score-times-operations
4,trmm+64x16+triangular+side=L+uplo=U+transA=T+diag=N,jvm-c/c/c-sparse/packed-4x4,5,2,1,4,17102,200287038,11711.322535375979,ns,ok,direct,reset-and-arithmetic,a038f25ac66821574b30392dc1d3b189cc287e2c,true,kotlin-2.4.10/jvm/Eclipse Adoptium/25.0.1/JMH 1.37/forks=1,1,3,200000000,trmm-v1+64x16+triangular+side=L+uplo=U+transA=T+diag=N,policy-v1,policy,jvm-c/policy-v1,jmh-average-time-v1,200000000,1,1,score-times-operations
4,trmm+64x16+triangular+side=L+uplo=U+transA=T+diag=N,jvm-c/c/c-sparse/packed-4x4,5,2,1,5,15564,200205502,12863.370727319456,ns,ok,direct,reset-and-arithmetic,a038f25ac66821574b30392dc1d3b189cc287e2c,true,kotlin-2.4.10/jvm/Eclipse Adoptium/25.0.1/JMH 1.37/forks=1,1,3,200000000,trmm-v1+64x16+triangular+side=L+uplo=U+transA=T+diag=N,policy-v1,policy,jvm-c/policy-v1,jmh-average-time-v1,200000000,1,1,score-times-operations
4,trmm+17x64+triangular+side=R+uplo=L+transA=N+diag=U,jvm-c/c/c-sparse/packed-4x4,5,2,1,1,13039,200175745,15352.077996778895,ns,ok,direct,reset-and-arithmetic,a038f25ac66821574b30392dc1d3b189cc287e2c,true,kotlin-2.4.10/jvm/Eclipse Adoptium/25.0.1/JMH 1.37/forks=1,1,3,200000000,trmm-v1+17x64+triangular+side=R+uplo=L+transA=N+diag=U,policy-v1,policy,jvm-c/policy-v1,jmh-average-time-v1,200000000,1,1,score-times-operations
4,trmm+17x64+triangular+side=R+uplo=L+transA=N+diag=U,jvm-c/c/c-sparse/packed-4x4,5,2,1,2,12786,200257033,15662.211246676052,ns,ok,direct,reset-and-arithmetic,a038f25ac66821574b30392dc1d3b189cc287e2c,true,kotlin-2.4.10/jvm/Eclipse Adoptium/25.0.1/JMH 1.37/forks=1,1,3,200000000,trmm-v1+17x64+triangular+side=R+uplo=L+transA=N+diag=U,policy-v1,policy,jvm-c/policy-v1,jmh-average-time-v1,200000000,1,1,score-times-operations
4,trmm+17x64+triangular+side=R+uplo=L+transA=N+diag=U,jvm-c/c/c-sparse/packed-4x4,5,2,1,3,13104,200192233,15277.185057997558,ns,ok,direct,reset-and-arithmetic,a038f25ac66821574b30392dc1d3b189cc287e2c,true,kotlin-2.4.10/jvm/Eclipse Adoptium/25.0.1/JMH 1.37/forks=1,1,3,200000000,trmm-v1+17x64+triangular+side=R+uplo=L+transA=N+diag=U,policy-v1,policy,jvm-c/policy-v1,jmh-average-time-v1,200000000,1,1,score-times-operations
4,trmm+17x64+triangular+side=R+uplo=L+transA=N+diag=U,jvm-c/c/c-sparse/packed-4x4,5,2,1,4,13111,200146732,15265.558081000687,ns,ok,direct,reset-and-arithmetic,a038f25ac66821574b30392dc1d3b189cc287e2c,true,kotlin-2.4.10/jvm/Eclipse Adoptium/25.0.1/JMH 1.37/forks=1,1,3,200000000,trmm-v1+17x64+triangular+side=R+uplo=L+transA=N+diag=U,policy-v1,policy,jvm-c/policy-v1,jmh-average-time-v1,200000000,1,1,score-times-operations
4,trmm+17x64+triangular+side=R+uplo=L+transA=N+diag=U,jvm-c/c/c-sparse/packed-4x4,5,2,1,5,13045,200152367,15343.224760444615,ns,ok,direct,reset-and-arithmetic,a038f25ac66821574b30392dc1d3b189cc287e2c,true,kotlin-2.4.10/jvm/Eclipse Adoptium/25.0.1/JMH 1.37/forks=1,1,3,200000000,trmm-v1+17x64+triangular+side=R+uplo=L+transA=N+diag=U,policy-v1,policy,jvm-c/policy-v1,jmh-average-time-v1,200000000,1,1,score-times-operations
4,gemm-tile+4x4x32+uniform+physical=4x4+work=gemm-add-v1+leftLayout=depth-rows-v1+rightLayout=depth-columns-v1+leftGroup=4+rightGroup=4+leftStride=4+rightStride=4+padding=zero+alignment=8+block=4x4x32+panel=32+diagonal=0+rhs=0+batch=1+variant=current-tile-v1+timing=raw-tile,jvm-c/c/c-sparse/packed-4x4,5,2,1,1,2279850,200196995,87.81147663223457,ns,ok,partial,raw-tile,a038f25ac66821574b30392dc1d3b189cc287e2c,true,kotlin-2.4.10/jvm/Eclipse Adoptium/25.0.1/JMH 1.37/forks=1,1,3,200000000,gemm-add-v1+4x4x32+uniform,physical=4x4+leftLayout=depth-rows-v1+rightLayout=depth-columns-v1+leftGroup=4+rightGroup=4+leftStride=4+rightStride=4+padding=zero+alignment=8+block=4x4x32+panel=32+diagonal=0+rhs=0+batch=1+variant=current-tile-v1,tiles=1;leftDoubles=128;rightDoubles=128;outputDoubles=16;resetDoubles=16;scratchDoubles=0;triangleDoubles=0,jvm-c/c-tile-v1/4x4,jmh-average-time-v1,200000000,1,1,score-times-operations
4,gemm-tile+4x4x32+uniform+physical=4x4+work=gemm-add-v1+leftLayout=depth-rows-v1+rightLayout=depth-columns-v1+leftGroup=4+rightGroup=4+leftStride=4+rightStride=4+padding=zero+alignment=8+block=4x4x32+panel=32+diagonal=0+rhs=0+batch=1+variant=current-tile-v1+timing=raw-tile,jvm-c/c/c-sparse/packed-4x4,5,2,1,2,2230250,200206376,89.768580204013,ns,ok,partial,raw-tile,a038f25ac66821574b30392dc1d3b189cc287e2c,true,kotlin-2.4.10/jvm/Eclipse Adoptium/25.0.1/JMH 1.37/forks=1,1,3,200000000,gemm-add-v1+4x4x32+uniform,physical=4x4+leftLayout=depth-rows-v1+rightLayout=depth-columns-v1+leftGroup=4+rightGroup=4+leftStride=4+rightStride=4+padding=zero+alignment=8+block=4x4x32+panel=32+diagonal=0+rhs=0+batch=1+variant=current-tile-v1,tiles=1;leftDoubles=128;rightDoubles=128;outputDoubles=16;resetDoubles=16;scratchDoubles=0;triangleDoubles=0,jvm-c/c-tile-v1/4x4,jmh-average-time-v1,200000000,1,1,score-times-operations
4,gemm-tile+4x4x32+uniform+physical=4x4+work=gemm-add-v1+leftLayout=depth-rows-v1+rightLayout=depth-columns-v1+leftGroup=4+rightGroup=4+leftStride=4+rightStride=4+padding=zero+alignment=8+block=4x4x32+panel=32+diagonal=0+rhs=0+batch=1+variant=current-tile-v1+timing=raw-tile,jvm-c/c/c-sparse/packed-4x4,5,2,1,3,2224918,200183017,89.9732111475569,ns,ok,partial,raw-tile,a038f25ac66821574b30392dc1d3b189cc287e2c,true,kotlin-2.4.10/jvm/Eclipse Adoptium/25.0.1/JMH 1.37/forks=1,1,3,200000000,gemm-add-v1+4x4x32+uniform,physical=4x4+leftLayout=depth-rows-v1+rightLayout=depth-columns-v1+leftGroup=4+rightGroup=4+leftStride=4+rightStride=4+padding=zero+alignment=8+block=4x4x32+panel=32+diagonal=0+rhs=0+batch=1+variant=current-tile-v1,tiles=1;leftDoubles=128;rightDoubles=128;outputDoubles=16;resetDoubles=16;scratchDoubles=0;triangleDoubles=0,jvm-c/c-tile-v1/4x4,jmh-average-time-v1,200000000,1,1,score-times-operations
4,gemm-tile+4x4x32+uniform+physical=4x4+work=gemm-add-v1+leftLayout=depth-rows-v1+rightLayout=depth-columns-v1+leftGroup=4+rightGroup=4+leftStride=4+rightStride=4+padding=zero+alignment=8+block=4x4x32+panel=32+diagonal=0+rhs=0+batch=1+variant=current-tile-v1+timing=raw-tile,jvm-c/c/c-sparse/packed-4x4,5,2,1,4,2227806,200168141,89.84989761226964,ns,ok,partial,raw-tile,a038f25ac66821574b30392dc1d3b189cc287e2c,true,kotlin-2.4.10/jvm/Eclipse Adoptium/25.0.1/JMH 1.37/forks=1,1,3,200000000,gemm-add-v1+4x4x32+uniform,physical=4x4+leftLayout=depth-rows-v1+rightLayout=depth-columns-v1+leftGroup=4+rightGroup=4+leftStride=4+rightStride=4+padding=zero+alignment=8+block=4x4x32+panel=32+diagonal=0+rhs=0+batch=1+variant=current-tile-v1,tiles=1;leftDoubles=128;rightDoubles=128;outputDoubles=16;resetDoubles=16;scratchDoubles=0;triangleDoubles=0,jvm-c/c-tile-v1/4x4,jmh-average-time-v1,200000000,1,1,score-times-operations
4,gemm-tile+4x4x32+uniform+physical=4x4+work=gemm-add-v1+leftLayout=depth-rows-v1+rightLayout=depth-columns-v1+leftGroup=4+rightGroup=4+leftStride=4+rightStride=4+padding=zero+alignment=8+block=4x4x32+panel=32+diagonal=0+rhs=0+batch=1+variant=current-tile-v1+timing=raw-tile,jvm-c/c/c-sparse/packed-4x4,5,2,1,5,2226619,200157245,89.89290264746685,ns,ok,partial,raw-tile,a038f25ac66821574b30392dc1d3b189cc287e2c,true,kotlin-2.4.10/jvm/Eclipse Adoptium/25.0.1/JMH 1.37/forks=1,1,3,200000000,gemm-add-v1+4x4x32+uniform,physical=4x4+leftLayout=depth-rows-v1+rightLayout=depth-columns-v1+leftGroup=4+rightGroup=4+leftStride=4+rightStride=4+padding=zero+alignment=8+block=4x4x32+panel=32+diagonal=0+rhs=0+batch=1+variant=current-tile-v1,tiles=1;leftDoubles=128;rightDoubles=128;outputDoubles=16;resetDoubles=16;scratchDoubles=0;triangleDoubles=0,jvm-c/c-tile-v1/4x4,jmh-average-time-v1,200000000,1,1,score-times-operations
4,gemm-tile+3x2x31+uniform+physical=4x4+work=gemm-add-v1+leftLayout=depth-rows-v1+rightLayout=depth-columns-v1+leftGroup=4+rightGroup=4+leftStride=4+rightStride=4+padding=zero+alignment=8+block=3x2x31+panel=31+diagonal=0+rhs=0+batch=1+variant=current-tile-v1+timing=raw-tile,jvm-c/c/c-sparse/packed-4x4,5,2,1,1,2462065,200236779,81.32879473125202,ns,ok,partial,raw-tile,a038f25ac66821574b30392dc1d3b189cc287e2c,true,kotlin-2.4.10/jvm/Eclipse Adoptium/25.0.1/JMH 1.37/forks=1,1,3,200000000,gemm-add-v1+3x2x31+uniform,physical=4x4+leftLayout=depth-rows-v1+rightLayout=depth-columns-v1+leftGroup=4+rightGroup=4+leftStride=4+rightStride=4+padding=zero+alignment=8+block=3x2x31+panel=31+diagonal=0+rhs=0+batch=1+variant=current-tile-v1,tiles=1;leftDoubles=124;rightDoubles=124;outputDoubles=16;resetDoubles=16;scratchDoubles=0;triangleDoubles=0,jvm-c/c-tile-v1/4x4,jmh-average-time-v1,200000000,1,1,score-times-operations
4,gemm-tile+3x2x31+uniform+physical=4x4+work=gemm-add-v1+leftLayout=depth-rows-v1+rightLayout=depth-columns-v1+leftGroup=4+rightGroup=4+leftStride=4+rightStride=4+padding=zero+alignment=8+block=3x2x31+panel=31+diagonal=0+rhs=0+batch=1+variant=current-tile-v1+timing=raw-tile,jvm-c/c/c-sparse/packed-4x4,5,2,1,2,2467402,200178323,81.12918892016785,ns,ok,partial,raw-tile,a038f25ac66821574b30392dc1d3b189cc287e2c,true,kotlin-2.4.10/jvm/Eclipse Adoptium/25.0.1/JMH 1.37/forks=1,1,3,200000000,gemm-add-v1+3x2x31+uniform,physical=4x4+leftLayout=depth-rows-v1+rightLayout=depth-columns-v1+leftGroup=4+rightGroup=4+leftStride=4+rightStride=4+padding=zero+alignment=8+block=3x2x31+panel=31+diagonal=0+rhs=0+batch=1+variant=current-tile-v1,tiles=1;leftDoubles=124;rightDoubles=124;outputDoubles=16;resetDoubles=16;scratchDoubles=0;triangleDoubles=0,jvm-c/c-tile-v1/4x4,jmh-average-time-v1,200000000,1,1,score-times-operations
4,gemm-tile+3x2x31+uniform+physical=4x4+work=gemm-add-v1+leftLayout=depth-rows-v1+rightLayout=depth-columns-v1+leftGroup=4+rightGroup=4+leftStride=4+rightStride=4+padding=zero+alignment=8+block=3x2x31+panel=31+diagonal=0+rhs=0+batch=1+variant=current-tile-v1+timing=raw-tile,jvm-c/c/c-sparse/packed-4x4,5,2,1,3,2453027,200162877,81.59831791496792,ns,ok,partial,raw-tile,a038f25ac66821574b30392dc1d3b189cc287e2c,true,kotlin-2.4.10/jvm/Eclipse Adoptium/25.0.1/JMH 1.37/forks=1,1,3,200000000,gemm-add-v1+3x2x31+uniform,physical=4x4+leftLayout=depth-rows-v1+rightLayout=depth-columns-v1+leftGroup=4+rightGroup=4+leftStride=4+rightStride=4+padding=zero+alignment=8+block=3x2x31+panel=31+diagonal=0+rhs=0+batch=1+variant=current-tile-v1,tiles=1;leftDoubles=124;rightDoubles=124;outputDoubles=16;resetDoubles=16;scratchDoubles=0;triangleDoubles=0,jvm-c/c-tile-v1/4x4,jmh-average-time-v1,200000000,1,1,score-times-operations
4,gemm-tile+3x2x31+uniform+physical=4x4+work=gemm-add-v1+leftLayout=depth-rows-v1+rightLayout=depth-columns-v1+leftGroup=4+rightGroup=4+leftStride=4+rightStride=4+padding=zero+alignment=8+block=3x2x31+panel=31+diagonal=0+rhs=0+batch=1+variant=current-tile-v1+timing=raw-tile,jvm-c/c/c-sparse/packed-4x4,5,2,1,4,2475970,200169715,80.84496783078954,ns,ok,partial,raw-tile,a038f25ac66821574b30392dc1d3b189cc287e2c,true,kotlin-2.4.10/jvm/Eclipse Adoptium/25.0.1/JMH 1.37/forks=1,1,3,200000000,gemm-add-v1+3x2x31+uniform,physical=4x4+leftLayout=depth-rows-v1+rightLayout=depth-columns-v1+leftGroup=4+rightGroup=4+leftStride=4+rightStride=4+padding=zero+alignment=8+block=3x2x31+panel=31+diagonal=0+rhs=0+batch=1+variant=current-tile-v1,tiles=1;leftDoubles=124;rightDoubles=124;outputDoubles=16;resetDoubles=16;scratchDoubles=0;triangleDoubles=0,jvm-c/c-tile-v1/4x4,jmh-average-time-v1,200000000,1,1,score-times-operations
4,gemm-tile+3x2x31+uniform+physical=4x4+work=gemm-add-v1+leftLayout=depth-rows-v1+rightLayout=depth-columns-v1+leftGroup=4+rightGroup=4+leftStride=4+rightStride=4+padding=zero+alignment=8+block=3x2x31+panel=31+diagonal=0+rhs=0+batch=1+variant=current-tile-v1+timing=raw-tile,jvm-c/c/c-sparse/packed-4x4,5,2,1,5,2463372,200099075,81.22974321377365,ns,ok,partial,raw-tile,a038f25ac66821574b30392dc1d3b189cc287e2c,true,kotlin-2.4.10/jvm/Eclipse Adoptium/25.0.1/JMH 1.37/forks=1,1,3,200000000,gemm-add-v1+3x2x31+uniform,physical=4x4+leftLayout=depth-rows-v1+rightLayout=depth-columns-v1+leftGroup=4+rightGroup=4+leftStride=4+rightStride=4+padding=zero+alignment=8+block=3x2x31+panel=31+diagonal=0+rhs=0+batch=1+variant=current-tile-v1,tiles=1;leftDoubles=124;rightDoubles=124;outputDoubles=16;resetDoubles=16;scratchDoubles=0;triangleDoubles=0,jvm-c/c-tile-v1/4x4,jmh-average-time-v1,200000000,1,1,score-times-operations
4,packed-trsm+4x4+triangular+physical=4x4+uplo=L+diag=N+work=right-solve-v1+leftLayout=depth-rows-v1+rightLayout=depth-columns-v1+leftGroup=4+rightGroup=4+leftStride=4+rightStride=4+padding=zero+alignment=8+block=4x4x4+panel=4+diagonal=4+rhs=4+batch=1+variant=current-tile-v1+timing=raw-tile,jvm-c/c/c-sparse/packed-4x4,5,2,1,1,4974440,200177072,40.24112704143582,ns,ok,partial,raw-tile,a038f25ac66821574b30392dc1d3b189cc287e2c,true,kotlin-2.4.10/jvm/Eclipse Adoptium/25.0.1/JMH 1.37/forks=1,1,3,200000000,right-solve-v1+4x4+triangular+uplo=L+diag=N,physical=4x4+leftLayout=depth-rows-v1+rightLayout=depth-columns-v1+leftGroup=4+rightGroup=4+leftStride=4+rightStride=4+padding=zero+alignment=8+block=4x4x4+panel=4+diagonal=4+rhs=4+batch=1+variant=current-tile-v1,tiles=1;leftDoubles=0;rightDoubles=0;outputDoubles=16;resetDoubles=16;scratchDoubles=0;triangleDoubles=16,jvm-c/portable-solve-v1/4x4,jmh-average-time-v1,200000000,1,1,score-times-operations
4,packed-trsm+4x4+triangular+physical=4x4+uplo=L+diag=N+work=right-solve-v1+leftLayout=depth-rows-v1+rightLayout=depth-columns-v1+leftGroup=4+rightGroup=4+leftStride=4+rightStride=4+padding=zero+alignment=8+block=4x4x4+panel=4+diagonal=4+rhs=4+batch=1+variant=current-tile-v1+timing=raw-tile,jvm-c/c/c-sparse/packed-4x4,5,2,1,2,4958060,200203327,40.3793675348826,ns,ok,partial,raw-tile,a038f25ac66821574b30392dc1d3b189cc287e2c,true,kotlin-2.4.10/jvm/Eclipse Adoptium/25.0.1/JMH 1.37/forks=1,1,3,200000000,right-solve-v1+4x4+triangular+uplo=L+diag=N,physical=4x4+leftLayout=depth-rows-v1+rightLayout=depth-columns-v1+leftGroup=4+rightGroup=4+leftStride=4+rightStride=4+padding=zero+alignment=8+block=4x4x4+panel=4+diagonal=4+rhs=4+batch=1+variant=current-tile-v1,tiles=1;leftDoubles=0;rightDoubles=0;outputDoubles=16;resetDoubles=16;scratchDoubles=0;triangleDoubles=16,jvm-c/portable-solve-v1/4x4,jmh-average-time-v1,200000000,1,1,score-times-operations
4,packed-trsm+4x4+triangular+physical=4x4+uplo=L+diag=N+work=right-solve-v1+leftLayout=depth-rows-v1+rightLayout=depth-columns-v1+leftGroup=4+rightGroup=4+leftStride=4+rightStride=4+padding=zero+alignment=8+block=4x4x4+panel=4+diagonal=4+rhs=4+batch=1+variant=current-tile-v1+timing=raw-tile,jvm-c/c/c-sparse/packed-4x4,5,2,1,3,4983264,200153543,40.16514938803162,ns,ok,partial,raw-tile,a038f25ac66821574b30392dc1d3b189cc287e2c,true,kotlin-2.4.10/jvm/Eclipse Adoptium/25.0.1/JMH 1.37/forks=1,1,3,200000000,right-solve-v1+4x4+triangular+uplo=L+diag=N,physical=4x4+leftLayout=depth-rows-v1+rightLayout=depth-columns-v1+leftGroup=4+rightGroup=4+leftStride=4+rightStride=4+padding=zero+alignment=8+block=4x4x4+panel=4+diagonal=4+rhs=4+batch=1+variant=current-tile-v1,tiles=1;leftDoubles=0;rightDoubles=0;outputDoubles=16;resetDoubles=16;scratchDoubles=0;triangleDoubles=16,jvm-c/portable-solve-v1/4x4,jmh-average-time-v1,200000000,1,1,score-times-operations
4,packed-trsm+4x4+triangular+physical=4x4+uplo=L+diag=N+work=right-solve-v1+leftLayout=depth-rows-v1+rightLayout=depth-columns-v1+leftGroup=4+rightGroup=4+leftStride=4+rightStride=4+padding=zero+alignment=8+block=4x4x4+panel=4+diagonal=4+rhs=4+batch=1+variant=current-tile-v1+timing=raw-tile,jvm-c/c/c-sparse/packed-4x4,5,2,1,4,4950455,200135869,40.42777259868032,ns,ok,partial,raw-tile,a038f25ac66821574b30392dc1d3b189cc287e2c,true,kotlin-2.4.10/jvm/Eclipse Adoptium/25.0.1/JMH 1.37/forks=1,1,3,200000000,right-solve-v1+4x4+triangular+uplo=L+diag=N,physical=4x4+leftLayout=depth-rows-v1+rightLayout=depth-columns-v1+leftGroup=4+rightGroup=4+leftStride=4+rightStride=4+padding=zero+alignment=8+block=4x4x4+panel=4+diagonal=4+rhs=4+batch=1+variant=current-tile-v1,tiles=1;leftDoubles=0;rightDoubles=0;outputDoubles=16;resetDoubles=16;scratchDoubles=0;triangleDoubles=16,jvm-c/portable-solve-v1/4x4,jmh-average-time-v1,200000000,1,1,score-times-operations
4,packed-trsm+4x4+triangular+physical=4x4+uplo=L+diag=N+work=right-solve-v1+leftLayout=depth-rows-v1+rightLayout=depth-columns-v1+leftGroup=4+rightGroup=4+leftStride=4+rightStride=4+padding=zero+alignment=8+block=4x4x4+panel=4+diagonal=4+rhs=4+batch=1+variant=current-tile-v1+timing=raw-tile,jvm-c/c/c-sparse/packed-4x4,5,2,1,5,4992255,200180465,40.098205119730466,ns,ok,partial,raw-tile,a038f25ac66821574b30392dc1d3b189cc287e2c,true,kotlin-2.4.10/jvm/Eclipse Adoptium/25.0.1/JMH 1.37/forks=1,1,3,200000000,right-solve-v1+4x4+triangular+uplo=L+diag=N,physical=4x4+leftLayout=depth-rows-v1+rightLayout=depth-columns-v1+leftGroup=4+rightGroup=4+leftStride=4+rightStride=4+padding=zero+alignment=8+block=4x4x4+panel=4+diagonal=4+rhs=4+batch=1+variant=current-tile-v1,tiles=1;leftDoubles=0;rightDoubles=0;outputDoubles=16;resetDoubles=16;scratchDoubles=0;triangleDoubles=16,jvm-c/portable-solve-v1/4x4,jmh-average-time-v1,200000000,1,1,score-times-operations
4,packed-trsm+3x2+triangular+physical=4x4+uplo=U+diag=U+work=right-solve-v1+leftLayout=depth-rows-v1+rightLayout=depth-columns-v1+leftGroup=4+rightGroup=4+leftStride=4+rightStride=4+padding=zero+alignment=8+block=3x2x2+panel=2+diagonal=2+rhs=3+batch=1+variant=current-tile-v1+timing=raw-tile,jvm-c/c/c-sparse/packed-4x4,5,2,1,1,18847730,200193965,10.621648601714902,ns,ok,partial,raw-tile,a038f25ac66821574b30392dc1d3b189cc287e2c,true,kotlin-2.4.10/jvm/Eclipse Adoptium/25.0.1/JMH 1.37/forks=1,1,3,200000000,right-solve-v1+3x2+triangular+uplo=U+diag=U,physical=4x4+leftLayout=depth-rows-v1+rightLayout=depth-columns-v1+leftGroup=4+rightGroup=4+leftStride=4+rightStride=4+padding=zero+alignment=8+block=3x2x2+panel=2+diagonal=2+rhs=3+batch=1+variant=current-tile-v1,tiles=1;leftDoubles=0;rightDoubles=0;outputDoubles=16;resetDoubles=16;scratchDoubles=0;triangleDoubles=16,jvm-c/portable-solve-v1/4x4,jmh-average-time-v1,200000000,1,1,score-times-operations
4,packed-trsm+3x2+triangular+physical=4x4+uplo=U+diag=U+work=right-solve-v1+leftLayout=depth-rows-v1+rightLayout=depth-columns-v1+leftGroup=4+rightGroup=4+leftStride=4+rightStride=4+padding=zero+alignment=8+block=3x2x2+panel=2+diagonal=2+rhs=3+batch=1+variant=current-tile-v1+timing=raw-tile,jvm-c/c/c-sparse/packed-4x4,5,2,1,2,18841066,200195877,10.625506911339306,ns,ok,partial,raw-tile,a038f25ac66821574b30392dc1d3b189cc287e2c,true,kotlin-2.4.10/jvm/Eclipse Adoptium/25.0.1/JMH 1.37/forks=1,1,3,200000000,right-solve-v1+3x2+triangular+uplo=U+diag=U,physical=4x4+leftLayout=depth-rows-v1+rightLayout=depth-columns-v1+leftGroup=4+rightGroup=4+leftStride=4+rightStride=4+padding=zero+alignment=8+block=3x2x2+panel=2+diagonal=2+rhs=3+batch=1+variant=current-tile-v1,tiles=1;leftDoubles=0;rightDoubles=0;outputDoubles=16;resetDoubles=16;scratchDoubles=0;triangleDoubles=16,jvm-c/portable-solve-v1/4x4,jmh-average-time-v1,200000000,1,1,score-times-operations
4,packed-trsm+3x2+triangular+physical=4x4+uplo=U+diag=U+work=right-solve-v1+leftLayout=depth-rows-v1+rightLayout=depth-columns-v1+leftGroup=4+rightGroup=4+leftStride=4+rightStride=4+padding=zero+alignment=8+block=3x2x2+panel=2+diagonal=2+rhs=3+batch=1+variant=current-tile-v1+timing=raw-tile,jvm-c/c/c-sparse/packed-4x4,5,2,1,3,18142077,200138382,11.031723765696729,ns,ok,partial,raw-tile,a038f25ac66821574b30392dc1d3b189cc287e2c,true,kotlin-2.4.10/jvm/Eclipse Adoptium/25.0.1/JMH 1.37/forks=1,1,3,200000000,right-solve-v1+3x2+triangular+uplo=U+diag=U,physical=4x4+leftLayout=depth-rows-v1+rightLayout=depth-columns-v1+leftGroup=4+rightGroup=4+leftStride=4+rightStride=4+padding=zero+alignment=8+block=3x2x2+panel=2+diagonal=2+rhs=3+batch=1+variant=current-tile-v1,tiles=1;leftDoubles=0;rightDoubles=0;outputDoubles=16;resetDoubles=16;scratchDoubles=0;triangleDoubles=16,jvm-c/portable-solve-v1/4x4,jmh-average-time-v1,200000000,1,1,score-times-operations
4,packed-trsm+3x2+triangular+physical=4x4+uplo=U+diag=U+work=right-solve-v1+leftLayout=depth-rows-v1+rightLayout=depth-columns-v1+leftGroup=4+rightGroup=4+leftStride=4+rightStride=4+padding=zero+alignment=8+block=3x2x2+panel=2+diagonal=2+rhs=3+batch=1+variant=current-tile-v1+timing=raw-tile,jvm-c/c/c-sparse/packed-4x4,5,2,1,4,19020177,200268360,10.529258481663971,ns,ok,partial,raw-tile,a038f25ac66821574b30392dc1d3b189cc287e2c,true,kotlin-2.4.10/jvm/Eclipse Adoptium/25.0.1/JMH 1.37/forks=1,1,3,200000000,right-solve-v1+3x2+triangular+uplo=U+diag=U,physical=4x4+leftLayout=depth-rows-v1+rightLayout=depth-columns-v1+leftGroup=4+rightGroup=4+leftStride=4+rightStride=4+padding=zero+alignment=8+block=3x2x2+panel=2+diagonal=2+rhs=3+batch=1+variant=current-tile-v1,tiles=1;leftDoubles=0;rightDoubles=0;outputDoubles=16;resetDoubles=16;scratchDoubles=0;triangleDoubles=16,jvm-c/portable-solve-v1/4x4,jmh-average-time-v1,200000000,1,1,score-times-operations
4,packed-trsm+3x2+triangular+physical=4x4+uplo=U+diag=U+work=right-solve-v1+leftLayout=depth-rows-v1+rightLayout=depth-columns-v1+leftGroup=4+rightGroup=4+leftStride=4+rightStride=4+padding=zero+alignment=8+block=3x2x2+panel=2+diagonal=2+rhs=3+batch=1+variant=current-tile-v1+timing=raw-tile,jvm-c/c/c-sparse/packed-4x4,5,2,1,5,18782211,200193348,10.658667821376302,ns,ok,partial,raw-tile,a038f25ac66821574b30392dc1d3b189cc287e2c,true,kotlin-2.4.10/jvm/Eclipse Adoptium/25.0.1/JMH 1.37/forks=1,1,3,200000000,right-solve-v1+3x2+triangular+uplo=U+diag=U,physical=4x4+leftLayout=depth-rows-v1+rightLayout=depth-columns-v1+leftGroup=4+rightGroup=4+leftStride=4+rightStride=4+padding=zero+alignment=8+block=3x2x2+panel=2+diagonal=2+rhs=3+batch=1+variant=current-tile-v1,tiles=1;leftDoubles=0;rightDoubles=0;outputDoubles=16;resetDoubles=16;scratchDoubles=0;triangleDoubles=16,jvm-c/portable-solve-v1/4x4,jmh-average-time-v1,200000000,1,1,score-times-operations
4,gemm-trsm+4x4x32+triangular+physical=4x4+uplo=L+diag=N+work=update-solve-v1+leftLayout=depth-rows-v1+rightLayout=depth-columns-v1+leftGroup=4+rightGroup=4+leftStride=4+rightStride=4+padding=zero+alignment=8+block=4x4x32+panel=32+diagonal=4+rhs=4+batch=1+variant=current-tile-v1+timing=raw-tile,jvm-c/c/c-sparse/packed-4x4,5,2,1,1,1630451,200099643,122.72656031981336,ns,ok,composed,raw-tile,a038f25ac66821574b30392dc1d3b189cc287e2c,true,kotlin-2.4.10/jvm/Eclipse Adoptium/25.0.1/JMH 1.37/forks=1,1,3,200000000,update-solve-v1+4x4x32+triangular+uplo=L+diag=N,physical=4x4+leftLayout=depth-rows-v1+rightLayout=depth-columns-v1+leftGroup=4+rightGroup=4+leftStride=4+rightStride=4+padding=zero+alignment=8+block=4x4x32+panel=32+diagonal=4+rhs=4+batch=1+variant=current-tile-v1,tiles=1;leftDoubles=128;rightDoubles=128;outputDoubles=16;resetDoubles=16;scratchDoubles=0;triangleDoubles=16,jvm-c/c-tile-v1/4x4,jmh-average-time-v1,200000000,1,1,score-times-operations
4,gemm-trsm+4x4x32+triangular+physical=4x4+uplo=L+diag=N+work=update-solve-v1+leftLayout=depth-rows-v1+rightLayout=depth-columns-v1+leftGroup=4+rightGroup=4+leftStride=4+rightStride=4+padding=zero+alignment=8+block=4x4x32+panel=32+diagonal=4+rhs=4+batch=1+variant=current-tile-v1+timing=raw-tile,jvm-c/c/c-sparse/packed-4x4,5,2,1,2,1597903,200148006,125.25666827085249,ns,ok,composed,raw-tile,a038f25ac66821574b30392dc1d3b189cc287e2c,true,kotlin-2.4.10/jvm/Eclipse Adoptium/25.0.1/JMH 1.37/forks=1,1,3,200000000,update-solve-v1+4x4x32+triangular+uplo=L+diag=N,physical=4x4+leftLayout=depth-rows-v1+rightLayout=depth-columns-v1+leftGroup=4+rightGroup=4+leftStride=4+rightStride=4+padding=zero+alignment=8+block=4x4x32+panel=32+diagonal=4+rhs=4+batch=1+variant=current-tile-v1,tiles=1;leftDoubles=128;rightDoubles=128;outputDoubles=16;resetDoubles=16;scratchDoubles=0;triangleDoubles=16,jvm-c/c-tile-v1/4x4,jmh-average-time-v1,200000000,1,1,score-times-operations
4,gemm-trsm+4x4x32+triangular+physical=4x4+uplo=L+diag=N+work=update-solve-v1+leftLayout=depth-rows-v1+rightLayout=depth-columns-v1+leftGroup=4+rightGroup=4+leftStride=4+rightStride=4+padding=zero+alignment=8+block=4x4x32+panel=32+diagonal=4+rhs=4+batch=1+variant=current-tile-v1+timing=raw-tile,jvm-c/c/c-sparse/packed-4x4,5,2,1,3,1755058,200214727,114.07869540493819,ns,ok,composed,raw-tile,a038f25ac66821574b30392dc1d3b189cc287e2c,true,kotlin-2.4.10/jvm/Eclipse Adoptium/25.0.1/JMH 1.37/forks=1,1,3,200000000,update-solve-v1+4x4x32+triangular+uplo=L+diag=N,physical=4x4+leftLayout=depth-rows-v1+rightLayout=depth-columns-v1+leftGroup=4+rightGroup=4+leftStride=4+rightStride=4+padding=zero+alignment=8+block=4x4x32+panel=32+diagonal=4+rhs=4+batch=1+variant=current-tile-v1,tiles=1;leftDoubles=128;rightDoubles=128;outputDoubles=16;resetDoubles=16;scratchDoubles=0;triangleDoubles=16,jvm-c/c-tile-v1/4x4,jmh-average-time-v1,200000000,1,1,score-times-operations
4,gemm-trsm+4x4x32+triangular+physical=4x4+uplo=L+diag=N+work=update-solve-v1+leftLayout=depth-rows-v1+rightLayout=depth-columns-v1+leftGroup=4+rightGroup=4+leftStride=4+rightStride=4+padding=zero+alignment=8+block=4x4x32+panel=32+diagonal=4+rhs=4+batch=1+variant=current-tile-v1+timing=raw-tile,jvm-c/c/c-sparse/packed-4x4,5,2,1,4,1737796,200143699,115.17099763148263,ns,ok,composed,raw-tile,a038f25ac66821574b30392dc1d3b189cc287e2c,true,kotlin-2.4.10/jvm/Eclipse Adoptium/25.0.1/JMH 1.37/forks=1,1,3,200000000,update-solve-v1+4x4x32+triangular+uplo=L+diag=N,physical=4x4+leftLayout=depth-rows-v1+rightLayout=depth-columns-v1+leftGroup=4+rightGroup=4+leftStride=4+rightStride=4+padding=zero+alignment=8+block=4x4x32+panel=32+diagonal=4+rhs=4+batch=1+variant=current-tile-v1,tiles=1;leftDoubles=128;rightDoubles=128;outputDoubles=16;resetDoubles=16;scratchDoubles=0;triangleDoubles=16,jvm-c/c-tile-v1/4x4,jmh-average-time-v1,200000000,1,1,score-times-operations
4,gemm-trsm+4x4x32+triangular+physical=4x4+uplo=L+diag=N+work=update-solve-v1+leftLayout=depth-rows-v1+rightLayout=depth-columns-v1+leftGroup=4+rightGroup=4+leftStride=4+rightStride=4+padding=zero+alignment=8+block=4x4x32+panel=32+diagonal=4+rhs=4+batch=1+variant=current-tile-v1+timing=raw-tile,jvm-c/c/c-sparse/packed-4x4,5,2,1,5,1728067,200156341,115.82672488971782,ns,ok,composed,raw-tile,a038f25ac66821574b30392dc1d3b189cc287e2c,true,kotlin-2.4.10/jvm/Eclipse Adoptium/25.0.1/JMH 1.37/forks=1,1,3,200000000,update-solve-v1+4x4x32+triangular+uplo=L+diag=N,physical=4x4+leftLayout=depth-rows-v1+rightLayout=depth-columns-v1+leftGroup=4+rightGroup=4+leftStride=4+rightStride=4+padding=zero+alignment=8+block=4x4x32+panel=32+diagonal=4+rhs=4+batch=1+variant=current-tile-v1,tiles=1;leftDoubles=128;rightDoubles=128;outputDoubles=16;resetDoubles=16;scratchDoubles=0;triangleDoubles=16,jvm-c/c-tile-v1/4x4,jmh-average-time-v1,200000000,1,1,score-times-operations
4,gemm-trsm+3x2x31+triangular+physical=4x4+uplo=U+diag=U+work=update-solve-v1+leftLayout=depth-rows-v1+rightLayout=depth-columns-v1+leftGroup=4+rightGroup=4+leftStride=4+rightStride=4+padding=zero+alignment=8+block=3x2x31+panel=31+diagonal=2+rhs=3+batch=1+variant=current-tile-v1+timing=raw-tile,jvm-c/c/c-sparse/packed-4x4,5,2,1,1,1653046,200265651,121.14947254946323,ns,ok,composed,raw-tile,a038f25ac66821574b30392dc1d3b189cc287e2c,true,kotlin-2.4.10/jvm/Eclipse Adoptium/25.0.1/JMH 1.37/forks=1,1,3,200000000,update-solve-v1+3x2x31+triangular+uplo=U+diag=U,physical=4x4+leftLayout=depth-rows-v1+rightLayout=depth-columns-v1+leftGroup=4+rightGroup=4+leftStride=4+rightStride=4+padding=zero+alignment=8+block=3x2x31+panel=31+diagonal=2+rhs=3+batch=1+variant=current-tile-v1,tiles=1;leftDoubles=124;rightDoubles=124;outputDoubles=16;resetDoubles=16;scratchDoubles=0;triangleDoubles=16,jvm-c/c-tile-v1/4x4,jmh-average-time-v1,200000000,1,1,score-times-operations
4,gemm-trsm+3x2x31+triangular+physical=4x4+uplo=U+diag=U+work=update-solve-v1+leftLayout=depth-rows-v1+rightLayout=depth-columns-v1+leftGroup=4+rightGroup=4+leftStride=4+rightStride=4+padding=zero+alignment=8+block=3x2x31+panel=31+diagonal=2+rhs=3+batch=1+variant=current-tile-v1+timing=raw-tile,jvm-c/c/c-sparse/packed-4x4,5,2,1,2,1823495,200246728,109.814794117889,ns,ok,composed,raw-tile,a038f25ac66821574b30392dc1d3b189cc287e2c,true,kotlin-2.4.10/jvm/Eclipse Adoptium/25.0.1/JMH 1.37/forks=1,1,3,200000000,update-solve-v1+3x2x31+triangular+uplo=U+diag=U,physical=4x4+leftLayout=depth-rows-v1+rightLayout=depth-columns-v1+leftGroup=4+rightGroup=4+leftStride=4+rightStride=4+padding=zero+alignment=8+block=3x2x31+panel=31+diagonal=2+rhs=3+batch=1+variant=current-tile-v1,tiles=1;leftDoubles=124;rightDoubles=124;outputDoubles=16;resetDoubles=16;scratchDoubles=0;triangleDoubles=16,jvm-c/c-tile-v1/4x4,jmh-average-time-v1,200000000,1,1,score-times-operations
4,gemm-trsm+3x2x31+triangular+physical=4x4+uplo=U+diag=U+work=update-solve-v1+leftLayout=depth-rows-v1+rightLayout=depth-columns-v1+leftGroup=4+rightGroup=4+leftStride=4+rightStride=4+padding=zero+alignment=8+block=3x2x31+panel=31+diagonal=2+rhs=3+batch=1+variant=current-tile-v1+timing=raw-tile,jvm-c/c/c-sparse/packed-4x4,5,2,1,3,1801064,200144843,111.12589169513132,ns,ok,composed,raw-tile,a038f25ac66821574b30392dc1d3b189cc287e2c,true,kotlin-2.4.10/jvm/Eclipse Adoptium/25.0.1/JMH 1.37/forks=1,1,3,200000000,update-solve-v1+3x2x31+triangular+uplo=U+diag=U,physical=4x4+leftLayout=depth-rows-v1+rightLayout=depth-columns-v1+leftGroup=4+rightGroup=4+leftStride=4+rightStride=4+padding=zero+alignment=8+block=3x2x31+panel=31+diagonal=2+rhs=3+batch=1+variant=current-tile-v1,tiles=1;leftDoubles=124;rightDoubles=124;outputDoubles=16;resetDoubles=16;scratchDoubles=0;triangleDoubles=16,jvm-c/c-tile-v1/4x4,jmh-average-time-v1,200000000,1,1,score-times-operations
4,gemm-trsm+3x2x31+triangular+physical=4x4+uplo=U+diag=U+work=update-solve-v1+leftLayout=depth-rows-v1+rightLayout=depth-columns-v1+leftGroup=4+rightGroup=4+leftStride=4+rightStride=4+padding=zero+alignment=8+block=3x2x31+panel=31+diagonal=2+rhs=3+batch=1+variant=current-tile-v1+timing=raw-tile,jvm-c/c/c-sparse/packed-4x4,5,2,1,4,1779886,200368239,112.57363617669895,ns,ok,composed,raw-tile,a038f25ac66821574b30392dc1d3b189cc287e2c,true,kotlin-2.4.10/jvm/Eclipse Adoptium/25.0.1/JMH 1.37/forks=1,1,3,200000000,update-solve-v1+3x2x31+triangular+uplo=U+diag=U,physical=4x4+leftLayout=depth-rows-v1+rightLayout=depth-columns-v1+leftGroup=4+rightGroup=4+leftStride=4+rightStride=4+padding=zero+alignment=8+block=3x2x31+panel=31+diagonal=2+rhs=3+batch=1+variant=current-tile-v1,tiles=1;leftDoubles=124;rightDoubles=124;outputDoubles=16;resetDoubles=16;scratchDoubles=0;triangleDoubles=16,jvm-c/c-tile-v1/4x4,jmh-average-time-v1,200000000,1,1,score-times-operations
4,gemm-trsm+3x2x31+triangular+physical=4x4+uplo=U+diag=U+work=update-solve-v1+leftLayout=depth-rows-v1+rightLayout=depth-columns-v1+leftGroup=4+rightGroup=4+leftStride=4+rightStride=4+padding=zero+alignment=8+block=3x2x31+panel=31+diagonal=2+rhs=3+batch=1+variant=current-tile-v1+timing=raw-tile,jvm-c/c/c-sparse/packed-4x4,5,2,1,5,1807922,200123653,110.69263662923511,ns,ok,composed,raw-tile,a038f25ac66821574b30392dc1d3b189cc287e2c,true,kotlin-2.4.10/jvm/Eclipse Adoptium/25.0.1/JMH 1.37/forks=1,1,3,200000000,update-solve-v1+3x2x31+triangular+uplo=U+diag=U,physical=4x4+leftLayout=depth-rows-v1+rightLayout=depth-columns-v1+leftGroup=4+rightGroup=4+leftStride=4+rightStride=4+padding=zero+alignment=8+block=3x2x31+panel=31+diagonal=2+rhs=3+batch=1+variant=current-tile-v1,tiles=1;leftDoubles=124;rightDoubles=124;outputDoubles=16;resetDoubles=16;scratchDoubles=0;triangleDoubles=16,jvm-c/c-tile-v1/4x4,jmh-average-time-v1,200000000,1,1,score-times-operations
4,gemm-tile+8x4x32+uniform+physical=8x4+work=gemm-add-v1+leftLayout=depth-rows-v1+rightLayout=depth-columns-v1+leftGroup=8+rightGroup=4+leftStride=8+rightStride=4+padding=zero+alignment=8+block=8x4x32+panel=32+diagonal=0+rhs=0+batch=1+variant=current-tile-v1+timing=raw-tile,jvm-c/c/c-sparse/packed-4x4,5,2,1,0,0,0,,ns,unsupported,unsupported,arithmetic,a038f25ac66821574b30392dc1d3b189cc287e2c,true,kotlin-2.4.10/jvm/Eclipse Adoptium/25.0.1,1,3,200000000,gemm-add-v1+8x4x32+uniform,physical=8x4+leftLayout=depth-rows-v1+rightLayout=depth-columns-v1+leftGroup=8+rightGroup=4+leftStride=8+rightStride=4+padding=zero+alignment=8+block=8x4x32+panel=32+diagonal=0+rhs=0+batch=1+variant=current-tile-v1,tiles=1;leftDoubles=256;rightDoubles=128;outputDoubles=32;resetDoubles=32;scratchDoubles=0;triangleDoubles=0,unavailable,jmh-average-time-v1,200000000,0,1,score-times-operations
4,gemm-tile+7x2x31+uniform+physical=8x4+work=gemm-add-v1+leftLayout=depth-rows-v1+rightLayout=depth-columns-v1+leftGroup=8+rightGroup=4+leftStride=8+rightStride=4+padding=zero+alignment=8+block=7x2x31+panel=31+diagonal=0+rhs=0+batch=1+variant=current-tile-v1+timing=raw-tile,jvm-c/c/c-sparse/packed-4x4,5,2,1,0,0,0,,ns,unsupported,unsupported,arithmetic,a038f25ac66821574b30392dc1d3b189cc287e2c,true,kotlin-2.4.10/jvm/Eclipse Adoptium/25.0.1,1,3,200000000,gemm-add-v1+7x2x31+uniform,physical=8x4+leftLayout=depth-rows-v1+rightLayout=depth-columns-v1+leftGroup=8+rightGroup=4+leftStride=8+rightStride=4+padding=zero+alignment=8+block=7x2x31+panel=31+diagonal=0+rhs=0+batch=1+variant=current-tile-v1,tiles=1;leftDoubles=248;rightDoubles=124;outputDoubles=32;resetDoubles=32;scratchDoubles=0;triangleDoubles=0,unavailable,jmh-average-time-v1,200000000,0,1,score-times-operations
4,packed-trsm+8x4+triangular+physical=8x4+uplo=L+diag=N+work=right-solve-v1+leftLayout=depth-rows-v1+rightLayout=depth-columns-v1+leftGroup=8+rightGroup=4+leftStride=8+rightStride=4+padding=zero+alignment=8+block=8x4x4+panel=4+diagonal=4+rhs=8+batch=1+variant=current-tile-v1+timing=raw-tile,jvm-c/c/c-sparse/packed-4x4,5,2,1,0,0,0,,ns,unsupported,unsupported,arithmetic,a038f25ac66821574b30392dc1d3b189cc287e2c,true,kotlin-2.4.10/jvm/Eclipse Adoptium/25.0.1,1,3,200000000,right-solve-v1+8x4+triangular+uplo=L+diag=N,physical=8x4+leftLayout=depth-rows-v1+rightLayout=depth-columns-v1+leftGroup=8+rightGroup=4+leftStride=8+rightStride=4+padding=zero+alignment=8+block=8x4x4+panel=4+diagonal=4+rhs=8+batch=1+variant=current-tile-v1,tiles=1;leftDoubles=0;rightDoubles=0;outputDoubles=32;resetDoubles=32;scratchDoubles=0;triangleDoubles=16,unavailable,jmh-average-time-v1,200000000,0,1,score-times-operations
4,packed-trsm+7x2+triangular+physical=8x4+uplo=U+diag=U+work=right-solve-v1+leftLayout=depth-rows-v1+rightLayout=depth-columns-v1+leftGroup=8+rightGroup=4+leftStride=8+rightStride=4+padding=zero+alignment=8+block=7x2x2+panel=2+diagonal=2+rhs=7+batch=1+variant=current-tile-v1+timing=raw-tile,jvm-c/c/c-sparse/packed-4x4,5,2,1,0,0,0,,ns,unsupported,unsupported,arithmetic,a038f25ac66821574b30392dc1d3b189cc287e2c,true,kotlin-2.4.10/jvm/Eclipse Adoptium/25.0.1,1,3,200000000,right-solve-v1+7x2+triangular+uplo=U+diag=U,physical=8x4+leftLayout=depth-rows-v1+rightLayout=depth-columns-v1+leftGroup=8+rightGroup=4+leftStride=8+rightStride=4+padding=zero+alignment=8+block=7x2x2+panel=2+diagonal=2+rhs=7+batch=1+variant=current-tile-v1,tiles=1;leftDoubles=0;rightDoubles=0;outputDoubles=32;resetDoubles=32;scratchDoubles=0;triangleDoubles=16,unavailable,jmh-average-time-v1,200000000,0,1,score-times-operations
4,gemm-trsm+8x4x32+triangular+physical=8x4+uplo=L+diag=N+work=update-solve-v1+leftLayout=depth-rows-v1+rightLayout=depth-columns-v1+leftGroup=8+rightGroup=4+leftStride=8+rightStride=4+padding=zero+alignment=8+block=8x4x32+panel=32+diagonal=4+rhs=8+batch=1+variant=current-tile-v1+timing=raw-tile,jvm-c/c/c-sparse/packed-4x4,5,2,1,0,0,0,,ns,unsupported,unsupported,arithmetic,a038f25ac66821574b30392dc1d3b189cc287e2c,true,kotlin-2.4.10/jvm/Eclipse Adoptium/25.0.1,1,3,200000000,update-solve-v1+8x4x32+triangular+uplo=L+diag=N,physical=8x4+leftLayout=depth-rows-v1+rightLayout=depth-columns-v1+leftGroup=8+rightGroup=4+leftStride=8+rightStride=4+padding=zero+alignment=8+block=8x4x32+panel=32+diagonal=4+rhs=8+batch=1+variant=current-tile-v1,tiles=1;leftDoubles=256;rightDoubles=128;outputDoubles=32;resetDoubles=32;scratchDoubles=0;triangleDoubles=16,unavailable,jmh-average-time-v1,200000000,0,1,score-times-operations
4,gemm-trsm+7x2x31+triangular+physical=8x4+uplo=U+diag=U+work=update-solve-v1+leftLayout=depth-rows-v1+rightLayout=depth-columns-v1+leftGroup=8+rightGroup=4+leftStride=8+rightStride=4+padding=zero+alignment=8+block=7x2x31+panel=31+diagonal=2+rhs=7+batch=1+variant=current-tile-v1+timing=raw-tile,jvm-c/c/c-sparse/packed-4x4,5,2,1,0,0,0,,ns,unsupported,unsupported,arithmetic,a038f25ac66821574b30392dc1d3b189cc287e2c,true,kotlin-2.4.10/jvm/Eclipse Adoptium/25.0.1,1,3,200000000,update-solve-v1+7x2x31+triangular+uplo=U+diag=U,physical=8x4+leftLayout=depth-rows-v1+rightLayout=depth-columns-v1+leftGroup=8+rightGroup=4+leftStride=8+rightStride=4+padding=zero+alignment=8+block=7x2x31+panel=31+diagonal=2+rhs=7+batch=1+variant=current-tile-v1,tiles=1;leftDoubles=248;rightDoubles=124;outputDoubles=32;resetDoubles=32;scratchDoubles=0;triangleDoubles=16,unavailable,jmh-average-time-v1,200000000,0,1,score-times-operations
4,pack-left+4x32+uniform+physical=4x4+work=pack-left-v1+leftLayout=depth-rows-v1+rightLayout=depth-columns-v1+leftGroup=4+rightGroup=4+leftStride=4+rightStride=4+padding=zero+alignment=8+block=4x32x32+panel=32+diagonal=0+rhs=0+batch=1+variant=current-tile-v1+timing=packing-only,jvm-c/c/c-sparse/packed-4x4,5,2,1,1,1571700,200085452,127.30511675256092,ns,ok,unsupported,packing-only,a038f25ac66821574b30392dc1d3b189cc287e2c,true,kotlin-2.4.10/jvm/Eclipse Adoptium/25.0.1/JMH 1.37/forks=1,1,3,200000000,pack-left-v1+4x32+uniform,physical=4x4+leftLayout=depth-rows-v1+rightLayout=depth-columns-v1+leftGroup=4+rightGroup=4+leftStride=4+rightStride=4+padding=zero+alignment=8+block=4x32x32+panel=32+diagonal=0+rhs=0+batch=1+variant=current-tile-v1,panelDoubles=128,jvm-c/portable-layout-v1/4x4,jmh-average-time-v1,200000000,1,1,score-times-operations
4,pack-left+4x32+uniform+physical=4x4+work=pack-left-v1+leftLayout=depth-rows-v1+rightLayout=depth-columns-v1+leftGroup=4+rightGroup=4+leftStride=4+rightStride=4+padding=zero+alignment=8+block=4x32x32+panel=32+diagonal=0+rhs=0+batch=1+variant=current-tile-v1+timing=packing-only,jvm-c/c/c-sparse/packed-4x4,5,2,1,2,1562748,200111566,128.05107797290415,ns,ok,unsupported,packing-only,a038f25ac66821574b30392dc1d3b189cc287e2c,true,kotlin-2.4.10/jvm/Eclipse Adoptium/25.0.1/JMH 1.37/forks=1,1,3,200000000,pack-left-v1+4x32+uniform,physical=4x4+leftLayout=depth-rows-v1+rightLayout=depth-columns-v1+leftGroup=4+rightGroup=4+leftStride=4+rightStride=4+padding=zero+alignment=8+block=4x32x32+panel=32+diagonal=0+rhs=0+batch=1+variant=current-tile-v1,panelDoubles=128,jvm-c/portable-layout-v1/4x4,jmh-average-time-v1,200000000,1,1,score-times-operations
4,pack-left+4x32+uniform+physical=4x4+work=pack-left-v1+leftLayout=depth-rows-v1+rightLayout=depth-columns-v1+leftGroup=4+rightGroup=4+leftStride=4+rightStride=4+padding=zero+alignment=8+block=4x32x32+panel=32+diagonal=0+rhs=0+batch=1+variant=current-tile-v1+timing=packing-only,jvm-c/c/c-sparse/packed-4x4,5,2,1,3,1572100,200092105,127.2769575726735,ns,ok,unsupported,packing-only,a038f25ac66821574b30392dc1d3b189cc287e2c,true,kotlin-2.4.10/jvm/Eclipse Adoptium/25.0.1/JMH 1.37/forks=1,1,3,200000000,pack-left-v1+4x32+uniform,physical=4x4+leftLayout=depth-rows-v1+rightLayout=depth-columns-v1+leftGroup=4+rightGroup=4+leftStride=4+rightStride=4+padding=zero+alignment=8+block=4x32x32+panel=32+diagonal=0+rhs=0+batch=1+variant=current-tile-v1,panelDoubles=128,jvm-c/portable-layout-v1/4x4,jmh-average-time-v1,200000000,1,1,score-times-operations
4,pack-left+4x32+uniform+physical=4x4+work=pack-left-v1+leftLayout=depth-rows-v1+rightLayout=depth-columns-v1+leftGroup=4+rightGroup=4+leftStride=4+rightStride=4+padding=zero+alignment=8+block=4x32x32+panel=32+diagonal=0+rhs=0+batch=1+variant=current-tile-v1+timing=packing-only,jvm-c/c/c-sparse/packed-4x4,5,2,1,4,1559608,200086988,128.29312750383428,ns,ok,unsupported,packing-only,a038f25ac66821574b30392dc1d3b189cc287e2c,true,kotlin-2.4.10/jvm/Eclipse Adoptium/25.0.1/JMH 1.37/forks=1,1,3,200000000,pack-left-v1+4x32+uniform,physical=4x4+leftLayout=depth-rows-v1+rightLayout=depth-columns-v1+leftGroup=4+rightGroup=4+leftStride=4+rightStride=4+padding=zero+alignment=8+block=4x32x32+panel=32+diagonal=0+rhs=0+batch=1+variant=current-tile-v1,panelDoubles=128,jvm-c/portable-layout-v1/4x4,jmh-average-time-v1,200000000,1,1,score-times-operations
4,pack-left+4x32+uniform+physical=4x4+work=pack-left-v1+leftLayout=depth-rows-v1+rightLayout=depth-columns-v1+leftGroup=4+rightGroup=4+leftStride=4+rightStride=4+padding=zero+alignment=8+block=4x32x32+panel=32+diagonal=0+rhs=0+batch=1+variant=current-tile-v1+timing=packing-only,jvm-c/c/c-sparse/packed-4x4,5,2,1,5,1566334,200091427,127.74505756754307,ns,ok,unsupported,packing-only,a038f25ac66821574b30392dc1d3b189cc287e2c,true,kotlin-2.4.10/jvm/Eclipse Adoptium/25.0.1/JMH 1.37/forks=1,1,3,200000000,pack-left-v1+4x32+uniform,physical=4x4+leftLayout=depth-rows-v1+rightLayout=depth-columns-v1+leftGroup=4+rightGroup=4+leftStride=4+rightStride=4+padding=zero+alignment=8+block=4x32x32+panel=32+diagonal=0+rhs=0+batch=1+variant=current-tile-v1,panelDoubles=128,jvm-c/portable-layout-v1/4x4,jmh-average-time-v1,200000000,1,1,score-times-operations
4,pack-left+3x31+uniform+physical=4x4+work=pack-left-v1+leftLayout=depth-rows-v1+rightLayout=depth-columns-v1+leftGroup=4+rightGroup=4+leftStride=4+rightStride=4+padding=zero+alignment=8+block=3x31x31+panel=31+diagonal=0+rhs=0+batch=1+variant=current-tile-v1+timing=packing-only,jvm-c/c/c-sparse/packed-4x4,5,2,1,1,1440382,200241410,139.0196558968385,ns,ok,unsupported,packing-only,a038f25ac66821574b30392dc1d3b189cc287e2c,true,kotlin-2.4.10/jvm/Eclipse Adoptium/25.0.1/JMH 1.37/forks=1,1,3,200000000,pack-left-v1+3x31+uniform,physical=4x4+leftLayout=depth-rows-v1+rightLayout=depth-columns-v1+leftGroup=4+rightGroup=4+leftStride=4+rightStride=4+padding=zero+alignment=8+block=3x31x31+panel=31+diagonal=0+rhs=0+batch=1+variant=current-tile-v1,panelDoubles=124,jvm-c/portable-layout-v1/4x4,jmh-average-time-v1,200000000,1,1,score-times-operations
4,pack-left+3x31+uniform+physical=4x4+work=pack-left-v1+leftLayout=depth-rows-v1+rightLayout=depth-columns-v1+leftGroup=4+rightGroup=4+leftStride=4+rightStride=4+padding=zero+alignment=8+block=3x31x31+panel=31+diagonal=0+rhs=0+batch=1+variant=current-tile-v1+timing=packing-only,jvm-c/c/c-sparse/packed-4x4,5,2,1,2,1348737,200282552,148.4963725322283,ns,ok,unsupported,packing-only,a038f25ac66821574b30392dc1d3b189cc287e2c,true,kotlin-2.4.10/jvm/Eclipse Adoptium/25.0.1/JMH 1.37/forks=1,1,3,200000000,pack-left-v1+3x31+uniform,physical=4x4+leftLayout=depth-rows-v1+rightLayout=depth-columns-v1+leftGroup=4+rightGroup=4+leftStride=4+rightStride=4+padding=zero+alignment=8+block=3x31x31+panel=31+diagonal=0+rhs=0+batch=1+variant=current-tile-v1,panelDoubles=124,jvm-c/portable-layout-v1/4x4,jmh-average-time-v1,200000000,1,1,score-times-operations
4,pack-left+3x31+uniform+physical=4x4+work=pack-left-v1+leftLayout=depth-rows-v1+rightLayout=depth-columns-v1+leftGroup=4+rightGroup=4+leftStride=4+rightStride=4+padding=zero+alignment=8+block=3x31x31+panel=31+diagonal=0+rhs=0+batch=1+variant=current-tile-v1+timing=packing-only,jvm-c/c/c-sparse/packed-4x4,5,2,1,3,1456004,200162222,137.4736758964948,ns,ok,unsupported,packing-only,a038f25ac66821574b30392dc1d3b189cc287e2c,true,kotlin-2.4.10/jvm/Eclipse Adoptium/25.0.1/JMH 1.37/forks=1,1,3,200000000,pack-left-v1+3x31+uniform,physical=4x4+leftLayout=depth-rows-v1+rightLayout=depth-columns-v1+leftGroup=4+rightGroup=4+leftStride=4+rightStride=4+padding=zero+alignment=8+block=3x31x31+panel=31+diagonal=0+rhs=0+batch=1+variant=current-tile-v1,panelDoubles=124,jvm-c/portable-layout-v1/4x4,jmh-average-time-v1,200000000,1,1,score-times-operations
4,pack-left+3x31+uniform+physical=4x4+work=pack-left-v1+leftLayout=depth-rows-v1+rightLayout=depth-columns-v1+leftGroup=4+rightGroup=4+leftStride=4+rightStride=4+padding=zero+alignment=8+block=3x31x31+panel=31+diagonal=0+rhs=0+batch=1+variant=current-tile-v1+timing=packing-only,jvm-c/c/c-sparse/packed-4x4,5,2,1,4,1429433,200182429,140.04324022182223,ns,ok,unsupported,packing-only,a038f25ac66821574b30392dc1d3b189cc287e2c,true,kotlin-2.4.10/jvm/Eclipse Adoptium/25.0.1/JMH 1.37/forks=1,1,3,200000000,pack-left-v1+3x31+uniform,physical=4x4+leftLayout=depth-rows-v1+rightLayout=depth-columns-v1+leftGroup=4+rightGroup=4+leftStride=4+rightStride=4+padding=zero+alignment=8+block=3x31x31+panel=31+diagonal=0+rhs=0+batch=1+variant=current-tile-v1,panelDoubles=124,jvm-c/portable-layout-v1/4x4,jmh-average-time-v1,200000000,1,1,score-times-operations
4,pack-left+3x31+uniform+physical=4x4+work=pack-left-v1+leftLayout=depth-rows-v1+rightLayout=depth-columns-v1+leftGroup=4+rightGroup=4+leftStride=4+rightStride=4+padding=zero+alignment=8+block=3x31x31+panel=31+diagonal=0+rhs=0+batch=1+variant=current-tile-v1+timing=packing-only,jvm-c/c/c-sparse/packed-4x4,5,2,1,5,1421651,200188668,140.81421389637822,ns,ok,unsupported,packing-only,a038f25ac66821574b30392dc1d3b189cc287e2c,true,kotlin-2.4.10/jvm/Eclipse Adoptium/25.0.1/JMH 1.37/forks=1,1,3,200000000,pack-left-v1+3x31+uniform,physical=4x4+leftLayout=depth-rows-v1+rightLayout=depth-columns-v1+leftGroup=4+rightGroup=4+leftStride=4+rightStride=4+padding=zero+alignment=8+block=3x31x31+panel=31+diagonal=0+rhs=0+batch=1+variant=current-tile-v1,panelDoubles=124,jvm-c/portable-layout-v1/4x4,jmh-average-time-v1,200000000,1,1,score-times-operations
4,pack-right+32x4+uniform+physical=4x4+work=pack-right-v1+leftLayout=depth-rows-v1+rightLayout=depth-columns-v1+leftGroup=4+rightGroup=4+leftStride=4+rightStride=4+padding=zero+alignment=8+block=32x4x32+panel=32+diagonal=0+rhs=0+batch=1+variant=current-tile-v1+timing=packing-only,jvm-c/c/c-sparse/packed-4x4,5,2,1,1,1435247,200184364,139.47729136517964,ns,ok,unsupported,packing-only,a038f25ac66821574b30392dc1d3b189cc287e2c,true,kotlin-2.4.10/jvm/Eclipse Adoptium/25.0.1/JMH 1.37/forks=1,1,3,200000000,pack-right-v1+32x4+uniform,physical=4x4+leftLayout=depth-rows-v1+rightLayout=depth-columns-v1+leftGroup=4+rightGroup=4+leftStride=4+rightStride=4+padding=zero+alignment=8+block=32x4x32+panel=32+diagonal=0+rhs=0+batch=1+variant=current-tile-v1,panelDoubles=128,jvm-c/portable-layout-v1/4x4,jmh-average-time-v1,200000000,1,1,score-times-operations
4,pack-right+32x4+uniform+physical=4x4+work=pack-right-v1+leftLayout=depth-rows-v1+rightLayout=depth-columns-v1+leftGroup=4+rightGroup=4+leftStride=4+rightStride=4+padding=zero+alignment=8+block=32x4x32+panel=32+diagonal=0+rhs=0+batch=1+variant=current-tile-v1+timing=packing-only,jvm-c/c/c-sparse/packed-4x4,5,2,1,2,1433198,200119686,139.63156939934328,ns,ok,unsupported,packing-only,a038f25ac66821574b30392dc1d3b189cc287e2c,true,kotlin-2.4.10/jvm/Eclipse Adoptium/25.0.1/JMH 1.37/forks=1,1,3,200000000,pack-right-v1+32x4+uniform,physical=4x4+leftLayout=depth-rows-v1+rightLayout=depth-columns-v1+leftGroup=4+rightGroup=4+leftStride=4+rightStride=4+padding=zero+alignment=8+block=32x4x32+panel=32+diagonal=0+rhs=0+batch=1+variant=current-tile-v1,panelDoubles=128,jvm-c/portable-layout-v1/4x4,jmh-average-time-v1,200000000,1,1,score-times-operations
4,pack-right+32x4+uniform+physical=4x4+work=pack-right-v1+leftLayout=depth-rows-v1+rightLayout=depth-columns-v1+leftGroup=4+rightGroup=4+leftStride=4+rightStride=4+padding=zero+alignment=8+block=32x4x32+panel=32+diagonal=0+rhs=0+batch=1+variant=current-tile-v1+timing=packing-only,jvm-c/c/c-sparse/packed-4x4,5,2,1,3,1439930,200186492,139.0251553894981,ns,ok,unsupported,packing-only,a038f25ac66821574b30392dc1d3b189cc287e2c,true,kotlin-2.4.10/jvm/Eclipse Adoptium/25.0.1/JMH 1.37/forks=1,1,3,200000000,pack-right-v1+32x4+uniform,physical=4x4+leftLayout=depth-rows-v1+rightLayout=depth-columns-v1+leftGroup=4+rightGroup=4+leftStride=4+rightStride=4+padding=zero+alignment=8+block=32x4x32+panel=32+diagonal=0+rhs=0+batch=1+variant=current-tile-v1,panelDoubles=128,jvm-c/portable-layout-v1/4x4,jmh-average-time-v1,200000000,1,1,score-times-operations
4,pack-right+32x4+uniform+physical=4x4+work=pack-right-v1+leftLayout=depth-rows-v1+rightLayout=depth-columns-v1+leftGroup=4+rightGroup=4+leftStride=4+rightStride=4+padding=zero+alignment=8+block=32x4x32+panel=32+diagonal=0+rhs=0+batch=1+variant=current-tile-v1+timing=packing-only,jvm-c/c/c-sparse/packed-4x4,5,2,1,4,1430457,200162829,139.92928763325287,ns,ok,unsupported,packing-only,a038f25ac66821574b30392dc1d3b189cc287e2c,true,kotlin-2.4.10/jvm/Eclipse Adoptium/25.0.1/JMH 1.37/forks=1,1,3,200000000,pack-right-v1+32x4+uniform,physical=4x4+leftLayout=depth-rows-v1+rightLayout=depth-columns-v1+leftGroup=4+rightGroup=4+leftStride=4+rightStride=4+padding=zero+alignment=8+block=32x4x32+panel=32+diagonal=0+rhs=0+batch=1+variant=current-tile-v1,panelDoubles=128,jvm-c/portable-layout-v1/4x4,jmh-average-time-v1,200000000,1,1,score-times-operations
4,pack-right+32x4+uniform+physical=4x4+work=pack-right-v1+leftLayout=depth-rows-v1+rightLayout=depth-columns-v1+leftGroup=4+rightGroup=4+leftStride=4+rightStride=4+padding=zero+alignment=8+block=32x4x32+panel=32+diagonal=0+rhs=0+batch=1+variant=current-tile-v1+timing=packing-only,jvm-c/c/c-sparse/packed-4x4,5,2,1,5,1440407,200224575,139.00555537427962,ns,ok,unsupported,packing-only,a038f25ac66821574b30392dc1d3b189cc287e2c,true,kotlin-2.4.10/jvm/Eclipse Adoptium/25.0.1/JMH 1.37/forks=1,1,3,200000000,pack-right-v1+32x4+uniform,physical=4x4+leftLayout=depth-rows-v1+rightLayout=depth-columns-v1+leftGroup=4+rightGroup=4+leftStride=4+rightStride=4+padding=zero+alignment=8+block=32x4x32+panel=32+diagonal=0+rhs=0+batch=1+variant=current-tile-v1,panelDoubles=128,jvm-c/portable-layout-v1/4x4,jmh-average-time-v1,200000000,1,1,score-times-operations
4,pack-right+31x2+uniform+physical=4x4+work=pack-right-v1+leftLayout=depth-rows-v1+rightLayout=depth-columns-v1+leftGroup=4+rightGroup=4+leftStride=4+rightStride=4+padding=zero+alignment=8+block=31x2x31+panel=31+diagonal=0+rhs=0+batch=1+variant=current-tile-v1+timing=packing-only,jvm-c/c/c-sparse/packed-4x4,5,2,1,1,1444579,200120593,138.53212112317846,ns,ok,unsupported,packing-only,a038f25ac66821574b30392dc1d3b189cc287e2c,true,kotlin-2.4.10/jvm/Eclipse Adoptium/25.0.1/JMH 1.37/forks=1,1,3,200000000,pack-right-v1+31x2+uniform,physical=4x4+leftLayout=depth-rows-v1+rightLayout=depth-columns-v1+leftGroup=4+rightGroup=4+leftStride=4+rightStride=4+padding=zero+alignment=8+block=31x2x31+panel=31+diagonal=0+rhs=0+batch=1+variant=current-tile-v1,panelDoubles=124,jvm-c/portable-layout-v1/4x4,jmh-average-time-v1,200000000,1,1,score-times-operations
4,pack-right+31x2+uniform+physical=4x4+work=pack-right-v1+leftLayout=depth-rows-v1+rightLayout=depth-columns-v1+leftGroup=4+rightGroup=4+leftStride=4+rightStride=4+padding=zero+alignment=8+block=31x2x31+panel=31+diagonal=0+rhs=0+batch=1+variant=current-tile-v1+timing=packing-only,jvm-c/c/c-sparse/packed-4x4,5,2,1,2,1459625,200126058,137.10785852530617,ns,ok,unsupported,packing-only,a038f25ac66821574b30392dc1d3b189cc287e2c,true,kotlin-2.4.10/jvm/Eclipse Adoptium/25.0.1/JMH 1.37/forks=1,1,3,200000000,pack-right-v1+31x2+uniform,physical=4x4+leftLayout=depth-rows-v1+rightLayout=depth-columns-v1+leftGroup=4+rightGroup=4+leftStride=4+rightStride=4+padding=zero+alignment=8+block=31x2x31+panel=31+diagonal=0+rhs=0+batch=1+variant=current-tile-v1,panelDoubles=124,jvm-c/portable-layout-v1/4x4,jmh-average-time-v1,200000000,1,1,score-times-operations
4,pack-right+31x2+uniform+physical=4x4+work=pack-right-v1+leftLayout=depth-rows-v1+rightLayout=depth-columns-v1+leftGroup=4+rightGroup=4+leftStride=4+rightStride=4+padding=zero+alignment=8+block=31x2x31+panel=31+diagonal=0+rhs=0+batch=1+variant=current-tile-v1+timing=packing-only,jvm-c/c/c-sparse/packed-4x4,5,2,1,3,1504081,200127187,133.0561233071889,ns,ok,unsupported,packing-only,a038f25ac66821574b30392dc1d3b189cc287e2c,true,kotlin-2.4.10/jvm/Eclipse Adoptium/25.0.1/JMH 1.37/forks=1,1,3,200000000,pack-right-v1+31x2+uniform,physical=4x4+leftLayout=depth-rows-v1+rightLayout=depth-columns-v1+leftGroup=4+rightGroup=4+leftStride=4+rightStride=4+padding=zero+alignment=8+block=31x2x31+panel=31+diagonal=0+rhs=0+batch=1+variant=current-tile-v1,panelDoubles=124,jvm-c/portable-layout-v1/4x4,jmh-average-time-v1,200000000,1,1,score-times-operations
4,pack-right+31x2+uniform+physical=4x4+work=pack-right-v1+leftLayout=depth-rows-v1+rightLayout=depth-columns-v1+leftGroup=4+rightGroup=4+leftStride=4+rightStride=4+padding=zero+alignment=8+block=31x2x31+panel=31+diagonal=0+rhs=0+batch=1+variant=current-tile-v1+timing=packing-only,jvm-c/c/c-sparse/packed-4x4,5,2,1,4,1490641,200265859,134.34881973593912,ns,ok,unsupported,packing-only,a038f25ac66821574b30392dc1d3b189cc287e2c,true,kotlin-2.4.10/jvm/Eclipse Adoptium/25.0.1/JMH 1.37/forks=1,1,3,200000000,pack-right-v1+31x2+uniform,physical=4x4+leftLayout=depth-rows-v1+rightLayout=depth-columns-v1+leftGroup=4+rightGroup=4+leftStride=4+rightStride=4+padding=zero+alignment=8+block=31x2x31+panel=31+diagonal=0+rhs=0+batch=1+variant=current-tile-v1,panelDoubles=124,jvm-c/portable-layout-v1/4x4,jmh-average-time-v1,200000000,1,1,score-times-operations
4,pack-right+31x2+uniform+physical=4x4+work=pack-right-v1+leftLayout=depth-rows-v1+rightLayout=depth-columns-v1+leftGroup=4+rightGroup=4+leftStride=4+rightStride=4+padding=zero+alignment=8+block=31x2x31+panel=31+diagonal=0+rhs=0+batch=1+variant=current-tile-v1+timing=packing-only,jvm-c/c/c-sparse/packed-4x4,5,2,1,5,1446240,200239124,138.45497566102446,ns,ok,unsupported,packing-only,a038f25ac66821574b30392dc1d3b189cc287e2c,true,kotlin-2.4.10/jvm/Eclipse Adoptium/25.0.1/JMH 1.37/forks=1,1,3,200000000,pack-right-v1+31x2+uniform,physical=4x4+leftLayout=depth-rows-v1+rightLayout=depth-columns-v1+leftGroup=4+rightGroup=4+leftStride=4+rightStride=4+padding=zero+alignment=8+block=31x2x31+panel=31+diagonal=0+rhs=0+batch=1+variant=current-tile-v1,panelDoubles=124,jvm-c/portable-layout-v1/4x4,jmh-average-time-v1,200000000,1,1,score-times-operations
4,pack-symmetric-left+4x4+uniform+physical=4x4+uplo=L+work=pack-symmetric-left-v1+leftLayout=depth-rows-v1+rightLayout=depth-columns-v1+leftGroup=4+rightGroup=4+leftStride=4+rightStride=4+padding=zero+alignment=8+block=4x4x4+panel=4+diagonal=0+rhs=0+batch=1+variant=current-tile-v1+timing=packing-only,jvm-c/c/c-sparse/packed-4x4,5,2,1,1,6756307,200206355,29.63251299859524,ns,ok,unsupported,packing-only,a038f25ac66821574b30392dc1d3b189cc287e2c,true,kotlin-2.4.10/jvm/Eclipse Adoptium/25.0.1/JMH 1.37/forks=1,1,3,200000000,pack-symmetric-left-v1+4x4+uniform+uplo=L,physical=4x4+leftLayout=depth-rows-v1+rightLayout=depth-columns-v1+leftGroup=4+rightGroup=4+leftStride=4+rightStride=4+padding=zero+alignment=8+block=4x4x4+panel=4+diagonal=0+rhs=0+batch=1+variant=current-tile-v1,panelDoubles=16,jvm-c/portable-layout-v1/4x4,jmh-average-time-v1,200000000,1,1,score-times-operations
4,pack-symmetric-left+4x4+uniform+physical=4x4+uplo=L+work=pack-symmetric-left-v1+leftLayout=depth-rows-v1+rightLayout=depth-columns-v1+leftGroup=4+rightGroup=4+leftStride=4+rightStride=4+padding=zero+alignment=8+block=4x4x4+panel=4+diagonal=0+rhs=0+batch=1+variant=current-tile-v1+timing=packing-only,jvm-c/c/c-sparse/packed-4x4,5,2,1,2,6766273,200145818,29.57992058552766,ns,ok,unsupported,packing-only,a038f25ac66821574b30392dc1d3b189cc287e2c,true,kotlin-2.4.10/jvm/Eclipse Adoptium/25.0.1/JMH 1.37/forks=1,1,3,200000000,pack-symmetric-left-v1+4x4+uniform+uplo=L,physical=4x4+leftLayout=depth-rows-v1+rightLayout=depth-columns-v1+leftGroup=4+rightGroup=4+leftStride=4+rightStride=4+padding=zero+alignment=8+block=4x4x4+panel=4+diagonal=0+rhs=0+batch=1+variant=current-tile-v1,panelDoubles=16,jvm-c/portable-layout-v1/4x4,jmh-average-time-v1,200000000,1,1,score-times-operations
4,pack-symmetric-left+4x4+uniform+physical=4x4+uplo=L+work=pack-symmetric-left-v1+leftLayout=depth-rows-v1+rightLayout=depth-columns-v1+leftGroup=4+rightGroup=4+leftStride=4+rightStride=4+padding=zero+alignment=8+block=4x4x4+panel=4+diagonal=0+rhs=0+batch=1+variant=current-tile-v1+timing=packing-only,jvm-c/c/c-sparse/packed-4x4,5,2,1,3,6761112,200183439,29.60806432433008,ns,ok,unsupported,packing-only,a038f25ac66821574b30392dc1d3b189cc287e2c,true,kotlin-2.4.10/jvm/Eclipse Adoptium/25.0.1/JMH 1.37/forks=1,1,3,200000000,pack-symmetric-left-v1+4x4+uniform+uplo=L,physical=4x4+leftLayout=depth-rows-v1+rightLayout=depth-columns-v1+leftGroup=4+rightGroup=4+leftStride=4+rightStride=4+padding=zero+alignment=8+block=4x4x4+panel=4+diagonal=0+rhs=0+batch=1+variant=current-tile-v1,panelDoubles=16,jvm-c/portable-layout-v1/4x4,jmh-average-time-v1,200000000,1,1,score-times-operations
4,pack-symmetric-left+4x4+uniform+physical=4x4+uplo=L+work=pack-symmetric-left-v1+leftLayout=depth-rows-v1+rightLayout=depth-columns-v1+leftGroup=4+rightGroup=4+leftStride=4+rightStride=4+padding=zero+alignment=8+block=4x4x4+panel=4+diagonal=0+rhs=0+batch=1+variant=current-tile-v1+timing=packing-only,jvm-c/c/c-sparse/packed-4x4,5,2,1,4,6746257,200148000,29.66800701485283,ns,ok,unsupported,packing-only,a038f25ac66821574b30392dc1d3b189cc287e2c,true,kotlin-2.4.10/jvm/Eclipse Adoptium/25.0.1/JMH 1.37/forks=1,1,3,200000000,pack-symmetric-left-v1+4x4+uniform+uplo=L,physical=4x4+leftLayout=depth-rows-v1+rightLayout=depth-columns-v1+leftGroup=4+rightGroup=4+leftStride=4+rightStride=4+padding=zero+alignment=8+block=4x4x4+panel=4+diagonal=0+rhs=0+batch=1+variant=current-tile-v1,panelDoubles=16,jvm-c/portable-layout-v1/4x4,jmh-average-time-v1,200000000,1,1,score-times-operations
4,pack-symmetric-left+4x4+uniform+physical=4x4+uplo=L+work=pack-symmetric-left-v1+leftLayout=depth-rows-v1+rightLayout=depth-columns-v1+leftGroup=4+rightGroup=4+leftStride=4+rightStride=4+padding=zero+alignment=8+block=4x4x4+panel=4+diagonal=0+rhs=0+batch=1+variant=current-tile-v1+timing=packing-only,jvm-c/c/c-sparse/packed-4x4,5,2,1,5,6735754,200211027,29.7236251502059,ns,ok,unsupported,packing-only,a038f25ac66821574b30392dc1d3b189cc287e2c,true,kotlin-2.4.10/jvm/Eclipse Adoptium/25.0.1/JMH 1.37/forks=1,1,3,200000000,pack-symmetric-left-v1+4x4+uniform+uplo=L,physical=4x4+leftLayout=depth-rows-v1+rightLayout=depth-columns-v1+leftGroup=4+rightGroup=4+leftStride=4+rightStride=4+padding=zero+alignment=8+block=4x4x4+panel=4+diagonal=0+rhs=0+batch=1+variant=current-tile-v1,panelDoubles=16,jvm-c/portable-layout-v1/4x4,jmh-average-time-v1,200000000,1,1,score-times-operations
4,pack-symmetric-right+4x4+uniform+physical=4x4+uplo=U+work=pack-symmetric-right-v1+leftLayout=depth-rows-v1+rightLayout=depth-columns-v1+leftGroup=4+rightGroup=4+leftStride=4+rightStride=4+padding=zero+alignment=8+block=4x4x4+panel=4+diagonal=0+rhs=0+batch=1+variant=current-tile-v1+timing=packing-only,jvm-c/c/c-sparse/packed-4x4,5,2,1,1,5898412,200188921,33.93946048529672,ns,ok,unsupported,packing-only,a038f25ac66821574b30392dc1d3b189cc287e2c,true,kotlin-2.4.10/jvm/Eclipse Adoptium/25.0.1/JMH 1.37/forks=1,1,3,200000000,pack-symmetric-right-v1+4x4+uniform+uplo=U,physical=4x4+leftLayout=depth-rows-v1+rightLayout=depth-columns-v1+leftGroup=4+rightGroup=4+leftStride=4+rightStride=4+padding=zero+alignment=8+block=4x4x4+panel=4+diagonal=0+rhs=0+batch=1+variant=current-tile-v1,panelDoubles=16,jvm-c/portable-layout-v1/4x4,jmh-average-time-v1,200000000,1,1,score-times-operations
4,pack-symmetric-right+4x4+uniform+physical=4x4+uplo=U+work=pack-symmetric-right-v1+leftLayout=depth-rows-v1+rightLayout=depth-columns-v1+leftGroup=4+rightGroup=4+leftStride=4+rightStride=4+padding=zero+alignment=8+block=4x4x4+panel=4+diagonal=0+rhs=0+batch=1+variant=current-tile-v1+timing=packing-only,jvm-c/c/c-sparse/packed-4x4,5,2,1,2,5898417,200169430,33.93612726940126,ns,ok,unsupported,packing-only,a038f25ac66821574b30392dc1d3b189cc287e2c,true,kotlin-2.4.10/jvm/Eclipse Adoptium/25.0.1/JMH 1.37/forks=1,1,3,200000000,pack-symmetric-right-v1+4x4+uniform+uplo=U,physical=4x4+leftLayout=depth-rows-v1+rightLayout=depth-columns-v1+leftGroup=4+rightGroup=4+leftStride=4+rightStride=4+padding=zero+alignment=8+block=4x4x4+panel=4+diagonal=0+rhs=0+batch=1+variant=current-tile-v1,panelDoubles=16,jvm-c/portable-layout-v1/4x4,jmh-average-time-v1,200000000,1,1,score-times-operations
4,pack-symmetric-right+4x4+uniform+physical=4x4+uplo=U+work=pack-symmetric-right-v1+leftLayout=depth-rows-v1+rightLayout=depth-columns-v1+leftGroup=4+rightGroup=4+leftStride=4+rightStride=4+padding=zero+alignment=8+block=4x4x4+panel=4+diagonal=0+rhs=0+batch=1+variant=current-tile-v1+timing=packing-only,jvm-c/c/c-sparse/packed-4x4,5,2,1,3,5930669,200160672,33.75010003087341,ns,ok,unsupported,packing-only,a038f25ac66821574b30392dc1d3b189cc287e2c,true,kotlin-2.4.10/jvm/Eclipse Adoptium/25.0.1/JMH 1.37/forks=1,1,3,200000000,pack-symmetric-right-v1+4x4+uniform+uplo=U,physical=4x4+leftLayout=depth-rows-v1+rightLayout=depth-columns-v1+leftGroup=4+rightGroup=4+leftStride=4+rightStride=4+padding=zero+alignment=8+block=4x4x4+panel=4+diagonal=0+rhs=0+batch=1+variant=current-tile-v1,panelDoubles=16,jvm-c/portable-layout-v1/4x4,jmh-average-time-v1,200000000,1,1,score-times-operations
4,pack-symmetric-right+4x4+uniform+physical=4x4+uplo=U+work=pack-symmetric-right-v1+leftLayout=depth-rows-v1+rightLayout=depth-columns-v1+leftGroup=4+rightGroup=4+leftStride=4+rightStride=4+padding=zero+alignment=8+block=4x4x4+panel=4+diagonal=0+rhs=0+batch=1+variant=current-tile-v1+timing=packing-only,jvm-c/c/c-sparse/packed-4x4,5,2,1,4,6339031,200116384,31.568923389079497,ns,ok,unsupported,packing-only,a038f25ac66821574b30392dc1d3b189cc287e2c,true,kotlin-2.4.10/jvm/Eclipse Adoptium/25.0.1/JMH 1.37/forks=1,1,3,200000000,pack-symmetric-right-v1+4x4+uniform+uplo=U,physical=4x4+leftLayout=depth-rows-v1+rightLayout=depth-columns-v1+leftGroup=4+rightGroup=4+leftStride=4+rightStride=4+padding=zero+alignment=8+block=4x4x4+panel=4+diagonal=0+rhs=0+batch=1+variant=current-tile-v1,panelDoubles=16,jvm-c/portable-layout-v1/4x4,jmh-average-time-v1,200000000,1,1,score-times-operations
4,pack-symmetric-right+4x4+uniform+physical=4x4+uplo=U+work=pack-symmetric-right-v1+leftLayout=depth-rows-v1+rightLayout=depth-columns-v1+leftGroup=4+rightGroup=4+leftStride=4+rightStride=4+padding=zero+alignment=8+block=4x4x4+panel=4+diagonal=0+rhs=0+batch=1+variant=current-tile-v1+timing=packing-only,jvm-c/c/c-sparse/packed-4x4,5,2,1,5,6400334,200192892,31.27850702791448,ns,ok,unsupported,packing-only,a038f25ac66821574b30392dc1d3b189cc287e2c,true,kotlin-2.4.10/jvm/Eclipse Adoptium/25.0.1/JMH 1.37/forks=1,1,3,200000000,pack-symmetric-right-v1+4x4+uniform+uplo=U,physical=4x4+leftLayout=depth-rows-v1+rightLayout=depth-columns-v1+leftGroup=4+rightGroup=4+leftStride=4+rightStride=4+padding=zero+alignment=8+block=4x4x4+panel=4+diagonal=0+rhs=0+batch=1+variant=current-tile-v1,panelDoubles=16,jvm-c/portable-layout-v1/4x4,jmh-average-time-v1,200000000,1,1,score-times-operations
4,pack-triangular-left+4x4+triangular+physical=4x4+uplo=L+diag=N+work=pack-triangular-left-v1+leftLayout=depth-rows-v1+rightLayout=depth-columns-v1+leftGroup=4+rightGroup=4+leftStride=4+rightStride=4+padding=zero+alignment=8+block=4x4x4+panel=4+diagonal=0+rhs=0+batch=1+variant=current-tile-v1+timing=packing-only,jvm-c/c/c-sparse/packed-4x4,5,2,1,1,6444733,200169989,31.05946964754009,ns,ok,unsupported,packing-only,a038f25ac66821574b30392dc1d3b189cc287e2c,true,kotlin-2.4.10/jvm/Eclipse Adoptium/25.0.1/JMH 1.37/forks=1,1,3,200000000,pack-triangular-left-v1+4x4+triangular+uplo=L+diag=N,physical=4x4+leftLayout=depth-rows-v1+rightLayout=depth-columns-v1+leftGroup=4+rightGroup=4+leftStride=4+rightStride=4+padding=zero+alignment=8+block=4x4x4+panel=4+diagonal=0+rhs=0+batch=1+variant=current-tile-v1,panelDoubles=16,jvm-c/portable-layout-v1/4x4,jmh-average-time-v1,200000000,1,1,score-times-operations
4,pack-triangular-left+4x4+triangular+physical=4x4+uplo=L+diag=N+work=pack-triangular-left-v1+leftLayout=depth-rows-v1+rightLayout=depth-columns-v1+leftGroup=4+rightGroup=4+leftStride=4+rightStride=4+padding=zero+alignment=8+block=4x4x4+panel=4+diagonal=0+rhs=0+batch=1+variant=current-tile-v1+timing=packing-only,jvm-c/c/c-sparse/packed-4x4,5,2,1,2,6450102,200186093,31.03611276224779,ns,ok,unsupported,packing-only,a038f25ac66821574b30392dc1d3b189cc287e2c,true,kotlin-2.4.10/jvm/Eclipse Adoptium/25.0.1/JMH 1.37/forks=1,1,3,200000000,pack-triangular-left-v1+4x4+triangular+uplo=L+diag=N,physical=4x4+leftLayout=depth-rows-v1+rightLayout=depth-columns-v1+leftGroup=4+rightGroup=4+leftStride=4+rightStride=4+padding=zero+alignment=8+block=4x4x4+panel=4+diagonal=0+rhs=0+batch=1+variant=current-tile-v1,panelDoubles=16,jvm-c/portable-layout-v1/4x4,jmh-average-time-v1,200000000,1,1,score-times-operations
4,pack-triangular-left+4x4+triangular+physical=4x4+uplo=L+diag=N+work=pack-triangular-left-v1+leftLayout=depth-rows-v1+rightLayout=depth-columns-v1+leftGroup=4+rightGroup=4+leftStride=4+rightStride=4+padding=zero+alignment=8+block=4x4x4+panel=4+diagonal=0+rhs=0+batch=1+variant=current-tile-v1+timing=packing-only,jvm-c/c/c-sparse/packed-4x4,5,2,1,3,6413153,200166066,31.211802681146075,ns,ok,unsupported,packing-only,a038f25ac66821574b30392dc1d3b189cc287e2c,true,kotlin-2.4.10/jvm/Eclipse Adoptium/25.0.1/JMH 1.37/forks=1,1,3,200000000,pack-triangular-left-v1+4x4+triangular+uplo=L+diag=N,physical=4x4+leftLayout=depth-rows-v1+rightLayout=depth-columns-v1+leftGroup=4+rightGroup=4+leftStride=4+rightStride=4+padding=zero+alignment=8+block=4x4x4+panel=4+diagonal=0+rhs=0+batch=1+variant=current-tile-v1,panelDoubles=16,jvm-c/portable-layout-v1/4x4,jmh-average-time-v1,200000000,1,1,score-times-operations
4,pack-triangular-left+4x4+triangular+physical=4x4+uplo=L+diag=N+work=pack-triangular-left-v1+leftLayout=depth-rows-v1+rightLayout=depth-columns-v1+leftGroup=4+rightGroup=4+leftStride=4+rightStride=4+padding=zero+alignment=8+block=4x4x4+panel=4+diagonal=0+rhs=0+batch=1+variant=current-tile-v1+timing=packing-only,jvm-c/c/c-sparse/packed-4x4,5,2,1,4,6476824,200188901,30.90849789958782,ns,ok,unsupported,packing-only,a038f25ac66821574b30392dc1d3b189cc287e2c,true,kotlin-2.4.10/jvm/Eclipse Adoptium/25.0.1/JMH 1.37/forks=1,1,3,200000000,pack-triangular-left-v1+4x4+triangular+uplo=L+diag=N,physical=4x4+leftLayout=depth-rows-v1+rightLayout=depth-columns-v1+leftGroup=4+rightGroup=4+leftStride=4+rightStride=4+padding=zero+alignment=8+block=4x4x4+panel=4+diagonal=0+rhs=0+batch=1+variant=current-tile-v1,panelDoubles=16,jvm-c/portable-layout-v1/4x4,jmh-average-time-v1,200000000,1,1,score-times-operations
4,pack-triangular-left+4x4+triangular+physical=4x4+uplo=L+diag=N+work=pack-triangular-left-v1+leftLayout=depth-rows-v1+rightLayout=depth-columns-v1+leftGroup=4+rightGroup=4+leftStride=4+rightStride=4+padding=zero+alignment=8+block=4x4x4+panel=4+diagonal=0+rhs=0+batch=1+variant=current-tile-v1+timing=packing-only,jvm-c/c/c-sparse/packed-4x4,5,2,1,5,6457414,200150028,30.99538422037057,ns,ok,unsupported,packing-only,a038f25ac66821574b30392dc1d3b189cc287e2c,true,kotlin-2.4.10/jvm/Eclipse Adoptium/25.0.1/JMH 1.37/forks=1,1,3,200000000,pack-triangular-left-v1+4x4+triangular+uplo=L+diag=N,physical=4x4+leftLayout=depth-rows-v1+rightLayout=depth-columns-v1+leftGroup=4+rightGroup=4+leftStride=4+rightStride=4+padding=zero+alignment=8+block=4x4x4+panel=4+diagonal=0+rhs=0+batch=1+variant=current-tile-v1,panelDoubles=16,jvm-c/portable-layout-v1/4x4,jmh-average-time-v1,200000000,1,1,score-times-operations
4,pack-triangular-right+4x4+triangular+physical=4x4+uplo=U+diag=U+work=pack-triangular-right-v1+leftLayout=depth-rows-v1+rightLayout=depth-columns-v1+leftGroup=4+rightGroup=4+leftStride=4+rightStride=4+padding=zero+alignment=8+block=4x4x4+panel=4+diagonal=0+rhs=0+batch=1+variant=current-tile-v1+timing=packing-only,jvm-c/c/c-sparse/packed-4x4,5,2,1,1,6234219,200108386,32.09838890805729,ns,ok,unsupported,packing-only,a038f25ac66821574b30392dc1d3b189cc287e2c,true,kotlin-2.4.10/jvm/Eclipse Adoptium/25.0.1/JMH 1.37/forks=1,1,3,200000000,pack-triangular-right-v1+4x4+triangular+uplo=U+diag=U,physical=4x4+leftLayout=depth-rows-v1+rightLayout=depth-columns-v1+leftGroup=4+rightGroup=4+leftStride=4+rightStride=4+padding=zero+alignment=8+block=4x4x4+panel=4+diagonal=0+rhs=0+batch=1+variant=current-tile-v1,panelDoubles=16,jvm-c/portable-layout-v1/4x4,jmh-average-time-v1,200000000,1,1,score-times-operations
4,pack-triangular-right+4x4+triangular+physical=4x4+uplo=U+diag=U+work=pack-triangular-right-v1+leftLayout=depth-rows-v1+rightLayout=depth-columns-v1+leftGroup=4+rightGroup=4+leftStride=4+rightStride=4+padding=zero+alignment=8+block=4x4x4+panel=4+diagonal=0+rhs=0+batch=1+variant=current-tile-v1+timing=packing-only,jvm-c/c/c-sparse/packed-4x4,5,2,1,2,6269990,200261060,31.939613938778212,ns,ok,unsupported,packing-only,a038f25ac66821574b30392dc1d3b189cc287e2c,true,kotlin-2.4.10/jvm/Eclipse Adoptium/25.0.1/JMH 1.37/forks=1,1,3,200000000,pack-triangular-right-v1+4x4+triangular+uplo=U+diag=U,physical=4x4+leftLayout=depth-rows-v1+rightLayout=depth-columns-v1+leftGroup=4+rightGroup=4+leftStride=4+rightStride=4+padding=zero+alignment=8+block=4x4x4+panel=4+diagonal=0+rhs=0+batch=1+variant=current-tile-v1,panelDoubles=16,jvm-c/portable-layout-v1/4x4,jmh-average-time-v1,200000000,1,1,score-times-operations
4,pack-triangular-right+4x4+triangular+physical=4x4+uplo=U+diag=U+work=pack-triangular-right-v1+leftLayout=depth-rows-v1+rightLayout=depth-columns-v1+leftGroup=4+rightGroup=4+leftStride=4+rightStride=4+padding=zero+alignment=8+block=4x4x4+panel=4+diagonal=0+rhs=0+batch=1+variant=current-tile-v1+timing=packing-only,jvm-c/c/c-sparse/packed-4x4,5,2,1,3,6213392,200245335,32.22802214957627,ns,ok,unsupported,packing-only,a038f25ac66821574b30392dc1d3b189cc287e2c,true,kotlin-2.4.10/jvm/Eclipse Adoptium/25.0.1/JMH 1.37/forks=1,1,3,200000000,pack-triangular-right-v1+4x4+triangular+uplo=U+diag=U,physical=4x4+leftLayout=depth-rows-v1+rightLayout=depth-columns-v1+leftGroup=4+rightGroup=4+leftStride=4+rightStride=4+padding=zero+alignment=8+block=4x4x4+panel=4+diagonal=0+rhs=0+batch=1+variant=current-tile-v1,panelDoubles=16,jvm-c/portable-layout-v1/4x4,jmh-average-time-v1,200000000,1,1,score-times-operations
4,pack-triangular-right+4x4+triangular+physical=4x4+uplo=U+diag=U+work=pack-triangular-right-v1+leftLayout=depth-rows-v1+rightLayout=depth-columns-v1+leftGroup=4+rightGroup=4+leftStride=4+rightStride=4+padding=zero+alignment=8+block=4x4x4+panel=4+diagonal=0+rhs=0+batch=1+variant=current-tile-v1+timing=packing-only,jvm-c/c/c-sparse/packed-4x4,5,2,1,4,5948359,200174361,33.65203092146927,ns,ok,unsupported,packing-only,a038f25ac66821574b30392dc1d3b189cc287e2c,true,kotlin-2.4.10/jvm/Eclipse Adoptium/25.0.1/JMH 1.37/forks=1,1,3,200000000,pack-triangular-right-v1+4x4+triangular+uplo=U+diag=U,physical=4x4+leftLayout=depth-rows-v1+rightLayout=depth-columns-v1+leftGroup=4+rightGroup=4+leftStride=4+rightStride=4+padding=zero+alignment=8+block=4x4x4+panel=4+diagonal=0+rhs=0+batch=1+variant=current-tile-v1,panelDoubles=16,jvm-c/portable-layout-v1/4x4,jmh-average-time-v1,200000000,1,1,score-times-operations
4,pack-triangular-right+4x4+triangular+physical=4x4+uplo=U+diag=U+work=pack-triangular-right-v1+leftLayout=depth-rows-v1+rightLayout=depth-columns-v1+leftGroup=4+rightGroup=4+leftStride=4+rightStride=4+padding=zero+alignment=8+block=4x4x4+panel=4+diagonal=0+rhs=0+batch=1+variant=current-tile-v1+timing=packing-only,jvm-c/c/c-sparse/packed-4x4,5,2,1,5,5795085,200187210,34.544309531266585,ns,ok,unsupported,packing-only,a038f25ac66821574b30392dc1d3b189cc287e2c,true,kotlin-2.4.10/jvm/Eclipse Adoptium/25.0.1/JMH 1.37/forks=1,1,3,200000000,pack-triangular-right-v1+4x4+triangular+uplo=U+diag=U,physical=4x4+leftLayout=depth-rows-v1+rightLayout=depth-columns-v1+leftGroup=4+rightGroup=4+leftStride=4+rightStride=4+padding=zero+alignment=8+block=4x4x4+panel=4+diagonal=0+rhs=0+batch=1+variant=current-tile-v1,panelDoubles=16,jvm-c/portable-layout-v1/4x4,jmh-average-time-v1,200000000,1,1,score-times-operations
4,write-left+3x31+uniform+physical=4x4+work=write-left-v1+leftLayout=depth-rows-v1+rightLayout=depth-columns-v1+leftGroup=4+rightGroup=4+leftStride=4+rightStride=4+padding=zero+alignment=8+block=3x31x31+panel=31+diagonal=0+rhs=0+batch=1+variant=current-tile-v1+timing=layout-only,jvm-c/c/c-sparse/packed-4x4,5,2,1,1,3178728,200221781,62.98801942160512,ns,ok,unsupported,layout-only,a038f25ac66821574b30392dc1d3b189cc287e2c,true,kotlin-2.4.10/jvm/Eclipse Adoptium/25.0.1/JMH 1.37/forks=1,1,3,200000000,write-left-v1+3x31+uniform,physical=4x4+leftLayout=depth-rows-v1+rightLayout=depth-columns-v1+leftGroup=4+rightGroup=4+leftStride=4+rightStride=4+padding=zero+alignment=8+block=3x31x31+panel=31+diagonal=0+rhs=0+batch=1+variant=current-tile-v1,panelDoubles=124,jvm-c/portable-layout-v1/4x4,jmh-average-time-v1,200000000,1,1,score-times-operations
4,write-left+3x31+uniform+physical=4x4+work=write-left-v1+leftLayout=depth-rows-v1+rightLayout=depth-columns-v1+leftGroup=4+rightGroup=4+leftStride=4+rightStride=4+padding=zero+alignment=8+block=3x31x31+panel=31+diagonal=0+rhs=0+batch=1+variant=current-tile-v1+timing=layout-only,jvm-c/c/c-sparse/packed-4x4,5,2,1,2,3116006,200178935,64.24215325644431,ns,ok,unsupported,layout-only,a038f25ac66821574b30392dc1d3b189cc287e2c,true,kotlin-2.4.10/jvm/Eclipse Adoptium/25.0.1/JMH 1.37/forks=1,1,3,200000000,write-left-v1+3x31+uniform,physical=4x4+leftLayout=depth-rows-v1+rightLayout=depth-columns-v1+leftGroup=4+rightGroup=4+leftStride=4+rightStride=4+padding=zero+alignment=8+block=3x31x31+panel=31+diagonal=0+rhs=0+batch=1+variant=current-tile-v1,panelDoubles=124,jvm-c/portable-layout-v1/4x4,jmh-average-time-v1,200000000,1,1,score-times-operations
4,write-left+3x31+uniform+physical=4x4+work=write-left-v1+leftLayout=depth-rows-v1+rightLayout=depth-columns-v1+leftGroup=4+rightGroup=4+leftStride=4+rightStride=4+padding=zero+alignment=8+block=3x31x31+panel=31+diagonal=0+rhs=0+batch=1+variant=current-tile-v1+timing=layout-only,jvm-c/c/c-sparse/packed-4x4,5,2,1,3,3118232,200165988,64.19214093114303,ns,ok,unsupported,layout-only,a038f25ac66821574b30392dc1d3b189cc287e2c,true,kotlin-2.4.10/jvm/Eclipse Adoptium/25.0.1/JMH 1.37/forks=1,1,3,200000000,write-left-v1+3x31+uniform,physical=4x4+leftLayout=depth-rows-v1+rightLayout=depth-columns-v1+leftGroup=4+rightGroup=4+leftStride=4+rightStride=4+padding=zero+alignment=8+block=3x31x31+panel=31+diagonal=0+rhs=0+batch=1+variant=current-tile-v1,panelDoubles=124,jvm-c/portable-layout-v1/4x4,jmh-average-time-v1,200000000,1,1,score-times-operations
4,write-left+3x31+uniform+physical=4x4+work=write-left-v1+leftLayout=depth-rows-v1+rightLayout=depth-columns-v1+leftGroup=4+rightGroup=4+leftStride=4+rightStride=4+padding=zero+alignment=8+block=3x31x31+panel=31+diagonal=0+rhs=0+batch=1+variant=current-tile-v1+timing=layout-only,jvm-c/c/c-sparse/packed-4x4,5,2,1,4,3107884,200156363,64.40277790290757,ns,ok,unsupported,layout-only,a038f25ac66821574b30392dc1d3b189cc287e2c,true,kotlin-2.4.10/jvm/Eclipse Adoptium/25.0.1/JMH 1.37/forks=1,1,3,200000000,write-left-v1+3x31+uniform,physical=4x4+leftLayout=depth-rows-v1+rightLayout=depth-columns-v1+leftGroup=4+rightGroup=4+leftStride=4+rightStride=4+padding=zero+alignment=8+block=3x31x31+panel=31+diagonal=0+rhs=0+batch=1+variant=current-tile-v1,panelDoubles=124,jvm-c/portable-layout-v1/4x4,jmh-average-time-v1,200000000,1,1,score-times-operations
4,write-left+3x31+uniform+physical=4x4+work=write-left-v1+leftLayout=depth-rows-v1+rightLayout=depth-columns-v1+leftGroup=4+rightGroup=4+leftStride=4+rightStride=4+padding=zero+alignment=8+block=3x31x31+panel=31+diagonal=0+rhs=0+batch=1+variant=current-tile-v1+timing=layout-only,jvm-c/c/c-sparse/packed-4x4,5,2,1,5,3118558,200210481,64.19969774491929,ns,ok,unsupported,layout-only,a038f25ac66821574b30392dc1d3b189cc287e2c,true,kotlin-2.4.10/jvm/Eclipse Adoptium/25.0.1/JMH 1.37/forks=1,1,3,200000000,write-left-v1+3x31+uniform,physical=4x4+leftLayout=depth-rows-v1+rightLayout=depth-columns-v1+leftGroup=4+rightGroup=4+leftStride=4+rightStride=4+padding=zero+alignment=8+block=3x31x31+panel=31+diagonal=0+rhs=0+batch=1+variant=current-tile-v1,panelDoubles=124,jvm-c/portable-layout-v1/4x4,jmh-average-time-v1,200000000,1,1,score-times-operations
4,write-left+4x32+uniform+physical=4x4+work=write-left-v1+leftLayout=depth-rows-v1+rightLayout=depth-columns-v1+leftGroup=4+rightGroup=4+leftStride=4+rightStride=4+padding=zero+alignment=8+block=4x32x32+panel=32+diagonal=0+rhs=0+batch=1+variant=current-tile-v1+timing=layout-only,jvm-c/c/c-sparse/packed-4x4,5,2,1,1,2661046,200301138,75.27158042363793,ns,ok,unsupported,layout-only,a038f25ac66821574b30392dc1d3b189cc287e2c,true,kotlin-2.4.10/jvm/Eclipse Adoptium/25.0.1/JMH 1.37/forks=1,1,3,200000000,write-left-v1+4x32+uniform,physical=4x4+leftLayout=depth-rows-v1+rightLayout=depth-columns-v1+leftGroup=4+rightGroup=4+leftStride=4+rightStride=4+padding=zero+alignment=8+block=4x32x32+panel=32+diagonal=0+rhs=0+batch=1+variant=current-tile-v1,panelDoubles=128,jvm-c/portable-layout-v1/4x4,jmh-average-time-v1,200000000,1,1,score-times-operations
4,write-left+4x32+uniform+physical=4x4+work=write-left-v1+leftLayout=depth-rows-v1+rightLayout=depth-columns-v1+leftGroup=4+rightGroup=4+leftStride=4+rightStride=4+padding=zero+alignment=8+block=4x32x32+panel=32+diagonal=0+rhs=0+batch=1+variant=current-tile-v1+timing=layout-only,jvm-c/c/c-sparse/packed-4x4,5,2,1,2,2479584,200165197,80.72531400428458,ns,ok,unsupported,layout-only,a038f25ac66821574b30392dc1d3b189cc287e2c,true,kotlin-2.4.10/jvm/Eclipse Adoptium/25.0.1/JMH 1.37/forks=1,1,3,200000000,write-left-v1+4x32+uniform,physical=4x4+leftLayout=depth-rows-v1+rightLayout=depth-columns-v1+leftGroup=4+rightGroup=4+leftStride=4+rightStride=4+padding=zero+alignment=8+block=4x32x32+panel=32+diagonal=0+rhs=0+batch=1+variant=current-tile-v1,panelDoubles=128,jvm-c/portable-layout-v1/4x4,jmh-average-time-v1,200000000,1,1,score-times-operations
4,write-left+4x32+uniform+physical=4x4+work=write-left-v1+leftLayout=depth-rows-v1+rightLayout=depth-columns-v1+leftGroup=4+rightGroup=4+leftStride=4+rightStride=4+padding=zero+alignment=8+block=4x32x32+panel=32+diagonal=0+rhs=0+batch=1+variant=current-tile-v1+timing=layout-only,jvm-c/c/c-sparse/packed-4x4,5,2,1,3,2416911,200184899,82.82675654999295,ns,ok,unsupported,layout-only,a038f25ac66821574b30392dc1d3b189cc287e2c,true,kotlin-2.4.10/jvm/Eclipse Adoptium/25.0.1/JMH 1.37/forks=1,1,3,200000000,write-left-v1+4x32+uniform,physical=4x4+leftLayout=depth-rows-v1+rightLayout=depth-columns-v1+leftGroup=4+rightGroup=4+leftStride=4+rightStride=4+padding=zero+alignment=8+block=4x32x32+panel=32+diagonal=0+rhs=0+batch=1+variant=current-tile-v1,panelDoubles=128,jvm-c/portable-layout-v1/4x4,jmh-average-time-v1,200000000,1,1,score-times-operations
4,write-left+4x32+uniform+physical=4x4+work=write-left-v1+leftLayout=depth-rows-v1+rightLayout=depth-columns-v1+leftGroup=4+rightGroup=4+leftStride=4+rightStride=4+padding=zero+alignment=8+block=4x32x32+panel=32+diagonal=0+rhs=0+batch=1+variant=current-tile-v1+timing=layout-only,jvm-c/c/c-sparse/packed-4x4,5,2,1,4,2701025,200187673,74.11544617321202,ns,ok,unsupported,layout-only,a038f25ac66821574b30392dc1d3b189cc287e2c,true,kotlin-2.4.10/jvm/Eclipse Adoptium/25.0.1/JMH 1.37/forks=1,1,3,200000000,write-left-v1+4x32+uniform,physical=4x4+leftLayout=depth-rows-v1+rightLayout=depth-columns-v1+leftGroup=4+rightGroup=4+leftStride=4+rightStride=4+padding=zero+alignment=8+block=4x32x32+panel=32+diagonal=0+rhs=0+batch=1+variant=current-tile-v1,panelDoubles=128,jvm-c/portable-layout-v1/4x4,jmh-average-time-v1,200000000,1,1,score-times-operations
4,write-left+4x32+uniform+physical=4x4+work=write-left-v1+leftLayout=depth-rows-v1+rightLayout=depth-columns-v1+leftGroup=4+rightGroup=4+leftStride=4+rightStride=4+padding=zero+alignment=8+block=4x32x32+panel=32+diagonal=0+rhs=0+batch=1+variant=current-tile-v1+timing=layout-only,jvm-c/c/c-sparse/packed-4x4,5,2,1,5,2494408,200145985,80.23787006776759,ns,ok,unsupported,layout-only,a038f25ac66821574b30392dc1d3b189cc287e2c,true,kotlin-2.4.10/jvm/Eclipse Adoptium/25.0.1/JMH 1.37/forks=1,1,3,200000000,write-left-v1+4x32+uniform,physical=4x4+leftLayout=depth-rows-v1+rightLayout=depth-columns-v1+leftGroup=4+rightGroup=4+leftStride=4+rightStride=4+padding=zero+alignment=8+block=4x32x32+panel=32+diagonal=0+rhs=0+batch=1+variant=current-tile-v1,panelDoubles=128,jvm-c/portable-layout-v1/4x4,jmh-average-time-v1,200000000,1,1,score-times-operations
4,write-right+31x2+uniform+physical=4x4+work=write-right-v1+leftLayout=depth-rows-v1+rightLayout=depth-columns-v1+leftGroup=4+rightGroup=4+leftStride=4+rightStride=4+padding=zero+alignment=8+block=31x2x31+panel=31+diagonal=0+rhs=0+batch=1+variant=current-tile-v1+timing=layout-only,jvm-c/c/c-sparse/packed-4x4,5,2,1,1,2447173,200182166,81.80139532431912,ns,ok,unsupported,layout-only,a038f25ac66821574b30392dc1d3b189cc287e2c,true,kotlin-2.4.10/jvm/Eclipse Adoptium/25.0.1/JMH 1.37/forks=1,1,3,200000000,write-right-v1+31x2+uniform,physical=4x4+leftLayout=depth-rows-v1+rightLayout=depth-columns-v1+leftGroup=4+rightGroup=4+leftStride=4+rightStride=4+padding=zero+alignment=8+block=31x2x31+panel=31+diagonal=0+rhs=0+batch=1+variant=current-tile-v1,panelDoubles=124,jvm-c/portable-layout-v1/4x4,jmh-average-time-v1,200000000,1,1,score-times-operations
4,write-right+31x2+uniform+physical=4x4+work=write-right-v1+leftLayout=depth-rows-v1+rightLayout=depth-columns-v1+leftGroup=4+rightGroup=4+leftStride=4+rightStride=4+padding=zero+alignment=8+block=31x2x31+panel=31+diagonal=0+rhs=0+batch=1+variant=current-tile-v1+timing=layout-only,jvm-c/c/c-sparse/packed-4x4,5,2,1,2,2252093,200220812,88.90432677513762,ns,ok,unsupported,layout-only,a038f25ac66821574b30392dc1d3b189cc287e2c,true,kotlin-2.4.10/jvm/Eclipse Adoptium/25.0.1/JMH 1.37/forks=1,1,3,200000000,write-right-v1+31x2+uniform,physical=4x4+leftLayout=depth-rows-v1+rightLayout=depth-columns-v1+leftGroup=4+rightGroup=4+leftStride=4+rightStride=4+padding=zero+alignment=8+block=31x2x31+panel=31+diagonal=0+rhs=0+batch=1+variant=current-tile-v1,panelDoubles=124,jvm-c/portable-layout-v1/4x4,jmh-average-time-v1,200000000,1,1,score-times-operations
4,write-right+31x2+uniform+physical=4x4+work=write-right-v1+leftLayout=depth-rows-v1+rightLayout=depth-columns-v1+leftGroup=4+rightGroup=4+leftStride=4+rightStride=4+padding=zero+alignment=8+block=31x2x31+panel=31+diagonal=0+rhs=0+batch=1+variant=current-tile-v1+timing=layout-only,jvm-c/c/c-sparse/packed-4x4,5,2,1,3,2210176,200183419,90.57351948442115,ns,ok,unsupported,layout-only,a038f25ac66821574b30392dc1d3b189cc287e2c,true,kotlin-2.4.10/jvm/Eclipse Adoptium/25.0.1/JMH 1.37/forks=1,1,3,200000000,write-right-v1+31x2+uniform,physical=4x4+leftLayout=depth-rows-v1+rightLayout=depth-columns-v1+leftGroup=4+rightGroup=4+leftStride=4+rightStride=4+padding=zero+alignment=8+block=31x2x31+panel=31+diagonal=0+rhs=0+batch=1+variant=current-tile-v1,panelDoubles=124,jvm-c/portable-layout-v1/4x4,jmh-average-time-v1,200000000,1,1,score-times-operations
4,write-right+31x2+uniform+physical=4x4+work=write-right-v1+leftLayout=depth-rows-v1+rightLayout=depth-columns-v1+leftGroup=4+rightGroup=4+leftStride=4+rightStride=4+padding=zero+alignment=8+block=31x2x31+panel=31+diagonal=0+rhs=0+batch=1+variant=current-tile-v1+timing=layout-only,jvm-c/c/c-sparse/packed-4x4,5,2,1,4,2215665,200134060,90.32685897913268,ns,ok,unsupported,layout-only,a038f25ac66821574b30392dc1d3b189cc287e2c,true,kotlin-2.4.10/jvm/Eclipse Adoptium/25.0.1/JMH 1.37/forks=1,1,3,200000000,write-right-v1+31x2+uniform,physical=4x4+leftLayout=depth-rows-v1+rightLayout=depth-columns-v1+leftGroup=4+rightGroup=4+leftStride=4+rightStride=4+padding=zero+alignment=8+block=31x2x31+panel=31+diagonal=0+rhs=0+batch=1+variant=current-tile-v1,panelDoubles=124,jvm-c/portable-layout-v1/4x4,jmh-average-time-v1,200000000,1,1,score-times-operations
4,write-right+31x2+uniform+physical=4x4+work=write-right-v1+leftLayout=depth-rows-v1+rightLayout=depth-columns-v1+leftGroup=4+rightGroup=4+leftStride=4+rightStride=4+padding=zero+alignment=8+block=31x2x31+panel=31+diagonal=0+rhs=0+batch=1+variant=current-tile-v1+timing=layout-only,jvm-c/c/c-sparse/packed-4x4,5,2,1,5,2218372,200236501,90.26281480292755,ns,ok,unsupported,layout-only,a038f25ac66821574b30392dc1d3b189cc287e2c,true,kotlin-2.4.10/jvm/Eclipse Adoptium/25.0.1/JMH 1.37/forks=1,1,3,200000000,write-right-v1+31x2+uniform,physical=4x4+leftLayout=depth-rows-v1+rightLayout=depth-columns-v1+leftGroup=4+rightGroup=4+leftStride=4+rightStride=4+padding=zero+alignment=8+block=31x2x31+panel=31+diagonal=0+rhs=0+batch=1+variant=current-tile-v1,panelDoubles=124,jvm-c/portable-layout-v1/4x4,jmh-average-time-v1,200000000,1,1,score-times-operations
4,write-right+32x4+uniform+physical=4x4+work=write-right-v1+leftLayout=depth-rows-v1+rightLayout=depth-columns-v1+leftGroup=4+rightGroup=4+leftStride=4+rightStride=4+padding=zero+alignment=8+block=32x4x32+panel=32+diagonal=0+rhs=0+batch=1+variant=current-tile-v1+timing=layout-only,jvm-c/c/c-sparse/packed-4x4,5,2,1,1,2225004,200232544,89.99199282338368,ns,ok,unsupported,layout-only,a038f25ac66821574b30392dc1d3b189cc287e2c,true,kotlin-2.4.10/jvm/Eclipse Adoptium/25.0.1/JMH 1.37/forks=1,1,3,200000000,write-right-v1+32x4+uniform,physical=4x4+leftLayout=depth-rows-v1+rightLayout=depth-columns-v1+leftGroup=4+rightGroup=4+leftStride=4+rightStride=4+padding=zero+alignment=8+block=32x4x32+panel=32+diagonal=0+rhs=0+batch=1+variant=current-tile-v1,panelDoubles=128,jvm-c/portable-layout-v1/4x4,jmh-average-time-v1,200000000,1,1,score-times-operations
4,write-right+32x4+uniform+physical=4x4+work=write-right-v1+leftLayout=depth-rows-v1+rightLayout=depth-columns-v1+leftGroup=4+rightGroup=4+leftStride=4+rightStride=4+padding=zero+alignment=8+block=32x4x32+panel=32+diagonal=0+rhs=0+batch=1+variant=current-tile-v1+timing=layout-only,jvm-c/c/c-sparse/packed-4x4,5,2,1,2,2093360,200255671,95.66231847365002,ns,ok,unsupported,layout-only,a038f25ac66821574b30392dc1d3b189cc287e2c,true,kotlin-2.4.10/jvm/Eclipse Adoptium/25.0.1/JMH 1.37/forks=1,1,3,200000000,write-right-v1+32x4+uniform,physical=4x4+leftLayout=depth-rows-v1+rightLayout=depth-columns-v1+leftGroup=4+rightGroup=4+leftStride=4+rightStride=4+padding=zero+alignment=8+block=32x4x32+panel=32+diagonal=0+rhs=0+batch=1+variant=current-tile-v1,panelDoubles=128,jvm-c/portable-layout-v1/4x4,jmh-average-time-v1,200000000,1,1,score-times-operations
4,write-right+32x4+uniform+physical=4x4+work=write-right-v1+leftLayout=depth-rows-v1+rightLayout=depth-columns-v1+leftGroup=4+rightGroup=4+leftStride=4+rightStride=4+padding=zero+alignment=8+block=32x4x32+panel=32+diagonal=0+rhs=0+batch=1+variant=current-tile-v1+timing=layout-only,jvm-c/c/c-sparse/packed-4x4,5,2,1,3,2029593,200216209,98.64845267006734,ns,ok,unsupported,layout-only,a038f25ac66821574b30392dc1d3b189cc287e2c,true,kotlin-2.4.10/jvm/Eclipse Adoptium/25.0.1/JMH 1.37/forks=1,1,3,200000000,write-right-v1+32x4+uniform,physical=4x4+leftLayout=depth-rows-v1+rightLayout=depth-columns-v1+leftGroup=4+rightGroup=4+leftStride=4+rightStride=4+padding=zero+alignment=8+block=32x4x32+panel=32+diagonal=0+rhs=0+batch=1+variant=current-tile-v1,panelDoubles=128,jvm-c/portable-layout-v1/4x4,jmh-average-time-v1,200000000,1,1,score-times-operations
4,write-right+32x4+uniform+physical=4x4+work=write-right-v1+leftLayout=depth-rows-v1+rightLayout=depth-columns-v1+leftGroup=4+rightGroup=4+leftStride=4+rightStride=4+padding=zero+alignment=8+block=32x4x32+panel=32+diagonal=0+rhs=0+batch=1+variant=current-tile-v1+timing=layout-only,jvm-c/c/c-sparse/packed-4x4,5,2,1,4,2258138,200104207,88.61469361039937,ns,ok,unsupported,layout-only,a038f25ac66821574b30392dc1d3b189cc287e2c,true,kotlin-2.4.10/jvm/Eclipse Adoptium/25.0.1/JMH 1.37/forks=1,1,3,200000000,write-right-v1+32x4+uniform,physical=4x4+leftLayout=depth-rows-v1+rightLayout=depth-columns-v1+leftGroup=4+rightGroup=4+leftStride=4+rightStride=4+padding=zero+alignment=8+block=32x4x32+panel=32+diagonal=0+rhs=0+batch=1+variant=current-tile-v1,panelDoubles=128,jvm-c/portable-layout-v1/4x4,jmh-average-time-v1,200000000,1,1,score-times-operations
4,write-right+32x4+uniform+physical=4x4+work=write-right-v1+leftLayout=depth-rows-v1+rightLayout=depth-columns-v1+leftGroup=4+rightGroup=4+leftStride=4+rightStride=4+padding=zero+alignment=8+block=32x4x32+panel=32+diagonal=0+rhs=0+batch=1+variant=current-tile-v1+timing=layout-only,jvm-c/c/c-sparse/packed-4x4,5,2,1,5,2211069,200261462,90.57223542096605,ns,ok,unsupported,layout-only,a038f25ac66821574b30392dc1d3b189cc287e2c,true,kotlin-2.4.10/jvm/Eclipse Adoptium/25.0.1/JMH 1.37/forks=1,1,3,200000000,write-right-v1+32x4+uniform,physical=4x4+leftLayout=depth-rows-v1+rightLayout=depth-columns-v1+leftGroup=4+rightGroup=4+leftStride=4+rightStride=4+padding=zero+alignment=8+block=32x4x32+panel=32+diagonal=0+rhs=0+batch=1+variant=current-tile-v1,panelDoubles=128,jvm-c/portable-layout-v1/4x4,jmh-average-time-v1,200000000,1,1,score-times-operations
4,clear-left-padding+3x31+uniform+physical=4x4+work=clear-left-padding-v1+leftLayout=depth-rows-v1+rightLayout=depth-columns-v1+leftGroup=4+rightGroup=4+leftStride=4+rightStride=4+padding=zero+alignment=8+block=3x31x31+panel=31+diagonal=0+rhs=0+batch=1+variant=current-tile-v1+timing=layout-only,jvm-c/c/c-sparse/packed-4x4,5,2,1,1,2657509,200274593,75.36177412757586,ns,ok,unsupported,layout-only,a038f25ac66821574b30392dc1d3b189cc287e2c,true,kotlin-2.4.10/jvm/Eclipse Adoptium/25.0.1/JMH 1.37/forks=1,1,3,200000000,clear-left-padding-v1+3x31+uniform,physical=4x4+leftLayout=depth-rows-v1+rightLayout=depth-columns-v1+leftGroup=4+rightGroup=4+leftStride=4+rightStride=4+padding=zero+alignment=8+block=3x31x31+panel=31+diagonal=0+rhs=0+batch=1+variant=current-tile-v1,panelDoubles=124,jvm-c/portable-layout-v1/4x4,jmh-average-time-v1,200000000,1,1,score-times-operations
4,clear-left-padding+3x31+uniform+physical=4x4+work=clear-left-padding-v1+leftLayout=depth-rows-v1+rightLayout=depth-columns-v1+leftGroup=4+rightGroup=4+leftStride=4+rightStride=4+padding=zero+alignment=8+block=3x31x31+panel=31+diagonal=0+rhs=0+batch=1+variant=current-tile-v1+timing=layout-only,jvm-c/c/c-sparse/packed-4x4,5,2,1,2,2649129,200143704,75.55075800385711,ns,ok,unsupported,layout-only,a038f25ac66821574b30392dc1d3b189cc287e2c,true,kotlin-2.4.10/jvm/Eclipse Adoptium/25.0.1/JMH 1.37/forks=1,1,3,200000000,clear-left-padding-v1+3x31+uniform,physical=4x4+leftLayout=depth-rows-v1+rightLayout=depth-columns-v1+leftGroup=4+rightGroup=4+leftStride=4+rightStride=4+padding=zero+alignment=8+block=3x31x31+panel=31+diagonal=0+rhs=0+batch=1+variant=current-tile-v1,panelDoubles=124,jvm-c/portable-layout-v1/4x4,jmh-average-time-v1,200000000,1,1,score-times-operations
4,clear-left-padding+3x31+uniform+physical=4x4+work=clear-left-padding-v1+leftLayout=depth-rows-v1+rightLayout=depth-columns-v1+leftGroup=4+rightGroup=4+leftStride=4+rightStride=4+padding=zero+alignment=8+block=3x31x31+panel=31+diagonal=0+rhs=0+batch=1+variant=current-tile-v1+timing=layout-only,jvm-c/c/c-sparse/packed-4x4,5,2,1,3,2652783,200180838,75.46069090460848,ns,ok,unsupported,layout-only,a038f25ac66821574b30392dc1d3b189cc287e2c,true,kotlin-2.4.10/jvm/Eclipse Adoptium/25.0.1/JMH 1.37/forks=1,1,3,200000000,clear-left-padding-v1+3x31+uniform,physical=4x4+leftLayout=depth-rows-v1+rightLayout=depth-columns-v1+leftGroup=4+rightGroup=4+leftStride=4+rightStride=4+padding=zero+alignment=8+block=3x31x31+panel=31+diagonal=0+rhs=0+batch=1+variant=current-tile-v1,panelDoubles=124,jvm-c/portable-layout-v1/4x4,jmh-average-time-v1,200000000,1,1,score-times-operations
4,clear-left-padding+3x31+uniform+physical=4x4+work=clear-left-padding-v1+leftLayout=depth-rows-v1+rightLayout=depth-columns-v1+leftGroup=4+rightGroup=4+leftStride=4+rightStride=4+padding=zero+alignment=8+block=3x31x31+panel=31+diagonal=0+rhs=0+batch=1+variant=current-tile-v1+timing=layout-only,jvm-c/c/c-sparse/packed-4x4,5,2,1,4,2643131,200176194,75.73449594439322,ns,ok,unsupported,layout-only,a038f25ac66821574b30392dc1d3b189cc287e2c,true,kotlin-2.4.10/jvm/Eclipse Adoptium/25.0.1/JMH 1.37/forks=1,1,3,200000000,clear-left-padding-v1+3x31+uniform,physical=4x4+leftLayout=depth-rows-v1+rightLayout=depth-columns-v1+leftGroup=4+rightGroup=4+leftStride=4+rightStride=4+padding=zero+alignment=8+block=3x31x31+panel=31+diagonal=0+rhs=0+batch=1+variant=current-tile-v1,panelDoubles=124,jvm-c/portable-layout-v1/4x4,jmh-average-time-v1,200000000,1,1,score-times-operations
4,clear-left-padding+3x31+uniform+physical=4x4+work=clear-left-padding-v1+leftLayout=depth-rows-v1+rightLayout=depth-columns-v1+leftGroup=4+rightGroup=4+leftStride=4+rightStride=4+padding=zero+alignment=8+block=3x31x31+panel=31+diagonal=0+rhs=0+batch=1+variant=current-tile-v1+timing=layout-only,jvm-c/c/c-sparse/packed-4x4,5,2,1,5,2654947,200204538,75.40811097170678,ns,ok,unsupported,layout-only,a038f25ac66821574b30392dc1d3b189cc287e2c,true,kotlin-2.4.10/jvm/Eclipse Adoptium/25.0.1/JMH 1.37/forks=1,1,3,200000000,clear-left-padding-v1+3x31+uniform,physical=4x4+leftLayout=depth-rows-v1+rightLayout=depth-columns-v1+leftGroup=4+rightGroup=4+leftStride=4+rightStride=4+padding=zero+alignment=8+block=3x31x31+panel=31+diagonal=0+rhs=0+batch=1+variant=current-tile-v1,panelDoubles=124,jvm-c/portable-layout-v1/4x4,jmh-average-time-v1,200000000,1,1,score-times-operations
4,clear-left-padding+4x32+uniform+physical=4x4+work=clear-left-padding-v1+leftLayout=depth-rows-v1+rightLayout=depth-columns-v1+leftGroup=4+rightGroup=4+leftStride=4+rightStride=4+padding=zero+alignment=8+block=4x32x32+panel=32+diagonal=0+rhs=0+batch=1+variant=current-tile-v1+timing=layout-only,jvm-c/c/c-sparse/packed-4x4,5,2,1,1,27325829,200166028,7.325158479180997,ns,ok,unsupported,layout-only,a038f25ac66821574b30392dc1d3b189cc287e2c,true,kotlin-2.4.10/jvm/Eclipse Adoptium/25.0.1/JMH 1.37/forks=1,1,3,200000000,clear-left-padding-v1+4x32+uniform,physical=4x4+leftLayout=depth-rows-v1+rightLayout=depth-columns-v1+leftGroup=4+rightGroup=4+leftStride=4+rightStride=4+padding=zero+alignment=8+block=4x32x32+panel=32+diagonal=0+rhs=0+batch=1+variant=current-tile-v1,panelDoubles=128,jvm-c/portable-layout-v1/4x4,jmh-average-time-v1,200000000,1,1,score-times-operations
4,clear-left-padding+4x32+uniform+physical=4x4+work=clear-left-padding-v1+leftLayout=depth-rows-v1+rightLayout=depth-columns-v1+leftGroup=4+rightGroup=4+leftStride=4+rightStride=4+padding=zero+alignment=8+block=4x32x32+panel=32+diagonal=0+rhs=0+batch=1+variant=current-tile-v1+timing=layout-only,jvm-c/c/c-sparse/packed-4x4,5,2,1,2,27420702,200172714,7.3000579635050915,ns,ok,unsupported,layout-only,a038f25ac66821574b30392dc1d3b189cc287e2c,true,kotlin-2.4.10/jvm/Eclipse Adoptium/25.0.1/JMH 1.37/forks=1,1,3,200000000,clear-left-padding-v1+4x32+uniform,physical=4x4+leftLayout=depth-rows-v1+rightLayout=depth-columns-v1+leftGroup=4+rightGroup=4+leftStride=4+rightStride=4+padding=zero+alignment=8+block=4x32x32+panel=32+diagonal=0+rhs=0+batch=1+variant=current-tile-v1,panelDoubles=128,jvm-c/portable-layout-v1/4x4,jmh-average-time-v1,200000000,1,1,score-times-operations
4,clear-left-padding+4x32+uniform+physical=4x4+work=clear-left-padding-v1+leftLayout=depth-rows-v1+rightLayout=depth-columns-v1+leftGroup=4+rightGroup=4+leftStride=4+rightStride=4+padding=zero+alignment=8+block=4x32x32+panel=32+diagonal=0+rhs=0+batch=1+variant=current-tile-v1+timing=layout-only,jvm-c/c/c-sparse/packed-4x4,5,2,1,3,27450544,200159008,7.2916226359667045,ns,ok,unsupported,layout-only,a038f25ac66821574b30392dc1d3b189cc287e2c,true,kotlin-2.4.10/jvm/Eclipse Adoptium/25.0.1/JMH 1.37/forks=1,1,3,200000000,clear-left-padding-v1+4x32+uniform,physical=4x4+leftLayout=depth-rows-v1+rightLayout=depth-columns-v1+leftGroup=4+rightGroup=4+leftStride=4+rightStride=4+padding=zero+alignment=8+block=4x32x32+panel=32+diagonal=0+rhs=0+batch=1+variant=current-tile-v1,panelDoubles=128,jvm-c/portable-layout-v1/4x4,jmh-average-time-v1,200000000,1,1,score-times-operations
4,clear-left-padding+4x32+uniform+physical=4x4+work=clear-left-padding-v1+leftLayout=depth-rows-v1+rightLayout=depth-columns-v1+leftGroup=4+rightGroup=4+leftStride=4+rightStride=4+padding=zero+alignment=8+block=4x32x32+panel=32+diagonal=0+rhs=0+batch=1+variant=current-tile-v1+timing=layout-only,jvm-c/c/c-sparse/packed-4x4,5,2,1,4,27514831,200224268,7.2769579431543665,ns,ok,unsupported,layout-only,a038f25ac66821574b30392dc1d3b189cc287e2c,true,kotlin-2.4.10/jvm/Eclipse Adoptium/25.0.1/JMH 1.37/forks=1,1,3,200000000,clear-left-padding-v1+4x32+uniform,physical=4x4+leftLayout=depth-rows-v1+rightLayout=depth-columns-v1+leftGroup=4+rightGroup=4+leftStride=4+rightStride=4+padding=zero+alignment=8+block=4x32x32+panel=32+diagonal=0+rhs=0+batch=1+variant=current-tile-v1,panelDoubles=128,jvm-c/portable-layout-v1/4x4,jmh-average-time-v1,200000000,1,1,score-times-operations
4,clear-left-padding+4x32+uniform+physical=4x4+work=clear-left-padding-v1+leftLayout=depth-rows-v1+rightLayout=depth-columns-v1+leftGroup=4+rightGroup=4+leftStride=4+rightStride=4+padding=zero+alignment=8+block=4x32x32+panel=32+diagonal=0+rhs=0+batch=1+variant=current-tile-v1+timing=layout-only,jvm-c/c/c-sparse/packed-4x4,5,2,1,5,27457065,200193881,7.291160981699974,ns,ok,unsupported,layout-only,a038f25ac66821574b30392dc1d3b189cc287e2c,true,kotlin-2.4.10/jvm/Eclipse Adoptium/25.0.1/JMH 1.37/forks=1,1,3,200000000,clear-left-padding-v1+4x32+uniform,physical=4x4+leftLayout=depth-rows-v1+rightLayout=depth-columns-v1+leftGroup=4+rightGroup=4+leftStride=4+rightStride=4+padding=zero+alignment=8+block=4x32x32+panel=32+diagonal=0+rhs=0+batch=1+variant=current-tile-v1,panelDoubles=128,jvm-c/portable-layout-v1/4x4,jmh-average-time-v1,200000000,1,1,score-times-operations
4,clear-right-padding+31x2+uniform+physical=4x4+work=clear-right-padding-v1+leftLayout=depth-rows-v1+rightLayout=depth-columns-v1+leftGroup=4+rightGroup=4+leftStride=4+rightStride=4+padding=zero+alignment=8+block=31x2x31+panel=31+diagonal=0+rhs=0+batch=1+variant=current-tile-v1+timing=layout-only,jvm-c/c/c-sparse/packed-4x4,5,2,1,1,2521909,200197053,79.38313912199052,ns,ok,unsupported,layout-only,a038f25ac66821574b30392dc1d3b189cc287e2c,true,kotlin-2.4.10/jvm/Eclipse Adoptium/25.0.1/JMH 1.37/forks=1,1,3,200000000,clear-right-padding-v1+31x2+uniform,physical=4x4+leftLayout=depth-rows-v1+rightLayout=depth-columns-v1+leftGroup=4+rightGroup=4+leftStride=4+rightStride=4+padding=zero+alignment=8+block=31x2x31+panel=31+diagonal=0+rhs=0+batch=1+variant=current-tile-v1,panelDoubles=124,jvm-c/portable-layout-v1/4x4,jmh-average-time-v1,200000000,1,1,score-times-operations
4,clear-right-padding+31x2+uniform+physical=4x4+work=clear-right-padding-v1+leftLayout=depth-rows-v1+rightLayout=depth-columns-v1+leftGroup=4+rightGroup=4+leftStride=4+rightStride=4+padding=zero+alignment=8+block=31x2x31+panel=31+diagonal=0+rhs=0+batch=1+variant=current-tile-v1+timing=layout-only,jvm-c/c/c-sparse/packed-4x4,5,2,1,2,2436951,200193795,82.14929024014025,ns,ok,unsupported,layout-only,a038f25ac66821574b30392dc1d3b189cc287e2c,true,kotlin-2.4.10/jvm/Eclipse Adoptium/25.0.1/JMH 1.37/forks=1,1,3,200000000,clear-right-padding-v1+31x2+uniform,physical=4x4+leftLayout=depth-rows-v1+rightLayout=depth-columns-v1+leftGroup=4+rightGroup=4+leftStride=4+rightStride=4+padding=zero+alignment=8+block=31x2x31+panel=31+diagonal=0+rhs=0+batch=1+variant=current-tile-v1,panelDoubles=124,jvm-c/portable-layout-v1/4x4,jmh-average-time-v1,200000000,1,1,score-times-operations
4,clear-right-padding+31x2+uniform+physical=4x4+work=clear-right-padding-v1+leftLayout=depth-rows-v1+rightLayout=depth-columns-v1+leftGroup=4+rightGroup=4+leftStride=4+rightStride=4+padding=zero+alignment=8+block=31x2x31+panel=31+diagonal=0+rhs=0+batch=1+variant=current-tile-v1+timing=layout-only,jvm-c/c/c-sparse/packed-4x4,5,2,1,3,2790859,200257757,71.75488156155507,ns,ok,unsupported,layout-only,a038f25ac66821574b30392dc1d3b189cc287e2c,true,kotlin-2.4.10/jvm/Eclipse Adoptium/25.0.1/JMH 1.37/forks=1,1,3,200000000,clear-right-padding-v1+31x2+uniform,physical=4x4+leftLayout=depth-rows-v1+rightLayout=depth-columns-v1+leftGroup=4+rightGroup=4+leftStride=4+rightStride=4+padding=zero+alignment=8+block=31x2x31+panel=31+diagonal=0+rhs=0+batch=1+variant=current-tile-v1,panelDoubles=124,jvm-c/portable-layout-v1/4x4,jmh-average-time-v1,200000000,1,1,score-times-operations
4,clear-right-padding+31x2+uniform+physical=4x4+work=clear-right-padding-v1+leftLayout=depth-rows-v1+rightLayout=depth-columns-v1+leftGroup=4+rightGroup=4+leftStride=4+rightStride=4+padding=zero+alignment=8+block=31x2x31+panel=31+diagonal=0+rhs=0+batch=1+variant=current-tile-v1+timing=layout-only,jvm-c/c/c-sparse/packed-4x4,5,2,1,4,2556823,200132344,78.27383592841585,ns,ok,unsupported,layout-only,a038f25ac66821574b30392dc1d3b189cc287e2c,true,kotlin-2.4.10/jvm/Eclipse Adoptium/25.0.1/JMH 1.37/forks=1,1,3,200000000,clear-right-padding-v1+31x2+uniform,physical=4x4+leftLayout=depth-rows-v1+rightLayout=depth-columns-v1+leftGroup=4+rightGroup=4+leftStride=4+rightStride=4+padding=zero+alignment=8+block=31x2x31+panel=31+diagonal=0+rhs=0+batch=1+variant=current-tile-v1,panelDoubles=124,jvm-c/portable-layout-v1/4x4,jmh-average-time-v1,200000000,1,1,score-times-operations
4,clear-right-padding+31x2+uniform+physical=4x4+work=clear-right-padding-v1+leftLayout=depth-rows-v1+rightLayout=depth-columns-v1+leftGroup=4+rightGroup=4+leftStride=4+rightStride=4+padding=zero+alignment=8+block=31x2x31+panel=31+diagonal=0+rhs=0+batch=1+variant=current-tile-v1+timing=layout-only,jvm-c/c/c-sparse/packed-4x4,5,2,1,5,2538729,200157261,78.8415230613429,ns,ok,unsupported,layout-only,a038f25ac66821574b30392dc1d3b189cc287e2c,true,kotlin-2.4.10/jvm/Eclipse Adoptium/25.0.1/JMH 1.37/forks=1,1,3,200000000,clear-right-padding-v1+31x2+uniform,physical=4x4+leftLayout=depth-rows-v1+rightLayout=depth-columns-v1+leftGroup=4+rightGroup=4+leftStride=4+rightStride=4+padding=zero+alignment=8+block=31x2x31+panel=31+diagonal=0+rhs=0+batch=1+variant=current-tile-v1,panelDoubles=124,jvm-c/portable-layout-v1/4x4,jmh-average-time-v1,200000000,1,1,score-times-operations
4,clear-right-padding+32x4+uniform+physical=4x4+work=clear-right-padding-v1+leftLayout=depth-rows-v1+rightLayout=depth-columns-v1+leftGroup=4+rightGroup=4+leftStride=4+rightStride=4+padding=zero+alignment=8+block=32x4x32+panel=32+diagonal=0+rhs=0+batch=1+variant=current-tile-v1+timing=layout-only,jvm-c/c/c-sparse/packed-4x4,5,2,1,1,26016248,200247140,7.697003042098922,ns,ok,unsupported,layout-only,a038f25ac66821574b30392dc1d3b189cc287e2c,true,kotlin-2.4.10/jvm/Eclipse Adoptium/25.0.1/JMH 1.37/forks=1,1,3,200000000,clear-right-padding-v1+32x4+uniform,physical=4x4+leftLayout=depth-rows-v1+rightLayout=depth-columns-v1+leftGroup=4+rightGroup=4+leftStride=4+rightStride=4+padding=zero+alignment=8+block=32x4x32+panel=32+diagonal=0+rhs=0+batch=1+variant=current-tile-v1,panelDoubles=128,jvm-c/portable-layout-v1/4x4,jmh-average-time-v1,200000000,1,1,score-times-operations
4,clear-right-padding+32x4+uniform+physical=4x4+work=clear-right-padding-v1+leftLayout=depth-rows-v1+rightLayout=depth-columns-v1+leftGroup=4+rightGroup=4+leftStride=4+rightStride=4+padding=zero+alignment=8+block=32x4x32+panel=32+diagonal=0+rhs=0+batch=1+variant=current-tile-v1+timing=layout-only,jvm-c/c/c-sparse/packed-4x4,5,2,1,2,25902868,200211593,7.729321440390307,ns,ok,unsupported,layout-only,a038f25ac66821574b30392dc1d3b189cc287e2c,true,kotlin-2.4.10/jvm/Eclipse Adoptium/25.0.1/JMH 1.37/forks=1,1,3,200000000,clear-right-padding-v1+32x4+uniform,physical=4x4+leftLayout=depth-rows-v1+rightLayout=depth-columns-v1+leftGroup=4+rightGroup=4+leftStride=4+rightStride=4+padding=zero+alignment=8+block=32x4x32+panel=32+diagonal=0+rhs=0+batch=1+variant=current-tile-v1,panelDoubles=128,jvm-c/portable-layout-v1/4x4,jmh-average-time-v1,200000000,1,1,score-times-operations
4,clear-right-padding+32x4+uniform+physical=4x4+work=clear-right-padding-v1+leftLayout=depth-rows-v1+rightLayout=depth-columns-v1+leftGroup=4+rightGroup=4+leftStride=4+rightStride=4+padding=zero+alignment=8+block=32x4x32+panel=32+diagonal=0+rhs=0+batch=1+variant=current-tile-v1+timing=layout-only,jvm-c/c/c-sparse/packed-4x4,5,2,1,3,28631720,200221383,6.992991793716898,ns,ok,unsupported,layout-only,a038f25ac66821574b30392dc1d3b189cc287e2c,true,kotlin-2.4.10/jvm/Eclipse Adoptium/25.0.1/JMH 1.37/forks=1,1,3,200000000,clear-right-padding-v1+32x4+uniform,physical=4x4+leftLayout=depth-rows-v1+rightLayout=depth-columns-v1+leftGroup=4+rightGroup=4+leftStride=4+rightStride=4+padding=zero+alignment=8+block=32x4x32+panel=32+diagonal=0+rhs=0+batch=1+variant=current-tile-v1,panelDoubles=128,jvm-c/portable-layout-v1/4x4,jmh-average-time-v1,200000000,1,1,score-times-operations
4,clear-right-padding+32x4+uniform+physical=4x4+work=clear-right-padding-v1+leftLayout=depth-rows-v1+rightLayout=depth-columns-v1+leftGroup=4+rightGroup=4+leftStride=4+rightStride=4+padding=zero+alignment=8+block=32x4x32+panel=32+diagonal=0+rhs=0+batch=1+variant=current-tile-v1+timing=layout-only,jvm-c/c/c-sparse/packed-4x4,5,2,1,4,28230105,200186858,7.0912544604421415,ns,ok,unsupported,layout-only,a038f25ac66821574b30392dc1d3b189cc287e2c,true,kotlin-2.4.10/jvm/Eclipse Adoptium/25.0.1/JMH 1.37/forks=1,1,3,200000000,clear-right-padding-v1+32x4+uniform,physical=4x4+leftLayout=depth-rows-v1+rightLayout=depth-columns-v1+leftGroup=4+rightGroup=4+leftStride=4+rightStride=4+padding=zero+alignment=8+block=32x4x32+panel=32+diagonal=0+rhs=0+batch=1+variant=current-tile-v1,panelDoubles=128,jvm-c/portable-layout-v1/4x4,jmh-average-time-v1,200000000,1,1,score-times-operations
4,clear-right-padding+32x4+uniform+physical=4x4+work=clear-right-padding-v1+leftLayout=depth-rows-v1+rightLayout=depth-columns-v1+leftGroup=4+rightGroup=4+leftStride=4+rightStride=4+padding=zero+alignment=8+block=32x4x32+panel=32+diagonal=0+rhs=0+batch=1+variant=current-tile-v1+timing=layout-only,jvm-c/c/c-sparse/packed-4x4,5,2,1,5,28374948,200310862,7.059426575865443,ns,ok,unsupported,layout-only,a038f25ac66821574b30392dc1d3b189cc287e2c,true,kotlin-2.4.10/jvm/Eclipse Adoptium/25.0.1/JMH 1.37/forks=1,1,3,200000000,clear-right-padding-v1+32x4+uniform,physical=4x4+leftLayout=depth-rows-v1+rightLayout=depth-columns-v1+leftGroup=4+rightGroup=4+leftStride=4+rightStride=4+padding=zero+alignment=8+block=32x4x32+panel=32+diagonal=0+rhs=0+batch=1+variant=current-tile-v1,panelDoubles=128,jvm-c/portable-layout-v1/4x4,jmh-average-time-v1,200000000,1,1,score-times-operations
4,pack-left+7x31+uniform+physical=8x4+work=pack-left-v1+leftLayout=depth-rows-v1+rightLayout=depth-columns-v1+leftGroup=8+rightGroup=4+leftStride=8+rightStride=4+padding=zero+alignment=8+block=7x31x31+panel=31+diagonal=0+rhs=0+batch=1+variant=current-tile-v1+timing=packing-only,jvm-c/c/c-sparse/packed-4x4,5,2,1,0,0,0,,ns,unsupported,unsupported,arithmetic,a038f25ac66821574b30392dc1d3b189cc287e2c,true,kotlin-2.4.10/jvm/Eclipse Adoptium/25.0.1,1,3,200000000,pack-left-v1+7x31+uniform,physical=8x4+leftLayout=depth-rows-v1+rightLayout=depth-columns-v1+leftGroup=8+rightGroup=4+leftStride=8+rightStride=4+padding=zero+alignment=8+block=7x31x31+panel=31+diagonal=0+rhs=0+batch=1+variant=current-tile-v1,panelDoubles=248,unavailable,jmh-average-time-v1,200000000,0,1,score-times-operations
4,pack-left+8x32+uniform+physical=8x4+work=pack-left-v1+leftLayout=depth-rows-v1+rightLayout=depth-columns-v1+leftGroup=8+rightGroup=4+leftStride=8+rightStride=4+padding=zero+alignment=8+block=8x32x32+panel=32+diagonal=0+rhs=0+batch=1+variant=current-tile-v1+timing=packing-only,jvm-c/c/c-sparse/packed-4x4,5,2,1,0,0,0,,ns,unsupported,unsupported,arithmetic,a038f25ac66821574b30392dc1d3b189cc287e2c,true,kotlin-2.4.10/jvm/Eclipse Adoptium/25.0.1,1,3,200000000,pack-left-v1+8x32+uniform,physical=8x4+leftLayout=depth-rows-v1+rightLayout=depth-columns-v1+leftGroup=8+rightGroup=4+leftStride=8+rightStride=4+padding=zero+alignment=8+block=8x32x32+panel=32+diagonal=0+rhs=0+batch=1+variant=current-tile-v1,panelDoubles=256,unavailable,jmh-average-time-v1,200000000,0,1,score-times-operations
4,pack-right+31x2+uniform+physical=8x4+work=pack-right-v1+leftLayout=depth-rows-v1+rightLayout=depth-columns-v1+leftGroup=8+rightGroup=4+leftStride=8+rightStride=4+padding=zero+alignment=8+block=31x2x31+panel=31+diagonal=0+rhs=0+batch=1+variant=current-tile-v1+timing=packing-only,jvm-c/c/c-sparse/packed-4x4,5,2,1,0,0,0,,ns,unsupported,unsupported,arithmetic,a038f25ac66821574b30392dc1d3b189cc287e2c,true,kotlin-2.4.10/jvm/Eclipse Adoptium/25.0.1,1,3,200000000,pack-right-v1+31x2+uniform,physical=8x4+leftLayout=depth-rows-v1+rightLayout=depth-columns-v1+leftGroup=8+rightGroup=4+leftStride=8+rightStride=4+padding=zero+alignment=8+block=31x2x31+panel=31+diagonal=0+rhs=0+batch=1+variant=current-tile-v1,panelDoubles=124,unavailable,jmh-average-time-v1,200000000,0,1,score-times-operations
4,pack-right+32x4+uniform+physical=8x4+work=pack-right-v1+leftLayout=depth-rows-v1+rightLayout=depth-columns-v1+leftGroup=8+rightGroup=4+leftStride=8+rightStride=4+padding=zero+alignment=8+block=32x4x32+panel=32+diagonal=0+rhs=0+batch=1+variant=current-tile-v1+timing=packing-only,jvm-c/c/c-sparse/packed-4x4,5,2,1,0,0,0,,ns,unsupported,unsupported,arithmetic,a038f25ac66821574b30392dc1d3b189cc287e2c,true,kotlin-2.4.10/jvm/Eclipse Adoptium/25.0.1,1,3,200000000,pack-right-v1+32x4+uniform,physical=8x4+leftLayout=depth-rows-v1+rightLayout=depth-columns-v1+leftGroup=8+rightGroup=4+leftStride=8+rightStride=4+padding=zero+alignment=8+block=32x4x32+panel=32+diagonal=0+rhs=0+batch=1+variant=current-tile-v1,panelDoubles=128,unavailable,jmh-average-time-v1,200000000,0,1,score-times-operations
4,pack-symmetric-left+8x8+uniform+physical=8x4+uplo=L+work=pack-symmetric-left-v1+leftLayout=depth-rows-v1+rightLayout=depth-columns-v1+leftGroup=8+rightGroup=4+leftStride=8+rightStride=4+padding=zero+alignment=8+block=8x8x8+panel=8+diagonal=0+rhs=0+batch=1+variant=current-tile-v1+timing=packing-only,jvm-c/c/c-sparse/packed-4x4,5,2,1,0,0,0,,ns,unsupported,unsupported,arithmetic,a038f25ac66821574b30392dc1d3b189cc287e2c,true,kotlin-2.4.10/jvm/Eclipse Adoptium/25.0.1,1,3,200000000,pack-symmetric-left-v1+8x8+uniform+uplo=L,physical=8x4+leftLayout=depth-rows-v1+rightLayout=depth-columns-v1+leftGroup=8+rightGroup=4+leftStride=8+rightStride=4+padding=zero+alignment=8+block=8x8x8+panel=8+diagonal=0+rhs=0+batch=1+variant=current-tile-v1,panelDoubles=64,unavailable,jmh-average-time-v1,200000000,0,1,score-times-operations
4,pack-symmetric-right+4x4+uniform+physical=8x4+uplo=U+work=pack-symmetric-right-v1+leftLayout=depth-rows-v1+rightLayout=depth-columns-v1+leftGroup=8+rightGroup=4+leftStride=8+rightStride=4+padding=zero+alignment=8+block=4x4x4+panel=4+diagonal=0+rhs=0+batch=1+variant=current-tile-v1+timing=packing-only,jvm-c/c/c-sparse/packed-4x4,5,2,1,0,0,0,,ns,unsupported,unsupported,arithmetic,a038f25ac66821574b30392dc1d3b189cc287e2c,true,kotlin-2.4.10/jvm/Eclipse Adoptium/25.0.1,1,3,200000000,pack-symmetric-right-v1+4x4+uniform+uplo=U,physical=8x4+leftLayout=depth-rows-v1+rightLayout=depth-columns-v1+leftGroup=8+rightGroup=4+leftStride=8+rightStride=4+padding=zero+alignment=8+block=4x4x4+panel=4+diagonal=0+rhs=0+batch=1+variant=current-tile-v1,panelDoubles=16,unavailable,jmh-average-time-v1,200000000,0,1,score-times-operations
4,pack-triangular-left+8x8+triangular+physical=8x4+uplo=L+diag=N+work=pack-triangular-left-v1+leftLayout=depth-rows-v1+rightLayout=depth-columns-v1+leftGroup=8+rightGroup=4+leftStride=8+rightStride=4+padding=zero+alignment=8+block=8x8x8+panel=8+diagonal=0+rhs=0+batch=1+variant=current-tile-v1+timing=packing-only,jvm-c/c/c-sparse/packed-4x4,5,2,1,0,0,0,,ns,unsupported,unsupported,arithmetic,a038f25ac66821574b30392dc1d3b189cc287e2c,true,kotlin-2.4.10/jvm/Eclipse Adoptium/25.0.1,1,3,200000000,pack-triangular-left-v1+8x8+triangular+uplo=L+diag=N,physical=8x4+leftLayout=depth-rows-v1+rightLayout=depth-columns-v1+leftGroup=8+rightGroup=4+leftStride=8+rightStride=4+padding=zero+alignment=8+block=8x8x8+panel=8+diagonal=0+rhs=0+batch=1+variant=current-tile-v1,panelDoubles=64,unavailable,jmh-average-time-v1,200000000,0,1,score-times-operations
4,pack-triangular-right+4x4+triangular+physical=8x4+uplo=U+diag=U+work=pack-triangular-right-v1+leftLayout=depth-rows-v1+rightLayout=depth-columns-v1+leftGroup=8+rightGroup=4+leftStride=8+rightStride=4+padding=zero+alignment=8+block=4x4x4+panel=4+diagonal=0+rhs=0+batch=1+variant=current-tile-v1+timing=packing-only,jvm-c/c/c-sparse/packed-4x4,5,2,1,0,0,0,,ns,unsupported,unsupported,arithmetic,a038f25ac66821574b30392dc1d3b189cc287e2c,true,kotlin-2.4.10/jvm/Eclipse Adoptium/25.0.1,1,3,200000000,pack-triangular-right-v1+4x4+triangular+uplo=U+diag=U,physical=8x4+leftLayout=depth-rows-v1+rightLayout=depth-columns-v1+leftGroup=8+rightGroup=4+leftStride=8+rightStride=4+padding=zero+alignment=8+block=4x4x4+panel=4+diagonal=0+rhs=0+batch=1+variant=current-tile-v1,panelDoubles=16,unavailable,jmh-average-time-v1,200000000,0,1,score-times-operations
4,write-left+7x31+uniform+physical=8x4+work=write-left-v1+leftLayout=depth-rows-v1+rightLayout=depth-columns-v1+leftGroup=8+rightGroup=4+leftStride=8+rightStride=4+padding=zero+alignment=8+block=7x31x31+panel=31+diagonal=0+rhs=0+batch=1+variant=current-tile-v1+timing=layout-only,jvm-c/c/c-sparse/packed-4x4,5,2,1,0,0,0,,ns,unsupported,unsupported,arithmetic,a038f25ac66821574b30392dc1d3b189cc287e2c,true,kotlin-2.4.10/jvm/Eclipse Adoptium/25.0.1,1,3,200000000,write-left-v1+7x31+uniform,physical=8x4+leftLayout=depth-rows-v1+rightLayout=depth-columns-v1+leftGroup=8+rightGroup=4+leftStride=8+rightStride=4+padding=zero+alignment=8+block=7x31x31+panel=31+diagonal=0+rhs=0+batch=1+variant=current-tile-v1,panelDoubles=248,unavailable,jmh-average-time-v1,200000000,0,1,score-times-operations
4,write-left+8x32+uniform+physical=8x4+work=write-left-v1+leftLayout=depth-rows-v1+rightLayout=depth-columns-v1+leftGroup=8+rightGroup=4+leftStride=8+rightStride=4+padding=zero+alignment=8+block=8x32x32+panel=32+diagonal=0+rhs=0+batch=1+variant=current-tile-v1+timing=layout-only,jvm-c/c/c-sparse/packed-4x4,5,2,1,0,0,0,,ns,unsupported,unsupported,arithmetic,a038f25ac66821574b30392dc1d3b189cc287e2c,true,kotlin-2.4.10/jvm/Eclipse Adoptium/25.0.1,1,3,200000000,write-left-v1+8x32+uniform,physical=8x4+leftLayout=depth-rows-v1+rightLayout=depth-columns-v1+leftGroup=8+rightGroup=4+leftStride=8+rightStride=4+padding=zero+alignment=8+block=8x32x32+panel=32+diagonal=0+rhs=0+batch=1+variant=current-tile-v1,panelDoubles=256,unavailable,jmh-average-time-v1,200000000,0,1,score-times-operations
4,write-right+31x2+uniform+physical=8x4+work=write-right-v1+leftLayout=depth-rows-v1+rightLayout=depth-columns-v1+leftGroup=8+rightGroup=4+leftStride=8+rightStride=4+padding=zero+alignment=8+block=31x2x31+panel=31+diagonal=0+rhs=0+batch=1+variant=current-tile-v1+timing=layout-only,jvm-c/c/c-sparse/packed-4x4,5,2,1,0,0,0,,ns,unsupported,unsupported,arithmetic,a038f25ac66821574b30392dc1d3b189cc287e2c,true,kotlin-2.4.10/jvm/Eclipse Adoptium/25.0.1,1,3,200000000,write-right-v1+31x2+uniform,physical=8x4+leftLayout=depth-rows-v1+rightLayout=depth-columns-v1+leftGroup=8+rightGroup=4+leftStride=8+rightStride=4+padding=zero+alignment=8+block=31x2x31+panel=31+diagonal=0+rhs=0+batch=1+variant=current-tile-v1,panelDoubles=124,unavailable,jmh-average-time-v1,200000000,0,1,score-times-operations
4,write-right+32x4+uniform+physical=8x4+work=write-right-v1+leftLayout=depth-rows-v1+rightLayout=depth-columns-v1+leftGroup=8+rightGroup=4+leftStride=8+rightStride=4+padding=zero+alignment=8+block=32x4x32+panel=32+diagonal=0+rhs=0+batch=1+variant=current-tile-v1+timing=layout-only,jvm-c/c/c-sparse/packed-4x4,5,2,1,0,0,0,,ns,unsupported,unsupported,arithmetic,a038f25ac66821574b30392dc1d3b189cc287e2c,true,kotlin-2.4.10/jvm/Eclipse Adoptium/25.0.1,1,3,200000000,write-right-v1+32x4+uniform,physical=8x4+leftLayout=depth-rows-v1+rightLayout=depth-columns-v1+leftGroup=8+rightGroup=4+leftStride=8+rightStride=4+padding=zero+alignment=8+block=32x4x32+panel=32+diagonal=0+rhs=0+batch=1+variant=current-tile-v1,panelDoubles=128,unavailable,jmh-average-time-v1,200000000,0,1,score-times-operations
4,clear-left-padding+7x31+uniform+physical=8x4+work=clear-left-padding-v1+leftLayout=depth-rows-v1+rightLayout=depth-columns-v1+leftGroup=8+rightGroup=4+leftStride=8+rightStride=4+padding=zero+alignment=8+block=7x31x31+panel=31+diagonal=0+rhs=0+batch=1+variant=current-tile-v1+timing=layout-only,jvm-c/c/c-sparse/packed-4x4,5,2,1,0,0,0,,ns,unsupported,unsupported,arithmetic,a038f25ac66821574b30392dc1d3b189cc287e2c,true,kotlin-2.4.10/jvm/Eclipse Adoptium/25.0.1,1,3,200000000,clear-left-padding-v1+7x31+uniform,physical=8x4+leftLayout=depth-rows-v1+rightLayout=depth-columns-v1+leftGroup=8+rightGroup=4+leftStride=8+rightStride=4+padding=zero+alignment=8+block=7x31x31+panel=31+diagonal=0+rhs=0+batch=1+variant=current-tile-v1,panelDoubles=248,unavailable,jmh-average-time-v1,200000000,0,1,score-times-operations
4,clear-left-padding+8x32+uniform+physical=8x4+work=clear-left-padding-v1+leftLayout=depth-rows-v1+rightLayout=depth-columns-v1+leftGroup=8+rightGroup=4+leftStride=8+rightStride=4+padding=zero+alignment=8+block=8x32x32+panel=32+diagonal=0+rhs=0+batch=1+variant=current-tile-v1+timing=layout-only,jvm-c/c/c-sparse/packed-4x4,5,2,1,0,0,0,,ns,unsupported,unsupported,arithmetic,a038f25ac66821574b30392dc1d3b189cc287e2c,true,kotlin-2.4.10/jvm/Eclipse Adoptium/25.0.1,1,3,200000000,clear-left-padding-v1+8x32+uniform,physical=8x4+leftLayout=depth-rows-v1+rightLayout=depth-columns-v1+leftGroup=8+rightGroup=4+leftStride=8+rightStride=4+padding=zero+alignment=8+block=8x32x32+panel=32+diagonal=0+rhs=0+batch=1+variant=current-tile-v1,panelDoubles=256,unavailable,jmh-average-time-v1,200000000,0,1,score-times-operations
4,clear-right-padding+31x2+uniform+physical=8x4+work=clear-right-padding-v1+leftLayout=depth-rows-v1+rightLayout=depth-columns-v1+leftGroup=8+rightGroup=4+leftStride=8+rightStride=4+padding=zero+alignment=8+block=31x2x31+panel=31+diagonal=0+rhs=0+batch=1+variant=current-tile-v1+timing=layout-only,jvm-c/c/c-sparse/packed-4x4,5,2,1,0,0,0,,ns,unsupported,unsupported,arithmetic,a038f25ac66821574b30392dc1d3b189cc287e2c,true,kotlin-2.4.10/jvm/Eclipse Adoptium/25.0.1,1,3,200000000,clear-right-padding-v1+31x2+uniform,physical=8x4+leftLayout=depth-rows-v1+rightLayout=depth-columns-v1+leftGroup=8+rightGroup=4+leftStride=8+rightStride=4+padding=zero+alignment=8+block=31x2x31+panel=31+diagonal=0+rhs=0+batch=1+variant=current-tile-v1,panelDoubles=124,unavailable,jmh-average-time-v1,200000000,0,1,score-times-operations
4,clear-right-padding+32x4+uniform+physical=8x4+work=clear-right-padding-v1+leftLayout=depth-rows-v1+rightLayout=depth-columns-v1+leftGroup=8+rightGroup=4+leftStride=8+rightStride=4+padding=zero+alignment=8+block=32x4x32+panel=32+diagonal=0+rhs=0+batch=1+variant=current-tile-v1+timing=layout-only,jvm-c/c/c-sparse/packed-4x4,5,2,1,0,0,0,,ns,unsupported,unsupported,arithmetic,a038f25ac66821574b30392dc1d3b189cc287e2c,true,kotlin-2.4.10/jvm/Eclipse Adoptium/25.0.1,1,3,200000000,clear-right-padding-v1+32x4+uniform,physical=8x4+leftLayout=depth-rows-v1+rightLayout=depth-columns-v1+leftGroup=8+rightGroup=4+leftStride=8+rightStride=4+padding=zero+alignment=8+block=32x4x32+panel=32+diagonal=0+rhs=0+batch=1+variant=current-tile-v1,panelDoubles=128,unavailable,jmh-average-time-v1,200000000,0,1,score-times-operations
4,spdot+4096+sparse-uniform+density=0.01,jvm-c/c/c-sparse/packed-4x4,5,2,1,1,10476426,200153383,19.10512067760513,ns,ok,direct,arithmetic,a038f25ac66821574b30392dc1d3b189cc287e2c,true,kotlin-2.4.10/jvm/Eclipse Adoptium/25.0.1/JMH 1.37/forks=1,1,3,200000000,spdot-v1+4096+sparse-uniform+density=0.01,policy-v1,policy,jvm-c/policy-v1,jmh-average-time-v1,200000000,1,1,score-times-operations
4,spdot+4096+sparse-uniform+density=0.01,jvm-c/c/c-sparse/packed-4x4,5,2,1,2,9983638,200136974,20.046497479175425,ns,ok,direct,arithmetic,a038f25ac66821574b30392dc1d3b189cc287e2c,true,kotlin-2.4.10/jvm/Eclipse Adoptium/25.0.1/JMH 1.37/forks=1,1,3,200000000,spdot-v1+4096+sparse-uniform+density=0.01,policy-v1,policy,jvm-c/policy-v1,jmh-average-time-v1,200000000,1,1,score-times-operations
4,spdot+4096+sparse-uniform+density=0.01,jvm-c/c/c-sparse/packed-4x4,5,2,1,3,9085282,200127263,22.027633594642413,ns,ok,direct,arithmetic,a038f25ac66821574b30392dc1d3b189cc287e2c,true,kotlin-2.4.10/jvm/Eclipse Adoptium/25.0.1/JMH 1.37/forks=1,1,3,200000000,spdot-v1+4096+sparse-uniform+density=0.01,policy-v1,policy,jvm-c/policy-v1,jmh-average-time-v1,200000000,1,1,score-times-operations
4,spdot+4096+sparse-uniform+density=0.01,jvm-c/c/c-sparse/packed-4x4,5,2,1,4,8955105,200111578,22.34608952100506,ns,ok,direct,arithmetic,a038f25ac66821574b30392dc1d3b189cc287e2c,true,kotlin-2.4.10/jvm/Eclipse Adoptium/25.0.1/JMH 1.37/forks=1,1,3,200000000,spdot-v1+4096+sparse-uniform+density=0.01,policy-v1,policy,jvm-c/policy-v1,jmh-average-time-v1,200000000,1,1,score-times-operations
4,spdot+4096+sparse-uniform+density=0.01,jvm-c/c/c-sparse/packed-4x4,5,2,1,5,8331381,200128780,24.021081258917338,ns,ok,direct,arithmetic,a038f25ac66821574b30392dc1d3b189cc287e2c,true,kotlin-2.4.10/jvm/Eclipse Adoptium/25.0.1/JMH 1.37/forks=1,1,3,200000000,spdot-v1+4096+sparse-uniform+density=0.01,policy-v1,policy,jvm-c/policy-v1,jmh-average-time-v1,200000000,1,1,score-times-operations
4,spdot-raw+64+sparse-uniform+density=0.125,jvm-c/c/c-sparse/packed-4x4,5,2,1,1,20710745,200098366,9.66157257983718,ns,ok,unsupported,arithmetic,a038f25ac66821574b30392dc1d3b189cc287e2c,true,kotlin-2.4.10/jvm/Eclipse Adoptium/25.0.1/JMH 1.37/forks=1,1,3,200000000,spdot-raw-v1+64+sparse-uniform+density=0.125,policy-v1,policy,jvm-c/policy-v1,jmh-average-time-v1,200000000,1,1,score-times-operations
4,spdot-raw+64+sparse-uniform+density=0.125,jvm-c/c/c-sparse/packed-4x4,5,2,1,2,20561515,200098656,9.731707804604865,ns,ok,unsupported,arithmetic,a038f25ac66821574b30392dc1d3b189cc287e2c,true,kotlin-2.4.10/jvm/Eclipse Adoptium/25.0.1/JMH 1.37/forks=1,1,3,200000000,spdot-raw-v1+64+sparse-uniform+density=0.125,policy-v1,policy,jvm-c/policy-v1,jmh-average-time-v1,200000000,1,1,score-times-operations
4,spdot-raw+64+sparse-uniform+density=0.125,jvm-c/c/c-sparse/packed-4x4,5,2,1,3,20795863,200098311,9.622024871004392,ns,ok,unsupported,arithmetic,a038f25ac66821574b30392dc1d3b189cc287e2c,true,kotlin-2.4.10/jvm/Eclipse Adoptium/25.0.1/JMH 1.37/forks=1,1,3,200000000,spdot-raw-v1+64+sparse-uniform+density=0.125,policy-v1,policy,jvm-c/policy-v1,jmh-average-time-v1,200000000,1,1,score-times-operations
4,spdot-raw+64+sparse-uniform+density=0.125,jvm-c/c/c-sparse/packed-4x4,5,2,1,4,18641636,200110116,10.73457908951768,ns,ok,unsupported,arithmetic,a038f25ac66821574b30392dc1d3b189cc287e2c,true,kotlin-2.4.10/jvm/Eclipse Adoptium/25.0.1/JMH 1.37/forks=1,1,3,200000000,spdot-raw-v1+64+sparse-uniform+density=0.125,policy-v1,policy,jvm-c/policy-v1,jmh-average-time-v1,200000000,1,1,score-times-operations
4,spdot-raw+64+sparse-uniform+density=0.125,jvm-c/c/c-sparse/packed-4x4,5,2,1,5,17522068,200156243,11.42309475114467,ns,ok,unsupported,arithmetic,a038f25ac66821574b30392dc1d3b189cc287e2c,true,kotlin-2.4.10/jvm/Eclipse Adoptium/25.0.1/JMH 1.37/forks=1,1,3,200000000,spdot-raw-v1+64+sparse-uniform+density=0.125,policy-v1,policy,jvm-c/policy-v1,jmh-average-time-v1,200000000,1,1,score-times-operations
4,spdot-raw+4096+sparse-uniform+density=0.0625,jvm-c/c/c-sparse/packed-4x4,5,2,1,1,1352340,200202141,148.04127734149696,ns,ok,unsupported,arithmetic,a038f25ac66821574b30392dc1d3b189cc287e2c,true,kotlin-2.4.10/jvm/Eclipse Adoptium/25.0.1/JMH 1.37/forks=1,1,3,200000000,spdot-raw-v1+4096+sparse-uniform+density=0.0625,policy-v1,policy,jvm-c/policy-v1,jmh-average-time-v1,200000000,1,1,score-times-operations
4,spdot-raw+4096+sparse-uniform+density=0.0625,jvm-c/c/c-sparse/packed-4x4,5,2,1,2,1289668,200195525,155.2302801961435,ns,ok,unsupported,arithmetic,a038f25ac66821574b30392dc1d3b189cc287e2c,true,kotlin-2.4.10/jvm/Eclipse Adoptium/25.0.1/JMH 1.37/forks=1,1,3,200000000,spdot-raw-v1+4096+sparse-uniform+density=0.0625,policy-v1,policy,jvm-c/policy-v1,jmh-average-time-v1,200000000,1,1,score-times-operations
4,spdot-raw+4096+sparse-uniform+density=0.0625,jvm-c/c/c-sparse/packed-4x4,5,2,1,3,1422454,200225412,140.76055324108899,ns,ok,unsupported,arithmetic,a038f25ac66821574b30392dc1d3b189cc287e2c,true,kotlin-2.4.10/jvm/Eclipse Adoptium/25.0.1/JMH 1.37/forks=1,1,3,200000000,spdot-raw-v1+4096+sparse-uniform+density=0.0625,policy-v1,policy,jvm-c/policy-v1,jmh-average-time-v1,200000000,1,1,score-times-operations
4,spdot-raw+4096+sparse-uniform+density=0.0625,jvm-c/c/c-sparse/packed-4x4,5,2,1,4,1408730,200092485,142.03749831408433,ns,ok,unsupported,arithmetic,a038f25ac66821574b30392dc1d3b189cc287e2c,true,kotlin-2.4.10/jvm/Eclipse Adoptium/25.0.1/JMH 1.37/forks=1,1,3,200000000,spdot-raw-v1+4096+sparse-uniform+density=0.0625,policy-v1,policy,jvm-c/policy-v1,jmh-average-time-v1,200000000,1,1,score-times-operations
4,spdot-raw+4096+sparse-uniform+density=0.0625,jvm-c/c/c-sparse/packed-4x4,5,2,1,5,1393881,200153493,143.59439076936985,ns,ok,unsupported,arithmetic,a038f25ac66821574b30392dc1d3b189cc287e2c,true,kotlin-2.4.10/jvm/Eclipse Adoptium/25.0.1/JMH 1.37/forks=1,1,3,200000000,spdot-raw-v1+4096+sparse-uniform+density=0.0625,policy-v1,policy,jvm-c/policy-v1,jmh-average-time-v1,200000000,1,1,score-times-operations
4,spdot-raw+65536+sparse-uniform+density=0.015625,jvm-c/c/c-sparse/packed-4x4,5,2,1,1,272721,200117461,733.7809006273811,ns,ok,unsupported,arithmetic,a038f25ac66821574b30392dc1d3b189cc287e2c,true,kotlin-2.4.10/jvm/Eclipse Adoptium/25.0.1/JMH 1.37/forks=1,1,3,200000000,spdot-raw-v1+65536+sparse-uniform+density=0.015625,policy-v1,policy,jvm-c/policy-v1,jmh-average-time-v1,200000000,1,1,score-times-operations
4,spdot-raw+65536+sparse-uniform+density=0.015625,jvm-c/c/c-sparse/packed-4x4,5,2,1,2,274293,200097670,729.5033777748612,ns,ok,unsupported,arithmetic,a038f25ac66821574b30392dc1d3b189cc287e2c,true,kotlin-2.4.10/jvm/Eclipse Adoptium/25.0.1/JMH 1.37/forks=1,1,3,200000000,spdot-raw-v1+65536+sparse-uniform+density=0.015625,policy-v1,policy,jvm-c/policy-v1,jmh-average-time-v1,200000000,1,1,score-times-operations
4,spdot-raw+65536+sparse-uniform+density=0.015625,jvm-c/c/c-sparse/packed-4x4,5,2,1,3,285872,200099815,699.9629729389377,ns,ok,unsupported,arithmetic,a038f25ac66821574b30392dc1d3b189cc287e2c,true,kotlin-2.4.10/jvm/Eclipse Adoptium/25.0.1/JMH 1.37/forks=1,1,3,200000000,spdot-raw-v1+65536+sparse-uniform+density=0.015625,policy-v1,policy,jvm-c/policy-v1,jmh-average-time-v1,200000000,1,1,score-times-operations
4,spdot-raw+65536+sparse-uniform+density=0.015625,jvm-c/c/c-sparse/packed-4x4,5,2,1,4,289941,200229808,690.5881127539741,ns,ok,unsupported,arithmetic,a038f25ac66821574b30392dc1d3b189cc287e2c,true,kotlin-2.4.10/jvm/Eclipse Adoptium/25.0.1/JMH 1.37/forks=1,1,3,200000000,spdot-raw-v1+65536+sparse-uniform+density=0.015625,policy-v1,policy,jvm-c/policy-v1,jmh-average-time-v1,200000000,1,1,score-times-operations
4,spdot-raw+65536+sparse-uniform+density=0.015625,jvm-c/c/c-sparse/packed-4x4,5,2,1,5,293518,200172854,681.9781205922635,ns,ok,unsupported,arithmetic,a038f25ac66821574b30392dc1d3b189cc287e2c,true,kotlin-2.4.10/jvm/Eclipse Adoptium/25.0.1/JMH 1.37/forks=1,1,3,200000000,spdot-raw-v1+65536+sparse-uniform+density=0.015625,policy-v1,policy,jvm-c/policy-v1,jmh-average-time-v1,200000000,1,1,score-times-operations
4,spdot-raw+262144+sparse-uniform+density=0.03125,jvm-c/c/c-sparse/packed-4x4,5,2,1,1,39108,200283844,5121.30111486141,ns,ok,unsupported,arithmetic,a038f25ac66821574b30392dc1d3b189cc287e2c,true,kotlin-2.4.10/jvm/Eclipse Adoptium/25.0.1/JMH 1.37/forks=1,1,3,200000000,spdot-raw-v1+262144+sparse-uniform+density=0.03125,policy-v1,policy,jvm-c/policy-v1,jmh-average-time-v1,200000000,1,1,score-times-operations
4,spdot-raw+262144+sparse-uniform+density=0.03125,jvm-c/c/c-sparse/packed-4x4,5,2,1,2,39498,200155731,5067.490277988759,ns,ok,unsupported,arithmetic,a038f25ac66821574b30392dc1d3b189cc287e2c,true,kotlin-2.4.10/jvm/Eclipse Adoptium/25.0.1/JMH 1.37/forks=1,1,3,200000000,spdot-raw-v1+262144+sparse-uniform+density=0.03125,policy-v1,policy,jvm-c/policy-v1,jmh-average-time-v1,200000000,1,1,score-times-operations
4,spdot-raw+262144+sparse-uniform+density=0.03125,jvm-c/c/c-sparse/packed-4x4,5,2,1,3,38935,200250785,5143.2075253627845,ns,ok,unsupported,arithmetic,a038f25ac66821574b30392dc1d3b189cc287e2c,true,kotlin-2.4.10/jvm/Eclipse Adoptium/25.0.1/JMH 1.37/forks=1,1,3,200000000,spdot-raw-v1+262144+sparse-uniform+density=0.03125,policy-v1,policy,jvm-c/policy-v1,jmh-average-time-v1,200000000,1,1,score-times-operations
4,spdot-raw+262144+sparse-uniform+density=0.03125,jvm-c/c/c-sparse/packed-4x4,5,2,1,4,41020,200153130,4879.403461725988,ns,ok,unsupported,arithmetic,a038f25ac66821574b30392dc1d3b189cc287e2c,true,kotlin-2.4.10/jvm/Eclipse Adoptium/25.0.1/JMH 1.37/forks=1,1,3,200000000,spdot-raw-v1+262144+sparse-uniform+density=0.03125,policy-v1,policy,jvm-c/policy-v1,jmh-average-time-v1,200000000,1,1,score-times-operations
4,spdot-raw+262144+sparse-uniform+density=0.03125,jvm-c/c/c-sparse/packed-4x4,5,2,1,5,40142,200221135,4987.821608290568,ns,ok,unsupported,arithmetic,a038f25ac66821574b30392dc1d3b189cc287e2c,true,kotlin-2.4.10/jvm/Eclipse Adoptium/25.0.1/JMH 1.37/forks=1,1,3,200000000,spdot-raw-v1+262144+sparse-uniform+density=0.03125,policy-v1,policy,jvm-c/policy-v1,jmh-average-time-v1,200000000,1,1,score-times-operations
4,spdot-sparse+4096+sparse-uniform+density=0.01,jvm-c/c/c-sparse/packed-4x4,5,2,1,1,3018059,200135702,66.31272019533084,ns,ok,unsupported,arithmetic,a038f25ac66821574b30392dc1d3b189cc287e2c,true,kotlin-2.4.10/jvm/Eclipse Adoptium/25.0.1/JMH 1.37/forks=1,1,3,200000000,spdot-sparse-v1+4096+sparse-uniform+density=0.01,policy-v1,policy,jvm-c/policy-v1,jmh-average-time-v1,200000000,1,1,score-times-operations
4,spdot-sparse+4096+sparse-uniform+density=0.01,jvm-c/c/c-sparse/packed-4x4,5,2,1,2,3407356,200221895,58.761660067219275,ns,ok,unsupported,arithmetic,a038f25ac66821574b30392dc1d3b189cc287e2c,true,kotlin-2.4.10/jvm/Eclipse Adoptium/25.0.1/JMH 1.37/forks=1,1,3,200000000,spdot-sparse-v1+4096+sparse-uniform+density=0.01,policy-v1,policy,jvm-c/policy-v1,jmh-average-time-v1,200000000,1,1,score-times-operations
4,spdot-sparse+4096+sparse-uniform+density=0.01,jvm-c/c/c-sparse/packed-4x4,5,2,1,3,3353498,200250465,59.71390619585877,ns,ok,unsupported,arithmetic,a038f25ac66821574b30392dc1d3b189cc287e2c,true,kotlin-2.4.10/jvm/Eclipse Adoptium/25.0.1/JMH 1.37/forks=1,1,3,200000000,spdot-sparse-v1+4096+sparse-uniform+density=0.01,policy-v1,policy,jvm-c/policy-v1,jmh-average-time-v1,200000000,1,1,score-times-operations
4,spdot-sparse+4096+sparse-uniform+density=0.01,jvm-c/c/c-sparse/packed-4x4,5,2,1,4,3130193,200139160,63.93828112196277,ns,ok,unsupported,arithmetic,a038f25ac66821574b30392dc1d3b189cc287e2c,true,kotlin-2.4.10/jvm/Eclipse Adoptium/25.0.1/JMH 1.37/forks=1,1,3,200000000,spdot-sparse-v1+4096+sparse-uniform+density=0.01,policy-v1,policy,jvm-c/policy-v1,jmh-average-time-v1,200000000,1,1,score-times-operations
4,spdot-sparse+4096+sparse-uniform+density=0.01,jvm-c/c/c-sparse/packed-4x4,5,2,1,5,3221306,200148904,62.13284425633579,ns,ok,unsupported,arithmetic,a038f25ac66821574b30392dc1d3b189cc287e2c,true,kotlin-2.4.10/jvm/Eclipse Adoptium/25.0.1/JMH 1.37/forks=1,1,3,200000000,spdot-sparse-v1+4096+sparse-uniform+density=0.01,policy-v1,policy,jvm-c/policy-v1,jmh-average-time-v1,200000000,1,1,score-times-operations
4,spaxpy+4096+sparse-uniform+density=0.01,jvm-c/c/c-sparse/packed-4x4,5,2,1,1,255089,200143882,784.6041264029417,ns,ok,direct,reset-and-arithmetic,a038f25ac66821574b30392dc1d3b189cc287e2c,true,kotlin-2.4.10/jvm/Eclipse Adoptium/25.0.1/JMH 1.37/forks=1,1,3,200000000,spaxpy-v1+4096+sparse-uniform+density=0.01,policy-v1,policy,jvm-c/policy-v1,jmh-average-time-v1,200000000,1,1,score-times-operations
4,spaxpy+4096+sparse-uniform+density=0.01,jvm-c/c/c-sparse/packed-4x4,5,2,1,2,252793,200160342,791.7954294620499,ns,ok,direct,reset-and-arithmetic,a038f25ac66821574b30392dc1d3b189cc287e2c,true,kotlin-2.4.10/jvm/Eclipse Adoptium/25.0.1/JMH 1.37/forks=1,1,3,200000000,spaxpy-v1+4096+sparse-uniform+density=0.01,policy-v1,policy,jvm-c/policy-v1,jmh-average-time-v1,200000000,1,1,score-times-operations
4,spaxpy+4096+sparse-uniform+density=0.01,jvm-c/c/c-sparse/packed-4x4,5,2,1,3,255788,200197047,782.6678616666927,ns,ok,direct,reset-and-arithmetic,a038f25ac66821574b30392dc1d3b189cc287e2c,true,kotlin-2.4.10/jvm/Eclipse Adoptium/25.0.1/JMH 1.37/forks=1,1,3,200000000,spaxpy-v1+4096+sparse-uniform+density=0.01,policy-v1,policy,jvm-c/policy-v1,jmh-average-time-v1,200000000,1,1,score-times-operations
4,spaxpy+4096+sparse-uniform+density=0.01,jvm-c/c/c-sparse/packed-4x4,5,2,1,4,253923,200318999,788.8966300807725,ns,ok,direct,reset-and-arithmetic,a038f25ac66821574b30392dc1d3b189cc287e2c,true,kotlin-2.4.10/jvm/Eclipse Adoptium/25.0.1/JMH 1.37/forks=1,1,3,200000000,spaxpy-v1+4096+sparse-uniform+density=0.01,policy-v1,policy,jvm-c/policy-v1,jmh-average-time-v1,200000000,1,1,score-times-operations
4,spaxpy+4096+sparse-uniform+density=0.01,jvm-c/c/c-sparse/packed-4x4,5,2,1,5,253595,200140922,789.2147794712041,ns,ok,direct,reset-and-arithmetic,a038f25ac66821574b30392dc1d3b189cc287e2c,true,kotlin-2.4.10/jvm/Eclipse Adoptium/25.0.1/JMH 1.37/forks=1,1,3,200000000,spaxpy-v1+4096+sparse-uniform+density=0.01,policy-v1,policy,jvm-c/policy-v1,jmh-average-time-v1,200000000,1,1,score-times-operations
4,spaxpy-raw+64+sparse-uniform+density=0.125,jvm-c/c/c-sparse/packed-4x4,5,2,1,1,11652994,200098412,17.171416375911633,ns,ok,unsupported,reset-and-arithmetic,a038f25ac66821574b30392dc1d3b189cc287e2c,true,kotlin-2.4.10/jvm/Eclipse Adoptium/25.0.1/JMH 1.37/forks=1,1,3,200000000,spaxpy-raw-v1+64+sparse-uniform+density=0.125,policy-v1,policy,jvm-c/policy-v1,jmh-average-time-v1,200000000,1,1,score-times-operations
4,spaxpy-raw+64+sparse-uniform+density=0.125,jvm-c/c/c-sparse/packed-4x4,5,2,1,2,11292948,200105492,17.71950884746835,ns,ok,unsupported,reset-and-arithmetic,a038f25ac66821574b30392dc1d3b189cc287e2c,true,kotlin-2.4.10/jvm/Eclipse Adoptium/25.0.1/JMH 1.37/forks=1,1,3,200000000,spaxpy-raw-v1+64+sparse-uniform+density=0.125,policy-v1,policy,jvm-c/policy-v1,jmh-average-time-v1,200000000,1,1,score-times-operations
4,spaxpy-raw+64+sparse-uniform+density=0.125,jvm-c/c/c-sparse/packed-4x4,5,2,1,3,11586756,200107800,17.270390435424723,ns,ok,unsupported,reset-and-arithmetic,a038f25ac66821574b30392dc1d3b189cc287e2c,true,kotlin-2.4.10/jvm/Eclipse Adoptium/25.0.1/JMH 1.37/forks=1,1,3,200000000,spaxpy-raw-v1+64+sparse-uniform+density=0.125,policy-v1,policy,jvm-c/policy-v1,jmh-average-time-v1,200000000,1,1,score-times-operations
4,spaxpy-raw+64+sparse-uniform+density=0.125,jvm-c/c/c-sparse/packed-4x4,5,2,1,4,11592731,200103047,17.261079119320545,ns,ok,unsupported,reset-and-arithmetic,a038f25ac66821574b30392dc1d3b189cc287e2c,true,kotlin-2.4.10/jvm/Eclipse Adoptium/25.0.1/JMH 1.37/forks=1,1,3,200000000,spaxpy-raw-v1+64+sparse-uniform+density=0.125,policy-v1,policy,jvm-c/policy-v1,jmh-average-time-v1,200000000,1,1,score-times-operations
4,spaxpy-raw+64+sparse-uniform+density=0.125,jvm-c/c/c-sparse/packed-4x4,5,2,1,5,11620307,200103451,17.220151842804153,ns,ok,unsupported,reset-and-arithmetic,a038f25ac66821574b30392dc1d3b189cc287e2c,true,kotlin-2.4.10/jvm/Eclipse Adoptium/25.0.1/JMH 1.37/forks=1,1,3,200000000,spaxpy-raw-v1+64+sparse-uniform+density=0.125,policy-v1,policy,jvm-c/policy-v1,jmh-average-time-v1,200000000,1,1,score-times-operations
4,spaxpy-raw+4096+sparse-uniform+density=0.0625,jvm-c/c/c-sparse/packed-4x4,5,2,1,1,214212,200155817,934.3819067092413,ns,ok,unsupported,reset-and-arithmetic,a038f25ac66821574b30392dc1d3b189cc287e2c,true,kotlin-2.4.10/jvm/Eclipse Adoptium/25.0.1/JMH 1.37/forks=1,1,3,200000000,spaxpy-raw-v1+4096+sparse-uniform+density=0.0625,policy-v1,policy,jvm-c/policy-v1,jmh-average-time-v1,200000000,1,1,score-times-operations
4,spaxpy-raw+4096+sparse-uniform+density=0.0625,jvm-c/c/c-sparse/packed-4x4,5,2,1,2,206966,200175575,967.1906255133694,ns,ok,unsupported,reset-and-arithmetic,a038f25ac66821574b30392dc1d3b189cc287e2c,true,kotlin-2.4.10/jvm/Eclipse Adoptium/25.0.1/JMH 1.37/forks=1,1,3,200000000,spaxpy-raw-v1+4096+sparse-uniform+density=0.0625,policy-v1,policy,jvm-c/policy-v1,jmh-average-time-v1,200000000,1,1,score-times-operations
4,spaxpy-raw+4096+sparse-uniform+density=0.0625,jvm-c/c/c-sparse/packed-4x4,5,2,1,3,215112,200185581,930.6109422068504,ns,ok,unsupported,reset-and-arithmetic,a038f25ac66821574b30392dc1d3b189cc287e2c,true,kotlin-2.4.10/jvm/Eclipse Adoptium/25.0.1/JMH 1.37/forks=1,1,3,200000000,spaxpy-raw-v1+4096+sparse-uniform+density=0.0625,policy-v1,policy,jvm-c/policy-v1,jmh-average-time-v1,200000000,1,1,score-times-operations
4,spaxpy-raw+4096+sparse-uniform+density=0.0625,jvm-c/c/c-sparse/packed-4x4,5,2,1,4,213141,200165584,939.1228529471101,ns,ok,unsupported,reset-and-arithmetic,a038f25ac66821574b30392dc1d3b189cc287e2c,true,kotlin-2.4.10/jvm/Eclipse Adoptium/25.0.1/JMH 1.37/forks=1,1,3,200000000,spaxpy-raw-v1+4096+sparse-uniform+density=0.0625,policy-v1,policy,jvm-c/policy-v1,jmh-average-time-v1,200000000,1,1,score-times-operations
4,spaxpy-raw+4096+sparse-uniform+density=0.0625,jvm-c/c/c-sparse/packed-4x4,5,2,1,5,215211,200195766,930.2301741082008,ns,ok,unsupported,reset-and-arithmetic,a038f25ac66821574b30392dc1d3b189cc287e2c,true,kotlin-2.4.10/jvm/Eclipse Adoptium/25.0.1/JMH 1.37/forks=1,1,3,200000000,spaxpy-raw-v1+4096+sparse-uniform+density=0.0625,policy-v1,policy,jvm-c/policy-v1,jmh-average-time-v1,200000000,1,1,score-times-operations
4,spaxpy-raw+65536+sparse-uniform+density=0.015625,jvm-c/c/c-sparse/packed-4x4,5,2,1,1,15143,200110504,13214.719936604371,ns,ok,unsupported,reset-and-arithmetic,a038f25ac66821574b30392dc1d3b189cc287e2c,true,kotlin-2.4.10/jvm/Eclipse Adoptium/25.0.1/JMH 1.37/forks=1,1,3,200000000,spaxpy-raw-v1+65536+sparse-uniform+density=0.015625,policy-v1,policy,jvm-c/policy-v1,jmh-average-time-v1,200000000,1,1,score-times-operations
4,spaxpy-raw+65536+sparse-uniform+density=0.015625,jvm-c/c/c-sparse/packed-4x4,5,2,1,2,15979,200115933,12523.683146629952,ns,ok,unsupported,reset-and-arithmetic,a038f25ac66821574b30392dc1d3b189cc287e2c,true,kotlin-2.4.10/jvm/Eclipse Adoptium/25.0.1/JMH 1.37/forks=1,1,3,200000000,spaxpy-raw-v1+65536+sparse-uniform+density=0.015625,policy-v1,policy,jvm-c/policy-v1,jmh-average-time-v1,200000000,1,1,score-times-operations
4,spaxpy-raw+65536+sparse-uniform+density=0.015625,jvm-c/c/c-sparse/packed-4x4,5,2,1,3,15600,200217269,12834.44032051282,ns,ok,unsupported,reset-and-arithmetic,a038f25ac66821574b30392dc1d3b189cc287e2c,true,kotlin-2.4.10/jvm/Eclipse Adoptium/25.0.1/JMH 1.37/forks=1,1,3,200000000,spaxpy-raw-v1+65536+sparse-uniform+density=0.015625,policy-v1,policy,jvm-c/policy-v1,jmh-average-time-v1,200000000,1,1,score-times-operations
4,spaxpy-raw+65536+sparse-uniform+density=0.015625,jvm-c/c/c-sparse/packed-4x4,5,2,1,4,14579,200184801,13731.037862679195,ns,ok,unsupported,reset-and-arithmetic,a038f25ac66821574b30392dc1d3b189cc287e2c,true,kotlin-2.4.10/jvm/Eclipse Adoptium/25.0.1/JMH 1.37/forks=1,1,3,200000000,spaxpy-raw-v1+65536+sparse-uniform+density=0.015625,policy-v1,policy,jvm-c/policy-v1,jmh-average-time-v1,200000000,1,1,score-times-operations
4,spaxpy-raw+65536+sparse-uniform+density=0.015625,jvm-c/c/c-sparse/packed-4x4,5,2,1,5,12836,200134816,15591.68089747585,ns,ok,unsupported,reset-and-arithmetic,a038f25ac66821574b30392dc1d3b189cc287e2c,true,kotlin-2.4.10/jvm/Eclipse Adoptium/25.0.1/JMH 1.37/forks=1,1,3,200000000,spaxpy-raw-v1+65536+sparse-uniform+density=0.015625,policy-v1,policy,jvm-c/policy-v1,jmh-average-time-v1,200000000,1,1,score-times-operations
4,spaxpy-raw+262144+sparse-uniform+density=0.03125,jvm-c/c/c-sparse/packed-4x4,5,2,1,1,1422,200241565,140816.85302391,ns,ok,unsupported,reset-and-arithmetic,a038f25ac66821574b30392dc1d3b189cc287e2c,true,kotlin-2.4.10/jvm/Eclipse Adoptium/25.0.1/JMH 1.37/forks=1,1,3,200000000,spaxpy-raw-v1+262144+sparse-uniform+density=0.03125,policy-v1,policy,jvm-c/policy-v1,jmh-average-time-v1,200000000,1,1,score-times-operations
4,spaxpy-raw+262144+sparse-uniform+density=0.03125,jvm-c/c/c-sparse/packed-4x4,5,2,1,2,1536,200179217,130325.01106770833,ns,ok,unsupported,reset-and-arithmetic,a038f25ac66821574b30392dc1d3b189cc287e2c,true,kotlin-2.4.10/jvm/Eclipse Adoptium/25.0.1/JMH 1.37/forks=1,1,3,200000000,spaxpy-raw-v1+262144+sparse-uniform+density=0.03125,policy-v1,policy,jvm-c/policy-v1,jmh-average-time-v1,200000000,1,1,score-times-operations
4,spaxpy-raw+262144+sparse-uniform+density=0.03125,jvm-c/c/c-sparse/packed-4x4,5,2,1,3,1573,200153658,127243.26636999364,ns,ok,unsupported,reset-and-arithmetic,a038f25ac66821574b30392dc1d3b189cc287e2c,true,kotlin-2.4.10/jvm/Eclipse Adoptium/25.0.1/JMH 1.37/forks=1,1,3,200000000,spaxpy-raw-v1+262144+sparse-uniform+density=0.03125,policy-v1,policy,jvm-c/policy-v1,jmh-average-time-v1,200000000,1,1,score-times-operations
4,spaxpy-raw+262144+sparse-uniform+density=0.03125,jvm-c/c/c-sparse/packed-4x4,5,2,1,4,1557,200203697,128582.97816313423,ns,ok,unsupported,reset-and-arithmetic,a038f25ac66821574b30392dc1d3b189cc287e2c,true,kotlin-2.4.10/jvm/Eclipse Adoptium/25.0.1/JMH 1.37/forks=1,1,3,200000000,spaxpy-raw-v1+262144+sparse-uniform+density=0.03125,policy-v1,policy,jvm-c/policy-v1,jmh-average-time-v1,200000000,1,1,score-times-operations
4,spaxpy-raw+262144+sparse-uniform+density=0.03125,jvm-c/c/c-sparse/packed-4x4,5,2,1,5,1352,200231061,148099.8971893491,ns,ok,unsupported,reset-and-arithmetic,a038f25ac66821574b30392dc1d3b189cc287e2c,true,kotlin-2.4.10/jvm/Eclipse Adoptium/25.0.1/JMH 1.37/forks=1,1,3,200000000,spaxpy-raw-v1+262144+sparse-uniform+density=0.03125,policy-v1,policy,jvm-c/policy-v1,jmh-average-time-v1,200000000,1,1,score-times-operations
4,spnrm2+4096+sparse-uniform+density=0.01,jvm-c/c/c-sparse/packed-4x4,5,2,1,1,13230509,200190106,15.130945151089803,ns,ok,unsupported,arithmetic,a038f25ac66821574b30392dc1d3b189cc287e2c,true,kotlin-2.4.10/jvm/Eclipse Adoptium/25.0.1/JMH 1.37/forks=1,1,3,200000000,spnrm2-v1+4096+sparse-uniform+density=0.01,policy-v1,policy,jvm-c/policy-v1,jmh-average-time-v1,200000000,1,1,score-times-operations
4,spnrm2+4096+sparse-uniform+density=0.01,jvm-c/c/c-sparse/packed-4x4,5,2,1,2,12096518,200162097,16.547083797172046,ns,ok,unsupported,arithmetic,a038f25ac66821574b30392dc1d3b189cc287e2c,true,kotlin-2.4.10/jvm/Eclipse Adoptium/25.0.1/JMH 1.37/forks=1,1,3,200000000,spnrm2-v1+4096+sparse-uniform+density=0.01,policy-v1,policy,jvm-c/policy-v1,jmh-average-time-v1,200000000,1,1,score-times-operations
4,spnrm2+4096+sparse-uniform+density=0.01,jvm-c/c/c-sparse/packed-4x4,5,2,1,3,8909559,200114607,22.46066354125945,ns,ok,unsupported,arithmetic,a038f25ac66821574b30392dc1d3b189cc287e2c,true,kotlin-2.4.10/jvm/Eclipse Adoptium/25.0.1/JMH 1.37/forks=1,1,3,200000000,spnrm2-v1+4096+sparse-uniform+density=0.01,policy-v1,policy,jvm-c/policy-v1,jmh-average-time-v1,200000000,1,1,score-times-operations
4,spnrm2+4096+sparse-uniform+density=0.01,jvm-c/c/c-sparse/packed-4x4,5,2,1,4,7693440,200112366,26.010778793361617,ns,ok,unsupported,arithmetic,a038f25ac66821574b30392dc1d3b189cc287e2c,true,kotlin-2.4.10/jvm/Eclipse Adoptium/25.0.1/JMH 1.37/forks=1,1,3,200000000,spnrm2-v1+4096+sparse-uniform+density=0.01,policy-v1,policy,jvm-c/policy-v1,jmh-average-time-v1,200000000,1,1,score-times-operations
4,spnrm2+4096+sparse-uniform+density=0.01,jvm-c/c/c-sparse/packed-4x4,5,2,1,5,7526382,200114920,26.588461760245494,ns,ok,unsupported,arithmetic,a038f25ac66821574b30392dc1d3b189cc287e2c,true,kotlin-2.4.10/jvm/Eclipse Adoptium/25.0.1/JMH 1.37/forks=1,1,3,200000000,spnrm2-v1+4096+sparse-uniform+density=0.01,policy-v1,policy,jvm-c/policy-v1,jmh-average-time-v1,200000000,1,1,score-times-operations
4,spnrm2-indexed+4096+sparse-uniform+density=0.01,jvm-c/c/c-sparse/packed-4x4,5,2,1,1,8330965,200174251,24.027738803367917,ns,ok,unsupported,arithmetic,a038f25ac66821574b30392dc1d3b189cc287e2c,true,kotlin-2.4.10/jvm/Eclipse Adoptium/25.0.1/JMH 1.37/forks=1,1,3,200000000,spnrm2-indexed-v1+4096+sparse-uniform+density=0.01,policy-v1,policy,jvm-c/policy-v1,jmh-average-time-v1,200000000,1,1,score-times-operations
4,spnrm2-indexed+4096+sparse-uniform+density=0.01,jvm-c/c/c-sparse/packed-4x4,5,2,1,2,7222005,200102751,27.70736810622535,ns,ok,unsupported,arithmetic,a038f25ac66821574b30392dc1d3b189cc287e2c,true,kotlin-2.4.10/jvm/Eclipse Adoptium/25.0.1/JMH 1.37/forks=1,1,3,200000000,spnrm2-indexed-v1+4096+sparse-uniform+density=0.01,policy-v1,policy,jvm-c/policy-v1,jmh-average-time-v1,200000000,1,1,score-times-operations
4,spnrm2-indexed+4096+sparse-uniform+density=0.01,jvm-c/c/c-sparse/packed-4x4,5,2,1,3,7010925,200144773,28.547555850333588,ns,ok,unsupported,arithmetic,a038f25ac66821574b30392dc1d3b189cc287e2c,true,kotlin-2.4.10/jvm/Eclipse Adoptium/25.0.1/JMH 1.37/forks=1,1,3,200000000,spnrm2-indexed-v1+4096+sparse-uniform+density=0.01,policy-v1,policy,jvm-c/policy-v1,jmh-average-time-v1,200000000,1,1,score-times-operations
4,spnrm2-indexed+4096+sparse-uniform+density=0.01,jvm-c/c/c-sparse/packed-4x4,5,2,1,4,6832166,200076142,29.28443805375923,ns,ok,unsupported,arithmetic,a038f25ac66821574b30392dc1d3b189cc287e2c,true,kotlin-2.4.10/jvm/Eclipse Adoptium/25.0.1/JMH 1.37/forks=1,1,3,200000000,spnrm2-indexed-v1+4096+sparse-uniform+density=0.01,policy-v1,policy,jvm-c/policy-v1,jmh-average-time-v1,200000000,1,1,score-times-operations
4,spnrm2-indexed+4096+sparse-uniform+density=0.01,jvm-c/c/c-sparse/packed-4x4,5,2,1,5,6454172,200164040,31.013124534022335,ns,ok,unsupported,arithmetic,a038f25ac66821574b30392dc1d3b189cc287e2c,true,kotlin-2.4.10/jvm/Eclipse Adoptium/25.0.1/JMH 1.37/forks=1,1,3,200000000,spnrm2-indexed-v1+4096+sparse-uniform+density=0.01,policy-v1,policy,jvm-c/policy-v1,jmh-average-time-v1,200000000,1,1,score-times-operations
4,spnrm2-indexed+4096+sparse-uniform+density=0.5,jvm-c/c/c-sparse/packed-4x4,5,2,1,1,105463,200183571,1898.1403051307093,ns,ok,unsupported,arithmetic,a038f25ac66821574b30392dc1d3b189cc287e2c,true,kotlin-2.4.10/jvm/Eclipse Adoptium/25.0.1/JMH 1.37/forks=1,1,3,200000000,spnrm2-indexed-v1+4096+sparse-uniform+density=0.5,policy-v1,policy,jvm-c/policy-v1,jmh-average-time-v1,200000000,1,1,score-times-operations
4,spnrm2-indexed+4096+sparse-uniform+density=0.5,jvm-c/c/c-sparse/packed-4x4,5,2,1,2,101609,200108770,1969.4000531448985,ns,ok,unsupported,arithmetic,a038f25ac66821574b30392dc1d3b189cc287e2c,true,kotlin-2.4.10/jvm/Eclipse Adoptium/25.0.1/JMH 1.37/forks=1,1,3,200000000,spnrm2-indexed-v1+4096+sparse-uniform+density=0.5,policy-v1,policy,jvm-c/policy-v1,jmh-average-time-v1,200000000,1,1,score-times-operations
4,spnrm2-indexed+4096+sparse-uniform+density=0.5,jvm-c/c/c-sparse/packed-4x4,5,2,1,3,107379,200115302,1863.635366319299,ns,ok,unsupported,arithmetic,a038f25ac66821574b30392dc1d3b189cc287e2c,true,kotlin-2.4.10/jvm/Eclipse Adoptium/25.0.1/JMH 1.37/forks=1,1,3,200000000,spnrm2-indexed-v1+4096+sparse-uniform+density=0.5,policy-v1,policy,jvm-c/policy-v1,jmh-average-time-v1,200000000,1,1,score-times-operations
4,spnrm2-indexed+4096+sparse-uniform+density=0.5,jvm-c/c/c-sparse/packed-4x4,5,2,1,4,114243,200135124,1751.8370841101862,ns,ok,unsupported,arithmetic,a038f25ac66821574b30392dc1d3b189cc287e2c,true,kotlin-2.4.10/jvm/Eclipse Adoptium/25.0.1/JMH 1.37/forks=1,1,3,200000000,spnrm2-indexed-v1+4096+sparse-uniform+density=0.5,policy-v1,policy,jvm-c/policy-v1,jmh-average-time-v1,200000000,1,1,score-times-operations
4,spnrm2-indexed+4096+sparse-uniform+density=0.5,jvm-c/c/c-sparse/packed-4x4,5,2,1,5,114900,200213786,1742.5046649260225,ns,ok,unsupported,arithmetic,a038f25ac66821574b30392dc1d3b189cc287e2c,true,kotlin-2.4.10/jvm/Eclipse Adoptium/25.0.1/JMH 1.37/forks=1,1,3,200000000,spnrm2-indexed-v1+4096+sparse-uniform+density=0.5,policy-v1,policy,jvm-c/policy-v1,jmh-average-time-v1,200000000,1,1,score-times-operations
4,spnrm2-indexed+262144+sparse-uniform+density=0.03125,jvm-c/c/c-sparse/packed-4x4,5,2,1,1,29192,200238597,6859.365476842971,ns,ok,unsupported,arithmetic,a038f25ac66821574b30392dc1d3b189cc287e2c,true,kotlin-2.4.10/jvm/Eclipse Adoptium/25.0.1/JMH 1.37/forks=1,1,3,200000000,spnrm2-indexed-v1+262144+sparse-uniform+density=0.03125,policy-v1,policy,jvm-c/policy-v1,jmh-average-time-v1,200000000,1,1,score-times-operations
4,spnrm2-indexed+262144+sparse-uniform+density=0.03125,jvm-c/c/c-sparse/packed-4x4,5,2,1,2,30106,200161051,6648.543512921013,ns,ok,unsupported,arithmetic,a038f25ac66821574b30392dc1d3b189cc287e2c,true,kotlin-2.4.10/jvm/Eclipse Adoptium/25.0.1/JMH 1.37/forks=1,1,3,200000000,spnrm2-indexed-v1+262144+sparse-uniform+density=0.03125,policy-v1,policy,jvm-c/policy-v1,jmh-average-time-v1,200000000,1,1,score-times-operations
4,spnrm2-indexed+262144+sparse-uniform+density=0.03125,jvm-c/c/c-sparse/packed-4x4,5,2,1,3,31462,200193496,6363.025109656093,ns,ok,unsupported,arithmetic,a038f25ac66821574b30392dc1d3b189cc287e2c,true,kotlin-2.4.10/jvm/Eclipse Adoptium/25.0.1/JMH 1.37/forks=1,1,3,200000000,spnrm2-indexed-v1+262144+sparse-uniform+density=0.03125,policy-v1,policy,jvm-c/policy-v1,jmh-average-time-v1,200000000,1,1,score-times-operations
4,spnrm2-indexed+262144+sparse-uniform+density=0.03125,jvm-c/c/c-sparse/packed-4x4,5,2,1,4,30752,200210885,6510.499642299688,ns,ok,unsupported,arithmetic,a038f25ac66821574b30392dc1d3b189cc287e2c,true,kotlin-2.4.10/jvm/Eclipse Adoptium/25.0.1/JMH 1.37/forks=1,1,3,200000000,spnrm2-indexed-v1+262144+sparse-uniform+density=0.03125,policy-v1,policy,jvm-c/policy-v1,jmh-average-time-v1,200000000,1,1,score-times-operations
4,spnrm2-indexed+262144+sparse-uniform+density=0.03125,jvm-c/c/c-sparse/packed-4x4,5,2,1,5,31301,200143152,6394.145618350852,ns,ok,unsupported,arithmetic,a038f25ac66821574b30392dc1d3b189cc287e2c,true,kotlin-2.4.10/jvm/Eclipse Adoptium/25.0.1/JMH 1.37/forks=1,1,3,200000000,spnrm2-indexed-v1+262144+sparse-uniform+density=0.03125,policy-v1,policy,jvm-c/policy-v1,jmh-average-time-v1,200000000,1,1,score-times-operations
4,spasum+4096+sparse-uniform+density=0.01,jvm-c/c/c-sparse/packed-4x4,5,2,1,1,10822114,200231211,18.502042299683776,ns,ok,unsupported,arithmetic,a038f25ac66821574b30392dc1d3b189cc287e2c,true,kotlin-2.4.10/jvm/Eclipse Adoptium/25.0.1/JMH 1.37/forks=1,1,3,200000000,spasum-v1+4096+sparse-uniform+density=0.01,policy-v1,policy,jvm-c/policy-v1,jmh-average-time-v1,200000000,1,1,score-times-operations
4,spasum+4096+sparse-uniform+density=0.01,jvm-c/c/c-sparse/packed-4x4,5,2,1,2,10874092,200162976,18.407327802634004,ns,ok,unsupported,arithmetic,a038f25ac66821574b30392dc1d3b189cc287e2c,true,kotlin-2.4.10/jvm/Eclipse Adoptium/25.0.1/JMH 1.37/forks=1,1,3,200000000,spasum-v1+4096+sparse-uniform+density=0.01,policy-v1,policy,jvm-c/policy-v1,jmh-average-time-v1,200000000,1,1,score-times-operations
4,spasum+4096+sparse-uniform+density=0.01,jvm-c/c/c-sparse/packed-4x4,5,2,1,3,10650898,200241968,18.800477480865933,ns,ok,unsupported,arithmetic,a038f25ac66821574b30392dc1d3b189cc287e2c,true,kotlin-2.4.10/jvm/Eclipse Adoptium/25.0.1/JMH 1.37/forks=1,1,3,200000000,spasum-v1+4096+sparse-uniform+density=0.01,policy-v1,policy,jvm-c/policy-v1,jmh-average-time-v1,200000000,1,1,score-times-operations
4,spasum+4096+sparse-uniform+density=0.01,jvm-c/c/c-sparse/packed-4x4,5,2,1,4,10211151,200189714,19.60500966051721,ns,ok,unsupported,arithmetic,a038f25ac66821574b30392dc1d3b189cc287e2c,true,kotlin-2.4.10/jvm/Eclipse Adoptium/25.0.1/JMH 1.37/forks=1,1,3,200000000,spasum-v1+4096+sparse-uniform+density=0.01,policy-v1,policy,jvm-c/policy-v1,jmh-average-time-v1,200000000,1,1,score-times-operations
4,spasum+4096+sparse-uniform+density=0.01,jvm-c/c/c-sparse/packed-4x4,5,2,1,5,9773906,200190311,20.482119533377954,ns,ok,unsupported,arithmetic,a038f25ac66821574b30392dc1d3b189cc287e2c,true,kotlin-2.4.10/jvm/Eclipse Adoptium/25.0.1/JMH 1.37/forks=1,1,3,200000000,spasum-v1+4096+sparse-uniform+density=0.01,policy-v1,policy,jvm-c/policy-v1,jmh-average-time-v1,200000000,1,1,score-times-operations
4,spscatter+4096+sparse-uniform+density=0.01,jvm-c/c/c-sparse/packed-4x4,5,2,1,1,203874,200146227,981.7153094558404,ns,ok,direct,reset-and-arithmetic,a038f25ac66821574b30392dc1d3b189cc287e2c,true,kotlin-2.4.10/jvm/Eclipse Adoptium/25.0.1/JMH 1.37/forks=1,1,3,200000000,spscatter-v1+4096+sparse-uniform+density=0.01,policy-v1,policy,jvm-c/policy-v1,jmh-average-time-v1,200000000,1,1,score-times-operations
4,spscatter+4096+sparse-uniform+density=0.01,jvm-c/c/c-sparse/packed-4x4,5,2,1,2,203561,200161696,983.3008090940799,ns,ok,direct,reset-and-arithmetic,a038f25ac66821574b30392dc1d3b189cc287e2c,true,kotlin-2.4.10/jvm/Eclipse Adoptium/25.0.1/JMH 1.37/forks=1,1,3,200000000,spscatter-v1+4096+sparse-uniform+density=0.01,policy-v1,policy,jvm-c/policy-v1,jmh-average-time-v1,200000000,1,1,score-times-operations
4,spscatter+4096+sparse-uniform+density=0.01,jvm-c/c/c-sparse/packed-4x4,5,2,1,3,208327,200198227,960.9807034133838,ns,ok,direct,reset-and-arithmetic,a038f25ac66821574b30392dc1d3b189cc287e2c,true,kotlin-2.4.10/jvm/Eclipse Adoptium/25.0.1/JMH 1.37/forks=1,1,3,200000000,spscatter-v1+4096+sparse-uniform+density=0.01,policy-v1,policy,jvm-c/policy-v1,jmh-average-time-v1,200000000,1,1,score-times-operations
4,spscatter+4096+sparse-uniform+density=0.01,jvm-c/c/c-sparse/packed-4x4,5,2,1,4,204475,200153997,978.8678175816115,ns,ok,direct,reset-and-arithmetic,a038f25ac66821574b30392dc1d3b189cc287e2c,true,kotlin-2.4.10/jvm/Eclipse Adoptium/25.0.1/JMH 1.37/forks=1,1,3,200000000,spscatter-v1+4096+sparse-uniform+density=0.01,policy-v1,policy,jvm-c/policy-v1,jmh-average-time-v1,200000000,1,1,score-times-operations
4,spscatter+4096+sparse-uniform+density=0.01,jvm-c/c/c-sparse/packed-4x4,5,2,1,5,197537,200237269,1013.6696871978414,ns,ok,direct,reset-and-arithmetic,a038f25ac66821574b30392dc1d3b189cc287e2c,true,kotlin-2.4.10/jvm/Eclipse Adoptium/25.0.1/JMH 1.37/forks=1,1,3,200000000,spscatter-v1+4096+sparse-uniform+density=0.01,policy-v1,policy,jvm-c/policy-v1,jmh-average-time-v1,200000000,1,1,score-times-operations
4,spscatter-raw+64+sparse-uniform+density=0.125,jvm-c/c/c-sparse/packed-4x4,5,2,1,1,10641152,200192041,18.81300455063512,ns,ok,unsupported,reset-and-arithmetic,a038f25ac66821574b30392dc1d3b189cc287e2c,true,kotlin-2.4.10/jvm/Eclipse Adoptium/25.0.1/JMH 1.37/forks=1,1,3,200000000,spscatter-raw-v1+64+sparse-uniform+density=0.125,policy-v1,policy,jvm-c/policy-v1,jmh-average-time-v1,200000000,1,1,score-times-operations
4,spscatter-raw+64+sparse-uniform+density=0.125,jvm-c/c/c-sparse/packed-4x4,5,2,1,2,11097426,200249452,18.044675585131184,ns,ok,unsupported,reset-and-arithmetic,a038f25ac66821574b30392dc1d3b189cc287e2c,true,kotlin-2.4.10/jvm/Eclipse Adoptium/25.0.1/JMH 1.37/forks=1,1,3,200000000,spscatter-raw-v1+64+sparse-uniform+density=0.125,policy-v1,policy,jvm-c/policy-v1,jmh-average-time-v1,200000000,1,1,score-times-operations
4,spscatter-raw+64+sparse-uniform+density=0.125,jvm-c/c/c-sparse/packed-4x4,5,2,1,3,11801671,200158475,16.960180893027776,ns,ok,unsupported,reset-and-arithmetic,a038f25ac66821574b30392dc1d3b189cc287e2c,true,kotlin-2.4.10/jvm/Eclipse Adoptium/25.0.1/JMH 1.37/forks=1,1,3,200000000,spscatter-raw-v1+64+sparse-uniform+density=0.125,policy-v1,policy,jvm-c/policy-v1,jmh-average-time-v1,200000000,1,1,score-times-operations
4,spscatter-raw+64+sparse-uniform+density=0.125,jvm-c/c/c-sparse/packed-4x4,5,2,1,4,11973034,200183128,16.719498833796013,ns,ok,unsupported,reset-and-arithmetic,a038f25ac66821574b30392dc1d3b189cc287e2c,true,kotlin-2.4.10/jvm/Eclipse Adoptium/25.0.1/JMH 1.37/forks=1,1,3,200000000,spscatter-raw-v1+64+sparse-uniform+density=0.125,policy-v1,policy,jvm-c/policy-v1,jmh-average-time-v1,200000000,1,1,score-times-operations
4,spscatter-raw+64+sparse-uniform+density=0.125,jvm-c/c/c-sparse/packed-4x4,5,2,1,5,11734437,200183048,17.05945057270323,ns,ok,unsupported,reset-and-arithmetic,a038f25ac66821574b30392dc1d3b189cc287e2c,true,kotlin-2.4.10/jvm/Eclipse Adoptium/25.0.1/JMH 1.37/forks=1,1,3,200000000,spscatter-raw-v1+64+sparse-uniform+density=0.125,policy-v1,policy,jvm-c/policy-v1,jmh-average-time-v1,200000000,1,1,score-times-operations
4,spscatter-raw+4096+sparse-uniform+density=0.0625,jvm-c/c/c-sparse/packed-4x4,5,2,1,1,94559,200148805,2116.6552628517643,ns,ok,unsupported,reset-and-arithmetic,a038f25ac66821574b30392dc1d3b189cc287e2c,true,kotlin-2.4.10/jvm/Eclipse Adoptium/25.0.1/JMH 1.37/forks=1,1,3,200000000,spscatter-raw-v1+4096+sparse-uniform+density=0.0625,policy-v1,policy,jvm-c/policy-v1,jmh-average-time-v1,200000000,1,1,score-times-operations
4,spscatter-raw+4096+sparse-uniform+density=0.0625,jvm-c/c/c-sparse/packed-4x4,5,2,1,2,99280,200206155,2016.580932715552,ns,ok,unsupported,reset-and-arithmetic,a038f25ac66821574b30392dc1d3b189cc287e2c,true,kotlin-2.4.10/jvm/Eclipse Adoptium/25.0.1/JMH 1.37/forks=1,1,3,200000000,spscatter-raw-v1+4096+sparse-uniform+density=0.0625,policy-v1,policy,jvm-c/policy-v1,jmh-average-time-v1,200000000,1,1,score-times-operations
4,spscatter-raw+4096+sparse-uniform+density=0.0625,jvm-c/c/c-sparse/packed-4x4,5,2,1,3,96497,200190516,2074.5776138118285,ns,ok,unsupported,reset-and-arithmetic,a038f25ac66821574b30392dc1d3b189cc287e2c,true,kotlin-2.4.10/jvm/Eclipse Adoptium/25.0.1/JMH 1.37/forks=1,1,3,200000000,spscatter-raw-v1+4096+sparse-uniform+density=0.0625,policy-v1,policy,jvm-c/policy-v1,jmh-average-time-v1,200000000,1,1,score-times-operations
4,spscatter-raw+4096+sparse-uniform+density=0.0625,jvm-c/c/c-sparse/packed-4x4,5,2,1,4,101441,200156090,1973.1281237369506,ns,ok,unsupported,reset-and-arithmetic,a038f25ac66821574b30392dc1d3b189cc287e2c,true,kotlin-2.4.10/jvm/Eclipse Adoptium/25.0.1/JMH 1.37/forks=1,1,3,200000000,spscatter-raw-v1+4096+sparse-uniform+density=0.0625,policy-v1,policy,jvm-c/policy-v1,jmh-average-time-v1,200000000,1,1,score-times-operations
4,spscatter-raw+4096+sparse-uniform+density=0.0625,jvm-c/c/c-sparse/packed-4x4,5,2,1,5,103258,200238648,1939.207112281857,ns,ok,unsupported,reset-and-arithmetic,a038f25ac66821574b30392dc1d3b189cc287e2c,true,kotlin-2.4.10/jvm/Eclipse Adoptium/25.0.1/JMH 1.37/forks=1,1,3,200000000,spscatter-raw-v1+4096+sparse-uniform+density=0.0625,policy-v1,policy,jvm-c/policy-v1,jmh-average-time-v1,200000000,1,1,score-times-operations
4,spscatter-raw+65536+sparse-uniform+density=0.015625,jvm-c/c/c-sparse/packed-4x4,5,2,1,1,14413,200225631,13892.0163047249,ns,ok,unsupported,reset-and-arithmetic,a038f25ac66821574b30392dc1d3b189cc287e2c,true,kotlin-2.4.10/jvm/Eclipse Adoptium/25.0.1/JMH 1.37/forks=1,1,3,200000000,spscatter-raw-v1+65536+sparse-uniform+density=0.015625,policy-v1,policy,jvm-c/policy-v1,jmh-average-time-v1,200000000,1,1,score-times-operations
4,spscatter-raw+65536+sparse-uniform+density=0.015625,jvm-c/c/c-sparse/packed-4x4,5,2,1,2,14062,200197783,14236.792988195135,ns,ok,unsupported,reset-and-arithmetic,a038f25ac66821574b30392dc1d3b189cc287e2c,true,kotlin-2.4.10/jvm/Eclipse Adoptium/25.0.1/JMH 1.37/forks=1,1,3,200000000,spscatter-raw-v1+65536+sparse-uniform+density=0.015625,policy-v1,policy,jvm-c/policy-v1,jmh-average-time-v1,200000000,1,1,score-times-operations
4,spscatter-raw+65536+sparse-uniform+density=0.015625,jvm-c/c/c-sparse/packed-4x4,5,2,1,3,12969,200219605,15438.322538360706,ns,ok,unsupported,reset-and-arithmetic,a038f25ac66821574b30392dc1d3b189cc287e2c,true,kotlin-2.4.10/jvm/Eclipse Adoptium/25.0.1/JMH 1.37/forks=1,1,3,200000000,spscatter-raw-v1+65536+sparse-uniform+density=0.015625,policy-v1,policy,jvm-c/policy-v1,jmh-average-time-v1,200000000,1,1,score-times-operations
4,spscatter-raw+65536+sparse-uniform+density=0.015625,jvm-c/c/c-sparse/packed-4x4,5,2,1,4,14114,200110875,14178.183009777526,ns,ok,unsupported,reset-and-arithmetic,a038f25ac66821574b30392dc1d3b189cc287e2c,true,kotlin-2.4.10/jvm/Eclipse Adoptium/25.0.1/JMH 1.37/forks=1,1,3,200000000,spscatter-raw-v1+65536+sparse-uniform+density=0.015625,policy-v1,policy,jvm-c/policy-v1,jmh-average-time-v1,200000000,1,1,score-times-operations
4,spscatter-raw+65536+sparse-uniform+density=0.015625,jvm-c/c/c-sparse/packed-4x4,5,2,1,5,14053,200234056,14248.491852273535,ns,ok,unsupported,reset-and-arithmetic,a038f25ac66821574b30392dc1d3b189cc287e2c,true,kotlin-2.4.10/jvm/Eclipse Adoptium/25.0.1/JMH 1.37/forks=1,1,3,200000000,spscatter-raw-v1+65536+sparse-uniform+density=0.015625,policy-v1,policy,jvm-c/policy-v1,jmh-average-time-v1,200000000,1,1,score-times-operations
4,spscatter-raw+262144+sparse-uniform+density=0.03125,jvm-c/c/c-sparse/packed-4x4,5,2,1,1,1365,200200316,146666.89816849816,ns,ok,unsupported,reset-and-arithmetic,a038f25ac66821574b30392dc1d3b189cc287e2c,true,kotlin-2.4.10/jvm/Eclipse Adoptium/25.0.1/JMH 1.37/forks=1,1,3,200000000,spscatter-raw-v1+262144+sparse-uniform+density=0.03125,policy-v1,policy,jvm-c/policy-v1,jmh-average-time-v1,200000000,1,1,score-times-operations
4,spscatter-raw+262144+sparse-uniform+density=0.03125,jvm-c/c/c-sparse/packed-4x4,5,2,1,2,1378,200265120,145330.27576197387,ns,ok,unsupported,reset-and-arithmetic,a038f25ac66821574b30392dc1d3b189cc287e2c,true,kotlin-2.4.10/jvm/Eclipse Adoptium/25.0.1/JMH 1.37/forks=1,1,3,200000000,spscatter-raw-v1+262144+sparse-uniform+density=0.03125,policy-v1,policy,jvm-c/policy-v1,jmh-average-time-v1,200000000,1,1,score-times-operations
4,spscatter-raw+262144+sparse-uniform+density=0.03125,jvm-c/c/c-sparse/packed-4x4,5,2,1,3,1375,200214185,145610.31636363638,ns,ok,unsupported,reset-and-arithmetic,a038f25ac66821574b30392dc1d3b189cc287e2c,true,kotlin-2.4.10/jvm/Eclipse Adoptium/25.0.1/JMH 1.37/forks=1,1,3,200000000,spscatter-raw-v1+262144+sparse-uniform+density=0.03125,policy-v1,policy,jvm-c/policy-v1,jmh-average-time-v1,200000000,1,1,score-times-operations
4,spscatter-raw+262144+sparse-uniform+density=0.03125,jvm-c/c/c-sparse/packed-4x4,5,2,1,4,1407,200335273,142384.7000710732,ns,ok,unsupported,reset-and-arithmetic,a038f25ac66821574b30392dc1d3b189cc287e2c,true,kotlin-2.4.10/jvm/Eclipse Adoptium/25.0.1/JMH 1.37/forks=1,1,3,200000000,spscatter-raw-v1+262144+sparse-uniform+density=0.03125,policy-v1,policy,jvm-c/policy-v1,jmh-average-time-v1,200000000,1,1,score-times-operations
4,spscatter-raw+262144+sparse-uniform+density=0.03125,jvm-c/c/c-sparse/packed-4x4,5,2,1,5,1397,200252244,143344.4838940587,ns,ok,unsupported,reset-and-arithmetic,a038f25ac66821574b30392dc1d3b189cc287e2c,true,kotlin-2.4.10/jvm/Eclipse Adoptium/25.0.1/JMH 1.37/forks=1,1,3,200000000,spscatter-raw-v1+262144+sparse-uniform+density=0.03125,policy-v1,policy,jvm-c/policy-v1,jmh-average-time-v1,200000000,1,1,score-times-operations
4,spgather+4096+sparse-uniform+density=0.01,jvm-c/c/c-sparse/packed-4x4,5,2,1,1,220460,200305679,908.5805996552663,ns,ok,direct,reset-and-arithmetic,a038f25ac66821574b30392dc1d3b189cc287e2c,true,kotlin-2.4.10/jvm/Eclipse Adoptium/25.0.1/JMH 1.37/forks=1,1,3,200000000,spgather-v1+4096+sparse-uniform+density=0.01,policy-v1,policy,jvm-c/policy-v1,jmh-average-time-v1,200000000,1,1,score-times-operations
4,spgather+4096+sparse-uniform+density=0.01,jvm-c/c/c-sparse/packed-4x4,5,2,1,2,220962,200161219,905.8626324888443,ns,ok,direct,reset-and-arithmetic,a038f25ac66821574b30392dc1d3b189cc287e2c,true,kotlin-2.4.10/jvm/Eclipse Adoptium/25.0.1/JMH 1.37/forks=1,1,3,200000000,spgather-v1+4096+sparse-uniform+density=0.01,policy-v1,policy,jvm-c/policy-v1,jmh-average-time-v1,200000000,1,1,score-times-operations
4,spgather+4096+sparse-uniform+density=0.01,jvm-c/c/c-sparse/packed-4x4,5,2,1,3,200965,200164594,996.0171870723758,ns,ok,direct,reset-and-arithmetic,a038f25ac66821574b30392dc1d3b189cc287e2c,true,kotlin-2.4.10/jvm/Eclipse Adoptium/25.0.1/JMH 1.37/forks=1,1,3,200000000,spgather-v1+4096+sparse-uniform+density=0.01,policy-v1,policy,jvm-c/policy-v1,jmh-average-time-v1,200000000,1,1,score-times-operations
4,spgather+4096+sparse-uniform+density=0.01,jvm-c/c/c-sparse/packed-4x4,5,2,1,4,198306,200191595,1009.5085120974655,ns,ok,direct,reset-and-arithmetic,a038f25ac66821574b30392dc1d3b189cc287e2c,true,kotlin-2.4.10/jvm/Eclipse Adoptium/25.0.1/JMH 1.37/forks=1,1,3,200000000,spgather-v1+4096+sparse-uniform+density=0.01,policy-v1,policy,jvm-c/policy-v1,jmh-average-time-v1,200000000,1,1,score-times-operations
4,spgather+4096+sparse-uniform+density=0.01,jvm-c/c/c-sparse/packed-4x4,5,2,1,5,185227,200213589,1080.9093112775136,ns,ok,direct,reset-and-arithmetic,a038f25ac66821574b30392dc1d3b189cc287e2c,true,kotlin-2.4.10/jvm/Eclipse Adoptium/25.0.1/JMH 1.37/forks=1,1,3,200000000,spgather-v1+4096+sparse-uniform+density=0.01,policy-v1,policy,jvm-c/policy-v1,jmh-average-time-v1,200000000,1,1,score-times-operations
4,spgather-zero+4096+sparse-uniform+density=0.01,jvm-c/c/c-sparse/packed-4x4,5,2,1,1,184974,200271618,1082.7014499335041,ns,ok,direct,reset-and-arithmetic,a038f25ac66821574b30392dc1d3b189cc287e2c,true,kotlin-2.4.10/jvm/Eclipse Adoptium/25.0.1/JMH 1.37/forks=1,1,3,200000000,spgather-zero-v1+4096+sparse-uniform+density=0.01,policy-v1,policy,jvm-c/policy-v1,jmh-average-time-v1,200000000,1,1,score-times-operations
4,spgather-zero+4096+sparse-uniform+density=0.01,jvm-c/c/c-sparse/packed-4x4,5,2,1,2,199135,200191581,1005.305852813418,ns,ok,direct,reset-and-arithmetic,a038f25ac66821574b30392dc1d3b189cc287e2c,true,kotlin-2.4.10/jvm/Eclipse Adoptium/25.0.1/JMH 1.37/forks=1,1,3,200000000,spgather-zero-v1+4096+sparse-uniform+density=0.01,policy-v1,policy,jvm-c/policy-v1,jmh-average-time-v1,200000000,1,1,score-times-operations
4,spgather-zero+4096+sparse-uniform+density=0.01,jvm-c/c/c-sparse/packed-4x4,5,2,1,3,194505,200130136,1028.920264260559,ns,ok,direct,reset-and-arithmetic,a038f25ac66821574b30392dc1d3b189cc287e2c,true,kotlin-2.4.10/jvm/Eclipse Adoptium/25.0.1/JMH 1.37/forks=1,1,3,200000000,spgather-zero-v1+4096+sparse-uniform+density=0.01,policy-v1,policy,jvm-c/policy-v1,jmh-average-time-v1,200000000,1,1,score-times-operations
4,spgather-zero+4096+sparse-uniform+density=0.01,jvm-c/c/c-sparse/packed-4x4,5,2,1,4,199557,200129658,1002.8696462664802,ns,ok,direct,reset-and-arithmetic,a038f25ac66821574b30392dc1d3b189cc287e2c,true,kotlin-2.4.10/jvm/Eclipse Adoptium/25.0.1/JMH 1.37/forks=1,1,3,200000000,spgather-zero-v1+4096+sparse-uniform+density=0.01,policy-v1,policy,jvm-c/policy-v1,jmh-average-time-v1,200000000,1,1,score-times-operations
4,spgather-zero+4096+sparse-uniform+density=0.01,jvm-c/c/c-sparse/packed-4x4,5,2,1,5,188098,200118803,1063.9071281991303,ns,ok,direct,reset-and-arithmetic,a038f25ac66821574b30392dc1d3b189cc287e2c,true,kotlin-2.4.10/jvm/Eclipse Adoptium/25.0.1/JMH 1.37/forks=1,1,3,200000000,spgather-zero-v1+4096+sparse-uniform+density=0.01,policy-v1,policy,jvm-c/policy-v1,jmh-average-time-v1,200000000,1,1,score-times-operations
4,spgemv+257x129+sparse-uniform+density=0.01+mode=prepared,jvm-c/c/c-sparse/packed-4x4,5,2,1,1,358859,200101759,557.6055191593356,ns,ok,direct,prepared,a038f25ac66821574b30392dc1d3b189cc287e2c,true,kotlin-2.4.10/jvm/Eclipse Adoptium/25.0.1/JMH 1.37/forks=1,1,3,200000000,spgemv-v1+257x129+sparse-uniform+density=0.01+mode=prepared,policy-v1,policy,jvm-c/policy-v1,jmh-average-time-v1,200000000,1,1,score-times-operations
4,spgemv+257x129+sparse-uniform+density=0.01+mode=prepared,jvm-c/c/c-sparse/packed-4x4,5,2,1,2,363365,200109527,550.7121682055234,ns,ok,direct,prepared,a038f25ac66821574b30392dc1d3b189cc287e2c,true,kotlin-2.4.10/jvm/Eclipse Adoptium/25.0.1/JMH 1.37/forks=1,1,3,200000000,spgemv-v1+257x129+sparse-uniform+density=0.01+mode=prepared,policy-v1,policy,jvm-c/policy-v1,jmh-average-time-v1,200000000,1,1,score-times-operations
4,spgemv+257x129+sparse-uniform+density=0.01+mode=prepared,jvm-c/c/c-sparse/packed-4x4,5,2,1,3,387795,200189706,516.2255985765676,ns,ok,direct,prepared,a038f25ac66821574b30392dc1d3b189cc287e2c,true,kotlin-2.4.10/jvm/Eclipse Adoptium/25.0.1/JMH 1.37/forks=1,1,3,200000000,spgemv-v1+257x129+sparse-uniform+density=0.01+mode=prepared,policy-v1,policy,jvm-c/policy-v1,jmh-average-time-v1,200000000,1,1,score-times-operations
4,spgemv+257x129+sparse-uniform+density=0.01+mode=prepared,jvm-c/c/c-sparse/packed-4x4,5,2,1,4,393614,200200836,508.6222441274955,ns,ok,direct,prepared,a038f25ac66821574b30392dc1d3b189cc287e2c,true,kotlin-2.4.10/jvm/Eclipse Adoptium/25.0.1/JMH 1.37/forks=1,1,3,200000000,spgemv-v1+257x129+sparse-uniform+density=0.01+mode=prepared,policy-v1,policy,jvm-c/policy-v1,jmh-average-time-v1,200000000,1,1,score-times-operations
4,spgemv+257x129+sparse-uniform+density=0.01+mode=prepared,jvm-c/c/c-sparse/packed-4x4,5,2,1,5,385307,200199388,519.5840926845347,ns,ok,direct,prepared,a038f25ac66821574b30392dc1d3b189cc287e2c,true,kotlin-2.4.10/jvm/Eclipse Adoptium/25.0.1/JMH 1.37/forks=1,1,3,200000000,spgemv-v1+257x129+sparse-uniform+density=0.01+mode=prepared,policy-v1,policy,jvm-c/policy-v1,jmh-average-time-v1,200000000,1,1,score-times-operations
4,spgemv+257x129+sparse-uniform+density=0.01+mode=oneshot,jvm-c/c/c-sparse/packed-4x4,5,2,1,1,358416,200178752,558.5095308245168,ns,ok,direct,oneshot,a038f25ac66821574b30392dc1d3b189cc287e2c,true,kotlin-2.4.10/jvm/Eclipse Adoptium/25.0.1/JMH 1.37/forks=1,1,3,200000000,spgemv-v1+257x129+sparse-uniform+density=0.01+mode=oneshot,policy-v1,policy,jvm-c/policy-v1,jmh-average-time-v1,200000000,1,1,score-times-operations
4,spgemv+257x129+sparse-uniform+density=0.01+mode=oneshot,jvm-c/c/c-sparse/packed-4x4,5,2,1,2,363800,200141636,550.1419351291919,ns,ok,direct,oneshot,a038f25ac66821574b30392dc1d3b189cc287e2c,true,kotlin-2.4.10/jvm/Eclipse Adoptium/25.0.1/JMH 1.37/forks=1,1,3,200000000,spgemv-v1+257x129+sparse-uniform+density=0.01+mode=oneshot,policy-v1,policy,jvm-c/policy-v1,jmh-average-time-v1,200000000,1,1,score-times-operations
4,spgemv+257x129+sparse-uniform+density=0.01+mode=oneshot,jvm-c/c/c-sparse/packed-4x4,5,2,1,3,345678,200191341,579.1266467637512,ns,ok,direct,oneshot,a038f25ac66821574b30392dc1d3b189cc287e2c,true,kotlin-2.4.10/jvm/Eclipse Adoptium/25.0.1/JMH 1.37/forks=1,1,3,200000000,spgemv-v1+257x129+sparse-uniform+density=0.01+mode=oneshot,policy-v1,policy,jvm-c/policy-v1,jmh-average-time-v1,200000000,1,1,score-times-operations
4,spgemv+257x129+sparse-uniform+density=0.01+mode=oneshot,jvm-c/c/c-sparse/packed-4x4,5,2,1,4,329927,200143536,606.6297574918088,ns,ok,direct,oneshot,a038f25ac66821574b30392dc1d3b189cc287e2c,true,kotlin-2.4.10/jvm/Eclipse Adoptium/25.0.1/JMH 1.37/forks=1,1,3,200000000,spgemv-v1+257x129+sparse-uniform+density=0.01+mode=oneshot,policy-v1,policy,jvm-c/policy-v1,jmh-average-time-v1,200000000,1,1,score-times-operations
4,spgemv+257x129+sparse-uniform+density=0.01+mode=oneshot,jvm-c/c/c-sparse/packed-4x4,5,2,1,5,364476,200234043,549.3751111184275,ns,ok,direct,oneshot,a038f25ac66821574b30392dc1d3b189cc287e2c,true,kotlin-2.4.10/jvm/Eclipse Adoptium/25.0.1/JMH 1.37/forks=1,1,3,200000000,spgemv-v1+257x129+sparse-uniform+density=0.01+mode=oneshot,policy-v1,policy,jvm-c/policy-v1,jmh-average-time-v1,200000000,1,1,score-times-operations
4,spmm+257x8x129+sparse-uniform+density=0.01+mode=prepared,jvm-c/c/c-sparse/packed-4x4,5,2,1,1,52920,200103317,3781.2418178382463,ns,ok,direct,prepared,a038f25ac66821574b30392dc1d3b189cc287e2c,true,kotlin-2.4.10/jvm/Eclipse Adoptium/25.0.1/JMH 1.37/forks=1,1,3,200000000,spmm-v1+257x8x129+sparse-uniform+density=0.01+mode=prepared,policy-v1,policy,jvm-c/policy-v1,jmh-average-time-v1,200000000,1,1,score-times-operations
4,spmm+257x8x129+sparse-uniform+density=0.01+mode=prepared,jvm-c/c/c-sparse/packed-4x4,5,2,1,2,50562,200214702,3959.7860448558204,ns,ok,direct,prepared,a038f25ac66821574b30392dc1d3b189cc287e2c,true,kotlin-2.4.10/jvm/Eclipse Adoptium/25.0.1/JMH 1.37/forks=1,1,3,200000000,spmm-v1+257x8x129+sparse-uniform+density=0.01+mode=prepared,policy-v1,policy,jvm-c/policy-v1,jmh-average-time-v1,200000000,1,1,score-times-operations
4,spmm+257x8x129+sparse-uniform+density=0.01+mode=prepared,jvm-c/c/c-sparse/packed-4x4,5,2,1,3,51030,200138965,3921.9863805604546,ns,ok,direct,prepared,a038f25ac66821574b30392dc1d3b189cc287e2c,true,kotlin-2.4.10/jvm/Eclipse Adoptium/25.0.1/JMH 1.37/forks=1,1,3,200000000,spmm-v1+257x8x129+sparse-uniform+density=0.01+mode=prepared,policy-v1,policy,jvm-c/policy-v1,jmh-average-time-v1,200000000,1,1,score-times-operations
4,spmm+257x8x129+sparse-uniform+density=0.01+mode=prepared,jvm-c/c/c-sparse/packed-4x4,5,2,1,4,50850,200173147,3936.5417305801375,ns,ok,direct,prepared,a038f25ac66821574b30392dc1d3b189cc287e2c,true,kotlin-2.4.10/jvm/Eclipse Adoptium/25.0.1/JMH 1.37/forks=1,1,3,200000000,spmm-v1+257x8x129+sparse-uniform+density=0.01+mode=prepared,policy-v1,policy,jvm-c/policy-v1,jmh-average-time-v1,200000000,1,1,score-times-operations
4,spmm+257x8x129+sparse-uniform+density=0.01+mode=prepared,jvm-c/c/c-sparse/packed-4x4,5,2,1,5,52406,200132715,3818.8893447315195,ns,ok,direct,prepared,a038f25ac66821574b30392dc1d3b189cc287e2c,true,kotlin-2.4.10/jvm/Eclipse Adoptium/25.0.1/JMH 1.37/forks=1,1,3,200000000,spmm-v1+257x8x129+sparse-uniform+density=0.01+mode=prepared,policy-v1,policy,jvm-c/policy-v1,jmh-average-time-v1,200000000,1,1,score-times-operations
4,spmm+257x8x129+sparse-uniform+density=0.01+mode=oneshot,jvm-c/c/c-sparse/packed-4x4,5,2,1,1,41805,200137897,4787.415309173543,ns,ok,direct,oneshot,a038f25ac66821574b30392dc1d3b189cc287e2c,true,kotlin-2.4.10/jvm/Eclipse Adoptium/25.0.1/JMH 1.37/forks=1,1,3,200000000,spmm-v1+257x8x129+sparse-uniform+density=0.01+mode=oneshot,policy-v1,policy,jvm-c/policy-v1,jmh-average-time-v1,200000000,1,1,score-times-operations
4,spmm+257x8x129+sparse-uniform+density=0.01+mode=oneshot,jvm-c/c/c-sparse/packed-4x4,5,2,1,2,42953,200108308,4658.773729425186,ns,ok,direct,oneshot,a038f25ac66821574b30392dc1d3b189cc287e2c,true,kotlin-2.4.10/jvm/Eclipse Adoptium/25.0.1/JMH 1.37/forks=1,1,3,200000000,spmm-v1+257x8x129+sparse-uniform+density=0.01+mode=oneshot,policy-v1,policy,jvm-c/policy-v1,jmh-average-time-v1,200000000,1,1,score-times-operations
4,spmm+257x8x129+sparse-uniform+density=0.01+mode=oneshot,jvm-c/c/c-sparse/packed-4x4,5,2,1,3,49652,200122512,4030.5025376621284,ns,ok,direct,oneshot,a038f25ac66821574b30392dc1d3b189cc287e2c,true,kotlin-2.4.10/jvm/Eclipse Adoptium/25.0.1/JMH 1.37/forks=1,1,3,200000000,spmm-v1+257x8x129+sparse-uniform+density=0.01+mode=oneshot,policy-v1,policy,jvm-c/policy-v1,jmh-average-time-v1,200000000,1,1,score-times-operations
4,spmm+257x8x129+sparse-uniform+density=0.01+mode=oneshot,jvm-c/c/c-sparse/packed-4x4,5,2,1,4,51693,200108625,3871.0971504845916,ns,ok,direct,oneshot,a038f25ac66821574b30392dc1d3b189cc287e2c,true,kotlin-2.4.10/jvm/Eclipse Adoptium/25.0.1/JMH 1.37/forks=1,1,3,200000000,spmm-v1+257x8x129+sparse-uniform+density=0.01+mode=oneshot,policy-v1,policy,jvm-c/policy-v1,jmh-average-time-v1,200000000,1,1,score-times-operations
4,spmm+257x8x129+sparse-uniform+density=0.01+mode=oneshot,jvm-c/c/c-sparse/packed-4x4,5,2,1,5,52735,200116739,3794.7613349767707,ns,ok,direct,oneshot,a038f25ac66821574b30392dc1d3b189cc287e2c,true,kotlin-2.4.10/jvm/Eclipse Adoptium/25.0.1/JMH 1.37/forks=1,1,3,200000000,spmm-v1+257x8x129+sparse-uniform+density=0.01+mode=oneshot,policy-v1,policy,jvm-c/policy-v1,jmh-average-time-v1,200000000,1,1,score-times-operations
4,spgemm+129x97x65+sparse-uniform+density=0.01+mode=prepared,jvm-c/c/c-sparse/packed-4x4,5,2,1,1,108692,200291785,1842.746338276966,ns,ok,partial,prepared,a038f25ac66821574b30392dc1d3b189cc287e2c,true,kotlin-2.4.10/jvm/Eclipse Adoptium/25.0.1/JMH 1.37/forks=1,1,3,200000000,spgemm-v1+129x97x65+sparse-uniform+density=0.01+mode=prepared,policy-v1,policy,jvm-c/policy-v1,jmh-average-time-v1,200000000,1,1,score-times-operations
4,spgemm+129x97x65+sparse-uniform+density=0.01+mode=prepared,jvm-c/c/c-sparse/packed-4x4,5,2,1,2,106909,200232462,1872.9242813981984,ns,ok,partial,prepared,a038f25ac66821574b30392dc1d3b189cc287e2c,true,kotlin-2.4.10/jvm/Eclipse Adoptium/25.0.1/JMH 1.37/forks=1,1,3,200000000,spgemm-v1+129x97x65+sparse-uniform+density=0.01+mode=prepared,policy-v1,policy,jvm-c/policy-v1,jmh-average-time-v1,200000000,1,1,score-times-operations
4,spgemm+129x97x65+sparse-uniform+density=0.01+mode=prepared,jvm-c/c/c-sparse/packed-4x4,5,2,1,3,106467,200179340,1880.2008133975785,ns,ok,partial,prepared,a038f25ac66821574b30392dc1d3b189cc287e2c,true,kotlin-2.4.10/jvm/Eclipse Adoptium/25.0.1/JMH 1.37/forks=1,1,3,200000000,spgemm-v1+129x97x65+sparse-uniform+density=0.01+mode=prepared,policy-v1,policy,jvm-c/policy-v1,jmh-average-time-v1,200000000,1,1,score-times-operations
4,spgemm+129x97x65+sparse-uniform+density=0.01+mode=prepared,jvm-c/c/c-sparse/packed-4x4,5,2,1,4,107133,200270301,1869.3614572540673,ns,ok,partial,prepared,a038f25ac66821574b30392dc1d3b189cc287e2c,true,kotlin-2.4.10/jvm/Eclipse Adoptium/25.0.1/JMH 1.37/forks=1,1,3,200000000,spgemm-v1+129x97x65+sparse-uniform+density=0.01+mode=prepared,policy-v1,policy,jvm-c/policy-v1,jmh-average-time-v1,200000000,1,1,score-times-operations
4,spgemm+129x97x65+sparse-uniform+density=0.01+mode=prepared,jvm-c/c/c-sparse/packed-4x4,5,2,1,5,109919,200195626,1821.3013764681266,ns,ok,partial,prepared,a038f25ac66821574b30392dc1d3b189cc287e2c,true,kotlin-2.4.10/jvm/Eclipse Adoptium/25.0.1/JMH 1.37/forks=1,1,3,200000000,spgemm-v1+129x97x65+sparse-uniform+density=0.01+mode=prepared,policy-v1,policy,jvm-c/policy-v1,jmh-average-time-v1,200000000,1,1,score-times-operations
4,spgemm+129x97x65+sparse-uniform+density=0.01+mode=oneshot,jvm-c/c/c-sparse/packed-4x4,5,2,1,1,70401,200166391,2843.2322126106164,ns,ok,partial,oneshot,a038f25ac66821574b30392dc1d3b189cc287e2c,true,kotlin-2.4.10/jvm/Eclipse Adoptium/25.0.1/JMH 1.37/forks=1,1,3,200000000,spgemm-v1+129x97x65+sparse-uniform+density=0.01+mode=oneshot,policy-v1,policy,jvm-c/policy-v1,jmh-average-time-v1,200000000,1,1,score-times-operations
4,spgemm+129x97x65+sparse-uniform+density=0.01+mode=oneshot,jvm-c/c/c-sparse/packed-4x4,5,2,1,2,82345,200235792,2431.6690995203107,ns,ok,partial,oneshot,a038f25ac66821574b30392dc1d3b189cc287e2c,true,kotlin-2.4.10/jvm/Eclipse Adoptium/25.0.1/JMH 1.37/forks=1,1,3,200000000,spgemm-v1+129x97x65+sparse-uniform+density=0.01+mode=oneshot,policy-v1,policy,jvm-c/policy-v1,jmh-average-time-v1,200000000,1,1,score-times-operations
4,spgemm+129x97x65+sparse-uniform+density=0.01+mode=oneshot,jvm-c/c/c-sparse/packed-4x4,5,2,1,3,96932,200175733,2065.1150600420915,ns,ok,partial,oneshot,a038f25ac66821574b30392dc1d3b189cc287e2c,true,kotlin-2.4.10/jvm/Eclipse Adoptium/25.0.1/JMH 1.37/forks=1,1,3,200000000,spgemm-v1+129x97x65+sparse-uniform+density=0.01+mode=oneshot,policy-v1,policy,jvm-c/policy-v1,jmh-average-time-v1,200000000,1,1,score-times-operations
4,spgemm+129x97x65+sparse-uniform+density=0.01+mode=oneshot,jvm-c/c/c-sparse/packed-4x4,5,2,1,4,103996,200170823,1924.7934824416325,ns,ok,partial,oneshot,a038f25ac66821574b30392dc1d3b189cc287e2c,true,kotlin-2.4.10/jvm/Eclipse Adoptium/25.0.1/JMH 1.37/forks=1,1,3,200000000,spgemm-v1+129x97x65+sparse-uniform+density=0.01+mode=oneshot,policy-v1,policy,jvm-c/policy-v1,jmh-average-time-v1,200000000,1,1,score-times-operations
4,spgemm+129x97x65+sparse-uniform+density=0.01+mode=oneshot,jvm-c/c/c-sparse/packed-4x4,5,2,1,5,102631,200242543,1951.0921943662247,ns,ok,partial,oneshot,a038f25ac66821574b30392dc1d3b189cc287e2c,true,kotlin-2.4.10/jvm/Eclipse Adoptium/25.0.1/JMH 1.37/forks=1,1,3,200000000,spgemm-v1+129x97x65+sparse-uniform+density=0.01+mode=oneshot,policy-v1,policy,jvm-c/policy-v1,jmh-average-time-v1,200000000,1,1,score-times-operations
4,spsymv+129+sparse-triangular+density=0.02+mode=oneshot+uplo=L,jvm-c/c/c-sparse/packed-4x4,5,2,1,1,225102,200137244,889.0958054570817,ns,ok,direct,oneshot,a038f25ac66821574b30392dc1d3b189cc287e2c,true,kotlin-2.4.10/jvm/Eclipse Adoptium/25.0.1/JMH 1.37/forks=1,1,3,200000000,spsymv-v1+129+sparse-triangular+density=0.02+mode=oneshot+uplo=L,policy-v1,policy,jvm-c/policy-v1,jmh-average-time-v1,200000000,1,1,score-times-operations
4,spsymv+129+sparse-triangular+density=0.02+mode=oneshot+uplo=L,jvm-c/c/c-sparse/packed-4x4,5,2,1,2,254433,200191417,786.8138842052721,ns,ok,direct,oneshot,a038f25ac66821574b30392dc1d3b189cc287e2c,true,kotlin-2.4.10/jvm/Eclipse Adoptium/25.0.1/JMH 1.37/forks=1,1,3,200000000,spsymv-v1+129+sparse-triangular+density=0.02+mode=oneshot+uplo=L,policy-v1,policy,jvm-c/policy-v1,jmh-average-time-v1,200000000,1,1,score-times-operations
4,spsymv+129+sparse-triangular+density=0.02+mode=oneshot+uplo=L,jvm-c/c/c-sparse/packed-4x4,5,2,1,3,281383,200179067,711.4113752429962,ns,ok,direct,oneshot,a038f25ac66821574b30392dc1d3b189cc287e2c,true,kotlin-2.4.10/jvm/Eclipse Adoptium/25.0.1/JMH 1.37/forks=1,1,3,200000000,spsymv-v1+129+sparse-triangular+density=0.02+mode=oneshot+uplo=L,policy-v1,policy,jvm-c/policy-v1,jmh-average-time-v1,200000000,1,1,score-times-operations
4,spsymv+129+sparse-triangular+density=0.02+mode=oneshot+uplo=L,jvm-c/c/c-sparse/packed-4x4,5,2,1,4,291387,200187992,687.0175814295078,ns,ok,direct,oneshot,a038f25ac66821574b30392dc1d3b189cc287e2c,true,kotlin-2.4.10/jvm/Eclipse Adoptium/25.0.1/JMH 1.37/forks=1,1,3,200000000,spsymv-v1+129+sparse-triangular+density=0.02+mode=oneshot+uplo=L,policy-v1,policy,jvm-c/policy-v1,jmh-average-time-v1,200000000,1,1,score-times-operations
4,spsymv+129+sparse-triangular+density=0.02+mode=oneshot+uplo=L,jvm-c/c/c-sparse/packed-4x4,5,2,1,5,290822,200163873,688.2693640783709,ns,ok,direct,oneshot,a038f25ac66821574b30392dc1d3b189cc287e2c,true,kotlin-2.4.10/jvm/Eclipse Adoptium/25.0.1/JMH 1.37/forks=1,1,3,200000000,spsymv-v1+129+sparse-triangular+density=0.02+mode=oneshot+uplo=L,policy-v1,policy,jvm-c/policy-v1,jmh-average-time-v1,200000000,1,1,score-times-operations
4,spsymm+129x8+sparse-triangular+density=0.02+mode=oneshot+side=L+uplo=L,jvm-c/c/c-sparse/packed-4x4,5,2,1,1,50792,200141391,3940.4116986927074,ns,ok,direct,oneshot,a038f25ac66821574b30392dc1d3b189cc287e2c,true,kotlin-2.4.10/jvm/Eclipse Adoptium/25.0.1/JMH 1.37/forks=1,1,3,200000000,spsymm-v1+129x8+sparse-triangular+density=0.02+mode=oneshot+side=L+uplo=L,policy-v1,policy,jvm-c/policy-v1,jmh-average-time-v1,200000000,1,1,score-times-operations
4,spsymm+129x8+sparse-triangular+density=0.02+mode=oneshot+side=L+uplo=L,jvm-c/c/c-sparse/packed-4x4,5,2,1,2,49897,200191663,4012.0981822554463,ns,ok,direct,oneshot,a038f25ac66821574b30392dc1d3b189cc287e2c,true,kotlin-2.4.10/jvm/Eclipse Adoptium/25.0.1/JMH 1.37/forks=1,1,3,200000000,spsymm-v1+129x8+sparse-triangular+density=0.02+mode=oneshot+side=L+uplo=L,policy-v1,policy,jvm-c/policy-v1,jmh-average-time-v1,200000000,1,1,score-times-operations
4,spsymm+129x8+sparse-triangular+density=0.02+mode=oneshot+side=L+uplo=L,jvm-c/c/c-sparse/packed-4x4,5,2,1,3,51212,200213785,3909.5091970631884,ns,ok,direct,oneshot,a038f25ac66821574b30392dc1d3b189cc287e2c,true,kotlin-2.4.10/jvm/Eclipse Adoptium/25.0.1/JMH 1.37/forks=1,1,3,200000000,spsymm-v1+129x8+sparse-triangular+density=0.02+mode=oneshot+side=L+uplo=L,policy-v1,policy,jvm-c/policy-v1,jmh-average-time-v1,200000000,1,1,score-times-operations
4,spsymm+129x8+sparse-triangular+density=0.02+mode=oneshot+side=L+uplo=L,jvm-c/c/c-sparse/packed-4x4,5,2,1,4,52922,200188809,3782.7143531990478,ns,ok,direct,oneshot,a038f25ac66821574b30392dc1d3b189cc287e2c,true,kotlin-2.4.10/jvm/Eclipse Adoptium/25.0.1/JMH 1.37/forks=1,1,3,200000000,spsymm-v1+129x8+sparse-triangular+density=0.02+mode=oneshot+side=L+uplo=L,policy-v1,policy,jvm-c/policy-v1,jmh-average-time-v1,200000000,1,1,score-times-operations
4,spsymm+129x8+sparse-triangular+density=0.02+mode=oneshot+side=L+uplo=L,jvm-c/c/c-sparse/packed-4x4,5,2,1,5,51489,200153187,3887.299947561615,ns,ok,direct,oneshot,a038f25ac66821574b30392dc1d3b189cc287e2c,true,kotlin-2.4.10/jvm/Eclipse Adoptium/25.0.1/JMH 1.37/forks=1,1,3,200000000,spsymm-v1+129x8+sparse-triangular+density=0.02+mode=oneshot+side=L+uplo=L,policy-v1,policy,jvm-c/policy-v1,jmh-average-time-v1,200000000,1,1,score-times-operations
4,sptrsv+129+sparse-triangular+density=0.02+mode=oneshot+uplo=L+transA=N+diag=N,jvm-c/c/c-sparse/packed-4x4,5,2,1,1,272955,200182652,733.3906761187742,ns,ok,direct,oneshot,a038f25ac66821574b30392dc1d3b189cc287e2c,true,kotlin-2.4.10/jvm/Eclipse Adoptium/25.0.1/JMH 1.37/forks=1,1,3,200000000,sptrsv-v1+129+sparse-triangular+density=0.02+mode=oneshot+uplo=L+transA=N+diag=N,policy-v1,policy,jvm-c/policy-v1,jmh-average-time-v1,200000000,1,1,score-times-operations
4,sptrsv+129+sparse-triangular+density=0.02+mode=oneshot+uplo=L+transA=N+diag=N,jvm-c/c/c-sparse/packed-4x4,5,2,1,2,274908,200194830,728.2248243048583,ns,ok,direct,oneshot,a038f25ac66821574b30392dc1d3b189cc287e2c,true,kotlin-2.4.10/jvm/Eclipse Adoptium/25.0.1/JMH 1.37/forks=1,1,3,200000000,sptrsv-v1+129+sparse-triangular+density=0.02+mode=oneshot+uplo=L+transA=N+diag=N,policy-v1,policy,jvm-c/policy-v1,jmh-average-time-v1,200000000,1,1,score-times-operations
4,sptrsv+129+sparse-triangular+density=0.02+mode=oneshot+uplo=L+transA=N+diag=N,jvm-c/c/c-sparse/packed-4x4,5,2,1,3,276161,200167067,724.8201846024601,ns,ok,direct,oneshot,a038f25ac66821574b30392dc1d3b189cc287e2c,true,kotlin-2.4.10/jvm/Eclipse Adoptium/25.0.1/JMH 1.37/forks=1,1,3,200000000,sptrsv-v1+129+sparse-triangular+density=0.02+mode=oneshot+uplo=L+transA=N+diag=N,policy-v1,policy,jvm-c/policy-v1,jmh-average-time-v1,200000000,1,1,score-times-operations
4,sptrsv+129+sparse-triangular+density=0.02+mode=oneshot+uplo=L+transA=N+diag=N,jvm-c/c/c-sparse/packed-4x4,5,2,1,4,270270,200194129,740.719018019018,ns,ok,direct,oneshot,a038f25ac66821574b30392dc1d3b189cc287e2c,true,kotlin-2.4.10/jvm/Eclipse Adoptium/25.0.1/JMH 1.37/forks=1,1,3,200000000,sptrsv-v1+129+sparse-triangular+density=0.02+mode=oneshot+uplo=L+transA=N+diag=N,policy-v1,policy,jvm-c/policy-v1,jmh-average-time-v1,200000000,1,1,score-times-operations
4,sptrsv+129+sparse-triangular+density=0.02+mode=oneshot+uplo=L+transA=N+diag=N,jvm-c/c/c-sparse/packed-4x4,5,2,1,5,262602,200107050,762.0164735988302,ns,ok,direct,oneshot,a038f25ac66821574b30392dc1d3b189cc287e2c,true,kotlin-2.4.10/jvm/Eclipse Adoptium/25.0.1/JMH 1.37/forks=1,1,3,200000000,sptrsv-v1+129+sparse-triangular+density=0.02+mode=oneshot+uplo=L+transA=N+diag=N,policy-v1,policy,jvm-c/policy-v1,jmh-average-time-v1,200000000,1,1,score-times-operations
4,sptrmv+129+sparse-triangular+density=0.02+mode=oneshot+uplo=U+transA=T+diag=U,jvm-c/c/c-sparse/packed-4x4,5,2,1,1,473443,200217592,422.89693162640486,ns,ok,direct,oneshot,a038f25ac66821574b30392dc1d3b189cc287e2c,true,kotlin-2.4.10/jvm/Eclipse Adoptium/25.0.1/JMH 1.37/forks=1,1,3,200000000,sptrmv-v1+129+sparse-triangular+density=0.02+mode=oneshot+uplo=U+transA=T+diag=U,policy-v1,policy,jvm-c/policy-v1,jmh-average-time-v1,200000000,1,1,score-times-operations
4,sptrmv+129+sparse-triangular+density=0.02+mode=oneshot+uplo=U+transA=T+diag=U,jvm-c/c/c-sparse/packed-4x4,5,2,1,2,476363,200195367,420.2580112225341,ns,ok,direct,oneshot,a038f25ac66821574b30392dc1d3b189cc287e2c,true,kotlin-2.4.10/jvm/Eclipse Adoptium/25.0.1/JMH 1.37/forks=1,1,3,200000000,sptrmv-v1+129+sparse-triangular+density=0.02+mode=oneshot+uplo=U+transA=T+diag=U,policy-v1,policy,jvm-c/policy-v1,jmh-average-time-v1,200000000,1,1,score-times-operations
4,sptrmv+129+sparse-triangular+density=0.02+mode=oneshot+uplo=U+transA=T+diag=U,jvm-c/c/c-sparse/packed-4x4,5,2,1,3,480783,200190362,416.38402772144605,ns,ok,direct,oneshot,a038f25ac66821574b30392dc1d3b189cc287e2c,true,kotlin-2.4.10/jvm/Eclipse Adoptium/25.0.1/JMH 1.37/forks=1,1,3,200000000,sptrmv-v1+129+sparse-triangular+density=0.02+mode=oneshot+uplo=U+transA=T+diag=U,policy-v1,policy,jvm-c/policy-v1,jmh-average-time-v1,200000000,1,1,score-times-operations
4,sptrmv+129+sparse-triangular+density=0.02+mode=oneshot+uplo=U+transA=T+diag=U,jvm-c/c/c-sparse/packed-4x4,5,2,1,4,499975,200136220,400.29245462273116,ns,ok,direct,oneshot,a038f25ac66821574b30392dc1d3b189cc287e2c,true,kotlin-2.4.10/jvm/Eclipse Adoptium/25.0.1/JMH 1.37/forks=1,1,3,200000000,sptrmv-v1+129+sparse-triangular+density=0.02+mode=oneshot+uplo=U+transA=T+diag=U,policy-v1,policy,jvm-c/policy-v1,jmh-average-time-v1,200000000,1,1,score-times-operations
4,sptrmv+129+sparse-triangular+density=0.02+mode=oneshot+uplo=U+transA=T+diag=U,jvm-c/c/c-sparse/packed-4x4,5,2,1,5,499964,200213222,400.45527677992817,ns,ok,direct,oneshot,a038f25ac66821574b30392dc1d3b189cc287e2c,true,kotlin-2.4.10/jvm/Eclipse Adoptium/25.0.1/JMH 1.37/forks=1,1,3,200000000,sptrmv-v1+129+sparse-triangular+density=0.02+mode=oneshot+uplo=U+transA=T+diag=U,policy-v1,policy,jvm-c/policy-v1,jmh-average-time-v1,200000000,1,1,score-times-operations
4,sptrsm+129x8+sparse-triangular+density=0.02+mode=oneshot+side=L+uplo=L+transA=N+diag=N,jvm-c/c/c-sparse/packed-4x4,5,2,1,1,27877,200194889,7181.364171180543,ns,ok,direct,oneshot,a038f25ac66821574b30392dc1d3b189cc287e2c,true,kotlin-2.4.10/jvm/Eclipse Adoptium/25.0.1/JMH 1.37/forks=1,1,3,200000000,sptrsm-v1+129x8+sparse-triangular+density=0.02+mode=oneshot+side=L+uplo=L+transA=N+diag=N,policy-v1,policy,jvm-c/policy-v1,jmh-average-time-v1,200000000,1,1,score-times-operations
4,sptrsm+129x8+sparse-triangular+density=0.02+mode=oneshot+side=L+uplo=L+transA=N+diag=N,jvm-c/c/c-sparse/packed-4x4,5,2,1,2,26263,200263230,7625.299089974489,ns,ok,direct,oneshot,a038f25ac66821574b30392dc1d3b189cc287e2c,true,kotlin-2.4.10/jvm/Eclipse Adoptium/25.0.1/JMH 1.37/forks=1,1,3,200000000,sptrsm-v1+129x8+sparse-triangular+density=0.02+mode=oneshot+side=L+uplo=L+transA=N+diag=N,policy-v1,policy,jvm-c/policy-v1,jmh-average-time-v1,200000000,1,1,score-times-operations
4,sptrsm+129x8+sparse-triangular+density=0.02+mode=oneshot+side=L+uplo=L+transA=N+diag=N,jvm-c/c/c-sparse/packed-4x4,5,2,1,3,25550,200146210,7833.511154598826,ns,ok,direct,oneshot,a038f25ac66821574b30392dc1d3b189cc287e2c,true,kotlin-2.4.10/jvm/Eclipse Adoptium/25.0.1/JMH 1.37/forks=1,1,3,200000000,sptrsm-v1+129x8+sparse-triangular+density=0.02+mode=oneshot+side=L+uplo=L+transA=N+diag=N,policy-v1,policy,jvm-c/policy-v1,jmh-average-time-v1,200000000,1,1,score-times-operations
4,sptrsm+129x8+sparse-triangular+density=0.02+mode=oneshot+side=L+uplo=L+transA=N+diag=N,jvm-c/c/c-sparse/packed-4x4,5,2,1,4,25671,200181879,7797.977445366367,ns,ok,direct,oneshot,a038f25ac66821574b30392dc1d3b189cc287e2c,true,kotlin-2.4.10/jvm/Eclipse Adoptium/25.0.1/JMH 1.37/forks=1,1,3,200000000,sptrsm-v1+129x8+sparse-triangular+density=0.02+mode=oneshot+side=L+uplo=L+transA=N+diag=N,policy-v1,policy,jvm-c/policy-v1,jmh-average-time-v1,200000000,1,1,score-times-operations
4,sptrsm+129x8+sparse-triangular+density=0.02+mode=oneshot+side=L+uplo=L+transA=N+diag=N,jvm-c/c/c-sparse/packed-4x4,5,2,1,5,26160,200188050,7652.448394495413,ns,ok,direct,oneshot,a038f25ac66821574b30392dc1d3b189cc287e2c,true,kotlin-2.4.10/jvm/Eclipse Adoptium/25.0.1/JMH 1.37/forks=1,1,3,200000000,sptrsm-v1+129x8+sparse-triangular+density=0.02+mode=oneshot+side=L+uplo=L+transA=N+diag=N,policy-v1,policy,jvm-c/policy-v1,jmh-average-time-v1,200000000,1,1,score-times-operations
4,sptrmm+129x8+sparse-triangular+density=0.02+mode=oneshot+side=L+uplo=U+transA=T+diag=U,jvm-c/c/c-sparse/packed-4x4,5,2,1,1,35524,200267186,5637.517903389258,ns,ok,direct,oneshot,a038f25ac66821574b30392dc1d3b189cc287e2c,true,kotlin-2.4.10/jvm/Eclipse Adoptium/25.0.1/JMH 1.37/forks=1,1,3,200000000,sptrmm-v1+129x8+sparse-triangular+density=0.02+mode=oneshot+side=L+uplo=U+transA=T+diag=U,policy-v1,policy,jvm-c/policy-v1,jmh-average-time-v1,200000000,1,1,score-times-operations
4,sptrmm+129x8+sparse-triangular+density=0.02+mode=oneshot+side=L+uplo=U+transA=T+diag=U,jvm-c/c/c-sparse/packed-4x4,5,2,1,2,36096,200204884,5546.456227836879,ns,ok,direct,oneshot,a038f25ac66821574b30392dc1d3b189cc287e2c,true,kotlin-2.4.10/jvm/Eclipse Adoptium/25.0.1/JMH 1.37/forks=1,1,3,200000000,sptrmm-v1+129x8+sparse-triangular+density=0.02+mode=oneshot+side=L+uplo=U+transA=T+diag=U,policy-v1,policy,jvm-c/policy-v1,jmh-average-time-v1,200000000,1,1,score-times-operations
4,sptrmm+129x8+sparse-triangular+density=0.02+mode=oneshot+side=L+uplo=U+transA=T+diag=U,jvm-c/c/c-sparse/packed-4x4,5,2,1,3,36241,200163743,5523.129687370658,ns,ok,direct,oneshot,a038f25ac66821574b30392dc1d3b189cc287e2c,true,kotlin-2.4.10/jvm/Eclipse Adoptium/25.0.1/JMH 1.37/forks=1,1,3,200000000,sptrmm-v1+129x8+sparse-triangular+density=0.02+mode=oneshot+side=L+uplo=U+transA=T+diag=U,policy-v1,policy,jvm-c/policy-v1,jmh-average-time-v1,200000000,1,1,score-times-operations
4,sptrmm+129x8+sparse-triangular+density=0.02+mode=oneshot+side=L+uplo=U+transA=T+diag=U,jvm-c/c/c-sparse/packed-4x4,5,2,1,4,37530,200128305,5332.488808952838,ns,ok,direct,oneshot,a038f25ac66821574b30392dc1d3b189cc287e2c,true,kotlin-2.4.10/jvm/Eclipse Adoptium/25.0.1/JMH 1.37/forks=1,1,3,200000000,sptrmm-v1+129x8+sparse-triangular+density=0.02+mode=oneshot+side=L+uplo=U+transA=T+diag=U,policy-v1,policy,jvm-c/policy-v1,jmh-average-time-v1,200000000,1,1,score-times-operations
4,sptrmm+129x8+sparse-triangular+density=0.02+mode=oneshot+side=L+uplo=U+transA=T+diag=U,jvm-c/c/c-sparse/packed-4x4,5,2,1,5,36235,200176454,5524.395032427211,ns,ok,direct,oneshot,a038f25ac66821574b30392dc1d3b189cc287e2c,true,kotlin-2.4.10/jvm/Eclipse Adoptium/25.0.1/JMH 1.37/forks=1,1,3,200000000,sptrmm-v1+129x8+sparse-triangular+density=0.02+mode=oneshot+side=L+uplo=U+transA=T+diag=U,policy-v1,policy,jvm-c/policy-v1,jmh-average-time-v1,200000000,1,1,score-times-operations
4,spsyrk-dense+129x65+sparse-uniform+density=0.02+uplo=U,jvm-c/c/c-sparse/packed-4x4,5,2,1,1,21842,200178177,9164.828175075543,ns,ok,direct,oneshot,a038f25ac66821574b30392dc1d3b189cc287e2c,true,kotlin-2.4.10/jvm/Eclipse Adoptium/25.0.1/JMH 1.37/forks=1,1,3,200000000,spsyrk-dense-v1+129x65+sparse-uniform+density=0.02+uplo=U,policy-v1,policy,jvm-c/policy-v1,jmh-average-time-v1,200000000,1,1,score-times-operations
4,spsyrk-dense+129x65+sparse-uniform+density=0.02+uplo=U,jvm-c/c/c-sparse/packed-4x4,5,2,1,2,20394,200303145,9821.670344218888,ns,ok,direct,oneshot,a038f25ac66821574b30392dc1d3b189cc287e2c,true,kotlin-2.4.10/jvm/Eclipse Adoptium/25.0.1/JMH 1.37/forks=1,1,3,200000000,spsyrk-dense-v1+129x65+sparse-uniform+density=0.02+uplo=U,policy-v1,policy,jvm-c/policy-v1,jmh-average-time-v1,200000000,1,1,score-times-operations
4,spsyrk-dense+129x65+sparse-uniform+density=0.02+uplo=U,jvm-c/c/c-sparse/packed-4x4,5,2,1,3,23910,200200746,8373.096863237139,ns,ok,direct,oneshot,a038f25ac66821574b30392dc1d3b189cc287e2c,true,kotlin-2.4.10/jvm/Eclipse Adoptium/25.0.1/JMH 1.37/forks=1,1,3,200000000,spsyrk-dense-v1+129x65+sparse-uniform+density=0.02+uplo=U,policy-v1,policy,jvm-c/policy-v1,jmh-average-time-v1,200000000,1,1,score-times-operations
4,spsyrk-dense+129x65+sparse-uniform+density=0.02+uplo=U,jvm-c/c/c-sparse/packed-4x4,5,2,1,4,25735,200181749,7778.5797163396155,ns,ok,direct,oneshot,a038f25ac66821574b30392dc1d3b189cc287e2c,true,kotlin-2.4.10/jvm/Eclipse Adoptium/25.0.1/JMH 1.37/forks=1,1,3,200000000,spsyrk-dense-v1+129x65+sparse-uniform+density=0.02+uplo=U,policy-v1,policy,jvm-c/policy-v1,jmh-average-time-v1,200000000,1,1,score-times-operations
4,spsyrk-dense+129x65+sparse-uniform+density=0.02+uplo=U,jvm-c/c/c-sparse/packed-4x4,5,2,1,5,26214,200150787,7635.2631036850535,ns,ok,direct,oneshot,a038f25ac66821574b30392dc1d3b189cc287e2c,true,kotlin-2.4.10/jvm/Eclipse Adoptium/25.0.1/JMH 1.37/forks=1,1,3,200000000,spsyrk-dense-v1+129x65+sparse-uniform+density=0.02+uplo=U,policy-v1,policy,jvm-c/policy-v1,jmh-average-time-v1,200000000,1,1,score-times-operations
4,spsyrk-sparse+129x65+sparse-uniform+density=0.02+uplo=L,jvm-c/c/c-sparse/packed-4x4,5,2,1,1,36939,200105951,5417.200005414332,ns,ok,partial,oneshot,a038f25ac66821574b30392dc1d3b189cc287e2c,true,kotlin-2.4.10/jvm/Eclipse Adoptium/25.0.1/JMH 1.37/forks=1,1,3,200000000,spsyrk-sparse-v1+129x65+sparse-uniform+density=0.02+uplo=L,policy-v1,policy,jvm-c/policy-v1,jmh-average-time-v1,200000000,1,1,score-times-operations
4,spsyrk-sparse+129x65+sparse-uniform+density=0.02+uplo=L,jvm-c/c/c-sparse/packed-4x4,5,2,1,2,38294,200115792,5225.774063822008,ns,ok,partial,oneshot,a038f25ac66821574b30392dc1d3b189cc287e2c,true,kotlin-2.4.10/jvm/Eclipse Adoptium/25.0.1/JMH 1.37/forks=1,1,3,200000000,spsyrk-sparse-v1+129x65+sparse-uniform+density=0.02+uplo=L,policy-v1,policy,jvm-c/policy-v1,jmh-average-time-v1,200000000,1,1,score-times-operations
4,spsyrk-sparse+129x65+sparse-uniform+density=0.02+uplo=L,jvm-c/c/c-sparse/packed-4x4,5,2,1,3,38899,200177611,5146.086300419034,ns,ok,partial,oneshot,a038f25ac66821574b30392dc1d3b189cc287e2c,true,kotlin-2.4.10/jvm/Eclipse Adoptium/25.0.1/JMH 1.37/forks=1,1,3,200000000,spsyrk-sparse-v1+129x65+sparse-uniform+density=0.02+uplo=L,policy-v1,policy,jvm-c/policy-v1,jmh-average-time-v1,200000000,1,1,score-times-operations
4,spsyrk-sparse+129x65+sparse-uniform+density=0.02+uplo=L,jvm-c/c/c-sparse/packed-4x4,5,2,1,4,36415,200261841,5499.432678841137,ns,ok,partial,oneshot,a038f25ac66821574b30392dc1d3b189cc287e2c,true,kotlin-2.4.10/jvm/Eclipse Adoptium/25.0.1/JMH 1.37/forks=1,1,3,200000000,spsyrk-sparse-v1+129x65+sparse-uniform+density=0.02+uplo=L,policy-v1,policy,jvm-c/policy-v1,jmh-average-time-v1,200000000,1,1,score-times-operations
4,spsyrk-sparse+129x65+sparse-uniform+density=0.02+uplo=L,jvm-c/c/c-sparse/packed-4x4,5,2,1,5,38593,200209763,5187.722203508409,ns,ok,partial,oneshot,a038f25ac66821574b30392dc1d3b189cc287e2c,true,kotlin-2.4.10/jvm/Eclipse Adoptium/25.0.1/JMH 1.37/forks=1,1,3,200000000,spsyrk-sparse-v1+129x65+sparse-uniform+density=0.02+uplo=L,policy-v1,policy,jvm-c/policy-v1,jmh-average-time-v1,200000000,1,1,score-times-operations
4,spadd+129x65+sparse-uniform+density=0.02,jvm-c/c/c-sparse/packed-4x4,5,2,1,1,108114,200315687,1852.8191261076272,ns,ok,partial,oneshot,a038f25ac66821574b30392dc1d3b189cc287e2c,true,kotlin-2.4.10/jvm/Eclipse Adoptium/25.0.1/JMH 1.37/forks=1,1,3,200000000,spadd-v1+129x65+sparse-uniform+density=0.02,policy-v1,policy,jvm-c/policy-v1,jmh-average-time-v1,200000000,1,1,score-times-operations
4,spadd+129x65+sparse-uniform+density=0.02,jvm-c/c/c-sparse/packed-4x4,5,2,1,2,85063,200225355,2353.8477951635846,ns,ok,partial,oneshot,a038f25ac66821574b30392dc1d3b189cc287e2c,true,kotlin-2.4.10/jvm/Eclipse Adoptium/25.0.1/JMH 1.37/forks=1,1,3,200000000,spadd-v1+129x65+sparse-uniform+density=0.02,policy-v1,policy,jvm-c/policy-v1,jmh-average-time-v1,200000000,1,1,score-times-operations
4,spadd+129x65+sparse-uniform+density=0.02,jvm-c/c/c-sparse/packed-4x4,5,2,1,3,113434,200213432,1765.02135162297,ns,ok,partial,oneshot,a038f25ac66821574b30392dc1d3b189cc287e2c,true,kotlin-2.4.10/jvm/Eclipse Adoptium/25.0.1/JMH 1.37/forks=1,1,3,200000000,spadd-v1+129x65+sparse-uniform+density=0.02,policy-v1,policy,jvm-c/policy-v1,jmh-average-time-v1,200000000,1,1,score-times-operations
4,spadd+129x65+sparse-uniform+density=0.02,jvm-c/c/c-sparse/packed-4x4,5,2,1,4,112119,200099849,1784.709540755804,ns,ok,partial,oneshot,a038f25ac66821574b30392dc1d3b189cc287e2c,true,kotlin-2.4.10/jvm/Eclipse Adoptium/25.0.1/JMH 1.37/forks=1,1,3,200000000,spadd-v1+129x65+sparse-uniform+density=0.02,policy-v1,policy,jvm-c/policy-v1,jmh-average-time-v1,200000000,1,1,score-times-operations
4,spadd+129x65+sparse-uniform+density=0.02,jvm-c/c/c-sparse/packed-4x4,5,2,1,5,110550,200157990,1810.56526458616,ns,ok,partial,oneshot,a038f25ac66821574b30392dc1d3b189cc287e2c,true,kotlin-2.4.10/jvm/Eclipse Adoptium/25.0.1/JMH 1.37/forks=1,1,3,200000000,spadd-v1+129x65+sparse-uniform+density=0.02,policy-v1,policy,jvm-c/policy-v1,jmh-average-time-v1,200000000,1,1,score-times-operations
4,sparse-slices-scatter+512+sparse-uniform+density=0.25,jvm-c/c/c-sparse/packed-4x4,5,2,1,1,717730,200130533,278.8381884552687,ns,ok,unsupported,sparse-slices,a038f25ac66821574b30392dc1d3b189cc287e2c,true,kotlin-2.4.10/jvm/Eclipse Adoptium/25.0.1/JMH 1.37/forks=1,1,3,200000000,sparse-slices-scatter-v1+512+sparse-uniform+density=0.25,policy-v1,policy,jvm-c/policy-v1,jmh-average-time-v1,200000000,1,1,score-times-operations
4,sparse-slices-scatter+512+sparse-uniform+density=0.25,jvm-c/c/c-sparse/packed-4x4,5,2,1,2,746833,200243075,268.1229605547693,ns,ok,unsupported,sparse-slices,a038f25ac66821574b30392dc1d3b189cc287e2c,true,kotlin-2.4.10/jvm/Eclipse Adoptium/25.0.1/JMH 1.37/forks=1,1,3,200000000,sparse-slices-scatter-v1+512+sparse-uniform+density=0.25,policy-v1,policy,jvm-c/policy-v1,jmh-average-time-v1,200000000,1,1,score-times-operations
4,sparse-slices-scatter+512+sparse-uniform+density=0.25,jvm-c/c/c-sparse/packed-4x4,5,2,1,3,805753,200138071,248.38638019343398,ns,ok,unsupported,sparse-slices,a038f25ac66821574b30392dc1d3b189cc287e2c,true,kotlin-2.4.10/jvm/Eclipse Adoptium/25.0.1/JMH 1.37/forks=1,1,3,200000000,sparse-slices-scatter-v1+512+sparse-uniform+density=0.25,policy-v1,policy,jvm-c/policy-v1,jmh-average-time-v1,200000000,1,1,score-times-operations
4,sparse-slices-scatter+512+sparse-uniform+density=0.25,jvm-c/c/c-sparse/packed-4x4,5,2,1,4,829848,200100665,241.12929717249423,ns,ok,unsupported,sparse-slices,a038f25ac66821574b30392dc1d3b189cc287e2c,true,kotlin-2.4.10/jvm/Eclipse Adoptium/25.0.1/JMH 1.37/forks=1,1,3,200000000,sparse-slices-scatter-v1+512+sparse-uniform+density=0.25,policy-v1,policy,jvm-c/policy-v1,jmh-average-time-v1,200000000,1,1,score-times-operations
4,sparse-slices-scatter+512+sparse-uniform+density=0.25,jvm-c/c/c-sparse/packed-4x4,5,2,1,5,835942,200132839,239.40995786789037,ns,ok,unsupported,sparse-slices,a038f25ac66821574b30392dc1d3b189cc287e2c,true,kotlin-2.4.10/jvm/Eclipse Adoptium/25.0.1/JMH 1.37/forks=1,1,3,200000000,sparse-slices-scatter-v1+512+sparse-uniform+density=0.25,policy-v1,policy,jvm-c/policy-v1,jmh-average-time-v1,200000000,1,1,score-times-operations
4,sparse-slices-scatter-checked+512+sparse-uniform+density=0.25,jvm-c/c/c-sparse/packed-4x4,5,2,1,1,425967,200098604,469.75142205851625,ns,ok,unsupported,sparse-slices,a038f25ac66821574b30392dc1d3b189cc287e2c,true,kotlin-2.4.10/jvm/Eclipse Adoptium/25.0.1/JMH 1.37/forks=1,1,3,200000000,sparse-slices-scatter-checked-v1+512+sparse-uniform+density=0.25,policy-v1,policy,jvm-c/policy-v1,jmh-average-time-v1,200000000,1,1,score-times-operations
4,sparse-slices-scatter-checked+512+sparse-uniform+density=0.25,jvm-c/c/c-sparse/packed-4x4,5,2,1,2,430027,200107036,465.33598122908563,ns,ok,unsupported,sparse-slices,a038f25ac66821574b30392dc1d3b189cc287e2c,true,kotlin-2.4.10/jvm/Eclipse Adoptium/25.0.1/JMH 1.37/forks=1,1,3,200000000,sparse-slices-scatter-checked-v1+512+sparse-uniform+density=0.25,policy-v1,policy,jvm-c/policy-v1,jmh-average-time-v1,200000000,1,1,score-times-operations
4,sparse-slices-scatter-checked+512+sparse-uniform+density=0.25,jvm-c/c/c-sparse/packed-4x4,5,2,1,3,420246,200103538,476.1581026351232,ns,ok,unsupported,sparse-slices,a038f25ac66821574b30392dc1d3b189cc287e2c,true,kotlin-2.4.10/jvm/Eclipse Adoptium/25.0.1/JMH 1.37/forks=1,1,3,200000000,sparse-slices-scatter-checked-v1+512+sparse-uniform+density=0.25,policy-v1,policy,jvm-c/policy-v1,jmh-average-time-v1,200000000,1,1,score-times-operations
4,sparse-slices-scatter-checked+512+sparse-uniform+density=0.25,jvm-c/c/c-sparse/packed-4x4,5,2,1,4,434528,200237590,460.8163110317402,ns,ok,unsupported,sparse-slices,a038f25ac66821574b30392dc1d3b189cc287e2c,true,kotlin-2.4.10/jvm/Eclipse Adoptium/25.0.1/JMH 1.37/forks=1,1,3,200000000,sparse-slices-scatter-checked-v1+512+sparse-uniform+density=0.25,policy-v1,policy,jvm-c/policy-v1,jmh-average-time-v1,200000000,1,1,score-times-operations
4,sparse-slices-scatter-checked+512+sparse-uniform+density=0.25,jvm-c/c/c-sparse/packed-4x4,5,2,1,5,447751,200272488,447.2854063977523,ns,ok,unsupported,sparse-slices,a038f25ac66821574b30392dc1d3b189cc287e2c,true,kotlin-2.4.10/jvm/Eclipse Adoptium/25.0.1/JMH 1.37/forks=1,1,3,200000000,sparse-slices-scatter-checked-v1+512+sparse-uniform+density=0.25,policy-v1,policy,jvm-c/policy-v1,jmh-average-time-v1,200000000,1,1,score-times-operations
4,sparse-slices-gather+512+sparse-uniform+density=0.25,jvm-c/c/c-sparse/packed-4x4,5,2,1,1,2311724,200196790,86.6006452327354,ns,ok,unsupported,sparse-slices,a038f25ac66821574b30392dc1d3b189cc287e2c,true,kotlin-2.4.10/jvm/Eclipse Adoptium/25.0.1/JMH 1.37/forks=1,1,3,200000000,sparse-slices-gather-v1+512+sparse-uniform+density=0.25,policy-v1,policy,jvm-c/policy-v1,jmh-average-time-v1,200000000,1,1,score-times-operations
4,sparse-slices-gather+512+sparse-uniform+density=0.25,jvm-c/c/c-sparse/packed-4x4,5,2,1,2,2262819,200236188,88.48970598178643,ns,ok,unsupported,sparse-slices,a038f25ac66821574b30392dc1d3b189cc287e2c,true,kotlin-2.4.10/jvm/Eclipse Adoptium/25.0.1/JMH 1.37/forks=1,1,3,200000000,sparse-slices-gather-v1+512+sparse-uniform+density=0.25,policy-v1,policy,jvm-c/policy-v1,jmh-average-time-v1,200000000,1,1,score-times-operations
4,sparse-slices-gather+512+sparse-uniform+density=0.25,jvm-c/c/c-sparse/packed-4x4,5,2,1,3,2251106,200222970,88.94426561876695,ns,ok,unsupported,sparse-slices,a038f25ac66821574b30392dc1d3b189cc287e2c,true,kotlin-2.4.10/jvm/Eclipse Adoptium/25.0.1/JMH 1.37/forks=1,1,3,200000000,sparse-slices-gather-v1+512+sparse-uniform+density=0.25,policy-v1,policy,jvm-c/policy-v1,jmh-average-time-v1,200000000,1,1,score-times-operations
4,sparse-slices-gather+512+sparse-uniform+density=0.25,jvm-c/c/c-sparse/packed-4x4,5,2,1,4,2265369,200207625,88.37748949508888,ns,ok,unsupported,sparse-slices,a038f25ac66821574b30392dc1d3b189cc287e2c,true,kotlin-2.4.10/jvm/Eclipse Adoptium/25.0.1/JMH 1.37/forks=1,1,3,200000000,sparse-slices-gather-v1+512+sparse-uniform+density=0.25,policy-v1,policy,jvm-c/policy-v1,jmh-average-time-v1,200000000,1,1,score-times-operations
4,sparse-slices-gather+512+sparse-uniform+density=0.25,jvm-c/c/c-sparse/packed-4x4,5,2,1,5,2171310,200151835,92.1802206962617,ns,ok,unsupported,sparse-slices,a038f25ac66821574b30392dc1d3b189cc287e2c,true,kotlin-2.4.10/jvm/Eclipse Adoptium/25.0.1/JMH 1.37/forks=1,1,3,200000000,sparse-slices-gather-v1+512+sparse-uniform+density=0.25,policy-v1,policy,jvm-c/policy-v1,jmh-average-time-v1,200000000,1,1,score-times-operations
4,sparse-slices-gather-clear+512+sparse-uniform+density=0.25,jvm-c/c/c-sparse/packed-4x4,5,2,1,1,848688,200176283,235.86557486378976,ns,ok,unsupported,sparse-slices,a038f25ac66821574b30392dc1d3b189cc287e2c,true,kotlin-2.4.10/jvm/Eclipse Adoptium/25.0.1/JMH 1.37/forks=1,1,3,200000000,sparse-slices-gather-clear-v1+512+sparse-uniform+density=0.25,policy-v1,policy,jvm-c/policy-v1,jmh-average-time-v1,200000000,1,1,score-times-operations
4,sparse-slices-gather-clear+512+sparse-uniform+density=0.25,jvm-c/c/c-sparse/packed-4x4,5,2,1,2,874409,200248040,229.00958247227555,ns,ok,unsupported,sparse-slices,a038f25ac66821574b30392dc1d3b189cc287e2c,true,kotlin-2.4.10/jvm/Eclipse Adoptium/25.0.1/JMH 1.37/forks=1,1,3,200000000,sparse-slices-gather-clear-v1+512+sparse-uniform+density=0.25,policy-v1,policy,jvm-c/policy-v1,jmh-average-time-v1,200000000,1,1,score-times-operations
4,sparse-slices-gather-clear+512+sparse-uniform+density=0.25,jvm-c/c/c-sparse/packed-4x4,5,2,1,3,877057,200254889,228.32596855164488,ns,ok,unsupported,sparse-slices,a038f25ac66821574b30392dc1d3b189cc287e2c,true,kotlin-2.4.10/jvm/Eclipse Adoptium/25.0.1/JMH 1.37/forks=1,1,3,200000000,sparse-slices-gather-clear-v1+512+sparse-uniform+density=0.25,policy-v1,policy,jvm-c/policy-v1,jmh-average-time-v1,200000000,1,1,score-times-operations
4,sparse-slices-gather-clear+512+sparse-uniform+density=0.25,jvm-c/c/c-sparse/packed-4x4,5,2,1,4,869508,200150985,230.1887791716695,ns,ok,unsupported,sparse-slices,a038f25ac66821574b30392dc1d3b189cc287e2c,true,kotlin-2.4.10/jvm/Eclipse Adoptium/25.0.1/JMH 1.37/forks=1,1,3,200000000,sparse-slices-gather-clear-v1+512+sparse-uniform+density=0.25,policy-v1,policy,jvm-c/policy-v1,jmh-average-time-v1,200000000,1,1,score-times-operations
4,sparse-slices-gather-clear+512+sparse-uniform+density=0.25,jvm-c/c/c-sparse/packed-4x4,5,2,1,5,876557,200199591,228.39312332227112,ns,ok,unsupported,sparse-slices,a038f25ac66821574b30392dc1d3b189cc287e2c,true,kotlin-2.4.10/jvm/Eclipse Adoptium/25.0.1/JMH 1.37/forks=1,1,3,200000000,sparse-slices-gather-clear-v1+512+sparse-uniform+density=0.25,policy-v1,policy,jvm-c/policy-v1,jmh-average-time-v1,200000000,1,1,score-times-operations
4,sparse-slices-clear+512+sparse-uniform+density=0.25,jvm-c/c/c-sparse/packed-4x4,5,2,1,1,1397837,200147290,143.18356861350787,ns,ok,unsupported,sparse-slices,a038f25ac66821574b30392dc1d3b189cc287e2c,true,kotlin-2.4.10/jvm/Eclipse Adoptium/25.0.1/JMH 1.37/forks=1,1,3,200000000,sparse-slices-clear-v1+512+sparse-uniform+density=0.25,policy-v1,policy,jvm-c/policy-v1,jmh-average-time-v1,200000000,1,1,score-times-operations
4,sparse-slices-clear+512+sparse-uniform+density=0.25,jvm-c/c/c-sparse/packed-4x4,5,2,1,2,1386027,200187913,144.43291003710607,ns,ok,unsupported,sparse-slices,a038f25ac66821574b30392dc1d3b189cc287e2c,true,kotlin-2.4.10/jvm/Eclipse Adoptium/25.0.1/JMH 1.37/forks=1,1,3,200000000,sparse-slices-clear-v1+512+sparse-uniform+density=0.25,policy-v1,policy,jvm-c/policy-v1,jmh-average-time-v1,200000000,1,1,score-times-operations
4,sparse-slices-clear+512+sparse-uniform+density=0.25,jvm-c/c/c-sparse/packed-4x4,5,2,1,3,1309980,200277069,152.88559290981541,ns,ok,unsupported,sparse-slices,a038f25ac66821574b30392dc1d3b189cc287e2c,true,kotlin-2.4.10/jvm/Eclipse Adoptium/25.0.1/JMH 1.37/forks=1,1,3,200000000,sparse-slices-clear-v1+512+sparse-uniform+density=0.25,policy-v1,policy,jvm-c/policy-v1,jmh-average-time-v1,200000000,1,1,score-times-operations
4,sparse-slices-clear+512+sparse-uniform+density=0.25,jvm-c/c/c-sparse/packed-4x4,5,2,1,4,1347256,200205443,148.6023762373298,ns,ok,unsupported,sparse-slices,a038f25ac66821574b30392dc1d3b189cc287e2c,true,kotlin-2.4.10/jvm/Eclipse Adoptium/25.0.1/JMH 1.37/forks=1,1,3,200000000,sparse-slices-clear-v1+512+sparse-uniform+density=0.25,policy-v1,policy,jvm-c/policy-v1,jmh-average-time-v1,200000000,1,1,score-times-operations
4,sparse-slices-clear+512+sparse-uniform+density=0.25,jvm-c/c/c-sparse/packed-4x4,5,2,1,5,1387026,200177540,144.32140421304288,ns,ok,unsupported,sparse-slices,a038f25ac66821574b30392dc1d3b189cc287e2c,true,kotlin-2.4.10/jvm/Eclipse Adoptium/25.0.1/JMH 1.37/forks=1,1,3,200000000,sparse-slices-clear-v1+512+sparse-uniform+density=0.25,policy-v1,policy,jvm-c/policy-v1,jmh-average-time-v1,200000000,1,1,score-times-operations
4,sparse-slices-clear-local+512+sparse-uniform+density=0.25,jvm-c/c/c-sparse/packed-4x4,5,2,1,1,1531326,200093347,130.66672086805815,ns,ok,unsupported,sparse-slices,a038f25ac66821574b30392dc1d3b189cc287e2c,true,kotlin-2.4.10/jvm/Eclipse Adoptium/25.0.1/JMH 1.37/forks=1,1,3,200000000,sparse-slices-clear-local-v1+512+sparse-uniform+density=0.25,policy-v1,policy,jvm-c/policy-v1,jmh-average-time-v1,200000000,1,1,score-times-operations
4,sparse-slices-clear-local+512+sparse-uniform+density=0.25,jvm-c/c/c-sparse/packed-4x4,5,2,1,2,1590418,200091203,125.81044920266244,ns,ok,unsupported,sparse-slices,a038f25ac66821574b30392dc1d3b189cc287e2c,true,kotlin-2.4.10/jvm/Eclipse Adoptium/25.0.1/JMH 1.37/forks=1,1,3,200000000,sparse-slices-clear-local-v1+512+sparse-uniform+density=0.25,policy-v1,policy,jvm-c/policy-v1,jmh-average-time-v1,200000000,1,1,score-times-operations
4,sparse-slices-clear-local+512+sparse-uniform+density=0.25,jvm-c/c/c-sparse/packed-4x4,5,2,1,3,1554340,200088546,128.72894347440072,ns,ok,unsupported,sparse-slices,a038f25ac66821574b30392dc1d3b189cc287e2c,true,kotlin-2.4.10/jvm/Eclipse Adoptium/25.0.1/JMH 1.37/forks=1,1,3,200000000,sparse-slices-clear-local-v1+512+sparse-uniform+density=0.25,policy-v1,policy,jvm-c/policy-v1,jmh-average-time-v1,200000000,1,1,score-times-operations
4,sparse-slices-clear-local+512+sparse-uniform+density=0.25,jvm-c/c/c-sparse/packed-4x4,5,2,1,4,1516166,200097850,131.97621500548092,ns,ok,unsupported,sparse-slices,a038f25ac66821574b30392dc1d3b189cc287e2c,true,kotlin-2.4.10/jvm/Eclipse Adoptium/25.0.1/JMH 1.37/forks=1,1,3,200000000,sparse-slices-clear-local-v1+512+sparse-uniform+density=0.25,policy-v1,policy,jvm-c/policy-v1,jmh-average-time-v1,200000000,1,1,score-times-operations
4,sparse-slices-clear-local+512+sparse-uniform+density=0.25,jvm-c/c/c-sparse/packed-4x4,5,2,1,5,1446266,200096231,138.35368528334345,ns,ok,unsupported,sparse-slices,a038f25ac66821574b30392dc1d3b189cc287e2c,true,kotlin-2.4.10/jvm/Eclipse Adoptium/25.0.1/JMH 1.37/forks=1,1,3,200000000,sparse-slices-clear-local-v1+512+sparse-uniform+density=0.25,policy-v1,policy,jvm-c/policy-v1,jmh-average-time-v1,200000000,1,1,score-times-operations
4,sparse-slices-reduce-dot-checked+512+sparse-uniform+density=0.25,jvm-c/c/c-sparse/packed-4x4,5,2,1,1,453047,200148817,441.78378181513176,ns,ok,unsupported,sparse-slices,a038f25ac66821574b30392dc1d3b189cc287e2c,true,kotlin-2.4.10/jvm/Eclipse Adoptium/25.0.1/JMH 1.37/forks=1,1,3,200000000,sparse-slices-reduce-dot-checked-v1+512+sparse-uniform+density=0.25,policy-v1,policy,jvm-c/policy-v1,jmh-average-time-v1,200000000,1,1,score-times-operations
4,sparse-slices-reduce-dot-checked+512+sparse-uniform+density=0.25,jvm-c/c/c-sparse/packed-4x4,5,2,1,2,441236,200249442,453.837497393685,ns,ok,unsupported,sparse-slices,a038f25ac66821574b30392dc1d3b189cc287e2c,true,kotlin-2.4.10/jvm/Eclipse Adoptium/25.0.1/JMH 1.37/forks=1,1,3,200000000,sparse-slices-reduce-dot-checked-v1+512+sparse-uniform+density=0.25,policy-v1,policy,jvm-c/policy-v1,jmh-average-time-v1,200000000,1,1,score-times-operations
4,sparse-slices-reduce-dot-checked+512+sparse-uniform+density=0.25,jvm-c/c/c-sparse/packed-4x4,5,2,1,3,462097,200116230,433.0610889055761,ns,ok,unsupported,sparse-slices,a038f25ac66821574b30392dc1d3b189cc287e2c,true,kotlin-2.4.10/jvm/Eclipse Adoptium/25.0.1/JMH 1.37/forks=1,1,3,200000000,sparse-slices-reduce-dot-checked-v1+512+sparse-uniform+density=0.25,policy-v1,policy,jvm-c/policy-v1,jmh-average-time-v1,200000000,1,1,score-times-operations
4,sparse-slices-reduce-dot-checked+512+sparse-uniform+density=0.25,jvm-c/c/c-sparse/packed-4x4,5,2,1,4,455928,200137898,438.96820989279007,ns,ok,unsupported,sparse-slices,a038f25ac66821574b30392dc1d3b189cc287e2c,true,kotlin-2.4.10/jvm/Eclipse Adoptium/25.0.1/JMH 1.37/forks=1,1,3,200000000,sparse-slices-reduce-dot-checked-v1+512+sparse-uniform+density=0.25,policy-v1,policy,jvm-c/policy-v1,jmh-average-time-v1,200000000,1,1,score-times-operations
4,sparse-slices-reduce-dot-checked+512+sparse-uniform+density=0.25,jvm-c/c/c-sparse/packed-4x4,5,2,1,5,457527,200239276,437.6556487376701,ns,ok,unsupported,sparse-slices,a038f25ac66821574b30392dc1d3b189cc287e2c,true,kotlin-2.4.10/jvm/Eclipse Adoptium/25.0.1/JMH 1.37/forks=1,1,3,200000000,sparse-slices-reduce-dot-checked-v1+512+sparse-uniform+density=0.25,policy-v1,policy,jvm-c/policy-v1,jmh-average-time-v1,200000000,1,1,score-times-operations
4,sparse-slices-reduce-dot-local+512+sparse-uniform+density=0.25,jvm-c/c/c-sparse/packed-4x4,5,2,1,1,571511,200128361,350.174119133315,ns,ok,unsupported,sparse-slices,a038f25ac66821574b30392dc1d3b189cc287e2c,true,kotlin-2.4.10/jvm/Eclipse Adoptium/25.0.1/JMH 1.37/forks=1,1,3,200000000,sparse-slices-reduce-dot-local-v1+512+sparse-uniform+density=0.25,policy-v1,policy,jvm-c/policy-v1,jmh-average-time-v1,200000000,1,1,score-times-operations
4,sparse-slices-reduce-dot-local+512+sparse-uniform+density=0.25,jvm-c/c/c-sparse/packed-4x4,5,2,1,2,569081,200251770,351.8862341213289,ns,ok,unsupported,sparse-slices,a038f25ac66821574b30392dc1d3b189cc287e2c,true,kotlin-2.4.10/jvm/Eclipse Adoptium/25.0.1/JMH 1.37/forks=1,1,3,200000000,sparse-slices-reduce-dot-local-v1+512+sparse-uniform+density=0.25,policy-v1,policy,jvm-c/policy-v1,jmh-average-time-v1,200000000,1,1,score-times-operations
4,sparse-slices-reduce-dot-local+512+sparse-uniform+density=0.25,jvm-c/c/c-sparse/packed-4x4,5,2,1,3,557427,200179431,359.11326684929145,ns,ok,unsupported,sparse-slices,a038f25ac66821574b30392dc1d3b189cc287e2c,true,kotlin-2.4.10/jvm/Eclipse Adoptium/25.0.1/JMH 1.37/forks=1,1,3,200000000,sparse-slices-reduce-dot-local-v1+512+sparse-uniform+density=0.25,policy-v1,policy,jvm-c/policy-v1,jmh-average-time-v1,200000000,1,1,score-times-operations
4,sparse-slices-reduce-dot-local+512+sparse-uniform+density=0.25,jvm-c/c/c-sparse/packed-4x4,5,2,1,4,578540,200164870,345.9827669651191,ns,ok,unsupported,sparse-slices,a038f25ac66821574b30392dc1d3b189cc287e2c,true,kotlin-2.4.10/jvm/Eclipse Adoptium/25.0.1/JMH 1.37/forks=1,1,3,200000000,sparse-slices-reduce-dot-local-v1+512+sparse-uniform+density=0.25,policy-v1,policy,jvm-c/policy-v1,jmh-average-time-v1,200000000,1,1,score-times-operations
4,sparse-slices-reduce-dot-local+512+sparse-uniform+density=0.25,jvm-c/c/c-sparse/packed-4x4,5,2,1,5,580753,200153026,344.6439811761627,ns,ok,unsupported,sparse-slices,a038f25ac66821574b30392dc1d3b189cc287e2c,true,kotlin-2.4.10/jvm/Eclipse Adoptium/25.0.1/JMH 1.37/forks=1,1,3,200000000,sparse-slices-reduce-dot-local-v1+512+sparse-uniform+density=0.25,policy-v1,policy,jvm-c/policy-v1,jmh-average-time-v1,200000000,1,1,score-times-operations
4,sparse-slices-reduce-dot-unchecked+512+sparse-uniform+density=0.25,jvm-c/c/c-sparse/packed-4x4,5,2,1,1,2076991,200135747,96.35850468297647,ns,ok,unsupported,sparse-slices,a038f25ac66821574b30392dc1d3b189cc287e2c,true,kotlin-2.4.10/jvm/Eclipse Adoptium/25.0.1/JMH 1.37/forks=1,1,3,200000000,sparse-slices-reduce-dot-unchecked-v1+512+sparse-uniform+density=0.25,policy-v1,policy,jvm-c/policy-v1,jmh-average-time-v1,200000000,1,1,score-times-operations
4,sparse-slices-reduce-dot-unchecked+512+sparse-uniform+density=0.25,jvm-c/c/c-sparse/packed-4x4,5,2,1,2,2067354,200189886,96.83386880040864,ns,ok,unsupported,sparse-slices,a038f25ac66821574b30392dc1d3b189cc287e2c,true,kotlin-2.4.10/jvm/Eclipse Adoptium/25.0.1/JMH 1.37/forks=1,1,3,200000000,sparse-slices-reduce-dot-unchecked-v1+512+sparse-uniform+density=0.25,policy-v1,policy,jvm-c/policy-v1,jmh-average-time-v1,200000000,1,1,score-times-operations
4,sparse-slices-reduce-dot-unchecked+512+sparse-uniform+density=0.25,jvm-c/c/c-sparse/packed-4x4,5,2,1,3,2085864,200193450,95.97627170323665,ns,ok,unsupported,sparse-slices,a038f25ac66821574b30392dc1d3b189cc287e2c,true,kotlin-2.4.10/jvm/Eclipse Adoptium/25.0.1/JMH 1.37/forks=1,1,3,200000000,sparse-slices-reduce-dot-unchecked-v1+512+sparse-uniform+density=0.25,policy-v1,policy,jvm-c/policy-v1,jmh-average-time-v1,200000000,1,1,score-times-operations
4,sparse-slices-reduce-dot-unchecked+512+sparse-uniform+density=0.25,jvm-c/c/c-sparse/packed-4x4,5,2,1,4,2109054,200187740,94.91826193165276,ns,ok,unsupported,sparse-slices,a038f25ac66821574b30392dc1d3b189cc287e2c,true,kotlin-2.4.10/jvm/Eclipse Adoptium/25.0.1/JMH 1.37/forks=1,1,3,200000000,sparse-slices-reduce-dot-unchecked-v1+512+sparse-uniform+density=0.25,policy-v1,policy,jvm-c/policy-v1,jmh-average-time-v1,200000000,1,1,score-times-operations
4,sparse-slices-reduce-dot-unchecked+512+sparse-uniform+density=0.25,jvm-c/c/c-sparse/packed-4x4,5,2,1,5,1967863,200109884,101.68893058104146,ns,ok,unsupported,sparse-slices,a038f25ac66821574b30392dc1d3b189cc287e2c,true,kotlin-2.4.10/jvm/Eclipse Adoptium/25.0.1/JMH 1.37/forks=1,1,3,200000000,sparse-slices-reduce-dot-unchecked-v1+512+sparse-uniform+density=0.25,policy-v1,policy,jvm-c/policy-v1,jmh-average-time-v1,200000000,1,1,score-times-operations
4,sparse-slices-max+512+sparse-uniform+density=0.25,jvm-c/c/c-sparse/packed-4x4,5,2,1,1,686805,200201494,291.4968499064509,ns,ok,unsupported,sparse-slices,a038f25ac66821574b30392dc1d3b189cc287e2c,true,kotlin-2.4.10/jvm/Eclipse Adoptium/25.0.1/JMH 1.37/forks=1,1,3,200000000,sparse-slices-max-v1+512+sparse-uniform+density=0.25,policy-v1,policy,jvm-c/policy-v1,jmh-average-time-v1,200000000,1,1,score-times-operations
4,sparse-slices-max+512+sparse-uniform+density=0.25,jvm-c/c/c-sparse/packed-4x4,5,2,1,2,679443,200163862,294.59993259184364,ns,ok,unsupported,sparse-slices,a038f25ac66821574b30392dc1d3b189cc287e2c,true,kotlin-2.4.10/jvm/Eclipse Adoptium/25.0.1/JMH 1.37/forks=1,1,3,200000000,sparse-slices-max-v1+512+sparse-uniform+density=0.25,policy-v1,policy,jvm-c/policy-v1,jmh-average-time-v1,200000000,1,1,score-times-operations
4,sparse-slices-max+512+sparse-uniform+density=0.25,jvm-c/c/c-sparse/packed-4x4,5,2,1,3,675842,200221672,296.2551483926717,ns,ok,unsupported,sparse-slices,a038f25ac66821574b30392dc1d3b189cc287e2c,true,kotlin-2.4.10/jvm/Eclipse Adoptium/25.0.1/JMH 1.37/forks=1,1,3,200000000,sparse-slices-max-v1+512+sparse-uniform+density=0.25,policy-v1,policy,jvm-c/policy-v1,jmh-average-time-v1,200000000,1,1,score-times-operations
4,sparse-slices-max+512+sparse-uniform+density=0.25,jvm-c/c/c-sparse/packed-4x4,5,2,1,4,708480,200181832,282.551140469738,ns,ok,unsupported,sparse-slices,a038f25ac66821574b30392dc1d3b189cc287e2c,true,kotlin-2.4.10/jvm/Eclipse Adoptium/25.0.1/JMH 1.37/forks=1,1,3,200000000,sparse-slices-max-v1+512+sparse-uniform+density=0.25,policy-v1,policy,jvm-c/policy-v1,jmh-average-time-v1,200000000,1,1,score-times-operations
4,sparse-slices-max+512+sparse-uniform+density=0.25,jvm-c/c/c-sparse/packed-4x4,5,2,1,5,706971,200208823,283.1924124186141,ns,ok,unsupported,sparse-slices,a038f25ac66821574b30392dc1d3b189cc287e2c,true,kotlin-2.4.10/jvm/Eclipse Adoptium/25.0.1/JMH 1.37/forks=1,1,3,200000000,sparse-slices-max-v1+512+sparse-uniform+density=0.25,policy-v1,policy,jvm-c/policy-v1,jmh-average-time-v1,200000000,1,1,score-times-operations
4,sparse-slices-filter+512+sparse-uniform+density=0.25,jvm-c/c/c-sparse/packed-4x4,5,2,1,1,1015611,200247988,197.16996763524617,ns,ok,unsupported,sparse-slices,a038f25ac66821574b30392dc1d3b189cc287e2c,true,kotlin-2.4.10/jvm/Eclipse Adoptium/25.0.1/JMH 1.37/forks=1,1,3,200000000,sparse-slices-filter-v1+512+sparse-uniform+density=0.25,policy-v1,policy,jvm-c/policy-v1,jmh-average-time-v1,200000000,1,1,score-times-operations
4,sparse-slices-filter+512+sparse-uniform+density=0.25,jvm-c/c/c-sparse/packed-4x4,5,2,1,2,995763,200187174,201.03897614191328,ns,ok,unsupported,sparse-slices,a038f25ac66821574b30392dc1d3b189cc287e2c,true,kotlin-2.4.10/jvm/Eclipse Adoptium/25.0.1/JMH 1.37/forks=1,1,3,200000000,sparse-slices-filter-v1+512+sparse-uniform+density=0.25,policy-v1,policy,jvm-c/policy-v1,jmh-average-time-v1,200000000,1,1,score-times-operations
4,sparse-slices-filter+512+sparse-uniform+density=0.25,jvm-c/c/c-sparse/packed-4x4,5,2,1,3,984106,200103510,203.3353216015348,ns,ok,unsupported,sparse-slices,a038f25ac66821574b30392dc1d3b189cc287e2c,true,kotlin-2.4.10/jvm/Eclipse Adoptium/25.0.1/JMH 1.37/forks=1,1,3,200000000,sparse-slices-filter-v1+512+sparse-uniform+density=0.25,policy-v1,policy,jvm-c/policy-v1,jmh-average-time-v1,200000000,1,1,score-times-operations
4,sparse-slices-filter+512+sparse-uniform+density=0.25,jvm-c/c/c-sparse/packed-4x4,5,2,1,4,965850,200085631,207.1601501268313,ns,ok,unsupported,sparse-slices,a038f25ac66821574b30392dc1d3b189cc287e2c,true,kotlin-2.4.10/jvm/Eclipse Adoptium/25.0.1/JMH 1.37/forks=1,1,3,200000000,sparse-slices-filter-v1+512+sparse-uniform+density=0.25,policy-v1,policy,jvm-c/policy-v1,jmh-average-time-v1,200000000,1,1,score-times-operations
4,sparse-slices-filter+512+sparse-uniform+density=0.25,jvm-c/c/c-sparse/packed-4x4,5,2,1,5,1003408,200132567,199.45283174939806,ns,ok,unsupported,sparse-slices,a038f25ac66821574b30392dc1d3b189cc287e2c,true,kotlin-2.4.10/jvm/Eclipse Adoptium/25.0.1/JMH 1.37/forks=1,1,3,200000000,sparse-slices-filter-v1+512+sparse-uniform+density=0.25,policy-v1,policy,jvm-c/policy-v1,jmh-average-time-v1,200000000,1,1,score-times-operations
4,gemm+257x3x1+uniform,jvm-c/c/c-sparse/packed-4x4,5,2,1,1,72069,200188735,2777.737099168852,ns,ok,direct,reset-and-arithmetic,a038f25ac66821574b30392dc1d3b189cc287e2c,true,kotlin-2.4.10/jvm/Eclipse Adoptium/25.0.1/JMH 1.37/forks=1,1,3,200000000,gemm-v1+257x3x1+uniform,policy-v1,policy,jvm-c/policy-v1,jmh-average-time-v1,200000000,1,1,score-times-operations
4,gemm+257x3x1+uniform,jvm-c/c/c-sparse/packed-4x4,5,2,1,2,69876,200235951,2865.5897733127254,ns,ok,direct,reset-and-arithmetic,a038f25ac66821574b30392dc1d3b189cc287e2c,true,kotlin-2.4.10/jvm/Eclipse Adoptium/25.0.1/JMH 1.37/forks=1,1,3,200000000,gemm-v1+257x3x1+uniform,policy-v1,policy,jvm-c/policy-v1,jmh-average-time-v1,200000000,1,1,score-times-operations
4,gemm+257x3x1+uniform,jvm-c/c/c-sparse/packed-4x4,5,2,1,3,69574,200149212,2876.781728806738,ns,ok,direct,reset-and-arithmetic,a038f25ac66821574b30392dc1d3b189cc287e2c,true,kotlin-2.4.10/jvm/Eclipse Adoptium/25.0.1/JMH 1.37/forks=1,1,3,200000000,gemm-v1+257x3x1+uniform,policy-v1,policy,jvm-c/policy-v1,jmh-average-time-v1,200000000,1,1,score-times-operations
4,gemm+257x3x1+uniform,jvm-c/c/c-sparse/packed-4x4,5,2,1,4,69735,200194460,2870.7888434788842,ns,ok,direct,reset-and-arithmetic,a038f25ac66821574b30392dc1d3b189cc287e2c,true,kotlin-2.4.10/jvm/Eclipse Adoptium/25.0.1/JMH 1.37/forks=1,1,3,200000000,gemm-v1+257x3x1+uniform,policy-v1,policy,jvm-c/policy-v1,jmh-average-time-v1,200000000,1,1,score-times-operations
4,gemm+257x3x1+uniform,jvm-c/c/c-sparse/packed-4x4,5,2,1,5,66891,200135393,2991.962939707883,ns,ok,direct,reset-and-arithmetic,a038f25ac66821574b30392dc1d3b189cc287e2c,true,kotlin-2.4.10/jvm/Eclipse Adoptium/25.0.1/JMH 1.37/forks=1,1,3,200000000,gemm-v1+257x3x1+uniform,policy-v1,policy,jvm-c/policy-v1,jmh-average-time-v1,200000000,1,1,score-times-operations
4,gemm+3x257x33+uniform,jvm-c/c/c-sparse/packed-4x4,5,2,1,1,11298,200211592,17720.976456009914,ns,ok,direct,reset-and-arithmetic,a038f25ac66821574b30392dc1d3b189cc287e2c,true,kotlin-2.4.10/jvm/Eclipse Adoptium/25.0.1/JMH 1.37/forks=1,1,3,200000000,gemm-v1+3x257x33+uniform,policy-v1,policy,jvm-c/policy-v1,jmh-average-time-v1,200000000,1,1,score-times-operations
4,gemm+3x257x33+uniform,jvm-c/c/c-sparse/packed-4x4,5,2,1,2,11117,200101560,17999.60061167581,ns,ok,direct,reset-and-arithmetic,a038f25ac66821574b30392dc1d3b189cc287e2c,true,kotlin-2.4.10/jvm/Eclipse Adoptium/25.0.1/JMH 1.37/forks=1,1,3,200000000,gemm-v1+3x257x33+uniform,policy-v1,policy,jvm-c/policy-v1,jmh-average-time-v1,200000000,1,1,score-times-operations
4,gemm+3x257x33+uniform,jvm-c/c/c-sparse/packed-4x4,5,2,1,3,11343,200105616,17641.33086485057,ns,ok,direct,reset-and-arithmetic,a038f25ac66821574b30392dc1d3b189cc287e2c,true,kotlin-2.4.10/jvm/Eclipse Adoptium/25.0.1/JMH 1.37/forks=1,1,3,200000000,gemm-v1+3x257x33+uniform,policy-v1,policy,jvm-c/policy-v1,jmh-average-time-v1,200000000,1,1,score-times-operations
4,gemm+3x257x33+uniform,jvm-c/c/c-sparse/packed-4x4,5,2,1,4,11307,200099731,17696.978066684354,ns,ok,direct,reset-and-arithmetic,a038f25ac66821574b30392dc1d3b189cc287e2c,true,kotlin-2.4.10/jvm/Eclipse Adoptium/25.0.1/JMH 1.37/forks=1,1,3,200000000,gemm-v1+3x257x33+uniform,policy-v1,policy,jvm-c/policy-v1,jmh-average-time-v1,200000000,1,1,score-times-operations
4,gemm+3x257x33+uniform,jvm-c/c/c-sparse/packed-4x4,5,2,1,5,11362,200097787,17611.14126034149,ns,ok,direct,reset-and-arithmetic,a038f25ac66821574b30392dc1d3b189cc287e2c,true,kotlin-2.4.10/jvm/Eclipse Adoptium/25.0.1/JMH 1.37/forks=1,1,3,200000000,gemm-v1+3x257x33+uniform,policy-v1,policy,jvm-c/policy-v1,jmh-average-time-v1,200000000,1,1,score-times-operations
4,gemm+127x5x65+uniform,jvm-c/c/c-sparse/packed-4x4,5,2,1,1,11112,200306972,18026.185385169185,ns,ok,direct,reset-and-arithmetic,a038f25ac66821574b30392dc1d3b189cc287e2c,true,kotlin-2.4.10/jvm/Eclipse Adoptium/25.0.1/JMH 1.37/forks=1,1,3,200000000,gemm-v1+127x5x65+uniform,policy-v1,policy,jvm-c/policy-v1,jmh-average-time-v1,200000000,1,1,score-times-operations
4,gemm+127x5x65+uniform,jvm-c/c/c-sparse/packed-4x4,5,2,1,2,11164,200276870,17939.52615549982,ns,ok,direct,reset-and-arithmetic,a038f25ac66821574b30392dc1d3b189cc287e2c,true,kotlin-2.4.10/jvm/Eclipse Adoptium/25.0.1/JMH 1.37/forks=1,1,3,200000000,gemm-v1+127x5x65+uniform,policy-v1,policy,jvm-c/policy-v1,jmh-average-time-v1,200000000,1,1,score-times-operations
4,gemm+127x5x65+uniform,jvm-c/c/c-sparse/packed-4x4,5,2,1,3,10656,200198022,18787.351914414416,ns,ok,direct,reset-and-arithmetic,a038f25ac66821574b30392dc1d3b189cc287e2c,true,kotlin-2.4.10/jvm/Eclipse Adoptium/25.0.1/JMH 1.37/forks=1,1,3,200000000,gemm-v1+127x5x65+uniform,policy-v1,policy,jvm-c/policy-v1,jmh-average-time-v1,200000000,1,1,score-times-operations
4,gemm+127x5x65+uniform,jvm-c/c/c-sparse/packed-4x4,5,2,1,4,10378,200443230,19314.244555791098,ns,ok,direct,reset-and-arithmetic,a038f25ac66821574b30392dc1d3b189cc287e2c,true,kotlin-2.4.10/jvm/Eclipse Adoptium/25.0.1/JMH 1.37/forks=1,1,3,200000000,gemm-v1+127x5x65+uniform,policy-v1,policy,jvm-c/policy-v1,jmh-average-time-v1,200000000,1,1,score-times-operations
4,gemm+127x5x65+uniform,jvm-c/c/c-sparse/packed-4x4,5,2,1,5,10293,200214735,19451.543281842027,ns,ok,direct,reset-and-arithmetic,a038f25ac66821574b30392dc1d3b189cc287e2c,true,kotlin-2.4.10/jvm/Eclipse Adoptium/25.0.1/JMH 1.37/forks=1,1,3,200000000,gemm-v1+127x5x65+uniform,policy-v1,policy,jvm-c/policy-v1,jmh-average-time-v1,200000000,1,1,score-times-operations
4,trsm+65x1+triangular+side=L+uplo=L+transA=N+diag=N,jvm-c/c/c-sparse/packed-4x4,5,2,1,1,138684,200173066,1443.3753425052637,ns,ok,direct,reset-and-arithmetic,a038f25ac66821574b30392dc1d3b189cc287e2c,true,kotlin-2.4.10/jvm/Eclipse Adoptium/25.0.1/JMH 1.37/forks=1,1,3,200000000,trsm-v1+65x1+triangular+side=L+uplo=L+transA=N+diag=N,policy-v1,policy,jvm-c/policy-v1,jmh-average-time-v1,200000000,1,1,score-times-operations
4,trsm+65x1+triangular+side=L+uplo=L+transA=N+diag=N,jvm-c/c/c-sparse/packed-4x4,5,2,1,2,139375,200206086,1436.4562224215247,ns,ok,direct,reset-and-arithmetic,a038f25ac66821574b30392dc1d3b189cc287e2c,true,kotlin-2.4.10/jvm/Eclipse Adoptium/25.0.1/JMH 1.37/forks=1,1,3,200000000,trsm-v1+65x1+triangular+side=L+uplo=L+transA=N+diag=N,policy-v1,policy,jvm-c/policy-v1,jmh-average-time-v1,200000000,1,1,score-times-operations
4,trsm+65x1+triangular+side=L+uplo=L+transA=N+diag=N,jvm-c/c/c-sparse/packed-4x4,5,2,1,3,139486,200217021,1435.3915159944368,ns,ok,direct,reset-and-arithmetic,a038f25ac66821574b30392dc1d3b189cc287e2c,true,kotlin-2.4.10/jvm/Eclipse Adoptium/25.0.1/JMH 1.37/forks=1,1,3,200000000,trsm-v1+65x1+triangular+side=L+uplo=L+transA=N+diag=N,policy-v1,policy,jvm-c/policy-v1,jmh-average-time-v1,200000000,1,1,score-times-operations
4,trsm+65x1+triangular+side=L+uplo=L+transA=N+diag=N,jvm-c/c/c-sparse/packed-4x4,5,2,1,4,133115,200124648,1503.3966720504827,ns,ok,direct,reset-and-arithmetic,a038f25ac66821574b30392dc1d3b189cc287e2c,true,kotlin-2.4.10/jvm/Eclipse Adoptium/25.0.1/JMH 1.37/forks=1,1,3,200000000,trsm-v1+65x1+triangular+side=L+uplo=L+transA=N+diag=N,policy-v1,policy,jvm-c/policy-v1,jmh-average-time-v1,200000000,1,1,score-times-operations
4,trsm+65x1+triangular+side=L+uplo=L+transA=N+diag=N,jvm-c/c/c-sparse/packed-4x4,5,2,1,5,125146,200208189,1599.7969491633771,ns,ok,direct,reset-and-arithmetic,a038f25ac66821574b30392dc1d3b189cc287e2c,true,kotlin-2.4.10/jvm/Eclipse Adoptium/25.0.1/JMH 1.37/forks=1,1,3,200000000,trsm-v1+65x1+triangular+side=L+uplo=L+transA=N+diag=N,policy-v1,policy,jvm-c/policy-v1,jmh-average-time-v1,200000000,1,1,score-times-operations
4,trsm+65x33+triangular+side=L+uplo=U+transA=T+diag=U,jvm-c/c/c-sparse/packed-4x4,5,2,1,1,4839,200143886,41360.58813804505,ns,ok,direct,reset-and-arithmetic,a038f25ac66821574b30392dc1d3b189cc287e2c,true,kotlin-2.4.10/jvm/Eclipse Adoptium/25.0.1/JMH 1.37/forks=1,1,3,200000000,trsm-v1+65x33+triangular+side=L+uplo=U+transA=T+diag=U,policy-v1,policy,jvm-c/policy-v1,jmh-average-time-v1,200000000,1,1,score-times-operations
4,trsm+65x33+triangular+side=L+uplo=U+transA=T+diag=U,jvm-c/c/c-sparse/packed-4x4,5,2,1,2,4900,200128855,40842.623469387756,ns,ok,direct,reset-and-arithmetic,a038f25ac66821574b30392dc1d3b189cc287e2c,true,kotlin-2.4.10/jvm/Eclipse Adoptium/25.0.1/JMH 1.37/forks=1,1,3,200000000,trsm-v1+65x33+triangular+side=L+uplo=U+transA=T+diag=U,policy-v1,policy,jvm-c/policy-v1,jmh-average-time-v1,200000000,1,1,score-times-operations
4,trsm+65x33+triangular+side=L+uplo=U+transA=T+diag=U,jvm-c/c/c-sparse/packed-4x4,5,2,1,3,5277,200168379,37932.23024445708,ns,ok,direct,reset-and-arithmetic,a038f25ac66821574b30392dc1d3b189cc287e2c,true,kotlin-2.4.10/jvm/Eclipse Adoptium/25.0.1/JMH 1.37/forks=1,1,3,200000000,trsm-v1+65x33+triangular+side=L+uplo=U+transA=T+diag=U,policy-v1,policy,jvm-c/policy-v1,jmh-average-time-v1,200000000,1,1,score-times-operations
4,trsm+65x33+triangular+side=L+uplo=U+transA=T+diag=U,jvm-c/c/c-sparse/packed-4x4,5,2,1,4,5275,200205433,37953.63658767773,ns,ok,direct,reset-and-arithmetic,a038f25ac66821574b30392dc1d3b189cc287e2c,true,kotlin-2.4.10/jvm/Eclipse Adoptium/25.0.1/JMH 1.37/forks=1,1,3,200000000,trsm-v1+65x33+triangular+side=L+uplo=U+transA=T+diag=U,policy-v1,policy,jvm-c/policy-v1,jmh-average-time-v1,200000000,1,1,score-times-operations
4,trsm+65x33+triangular+side=L+uplo=U+transA=T+diag=U,jvm-c/c/c-sparse/packed-4x4,5,2,1,5,3640,200201106,55000.303846153845,ns,ok,direct,reset-and-arithmetic,a038f25ac66821574b30392dc1d3b189cc287e2c,true,kotlin-2.4.10/jvm/Eclipse Adoptium/25.0.1/JMH 1.37/forks=1,1,3,200000000,trsm-v1+65x33+triangular+side=L+uplo=U+transA=T+diag=U,policy-v1,policy,jvm-c/policy-v1,jmh-average-time-v1,200000000,1,1,score-times-operations
4,gemm-block+15x7x31+uniform+physical=4x4+work=gemm-add-v1+leftLayout=depth-rows-v1+rightLayout=depth-columns-v1+leftGroup=4+rightGroup=4+leftStride=4+rightStride=4+padding=zero+alignment=8+block=15x7x31+panel=31+diagonal=0+rhs=0+batch=1+variant=current-tile-v1+timing=prepacked-compute,jvm-c/c/c-sparse/packed-4x4,5,2,1,1,198015,200135320,1010.707875665985,ns,ok,direct,prepacked-compute,a038f25ac66821574b30392dc1d3b189cc287e2c,true,kotlin-2.4.10/jvm/Eclipse Adoptium/25.0.1/JMH 1.37/forks=1,1,3,200000000,gemm-add-v1+15x7x31+uniform,physical=4x4+leftLayout=depth-rows-v1+rightLayout=depth-columns-v1+leftGroup=4+rightGroup=4+leftStride=4+rightStride=4+padding=zero+alignment=8+block=15x7x31+panel=31+diagonal=0+rhs=0+batch=1+variant=current-tile-v1,tiles=8;leftDoubles=496;rightDoubles=248;outputDoubles=105;resetDoubles=105;scratchDoubles=16;triangleDoubles=0,jvm-c/c-tile-v1/4x4,jmh-average-time-v1,200000000,1,1,score-times-operations
4,gemm-block+15x7x31+uniform+physical=4x4+work=gemm-add-v1+leftLayout=depth-rows-v1+rightLayout=depth-columns-v1+leftGroup=4+rightGroup=4+leftStride=4+rightStride=4+padding=zero+alignment=8+block=15x7x31+panel=31+diagonal=0+rhs=0+batch=1+variant=current-tile-v1+timing=prepacked-compute,jvm-c/c/c-sparse/packed-4x4,5,2,1,2,191319,200205320,1046.447660713259,ns,ok,direct,prepacked-compute,a038f25ac66821574b30392dc1d3b189cc287e2c,true,kotlin-2.4.10/jvm/Eclipse Adoptium/25.0.1/JMH 1.37/forks=1,1,3,200000000,gemm-add-v1+15x7x31+uniform,physical=4x4+leftLayout=depth-rows-v1+rightLayout=depth-columns-v1+leftGroup=4+rightGroup=4+leftStride=4+rightStride=4+padding=zero+alignment=8+block=15x7x31+panel=31+diagonal=0+rhs=0+batch=1+variant=current-tile-v1,tiles=8;leftDoubles=496;rightDoubles=248;outputDoubles=105;resetDoubles=105;scratchDoubles=16;triangleDoubles=0,jvm-c/c-tile-v1/4x4,jmh-average-time-v1,200000000,1,1,score-times-operations
4,gemm-block+15x7x31+uniform+physical=4x4+work=gemm-add-v1+leftLayout=depth-rows-v1+rightLayout=depth-columns-v1+leftGroup=4+rightGroup=4+leftStride=4+rightStride=4+padding=zero+alignment=8+block=15x7x31+panel=31+diagonal=0+rhs=0+batch=1+variant=current-tile-v1+timing=prepacked-compute,jvm-c/c/c-sparse/packed-4x4,5,2,1,3,199293,200163156,1004.3662145684997,ns,ok,direct,prepacked-compute,a038f25ac66821574b30392dc1d3b189cc287e2c,true,kotlin-2.4.10/jvm/Eclipse Adoptium/25.0.1/JMH 1.37/forks=1,1,3,200000000,gemm-add-v1+15x7x31+uniform,physical=4x4+leftLayout=depth-rows-v1+rightLayout=depth-columns-v1+leftGroup=4+rightGroup=4+leftStride=4+rightStride=4+padding=zero+alignment=8+block=15x7x31+panel=31+diagonal=0+rhs=0+batch=1+variant=current-tile-v1,tiles=8;leftDoubles=496;rightDoubles=248;outputDoubles=105;resetDoubles=105;scratchDoubles=16;triangleDoubles=0,jvm-c/c-tile-v1/4x4,jmh-average-time-v1,200000000,1,1,score-times-operations
4,gemm-block+15x7x31+uniform+physical=4x4+work=gemm-add-v1+leftLayout=depth-rows-v1+rightLayout=depth-columns-v1+leftGroup=4+rightGroup=4+leftStride=4+rightStride=4+padding=zero+alignment=8+block=15x7x31+panel=31+diagonal=0+rhs=0+batch=1+variant=current-tile-v1+timing=prepacked-compute,jvm-c/c/c-sparse/packed-4x4,5,2,1,4,195716,200178276,1022.7997506591183,ns,ok,direct,prepacked-compute,a038f25ac66821574b30392dc1d3b189cc287e2c,true,kotlin-2.4.10/jvm/Eclipse Adoptium/25.0.1/JMH 1.37/forks=1,1,3,200000000,gemm-add-v1+15x7x31+uniform,physical=4x4+leftLayout=depth-rows-v1+rightLayout=depth-columns-v1+leftGroup=4+rightGroup=4+leftStride=4+rightStride=4+padding=zero+alignment=8+block=15x7x31+panel=31+diagonal=0+rhs=0+batch=1+variant=current-tile-v1,tiles=8;leftDoubles=496;rightDoubles=248;outputDoubles=105;resetDoubles=105;scratchDoubles=16;triangleDoubles=0,jvm-c/c-tile-v1/4x4,jmh-average-time-v1,200000000,1,1,score-times-operations
4,gemm-block+15x7x31+uniform+physical=4x4+work=gemm-add-v1+leftLayout=depth-rows-v1+rightLayout=depth-columns-v1+leftGroup=4+rightGroup=4+leftStride=4+rightStride=4+padding=zero+alignment=8+block=15x7x31+panel=31+diagonal=0+rhs=0+batch=1+variant=current-tile-v1+timing=prepacked-compute,jvm-c/c/c-sparse/packed-4x4,5,2,1,5,194015,200163632,1031.6915290054892,ns,ok,direct,prepacked-compute,a038f25ac66821574b30392dc1d3b189cc287e2c,true,kotlin-2.4.10/jvm/Eclipse Adoptium/25.0.1/JMH 1.37/forks=1,1,3,200000000,gemm-add-v1+15x7x31+uniform,physical=4x4+leftLayout=depth-rows-v1+rightLayout=depth-columns-v1+leftGroup=4+rightGroup=4+leftStride=4+rightStride=4+padding=zero+alignment=8+block=15x7x31+panel=31+diagonal=0+rhs=0+batch=1+variant=current-tile-v1,tiles=8;leftDoubles=496;rightDoubles=248;outputDoubles=105;resetDoubles=105;scratchDoubles=16;triangleDoubles=0,jvm-c/c-tile-v1/4x4,jmh-average-time-v1,200000000,1,1,score-times-operations
4,gemm-block+15x7x31+uniform+physical=4x4+work=gemm-add-v1+leftLayout=depth-rows-v1+rightLayout=depth-columns-v1+leftGroup=4+rightGroup=4+leftStride=4+rightStride=4+padding=zero+alignment=8+block=15x7x31+panel=31+diagonal=0+rhs=0+batch=1+variant=current-tile-v1+timing=pack-plus-compute,jvm-c/c/c-sparse/packed-4x4,5,2,1,1,83820,200139409,2387.728573132904,ns,ok,direct,pack-plus-compute,a038f25ac66821574b30392dc1d3b189cc287e2c,true,kotlin-2.4.10/jvm/Eclipse Adoptium/25.0.1/JMH 1.37/forks=1,1,3,200000000,gemm-add-v1+15x7x31+uniform,physical=4x4+leftLayout=depth-rows-v1+rightLayout=depth-columns-v1+leftGroup=4+rightGroup=4+leftStride=4+rightStride=4+padding=zero+alignment=8+block=15x7x31+panel=31+diagonal=0+rhs=0+batch=1+variant=current-tile-v1,tiles=8;leftDoubles=496;rightDoubles=248;outputDoubles=105;resetDoubles=105;scratchDoubles=16;triangleDoubles=0,jvm-c/c-tile-v1/4x4,jmh-average-time-v1,200000000,1,1,score-times-operations
4,gemm-block+15x7x31+uniform+physical=4x4+work=gemm-add-v1+leftLayout=depth-rows-v1+rightLayout=depth-columns-v1+leftGroup=4+rightGroup=4+leftStride=4+rightStride=4+padding=zero+alignment=8+block=15x7x31+panel=31+diagonal=0+rhs=0+batch=1+variant=current-tile-v1+timing=pack-plus-compute,jvm-c/c/c-sparse/packed-4x4,5,2,1,2,88368,200213024,2265.6733659243164,ns,ok,direct,pack-plus-compute,a038f25ac66821574b30392dc1d3b189cc287e2c,true,kotlin-2.4.10/jvm/Eclipse Adoptium/25.0.1/JMH 1.37/forks=1,1,3,200000000,gemm-add-v1+15x7x31+uniform,physical=4x4+leftLayout=depth-rows-v1+rightLayout=depth-columns-v1+leftGroup=4+rightGroup=4+leftStride=4+rightStride=4+padding=zero+alignment=8+block=15x7x31+panel=31+diagonal=0+rhs=0+batch=1+variant=current-tile-v1,tiles=8;leftDoubles=496;rightDoubles=248;outputDoubles=105;resetDoubles=105;scratchDoubles=16;triangleDoubles=0,jvm-c/c-tile-v1/4x4,jmh-average-time-v1,200000000,1,1,score-times-operations
4,gemm-block+15x7x31+uniform+physical=4x4+work=gemm-add-v1+leftLayout=depth-rows-v1+rightLayout=depth-columns-v1+leftGroup=4+rightGroup=4+leftStride=4+rightStride=4+padding=zero+alignment=8+block=15x7x31+panel=31+diagonal=0+rhs=0+batch=1+variant=current-tile-v1+timing=pack-plus-compute,jvm-c/c/c-sparse/packed-4x4,5,2,1,3,83756,200325153,2391.770774631071,ns,ok,direct,pack-plus-compute,a038f25ac66821574b30392dc1d3b189cc287e2c,true,kotlin-2.4.10/jvm/Eclipse Adoptium/25.0.1/JMH 1.37/forks=1,1,3,200000000,gemm-add-v1+15x7x31+uniform,physical=4x4+leftLayout=depth-rows-v1+rightLayout=depth-columns-v1+leftGroup=4+rightGroup=4+leftStride=4+rightStride=4+padding=zero+alignment=8+block=15x7x31+panel=31+diagonal=0+rhs=0+batch=1+variant=current-tile-v1,tiles=8;leftDoubles=496;rightDoubles=248;outputDoubles=105;resetDoubles=105;scratchDoubles=16;triangleDoubles=0,jvm-c/c-tile-v1/4x4,jmh-average-time-v1,200000000,1,1,score-times-operations
4,gemm-block+15x7x31+uniform+physical=4x4+work=gemm-add-v1+leftLayout=depth-rows-v1+rightLayout=depth-columns-v1+leftGroup=4+rightGroup=4+leftStride=4+rightStride=4+padding=zero+alignment=8+block=15x7x31+panel=31+diagonal=0+rhs=0+batch=1+variant=current-tile-v1+timing=pack-plus-compute,jvm-c/c/c-sparse/packed-4x4,5,2,1,4,77189,200184920,2593.4384433015066,ns,ok,direct,pack-plus-compute,a038f25ac66821574b30392dc1d3b189cc287e2c,true,kotlin-2.4.10/jvm/Eclipse Adoptium/25.0.1/JMH 1.37/forks=1,1,3,200000000,gemm-add-v1+15x7x31+uniform,physical=4x4+leftLayout=depth-rows-v1+rightLayout=depth-columns-v1+leftGroup=4+rightGroup=4+leftStride=4+rightStride=4+padding=zero+alignment=8+block=15x7x31+panel=31+diagonal=0+rhs=0+batch=1+variant=current-tile-v1,tiles=8;leftDoubles=496;rightDoubles=248;outputDoubles=105;resetDoubles=105;scratchDoubles=16;triangleDoubles=0,jvm-c/c-tile-v1/4x4,jmh-average-time-v1,200000000,1,1,score-times-operations
4,gemm-block+15x7x31+uniform+physical=4x4+work=gemm-add-v1+leftLayout=depth-rows-v1+rightLayout=depth-columns-v1+leftGroup=4+rightGroup=4+leftStride=4+rightStride=4+padding=zero+alignment=8+block=15x7x31+panel=31+diagonal=0+rhs=0+batch=1+variant=current-tile-v1+timing=pack-plus-compute,jvm-c/c/c-sparse/packed-4x4,5,2,1,5,83091,200226374,2409.7239652910666,ns,ok,direct,pack-plus-compute,a038f25ac66821574b30392dc1d3b189cc287e2c,true,kotlin-2.4.10/jvm/Eclipse Adoptium/25.0.1/JMH 1.37/forks=1,1,3,200000000,gemm-add-v1+15x7x31+uniform,physical=4x4+leftLayout=depth-rows-v1+rightLayout=depth-columns-v1+leftGroup=4+rightGroup=4+leftStride=4+rightStride=4+padding=zero+alignment=8+block=15x7x31+panel=31+diagonal=0+rhs=0+batch=1+variant=current-tile-v1,tiles=8;leftDoubles=496;rightDoubles=248;outputDoubles=105;resetDoubles=105;scratchDoubles=16;triangleDoubles=0,jvm-c/c-tile-v1/4x4,jmh-average-time-v1,200000000,1,1,score-times-operations
4,gemm-block+32x16x65+uniform+physical=4x4+work=gemm-add-v1+leftLayout=depth-rows-v1+rightLayout=depth-columns-v1+leftGroup=4+rightGroup=4+leftStride=4+rightStride=4+padding=zero+alignment=8+block=32x16x65+panel=65+diagonal=0+rhs=0+batch=1+variant=current-tile-v1+timing=prepacked-compute,jvm-c/c/c-sparse/packed-4x4,5,2,1,1,30239,200155989,6619.133866860677,ns,ok,direct,prepacked-compute,a038f25ac66821574b30392dc1d3b189cc287e2c,true,kotlin-2.4.10/jvm/Eclipse Adoptium/25.0.1/JMH 1.37/forks=1,1,3,200000000,gemm-add-v1+32x16x65+uniform,physical=4x4+leftLayout=depth-rows-v1+rightLayout=depth-columns-v1+leftGroup=4+rightGroup=4+leftStride=4+rightStride=4+padding=zero+alignment=8+block=32x16x65+panel=65+diagonal=0+rhs=0+batch=1+variant=current-tile-v1,tiles=32;leftDoubles=2080;rightDoubles=1040;outputDoubles=512;resetDoubles=512;scratchDoubles=16;triangleDoubles=0,jvm-c/c-tile-v1/4x4,jmh-average-time-v1,200000000,1,1,score-times-operations
4,gemm-block+32x16x65+uniform+physical=4x4+work=gemm-add-v1+leftLayout=depth-rows-v1+rightLayout=depth-columns-v1+leftGroup=4+rightGroup=4+leftStride=4+rightStride=4+padding=zero+alignment=8+block=32x16x65+panel=65+diagonal=0+rhs=0+batch=1+variant=current-tile-v1+timing=prepacked-compute,jvm-c/c/c-sparse/packed-4x4,5,2,1,2,31853,200170163,6284.185571217782,ns,ok,direct,prepacked-compute,a038f25ac66821574b30392dc1d3b189cc287e2c,true,kotlin-2.4.10/jvm/Eclipse Adoptium/25.0.1/JMH 1.37/forks=1,1,3,200000000,gemm-add-v1+32x16x65+uniform,physical=4x4+leftLayout=depth-rows-v1+rightLayout=depth-columns-v1+leftGroup=4+rightGroup=4+leftStride=4+rightStride=4+padding=zero+alignment=8+block=32x16x65+panel=65+diagonal=0+rhs=0+batch=1+variant=current-tile-v1,tiles=32;leftDoubles=2080;rightDoubles=1040;outputDoubles=512;resetDoubles=512;scratchDoubles=16;triangleDoubles=0,jvm-c/c-tile-v1/4x4,jmh-average-time-v1,200000000,1,1,score-times-operations
4,gemm-block+32x16x65+uniform+physical=4x4+work=gemm-add-v1+leftLayout=depth-rows-v1+rightLayout=depth-columns-v1+leftGroup=4+rightGroup=4+leftStride=4+rightStride=4+padding=zero+alignment=8+block=32x16x65+panel=65+diagonal=0+rhs=0+batch=1+variant=current-tile-v1+timing=prepacked-compute,jvm-c/c/c-sparse/packed-4x4,5,2,1,3,31427,200124459,6367.914818468196,ns,ok,direct,prepacked-compute,a038f25ac66821574b30392dc1d3b189cc287e2c,true,kotlin-2.4.10/jvm/Eclipse Adoptium/25.0.1/JMH 1.37/forks=1,1,3,200000000,gemm-add-v1+32x16x65+uniform,physical=4x4+leftLayout=depth-rows-v1+rightLayout=depth-columns-v1+leftGroup=4+rightGroup=4+leftStride=4+rightStride=4+padding=zero+alignment=8+block=32x16x65+panel=65+diagonal=0+rhs=0+batch=1+variant=current-tile-v1,tiles=32;leftDoubles=2080;rightDoubles=1040;outputDoubles=512;resetDoubles=512;scratchDoubles=16;triangleDoubles=0,jvm-c/c-tile-v1/4x4,jmh-average-time-v1,200000000,1,1,score-times-operations
4,gemm-block+32x16x65+uniform+physical=4x4+work=gemm-add-v1+leftLayout=depth-rows-v1+rightLayout=depth-columns-v1+leftGroup=4+rightGroup=4+leftStride=4+rightStride=4+padding=zero+alignment=8+block=32x16x65+panel=65+diagonal=0+rhs=0+batch=1+variant=current-tile-v1+timing=prepacked-compute,jvm-c/c/c-sparse/packed-4x4,5,2,1,4,25874,200176288,7736.58066012213,ns,ok,direct,prepacked-compute,a038f25ac66821574b30392dc1d3b189cc287e2c,true,kotlin-2.4.10/jvm/Eclipse Adoptium/25.0.1/JMH 1.37/forks=1,1,3,200000000,gemm-add-v1+32x16x65+uniform,physical=4x4+leftLayout=depth-rows-v1+rightLayout=depth-columns-v1+leftGroup=4+rightGroup=4+leftStride=4+rightStride=4+padding=zero+alignment=8+block=32x16x65+panel=65+diagonal=0+rhs=0+batch=1+variant=current-tile-v1,tiles=32;leftDoubles=2080;rightDoubles=1040;outputDoubles=512;resetDoubles=512;scratchDoubles=16;triangleDoubles=0,jvm-c/c-tile-v1/4x4,jmh-average-time-v1,200000000,1,1,score-times-operations
4,gemm-block+32x16x65+uniform+physical=4x4+work=gemm-add-v1+leftLayout=depth-rows-v1+rightLayout=depth-columns-v1+leftGroup=4+rightGroup=4+leftStride=4+rightStride=4+padding=zero+alignment=8+block=32x16x65+panel=65+diagonal=0+rhs=0+batch=1+variant=current-tile-v1+timing=prepacked-compute,jvm-c/c/c-sparse/packed-4x4,5,2,1,5,22170,200215226,9030.907803337845,ns,ok,direct,prepacked-compute,a038f25ac66821574b30392dc1d3b189cc287e2c,true,kotlin-2.4.10/jvm/Eclipse Adoptium/25.0.1/JMH 1.37/forks=1,1,3,200000000,gemm-add-v1+32x16x65+uniform,physical=4x4+leftLayout=depth-rows-v1+rightLayout=depth-columns-v1+leftGroup=4+rightGroup=4+leftStride=4+rightStride=4+padding=zero+alignment=8+block=32x16x65+panel=65+diagonal=0+rhs=0+batch=1+variant=current-tile-v1,tiles=32;leftDoubles=2080;rightDoubles=1040;outputDoubles=512;resetDoubles=512;scratchDoubles=16;triangleDoubles=0,jvm-c/c-tile-v1/4x4,jmh-average-time-v1,200000000,1,1,score-times-operations
4,gemm-block+32x16x65+uniform+physical=4x4+work=gemm-add-v1+leftLayout=depth-rows-v1+rightLayout=depth-columns-v1+leftGroup=4+rightGroup=4+leftStride=4+rightStride=4+padding=zero+alignment=8+block=32x16x65+panel=65+diagonal=0+rhs=0+batch=1+variant=current-tile-v1+timing=pack-plus-compute,jvm-c/c/c-sparse/packed-4x4,5,2,1,1,15492,200171948,12920.988122902143,ns,ok,direct,pack-plus-compute,a038f25ac66821574b30392dc1d3b189cc287e2c,true,kotlin-2.4.10/jvm/Eclipse Adoptium/25.0.1/JMH 1.37/forks=1,1,3,200000000,gemm-add-v1+32x16x65+uniform,physical=4x4+leftLayout=depth-rows-v1+rightLayout=depth-columns-v1+leftGroup=4+rightGroup=4+leftStride=4+rightStride=4+padding=zero+alignment=8+block=32x16x65+panel=65+diagonal=0+rhs=0+batch=1+variant=current-tile-v1,tiles=32;leftDoubles=2080;rightDoubles=1040;outputDoubles=512;resetDoubles=512;scratchDoubles=16;triangleDoubles=0,jvm-c/c-tile-v1/4x4,jmh-average-time-v1,200000000,1,1,score-times-operations
4,gemm-block+32x16x65+uniform+physical=4x4+work=gemm-add-v1+leftLayout=depth-rows-v1+rightLayout=depth-columns-v1+leftGroup=4+rightGroup=4+leftStride=4+rightStride=4+padding=zero+alignment=8+block=32x16x65+panel=65+diagonal=0+rhs=0+batch=1+variant=current-tile-v1+timing=pack-plus-compute,jvm-c/c/c-sparse/packed-4x4,5,2,1,2,17270,200111739,11587.24603358425,ns,ok,direct,pack-plus-compute,a038f25ac66821574b30392dc1d3b189cc287e2c,true,kotlin-2.4.10/jvm/Eclipse Adoptium/25.0.1/JMH 1.37/forks=1,1,3,200000000,gemm-add-v1+32x16x65+uniform,physical=4x4+leftLayout=depth-rows-v1+rightLayout=depth-columns-v1+leftGroup=4+rightGroup=4+leftStride=4+rightStride=4+padding=zero+alignment=8+block=32x16x65+panel=65+diagonal=0+rhs=0+batch=1+variant=current-tile-v1,tiles=32;leftDoubles=2080;rightDoubles=1040;outputDoubles=512;resetDoubles=512;scratchDoubles=16;triangleDoubles=0,jvm-c/c-tile-v1/4x4,jmh-average-time-v1,200000000,1,1,score-times-operations
4,gemm-block+32x16x65+uniform+physical=4x4+work=gemm-add-v1+leftLayout=depth-rows-v1+rightLayout=depth-columns-v1+leftGroup=4+rightGroup=4+leftStride=4+rightStride=4+padding=zero+alignment=8+block=32x16x65+panel=65+diagonal=0+rhs=0+batch=1+variant=current-tile-v1+timing=pack-plus-compute,jvm-c/c/c-sparse/packed-4x4,5,2,1,3,18352,200098240,10903.347863993025,ns,ok,direct,pack-plus-compute,a038f25ac66821574b30392dc1d3b189cc287e2c,true,kotlin-2.4.10/jvm/Eclipse Adoptium/25.0.1/JMH 1.37/forks=1,1,3,200000000,gemm-add-v1+32x16x65+uniform,physical=4x4+leftLayout=depth-rows-v1+rightLayout=depth-columns-v1+leftGroup=4+rightGroup=4+leftStride=4+rightStride=4+padding=zero+alignment=8+block=32x16x65+panel=65+diagonal=0+rhs=0+batch=1+variant=current-tile-v1,tiles=32;leftDoubles=2080;rightDoubles=1040;outputDoubles=512;resetDoubles=512;scratchDoubles=16;triangleDoubles=0,jvm-c/c-tile-v1/4x4,jmh-average-time-v1,200000000,1,1,score-times-operations
4,gemm-block+32x16x65+uniform+physical=4x4+work=gemm-add-v1+leftLayout=depth-rows-v1+rightLayout=depth-columns-v1+leftGroup=4+rightGroup=4+leftStride=4+rightStride=4+padding=zero+alignment=8+block=32x16x65+panel=65+diagonal=0+rhs=0+batch=1+variant=current-tile-v1+timing=pack-plus-compute,jvm-c/c/c-sparse/packed-4x4,5,2,1,4,18294,200107703,10938.433530119164,ns,ok,direct,pack-plus-compute,a038f25ac66821574b30392dc1d3b189cc287e2c,true,kotlin-2.4.10/jvm/Eclipse Adoptium/25.0.1/JMH 1.37/forks=1,1,3,200000000,gemm-add-v1+32x16x65+uniform,physical=4x4+leftLayout=depth-rows-v1+rightLayout=depth-columns-v1+leftGroup=4+rightGroup=4+leftStride=4+rightStride=4+padding=zero+alignment=8+block=32x16x65+panel=65+diagonal=0+rhs=0+batch=1+variant=current-tile-v1,tiles=32;leftDoubles=2080;rightDoubles=1040;outputDoubles=512;resetDoubles=512;scratchDoubles=16;triangleDoubles=0,jvm-c/c-tile-v1/4x4,jmh-average-time-v1,200000000,1,1,score-times-operations
4,gemm-block+32x16x65+uniform+physical=4x4+work=gemm-add-v1+leftLayout=depth-rows-v1+rightLayout=depth-columns-v1+leftGroup=4+rightGroup=4+leftStride=4+rightStride=4+padding=zero+alignment=8+block=32x16x65+panel=65+diagonal=0+rhs=0+batch=1+variant=current-tile-v1+timing=pack-plus-compute,jvm-c/c/c-sparse/packed-4x4,5,2,1,5,18146,200130821,11028.92213159925,ns,ok,direct,pack-plus-compute,a038f25ac66821574b30392dc1d3b189cc287e2c,true,kotlin-2.4.10/jvm/Eclipse Adoptium/25.0.1/JMH 1.37/forks=1,1,3,200000000,gemm-add-v1+32x16x65+uniform,physical=4x4+leftLayout=depth-rows-v1+rightLayout=depth-columns-v1+leftGroup=4+rightGroup=4+leftStride=4+rightStride=4+padding=zero+alignment=8+block=32x16x65+panel=65+diagonal=0+rhs=0+batch=1+variant=current-tile-v1,tiles=32;leftDoubles=2080;rightDoubles=1040;outputDoubles=512;resetDoubles=512;scratchDoubles=16;triangleDoubles=0,jvm-c/c-tile-v1/4x4,jmh-average-time-v1,200000000,1,1,score-times-operations
4,gemm-block+15x7x31+uniform+physical=8x4+work=gemm-add-v1+leftLayout=depth-rows-v1+rightLayout=depth-columns-v1+leftGroup=8+rightGroup=4+leftStride=8+rightStride=4+padding=zero+alignment=8+block=15x7x31+panel=31+diagonal=0+rhs=0+batch=1+variant=current-tile-v1+timing=prepacked-compute,jvm-c/c/c-sparse/packed-4x4,5,2,1,0,0,0,,ns,unsupported,unsupported,arithmetic,a038f25ac66821574b30392dc1d3b189cc287e2c,true,kotlin-2.4.10/jvm/Eclipse Adoptium/25.0.1,1,3,200000000,gemm-add-v1+15x7x31+uniform,physical=8x4+leftLayout=depth-rows-v1+rightLayout=depth-columns-v1+leftGroup=8+rightGroup=4+leftStride=8+rightStride=4+padding=zero+alignment=8+block=15x7x31+panel=31+diagonal=0+rhs=0+batch=1+variant=current-tile-v1,tiles=4;leftDoubles=496;rightDoubles=248;outputDoubles=105;resetDoubles=105;scratchDoubles=32;triangleDoubles=0,unavailable,jmh-average-time-v1,200000000,0,1,score-times-operations
4,gemm-block+15x7x31+uniform+physical=8x4+work=gemm-add-v1+leftLayout=depth-rows-v1+rightLayout=depth-columns-v1+leftGroup=8+rightGroup=4+leftStride=8+rightStride=4+padding=zero+alignment=8+block=15x7x31+panel=31+diagonal=0+rhs=0+batch=1+variant=current-tile-v1+timing=pack-plus-compute,jvm-c/c/c-sparse/packed-4x4,5,2,1,0,0,0,,ns,unsupported,unsupported,arithmetic,a038f25ac66821574b30392dc1d3b189cc287e2c,true,kotlin-2.4.10/jvm/Eclipse Adoptium/25.0.1,1,3,200000000,gemm-add-v1+15x7x31+uniform,physical=8x4+leftLayout=depth-rows-v1+rightLayout=depth-columns-v1+leftGroup=8+rightGroup=4+leftStride=8+rightStride=4+padding=zero+alignment=8+block=15x7x31+panel=31+diagonal=0+rhs=0+batch=1+variant=current-tile-v1,tiles=4;leftDoubles=496;rightDoubles=248;outputDoubles=105;resetDoubles=105;scratchDoubles=32;triangleDoubles=0,unavailable,jmh-average-time-v1,200000000,0,1,score-times-operations
4,gemm-block+32x16x65+uniform+physical=8x4+work=gemm-add-v1+leftLayout=depth-rows-v1+rightLayout=depth-columns-v1+leftGroup=8+rightGroup=4+leftStride=8+rightStride=4+padding=zero+alignment=8+block=32x16x65+panel=65+diagonal=0+rhs=0+batch=1+variant=current-tile-v1+timing=prepacked-compute,jvm-c/c/c-sparse/packed-4x4,5,2,1,0,0,0,,ns,unsupported,unsupported,arithmetic,a038f25ac66821574b30392dc1d3b189cc287e2c,true,kotlin-2.4.10/jvm/Eclipse Adoptium/25.0.1,1,3,200000000,gemm-add-v1+32x16x65+uniform,physical=8x4+leftLayout=depth-rows-v1+rightLayout=depth-columns-v1+leftGroup=8+rightGroup=4+leftStride=8+rightStride=4+padding=zero+alignment=8+block=32x16x65+panel=65+diagonal=0+rhs=0+batch=1+variant=current-tile-v1,tiles=16;leftDoubles=2080;rightDoubles=1040;outputDoubles=512;resetDoubles=512;scratchDoubles=32;triangleDoubles=0,unavailable,jmh-average-time-v1,200000000,0,1,score-times-operations
4,gemm-block+32x16x65+uniform+physical=8x4+work=gemm-add-v1+leftLayout=depth-rows-v1+rightLayout=depth-columns-v1+leftGroup=8+rightGroup=4+leftStride=8+rightStride=4+padding=zero+alignment=8+block=32x16x65+panel=65+diagonal=0+rhs=0+batch=1+variant=current-tile-v1+timing=pack-plus-compute,jvm-c/c/c-sparse/packed-4x4,5,2,1,0,0,0,,ns,unsupported,unsupported,arithmetic,a038f25ac66821574b30392dc1d3b189cc287e2c,true,kotlin-2.4.10/jvm/Eclipse Adoptium/25.0.1,1,3,200000000,gemm-add-v1+32x16x65+uniform,physical=8x4+leftLayout=depth-rows-v1+rightLayout=depth-columns-v1+leftGroup=8+rightGroup=4+leftStride=8+rightStride=4+padding=zero+alignment=8+block=32x16x65+panel=65+diagonal=0+rhs=0+batch=1+variant=current-tile-v1,tiles=16;leftDoubles=2080;rightDoubles=1040;outputDoubles=512;resetDoubles=512;scratchDoubles=32;triangleDoubles=0,unavailable,jmh-average-time-v1,200000000,0,1,score-times-operations
