schema,case,implementation,workload_version,fixture_version,pass,sample,operations,elapsed_ns,ns_per_op,unit,status,comparison_kind,timing_mode,source_commit,dirty,runtime,threads,warmups,target_ns,logical_id,configuration,physical_work,actual_kernel,harness,warmup_target_ns,fork,forks,elapsed_kind
4,dot+4096+uniform,jvm-scalar/scalar/scalar/packed-4x4,5,2,1,1,96918,200194791,2065.610010524361,ns,ok,direct,arithmetic,a038f25ac66821574b30392dc1d3b189cc287e2c,true,kotlin-2.4.10/jvm/Eclipse Adoptium/25.0.1/JMH 1.37/forks=1,1,3,200000000,dot-v1+4096+uniform,policy-v1,policy,jvm-scalar/policy-v1,jmh-average-time-v1,200000000,1,1,score-times-operations
4,dot+4096+uniform,jvm-scalar/scalar/scalar/packed-4x4,5,2,1,2,96641,200259693,2072.20220196397,ns,ok,direct,arithmetic,a038f25ac66821574b30392dc1d3b189cc287e2c,true,kotlin-2.4.10/jvm/Eclipse Adoptium/25.0.1/JMH 1.37/forks=1,1,3,200000000,dot-v1+4096+uniform,policy-v1,policy,jvm-scalar/policy-v1,jmh-average-time-v1,200000000,1,1,score-times-operations
4,dot+4096+uniform,jvm-scalar/scalar/scalar/packed-4x4,5,2,1,3,97385,200279939,2056.5789289931713,ns,ok,direct,arithmetic,a038f25ac66821574b30392dc1d3b189cc287e2c,true,kotlin-2.4.10/jvm/Eclipse Adoptium/25.0.1/JMH 1.37/forks=1,1,3,200000000,dot-v1+4096+uniform,policy-v1,policy,jvm-scalar/policy-v1,jmh-average-time-v1,200000000,1,1,score-times-operations
4,dot+4096+uniform,jvm-scalar/scalar/scalar/packed-4x4,5,2,1,4,95607,200189631,2093.880479462801,ns,ok,direct,arithmetic,a038f25ac66821574b30392dc1d3b189cc287e2c,true,kotlin-2.4.10/jvm/Eclipse Adoptium/25.0.1/JMH 1.37/forks=1,1,3,200000000,dot-v1+4096+uniform,policy-v1,policy,jvm-scalar/policy-v1,jmh-average-time-v1,200000000,1,1,score-times-operations
4,dot+4096+uniform,jvm-scalar/scalar/scalar/packed-4x4,5,2,1,5,96716,200233747,2070.3270089747302,ns,ok,direct,arithmetic,a038f25ac66821574b30392dc1d3b189cc287e2c,true,kotlin-2.4.10/jvm/Eclipse Adoptium/25.0.1/JMH 1.37/forks=1,1,3,200000000,dot-v1+4096+uniform,policy-v1,policy,jvm-scalar/policy-v1,jmh-average-time-v1,200000000,1,1,score-times-operations
4,axpy+4096+uniform,jvm-scalar/scalar/scalar/packed-4x4,5,2,1,1,157073,200266682,1274.9911315120994,ns,ok,direct,reset-and-arithmetic,a038f25ac66821574b30392dc1d3b189cc287e2c,true,kotlin-2.4.10/jvm/Eclipse Adoptium/25.0.1/JMH 1.37/forks=1,1,3,200000000,axpy-v1+4096+uniform,policy-v1,policy,jvm-scalar/policy-v1,jmh-average-time-v1,200000000,1,1,score-times-operations
4,axpy+4096+uniform,jvm-scalar/scalar/scalar/packed-4x4,5,2,1,2,130354,200149751,1535.432368780398,ns,ok,direct,reset-and-arithmetic,a038f25ac66821574b30392dc1d3b189cc287e2c,true,kotlin-2.4.10/jvm/Eclipse Adoptium/25.0.1/JMH 1.37/forks=1,1,3,200000000,axpy-v1+4096+uniform,policy-v1,policy,jvm-scalar/policy-v1,jmh-average-time-v1,200000000,1,1,score-times-operations
4,axpy+4096+uniform,jvm-scalar/scalar/scalar/packed-4x4,5,2,1,3,152960,200235927,1309.073790533473,ns,ok,direct,reset-and-arithmetic,a038f25ac66821574b30392dc1d3b189cc287e2c,true,kotlin-2.4.10/jvm/Eclipse Adoptium/25.0.1/JMH 1.37/forks=1,1,3,200000000,axpy-v1+4096+uniform,policy-v1,policy,jvm-scalar/policy-v1,jmh-average-time-v1,200000000,1,1,score-times-operations
4,axpy+4096+uniform,jvm-scalar/scalar/scalar/packed-4x4,5,2,1,4,153793,200204289,1301.7776426755445,ns,ok,direct,reset-and-arithmetic,a038f25ac66821574b30392dc1d3b189cc287e2c,true,kotlin-2.4.10/jvm/Eclipse Adoptium/25.0.1/JMH 1.37/forks=1,1,3,200000000,axpy-v1+4096+uniform,policy-v1,policy,jvm-scalar/policy-v1,jmh-average-time-v1,200000000,1,1,score-times-operations
4,axpy+4096+uniform,jvm-scalar/scalar/scalar/packed-4x4,5,2,1,5,153473,200228341,1304.6486417806389,ns,ok,direct,reset-and-arithmetic,a038f25ac66821574b30392dc1d3b189cc287e2c,true,kotlin-2.4.10/jvm/Eclipse Adoptium/25.0.1/JMH 1.37/forks=1,1,3,200000000,axpy-v1+4096+uniform,policy-v1,policy,jvm-scalar/policy-v1,jmh-average-time-v1,200000000,1,1,score-times-operations
4,axpy-arithmetic+4096+uniform,jvm-scalar/scalar/scalar/packed-4x4,5,2,1,1,141062,200214008,1419.333399498093,ns,ok,direct,reset-and-arithmetic,a038f25ac66821574b30392dc1d3b189cc287e2c,true,kotlin-2.4.10/jvm/Eclipse Adoptium/25.0.1/JMH 1.37/forks=1,1,3,200000000,axpy-arithmetic-v1+4096+uniform,policy-v1,policy,jvm-scalar/policy-v1,jmh-average-time-v1,200000000,1,1,score-times-operations
4,axpy-arithmetic+4096+uniform,jvm-scalar/scalar/scalar/packed-4x4,5,2,1,2,139832,200205329,1431.7561716917444,ns,ok,direct,reset-and-arithmetic,a038f25ac66821574b30392dc1d3b189cc287e2c,true,kotlin-2.4.10/jvm/Eclipse Adoptium/25.0.1/JMH 1.37/forks=1,1,3,200000000,axpy-arithmetic-v1+4096+uniform,policy-v1,policy,jvm-scalar/policy-v1,jmh-average-time-v1,200000000,1,1,score-times-operations
4,axpy-arithmetic+4096+uniform,jvm-scalar/scalar/scalar/packed-4x4,5,2,1,3,140036,200199828,1429.6311519894884,ns,ok,direct,reset-and-arithmetic,a038f25ac66821574b30392dc1d3b189cc287e2c,true,kotlin-2.4.10/jvm/Eclipse Adoptium/25.0.1/JMH 1.37/forks=1,1,3,200000000,axpy-arithmetic-v1+4096+uniform,policy-v1,policy,jvm-scalar/policy-v1,jmh-average-time-v1,200000000,1,1,score-times-operations
4,axpy-arithmetic+4096+uniform,jvm-scalar/scalar/scalar/packed-4x4,5,2,1,4,142154,200195968,1408.3034455590416,ns,ok,direct,reset-and-arithmetic,a038f25ac66821574b30392dc1d3b189cc287e2c,true,kotlin-2.4.10/jvm/Eclipse Adoptium/25.0.1/JMH 1.37/forks=1,1,3,200000000,axpy-arithmetic-v1+4096+uniform,policy-v1,policy,jvm-scalar/policy-v1,jmh-average-time-v1,200000000,1,1,score-times-operations
4,axpy-arithmetic+4096+uniform,jvm-scalar/scalar/scalar/packed-4x4,5,2,1,5,143626,200159715,1393.6175553172825,ns,ok,direct,reset-and-arithmetic,a038f25ac66821574b30392dc1d3b189cc287e2c,true,kotlin-2.4.10/jvm/Eclipse Adoptium/25.0.1/JMH 1.37/forks=1,1,3,200000000,axpy-arithmetic-v1+4096+uniform,policy-v1,policy,jvm-scalar/policy-v1,jmh-average-time-v1,200000000,1,1,score-times-operations
4,scal+4096+uniform,jvm-scalar/scalar/scalar/packed-4x4,5,2,1,1,166845,200133796,1199.5192903593156,ns,ok,direct,reset-and-arithmetic,a038f25ac66821574b30392dc1d3b189cc287e2c,true,kotlin-2.4.10/jvm/Eclipse Adoptium/25.0.1/JMH 1.37/forks=1,1,3,200000000,scal-v1+4096+uniform,policy-v1,policy,jvm-scalar/policy-v1,jmh-average-time-v1,200000000,1,1,score-times-operations
4,scal+4096+uniform,jvm-scalar/scalar/scalar/packed-4x4,5,2,1,2,178822,200141571,1119.222304861818,ns,ok,direct,reset-and-arithmetic,a038f25ac66821574b30392dc1d3b189cc287e2c,true,kotlin-2.4.10/jvm/Eclipse Adoptium/25.0.1/JMH 1.37/forks=1,1,3,200000000,scal-v1+4096+uniform,policy-v1,policy,jvm-scalar/policy-v1,jmh-average-time-v1,200000000,1,1,score-times-operations
4,scal+4096+uniform,jvm-scalar/scalar/scalar/packed-4x4,5,2,1,3,180608,200207716,1108.5207521261516,ns,ok,direct,reset-and-arithmetic,a038f25ac66821574b30392dc1d3b189cc287e2c,true,kotlin-2.4.10/jvm/Eclipse Adoptium/25.0.1/JMH 1.37/forks=1,1,3,200000000,scal-v1+4096+uniform,policy-v1,policy,jvm-scalar/policy-v1,jmh-average-time-v1,200000000,1,1,score-times-operations
4,scal+4096+uniform,jvm-scalar/scalar/scalar/packed-4x4,5,2,1,4,169612,200160692,1180.1092611371837,ns,ok,direct,reset-and-arithmetic,a038f25ac66821574b30392dc1d3b189cc287e2c,true,kotlin-2.4.10/jvm/Eclipse Adoptium/25.0.1/JMH 1.37/forks=1,1,3,200000000,scal-v1+4096+uniform,policy-v1,policy,jvm-scalar/policy-v1,jmh-average-time-v1,200000000,1,1,score-times-operations
4,scal+4096+uniform,jvm-scalar/scalar/scalar/packed-4x4,5,2,1,5,172946,200130771,1157.1864686086988,ns,ok,direct,reset-and-arithmetic,a038f25ac66821574b30392dc1d3b189cc287e2c,true,kotlin-2.4.10/jvm/Eclipse Adoptium/25.0.1/JMH 1.37/forks=1,1,3,200000000,scal-v1+4096+uniform,policy-v1,policy,jvm-scalar/policy-v1,jmh-average-time-v1,200000000,1,1,score-times-operations
4,nrm2+4096+uniform,jvm-scalar/scalar/scalar/packed-4x4,5,2,1,1,77907,200177316,2569.43940852555,ns,ok,direct,arithmetic,a038f25ac66821574b30392dc1d3b189cc287e2c,true,kotlin-2.4.10/jvm/Eclipse Adoptium/25.0.1/JMH 1.37/forks=1,1,3,200000000,nrm2-v1+4096+uniform,policy-v1,policy,jvm-scalar/policy-v1,jmh-average-time-v1,200000000,1,1,score-times-operations
4,nrm2+4096+uniform,jvm-scalar/scalar/scalar/packed-4x4,5,2,1,2,87408,200251708,2290.999771187992,ns,ok,direct,arithmetic,a038f25ac66821574b30392dc1d3b189cc287e2c,true,kotlin-2.4.10/jvm/Eclipse Adoptium/25.0.1/JMH 1.37/forks=1,1,3,200000000,nrm2-v1+4096+uniform,policy-v1,policy,jvm-scalar/policy-v1,jmh-average-time-v1,200000000,1,1,score-times-operations
4,nrm2+4096+uniform,jvm-scalar/scalar/scalar/packed-4x4,5,2,1,3,83896,200267568,2387.0931629636693,ns,ok,direct,arithmetic,a038f25ac66821574b30392dc1d3b189cc287e2c,true,kotlin-2.4.10/jvm/Eclipse Adoptium/25.0.1/JMH 1.37/forks=1,1,3,200000000,nrm2-v1+4096+uniform,policy-v1,policy,jvm-scalar/policy-v1,jmh-average-time-v1,200000000,1,1,score-times-operations
4,nrm2+4096+uniform,jvm-scalar/scalar/scalar/packed-4x4,5,2,1,4,70468,200180398,2840.727677811205,ns,ok,direct,arithmetic,a038f25ac66821574b30392dc1d3b189cc287e2c,true,kotlin-2.4.10/jvm/Eclipse Adoptium/25.0.1/JMH 1.37/forks=1,1,3,200000000,nrm2-v1+4096+uniform,policy-v1,policy,jvm-scalar/policy-v1,jmh-average-time-v1,200000000,1,1,score-times-operations
4,nrm2+4096+uniform,jvm-scalar/scalar/scalar/packed-4x4,5,2,1,5,74079,200169656,2702.110665640735,ns,ok,direct,arithmetic,a038f25ac66821574b30392dc1d3b189cc287e2c,true,kotlin-2.4.10/jvm/Eclipse Adoptium/25.0.1/JMH 1.37/forks=1,1,3,200000000,nrm2-v1+4096+uniform,policy-v1,policy,jvm-scalar/policy-v1,jmh-average-time-v1,200000000,1,1,score-times-operations
4,asum+4096+uniform,jvm-scalar/scalar/scalar/packed-4x4,5,2,1,1,75358,200109457,2655.4507417925106,ns,ok,direct,arithmetic,a038f25ac66821574b30392dc1d3b189cc287e2c,true,kotlin-2.4.10/jvm/Eclipse Adoptium/25.0.1/JMH 1.37/forks=1,1,3,200000000,asum-v1+4096+uniform,policy-v1,policy,jvm-scalar/policy-v1,jmh-average-time-v1,200000000,1,1,score-times-operations
4,asum+4096+uniform,jvm-scalar/scalar/scalar/packed-4x4,5,2,1,2,53378,200127946,3749.2589831016526,ns,ok,direct,arithmetic,a038f25ac66821574b30392dc1d3b189cc287e2c,true,kotlin-2.4.10/jvm/Eclipse Adoptium/25.0.1/JMH 1.37/forks=1,1,3,200000000,asum-v1+4096+uniform,policy-v1,policy,jvm-scalar/policy-v1,jmh-average-time-v1,200000000,1,1,score-times-operations
4,asum+4096+uniform,jvm-scalar/scalar/scalar/packed-4x4,5,2,1,3,78642,200169343,2545.3236565702805,ns,ok,direct,arithmetic,a038f25ac66821574b30392dc1d3b189cc287e2c,true,kotlin-2.4.10/jvm/Eclipse Adoptium/25.0.1/JMH 1.37/forks=1,1,3,200000000,asum-v1+4096+uniform,policy-v1,policy,jvm-scalar/policy-v1,jmh-average-time-v1,200000000,1,1,score-times-operations
4,asum+4096+uniform,jvm-scalar/scalar/scalar/packed-4x4,5,2,1,4,87641,200099478,2283.1720085348184,ns,ok,direct,arithmetic,a038f25ac66821574b30392dc1d3b189cc287e2c,true,kotlin-2.4.10/jvm/Eclipse Adoptium/25.0.1/JMH 1.37/forks=1,1,3,200000000,asum-v1+4096+uniform,policy-v1,policy,jvm-scalar/policy-v1,jmh-average-time-v1,200000000,1,1,score-times-operations
4,asum+4096+uniform,jvm-scalar/scalar/scalar/packed-4x4,5,2,1,5,88799,200109042,2253.505580017793,ns,ok,direct,arithmetic,a038f25ac66821574b30392dc1d3b189cc287e2c,true,kotlin-2.4.10/jvm/Eclipse Adoptium/25.0.1/JMH 1.37/forks=1,1,3,200000000,asum-v1+4096+uniform,policy-v1,policy,jvm-scalar/policy-v1,jmh-average-time-v1,200000000,1,1,score-times-operations
4,sum+4096+uniform,jvm-scalar/scalar/scalar/packed-4x4,5,2,1,1,61364,200148092,3261.653282054625,ns,ok,direct,arithmetic,a038f25ac66821574b30392dc1d3b189cc287e2c,true,kotlin-2.4.10/jvm/Eclipse Adoptium/25.0.1/JMH 1.37/forks=1,1,3,200000000,sum-v1+4096+uniform,policy-v1,policy,jvm-scalar/policy-v1,jmh-average-time-v1,200000000,1,1,score-times-operations
4,sum+4096+uniform,jvm-scalar/scalar/scalar/packed-4x4,5,2,1,2,75465,200162567,2652.3894123103423,ns,ok,direct,arithmetic,a038f25ac66821574b30392dc1d3b189cc287e2c,true,kotlin-2.4.10/jvm/Eclipse Adoptium/25.0.1/JMH 1.37/forks=1,1,3,200000000,sum-v1+4096+uniform,policy-v1,policy,jvm-scalar/policy-v1,jmh-average-time-v1,200000000,1,1,score-times-operations
4,sum+4096+uniform,jvm-scalar/scalar/scalar/packed-4x4,5,2,1,3,114170,200117326,1752.801313830253,ns,ok,direct,arithmetic,a038f25ac66821574b30392dc1d3b189cc287e2c,true,kotlin-2.4.10/jvm/Eclipse Adoptium/25.0.1/JMH 1.37/forks=1,1,3,200000000,sum-v1+4096+uniform,policy-v1,policy,jvm-scalar/policy-v1,jmh-average-time-v1,200000000,1,1,score-times-operations
4,sum+4096+uniform,jvm-scalar/scalar/scalar/packed-4x4,5,2,1,4,120550,200204496,1660.758987971796,ns,ok,direct,arithmetic,a038f25ac66821574b30392dc1d3b189cc287e2c,true,kotlin-2.4.10/jvm/Eclipse Adoptium/25.0.1/JMH 1.37/forks=1,1,3,200000000,sum-v1+4096+uniform,policy-v1,policy,jvm-scalar/policy-v1,jmh-average-time-v1,200000000,1,1,score-times-operations
4,sum+4096+uniform,jvm-scalar/scalar/scalar/packed-4x4,5,2,1,5,118586,200271429,1688.8286054003001,ns,ok,direct,arithmetic,a038f25ac66821574b30392dc1d3b189cc287e2c,true,kotlin-2.4.10/jvm/Eclipse Adoptium/25.0.1/JMH 1.37/forks=1,1,3,200000000,sum-v1+4096+uniform,policy-v1,policy,jvm-scalar/policy-v1,jmh-average-time-v1,200000000,1,1,score-times-operations
4,compensated-sum+4096+uniform,jvm-scalar/scalar/scalar/packed-4x4,5,2,1,1,63945,200227995,3131.253342716397,ns,ok,unsupported,arithmetic,a038f25ac66821574b30392dc1d3b189cc287e2c,true,kotlin-2.4.10/jvm/Eclipse Adoptium/25.0.1/JMH 1.37/forks=1,1,3,200000000,compensated-sum-v1+4096+uniform,policy-v1,policy,jvm-scalar/policy-v1,jmh-average-time-v1,200000000,1,1,score-times-operations
4,compensated-sum+4096+uniform,jvm-scalar/scalar/scalar/packed-4x4,5,2,1,2,64032,200189232,3126.393553223388,ns,ok,unsupported,arithmetic,a038f25ac66821574b30392dc1d3b189cc287e2c,true,kotlin-2.4.10/jvm/Eclipse Adoptium/25.0.1/JMH 1.37/forks=1,1,3,200000000,compensated-sum-v1+4096+uniform,policy-v1,policy,jvm-scalar/policy-v1,jmh-average-time-v1,200000000,1,1,score-times-operations
4,compensated-sum+4096+uniform,jvm-scalar/scalar/scalar/packed-4x4,5,2,1,3,64218,200192435,3117.388193341431,ns,ok,unsupported,arithmetic,a038f25ac66821574b30392dc1d3b189cc287e2c,true,kotlin-2.4.10/jvm/Eclipse Adoptium/25.0.1/JMH 1.37/forks=1,1,3,200000000,compensated-sum-v1+4096+uniform,policy-v1,policy,jvm-scalar/policy-v1,jmh-average-time-v1,200000000,1,1,score-times-operations
4,compensated-sum+4096+uniform,jvm-scalar/scalar/scalar/packed-4x4,5,2,1,4,62853,200096814,3183.568230633383,ns,ok,unsupported,arithmetic,a038f25ac66821574b30392dc1d3b189cc287e2c,true,kotlin-2.4.10/jvm/Eclipse Adoptium/25.0.1/JMH 1.37/forks=1,1,3,200000000,compensated-sum-v1+4096+uniform,policy-v1,policy,jvm-scalar/policy-v1,jmh-average-time-v1,200000000,1,1,score-times-operations
4,compensated-sum+4096+uniform,jvm-scalar/scalar/scalar/packed-4x4,5,2,1,5,70138,200203080,2854.4167213208248,ns,ok,unsupported,arithmetic,a038f25ac66821574b30392dc1d3b189cc287e2c,true,kotlin-2.4.10/jvm/Eclipse Adoptium/25.0.1/JMH 1.37/forks=1,1,3,200000000,compensated-sum-v1+4096+uniform,policy-v1,policy,jvm-scalar/policy-v1,jmh-average-time-v1,200000000,1,1,score-times-operations
4,iamax+4096+uniform,jvm-scalar/scalar/scalar/packed-4x4,5,2,1,1,153554,200152304,1303.4652565221356,ns,ok,direct,arithmetic,a038f25ac66821574b30392dc1d3b189cc287e2c,true,kotlin-2.4.10/jvm/Eclipse Adoptium/25.0.1/JMH 1.37/forks=1,1,3,200000000,iamax-v1+4096+uniform,policy-v1,policy,jvm-scalar/policy-v1,jmh-average-time-v1,200000000,1,1,score-times-operations
4,iamax+4096+uniform,jvm-scalar/scalar/scalar/packed-4x4,5,2,1,2,154739,200166650,1293.5759569339339,ns,ok,direct,arithmetic,a038f25ac66821574b30392dc1d3b189cc287e2c,true,kotlin-2.4.10/jvm/Eclipse Adoptium/25.0.1/JMH 1.37/forks=1,1,3,200000000,iamax-v1+4096+uniform,policy-v1,policy,jvm-scalar/policy-v1,jmh-average-time-v1,200000000,1,1,score-times-operations
4,iamax+4096+uniform,jvm-scalar/scalar/scalar/packed-4x4,5,2,1,3,154502,200218446,1295.8954964984273,ns,ok,direct,arithmetic,a038f25ac66821574b30392dc1d3b189cc287e2c,true,kotlin-2.4.10/jvm/Eclipse Adoptium/25.0.1/JMH 1.37/forks=1,1,3,200000000,iamax-v1+4096+uniform,policy-v1,policy,jvm-scalar/policy-v1,jmh-average-time-v1,200000000,1,1,score-times-operations
4,iamax+4096+uniform,jvm-scalar/scalar/scalar/packed-4x4,5,2,1,4,154729,200193526,1293.8332568555345,ns,ok,direct,arithmetic,a038f25ac66821574b30392dc1d3b189cc287e2c,true,kotlin-2.4.10/jvm/Eclipse Adoptium/25.0.1/JMH 1.37/forks=1,1,3,200000000,iamax-v1+4096+uniform,policy-v1,policy,jvm-scalar/policy-v1,jmh-average-time-v1,200000000,1,1,score-times-operations
4,iamax+4096+uniform,jvm-scalar/scalar/scalar/packed-4x4,5,2,1,5,154486,200198749,1295.902211203604,ns,ok,direct,arithmetic,a038f25ac66821574b30392dc1d3b189cc287e2c,true,kotlin-2.4.10/jvm/Eclipse Adoptium/25.0.1/JMH 1.37/forks=1,1,3,200000000,iamax-v1+4096+uniform,policy-v1,policy,jvm-scalar/policy-v1,jmh-average-time-v1,200000000,1,1,score-times-operations
4,swap+4096+uniform,jvm-scalar/scalar/scalar/packed-4x4,5,2,1,1,84715,200246915,2363.771646107537,ns,ok,direct,reset-and-arithmetic,a038f25ac66821574b30392dc1d3b189cc287e2c,true,kotlin-2.4.10/jvm/Eclipse Adoptium/25.0.1/JMH 1.37/forks=1,1,3,200000000,swap-v1+4096+uniform,policy-v1,policy,jvm-scalar/policy-v1,jmh-average-time-v1,200000000,1,1,score-times-operations
4,swap+4096+uniform,jvm-scalar/scalar/scalar/packed-4x4,5,2,1,2,82846,200237868,2416.9889674818337,ns,ok,direct,reset-and-arithmetic,a038f25ac66821574b30392dc1d3b189cc287e2c,true,kotlin-2.4.10/jvm/Eclipse Adoptium/25.0.1/JMH 1.37/forks=1,1,3,200000000,swap-v1+4096+uniform,policy-v1,policy,jvm-scalar/policy-v1,jmh-average-time-v1,200000000,1,1,score-times-operations
4,swap+4096+uniform,jvm-scalar/scalar/scalar/packed-4x4,5,2,1,3,82808,200166181,2417.2324050816346,ns,ok,direct,reset-and-arithmetic,a038f25ac66821574b30392dc1d3b189cc287e2c,true,kotlin-2.4.10/jvm/Eclipse Adoptium/25.0.1/JMH 1.37/forks=1,1,3,200000000,swap-v1+4096+uniform,policy-v1,policy,jvm-scalar/policy-v1,jmh-average-time-v1,200000000,1,1,score-times-operations
4,swap+4096+uniform,jvm-scalar/scalar/scalar/packed-4x4,5,2,1,4,83379,200154544,2400.5390326101297,ns,ok,direct,reset-and-arithmetic,a038f25ac66821574b30392dc1d3b189cc287e2c,true,kotlin-2.4.10/jvm/Eclipse Adoptium/25.0.1/JMH 1.37/forks=1,1,3,200000000,swap-v1+4096+uniform,policy-v1,policy,jvm-scalar/policy-v1,jmh-average-time-v1,200000000,1,1,score-times-operations
4,swap+4096+uniform,jvm-scalar/scalar/scalar/packed-4x4,5,2,1,5,82359,200188712,2430.6841025267427,ns,ok,direct,reset-and-arithmetic,a038f25ac66821574b30392dc1d3b189cc287e2c,true,kotlin-2.4.10/jvm/Eclipse Adoptium/25.0.1/JMH 1.37/forks=1,1,3,200000000,swap-v1+4096+uniform,policy-v1,policy,jvm-scalar/policy-v1,jmh-average-time-v1,200000000,1,1,score-times-operations
4,rot+4096+uniform,jvm-scalar/scalar/scalar/packed-4x4,5,2,1,1,79130,200113205,2528.9170352584356,ns,ok,direct,reset-and-arithmetic,a038f25ac66821574b30392dc1d3b189cc287e2c,true,kotlin-2.4.10/jvm/Eclipse Adoptium/25.0.1/JMH 1.37/forks=1,1,3,200000000,rot-v1+4096+uniform,policy-v1,policy,jvm-scalar/policy-v1,jmh-average-time-v1,200000000,1,1,score-times-operations
4,rot+4096+uniform,jvm-scalar/scalar/scalar/packed-4x4,5,2,1,2,76288,200149281,2623.6011037122485,ns,ok,direct,reset-and-arithmetic,a038f25ac66821574b30392dc1d3b189cc287e2c,true,kotlin-2.4.10/jvm/Eclipse Adoptium/25.0.1/JMH 1.37/forks=1,1,3,200000000,rot-v1+4096+uniform,policy-v1,policy,jvm-scalar/policy-v1,jmh-average-time-v1,200000000,1,1,score-times-operations
4,rot+4096+uniform,jvm-scalar/scalar/scalar/packed-4x4,5,2,1,3,80280,200159123,2493.2626183358248,ns,ok,direct,reset-and-arithmetic,a038f25ac66821574b30392dc1d3b189cc287e2c,true,kotlin-2.4.10/jvm/Eclipse Adoptium/25.0.1/JMH 1.37/forks=1,1,3,200000000,rot-v1+4096+uniform,policy-v1,policy,jvm-scalar/policy-v1,jmh-average-time-v1,200000000,1,1,score-times-operations
4,rot+4096+uniform,jvm-scalar/scalar/scalar/packed-4x4,5,2,1,4,75569,200138544,2648.421230928026,ns,ok,direct,reset-and-arithmetic,a038f25ac66821574b30392dc1d3b189cc287e2c,true,kotlin-2.4.10/jvm/Eclipse Adoptium/25.0.1/JMH 1.37/forks=1,1,3,200000000,rot-v1+4096+uniform,policy-v1,policy,jvm-scalar/policy-v1,jmh-average-time-v1,200000000,1,1,score-times-operations
4,rot+4096+uniform,jvm-scalar/scalar/scalar/packed-4x4,5,2,1,5,78906,200100768,2535.938559805338,ns,ok,direct,reset-and-arithmetic,a038f25ac66821574b30392dc1d3b189cc287e2c,true,kotlin-2.4.10/jvm/Eclipse Adoptium/25.0.1/JMH 1.37/forks=1,1,3,200000000,rot-v1+4096+uniform,policy-v1,policy,jvm-scalar/policy-v1,jmh-average-time-v1,200000000,1,1,score-times-operations
4,rotm+4096+uniform,jvm-scalar/scalar/scalar/packed-4x4,5,2,1,1,55010,200247255,3640.1973277585894,ns,ok,direct,reset-and-arithmetic,a038f25ac66821574b30392dc1d3b189cc287e2c,true,kotlin-2.4.10/jvm/Eclipse Adoptium/25.0.1/JMH 1.37/forks=1,1,3,200000000,rotm-v1+4096+uniform,policy-v1,policy,jvm-scalar/policy-v1,jmh-average-time-v1,200000000,1,1,score-times-operations
4,rotm+4096+uniform,jvm-scalar/scalar/scalar/packed-4x4,5,2,1,2,55116,200219333,3632.6898359822917,ns,ok,direct,reset-and-arithmetic,a038f25ac66821574b30392dc1d3b189cc287e2c,true,kotlin-2.4.10/jvm/Eclipse Adoptium/25.0.1/JMH 1.37/forks=1,1,3,200000000,rotm-v1+4096+uniform,policy-v1,policy,jvm-scalar/policy-v1,jmh-average-time-v1,200000000,1,1,score-times-operations
4,rotm+4096+uniform,jvm-scalar/scalar/scalar/packed-4x4,5,2,1,3,55395,200212412,3614.2686524054516,ns,ok,direct,reset-and-arithmetic,a038f25ac66821574b30392dc1d3b189cc287e2c,true,kotlin-2.4.10/jvm/Eclipse Adoptium/25.0.1/JMH 1.37/forks=1,1,3,200000000,rotm-v1+4096+uniform,policy-v1,policy,jvm-scalar/policy-v1,jmh-average-time-v1,200000000,1,1,score-times-operations
4,rotm+4096+uniform,jvm-scalar/scalar/scalar/packed-4x4,5,2,1,4,54787,200161554,3653.4497964845673,ns,ok,direct,reset-and-arithmetic,a038f25ac66821574b30392dc1d3b189cc287e2c,true,kotlin-2.4.10/jvm/Eclipse Adoptium/25.0.1/JMH 1.37/forks=1,1,3,200000000,rotm-v1+4096+uniform,policy-v1,policy,jvm-scalar/policy-v1,jmh-average-time-v1,200000000,1,1,score-times-operations
4,rotm+4096+uniform,jvm-scalar/scalar/scalar/packed-4x4,5,2,1,5,54112,200155897,3698.9188534890595,ns,ok,direct,reset-and-arithmetic,a038f25ac66821574b30392dc1d3b189cc287e2c,true,kotlin-2.4.10/jvm/Eclipse Adoptium/25.0.1/JMH 1.37/forks=1,1,3,200000000,rotm-v1+4096+uniform,policy-v1,policy,jvm-scalar/policy-v1,jmh-average-time-v1,200000000,1,1,score-times-operations
4,rotmg+1+uniform,jvm-scalar/scalar/scalar/packed-4x4,5,2,1,1,26725077,200198985,7.491053627272992,ns,ok,direct,arithmetic,a038f25ac66821574b30392dc1d3b189cc287e2c,true,kotlin-2.4.10/jvm/Eclipse Adoptium/25.0.1/JMH 1.37/forks=1,1,3,200000000,rotmg-v1+1+uniform,policy-v1,policy,jvm-scalar/policy-v1,jmh-average-time-v1,200000000,1,1,score-times-operations
4,rotmg+1+uniform,jvm-scalar/scalar/scalar/packed-4x4,5,2,1,2,19383942,200212975,10.328805926059829,ns,ok,direct,arithmetic,a038f25ac66821574b30392dc1d3b189cc287e2c,true,kotlin-2.4.10/jvm/Eclipse Adoptium/25.0.1/JMH 1.37/forks=1,1,3,200000000,rotmg-v1+1+uniform,policy-v1,policy,jvm-scalar/policy-v1,jmh-average-time-v1,200000000,1,1,score-times-operations
4,rotmg+1+uniform,jvm-scalar/scalar/scalar/packed-4x4,5,2,1,3,26168690,200144408,7.648239480080967,ns,ok,direct,arithmetic,a038f25ac66821574b30392dc1d3b189cc287e2c,true,kotlin-2.4.10/jvm/Eclipse Adoptium/25.0.1/JMH 1.37/forks=1,1,3,200000000,rotmg-v1+1+uniform,policy-v1,policy,jvm-scalar/policy-v1,jmh-average-time-v1,200000000,1,1,score-times-operations
4,rotmg+1+uniform,jvm-scalar/scalar/scalar/packed-4x4,5,2,1,4,26584138,200194462,7.530598208600933,ns,ok,direct,arithmetic,a038f25ac66821574b30392dc1d3b189cc287e2c,true,kotlin-2.4.10/jvm/Eclipse Adoptium/25.0.1/JMH 1.37/forks=1,1,3,200000000,rotmg-v1+1+uniform,policy-v1,policy,jvm-scalar/policy-v1,jmh-average-time-v1,200000000,1,1,score-times-operations
4,rotmg+1+uniform,jvm-scalar/scalar/scalar/packed-4x4,5,2,1,5,26501756,200287585,7.557521282740661,ns,ok,direct,arithmetic,a038f25ac66821574b30392dc1d3b189cc287e2c,true,kotlin-2.4.10/jvm/Eclipse Adoptium/25.0.1/JMH 1.37/forks=1,1,3,200000000,rotmg-v1+1+uniform,policy-v1,policy,jvm-scalar/policy-v1,jmh-average-time-v1,200000000,1,1,score-times-operations
4,ssqd+4096+uniform,jvm-scalar/scalar/scalar/packed-4x4,5,2,1,1,112803,200154894,1774.3756283077578,ns,ok,unsupported,arithmetic,a038f25ac66821574b30392dc1d3b189cc287e2c,true,kotlin-2.4.10/jvm/Eclipse Adoptium/25.0.1/JMH 1.37/forks=1,1,3,200000000,ssqd-v1+4096+uniform,policy-v1,policy,jvm-scalar/policy-v1,jmh-average-time-v1,200000000,1,1,score-times-operations
4,ssqd+4096+uniform,jvm-scalar/scalar/scalar/packed-4x4,5,2,1,2,113196,200177108,1768.411498639528,ns,ok,unsupported,arithmetic,a038f25ac66821574b30392dc1d3b189cc287e2c,true,kotlin-2.4.10/jvm/Eclipse Adoptium/25.0.1/JMH 1.37/forks=1,1,3,200000000,ssqd-v1+4096+uniform,policy-v1,policy,jvm-scalar/policy-v1,jmh-average-time-v1,200000000,1,1,score-times-operations
4,ssqd+4096+uniform,jvm-scalar/scalar/scalar/packed-4x4,5,2,1,3,111414,200144625,1796.4046259895524,ns,ok,unsupported,arithmetic,a038f25ac66821574b30392dc1d3b189cc287e2c,true,kotlin-2.4.10/jvm/Eclipse Adoptium/25.0.1/JMH 1.37/forks=1,1,3,200000000,ssqd-v1+4096+uniform,policy-v1,policy,jvm-scalar/policy-v1,jmh-average-time-v1,200000000,1,1,score-times-operations
4,ssqd+4096+uniform,jvm-scalar/scalar/scalar/packed-4x4,5,2,1,4,106655,200107920,1876.2169612301345,ns,ok,unsupported,arithmetic,a038f25ac66821574b30392dc1d3b189cc287e2c,true,kotlin-2.4.10/jvm/Eclipse Adoptium/25.0.1/JMH 1.37/forks=1,1,3,200000000,ssqd-v1+4096+uniform,policy-v1,policy,jvm-scalar/policy-v1,jmh-average-time-v1,200000000,1,1,score-times-operations
4,ssqd+4096+uniform,jvm-scalar/scalar/scalar/packed-4x4,5,2,1,5,112684,200147969,1776.1880036207447,ns,ok,unsupported,arithmetic,a038f25ac66821574b30392dc1d3b189cc287e2c,true,kotlin-2.4.10/jvm/Eclipse Adoptium/25.0.1/JMH 1.37/forks=1,1,3,200000000,ssqd-v1+4096+uniform,policy-v1,policy,jvm-scalar/policy-v1,jmh-average-time-v1,200000000,1,1,score-times-operations
4,dot4+4096+uniform,jvm-scalar/scalar/scalar/packed-4x4,5,2,1,1,57966,200142441,3452.755770624159,ns,ok,composed,arithmetic,a038f25ac66821574b30392dc1d3b189cc287e2c,true,kotlin-2.4.10/jvm/Eclipse Adoptium/25.0.1/JMH 1.37/forks=1,1,3,200000000,dot4-v1+4096+uniform,policy-v1,policy,jvm-scalar/policy-v1,jmh-average-time-v1,200000000,1,1,score-times-operations
4,dot4+4096+uniform,jvm-scalar/scalar/scalar/packed-4x4,5,2,1,2,58797,200203252,3404.990934911645,ns,ok,composed,arithmetic,a038f25ac66821574b30392dc1d3b189cc287e2c,true,kotlin-2.4.10/jvm/Eclipse Adoptium/25.0.1/JMH 1.37/forks=1,1,3,200000000,dot4-v1+4096+uniform,policy-v1,policy,jvm-scalar/policy-v1,jmh-average-time-v1,200000000,1,1,score-times-operations
4,dot4+4096+uniform,jvm-scalar/scalar/scalar/packed-4x4,5,2,1,3,59268,200269398,3379.047681716947,ns,ok,composed,arithmetic,a038f25ac66821574b30392dc1d3b189cc287e2c,true,kotlin-2.4.10/jvm/Eclipse Adoptium/25.0.1/JMH 1.37/forks=1,1,3,200000000,dot4-v1+4096+uniform,policy-v1,policy,jvm-scalar/policy-v1,jmh-average-time-v1,200000000,1,1,score-times-operations
4,dot4+4096+uniform,jvm-scalar/scalar/scalar/packed-4x4,5,2,1,4,56859,200174722,3520.5459469916814,ns,ok,composed,arithmetic,a038f25ac66821574b30392dc1d3b189cc287e2c,true,kotlin-2.4.10/jvm/Eclipse Adoptium/25.0.1/JMH 1.37/forks=1,1,3,200000000,dot4-v1+4096+uniform,policy-v1,policy,jvm-scalar/policy-v1,jmh-average-time-v1,200000000,1,1,score-times-operations
4,dot4+4096+uniform,jvm-scalar/scalar/scalar/packed-4x4,5,2,1,5,55497,200263060,3608.5384795574537,ns,ok,composed,arithmetic,a038f25ac66821574b30392dc1d3b189cc287e2c,true,kotlin-2.4.10/jvm/Eclipse Adoptium/25.0.1/JMH 1.37/forks=1,1,3,200000000,dot4-v1+4096+uniform,policy-v1,policy,jvm-scalar/policy-v1,jmh-average-time-v1,200000000,1,1,score-times-operations
4,axpy4+4096+uniform,jvm-scalar/scalar/scalar/packed-4x4,5,2,1,1,49526,200096713,4040.2356943827485,ns,ok,composed,reset-and-arithmetic,a038f25ac66821574b30392dc1d3b189cc287e2c,true,kotlin-2.4.10/jvm/Eclipse Adoptium/25.0.1/JMH 1.37/forks=1,1,3,200000000,axpy4-v1+4096+uniform,policy-v1,policy,jvm-scalar/policy-v1,jmh-average-time-v1,200000000,1,1,score-times-operations
4,axpy4+4096+uniform,jvm-scalar/scalar/scalar/packed-4x4,5,2,1,2,49758,200166154,4022.7934000562723,ns,ok,composed,reset-and-arithmetic,a038f25ac66821574b30392dc1d3b189cc287e2c,true,kotlin-2.4.10/jvm/Eclipse Adoptium/25.0.1/JMH 1.37/forks=1,1,3,200000000,axpy4-v1+4096+uniform,policy-v1,policy,jvm-scalar/policy-v1,jmh-average-time-v1,200000000,1,1,score-times-operations
4,axpy4+4096+uniform,jvm-scalar/scalar/scalar/packed-4x4,5,2,1,3,49997,200272256,4005.6854611276676,ns,ok,composed,reset-and-arithmetic,a038f25ac66821574b30392dc1d3b189cc287e2c,true,kotlin-2.4.10/jvm/Eclipse Adoptium/25.0.1/JMH 1.37/forks=1,1,3,200000000,axpy4-v1+4096+uniform,policy-v1,policy,jvm-scalar/policy-v1,jmh-average-time-v1,200000000,1,1,score-times-operations
4,axpy4+4096+uniform,jvm-scalar/scalar/scalar/packed-4x4,5,2,1,4,48505,200220990,4127.842284300587,ns,ok,composed,reset-and-arithmetic,a038f25ac66821574b30392dc1d3b189cc287e2c,true,kotlin-2.4.10/jvm/Eclipse Adoptium/25.0.1/JMH 1.37/forks=1,1,3,200000000,axpy4-v1+4096+uniform,policy-v1,policy,jvm-scalar/policy-v1,jmh-average-time-v1,200000000,1,1,score-times-operations
4,axpy4+4096+uniform,jvm-scalar/scalar/scalar/packed-4x4,5,2,1,5,47148,200162344,4245.4047679647065,ns,ok,composed,reset-and-arithmetic,a038f25ac66821574b30392dc1d3b189cc287e2c,true,kotlin-2.4.10/jvm/Eclipse Adoptium/25.0.1/JMH 1.37/forks=1,1,3,200000000,axpy4-v1+4096+uniform,policy-v1,policy,jvm-scalar/policy-v1,jmh-average-time-v1,200000000,1,1,score-times-operations
4,dot-axpy+4096+uniform,jvm-scalar/scalar/scalar/packed-4x4,5,2,1,1,82788,200159557,2417.7363506788424,ns,ok,composed,reset-and-arithmetic,a038f25ac66821574b30392dc1d3b189cc287e2c,true,kotlin-2.4.10/jvm/Eclipse Adoptium/25.0.1/JMH 1.37/forks=1,1,3,200000000,dot-axpy-v1+4096+uniform,policy-v1,policy,jvm-scalar/policy-v1,jmh-average-time-v1,200000000,1,1,score-times-operations
4,dot-axpy+4096+uniform,jvm-scalar/scalar/scalar/packed-4x4,5,2,1,2,81236,200207261,2464.5140208774433,ns,ok,composed,reset-and-arithmetic,a038f25ac66821574b30392dc1d3b189cc287e2c,true,kotlin-2.4.10/jvm/Eclipse Adoptium/25.0.1/JMH 1.37/forks=1,1,3,200000000,dot-axpy-v1+4096+uniform,policy-v1,policy,jvm-scalar/policy-v1,jmh-average-time-v1,200000000,1,1,score-times-operations
4,dot-axpy+4096+uniform,jvm-scalar/scalar/scalar/packed-4x4,5,2,1,3,79676,200221821,2512.9502108539587,ns,ok,composed,reset-and-arithmetic,a038f25ac66821574b30392dc1d3b189cc287e2c,true,kotlin-2.4.10/jvm/Eclipse Adoptium/25.0.1/JMH 1.37/forks=1,1,3,200000000,dot-axpy-v1+4096+uniform,policy-v1,policy,jvm-scalar/policy-v1,jmh-average-time-v1,200000000,1,1,score-times-operations
4,dot-axpy+4096+uniform,jvm-scalar/scalar/scalar/packed-4x4,5,2,1,4,80028,200174110,2501.3009196781127,ns,ok,composed,reset-and-arithmetic,a038f25ac66821574b30392dc1d3b189cc287e2c,true,kotlin-2.4.10/jvm/Eclipse Adoptium/25.0.1/JMH 1.37/forks=1,1,3,200000000,dot-axpy-v1+4096+uniform,policy-v1,policy,jvm-scalar/policy-v1,jmh-average-time-v1,200000000,1,1,score-times-operations
4,dot-axpy+4096+uniform,jvm-scalar/scalar/scalar/packed-4x4,5,2,1,5,78210,200184064,2559.5712057281676,ns,ok,composed,reset-and-arithmetic,a038f25ac66821574b30392dc1d3b189cc287e2c,true,kotlin-2.4.10/jvm/Eclipse Adoptium/25.0.1/JMH 1.37/forks=1,1,3,200000000,dot-axpy-v1+4096+uniform,policy-v1,policy,jvm-scalar/policy-v1,jmh-average-time-v1,200000000,1,1,score-times-operations
4,gemv+32x21+uniform,jvm-scalar/scalar/scalar/packed-4x4,5,2,1,1,912810,200251490,219.37915886109926,ns,ok,direct,reset-and-arithmetic,a038f25ac66821574b30392dc1d3b189cc287e2c,true,kotlin-2.4.10/jvm/Eclipse Adoptium/25.0.1/JMH 1.37/forks=1,1,3,200000000,gemv-v1+32x21+uniform,policy-v1,policy,jvm-scalar/policy-v1,jmh-average-time-v1,200000000,1,1,score-times-operations
4,gemv+32x21+uniform,jvm-scalar/scalar/scalar/packed-4x4,5,2,1,2,890410,200211228,224.8528520569176,ns,ok,direct,reset-and-arithmetic,a038f25ac66821574b30392dc1d3b189cc287e2c,true,kotlin-2.4.10/jvm/Eclipse Adoptium/25.0.1/JMH 1.37/forks=1,1,3,200000000,gemv-v1+32x21+uniform,policy-v1,policy,jvm-scalar/policy-v1,jmh-average-time-v1,200000000,1,1,score-times-operations
4,gemv+32x21+uniform,jvm-scalar/scalar/scalar/packed-4x4,5,2,1,3,886821,200200394,225.75062385757667,ns,ok,direct,reset-and-arithmetic,a038f25ac66821574b30392dc1d3b189cc287e2c,true,kotlin-2.4.10/jvm/Eclipse Adoptium/25.0.1/JMH 1.37/forks=1,1,3,200000000,gemv-v1+32x21+uniform,policy-v1,policy,jvm-scalar/policy-v1,jmh-average-time-v1,200000000,1,1,score-times-operations
4,gemv+32x21+uniform,jvm-scalar/scalar/scalar/packed-4x4,5,2,1,4,981679,200166738,203.9024345025207,ns,ok,direct,reset-and-arithmetic,a038f25ac66821574b30392dc1d3b189cc287e2c,true,kotlin-2.4.10/jvm/Eclipse Adoptium/25.0.1/JMH 1.37/forks=1,1,3,200000000,gemv-v1+32x21+uniform,policy-v1,policy,jvm-scalar/policy-v1,jmh-average-time-v1,200000000,1,1,score-times-operations
4,gemv+32x21+uniform,jvm-scalar/scalar/scalar/packed-4x4,5,2,1,5,975867,200105073,205.05363230850105,ns,ok,direct,reset-and-arithmetic,a038f25ac66821574b30392dc1d3b189cc287e2c,true,kotlin-2.4.10/jvm/Eclipse Adoptium/25.0.1/JMH 1.37/forks=1,1,3,200000000,gemv-v1+32x21+uniform,policy-v1,policy,jvm-scalar/policy-v1,jmh-average-time-v1,200000000,1,1,score-times-operations
4,gemv+129x31+uniform+transA=T,jvm-scalar/scalar/scalar/packed-4x4,5,2,1,1,193264,200205352,1035.9164252007618,ns,ok,direct,reset-and-arithmetic,a038f25ac66821574b30392dc1d3b189cc287e2c,true,kotlin-2.4.10/jvm/Eclipse Adoptium/25.0.1/JMH 1.37/forks=1,1,3,200000000,gemv-v1+129x31+uniform+transA=T,policy-v1,policy,jvm-scalar/policy-v1,jmh-average-time-v1,200000000,1,1,score-times-operations
4,gemv+129x31+uniform+transA=T,jvm-scalar/scalar/scalar/packed-4x4,5,2,1,2,199596,200246941,1003.2612928114792,ns,ok,direct,reset-and-arithmetic,a038f25ac66821574b30392dc1d3b189cc287e2c,true,kotlin-2.4.10/jvm/Eclipse Adoptium/25.0.1/JMH 1.37/forks=1,1,3,200000000,gemv-v1+129x31+uniform+transA=T,policy-v1,policy,jvm-scalar/policy-v1,jmh-average-time-v1,200000000,1,1,score-times-operations
4,gemv+129x31+uniform+transA=T,jvm-scalar/scalar/scalar/packed-4x4,5,2,1,3,196022,200106523,1020.8370642070788,ns,ok,direct,reset-and-arithmetic,a038f25ac66821574b30392dc1d3b189cc287e2c,true,kotlin-2.4.10/jvm/Eclipse Adoptium/25.0.1/JMH 1.37/forks=1,1,3,200000000,gemv-v1+129x31+uniform+transA=T,policy-v1,policy,jvm-scalar/policy-v1,jmh-average-time-v1,200000000,1,1,score-times-operations
4,gemv+129x31+uniform+transA=T,jvm-scalar/scalar/scalar/packed-4x4,5,2,1,4,186012,200259698,1076.5955852310603,ns,ok,direct,reset-and-arithmetic,a038f25ac66821574b30392dc1d3b189cc287e2c,true,kotlin-2.4.10/jvm/Eclipse Adoptium/25.0.1/JMH 1.37/forks=1,1,3,200000000,gemv-v1+129x31+uniform+transA=T,policy-v1,policy,jvm-scalar/policy-v1,jmh-average-time-v1,200000000,1,1,score-times-operations
4,gemv+129x31+uniform+transA=T,jvm-scalar/scalar/scalar/packed-4x4,5,2,1,5,201173,200176421,995.0461592758471,ns,ok,direct,reset-and-arithmetic,a038f25ac66821574b30392dc1d3b189cc287e2c,true,kotlin-2.4.10/jvm/Eclipse Adoptium/25.0.1/JMH 1.37/forks=1,1,3,200000000,gemv-v1+129x31+uniform+transA=T,policy-v1,policy,jvm-scalar/policy-v1,jmh-average-time-v1,200000000,1,1,score-times-operations
4,symv+129+uniform+uplo=U,jvm-scalar/scalar/scalar/packed-4x4,5,2,1,1,46720,200185907,4284.801091609589,ns,ok,direct,reset-and-arithmetic,a038f25ac66821574b30392dc1d3b189cc287e2c,true,kotlin-2.4.10/jvm/Eclipse Adoptium/25.0.1/JMH 1.37/forks=1,1,3,200000000,symv-v1+129+uniform+uplo=U,policy-v1,policy,jvm-scalar/policy-v1,jmh-average-time-v1,200000000,1,1,score-times-operations
4,symv+129+uniform+uplo=U,jvm-scalar/scalar/scalar/packed-4x4,5,2,1,2,47707,200210568,4196.670677259102,ns,ok,direct,reset-and-arithmetic,a038f25ac66821574b30392dc1d3b189cc287e2c,true,kotlin-2.4.10/jvm/Eclipse Adoptium/25.0.1/JMH 1.37/forks=1,1,3,200000000,symv-v1+129+uniform+uplo=U,policy-v1,policy,jvm-scalar/policy-v1,jmh-average-time-v1,200000000,1,1,score-times-operations
4,symv+129+uniform+uplo=U,jvm-scalar/scalar/scalar/packed-4x4,5,2,1,3,47466,200193017,4217.608751527409,ns,ok,direct,reset-and-arithmetic,a038f25ac66821574b30392dc1d3b189cc287e2c,true,kotlin-2.4.10/jvm/Eclipse Adoptium/25.0.1/JMH 1.37/forks=1,1,3,200000000,symv-v1+129+uniform+uplo=U,policy-v1,policy,jvm-scalar/policy-v1,jmh-average-time-v1,200000000,1,1,score-times-operations
4,symv+129+uniform+uplo=U,jvm-scalar/scalar/scalar/packed-4x4,5,2,1,4,47518,200201663,4213.175280946168,ns,ok,direct,reset-and-arithmetic,a038f25ac66821574b30392dc1d3b189cc287e2c,true,kotlin-2.4.10/jvm/Eclipse Adoptium/25.0.1/JMH 1.37/forks=1,1,3,200000000,symv-v1+129+uniform+uplo=U,policy-v1,policy,jvm-scalar/policy-v1,jmh-average-time-v1,200000000,1,1,score-times-operations
4,symv+129+uniform+uplo=U,jvm-scalar/scalar/scalar/packed-4x4,5,2,1,5,47301,200229839,4233.099490497029,ns,ok,direct,reset-and-arithmetic,a038f25ac66821574b30392dc1d3b189cc287e2c,true,kotlin-2.4.10/jvm/Eclipse Adoptium/25.0.1/JMH 1.37/forks=1,1,3,200000000,symv-v1+129+uniform+uplo=U,policy-v1,policy,jvm-scalar/policy-v1,jmh-average-time-v1,200000000,1,1,score-times-operations
4,ger+129x31+uniform,jvm-scalar/scalar/scalar/packed-4x4,5,2,1,1,105049,200179915,1905.5861074355778,ns,ok,direct,reset-and-arithmetic,a038f25ac66821574b30392dc1d3b189cc287e2c,true,kotlin-2.4.10/jvm/Eclipse Adoptium/25.0.1/JMH 1.37/forks=1,1,3,200000000,ger-v1+129x31+uniform,policy-v1,policy,jvm-scalar/policy-v1,jmh-average-time-v1,200000000,1,1,score-times-operations
4,ger+129x31+uniform,jvm-scalar/scalar/scalar/packed-4x4,5,2,1,2,109727,200189840,1824.4355536923456,ns,ok,direct,reset-and-arithmetic,a038f25ac66821574b30392dc1d3b189cc287e2c,true,kotlin-2.4.10/jvm/Eclipse Adoptium/25.0.1/JMH 1.37/forks=1,1,3,200000000,ger-v1+129x31+uniform,policy-v1,policy,jvm-scalar/policy-v1,jmh-average-time-v1,200000000,1,1,score-times-operations
4,ger+129x31+uniform,jvm-scalar/scalar/scalar/packed-4x4,5,2,1,3,107233,200150949,1866.505170982813,ns,ok,direct,reset-and-arithmetic,a038f25ac66821574b30392dc1d3b189cc287e2c,true,kotlin-2.4.10/jvm/Eclipse Adoptium/25.0.1/JMH 1.37/forks=1,1,3,200000000,ger-v1+129x31+uniform,policy-v1,policy,jvm-scalar/policy-v1,jmh-average-time-v1,200000000,1,1,score-times-operations
4,ger+129x31+uniform,jvm-scalar/scalar/scalar/packed-4x4,5,2,1,4,108328,200183793,1847.9413724983383,ns,ok,direct,reset-and-arithmetic,a038f25ac66821574b30392dc1d3b189cc287e2c,true,kotlin-2.4.10/jvm/Eclipse Adoptium/25.0.1/JMH 1.37/forks=1,1,3,200000000,ger-v1+129x31+uniform,policy-v1,policy,jvm-scalar/policy-v1,jmh-average-time-v1,200000000,1,1,score-times-operations
4,ger+129x31+uniform,jvm-scalar/scalar/scalar/packed-4x4,5,2,1,5,104839,200166071,1909.2710823262335,ns,ok,direct,reset-and-arithmetic,a038f25ac66821574b30392dc1d3b189cc287e2c,true,kotlin-2.4.10/jvm/Eclipse Adoptium/25.0.1/JMH 1.37/forks=1,1,3,200000000,ger-v1+129x31+uniform,policy-v1,policy,jvm-scalar/policy-v1,jmh-average-time-v1,200000000,1,1,score-times-operations
4,syr+129+uniform+uplo=L,jvm-scalar/scalar/scalar/packed-4x4,5,2,1,1,36223,200201110,5526.905833310328,ns,ok,direct,reset-and-arithmetic,a038f25ac66821574b30392dc1d3b189cc287e2c,true,kotlin-2.4.10/jvm/Eclipse Adoptium/25.0.1/JMH 1.37/forks=1,1,3,200000000,syr-v1+129+uniform+uplo=L,policy-v1,policy,jvm-scalar/policy-v1,jmh-average-time-v1,200000000,1,1,score-times-operations
4,syr+129+uniform+uplo=L,jvm-scalar/scalar/scalar/packed-4x4,5,2,1,2,35261,200190177,5677.382292050707,ns,ok,direct,reset-and-arithmetic,a038f25ac66821574b30392dc1d3b189cc287e2c,true,kotlin-2.4.10/jvm/Eclipse Adoptium/25.0.1/JMH 1.37/forks=1,1,3,200000000,syr-v1+129+uniform+uplo=L,policy-v1,policy,jvm-scalar/policy-v1,jmh-average-time-v1,200000000,1,1,score-times-operations
4,syr+129+uniform+uplo=L,jvm-scalar/scalar/scalar/packed-4x4,5,2,1,3,35372,200217608,5660.341739228768,ns,ok,direct,reset-and-arithmetic,a038f25ac66821574b30392dc1d3b189cc287e2c,true,kotlin-2.4.10/jvm/Eclipse Adoptium/25.0.1/JMH 1.37/forks=1,1,3,200000000,syr-v1+129+uniform+uplo=L,policy-v1,policy,jvm-scalar/policy-v1,jmh-average-time-v1,200000000,1,1,score-times-operations
4,syr+129+uniform+uplo=L,jvm-scalar/scalar/scalar/packed-4x4,5,2,1,4,35318,200169160,5667.624440795062,ns,ok,direct,reset-and-arithmetic,a038f25ac66821574b30392dc1d3b189cc287e2c,true,kotlin-2.4.10/jvm/Eclipse Adoptium/25.0.1/JMH 1.37/forks=1,1,3,200000000,syr-v1+129+uniform+uplo=L,policy-v1,policy,jvm-scalar/policy-v1,jmh-average-time-v1,200000000,1,1,score-times-operations
4,syr+129+uniform+uplo=L,jvm-scalar/scalar/scalar/packed-4x4,5,2,1,5,35281,200193248,5674.250956605539,ns,ok,direct,reset-and-arithmetic,a038f25ac66821574b30392dc1d3b189cc287e2c,true,kotlin-2.4.10/jvm/Eclipse Adoptium/25.0.1/JMH 1.37/forks=1,1,3,200000000,syr-v1+129+uniform+uplo=L,policy-v1,policy,jvm-scalar/policy-v1,jmh-average-time-v1,200000000,1,1,score-times-operations
4,syr2+129+uniform+uplo=U,jvm-scalar/scalar/scalar/packed-4x4,5,2,1,1,23322,200159960,8582.452619843923,ns,ok,direct,reset-and-arithmetic,a038f25ac66821574b30392dc1d3b189cc287e2c,true,kotlin-2.4.10/jvm/Eclipse Adoptium/25.0.1/JMH 1.37/forks=1,1,3,200000000,syr2-v1+129+uniform+uplo=U,policy-v1,policy,jvm-scalar/policy-v1,jmh-average-time-v1,200000000,1,1,score-times-operations
4,syr2+129+uniform+uplo=U,jvm-scalar/scalar/scalar/packed-4x4,5,2,1,2,23240,200145312,8612.10464716007,ns,ok,direct,reset-and-arithmetic,a038f25ac66821574b30392dc1d3b189cc287e2c,true,kotlin-2.4.10/jvm/Eclipse Adoptium/25.0.1/JMH 1.37/forks=1,1,3,200000000,syr2-v1+129+uniform+uplo=U,policy-v1,policy,jvm-scalar/policy-v1,jmh-average-time-v1,200000000,1,1,score-times-operations
4,syr2+129+uniform+uplo=U,jvm-scalar/scalar/scalar/packed-4x4,5,2,1,3,23023,200197899,8695.560917343526,ns,ok,direct,reset-and-arithmetic,a038f25ac66821574b30392dc1d3b189cc287e2c,true,kotlin-2.4.10/jvm/Eclipse Adoptium/25.0.1/JMH 1.37/forks=1,1,3,200000000,syr2-v1+129+uniform+uplo=U,policy-v1,policy,jvm-scalar/policy-v1,jmh-average-time-v1,200000000,1,1,score-times-operations
4,syr2+129+uniform+uplo=U,jvm-scalar/scalar/scalar/packed-4x4,5,2,1,4,23136,200137894,8650.496801521438,ns,ok,direct,reset-and-arithmetic,a038f25ac66821574b30392dc1d3b189cc287e2c,true,kotlin-2.4.10/jvm/Eclipse Adoptium/25.0.1/JMH 1.37/forks=1,1,3,200000000,syr2-v1+129+uniform+uplo=U,policy-v1,policy,jvm-scalar/policy-v1,jmh-average-time-v1,200000000,1,1,score-times-operations
4,syr2+129+uniform+uplo=U,jvm-scalar/scalar/scalar/packed-4x4,5,2,1,5,22896,200151861,8741.78288784067,ns,ok,direct,reset-and-arithmetic,a038f25ac66821574b30392dc1d3b189cc287e2c,true,kotlin-2.4.10/jvm/Eclipse Adoptium/25.0.1/JMH 1.37/forks=1,1,3,200000000,syr2-v1+129+uniform+uplo=U,policy-v1,policy,jvm-scalar/policy-v1,jmh-average-time-v1,200000000,1,1,score-times-operations
4,trsv+129+triangular+uplo=L+transA=N+diag=N,jvm-scalar/scalar/scalar/packed-4x4,5,2,1,1,50919,200210406,3931.9390797148412,ns,ok,direct,reset-and-arithmetic,a038f25ac66821574b30392dc1d3b189cc287e2c,true,kotlin-2.4.10/jvm/Eclipse Adoptium/25.0.1/JMH 1.37/forks=1,1,3,200000000,trsv-v1+129+triangular+uplo=L+transA=N+diag=N,policy-v1,policy,jvm-scalar/policy-v1,jmh-average-time-v1,200000000,1,1,score-times-operations
4,trsv+129+triangular+uplo=L+transA=N+diag=N,jvm-scalar/scalar/scalar/packed-4x4,5,2,1,2,55489,200197269,3607.8730739425832,ns,ok,direct,reset-and-arithmetic,a038f25ac66821574b30392dc1d3b189cc287e2c,true,kotlin-2.4.10/jvm/Eclipse Adoptium/25.0.1/JMH 1.37/forks=1,1,3,200000000,trsv-v1+129+triangular+uplo=L+transA=N+diag=N,policy-v1,policy,jvm-scalar/policy-v1,jmh-average-time-v1,200000000,1,1,score-times-operations
4,trsv+129+triangular+uplo=L+transA=N+diag=N,jvm-scalar/scalar/scalar/packed-4x4,5,2,1,3,53682,200267673,3730.629875936068,ns,ok,direct,reset-and-arithmetic,a038f25ac66821574b30392dc1d3b189cc287e2c,true,kotlin-2.4.10/jvm/Eclipse Adoptium/25.0.1/JMH 1.37/forks=1,1,3,200000000,trsv-v1+129+triangular+uplo=L+transA=N+diag=N,policy-v1,policy,jvm-scalar/policy-v1,jmh-average-time-v1,200000000,1,1,score-times-operations
4,trsv+129+triangular+uplo=L+transA=N+diag=N,jvm-scalar/scalar/scalar/packed-4x4,5,2,1,4,56455,200254810,3547.1580905145693,ns,ok,direct,reset-and-arithmetic,a038f25ac66821574b30392dc1d3b189cc287e2c,true,kotlin-2.4.10/jvm/Eclipse Adoptium/25.0.1/JMH 1.37/forks=1,1,3,200000000,trsv-v1+129+triangular+uplo=L+transA=N+diag=N,policy-v1,policy,jvm-scalar/policy-v1,jmh-average-time-v1,200000000,1,1,score-times-operations
4,trsv+129+triangular+uplo=L+transA=N+diag=N,jvm-scalar/scalar/scalar/packed-4x4,5,2,1,5,56527,200206527,3541.785819166062,ns,ok,direct,reset-and-arithmetic,a038f25ac66821574b30392dc1d3b189cc287e2c,true,kotlin-2.4.10/jvm/Eclipse Adoptium/25.0.1/JMH 1.37/forks=1,1,3,200000000,trsv-v1+129+triangular+uplo=L+transA=N+diag=N,policy-v1,policy,jvm-scalar/policy-v1,jmh-average-time-v1,200000000,1,1,score-times-operations
4,trmv+129+triangular+uplo=U+transA=T+diag=U,jvm-scalar/scalar/scalar/packed-4x4,5,2,1,1,70710,200197129,2831.2421015415075,ns,ok,direct,reset-and-arithmetic,a038f25ac66821574b30392dc1d3b189cc287e2c,true,kotlin-2.4.10/jvm/Eclipse Adoptium/25.0.1/JMH 1.37/forks=1,1,3,200000000,trmv-v1+129+triangular+uplo=U+transA=T+diag=U,policy-v1,policy,jvm-scalar/policy-v1,jmh-average-time-v1,200000000,1,1,score-times-operations
4,trmv+129+triangular+uplo=U+transA=T+diag=U,jvm-scalar/scalar/scalar/packed-4x4,5,2,1,2,71311,200187619,2807.2473952125197,ns,ok,direct,reset-and-arithmetic,a038f25ac66821574b30392dc1d3b189cc287e2c,true,kotlin-2.4.10/jvm/Eclipse Adoptium/25.0.1/JMH 1.37/forks=1,1,3,200000000,trmv-v1+129+triangular+uplo=U+transA=T+diag=U,policy-v1,policy,jvm-scalar/policy-v1,jmh-average-time-v1,200000000,1,1,score-times-operations
4,trmv+129+triangular+uplo=U+transA=T+diag=U,jvm-scalar/scalar/scalar/packed-4x4,5,2,1,3,71138,200130503,2813.271430177964,ns,ok,direct,reset-and-arithmetic,a038f25ac66821574b30392dc1d3b189cc287e2c,true,kotlin-2.4.10/jvm/Eclipse Adoptium/25.0.1/JMH 1.37/forks=1,1,3,200000000,trmv-v1+129+triangular+uplo=U+transA=T+diag=U,policy-v1,policy,jvm-scalar/policy-v1,jmh-average-time-v1,200000000,1,1,score-times-operations
4,trmv+129+triangular+uplo=U+transA=T+diag=U,jvm-scalar/scalar/scalar/packed-4x4,5,2,1,4,70811,200122145,2826.1448786205533,ns,ok,direct,reset-and-arithmetic,a038f25ac66821574b30392dc1d3b189cc287e2c,true,kotlin-2.4.10/jvm/Eclipse Adoptium/25.0.1/JMH 1.37/forks=1,1,3,200000000,trmv-v1+129+triangular+uplo=U+transA=T+diag=U,policy-v1,policy,jvm-scalar/policy-v1,jmh-average-time-v1,200000000,1,1,score-times-operations
4,trmv+129+triangular+uplo=U+transA=T+diag=U,jvm-scalar/scalar/scalar/packed-4x4,5,2,1,5,70641,200165208,2833.5556971164056,ns,ok,direct,reset-and-arithmetic,a038f25ac66821574b30392dc1d3b189cc287e2c,true,kotlin-2.4.10/jvm/Eclipse Adoptium/25.0.1/JMH 1.37/forks=1,1,3,200000000,trmv-v1+129+triangular+uplo=U+transA=T+diag=U,policy-v1,policy,jvm-scalar/policy-v1,jmh-average-time-v1,200000000,1,1,score-times-operations
4,gemm+32x21x48+uniform,jvm-scalar/scalar/scalar/packed-4x4,5,2,1,1,18184,200156656,11007.29520457545,ns,ok,direct,reset-and-arithmetic,a038f25ac66821574b30392dc1d3b189cc287e2c,true,kotlin-2.4.10/jvm/Eclipse Adoptium/25.0.1/JMH 1.37/forks=1,1,3,200000000,gemm-v1+32x21x48+uniform,policy-v1,policy,jvm-scalar/policy-v1,jmh-average-time-v1,200000000,1,1,score-times-operations
4,gemm+32x21x48+uniform,jvm-scalar/scalar/scalar/packed-4x4,5,2,1,2,18359,200163490,10902.744702870526,ns,ok,direct,reset-and-arithmetic,a038f25ac66821574b30392dc1d3b189cc287e2c,true,kotlin-2.4.10/jvm/Eclipse Adoptium/25.0.1/JMH 1.37/forks=1,1,3,200000000,gemm-v1+32x21x48+uniform,policy-v1,policy,jvm-scalar/policy-v1,jmh-average-time-v1,200000000,1,1,score-times-operations
4,gemm+32x21x48+uniform,jvm-scalar/scalar/scalar/packed-4x4,5,2,1,3,18225,200150739,10982.207901234568,ns,ok,direct,reset-and-arithmetic,a038f25ac66821574b30392dc1d3b189cc287e2c,true,kotlin-2.4.10/jvm/Eclipse Adoptium/25.0.1/JMH 1.37/forks=1,1,3,200000000,gemm-v1+32x21x48+uniform,policy-v1,policy,jvm-scalar/policy-v1,jmh-average-time-v1,200000000,1,1,score-times-operations
4,gemm+32x21x48+uniform,jvm-scalar/scalar/scalar/packed-4x4,5,2,1,4,18216,200211731,10990.982158541941,ns,ok,direct,reset-and-arithmetic,a038f25ac66821574b30392dc1d3b189cc287e2c,true,kotlin-2.4.10/jvm/Eclipse Adoptium/25.0.1/JMH 1.37/forks=1,1,3,200000000,gemm-v1+32x21x48+uniform,policy-v1,policy,jvm-scalar/policy-v1,jmh-average-time-v1,200000000,1,1,score-times-operations
4,gemm+32x21x48+uniform,jvm-scalar/scalar/scalar/packed-4x4,5,2,1,5,18360,200182708,10903.197603485838,ns,ok,direct,reset-and-arithmetic,a038f25ac66821574b30392dc1d3b189cc287e2c,true,kotlin-2.4.10/jvm/Eclipse Adoptium/25.0.1/JMH 1.37/forks=1,1,3,200000000,gemm-v1+32x21x48+uniform,policy-v1,policy,jvm-scalar/policy-v1,jmh-average-time-v1,200000000,1,1,score-times-operations
4,gemm+129x31x257+uniform+transA=T,jvm-scalar/scalar/scalar/packed-4x4,5,2,1,1,735,200159506,272325.85850340134,ns,ok,direct,reset-and-arithmetic,a038f25ac66821574b30392dc1d3b189cc287e2c,true,kotlin-2.4.10/jvm/Eclipse Adoptium/25.0.1/JMH 1.37/forks=1,1,3,200000000,gemm-v1+129x31x257+uniform+transA=T,policy-v1,policy,jvm-scalar/policy-v1,jmh-average-time-v1,200000000,1,1,score-times-operations
4,gemm+129x31x257+uniform+transA=T,jvm-scalar/scalar/scalar/packed-4x4,5,2,1,2,815,200390073,245877.3901840491,ns,ok,direct,reset-and-arithmetic,a038f25ac66821574b30392dc1d3b189cc287e2c,true,kotlin-2.4.10/jvm/Eclipse Adoptium/25.0.1/JMH 1.37/forks=1,1,3,200000000,gemm-v1+129x31x257+uniform+transA=T,policy-v1,policy,jvm-scalar/policy-v1,jmh-average-time-v1,200000000,1,1,score-times-operations
4,gemm+129x31x257+uniform+transA=T,jvm-scalar/scalar/scalar/packed-4x4,5,2,1,3,801,200249917,249999.8963795256,ns,ok,direct,reset-and-arithmetic,a038f25ac66821574b30392dc1d3b189cc287e2c,true,kotlin-2.4.10/jvm/Eclipse Adoptium/25.0.1/JMH 1.37/forks=1,1,3,200000000,gemm-v1+129x31x257+uniform+transA=T,policy-v1,policy,jvm-scalar/policy-v1,jmh-average-time-v1,200000000,1,1,score-times-operations
4,gemm+129x31x257+uniform+transA=T,jvm-scalar/scalar/scalar/packed-4x4,5,2,1,4,797,200407441,251452.24717691343,ns,ok,direct,reset-and-arithmetic,a038f25ac66821574b30392dc1d3b189cc287e2c,true,kotlin-2.4.10/jvm/Eclipse Adoptium/25.0.1/JMH 1.37/forks=1,1,3,200000000,gemm-v1+129x31x257+uniform+transA=T,policy-v1,policy,jvm-scalar/policy-v1,jmh-average-time-v1,200000000,1,1,score-times-operations
4,gemm+129x31x257+uniform+transA=T,jvm-scalar/scalar/scalar/packed-4x4,5,2,1,5,798,200242571,250930.54010025063,ns,ok,direct,reset-and-arithmetic,a038f25ac66821574b30392dc1d3b189cc287e2c,true,kotlin-2.4.10/jvm/Eclipse Adoptium/25.0.1/JMH 1.37/forks=1,1,3,200000000,gemm-v1+129x31x257+uniform+transA=T,policy-v1,policy,jvm-scalar/policy-v1,jmh-average-time-v1,200000000,1,1,score-times-operations
4,gemm+65x127x33+uniform+transB=T,jvm-scalar/scalar/scalar/packed-4x4,5,2,1,1,2717,200154687,73667.53294074346,ns,ok,direct,reset-and-arithmetic,a038f25ac66821574b30392dc1d3b189cc287e2c,true,kotlin-2.4.10/jvm/Eclipse Adoptium/25.0.1/JMH 1.37/forks=1,1,3,200000000,gemm-v1+65x127x33+uniform+transB=T,policy-v1,policy,jvm-scalar/policy-v1,jmh-average-time-v1,200000000,1,1,score-times-operations
4,gemm+65x127x33+uniform+transB=T,jvm-scalar/scalar/scalar/packed-4x4,5,2,1,2,2731,200124978,73279.01061882095,ns,ok,direct,reset-and-arithmetic,a038f25ac66821574b30392dc1d3b189cc287e2c,true,kotlin-2.4.10/jvm/Eclipse Adoptium/25.0.1/JMH 1.37/forks=1,1,3,200000000,gemm-v1+65x127x33+uniform+transB=T,policy-v1,policy,jvm-scalar/policy-v1,jmh-average-time-v1,200000000,1,1,score-times-operations
4,gemm+65x127x33+uniform+transB=T,jvm-scalar/scalar/scalar/packed-4x4,5,2,1,3,2734,200178126,73218.04169714704,ns,ok,direct,reset-and-arithmetic,a038f25ac66821574b30392dc1d3b189cc287e2c,true,kotlin-2.4.10/jvm/Eclipse Adoptium/25.0.1/JMH 1.37/forks=1,1,3,200000000,gemm-v1+65x127x33+uniform+transB=T,policy-v1,policy,jvm-scalar/policy-v1,jmh-average-time-v1,200000000,1,1,score-times-operations
4,gemm+65x127x33+uniform+transB=T,jvm-scalar/scalar/scalar/packed-4x4,5,2,1,4,2731,200161248,73292.29146832661,ns,ok,direct,reset-and-arithmetic,a038f25ac66821574b30392dc1d3b189cc287e2c,true,kotlin-2.4.10/jvm/Eclipse Adoptium/25.0.1/JMH 1.37/forks=1,1,3,200000000,gemm-v1+65x127x33+uniform+transB=T,policy-v1,policy,jvm-scalar/policy-v1,jmh-average-time-v1,200000000,1,1,score-times-operations
4,gemm+65x127x33+uniform+transB=T,jvm-scalar/scalar/scalar/packed-4x4,5,2,1,5,2730,200128831,73307.2641025641,ns,ok,direct,reset-and-arithmetic,a038f25ac66821574b30392dc1d3b189cc287e2c,true,kotlin-2.4.10/jvm/Eclipse Adoptium/25.0.1/JMH 1.37/forks=1,1,3,200000000,gemm-v1+65x127x33+uniform+transB=T,policy-v1,policy,jvm-scalar/policy-v1,jmh-average-time-v1,200000000,1,1,score-times-operations
4,symm+129x31+uniform+side=L+uplo=L,jvm-scalar/scalar/scalar/packed-4x4,5,2,1,1,1411,200196959,141883.0326009922,ns,ok,direct,reset-and-arithmetic,a038f25ac66821574b30392dc1d3b189cc287e2c,true,kotlin-2.4.10/jvm/Eclipse Adoptium/25.0.1/JMH 1.37/forks=1,1,3,200000000,symm-v1+129x31+uniform+side=L+uplo=L,policy-v1,policy,jvm-scalar/policy-v1,jmh-average-time-v1,200000000,1,1,score-times-operations
4,symm+129x31+uniform+side=L+uplo=L,jvm-scalar/scalar/scalar/packed-4x4,5,2,1,2,1431,200245641,139934.0607966457,ns,ok,direct,reset-and-arithmetic,a038f25ac66821574b30392dc1d3b189cc287e2c,true,kotlin-2.4.10/jvm/Eclipse Adoptium/25.0.1/JMH 1.37/forks=1,1,3,200000000,symm-v1+129x31+uniform+side=L+uplo=L,policy-v1,policy,jvm-scalar/policy-v1,jmh-average-time-v1,200000000,1,1,score-times-operations
4,symm+129x31+uniform+side=L+uplo=L,jvm-scalar/scalar/scalar/packed-4x4,5,2,1,3,1444,200261778,138685.44182825484,ns,ok,direct,reset-and-arithmetic,a038f25ac66821574b30392dc1d3b189cc287e2c,true,kotlin-2.4.10/jvm/Eclipse Adoptium/25.0.1/JMH 1.37/forks=1,1,3,200000000,symm-v1+129x31+uniform+side=L+uplo=L,policy-v1,policy,jvm-scalar/policy-v1,jmh-average-time-v1,200000000,1,1,score-times-operations
4,symm+129x31+uniform+side=L+uplo=L,jvm-scalar/scalar/scalar/packed-4x4,5,2,1,4,1446,200135774,138406.4827109267,ns,ok,direct,reset-and-arithmetic,a038f25ac66821574b30392dc1d3b189cc287e2c,true,kotlin-2.4.10/jvm/Eclipse Adoptium/25.0.1/JMH 1.37/forks=1,1,3,200000000,symm-v1+129x31+uniform+side=L+uplo=L,policy-v1,policy,jvm-scalar/policy-v1,jmh-average-time-v1,200000000,1,1,score-times-operations
4,symm+129x31+uniform+side=L+uplo=L,jvm-scalar/scalar/scalar/packed-4x4,5,2,1,5,1447,200186636,138345.9820317899,ns,ok,direct,reset-and-arithmetic,a038f25ac66821574b30392dc1d3b189cc287e2c,true,kotlin-2.4.10/jvm/Eclipse Adoptium/25.0.1/JMH 1.37/forks=1,1,3,200000000,symm-v1+129x31+uniform+side=L+uplo=L,policy-v1,policy,jvm-scalar/policy-v1,jmh-average-time-v1,200000000,1,1,score-times-operations
4,symm+31x129+uniform+side=R+uplo=U,jvm-scalar/scalar/scalar/packed-4x4,5,2,1,1,1580,200295960,126769.59493670886,ns,ok,direct,reset-and-arithmetic,a038f25ac66821574b30392dc1d3b189cc287e2c,true,kotlin-2.4.10/jvm/Eclipse Adoptium/25.0.1/JMH 1.37/forks=1,1,3,200000000,symm-v1+31x129+uniform+side=R+uplo=U,policy-v1,policy,jvm-scalar/policy-v1,jmh-average-time-v1,200000000,1,1,score-times-operations
4,symm+31x129+uniform+side=R+uplo=U,jvm-scalar/scalar/scalar/packed-4x4,5,2,1,2,1546,200281139,129547.95536869341,ns,ok,direct,reset-and-arithmetic,a038f25ac66821574b30392dc1d3b189cc287e2c,true,kotlin-2.4.10/jvm/Eclipse Adoptium/25.0.1/JMH 1.37/forks=1,1,3,200000000,symm-v1+31x129+uniform+side=R+uplo=U,policy-v1,policy,jvm-scalar/policy-v1,jmh-average-time-v1,200000000,1,1,score-times-operations
4,symm+31x129+uniform+side=R+uplo=U,jvm-scalar/scalar/scalar/packed-4x4,5,2,1,3,1590,200328187,125992.57044025157,ns,ok,direct,reset-and-arithmetic,a038f25ac66821574b30392dc1d3b189cc287e2c,true,kotlin-2.4.10/jvm/Eclipse Adoptium/25.0.1/JMH 1.37/forks=1,1,3,200000000,symm-v1+31x129+uniform+side=R+uplo=U,policy-v1,policy,jvm-scalar/policy-v1,jmh-average-time-v1,200000000,1,1,score-times-operations
4,symm+31x129+uniform+side=R+uplo=U,jvm-scalar/scalar/scalar/packed-4x4,5,2,1,4,1495,200301343,133980.8314381271,ns,ok,direct,reset-and-arithmetic,a038f25ac66821574b30392dc1d3b189cc287e2c,true,kotlin-2.4.10/jvm/Eclipse Adoptium/25.0.1/JMH 1.37/forks=1,1,3,200000000,symm-v1+31x129+uniform+side=R+uplo=U,policy-v1,policy,jvm-scalar/policy-v1,jmh-average-time-v1,200000000,1,1,score-times-operations
4,symm+31x129+uniform+side=R+uplo=U,jvm-scalar/scalar/scalar/packed-4x4,5,2,1,5,1451,200185136,137963.5671950379,ns,ok,direct,reset-and-arithmetic,a038f25ac66821574b30392dc1d3b189cc287e2c,true,kotlin-2.4.10/jvm/Eclipse Adoptium/25.0.1/JMH 1.37/forks=1,1,3,200000000,symm-v1+31x129+uniform+side=R+uplo=U,policy-v1,policy,jvm-scalar/policy-v1,jmh-average-time-v1,200000000,1,1,score-times-operations
4,gemmt+129x31+uniform+uplo=L+transA=N+transB=N,jvm-scalar/scalar/scalar/packed-4x4,5,2,1,1,1241,200193439,161316.2280419017,ns,ok,direct,reset-and-arithmetic,a038f25ac66821574b30392dc1d3b189cc287e2c,true,kotlin-2.4.10/jvm/Eclipse Adoptium/25.0.1/JMH 1.37/forks=1,1,3,200000000,gemmt-v1+129x31+uniform+uplo=L+transA=N+transB=N,policy-v1,policy,jvm-scalar/policy-v1,jmh-average-time-v1,200000000,1,1,score-times-operations
4,gemmt+129x31+uniform+uplo=L+transA=N+transB=N,jvm-scalar/scalar/scalar/packed-4x4,5,2,1,2,1408,200341551,142288.03338068182,ns,ok,direct,reset-and-arithmetic,a038f25ac66821574b30392dc1d3b189cc287e2c,true,kotlin-2.4.10/jvm/Eclipse Adoptium/25.0.1/JMH 1.37/forks=1,1,3,200000000,gemmt-v1+129x31+uniform+uplo=L+transA=N+transB=N,policy-v1,policy,jvm-scalar/policy-v1,jmh-average-time-v1,200000000,1,1,score-times-operations
4,gemmt+129x31+uniform+uplo=L+transA=N+transB=N,jvm-scalar/scalar/scalar/packed-4x4,5,2,1,3,1399,200223229,143118.81987133666,ns,ok,direct,reset-and-arithmetic,a038f25ac66821574b30392dc1d3b189cc287e2c,true,kotlin-2.4.10/jvm/Eclipse Adoptium/25.0.1/JMH 1.37/forks=1,1,3,200000000,gemmt-v1+129x31+uniform+uplo=L+transA=N+transB=N,policy-v1,policy,jvm-scalar/policy-v1,jmh-average-time-v1,200000000,1,1,score-times-operations
4,gemmt+129x31+uniform+uplo=L+transA=N+transB=N,jvm-scalar/scalar/scalar/packed-4x4,5,2,1,4,1395,200182964,143500.33261648746,ns,ok,direct,reset-and-arithmetic,a038f25ac66821574b30392dc1d3b189cc287e2c,true,kotlin-2.4.10/jvm/Eclipse Adoptium/25.0.1/JMH 1.37/forks=1,1,3,200000000,gemmt-v1+129x31+uniform+uplo=L+transA=N+transB=N,policy-v1,policy,jvm-scalar/policy-v1,jmh-average-time-v1,200000000,1,1,score-times-operations
4,gemmt+129x31+uniform+uplo=L+transA=N+transB=N,jvm-scalar/scalar/scalar/packed-4x4,5,2,1,5,1393,200276744,143773.6855707107,ns,ok,direct,reset-and-arithmetic,a038f25ac66821574b30392dc1d3b189cc287e2c,true,kotlin-2.4.10/jvm/Eclipse Adoptium/25.0.1/JMH 1.37/forks=1,1,3,200000000,gemmt-v1+129x31+uniform+uplo=L+transA=N+transB=N,policy-v1,policy,jvm-scalar/policy-v1,jmh-average-time-v1,200000000,1,1,score-times-operations
4,syrk+129x31+uniform+uplo=L+transA=N,jvm-scalar/scalar/scalar/packed-4x4,5,2,1,1,2799,200257162,71545.96713111826,ns,ok,direct,reset-and-arithmetic,a038f25ac66821574b30392dc1d3b189cc287e2c,true,kotlin-2.4.10/jvm/Eclipse Adoptium/25.0.1/JMH 1.37/forks=1,1,3,200000000,syrk-v1+129x31+uniform+uplo=L+transA=N,policy-v1,policy,jvm-scalar/policy-v1,jmh-average-time-v1,200000000,1,1,score-times-operations
4,syrk+129x31+uniform+uplo=L+transA=N,jvm-scalar/scalar/scalar/packed-4x4,5,2,1,2,2816,200201014,71094.11008522728,ns,ok,direct,reset-and-arithmetic,a038f25ac66821574b30392dc1d3b189cc287e2c,true,kotlin-2.4.10/jvm/Eclipse Adoptium/25.0.1/JMH 1.37/forks=1,1,3,200000000,syrk-v1+129x31+uniform+uplo=L+transA=N,policy-v1,policy,jvm-scalar/policy-v1,jmh-average-time-v1,200000000,1,1,score-times-operations
4,syrk+129x31+uniform+uplo=L+transA=N,jvm-scalar/scalar/scalar/packed-4x4,5,2,1,3,2808,200181978,71289.8782051282,ns,ok,direct,reset-and-arithmetic,a038f25ac66821574b30392dc1d3b189cc287e2c,true,kotlin-2.4.10/jvm/Eclipse Adoptium/25.0.1/JMH 1.37/forks=1,1,3,200000000,syrk-v1+129x31+uniform+uplo=L+transA=N,policy-v1,policy,jvm-scalar/policy-v1,jmh-average-time-v1,200000000,1,1,score-times-operations
4,syrk+129x31+uniform+uplo=L+transA=N,jvm-scalar/scalar/scalar/packed-4x4,5,2,1,4,2792,200198943,71704.49247851003,ns,ok,direct,reset-and-arithmetic,a038f25ac66821574b30392dc1d3b189cc287e2c,true,kotlin-2.4.10/jvm/Eclipse Adoptium/25.0.1/JMH 1.37/forks=1,1,3,200000000,syrk-v1+129x31+uniform+uplo=L+transA=N,policy-v1,policy,jvm-scalar/policy-v1,jmh-average-time-v1,200000000,1,1,score-times-operations
4,syrk+129x31+uniform+uplo=L+transA=N,jvm-scalar/scalar/scalar/packed-4x4,5,2,1,5,2806,200210099,71350.71240199573,ns,ok,direct,reset-and-arithmetic,a038f25ac66821574b30392dc1d3b189cc287e2c,true,kotlin-2.4.10/jvm/Eclipse Adoptium/25.0.1/JMH 1.37/forks=1,1,3,200000000,syrk-v1+129x31+uniform+uplo=L+transA=N,policy-v1,policy,jvm-scalar/policy-v1,jmh-average-time-v1,200000000,1,1,score-times-operations
4,syr2k+129x31+uniform+uplo=U+transA=T,jvm-scalar/scalar/scalar/packed-4x4,5,2,1,1,1349,200236266,148433.1104521868,ns,ok,direct,reset-and-arithmetic,a038f25ac66821574b30392dc1d3b189cc287e2c,true,kotlin-2.4.10/jvm/Eclipse Adoptium/25.0.1/JMH 1.37/forks=1,1,3,200000000,syr2k-v1+129x31+uniform+uplo=U+transA=T,policy-v1,policy,jvm-scalar/policy-v1,jmh-average-time-v1,200000000,1,1,score-times-operations
4,syr2k+129x31+uniform+uplo=U+transA=T,jvm-scalar/scalar/scalar/packed-4x4,5,2,1,2,1144,200138443,174946.19143356645,ns,ok,direct,reset-and-arithmetic,a038f25ac66821574b30392dc1d3b189cc287e2c,true,kotlin-2.4.10/jvm/Eclipse Adoptium/25.0.1/JMH 1.37/forks=1,1,3,200000000,syr2k-v1+129x31+uniform+uplo=U+transA=T,policy-v1,policy,jvm-scalar/policy-v1,jmh-average-time-v1,200000000,1,1,score-times-operations
4,syr2k+129x31+uniform+uplo=U+transA=T,jvm-scalar/scalar/scalar/packed-4x4,5,2,1,3,1214,200303884,164994.96210873147,ns,ok,direct,reset-and-arithmetic,a038f25ac66821574b30392dc1d3b189cc287e2c,true,kotlin-2.4.10/jvm/Eclipse Adoptium/25.0.1/JMH 1.37/forks=1,1,3,200000000,syr2k-v1+129x31+uniform+uplo=U+transA=T,policy-v1,policy,jvm-scalar/policy-v1,jmh-average-time-v1,200000000,1,1,score-times-operations
4,syr2k+129x31+uniform+uplo=U+transA=T,jvm-scalar/scalar/scalar/packed-4x4,5,2,1,4,1222,200320583,163928.46399345336,ns,ok,direct,reset-and-arithmetic,a038f25ac66821574b30392dc1d3b189cc287e2c,true,kotlin-2.4.10/jvm/Eclipse Adoptium/25.0.1/JMH 1.37/forks=1,1,3,200000000,syr2k-v1+129x31+uniform+uplo=U+transA=T,policy-v1,policy,jvm-scalar/policy-v1,jmh-average-time-v1,200000000,1,1,score-times-operations
4,syr2k+129x31+uniform+uplo=U+transA=T,jvm-scalar/scalar/scalar/packed-4x4,5,2,1,5,1218,200414458,164543.88998357963,ns,ok,direct,reset-and-arithmetic,a038f25ac66821574b30392dc1d3b189cc287e2c,true,kotlin-2.4.10/jvm/Eclipse Adoptium/25.0.1/JMH 1.37/forks=1,1,3,200000000,syr2k-v1+129x31+uniform+uplo=U+transA=T,policy-v1,policy,jvm-scalar/policy-v1,jmh-average-time-v1,200000000,1,1,score-times-operations
4,trsm+64x16+triangular+side=L+uplo=L+transA=N+diag=N,jvm-scalar/scalar/scalar/packed-4x4,5,2,1,1,13551,200228389,14775.912404988561,ns,ok,direct,reset-and-arithmetic,a038f25ac66821574b30392dc1d3b189cc287e2c,true,kotlin-2.4.10/jvm/Eclipse Adoptium/25.0.1/JMH 1.37/forks=1,1,3,200000000,trsm-v1+64x16+triangular+side=L+uplo=L+transA=N+diag=N,policy-v1,policy,jvm-scalar/policy-v1,jmh-average-time-v1,200000000,1,1,score-times-operations
4,trsm+64x16+triangular+side=L+uplo=L+transA=N+diag=N,jvm-scalar/scalar/scalar/packed-4x4,5,2,1,2,13656,200195699,14659.90765963679,ns,ok,direct,reset-and-arithmetic,a038f25ac66821574b30392dc1d3b189cc287e2c,true,kotlin-2.4.10/jvm/Eclipse Adoptium/25.0.1/JMH 1.37/forks=1,1,3,200000000,trsm-v1+64x16+triangular+side=L+uplo=L+transA=N+diag=N,policy-v1,policy,jvm-scalar/policy-v1,jmh-average-time-v1,200000000,1,1,score-times-operations
4,trsm+64x16+triangular+side=L+uplo=L+transA=N+diag=N,jvm-scalar/scalar/scalar/packed-4x4,5,2,1,3,13602,200275195,14723.951992354065,ns,ok,direct,reset-and-arithmetic,a038f25ac66821574b30392dc1d3b189cc287e2c,true,kotlin-2.4.10/jvm/Eclipse Adoptium/25.0.1/JMH 1.37/forks=1,1,3,200000000,trsm-v1+64x16+triangular+side=L+uplo=L+transA=N+diag=N,policy-v1,policy,jvm-scalar/policy-v1,jmh-average-time-v1,200000000,1,1,score-times-operations
4,trsm+64x16+triangular+side=L+uplo=L+transA=N+diag=N,jvm-scalar/scalar/scalar/packed-4x4,5,2,1,4,13662,200189646,14653.026350461134,ns,ok,direct,reset-and-arithmetic,a038f25ac66821574b30392dc1d3b189cc287e2c,true,kotlin-2.4.10/jvm/Eclipse Adoptium/25.0.1/JMH 1.37/forks=1,1,3,200000000,trsm-v1+64x16+triangular+side=L+uplo=L+transA=N+diag=N,policy-v1,policy,jvm-scalar/policy-v1,jmh-average-time-v1,200000000,1,1,score-times-operations
4,trsm+64x16+triangular+side=L+uplo=L+transA=N+diag=N,jvm-scalar/scalar/scalar/packed-4x4,5,2,1,5,13579,200158375,14740.288312835997,ns,ok,direct,reset-and-arithmetic,a038f25ac66821574b30392dc1d3b189cc287e2c,true,kotlin-2.4.10/jvm/Eclipse Adoptium/25.0.1/JMH 1.37/forks=1,1,3,200000000,trsm-v1+64x16+triangular+side=L+uplo=L+transA=N+diag=N,policy-v1,policy,jvm-scalar/policy-v1,jmh-average-time-v1,200000000,1,1,score-times-operations
4,trsm+17x64+triangular+side=R+uplo=U+transA=T+diag=U,jvm-scalar/scalar/scalar/packed-4x4,5,2,1,1,12018,200157935,16654.845648194376,ns,ok,direct,reset-and-arithmetic,a038f25ac66821574b30392dc1d3b189cc287e2c,true,kotlin-2.4.10/jvm/Eclipse Adoptium/25.0.1/JMH 1.37/forks=1,1,3,200000000,trsm-v1+17x64+triangular+side=R+uplo=U+transA=T+diag=U,policy-v1,policy,jvm-scalar/policy-v1,jmh-average-time-v1,200000000,1,1,score-times-operations
4,trsm+17x64+triangular+side=R+uplo=U+transA=T+diag=U,jvm-scalar/scalar/scalar/packed-4x4,5,2,1,2,12088,200199482,16561.83669755129,ns,ok,direct,reset-and-arithmetic,a038f25ac66821574b30392dc1d3b189cc287e2c,true,kotlin-2.4.10/jvm/Eclipse Adoptium/25.0.1/JMH 1.37/forks=1,1,3,200000000,trsm-v1+17x64+triangular+side=R+uplo=U+transA=T+diag=U,policy-v1,policy,jvm-scalar/policy-v1,jmh-average-time-v1,200000000,1,1,score-times-operations
4,trsm+17x64+triangular+side=R+uplo=U+transA=T+diag=U,jvm-scalar/scalar/scalar/packed-4x4,5,2,1,3,12096,200155262,16547.2273478836,ns,ok,direct,reset-and-arithmetic,a038f25ac66821574b30392dc1d3b189cc287e2c,true,kotlin-2.4.10/jvm/Eclipse Adoptium/25.0.1/JMH 1.37/forks=1,1,3,200000000,trsm-v1+17x64+triangular+side=R+uplo=U+transA=T+diag=U,policy-v1,policy,jvm-scalar/policy-v1,jmh-average-time-v1,200000000,1,1,score-times-operations
4,trsm+17x64+triangular+side=R+uplo=U+transA=T+diag=U,jvm-scalar/scalar/scalar/packed-4x4,5,2,1,4,12117,200156824,16518.678220681686,ns,ok,direct,reset-and-arithmetic,a038f25ac66821574b30392dc1d3b189cc287e2c,true,kotlin-2.4.10/jvm/Eclipse Adoptium/25.0.1/JMH 1.37/forks=1,1,3,200000000,trsm-v1+17x64+triangular+side=R+uplo=U+transA=T+diag=U,policy-v1,policy,jvm-scalar/policy-v1,jmh-average-time-v1,200000000,1,1,score-times-operations
4,trsm+17x64+triangular+side=R+uplo=U+transA=T+diag=U,jvm-scalar/scalar/scalar/packed-4x4,5,2,1,5,12185,200164495,16427.123102174806,ns,ok,direct,reset-and-arithmetic,a038f25ac66821574b30392dc1d3b189cc287e2c,true,kotlin-2.4.10/jvm/Eclipse Adoptium/25.0.1/JMH 1.37/forks=1,1,3,200000000,trsm-v1+17x64+triangular+side=R+uplo=U+transA=T+diag=U,policy-v1,policy,jvm-scalar/policy-v1,jmh-average-time-v1,200000000,1,1,score-times-operations
4,trmm+64x16+triangular+side=L+uplo=U+transA=T+diag=N,jvm-scalar/scalar/scalar/packed-4x4,5,2,1,1,15683,200232079,12767.460243575846,ns,ok,direct,reset-and-arithmetic,a038f25ac66821574b30392dc1d3b189cc287e2c,true,kotlin-2.4.10/jvm/Eclipse Adoptium/25.0.1/JMH 1.37/forks=1,1,3,200000000,trmm-v1+64x16+triangular+side=L+uplo=U+transA=T+diag=N,policy-v1,policy,jvm-scalar/policy-v1,jmh-average-time-v1,200000000,1,1,score-times-operations
4,trmm+64x16+triangular+side=L+uplo=U+transA=T+diag=N,jvm-scalar/scalar/scalar/packed-4x4,5,2,1,2,16099,200219086,12436.740542890862,ns,ok,direct,reset-and-arithmetic,a038f25ac66821574b30392dc1d3b189cc287e2c,true,kotlin-2.4.10/jvm/Eclipse Adoptium/25.0.1/JMH 1.37/forks=1,1,3,200000000,trmm-v1+64x16+triangular+side=L+uplo=U+transA=T+diag=N,policy-v1,policy,jvm-scalar/policy-v1,jmh-average-time-v1,200000000,1,1,score-times-operations
4,trmm+64x16+triangular+side=L+uplo=U+transA=T+diag=N,jvm-scalar/scalar/scalar/packed-4x4,5,2,1,3,15757,200204064,12705.722155232595,ns,ok,direct,reset-and-arithmetic,a038f25ac66821574b30392dc1d3b189cc287e2c,true,kotlin-2.4.10/jvm/Eclipse Adoptium/25.0.1/JMH 1.37/forks=1,1,3,200000000,trmm-v1+64x16+triangular+side=L+uplo=U+transA=T+diag=N,policy-v1,policy,jvm-scalar/policy-v1,jmh-average-time-v1,200000000,1,1,score-times-operations
4,trmm+64x16+triangular+side=L+uplo=U+transA=T+diag=N,jvm-scalar/scalar/scalar/packed-4x4,5,2,1,4,15779,200202718,12687.921794790544,ns,ok,direct,reset-and-arithmetic,a038f25ac66821574b30392dc1d3b189cc287e2c,true,kotlin-2.4.10/jvm/Eclipse Adoptium/25.0.1/JMH 1.37/forks=1,1,3,200000000,trmm-v1+64x16+triangular+side=L+uplo=U+transA=T+diag=N,policy-v1,policy,jvm-scalar/policy-v1,jmh-average-time-v1,200000000,1,1,score-times-operations
4,trmm+64x16+triangular+side=L+uplo=U+transA=T+diag=N,jvm-scalar/scalar/scalar/packed-4x4,5,2,1,5,17756,200265576,11278.75512502816,ns,ok,direct,reset-and-arithmetic,a038f25ac66821574b30392dc1d3b189cc287e2c,true,kotlin-2.4.10/jvm/Eclipse Adoptium/25.0.1/JMH 1.37/forks=1,1,3,200000000,trmm-v1+64x16+triangular+side=L+uplo=U+transA=T+diag=N,policy-v1,policy,jvm-scalar/policy-v1,jmh-average-time-v1,200000000,1,1,score-times-operations
4,trmm+17x64+triangular+side=R+uplo=L+transA=N+diag=U,jvm-scalar/scalar/scalar/packed-4x4,5,2,1,1,13672,200157013,14639.921957284962,ns,ok,direct,reset-and-arithmetic,a038f25ac66821574b30392dc1d3b189cc287e2c,true,kotlin-2.4.10/jvm/Eclipse Adoptium/25.0.1/JMH 1.37/forks=1,1,3,200000000,trmm-v1+17x64+triangular+side=R+uplo=L+transA=N+diag=U,policy-v1,policy,jvm-scalar/policy-v1,jmh-average-time-v1,200000000,1,1,score-times-operations
4,trmm+17x64+triangular+side=R+uplo=L+transA=N+diag=U,jvm-scalar/scalar/scalar/packed-4x4,5,2,1,2,13056,200105515,15326.709175857843,ns,ok,direct,reset-and-arithmetic,a038f25ac66821574b30392dc1d3b189cc287e2c,true,kotlin-2.4.10/jvm/Eclipse Adoptium/25.0.1/JMH 1.37/forks=1,1,3,200000000,trmm-v1+17x64+triangular+side=R+uplo=L+transA=N+diag=U,policy-v1,policy,jvm-scalar/policy-v1,jmh-average-time-v1,200000000,1,1,score-times-operations
4,trmm+17x64+triangular+side=R+uplo=L+transA=N+diag=U,jvm-scalar/scalar/scalar/packed-4x4,5,2,1,3,13685,200247030,14632.592619656558,ns,ok,direct,reset-and-arithmetic,a038f25ac66821574b30392dc1d3b189cc287e2c,true,kotlin-2.4.10/jvm/Eclipse Adoptium/25.0.1/JMH 1.37/forks=1,1,3,200000000,trmm-v1+17x64+triangular+side=R+uplo=L+transA=N+diag=U,policy-v1,policy,jvm-scalar/policy-v1,jmh-average-time-v1,200000000,1,1,score-times-operations
4,trmm+17x64+triangular+side=R+uplo=L+transA=N+diag=U,jvm-scalar/scalar/scalar/packed-4x4,5,2,1,4,13069,200111605,15311.92937485653,ns,ok,direct,reset-and-arithmetic,a038f25ac66821574b30392dc1d3b189cc287e2c,true,kotlin-2.4.10/jvm/Eclipse Adoptium/25.0.1/JMH 1.37/forks=1,1,3,200000000,trmm-v1+17x64+triangular+side=R+uplo=L+transA=N+diag=U,policy-v1,policy,jvm-scalar/policy-v1,jmh-average-time-v1,200000000,1,1,score-times-operations
4,trmm+17x64+triangular+side=R+uplo=L+transA=N+diag=U,jvm-scalar/scalar/scalar/packed-4x4,5,2,1,5,12792,200144047,15646.032442151345,ns,ok,direct,reset-and-arithmetic,a038f25ac66821574b30392dc1d3b189cc287e2c,true,kotlin-2.4.10/jvm/Eclipse Adoptium/25.0.1/JMH 1.37/forks=1,1,3,200000000,trmm-v1+17x64+triangular+side=R+uplo=L+transA=N+diag=U,policy-v1,policy,jvm-scalar/policy-v1,jmh-average-time-v1,200000000,1,1,score-times-operations
4,gemm-tile+4x4x32+uniform+physical=4x4+work=gemm-add-v1+leftLayout=depth-rows-v1+rightLayout=depth-columns-v1+leftGroup=4+rightGroup=4+leftStride=4+rightStride=4+padding=zero+alignment=8+block=4x4x32+panel=32+diagonal=0+rhs=0+batch=1+variant=current-tile-v1+timing=raw-tile,jvm-scalar/scalar/scalar/packed-4x4,5,2,1,1,1600859,200187327,125.04994318675162,ns,ok,partial,raw-tile,a038f25ac66821574b30392dc1d3b189cc287e2c,true,kotlin-2.4.10/jvm/Eclipse Adoptium/25.0.1/JMH 1.37/forks=1,1,3,200000000,gemm-add-v1+4x4x32+uniform,physical=4x4+leftLayout=depth-rows-v1+rightLayout=depth-columns-v1+leftGroup=4+rightGroup=4+leftStride=4+rightStride=4+padding=zero+alignment=8+block=4x4x32+panel=32+diagonal=0+rhs=0+batch=1+variant=current-tile-v1,tiles=1;leftDoubles=128;rightDoubles=128;outputDoubles=16;resetDoubles=16;scratchDoubles=0;triangleDoubles=0,jvm-scalar/portable-tile-v1/4x4,jmh-average-time-v1,200000000,1,1,score-times-operations
4,gemm-tile+4x4x32+uniform+physical=4x4+work=gemm-add-v1+leftLayout=depth-rows-v1+rightLayout=depth-columns-v1+leftGroup=4+rightGroup=4+leftStride=4+rightStride=4+padding=zero+alignment=8+block=4x4x32+panel=32+diagonal=0+rhs=0+batch=1+variant=current-tile-v1+timing=raw-tile,jvm-scalar/scalar/scalar/packed-4x4,5,2,1,2,1613267,200180673,124.08403134756986,ns,ok,partial,raw-tile,a038f25ac66821574b30392dc1d3b189cc287e2c,true,kotlin-2.4.10/jvm/Eclipse Adoptium/25.0.1/JMH 1.37/forks=1,1,3,200000000,gemm-add-v1+4x4x32+uniform,physical=4x4+leftLayout=depth-rows-v1+rightLayout=depth-columns-v1+leftGroup=4+rightGroup=4+leftStride=4+rightStride=4+padding=zero+alignment=8+block=4x4x32+panel=32+diagonal=0+rhs=0+batch=1+variant=current-tile-v1,tiles=1;leftDoubles=128;rightDoubles=128;outputDoubles=16;resetDoubles=16;scratchDoubles=0;triangleDoubles=0,jvm-scalar/portable-tile-v1/4x4,jmh-average-time-v1,200000000,1,1,score-times-operations
4,gemm-tile+4x4x32+uniform+physical=4x4+work=gemm-add-v1+leftLayout=depth-rows-v1+rightLayout=depth-columns-v1+leftGroup=4+rightGroup=4+leftStride=4+rightStride=4+padding=zero+alignment=8+block=4x4x32+panel=32+diagonal=0+rhs=0+batch=1+variant=current-tile-v1+timing=raw-tile,jvm-scalar/scalar/scalar/packed-4x4,5,2,1,3,1592422,200213696,125.72904418552369,ns,ok,partial,raw-tile,a038f25ac66821574b30392dc1d3b189cc287e2c,true,kotlin-2.4.10/jvm/Eclipse Adoptium/25.0.1/JMH 1.37/forks=1,1,3,200000000,gemm-add-v1+4x4x32+uniform,physical=4x4+leftLayout=depth-rows-v1+rightLayout=depth-columns-v1+leftGroup=4+rightGroup=4+leftStride=4+rightStride=4+padding=zero+alignment=8+block=4x4x32+panel=32+diagonal=0+rhs=0+batch=1+variant=current-tile-v1,tiles=1;leftDoubles=128;rightDoubles=128;outputDoubles=16;resetDoubles=16;scratchDoubles=0;triangleDoubles=0,jvm-scalar/portable-tile-v1/4x4,jmh-average-time-v1,200000000,1,1,score-times-operations
4,gemm-tile+4x4x32+uniform+physical=4x4+work=gemm-add-v1+leftLayout=depth-rows-v1+rightLayout=depth-columns-v1+leftGroup=4+rightGroup=4+leftStride=4+rightStride=4+padding=zero+alignment=8+block=4x4x32+panel=32+diagonal=0+rhs=0+batch=1+variant=current-tile-v1+timing=raw-tile,jvm-scalar/scalar/scalar/packed-4x4,5,2,1,4,1597595,200211278,125.32042100782739,ns,ok,partial,raw-tile,a038f25ac66821574b30392dc1d3b189cc287e2c,true,kotlin-2.4.10/jvm/Eclipse Adoptium/25.0.1/JMH 1.37/forks=1,1,3,200000000,gemm-add-v1+4x4x32+uniform,physical=4x4+leftLayout=depth-rows-v1+rightLayout=depth-columns-v1+leftGroup=4+rightGroup=4+leftStride=4+rightStride=4+padding=zero+alignment=8+block=4x4x32+panel=32+diagonal=0+rhs=0+batch=1+variant=current-tile-v1,tiles=1;leftDoubles=128;rightDoubles=128;outputDoubles=16;resetDoubles=16;scratchDoubles=0;triangleDoubles=0,jvm-scalar/portable-tile-v1/4x4,jmh-average-time-v1,200000000,1,1,score-times-operations
4,gemm-tile+4x4x32+uniform+physical=4x4+work=gemm-add-v1+leftLayout=depth-rows-v1+rightLayout=depth-columns-v1+leftGroup=4+rightGroup=4+leftStride=4+rightStride=4+padding=zero+alignment=8+block=4x4x32+panel=32+diagonal=0+rhs=0+batch=1+variant=current-tile-v1+timing=raw-tile,jvm-scalar/scalar/scalar/packed-4x4,5,2,1,5,1590143,200110345,125.84424482577982,ns,ok,partial,raw-tile,a038f25ac66821574b30392dc1d3b189cc287e2c,true,kotlin-2.4.10/jvm/Eclipse Adoptium/25.0.1/JMH 1.37/forks=1,1,3,200000000,gemm-add-v1+4x4x32+uniform,physical=4x4+leftLayout=depth-rows-v1+rightLayout=depth-columns-v1+leftGroup=4+rightGroup=4+leftStride=4+rightStride=4+padding=zero+alignment=8+block=4x4x32+panel=32+diagonal=0+rhs=0+batch=1+variant=current-tile-v1,tiles=1;leftDoubles=128;rightDoubles=128;outputDoubles=16;resetDoubles=16;scratchDoubles=0;triangleDoubles=0,jvm-scalar/portable-tile-v1/4x4,jmh-average-time-v1,200000000,1,1,score-times-operations
4,gemm-tile+3x2x31+uniform+physical=4x4+work=gemm-add-v1+leftLayout=depth-rows-v1+rightLayout=depth-columns-v1+leftGroup=4+rightGroup=4+leftStride=4+rightStride=4+padding=zero+alignment=8+block=3x2x31+panel=31+diagonal=0+rhs=0+batch=1+variant=current-tile-v1+timing=raw-tile,jvm-scalar/scalar/scalar/packed-4x4,5,2,1,1,1631994,200165402,122.65081979468061,ns,ok,partial,raw-tile,a038f25ac66821574b30392dc1d3b189cc287e2c,true,kotlin-2.4.10/jvm/Eclipse Adoptium/25.0.1/JMH 1.37/forks=1,1,3,200000000,gemm-add-v1+3x2x31+uniform,physical=4x4+leftLayout=depth-rows-v1+rightLayout=depth-columns-v1+leftGroup=4+rightGroup=4+leftStride=4+rightStride=4+padding=zero+alignment=8+block=3x2x31+panel=31+diagonal=0+rhs=0+batch=1+variant=current-tile-v1,tiles=1;leftDoubles=124;rightDoubles=124;outputDoubles=16;resetDoubles=16;scratchDoubles=0;triangleDoubles=0,jvm-scalar/portable-tile-v1/4x4,jmh-average-time-v1,200000000,1,1,score-times-operations
4,gemm-tile+3x2x31+uniform+physical=4x4+work=gemm-add-v1+leftLayout=depth-rows-v1+rightLayout=depth-columns-v1+leftGroup=4+rightGroup=4+leftStride=4+rightStride=4+padding=zero+alignment=8+block=3x2x31+panel=31+diagonal=0+rhs=0+batch=1+variant=current-tile-v1+timing=raw-tile,jvm-scalar/scalar/scalar/packed-4x4,5,2,1,2,1639155,200176908,122.12201286638542,ns,ok,partial,raw-tile,a038f25ac66821574b30392dc1d3b189cc287e2c,true,kotlin-2.4.10/jvm/Eclipse Adoptium/25.0.1/JMH 1.37/forks=1,1,3,200000000,gemm-add-v1+3x2x31+uniform,physical=4x4+leftLayout=depth-rows-v1+rightLayout=depth-columns-v1+leftGroup=4+rightGroup=4+leftStride=4+rightStride=4+padding=zero+alignment=8+block=3x2x31+panel=31+diagonal=0+rhs=0+batch=1+variant=current-tile-v1,tiles=1;leftDoubles=124;rightDoubles=124;outputDoubles=16;resetDoubles=16;scratchDoubles=0;triangleDoubles=0,jvm-scalar/portable-tile-v1/4x4,jmh-average-time-v1,200000000,1,1,score-times-operations
4,gemm-tile+3x2x31+uniform+physical=4x4+work=gemm-add-v1+leftLayout=depth-rows-v1+rightLayout=depth-columns-v1+leftGroup=4+rightGroup=4+leftStride=4+rightStride=4+padding=zero+alignment=8+block=3x2x31+panel=31+diagonal=0+rhs=0+batch=1+variant=current-tile-v1+timing=raw-tile,jvm-scalar/scalar/scalar/packed-4x4,5,2,1,3,1639030,200182991,122.13503779674564,ns,ok,partial,raw-tile,a038f25ac66821574b30392dc1d3b189cc287e2c,true,kotlin-2.4.10/jvm/Eclipse Adoptium/25.0.1/JMH 1.37/forks=1,1,3,200000000,gemm-add-v1+3x2x31+uniform,physical=4x4+leftLayout=depth-rows-v1+rightLayout=depth-columns-v1+leftGroup=4+rightGroup=4+leftStride=4+rightStride=4+padding=zero+alignment=8+block=3x2x31+panel=31+diagonal=0+rhs=0+batch=1+variant=current-tile-v1,tiles=1;leftDoubles=124;rightDoubles=124;outputDoubles=16;resetDoubles=16;scratchDoubles=0;triangleDoubles=0,jvm-scalar/portable-tile-v1/4x4,jmh-average-time-v1,200000000,1,1,score-times-operations
4,gemm-tile+3x2x31+uniform+physical=4x4+work=gemm-add-v1+leftLayout=depth-rows-v1+rightLayout=depth-columns-v1+leftGroup=4+rightGroup=4+leftStride=4+rightStride=4+padding=zero+alignment=8+block=3x2x31+panel=31+diagonal=0+rhs=0+batch=1+variant=current-tile-v1+timing=raw-tile,jvm-scalar/scalar/scalar/packed-4x4,5,2,1,4,1637770,200165961,122.21860273420566,ns,ok,partial,raw-tile,a038f25ac66821574b30392dc1d3b189cc287e2c,true,kotlin-2.4.10/jvm/Eclipse Adoptium/25.0.1/JMH 1.37/forks=1,1,3,200000000,gemm-add-v1+3x2x31+uniform,physical=4x4+leftLayout=depth-rows-v1+rightLayout=depth-columns-v1+leftGroup=4+rightGroup=4+leftStride=4+rightStride=4+padding=zero+alignment=8+block=3x2x31+panel=31+diagonal=0+rhs=0+batch=1+variant=current-tile-v1,tiles=1;leftDoubles=124;rightDoubles=124;outputDoubles=16;resetDoubles=16;scratchDoubles=0;triangleDoubles=0,jvm-scalar/portable-tile-v1/4x4,jmh-average-time-v1,200000000,1,1,score-times-operations
4,gemm-tile+3x2x31+uniform+physical=4x4+work=gemm-add-v1+leftLayout=depth-rows-v1+rightLayout=depth-columns-v1+leftGroup=4+rightGroup=4+leftStride=4+rightStride=4+padding=zero+alignment=8+block=3x2x31+panel=31+diagonal=0+rhs=0+batch=1+variant=current-tile-v1+timing=raw-tile,jvm-scalar/scalar/scalar/packed-4x4,5,2,1,5,1644209,200227400,121.77734095847913,ns,ok,partial,raw-tile,a038f25ac66821574b30392dc1d3b189cc287e2c,true,kotlin-2.4.10/jvm/Eclipse Adoptium/25.0.1/JMH 1.37/forks=1,1,3,200000000,gemm-add-v1+3x2x31+uniform,physical=4x4+leftLayout=depth-rows-v1+rightLayout=depth-columns-v1+leftGroup=4+rightGroup=4+leftStride=4+rightStride=4+padding=zero+alignment=8+block=3x2x31+panel=31+diagonal=0+rhs=0+batch=1+variant=current-tile-v1,tiles=1;leftDoubles=124;rightDoubles=124;outputDoubles=16;resetDoubles=16;scratchDoubles=0;triangleDoubles=0,jvm-scalar/portable-tile-v1/4x4,jmh-average-time-v1,200000000,1,1,score-times-operations
4,packed-trsm+4x4+triangular+physical=4x4+uplo=L+diag=N+work=right-solve-v1+leftLayout=depth-rows-v1+rightLayout=depth-columns-v1+leftGroup=4+rightGroup=4+leftStride=4+rightStride=4+padding=zero+alignment=8+block=4x4x4+panel=4+diagonal=4+rhs=4+batch=1+variant=current-tile-v1+timing=raw-tile,jvm-scalar/scalar/scalar/packed-4x4,5,2,1,1,4785327,200364922,41.87068553517868,ns,ok,partial,raw-tile,a038f25ac66821574b30392dc1d3b189cc287e2c,true,kotlin-2.4.10/jvm/Eclipse Adoptium/25.0.1/JMH 1.37/forks=1,1,3,200000000,right-solve-v1+4x4+triangular+uplo=L+diag=N,physical=4x4+leftLayout=depth-rows-v1+rightLayout=depth-columns-v1+leftGroup=4+rightGroup=4+leftStride=4+rightStride=4+padding=zero+alignment=8+block=4x4x4+panel=4+diagonal=4+rhs=4+batch=1+variant=current-tile-v1,tiles=1;leftDoubles=0;rightDoubles=0;outputDoubles=16;resetDoubles=16;scratchDoubles=0;triangleDoubles=16,jvm-scalar/portable-solve-v1/4x4,jmh-average-time-v1,200000000,1,1,score-times-operations
4,packed-trsm+4x4+triangular+physical=4x4+uplo=L+diag=N+work=right-solve-v1+leftLayout=depth-rows-v1+rightLayout=depth-columns-v1+leftGroup=4+rightGroup=4+leftStride=4+rightStride=4+padding=zero+alignment=8+block=4x4x4+panel=4+diagonal=4+rhs=4+batch=1+variant=current-tile-v1+timing=raw-tile,jvm-scalar/scalar/scalar/packed-4x4,5,2,1,2,4789603,200213773,41.80174703414876,ns,ok,partial,raw-tile,a038f25ac66821574b30392dc1d3b189cc287e2c,true,kotlin-2.4.10/jvm/Eclipse Adoptium/25.0.1/JMH 1.37/forks=1,1,3,200000000,right-solve-v1+4x4+triangular+uplo=L+diag=N,physical=4x4+leftLayout=depth-rows-v1+rightLayout=depth-columns-v1+leftGroup=4+rightGroup=4+leftStride=4+rightStride=4+padding=zero+alignment=8+block=4x4x4+panel=4+diagonal=4+rhs=4+batch=1+variant=current-tile-v1,tiles=1;leftDoubles=0;rightDoubles=0;outputDoubles=16;resetDoubles=16;scratchDoubles=0;triangleDoubles=16,jvm-scalar/portable-solve-v1/4x4,jmh-average-time-v1,200000000,1,1,score-times-operations
4,packed-trsm+4x4+triangular+physical=4x4+uplo=L+diag=N+work=right-solve-v1+leftLayout=depth-rows-v1+rightLayout=depth-columns-v1+leftGroup=4+rightGroup=4+leftStride=4+rightStride=4+padding=zero+alignment=8+block=4x4x4+panel=4+diagonal=4+rhs=4+batch=1+variant=current-tile-v1+timing=raw-tile,jvm-scalar/scalar/scalar/packed-4x4,5,2,1,3,4777132,200175854,41.90293548514045,ns,ok,partial,raw-tile,a038f25ac66821574b30392dc1d3b189cc287e2c,true,kotlin-2.4.10/jvm/Eclipse Adoptium/25.0.1/JMH 1.37/forks=1,1,3,200000000,right-solve-v1+4x4+triangular+uplo=L+diag=N,physical=4x4+leftLayout=depth-rows-v1+rightLayout=depth-columns-v1+leftGroup=4+rightGroup=4+leftStride=4+rightStride=4+padding=zero+alignment=8+block=4x4x4+panel=4+diagonal=4+rhs=4+batch=1+variant=current-tile-v1,tiles=1;leftDoubles=0;rightDoubles=0;outputDoubles=16;resetDoubles=16;scratchDoubles=0;triangleDoubles=16,jvm-scalar/portable-solve-v1/4x4,jmh-average-time-v1,200000000,1,1,score-times-operations
4,packed-trsm+4x4+triangular+physical=4x4+uplo=L+diag=N+work=right-solve-v1+leftLayout=depth-rows-v1+rightLayout=depth-columns-v1+leftGroup=4+rightGroup=4+leftStride=4+rightStride=4+padding=zero+alignment=8+block=4x4x4+panel=4+diagonal=4+rhs=4+batch=1+variant=current-tile-v1+timing=raw-tile,jvm-scalar/scalar/scalar/packed-4x4,5,2,1,4,4436473,200149809,45.114623485818576,ns,ok,partial,raw-tile,a038f25ac66821574b30392dc1d3b189cc287e2c,true,kotlin-2.4.10/jvm/Eclipse Adoptium/25.0.1/JMH 1.37/forks=1,1,3,200000000,right-solve-v1+4x4+triangular+uplo=L+diag=N,physical=4x4+leftLayout=depth-rows-v1+rightLayout=depth-columns-v1+leftGroup=4+rightGroup=4+leftStride=4+rightStride=4+padding=zero+alignment=8+block=4x4x4+panel=4+diagonal=4+rhs=4+batch=1+variant=current-tile-v1,tiles=1;leftDoubles=0;rightDoubles=0;outputDoubles=16;resetDoubles=16;scratchDoubles=0;triangleDoubles=16,jvm-scalar/portable-solve-v1/4x4,jmh-average-time-v1,200000000,1,1,score-times-operations
4,packed-trsm+4x4+triangular+physical=4x4+uplo=L+diag=N+work=right-solve-v1+leftLayout=depth-rows-v1+rightLayout=depth-columns-v1+leftGroup=4+rightGroup=4+leftStride=4+rightStride=4+padding=zero+alignment=8+block=4x4x4+panel=4+diagonal=4+rhs=4+batch=1+variant=current-tile-v1+timing=raw-tile,jvm-scalar/scalar/scalar/packed-4x4,5,2,1,5,4373764,200083388,45.746269803309005,ns,ok,partial,raw-tile,a038f25ac66821574b30392dc1d3b189cc287e2c,true,kotlin-2.4.10/jvm/Eclipse Adoptium/25.0.1/JMH 1.37/forks=1,1,3,200000000,right-solve-v1+4x4+triangular+uplo=L+diag=N,physical=4x4+leftLayout=depth-rows-v1+rightLayout=depth-columns-v1+leftGroup=4+rightGroup=4+leftStride=4+rightStride=4+padding=zero+alignment=8+block=4x4x4+panel=4+diagonal=4+rhs=4+batch=1+variant=current-tile-v1,tiles=1;leftDoubles=0;rightDoubles=0;outputDoubles=16;resetDoubles=16;scratchDoubles=0;triangleDoubles=16,jvm-scalar/portable-solve-v1/4x4,jmh-average-time-v1,200000000,1,1,score-times-operations
4,packed-trsm+3x2+triangular+physical=4x4+uplo=U+diag=U+work=right-solve-v1+leftLayout=depth-rows-v1+rightLayout=depth-columns-v1+leftGroup=4+rightGroup=4+leftStride=4+rightStride=4+padding=zero+alignment=8+block=3x2x2+panel=2+diagonal=2+rhs=3+batch=1+variant=current-tile-v1+timing=raw-tile,jvm-scalar/scalar/scalar/packed-4x4,5,2,1,1,18617117,200260257,10.756781353417933,ns,ok,partial,raw-tile,a038f25ac66821574b30392dc1d3b189cc287e2c,true,kotlin-2.4.10/jvm/Eclipse Adoptium/25.0.1/JMH 1.37/forks=1,1,3,200000000,right-solve-v1+3x2+triangular+uplo=U+diag=U,physical=4x4+leftLayout=depth-rows-v1+rightLayout=depth-columns-v1+leftGroup=4+rightGroup=4+leftStride=4+rightStride=4+padding=zero+alignment=8+block=3x2x2+panel=2+diagonal=2+rhs=3+batch=1+variant=current-tile-v1,tiles=1;leftDoubles=0;rightDoubles=0;outputDoubles=16;resetDoubles=16;scratchDoubles=0;triangleDoubles=16,jvm-scalar/portable-solve-v1/4x4,jmh-average-time-v1,200000000,1,1,score-times-operations
4,packed-trsm+3x2+triangular+physical=4x4+uplo=U+diag=U+work=right-solve-v1+leftLayout=depth-rows-v1+rightLayout=depth-columns-v1+leftGroup=4+rightGroup=4+leftStride=4+rightStride=4+padding=zero+alignment=8+block=3x2x2+panel=2+diagonal=2+rhs=3+batch=1+variant=current-tile-v1+timing=raw-tile,jvm-scalar/scalar/scalar/packed-4x4,5,2,1,2,17238575,200150281,11.61060476286468,ns,ok,partial,raw-tile,a038f25ac66821574b30392dc1d3b189cc287e2c,true,kotlin-2.4.10/jvm/Eclipse Adoptium/25.0.1/JMH 1.37/forks=1,1,3,200000000,right-solve-v1+3x2+triangular+uplo=U+diag=U,physical=4x4+leftLayout=depth-rows-v1+rightLayout=depth-columns-v1+leftGroup=4+rightGroup=4+leftStride=4+rightStride=4+padding=zero+alignment=8+block=3x2x2+panel=2+diagonal=2+rhs=3+batch=1+variant=current-tile-v1,tiles=1;leftDoubles=0;rightDoubles=0;outputDoubles=16;resetDoubles=16;scratchDoubles=0;triangleDoubles=16,jvm-scalar/portable-solve-v1/4x4,jmh-average-time-v1,200000000,1,1,score-times-operations
4,packed-trsm+3x2+triangular+physical=4x4+uplo=U+diag=U+work=right-solve-v1+leftLayout=depth-rows-v1+rightLayout=depth-columns-v1+leftGroup=4+rightGroup=4+leftStride=4+rightStride=4+padding=zero+alignment=8+block=3x2x2+panel=2+diagonal=2+rhs=3+batch=1+variant=current-tile-v1+timing=raw-tile,jvm-scalar/scalar/scalar/packed-4x4,5,2,1,3,18857263,200315396,10.622718471922463,ns,ok,partial,raw-tile,a038f25ac66821574b30392dc1d3b189cc287e2c,true,kotlin-2.4.10/jvm/Eclipse Adoptium/25.0.1/JMH 1.37/forks=1,1,3,200000000,right-solve-v1+3x2+triangular+uplo=U+diag=U,physical=4x4+leftLayout=depth-rows-v1+rightLayout=depth-columns-v1+leftGroup=4+rightGroup=4+leftStride=4+rightStride=4+padding=zero+alignment=8+block=3x2x2+panel=2+diagonal=2+rhs=3+batch=1+variant=current-tile-v1,tiles=1;leftDoubles=0;rightDoubles=0;outputDoubles=16;resetDoubles=16;scratchDoubles=0;triangleDoubles=16,jvm-scalar/portable-solve-v1/4x4,jmh-average-time-v1,200000000,1,1,score-times-operations
4,packed-trsm+3x2+triangular+physical=4x4+uplo=U+diag=U+work=right-solve-v1+leftLayout=depth-rows-v1+rightLayout=depth-columns-v1+leftGroup=4+rightGroup=4+leftStride=4+rightStride=4+padding=zero+alignment=8+block=3x2x2+panel=2+diagonal=2+rhs=3+batch=1+variant=current-tile-v1+timing=raw-tile,jvm-scalar/scalar/scalar/packed-4x4,5,2,1,4,17818618,200161947,11.23330367147441,ns,ok,partial,raw-tile,a038f25ac66821574b30392dc1d3b189cc287e2c,true,kotlin-2.4.10/jvm/Eclipse Adoptium/25.0.1/JMH 1.37/forks=1,1,3,200000000,right-solve-v1+3x2+triangular+uplo=U+diag=U,physical=4x4+leftLayout=depth-rows-v1+rightLayout=depth-columns-v1+leftGroup=4+rightGroup=4+leftStride=4+rightStride=4+padding=zero+alignment=8+block=3x2x2+panel=2+diagonal=2+rhs=3+batch=1+variant=current-tile-v1,tiles=1;leftDoubles=0;rightDoubles=0;outputDoubles=16;resetDoubles=16;scratchDoubles=0;triangleDoubles=16,jvm-scalar/portable-solve-v1/4x4,jmh-average-time-v1,200000000,1,1,score-times-operations
4,packed-trsm+3x2+triangular+physical=4x4+uplo=U+diag=U+work=right-solve-v1+leftLayout=depth-rows-v1+rightLayout=depth-columns-v1+leftGroup=4+rightGroup=4+leftStride=4+rightStride=4+padding=zero+alignment=8+block=3x2x2+panel=2+diagonal=2+rhs=3+batch=1+variant=current-tile-v1+timing=raw-tile,jvm-scalar/scalar/scalar/packed-4x4,5,2,1,5,16999316,200219848,11.778112013448071,ns,ok,partial,raw-tile,a038f25ac66821574b30392dc1d3b189cc287e2c,true,kotlin-2.4.10/jvm/Eclipse Adoptium/25.0.1/JMH 1.37/forks=1,1,3,200000000,right-solve-v1+3x2+triangular+uplo=U+diag=U,physical=4x4+leftLayout=depth-rows-v1+rightLayout=depth-columns-v1+leftGroup=4+rightGroup=4+leftStride=4+rightStride=4+padding=zero+alignment=8+block=3x2x2+panel=2+diagonal=2+rhs=3+batch=1+variant=current-tile-v1,tiles=1;leftDoubles=0;rightDoubles=0;outputDoubles=16;resetDoubles=16;scratchDoubles=0;triangleDoubles=16,jvm-scalar/portable-solve-v1/4x4,jmh-average-time-v1,200000000,1,1,score-times-operations
4,gemm-trsm+4x4x32+triangular+physical=4x4+uplo=L+diag=N+work=update-solve-v1+leftLayout=depth-rows-v1+rightLayout=depth-columns-v1+leftGroup=4+rightGroup=4+leftStride=4+rightStride=4+padding=zero+alignment=8+block=4x4x32+panel=32+diagonal=4+rhs=4+batch=1+variant=current-tile-v1+timing=raw-tile,jvm-scalar/scalar/scalar/packed-4x4,5,2,1,1,761915,200172022,262.7222485447852,ns,ok,composed,raw-tile,a038f25ac66821574b30392dc1d3b189cc287e2c,true,kotlin-2.4.10/jvm/Eclipse Adoptium/25.0.1/JMH 1.37/forks=1,1,3,200000000,update-solve-v1+4x4x32+triangular+uplo=L+diag=N,physical=4x4+leftLayout=depth-rows-v1+rightLayout=depth-columns-v1+leftGroup=4+rightGroup=4+leftStride=4+rightStride=4+padding=zero+alignment=8+block=4x4x32+panel=32+diagonal=4+rhs=4+batch=1+variant=current-tile-v1,tiles=1;leftDoubles=128;rightDoubles=128;outputDoubles=16;resetDoubles=16;scratchDoubles=0;triangleDoubles=16,jvm-scalar/portable-tile-v1/4x4,jmh-average-time-v1,200000000,1,1,score-times-operations
4,gemm-trsm+4x4x32+triangular+physical=4x4+uplo=L+diag=N+work=update-solve-v1+leftLayout=depth-rows-v1+rightLayout=depth-columns-v1+leftGroup=4+rightGroup=4+leftStride=4+rightStride=4+padding=zero+alignment=8+block=4x4x32+panel=32+diagonal=4+rhs=4+batch=1+variant=current-tile-v1+timing=raw-tile,jvm-scalar/scalar/scalar/packed-4x4,5,2,1,2,809526,200277740,247.401244678985,ns,ok,composed,raw-tile,a038f25ac66821574b30392dc1d3b189cc287e2c,true,kotlin-2.4.10/jvm/Eclipse Adoptium/25.0.1/JMH 1.37/forks=1,1,3,200000000,update-solve-v1+4x4x32+triangular+uplo=L+diag=N,physical=4x4+leftLayout=depth-rows-v1+rightLayout=depth-columns-v1+leftGroup=4+rightGroup=4+leftStride=4+rightStride=4+padding=zero+alignment=8+block=4x4x32+panel=32+diagonal=4+rhs=4+batch=1+variant=current-tile-v1,tiles=1;leftDoubles=128;rightDoubles=128;outputDoubles=16;resetDoubles=16;scratchDoubles=0;triangleDoubles=16,jvm-scalar/portable-tile-v1/4x4,jmh-average-time-v1,200000000,1,1,score-times-operations
4,gemm-trsm+4x4x32+triangular+physical=4x4+uplo=L+diag=N+work=update-solve-v1+leftLayout=depth-rows-v1+rightLayout=depth-columns-v1+leftGroup=4+rightGroup=4+leftStride=4+rightStride=4+padding=zero+alignment=8+block=4x4x32+panel=32+diagonal=4+rhs=4+batch=1+variant=current-tile-v1+timing=raw-tile,jvm-scalar/scalar/scalar/packed-4x4,5,2,1,3,743953,200185820,269.083960949146,ns,ok,composed,raw-tile,a038f25ac66821574b30392dc1d3b189cc287e2c,true,kotlin-2.4.10/jvm/Eclipse Adoptium/25.0.1/JMH 1.37/forks=1,1,3,200000000,update-solve-v1+4x4x32+triangular+uplo=L+diag=N,physical=4x4+leftLayout=depth-rows-v1+rightLayout=depth-columns-v1+leftGroup=4+rightGroup=4+leftStride=4+rightStride=4+padding=zero+alignment=8+block=4x4x32+panel=32+diagonal=4+rhs=4+batch=1+variant=current-tile-v1,tiles=1;leftDoubles=128;rightDoubles=128;outputDoubles=16;resetDoubles=16;scratchDoubles=0;triangleDoubles=16,jvm-scalar/portable-tile-v1/4x4,jmh-average-time-v1,200000000,1,1,score-times-operations
4,gemm-trsm+4x4x32+triangular+physical=4x4+uplo=L+diag=N+work=update-solve-v1+leftLayout=depth-rows-v1+rightLayout=depth-columns-v1+leftGroup=4+rightGroup=4+leftStride=4+rightStride=4+padding=zero+alignment=8+block=4x4x32+panel=32+diagonal=4+rhs=4+batch=1+variant=current-tile-v1+timing=raw-tile,jvm-scalar/scalar/scalar/packed-4x4,5,2,1,4,744631,200116669,268.7460890024724,ns,ok,composed,raw-tile,a038f25ac66821574b30392dc1d3b189cc287e2c,true,kotlin-2.4.10/jvm/Eclipse Adoptium/25.0.1/JMH 1.37/forks=1,1,3,200000000,update-solve-v1+4x4x32+triangular+uplo=L+diag=N,physical=4x4+leftLayout=depth-rows-v1+rightLayout=depth-columns-v1+leftGroup=4+rightGroup=4+leftStride=4+rightStride=4+padding=zero+alignment=8+block=4x4x32+panel=32+diagonal=4+rhs=4+batch=1+variant=current-tile-v1,tiles=1;leftDoubles=128;rightDoubles=128;outputDoubles=16;resetDoubles=16;scratchDoubles=0;triangleDoubles=16,jvm-scalar/portable-tile-v1/4x4,jmh-average-time-v1,200000000,1,1,score-times-operations
4,gemm-trsm+4x4x32+triangular+physical=4x4+uplo=L+diag=N+work=update-solve-v1+leftLayout=depth-rows-v1+rightLayout=depth-columns-v1+leftGroup=4+rightGroup=4+leftStride=4+rightStride=4+padding=zero+alignment=8+block=4x4x32+panel=32+diagonal=4+rhs=4+batch=1+variant=current-tile-v1+timing=raw-tile,jvm-scalar/scalar/scalar/packed-4x4,5,2,1,5,749151,200195191,267.2294250424814,ns,ok,composed,raw-tile,a038f25ac66821574b30392dc1d3b189cc287e2c,true,kotlin-2.4.10/jvm/Eclipse Adoptium/25.0.1/JMH 1.37/forks=1,1,3,200000000,update-solve-v1+4x4x32+triangular+uplo=L+diag=N,physical=4x4+leftLayout=depth-rows-v1+rightLayout=depth-columns-v1+leftGroup=4+rightGroup=4+leftStride=4+rightStride=4+padding=zero+alignment=8+block=4x4x32+panel=32+diagonal=4+rhs=4+batch=1+variant=current-tile-v1,tiles=1;leftDoubles=128;rightDoubles=128;outputDoubles=16;resetDoubles=16;scratchDoubles=0;triangleDoubles=16,jvm-scalar/portable-tile-v1/4x4,jmh-average-time-v1,200000000,1,1,score-times-operations
4,gemm-trsm+3x2x31+triangular+physical=4x4+uplo=U+diag=U+work=update-solve-v1+leftLayout=depth-rows-v1+rightLayout=depth-columns-v1+leftGroup=4+rightGroup=4+leftStride=4+rightStride=4+padding=zero+alignment=8+block=3x2x31+panel=31+diagonal=2+rhs=3+batch=1+variant=current-tile-v1+timing=raw-tile,jvm-scalar/scalar/scalar/packed-4x4,5,2,1,1,2083323,200206653,96.09967009436367,ns,ok,composed,raw-tile,a038f25ac66821574b30392dc1d3b189cc287e2c,true,kotlin-2.4.10/jvm/Eclipse Adoptium/25.0.1/JMH 1.37/forks=1,1,3,200000000,update-solve-v1+3x2x31+triangular+uplo=U+diag=U,physical=4x4+leftLayout=depth-rows-v1+rightLayout=depth-columns-v1+leftGroup=4+rightGroup=4+leftStride=4+rightStride=4+padding=zero+alignment=8+block=3x2x31+panel=31+diagonal=2+rhs=3+batch=1+variant=current-tile-v1,tiles=1;leftDoubles=124;rightDoubles=124;outputDoubles=16;resetDoubles=16;scratchDoubles=0;triangleDoubles=16,jvm-scalar/portable-tile-v1/4x4,jmh-average-time-v1,200000000,1,1,score-times-operations
4,gemm-trsm+3x2x31+triangular+physical=4x4+uplo=U+diag=U+work=update-solve-v1+leftLayout=depth-rows-v1+rightLayout=depth-columns-v1+leftGroup=4+rightGroup=4+leftStride=4+rightStride=4+padding=zero+alignment=8+block=3x2x31+panel=31+diagonal=2+rhs=3+batch=1+variant=current-tile-v1+timing=raw-tile,jvm-scalar/scalar/scalar/packed-4x4,5,2,1,2,2281485,200233407,87.76450732746434,ns,ok,composed,raw-tile,a038f25ac66821574b30392dc1d3b189cc287e2c,true,kotlin-2.4.10/jvm/Eclipse Adoptium/25.0.1/JMH 1.37/forks=1,1,3,200000000,update-solve-v1+3x2x31+triangular+uplo=U+diag=U,physical=4x4+leftLayout=depth-rows-v1+rightLayout=depth-columns-v1+leftGroup=4+rightGroup=4+leftStride=4+rightStride=4+padding=zero+alignment=8+block=3x2x31+panel=31+diagonal=2+rhs=3+batch=1+variant=current-tile-v1,tiles=1;leftDoubles=124;rightDoubles=124;outputDoubles=16;resetDoubles=16;scratchDoubles=0;triangleDoubles=16,jvm-scalar/portable-tile-v1/4x4,jmh-average-time-v1,200000000,1,1,score-times-operations
4,gemm-trsm+3x2x31+triangular+physical=4x4+uplo=U+diag=U+work=update-solve-v1+leftLayout=depth-rows-v1+rightLayout=depth-columns-v1+leftGroup=4+rightGroup=4+leftStride=4+rightStride=4+padding=zero+alignment=8+block=3x2x31+panel=31+diagonal=2+rhs=3+batch=1+variant=current-tile-v1+timing=raw-tile,jvm-scalar/scalar/scalar/packed-4x4,5,2,1,3,2254753,200145862,88.76620277254315,ns,ok,composed,raw-tile,a038f25ac66821574b30392dc1d3b189cc287e2c,true,kotlin-2.4.10/jvm/Eclipse Adoptium/25.0.1/JMH 1.37/forks=1,1,3,200000000,update-solve-v1+3x2x31+triangular+uplo=U+diag=U,physical=4x4+leftLayout=depth-rows-v1+rightLayout=depth-columns-v1+leftGroup=4+rightGroup=4+leftStride=4+rightStride=4+padding=zero+alignment=8+block=3x2x31+panel=31+diagonal=2+rhs=3+batch=1+variant=current-tile-v1,tiles=1;leftDoubles=124;rightDoubles=124;outputDoubles=16;resetDoubles=16;scratchDoubles=0;triangleDoubles=16,jvm-scalar/portable-tile-v1/4x4,jmh-average-time-v1,200000000,1,1,score-times-operations
4,gemm-trsm+3x2x31+triangular+physical=4x4+uplo=U+diag=U+work=update-solve-v1+leftLayout=depth-rows-v1+rightLayout=depth-columns-v1+leftGroup=4+rightGroup=4+leftStride=4+rightStride=4+padding=zero+alignment=8+block=3x2x31+panel=31+diagonal=2+rhs=3+batch=1+variant=current-tile-v1+timing=raw-tile,jvm-scalar/scalar/scalar/packed-4x4,5,2,1,4,2248623,200095160,88.9856414347803,ns,ok,composed,raw-tile,a038f25ac66821574b30392dc1d3b189cc287e2c,true,kotlin-2.4.10/jvm/Eclipse Adoptium/25.0.1/JMH 1.37/forks=1,1,3,200000000,update-solve-v1+3x2x31+triangular+uplo=U+diag=U,physical=4x4+leftLayout=depth-rows-v1+rightLayout=depth-columns-v1+leftGroup=4+rightGroup=4+leftStride=4+rightStride=4+padding=zero+alignment=8+block=3x2x31+panel=31+diagonal=2+rhs=3+batch=1+variant=current-tile-v1,tiles=1;leftDoubles=124;rightDoubles=124;outputDoubles=16;resetDoubles=16;scratchDoubles=0;triangleDoubles=16,jvm-scalar/portable-tile-v1/4x4,jmh-average-time-v1,200000000,1,1,score-times-operations
4,gemm-trsm+3x2x31+triangular+physical=4x4+uplo=U+diag=U+work=update-solve-v1+leftLayout=depth-rows-v1+rightLayout=depth-columns-v1+leftGroup=4+rightGroup=4+leftStride=4+rightStride=4+padding=zero+alignment=8+block=3x2x31+panel=31+diagonal=2+rhs=3+batch=1+variant=current-tile-v1+timing=raw-tile,jvm-scalar/scalar/scalar/packed-4x4,5,2,1,5,2246024,200153020,89.11437277607007,ns,ok,composed,raw-tile,a038f25ac66821574b30392dc1d3b189cc287e2c,true,kotlin-2.4.10/jvm/Eclipse Adoptium/25.0.1/JMH 1.37/forks=1,1,3,200000000,update-solve-v1+3x2x31+triangular+uplo=U+diag=U,physical=4x4+leftLayout=depth-rows-v1+rightLayout=depth-columns-v1+leftGroup=4+rightGroup=4+leftStride=4+rightStride=4+padding=zero+alignment=8+block=3x2x31+panel=31+diagonal=2+rhs=3+batch=1+variant=current-tile-v1,tiles=1;leftDoubles=124;rightDoubles=124;outputDoubles=16;resetDoubles=16;scratchDoubles=0;triangleDoubles=16,jvm-scalar/portable-tile-v1/4x4,jmh-average-time-v1,200000000,1,1,score-times-operations
4,gemm-tile+8x4x32+uniform+physical=8x4+work=gemm-add-v1+leftLayout=depth-rows-v1+rightLayout=depth-columns-v1+leftGroup=8+rightGroup=4+leftStride=8+rightStride=4+padding=zero+alignment=8+block=8x4x32+panel=32+diagonal=0+rhs=0+batch=1+variant=current-tile-v1+timing=raw-tile,jvm-scalar/scalar/scalar/packed-4x4,5,2,1,0,0,0,,ns,unsupported,unsupported,arithmetic,a038f25ac66821574b30392dc1d3b189cc287e2c,true,kotlin-2.4.10/jvm/Eclipse Adoptium/25.0.1,1,3,200000000,gemm-add-v1+8x4x32+uniform,physical=8x4+leftLayout=depth-rows-v1+rightLayout=depth-columns-v1+leftGroup=8+rightGroup=4+leftStride=8+rightStride=4+padding=zero+alignment=8+block=8x4x32+panel=32+diagonal=0+rhs=0+batch=1+variant=current-tile-v1,tiles=1;leftDoubles=256;rightDoubles=128;outputDoubles=32;resetDoubles=32;scratchDoubles=0;triangleDoubles=0,unavailable,jmh-average-time-v1,200000000,0,1,score-times-operations
4,gemm-tile+7x2x31+uniform+physical=8x4+work=gemm-add-v1+leftLayout=depth-rows-v1+rightLayout=depth-columns-v1+leftGroup=8+rightGroup=4+leftStride=8+rightStride=4+padding=zero+alignment=8+block=7x2x31+panel=31+diagonal=0+rhs=0+batch=1+variant=current-tile-v1+timing=raw-tile,jvm-scalar/scalar/scalar/packed-4x4,5,2,1,0,0,0,,ns,unsupported,unsupported,arithmetic,a038f25ac66821574b30392dc1d3b189cc287e2c,true,kotlin-2.4.10/jvm/Eclipse Adoptium/25.0.1,1,3,200000000,gemm-add-v1+7x2x31+uniform,physical=8x4+leftLayout=depth-rows-v1+rightLayout=depth-columns-v1+leftGroup=8+rightGroup=4+leftStride=8+rightStride=4+padding=zero+alignment=8+block=7x2x31+panel=31+diagonal=0+rhs=0+batch=1+variant=current-tile-v1,tiles=1;leftDoubles=248;rightDoubles=124;outputDoubles=32;resetDoubles=32;scratchDoubles=0;triangleDoubles=0,unavailable,jmh-average-time-v1,200000000,0,1,score-times-operations
4,packed-trsm+8x4+triangular+physical=8x4+uplo=L+diag=N+work=right-solve-v1+leftLayout=depth-rows-v1+rightLayout=depth-columns-v1+leftGroup=8+rightGroup=4+leftStride=8+rightStride=4+padding=zero+alignment=8+block=8x4x4+panel=4+diagonal=4+rhs=8+batch=1+variant=current-tile-v1+timing=raw-tile,jvm-scalar/scalar/scalar/packed-4x4,5,2,1,0,0,0,,ns,unsupported,unsupported,arithmetic,a038f25ac66821574b30392dc1d3b189cc287e2c,true,kotlin-2.4.10/jvm/Eclipse Adoptium/25.0.1,1,3,200000000,right-solve-v1+8x4+triangular+uplo=L+diag=N,physical=8x4+leftLayout=depth-rows-v1+rightLayout=depth-columns-v1+leftGroup=8+rightGroup=4+leftStride=8+rightStride=4+padding=zero+alignment=8+block=8x4x4+panel=4+diagonal=4+rhs=8+batch=1+variant=current-tile-v1,tiles=1;leftDoubles=0;rightDoubles=0;outputDoubles=32;resetDoubles=32;scratchDoubles=0;triangleDoubles=16,unavailable,jmh-average-time-v1,200000000,0,1,score-times-operations
4,packed-trsm+7x2+triangular+physical=8x4+uplo=U+diag=U+work=right-solve-v1+leftLayout=depth-rows-v1+rightLayout=depth-columns-v1+leftGroup=8+rightGroup=4+leftStride=8+rightStride=4+padding=zero+alignment=8+block=7x2x2+panel=2+diagonal=2+rhs=7+batch=1+variant=current-tile-v1+timing=raw-tile,jvm-scalar/scalar/scalar/packed-4x4,5,2,1,0,0,0,,ns,unsupported,unsupported,arithmetic,a038f25ac66821574b30392dc1d3b189cc287e2c,true,kotlin-2.4.10/jvm/Eclipse Adoptium/25.0.1,1,3,200000000,right-solve-v1+7x2+triangular+uplo=U+diag=U,physical=8x4+leftLayout=depth-rows-v1+rightLayout=depth-columns-v1+leftGroup=8+rightGroup=4+leftStride=8+rightStride=4+padding=zero+alignment=8+block=7x2x2+panel=2+diagonal=2+rhs=7+batch=1+variant=current-tile-v1,tiles=1;leftDoubles=0;rightDoubles=0;outputDoubles=32;resetDoubles=32;scratchDoubles=0;triangleDoubles=16,unavailable,jmh-average-time-v1,200000000,0,1,score-times-operations
4,gemm-trsm+8x4x32+triangular+physical=8x4+uplo=L+diag=N+work=update-solve-v1+leftLayout=depth-rows-v1+rightLayout=depth-columns-v1+leftGroup=8+rightGroup=4+leftStride=8+rightStride=4+padding=zero+alignment=8+block=8x4x32+panel=32+diagonal=4+rhs=8+batch=1+variant=current-tile-v1+timing=raw-tile,jvm-scalar/scalar/scalar/packed-4x4,5,2,1,0,0,0,,ns,unsupported,unsupported,arithmetic,a038f25ac66821574b30392dc1d3b189cc287e2c,true,kotlin-2.4.10/jvm/Eclipse Adoptium/25.0.1,1,3,200000000,update-solve-v1+8x4x32+triangular+uplo=L+diag=N,physical=8x4+leftLayout=depth-rows-v1+rightLayout=depth-columns-v1+leftGroup=8+rightGroup=4+leftStride=8+rightStride=4+padding=zero+alignment=8+block=8x4x32+panel=32+diagonal=4+rhs=8+batch=1+variant=current-tile-v1,tiles=1;leftDoubles=256;rightDoubles=128;outputDoubles=32;resetDoubles=32;scratchDoubles=0;triangleDoubles=16,unavailable,jmh-average-time-v1,200000000,0,1,score-times-operations
4,gemm-trsm+7x2x31+triangular+physical=8x4+uplo=U+diag=U+work=update-solve-v1+leftLayout=depth-rows-v1+rightLayout=depth-columns-v1+leftGroup=8+rightGroup=4+leftStride=8+rightStride=4+padding=zero+alignment=8+block=7x2x31+panel=31+diagonal=2+rhs=7+batch=1+variant=current-tile-v1+timing=raw-tile,jvm-scalar/scalar/scalar/packed-4x4,5,2,1,0,0,0,,ns,unsupported,unsupported,arithmetic,a038f25ac66821574b30392dc1d3b189cc287e2c,true,kotlin-2.4.10/jvm/Eclipse Adoptium/25.0.1,1,3,200000000,update-solve-v1+7x2x31+triangular+uplo=U+diag=U,physical=8x4+leftLayout=depth-rows-v1+rightLayout=depth-columns-v1+leftGroup=8+rightGroup=4+leftStride=8+rightStride=4+padding=zero+alignment=8+block=7x2x31+panel=31+diagonal=2+rhs=7+batch=1+variant=current-tile-v1,tiles=1;leftDoubles=248;rightDoubles=124;outputDoubles=32;resetDoubles=32;scratchDoubles=0;triangleDoubles=16,unavailable,jmh-average-time-v1,200000000,0,1,score-times-operations
4,pack-left+4x32+uniform+physical=4x4+work=pack-left-v1+leftLayout=depth-rows-v1+rightLayout=depth-columns-v1+leftGroup=4+rightGroup=4+leftStride=4+rightStride=4+padding=zero+alignment=8+block=4x32x32+panel=32+diagonal=0+rhs=0+batch=1+variant=current-tile-v1+timing=packing-only,jvm-scalar/scalar/scalar/packed-4x4,5,2,1,1,1433424,200098136,139.59452053265468,ns,ok,unsupported,packing-only,a038f25ac66821574b30392dc1d3b189cc287e2c,true,kotlin-2.4.10/jvm/Eclipse Adoptium/25.0.1/JMH 1.37/forks=1,1,3,200000000,pack-left-v1+4x32+uniform,physical=4x4+leftLayout=depth-rows-v1+rightLayout=depth-columns-v1+leftGroup=4+rightGroup=4+leftStride=4+rightStride=4+padding=zero+alignment=8+block=4x32x32+panel=32+diagonal=0+rhs=0+batch=1+variant=current-tile-v1,panelDoubles=128,jvm-scalar/portable-layout-v1/4x4,jmh-average-time-v1,200000000,1,1,score-times-operations
4,pack-left+4x32+uniform+physical=4x4+work=pack-left-v1+leftLayout=depth-rows-v1+rightLayout=depth-columns-v1+leftGroup=4+rightGroup=4+leftStride=4+rightStride=4+padding=zero+alignment=8+block=4x32x32+panel=32+diagonal=0+rhs=0+batch=1+variant=current-tile-v1+timing=packing-only,jvm-scalar/scalar/scalar/packed-4x4,5,2,1,2,1589674,200242164,125.96429456605568,ns,ok,unsupported,packing-only,a038f25ac66821574b30392dc1d3b189cc287e2c,true,kotlin-2.4.10/jvm/Eclipse Adoptium/25.0.1/JMH 1.37/forks=1,1,3,200000000,pack-left-v1+4x32+uniform,physical=4x4+leftLayout=depth-rows-v1+rightLayout=depth-columns-v1+leftGroup=4+rightGroup=4+leftStride=4+rightStride=4+padding=zero+alignment=8+block=4x32x32+panel=32+diagonal=0+rhs=0+batch=1+variant=current-tile-v1,panelDoubles=128,jvm-scalar/portable-layout-v1/4x4,jmh-average-time-v1,200000000,1,1,score-times-operations
4,pack-left+4x32+uniform+physical=4x4+work=pack-left-v1+leftLayout=depth-rows-v1+rightLayout=depth-columns-v1+leftGroup=4+rightGroup=4+leftStride=4+rightStride=4+padding=zero+alignment=8+block=4x32x32+panel=32+diagonal=0+rhs=0+batch=1+variant=current-tile-v1+timing=packing-only,jvm-scalar/scalar/scalar/packed-4x4,5,2,1,3,1561358,200112960,128.16596834294248,ns,ok,unsupported,packing-only,a038f25ac66821574b30392dc1d3b189cc287e2c,true,kotlin-2.4.10/jvm/Eclipse Adoptium/25.0.1/JMH 1.37/forks=1,1,3,200000000,pack-left-v1+4x32+uniform,physical=4x4+leftLayout=depth-rows-v1+rightLayout=depth-columns-v1+leftGroup=4+rightGroup=4+leftStride=4+rightStride=4+padding=zero+alignment=8+block=4x32x32+panel=32+diagonal=0+rhs=0+batch=1+variant=current-tile-v1,panelDoubles=128,jvm-scalar/portable-layout-v1/4x4,jmh-average-time-v1,200000000,1,1,score-times-operations
4,pack-left+4x32+uniform+physical=4x4+work=pack-left-v1+leftLayout=depth-rows-v1+rightLayout=depth-columns-v1+leftGroup=4+rightGroup=4+leftStride=4+rightStride=4+padding=zero+alignment=8+block=4x32x32+panel=32+diagonal=0+rhs=0+batch=1+variant=current-tile-v1+timing=packing-only,jvm-scalar/scalar/scalar/packed-4x4,5,2,1,4,1562214,200196354,128.14912297546942,ns,ok,unsupported,packing-only,a038f25ac66821574b30392dc1d3b189cc287e2c,true,kotlin-2.4.10/jvm/Eclipse Adoptium/25.0.1/JMH 1.37/forks=1,1,3,200000000,pack-left-v1+4x32+uniform,physical=4x4+leftLayout=depth-rows-v1+rightLayout=depth-columns-v1+leftGroup=4+rightGroup=4+leftStride=4+rightStride=4+padding=zero+alignment=8+block=4x32x32+panel=32+diagonal=0+rhs=0+batch=1+variant=current-tile-v1,panelDoubles=128,jvm-scalar/portable-layout-v1/4x4,jmh-average-time-v1,200000000,1,1,score-times-operations
4,pack-left+4x32+uniform+physical=4x4+work=pack-left-v1+leftLayout=depth-rows-v1+rightLayout=depth-columns-v1+leftGroup=4+rightGroup=4+leftStride=4+rightStride=4+padding=zero+alignment=8+block=4x32x32+panel=32+diagonal=0+rhs=0+batch=1+variant=current-tile-v1+timing=packing-only,jvm-scalar/scalar/scalar/packed-4x4,5,2,1,5,1556561,200160783,128.59167292512146,ns,ok,unsupported,packing-only,a038f25ac66821574b30392dc1d3b189cc287e2c,true,kotlin-2.4.10/jvm/Eclipse Adoptium/25.0.1/JMH 1.37/forks=1,1,3,200000000,pack-left-v1+4x32+uniform,physical=4x4+leftLayout=depth-rows-v1+rightLayout=depth-columns-v1+leftGroup=4+rightGroup=4+leftStride=4+rightStride=4+padding=zero+alignment=8+block=4x32x32+panel=32+diagonal=0+rhs=0+batch=1+variant=current-tile-v1,panelDoubles=128,jvm-scalar/portable-layout-v1/4x4,jmh-average-time-v1,200000000,1,1,score-times-operations
4,pack-left+3x31+uniform+physical=4x4+work=pack-left-v1+leftLayout=depth-rows-v1+rightLayout=depth-columns-v1+leftGroup=4+rightGroup=4+leftStride=4+rightStride=4+padding=zero+alignment=8+block=3x31x31+panel=31+diagonal=0+rhs=0+batch=1+variant=current-tile-v1+timing=packing-only,jvm-scalar/scalar/scalar/packed-4x4,5,2,1,1,1427690,200183944,140.2152736238259,ns,ok,unsupported,packing-only,a038f25ac66821574b30392dc1d3b189cc287e2c,true,kotlin-2.4.10/jvm/Eclipse Adoptium/25.0.1/JMH 1.37/forks=1,1,3,200000000,pack-left-v1+3x31+uniform,physical=4x4+leftLayout=depth-rows-v1+rightLayout=depth-columns-v1+leftGroup=4+rightGroup=4+leftStride=4+rightStride=4+padding=zero+alignment=8+block=3x31x31+panel=31+diagonal=0+rhs=0+batch=1+variant=current-tile-v1,panelDoubles=124,jvm-scalar/portable-layout-v1/4x4,jmh-average-time-v1,200000000,1,1,score-times-operations
4,pack-left+3x31+uniform+physical=4x4+work=pack-left-v1+leftLayout=depth-rows-v1+rightLayout=depth-columns-v1+leftGroup=4+rightGroup=4+leftStride=4+rightStride=4+padding=zero+alignment=8+block=3x31x31+panel=31+diagonal=0+rhs=0+batch=1+variant=current-tile-v1+timing=packing-only,jvm-scalar/scalar/scalar/packed-4x4,5,2,1,2,1321974,200191810,151.43399945838573,ns,ok,unsupported,packing-only,a038f25ac66821574b30392dc1d3b189cc287e2c,true,kotlin-2.4.10/jvm/Eclipse Adoptium/25.0.1/JMH 1.37/forks=1,1,3,200000000,pack-left-v1+3x31+uniform,physical=4x4+leftLayout=depth-rows-v1+rightLayout=depth-columns-v1+leftGroup=4+rightGroup=4+leftStride=4+rightStride=4+padding=zero+alignment=8+block=3x31x31+panel=31+diagonal=0+rhs=0+batch=1+variant=current-tile-v1,panelDoubles=124,jvm-scalar/portable-layout-v1/4x4,jmh-average-time-v1,200000000,1,1,score-times-operations
4,pack-left+3x31+uniform+physical=4x4+work=pack-left-v1+leftLayout=depth-rows-v1+rightLayout=depth-columns-v1+leftGroup=4+rightGroup=4+leftStride=4+rightStride=4+padding=zero+alignment=8+block=3x31x31+panel=31+diagonal=0+rhs=0+batch=1+variant=current-tile-v1+timing=packing-only,jvm-scalar/scalar/scalar/packed-4x4,5,2,1,3,1433964,200276855,139.66658507466016,ns,ok,unsupported,packing-only,a038f25ac66821574b30392dc1d3b189cc287e2c,true,kotlin-2.4.10/jvm/Eclipse Adoptium/25.0.1/JMH 1.37/forks=1,1,3,200000000,pack-left-v1+3x31+uniform,physical=4x4+leftLayout=depth-rows-v1+rightLayout=depth-columns-v1+leftGroup=4+rightGroup=4+leftStride=4+rightStride=4+padding=zero+alignment=8+block=3x31x31+panel=31+diagonal=0+rhs=0+batch=1+variant=current-tile-v1,panelDoubles=124,jvm-scalar/portable-layout-v1/4x4,jmh-average-time-v1,200000000,1,1,score-times-operations
4,pack-left+3x31+uniform+physical=4x4+work=pack-left-v1+leftLayout=depth-rows-v1+rightLayout=depth-columns-v1+leftGroup=4+rightGroup=4+leftStride=4+rightStride=4+padding=zero+alignment=8+block=3x31x31+panel=31+diagonal=0+rhs=0+batch=1+variant=current-tile-v1+timing=packing-only,jvm-scalar/scalar/scalar/packed-4x4,5,2,1,4,1425906,200151644,140.36804950676972,ns,ok,unsupported,packing-only,a038f25ac66821574b30392dc1d3b189cc287e2c,true,kotlin-2.4.10/jvm/Eclipse Adoptium/25.0.1/JMH 1.37/forks=1,1,3,200000000,pack-left-v1+3x31+uniform,physical=4x4+leftLayout=depth-rows-v1+rightLayout=depth-columns-v1+leftGroup=4+rightGroup=4+leftStride=4+rightStride=4+padding=zero+alignment=8+block=3x31x31+panel=31+diagonal=0+rhs=0+batch=1+variant=current-tile-v1,panelDoubles=124,jvm-scalar/portable-layout-v1/4x4,jmh-average-time-v1,200000000,1,1,score-times-operations
4,pack-left+3x31+uniform+physical=4x4+work=pack-left-v1+leftLayout=depth-rows-v1+rightLayout=depth-columns-v1+leftGroup=4+rightGroup=4+leftStride=4+rightStride=4+padding=zero+alignment=8+block=3x31x31+panel=31+diagonal=0+rhs=0+batch=1+variant=current-tile-v1+timing=packing-only,jvm-scalar/scalar/scalar/packed-4x4,5,2,1,5,1415153,200129757,141.41916598417274,ns,ok,unsupported,packing-only,a038f25ac66821574b30392dc1d3b189cc287e2c,true,kotlin-2.4.10/jvm/Eclipse Adoptium/25.0.1/JMH 1.37/forks=1,1,3,200000000,pack-left-v1+3x31+uniform,physical=4x4+leftLayout=depth-rows-v1+rightLayout=depth-columns-v1+leftGroup=4+rightGroup=4+leftStride=4+rightStride=4+padding=zero+alignment=8+block=3x31x31+panel=31+diagonal=0+rhs=0+batch=1+variant=current-tile-v1,panelDoubles=124,jvm-scalar/portable-layout-v1/4x4,jmh-average-time-v1,200000000,1,1,score-times-operations
4,pack-right+32x4+uniform+physical=4x4+work=pack-right-v1+leftLayout=depth-rows-v1+rightLayout=depth-columns-v1+leftGroup=4+rightGroup=4+leftStride=4+rightStride=4+padding=zero+alignment=8+block=32x4x32+panel=32+diagonal=0+rhs=0+batch=1+variant=current-tile-v1+timing=packing-only,jvm-scalar/scalar/scalar/packed-4x4,5,2,1,1,1418028,200140183,141.13979625226017,ns,ok,unsupported,packing-only,a038f25ac66821574b30392dc1d3b189cc287e2c,true,kotlin-2.4.10/jvm/Eclipse Adoptium/25.0.1/JMH 1.37/forks=1,1,3,200000000,pack-right-v1+32x4+uniform,physical=4x4+leftLayout=depth-rows-v1+rightLayout=depth-columns-v1+leftGroup=4+rightGroup=4+leftStride=4+rightStride=4+padding=zero+alignment=8+block=32x4x32+panel=32+diagonal=0+rhs=0+batch=1+variant=current-tile-v1,panelDoubles=128,jvm-scalar/portable-layout-v1/4x4,jmh-average-time-v1,200000000,1,1,score-times-operations
4,pack-right+32x4+uniform+physical=4x4+work=pack-right-v1+leftLayout=depth-rows-v1+rightLayout=depth-columns-v1+leftGroup=4+rightGroup=4+leftStride=4+rightStride=4+padding=zero+alignment=8+block=32x4x32+panel=32+diagonal=0+rhs=0+batch=1+variant=current-tile-v1+timing=packing-only,jvm-scalar/scalar/scalar/packed-4x4,5,2,1,2,1414086,200195619,141.57244962470457,ns,ok,unsupported,packing-only,a038f25ac66821574b30392dc1d3b189cc287e2c,true,kotlin-2.4.10/jvm/Eclipse Adoptium/25.0.1/JMH 1.37/forks=1,1,3,200000000,pack-right-v1+32x4+uniform,physical=4x4+leftLayout=depth-rows-v1+rightLayout=depth-columns-v1+leftGroup=4+rightGroup=4+leftStride=4+rightStride=4+padding=zero+alignment=8+block=32x4x32+panel=32+diagonal=0+rhs=0+batch=1+variant=current-tile-v1,panelDoubles=128,jvm-scalar/portable-layout-v1/4x4,jmh-average-time-v1,200000000,1,1,score-times-operations
4,pack-right+32x4+uniform+physical=4x4+work=pack-right-v1+leftLayout=depth-rows-v1+rightLayout=depth-columns-v1+leftGroup=4+rightGroup=4+leftStride=4+rightStride=4+padding=zero+alignment=8+block=32x4x32+panel=32+diagonal=0+rhs=0+batch=1+variant=current-tile-v1+timing=packing-only,jvm-scalar/scalar/scalar/packed-4x4,5,2,1,3,1428467,200129459,140.1008626730614,ns,ok,unsupported,packing-only,a038f25ac66821574b30392dc1d3b189cc287e2c,true,kotlin-2.4.10/jvm/Eclipse Adoptium/25.0.1/JMH 1.37/forks=1,1,3,200000000,pack-right-v1+32x4+uniform,physical=4x4+leftLayout=depth-rows-v1+rightLayout=depth-columns-v1+leftGroup=4+rightGroup=4+leftStride=4+rightStride=4+padding=zero+alignment=8+block=32x4x32+panel=32+diagonal=0+rhs=0+batch=1+variant=current-tile-v1,panelDoubles=128,jvm-scalar/portable-layout-v1/4x4,jmh-average-time-v1,200000000,1,1,score-times-operations
4,pack-right+32x4+uniform+physical=4x4+work=pack-right-v1+leftLayout=depth-rows-v1+rightLayout=depth-columns-v1+leftGroup=4+rightGroup=4+leftStride=4+rightStride=4+padding=zero+alignment=8+block=32x4x32+panel=32+diagonal=0+rhs=0+batch=1+variant=current-tile-v1+timing=packing-only,jvm-scalar/scalar/scalar/packed-4x4,5,2,1,4,1417524,200150756,141.19743722152148,ns,ok,unsupported,packing-only,a038f25ac66821574b30392dc1d3b189cc287e2c,true,kotlin-2.4.10/jvm/Eclipse Adoptium/25.0.1/JMH 1.37/forks=1,1,3,200000000,pack-right-v1+32x4+uniform,physical=4x4+leftLayout=depth-rows-v1+rightLayout=depth-columns-v1+leftGroup=4+rightGroup=4+leftStride=4+rightStride=4+padding=zero+alignment=8+block=32x4x32+panel=32+diagonal=0+rhs=0+batch=1+variant=current-tile-v1,panelDoubles=128,jvm-scalar/portable-layout-v1/4x4,jmh-average-time-v1,200000000,1,1,score-times-operations
4,pack-right+32x4+uniform+physical=4x4+work=pack-right-v1+leftLayout=depth-rows-v1+rightLayout=depth-columns-v1+leftGroup=4+rightGroup=4+leftStride=4+rightStride=4+padding=zero+alignment=8+block=32x4x32+panel=32+diagonal=0+rhs=0+batch=1+variant=current-tile-v1+timing=packing-only,jvm-scalar/scalar/scalar/packed-4x4,5,2,1,5,1589701,200257631,125.97188465000652,ns,ok,unsupported,packing-only,a038f25ac66821574b30392dc1d3b189cc287e2c,true,kotlin-2.4.10/jvm/Eclipse Adoptium/25.0.1/JMH 1.37/forks=1,1,3,200000000,pack-right-v1+32x4+uniform,physical=4x4+leftLayout=depth-rows-v1+rightLayout=depth-columns-v1+leftGroup=4+rightGroup=4+leftStride=4+rightStride=4+padding=zero+alignment=8+block=32x4x32+panel=32+diagonal=0+rhs=0+batch=1+variant=current-tile-v1,panelDoubles=128,jvm-scalar/portable-layout-v1/4x4,jmh-average-time-v1,200000000,1,1,score-times-operations
4,pack-right+31x2+uniform+physical=4x4+work=pack-right-v1+leftLayout=depth-rows-v1+rightLayout=depth-columns-v1+leftGroup=4+rightGroup=4+leftStride=4+rightStride=4+padding=zero+alignment=8+block=31x2x31+panel=31+diagonal=0+rhs=0+batch=1+variant=current-tile-v1+timing=packing-only,jvm-scalar/scalar/scalar/packed-4x4,5,2,1,1,1550442,200236995,129.1483299601017,ns,ok,unsupported,packing-only,a038f25ac66821574b30392dc1d3b189cc287e2c,true,kotlin-2.4.10/jvm/Eclipse Adoptium/25.0.1/JMH 1.37/forks=1,1,3,200000000,pack-right-v1+31x2+uniform,physical=4x4+leftLayout=depth-rows-v1+rightLayout=depth-columns-v1+leftGroup=4+rightGroup=4+leftStride=4+rightStride=4+padding=zero+alignment=8+block=31x2x31+panel=31+diagonal=0+rhs=0+batch=1+variant=current-tile-v1,panelDoubles=124,jvm-scalar/portable-layout-v1/4x4,jmh-average-time-v1,200000000,1,1,score-times-operations
4,pack-right+31x2+uniform+physical=4x4+work=pack-right-v1+leftLayout=depth-rows-v1+rightLayout=depth-columns-v1+leftGroup=4+rightGroup=4+leftStride=4+rightStride=4+padding=zero+alignment=8+block=31x2x31+panel=31+diagonal=0+rhs=0+batch=1+variant=current-tile-v1+timing=packing-only,jvm-scalar/scalar/scalar/packed-4x4,5,2,1,2,1553524,200156176,128.8400925894933,ns,ok,unsupported,packing-only,a038f25ac66821574b30392dc1d3b189cc287e2c,true,kotlin-2.4.10/jvm/Eclipse Adoptium/25.0.1/JMH 1.37/forks=1,1,3,200000000,pack-right-v1+31x2+uniform,physical=4x4+leftLayout=depth-rows-v1+rightLayout=depth-columns-v1+leftGroup=4+rightGroup=4+leftStride=4+rightStride=4+padding=zero+alignment=8+block=31x2x31+panel=31+diagonal=0+rhs=0+batch=1+variant=current-tile-v1,panelDoubles=124,jvm-scalar/portable-layout-v1/4x4,jmh-average-time-v1,200000000,1,1,score-times-operations
4,pack-right+31x2+uniform+physical=4x4+work=pack-right-v1+leftLayout=depth-rows-v1+rightLayout=depth-columns-v1+leftGroup=4+rightGroup=4+leftStride=4+rightStride=4+padding=zero+alignment=8+block=31x2x31+panel=31+diagonal=0+rhs=0+batch=1+variant=current-tile-v1+timing=packing-only,jvm-scalar/scalar/scalar/packed-4x4,5,2,1,3,1441967,200152903,138.80546711540555,ns,ok,unsupported,packing-only,a038f25ac66821574b30392dc1d3b189cc287e2c,true,kotlin-2.4.10/jvm/Eclipse Adoptium/25.0.1/JMH 1.37/forks=1,1,3,200000000,pack-right-v1+31x2+uniform,physical=4x4+leftLayout=depth-rows-v1+rightLayout=depth-columns-v1+leftGroup=4+rightGroup=4+leftStride=4+rightStride=4+padding=zero+alignment=8+block=31x2x31+panel=31+diagonal=0+rhs=0+batch=1+variant=current-tile-v1,panelDoubles=124,jvm-scalar/portable-layout-v1/4x4,jmh-average-time-v1,200000000,1,1,score-times-operations
4,pack-right+31x2+uniform+physical=4x4+work=pack-right-v1+leftLayout=depth-rows-v1+rightLayout=depth-columns-v1+leftGroup=4+rightGroup=4+leftStride=4+rightStride=4+padding=zero+alignment=8+block=31x2x31+panel=31+diagonal=0+rhs=0+batch=1+variant=current-tile-v1+timing=packing-only,jvm-scalar/scalar/scalar/packed-4x4,5,2,1,4,1421215,200205522,140.86927171469483,ns,ok,unsupported,packing-only,a038f25ac66821574b30392dc1d3b189cc287e2c,true,kotlin-2.4.10/jvm/Eclipse Adoptium/25.0.1/JMH 1.37/forks=1,1,3,200000000,pack-right-v1+31x2+uniform,physical=4x4+leftLayout=depth-rows-v1+rightLayout=depth-columns-v1+leftGroup=4+rightGroup=4+leftStride=4+rightStride=4+padding=zero+alignment=8+block=31x2x31+panel=31+diagonal=0+rhs=0+batch=1+variant=current-tile-v1,panelDoubles=124,jvm-scalar/portable-layout-v1/4x4,jmh-average-time-v1,200000000,1,1,score-times-operations
4,pack-right+31x2+uniform+physical=4x4+work=pack-right-v1+leftLayout=depth-rows-v1+rightLayout=depth-columns-v1+leftGroup=4+rightGroup=4+leftStride=4+rightStride=4+padding=zero+alignment=8+block=31x2x31+panel=31+diagonal=0+rhs=0+batch=1+variant=current-tile-v1+timing=packing-only,jvm-scalar/scalar/scalar/packed-4x4,5,2,1,5,1419747,200202680,141.01292695106946,ns,ok,unsupported,packing-only,a038f25ac66821574b30392dc1d3b189cc287e2c,true,kotlin-2.4.10/jvm/Eclipse Adoptium/25.0.1/JMH 1.37/forks=1,1,3,200000000,pack-right-v1+31x2+uniform,physical=4x4+leftLayout=depth-rows-v1+rightLayout=depth-columns-v1+leftGroup=4+rightGroup=4+leftStride=4+rightStride=4+padding=zero+alignment=8+block=31x2x31+panel=31+diagonal=0+rhs=0+batch=1+variant=current-tile-v1,panelDoubles=124,jvm-scalar/portable-layout-v1/4x4,jmh-average-time-v1,200000000,1,1,score-times-operations
4,pack-symmetric-left+4x4+uniform+physical=4x4+uplo=L+work=pack-symmetric-left-v1+leftLayout=depth-rows-v1+rightLayout=depth-columns-v1+leftGroup=4+rightGroup=4+leftStride=4+rightStride=4+padding=zero+alignment=8+block=4x4x4+panel=4+diagonal=0+rhs=0+batch=1+variant=current-tile-v1+timing=packing-only,jvm-scalar/scalar/scalar/packed-4x4,5,2,1,1,6047785,200090909,33.08499045518318,ns,ok,unsupported,packing-only,a038f25ac66821574b30392dc1d3b189cc287e2c,true,kotlin-2.4.10/jvm/Eclipse Adoptium/25.0.1/JMH 1.37/forks=1,1,3,200000000,pack-symmetric-left-v1+4x4+uniform+uplo=L,physical=4x4+leftLayout=depth-rows-v1+rightLayout=depth-columns-v1+leftGroup=4+rightGroup=4+leftStride=4+rightStride=4+padding=zero+alignment=8+block=4x4x4+panel=4+diagonal=0+rhs=0+batch=1+variant=current-tile-v1,panelDoubles=16,jvm-scalar/portable-layout-v1/4x4,jmh-average-time-v1,200000000,1,1,score-times-operations
4,pack-symmetric-left+4x4+uniform+physical=4x4+uplo=L+work=pack-symmetric-left-v1+leftLayout=depth-rows-v1+rightLayout=depth-columns-v1+leftGroup=4+rightGroup=4+leftStride=4+rightStride=4+padding=zero+alignment=8+block=4x4x4+panel=4+diagonal=0+rhs=0+batch=1+variant=current-tile-v1+timing=packing-only,jvm-scalar/scalar/scalar/packed-4x4,5,2,1,2,6043773,200091096,33.106983998240835,ns,ok,unsupported,packing-only,a038f25ac66821574b30392dc1d3b189cc287e2c,true,kotlin-2.4.10/jvm/Eclipse Adoptium/25.0.1/JMH 1.37/forks=1,1,3,200000000,pack-symmetric-left-v1+4x4+uniform+uplo=L,physical=4x4+leftLayout=depth-rows-v1+rightLayout=depth-columns-v1+leftGroup=4+rightGroup=4+leftStride=4+rightStride=4+padding=zero+alignment=8+block=4x4x4+panel=4+diagonal=0+rhs=0+batch=1+variant=current-tile-v1,panelDoubles=16,jvm-scalar/portable-layout-v1/4x4,jmh-average-time-v1,200000000,1,1,score-times-operations
4,pack-symmetric-left+4x4+uniform+physical=4x4+uplo=L+work=pack-symmetric-left-v1+leftLayout=depth-rows-v1+rightLayout=depth-columns-v1+leftGroup=4+rightGroup=4+leftStride=4+rightStride=4+padding=zero+alignment=8+block=4x4x4+panel=4+diagonal=0+rhs=0+batch=1+variant=current-tile-v1+timing=packing-only,jvm-scalar/scalar/scalar/packed-4x4,5,2,1,3,6062991,200092394,33.00225812639339,ns,ok,unsupported,packing-only,a038f25ac66821574b30392dc1d3b189cc287e2c,true,kotlin-2.4.10/jvm/Eclipse Adoptium/25.0.1/JMH 1.37/forks=1,1,3,200000000,pack-symmetric-left-v1+4x4+uniform+uplo=L,physical=4x4+leftLayout=depth-rows-v1+rightLayout=depth-columns-v1+leftGroup=4+rightGroup=4+leftStride=4+rightStride=4+padding=zero+alignment=8+block=4x4x4+panel=4+diagonal=0+rhs=0+batch=1+variant=current-tile-v1,panelDoubles=16,jvm-scalar/portable-layout-v1/4x4,jmh-average-time-v1,200000000,1,1,score-times-operations
4,pack-symmetric-left+4x4+uniform+physical=4x4+uplo=L+work=pack-symmetric-left-v1+leftLayout=depth-rows-v1+rightLayout=depth-columns-v1+leftGroup=4+rightGroup=4+leftStride=4+rightStride=4+padding=zero+alignment=8+block=4x4x4+panel=4+diagonal=0+rhs=0+batch=1+variant=current-tile-v1+timing=packing-only,jvm-scalar/scalar/scalar/packed-4x4,5,2,1,4,6073336,200100916,32.94744700441405,ns,ok,unsupported,packing-only,a038f25ac66821574b30392dc1d3b189cc287e2c,true,kotlin-2.4.10/jvm/Eclipse Adoptium/25.0.1/JMH 1.37/forks=1,1,3,200000000,pack-symmetric-left-v1+4x4+uniform+uplo=L,physical=4x4+leftLayout=depth-rows-v1+rightLayout=depth-columns-v1+leftGroup=4+rightGroup=4+leftStride=4+rightStride=4+padding=zero+alignment=8+block=4x4x4+panel=4+diagonal=0+rhs=0+batch=1+variant=current-tile-v1,panelDoubles=16,jvm-scalar/portable-layout-v1/4x4,jmh-average-time-v1,200000000,1,1,score-times-operations
4,pack-symmetric-left+4x4+uniform+physical=4x4+uplo=L+work=pack-symmetric-left-v1+leftLayout=depth-rows-v1+rightLayout=depth-columns-v1+leftGroup=4+rightGroup=4+leftStride=4+rightStride=4+padding=zero+alignment=8+block=4x4x4+panel=4+diagonal=0+rhs=0+batch=1+variant=current-tile-v1+timing=packing-only,jvm-scalar/scalar/scalar/packed-4x4,5,2,1,5,6094025,200090208,32.83383445259906,ns,ok,unsupported,packing-only,a038f25ac66821574b30392dc1d3b189cc287e2c,true,kotlin-2.4.10/jvm/Eclipse Adoptium/25.0.1/JMH 1.37/forks=1,1,3,200000000,pack-symmetric-left-v1+4x4+uniform+uplo=L,physical=4x4+leftLayout=depth-rows-v1+rightLayout=depth-columns-v1+leftGroup=4+rightGroup=4+leftStride=4+rightStride=4+padding=zero+alignment=8+block=4x4x4+panel=4+diagonal=0+rhs=0+batch=1+variant=current-tile-v1,panelDoubles=16,jvm-scalar/portable-layout-v1/4x4,jmh-average-time-v1,200000000,1,1,score-times-operations
4,pack-symmetric-right+4x4+uniform+physical=4x4+uplo=U+work=pack-symmetric-right-v1+leftLayout=depth-rows-v1+rightLayout=depth-columns-v1+leftGroup=4+rightGroup=4+leftStride=4+rightStride=4+padding=zero+alignment=8+block=4x4x4+panel=4+diagonal=0+rhs=0+batch=1+variant=current-tile-v1+timing=packing-only,jvm-scalar/scalar/scalar/packed-4x4,5,2,1,1,6297097,200204970,31.79321677909678,ns,ok,unsupported,packing-only,a038f25ac66821574b30392dc1d3b189cc287e2c,true,kotlin-2.4.10/jvm/Eclipse Adoptium/25.0.1/JMH 1.37/forks=1,1,3,200000000,pack-symmetric-right-v1+4x4+uniform+uplo=U,physical=4x4+leftLayout=depth-rows-v1+rightLayout=depth-columns-v1+leftGroup=4+rightGroup=4+leftStride=4+rightStride=4+padding=zero+alignment=8+block=4x4x4+panel=4+diagonal=0+rhs=0+batch=1+variant=current-tile-v1,panelDoubles=16,jvm-scalar/portable-layout-v1/4x4,jmh-average-time-v1,200000000,1,1,score-times-operations
4,pack-symmetric-right+4x4+uniform+physical=4x4+uplo=U+work=pack-symmetric-right-v1+leftLayout=depth-rows-v1+rightLayout=depth-columns-v1+leftGroup=4+rightGroup=4+leftStride=4+rightStride=4+padding=zero+alignment=8+block=4x4x4+panel=4+diagonal=0+rhs=0+batch=1+variant=current-tile-v1+timing=packing-only,jvm-scalar/scalar/scalar/packed-4x4,5,2,1,2,6342925,200149841,31.554817532920538,ns,ok,unsupported,packing-only,a038f25ac66821574b30392dc1d3b189cc287e2c,true,kotlin-2.4.10/jvm/Eclipse Adoptium/25.0.1/JMH 1.37/forks=1,1,3,200000000,pack-symmetric-right-v1+4x4+uniform+uplo=U,physical=4x4+leftLayout=depth-rows-v1+rightLayout=depth-columns-v1+leftGroup=4+rightGroup=4+leftStride=4+rightStride=4+padding=zero+alignment=8+block=4x4x4+panel=4+diagonal=0+rhs=0+batch=1+variant=current-tile-v1,panelDoubles=16,jvm-scalar/portable-layout-v1/4x4,jmh-average-time-v1,200000000,1,1,score-times-operations
4,pack-symmetric-right+4x4+uniform+physical=4x4+uplo=U+work=pack-symmetric-right-v1+leftLayout=depth-rows-v1+rightLayout=depth-columns-v1+leftGroup=4+rightGroup=4+leftStride=4+rightStride=4+padding=zero+alignment=8+block=4x4x4+panel=4+diagonal=0+rhs=0+batch=1+variant=current-tile-v1+timing=packing-only,jvm-scalar/scalar/scalar/packed-4x4,5,2,1,3,6332565,200219789,31.617486595084298,ns,ok,unsupported,packing-only,a038f25ac66821574b30392dc1d3b189cc287e2c,true,kotlin-2.4.10/jvm/Eclipse Adoptium/25.0.1/JMH 1.37/forks=1,1,3,200000000,pack-symmetric-right-v1+4x4+uniform+uplo=U,physical=4x4+leftLayout=depth-rows-v1+rightLayout=depth-columns-v1+leftGroup=4+rightGroup=4+leftStride=4+rightStride=4+padding=zero+alignment=8+block=4x4x4+panel=4+diagonal=0+rhs=0+batch=1+variant=current-tile-v1,panelDoubles=16,jvm-scalar/portable-layout-v1/4x4,jmh-average-time-v1,200000000,1,1,score-times-operations
4,pack-symmetric-right+4x4+uniform+physical=4x4+uplo=U+work=pack-symmetric-right-v1+leftLayout=depth-rows-v1+rightLayout=depth-columns-v1+leftGroup=4+rightGroup=4+leftStride=4+rightStride=4+padding=zero+alignment=8+block=4x4x4+panel=4+diagonal=0+rhs=0+batch=1+variant=current-tile-v1+timing=packing-only,jvm-scalar/scalar/scalar/packed-4x4,5,2,1,4,6351414,200166978,31.515340993359903,ns,ok,unsupported,packing-only,a038f25ac66821574b30392dc1d3b189cc287e2c,true,kotlin-2.4.10/jvm/Eclipse Adoptium/25.0.1/JMH 1.37/forks=1,1,3,200000000,pack-symmetric-right-v1+4x4+uniform+uplo=U,physical=4x4+leftLayout=depth-rows-v1+rightLayout=depth-columns-v1+leftGroup=4+rightGroup=4+leftStride=4+rightStride=4+padding=zero+alignment=8+block=4x4x4+panel=4+diagonal=0+rhs=0+batch=1+variant=current-tile-v1,panelDoubles=16,jvm-scalar/portable-layout-v1/4x4,jmh-average-time-v1,200000000,1,1,score-times-operations
4,pack-symmetric-right+4x4+uniform+physical=4x4+uplo=U+work=pack-symmetric-right-v1+leftLayout=depth-rows-v1+rightLayout=depth-columns-v1+leftGroup=4+rightGroup=4+leftStride=4+rightStride=4+padding=zero+alignment=8+block=4x4x4+panel=4+diagonal=0+rhs=0+batch=1+variant=current-tile-v1+timing=packing-only,jvm-scalar/scalar/scalar/packed-4x4,5,2,1,5,6331091,200214658,31.624037310473028,ns,ok,unsupported,packing-only,a038f25ac66821574b30392dc1d3b189cc287e2c,true,kotlin-2.4.10/jvm/Eclipse Adoptium/25.0.1/JMH 1.37/forks=1,1,3,200000000,pack-symmetric-right-v1+4x4+uniform+uplo=U,physical=4x4+leftLayout=depth-rows-v1+rightLayout=depth-columns-v1+leftGroup=4+rightGroup=4+leftStride=4+rightStride=4+padding=zero+alignment=8+block=4x4x4+panel=4+diagonal=0+rhs=0+batch=1+variant=current-tile-v1,panelDoubles=16,jvm-scalar/portable-layout-v1/4x4,jmh-average-time-v1,200000000,1,1,score-times-operations
4,pack-triangular-left+4x4+triangular+physical=4x4+uplo=L+diag=N+work=pack-triangular-left-v1+leftLayout=depth-rows-v1+rightLayout=depth-columns-v1+leftGroup=4+rightGroup=4+leftStride=4+rightStride=4+padding=zero+alignment=8+block=4x4x4+panel=4+diagonal=0+rhs=0+batch=1+variant=current-tile-v1+timing=packing-only,jvm-scalar/scalar/scalar/packed-4x4,5,2,1,1,6915013,200176005,28.948030177239,ns,ok,unsupported,packing-only,a038f25ac66821574b30392dc1d3b189cc287e2c,true,kotlin-2.4.10/jvm/Eclipse Adoptium/25.0.1/JMH 1.37/forks=1,1,3,200000000,pack-triangular-left-v1+4x4+triangular+uplo=L+diag=N,physical=4x4+leftLayout=depth-rows-v1+rightLayout=depth-columns-v1+leftGroup=4+rightGroup=4+leftStride=4+rightStride=4+padding=zero+alignment=8+block=4x4x4+panel=4+diagonal=0+rhs=0+batch=1+variant=current-tile-v1,panelDoubles=16,jvm-scalar/portable-layout-v1/4x4,jmh-average-time-v1,200000000,1,1,score-times-operations
4,pack-triangular-left+4x4+triangular+physical=4x4+uplo=L+diag=N+work=pack-triangular-left-v1+leftLayout=depth-rows-v1+rightLayout=depth-columns-v1+leftGroup=4+rightGroup=4+leftStride=4+rightStride=4+padding=zero+alignment=8+block=4x4x4+panel=4+diagonal=0+rhs=0+batch=1+variant=current-tile-v1+timing=packing-only,jvm-scalar/scalar/scalar/packed-4x4,5,2,1,2,6587133,200167502,30.387651501799038,ns,ok,unsupported,packing-only,a038f25ac66821574b30392dc1d3b189cc287e2c,true,kotlin-2.4.10/jvm/Eclipse Adoptium/25.0.1/JMH 1.37/forks=1,1,3,200000000,pack-triangular-left-v1+4x4+triangular+uplo=L+diag=N,physical=4x4+leftLayout=depth-rows-v1+rightLayout=depth-columns-v1+leftGroup=4+rightGroup=4+leftStride=4+rightStride=4+padding=zero+alignment=8+block=4x4x4+panel=4+diagonal=0+rhs=0+batch=1+variant=current-tile-v1,panelDoubles=16,jvm-scalar/portable-layout-v1/4x4,jmh-average-time-v1,200000000,1,1,score-times-operations
4,pack-triangular-left+4x4+triangular+physical=4x4+uplo=L+diag=N+work=pack-triangular-left-v1+leftLayout=depth-rows-v1+rightLayout=depth-columns-v1+leftGroup=4+rightGroup=4+leftStride=4+rightStride=4+padding=zero+alignment=8+block=4x4x4+panel=4+diagonal=0+rhs=0+batch=1+variant=current-tile-v1+timing=packing-only,jvm-scalar/scalar/scalar/packed-4x4,5,2,1,3,7089896,200176769,28.234091021927544,ns,ok,unsupported,packing-only,a038f25ac66821574b30392dc1d3b189cc287e2c,true,kotlin-2.4.10/jvm/Eclipse Adoptium/25.0.1/JMH 1.37/forks=1,1,3,200000000,pack-triangular-left-v1+4x4+triangular+uplo=L+diag=N,physical=4x4+leftLayout=depth-rows-v1+rightLayout=depth-columns-v1+leftGroup=4+rightGroup=4+leftStride=4+rightStride=4+padding=zero+alignment=8+block=4x4x4+panel=4+diagonal=0+rhs=0+batch=1+variant=current-tile-v1,panelDoubles=16,jvm-scalar/portable-layout-v1/4x4,jmh-average-time-v1,200000000,1,1,score-times-operations
4,pack-triangular-left+4x4+triangular+physical=4x4+uplo=L+diag=N+work=pack-triangular-left-v1+leftLayout=depth-rows-v1+rightLayout=depth-columns-v1+leftGroup=4+rightGroup=4+leftStride=4+rightStride=4+padding=zero+alignment=8+block=4x4x4+panel=4+diagonal=0+rhs=0+batch=1+variant=current-tile-v1+timing=packing-only,jvm-scalar/scalar/scalar/packed-4x4,5,2,1,4,6539293,200195379,30.614223739477648,ns,ok,unsupported,packing-only,a038f25ac66821574b30392dc1d3b189cc287e2c,true,kotlin-2.4.10/jvm/Eclipse Adoptium/25.0.1/JMH 1.37/forks=1,1,3,200000000,pack-triangular-left-v1+4x4+triangular+uplo=L+diag=N,physical=4x4+leftLayout=depth-rows-v1+rightLayout=depth-columns-v1+leftGroup=4+rightGroup=4+leftStride=4+rightStride=4+padding=zero+alignment=8+block=4x4x4+panel=4+diagonal=0+rhs=0+batch=1+variant=current-tile-v1,panelDoubles=16,jvm-scalar/portable-layout-v1/4x4,jmh-average-time-v1,200000000,1,1,score-times-operations
4,pack-triangular-left+4x4+triangular+physical=4x4+uplo=L+diag=N+work=pack-triangular-left-v1+leftLayout=depth-rows-v1+rightLayout=depth-columns-v1+leftGroup=4+rightGroup=4+leftStride=4+rightStride=4+padding=zero+alignment=8+block=4x4x4+panel=4+diagonal=0+rhs=0+batch=1+variant=current-tile-v1+timing=packing-only,jvm-scalar/scalar/scalar/packed-4x4,5,2,1,5,7074753,200267483,28.307346277672167,ns,ok,unsupported,packing-only,a038f25ac66821574b30392dc1d3b189cc287e2c,true,kotlin-2.4.10/jvm/Eclipse Adoptium/25.0.1/JMH 1.37/forks=1,1,3,200000000,pack-triangular-left-v1+4x4+triangular+uplo=L+diag=N,physical=4x4+leftLayout=depth-rows-v1+rightLayout=depth-columns-v1+leftGroup=4+rightGroup=4+leftStride=4+rightStride=4+padding=zero+alignment=8+block=4x4x4+panel=4+diagonal=0+rhs=0+batch=1+variant=current-tile-v1,panelDoubles=16,jvm-scalar/portable-layout-v1/4x4,jmh-average-time-v1,200000000,1,1,score-times-operations
4,pack-triangular-right+4x4+triangular+physical=4x4+uplo=U+diag=U+work=pack-triangular-right-v1+leftLayout=depth-rows-v1+rightLayout=depth-columns-v1+leftGroup=4+rightGroup=4+leftStride=4+rightStride=4+padding=zero+alignment=8+block=4x4x4+panel=4+diagonal=0+rhs=0+batch=1+variant=current-tile-v1+timing=packing-only,jvm-scalar/scalar/scalar/packed-4x4,5,2,1,1,5603934,200195767,35.72414789324785,ns,ok,unsupported,packing-only,a038f25ac66821574b30392dc1d3b189cc287e2c,true,kotlin-2.4.10/jvm/Eclipse Adoptium/25.0.1/JMH 1.37/forks=1,1,3,200000000,pack-triangular-right-v1+4x4+triangular+uplo=U+diag=U,physical=4x4+leftLayout=depth-rows-v1+rightLayout=depth-columns-v1+leftGroup=4+rightGroup=4+leftStride=4+rightStride=4+padding=zero+alignment=8+block=4x4x4+panel=4+diagonal=0+rhs=0+batch=1+variant=current-tile-v1,panelDoubles=16,jvm-scalar/portable-layout-v1/4x4,jmh-average-time-v1,200000000,1,1,score-times-operations
4,pack-triangular-right+4x4+triangular+physical=4x4+uplo=U+diag=U+work=pack-triangular-right-v1+leftLayout=depth-rows-v1+rightLayout=depth-columns-v1+leftGroup=4+rightGroup=4+leftStride=4+rightStride=4+padding=zero+alignment=8+block=4x4x4+panel=4+diagonal=0+rhs=0+batch=1+variant=current-tile-v1+timing=packing-only,jvm-scalar/scalar/scalar/packed-4x4,5,2,1,2,5543159,200167354,36.11070041469134,ns,ok,unsupported,packing-only,a038f25ac66821574b30392dc1d3b189cc287e2c,true,kotlin-2.4.10/jvm/Eclipse Adoptium/25.0.1/JMH 1.37/forks=1,1,3,200000000,pack-triangular-right-v1+4x4+triangular+uplo=U+diag=U,physical=4x4+leftLayout=depth-rows-v1+rightLayout=depth-columns-v1+leftGroup=4+rightGroup=4+leftStride=4+rightStride=4+padding=zero+alignment=8+block=4x4x4+panel=4+diagonal=0+rhs=0+batch=1+variant=current-tile-v1,panelDoubles=16,jvm-scalar/portable-layout-v1/4x4,jmh-average-time-v1,200000000,1,1,score-times-operations
4,pack-triangular-right+4x4+triangular+physical=4x4+uplo=U+diag=U+work=pack-triangular-right-v1+leftLayout=depth-rows-v1+rightLayout=depth-columns-v1+leftGroup=4+rightGroup=4+leftStride=4+rightStride=4+padding=zero+alignment=8+block=4x4x4+panel=4+diagonal=0+rhs=0+batch=1+variant=current-tile-v1+timing=packing-only,jvm-scalar/scalar/scalar/packed-4x4,5,2,1,3,5606581,200089762,35.68837442997791,ns,ok,unsupported,packing-only,a038f25ac66821574b30392dc1d3b189cc287e2c,true,kotlin-2.4.10/jvm/Eclipse Adoptium/25.0.1/JMH 1.37/forks=1,1,3,200000000,pack-triangular-right-v1+4x4+triangular+uplo=U+diag=U,physical=4x4+leftLayout=depth-rows-v1+rightLayout=depth-columns-v1+leftGroup=4+rightGroup=4+leftStride=4+rightStride=4+padding=zero+alignment=8+block=4x4x4+panel=4+diagonal=0+rhs=0+batch=1+variant=current-tile-v1,panelDoubles=16,jvm-scalar/portable-layout-v1/4x4,jmh-average-time-v1,200000000,1,1,score-times-operations
4,pack-triangular-right+4x4+triangular+physical=4x4+uplo=U+diag=U+work=pack-triangular-right-v1+leftLayout=depth-rows-v1+rightLayout=depth-columns-v1+leftGroup=4+rightGroup=4+leftStride=4+rightStride=4+padding=zero+alignment=8+block=4x4x4+panel=4+diagonal=0+rhs=0+batch=1+variant=current-tile-v1+timing=packing-only,jvm-scalar/scalar/scalar/packed-4x4,5,2,1,4,5645038,200085965,35.44457362377366,ns,ok,unsupported,packing-only,a038f25ac66821574b30392dc1d3b189cc287e2c,true,kotlin-2.4.10/jvm/Eclipse Adoptium/25.0.1/JMH 1.37/forks=1,1,3,200000000,pack-triangular-right-v1+4x4+triangular+uplo=U+diag=U,physical=4x4+leftLayout=depth-rows-v1+rightLayout=depth-columns-v1+leftGroup=4+rightGroup=4+leftStride=4+rightStride=4+padding=zero+alignment=8+block=4x4x4+panel=4+diagonal=0+rhs=0+batch=1+variant=current-tile-v1,panelDoubles=16,jvm-scalar/portable-layout-v1/4x4,jmh-average-time-v1,200000000,1,1,score-times-operations
4,pack-triangular-right+4x4+triangular+physical=4x4+uplo=U+diag=U+work=pack-triangular-right-v1+leftLayout=depth-rows-v1+rightLayout=depth-columns-v1+leftGroup=4+rightGroup=4+leftStride=4+rightStride=4+padding=zero+alignment=8+block=4x4x4+panel=4+diagonal=0+rhs=0+batch=1+variant=current-tile-v1+timing=packing-only,jvm-scalar/scalar/scalar/packed-4x4,5,2,1,5,5546782,200089576,36.073091749414345,ns,ok,unsupported,packing-only,a038f25ac66821574b30392dc1d3b189cc287e2c,true,kotlin-2.4.10/jvm/Eclipse Adoptium/25.0.1/JMH 1.37/forks=1,1,3,200000000,pack-triangular-right-v1+4x4+triangular+uplo=U+diag=U,physical=4x4+leftLayout=depth-rows-v1+rightLayout=depth-columns-v1+leftGroup=4+rightGroup=4+leftStride=4+rightStride=4+padding=zero+alignment=8+block=4x4x4+panel=4+diagonal=0+rhs=0+batch=1+variant=current-tile-v1,panelDoubles=16,jvm-scalar/portable-layout-v1/4x4,jmh-average-time-v1,200000000,1,1,score-times-operations
4,write-left+3x31+uniform+physical=4x4+work=write-left-v1+leftLayout=depth-rows-v1+rightLayout=depth-columns-v1+leftGroup=4+rightGroup=4+leftStride=4+rightStride=4+padding=zero+alignment=8+block=3x31x31+panel=31+diagonal=0+rhs=0+batch=1+variant=current-tile-v1+timing=layout-only,jvm-scalar/scalar/scalar/packed-4x4,5,2,1,1,3038785,200153958,65.86644267363437,ns,ok,unsupported,layout-only,a038f25ac66821574b30392dc1d3b189cc287e2c,true,kotlin-2.4.10/jvm/Eclipse Adoptium/25.0.1/JMH 1.37/forks=1,1,3,200000000,write-left-v1+3x31+uniform,physical=4x4+leftLayout=depth-rows-v1+rightLayout=depth-columns-v1+leftGroup=4+rightGroup=4+leftStride=4+rightStride=4+padding=zero+alignment=8+block=3x31x31+panel=31+diagonal=0+rhs=0+batch=1+variant=current-tile-v1,panelDoubles=124,jvm-scalar/portable-layout-v1/4x4,jmh-average-time-v1,200000000,1,1,score-times-operations
4,write-left+3x31+uniform+physical=4x4+work=write-left-v1+leftLayout=depth-rows-v1+rightLayout=depth-columns-v1+leftGroup=4+rightGroup=4+leftStride=4+rightStride=4+padding=zero+alignment=8+block=3x31x31+panel=31+diagonal=0+rhs=0+batch=1+variant=current-tile-v1+timing=layout-only,jvm-scalar/scalar/scalar/packed-4x4,5,2,1,2,3063739,200111435,65.31608436619437,ns,ok,unsupported,layout-only,a038f25ac66821574b30392dc1d3b189cc287e2c,true,kotlin-2.4.10/jvm/Eclipse Adoptium/25.0.1/JMH 1.37/forks=1,1,3,200000000,write-left-v1+3x31+uniform,physical=4x4+leftLayout=depth-rows-v1+rightLayout=depth-columns-v1+leftGroup=4+rightGroup=4+leftStride=4+rightStride=4+padding=zero+alignment=8+block=3x31x31+panel=31+diagonal=0+rhs=0+batch=1+variant=current-tile-v1,panelDoubles=124,jvm-scalar/portable-layout-v1/4x4,jmh-average-time-v1,200000000,1,1,score-times-operations
4,write-left+3x31+uniform+physical=4x4+work=write-left-v1+leftLayout=depth-rows-v1+rightLayout=depth-columns-v1+leftGroup=4+rightGroup=4+leftStride=4+rightStride=4+padding=zero+alignment=8+block=3x31x31+panel=31+diagonal=0+rhs=0+batch=1+variant=current-tile-v1+timing=layout-only,jvm-scalar/scalar/scalar/packed-4x4,5,2,1,3,3070537,200217351,65.20597244065127,ns,ok,unsupported,layout-only,a038f25ac66821574b30392dc1d3b189cc287e2c,true,kotlin-2.4.10/jvm/Eclipse Adoptium/25.0.1/JMH 1.37/forks=1,1,3,200000000,write-left-v1+3x31+uniform,physical=4x4+leftLayout=depth-rows-v1+rightLayout=depth-columns-v1+leftGroup=4+rightGroup=4+leftStride=4+rightStride=4+padding=zero+alignment=8+block=3x31x31+panel=31+diagonal=0+rhs=0+batch=1+variant=current-tile-v1,panelDoubles=124,jvm-scalar/portable-layout-v1/4x4,jmh-average-time-v1,200000000,1,1,score-times-operations
4,write-left+3x31+uniform+physical=4x4+work=write-left-v1+leftLayout=depth-rows-v1+rightLayout=depth-columns-v1+leftGroup=4+rightGroup=4+leftStride=4+rightStride=4+padding=zero+alignment=8+block=3x31x31+panel=31+diagonal=0+rhs=0+batch=1+variant=current-tile-v1+timing=layout-only,jvm-scalar/scalar/scalar/packed-4x4,5,2,1,4,3056334,200127330,65.47953528639214,ns,ok,unsupported,layout-only,a038f25ac66821574b30392dc1d3b189cc287e2c,true,kotlin-2.4.10/jvm/Eclipse Adoptium/25.0.1/JMH 1.37/forks=1,1,3,200000000,write-left-v1+3x31+uniform,physical=4x4+leftLayout=depth-rows-v1+rightLayout=depth-columns-v1+leftGroup=4+rightGroup=4+leftStride=4+rightStride=4+padding=zero+alignment=8+block=3x31x31+panel=31+diagonal=0+rhs=0+batch=1+variant=current-tile-v1,panelDoubles=124,jvm-scalar/portable-layout-v1/4x4,jmh-average-time-v1,200000000,1,1,score-times-operations
4,write-left+3x31+uniform+physical=4x4+work=write-left-v1+leftLayout=depth-rows-v1+rightLayout=depth-columns-v1+leftGroup=4+rightGroup=4+leftStride=4+rightStride=4+padding=zero+alignment=8+block=3x31x31+panel=31+diagonal=0+rhs=0+batch=1+variant=current-tile-v1+timing=layout-only,jvm-scalar/scalar/scalar/packed-4x4,5,2,1,5,3019724,200198414,66.29692448713855,ns,ok,unsupported,layout-only,a038f25ac66821574b30392dc1d3b189cc287e2c,true,kotlin-2.4.10/jvm/Eclipse Adoptium/25.0.1/JMH 1.37/forks=1,1,3,200000000,write-left-v1+3x31+uniform,physical=4x4+leftLayout=depth-rows-v1+rightLayout=depth-columns-v1+leftGroup=4+rightGroup=4+leftStride=4+rightStride=4+padding=zero+alignment=8+block=3x31x31+panel=31+diagonal=0+rhs=0+batch=1+variant=current-tile-v1,panelDoubles=124,jvm-scalar/portable-layout-v1/4x4,jmh-average-time-v1,200000000,1,1,score-times-operations
4,write-left+4x32+uniform+physical=4x4+work=write-left-v1+leftLayout=depth-rows-v1+rightLayout=depth-columns-v1+leftGroup=4+rightGroup=4+leftStride=4+rightStride=4+padding=zero+alignment=8+block=4x32x32+panel=32+diagonal=0+rhs=0+batch=1+variant=current-tile-v1+timing=layout-only,jvm-scalar/scalar/scalar/packed-4x4,5,2,1,1,2573667,200153204,77.76965862327954,ns,ok,unsupported,layout-only,a038f25ac66821574b30392dc1d3b189cc287e2c,true,kotlin-2.4.10/jvm/Eclipse Adoptium/25.0.1/JMH 1.37/forks=1,1,3,200000000,write-left-v1+4x32+uniform,physical=4x4+leftLayout=depth-rows-v1+rightLayout=depth-columns-v1+leftGroup=4+rightGroup=4+leftStride=4+rightStride=4+padding=zero+alignment=8+block=4x32x32+panel=32+diagonal=0+rhs=0+batch=1+variant=current-tile-v1,panelDoubles=128,jvm-scalar/portable-layout-v1/4x4,jmh-average-time-v1,200000000,1,1,score-times-operations
4,write-left+4x32+uniform+physical=4x4+work=write-left-v1+leftLayout=depth-rows-v1+rightLayout=depth-columns-v1+leftGroup=4+rightGroup=4+leftStride=4+rightStride=4+padding=zero+alignment=8+block=4x32x32+panel=32+diagonal=0+rhs=0+batch=1+variant=current-tile-v1+timing=layout-only,jvm-scalar/scalar/scalar/packed-4x4,5,2,1,2,2575845,200149907,77.70262069340352,ns,ok,unsupported,layout-only,a038f25ac66821574b30392dc1d3b189cc287e2c,true,kotlin-2.4.10/jvm/Eclipse Adoptium/25.0.1/JMH 1.37/forks=1,1,3,200000000,write-left-v1+4x32+uniform,physical=4x4+leftLayout=depth-rows-v1+rightLayout=depth-columns-v1+leftGroup=4+rightGroup=4+leftStride=4+rightStride=4+padding=zero+alignment=8+block=4x32x32+panel=32+diagonal=0+rhs=0+batch=1+variant=current-tile-v1,panelDoubles=128,jvm-scalar/portable-layout-v1/4x4,jmh-average-time-v1,200000000,1,1,score-times-operations
4,write-left+4x32+uniform+physical=4x4+work=write-left-v1+leftLayout=depth-rows-v1+rightLayout=depth-columns-v1+leftGroup=4+rightGroup=4+leftStride=4+rightStride=4+padding=zero+alignment=8+block=4x32x32+panel=32+diagonal=0+rhs=0+batch=1+variant=current-tile-v1+timing=layout-only,jvm-scalar/scalar/scalar/packed-4x4,5,2,1,3,2582151,200186970,77.5272127772543,ns,ok,unsupported,layout-only,a038f25ac66821574b30392dc1d3b189cc287e2c,true,kotlin-2.4.10/jvm/Eclipse Adoptium/25.0.1/JMH 1.37/forks=1,1,3,200000000,write-left-v1+4x32+uniform,physical=4x4+leftLayout=depth-rows-v1+rightLayout=depth-columns-v1+leftGroup=4+rightGroup=4+leftStride=4+rightStride=4+padding=zero+alignment=8+block=4x32x32+panel=32+diagonal=0+rhs=0+batch=1+variant=current-tile-v1,panelDoubles=128,jvm-scalar/portable-layout-v1/4x4,jmh-average-time-v1,200000000,1,1,score-times-operations
4,write-left+4x32+uniform+physical=4x4+work=write-left-v1+leftLayout=depth-rows-v1+rightLayout=depth-columns-v1+leftGroup=4+rightGroup=4+leftStride=4+rightStride=4+padding=zero+alignment=8+block=4x32x32+panel=32+diagonal=0+rhs=0+batch=1+variant=current-tile-v1+timing=layout-only,jvm-scalar/scalar/scalar/packed-4x4,5,2,1,4,2523819,200294259,79.36157822728175,ns,ok,unsupported,layout-only,a038f25ac66821574b30392dc1d3b189cc287e2c,true,kotlin-2.4.10/jvm/Eclipse Adoptium/25.0.1/JMH 1.37/forks=1,1,3,200000000,write-left-v1+4x32+uniform,physical=4x4+leftLayout=depth-rows-v1+rightLayout=depth-columns-v1+leftGroup=4+rightGroup=4+leftStride=4+rightStride=4+padding=zero+alignment=8+block=4x32x32+panel=32+diagonal=0+rhs=0+batch=1+variant=current-tile-v1,panelDoubles=128,jvm-scalar/portable-layout-v1/4x4,jmh-average-time-v1,200000000,1,1,score-times-operations
4,write-left+4x32+uniform+physical=4x4+work=write-left-v1+leftLayout=depth-rows-v1+rightLayout=depth-columns-v1+leftGroup=4+rightGroup=4+leftStride=4+rightStride=4+padding=zero+alignment=8+block=4x32x32+panel=32+diagonal=0+rhs=0+batch=1+variant=current-tile-v1+timing=layout-only,jvm-scalar/scalar/scalar/packed-4x4,5,2,1,5,2561095,200171160,78.15842832850792,ns,ok,unsupported,layout-only,a038f25ac66821574b30392dc1d3b189cc287e2c,true,kotlin-2.4.10/jvm/Eclipse Adoptium/25.0.1/JMH 1.37/forks=1,1,3,200000000,write-left-v1+4x32+uniform,physical=4x4+leftLayout=depth-rows-v1+rightLayout=depth-columns-v1+leftGroup=4+rightGroup=4+leftStride=4+rightStride=4+padding=zero+alignment=8+block=4x32x32+panel=32+diagonal=0+rhs=0+batch=1+variant=current-tile-v1,panelDoubles=128,jvm-scalar/portable-layout-v1/4x4,jmh-average-time-v1,200000000,1,1,score-times-operations
4,write-right+31x2+uniform+physical=4x4+work=write-right-v1+leftLayout=depth-rows-v1+rightLayout=depth-columns-v1+leftGroup=4+rightGroup=4+leftStride=4+rightStride=4+padding=zero+alignment=8+block=31x2x31+panel=31+diagonal=0+rhs=0+batch=1+variant=current-tile-v1+timing=layout-only,jvm-scalar/scalar/scalar/packed-4x4,5,2,1,1,2189207,200148032,91.4249004319829,ns,ok,unsupported,layout-only,a038f25ac66821574b30392dc1d3b189cc287e2c,true,kotlin-2.4.10/jvm/Eclipse Adoptium/25.0.1/JMH 1.37/forks=1,1,3,200000000,write-right-v1+31x2+uniform,physical=4x4+leftLayout=depth-rows-v1+rightLayout=depth-columns-v1+leftGroup=4+rightGroup=4+leftStride=4+rightStride=4+padding=zero+alignment=8+block=31x2x31+panel=31+diagonal=0+rhs=0+batch=1+variant=current-tile-v1,panelDoubles=124,jvm-scalar/portable-layout-v1/4x4,jmh-average-time-v1,200000000,1,1,score-times-operations
4,write-right+31x2+uniform+physical=4x4+work=write-right-v1+leftLayout=depth-rows-v1+rightLayout=depth-columns-v1+leftGroup=4+rightGroup=4+leftStride=4+rightStride=4+padding=zero+alignment=8+block=31x2x31+panel=31+diagonal=0+rhs=0+batch=1+variant=current-tile-v1+timing=layout-only,jvm-scalar/scalar/scalar/packed-4x4,5,2,1,2,2421395,200195094,82.67758626742022,ns,ok,unsupported,layout-only,a038f25ac66821574b30392dc1d3b189cc287e2c,true,kotlin-2.4.10/jvm/Eclipse Adoptium/25.0.1/JMH 1.37/forks=1,1,3,200000000,write-right-v1+31x2+uniform,physical=4x4+leftLayout=depth-rows-v1+rightLayout=depth-columns-v1+leftGroup=4+rightGroup=4+leftStride=4+rightStride=4+padding=zero+alignment=8+block=31x2x31+panel=31+diagonal=0+rhs=0+batch=1+variant=current-tile-v1,panelDoubles=124,jvm-scalar/portable-layout-v1/4x4,jmh-average-time-v1,200000000,1,1,score-times-operations
4,write-right+31x2+uniform+physical=4x4+work=write-right-v1+leftLayout=depth-rows-v1+rightLayout=depth-columns-v1+leftGroup=4+rightGroup=4+leftStride=4+rightStride=4+padding=zero+alignment=8+block=31x2x31+panel=31+diagonal=0+rhs=0+batch=1+variant=current-tile-v1+timing=layout-only,jvm-scalar/scalar/scalar/packed-4x4,5,2,1,3,2379416,200250655,84.1595815948115,ns,ok,unsupported,layout-only,a038f25ac66821574b30392dc1d3b189cc287e2c,true,kotlin-2.4.10/jvm/Eclipse Adoptium/25.0.1/JMH 1.37/forks=1,1,3,200000000,write-right-v1+31x2+uniform,physical=4x4+leftLayout=depth-rows-v1+rightLayout=depth-columns-v1+leftGroup=4+rightGroup=4+leftStride=4+rightStride=4+padding=zero+alignment=8+block=31x2x31+panel=31+diagonal=0+rhs=0+batch=1+variant=current-tile-v1,panelDoubles=124,jvm-scalar/portable-layout-v1/4x4,jmh-average-time-v1,200000000,1,1,score-times-operations
4,write-right+31x2+uniform+physical=4x4+work=write-right-v1+leftLayout=depth-rows-v1+rightLayout=depth-columns-v1+leftGroup=4+rightGroup=4+leftStride=4+rightStride=4+padding=zero+alignment=8+block=31x2x31+panel=31+diagonal=0+rhs=0+batch=1+variant=current-tile-v1+timing=layout-only,jvm-scalar/scalar/scalar/packed-4x4,5,2,1,4,2377632,200092439,84.1561852296739,ns,ok,unsupported,layout-only,a038f25ac66821574b30392dc1d3b189cc287e2c,true,kotlin-2.4.10/jvm/Eclipse Adoptium/25.0.1/JMH 1.37/forks=1,1,3,200000000,write-right-v1+31x2+uniform,physical=4x4+leftLayout=depth-rows-v1+rightLayout=depth-columns-v1+leftGroup=4+rightGroup=4+leftStride=4+rightStride=4+padding=zero+alignment=8+block=31x2x31+panel=31+diagonal=0+rhs=0+batch=1+variant=current-tile-v1,panelDoubles=124,jvm-scalar/portable-layout-v1/4x4,jmh-average-time-v1,200000000,1,1,score-times-operations
4,write-right+31x2+uniform+physical=4x4+work=write-right-v1+leftLayout=depth-rows-v1+rightLayout=depth-columns-v1+leftGroup=4+rightGroup=4+leftStride=4+rightStride=4+padding=zero+alignment=8+block=31x2x31+panel=31+diagonal=0+rhs=0+batch=1+variant=current-tile-v1+timing=layout-only,jvm-scalar/scalar/scalar/packed-4x4,5,2,1,5,2370213,200104574,84.42472216632008,ns,ok,unsupported,layout-only,a038f25ac66821574b30392dc1d3b189cc287e2c,true,kotlin-2.4.10/jvm/Eclipse Adoptium/25.0.1/JMH 1.37/forks=1,1,3,200000000,write-right-v1+31x2+uniform,physical=4x4+leftLayout=depth-rows-v1+rightLayout=depth-columns-v1+leftGroup=4+rightGroup=4+leftStride=4+rightStride=4+padding=zero+alignment=8+block=31x2x31+panel=31+diagonal=0+rhs=0+batch=1+variant=current-tile-v1,panelDoubles=124,jvm-scalar/portable-layout-v1/4x4,jmh-average-time-v1,200000000,1,1,score-times-operations
4,write-right+32x4+uniform+physical=4x4+work=write-right-v1+leftLayout=depth-rows-v1+rightLayout=depth-columns-v1+leftGroup=4+rightGroup=4+leftStride=4+rightStride=4+padding=zero+alignment=8+block=32x4x32+panel=32+diagonal=0+rhs=0+batch=1+variant=current-tile-v1+timing=layout-only,jvm-scalar/scalar/scalar/packed-4x4,5,2,1,1,1657315,200182088,120.7869885929953,ns,ok,unsupported,layout-only,a038f25ac66821574b30392dc1d3b189cc287e2c,true,kotlin-2.4.10/jvm/Eclipse Adoptium/25.0.1/JMH 1.37/forks=1,1,3,200000000,write-right-v1+32x4+uniform,physical=4x4+leftLayout=depth-rows-v1+rightLayout=depth-columns-v1+leftGroup=4+rightGroup=4+leftStride=4+rightStride=4+padding=zero+alignment=8+block=32x4x32+panel=32+diagonal=0+rhs=0+batch=1+variant=current-tile-v1,panelDoubles=128,jvm-scalar/portable-layout-v1/4x4,jmh-average-time-v1,200000000,1,1,score-times-operations
4,write-right+32x4+uniform+physical=4x4+work=write-right-v1+leftLayout=depth-rows-v1+rightLayout=depth-columns-v1+leftGroup=4+rightGroup=4+leftStride=4+rightStride=4+padding=zero+alignment=8+block=32x4x32+panel=32+diagonal=0+rhs=0+batch=1+variant=current-tile-v1+timing=layout-only,jvm-scalar/scalar/scalar/packed-4x4,5,2,1,2,1665933,200147121,120.1411587380765,ns,ok,unsupported,layout-only,a038f25ac66821574b30392dc1d3b189cc287e2c,true,kotlin-2.4.10/jvm/Eclipse Adoptium/25.0.1/JMH 1.37/forks=1,1,3,200000000,write-right-v1+32x4+uniform,physical=4x4+leftLayout=depth-rows-v1+rightLayout=depth-columns-v1+leftGroup=4+rightGroup=4+leftStride=4+rightStride=4+padding=zero+alignment=8+block=32x4x32+panel=32+diagonal=0+rhs=0+batch=1+variant=current-tile-v1,panelDoubles=128,jvm-scalar/portable-layout-v1/4x4,jmh-average-time-v1,200000000,1,1,score-times-operations
4,write-right+32x4+uniform+physical=4x4+work=write-right-v1+leftLayout=depth-rows-v1+rightLayout=depth-columns-v1+leftGroup=4+rightGroup=4+leftStride=4+rightStride=4+padding=zero+alignment=8+block=32x4x32+panel=32+diagonal=0+rhs=0+batch=1+variant=current-tile-v1+timing=layout-only,jvm-scalar/scalar/scalar/packed-4x4,5,2,1,3,1663081,200195180,120.37608510950459,ns,ok,unsupported,layout-only,a038f25ac66821574b30392dc1d3b189cc287e2c,true,kotlin-2.4.10/jvm/Eclipse Adoptium/25.0.1/JMH 1.37/forks=1,1,3,200000000,write-right-v1+32x4+uniform,physical=4x4+leftLayout=depth-rows-v1+rightLayout=depth-columns-v1+leftGroup=4+rightGroup=4+leftStride=4+rightStride=4+padding=zero+alignment=8+block=32x4x32+panel=32+diagonal=0+rhs=0+batch=1+variant=current-tile-v1,panelDoubles=128,jvm-scalar/portable-layout-v1/4x4,jmh-average-time-v1,200000000,1,1,score-times-operations
4,write-right+32x4+uniform+physical=4x4+work=write-right-v1+leftLayout=depth-rows-v1+rightLayout=depth-columns-v1+leftGroup=4+rightGroup=4+leftStride=4+rightStride=4+padding=zero+alignment=8+block=32x4x32+panel=32+diagonal=0+rhs=0+batch=1+variant=current-tile-v1+timing=layout-only,jvm-scalar/scalar/scalar/packed-4x4,5,2,1,4,1657383,200144304,120.75923549354616,ns,ok,unsupported,layout-only,a038f25ac66821574b30392dc1d3b189cc287e2c,true,kotlin-2.4.10/jvm/Eclipse Adoptium/25.0.1/JMH 1.37/forks=1,1,3,200000000,write-right-v1+32x4+uniform,physical=4x4+leftLayout=depth-rows-v1+rightLayout=depth-columns-v1+leftGroup=4+rightGroup=4+leftStride=4+rightStride=4+padding=zero+alignment=8+block=32x4x32+panel=32+diagonal=0+rhs=0+batch=1+variant=current-tile-v1,panelDoubles=128,jvm-scalar/portable-layout-v1/4x4,jmh-average-time-v1,200000000,1,1,score-times-operations
4,write-right+32x4+uniform+physical=4x4+work=write-right-v1+leftLayout=depth-rows-v1+rightLayout=depth-columns-v1+leftGroup=4+rightGroup=4+leftStride=4+rightStride=4+padding=zero+alignment=8+block=32x4x32+panel=32+diagonal=0+rhs=0+batch=1+variant=current-tile-v1+timing=layout-only,jvm-scalar/scalar/scalar/packed-4x4,5,2,1,5,1664950,200227496,120.26036577675005,ns,ok,unsupported,layout-only,a038f25ac66821574b30392dc1d3b189cc287e2c,true,kotlin-2.4.10/jvm/Eclipse Adoptium/25.0.1/JMH 1.37/forks=1,1,3,200000000,write-right-v1+32x4+uniform,physical=4x4+leftLayout=depth-rows-v1+rightLayout=depth-columns-v1+leftGroup=4+rightGroup=4+leftStride=4+rightStride=4+padding=zero+alignment=8+block=32x4x32+panel=32+diagonal=0+rhs=0+batch=1+variant=current-tile-v1,panelDoubles=128,jvm-scalar/portable-layout-v1/4x4,jmh-average-time-v1,200000000,1,1,score-times-operations
4,clear-left-padding+3x31+uniform+physical=4x4+work=clear-left-padding-v1+leftLayout=depth-rows-v1+rightLayout=depth-columns-v1+leftGroup=4+rightGroup=4+leftStride=4+rightStride=4+padding=zero+alignment=8+block=3x31x31+panel=31+diagonal=0+rhs=0+batch=1+variant=current-tile-v1+timing=layout-only,jvm-scalar/scalar/scalar/packed-4x4,5,2,1,1,2703893,200114834,74.00989388263515,ns,ok,unsupported,layout-only,a038f25ac66821574b30392dc1d3b189cc287e2c,true,kotlin-2.4.10/jvm/Eclipse Adoptium/25.0.1/JMH 1.37/forks=1,1,3,200000000,clear-left-padding-v1+3x31+uniform,physical=4x4+leftLayout=depth-rows-v1+rightLayout=depth-columns-v1+leftGroup=4+rightGroup=4+leftStride=4+rightStride=4+padding=zero+alignment=8+block=3x31x31+panel=31+diagonal=0+rhs=0+batch=1+variant=current-tile-v1,panelDoubles=124,jvm-scalar/portable-layout-v1/4x4,jmh-average-time-v1,200000000,1,1,score-times-operations
4,clear-left-padding+3x31+uniform+physical=4x4+work=clear-left-padding-v1+leftLayout=depth-rows-v1+rightLayout=depth-columns-v1+leftGroup=4+rightGroup=4+leftStride=4+rightStride=4+padding=zero+alignment=8+block=3x31x31+panel=31+diagonal=0+rhs=0+batch=1+variant=current-tile-v1+timing=layout-only,jvm-scalar/scalar/scalar/packed-4x4,5,2,1,2,2633254,200091985,75.98658731744071,ns,ok,unsupported,layout-only,a038f25ac66821574b30392dc1d3b189cc287e2c,true,kotlin-2.4.10/jvm/Eclipse Adoptium/25.0.1/JMH 1.37/forks=1,1,3,200000000,clear-left-padding-v1+3x31+uniform,physical=4x4+leftLayout=depth-rows-v1+rightLayout=depth-columns-v1+leftGroup=4+rightGroup=4+leftStride=4+rightStride=4+padding=zero+alignment=8+block=3x31x31+panel=31+diagonal=0+rhs=0+batch=1+variant=current-tile-v1,panelDoubles=124,jvm-scalar/portable-layout-v1/4x4,jmh-average-time-v1,200000000,1,1,score-times-operations
4,clear-left-padding+3x31+uniform+physical=4x4+work=clear-left-padding-v1+leftLayout=depth-rows-v1+rightLayout=depth-columns-v1+leftGroup=4+rightGroup=4+leftStride=4+rightStride=4+padding=zero+alignment=8+block=3x31x31+panel=31+diagonal=0+rhs=0+batch=1+variant=current-tile-v1+timing=layout-only,jvm-scalar/scalar/scalar/packed-4x4,5,2,1,3,2614936,200107851,76.5249516622969,ns,ok,unsupported,layout-only,a038f25ac66821574b30392dc1d3b189cc287e2c,true,kotlin-2.4.10/jvm/Eclipse Adoptium/25.0.1/JMH 1.37/forks=1,1,3,200000000,clear-left-padding-v1+3x31+uniform,physical=4x4+leftLayout=depth-rows-v1+rightLayout=depth-columns-v1+leftGroup=4+rightGroup=4+leftStride=4+rightStride=4+padding=zero+alignment=8+block=3x31x31+panel=31+diagonal=0+rhs=0+batch=1+variant=current-tile-v1,panelDoubles=124,jvm-scalar/portable-layout-v1/4x4,jmh-average-time-v1,200000000,1,1,score-times-operations
4,clear-left-padding+3x31+uniform+physical=4x4+work=clear-left-padding-v1+leftLayout=depth-rows-v1+rightLayout=depth-columns-v1+leftGroup=4+rightGroup=4+leftStride=4+rightStride=4+padding=zero+alignment=8+block=3x31x31+panel=31+diagonal=0+rhs=0+batch=1+variant=current-tile-v1+timing=layout-only,jvm-scalar/scalar/scalar/packed-4x4,5,2,1,4,2620432,200102316,76.36233872888134,ns,ok,unsupported,layout-only,a038f25ac66821574b30392dc1d3b189cc287e2c,true,kotlin-2.4.10/jvm/Eclipse Adoptium/25.0.1/JMH 1.37/forks=1,1,3,200000000,clear-left-padding-v1+3x31+uniform,physical=4x4+leftLayout=depth-rows-v1+rightLayout=depth-columns-v1+leftGroup=4+rightGroup=4+leftStride=4+rightStride=4+padding=zero+alignment=8+block=3x31x31+panel=31+diagonal=0+rhs=0+batch=1+variant=current-tile-v1,panelDoubles=124,jvm-scalar/portable-layout-v1/4x4,jmh-average-time-v1,200000000,1,1,score-times-operations
4,clear-left-padding+3x31+uniform+physical=4x4+work=clear-left-padding-v1+leftLayout=depth-rows-v1+rightLayout=depth-columns-v1+leftGroup=4+rightGroup=4+leftStride=4+rightStride=4+padding=zero+alignment=8+block=3x31x31+panel=31+diagonal=0+rhs=0+batch=1+variant=current-tile-v1+timing=layout-only,jvm-scalar/scalar/scalar/packed-4x4,5,2,1,5,2622280,200098642,76.30712280915844,ns,ok,unsupported,layout-only,a038f25ac66821574b30392dc1d3b189cc287e2c,true,kotlin-2.4.10/jvm/Eclipse Adoptium/25.0.1/JMH 1.37/forks=1,1,3,200000000,clear-left-padding-v1+3x31+uniform,physical=4x4+leftLayout=depth-rows-v1+rightLayout=depth-columns-v1+leftGroup=4+rightGroup=4+leftStride=4+rightStride=4+padding=zero+alignment=8+block=3x31x31+panel=31+diagonal=0+rhs=0+batch=1+variant=current-tile-v1,panelDoubles=124,jvm-scalar/portable-layout-v1/4x4,jmh-average-time-v1,200000000,1,1,score-times-operations
4,clear-left-padding+4x32+uniform+physical=4x4+work=clear-left-padding-v1+leftLayout=depth-rows-v1+rightLayout=depth-columns-v1+leftGroup=4+rightGroup=4+leftStride=4+rightStride=4+padding=zero+alignment=8+block=4x32x32+panel=32+diagonal=0+rhs=0+batch=1+variant=current-tile-v1+timing=layout-only,jvm-scalar/scalar/scalar/packed-4x4,5,2,1,1,28181884,200137745,7.1016453335767045,ns,ok,unsupported,layout-only,a038f25ac66821574b30392dc1d3b189cc287e2c,true,kotlin-2.4.10/jvm/Eclipse Adoptium/25.0.1/JMH 1.37/forks=1,1,3,200000000,clear-left-padding-v1+4x32+uniform,physical=4x4+leftLayout=depth-rows-v1+rightLayout=depth-columns-v1+leftGroup=4+rightGroup=4+leftStride=4+rightStride=4+padding=zero+alignment=8+block=4x32x32+panel=32+diagonal=0+rhs=0+batch=1+variant=current-tile-v1,panelDoubles=128,jvm-scalar/portable-layout-v1/4x4,jmh-average-time-v1,200000000,1,1,score-times-operations
4,clear-left-padding+4x32+uniform+physical=4x4+work=clear-left-padding-v1+leftLayout=depth-rows-v1+rightLayout=depth-columns-v1+leftGroup=4+rightGroup=4+leftStride=4+rightStride=4+padding=zero+alignment=8+block=4x32x32+panel=32+diagonal=0+rhs=0+batch=1+variant=current-tile-v1+timing=layout-only,jvm-scalar/scalar/scalar/packed-4x4,5,2,1,2,28182974,200182133,7.102945664996178,ns,ok,unsupported,layout-only,a038f25ac66821574b30392dc1d3b189cc287e2c,true,kotlin-2.4.10/jvm/Eclipse Adoptium/25.0.1/JMH 1.37/forks=1,1,3,200000000,clear-left-padding-v1+4x32+uniform,physical=4x4+leftLayout=depth-rows-v1+rightLayout=depth-columns-v1+leftGroup=4+rightGroup=4+leftStride=4+rightStride=4+padding=zero+alignment=8+block=4x32x32+panel=32+diagonal=0+rhs=0+batch=1+variant=current-tile-v1,panelDoubles=128,jvm-scalar/portable-layout-v1/4x4,jmh-average-time-v1,200000000,1,1,score-times-operations
4,clear-left-padding+4x32+uniform+physical=4x4+work=clear-left-padding-v1+leftLayout=depth-rows-v1+rightLayout=depth-columns-v1+leftGroup=4+rightGroup=4+leftStride=4+rightStride=4+padding=zero+alignment=8+block=4x32x32+panel=32+diagonal=0+rhs=0+batch=1+variant=current-tile-v1+timing=layout-only,jvm-scalar/scalar/scalar/packed-4x4,5,2,1,3,27954605,200201574,7.161667067018118,ns,ok,unsupported,layout-only,a038f25ac66821574b30392dc1d3b189cc287e2c,true,kotlin-2.4.10/jvm/Eclipse Adoptium/25.0.1/JMH 1.37/forks=1,1,3,200000000,clear-left-padding-v1+4x32+uniform,physical=4x4+leftLayout=depth-rows-v1+rightLayout=depth-columns-v1+leftGroup=4+rightGroup=4+leftStride=4+rightStride=4+padding=zero+alignment=8+block=4x32x32+panel=32+diagonal=0+rhs=0+batch=1+variant=current-tile-v1,panelDoubles=128,jvm-scalar/portable-layout-v1/4x4,jmh-average-time-v1,200000000,1,1,score-times-operations
4,clear-left-padding+4x32+uniform+physical=4x4+work=clear-left-padding-v1+leftLayout=depth-rows-v1+rightLayout=depth-columns-v1+leftGroup=4+rightGroup=4+leftStride=4+rightStride=4+padding=zero+alignment=8+block=4x32x32+panel=32+diagonal=0+rhs=0+batch=1+variant=current-tile-v1+timing=layout-only,jvm-scalar/scalar/scalar/packed-4x4,5,2,1,4,28168920,200165079,7.105884038152688,ns,ok,unsupported,layout-only,a038f25ac66821574b30392dc1d3b189cc287e2c,true,kotlin-2.4.10/jvm/Eclipse Adoptium/25.0.1/JMH 1.37/forks=1,1,3,200000000,clear-left-padding-v1+4x32+uniform,physical=4x4+leftLayout=depth-rows-v1+rightLayout=depth-columns-v1+leftGroup=4+rightGroup=4+leftStride=4+rightStride=4+padding=zero+alignment=8+block=4x32x32+panel=32+diagonal=0+rhs=0+batch=1+variant=current-tile-v1,panelDoubles=128,jvm-scalar/portable-layout-v1/4x4,jmh-average-time-v1,200000000,1,1,score-times-operations
4,clear-left-padding+4x32+uniform+physical=4x4+work=clear-left-padding-v1+leftLayout=depth-rows-v1+rightLayout=depth-columns-v1+leftGroup=4+rightGroup=4+leftStride=4+rightStride=4+padding=zero+alignment=8+block=4x32x32+panel=32+diagonal=0+rhs=0+batch=1+variant=current-tile-v1+timing=layout-only,jvm-scalar/scalar/scalar/packed-4x4,5,2,1,5,27975758,200235122,7.157451176121841,ns,ok,unsupported,layout-only,a038f25ac66821574b30392dc1d3b189cc287e2c,true,kotlin-2.4.10/jvm/Eclipse Adoptium/25.0.1/JMH 1.37/forks=1,1,3,200000000,clear-left-padding-v1+4x32+uniform,physical=4x4+leftLayout=depth-rows-v1+rightLayout=depth-columns-v1+leftGroup=4+rightGroup=4+leftStride=4+rightStride=4+padding=zero+alignment=8+block=4x32x32+panel=32+diagonal=0+rhs=0+batch=1+variant=current-tile-v1,panelDoubles=128,jvm-scalar/portable-layout-v1/4x4,jmh-average-time-v1,200000000,1,1,score-times-operations
4,clear-right-padding+31x2+uniform+physical=4x4+work=clear-right-padding-v1+leftLayout=depth-rows-v1+rightLayout=depth-columns-v1+leftGroup=4+rightGroup=4+leftStride=4+rightStride=4+padding=zero+alignment=8+block=31x2x31+panel=31+diagonal=0+rhs=0+batch=1+variant=current-tile-v1+timing=layout-only,jvm-scalar/scalar/scalar/packed-4x4,5,2,1,1,2532699,200183572,79.03962215802194,ns,ok,unsupported,layout-only,a038f25ac66821574b30392dc1d3b189cc287e2c,true,kotlin-2.4.10/jvm/Eclipse Adoptium/25.0.1/JMH 1.37/forks=1,1,3,200000000,clear-right-padding-v1+31x2+uniform,physical=4x4+leftLayout=depth-rows-v1+rightLayout=depth-columns-v1+leftGroup=4+rightGroup=4+leftStride=4+rightStride=4+padding=zero+alignment=8+block=31x2x31+panel=31+diagonal=0+rhs=0+batch=1+variant=current-tile-v1,panelDoubles=124,jvm-scalar/portable-layout-v1/4x4,jmh-average-time-v1,200000000,1,1,score-times-operations
4,clear-right-padding+31x2+uniform+physical=4x4+work=clear-right-padding-v1+leftLayout=depth-rows-v1+rightLayout=depth-columns-v1+leftGroup=4+rightGroup=4+leftStride=4+rightStride=4+padding=zero+alignment=8+block=31x2x31+panel=31+diagonal=0+rhs=0+batch=1+variant=current-tile-v1+timing=layout-only,jvm-scalar/scalar/scalar/packed-4x4,5,2,1,2,2524516,200229307,79.31393859258567,ns,ok,unsupported,layout-only,a038f25ac66821574b30392dc1d3b189cc287e2c,true,kotlin-2.4.10/jvm/Eclipse Adoptium/25.0.1/JMH 1.37/forks=1,1,3,200000000,clear-right-padding-v1+31x2+uniform,physical=4x4+leftLayout=depth-rows-v1+rightLayout=depth-columns-v1+leftGroup=4+rightGroup=4+leftStride=4+rightStride=4+padding=zero+alignment=8+block=31x2x31+panel=31+diagonal=0+rhs=0+batch=1+variant=current-tile-v1,panelDoubles=124,jvm-scalar/portable-layout-v1/4x4,jmh-average-time-v1,200000000,1,1,score-times-operations
4,clear-right-padding+31x2+uniform+physical=4x4+work=clear-right-padding-v1+leftLayout=depth-rows-v1+rightLayout=depth-columns-v1+leftGroup=4+rightGroup=4+leftStride=4+rightStride=4+padding=zero+alignment=8+block=31x2x31+panel=31+diagonal=0+rhs=0+batch=1+variant=current-tile-v1+timing=layout-only,jvm-scalar/scalar/scalar/packed-4x4,5,2,1,3,2505434,200203689,79.90778803193379,ns,ok,unsupported,layout-only,a038f25ac66821574b30392dc1d3b189cc287e2c,true,kotlin-2.4.10/jvm/Eclipse Adoptium/25.0.1/JMH 1.37/forks=1,1,3,200000000,clear-right-padding-v1+31x2+uniform,physical=4x4+leftLayout=depth-rows-v1+rightLayout=depth-columns-v1+leftGroup=4+rightGroup=4+leftStride=4+rightStride=4+padding=zero+alignment=8+block=31x2x31+panel=31+diagonal=0+rhs=0+batch=1+variant=current-tile-v1,panelDoubles=124,jvm-scalar/portable-layout-v1/4x4,jmh-average-time-v1,200000000,1,1,score-times-operations
4,clear-right-padding+31x2+uniform+physical=4x4+work=clear-right-padding-v1+leftLayout=depth-rows-v1+rightLayout=depth-columns-v1+leftGroup=4+rightGroup=4+leftStride=4+rightStride=4+padding=zero+alignment=8+block=31x2x31+panel=31+diagonal=0+rhs=0+batch=1+variant=current-tile-v1+timing=layout-only,jvm-scalar/scalar/scalar/packed-4x4,5,2,1,4,2508216,200187255,79.81260585212756,ns,ok,unsupported,layout-only,a038f25ac66821574b30392dc1d3b189cc287e2c,true,kotlin-2.4.10/jvm/Eclipse Adoptium/25.0.1/JMH 1.37/forks=1,1,3,200000000,clear-right-padding-v1+31x2+uniform,physical=4x4+leftLayout=depth-rows-v1+rightLayout=depth-columns-v1+leftGroup=4+rightGroup=4+leftStride=4+rightStride=4+padding=zero+alignment=8+block=31x2x31+panel=31+diagonal=0+rhs=0+batch=1+variant=current-tile-v1,panelDoubles=124,jvm-scalar/portable-layout-v1/4x4,jmh-average-time-v1,200000000,1,1,score-times-operations
4,clear-right-padding+31x2+uniform+physical=4x4+work=clear-right-padding-v1+leftLayout=depth-rows-v1+rightLayout=depth-columns-v1+leftGroup=4+rightGroup=4+leftStride=4+rightStride=4+padding=zero+alignment=8+block=31x2x31+panel=31+diagonal=0+rhs=0+batch=1+variant=current-tile-v1+timing=layout-only,jvm-scalar/scalar/scalar/packed-4x4,5,2,1,5,2583318,200250458,77.51676642209748,ns,ok,unsupported,layout-only,a038f25ac66821574b30392dc1d3b189cc287e2c,true,kotlin-2.4.10/jvm/Eclipse Adoptium/25.0.1/JMH 1.37/forks=1,1,3,200000000,clear-right-padding-v1+31x2+uniform,physical=4x4+leftLayout=depth-rows-v1+rightLayout=depth-columns-v1+leftGroup=4+rightGroup=4+leftStride=4+rightStride=4+padding=zero+alignment=8+block=31x2x31+panel=31+diagonal=0+rhs=0+batch=1+variant=current-tile-v1,panelDoubles=124,jvm-scalar/portable-layout-v1/4x4,jmh-average-time-v1,200000000,1,1,score-times-operations
4,clear-right-padding+32x4+uniform+physical=4x4+work=clear-right-padding-v1+leftLayout=depth-rows-v1+rightLayout=depth-columns-v1+leftGroup=4+rightGroup=4+leftStride=4+rightStride=4+padding=zero+alignment=8+block=32x4x32+panel=32+diagonal=0+rhs=0+batch=1+variant=current-tile-v1+timing=layout-only,jvm-scalar/scalar/scalar/packed-4x4,5,2,1,1,27244550,200175231,7.347349506598567,ns,ok,unsupported,layout-only,a038f25ac66821574b30392dc1d3b189cc287e2c,true,kotlin-2.4.10/jvm/Eclipse Adoptium/25.0.1/JMH 1.37/forks=1,1,3,200000000,clear-right-padding-v1+32x4+uniform,physical=4x4+leftLayout=depth-rows-v1+rightLayout=depth-columns-v1+leftGroup=4+rightGroup=4+leftStride=4+rightStride=4+padding=zero+alignment=8+block=32x4x32+panel=32+diagonal=0+rhs=0+batch=1+variant=current-tile-v1,panelDoubles=128,jvm-scalar/portable-layout-v1/4x4,jmh-average-time-v1,200000000,1,1,score-times-operations
4,clear-right-padding+32x4+uniform+physical=4x4+work=clear-right-padding-v1+leftLayout=depth-rows-v1+rightLayout=depth-columns-v1+leftGroup=4+rightGroup=4+leftStride=4+rightStride=4+padding=zero+alignment=8+block=32x4x32+panel=32+diagonal=0+rhs=0+batch=1+variant=current-tile-v1+timing=layout-only,jvm-scalar/scalar/scalar/packed-4x4,5,2,1,2,25188046,200132530,7.945536148377687,ns,ok,unsupported,layout-only,a038f25ac66821574b30392dc1d3b189cc287e2c,true,kotlin-2.4.10/jvm/Eclipse Adoptium/25.0.1/JMH 1.37/forks=1,1,3,200000000,clear-right-padding-v1+32x4+uniform,physical=4x4+leftLayout=depth-rows-v1+rightLayout=depth-columns-v1+leftGroup=4+rightGroup=4+leftStride=4+rightStride=4+padding=zero+alignment=8+block=32x4x32+panel=32+diagonal=0+rhs=0+batch=1+variant=current-tile-v1,panelDoubles=128,jvm-scalar/portable-layout-v1/4x4,jmh-average-time-v1,200000000,1,1,score-times-operations
4,clear-right-padding+32x4+uniform+physical=4x4+work=clear-right-padding-v1+leftLayout=depth-rows-v1+rightLayout=depth-columns-v1+leftGroup=4+rightGroup=4+leftStride=4+rightStride=4+padding=zero+alignment=8+block=32x4x32+panel=32+diagonal=0+rhs=0+batch=1+variant=current-tile-v1+timing=layout-only,jvm-scalar/scalar/scalar/packed-4x4,5,2,1,3,25344475,200155412,7.8973982297917,ns,ok,unsupported,layout-only,a038f25ac66821574b30392dc1d3b189cc287e2c,true,kotlin-2.4.10/jvm/Eclipse Adoptium/25.0.1/JMH 1.37/forks=1,1,3,200000000,clear-right-padding-v1+32x4+uniform,physical=4x4+leftLayout=depth-rows-v1+rightLayout=depth-columns-v1+leftGroup=4+rightGroup=4+leftStride=4+rightStride=4+padding=zero+alignment=8+block=32x4x32+panel=32+diagonal=0+rhs=0+batch=1+variant=current-tile-v1,panelDoubles=128,jvm-scalar/portable-layout-v1/4x4,jmh-average-time-v1,200000000,1,1,score-times-operations
4,clear-right-padding+32x4+uniform+physical=4x4+work=clear-right-padding-v1+leftLayout=depth-rows-v1+rightLayout=depth-columns-v1+leftGroup=4+rightGroup=4+leftStride=4+rightStride=4+padding=zero+alignment=8+block=32x4x32+panel=32+diagonal=0+rhs=0+batch=1+variant=current-tile-v1+timing=layout-only,jvm-scalar/scalar/scalar/packed-4x4,5,2,1,4,27347958,200155418,7.318843256962732,ns,ok,unsupported,layout-only,a038f25ac66821574b30392dc1d3b189cc287e2c,true,kotlin-2.4.10/jvm/Eclipse Adoptium/25.0.1/JMH 1.37/forks=1,1,3,200000000,clear-right-padding-v1+32x4+uniform,physical=4x4+leftLayout=depth-rows-v1+rightLayout=depth-columns-v1+leftGroup=4+rightGroup=4+leftStride=4+rightStride=4+padding=zero+alignment=8+block=32x4x32+panel=32+diagonal=0+rhs=0+batch=1+variant=current-tile-v1,panelDoubles=128,jvm-scalar/portable-layout-v1/4x4,jmh-average-time-v1,200000000,1,1,score-times-operations
4,clear-right-padding+32x4+uniform+physical=4x4+work=clear-right-padding-v1+leftLayout=depth-rows-v1+rightLayout=depth-columns-v1+leftGroup=4+rightGroup=4+leftStride=4+rightStride=4+padding=zero+alignment=8+block=32x4x32+panel=32+diagonal=0+rhs=0+batch=1+variant=current-tile-v1+timing=layout-only,jvm-scalar/scalar/scalar/packed-4x4,5,2,1,5,25179179,200190875,7.950651409245711,ns,ok,unsupported,layout-only,a038f25ac66821574b30392dc1d3b189cc287e2c,true,kotlin-2.4.10/jvm/Eclipse Adoptium/25.0.1/JMH 1.37/forks=1,1,3,200000000,clear-right-padding-v1+32x4+uniform,physical=4x4+leftLayout=depth-rows-v1+rightLayout=depth-columns-v1+leftGroup=4+rightGroup=4+leftStride=4+rightStride=4+padding=zero+alignment=8+block=32x4x32+panel=32+diagonal=0+rhs=0+batch=1+variant=current-tile-v1,panelDoubles=128,jvm-scalar/portable-layout-v1/4x4,jmh-average-time-v1,200000000,1,1,score-times-operations
4,pack-left+7x31+uniform+physical=8x4+work=pack-left-v1+leftLayout=depth-rows-v1+rightLayout=depth-columns-v1+leftGroup=8+rightGroup=4+leftStride=8+rightStride=4+padding=zero+alignment=8+block=7x31x31+panel=31+diagonal=0+rhs=0+batch=1+variant=current-tile-v1+timing=packing-only,jvm-scalar/scalar/scalar/packed-4x4,5,2,1,0,0,0,,ns,unsupported,unsupported,arithmetic,a038f25ac66821574b30392dc1d3b189cc287e2c,true,kotlin-2.4.10/jvm/Eclipse Adoptium/25.0.1,1,3,200000000,pack-left-v1+7x31+uniform,physical=8x4+leftLayout=depth-rows-v1+rightLayout=depth-columns-v1+leftGroup=8+rightGroup=4+leftStride=8+rightStride=4+padding=zero+alignment=8+block=7x31x31+panel=31+diagonal=0+rhs=0+batch=1+variant=current-tile-v1,panelDoubles=248,unavailable,jmh-average-time-v1,200000000,0,1,score-times-operations
4,pack-left+8x32+uniform+physical=8x4+work=pack-left-v1+leftLayout=depth-rows-v1+rightLayout=depth-columns-v1+leftGroup=8+rightGroup=4+leftStride=8+rightStride=4+padding=zero+alignment=8+block=8x32x32+panel=32+diagonal=0+rhs=0+batch=1+variant=current-tile-v1+timing=packing-only,jvm-scalar/scalar/scalar/packed-4x4,5,2,1,0,0,0,,ns,unsupported,unsupported,arithmetic,a038f25ac66821574b30392dc1d3b189cc287e2c,true,kotlin-2.4.10/jvm/Eclipse Adoptium/25.0.1,1,3,200000000,pack-left-v1+8x32+uniform,physical=8x4+leftLayout=depth-rows-v1+rightLayout=depth-columns-v1+leftGroup=8+rightGroup=4+leftStride=8+rightStride=4+padding=zero+alignment=8+block=8x32x32+panel=32+diagonal=0+rhs=0+batch=1+variant=current-tile-v1,panelDoubles=256,unavailable,jmh-average-time-v1,200000000,0,1,score-times-operations
4,pack-right+31x2+uniform+physical=8x4+work=pack-right-v1+leftLayout=depth-rows-v1+rightLayout=depth-columns-v1+leftGroup=8+rightGroup=4+leftStride=8+rightStride=4+padding=zero+alignment=8+block=31x2x31+panel=31+diagonal=0+rhs=0+batch=1+variant=current-tile-v1+timing=packing-only,jvm-scalar/scalar/scalar/packed-4x4,5,2,1,0,0,0,,ns,unsupported,unsupported,arithmetic,a038f25ac66821574b30392dc1d3b189cc287e2c,true,kotlin-2.4.10/jvm/Eclipse Adoptium/25.0.1,1,3,200000000,pack-right-v1+31x2+uniform,physical=8x4+leftLayout=depth-rows-v1+rightLayout=depth-columns-v1+leftGroup=8+rightGroup=4+leftStride=8+rightStride=4+padding=zero+alignment=8+block=31x2x31+panel=31+diagonal=0+rhs=0+batch=1+variant=current-tile-v1,panelDoubles=124,unavailable,jmh-average-time-v1,200000000,0,1,score-times-operations
4,pack-right+32x4+uniform+physical=8x4+work=pack-right-v1+leftLayout=depth-rows-v1+rightLayout=depth-columns-v1+leftGroup=8+rightGroup=4+leftStride=8+rightStride=4+padding=zero+alignment=8+block=32x4x32+panel=32+diagonal=0+rhs=0+batch=1+variant=current-tile-v1+timing=packing-only,jvm-scalar/scalar/scalar/packed-4x4,5,2,1,0,0,0,,ns,unsupported,unsupported,arithmetic,a038f25ac66821574b30392dc1d3b189cc287e2c,true,kotlin-2.4.10/jvm/Eclipse Adoptium/25.0.1,1,3,200000000,pack-right-v1+32x4+uniform,physical=8x4+leftLayout=depth-rows-v1+rightLayout=depth-columns-v1+leftGroup=8+rightGroup=4+leftStride=8+rightStride=4+padding=zero+alignment=8+block=32x4x32+panel=32+diagonal=0+rhs=0+batch=1+variant=current-tile-v1,panelDoubles=128,unavailable,jmh-average-time-v1,200000000,0,1,score-times-operations
4,pack-symmetric-left+8x8+uniform+physical=8x4+uplo=L+work=pack-symmetric-left-v1+leftLayout=depth-rows-v1+rightLayout=depth-columns-v1+leftGroup=8+rightGroup=4+leftStride=8+rightStride=4+padding=zero+alignment=8+block=8x8x8+panel=8+diagonal=0+rhs=0+batch=1+variant=current-tile-v1+timing=packing-only,jvm-scalar/scalar/scalar/packed-4x4,5,2,1,0,0,0,,ns,unsupported,unsupported,arithmetic,a038f25ac66821574b30392dc1d3b189cc287e2c,true,kotlin-2.4.10/jvm/Eclipse Adoptium/25.0.1,1,3,200000000,pack-symmetric-left-v1+8x8+uniform+uplo=L,physical=8x4+leftLayout=depth-rows-v1+rightLayout=depth-columns-v1+leftGroup=8+rightGroup=4+leftStride=8+rightStride=4+padding=zero+alignment=8+block=8x8x8+panel=8+diagonal=0+rhs=0+batch=1+variant=current-tile-v1,panelDoubles=64,unavailable,jmh-average-time-v1,200000000,0,1,score-times-operations
4,pack-symmetric-right+4x4+uniform+physical=8x4+uplo=U+work=pack-symmetric-right-v1+leftLayout=depth-rows-v1+rightLayout=depth-columns-v1+leftGroup=8+rightGroup=4+leftStride=8+rightStride=4+padding=zero+alignment=8+block=4x4x4+panel=4+diagonal=0+rhs=0+batch=1+variant=current-tile-v1+timing=packing-only,jvm-scalar/scalar/scalar/packed-4x4,5,2,1,0,0,0,,ns,unsupported,unsupported,arithmetic,a038f25ac66821574b30392dc1d3b189cc287e2c,true,kotlin-2.4.10/jvm/Eclipse Adoptium/25.0.1,1,3,200000000,pack-symmetric-right-v1+4x4+uniform+uplo=U,physical=8x4+leftLayout=depth-rows-v1+rightLayout=depth-columns-v1+leftGroup=8+rightGroup=4+leftStride=8+rightStride=4+padding=zero+alignment=8+block=4x4x4+panel=4+diagonal=0+rhs=0+batch=1+variant=current-tile-v1,panelDoubles=16,unavailable,jmh-average-time-v1,200000000,0,1,score-times-operations
4,pack-triangular-left+8x8+triangular+physical=8x4+uplo=L+diag=N+work=pack-triangular-left-v1+leftLayout=depth-rows-v1+rightLayout=depth-columns-v1+leftGroup=8+rightGroup=4+leftStride=8+rightStride=4+padding=zero+alignment=8+block=8x8x8+panel=8+diagonal=0+rhs=0+batch=1+variant=current-tile-v1+timing=packing-only,jvm-scalar/scalar/scalar/packed-4x4,5,2,1,0,0,0,,ns,unsupported,unsupported,arithmetic,a038f25ac66821574b30392dc1d3b189cc287e2c,true,kotlin-2.4.10/jvm/Eclipse Adoptium/25.0.1,1,3,200000000,pack-triangular-left-v1+8x8+triangular+uplo=L+diag=N,physical=8x4+leftLayout=depth-rows-v1+rightLayout=depth-columns-v1+leftGroup=8+rightGroup=4+leftStride=8+rightStride=4+padding=zero+alignment=8+block=8x8x8+panel=8+diagonal=0+rhs=0+batch=1+variant=current-tile-v1,panelDoubles=64,unavailable,jmh-average-time-v1,200000000,0,1,score-times-operations
4,pack-triangular-right+4x4+triangular+physical=8x4+uplo=U+diag=U+work=pack-triangular-right-v1+leftLayout=depth-rows-v1+rightLayout=depth-columns-v1+leftGroup=8+rightGroup=4+leftStride=8+rightStride=4+padding=zero+alignment=8+block=4x4x4+panel=4+diagonal=0+rhs=0+batch=1+variant=current-tile-v1+timing=packing-only,jvm-scalar/scalar/scalar/packed-4x4,5,2,1,0,0,0,,ns,unsupported,unsupported,arithmetic,a038f25ac66821574b30392dc1d3b189cc287e2c,true,kotlin-2.4.10/jvm/Eclipse Adoptium/25.0.1,1,3,200000000,pack-triangular-right-v1+4x4+triangular+uplo=U+diag=U,physical=8x4+leftLayout=depth-rows-v1+rightLayout=depth-columns-v1+leftGroup=8+rightGroup=4+leftStride=8+rightStride=4+padding=zero+alignment=8+block=4x4x4+panel=4+diagonal=0+rhs=0+batch=1+variant=current-tile-v1,panelDoubles=16,unavailable,jmh-average-time-v1,200000000,0,1,score-times-operations
4,write-left+7x31+uniform+physical=8x4+work=write-left-v1+leftLayout=depth-rows-v1+rightLayout=depth-columns-v1+leftGroup=8+rightGroup=4+leftStride=8+rightStride=4+padding=zero+alignment=8+block=7x31x31+panel=31+diagonal=0+rhs=0+batch=1+variant=current-tile-v1+timing=layout-only,jvm-scalar/scalar/scalar/packed-4x4,5,2,1,0,0,0,,ns,unsupported,unsupported,arithmetic,a038f25ac66821574b30392dc1d3b189cc287e2c,true,kotlin-2.4.10/jvm/Eclipse Adoptium/25.0.1,1,3,200000000,write-left-v1+7x31+uniform,physical=8x4+leftLayout=depth-rows-v1+rightLayout=depth-columns-v1+leftGroup=8+rightGroup=4+leftStride=8+rightStride=4+padding=zero+alignment=8+block=7x31x31+panel=31+diagonal=0+rhs=0+batch=1+variant=current-tile-v1,panelDoubles=248,unavailable,jmh-average-time-v1,200000000,0,1,score-times-operations
4,write-left+8x32+uniform+physical=8x4+work=write-left-v1+leftLayout=depth-rows-v1+rightLayout=depth-columns-v1+leftGroup=8+rightGroup=4+leftStride=8+rightStride=4+padding=zero+alignment=8+block=8x32x32+panel=32+diagonal=0+rhs=0+batch=1+variant=current-tile-v1+timing=layout-only,jvm-scalar/scalar/scalar/packed-4x4,5,2,1,0,0,0,,ns,unsupported,unsupported,arithmetic,a038f25ac66821574b30392dc1d3b189cc287e2c,true,kotlin-2.4.10/jvm/Eclipse Adoptium/25.0.1,1,3,200000000,write-left-v1+8x32+uniform,physical=8x4+leftLayout=depth-rows-v1+rightLayout=depth-columns-v1+leftGroup=8+rightGroup=4+leftStride=8+rightStride=4+padding=zero+alignment=8+block=8x32x32+panel=32+diagonal=0+rhs=0+batch=1+variant=current-tile-v1,panelDoubles=256,unavailable,jmh-average-time-v1,200000000,0,1,score-times-operations
4,write-right+31x2+uniform+physical=8x4+work=write-right-v1+leftLayout=depth-rows-v1+rightLayout=depth-columns-v1+leftGroup=8+rightGroup=4+leftStride=8+rightStride=4+padding=zero+alignment=8+block=31x2x31+panel=31+diagonal=0+rhs=0+batch=1+variant=current-tile-v1+timing=layout-only,jvm-scalar/scalar/scalar/packed-4x4,5,2,1,0,0,0,,ns,unsupported,unsupported,arithmetic,a038f25ac66821574b30392dc1d3b189cc287e2c,true,kotlin-2.4.10/jvm/Eclipse Adoptium/25.0.1,1,3,200000000,write-right-v1+31x2+uniform,physical=8x4+leftLayout=depth-rows-v1+rightLayout=depth-columns-v1+leftGroup=8+rightGroup=4+leftStride=8+rightStride=4+padding=zero+alignment=8+block=31x2x31+panel=31+diagonal=0+rhs=0+batch=1+variant=current-tile-v1,panelDoubles=124,unavailable,jmh-average-time-v1,200000000,0,1,score-times-operations
4,write-right+32x4+uniform+physical=8x4+work=write-right-v1+leftLayout=depth-rows-v1+rightLayout=depth-columns-v1+leftGroup=8+rightGroup=4+leftStride=8+rightStride=4+padding=zero+alignment=8+block=32x4x32+panel=32+diagonal=0+rhs=0+batch=1+variant=current-tile-v1+timing=layout-only,jvm-scalar/scalar/scalar/packed-4x4,5,2,1,0,0,0,,ns,unsupported,unsupported,arithmetic,a038f25ac66821574b30392dc1d3b189cc287e2c,true,kotlin-2.4.10/jvm/Eclipse Adoptium/25.0.1,1,3,200000000,write-right-v1+32x4+uniform,physical=8x4+leftLayout=depth-rows-v1+rightLayout=depth-columns-v1+leftGroup=8+rightGroup=4+leftStride=8+rightStride=4+padding=zero+alignment=8+block=32x4x32+panel=32+diagonal=0+rhs=0+batch=1+variant=current-tile-v1,panelDoubles=128,unavailable,jmh-average-time-v1,200000000,0,1,score-times-operations
4,clear-left-padding+7x31+uniform+physical=8x4+work=clear-left-padding-v1+leftLayout=depth-rows-v1+rightLayout=depth-columns-v1+leftGroup=8+rightGroup=4+leftStride=8+rightStride=4+padding=zero+alignment=8+block=7x31x31+panel=31+diagonal=0+rhs=0+batch=1+variant=current-tile-v1+timing=layout-only,jvm-scalar/scalar/scalar/packed-4x4,5,2,1,0,0,0,,ns,unsupported,unsupported,arithmetic,a038f25ac66821574b30392dc1d3b189cc287e2c,true,kotlin-2.4.10/jvm/Eclipse Adoptium/25.0.1,1,3,200000000,clear-left-padding-v1+7x31+uniform,physical=8x4+leftLayout=depth-rows-v1+rightLayout=depth-columns-v1+leftGroup=8+rightGroup=4+leftStride=8+rightStride=4+padding=zero+alignment=8+block=7x31x31+panel=31+diagonal=0+rhs=0+batch=1+variant=current-tile-v1,panelDoubles=248,unavailable,jmh-average-time-v1,200000000,0,1,score-times-operations
4,clear-left-padding+8x32+uniform+physical=8x4+work=clear-left-padding-v1+leftLayout=depth-rows-v1+rightLayout=depth-columns-v1+leftGroup=8+rightGroup=4+leftStride=8+rightStride=4+padding=zero+alignment=8+block=8x32x32+panel=32+diagonal=0+rhs=0+batch=1+variant=current-tile-v1+timing=layout-only,jvm-scalar/scalar/scalar/packed-4x4,5,2,1,0,0,0,,ns,unsupported,unsupported,arithmetic,a038f25ac66821574b30392dc1d3b189cc287e2c,true,kotlin-2.4.10/jvm/Eclipse Adoptium/25.0.1,1,3,200000000,clear-left-padding-v1+8x32+uniform,physical=8x4+leftLayout=depth-rows-v1+rightLayout=depth-columns-v1+leftGroup=8+rightGroup=4+leftStride=8+rightStride=4+padding=zero+alignment=8+block=8x32x32+panel=32+diagonal=0+rhs=0+batch=1+variant=current-tile-v1,panelDoubles=256,unavailable,jmh-average-time-v1,200000000,0,1,score-times-operations
4,clear-right-padding+31x2+uniform+physical=8x4+work=clear-right-padding-v1+leftLayout=depth-rows-v1+rightLayout=depth-columns-v1+leftGroup=8+rightGroup=4+leftStride=8+rightStride=4+padding=zero+alignment=8+block=31x2x31+panel=31+diagonal=0+rhs=0+batch=1+variant=current-tile-v1+timing=layout-only,jvm-scalar/scalar/scalar/packed-4x4,5,2,1,0,0,0,,ns,unsupported,unsupported,arithmetic,a038f25ac66821574b30392dc1d3b189cc287e2c,true,kotlin-2.4.10/jvm/Eclipse Adoptium/25.0.1,1,3,200000000,clear-right-padding-v1+31x2+uniform,physical=8x4+leftLayout=depth-rows-v1+rightLayout=depth-columns-v1+leftGroup=8+rightGroup=4+leftStride=8+rightStride=4+padding=zero+alignment=8+block=31x2x31+panel=31+diagonal=0+rhs=0+batch=1+variant=current-tile-v1,panelDoubles=124,unavailable,jmh-average-time-v1,200000000,0,1,score-times-operations
4,clear-right-padding+32x4+uniform+physical=8x4+work=clear-right-padding-v1+leftLayout=depth-rows-v1+rightLayout=depth-columns-v1+leftGroup=8+rightGroup=4+leftStride=8+rightStride=4+padding=zero+alignment=8+block=32x4x32+panel=32+diagonal=0+rhs=0+batch=1+variant=current-tile-v1+timing=layout-only,jvm-scalar/scalar/scalar/packed-4x4,5,2,1,0,0,0,,ns,unsupported,unsupported,arithmetic,a038f25ac66821574b30392dc1d3b189cc287e2c,true,kotlin-2.4.10/jvm/Eclipse Adoptium/25.0.1,1,3,200000000,clear-right-padding-v1+32x4+uniform,physical=8x4+leftLayout=depth-rows-v1+rightLayout=depth-columns-v1+leftGroup=8+rightGroup=4+leftStride=8+rightStride=4+padding=zero+alignment=8+block=32x4x32+panel=32+diagonal=0+rhs=0+batch=1+variant=current-tile-v1,panelDoubles=128,unavailable,jmh-average-time-v1,200000000,0,1,score-times-operations
4,spdot+4096+sparse-uniform+density=0.01,jvm-scalar/scalar/scalar/packed-4x4,5,2,1,1,10095850,200132743,19.823268273597566,ns,ok,direct,arithmetic,a038f25ac66821574b30392dc1d3b189cc287e2c,true,kotlin-2.4.10/jvm/Eclipse Adoptium/25.0.1/JMH 1.37/forks=1,1,3,200000000,spdot-v1+4096+sparse-uniform+density=0.01,policy-v1,policy,jvm-scalar/policy-v1,jmh-average-time-v1,200000000,1,1,score-times-operations
4,spdot+4096+sparse-uniform+density=0.01,jvm-scalar/scalar/scalar/packed-4x4,5,2,1,2,9981853,200142847,20.05067065203224,ns,ok,direct,arithmetic,a038f25ac66821574b30392dc1d3b189cc287e2c,true,kotlin-2.4.10/jvm/Eclipse Adoptium/25.0.1/JMH 1.37/forks=1,1,3,200000000,spdot-v1+4096+sparse-uniform+density=0.01,policy-v1,policy,jvm-scalar/policy-v1,jmh-average-time-v1,200000000,1,1,score-times-operations
4,spdot+4096+sparse-uniform+density=0.01,jvm-scalar/scalar/scalar/packed-4x4,5,2,1,3,9903657,200152709,20.209979909441532,ns,ok,direct,arithmetic,a038f25ac66821574b30392dc1d3b189cc287e2c,true,kotlin-2.4.10/jvm/Eclipse Adoptium/25.0.1/JMH 1.37/forks=1,1,3,200000000,spdot-v1+4096+sparse-uniform+density=0.01,policy-v1,policy,jvm-scalar/policy-v1,jmh-average-time-v1,200000000,1,1,score-times-operations
4,spdot+4096+sparse-uniform+density=0.01,jvm-scalar/scalar/scalar/packed-4x4,5,2,1,4,9844112,200195530,20.336575813034226,ns,ok,direct,arithmetic,a038f25ac66821574b30392dc1d3b189cc287e2c,true,kotlin-2.4.10/jvm/Eclipse Adoptium/25.0.1/JMH 1.37/forks=1,1,3,200000000,spdot-v1+4096+sparse-uniform+density=0.01,policy-v1,policy,jvm-scalar/policy-v1,jmh-average-time-v1,200000000,1,1,score-times-operations
4,spdot+4096+sparse-uniform+density=0.01,jvm-scalar/scalar/scalar/packed-4x4,5,2,1,5,9956155,200165303,20.10467926624284,ns,ok,direct,arithmetic,a038f25ac66821574b30392dc1d3b189cc287e2c,true,kotlin-2.4.10/jvm/Eclipse Adoptium/25.0.1/JMH 1.37/forks=1,1,3,200000000,spdot-v1+4096+sparse-uniform+density=0.01,policy-v1,policy,jvm-scalar/policy-v1,jmh-average-time-v1,200000000,1,1,score-times-operations
4,spdot-raw+64+sparse-uniform+density=0.125,jvm-scalar/scalar/scalar/packed-4x4,5,2,1,1,21245225,200102779,9.418717806001114,ns,ok,unsupported,arithmetic,a038f25ac66821574b30392dc1d3b189cc287e2c,true,kotlin-2.4.10/jvm/Eclipse Adoptium/25.0.1/JMH 1.37/forks=1,1,3,200000000,spdot-raw-v1+64+sparse-uniform+density=0.125,policy-v1,policy,jvm-scalar/policy-v1,jmh-average-time-v1,200000000,1,1,score-times-operations
4,spdot-raw+64+sparse-uniform+density=0.125,jvm-scalar/scalar/scalar/packed-4x4,5,2,1,2,21281907,200106263,9.40264718758521,ns,ok,unsupported,arithmetic,a038f25ac66821574b30392dc1d3b189cc287e2c,true,kotlin-2.4.10/jvm/Eclipse Adoptium/25.0.1/JMH 1.37/forks=1,1,3,200000000,spdot-raw-v1+64+sparse-uniform+density=0.125,policy-v1,policy,jvm-scalar/policy-v1,jmh-average-time-v1,200000000,1,1,score-times-operations
4,spdot-raw+64+sparse-uniform+density=0.125,jvm-scalar/scalar/scalar/packed-4x4,5,2,1,3,21349591,200241280,9.379162345545636,ns,ok,unsupported,arithmetic,a038f25ac66821574b30392dc1d3b189cc287e2c,true,kotlin-2.4.10/jvm/Eclipse Adoptium/25.0.1/JMH 1.37/forks=1,1,3,200000000,spdot-raw-v1+64+sparse-uniform+density=0.125,policy-v1,policy,jvm-scalar/policy-v1,jmh-average-time-v1,200000000,1,1,score-times-operations
4,spdot-raw+64+sparse-uniform+density=0.125,jvm-scalar/scalar/scalar/packed-4x4,5,2,1,4,21245341,200218139,9.424096275978814,ns,ok,unsupported,arithmetic,a038f25ac66821574b30392dc1d3b189cc287e2c,true,kotlin-2.4.10/jvm/Eclipse Adoptium/25.0.1/JMH 1.37/forks=1,1,3,200000000,spdot-raw-v1+64+sparse-uniform+density=0.125,policy-v1,policy,jvm-scalar/policy-v1,jmh-average-time-v1,200000000,1,1,score-times-operations
4,spdot-raw+64+sparse-uniform+density=0.125,jvm-scalar/scalar/scalar/packed-4x4,5,2,1,5,21054854,200125425,9.504954296999637,ns,ok,unsupported,arithmetic,a038f25ac66821574b30392dc1d3b189cc287e2c,true,kotlin-2.4.10/jvm/Eclipse Adoptium/25.0.1/JMH 1.37/forks=1,1,3,200000000,spdot-raw-v1+64+sparse-uniform+density=0.125,policy-v1,policy,jvm-scalar/policy-v1,jmh-average-time-v1,200000000,1,1,score-times-operations
4,spdot-raw+4096+sparse-uniform+density=0.0625,jvm-scalar/scalar/scalar/packed-4x4,5,2,1,1,1233682,200150649,162.238444753186,ns,ok,unsupported,arithmetic,a038f25ac66821574b30392dc1d3b189cc287e2c,true,kotlin-2.4.10/jvm/Eclipse Adoptium/25.0.1/JMH 1.37/forks=1,1,3,200000000,spdot-raw-v1+4096+sparse-uniform+density=0.0625,policy-v1,policy,jvm-scalar/policy-v1,jmh-average-time-v1,200000000,1,1,score-times-operations
4,spdot-raw+4096+sparse-uniform+density=0.0625,jvm-scalar/scalar/scalar/packed-4x4,5,2,1,2,1227570,200211154,163.0955090137426,ns,ok,unsupported,arithmetic,a038f25ac66821574b30392dc1d3b189cc287e2c,true,kotlin-2.4.10/jvm/Eclipse Adoptium/25.0.1/JMH 1.37/forks=1,1,3,200000000,spdot-raw-v1+4096+sparse-uniform+density=0.0625,policy-v1,policy,jvm-scalar/policy-v1,jmh-average-time-v1,200000000,1,1,score-times-operations
4,spdot-raw+4096+sparse-uniform+density=0.0625,jvm-scalar/scalar/scalar/packed-4x4,5,2,1,3,1228525,200162180,162.92886184652326,ns,ok,unsupported,arithmetic,a038f25ac66821574b30392dc1d3b189cc287e2c,true,kotlin-2.4.10/jvm/Eclipse Adoptium/25.0.1/JMH 1.37/forks=1,1,3,200000000,spdot-raw-v1+4096+sparse-uniform+density=0.0625,policy-v1,policy,jvm-scalar/policy-v1,jmh-average-time-v1,200000000,1,1,score-times-operations
4,spdot-raw+4096+sparse-uniform+density=0.0625,jvm-scalar/scalar/scalar/packed-4x4,5,2,1,4,1230989,200181090,162.6180981308525,ns,ok,unsupported,arithmetic,a038f25ac66821574b30392dc1d3b189cc287e2c,true,kotlin-2.4.10/jvm/Eclipse Adoptium/25.0.1/JMH 1.37/forks=1,1,3,200000000,spdot-raw-v1+4096+sparse-uniform+density=0.0625,policy-v1,policy,jvm-scalar/policy-v1,jmh-average-time-v1,200000000,1,1,score-times-operations
4,spdot-raw+4096+sparse-uniform+density=0.0625,jvm-scalar/scalar/scalar/packed-4x4,5,2,1,5,1236630,200167165,161.86504047289813,ns,ok,unsupported,arithmetic,a038f25ac66821574b30392dc1d3b189cc287e2c,true,kotlin-2.4.10/jvm/Eclipse Adoptium/25.0.1/JMH 1.37/forks=1,1,3,200000000,spdot-raw-v1+4096+sparse-uniform+density=0.0625,policy-v1,policy,jvm-scalar/policy-v1,jmh-average-time-v1,200000000,1,1,score-times-operations
4,spdot-raw+65536+sparse-uniform+density=0.015625,jvm-scalar/scalar/scalar/packed-4x4,5,2,1,1,259548,200175250,771.2455884845963,ns,ok,unsupported,arithmetic,a038f25ac66821574b30392dc1d3b189cc287e2c,true,kotlin-2.4.10/jvm/Eclipse Adoptium/25.0.1/JMH 1.37/forks=1,1,3,200000000,spdot-raw-v1+65536+sparse-uniform+density=0.015625,policy-v1,policy,jvm-scalar/policy-v1,jmh-average-time-v1,200000000,1,1,score-times-operations
4,spdot-raw+65536+sparse-uniform+density=0.015625,jvm-scalar/scalar/scalar/packed-4x4,5,2,1,2,262314,200184045,763.1466296118392,ns,ok,unsupported,arithmetic,a038f25ac66821574b30392dc1d3b189cc287e2c,true,kotlin-2.4.10/jvm/Eclipse Adoptium/25.0.1/JMH 1.37/forks=1,1,3,200000000,spdot-raw-v1+65536+sparse-uniform+density=0.015625,policy-v1,policy,jvm-scalar/policy-v1,jmh-average-time-v1,200000000,1,1,score-times-operations
4,spdot-raw+65536+sparse-uniform+density=0.015625,jvm-scalar/scalar/scalar/packed-4x4,5,2,1,3,257402,200141767,777.5455008119595,ns,ok,unsupported,arithmetic,a038f25ac66821574b30392dc1d3b189cc287e2c,true,kotlin-2.4.10/jvm/Eclipse Adoptium/25.0.1/JMH 1.37/forks=1,1,3,200000000,spdot-raw-v1+65536+sparse-uniform+density=0.015625,policy-v1,policy,jvm-scalar/policy-v1,jmh-average-time-v1,200000000,1,1,score-times-operations
4,spdot-raw+65536+sparse-uniform+density=0.015625,jvm-scalar/scalar/scalar/packed-4x4,5,2,1,4,257873,200206815,776.3775773345794,ns,ok,unsupported,arithmetic,a038f25ac66821574b30392dc1d3b189cc287e2c,true,kotlin-2.4.10/jvm/Eclipse Adoptium/25.0.1/JMH 1.37/forks=1,1,3,200000000,spdot-raw-v1+65536+sparse-uniform+density=0.015625,policy-v1,policy,jvm-scalar/policy-v1,jmh-average-time-v1,200000000,1,1,score-times-operations
4,spdot-raw+65536+sparse-uniform+density=0.015625,jvm-scalar/scalar/scalar/packed-4x4,5,2,1,5,256636,200181777,780.0221987562151,ns,ok,unsupported,arithmetic,a038f25ac66821574b30392dc1d3b189cc287e2c,true,kotlin-2.4.10/jvm/Eclipse Adoptium/25.0.1/JMH 1.37/forks=1,1,3,200000000,spdot-raw-v1+65536+sparse-uniform+density=0.015625,policy-v1,policy,jvm-scalar/policy-v1,jmh-average-time-v1,200000000,1,1,score-times-operations
4,spdot-raw+262144+sparse-uniform+density=0.03125,jvm-scalar/scalar/scalar/packed-4x4,5,2,1,1,32460,200206470,6167.790203327172,ns,ok,unsupported,arithmetic,a038f25ac66821574b30392dc1d3b189cc287e2c,true,kotlin-2.4.10/jvm/Eclipse Adoptium/25.0.1/JMH 1.37/forks=1,1,3,200000000,spdot-raw-v1+262144+sparse-uniform+density=0.03125,policy-v1,policy,jvm-scalar/policy-v1,jmh-average-time-v1,200000000,1,1,score-times-operations
4,spdot-raw+262144+sparse-uniform+density=0.03125,jvm-scalar/scalar/scalar/packed-4x4,5,2,1,2,28940,200174029,6916.863476157568,ns,ok,unsupported,arithmetic,a038f25ac66821574b30392dc1d3b189cc287e2c,true,kotlin-2.4.10/jvm/Eclipse Adoptium/25.0.1/JMH 1.37/forks=1,1,3,200000000,spdot-raw-v1+262144+sparse-uniform+density=0.03125,policy-v1,policy,jvm-scalar/policy-v1,jmh-average-time-v1,200000000,1,1,score-times-operations
4,spdot-raw+262144+sparse-uniform+density=0.03125,jvm-scalar/scalar/scalar/packed-4x4,5,2,1,3,28769,200197194,6958.781813757864,ns,ok,unsupported,arithmetic,a038f25ac66821574b30392dc1d3b189cc287e2c,true,kotlin-2.4.10/jvm/Eclipse Adoptium/25.0.1/JMH 1.37/forks=1,1,3,200000000,spdot-raw-v1+262144+sparse-uniform+density=0.03125,policy-v1,policy,jvm-scalar/policy-v1,jmh-average-time-v1,200000000,1,1,score-times-operations
4,spdot-raw+262144+sparse-uniform+density=0.03125,jvm-scalar/scalar/scalar/packed-4x4,5,2,1,4,29114,200199800,6876.409974582675,ns,ok,unsupported,arithmetic,a038f25ac66821574b30392dc1d3b189cc287e2c,true,kotlin-2.4.10/jvm/Eclipse Adoptium/25.0.1/JMH 1.37/forks=1,1,3,200000000,spdot-raw-v1+262144+sparse-uniform+density=0.03125,policy-v1,policy,jvm-scalar/policy-v1,jmh-average-time-v1,200000000,1,1,score-times-operations
4,spdot-raw+262144+sparse-uniform+density=0.03125,jvm-scalar/scalar/scalar/packed-4x4,5,2,1,5,28487,200214959,7028.292168357497,ns,ok,unsupported,arithmetic,a038f25ac66821574b30392dc1d3b189cc287e2c,true,kotlin-2.4.10/jvm/Eclipse Adoptium/25.0.1/JMH 1.37/forks=1,1,3,200000000,spdot-raw-v1+262144+sparse-uniform+density=0.03125,policy-v1,policy,jvm-scalar/policy-v1,jmh-average-time-v1,200000000,1,1,score-times-operations
4,spdot-sparse+4096+sparse-uniform+density=0.01,jvm-scalar/scalar/scalar/packed-4x4,5,2,1,1,3385459,200163085,59.12435654958456,ns,ok,unsupported,arithmetic,a038f25ac66821574b30392dc1d3b189cc287e2c,true,kotlin-2.4.10/jvm/Eclipse Adoptium/25.0.1/JMH 1.37/forks=1,1,3,200000000,spdot-sparse-v1+4096+sparse-uniform+density=0.01,policy-v1,policy,jvm-scalar/policy-v1,jmh-average-time-v1,200000000,1,1,score-times-operations
4,spdot-sparse+4096+sparse-uniform+density=0.01,jvm-scalar/scalar/scalar/packed-4x4,5,2,1,2,3222316,200279751,62.15397589808076,ns,ok,unsupported,arithmetic,a038f25ac66821574b30392dc1d3b189cc287e2c,true,kotlin-2.4.10/jvm/Eclipse Adoptium/25.0.1/JMH 1.37/forks=1,1,3,200000000,spdot-sparse-v1+4096+sparse-uniform+density=0.01,policy-v1,policy,jvm-scalar/policy-v1,jmh-average-time-v1,200000000,1,1,score-times-operations
4,spdot-sparse+4096+sparse-uniform+density=0.01,jvm-scalar/scalar/scalar/packed-4x4,5,2,1,3,3119674,200195457,64.17191571939888,ns,ok,unsupported,arithmetic,a038f25ac66821574b30392dc1d3b189cc287e2c,true,kotlin-2.4.10/jvm/Eclipse Adoptium/25.0.1/JMH 1.37/forks=1,1,3,200000000,spdot-sparse-v1+4096+sparse-uniform+density=0.01,policy-v1,policy,jvm-scalar/policy-v1,jmh-average-time-v1,200000000,1,1,score-times-operations
4,spdot-sparse+4096+sparse-uniform+density=0.01,jvm-scalar/scalar/scalar/packed-4x4,5,2,1,4,3133924,200100614,63.849861706920784,ns,ok,unsupported,arithmetic,a038f25ac66821574b30392dc1d3b189cc287e2c,true,kotlin-2.4.10/jvm/Eclipse Adoptium/25.0.1/JMH 1.37/forks=1,1,3,200000000,spdot-sparse-v1+4096+sparse-uniform+density=0.01,policy-v1,policy,jvm-scalar/policy-v1,jmh-average-time-v1,200000000,1,1,score-times-operations
4,spdot-sparse+4096+sparse-uniform+density=0.01,jvm-scalar/scalar/scalar/packed-4x4,5,2,1,5,3139009,200137149,63.75806791251634,ns,ok,unsupported,arithmetic,a038f25ac66821574b30392dc1d3b189cc287e2c,true,kotlin-2.4.10/jvm/Eclipse Adoptium/25.0.1/JMH 1.37/forks=1,1,3,200000000,spdot-sparse-v1+4096+sparse-uniform+density=0.01,policy-v1,policy,jvm-scalar/policy-v1,jmh-average-time-v1,200000000,1,1,score-times-operations
4,spaxpy+4096+sparse-uniform+density=0.01,jvm-scalar/scalar/scalar/packed-4x4,5,2,1,1,265828,200160190,752.9687993740313,ns,ok,direct,reset-and-arithmetic,a038f25ac66821574b30392dc1d3b189cc287e2c,true,kotlin-2.4.10/jvm/Eclipse Adoptium/25.0.1/JMH 1.37/forks=1,1,3,200000000,spaxpy-v1+4096+sparse-uniform+density=0.01,policy-v1,policy,jvm-scalar/policy-v1,jmh-average-time-v1,200000000,1,1,score-times-operations
4,spaxpy+4096+sparse-uniform+density=0.01,jvm-scalar/scalar/scalar/packed-4x4,5,2,1,2,266101,200179676,752.2695367548412,ns,ok,direct,reset-and-arithmetic,a038f25ac66821574b30392dc1d3b189cc287e2c,true,kotlin-2.4.10/jvm/Eclipse Adoptium/25.0.1/JMH 1.37/forks=1,1,3,200000000,spaxpy-v1+4096+sparse-uniform+density=0.01,policy-v1,policy,jvm-scalar/policy-v1,jmh-average-time-v1,200000000,1,1,score-times-operations
4,spaxpy+4096+sparse-uniform+density=0.01,jvm-scalar/scalar/scalar/packed-4x4,5,2,1,3,257095,200201784,778.7074194363951,ns,ok,direct,reset-and-arithmetic,a038f25ac66821574b30392dc1d3b189cc287e2c,true,kotlin-2.4.10/jvm/Eclipse Adoptium/25.0.1/JMH 1.37/forks=1,1,3,200000000,spaxpy-v1+4096+sparse-uniform+density=0.01,policy-v1,policy,jvm-scalar/policy-v1,jmh-average-time-v1,200000000,1,1,score-times-operations
4,spaxpy+4096+sparse-uniform+density=0.01,jvm-scalar/scalar/scalar/packed-4x4,5,2,1,4,252523,200176718,792.7068742253181,ns,ok,direct,reset-and-arithmetic,a038f25ac66821574b30392dc1d3b189cc287e2c,true,kotlin-2.4.10/jvm/Eclipse Adoptium/25.0.1/JMH 1.37/forks=1,1,3,200000000,spaxpy-v1+4096+sparse-uniform+density=0.01,policy-v1,policy,jvm-scalar/policy-v1,jmh-average-time-v1,200000000,1,1,score-times-operations
4,spaxpy+4096+sparse-uniform+density=0.01,jvm-scalar/scalar/scalar/packed-4x4,5,2,1,5,271250,200095494,737.6792405529953,ns,ok,direct,reset-and-arithmetic,a038f25ac66821574b30392dc1d3b189cc287e2c,true,kotlin-2.4.10/jvm/Eclipse Adoptium/25.0.1/JMH 1.37/forks=1,1,3,200000000,spaxpy-v1+4096+sparse-uniform+density=0.01,policy-v1,policy,jvm-scalar/policy-v1,jmh-average-time-v1,200000000,1,1,score-times-operations
4,spaxpy-raw+64+sparse-uniform+density=0.125,jvm-scalar/scalar/scalar/packed-4x4,5,2,1,1,11897938,200204253,16.826802509813046,ns,ok,unsupported,reset-and-arithmetic,a038f25ac66821574b30392dc1d3b189cc287e2c,true,kotlin-2.4.10/jvm/Eclipse Adoptium/25.0.1/JMH 1.37/forks=1,1,3,200000000,spaxpy-raw-v1+64+sparse-uniform+density=0.125,policy-v1,policy,jvm-scalar/policy-v1,jmh-average-time-v1,200000000,1,1,score-times-operations
4,spaxpy-raw+64+sparse-uniform+density=0.125,jvm-scalar/scalar/scalar/packed-4x4,5,2,1,2,13186200,200198494,15.182425111100999,ns,ok,unsupported,reset-and-arithmetic,a038f25ac66821574b30392dc1d3b189cc287e2c,true,kotlin-2.4.10/jvm/Eclipse Adoptium/25.0.1/JMH 1.37/forks=1,1,3,200000000,spaxpy-raw-v1+64+sparse-uniform+density=0.125,policy-v1,policy,jvm-scalar/policy-v1,jmh-average-time-v1,200000000,1,1,score-times-operations
4,spaxpy-raw+64+sparse-uniform+density=0.125,jvm-scalar/scalar/scalar/packed-4x4,5,2,1,3,13031510,200257896,15.36720579579803,ns,ok,unsupported,reset-and-arithmetic,a038f25ac66821574b30392dc1d3b189cc287e2c,true,kotlin-2.4.10/jvm/Eclipse Adoptium/25.0.1/JMH 1.37/forks=1,1,3,200000000,spaxpy-raw-v1+64+sparse-uniform+density=0.125,policy-v1,policy,jvm-scalar/policy-v1,jmh-average-time-v1,200000000,1,1,score-times-operations
4,spaxpy-raw+64+sparse-uniform+density=0.125,jvm-scalar/scalar/scalar/packed-4x4,5,2,1,4,12811927,200183562,15.624781658528025,ns,ok,unsupported,reset-and-arithmetic,a038f25ac66821574b30392dc1d3b189cc287e2c,true,kotlin-2.4.10/jvm/Eclipse Adoptium/25.0.1/JMH 1.37/forks=1,1,3,200000000,spaxpy-raw-v1+64+sparse-uniform+density=0.125,policy-v1,policy,jvm-scalar/policy-v1,jmh-average-time-v1,200000000,1,1,score-times-operations
4,spaxpy-raw+64+sparse-uniform+density=0.125,jvm-scalar/scalar/scalar/packed-4x4,5,2,1,5,13082610,200212983,15.303749251869466,ns,ok,unsupported,reset-and-arithmetic,a038f25ac66821574b30392dc1d3b189cc287e2c,true,kotlin-2.4.10/jvm/Eclipse Adoptium/25.0.1/JMH 1.37/forks=1,1,3,200000000,spaxpy-raw-v1+64+sparse-uniform+density=0.125,policy-v1,policy,jvm-scalar/policy-v1,jmh-average-time-v1,200000000,1,1,score-times-operations
4,spaxpy-raw+4096+sparse-uniform+density=0.0625,jvm-scalar/scalar/scalar/packed-4x4,5,2,1,1,175673,200233406,1139.807517376034,ns,ok,unsupported,reset-and-arithmetic,a038f25ac66821574b30392dc1d3b189cc287e2c,true,kotlin-2.4.10/jvm/Eclipse Adoptium/25.0.1/JMH 1.37/forks=1,1,3,200000000,spaxpy-raw-v1+4096+sparse-uniform+density=0.0625,policy-v1,policy,jvm-scalar/policy-v1,jmh-average-time-v1,200000000,1,1,score-times-operations
4,spaxpy-raw+4096+sparse-uniform+density=0.0625,jvm-scalar/scalar/scalar/packed-4x4,5,2,1,2,175803,200179299,1138.6569000529,ns,ok,unsupported,reset-and-arithmetic,a038f25ac66821574b30392dc1d3b189cc287e2c,true,kotlin-2.4.10/jvm/Eclipse Adoptium/25.0.1/JMH 1.37/forks=1,1,3,200000000,spaxpy-raw-v1+4096+sparse-uniform+density=0.0625,policy-v1,policy,jvm-scalar/policy-v1,jmh-average-time-v1,200000000,1,1,score-times-operations
4,spaxpy-raw+4096+sparse-uniform+density=0.0625,jvm-scalar/scalar/scalar/packed-4x4,5,2,1,3,172868,200209933,1158.1665374736792,ns,ok,unsupported,reset-and-arithmetic,a038f25ac66821574b30392dc1d3b189cc287e2c,true,kotlin-2.4.10/jvm/Eclipse Adoptium/25.0.1/JMH 1.37/forks=1,1,3,200000000,spaxpy-raw-v1+4096+sparse-uniform+density=0.0625,policy-v1,policy,jvm-scalar/policy-v1,jmh-average-time-v1,200000000,1,1,score-times-operations
4,spaxpy-raw+4096+sparse-uniform+density=0.0625,jvm-scalar/scalar/scalar/packed-4x4,5,2,1,4,175632,200191020,1139.8322629133643,ns,ok,unsupported,reset-and-arithmetic,a038f25ac66821574b30392dc1d3b189cc287e2c,true,kotlin-2.4.10/jvm/Eclipse Adoptium/25.0.1/JMH 1.37/forks=1,1,3,200000000,spaxpy-raw-v1+4096+sparse-uniform+density=0.0625,policy-v1,policy,jvm-scalar/policy-v1,jmh-average-time-v1,200000000,1,1,score-times-operations
4,spaxpy-raw+4096+sparse-uniform+density=0.0625,jvm-scalar/scalar/scalar/packed-4x4,5,2,1,5,172664,200198118,1159.4664666635779,ns,ok,unsupported,reset-and-arithmetic,a038f25ac66821574b30392dc1d3b189cc287e2c,true,kotlin-2.4.10/jvm/Eclipse Adoptium/25.0.1/JMH 1.37/forks=1,1,3,200000000,spaxpy-raw-v1+4096+sparse-uniform+density=0.0625,policy-v1,policy,jvm-scalar/policy-v1,jmh-average-time-v1,200000000,1,1,score-times-operations
4,spaxpy-raw+65536+sparse-uniform+density=0.015625,jvm-scalar/scalar/scalar/packed-4x4,5,2,1,1,14318,200148662,13978.814219863109,ns,ok,unsupported,reset-and-arithmetic,a038f25ac66821574b30392dc1d3b189cc287e2c,true,kotlin-2.4.10/jvm/Eclipse Adoptium/25.0.1/JMH 1.37/forks=1,1,3,200000000,spaxpy-raw-v1+65536+sparse-uniform+density=0.015625,policy-v1,policy,jvm-scalar/policy-v1,jmh-average-time-v1,200000000,1,1,score-times-operations
4,spaxpy-raw+65536+sparse-uniform+density=0.015625,jvm-scalar/scalar/scalar/packed-4x4,5,2,1,2,15200,200210407,13171.737302631578,ns,ok,unsupported,reset-and-arithmetic,a038f25ac66821574b30392dc1d3b189cc287e2c,true,kotlin-2.4.10/jvm/Eclipse Adoptium/25.0.1/JMH 1.37/forks=1,1,3,200000000,spaxpy-raw-v1+65536+sparse-uniform+density=0.015625,policy-v1,policy,jvm-scalar/policy-v1,jmh-average-time-v1,200000000,1,1,score-times-operations
4,spaxpy-raw+65536+sparse-uniform+density=0.015625,jvm-scalar/scalar/scalar/packed-4x4,5,2,1,3,15105,200273776,13258.773651108904,ns,ok,unsupported,reset-and-arithmetic,a038f25ac66821574b30392dc1d3b189cc287e2c,true,kotlin-2.4.10/jvm/Eclipse Adoptium/25.0.1/JMH 1.37/forks=1,1,3,200000000,spaxpy-raw-v1+65536+sparse-uniform+density=0.015625,policy-v1,policy,jvm-scalar/policy-v1,jmh-average-time-v1,200000000,1,1,score-times-operations
4,spaxpy-raw+65536+sparse-uniform+density=0.015625,jvm-scalar/scalar/scalar/packed-4x4,5,2,1,4,15193,200124361,13172.14249983545,ns,ok,unsupported,reset-and-arithmetic,a038f25ac66821574b30392dc1d3b189cc287e2c,true,kotlin-2.4.10/jvm/Eclipse Adoptium/25.0.1/JMH 1.37/forks=1,1,3,200000000,spaxpy-raw-v1+65536+sparse-uniform+density=0.015625,policy-v1,policy,jvm-scalar/policy-v1,jmh-average-time-v1,200000000,1,1,score-times-operations
4,spaxpy-raw+65536+sparse-uniform+density=0.015625,jvm-scalar/scalar/scalar/packed-4x4,5,2,1,5,15155,200182664,13209.017749917519,ns,ok,unsupported,reset-and-arithmetic,a038f25ac66821574b30392dc1d3b189cc287e2c,true,kotlin-2.4.10/jvm/Eclipse Adoptium/25.0.1/JMH 1.37/forks=1,1,3,200000000,spaxpy-raw-v1+65536+sparse-uniform+density=0.015625,policy-v1,policy,jvm-scalar/policy-v1,jmh-average-time-v1,200000000,1,1,score-times-operations
4,spaxpy-raw+262144+sparse-uniform+density=0.03125,jvm-scalar/scalar/scalar/packed-4x4,5,2,1,1,1878,200195590,106600.4206602769,ns,ok,unsupported,reset-and-arithmetic,a038f25ac66821574b30392dc1d3b189cc287e2c,true,kotlin-2.4.10/jvm/Eclipse Adoptium/25.0.1/JMH 1.37/forks=1,1,3,200000000,spaxpy-raw-v1+262144+sparse-uniform+density=0.03125,policy-v1,policy,jvm-scalar/policy-v1,jmh-average-time-v1,200000000,1,1,score-times-operations
4,spaxpy-raw+262144+sparse-uniform+density=0.03125,jvm-scalar/scalar/scalar/packed-4x4,5,2,1,2,1793,200257781,111688.66759620748,ns,ok,unsupported,reset-and-arithmetic,a038f25ac66821574b30392dc1d3b189cc287e2c,true,kotlin-2.4.10/jvm/Eclipse Adoptium/25.0.1/JMH 1.37/forks=1,1,3,200000000,spaxpy-raw-v1+262144+sparse-uniform+density=0.03125,policy-v1,policy,jvm-scalar/policy-v1,jmh-average-time-v1,200000000,1,1,score-times-operations
4,spaxpy-raw+262144+sparse-uniform+density=0.03125,jvm-scalar/scalar/scalar/packed-4x4,5,2,1,3,1767,200227480,113314.92925863045,ns,ok,unsupported,reset-and-arithmetic,a038f25ac66821574b30392dc1d3b189cc287e2c,true,kotlin-2.4.10/jvm/Eclipse Adoptium/25.0.1/JMH 1.37/forks=1,1,3,200000000,spaxpy-raw-v1+262144+sparse-uniform+density=0.03125,policy-v1,policy,jvm-scalar/policy-v1,jmh-average-time-v1,200000000,1,1,score-times-operations
4,spaxpy-raw+262144+sparse-uniform+density=0.03125,jvm-scalar/scalar/scalar/packed-4x4,5,2,1,4,1906,200252530,105064.28646379853,ns,ok,unsupported,reset-and-arithmetic,a038f25ac66821574b30392dc1d3b189cc287e2c,true,kotlin-2.4.10/jvm/Eclipse Adoptium/25.0.1/JMH 1.37/forks=1,1,3,200000000,spaxpy-raw-v1+262144+sparse-uniform+density=0.03125,policy-v1,policy,jvm-scalar/policy-v1,jmh-average-time-v1,200000000,1,1,score-times-operations
4,spaxpy-raw+262144+sparse-uniform+density=0.03125,jvm-scalar/scalar/scalar/packed-4x4,5,2,1,5,1891,200172442,105855.33685880486,ns,ok,unsupported,reset-and-arithmetic,a038f25ac66821574b30392dc1d3b189cc287e2c,true,kotlin-2.4.10/jvm/Eclipse Adoptium/25.0.1/JMH 1.37/forks=1,1,3,200000000,spaxpy-raw-v1+262144+sparse-uniform+density=0.03125,policy-v1,policy,jvm-scalar/policy-v1,jmh-average-time-v1,200000000,1,1,score-times-operations
4,spnrm2+4096+sparse-uniform+density=0.01,jvm-scalar/scalar/scalar/packed-4x4,5,2,1,1,12644383,200199795,15.833101148549519,ns,ok,unsupported,arithmetic,a038f25ac66821574b30392dc1d3b189cc287e2c,true,kotlin-2.4.10/jvm/Eclipse Adoptium/25.0.1/JMH 1.37/forks=1,1,3,200000000,spnrm2-v1+4096+sparse-uniform+density=0.01,policy-v1,policy,jvm-scalar/policy-v1,jmh-average-time-v1,200000000,1,1,score-times-operations
4,spnrm2+4096+sparse-uniform+density=0.01,jvm-scalar/scalar/scalar/packed-4x4,5,2,1,2,14180299,200153268,14.114883473190515,ns,ok,unsupported,arithmetic,a038f25ac66821574b30392dc1d3b189cc287e2c,true,kotlin-2.4.10/jvm/Eclipse Adoptium/25.0.1/JMH 1.37/forks=1,1,3,200000000,spnrm2-v1+4096+sparse-uniform+density=0.01,policy-v1,policy,jvm-scalar/policy-v1,jmh-average-time-v1,200000000,1,1,score-times-operations
4,spnrm2+4096+sparse-uniform+density=0.01,jvm-scalar/scalar/scalar/packed-4x4,5,2,1,3,13258293,200182718,15.098679596234598,ns,ok,unsupported,arithmetic,a038f25ac66821574b30392dc1d3b189cc287e2c,true,kotlin-2.4.10/jvm/Eclipse Adoptium/25.0.1/JMH 1.37/forks=1,1,3,200000000,spnrm2-v1+4096+sparse-uniform+density=0.01,policy-v1,policy,jvm-scalar/policy-v1,jmh-average-time-v1,200000000,1,1,score-times-operations
4,spnrm2+4096+sparse-uniform+density=0.01,jvm-scalar/scalar/scalar/packed-4x4,5,2,1,4,13870355,200180170,14.432231186584627,ns,ok,unsupported,arithmetic,a038f25ac66821574b30392dc1d3b189cc287e2c,true,kotlin-2.4.10/jvm/Eclipse Adoptium/25.0.1/JMH 1.37/forks=1,1,3,200000000,spnrm2-v1+4096+sparse-uniform+density=0.01,policy-v1,policy,jvm-scalar/policy-v1,jmh-average-time-v1,200000000,1,1,score-times-operations
4,spnrm2+4096+sparse-uniform+density=0.01,jvm-scalar/scalar/scalar/packed-4x4,5,2,1,5,13835437,200236727,14.472743217290498,ns,ok,unsupported,arithmetic,a038f25ac66821574b30392dc1d3b189cc287e2c,true,kotlin-2.4.10/jvm/Eclipse Adoptium/25.0.1/JMH 1.37/forks=1,1,3,200000000,spnrm2-v1+4096+sparse-uniform+density=0.01,policy-v1,policy,jvm-scalar/policy-v1,jmh-average-time-v1,200000000,1,1,score-times-operations
4,spnrm2-indexed+4096+sparse-uniform+density=0.01,jvm-scalar/scalar/scalar/packed-4x4,5,2,1,1,8381789,200184095,23.883218129208455,ns,ok,unsupported,arithmetic,a038f25ac66821574b30392dc1d3b189cc287e2c,true,kotlin-2.4.10/jvm/Eclipse Adoptium/25.0.1/JMH 1.37/forks=1,1,3,200000000,spnrm2-indexed-v1+4096+sparse-uniform+density=0.01,policy-v1,policy,jvm-scalar/policy-v1,jmh-average-time-v1,200000000,1,1,score-times-operations
4,spnrm2-indexed+4096+sparse-uniform+density=0.01,jvm-scalar/scalar/scalar/packed-4x4,5,2,1,2,8376033,200270777,23.909979461637747,ns,ok,unsupported,arithmetic,a038f25ac66821574b30392dc1d3b189cc287e2c,true,kotlin-2.4.10/jvm/Eclipse Adoptium/25.0.1/JMH 1.37/forks=1,1,3,200000000,spnrm2-indexed-v1+4096+sparse-uniform+density=0.01,policy-v1,policy,jvm-scalar/policy-v1,jmh-average-time-v1,200000000,1,1,score-times-operations
4,spnrm2-indexed+4096+sparse-uniform+density=0.01,jvm-scalar/scalar/scalar/packed-4x4,5,2,1,3,7874188,200196396,25.4243861081295,ns,ok,unsupported,arithmetic,a038f25ac66821574b30392dc1d3b189cc287e2c,true,kotlin-2.4.10/jvm/Eclipse Adoptium/25.0.1/JMH 1.37/forks=1,1,3,200000000,spnrm2-indexed-v1+4096+sparse-uniform+density=0.01,policy-v1,policy,jvm-scalar/policy-v1,jmh-average-time-v1,200000000,1,1,score-times-operations
4,spnrm2-indexed+4096+sparse-uniform+density=0.01,jvm-scalar/scalar/scalar/packed-4x4,5,2,1,4,8519964,200179380,23.49533167041551,ns,ok,unsupported,arithmetic,a038f25ac66821574b30392dc1d3b189cc287e2c,true,kotlin-2.4.10/jvm/Eclipse Adoptium/25.0.1/JMH 1.37/forks=1,1,3,200000000,spnrm2-indexed-v1+4096+sparse-uniform+density=0.01,policy-v1,policy,jvm-scalar/policy-v1,jmh-average-time-v1,200000000,1,1,score-times-operations
4,spnrm2-indexed+4096+sparse-uniform+density=0.01,jvm-scalar/scalar/scalar/packed-4x4,5,2,1,5,8288260,200154285,24.149132025298435,ns,ok,unsupported,arithmetic,a038f25ac66821574b30392dc1d3b189cc287e2c,true,kotlin-2.4.10/jvm/Eclipse Adoptium/25.0.1/JMH 1.37/forks=1,1,3,200000000,spnrm2-indexed-v1+4096+sparse-uniform+density=0.01,policy-v1,policy,jvm-scalar/policy-v1,jmh-average-time-v1,200000000,1,1,score-times-operations
4,spnrm2-indexed+4096+sparse-uniform+density=0.5,jvm-scalar/scalar/scalar/packed-4x4,5,2,1,1,160232,200294893,1250.0305369713915,ns,ok,unsupported,arithmetic,a038f25ac66821574b30392dc1d3b189cc287e2c,true,kotlin-2.4.10/jvm/Eclipse Adoptium/25.0.1/JMH 1.37/forks=1,1,3,200000000,spnrm2-indexed-v1+4096+sparse-uniform+density=0.5,policy-v1,policy,jvm-scalar/policy-v1,jmh-average-time-v1,200000000,1,1,score-times-operations
4,spnrm2-indexed+4096+sparse-uniform+density=0.5,jvm-scalar/scalar/scalar/packed-4x4,5,2,1,2,156125,200225891,1282.471679743795,ns,ok,unsupported,arithmetic,a038f25ac66821574b30392dc1d3b189cc287e2c,true,kotlin-2.4.10/jvm/Eclipse Adoptium/25.0.1/JMH 1.37/forks=1,1,3,200000000,spnrm2-indexed-v1+4096+sparse-uniform+density=0.5,policy-v1,policy,jvm-scalar/policy-v1,jmh-average-time-v1,200000000,1,1,score-times-operations
4,spnrm2-indexed+4096+sparse-uniform+density=0.5,jvm-scalar/scalar/scalar/packed-4x4,5,2,1,3,158674,200182388,1261.5953968514061,ns,ok,unsupported,arithmetic,a038f25ac66821574b30392dc1d3b189cc287e2c,true,kotlin-2.4.10/jvm/Eclipse Adoptium/25.0.1/JMH 1.37/forks=1,1,3,200000000,spnrm2-indexed-v1+4096+sparse-uniform+density=0.5,policy-v1,policy,jvm-scalar/policy-v1,jmh-average-time-v1,200000000,1,1,score-times-operations
4,spnrm2-indexed+4096+sparse-uniform+density=0.5,jvm-scalar/scalar/scalar/packed-4x4,5,2,1,4,159123,200200588,1258.1499091897463,ns,ok,unsupported,arithmetic,a038f25ac66821574b30392dc1d3b189cc287e2c,true,kotlin-2.4.10/jvm/Eclipse Adoptium/25.0.1/JMH 1.37/forks=1,1,3,200000000,spnrm2-indexed-v1+4096+sparse-uniform+density=0.5,policy-v1,policy,jvm-scalar/policy-v1,jmh-average-time-v1,200000000,1,1,score-times-operations
4,spnrm2-indexed+4096+sparse-uniform+density=0.5,jvm-scalar/scalar/scalar/packed-4x4,5,2,1,5,155404,200168009,1288.0492715760213,ns,ok,unsupported,arithmetic,a038f25ac66821574b30392dc1d3b189cc287e2c,true,kotlin-2.4.10/jvm/Eclipse Adoptium/25.0.1/JMH 1.37/forks=1,1,3,200000000,spnrm2-indexed-v1+4096+sparse-uniform+density=0.5,policy-v1,policy,jvm-scalar/policy-v1,jmh-average-time-v1,200000000,1,1,score-times-operations
4,spnrm2-indexed+262144+sparse-uniform+density=0.03125,jvm-scalar/scalar/scalar/packed-4x4,5,2,1,1,37904,200100619,5279.142544322499,ns,ok,unsupported,arithmetic,a038f25ac66821574b30392dc1d3b189cc287e2c,true,kotlin-2.4.10/jvm/Eclipse Adoptium/25.0.1/JMH 1.37/forks=1,1,3,200000000,spnrm2-indexed-v1+262144+sparse-uniform+density=0.03125,policy-v1,policy,jvm-scalar/policy-v1,jmh-average-time-v1,200000000,1,1,score-times-operations
4,spnrm2-indexed+262144+sparse-uniform+density=0.03125,jvm-scalar/scalar/scalar/packed-4x4,5,2,1,2,32168,200106696,6220.675702561552,ns,ok,unsupported,arithmetic,a038f25ac66821574b30392dc1d3b189cc287e2c,true,kotlin-2.4.10/jvm/Eclipse Adoptium/25.0.1/JMH 1.37/forks=1,1,3,200000000,spnrm2-indexed-v1+262144+sparse-uniform+density=0.03125,policy-v1,policy,jvm-scalar/policy-v1,jmh-average-time-v1,200000000,1,1,score-times-operations
4,spnrm2-indexed+262144+sparse-uniform+density=0.03125,jvm-scalar/scalar/scalar/packed-4x4,5,2,1,3,32288,200105980,6197.534068384539,ns,ok,unsupported,arithmetic,a038f25ac66821574b30392dc1d3b189cc287e2c,true,kotlin-2.4.10/jvm/Eclipse Adoptium/25.0.1/JMH 1.37/forks=1,1,3,200000000,spnrm2-indexed-v1+262144+sparse-uniform+density=0.03125,policy-v1,policy,jvm-scalar/policy-v1,jmh-average-time-v1,200000000,1,1,score-times-operations
4,spnrm2-indexed+262144+sparse-uniform+density=0.03125,jvm-scalar/scalar/scalar/packed-4x4,5,2,1,4,32399,200100018,6176.117102379703,ns,ok,unsupported,arithmetic,a038f25ac66821574b30392dc1d3b189cc287e2c,true,kotlin-2.4.10/jvm/Eclipse Adoptium/25.0.1/JMH 1.37/forks=1,1,3,200000000,spnrm2-indexed-v1+262144+sparse-uniform+density=0.03125,policy-v1,policy,jvm-scalar/policy-v1,jmh-average-time-v1,200000000,1,1,score-times-operations
4,spnrm2-indexed+262144+sparse-uniform+density=0.03125,jvm-scalar/scalar/scalar/packed-4x4,5,2,1,5,32097,200111646,6234.590335545378,ns,ok,unsupported,arithmetic,a038f25ac66821574b30392dc1d3b189cc287e2c,true,kotlin-2.4.10/jvm/Eclipse Adoptium/25.0.1/JMH 1.37/forks=1,1,3,200000000,spnrm2-indexed-v1+262144+sparse-uniform+density=0.03125,policy-v1,policy,jvm-scalar/policy-v1,jmh-average-time-v1,200000000,1,1,score-times-operations
4,spasum+4096+sparse-uniform+density=0.01,jvm-scalar/scalar/scalar/packed-4x4,5,2,1,1,14218069,200163109,14.078079730798887,ns,ok,unsupported,arithmetic,a038f25ac66821574b30392dc1d3b189cc287e2c,true,kotlin-2.4.10/jvm/Eclipse Adoptium/25.0.1/JMH 1.37/forks=1,1,3,200000000,spasum-v1+4096+sparse-uniform+density=0.01,policy-v1,policy,jvm-scalar/policy-v1,jmh-average-time-v1,200000000,1,1,score-times-operations
4,spasum+4096+sparse-uniform+density=0.01,jvm-scalar/scalar/scalar/packed-4x4,5,2,1,2,14227970,200096432,14.0635967042382,ns,ok,unsupported,arithmetic,a038f25ac66821574b30392dc1d3b189cc287e2c,true,kotlin-2.4.10/jvm/Eclipse Adoptium/25.0.1/JMH 1.37/forks=1,1,3,200000000,spasum-v1+4096+sparse-uniform+density=0.01,policy-v1,policy,jvm-scalar/policy-v1,jmh-average-time-v1,200000000,1,1,score-times-operations
4,spasum+4096+sparse-uniform+density=0.01,jvm-scalar/scalar/scalar/packed-4x4,5,2,1,3,14249680,200257546,14.053476709652427,ns,ok,unsupported,arithmetic,a038f25ac66821574b30392dc1d3b189cc287e2c,true,kotlin-2.4.10/jvm/Eclipse Adoptium/25.0.1/JMH 1.37/forks=1,1,3,200000000,spasum-v1+4096+sparse-uniform+density=0.01,policy-v1,policy,jvm-scalar/policy-v1,jmh-average-time-v1,200000000,1,1,score-times-operations
4,spasum+4096+sparse-uniform+density=0.01,jvm-scalar/scalar/scalar/packed-4x4,5,2,1,4,14207877,200188967,14.089998597257,ns,ok,unsupported,arithmetic,a038f25ac66821574b30392dc1d3b189cc287e2c,true,kotlin-2.4.10/jvm/Eclipse Adoptium/25.0.1/JMH 1.37/forks=1,1,3,200000000,spasum-v1+4096+sparse-uniform+density=0.01,policy-v1,policy,jvm-scalar/policy-v1,jmh-average-time-v1,200000000,1,1,score-times-operations
4,spasum+4096+sparse-uniform+density=0.01,jvm-scalar/scalar/scalar/packed-4x4,5,2,1,5,14117839,200205697,14.181044067721697,ns,ok,unsupported,arithmetic,a038f25ac66821574b30392dc1d3b189cc287e2c,true,kotlin-2.4.10/jvm/Eclipse Adoptium/25.0.1/JMH 1.37/forks=1,1,3,200000000,spasum-v1+4096+sparse-uniform+density=0.01,policy-v1,policy,jvm-scalar/policy-v1,jmh-average-time-v1,200000000,1,1,score-times-operations
4,spscatter+4096+sparse-uniform+density=0.01,jvm-scalar/scalar/scalar/packed-4x4,5,2,1,1,269898,200246716,741.9347901799939,ns,ok,direct,reset-and-arithmetic,a038f25ac66821574b30392dc1d3b189cc287e2c,true,kotlin-2.4.10/jvm/Eclipse Adoptium/25.0.1/JMH 1.37/forks=1,1,3,200000000,spscatter-v1+4096+sparse-uniform+density=0.01,policy-v1,policy,jvm-scalar/policy-v1,jmh-average-time-v1,200000000,1,1,score-times-operations
4,spscatter+4096+sparse-uniform+density=0.01,jvm-scalar/scalar/scalar/packed-4x4,5,2,1,2,269604,200223742,742.6586474978116,ns,ok,direct,reset-and-arithmetic,a038f25ac66821574b30392dc1d3b189cc287e2c,true,kotlin-2.4.10/jvm/Eclipse Adoptium/25.0.1/JMH 1.37/forks=1,1,3,200000000,spscatter-v1+4096+sparse-uniform+density=0.01,policy-v1,policy,jvm-scalar/policy-v1,jmh-average-time-v1,200000000,1,1,score-times-operations
4,spscatter+4096+sparse-uniform+density=0.01,jvm-scalar/scalar/scalar/packed-4x4,5,2,1,3,266330,200188576,751.6561258588969,ns,ok,direct,reset-and-arithmetic,a038f25ac66821574b30392dc1d3b189cc287e2c,true,kotlin-2.4.10/jvm/Eclipse Adoptium/25.0.1/JMH 1.37/forks=1,1,3,200000000,spscatter-v1+4096+sparse-uniform+density=0.01,policy-v1,policy,jvm-scalar/policy-v1,jmh-average-time-v1,200000000,1,1,score-times-operations
4,spscatter+4096+sparse-uniform+density=0.01,jvm-scalar/scalar/scalar/packed-4x4,5,2,1,4,266786,200221133,750.4934029521789,ns,ok,direct,reset-and-arithmetic,a038f25ac66821574b30392dc1d3b189cc287e2c,true,kotlin-2.4.10/jvm/Eclipse Adoptium/25.0.1/JMH 1.37/forks=1,1,3,200000000,spscatter-v1+4096+sparse-uniform+density=0.01,policy-v1,policy,jvm-scalar/policy-v1,jmh-average-time-v1,200000000,1,1,score-times-operations
4,spscatter+4096+sparse-uniform+density=0.01,jvm-scalar/scalar/scalar/packed-4x4,5,2,1,5,267842,200154413,747.2853884006242,ns,ok,direct,reset-and-arithmetic,a038f25ac66821574b30392dc1d3b189cc287e2c,true,kotlin-2.4.10/jvm/Eclipse Adoptium/25.0.1/JMH 1.37/forks=1,1,3,200000000,spscatter-v1+4096+sparse-uniform+density=0.01,policy-v1,policy,jvm-scalar/policy-v1,jmh-average-time-v1,200000000,1,1,score-times-operations
4,spscatter-raw+64+sparse-uniform+density=0.125,jvm-scalar/scalar/scalar/packed-4x4,5,2,1,1,13103678,200267851,15.283331214335394,ns,ok,unsupported,reset-and-arithmetic,a038f25ac66821574b30392dc1d3b189cc287e2c,true,kotlin-2.4.10/jvm/Eclipse Adoptium/25.0.1/JMH 1.37/forks=1,1,3,200000000,spscatter-raw-v1+64+sparse-uniform+density=0.125,policy-v1,policy,jvm-scalar/policy-v1,jmh-average-time-v1,200000000,1,1,score-times-operations
4,spscatter-raw+64+sparse-uniform+density=0.125,jvm-scalar/scalar/scalar/packed-4x4,5,2,1,2,14507350,200156567,13.796907567543348,ns,ok,unsupported,reset-and-arithmetic,a038f25ac66821574b30392dc1d3b189cc287e2c,true,kotlin-2.4.10/jvm/Eclipse Adoptium/25.0.1/JMH 1.37/forks=1,1,3,200000000,spscatter-raw-v1+64+sparse-uniform+density=0.125,policy-v1,policy,jvm-scalar/policy-v1,jmh-average-time-v1,200000000,1,1,score-times-operations
4,spscatter-raw+64+sparse-uniform+density=0.125,jvm-scalar/scalar/scalar/packed-4x4,5,2,1,3,13621829,200277070,14.702656302615456,ns,ok,unsupported,reset-and-arithmetic,a038f25ac66821574b30392dc1d3b189cc287e2c,true,kotlin-2.4.10/jvm/Eclipse Adoptium/25.0.1/JMH 1.37/forks=1,1,3,200000000,spscatter-raw-v1+64+sparse-uniform+density=0.125,policy-v1,policy,jvm-scalar/policy-v1,jmh-average-time-v1,200000000,1,1,score-times-operations
4,spscatter-raw+64+sparse-uniform+density=0.125,jvm-scalar/scalar/scalar/packed-4x4,5,2,1,4,13166002,200187467,15.204878975409544,ns,ok,unsupported,reset-and-arithmetic,a038f25ac66821574b30392dc1d3b189cc287e2c,true,kotlin-2.4.10/jvm/Eclipse Adoptium/25.0.1/JMH 1.37/forks=1,1,3,200000000,spscatter-raw-v1+64+sparse-uniform+density=0.125,policy-v1,policy,jvm-scalar/policy-v1,jmh-average-time-v1,200000000,1,1,score-times-operations
4,spscatter-raw+64+sparse-uniform+density=0.125,jvm-scalar/scalar/scalar/packed-4x4,5,2,1,5,13148938,200183297,15.224293931570747,ns,ok,unsupported,reset-and-arithmetic,a038f25ac66821574b30392dc1d3b189cc287e2c,true,kotlin-2.4.10/jvm/Eclipse Adoptium/25.0.1/JMH 1.37/forks=1,1,3,200000000,spscatter-raw-v1+64+sparse-uniform+density=0.125,policy-v1,policy,jvm-scalar/policy-v1,jmh-average-time-v1,200000000,1,1,score-times-operations
4,spscatter-raw+4096+sparse-uniform+density=0.0625,jvm-scalar/scalar/scalar/packed-4x4,5,2,1,1,256230,200258869,781.5590250946416,ns,ok,unsupported,reset-and-arithmetic,a038f25ac66821574b30392dc1d3b189cc287e2c,true,kotlin-2.4.10/jvm/Eclipse Adoptium/25.0.1/JMH 1.37/forks=1,1,3,200000000,spscatter-raw-v1+4096+sparse-uniform+density=0.0625,policy-v1,policy,jvm-scalar/policy-v1,jmh-average-time-v1,200000000,1,1,score-times-operations
4,spscatter-raw+4096+sparse-uniform+density=0.0625,jvm-scalar/scalar/scalar/packed-4x4,5,2,1,2,241021,200185263,830.571871330714,ns,ok,unsupported,reset-and-arithmetic,a038f25ac66821574b30392dc1d3b189cc287e2c,true,kotlin-2.4.10/jvm/Eclipse Adoptium/25.0.1/JMH 1.37/forks=1,1,3,200000000,spscatter-raw-v1+4096+sparse-uniform+density=0.0625,policy-v1,policy,jvm-scalar/policy-v1,jmh-average-time-v1,200000000,1,1,score-times-operations
4,spscatter-raw+4096+sparse-uniform+density=0.0625,jvm-scalar/scalar/scalar/packed-4x4,5,2,1,3,238164,200145618,840.3688970625284,ns,ok,unsupported,reset-and-arithmetic,a038f25ac66821574b30392dc1d3b189cc287e2c,true,kotlin-2.4.10/jvm/Eclipse Adoptium/25.0.1/JMH 1.37/forks=1,1,3,200000000,spscatter-raw-v1+4096+sparse-uniform+density=0.0625,policy-v1,policy,jvm-scalar/policy-v1,jmh-average-time-v1,200000000,1,1,score-times-operations
4,spscatter-raw+4096+sparse-uniform+density=0.0625,jvm-scalar/scalar/scalar/packed-4x4,5,2,1,4,239382,200182092,836.2453818582851,ns,ok,unsupported,reset-and-arithmetic,a038f25ac66821574b30392dc1d3b189cc287e2c,true,kotlin-2.4.10/jvm/Eclipse Adoptium/25.0.1/JMH 1.37/forks=1,1,3,200000000,spscatter-raw-v1+4096+sparse-uniform+density=0.0625,policy-v1,policy,jvm-scalar/policy-v1,jmh-average-time-v1,200000000,1,1,score-times-operations
4,spscatter-raw+4096+sparse-uniform+density=0.0625,jvm-scalar/scalar/scalar/packed-4x4,5,2,1,5,238740,200312424,839.0400603166624,ns,ok,unsupported,reset-and-arithmetic,a038f25ac66821574b30392dc1d3b189cc287e2c,true,kotlin-2.4.10/jvm/Eclipse Adoptium/25.0.1/JMH 1.37/forks=1,1,3,200000000,spscatter-raw-v1+4096+sparse-uniform+density=0.0625,policy-v1,policy,jvm-scalar/policy-v1,jmh-average-time-v1,200000000,1,1,score-times-operations
4,spscatter-raw+65536+sparse-uniform+density=0.015625,jvm-scalar/scalar/scalar/packed-4x4,5,2,1,1,13937,200203885,14364.919638372678,ns,ok,unsupported,reset-and-arithmetic,a038f25ac66821574b30392dc1d3b189cc287e2c,true,kotlin-2.4.10/jvm/Eclipse Adoptium/25.0.1/JMH 1.37/forks=1,1,3,200000000,spscatter-raw-v1+65536+sparse-uniform+density=0.015625,policy-v1,policy,jvm-scalar/policy-v1,jmh-average-time-v1,200000000,1,1,score-times-operations
4,spscatter-raw+65536+sparse-uniform+density=0.015625,jvm-scalar/scalar/scalar/packed-4x4,5,2,1,2,13529,200151913,14794.287308744179,ns,ok,unsupported,reset-and-arithmetic,a038f25ac66821574b30392dc1d3b189cc287e2c,true,kotlin-2.4.10/jvm/Eclipse Adoptium/25.0.1/JMH 1.37/forks=1,1,3,200000000,spscatter-raw-v1+65536+sparse-uniform+density=0.015625,policy-v1,policy,jvm-scalar/policy-v1,jmh-average-time-v1,200000000,1,1,score-times-operations
4,spscatter-raw+65536+sparse-uniform+density=0.015625,jvm-scalar/scalar/scalar/packed-4x4,5,2,1,3,13875,200268487,14433.76482882883,ns,ok,unsupported,reset-and-arithmetic,a038f25ac66821574b30392dc1d3b189cc287e2c,true,kotlin-2.4.10/jvm/Eclipse Adoptium/25.0.1/JMH 1.37/forks=1,1,3,200000000,spscatter-raw-v1+65536+sparse-uniform+density=0.015625,policy-v1,policy,jvm-scalar/policy-v1,jmh-average-time-v1,200000000,1,1,score-times-operations
4,spscatter-raw+65536+sparse-uniform+density=0.015625,jvm-scalar/scalar/scalar/packed-4x4,5,2,1,4,13989,200166739,14308.866895417828,ns,ok,unsupported,reset-and-arithmetic,a038f25ac66821574b30392dc1d3b189cc287e2c,true,kotlin-2.4.10/jvm/Eclipse Adoptium/25.0.1/JMH 1.37/forks=1,1,3,200000000,spscatter-raw-v1+65536+sparse-uniform+density=0.015625,policy-v1,policy,jvm-scalar/policy-v1,jmh-average-time-v1,200000000,1,1,score-times-operations
4,spscatter-raw+65536+sparse-uniform+density=0.015625,jvm-scalar/scalar/scalar/packed-4x4,5,2,1,5,13851,200108511,14447.22482131254,ns,ok,unsupported,reset-and-arithmetic,a038f25ac66821574b30392dc1d3b189cc287e2c,true,kotlin-2.4.10/jvm/Eclipse Adoptium/25.0.1/JMH 1.37/forks=1,1,3,200000000,spscatter-raw-v1+65536+sparse-uniform+density=0.015625,policy-v1,policy,jvm-scalar/policy-v1,jmh-average-time-v1,200000000,1,1,score-times-operations
4,spscatter-raw+262144+sparse-uniform+density=0.03125,jvm-scalar/scalar/scalar/packed-4x4,5,2,1,1,1791,200267342,111818.7280848688,ns,ok,unsupported,reset-and-arithmetic,a038f25ac66821574b30392dc1d3b189cc287e2c,true,kotlin-2.4.10/jvm/Eclipse Adoptium/25.0.1/JMH 1.37/forks=1,1,3,200000000,spscatter-raw-v1+262144+sparse-uniform+density=0.03125,policy-v1,policy,jvm-scalar/policy-v1,jmh-average-time-v1,200000000,1,1,score-times-operations
4,spscatter-raw+262144+sparse-uniform+density=0.03125,jvm-scalar/scalar/scalar/packed-4x4,5,2,1,2,1790,200216312,111852.68826815643,ns,ok,unsupported,reset-and-arithmetic,a038f25ac66821574b30392dc1d3b189cc287e2c,true,kotlin-2.4.10/jvm/Eclipse Adoptium/25.0.1/JMH 1.37/forks=1,1,3,200000000,spscatter-raw-v1+262144+sparse-uniform+density=0.03125,policy-v1,policy,jvm-scalar/policy-v1,jmh-average-time-v1,200000000,1,1,score-times-operations
4,spscatter-raw+262144+sparse-uniform+density=0.03125,jvm-scalar/scalar/scalar/packed-4x4,5,2,1,3,1780,200254847,112502.72303370787,ns,ok,unsupported,reset-and-arithmetic,a038f25ac66821574b30392dc1d3b189cc287e2c,true,kotlin-2.4.10/jvm/Eclipse Adoptium/25.0.1/JMH 1.37/forks=1,1,3,200000000,spscatter-raw-v1+262144+sparse-uniform+density=0.03125,policy-v1,policy,jvm-scalar/policy-v1,jmh-average-time-v1,200000000,1,1,score-times-operations
4,spscatter-raw+262144+sparse-uniform+density=0.03125,jvm-scalar/scalar/scalar/packed-4x4,5,2,1,4,1791,200260062,111814.66331658291,ns,ok,unsupported,reset-and-arithmetic,a038f25ac66821574b30392dc1d3b189cc287e2c,true,kotlin-2.4.10/jvm/Eclipse Adoptium/25.0.1/JMH 1.37/forks=1,1,3,200000000,spscatter-raw-v1+262144+sparse-uniform+density=0.03125,policy-v1,policy,jvm-scalar/policy-v1,jmh-average-time-v1,200000000,1,1,score-times-operations
4,spscatter-raw+262144+sparse-uniform+density=0.03125,jvm-scalar/scalar/scalar/packed-4x4,5,2,1,5,1827,200287121,109626.2293377121,ns,ok,unsupported,reset-and-arithmetic,a038f25ac66821574b30392dc1d3b189cc287e2c,true,kotlin-2.4.10/jvm/Eclipse Adoptium/25.0.1/JMH 1.37/forks=1,1,3,200000000,spscatter-raw-v1+262144+sparse-uniform+density=0.03125,policy-v1,policy,jvm-scalar/policy-v1,jmh-average-time-v1,200000000,1,1,score-times-operations
4,spgather+4096+sparse-uniform+density=0.01,jvm-scalar/scalar/scalar/packed-4x4,5,2,1,1,243922,200156514,820.5758972130435,ns,ok,direct,reset-and-arithmetic,a038f25ac66821574b30392dc1d3b189cc287e2c,true,kotlin-2.4.10/jvm/Eclipse Adoptium/25.0.1/JMH 1.37/forks=1,1,3,200000000,spgather-v1+4096+sparse-uniform+density=0.01,policy-v1,policy,jvm-scalar/policy-v1,jmh-average-time-v1,200000000,1,1,score-times-operations
4,spgather+4096+sparse-uniform+density=0.01,jvm-scalar/scalar/scalar/packed-4x4,5,2,1,2,247567,200159551,808.5065901351958,ns,ok,direct,reset-and-arithmetic,a038f25ac66821574b30392dc1d3b189cc287e2c,true,kotlin-2.4.10/jvm/Eclipse Adoptium/25.0.1/JMH 1.37/forks=1,1,3,200000000,spgather-v1+4096+sparse-uniform+density=0.01,policy-v1,policy,jvm-scalar/policy-v1,jmh-average-time-v1,200000000,1,1,score-times-operations
4,spgather+4096+sparse-uniform+density=0.01,jvm-scalar/scalar/scalar/packed-4x4,5,2,1,3,248041,200154722,806.9420861873642,ns,ok,direct,reset-and-arithmetic,a038f25ac66821574b30392dc1d3b189cc287e2c,true,kotlin-2.4.10/jvm/Eclipse Adoptium/25.0.1/JMH 1.37/forks=1,1,3,200000000,spgather-v1+4096+sparse-uniform+density=0.01,policy-v1,policy,jvm-scalar/policy-v1,jmh-average-time-v1,200000000,1,1,score-times-operations
4,spgather+4096+sparse-uniform+density=0.01,jvm-scalar/scalar/scalar/packed-4x4,5,2,1,4,245974,200181168,813.830599982112,ns,ok,direct,reset-and-arithmetic,a038f25ac66821574b30392dc1d3b189cc287e2c,true,kotlin-2.4.10/jvm/Eclipse Adoptium/25.0.1/JMH 1.37/forks=1,1,3,200000000,spgather-v1+4096+sparse-uniform+density=0.01,policy-v1,policy,jvm-scalar/policy-v1,jmh-average-time-v1,200000000,1,1,score-times-operations
4,spgather+4096+sparse-uniform+density=0.01,jvm-scalar/scalar/scalar/packed-4x4,5,2,1,5,248201,200147797,806.3939992183755,ns,ok,direct,reset-and-arithmetic,a038f25ac66821574b30392dc1d3b189cc287e2c,true,kotlin-2.4.10/jvm/Eclipse Adoptium/25.0.1/JMH 1.37/forks=1,1,3,200000000,spgather-v1+4096+sparse-uniform+density=0.01,policy-v1,policy,jvm-scalar/policy-v1,jmh-average-time-v1,200000000,1,1,score-times-operations
4,spgather-zero+4096+sparse-uniform+density=0.01,jvm-scalar/scalar/scalar/packed-4x4,5,2,1,1,250644,200265202,799.0025773607188,ns,ok,direct,reset-and-arithmetic,a038f25ac66821574b30392dc1d3b189cc287e2c,true,kotlin-2.4.10/jvm/Eclipse Adoptium/25.0.1/JMH 1.37/forks=1,1,3,200000000,spgather-zero-v1+4096+sparse-uniform+density=0.01,policy-v1,policy,jvm-scalar/policy-v1,jmh-average-time-v1,200000000,1,1,score-times-operations
4,spgather-zero+4096+sparse-uniform+density=0.01,jvm-scalar/scalar/scalar/packed-4x4,5,2,1,2,266377,200151285,751.3835090867454,ns,ok,direct,reset-and-arithmetic,a038f25ac66821574b30392dc1d3b189cc287e2c,true,kotlin-2.4.10/jvm/Eclipse Adoptium/25.0.1/JMH 1.37/forks=1,1,3,200000000,spgather-zero-v1+4096+sparse-uniform+density=0.01,policy-v1,policy,jvm-scalar/policy-v1,jmh-average-time-v1,200000000,1,1,score-times-operations
4,spgather-zero+4096+sparse-uniform+density=0.01,jvm-scalar/scalar/scalar/packed-4x4,5,2,1,3,258855,200174716,773.3082845608545,ns,ok,direct,reset-and-arithmetic,a038f25ac66821574b30392dc1d3b189cc287e2c,true,kotlin-2.4.10/jvm/Eclipse Adoptium/25.0.1/JMH 1.37/forks=1,1,3,200000000,spgather-zero-v1+4096+sparse-uniform+density=0.01,policy-v1,policy,jvm-scalar/policy-v1,jmh-average-time-v1,200000000,1,1,score-times-operations
4,spgather-zero+4096+sparse-uniform+density=0.01,jvm-scalar/scalar/scalar/packed-4x4,5,2,1,4,245962,200150697,813.7464201787268,ns,ok,direct,reset-and-arithmetic,a038f25ac66821574b30392dc1d3b189cc287e2c,true,kotlin-2.4.10/jvm/Eclipse Adoptium/25.0.1/JMH 1.37/forks=1,1,3,200000000,spgather-zero-v1+4096+sparse-uniform+density=0.01,policy-v1,policy,jvm-scalar/policy-v1,jmh-average-time-v1,200000000,1,1,score-times-operations
4,spgather-zero+4096+sparse-uniform+density=0.01,jvm-scalar/scalar/scalar/packed-4x4,5,2,1,5,245315,200159437,815.9282432790494,ns,ok,direct,reset-and-arithmetic,a038f25ac66821574b30392dc1d3b189cc287e2c,true,kotlin-2.4.10/jvm/Eclipse Adoptium/25.0.1/JMH 1.37/forks=1,1,3,200000000,spgather-zero-v1+4096+sparse-uniform+density=0.01,policy-v1,policy,jvm-scalar/policy-v1,jmh-average-time-v1,200000000,1,1,score-times-operations
4,spgemv+257x129+sparse-uniform+density=0.01+mode=prepared,jvm-scalar/scalar/scalar/packed-4x4,5,2,1,1,419169,200162370,477.52188258196577,ns,ok,direct,prepared,a038f25ac66821574b30392dc1d3b189cc287e2c,true,kotlin-2.4.10/jvm/Eclipse Adoptium/25.0.1/JMH 1.37/forks=1,1,3,200000000,spgemv-v1+257x129+sparse-uniform+density=0.01+mode=prepared,policy-v1,policy,jvm-scalar/policy-v1,jmh-average-time-v1,200000000,1,1,score-times-operations
4,spgemv+257x129+sparse-uniform+density=0.01+mode=prepared,jvm-scalar/scalar/scalar/packed-4x4,5,2,1,2,468010,200197306,427.76288113501846,ns,ok,direct,prepared,a038f25ac66821574b30392dc1d3b189cc287e2c,true,kotlin-2.4.10/jvm/Eclipse Adoptium/25.0.1/JMH 1.37/forks=1,1,3,200000000,spgemv-v1+257x129+sparse-uniform+density=0.01+mode=prepared,policy-v1,policy,jvm-scalar/policy-v1,jmh-average-time-v1,200000000,1,1,score-times-operations
4,spgemv+257x129+sparse-uniform+density=0.01+mode=prepared,jvm-scalar/scalar/scalar/packed-4x4,5,2,1,3,459349,200199292,435.8326501200612,ns,ok,direct,prepared,a038f25ac66821574b30392dc1d3b189cc287e2c,true,kotlin-2.4.10/jvm/Eclipse Adoptium/25.0.1/JMH 1.37/forks=1,1,3,200000000,spgemv-v1+257x129+sparse-uniform+density=0.01+mode=prepared,policy-v1,policy,jvm-scalar/policy-v1,jmh-average-time-v1,200000000,1,1,score-times-operations
4,spgemv+257x129+sparse-uniform+density=0.01+mode=prepared,jvm-scalar/scalar/scalar/packed-4x4,5,2,1,4,465964,200183218,429.610909855697,ns,ok,direct,prepared,a038f25ac66821574b30392dc1d3b189cc287e2c,true,kotlin-2.4.10/jvm/Eclipse Adoptium/25.0.1/JMH 1.37/forks=1,1,3,200000000,spgemv-v1+257x129+sparse-uniform+density=0.01+mode=prepared,policy-v1,policy,jvm-scalar/policy-v1,jmh-average-time-v1,200000000,1,1,score-times-operations
4,spgemv+257x129+sparse-uniform+density=0.01+mode=prepared,jvm-scalar/scalar/scalar/packed-4x4,5,2,1,5,432761,200147748,462.4902613682841,ns,ok,direct,prepared,a038f25ac66821574b30392dc1d3b189cc287e2c,true,kotlin-2.4.10/jvm/Eclipse Adoptium/25.0.1/JMH 1.37/forks=1,1,3,200000000,spgemv-v1+257x129+sparse-uniform+density=0.01+mode=prepared,policy-v1,policy,jvm-scalar/policy-v1,jmh-average-time-v1,200000000,1,1,score-times-operations
4,spgemv+257x129+sparse-uniform+density=0.01+mode=oneshot,jvm-scalar/scalar/scalar/packed-4x4,5,2,1,1,471047,200185218,424.979286568007,ns,ok,direct,oneshot,a038f25ac66821574b30392dc1d3b189cc287e2c,true,kotlin-2.4.10/jvm/Eclipse Adoptium/25.0.1/JMH 1.37/forks=1,1,3,200000000,spgemv-v1+257x129+sparse-uniform+density=0.01+mode=oneshot,policy-v1,policy,jvm-scalar/policy-v1,jmh-average-time-v1,200000000,1,1,score-times-operations
4,spgemv+257x129+sparse-uniform+density=0.01+mode=oneshot,jvm-scalar/scalar/scalar/packed-4x4,5,2,1,2,466616,200145032,428.92878083906254,ns,ok,direct,oneshot,a038f25ac66821574b30392dc1d3b189cc287e2c,true,kotlin-2.4.10/jvm/Eclipse Adoptium/25.0.1/JMH 1.37/forks=1,1,3,200000000,spgemv-v1+257x129+sparse-uniform+density=0.01+mode=oneshot,policy-v1,policy,jvm-scalar/policy-v1,jmh-average-time-v1,200000000,1,1,score-times-operations
4,spgemv+257x129+sparse-uniform+density=0.01+mode=oneshot,jvm-scalar/scalar/scalar/packed-4x4,5,2,1,3,469289,200205148,426.613766783368,ns,ok,direct,oneshot,a038f25ac66821574b30392dc1d3b189cc287e2c,true,kotlin-2.4.10/jvm/Eclipse Adoptium/25.0.1/JMH 1.37/forks=1,1,3,200000000,spgemv-v1+257x129+sparse-uniform+density=0.01+mode=oneshot,policy-v1,policy,jvm-scalar/policy-v1,jmh-average-time-v1,200000000,1,1,score-times-operations
4,spgemv+257x129+sparse-uniform+density=0.01+mode=oneshot,jvm-scalar/scalar/scalar/packed-4x4,5,2,1,4,467899,200144378,427.75124118666633,ns,ok,direct,oneshot,a038f25ac66821574b30392dc1d3b189cc287e2c,true,kotlin-2.4.10/jvm/Eclipse Adoptium/25.0.1/JMH 1.37/forks=1,1,3,200000000,spgemv-v1+257x129+sparse-uniform+density=0.01+mode=oneshot,policy-v1,policy,jvm-scalar/policy-v1,jmh-average-time-v1,200000000,1,1,score-times-operations
4,spgemv+257x129+sparse-uniform+density=0.01+mode=oneshot,jvm-scalar/scalar/scalar/packed-4x4,5,2,1,5,465188,200222458,430.41191518267885,ns,ok,direct,oneshot,a038f25ac66821574b30392dc1d3b189cc287e2c,true,kotlin-2.4.10/jvm/Eclipse Adoptium/25.0.1/JMH 1.37/forks=1,1,3,200000000,spgemv-v1+257x129+sparse-uniform+density=0.01+mode=oneshot,policy-v1,policy,jvm-scalar/policy-v1,jmh-average-time-v1,200000000,1,1,score-times-operations
4,spmm+257x8x129+sparse-uniform+density=0.01+mode=prepared,jvm-scalar/scalar/scalar/packed-4x4,5,2,1,1,51527,200121775,3883.823529411765,ns,ok,direct,prepared,a038f25ac66821574b30392dc1d3b189cc287e2c,true,kotlin-2.4.10/jvm/Eclipse Adoptium/25.0.1/JMH 1.37/forks=1,1,3,200000000,spmm-v1+257x8x129+sparse-uniform+density=0.01+mode=prepared,policy-v1,policy,jvm-scalar/policy-v1,jmh-average-time-v1,200000000,1,1,score-times-operations
4,spmm+257x8x129+sparse-uniform+density=0.01+mode=prepared,jvm-scalar/scalar/scalar/packed-4x4,5,2,1,2,51226,200282939,3909.7907117479403,ns,ok,direct,prepared,a038f25ac66821574b30392dc1d3b189cc287e2c,true,kotlin-2.4.10/jvm/Eclipse Adoptium/25.0.1/JMH 1.37/forks=1,1,3,200000000,spmm-v1+257x8x129+sparse-uniform+density=0.01+mode=prepared,policy-v1,policy,jvm-scalar/policy-v1,jmh-average-time-v1,200000000,1,1,score-times-operations
4,spmm+257x8x129+sparse-uniform+density=0.01+mode=prepared,jvm-scalar/scalar/scalar/packed-4x4,5,2,1,3,51822,200233899,3863.8782563390064,ns,ok,direct,prepared,a038f25ac66821574b30392dc1d3b189cc287e2c,true,kotlin-2.4.10/jvm/Eclipse Adoptium/25.0.1/JMH 1.37/forks=1,1,3,200000000,spmm-v1+257x8x129+sparse-uniform+density=0.01+mode=prepared,policy-v1,policy,jvm-scalar/policy-v1,jmh-average-time-v1,200000000,1,1,score-times-operations
4,spmm+257x8x129+sparse-uniform+density=0.01+mode=prepared,jvm-scalar/scalar/scalar/packed-4x4,5,2,1,4,51989,200158206,3850.0106945700054,ns,ok,direct,prepared,a038f25ac66821574b30392dc1d3b189cc287e2c,true,kotlin-2.4.10/jvm/Eclipse Adoptium/25.0.1/JMH 1.37/forks=1,1,3,200000000,spmm-v1+257x8x129+sparse-uniform+density=0.01+mode=prepared,policy-v1,policy,jvm-scalar/policy-v1,jmh-average-time-v1,200000000,1,1,score-times-operations
4,spmm+257x8x129+sparse-uniform+density=0.01+mode=prepared,jvm-scalar/scalar/scalar/packed-4x4,5,2,1,5,51702,200189952,3871.9962864105837,ns,ok,direct,prepared,a038f25ac66821574b30392dc1d3b189cc287e2c,true,kotlin-2.4.10/jvm/Eclipse Adoptium/25.0.1/JMH 1.37/forks=1,1,3,200000000,spmm-v1+257x8x129+sparse-uniform+density=0.01+mode=prepared,policy-v1,policy,jvm-scalar/policy-v1,jmh-average-time-v1,200000000,1,1,score-times-operations
4,spmm+257x8x129+sparse-uniform+density=0.01+mode=oneshot,jvm-scalar/scalar/scalar/packed-4x4,5,2,1,1,59532,200156734,3362.170496539676,ns,ok,direct,oneshot,a038f25ac66821574b30392dc1d3b189cc287e2c,true,kotlin-2.4.10/jvm/Eclipse Adoptium/25.0.1/JMH 1.37/forks=1,1,3,200000000,spmm-v1+257x8x129+sparse-uniform+density=0.01+mode=oneshot,policy-v1,policy,jvm-scalar/policy-v1,jmh-average-time-v1,200000000,1,1,score-times-operations
4,spmm+257x8x129+sparse-uniform+density=0.01+mode=oneshot,jvm-scalar/scalar/scalar/packed-4x4,5,2,1,2,60054,200301029,3335.3486695307556,ns,ok,direct,oneshot,a038f25ac66821574b30392dc1d3b189cc287e2c,true,kotlin-2.4.10/jvm/Eclipse Adoptium/25.0.1/JMH 1.37/forks=1,1,3,200000000,spmm-v1+257x8x129+sparse-uniform+density=0.01+mode=oneshot,policy-v1,policy,jvm-scalar/policy-v1,jmh-average-time-v1,200000000,1,1,score-times-operations
4,spmm+257x8x129+sparse-uniform+density=0.01+mode=oneshot,jvm-scalar/scalar/scalar/packed-4x4,5,2,1,3,59727,200365517,3354.6891188239824,ns,ok,direct,oneshot,a038f25ac66821574b30392dc1d3b189cc287e2c,true,kotlin-2.4.10/jvm/Eclipse Adoptium/25.0.1/JMH 1.37/forks=1,1,3,200000000,spmm-v1+257x8x129+sparse-uniform+density=0.01+mode=oneshot,policy-v1,policy,jvm-scalar/policy-v1,jmh-average-time-v1,200000000,1,1,score-times-operations
4,spmm+257x8x129+sparse-uniform+density=0.01+mode=oneshot,jvm-scalar/scalar/scalar/packed-4x4,5,2,1,4,60526,200186097,3307.4397283811913,ns,ok,direct,oneshot,a038f25ac66821574b30392dc1d3b189cc287e2c,true,kotlin-2.4.10/jvm/Eclipse Adoptium/25.0.1/JMH 1.37/forks=1,1,3,200000000,spmm-v1+257x8x129+sparse-uniform+density=0.01+mode=oneshot,policy-v1,policy,jvm-scalar/policy-v1,jmh-average-time-v1,200000000,1,1,score-times-operations
4,spmm+257x8x129+sparse-uniform+density=0.01+mode=oneshot,jvm-scalar/scalar/scalar/packed-4x4,5,2,1,5,59875,200113221,3342.1832317327767,ns,ok,direct,oneshot,a038f25ac66821574b30392dc1d3b189cc287e2c,true,kotlin-2.4.10/jvm/Eclipse Adoptium/25.0.1/JMH 1.37/forks=1,1,3,200000000,spmm-v1+257x8x129+sparse-uniform+density=0.01+mode=oneshot,policy-v1,policy,jvm-scalar/policy-v1,jmh-average-time-v1,200000000,1,1,score-times-operations
4,spgemm+129x97x65+sparse-uniform+density=0.01+mode=prepared,jvm-scalar/scalar/scalar/packed-4x4,5,2,1,1,140697,200187298,1422.8256323873288,ns,ok,partial,prepared,a038f25ac66821574b30392dc1d3b189cc287e2c,true,kotlin-2.4.10/jvm/Eclipse Adoptium/25.0.1/JMH 1.37/forks=1,1,3,200000000,spgemm-v1+129x97x65+sparse-uniform+density=0.01+mode=prepared,policy-v1,policy,jvm-scalar/policy-v1,jmh-average-time-v1,200000000,1,1,score-times-operations
4,spgemm+129x97x65+sparse-uniform+density=0.01+mode=prepared,jvm-scalar/scalar/scalar/packed-4x4,5,2,1,2,140528,200176079,1424.456898269384,ns,ok,partial,prepared,a038f25ac66821574b30392dc1d3b189cc287e2c,true,kotlin-2.4.10/jvm/Eclipse Adoptium/25.0.1/JMH 1.37/forks=1,1,3,200000000,spgemm-v1+129x97x65+sparse-uniform+density=0.01+mode=prepared,policy-v1,policy,jvm-scalar/policy-v1,jmh-average-time-v1,200000000,1,1,score-times-operations
4,spgemm+129x97x65+sparse-uniform+density=0.01+mode=prepared,jvm-scalar/scalar/scalar/packed-4x4,5,2,1,3,139187,200343543,1439.3840157485972,ns,ok,partial,prepared,a038f25ac66821574b30392dc1d3b189cc287e2c,true,kotlin-2.4.10/jvm/Eclipse Adoptium/25.0.1/JMH 1.37/forks=1,1,3,200000000,spgemm-v1+129x97x65+sparse-uniform+density=0.01+mode=prepared,policy-v1,policy,jvm-scalar/policy-v1,jmh-average-time-v1,200000000,1,1,score-times-operations
4,spgemm+129x97x65+sparse-uniform+density=0.01+mode=prepared,jvm-scalar/scalar/scalar/packed-4x4,5,2,1,4,140269,200189477,1427.1826062779373,ns,ok,partial,prepared,a038f25ac66821574b30392dc1d3b189cc287e2c,true,kotlin-2.4.10/jvm/Eclipse Adoptium/25.0.1/JMH 1.37/forks=1,1,3,200000000,spgemm-v1+129x97x65+sparse-uniform+density=0.01+mode=prepared,policy-v1,policy,jvm-scalar/policy-v1,jmh-average-time-v1,200000000,1,1,score-times-operations
4,spgemm+129x97x65+sparse-uniform+density=0.01+mode=prepared,jvm-scalar/scalar/scalar/packed-4x4,5,2,1,5,139274,200268498,1437.9460487958988,ns,ok,partial,prepared,a038f25ac66821574b30392dc1d3b189cc287e2c,true,kotlin-2.4.10/jvm/Eclipse Adoptium/25.0.1/JMH 1.37/forks=1,1,3,200000000,spgemm-v1+129x97x65+sparse-uniform+density=0.01+mode=prepared,policy-v1,policy,jvm-scalar/policy-v1,jmh-average-time-v1,200000000,1,1,score-times-operations
4,spgemm+129x97x65+sparse-uniform+density=0.01+mode=oneshot,jvm-scalar/scalar/scalar/packed-4x4,5,2,1,1,151301,200234908,1323.420915922565,ns,ok,partial,oneshot,a038f25ac66821574b30392dc1d3b189cc287e2c,true,kotlin-2.4.10/jvm/Eclipse Adoptium/25.0.1/JMH 1.37/forks=1,1,3,200000000,spgemm-v1+129x97x65+sparse-uniform+density=0.01+mode=oneshot,policy-v1,policy,jvm-scalar/policy-v1,jmh-average-time-v1,200000000,1,1,score-times-operations
4,spgemm+129x97x65+sparse-uniform+density=0.01+mode=oneshot,jvm-scalar/scalar/scalar/packed-4x4,5,2,1,2,148605,200182879,1347.0803741462266,ns,ok,partial,oneshot,a038f25ac66821574b30392dc1d3b189cc287e2c,true,kotlin-2.4.10/jvm/Eclipse Adoptium/25.0.1/JMH 1.37/forks=1,1,3,200000000,spgemm-v1+129x97x65+sparse-uniform+density=0.01+mode=oneshot,policy-v1,policy,jvm-scalar/policy-v1,jmh-average-time-v1,200000000,1,1,score-times-operations
4,spgemm+129x97x65+sparse-uniform+density=0.01+mode=oneshot,jvm-scalar/scalar/scalar/packed-4x4,5,2,1,3,142414,200213477,1405.8553021472608,ns,ok,partial,oneshot,a038f25ac66821574b30392dc1d3b189cc287e2c,true,kotlin-2.4.10/jvm/Eclipse Adoptium/25.0.1/JMH 1.37/forks=1,1,3,200000000,spgemm-v1+129x97x65+sparse-uniform+density=0.01+mode=oneshot,policy-v1,policy,jvm-scalar/policy-v1,jmh-average-time-v1,200000000,1,1,score-times-operations
4,spgemm+129x97x65+sparse-uniform+density=0.01+mode=oneshot,jvm-scalar/scalar/scalar/packed-4x4,5,2,1,4,138847,200157535,1441.5690292192126,ns,ok,partial,oneshot,a038f25ac66821574b30392dc1d3b189cc287e2c,true,kotlin-2.4.10/jvm/Eclipse Adoptium/25.0.1/JMH 1.37/forks=1,1,3,200000000,spgemm-v1+129x97x65+sparse-uniform+density=0.01+mode=oneshot,policy-v1,policy,jvm-scalar/policy-v1,jmh-average-time-v1,200000000,1,1,score-times-operations
4,spgemm+129x97x65+sparse-uniform+density=0.01+mode=oneshot,jvm-scalar/scalar/scalar/packed-4x4,5,2,1,5,108509,200178010,1844.805592162862,ns,ok,partial,oneshot,a038f25ac66821574b30392dc1d3b189cc287e2c,true,kotlin-2.4.10/jvm/Eclipse Adoptium/25.0.1/JMH 1.37/forks=1,1,3,200000000,spgemm-v1+129x97x65+sparse-uniform+density=0.01+mode=oneshot,policy-v1,policy,jvm-scalar/policy-v1,jmh-average-time-v1,200000000,1,1,score-times-operations
4,spsymv+129+sparse-triangular+density=0.02+mode=oneshot+uplo=L,jvm-scalar/scalar/scalar/packed-4x4,5,2,1,1,383217,200153094,522.2970118757779,ns,ok,direct,oneshot,a038f25ac66821574b30392dc1d3b189cc287e2c,true,kotlin-2.4.10/jvm/Eclipse Adoptium/25.0.1/JMH 1.37/forks=1,1,3,200000000,spsymv-v1+129+sparse-triangular+density=0.02+mode=oneshot+uplo=L,policy-v1,policy,jvm-scalar/policy-v1,jmh-average-time-v1,200000000,1,1,score-times-operations
4,spsymv+129+sparse-triangular+density=0.02+mode=oneshot+uplo=L,jvm-scalar/scalar/scalar/packed-4x4,5,2,1,2,382790,200199543,523.0009744246192,ns,ok,direct,oneshot,a038f25ac66821574b30392dc1d3b189cc287e2c,true,kotlin-2.4.10/jvm/Eclipse Adoptium/25.0.1/JMH 1.37/forks=1,1,3,200000000,spsymv-v1+129+sparse-triangular+density=0.02+mode=oneshot+uplo=L,policy-v1,policy,jvm-scalar/policy-v1,jmh-average-time-v1,200000000,1,1,score-times-operations
4,spsymv+129+sparse-triangular+density=0.02+mode=oneshot+uplo=L,jvm-scalar/scalar/scalar/packed-4x4,5,2,1,3,375131,200247440,533.8066968605634,ns,ok,direct,oneshot,a038f25ac66821574b30392dc1d3b189cc287e2c,true,kotlin-2.4.10/jvm/Eclipse Adoptium/25.0.1/JMH 1.37/forks=1,1,3,200000000,spsymv-v1+129+sparse-triangular+density=0.02+mode=oneshot+uplo=L,policy-v1,policy,jvm-scalar/policy-v1,jmh-average-time-v1,200000000,1,1,score-times-operations
4,spsymv+129+sparse-triangular+density=0.02+mode=oneshot+uplo=L,jvm-scalar/scalar/scalar/packed-4x4,5,2,1,4,374123,200158739,535.0078423406206,ns,ok,direct,oneshot,a038f25ac66821574b30392dc1d3b189cc287e2c,true,kotlin-2.4.10/jvm/Eclipse Adoptium/25.0.1/JMH 1.37/forks=1,1,3,200000000,spsymv-v1+129+sparse-triangular+density=0.02+mode=oneshot+uplo=L,policy-v1,policy,jvm-scalar/policy-v1,jmh-average-time-v1,200000000,1,1,score-times-operations
4,spsymv+129+sparse-triangular+density=0.02+mode=oneshot+uplo=L,jvm-scalar/scalar/scalar/packed-4x4,5,2,1,5,373926,200204882,535.4131084760086,ns,ok,direct,oneshot,a038f25ac66821574b30392dc1d3b189cc287e2c,true,kotlin-2.4.10/jvm/Eclipse Adoptium/25.0.1/JMH 1.37/forks=1,1,3,200000000,spsymv-v1+129+sparse-triangular+density=0.02+mode=oneshot+uplo=L,policy-v1,policy,jvm-scalar/policy-v1,jmh-average-time-v1,200000000,1,1,score-times-operations
4,spsymm+129x8+sparse-triangular+density=0.02+mode=oneshot+side=L+uplo=L,jvm-scalar/scalar/scalar/packed-4x4,5,2,1,1,58613,200197759,3415.586286318735,ns,ok,direct,oneshot,a038f25ac66821574b30392dc1d3b189cc287e2c,true,kotlin-2.4.10/jvm/Eclipse Adoptium/25.0.1/JMH 1.37/forks=1,1,3,200000000,spsymm-v1+129x8+sparse-triangular+density=0.02+mode=oneshot+side=L+uplo=L,policy-v1,policy,jvm-scalar/policy-v1,jmh-average-time-v1,200000000,1,1,score-times-operations
4,spsymm+129x8+sparse-triangular+density=0.02+mode=oneshot+side=L+uplo=L,jvm-scalar/scalar/scalar/packed-4x4,5,2,1,2,65600,200182767,3051.5665701219514,ns,ok,direct,oneshot,a038f25ac66821574b30392dc1d3b189cc287e2c,true,kotlin-2.4.10/jvm/Eclipse Adoptium/25.0.1/JMH 1.37/forks=1,1,3,200000000,spsymm-v1+129x8+sparse-triangular+density=0.02+mode=oneshot+side=L+uplo=L,policy-v1,policy,jvm-scalar/policy-v1,jmh-average-time-v1,200000000,1,1,score-times-operations
4,spsymm+129x8+sparse-triangular+density=0.02+mode=oneshot+side=L+uplo=L,jvm-scalar/scalar/scalar/packed-4x4,5,2,1,3,63480,200153987,3153.0243698802774,ns,ok,direct,oneshot,a038f25ac66821574b30392dc1d3b189cc287e2c,true,kotlin-2.4.10/jvm/Eclipse Adoptium/25.0.1/JMH 1.37/forks=1,1,3,200000000,spsymm-v1+129x8+sparse-triangular+density=0.02+mode=oneshot+side=L+uplo=L,policy-v1,policy,jvm-scalar/policy-v1,jmh-average-time-v1,200000000,1,1,score-times-operations
4,spsymm+129x8+sparse-triangular+density=0.02+mode=oneshot+side=L+uplo=L,jvm-scalar/scalar/scalar/packed-4x4,5,2,1,4,63728,200130948,3140.3927316093395,ns,ok,direct,oneshot,a038f25ac66821574b30392dc1d3b189cc287e2c,true,kotlin-2.4.10/jvm/Eclipse Adoptium/25.0.1/JMH 1.37/forks=1,1,3,200000000,spsymm-v1+129x8+sparse-triangular+density=0.02+mode=oneshot+side=L+uplo=L,policy-v1,policy,jvm-scalar/policy-v1,jmh-average-time-v1,200000000,1,1,score-times-operations
4,spsymm+129x8+sparse-triangular+density=0.02+mode=oneshot+side=L+uplo=L,jvm-scalar/scalar/scalar/packed-4x4,5,2,1,5,63339,200193834,3160.67247667314,ns,ok,direct,oneshot,a038f25ac66821574b30392dc1d3b189cc287e2c,true,kotlin-2.4.10/jvm/Eclipse Adoptium/25.0.1/JMH 1.37/forks=1,1,3,200000000,spsymm-v1+129x8+sparse-triangular+density=0.02+mode=oneshot+side=L+uplo=L,policy-v1,policy,jvm-scalar/policy-v1,jmh-average-time-v1,200000000,1,1,score-times-operations
4,sptrsv+129+sparse-triangular+density=0.02+mode=oneshot+uplo=L+transA=N+diag=N,jvm-scalar/scalar/scalar/packed-4x4,5,2,1,1,325669,200225465,614.8127853741069,ns,ok,direct,oneshot,a038f25ac66821574b30392dc1d3b189cc287e2c,true,kotlin-2.4.10/jvm/Eclipse Adoptium/25.0.1/JMH 1.37/forks=1,1,3,200000000,sptrsv-v1+129+sparse-triangular+density=0.02+mode=oneshot+uplo=L+transA=N+diag=N,policy-v1,policy,jvm-scalar/policy-v1,jmh-average-time-v1,200000000,1,1,score-times-operations
4,sptrsv+129+sparse-triangular+density=0.02+mode=oneshot+uplo=L+transA=N+diag=N,jvm-scalar/scalar/scalar/packed-4x4,5,2,1,2,325010,200232343,616.0805605981354,ns,ok,direct,oneshot,a038f25ac66821574b30392dc1d3b189cc287e2c,true,kotlin-2.4.10/jvm/Eclipse Adoptium/25.0.1/JMH 1.37/forks=1,1,3,200000000,sptrsv-v1+129+sparse-triangular+density=0.02+mode=oneshot+uplo=L+transA=N+diag=N,policy-v1,policy,jvm-scalar/policy-v1,jmh-average-time-v1,200000000,1,1,score-times-operations
4,sptrsv+129+sparse-triangular+density=0.02+mode=oneshot+uplo=L+transA=N+diag=N,jvm-scalar/scalar/scalar/packed-4x4,5,2,1,3,322071,200261785,621.7939056916022,ns,ok,direct,oneshot,a038f25ac66821574b30392dc1d3b189cc287e2c,true,kotlin-2.4.10/jvm/Eclipse Adoptium/25.0.1/JMH 1.37/forks=1,1,3,200000000,sptrsv-v1+129+sparse-triangular+density=0.02+mode=oneshot+uplo=L+transA=N+diag=N,policy-v1,policy,jvm-scalar/policy-v1,jmh-average-time-v1,200000000,1,1,score-times-operations
4,sptrsv+129+sparse-triangular+density=0.02+mode=oneshot+uplo=L+transA=N+diag=N,jvm-scalar/scalar/scalar/packed-4x4,5,2,1,4,323357,200151500,618.9799509520437,ns,ok,direct,oneshot,a038f25ac66821574b30392dc1d3b189cc287e2c,true,kotlin-2.4.10/jvm/Eclipse Adoptium/25.0.1/JMH 1.37/forks=1,1,3,200000000,sptrsv-v1+129+sparse-triangular+density=0.02+mode=oneshot+uplo=L+transA=N+diag=N,policy-v1,policy,jvm-scalar/policy-v1,jmh-average-time-v1,200000000,1,1,score-times-operations
4,sptrsv+129+sparse-triangular+density=0.02+mode=oneshot+uplo=L+transA=N+diag=N,jvm-scalar/scalar/scalar/packed-4x4,5,2,1,5,323152,200189332,619.489689062732,ns,ok,direct,oneshot,a038f25ac66821574b30392dc1d3b189cc287e2c,true,kotlin-2.4.10/jvm/Eclipse Adoptium/25.0.1/JMH 1.37/forks=1,1,3,200000000,sptrsv-v1+129+sparse-triangular+density=0.02+mode=oneshot+uplo=L+transA=N+diag=N,policy-v1,policy,jvm-scalar/policy-v1,jmh-average-time-v1,200000000,1,1,score-times-operations
4,sptrmv+129+sparse-triangular+density=0.02+mode=oneshot+uplo=U+transA=T+diag=U,jvm-scalar/scalar/scalar/packed-4x4,5,2,1,1,542598,200111847,368.80314155230946,ns,ok,direct,oneshot,a038f25ac66821574b30392dc1d3b189cc287e2c,true,kotlin-2.4.10/jvm/Eclipse Adoptium/25.0.1/JMH 1.37/forks=1,1,3,200000000,sptrmv-v1+129+sparse-triangular+density=0.02+mode=oneshot+uplo=U+transA=T+diag=U,policy-v1,policy,jvm-scalar/policy-v1,jmh-average-time-v1,200000000,1,1,score-times-operations
4,sptrmv+129+sparse-triangular+density=0.02+mode=oneshot+uplo=U+transA=T+diag=U,jvm-scalar/scalar/scalar/packed-4x4,5,2,1,2,544746,200191024,367.49425236715825,ns,ok,direct,oneshot,a038f25ac66821574b30392dc1d3b189cc287e2c,true,kotlin-2.4.10/jvm/Eclipse Adoptium/25.0.1/JMH 1.37/forks=1,1,3,200000000,sptrmv-v1+129+sparse-triangular+density=0.02+mode=oneshot+uplo=U+transA=T+diag=U,policy-v1,policy,jvm-scalar/policy-v1,jmh-average-time-v1,200000000,1,1,score-times-operations
4,sptrmv+129+sparse-triangular+density=0.02+mode=oneshot+uplo=U+transA=T+diag=U,jvm-scalar/scalar/scalar/packed-4x4,5,2,1,3,545176,200256226,367.3239944531674,ns,ok,direct,oneshot,a038f25ac66821574b30392dc1d3b189cc287e2c,true,kotlin-2.4.10/jvm/Eclipse Adoptium/25.0.1/JMH 1.37/forks=1,1,3,200000000,sptrmv-v1+129+sparse-triangular+density=0.02+mode=oneshot+uplo=U+transA=T+diag=U,policy-v1,policy,jvm-scalar/policy-v1,jmh-average-time-v1,200000000,1,1,score-times-operations
4,sptrmv+129+sparse-triangular+density=0.02+mode=oneshot+uplo=U+transA=T+diag=U,jvm-scalar/scalar/scalar/packed-4x4,5,2,1,4,556714,200096326,359.423916050252,ns,ok,direct,oneshot,a038f25ac66821574b30392dc1d3b189cc287e2c,true,kotlin-2.4.10/jvm/Eclipse Adoptium/25.0.1/JMH 1.37/forks=1,1,3,200000000,sptrmv-v1+129+sparse-triangular+density=0.02+mode=oneshot+uplo=U+transA=T+diag=U,policy-v1,policy,jvm-scalar/policy-v1,jmh-average-time-v1,200000000,1,1,score-times-operations
4,sptrmv+129+sparse-triangular+density=0.02+mode=oneshot+uplo=U+transA=T+diag=U,jvm-scalar/scalar/scalar/packed-4x4,5,2,1,5,544154,200191203,367.894388353297,ns,ok,direct,oneshot,a038f25ac66821574b30392dc1d3b189cc287e2c,true,kotlin-2.4.10/jvm/Eclipse Adoptium/25.0.1/JMH 1.37/forks=1,1,3,200000000,sptrmv-v1+129+sparse-triangular+density=0.02+mode=oneshot+uplo=U+transA=T+diag=U,policy-v1,policy,jvm-scalar/policy-v1,jmh-average-time-v1,200000000,1,1,score-times-operations
4,sptrsm+129x8+sparse-triangular+density=0.02+mode=oneshot+side=L+uplo=L+transA=N+diag=N,jvm-scalar/scalar/scalar/packed-4x4,5,2,1,1,39758,200260753,5036.992630414004,ns,ok,direct,oneshot,a038f25ac66821574b30392dc1d3b189cc287e2c,true,kotlin-2.4.10/jvm/Eclipse Adoptium/25.0.1/JMH 1.37/forks=1,1,3,200000000,sptrsm-v1+129x8+sparse-triangular+density=0.02+mode=oneshot+side=L+uplo=L+transA=N+diag=N,policy-v1,policy,jvm-scalar/policy-v1,jmh-average-time-v1,200000000,1,1,score-times-operations
4,sptrsm+129x8+sparse-triangular+density=0.02+mode=oneshot+side=L+uplo=L+transA=N+diag=N,jvm-scalar/scalar/scalar/packed-4x4,5,2,1,2,39914,200252372,5017.096056521521,ns,ok,direct,oneshot,a038f25ac66821574b30392dc1d3b189cc287e2c,true,kotlin-2.4.10/jvm/Eclipse Adoptium/25.0.1/JMH 1.37/forks=1,1,3,200000000,sptrsm-v1+129x8+sparse-triangular+density=0.02+mode=oneshot+side=L+uplo=L+transA=N+diag=N,policy-v1,policy,jvm-scalar/policy-v1,jmh-average-time-v1,200000000,1,1,score-times-operations
4,sptrsm+129x8+sparse-triangular+density=0.02+mode=oneshot+side=L+uplo=L+transA=N+diag=N,jvm-scalar/scalar/scalar/packed-4x4,5,2,1,3,39600,200169571,5054.787146464647,ns,ok,direct,oneshot,a038f25ac66821574b30392dc1d3b189cc287e2c,true,kotlin-2.4.10/jvm/Eclipse Adoptium/25.0.1/JMH 1.37/forks=1,1,3,200000000,sptrsm-v1+129x8+sparse-triangular+density=0.02+mode=oneshot+side=L+uplo=L+transA=N+diag=N,policy-v1,policy,jvm-scalar/policy-v1,jmh-average-time-v1,200000000,1,1,score-times-operations
4,sptrsm+129x8+sparse-triangular+density=0.02+mode=oneshot+side=L+uplo=L+transA=N+diag=N,jvm-scalar/scalar/scalar/packed-4x4,5,2,1,4,39866,200207906,5022.021421762905,ns,ok,direct,oneshot,a038f25ac66821574b30392dc1d3b189cc287e2c,true,kotlin-2.4.10/jvm/Eclipse Adoptium/25.0.1/JMH 1.37/forks=1,1,3,200000000,sptrsm-v1+129x8+sparse-triangular+density=0.02+mode=oneshot+side=L+uplo=L+transA=N+diag=N,policy-v1,policy,jvm-scalar/policy-v1,jmh-average-time-v1,200000000,1,1,score-times-operations
4,sptrsm+129x8+sparse-triangular+density=0.02+mode=oneshot+side=L+uplo=L+transA=N+diag=N,jvm-scalar/scalar/scalar/packed-4x4,5,2,1,5,39624,200169964,5051.735412881082,ns,ok,direct,oneshot,a038f25ac66821574b30392dc1d3b189cc287e2c,true,kotlin-2.4.10/jvm/Eclipse Adoptium/25.0.1/JMH 1.37/forks=1,1,3,200000000,sptrsm-v1+129x8+sparse-triangular+density=0.02+mode=oneshot+side=L+uplo=L+transA=N+diag=N,policy-v1,policy,jvm-scalar/policy-v1,jmh-average-time-v1,200000000,1,1,score-times-operations
4,sptrmm+129x8+sparse-triangular+density=0.02+mode=oneshot+side=L+uplo=U+transA=T+diag=U,jvm-scalar/scalar/scalar/packed-4x4,5,2,1,1,46012,200216552,4351.398591671737,ns,ok,direct,oneshot,a038f25ac66821574b30392dc1d3b189cc287e2c,true,kotlin-2.4.10/jvm/Eclipse Adoptium/25.0.1/JMH 1.37/forks=1,1,3,200000000,sptrmm-v1+129x8+sparse-triangular+density=0.02+mode=oneshot+side=L+uplo=U+transA=T+diag=U,policy-v1,policy,jvm-scalar/policy-v1,jmh-average-time-v1,200000000,1,1,score-times-operations
4,sptrmm+129x8+sparse-triangular+density=0.02+mode=oneshot+side=L+uplo=U+transA=T+diag=U,jvm-scalar/scalar/scalar/packed-4x4,5,2,1,2,46319,200194315,4322.07765711695,ns,ok,direct,oneshot,a038f25ac66821574b30392dc1d3b189cc287e2c,true,kotlin-2.4.10/jvm/Eclipse Adoptium/25.0.1/JMH 1.37/forks=1,1,3,200000000,sptrmm-v1+129x8+sparse-triangular+density=0.02+mode=oneshot+side=L+uplo=U+transA=T+diag=U,policy-v1,policy,jvm-scalar/policy-v1,jmh-average-time-v1,200000000,1,1,score-times-operations
4,sptrmm+129x8+sparse-triangular+density=0.02+mode=oneshot+side=L+uplo=U+transA=T+diag=U,jvm-scalar/scalar/scalar/packed-4x4,5,2,1,3,46340,200229662,4320.881786793268,ns,ok,direct,oneshot,a038f25ac66821574b30392dc1d3b189cc287e2c,true,kotlin-2.4.10/jvm/Eclipse Adoptium/25.0.1/JMH 1.37/forks=1,1,3,200000000,sptrmm-v1+129x8+sparse-triangular+density=0.02+mode=oneshot+side=L+uplo=U+transA=T+diag=U,policy-v1,policy,jvm-scalar/policy-v1,jmh-average-time-v1,200000000,1,1,score-times-operations
4,sptrmm+129x8+sparse-triangular+density=0.02+mode=oneshot+side=L+uplo=U+transA=T+diag=U,jvm-scalar/scalar/scalar/packed-4x4,5,2,1,4,46362,200148149,4317.073228074716,ns,ok,direct,oneshot,a038f25ac66821574b30392dc1d3b189cc287e2c,true,kotlin-2.4.10/jvm/Eclipse Adoptium/25.0.1/JMH 1.37/forks=1,1,3,200000000,sptrmm-v1+129x8+sparse-triangular+density=0.02+mode=oneshot+side=L+uplo=U+transA=T+diag=U,policy-v1,policy,jvm-scalar/policy-v1,jmh-average-time-v1,200000000,1,1,score-times-operations
4,sptrmm+129x8+sparse-triangular+density=0.02+mode=oneshot+side=L+uplo=U+transA=T+diag=U,jvm-scalar/scalar/scalar/packed-4x4,5,2,1,5,46381,200183983,4316.077337702939,ns,ok,direct,oneshot,a038f25ac66821574b30392dc1d3b189cc287e2c,true,kotlin-2.4.10/jvm/Eclipse Adoptium/25.0.1/JMH 1.37/forks=1,1,3,200000000,sptrmm-v1+129x8+sparse-triangular+density=0.02+mode=oneshot+side=L+uplo=U+transA=T+diag=U,policy-v1,policy,jvm-scalar/policy-v1,jmh-average-time-v1,200000000,1,1,score-times-operations
4,spsyrk-dense+129x65+sparse-uniform+density=0.02+uplo=U,jvm-scalar/scalar/scalar/packed-4x4,5,2,1,1,25950,200183148,7714.186820809248,ns,ok,direct,oneshot,a038f25ac66821574b30392dc1d3b189cc287e2c,true,kotlin-2.4.10/jvm/Eclipse Adoptium/25.0.1/JMH 1.37/forks=1,1,3,200000000,spsyrk-dense-v1+129x65+sparse-uniform+density=0.02+uplo=U,policy-v1,policy,jvm-scalar/policy-v1,jmh-average-time-v1,200000000,1,1,score-times-operations
4,spsyrk-dense+129x65+sparse-uniform+density=0.02+uplo=U,jvm-scalar/scalar/scalar/packed-4x4,5,2,1,2,29863,200240691,6705.310618491109,ns,ok,direct,oneshot,a038f25ac66821574b30392dc1d3b189cc287e2c,true,kotlin-2.4.10/jvm/Eclipse Adoptium/25.0.1/JMH 1.37/forks=1,1,3,200000000,spsyrk-dense-v1+129x65+sparse-uniform+density=0.02+uplo=U,policy-v1,policy,jvm-scalar/policy-v1,jmh-average-time-v1,200000000,1,1,score-times-operations
4,spsyrk-dense+129x65+sparse-uniform+density=0.02+uplo=U,jvm-scalar/scalar/scalar/packed-4x4,5,2,1,3,31357,200194580,6384.366489141181,ns,ok,direct,oneshot,a038f25ac66821574b30392dc1d3b189cc287e2c,true,kotlin-2.4.10/jvm/Eclipse Adoptium/25.0.1/JMH 1.37/forks=1,1,3,200000000,spsyrk-dense-v1+129x65+sparse-uniform+density=0.02+uplo=U,policy-v1,policy,jvm-scalar/policy-v1,jmh-average-time-v1,200000000,1,1,score-times-operations
4,spsyrk-dense+129x65+sparse-uniform+density=0.02+uplo=U,jvm-scalar/scalar/scalar/packed-4x4,5,2,1,4,30399,200110188,6582.7885127800255,ns,ok,direct,oneshot,a038f25ac66821574b30392dc1d3b189cc287e2c,true,kotlin-2.4.10/jvm/Eclipse Adoptium/25.0.1/JMH 1.37/forks=1,1,3,200000000,spsyrk-dense-v1+129x65+sparse-uniform+density=0.02+uplo=U,policy-v1,policy,jvm-scalar/policy-v1,jmh-average-time-v1,200000000,1,1,score-times-operations
4,spsyrk-dense+129x65+sparse-uniform+density=0.02+uplo=U,jvm-scalar/scalar/scalar/packed-4x4,5,2,1,5,26479,200108700,7557.260470561577,ns,ok,direct,oneshot,a038f25ac66821574b30392dc1d3b189cc287e2c,true,kotlin-2.4.10/jvm/Eclipse Adoptium/25.0.1/JMH 1.37/forks=1,1,3,200000000,spsyrk-dense-v1+129x65+sparse-uniform+density=0.02+uplo=U,policy-v1,policy,jvm-scalar/policy-v1,jmh-average-time-v1,200000000,1,1,score-times-operations
4,spsyrk-sparse+129x65+sparse-uniform+density=0.02+uplo=L,jvm-scalar/scalar/scalar/packed-4x4,5,2,1,1,52480,200188298,3814.563605182927,ns,ok,partial,oneshot,a038f25ac66821574b30392dc1d3b189cc287e2c,true,kotlin-2.4.10/jvm/Eclipse Adoptium/25.0.1/JMH 1.37/forks=1,1,3,200000000,spsyrk-sparse-v1+129x65+sparse-uniform+density=0.02+uplo=L,policy-v1,policy,jvm-scalar/policy-v1,jmh-average-time-v1,200000000,1,1,score-times-operations
4,spsyrk-sparse+129x65+sparse-uniform+density=0.02+uplo=L,jvm-scalar/scalar/scalar/packed-4x4,5,2,1,2,56096,200162875,3568.220104820308,ns,ok,partial,oneshot,a038f25ac66821574b30392dc1d3b189cc287e2c,true,kotlin-2.4.10/jvm/Eclipse Adoptium/25.0.1/JMH 1.37/forks=1,1,3,200000000,spsyrk-sparse-v1+129x65+sparse-uniform+density=0.02+uplo=L,policy-v1,policy,jvm-scalar/policy-v1,jmh-average-time-v1,200000000,1,1,score-times-operations
4,spsyrk-sparse+129x65+sparse-uniform+density=0.02+uplo=L,jvm-scalar/scalar/scalar/packed-4x4,5,2,1,3,55543,200164292,3603.7717084060996,ns,ok,partial,oneshot,a038f25ac66821574b30392dc1d3b189cc287e2c,true,kotlin-2.4.10/jvm/Eclipse Adoptium/25.0.1/JMH 1.37/forks=1,1,3,200000000,spsyrk-sparse-v1+129x65+sparse-uniform+density=0.02+uplo=L,policy-v1,policy,jvm-scalar/policy-v1,jmh-average-time-v1,200000000,1,1,score-times-operations
4,spsyrk-sparse+129x65+sparse-uniform+density=0.02+uplo=L,jvm-scalar/scalar/scalar/packed-4x4,5,2,1,4,55262,200241179,3623.4877311715104,ns,ok,partial,oneshot,a038f25ac66821574b30392dc1d3b189cc287e2c,true,kotlin-2.4.10/jvm/Eclipse Adoptium/25.0.1/JMH 1.37/forks=1,1,3,200000000,spsyrk-sparse-v1+129x65+sparse-uniform+density=0.02+uplo=L,policy-v1,policy,jvm-scalar/policy-v1,jmh-average-time-v1,200000000,1,1,score-times-operations
4,spsyrk-sparse+129x65+sparse-uniform+density=0.02+uplo=L,jvm-scalar/scalar/scalar/packed-4x4,5,2,1,5,44562,200199465,4492.6050222162385,ns,ok,partial,oneshot,a038f25ac66821574b30392dc1d3b189cc287e2c,true,kotlin-2.4.10/jvm/Eclipse Adoptium/25.0.1/JMH 1.37/forks=1,1,3,200000000,spsyrk-sparse-v1+129x65+sparse-uniform+density=0.02+uplo=L,policy-v1,policy,jvm-scalar/policy-v1,jmh-average-time-v1,200000000,1,1,score-times-operations
4,spadd+129x65+sparse-uniform+density=0.02,jvm-scalar/scalar/scalar/packed-4x4,5,2,1,1,149923,200171468,1335.1618364093567,ns,ok,partial,oneshot,a038f25ac66821574b30392dc1d3b189cc287e2c,true,kotlin-2.4.10/jvm/Eclipse Adoptium/25.0.1/JMH 1.37/forks=1,1,3,200000000,spadd-v1+129x65+sparse-uniform+density=0.02,policy-v1,policy,jvm-scalar/policy-v1,jmh-average-time-v1,200000000,1,1,score-times-operations
4,spadd+129x65+sparse-uniform+density=0.02,jvm-scalar/scalar/scalar/packed-4x4,5,2,1,2,157958,200265962,1267.843110193849,ns,ok,partial,oneshot,a038f25ac66821574b30392dc1d3b189cc287e2c,true,kotlin-2.4.10/jvm/Eclipse Adoptium/25.0.1/JMH 1.37/forks=1,1,3,200000000,spadd-v1+129x65+sparse-uniform+density=0.02,policy-v1,policy,jvm-scalar/policy-v1,jmh-average-time-v1,200000000,1,1,score-times-operations
4,spadd+129x65+sparse-uniform+density=0.02,jvm-scalar/scalar/scalar/packed-4x4,5,2,1,3,136775,200315071,1464.5591007128496,ns,ok,partial,oneshot,a038f25ac66821574b30392dc1d3b189cc287e2c,true,kotlin-2.4.10/jvm/Eclipse Adoptium/25.0.1/JMH 1.37/forks=1,1,3,200000000,spadd-v1+129x65+sparse-uniform+density=0.02,policy-v1,policy,jvm-scalar/policy-v1,jmh-average-time-v1,200000000,1,1,score-times-operations
4,spadd+129x65+sparse-uniform+density=0.02,jvm-scalar/scalar/scalar/packed-4x4,5,2,1,4,132596,200157390,1509.5281154785966,ns,ok,partial,oneshot,a038f25ac66821574b30392dc1d3b189cc287e2c,true,kotlin-2.4.10/jvm/Eclipse Adoptium/25.0.1/JMH 1.37/forks=1,1,3,200000000,spadd-v1+129x65+sparse-uniform+density=0.02,policy-v1,policy,jvm-scalar/policy-v1,jmh-average-time-v1,200000000,1,1,score-times-operations
4,spadd+129x65+sparse-uniform+density=0.02,jvm-scalar/scalar/scalar/packed-4x4,5,2,1,5,152805,200275933,1310.6634795981806,ns,ok,partial,oneshot,a038f25ac66821574b30392dc1d3b189cc287e2c,true,kotlin-2.4.10/jvm/Eclipse Adoptium/25.0.1/JMH 1.37/forks=1,1,3,200000000,spadd-v1+129x65+sparse-uniform+density=0.02,policy-v1,policy,jvm-scalar/policy-v1,jmh-average-time-v1,200000000,1,1,score-times-operations
4,sparse-slices-scatter+512+sparse-uniform+density=0.25,jvm-scalar/scalar/scalar/packed-4x4,5,2,1,1,911643,200189564,219.59205961105388,ns,ok,unsupported,sparse-slices,a038f25ac66821574b30392dc1d3b189cc287e2c,true,kotlin-2.4.10/jvm/Eclipse Adoptium/25.0.1/JMH 1.37/forks=1,1,3,200000000,sparse-slices-scatter-v1+512+sparse-uniform+density=0.25,policy-v1,policy,jvm-scalar/policy-v1,jmh-average-time-v1,200000000,1,1,score-times-operations
4,sparse-slices-scatter+512+sparse-uniform+density=0.25,jvm-scalar/scalar/scalar/packed-4x4,5,2,1,2,922595,200115075,216.90457351275478,ns,ok,unsupported,sparse-slices,a038f25ac66821574b30392dc1d3b189cc287e2c,true,kotlin-2.4.10/jvm/Eclipse Adoptium/25.0.1/JMH 1.37/forks=1,1,3,200000000,sparse-slices-scatter-v1+512+sparse-uniform+density=0.25,policy-v1,policy,jvm-scalar/policy-v1,jmh-average-time-v1,200000000,1,1,score-times-operations
4,sparse-slices-scatter+512+sparse-uniform+density=0.25,jvm-scalar/scalar/scalar/packed-4x4,5,2,1,3,853018,200251290,234.7562302319529,ns,ok,unsupported,sparse-slices,a038f25ac66821574b30392dc1d3b189cc287e2c,true,kotlin-2.4.10/jvm/Eclipse Adoptium/25.0.1/JMH 1.37/forks=1,1,3,200000000,sparse-slices-scatter-v1+512+sparse-uniform+density=0.25,policy-v1,policy,jvm-scalar/policy-v1,jmh-average-time-v1,200000000,1,1,score-times-operations
4,sparse-slices-scatter+512+sparse-uniform+density=0.25,jvm-scalar/scalar/scalar/packed-4x4,5,2,1,4,922681,200231475,217.0105106748703,ns,ok,unsupported,sparse-slices,a038f25ac66821574b30392dc1d3b189cc287e2c,true,kotlin-2.4.10/jvm/Eclipse Adoptium/25.0.1/JMH 1.37/forks=1,1,3,200000000,sparse-slices-scatter-v1+512+sparse-uniform+density=0.25,policy-v1,policy,jvm-scalar/policy-v1,jmh-average-time-v1,200000000,1,1,score-times-operations
4,sparse-slices-scatter+512+sparse-uniform+density=0.25,jvm-scalar/scalar/scalar/packed-4x4,5,2,1,5,924313,200251638,216.64916321635636,ns,ok,unsupported,sparse-slices,a038f25ac66821574b30392dc1d3b189cc287e2c,true,kotlin-2.4.10/jvm/Eclipse Adoptium/25.0.1/JMH 1.37/forks=1,1,3,200000000,sparse-slices-scatter-v1+512+sparse-uniform+density=0.25,policy-v1,policy,jvm-scalar/policy-v1,jmh-average-time-v1,200000000,1,1,score-times-operations
4,sparse-slices-scatter-checked+512+sparse-uniform+density=0.25,jvm-scalar/scalar/scalar/packed-4x4,5,2,1,1,532476,200094804,375.7818267865594,ns,ok,unsupported,sparse-slices,a038f25ac66821574b30392dc1d3b189cc287e2c,true,kotlin-2.4.10/jvm/Eclipse Adoptium/25.0.1/JMH 1.37/forks=1,1,3,200000000,sparse-slices-scatter-checked-v1+512+sparse-uniform+density=0.25,policy-v1,policy,jvm-scalar/policy-v1,jmh-average-time-v1,200000000,1,1,score-times-operations
4,sparse-slices-scatter-checked+512+sparse-uniform+density=0.25,jvm-scalar/scalar/scalar/packed-4x4,5,2,1,2,528055,200084712,378.9088485100984,ns,ok,unsupported,sparse-slices,a038f25ac66821574b30392dc1d3b189cc287e2c,true,kotlin-2.4.10/jvm/Eclipse Adoptium/25.0.1/JMH 1.37/forks=1,1,3,200000000,sparse-slices-scatter-checked-v1+512+sparse-uniform+density=0.25,policy-v1,policy,jvm-scalar/policy-v1,jmh-average-time-v1,200000000,1,1,score-times-operations
4,sparse-slices-scatter-checked+512+sparse-uniform+density=0.25,jvm-scalar/scalar/scalar/packed-4x4,5,2,1,3,532262,200130843,376.0006218741898,ns,ok,unsupported,sparse-slices,a038f25ac66821574b30392dc1d3b189cc287e2c,true,kotlin-2.4.10/jvm/Eclipse Adoptium/25.0.1/JMH 1.37/forks=1,1,3,200000000,sparse-slices-scatter-checked-v1+512+sparse-uniform+density=0.25,policy-v1,policy,jvm-scalar/policy-v1,jmh-average-time-v1,200000000,1,1,score-times-operations
4,sparse-slices-scatter-checked+512+sparse-uniform+density=0.25,jvm-scalar/scalar/scalar/packed-4x4,5,2,1,4,497163,200162523,402.60945203082287,ns,ok,unsupported,sparse-slices,a038f25ac66821574b30392dc1d3b189cc287e2c,true,kotlin-2.4.10/jvm/Eclipse Adoptium/25.0.1/JMH 1.37/forks=1,1,3,200000000,sparse-slices-scatter-checked-v1+512+sparse-uniform+density=0.25,policy-v1,policy,jvm-scalar/policy-v1,jmh-average-time-v1,200000000,1,1,score-times-operations
4,sparse-slices-scatter-checked+512+sparse-uniform+density=0.25,jvm-scalar/scalar/scalar/packed-4x4,5,2,1,5,484168,200122306,413.3323681036334,ns,ok,unsupported,sparse-slices,a038f25ac66821574b30392dc1d3b189cc287e2c,true,kotlin-2.4.10/jvm/Eclipse Adoptium/25.0.1/JMH 1.37/forks=1,1,3,200000000,sparse-slices-scatter-checked-v1+512+sparse-uniform+density=0.25,policy-v1,policy,jvm-scalar/policy-v1,jmh-average-time-v1,200000000,1,1,score-times-operations
4,sparse-slices-gather+512+sparse-uniform+density=0.25,jvm-scalar/scalar/scalar/packed-4x4,5,2,1,1,2514975,200179902,79.59518563802821,ns,ok,unsupported,sparse-slices,a038f25ac66821574b30392dc1d3b189cc287e2c,true,kotlin-2.4.10/jvm/Eclipse Adoptium/25.0.1/JMH 1.37/forks=1,1,3,200000000,sparse-slices-gather-v1+512+sparse-uniform+density=0.25,policy-v1,policy,jvm-scalar/policy-v1,jmh-average-time-v1,200000000,1,1,score-times-operations
4,sparse-slices-gather+512+sparse-uniform+density=0.25,jvm-scalar/scalar/scalar/packed-4x4,5,2,1,2,2510673,200217634,79.74659941776568,ns,ok,unsupported,sparse-slices,a038f25ac66821574b30392dc1d3b189cc287e2c,true,kotlin-2.4.10/jvm/Eclipse Adoptium/25.0.1/JMH 1.37/forks=1,1,3,200000000,sparse-slices-gather-v1+512+sparse-uniform+density=0.25,policy-v1,policy,jvm-scalar/policy-v1,jmh-average-time-v1,200000000,1,1,score-times-operations
4,sparse-slices-gather+512+sparse-uniform+density=0.25,jvm-scalar/scalar/scalar/packed-4x4,5,2,1,3,2520745,200195082,79.4190138232943,ns,ok,unsupported,sparse-slices,a038f25ac66821574b30392dc1d3b189cc287e2c,true,kotlin-2.4.10/jvm/Eclipse Adoptium/25.0.1/JMH 1.37/forks=1,1,3,200000000,sparse-slices-gather-v1+512+sparse-uniform+density=0.25,policy-v1,policy,jvm-scalar/policy-v1,jmh-average-time-v1,200000000,1,1,score-times-operations
4,sparse-slices-gather+512+sparse-uniform+density=0.25,jvm-scalar/scalar/scalar/packed-4x4,5,2,1,4,2723318,200152434,73.49579960915325,ns,ok,unsupported,sparse-slices,a038f25ac66821574b30392dc1d3b189cc287e2c,true,kotlin-2.4.10/jvm/Eclipse Adoptium/25.0.1/JMH 1.37/forks=1,1,3,200000000,sparse-slices-gather-v1+512+sparse-uniform+density=0.25,policy-v1,policy,jvm-scalar/policy-v1,jmh-average-time-v1,200000000,1,1,score-times-operations
4,sparse-slices-gather+512+sparse-uniform+density=0.25,jvm-scalar/scalar/scalar/packed-4x4,5,2,1,5,2703616,200199548,74.04881018606193,ns,ok,unsupported,sparse-slices,a038f25ac66821574b30392dc1d3b189cc287e2c,true,kotlin-2.4.10/jvm/Eclipse Adoptium/25.0.1/JMH 1.37/forks=1,1,3,200000000,sparse-slices-gather-v1+512+sparse-uniform+density=0.25,policy-v1,policy,jvm-scalar/policy-v1,jmh-average-time-v1,200000000,1,1,score-times-operations
4,sparse-slices-gather-clear+512+sparse-uniform+density=0.25,jvm-scalar/scalar/scalar/packed-4x4,5,2,1,1,1068428,200140946,187.32282006836212,ns,ok,unsupported,sparse-slices,a038f25ac66821574b30392dc1d3b189cc287e2c,true,kotlin-2.4.10/jvm/Eclipse Adoptium/25.0.1/JMH 1.37/forks=1,1,3,200000000,sparse-slices-gather-clear-v1+512+sparse-uniform+density=0.25,policy-v1,policy,jvm-scalar/policy-v1,jmh-average-time-v1,200000000,1,1,score-times-operations
4,sparse-slices-gather-clear+512+sparse-uniform+density=0.25,jvm-scalar/scalar/scalar/packed-4x4,5,2,1,2,1072883,200183489,186.58464063649066,ns,ok,unsupported,sparse-slices,a038f25ac66821574b30392dc1d3b189cc287e2c,true,kotlin-2.4.10/jvm/Eclipse Adoptium/25.0.1/JMH 1.37/forks=1,1,3,200000000,sparse-slices-gather-clear-v1+512+sparse-uniform+density=0.25,policy-v1,policy,jvm-scalar/policy-v1,jmh-average-time-v1,200000000,1,1,score-times-operations
4,sparse-slices-gather-clear+512+sparse-uniform+density=0.25,jvm-scalar/scalar/scalar/packed-4x4,5,2,1,3,1061662,200182618,188.55588501801893,ns,ok,unsupported,sparse-slices,a038f25ac66821574b30392dc1d3b189cc287e2c,true,kotlin-2.4.10/jvm/Eclipse Adoptium/25.0.1/JMH 1.37/forks=1,1,3,200000000,sparse-slices-gather-clear-v1+512+sparse-uniform+density=0.25,policy-v1,policy,jvm-scalar/policy-v1,jmh-average-time-v1,200000000,1,1,score-times-operations
4,sparse-slices-gather-clear+512+sparse-uniform+density=0.25,jvm-scalar/scalar/scalar/packed-4x4,5,2,1,4,1069598,200777604,187.71314456459342,ns,ok,unsupported,sparse-slices,a038f25ac66821574b30392dc1d3b189cc287e2c,true,kotlin-2.4.10/jvm/Eclipse Adoptium/25.0.1/JMH 1.37/forks=1,1,3,200000000,sparse-slices-gather-clear-v1+512+sparse-uniform+density=0.25,policy-v1,policy,jvm-scalar/policy-v1,jmh-average-time-v1,200000000,1,1,score-times-operations
4,sparse-slices-gather-clear+512+sparse-uniform+density=0.25,jvm-scalar/scalar/scalar/packed-4x4,5,2,1,5,1036211,200240875,193.2433404007485,ns,ok,unsupported,sparse-slices,a038f25ac66821574b30392dc1d3b189cc287e2c,true,kotlin-2.4.10/jvm/Eclipse Adoptium/25.0.1/JMH 1.37/forks=1,1,3,200000000,sparse-slices-gather-clear-v1+512+sparse-uniform+density=0.25,policy-v1,policy,jvm-scalar/policy-v1,jmh-average-time-v1,200000000,1,1,score-times-operations
4,sparse-slices-clear+512+sparse-uniform+density=0.25,jvm-scalar/scalar/scalar/packed-4x4,5,2,1,1,1671243,200139269,119.75473883809835,ns,ok,unsupported,sparse-slices,a038f25ac66821574b30392dc1d3b189cc287e2c,true,kotlin-2.4.10/jvm/Eclipse Adoptium/25.0.1/JMH 1.37/forks=1,1,3,200000000,sparse-slices-clear-v1+512+sparse-uniform+density=0.25,policy-v1,policy,jvm-scalar/policy-v1,jmh-average-time-v1,200000000,1,1,score-times-operations
4,sparse-slices-clear+512+sparse-uniform+density=0.25,jvm-scalar/scalar/scalar/packed-4x4,5,2,1,2,1672725,200152275,119.65641393534501,ns,ok,unsupported,sparse-slices,a038f25ac66821574b30392dc1d3b189cc287e2c,true,kotlin-2.4.10/jvm/Eclipse Adoptium/25.0.1/JMH 1.37/forks=1,1,3,200000000,sparse-slices-clear-v1+512+sparse-uniform+density=0.25,policy-v1,policy,jvm-scalar/policy-v1,jmh-average-time-v1,200000000,1,1,score-times-operations
4,sparse-slices-clear+512+sparse-uniform+density=0.25,jvm-scalar/scalar/scalar/packed-4x4,5,2,1,3,1666083,200156050,120.13570152267324,ns,ok,unsupported,sparse-slices,a038f25ac66821574b30392dc1d3b189cc287e2c,true,kotlin-2.4.10/jvm/Eclipse Adoptium/25.0.1/JMH 1.37/forks=1,1,3,200000000,sparse-slices-clear-v1+512+sparse-uniform+density=0.25,policy-v1,policy,jvm-scalar/policy-v1,jmh-average-time-v1,200000000,1,1,score-times-operations
4,sparse-slices-clear+512+sparse-uniform+density=0.25,jvm-scalar/scalar/scalar/packed-4x4,5,2,1,4,1671094,200366293,119.90127006619616,ns,ok,unsupported,sparse-slices,a038f25ac66821574b30392dc1d3b189cc287e2c,true,kotlin-2.4.10/jvm/Eclipse Adoptium/25.0.1/JMH 1.37/forks=1,1,3,200000000,sparse-slices-clear-v1+512+sparse-uniform+density=0.25,policy-v1,policy,jvm-scalar/policy-v1,jmh-average-time-v1,200000000,1,1,score-times-operations
4,sparse-slices-clear+512+sparse-uniform+density=0.25,jvm-scalar/scalar/scalar/packed-4x4,5,2,1,5,1837492,200186887,108.9457189473478,ns,ok,unsupported,sparse-slices,a038f25ac66821574b30392dc1d3b189cc287e2c,true,kotlin-2.4.10/jvm/Eclipse Adoptium/25.0.1/JMH 1.37/forks=1,1,3,200000000,sparse-slices-clear-v1+512+sparse-uniform+density=0.25,policy-v1,policy,jvm-scalar/policy-v1,jmh-average-time-v1,200000000,1,1,score-times-operations
4,sparse-slices-clear-local+512+sparse-uniform+density=0.25,jvm-scalar/scalar/scalar/packed-4x4,5,2,1,1,1416557,200259404,141.37052303578324,ns,ok,unsupported,sparse-slices,a038f25ac66821574b30392dc1d3b189cc287e2c,true,kotlin-2.4.10/jvm/Eclipse Adoptium/25.0.1/JMH 1.37/forks=1,1,3,200000000,sparse-slices-clear-local-v1+512+sparse-uniform+density=0.25,policy-v1,policy,jvm-scalar/policy-v1,jmh-average-time-v1,200000000,1,1,score-times-operations
4,sparse-slices-clear-local+512+sparse-uniform+density=0.25,jvm-scalar/scalar/scalar/packed-4x4,5,2,1,2,1508862,200232839,132.70454090566267,ns,ok,unsupported,sparse-slices,a038f25ac66821574b30392dc1d3b189cc287e2c,true,kotlin-2.4.10/jvm/Eclipse Adoptium/25.0.1/JMH 1.37/forks=1,1,3,200000000,sparse-slices-clear-local-v1+512+sparse-uniform+density=0.25,policy-v1,policy,jvm-scalar/policy-v1,jmh-average-time-v1,200000000,1,1,score-times-operations
4,sparse-slices-clear-local+512+sparse-uniform+density=0.25,jvm-scalar/scalar/scalar/packed-4x4,5,2,1,3,1430871,200268713,139.96280097926368,ns,ok,unsupported,sparse-slices,a038f25ac66821574b30392dc1d3b189cc287e2c,true,kotlin-2.4.10/jvm/Eclipse Adoptium/25.0.1/JMH 1.37/forks=1,1,3,200000000,sparse-slices-clear-local-v1+512+sparse-uniform+density=0.25,policy-v1,policy,jvm-scalar/policy-v1,jmh-average-time-v1,200000000,1,1,score-times-operations
4,sparse-slices-clear-local+512+sparse-uniform+density=0.25,jvm-scalar/scalar/scalar/packed-4x4,5,2,1,4,1394961,200170367,143.49531420591686,ns,ok,unsupported,sparse-slices,a038f25ac66821574b30392dc1d3b189cc287e2c,true,kotlin-2.4.10/jvm/Eclipse Adoptium/25.0.1/JMH 1.37/forks=1,1,3,200000000,sparse-slices-clear-local-v1+512+sparse-uniform+density=0.25,policy-v1,policy,jvm-scalar/policy-v1,jmh-average-time-v1,200000000,1,1,score-times-operations
4,sparse-slices-clear-local+512+sparse-uniform+density=0.25,jvm-scalar/scalar/scalar/packed-4x4,5,2,1,5,1526587,200252149,131.17637514272033,ns,ok,unsupported,sparse-slices,a038f25ac66821574b30392dc1d3b189cc287e2c,true,kotlin-2.4.10/jvm/Eclipse Adoptium/25.0.1/JMH 1.37/forks=1,1,3,200000000,sparse-slices-clear-local-v1+512+sparse-uniform+density=0.25,policy-v1,policy,jvm-scalar/policy-v1,jmh-average-time-v1,200000000,1,1,score-times-operations
4,sparse-slices-reduce-dot-checked+512+sparse-uniform+density=0.25,jvm-scalar/scalar/scalar/packed-4x4,5,2,1,1,514276,200207120,389.2989756473178,ns,ok,unsupported,sparse-slices,a038f25ac66821574b30392dc1d3b189cc287e2c,true,kotlin-2.4.10/jvm/Eclipse Adoptium/25.0.1/JMH 1.37/forks=1,1,3,200000000,sparse-slices-reduce-dot-checked-v1+512+sparse-uniform+density=0.25,policy-v1,policy,jvm-scalar/policy-v1,jmh-average-time-v1,200000000,1,1,score-times-operations
4,sparse-slices-reduce-dot-checked+512+sparse-uniform+density=0.25,jvm-scalar/scalar/scalar/packed-4x4,5,2,1,2,511732,200144668,391.1122775202645,ns,ok,unsupported,sparse-slices,a038f25ac66821574b30392dc1d3b189cc287e2c,true,kotlin-2.4.10/jvm/Eclipse Adoptium/25.0.1/JMH 1.37/forks=1,1,3,200000000,sparse-slices-reduce-dot-checked-v1+512+sparse-uniform+density=0.25,policy-v1,policy,jvm-scalar/policy-v1,jmh-average-time-v1,200000000,1,1,score-times-operations
4,sparse-slices-reduce-dot-checked+512+sparse-uniform+density=0.25,jvm-scalar/scalar/scalar/packed-4x4,5,2,1,3,515271,200175883,388.4866080179168,ns,ok,unsupported,sparse-slices,a038f25ac66821574b30392dc1d3b189cc287e2c,true,kotlin-2.4.10/jvm/Eclipse Adoptium/25.0.1/JMH 1.37/forks=1,1,3,200000000,sparse-slices-reduce-dot-checked-v1+512+sparse-uniform+density=0.25,policy-v1,policy,jvm-scalar/policy-v1,jmh-average-time-v1,200000000,1,1,score-times-operations
4,sparse-slices-reduce-dot-checked+512+sparse-uniform+density=0.25,jvm-scalar/scalar/scalar/packed-4x4,5,2,1,4,580158,200140916,344.9765684520424,ns,ok,unsupported,sparse-slices,a038f25ac66821574b30392dc1d3b189cc287e2c,true,kotlin-2.4.10/jvm/Eclipse Adoptium/25.0.1/JMH 1.37/forks=1,1,3,200000000,sparse-slices-reduce-dot-checked-v1+512+sparse-uniform+density=0.25,policy-v1,policy,jvm-scalar/policy-v1,jmh-average-time-v1,200000000,1,1,score-times-operations
4,sparse-slices-reduce-dot-checked+512+sparse-uniform+density=0.25,jvm-scalar/scalar/scalar/packed-4x4,5,2,1,5,569938,200111527,351.1110454119571,ns,ok,unsupported,sparse-slices,a038f25ac66821574b30392dc1d3b189cc287e2c,true,kotlin-2.4.10/jvm/Eclipse Adoptium/25.0.1/JMH 1.37/forks=1,1,3,200000000,sparse-slices-reduce-dot-checked-v1+512+sparse-uniform+density=0.25,policy-v1,policy,jvm-scalar/policy-v1,jmh-average-time-v1,200000000,1,1,score-times-operations
4,sparse-slices-reduce-dot-local+512+sparse-uniform+density=0.25,jvm-scalar/scalar/scalar/packed-4x4,5,2,1,1,652578,200130568,306.676853954623,ns,ok,unsupported,sparse-slices,a038f25ac66821574b30392dc1d3b189cc287e2c,true,kotlin-2.4.10/jvm/Eclipse Adoptium/25.0.1/JMH 1.37/forks=1,1,3,200000000,sparse-slices-reduce-dot-local-v1+512+sparse-uniform+density=0.25,policy-v1,policy,jvm-scalar/policy-v1,jmh-average-time-v1,200000000,1,1,score-times-operations
4,sparse-slices-reduce-dot-local+512+sparse-uniform+density=0.25,jvm-scalar/scalar/scalar/packed-4x4,5,2,1,2,633356,200177381,316.0582373893987,ns,ok,unsupported,sparse-slices,a038f25ac66821574b30392dc1d3b189cc287e2c,true,kotlin-2.4.10/jvm/Eclipse Adoptium/25.0.1/JMH 1.37/forks=1,1,3,200000000,sparse-slices-reduce-dot-local-v1+512+sparse-uniform+density=0.25,policy-v1,policy,jvm-scalar/policy-v1,jmh-average-time-v1,200000000,1,1,score-times-operations
4,sparse-slices-reduce-dot-local+512+sparse-uniform+density=0.25,jvm-scalar/scalar/scalar/packed-4x4,5,2,1,3,650610,200168416,307.6626796391079,ns,ok,unsupported,sparse-slices,a038f25ac66821574b30392dc1d3b189cc287e2c,true,kotlin-2.4.10/jvm/Eclipse Adoptium/25.0.1/JMH 1.37/forks=1,1,3,200000000,sparse-slices-reduce-dot-local-v1+512+sparse-uniform+density=0.25,policy-v1,policy,jvm-scalar/policy-v1,jmh-average-time-v1,200000000,1,1,score-times-operations
4,sparse-slices-reduce-dot-local+512+sparse-uniform+density=0.25,jvm-scalar/scalar/scalar/packed-4x4,5,2,1,4,636222,200155670,314.6003596228989,ns,ok,unsupported,sparse-slices,a038f25ac66821574b30392dc1d3b189cc287e2c,true,kotlin-2.4.10/jvm/Eclipse Adoptium/25.0.1/JMH 1.37/forks=1,1,3,200000000,sparse-slices-reduce-dot-local-v1+512+sparse-uniform+density=0.25,policy-v1,policy,jvm-scalar/policy-v1,jmh-average-time-v1,200000000,1,1,score-times-operations
4,sparse-slices-reduce-dot-local+512+sparse-uniform+density=0.25,jvm-scalar/scalar/scalar/packed-4x4,5,2,1,5,632757,200102086,316.23843908483036,ns,ok,unsupported,sparse-slices,a038f25ac66821574b30392dc1d3b189cc287e2c,true,kotlin-2.4.10/jvm/Eclipse Adoptium/25.0.1/JMH 1.37/forks=1,1,3,200000000,sparse-slices-reduce-dot-local-v1+512+sparse-uniform+density=0.25,policy-v1,policy,jvm-scalar/policy-v1,jmh-average-time-v1,200000000,1,1,score-times-operations
4,sparse-slices-reduce-dot-unchecked+512+sparse-uniform+density=0.25,jvm-scalar/scalar/scalar/packed-4x4,5,2,1,1,2383323,200176299,83.99041967874267,ns,ok,unsupported,sparse-slices,a038f25ac66821574b30392dc1d3b189cc287e2c,true,kotlin-2.4.10/jvm/Eclipse Adoptium/25.0.1/JMH 1.37/forks=1,1,3,200000000,sparse-slices-reduce-dot-unchecked-v1+512+sparse-uniform+density=0.25,policy-v1,policy,jvm-scalar/policy-v1,jmh-average-time-v1,200000000,1,1,score-times-operations
4,sparse-slices-reduce-dot-unchecked+512+sparse-uniform+density=0.25,jvm-scalar/scalar/scalar/packed-4x4,5,2,1,2,2615437,200145582,76.52471919606552,ns,ok,unsupported,sparse-slices,a038f25ac66821574b30392dc1d3b189cc287e2c,true,kotlin-2.4.10/jvm/Eclipse Adoptium/25.0.1/JMH 1.37/forks=1,1,3,200000000,sparse-slices-reduce-dot-unchecked-v1+512+sparse-uniform+density=0.25,policy-v1,policy,jvm-scalar/policy-v1,jmh-average-time-v1,200000000,1,1,score-times-operations
4,sparse-slices-reduce-dot-unchecked+512+sparse-uniform+density=0.25,jvm-scalar/scalar/scalar/packed-4x4,5,2,1,3,2539452,200162269,78.82104839941846,ns,ok,unsupported,sparse-slices,a038f25ac66821574b30392dc1d3b189cc287e2c,true,kotlin-2.4.10/jvm/Eclipse Adoptium/25.0.1/JMH 1.37/forks=1,1,3,200000000,sparse-slices-reduce-dot-unchecked-v1+512+sparse-uniform+density=0.25,policy-v1,policy,jvm-scalar/policy-v1,jmh-average-time-v1,200000000,1,1,score-times-operations
4,sparse-slices-reduce-dot-unchecked+512+sparse-uniform+density=0.25,jvm-scalar/scalar/scalar/packed-4x4,5,2,1,4,2537954,200245241,78.90026414978364,ns,ok,unsupported,sparse-slices,a038f25ac66821574b30392dc1d3b189cc287e2c,true,kotlin-2.4.10/jvm/Eclipse Adoptium/25.0.1/JMH 1.37/forks=1,1,3,200000000,sparse-slices-reduce-dot-unchecked-v1+512+sparse-uniform+density=0.25,policy-v1,policy,jvm-scalar/policy-v1,jmh-average-time-v1,200000000,1,1,score-times-operations
4,sparse-slices-reduce-dot-unchecked+512+sparse-uniform+density=0.25,jvm-scalar/scalar/scalar/packed-4x4,5,2,1,5,2541295,200179171,78.77053667519907,ns,ok,unsupported,sparse-slices,a038f25ac66821574b30392dc1d3b189cc287e2c,true,kotlin-2.4.10/jvm/Eclipse Adoptium/25.0.1/JMH 1.37/forks=1,1,3,200000000,sparse-slices-reduce-dot-unchecked-v1+512+sparse-uniform+density=0.25,policy-v1,policy,jvm-scalar/policy-v1,jmh-average-time-v1,200000000,1,1,score-times-operations
4,sparse-slices-max+512+sparse-uniform+density=0.25,jvm-scalar/scalar/scalar/packed-4x4,5,2,1,1,861949,200213260,232.2797056438374,ns,ok,unsupported,sparse-slices,a038f25ac66821574b30392dc1d3b189cc287e2c,true,kotlin-2.4.10/jvm/Eclipse Adoptium/25.0.1/JMH 1.37/forks=1,1,3,200000000,sparse-slices-max-v1+512+sparse-uniform+density=0.25,policy-v1,policy,jvm-scalar/policy-v1,jmh-average-time-v1,200000000,1,1,score-times-operations
4,sparse-slices-max+512+sparse-uniform+density=0.25,jvm-scalar/scalar/scalar/packed-4x4,5,2,1,2,816896,200156149,245.0203563244281,ns,ok,unsupported,sparse-slices,a038f25ac66821574b30392dc1d3b189cc287e2c,true,kotlin-2.4.10/jvm/Eclipse Adoptium/25.0.1/JMH 1.37/forks=1,1,3,200000000,sparse-slices-max-v1+512+sparse-uniform+density=0.25,policy-v1,policy,jvm-scalar/policy-v1,jmh-average-time-v1,200000000,1,1,score-times-operations
4,sparse-slices-max+512+sparse-uniform+density=0.25,jvm-scalar/scalar/scalar/packed-4x4,5,2,1,3,806014,200179062,248.35680521678285,ns,ok,unsupported,sparse-slices,a038f25ac66821574b30392dc1d3b189cc287e2c,true,kotlin-2.4.10/jvm/Eclipse Adoptium/25.0.1/JMH 1.37/forks=1,1,3,200000000,sparse-slices-max-v1+512+sparse-uniform+density=0.25,policy-v1,policy,jvm-scalar/policy-v1,jmh-average-time-v1,200000000,1,1,score-times-operations
4,sparse-slices-max+512+sparse-uniform+density=0.25,jvm-scalar/scalar/scalar/packed-4x4,5,2,1,4,803229,200152390,249.18471569129102,ns,ok,unsupported,sparse-slices,a038f25ac66821574b30392dc1d3b189cc287e2c,true,kotlin-2.4.10/jvm/Eclipse Adoptium/25.0.1/JMH 1.37/forks=1,1,3,200000000,sparse-slices-max-v1+512+sparse-uniform+density=0.25,policy-v1,policy,jvm-scalar/policy-v1,jmh-average-time-v1,200000000,1,1,score-times-operations
4,sparse-slices-max+512+sparse-uniform+density=0.25,jvm-scalar/scalar/scalar/packed-4x4,5,2,1,5,793963,200152672,252.09319829765366,ns,ok,unsupported,sparse-slices,a038f25ac66821574b30392dc1d3b189cc287e2c,true,kotlin-2.4.10/jvm/Eclipse Adoptium/25.0.1/JMH 1.37/forks=1,1,3,200000000,sparse-slices-max-v1+512+sparse-uniform+density=0.25,policy-v1,policy,jvm-scalar/policy-v1,jmh-average-time-v1,200000000,1,1,score-times-operations
4,sparse-slices-filter+512+sparse-uniform+density=0.25,jvm-scalar/scalar/scalar/packed-4x4,5,2,1,1,1148861,200165728,174.22971795543586,ns,ok,unsupported,sparse-slices,a038f25ac66821574b30392dc1d3b189cc287e2c,true,kotlin-2.4.10/jvm/Eclipse Adoptium/25.0.1/JMH 1.37/forks=1,1,3,200000000,sparse-slices-filter-v1+512+sparse-uniform+density=0.25,policy-v1,policy,jvm-scalar/policy-v1,jmh-average-time-v1,200000000,1,1,score-times-operations
4,sparse-slices-filter+512+sparse-uniform+density=0.25,jvm-scalar/scalar/scalar/packed-4x4,5,2,1,2,1146113,200167396,174.6489185621313,ns,ok,unsupported,sparse-slices,a038f25ac66821574b30392dc1d3b189cc287e2c,true,kotlin-2.4.10/jvm/Eclipse Adoptium/25.0.1/JMH 1.37/forks=1,1,3,200000000,sparse-slices-filter-v1+512+sparse-uniform+density=0.25,policy-v1,policy,jvm-scalar/policy-v1,jmh-average-time-v1,200000000,1,1,score-times-operations
4,sparse-slices-filter+512+sparse-uniform+density=0.25,jvm-scalar/scalar/scalar/packed-4x4,5,2,1,3,1147575,200287218,174.53083066466243,ns,ok,unsupported,sparse-slices,a038f25ac66821574b30392dc1d3b189cc287e2c,true,kotlin-2.4.10/jvm/Eclipse Adoptium/25.0.1/JMH 1.37/forks=1,1,3,200000000,sparse-slices-filter-v1+512+sparse-uniform+density=0.25,policy-v1,policy,jvm-scalar/policy-v1,jmh-average-time-v1,200000000,1,1,score-times-operations
4,sparse-slices-filter+512+sparse-uniform+density=0.25,jvm-scalar/scalar/scalar/packed-4x4,5,2,1,4,1237741,200181751,161.73153430321852,ns,ok,unsupported,sparse-slices,a038f25ac66821574b30392dc1d3b189cc287e2c,true,kotlin-2.4.10/jvm/Eclipse Adoptium/25.0.1/JMH 1.37/forks=1,1,3,200000000,sparse-slices-filter-v1+512+sparse-uniform+density=0.25,policy-v1,policy,jvm-scalar/policy-v1,jmh-average-time-v1,200000000,1,1,score-times-operations
4,sparse-slices-filter+512+sparse-uniform+density=0.25,jvm-scalar/scalar/scalar/packed-4x4,5,2,1,5,1215131,200178217,164.73797228446975,ns,ok,unsupported,sparse-slices,a038f25ac66821574b30392dc1d3b189cc287e2c,true,kotlin-2.4.10/jvm/Eclipse Adoptium/25.0.1/JMH 1.37/forks=1,1,3,200000000,sparse-slices-filter-v1+512+sparse-uniform+density=0.25,policy-v1,policy,jvm-scalar/policy-v1,jmh-average-time-v1,200000000,1,1,score-times-operations
4,gemm+257x3x1+uniform,jvm-scalar/scalar/scalar/packed-4x4,5,2,1,1,76999,200165916,2599.5911115728777,ns,ok,direct,reset-and-arithmetic,a038f25ac66821574b30392dc1d3b189cc287e2c,true,kotlin-2.4.10/jvm/Eclipse Adoptium/25.0.1/JMH 1.37/forks=1,1,3,200000000,gemm-v1+257x3x1+uniform,policy-v1,policy,jvm-scalar/policy-v1,jmh-average-time-v1,200000000,1,1,score-times-operations
4,gemm+257x3x1+uniform,jvm-scalar/scalar/scalar/packed-4x4,5,2,1,2,77259,200183780,2591.073920190528,ns,ok,direct,reset-and-arithmetic,a038f25ac66821574b30392dc1d3b189cc287e2c,true,kotlin-2.4.10/jvm/Eclipse Adoptium/25.0.1/JMH 1.37/forks=1,1,3,200000000,gemm-v1+257x3x1+uniform,policy-v1,policy,jvm-scalar/policy-v1,jmh-average-time-v1,200000000,1,1,score-times-operations
4,gemm+257x3x1+uniform,jvm-scalar/scalar/scalar/packed-4x4,5,2,1,3,76943,200206808,2602.0145822232043,ns,ok,direct,reset-and-arithmetic,a038f25ac66821574b30392dc1d3b189cc287e2c,true,kotlin-2.4.10/jvm/Eclipse Adoptium/25.0.1/JMH 1.37/forks=1,1,3,200000000,gemm-v1+257x3x1+uniform,policy-v1,policy,jvm-scalar/policy-v1,jmh-average-time-v1,200000000,1,1,score-times-operations
4,gemm+257x3x1+uniform,jvm-scalar/scalar/scalar/packed-4x4,5,2,1,4,77426,200230230,2586.085165189988,ns,ok,direct,reset-and-arithmetic,a038f25ac66821574b30392dc1d3b189cc287e2c,true,kotlin-2.4.10/jvm/Eclipse Adoptium/25.0.1/JMH 1.37/forks=1,1,3,200000000,gemm-v1+257x3x1+uniform,policy-v1,policy,jvm-scalar/policy-v1,jmh-average-time-v1,200000000,1,1,score-times-operations
4,gemm+257x3x1+uniform,jvm-scalar/scalar/scalar/packed-4x4,5,2,1,5,77441,200200893,2585.205420901073,ns,ok,direct,reset-and-arithmetic,a038f25ac66821574b30392dc1d3b189cc287e2c,true,kotlin-2.4.10/jvm/Eclipse Adoptium/25.0.1/JMH 1.37/forks=1,1,3,200000000,gemm-v1+257x3x1+uniform,policy-v1,policy,jvm-scalar/policy-v1,jmh-average-time-v1,200000000,1,1,score-times-operations
4,gemm+3x257x33+uniform,jvm-scalar/scalar/scalar/packed-4x4,5,2,1,1,10889,200194919,18385.060060611628,ns,ok,direct,reset-and-arithmetic,a038f25ac66821574b30392dc1d3b189cc287e2c,true,kotlin-2.4.10/jvm/Eclipse Adoptium/25.0.1/JMH 1.37/forks=1,1,3,200000000,gemm-v1+3x257x33+uniform,policy-v1,policy,jvm-scalar/policy-v1,jmh-average-time-v1,200000000,1,1,score-times-operations
4,gemm+3x257x33+uniform,jvm-scalar/scalar/scalar/packed-4x4,5,2,1,2,10907,200163426,18351.831484367838,ns,ok,direct,reset-and-arithmetic,a038f25ac66821574b30392dc1d3b189cc287e2c,true,kotlin-2.4.10/jvm/Eclipse Adoptium/25.0.1/JMH 1.37/forks=1,1,3,200000000,gemm-v1+3x257x33+uniform,policy-v1,policy,jvm-scalar/policy-v1,jmh-average-time-v1,200000000,1,1,score-times-operations
4,gemm+3x257x33+uniform,jvm-scalar/scalar/scalar/packed-4x4,5,2,1,3,10832,200190396,18481.38810930576,ns,ok,direct,reset-and-arithmetic,a038f25ac66821574b30392dc1d3b189cc287e2c,true,kotlin-2.4.10/jvm/Eclipse Adoptium/25.0.1/JMH 1.37/forks=1,1,3,200000000,gemm-v1+3x257x33+uniform,policy-v1,policy,jvm-scalar/policy-v1,jmh-average-time-v1,200000000,1,1,score-times-operations
4,gemm+3x257x33+uniform,jvm-scalar/scalar/scalar/packed-4x4,5,2,1,4,10835,200235876,18480.468481772034,ns,ok,direct,reset-and-arithmetic,a038f25ac66821574b30392dc1d3b189cc287e2c,true,kotlin-2.4.10/jvm/Eclipse Adoptium/25.0.1/JMH 1.37/forks=1,1,3,200000000,gemm-v1+3x257x33+uniform,policy-v1,policy,jvm-scalar/policy-v1,jmh-average-time-v1,200000000,1,1,score-times-operations
4,gemm+3x257x33+uniform,jvm-scalar/scalar/scalar/packed-4x4,5,2,1,5,10903,200168546,18359.033843896177,ns,ok,direct,reset-and-arithmetic,a038f25ac66821574b30392dc1d3b189cc287e2c,true,kotlin-2.4.10/jvm/Eclipse Adoptium/25.0.1/JMH 1.37/forks=1,1,3,200000000,gemm-v1+3x257x33+uniform,policy-v1,policy,jvm-scalar/policy-v1,jmh-average-time-v1,200000000,1,1,score-times-operations
4,gemm+127x5x65+uniform,jvm-scalar/scalar/scalar/packed-4x4,5,2,1,1,9565,200173340,20927.688447464716,ns,ok,direct,reset-and-arithmetic,a038f25ac66821574b30392dc1d3b189cc287e2c,true,kotlin-2.4.10/jvm/Eclipse Adoptium/25.0.1/JMH 1.37/forks=1,1,3,200000000,gemm-v1+127x5x65+uniform,policy-v1,policy,jvm-scalar/policy-v1,jmh-average-time-v1,200000000,1,1,score-times-operations
4,gemm+127x5x65+uniform,jvm-scalar/scalar/scalar/packed-4x4,5,2,1,2,9596,200218251,20864.76146310963,ns,ok,direct,reset-and-arithmetic,a038f25ac66821574b30392dc1d3b189cc287e2c,true,kotlin-2.4.10/jvm/Eclipse Adoptium/25.0.1/JMH 1.37/forks=1,1,3,200000000,gemm-v1+127x5x65+uniform,policy-v1,policy,jvm-scalar/policy-v1,jmh-average-time-v1,200000000,1,1,score-times-operations
4,gemm+127x5x65+uniform,jvm-scalar/scalar/scalar/packed-4x4,5,2,1,3,9496,200232167,21085.94850463353,ns,ok,direct,reset-and-arithmetic,a038f25ac66821574b30392dc1d3b189cc287e2c,true,kotlin-2.4.10/jvm/Eclipse Adoptium/25.0.1/JMH 1.37/forks=1,1,3,200000000,gemm-v1+127x5x65+uniform,policy-v1,policy,jvm-scalar/policy-v1,jmh-average-time-v1,200000000,1,1,score-times-operations
4,gemm+127x5x65+uniform,jvm-scalar/scalar/scalar/packed-4x4,5,2,1,4,9569,200221812,20924.005852231163,ns,ok,direct,reset-and-arithmetic,a038f25ac66821574b30392dc1d3b189cc287e2c,true,kotlin-2.4.10/jvm/Eclipse Adoptium/25.0.1/JMH 1.37/forks=1,1,3,200000000,gemm-v1+127x5x65+uniform,policy-v1,policy,jvm-scalar/policy-v1,jmh-average-time-v1,200000000,1,1,score-times-operations
4,gemm+127x5x65+uniform,jvm-scalar/scalar/scalar/packed-4x4,5,2,1,5,9458,200110942,21157.849651089025,ns,ok,direct,reset-and-arithmetic,a038f25ac66821574b30392dc1d3b189cc287e2c,true,kotlin-2.4.10/jvm/Eclipse Adoptium/25.0.1/JMH 1.37/forks=1,1,3,200000000,gemm-v1+127x5x65+uniform,policy-v1,policy,jvm-scalar/policy-v1,jmh-average-time-v1,200000000,1,1,score-times-operations
4,trsm+65x1+triangular+side=L+uplo=L+transA=N+diag=N,jvm-scalar/scalar/scalar/packed-4x4,5,2,1,1,166472,200204564,1202.632058244029,ns,ok,direct,reset-and-arithmetic,a038f25ac66821574b30392dc1d3b189cc287e2c,true,kotlin-2.4.10/jvm/Eclipse Adoptium/25.0.1/JMH 1.37/forks=1,1,3,200000000,trsm-v1+65x1+triangular+side=L+uplo=L+transA=N+diag=N,policy-v1,policy,jvm-scalar/policy-v1,jmh-average-time-v1,200000000,1,1,score-times-operations
4,trsm+65x1+triangular+side=L+uplo=L+transA=N+diag=N,jvm-scalar/scalar/scalar/packed-4x4,5,2,1,2,166486,200190173,1202.444487824802,ns,ok,direct,reset-and-arithmetic,a038f25ac66821574b30392dc1d3b189cc287e2c,true,kotlin-2.4.10/jvm/Eclipse Adoptium/25.0.1/JMH 1.37/forks=1,1,3,200000000,trsm-v1+65x1+triangular+side=L+uplo=L+transA=N+diag=N,policy-v1,policy,jvm-scalar/policy-v1,jmh-average-time-v1,200000000,1,1,score-times-operations
4,trsm+65x1+triangular+side=L+uplo=L+transA=N+diag=N,jvm-scalar/scalar/scalar/packed-4x4,5,2,1,3,165802,200216640,1207.564685588835,ns,ok,direct,reset-and-arithmetic,a038f25ac66821574b30392dc1d3b189cc287e2c,true,kotlin-2.4.10/jvm/Eclipse Adoptium/25.0.1/JMH 1.37/forks=1,1,3,200000000,trsm-v1+65x1+triangular+side=L+uplo=L+transA=N+diag=N,policy-v1,policy,jvm-scalar/policy-v1,jmh-average-time-v1,200000000,1,1,score-times-operations
4,trsm+65x1+triangular+side=L+uplo=L+transA=N+diag=N,jvm-scalar/scalar/scalar/packed-4x4,5,2,1,4,165245,200190850,1211.4790160065359,ns,ok,direct,reset-and-arithmetic,a038f25ac66821574b30392dc1d3b189cc287e2c,true,kotlin-2.4.10/jvm/Eclipse Adoptium/25.0.1/JMH 1.37/forks=1,1,3,200000000,trsm-v1+65x1+triangular+side=L+uplo=L+transA=N+diag=N,policy-v1,policy,jvm-scalar/policy-v1,jmh-average-time-v1,200000000,1,1,score-times-operations
4,trsm+65x1+triangular+side=L+uplo=L+transA=N+diag=N,jvm-scalar/scalar/scalar/packed-4x4,5,2,1,5,165210,200152576,1211.5040009684644,ns,ok,direct,reset-and-arithmetic,a038f25ac66821574b30392dc1d3b189cc287e2c,true,kotlin-2.4.10/jvm/Eclipse Adoptium/25.0.1/JMH 1.37/forks=1,1,3,200000000,trsm-v1+65x1+triangular+side=L+uplo=L+transA=N+diag=N,policy-v1,policy,jvm-scalar/policy-v1,jmh-average-time-v1,200000000,1,1,score-times-operations
4,trsm+65x33+triangular+side=L+uplo=U+transA=T+diag=U,jvm-scalar/scalar/scalar/packed-4x4,5,2,1,1,2770,200256856,72294.89386281588,ns,ok,direct,reset-and-arithmetic,a038f25ac66821574b30392dc1d3b189cc287e2c,true,kotlin-2.4.10/jvm/Eclipse Adoptium/25.0.1/JMH 1.37/forks=1,1,3,200000000,trsm-v1+65x33+triangular+side=L+uplo=U+transA=T+diag=U,policy-v1,policy,jvm-scalar/policy-v1,jmh-average-time-v1,200000000,1,1,score-times-operations
4,trsm+65x33+triangular+side=L+uplo=U+transA=T+diag=U,jvm-scalar/scalar/scalar/packed-4x4,5,2,1,2,2829,200217275,70773.16189466242,ns,ok,direct,reset-and-arithmetic,a038f25ac66821574b30392dc1d3b189cc287e2c,true,kotlin-2.4.10/jvm/Eclipse Adoptium/25.0.1/JMH 1.37/forks=1,1,3,200000000,trsm-v1+65x33+triangular+side=L+uplo=U+transA=T+diag=U,policy-v1,policy,jvm-scalar/policy-v1,jmh-average-time-v1,200000000,1,1,score-times-operations
4,trsm+65x33+triangular+side=L+uplo=U+transA=T+diag=U,jvm-scalar/scalar/scalar/packed-4x4,5,2,1,3,2790,200274148,71782.84874551972,ns,ok,direct,reset-and-arithmetic,a038f25ac66821574b30392dc1d3b189cc287e2c,true,kotlin-2.4.10/jvm/Eclipse Adoptium/25.0.1/JMH 1.37/forks=1,1,3,200000000,trsm-v1+65x33+triangular+side=L+uplo=U+transA=T+diag=U,policy-v1,policy,jvm-scalar/policy-v1,jmh-average-time-v1,200000000,1,1,score-times-operations
4,trsm+65x33+triangular+side=L+uplo=U+transA=T+diag=U,jvm-scalar/scalar/scalar/packed-4x4,5,2,1,4,3109,200259547,64412.848825989066,ns,ok,direct,reset-and-arithmetic,a038f25ac66821574b30392dc1d3b189cc287e2c,true,kotlin-2.4.10/jvm/Eclipse Adoptium/25.0.1/JMH 1.37/forks=1,1,3,200000000,trsm-v1+65x33+triangular+side=L+uplo=U+transA=T+diag=U,policy-v1,policy,jvm-scalar/policy-v1,jmh-average-time-v1,200000000,1,1,score-times-operations
4,trsm+65x33+triangular+side=L+uplo=U+transA=T+diag=U,jvm-scalar/scalar/scalar/packed-4x4,5,2,1,5,3025,200182086,66175.89619834711,ns,ok,direct,reset-and-arithmetic,a038f25ac66821574b30392dc1d3b189cc287e2c,true,kotlin-2.4.10/jvm/Eclipse Adoptium/25.0.1/JMH 1.37/forks=1,1,3,200000000,trsm-v1+65x33+triangular+side=L+uplo=U+transA=T+diag=U,policy-v1,policy,jvm-scalar/policy-v1,jmh-average-time-v1,200000000,1,1,score-times-operations
4,gemm-block+15x7x31+uniform+physical=4x4+work=gemm-add-v1+leftLayout=depth-rows-v1+rightLayout=depth-columns-v1+leftGroup=4+rightGroup=4+leftStride=4+rightStride=4+padding=zero+alignment=8+block=15x7x31+panel=31+diagonal=0+rhs=0+batch=1+variant=current-tile-v1+timing=prepacked-compute,jvm-scalar/scalar/scalar/packed-4x4,5,2,1,1,156878,200156193,1275.871651856857,ns,ok,direct,prepacked-compute,a038f25ac66821574b30392dc1d3b189cc287e2c,true,kotlin-2.4.10/jvm/Eclipse Adoptium/25.0.1/JMH 1.37/forks=1,1,3,200000000,gemm-add-v1+15x7x31+uniform,physical=4x4+leftLayout=depth-rows-v1+rightLayout=depth-columns-v1+leftGroup=4+rightGroup=4+leftStride=4+rightStride=4+padding=zero+alignment=8+block=15x7x31+panel=31+diagonal=0+rhs=0+batch=1+variant=current-tile-v1,tiles=8;leftDoubles=496;rightDoubles=248;outputDoubles=105;resetDoubles=105;scratchDoubles=16;triangleDoubles=0,jvm-scalar/portable-tile-v1/4x4,jmh-average-time-v1,200000000,1,1,score-times-operations
4,gemm-block+15x7x31+uniform+physical=4x4+work=gemm-add-v1+leftLayout=depth-rows-v1+rightLayout=depth-columns-v1+leftGroup=4+rightGroup=4+leftStride=4+rightStride=4+padding=zero+alignment=8+block=15x7x31+panel=31+diagonal=0+rhs=0+batch=1+variant=current-tile-v1+timing=prepacked-compute,jvm-scalar/scalar/scalar/packed-4x4,5,2,1,2,175407,200193625,1141.3092122891333,ns,ok,direct,prepacked-compute,a038f25ac66821574b30392dc1d3b189cc287e2c,true,kotlin-2.4.10/jvm/Eclipse Adoptium/25.0.1/JMH 1.37/forks=1,1,3,200000000,gemm-add-v1+15x7x31+uniform,physical=4x4+leftLayout=depth-rows-v1+rightLayout=depth-columns-v1+leftGroup=4+rightGroup=4+leftStride=4+rightStride=4+padding=zero+alignment=8+block=15x7x31+panel=31+diagonal=0+rhs=0+batch=1+variant=current-tile-v1,tiles=8;leftDoubles=496;rightDoubles=248;outputDoubles=105;resetDoubles=105;scratchDoubles=16;triangleDoubles=0,jvm-scalar/portable-tile-v1/4x4,jmh-average-time-v1,200000000,1,1,score-times-operations
4,gemm-block+15x7x31+uniform+physical=4x4+work=gemm-add-v1+leftLayout=depth-rows-v1+rightLayout=depth-columns-v1+leftGroup=4+rightGroup=4+leftStride=4+rightStride=4+padding=zero+alignment=8+block=15x7x31+panel=31+diagonal=0+rhs=0+batch=1+variant=current-tile-v1+timing=prepacked-compute,jvm-scalar/scalar/scalar/packed-4x4,5,2,1,3,171691,200159405,1165.8118655025598,ns,ok,direct,prepacked-compute,a038f25ac66821574b30392dc1d3b189cc287e2c,true,kotlin-2.4.10/jvm/Eclipse Adoptium/25.0.1/JMH 1.37/forks=1,1,3,200000000,gemm-add-v1+15x7x31+uniform,physical=4x4+leftLayout=depth-rows-v1+rightLayout=depth-columns-v1+leftGroup=4+rightGroup=4+leftStride=4+rightStride=4+padding=zero+alignment=8+block=15x7x31+panel=31+diagonal=0+rhs=0+batch=1+variant=current-tile-v1,tiles=8;leftDoubles=496;rightDoubles=248;outputDoubles=105;resetDoubles=105;scratchDoubles=16;triangleDoubles=0,jvm-scalar/portable-tile-v1/4x4,jmh-average-time-v1,200000000,1,1,score-times-operations
4,gemm-block+15x7x31+uniform+physical=4x4+work=gemm-add-v1+leftLayout=depth-rows-v1+rightLayout=depth-columns-v1+leftGroup=4+rightGroup=4+leftStride=4+rightStride=4+padding=zero+alignment=8+block=15x7x31+panel=31+diagonal=0+rhs=0+batch=1+variant=current-tile-v1+timing=prepacked-compute,jvm-scalar/scalar/scalar/packed-4x4,5,2,1,4,160740,200276775,1245.9672452407615,ns,ok,direct,prepacked-compute,a038f25ac66821574b30392dc1d3b189cc287e2c,true,kotlin-2.4.10/jvm/Eclipse Adoptium/25.0.1/JMH 1.37/forks=1,1,3,200000000,gemm-add-v1+15x7x31+uniform,physical=4x4+leftLayout=depth-rows-v1+rightLayout=depth-columns-v1+leftGroup=4+rightGroup=4+leftStride=4+rightStride=4+padding=zero+alignment=8+block=15x7x31+panel=31+diagonal=0+rhs=0+batch=1+variant=current-tile-v1,tiles=8;leftDoubles=496;rightDoubles=248;outputDoubles=105;resetDoubles=105;scratchDoubles=16;triangleDoubles=0,jvm-scalar/portable-tile-v1/4x4,jmh-average-time-v1,200000000,1,1,score-times-operations
4,gemm-block+15x7x31+uniform+physical=4x4+work=gemm-add-v1+leftLayout=depth-rows-v1+rightLayout=depth-columns-v1+leftGroup=4+rightGroup=4+leftStride=4+rightStride=4+padding=zero+alignment=8+block=15x7x31+panel=31+diagonal=0+rhs=0+batch=1+variant=current-tile-v1+timing=prepacked-compute,jvm-scalar/scalar/scalar/packed-4x4,5,2,1,5,156315,200160877,1280.4969260787511,ns,ok,direct,prepacked-compute,a038f25ac66821574b30392dc1d3b189cc287e2c,true,kotlin-2.4.10/jvm/Eclipse Adoptium/25.0.1/JMH 1.37/forks=1,1,3,200000000,gemm-add-v1+15x7x31+uniform,physical=4x4+leftLayout=depth-rows-v1+rightLayout=depth-columns-v1+leftGroup=4+rightGroup=4+leftStride=4+rightStride=4+padding=zero+alignment=8+block=15x7x31+panel=31+diagonal=0+rhs=0+batch=1+variant=current-tile-v1,tiles=8;leftDoubles=496;rightDoubles=248;outputDoubles=105;resetDoubles=105;scratchDoubles=16;triangleDoubles=0,jvm-scalar/portable-tile-v1/4x4,jmh-average-time-v1,200000000,1,1,score-times-operations
4,gemm-block+15x7x31+uniform+physical=4x4+work=gemm-add-v1+leftLayout=depth-rows-v1+rightLayout=depth-columns-v1+leftGroup=4+rightGroup=4+leftStride=4+rightStride=4+padding=zero+alignment=8+block=15x7x31+panel=31+diagonal=0+rhs=0+batch=1+variant=current-tile-v1+timing=pack-plus-compute,jvm-scalar/scalar/scalar/packed-4x4,5,2,1,1,102905,200185668,1945.3444244691707,ns,ok,direct,pack-plus-compute,a038f25ac66821574b30392dc1d3b189cc287e2c,true,kotlin-2.4.10/jvm/Eclipse Adoptium/25.0.1/JMH 1.37/forks=1,1,3,200000000,gemm-add-v1+15x7x31+uniform,physical=4x4+leftLayout=depth-rows-v1+rightLayout=depth-columns-v1+leftGroup=4+rightGroup=4+leftStride=4+rightStride=4+padding=zero+alignment=8+block=15x7x31+panel=31+diagonal=0+rhs=0+batch=1+variant=current-tile-v1,tiles=8;leftDoubles=496;rightDoubles=248;outputDoubles=105;resetDoubles=105;scratchDoubles=16;triangleDoubles=0,jvm-scalar/portable-tile-v1/4x4,jmh-average-time-v1,200000000,1,1,score-times-operations
4,gemm-block+15x7x31+uniform+physical=4x4+work=gemm-add-v1+leftLayout=depth-rows-v1+rightLayout=depth-columns-v1+leftGroup=4+rightGroup=4+leftStride=4+rightStride=4+padding=zero+alignment=8+block=15x7x31+panel=31+diagonal=0+rhs=0+batch=1+variant=current-tile-v1+timing=pack-plus-compute,jvm-scalar/scalar/scalar/packed-4x4,5,2,1,2,103946,200233758,1926.3248032632328,ns,ok,direct,pack-plus-compute,a038f25ac66821574b30392dc1d3b189cc287e2c,true,kotlin-2.4.10/jvm/Eclipse Adoptium/25.0.1/JMH 1.37/forks=1,1,3,200000000,gemm-add-v1+15x7x31+uniform,physical=4x4+leftLayout=depth-rows-v1+rightLayout=depth-columns-v1+leftGroup=4+rightGroup=4+leftStride=4+rightStride=4+padding=zero+alignment=8+block=15x7x31+panel=31+diagonal=0+rhs=0+batch=1+variant=current-tile-v1,tiles=8;leftDoubles=496;rightDoubles=248;outputDoubles=105;resetDoubles=105;scratchDoubles=16;triangleDoubles=0,jvm-scalar/portable-tile-v1/4x4,jmh-average-time-v1,200000000,1,1,score-times-operations
4,gemm-block+15x7x31+uniform+physical=4x4+work=gemm-add-v1+leftLayout=depth-rows-v1+rightLayout=depth-columns-v1+leftGroup=4+rightGroup=4+leftStride=4+rightStride=4+padding=zero+alignment=8+block=15x7x31+panel=31+diagonal=0+rhs=0+batch=1+variant=current-tile-v1+timing=pack-plus-compute,jvm-scalar/scalar/scalar/packed-4x4,5,2,1,3,103536,200177183,1933.4065735589554,ns,ok,direct,pack-plus-compute,a038f25ac66821574b30392dc1d3b189cc287e2c,true,kotlin-2.4.10/jvm/Eclipse Adoptium/25.0.1/JMH 1.37/forks=1,1,3,200000000,gemm-add-v1+15x7x31+uniform,physical=4x4+leftLayout=depth-rows-v1+rightLayout=depth-columns-v1+leftGroup=4+rightGroup=4+leftStride=4+rightStride=4+padding=zero+alignment=8+block=15x7x31+panel=31+diagonal=0+rhs=0+batch=1+variant=current-tile-v1,tiles=8;leftDoubles=496;rightDoubles=248;outputDoubles=105;resetDoubles=105;scratchDoubles=16;triangleDoubles=0,jvm-scalar/portable-tile-v1/4x4,jmh-average-time-v1,200000000,1,1,score-times-operations
4,gemm-block+15x7x31+uniform+physical=4x4+work=gemm-add-v1+leftLayout=depth-rows-v1+rightLayout=depth-columns-v1+leftGroup=4+rightGroup=4+leftStride=4+rightStride=4+padding=zero+alignment=8+block=15x7x31+panel=31+diagonal=0+rhs=0+batch=1+variant=current-tile-v1+timing=pack-plus-compute,jvm-scalar/scalar/scalar/packed-4x4,5,2,1,4,102887,200310460,1946.8976644279646,ns,ok,direct,pack-plus-compute,a038f25ac66821574b30392dc1d3b189cc287e2c,true,kotlin-2.4.10/jvm/Eclipse Adoptium/25.0.1/JMH 1.37/forks=1,1,3,200000000,gemm-add-v1+15x7x31+uniform,physical=4x4+leftLayout=depth-rows-v1+rightLayout=depth-columns-v1+leftGroup=4+rightGroup=4+leftStride=4+rightStride=4+padding=zero+alignment=8+block=15x7x31+panel=31+diagonal=0+rhs=0+batch=1+variant=current-tile-v1,tiles=8;leftDoubles=496;rightDoubles=248;outputDoubles=105;resetDoubles=105;scratchDoubles=16;triangleDoubles=0,jvm-scalar/portable-tile-v1/4x4,jmh-average-time-v1,200000000,1,1,score-times-operations
4,gemm-block+15x7x31+uniform+physical=4x4+work=gemm-add-v1+leftLayout=depth-rows-v1+rightLayout=depth-columns-v1+leftGroup=4+rightGroup=4+leftStride=4+rightStride=4+padding=zero+alignment=8+block=15x7x31+panel=31+diagonal=0+rhs=0+batch=1+variant=current-tile-v1+timing=pack-plus-compute,jvm-scalar/scalar/scalar/packed-4x4,5,2,1,5,103561,200132139,1932.5048908372844,ns,ok,direct,pack-plus-compute,a038f25ac66821574b30392dc1d3b189cc287e2c,true,kotlin-2.4.10/jvm/Eclipse Adoptium/25.0.1/JMH 1.37/forks=1,1,3,200000000,gemm-add-v1+15x7x31+uniform,physical=4x4+leftLayout=depth-rows-v1+rightLayout=depth-columns-v1+leftGroup=4+rightGroup=4+leftStride=4+rightStride=4+padding=zero+alignment=8+block=15x7x31+panel=31+diagonal=0+rhs=0+batch=1+variant=current-tile-v1,tiles=8;leftDoubles=496;rightDoubles=248;outputDoubles=105;resetDoubles=105;scratchDoubles=16;triangleDoubles=0,jvm-scalar/portable-tile-v1/4x4,jmh-average-time-v1,200000000,1,1,score-times-operations
4,gemm-block+32x16x65+uniform+physical=4x4+work=gemm-add-v1+leftLayout=depth-rows-v1+rightLayout=depth-columns-v1+leftGroup=4+rightGroup=4+leftStride=4+rightStride=4+padding=zero+alignment=8+block=32x16x65+panel=65+diagonal=0+rhs=0+batch=1+variant=current-tile-v1+timing=prepacked-compute,jvm-scalar/scalar/scalar/packed-4x4,5,2,1,1,23267,200215944,8605.14651652555,ns,ok,direct,prepacked-compute,a038f25ac66821574b30392dc1d3b189cc287e2c,true,kotlin-2.4.10/jvm/Eclipse Adoptium/25.0.1/JMH 1.37/forks=1,1,3,200000000,gemm-add-v1+32x16x65+uniform,physical=4x4+leftLayout=depth-rows-v1+rightLayout=depth-columns-v1+leftGroup=4+rightGroup=4+leftStride=4+rightStride=4+padding=zero+alignment=8+block=32x16x65+panel=65+diagonal=0+rhs=0+batch=1+variant=current-tile-v1,tiles=32;leftDoubles=2080;rightDoubles=1040;outputDoubles=512;resetDoubles=512;scratchDoubles=16;triangleDoubles=0,jvm-scalar/portable-tile-v1/4x4,jmh-average-time-v1,200000000,1,1,score-times-operations
4,gemm-block+32x16x65+uniform+physical=4x4+work=gemm-add-v1+leftLayout=depth-rows-v1+rightLayout=depth-columns-v1+leftGroup=4+rightGroup=4+leftStride=4+rightStride=4+padding=zero+alignment=8+block=32x16x65+panel=65+diagonal=0+rhs=0+batch=1+variant=current-tile-v1+timing=prepacked-compute,jvm-scalar/scalar/scalar/packed-4x4,5,2,1,2,22483,200146943,8902.14575457012,ns,ok,direct,prepacked-compute,a038f25ac66821574b30392dc1d3b189cc287e2c,true,kotlin-2.4.10/jvm/Eclipse Adoptium/25.0.1/JMH 1.37/forks=1,1,3,200000000,gemm-add-v1+32x16x65+uniform,physical=4x4+leftLayout=depth-rows-v1+rightLayout=depth-columns-v1+leftGroup=4+rightGroup=4+leftStride=4+rightStride=4+padding=zero+alignment=8+block=32x16x65+panel=65+diagonal=0+rhs=0+batch=1+variant=current-tile-v1,tiles=32;leftDoubles=2080;rightDoubles=1040;outputDoubles=512;resetDoubles=512;scratchDoubles=16;triangleDoubles=0,jvm-scalar/portable-tile-v1/4x4,jmh-average-time-v1,200000000,1,1,score-times-operations
4,gemm-block+32x16x65+uniform+physical=4x4+work=gemm-add-v1+leftLayout=depth-rows-v1+rightLayout=depth-columns-v1+leftGroup=4+rightGroup=4+leftStride=4+rightStride=4+padding=zero+alignment=8+block=32x16x65+panel=65+diagonal=0+rhs=0+batch=1+variant=current-tile-v1+timing=prepacked-compute,jvm-scalar/scalar/scalar/packed-4x4,5,2,1,3,22569,200191543,8870.199964553149,ns,ok,direct,prepacked-compute,a038f25ac66821574b30392dc1d3b189cc287e2c,true,kotlin-2.4.10/jvm/Eclipse Adoptium/25.0.1/JMH 1.37/forks=1,1,3,200000000,gemm-add-v1+32x16x65+uniform,physical=4x4+leftLayout=depth-rows-v1+rightLayout=depth-columns-v1+leftGroup=4+rightGroup=4+leftStride=4+rightStride=4+padding=zero+alignment=8+block=32x16x65+panel=65+diagonal=0+rhs=0+batch=1+variant=current-tile-v1,tiles=32;leftDoubles=2080;rightDoubles=1040;outputDoubles=512;resetDoubles=512;scratchDoubles=16;triangleDoubles=0,jvm-scalar/portable-tile-v1/4x4,jmh-average-time-v1,200000000,1,1,score-times-operations
4,gemm-block+32x16x65+uniform+physical=4x4+work=gemm-add-v1+leftLayout=depth-rows-v1+rightLayout=depth-columns-v1+leftGroup=4+rightGroup=4+leftStride=4+rightStride=4+padding=zero+alignment=8+block=32x16x65+panel=65+diagonal=0+rhs=0+batch=1+variant=current-tile-v1+timing=prepacked-compute,jvm-scalar/scalar/scalar/packed-4x4,5,2,1,4,22562,200197245,8873.204724758443,ns,ok,direct,prepacked-compute,a038f25ac66821574b30392dc1d3b189cc287e2c,true,kotlin-2.4.10/jvm/Eclipse Adoptium/25.0.1/JMH 1.37/forks=1,1,3,200000000,gemm-add-v1+32x16x65+uniform,physical=4x4+leftLayout=depth-rows-v1+rightLayout=depth-columns-v1+leftGroup=4+rightGroup=4+leftStride=4+rightStride=4+padding=zero+alignment=8+block=32x16x65+panel=65+diagonal=0+rhs=0+batch=1+variant=current-tile-v1,tiles=32;leftDoubles=2080;rightDoubles=1040;outputDoubles=512;resetDoubles=512;scratchDoubles=16;triangleDoubles=0,jvm-scalar/portable-tile-v1/4x4,jmh-average-time-v1,200000000,1,1,score-times-operations
4,gemm-block+32x16x65+uniform+physical=4x4+work=gemm-add-v1+leftLayout=depth-rows-v1+rightLayout=depth-columns-v1+leftGroup=4+rightGroup=4+leftStride=4+rightStride=4+padding=zero+alignment=8+block=32x16x65+panel=65+diagonal=0+rhs=0+batch=1+variant=current-tile-v1+timing=prepacked-compute,jvm-scalar/scalar/scalar/packed-4x4,5,2,1,5,22589,200121505,8859.245871884546,ns,ok,direct,prepacked-compute,a038f25ac66821574b30392dc1d3b189cc287e2c,true,kotlin-2.4.10/jvm/Eclipse Adoptium/25.0.1/JMH 1.37/forks=1,1,3,200000000,gemm-add-v1+32x16x65+uniform,physical=4x4+leftLayout=depth-rows-v1+rightLayout=depth-columns-v1+leftGroup=4+rightGroup=4+leftStride=4+rightStride=4+padding=zero+alignment=8+block=32x16x65+panel=65+diagonal=0+rhs=0+batch=1+variant=current-tile-v1,tiles=32;leftDoubles=2080;rightDoubles=1040;outputDoubles=512;resetDoubles=512;scratchDoubles=16;triangleDoubles=0,jvm-scalar/portable-tile-v1/4x4,jmh-average-time-v1,200000000,1,1,score-times-operations
4,gemm-block+32x16x65+uniform+physical=4x4+work=gemm-add-v1+leftLayout=depth-rows-v1+rightLayout=depth-columns-v1+leftGroup=4+rightGroup=4+leftStride=4+rightStride=4+padding=zero+alignment=8+block=32x16x65+panel=65+diagonal=0+rhs=0+batch=1+variant=current-tile-v1+timing=pack-plus-compute,jvm-scalar/scalar/scalar/packed-4x4,5,2,1,1,16697,200164347,11988.042582499851,ns,ok,direct,pack-plus-compute,a038f25ac66821574b30392dc1d3b189cc287e2c,true,kotlin-2.4.10/jvm/Eclipse Adoptium/25.0.1/JMH 1.37/forks=1,1,3,200000000,gemm-add-v1+32x16x65+uniform,physical=4x4+leftLayout=depth-rows-v1+rightLayout=depth-columns-v1+leftGroup=4+rightGroup=4+leftStride=4+rightStride=4+padding=zero+alignment=8+block=32x16x65+panel=65+diagonal=0+rhs=0+batch=1+variant=current-tile-v1,tiles=32;leftDoubles=2080;rightDoubles=1040;outputDoubles=512;resetDoubles=512;scratchDoubles=16;triangleDoubles=0,jvm-scalar/portable-tile-v1/4x4,jmh-average-time-v1,200000000,1,1,score-times-operations
4,gemm-block+32x16x65+uniform+physical=4x4+work=gemm-add-v1+leftLayout=depth-rows-v1+rightLayout=depth-columns-v1+leftGroup=4+rightGroup=4+leftStride=4+rightStride=4+padding=zero+alignment=8+block=32x16x65+panel=65+diagonal=0+rhs=0+batch=1+variant=current-tile-v1+timing=pack-plus-compute,jvm-scalar/scalar/scalar/packed-4x4,5,2,1,2,16726,200252066,11972.50185340189,ns,ok,direct,pack-plus-compute,a038f25ac66821574b30392dc1d3b189cc287e2c,true,kotlin-2.4.10/jvm/Eclipse Adoptium/25.0.1/JMH 1.37/forks=1,1,3,200000000,gemm-add-v1+32x16x65+uniform,physical=4x4+leftLayout=depth-rows-v1+rightLayout=depth-columns-v1+leftGroup=4+rightGroup=4+leftStride=4+rightStride=4+padding=zero+alignment=8+block=32x16x65+panel=65+diagonal=0+rhs=0+batch=1+variant=current-tile-v1,tiles=32;leftDoubles=2080;rightDoubles=1040;outputDoubles=512;resetDoubles=512;scratchDoubles=16;triangleDoubles=0,jvm-scalar/portable-tile-v1/4x4,jmh-average-time-v1,200000000,1,1,score-times-operations
4,gemm-block+32x16x65+uniform+physical=4x4+work=gemm-add-v1+leftLayout=depth-rows-v1+rightLayout=depth-columns-v1+leftGroup=4+rightGroup=4+leftStride=4+rightStride=4+padding=zero+alignment=8+block=32x16x65+panel=65+diagonal=0+rhs=0+batch=1+variant=current-tile-v1+timing=pack-plus-compute,jvm-scalar/scalar/scalar/packed-4x4,5,2,1,3,16737,200173812,11959.957698512279,ns,ok,direct,pack-plus-compute,a038f25ac66821574b30392dc1d3b189cc287e2c,true,kotlin-2.4.10/jvm/Eclipse Adoptium/25.0.1/JMH 1.37/forks=1,1,3,200000000,gemm-add-v1+32x16x65+uniform,physical=4x4+leftLayout=depth-rows-v1+rightLayout=depth-columns-v1+leftGroup=4+rightGroup=4+leftStride=4+rightStride=4+padding=zero+alignment=8+block=32x16x65+panel=65+diagonal=0+rhs=0+batch=1+variant=current-tile-v1,tiles=32;leftDoubles=2080;rightDoubles=1040;outputDoubles=512;resetDoubles=512;scratchDoubles=16;triangleDoubles=0,jvm-scalar/portable-tile-v1/4x4,jmh-average-time-v1,200000000,1,1,score-times-operations
4,gemm-block+32x16x65+uniform+physical=4x4+work=gemm-add-v1+leftLayout=depth-rows-v1+rightLayout=depth-columns-v1+leftGroup=4+rightGroup=4+leftStride=4+rightStride=4+padding=zero+alignment=8+block=32x16x65+panel=65+diagonal=0+rhs=0+batch=1+variant=current-tile-v1+timing=pack-plus-compute,jvm-scalar/scalar/scalar/packed-4x4,5,2,1,4,16648,200263524,12029.284238346949,ns,ok,direct,pack-plus-compute,a038f25ac66821574b30392dc1d3b189cc287e2c,true,kotlin-2.4.10/jvm/Eclipse Adoptium/25.0.1/JMH 1.37/forks=1,1,3,200000000,gemm-add-v1+32x16x65+uniform,physical=4x4+leftLayout=depth-rows-v1+rightLayout=depth-columns-v1+leftGroup=4+rightGroup=4+leftStride=4+rightStride=4+padding=zero+alignment=8+block=32x16x65+panel=65+diagonal=0+rhs=0+batch=1+variant=current-tile-v1,tiles=32;leftDoubles=2080;rightDoubles=1040;outputDoubles=512;resetDoubles=512;scratchDoubles=16;triangleDoubles=0,jvm-scalar/portable-tile-v1/4x4,jmh-average-time-v1,200000000,1,1,score-times-operations
4,gemm-block+32x16x65+uniform+physical=4x4+work=gemm-add-v1+leftLayout=depth-rows-v1+rightLayout=depth-columns-v1+leftGroup=4+rightGroup=4+leftStride=4+rightStride=4+padding=zero+alignment=8+block=32x16x65+panel=65+diagonal=0+rhs=0+batch=1+variant=current-tile-v1+timing=pack-plus-compute,jvm-scalar/scalar/scalar/packed-4x4,5,2,1,5,16757,200212726,11948.005370889778,ns,ok,direct,pack-plus-compute,a038f25ac66821574b30392dc1d3b189cc287e2c,true,kotlin-2.4.10/jvm/Eclipse Adoptium/25.0.1/JMH 1.37/forks=1,1,3,200000000,gemm-add-v1+32x16x65+uniform,physical=4x4+leftLayout=depth-rows-v1+rightLayout=depth-columns-v1+leftGroup=4+rightGroup=4+leftStride=4+rightStride=4+padding=zero+alignment=8+block=32x16x65+panel=65+diagonal=0+rhs=0+batch=1+variant=current-tile-v1,tiles=32;leftDoubles=2080;rightDoubles=1040;outputDoubles=512;resetDoubles=512;scratchDoubles=16;triangleDoubles=0,jvm-scalar/portable-tile-v1/4x4,jmh-average-time-v1,200000000,1,1,score-times-operations
4,gemm-block+15x7x31+uniform+physical=8x4+work=gemm-add-v1+leftLayout=depth-rows-v1+rightLayout=depth-columns-v1+leftGroup=8+rightGroup=4+leftStride=8+rightStride=4+padding=zero+alignment=8+block=15x7x31+panel=31+diagonal=0+rhs=0+batch=1+variant=current-tile-v1+timing=prepacked-compute,jvm-scalar/scalar/scalar/packed-4x4,5,2,1,0,0,0,,ns,unsupported,unsupported,arithmetic,a038f25ac66821574b30392dc1d3b189cc287e2c,true,kotlin-2.4.10/jvm/Eclipse Adoptium/25.0.1,1,3,200000000,gemm-add-v1+15x7x31+uniform,physical=8x4+leftLayout=depth-rows-v1+rightLayout=depth-columns-v1+leftGroup=8+rightGroup=4+leftStride=8+rightStride=4+padding=zero+alignment=8+block=15x7x31+panel=31+diagonal=0+rhs=0+batch=1+variant=current-tile-v1,tiles=4;leftDoubles=496;rightDoubles=248;outputDoubles=105;resetDoubles=105;scratchDoubles=32;triangleDoubles=0,unavailable,jmh-average-time-v1,200000000,0,1,score-times-operations
4,gemm-block+15x7x31+uniform+physical=8x4+work=gemm-add-v1+leftLayout=depth-rows-v1+rightLayout=depth-columns-v1+leftGroup=8+rightGroup=4+leftStride=8+rightStride=4+padding=zero+alignment=8+block=15x7x31+panel=31+diagonal=0+rhs=0+batch=1+variant=current-tile-v1+timing=pack-plus-compute,jvm-scalar/scalar/scalar/packed-4x4,5,2,1,0,0,0,,ns,unsupported,unsupported,arithmetic,a038f25ac66821574b30392dc1d3b189cc287e2c,true,kotlin-2.4.10/jvm/Eclipse Adoptium/25.0.1,1,3,200000000,gemm-add-v1+15x7x31+uniform,physical=8x4+leftLayout=depth-rows-v1+rightLayout=depth-columns-v1+leftGroup=8+rightGroup=4+leftStride=8+rightStride=4+padding=zero+alignment=8+block=15x7x31+panel=31+diagonal=0+rhs=0+batch=1+variant=current-tile-v1,tiles=4;leftDoubles=496;rightDoubles=248;outputDoubles=105;resetDoubles=105;scratchDoubles=32;triangleDoubles=0,unavailable,jmh-average-time-v1,200000000,0,1,score-times-operations
4,gemm-block+32x16x65+uniform+physical=8x4+work=gemm-add-v1+leftLayout=depth-rows-v1+rightLayout=depth-columns-v1+leftGroup=8+rightGroup=4+leftStride=8+rightStride=4+padding=zero+alignment=8+block=32x16x65+panel=65+diagonal=0+rhs=0+batch=1+variant=current-tile-v1+timing=prepacked-compute,jvm-scalar/scalar/scalar/packed-4x4,5,2,1,0,0,0,,ns,unsupported,unsupported,arithmetic,a038f25ac66821574b30392dc1d3b189cc287e2c,true,kotlin-2.4.10/jvm/Eclipse Adoptium/25.0.1,1,3,200000000,gemm-add-v1+32x16x65+uniform,physical=8x4+leftLayout=depth-rows-v1+rightLayout=depth-columns-v1+leftGroup=8+rightGroup=4+leftStride=8+rightStride=4+padding=zero+alignment=8+block=32x16x65+panel=65+diagonal=0+rhs=0+batch=1+variant=current-tile-v1,tiles=16;leftDoubles=2080;rightDoubles=1040;outputDoubles=512;resetDoubles=512;scratchDoubles=32;triangleDoubles=0,unavailable,jmh-average-time-v1,200000000,0,1,score-times-operations
4,gemm-block+32x16x65+uniform+physical=8x4+work=gemm-add-v1+leftLayout=depth-rows-v1+rightLayout=depth-columns-v1+leftGroup=8+rightGroup=4+leftStride=8+rightStride=4+padding=zero+alignment=8+block=32x16x65+panel=65+diagonal=0+rhs=0+batch=1+variant=current-tile-v1+timing=pack-plus-compute,jvm-scalar/scalar/scalar/packed-4x4,5,2,1,0,0,0,,ns,unsupported,unsupported,arithmetic,a038f25ac66821574b30392dc1d3b189cc287e2c,true,kotlin-2.4.10/jvm/Eclipse Adoptium/25.0.1,1,3,200000000,gemm-add-v1+32x16x65+uniform,physical=8x4+leftLayout=depth-rows-v1+rightLayout=depth-columns-v1+leftGroup=8+rightGroup=4+leftStride=8+rightStride=4+padding=zero+alignment=8+block=32x16x65+panel=65+diagonal=0+rhs=0+batch=1+variant=current-tile-v1,tiles=16;leftDoubles=2080;rightDoubles=1040;outputDoubles=512;resetDoubles=512;scratchDoubles=32;triangleDoubles=0,unavailable,jmh-average-time-v1,200000000,0,1,score-times-operations
