schema,case,implementation,workload_version,fixture_version,pass,sample,operations,elapsed_ns,ns_per_op,unit,status,comparison_kind,timing_mode,source_commit,dirty,runtime,threads,warmups,target_ns,logical_id,configuration,physical_work,actual_kernel,harness,warmup_target_ns,fork,forks,elapsed_kind
4,dot+4096+uniform,jvm-simd/simd(4 lanes)/simd-sparse/packed-8x4,5,2,1,1,233097,200205598,858.8939282787852,ns,ok,direct,arithmetic,a038f25ac66821574b30392dc1d3b189cc287e2c,true,kotlin-2.4.10/jvm/Eclipse Adoptium/25.0.1/JMH 1.37/forks=1,1,3,200000000,dot-v1+4096+uniform,policy-v1,policy,jvm-simd/policy-v1,jmh-average-time-v1,200000000,1,1,score-times-operations
4,dot+4096+uniform,jvm-simd/simd(4 lanes)/simd-sparse/packed-8x4,5,2,1,2,242952,200198498,824.0249020382627,ns,ok,direct,arithmetic,a038f25ac66821574b30392dc1d3b189cc287e2c,true,kotlin-2.4.10/jvm/Eclipse Adoptium/25.0.1/JMH 1.37/forks=1,1,3,200000000,dot-v1+4096+uniform,policy-v1,policy,jvm-simd/policy-v1,jmh-average-time-v1,200000000,1,1,score-times-operations
4,dot+4096+uniform,jvm-simd/simd(4 lanes)/simd-sparse/packed-8x4,5,2,1,3,247365,200216035,809.3951650395165,ns,ok,direct,arithmetic,a038f25ac66821574b30392dc1d3b189cc287e2c,true,kotlin-2.4.10/jvm/Eclipse Adoptium/25.0.1/JMH 1.37/forks=1,1,3,200000000,dot-v1+4096+uniform,policy-v1,policy,jvm-simd/policy-v1,jmh-average-time-v1,200000000,1,1,score-times-operations
4,dot+4096+uniform,jvm-simd/simd(4 lanes)/simd-sparse/packed-8x4,5,2,1,4,231328,200138592,865.1723613224513,ns,ok,direct,arithmetic,a038f25ac66821574b30392dc1d3b189cc287e2c,true,kotlin-2.4.10/jvm/Eclipse Adoptium/25.0.1/JMH 1.37/forks=1,1,3,200000000,dot-v1+4096+uniform,policy-v1,policy,jvm-simd/policy-v1,jmh-average-time-v1,200000000,1,1,score-times-operations
4,dot+4096+uniform,jvm-simd/simd(4 lanes)/simd-sparse/packed-8x4,5,2,1,5,238738,200223078,838.672846383902,ns,ok,direct,arithmetic,a038f25ac66821574b30392dc1d3b189cc287e2c,true,kotlin-2.4.10/jvm/Eclipse Adoptium/25.0.1/JMH 1.37/forks=1,1,3,200000000,dot-v1+4096+uniform,policy-v1,policy,jvm-simd/policy-v1,jmh-average-time-v1,200000000,1,1,score-times-operations
4,axpy+4096+uniform,jvm-simd/simd(4 lanes)/simd-sparse/packed-8x4,5,2,1,1,133563,200219381,1499.0632211016525,ns,ok,direct,reset-and-arithmetic,a038f25ac66821574b30392dc1d3b189cc287e2c,true,kotlin-2.4.10/jvm/Eclipse Adoptium/25.0.1/JMH 1.37/forks=1,1,3,200000000,axpy-v1+4096+uniform,policy-v1,policy,jvm-simd/policy-v1,jmh-average-time-v1,200000000,1,1,score-times-operations
4,axpy+4096+uniform,jvm-simd/simd(4 lanes)/simd-sparse/packed-8x4,5,2,1,2,133563,200156935,1498.5956814387218,ns,ok,direct,reset-and-arithmetic,a038f25ac66821574b30392dc1d3b189cc287e2c,true,kotlin-2.4.10/jvm/Eclipse Adoptium/25.0.1/JMH 1.37/forks=1,1,3,200000000,axpy-v1+4096+uniform,policy-v1,policy,jvm-simd/policy-v1,jmh-average-time-v1,200000000,1,1,score-times-operations
4,axpy+4096+uniform,jvm-simd/simd(4 lanes)/simd-sparse/packed-8x4,5,2,1,3,135910,200273009,1473.570811566478,ns,ok,direct,reset-and-arithmetic,a038f25ac66821574b30392dc1d3b189cc287e2c,true,kotlin-2.4.10/jvm/Eclipse Adoptium/25.0.1/JMH 1.37/forks=1,1,3,200000000,axpy-v1+4096+uniform,policy-v1,policy,jvm-simd/policy-v1,jmh-average-time-v1,200000000,1,1,score-times-operations
4,axpy+4096+uniform,jvm-simd/simd(4 lanes)/simd-sparse/packed-8x4,5,2,1,4,136964,200172000,1461.4935311468707,ns,ok,direct,reset-and-arithmetic,a038f25ac66821574b30392dc1d3b189cc287e2c,true,kotlin-2.4.10/jvm/Eclipse Adoptium/25.0.1/JMH 1.37/forks=1,1,3,200000000,axpy-v1+4096+uniform,policy-v1,policy,jvm-simd/policy-v1,jmh-average-time-v1,200000000,1,1,score-times-operations
4,axpy+4096+uniform,jvm-simd/simd(4 lanes)/simd-sparse/packed-8x4,5,2,1,5,130573,200227977,1533.4562045752184,ns,ok,direct,reset-and-arithmetic,a038f25ac66821574b30392dc1d3b189cc287e2c,true,kotlin-2.4.10/jvm/Eclipse Adoptium/25.0.1/JMH 1.37/forks=1,1,3,200000000,axpy-v1+4096+uniform,policy-v1,policy,jvm-simd/policy-v1,jmh-average-time-v1,200000000,1,1,score-times-operations
4,axpy-arithmetic+4096+uniform,jvm-simd/simd(4 lanes)/simd-sparse/packed-8x4,5,2,1,1,133013,200295603,1505.8347905843789,ns,ok,direct,reset-and-arithmetic,a038f25ac66821574b30392dc1d3b189cc287e2c,true,kotlin-2.4.10/jvm/Eclipse Adoptium/25.0.1/JMH 1.37/forks=1,1,3,200000000,axpy-arithmetic-v1+4096+uniform,policy-v1,policy,jvm-simd/policy-v1,jmh-average-time-v1,200000000,1,1,score-times-operations
4,axpy-arithmetic+4096+uniform,jvm-simd/simd(4 lanes)/simd-sparse/packed-8x4,5,2,1,2,138152,200164347,1448.8704253286235,ns,ok,direct,reset-and-arithmetic,a038f25ac66821574b30392dc1d3b189cc287e2c,true,kotlin-2.4.10/jvm/Eclipse Adoptium/25.0.1/JMH 1.37/forks=1,1,3,200000000,axpy-arithmetic-v1+4096+uniform,policy-v1,policy,jvm-simd/policy-v1,jmh-average-time-v1,200000000,1,1,score-times-operations
4,axpy-arithmetic+4096+uniform,jvm-simd/simd(4 lanes)/simd-sparse/packed-8x4,5,2,1,3,142364,200222402,1406.4117473518586,ns,ok,direct,reset-and-arithmetic,a038f25ac66821574b30392dc1d3b189cc287e2c,true,kotlin-2.4.10/jvm/Eclipse Adoptium/25.0.1/JMH 1.37/forks=1,1,3,200000000,axpy-arithmetic-v1+4096+uniform,policy-v1,policy,jvm-simd/policy-v1,jmh-average-time-v1,200000000,1,1,score-times-operations
4,axpy-arithmetic+4096+uniform,jvm-simd/simd(4 lanes)/simd-sparse/packed-8x4,5,2,1,4,140626,200152353,1423.295500120888,ns,ok,direct,reset-and-arithmetic,a038f25ac66821574b30392dc1d3b189cc287e2c,true,kotlin-2.4.10/jvm/Eclipse Adoptium/25.0.1/JMH 1.37/forks=1,1,3,200000000,axpy-arithmetic-v1+4096+uniform,policy-v1,policy,jvm-simd/policy-v1,jmh-average-time-v1,200000000,1,1,score-times-operations
4,axpy-arithmetic+4096+uniform,jvm-simd/simd(4 lanes)/simd-sparse/packed-8x4,5,2,1,5,139819,200159640,1431.5625201152918,ns,ok,direct,reset-and-arithmetic,a038f25ac66821574b30392dc1d3b189cc287e2c,true,kotlin-2.4.10/jvm/Eclipse Adoptium/25.0.1/JMH 1.37/forks=1,1,3,200000000,axpy-arithmetic-v1+4096+uniform,policy-v1,policy,jvm-simd/policy-v1,jmh-average-time-v1,200000000,1,1,score-times-operations
4,scal+4096+uniform,jvm-simd/simd(4 lanes)/simd-sparse/packed-8x4,5,2,1,1,142564,200185332,1404.1786986897114,ns,ok,direct,reset-and-arithmetic,a038f25ac66821574b30392dc1d3b189cc287e2c,true,kotlin-2.4.10/jvm/Eclipse Adoptium/25.0.1/JMH 1.37/forks=1,1,3,200000000,scal-v1+4096+uniform,policy-v1,policy,jvm-simd/policy-v1,jmh-average-time-v1,200000000,1,1,score-times-operations
4,scal+4096+uniform,jvm-simd/simd(4 lanes)/simd-sparse/packed-8x4,5,2,1,2,141743,200109472,1411.776750880114,ns,ok,direct,reset-and-arithmetic,a038f25ac66821574b30392dc1d3b189cc287e2c,true,kotlin-2.4.10/jvm/Eclipse Adoptium/25.0.1/JMH 1.37/forks=1,1,3,200000000,scal-v1+4096+uniform,policy-v1,policy,jvm-simd/policy-v1,jmh-average-time-v1,200000000,1,1,score-times-operations
4,scal+4096+uniform,jvm-simd/simd(4 lanes)/simd-sparse/packed-8x4,5,2,1,3,132264,200163097,1513.3603777293897,ns,ok,direct,reset-and-arithmetic,a038f25ac66821574b30392dc1d3b189cc287e2c,true,kotlin-2.4.10/jvm/Eclipse Adoptium/25.0.1/JMH 1.37/forks=1,1,3,200000000,scal-v1+4096+uniform,policy-v1,policy,jvm-simd/policy-v1,jmh-average-time-v1,200000000,1,1,score-times-operations
4,scal+4096+uniform,jvm-simd/simd(4 lanes)/simd-sparse/packed-8x4,5,2,1,4,139430,200199912,1435.845313060317,ns,ok,direct,reset-and-arithmetic,a038f25ac66821574b30392dc1d3b189cc287e2c,true,kotlin-2.4.10/jvm/Eclipse Adoptium/25.0.1/JMH 1.37/forks=1,1,3,200000000,scal-v1+4096+uniform,policy-v1,policy,jvm-simd/policy-v1,jmh-average-time-v1,200000000,1,1,score-times-operations
4,scal+4096+uniform,jvm-simd/simd(4 lanes)/simd-sparse/packed-8x4,5,2,1,5,141580,200140756,1413.623082356265,ns,ok,direct,reset-and-arithmetic,a038f25ac66821574b30392dc1d3b189cc287e2c,true,kotlin-2.4.10/jvm/Eclipse Adoptium/25.0.1/JMH 1.37/forks=1,1,3,200000000,scal-v1+4096+uniform,policy-v1,policy,jvm-simd/policy-v1,jmh-average-time-v1,200000000,1,1,score-times-operations
4,nrm2+4096+uniform,jvm-simd/simd(4 lanes)/simd-sparse/packed-8x4,5,2,1,1,460482,200175635,434.70892456165495,ns,ok,direct,arithmetic,a038f25ac66821574b30392dc1d3b189cc287e2c,true,kotlin-2.4.10/jvm/Eclipse Adoptium/25.0.1/JMH 1.37/forks=1,1,3,200000000,nrm2-v1+4096+uniform,policy-v1,policy,jvm-simd/policy-v1,jmh-average-time-v1,200000000,1,1,score-times-operations
4,nrm2+4096+uniform,jvm-simd/simd(4 lanes)/simd-sparse/packed-8x4,5,2,1,2,445560,200176240,449.2688751234402,ns,ok,direct,arithmetic,a038f25ac66821574b30392dc1d3b189cc287e2c,true,kotlin-2.4.10/jvm/Eclipse Adoptium/25.0.1/JMH 1.37/forks=1,1,3,200000000,nrm2-v1+4096+uniform,policy-v1,policy,jvm-simd/policy-v1,jmh-average-time-v1,200000000,1,1,score-times-operations
4,nrm2+4096+uniform,jvm-simd/simd(4 lanes)/simd-sparse/packed-8x4,5,2,1,3,374901,200149384,533.8726330417898,ns,ok,direct,arithmetic,a038f25ac66821574b30392dc1d3b189cc287e2c,true,kotlin-2.4.10/jvm/Eclipse Adoptium/25.0.1/JMH 1.37/forks=1,1,3,200000000,nrm2-v1+4096+uniform,policy-v1,policy,jvm-simd/policy-v1,jmh-average-time-v1,200000000,1,1,score-times-operations
4,nrm2+4096+uniform,jvm-simd/simd(4 lanes)/simd-sparse/packed-8x4,5,2,1,4,346405,200212790,577.9731528124594,ns,ok,direct,arithmetic,a038f25ac66821574b30392dc1d3b189cc287e2c,true,kotlin-2.4.10/jvm/Eclipse Adoptium/25.0.1/JMH 1.37/forks=1,1,3,200000000,nrm2-v1+4096+uniform,policy-v1,policy,jvm-simd/policy-v1,jmh-average-time-v1,200000000,1,1,score-times-operations
4,nrm2+4096+uniform,jvm-simd/simd(4 lanes)/simd-sparse/packed-8x4,5,2,1,5,445563,200276489,449.49084416794034,ns,ok,direct,arithmetic,a038f25ac66821574b30392dc1d3b189cc287e2c,true,kotlin-2.4.10/jvm/Eclipse Adoptium/25.0.1/JMH 1.37/forks=1,1,3,200000000,nrm2-v1+4096+uniform,policy-v1,policy,jvm-simd/policy-v1,jmh-average-time-v1,200000000,1,1,score-times-operations
4,asum+4096+uniform,jvm-simd/simd(4 lanes)/simd-sparse/packed-8x4,5,2,1,1,736028,200216740,272.0232654192504,ns,ok,direct,arithmetic,a038f25ac66821574b30392dc1d3b189cc287e2c,true,kotlin-2.4.10/jvm/Eclipse Adoptium/25.0.1/JMH 1.37/forks=1,1,3,200000000,asum-v1+4096+uniform,policy-v1,policy,jvm-simd/policy-v1,jmh-average-time-v1,200000000,1,1,score-times-operations
4,asum+4096+uniform,jvm-simd/simd(4 lanes)/simd-sparse/packed-8x4,5,2,1,2,755088,200180095,265.10829863539084,ns,ok,direct,arithmetic,a038f25ac66821574b30392dc1d3b189cc287e2c,true,kotlin-2.4.10/jvm/Eclipse Adoptium/25.0.1/JMH 1.37/forks=1,1,3,200000000,asum-v1+4096+uniform,policy-v1,policy,jvm-simd/policy-v1,jmh-average-time-v1,200000000,1,1,score-times-operations
4,asum+4096+uniform,jvm-simd/simd(4 lanes)/simd-sparse/packed-8x4,5,2,1,3,761066,200228619,263.08969130141145,ns,ok,direct,arithmetic,a038f25ac66821574b30392dc1d3b189cc287e2c,true,kotlin-2.4.10/jvm/Eclipse Adoptium/25.0.1/JMH 1.37/forks=1,1,3,200000000,asum-v1+4096+uniform,policy-v1,policy,jvm-simd/policy-v1,jmh-average-time-v1,200000000,1,1,score-times-operations
4,asum+4096+uniform,jvm-simd/simd(4 lanes)/simd-sparse/packed-8x4,5,2,1,4,758707,200193094,263.86087646482764,ns,ok,direct,arithmetic,a038f25ac66821574b30392dc1d3b189cc287e2c,true,kotlin-2.4.10/jvm/Eclipse Adoptium/25.0.1/JMH 1.37/forks=1,1,3,200000000,asum-v1+4096+uniform,policy-v1,policy,jvm-simd/policy-v1,jmh-average-time-v1,200000000,1,1,score-times-operations
4,asum+4096+uniform,jvm-simd/simd(4 lanes)/simd-sparse/packed-8x4,5,2,1,5,760652,200144728,263.12259482654355,ns,ok,direct,arithmetic,a038f25ac66821574b30392dc1d3b189cc287e2c,true,kotlin-2.4.10/jvm/Eclipse Adoptium/25.0.1/JMH 1.37/forks=1,1,3,200000000,asum-v1+4096+uniform,policy-v1,policy,jvm-simd/policy-v1,jmh-average-time-v1,200000000,1,1,score-times-operations
4,sum+4096+uniform,jvm-simd/simd(4 lanes)/simd-sparse/packed-8x4,5,2,1,1,1111870,200148342,180.010560587119,ns,ok,direct,arithmetic,a038f25ac66821574b30392dc1d3b189cc287e2c,true,kotlin-2.4.10/jvm/Eclipse Adoptium/25.0.1/JMH 1.37/forks=1,1,3,200000000,sum-v1+4096+uniform,policy-v1,policy,jvm-simd/policy-v1,jmh-average-time-v1,200000000,1,1,score-times-operations
4,sum+4096+uniform,jvm-simd/simd(4 lanes)/simd-sparse/packed-8x4,5,2,1,2,1192534,200161522,167.84554738061976,ns,ok,direct,arithmetic,a038f25ac66821574b30392dc1d3b189cc287e2c,true,kotlin-2.4.10/jvm/Eclipse Adoptium/25.0.1/JMH 1.37/forks=1,1,3,200000000,sum-v1+4096+uniform,policy-v1,policy,jvm-simd/policy-v1,jmh-average-time-v1,200000000,1,1,score-times-operations
4,sum+4096+uniform,jvm-simd/simd(4 lanes)/simd-sparse/packed-8x4,5,2,1,3,1173710,200234985,170.60005026795375,ns,ok,direct,arithmetic,a038f25ac66821574b30392dc1d3b189cc287e2c,true,kotlin-2.4.10/jvm/Eclipse Adoptium/25.0.1/JMH 1.37/forks=1,1,3,200000000,sum-v1+4096+uniform,policy-v1,policy,jvm-simd/policy-v1,jmh-average-time-v1,200000000,1,1,score-times-operations
4,sum+4096+uniform,jvm-simd/simd(4 lanes)/simd-sparse/packed-8x4,5,2,1,4,1074814,200133053,186.2024992231214,ns,ok,direct,arithmetic,a038f25ac66821574b30392dc1d3b189cc287e2c,true,kotlin-2.4.10/jvm/Eclipse Adoptium/25.0.1/JMH 1.37/forks=1,1,3,200000000,sum-v1+4096+uniform,policy-v1,policy,jvm-simd/policy-v1,jmh-average-time-v1,200000000,1,1,score-times-operations
4,sum+4096+uniform,jvm-simd/simd(4 lanes)/simd-sparse/packed-8x4,5,2,1,5,1168131,200181384,171.3689509138958,ns,ok,direct,arithmetic,a038f25ac66821574b30392dc1d3b189cc287e2c,true,kotlin-2.4.10/jvm/Eclipse Adoptium/25.0.1/JMH 1.37/forks=1,1,3,200000000,sum-v1+4096+uniform,policy-v1,policy,jvm-simd/policy-v1,jmh-average-time-v1,200000000,1,1,score-times-operations
4,compensated-sum+4096+uniform,jvm-simd/simd(4 lanes)/simd-sparse/packed-8x4,5,2,1,1,61713,200160513,3243.4092168586844,ns,ok,unsupported,arithmetic,a038f25ac66821574b30392dc1d3b189cc287e2c,true,kotlin-2.4.10/jvm/Eclipse Adoptium/25.0.1/JMH 1.37/forks=1,1,3,200000000,compensated-sum-v1+4096+uniform,policy-v1,policy,jvm-simd/policy-v1,jmh-average-time-v1,200000000,1,1,score-times-operations
4,compensated-sum+4096+uniform,jvm-simd/simd(4 lanes)/simd-sparse/packed-8x4,5,2,1,2,69400,200219728,2885.0104899135445,ns,ok,unsupported,arithmetic,a038f25ac66821574b30392dc1d3b189cc287e2c,true,kotlin-2.4.10/jvm/Eclipse Adoptium/25.0.1/JMH 1.37/forks=1,1,3,200000000,compensated-sum-v1+4096+uniform,policy-v1,policy,jvm-simd/policy-v1,jmh-average-time-v1,200000000,1,1,score-times-operations
4,compensated-sum+4096+uniform,jvm-simd/simd(4 lanes)/simd-sparse/packed-8x4,5,2,1,3,68872,200175066,2906.4796433964457,ns,ok,unsupported,arithmetic,a038f25ac66821574b30392dc1d3b189cc287e2c,true,kotlin-2.4.10/jvm/Eclipse Adoptium/25.0.1/JMH 1.37/forks=1,1,3,200000000,compensated-sum-v1+4096+uniform,policy-v1,policy,jvm-simd/policy-v1,jmh-average-time-v1,200000000,1,1,score-times-operations
4,compensated-sum+4096+uniform,jvm-simd/simd(4 lanes)/simd-sparse/packed-8x4,5,2,1,4,63271,200262839,3165.1600101152185,ns,ok,unsupported,arithmetic,a038f25ac66821574b30392dc1d3b189cc287e2c,true,kotlin-2.4.10/jvm/Eclipse Adoptium/25.0.1/JMH 1.37/forks=1,1,3,200000000,compensated-sum-v1+4096+uniform,policy-v1,policy,jvm-simd/policy-v1,jmh-average-time-v1,200000000,1,1,score-times-operations
4,compensated-sum+4096+uniform,jvm-simd/simd(4 lanes)/simd-sparse/packed-8x4,5,2,1,5,61830,200227904,3238.361701439431,ns,ok,unsupported,arithmetic,a038f25ac66821574b30392dc1d3b189cc287e2c,true,kotlin-2.4.10/jvm/Eclipse Adoptium/25.0.1/JMH 1.37/forks=1,1,3,200000000,compensated-sum-v1+4096+uniform,policy-v1,policy,jvm-simd/policy-v1,jmh-average-time-v1,200000000,1,1,score-times-operations
4,iamax+4096+uniform,jvm-simd/simd(4 lanes)/simd-sparse/packed-8x4,5,2,1,1,163015,200203341,1228.128337883017,ns,ok,direct,arithmetic,a038f25ac66821574b30392dc1d3b189cc287e2c,true,kotlin-2.4.10/jvm/Eclipse Adoptium/25.0.1/JMH 1.37/forks=1,1,3,200000000,iamax-v1+4096+uniform,policy-v1,policy,jvm-simd/policy-v1,jmh-average-time-v1,200000000,1,1,score-times-operations
4,iamax+4096+uniform,jvm-simd/simd(4 lanes)/simd-sparse/packed-8x4,5,2,1,2,147788,200204060,1354.6706092510894,ns,ok,direct,arithmetic,a038f25ac66821574b30392dc1d3b189cc287e2c,true,kotlin-2.4.10/jvm/Eclipse Adoptium/25.0.1/JMH 1.37/forks=1,1,3,200000000,iamax-v1+4096+uniform,policy-v1,policy,jvm-simd/policy-v1,jmh-average-time-v1,200000000,1,1,score-times-operations
4,iamax+4096+uniform,jvm-simd/simd(4 lanes)/simd-sparse/packed-8x4,5,2,1,3,148287,200200787,1350.0899404533102,ns,ok,direct,arithmetic,a038f25ac66821574b30392dc1d3b189cc287e2c,true,kotlin-2.4.10/jvm/Eclipse Adoptium/25.0.1/JMH 1.37/forks=1,1,3,200000000,iamax-v1+4096+uniform,policy-v1,policy,jvm-simd/policy-v1,jmh-average-time-v1,200000000,1,1,score-times-operations
4,iamax+4096+uniform,jvm-simd/simd(4 lanes)/simd-sparse/packed-8x4,5,2,1,4,156917,200133472,1275.4097516521474,ns,ok,direct,arithmetic,a038f25ac66821574b30392dc1d3b189cc287e2c,true,kotlin-2.4.10/jvm/Eclipse Adoptium/25.0.1/JMH 1.37/forks=1,1,3,200000000,iamax-v1+4096+uniform,policy-v1,policy,jvm-simd/policy-v1,jmh-average-time-v1,200000000,1,1,score-times-operations
4,iamax+4096+uniform,jvm-simd/simd(4 lanes)/simd-sparse/packed-8x4,5,2,1,5,151483,200283536,1322.151898232805,ns,ok,direct,arithmetic,a038f25ac66821574b30392dc1d3b189cc287e2c,true,kotlin-2.4.10/jvm/Eclipse Adoptium/25.0.1/JMH 1.37/forks=1,1,3,200000000,iamax-v1+4096+uniform,policy-v1,policy,jvm-simd/policy-v1,jmh-average-time-v1,200000000,1,1,score-times-operations
4,swap+4096+uniform,jvm-simd/simd(4 lanes)/simd-sparse/packed-8x4,5,2,1,1,73474,200139675,2723.9523504913304,ns,ok,direct,reset-and-arithmetic,a038f25ac66821574b30392dc1d3b189cc287e2c,true,kotlin-2.4.10/jvm/Eclipse Adoptium/25.0.1/JMH 1.37/forks=1,1,3,200000000,swap-v1+4096+uniform,policy-v1,policy,jvm-simd/policy-v1,jmh-average-time-v1,200000000,1,1,score-times-operations
4,swap+4096+uniform,jvm-simd/simd(4 lanes)/simd-sparse/packed-8x4,5,2,1,2,74963,200213690,2670.833477849072,ns,ok,direct,reset-and-arithmetic,a038f25ac66821574b30392dc1d3b189cc287e2c,true,kotlin-2.4.10/jvm/Eclipse Adoptium/25.0.1/JMH 1.37/forks=1,1,3,200000000,swap-v1+4096+uniform,policy-v1,policy,jvm-simd/policy-v1,jmh-average-time-v1,200000000,1,1,score-times-operations
4,swap+4096+uniform,jvm-simd/simd(4 lanes)/simd-sparse/packed-8x4,5,2,1,3,71744,200166501,2790.0103283898306,ns,ok,direct,reset-and-arithmetic,a038f25ac66821574b30392dc1d3b189cc287e2c,true,kotlin-2.4.10/jvm/Eclipse Adoptium/25.0.1/JMH 1.37/forks=1,1,3,200000000,swap-v1+4096+uniform,policy-v1,policy,jvm-simd/policy-v1,jmh-average-time-v1,200000000,1,1,score-times-operations
4,swap+4096+uniform,jvm-simd/simd(4 lanes)/simd-sparse/packed-8x4,5,2,1,4,73094,200226421,2739.3003666511613,ns,ok,direct,reset-and-arithmetic,a038f25ac66821574b30392dc1d3b189cc287e2c,true,kotlin-2.4.10/jvm/Eclipse Adoptium/25.0.1/JMH 1.37/forks=1,1,3,200000000,swap-v1+4096+uniform,policy-v1,policy,jvm-simd/policy-v1,jmh-average-time-v1,200000000,1,1,score-times-operations
4,swap+4096+uniform,jvm-simd/simd(4 lanes)/simd-sparse/packed-8x4,5,2,1,5,73139,200107451,2735.9883372755985,ns,ok,direct,reset-and-arithmetic,a038f25ac66821574b30392dc1d3b189cc287e2c,true,kotlin-2.4.10/jvm/Eclipse Adoptium/25.0.1/JMH 1.37/forks=1,1,3,200000000,swap-v1+4096+uniform,policy-v1,policy,jvm-simd/policy-v1,jmh-average-time-v1,200000000,1,1,score-times-operations
4,rot+4096+uniform,jvm-simd/simd(4 lanes)/simd-sparse/packed-8x4,5,2,1,1,73057,200155967,2739.723325622459,ns,ok,direct,reset-and-arithmetic,a038f25ac66821574b30392dc1d3b189cc287e2c,true,kotlin-2.4.10/jvm/Eclipse Adoptium/25.0.1/JMH 1.37/forks=1,1,3,200000000,rot-v1+4096+uniform,policy-v1,policy,jvm-simd/policy-v1,jmh-average-time-v1,200000000,1,1,score-times-operations
4,rot+4096+uniform,jvm-simd/simd(4 lanes)/simd-sparse/packed-8x4,5,2,1,2,73390,200206221,2727.9768497070445,ns,ok,direct,reset-and-arithmetic,a038f25ac66821574b30392dc1d3b189cc287e2c,true,kotlin-2.4.10/jvm/Eclipse Adoptium/25.0.1/JMH 1.37/forks=1,1,3,200000000,rot-v1+4096+uniform,policy-v1,policy,jvm-simd/policy-v1,jmh-average-time-v1,200000000,1,1,score-times-operations
4,rot+4096+uniform,jvm-simd/simd(4 lanes)/simd-sparse/packed-8x4,5,2,1,3,74799,200208233,2676.616438722443,ns,ok,direct,reset-and-arithmetic,a038f25ac66821574b30392dc1d3b189cc287e2c,true,kotlin-2.4.10/jvm/Eclipse Adoptium/25.0.1/JMH 1.37/forks=1,1,3,200000000,rot-v1+4096+uniform,policy-v1,policy,jvm-simd/policy-v1,jmh-average-time-v1,200000000,1,1,score-times-operations
4,rot+4096+uniform,jvm-simd/simd(4 lanes)/simd-sparse/packed-8x4,5,2,1,4,73104,200179585,2738.284977566207,ns,ok,direct,reset-and-arithmetic,a038f25ac66821574b30392dc1d3b189cc287e2c,true,kotlin-2.4.10/jvm/Eclipse Adoptium/25.0.1/JMH 1.37/forks=1,1,3,200000000,rot-v1+4096+uniform,policy-v1,policy,jvm-simd/policy-v1,jmh-average-time-v1,200000000,1,1,score-times-operations
4,rot+4096+uniform,jvm-simd/simd(4 lanes)/simd-sparse/packed-8x4,5,2,1,5,79231,200118020,2525.754060910502,ns,ok,direct,reset-and-arithmetic,a038f25ac66821574b30392dc1d3b189cc287e2c,true,kotlin-2.4.10/jvm/Eclipse Adoptium/25.0.1/JMH 1.37/forks=1,1,3,200000000,rot-v1+4096+uniform,policy-v1,policy,jvm-simd/policy-v1,jmh-average-time-v1,200000000,1,1,score-times-operations
4,rotm+4096+uniform,jvm-simd/simd(4 lanes)/simd-sparse/packed-8x4,5,2,1,1,72007,200191364,2780.1653172608217,ns,ok,direct,reset-and-arithmetic,a038f25ac66821574b30392dc1d3b189cc287e2c,true,kotlin-2.4.10/jvm/Eclipse Adoptium/25.0.1/JMH 1.37/forks=1,1,3,200000000,rotm-v1+4096+uniform,policy-v1,policy,jvm-simd/policy-v1,jmh-average-time-v1,200000000,1,1,score-times-operations
4,rotm+4096+uniform,jvm-simd/simd(4 lanes)/simd-sparse/packed-8x4,5,2,1,2,71328,200103706,2805.4018898609243,ns,ok,direct,reset-and-arithmetic,a038f25ac66821574b30392dc1d3b189cc287e2c,true,kotlin-2.4.10/jvm/Eclipse Adoptium/25.0.1/JMH 1.37/forks=1,1,3,200000000,rotm-v1+4096+uniform,policy-v1,policy,jvm-simd/policy-v1,jmh-average-time-v1,200000000,1,1,score-times-operations
4,rotm+4096+uniform,jvm-simd/simd(4 lanes)/simd-sparse/packed-8x4,5,2,1,3,70391,200135794,2843.2014604139736,ns,ok,direct,reset-and-arithmetic,a038f25ac66821574b30392dc1d3b189cc287e2c,true,kotlin-2.4.10/jvm/Eclipse Adoptium/25.0.1/JMH 1.37/forks=1,1,3,200000000,rotm-v1+4096+uniform,policy-v1,policy,jvm-simd/policy-v1,jmh-average-time-v1,200000000,1,1,score-times-operations
4,rotm+4096+uniform,jvm-simd/simd(4 lanes)/simd-sparse/packed-8x4,5,2,1,4,52056,200204374,3845.942331335485,ns,ok,direct,reset-and-arithmetic,a038f25ac66821574b30392dc1d3b189cc287e2c,true,kotlin-2.4.10/jvm/Eclipse Adoptium/25.0.1/JMH 1.37/forks=1,1,3,200000000,rotm-v1+4096+uniform,policy-v1,policy,jvm-simd/policy-v1,jmh-average-time-v1,200000000,1,1,score-times-operations
4,rotm+4096+uniform,jvm-simd/simd(4 lanes)/simd-sparse/packed-8x4,5,2,1,5,70543,200198350,2837.9619522844223,ns,ok,direct,reset-and-arithmetic,a038f25ac66821574b30392dc1d3b189cc287e2c,true,kotlin-2.4.10/jvm/Eclipse Adoptium/25.0.1/JMH 1.37/forks=1,1,3,200000000,rotm-v1+4096+uniform,policy-v1,policy,jvm-simd/policy-v1,jmh-average-time-v1,200000000,1,1,score-times-operations
4,rotmg+1+uniform,jvm-simd/simd(4 lanes)/simd-sparse/packed-8x4,5,2,1,1,20879649,200126518,9.584764475686349,ns,ok,direct,arithmetic,a038f25ac66821574b30392dc1d3b189cc287e2c,true,kotlin-2.4.10/jvm/Eclipse Adoptium/25.0.1/JMH 1.37/forks=1,1,3,200000000,rotmg-v1+1+uniform,policy-v1,policy,jvm-simd/policy-v1,jmh-average-time-v1,200000000,1,1,score-times-operations
4,rotmg+1+uniform,jvm-simd/simd(4 lanes)/simd-sparse/packed-8x4,5,2,1,2,23851465,200159335,8.391909469711818,ns,ok,direct,arithmetic,a038f25ac66821574b30392dc1d3b189cc287e2c,true,kotlin-2.4.10/jvm/Eclipse Adoptium/25.0.1/JMH 1.37/forks=1,1,3,200000000,rotmg-v1+1+uniform,policy-v1,policy,jvm-simd/policy-v1,jmh-average-time-v1,200000000,1,1,score-times-operations
4,rotmg+1+uniform,jvm-simd/simd(4 lanes)/simd-sparse/packed-8x4,5,2,1,3,14802652,200217319,13.525773557332835,ns,ok,direct,arithmetic,a038f25ac66821574b30392dc1d3b189cc287e2c,true,kotlin-2.4.10/jvm/Eclipse Adoptium/25.0.1/JMH 1.37/forks=1,1,3,200000000,rotmg-v1+1+uniform,policy-v1,policy,jvm-simd/policy-v1,jmh-average-time-v1,200000000,1,1,score-times-operations
4,rotmg+1+uniform,jvm-simd/simd(4 lanes)/simd-sparse/packed-8x4,5,2,1,4,23332326,200141964,8.577883062323062,ns,ok,direct,arithmetic,a038f25ac66821574b30392dc1d3b189cc287e2c,true,kotlin-2.4.10/jvm/Eclipse Adoptium/25.0.1/JMH 1.37/forks=1,1,3,200000000,rotmg-v1+1+uniform,policy-v1,policy,jvm-simd/policy-v1,jmh-average-time-v1,200000000,1,1,score-times-operations
4,rotmg+1+uniform,jvm-simd/simd(4 lanes)/simd-sparse/packed-8x4,5,2,1,5,22911559,200317991,8.743097359721354,ns,ok,direct,arithmetic,a038f25ac66821574b30392dc1d3b189cc287e2c,true,kotlin-2.4.10/jvm/Eclipse Adoptium/25.0.1/JMH 1.37/forks=1,1,3,200000000,rotmg-v1+1+uniform,policy-v1,policy,jvm-simd/policy-v1,jmh-average-time-v1,200000000,1,1,score-times-operations
4,ssqd+4096+uniform,jvm-simd/simd(4 lanes)/simd-sparse/packed-8x4,5,2,1,1,358713,200141804,557.944105733553,ns,ok,unsupported,arithmetic,a038f25ac66821574b30392dc1d3b189cc287e2c,true,kotlin-2.4.10/jvm/Eclipse Adoptium/25.0.1/JMH 1.37/forks=1,1,3,200000000,ssqd-v1+4096+uniform,policy-v1,policy,jvm-simd/policy-v1,jmh-average-time-v1,200000000,1,1,score-times-operations
4,ssqd+4096+uniform,jvm-simd/simd(4 lanes)/simd-sparse/packed-8x4,5,2,1,2,364438,200155287,549.2162919344305,ns,ok,unsupported,arithmetic,a038f25ac66821574b30392dc1d3b189cc287e2c,true,kotlin-2.4.10/jvm/Eclipse Adoptium/25.0.1/JMH 1.37/forks=1,1,3,200000000,ssqd-v1+4096+uniform,policy-v1,policy,jvm-simd/policy-v1,jmh-average-time-v1,200000000,1,1,score-times-operations
4,ssqd+4096+uniform,jvm-simd/simd(4 lanes)/simd-sparse/packed-8x4,5,2,1,3,372249,200276374,538.0172250294829,ns,ok,unsupported,arithmetic,a038f25ac66821574b30392dc1d3b189cc287e2c,true,kotlin-2.4.10/jvm/Eclipse Adoptium/25.0.1/JMH 1.37/forks=1,1,3,200000000,ssqd-v1+4096+uniform,policy-v1,policy,jvm-simd/policy-v1,jmh-average-time-v1,200000000,1,1,score-times-operations
4,ssqd+4096+uniform,jvm-simd/simd(4 lanes)/simd-sparse/packed-8x4,5,2,1,4,372170,200186204,537.8891474326249,ns,ok,unsupported,arithmetic,a038f25ac66821574b30392dc1d3b189cc287e2c,true,kotlin-2.4.10/jvm/Eclipse Adoptium/25.0.1/JMH 1.37/forks=1,1,3,200000000,ssqd-v1+4096+uniform,policy-v1,policy,jvm-simd/policy-v1,jmh-average-time-v1,200000000,1,1,score-times-operations
4,ssqd+4096+uniform,jvm-simd/simd(4 lanes)/simd-sparse/packed-8x4,5,2,1,5,373698,200151933,535.598084549556,ns,ok,unsupported,arithmetic,a038f25ac66821574b30392dc1d3b189cc287e2c,true,kotlin-2.4.10/jvm/Eclipse Adoptium/25.0.1/JMH 1.37/forks=1,1,3,200000000,ssqd-v1+4096+uniform,policy-v1,policy,jvm-simd/policy-v1,jmh-average-time-v1,200000000,1,1,score-times-operations
4,dot4+4096+uniform,jvm-simd/simd(4 lanes)/simd-sparse/packed-8x4,5,2,1,1,127744,200186204,1567.088896543086,ns,ok,composed,arithmetic,a038f25ac66821574b30392dc1d3b189cc287e2c,true,kotlin-2.4.10/jvm/Eclipse Adoptium/25.0.1/JMH 1.37/forks=1,1,3,200000000,dot4-v1+4096+uniform,policy-v1,policy,jvm-simd/policy-v1,jmh-average-time-v1,200000000,1,1,score-times-operations
4,dot4+4096+uniform,jvm-simd/simd(4 lanes)/simd-sparse/packed-8x4,5,2,1,2,125720,200184916,1592.3076360165446,ns,ok,composed,arithmetic,a038f25ac66821574b30392dc1d3b189cc287e2c,true,kotlin-2.4.10/jvm/Eclipse Adoptium/25.0.1/JMH 1.37/forks=1,1,3,200000000,dot4-v1+4096+uniform,policy-v1,policy,jvm-simd/policy-v1,jmh-average-time-v1,200000000,1,1,score-times-operations
4,dot4+4096+uniform,jvm-simd/simd(4 lanes)/simd-sparse/packed-8x4,5,2,1,3,132714,200160222,1508.2072878520728,ns,ok,composed,arithmetic,a038f25ac66821574b30392dc1d3b189cc287e2c,true,kotlin-2.4.10/jvm/Eclipse Adoptium/25.0.1/JMH 1.37/forks=1,1,3,200000000,dot4-v1+4096+uniform,policy-v1,policy,jvm-simd/policy-v1,jmh-average-time-v1,200000000,1,1,score-times-operations
4,dot4+4096+uniform,jvm-simd/simd(4 lanes)/simd-sparse/packed-8x4,5,2,1,4,129499,200279894,1546.5748306936732,ns,ok,composed,arithmetic,a038f25ac66821574b30392dc1d3b189cc287e2c,true,kotlin-2.4.10/jvm/Eclipse Adoptium/25.0.1/JMH 1.37/forks=1,1,3,200000000,dot4-v1+4096+uniform,policy-v1,policy,jvm-simd/policy-v1,jmh-average-time-v1,200000000,1,1,score-times-operations
4,dot4+4096+uniform,jvm-simd/simd(4 lanes)/simd-sparse/packed-8x4,5,2,1,5,127941,200122917,1564.1812788707296,ns,ok,composed,arithmetic,a038f25ac66821574b30392dc1d3b189cc287e2c,true,kotlin-2.4.10/jvm/Eclipse Adoptium/25.0.1/JMH 1.37/forks=1,1,3,200000000,dot4-v1+4096+uniform,policy-v1,policy,jvm-simd/policy-v1,jmh-average-time-v1,200000000,1,1,score-times-operations
4,axpy4+4096+uniform,jvm-simd/simd(4 lanes)/simd-sparse/packed-8x4,5,2,1,1,93576,200121927,2138.6031354193383,ns,ok,composed,reset-and-arithmetic,a038f25ac66821574b30392dc1d3b189cc287e2c,true,kotlin-2.4.10/jvm/Eclipse Adoptium/25.0.1/JMH 1.37/forks=1,1,3,200000000,axpy4-v1+4096+uniform,policy-v1,policy,jvm-simd/policy-v1,jmh-average-time-v1,200000000,1,1,score-times-operations
4,axpy4+4096+uniform,jvm-simd/simd(4 lanes)/simd-sparse/packed-8x4,5,2,1,2,92537,200188145,2163.33082983023,ns,ok,composed,reset-and-arithmetic,a038f25ac66821574b30392dc1d3b189cc287e2c,true,kotlin-2.4.10/jvm/Eclipse Adoptium/25.0.1/JMH 1.37/forks=1,1,3,200000000,axpy4-v1+4096+uniform,policy-v1,policy,jvm-simd/policy-v1,jmh-average-time-v1,200000000,1,1,score-times-operations
4,axpy4+4096+uniform,jvm-simd/simd(4 lanes)/simd-sparse/packed-8x4,5,2,1,3,92643,200222125,2161.2223805360363,ns,ok,composed,reset-and-arithmetic,a038f25ac66821574b30392dc1d3b189cc287e2c,true,kotlin-2.4.10/jvm/Eclipse Adoptium/25.0.1/JMH 1.37/forks=1,1,3,200000000,axpy4-v1+4096+uniform,policy-v1,policy,jvm-simd/policy-v1,jmh-average-time-v1,200000000,1,1,score-times-operations
4,axpy4+4096+uniform,jvm-simd/simd(4 lanes)/simd-sparse/packed-8x4,5,2,1,4,92402,200171195,2166.3080344581285,ns,ok,composed,reset-and-arithmetic,a038f25ac66821574b30392dc1d3b189cc287e2c,true,kotlin-2.4.10/jvm/Eclipse Adoptium/25.0.1/JMH 1.37/forks=1,1,3,200000000,axpy4-v1+4096+uniform,policy-v1,policy,jvm-simd/policy-v1,jmh-average-time-v1,200000000,1,1,score-times-operations
4,axpy4+4096+uniform,jvm-simd/simd(4 lanes)/simd-sparse/packed-8x4,5,2,1,5,91797,200206946,2180.974824885345,ns,ok,composed,reset-and-arithmetic,a038f25ac66821574b30392dc1d3b189cc287e2c,true,kotlin-2.4.10/jvm/Eclipse Adoptium/25.0.1/JMH 1.37/forks=1,1,3,200000000,axpy4-v1+4096+uniform,policy-v1,policy,jvm-simd/policy-v1,jmh-average-time-v1,200000000,1,1,score-times-operations
4,dot-axpy+4096+uniform,jvm-simd/simd(4 lanes)/simd-sparse/packed-8x4,5,2,1,1,52721,200118981,3795.81155516777,ns,ok,composed,reset-and-arithmetic,a038f25ac66821574b30392dc1d3b189cc287e2c,true,kotlin-2.4.10/jvm/Eclipse Adoptium/25.0.1/JMH 1.37/forks=1,1,3,200000000,dot-axpy-v1+4096+uniform,policy-v1,policy,jvm-simd/policy-v1,jmh-average-time-v1,200000000,1,1,score-times-operations
4,dot-axpy+4096+uniform,jvm-simd/simd(4 lanes)/simd-sparse/packed-8x4,5,2,1,2,52789,200213832,3792.7187861107427,ns,ok,composed,reset-and-arithmetic,a038f25ac66821574b30392dc1d3b189cc287e2c,true,kotlin-2.4.10/jvm/Eclipse Adoptium/25.0.1/JMH 1.37/forks=1,1,3,200000000,dot-axpy-v1+4096+uniform,policy-v1,policy,jvm-simd/policy-v1,jmh-average-time-v1,200000000,1,1,score-times-operations
4,dot-axpy+4096+uniform,jvm-simd/simd(4 lanes)/simd-sparse/packed-8x4,5,2,1,3,52680,200128719,3798.95062642369,ns,ok,composed,reset-and-arithmetic,a038f25ac66821574b30392dc1d3b189cc287e2c,true,kotlin-2.4.10/jvm/Eclipse Adoptium/25.0.1/JMH 1.37/forks=1,1,3,200000000,dot-axpy-v1+4096+uniform,policy-v1,policy,jvm-simd/policy-v1,jmh-average-time-v1,200000000,1,1,score-times-operations
4,dot-axpy+4096+uniform,jvm-simd/simd(4 lanes)/simd-sparse/packed-8x4,5,2,1,4,52700,200179108,3798.46504743833,ns,ok,composed,reset-and-arithmetic,a038f25ac66821574b30392dc1d3b189cc287e2c,true,kotlin-2.4.10/jvm/Eclipse Adoptium/25.0.1/JMH 1.37/forks=1,1,3,200000000,dot-axpy-v1+4096+uniform,policy-v1,policy,jvm-simd/policy-v1,jmh-average-time-v1,200000000,1,1,score-times-operations
4,dot-axpy+4096+uniform,jvm-simd/simd(4 lanes)/simd-sparse/packed-8x4,5,2,1,5,51419,200185086,3893.212353410218,ns,ok,composed,reset-and-arithmetic,a038f25ac66821574b30392dc1d3b189cc287e2c,true,kotlin-2.4.10/jvm/Eclipse Adoptium/25.0.1/JMH 1.37/forks=1,1,3,200000000,dot-axpy-v1+4096+uniform,policy-v1,policy,jvm-simd/policy-v1,jmh-average-time-v1,200000000,1,1,score-times-operations
4,gemv+32x21+uniform,jvm-simd/simd(4 lanes)/simd-sparse/packed-8x4,5,2,1,1,2358656,200281639,84.9134587663483,ns,ok,direct,reset-and-arithmetic,a038f25ac66821574b30392dc1d3b189cc287e2c,true,kotlin-2.4.10/jvm/Eclipse Adoptium/25.0.1/JMH 1.37/forks=1,1,3,200000000,gemv-v1+32x21+uniform,policy-v1,policy,jvm-simd/policy-v1,jmh-average-time-v1,200000000,1,1,score-times-operations
4,gemv+32x21+uniform,jvm-simd/simd(4 lanes)/simd-sparse/packed-8x4,5,2,1,2,2246958,200198715,89.09766671206137,ns,ok,direct,reset-and-arithmetic,a038f25ac66821574b30392dc1d3b189cc287e2c,true,kotlin-2.4.10/jvm/Eclipse Adoptium/25.0.1/JMH 1.37/forks=1,1,3,200000000,gemv-v1+32x21+uniform,policy-v1,policy,jvm-simd/policy-v1,jmh-average-time-v1,200000000,1,1,score-times-operations
4,gemv+32x21+uniform,jvm-simd/simd(4 lanes)/simd-sparse/packed-8x4,5,2,1,3,2148544,200169553,93.16521002129815,ns,ok,direct,reset-and-arithmetic,a038f25ac66821574b30392dc1d3b189cc287e2c,true,kotlin-2.4.10/jvm/Eclipse Adoptium/25.0.1/JMH 1.37/forks=1,1,3,200000000,gemv-v1+32x21+uniform,policy-v1,policy,jvm-simd/policy-v1,jmh-average-time-v1,200000000,1,1,score-times-operations
4,gemv+32x21+uniform,jvm-simd/simd(4 lanes)/simd-sparse/packed-8x4,5,2,1,4,2168208,200116864,92.29597160420033,ns,ok,direct,reset-and-arithmetic,a038f25ac66821574b30392dc1d3b189cc287e2c,true,kotlin-2.4.10/jvm/Eclipse Adoptium/25.0.1/JMH 1.37/forks=1,1,3,200000000,gemv-v1+32x21+uniform,policy-v1,policy,jvm-simd/policy-v1,jmh-average-time-v1,200000000,1,1,score-times-operations
4,gemv+32x21+uniform,jvm-simd/simd(4 lanes)/simd-sparse/packed-8x4,5,2,1,5,2275705,200142695,87.94755691093529,ns,ok,direct,reset-and-arithmetic,a038f25ac66821574b30392dc1d3b189cc287e2c,true,kotlin-2.4.10/jvm/Eclipse Adoptium/25.0.1/JMH 1.37/forks=1,1,3,200000000,gemv-v1+32x21+uniform,policy-v1,policy,jvm-simd/policy-v1,jmh-average-time-v1,200000000,1,1,score-times-operations
4,gemv+129x31+uniform+transA=T,jvm-simd/simd(4 lanes)/simd-sparse/packed-8x4,5,2,1,1,243739,200118091,821.03434821674,ns,ok,direct,reset-and-arithmetic,a038f25ac66821574b30392dc1d3b189cc287e2c,true,kotlin-2.4.10/jvm/Eclipse Adoptium/25.0.1/JMH 1.37/forks=1,1,3,200000000,gemv-v1+129x31+uniform+transA=T,policy-v1,policy,jvm-simd/policy-v1,jmh-average-time-v1,200000000,1,1,score-times-operations
4,gemv+129x31+uniform+transA=T,jvm-simd/simd(4 lanes)/simd-sparse/packed-8x4,5,2,1,2,251205,200162001,796.8073923687824,ns,ok,direct,reset-and-arithmetic,a038f25ac66821574b30392dc1d3b189cc287e2c,true,kotlin-2.4.10/jvm/Eclipse Adoptium/25.0.1/JMH 1.37/forks=1,1,3,200000000,gemv-v1+129x31+uniform+transA=T,policy-v1,policy,jvm-simd/policy-v1,jmh-average-time-v1,200000000,1,1,score-times-operations
4,gemv+129x31+uniform+transA=T,jvm-simd/simd(4 lanes)/simd-sparse/packed-8x4,5,2,1,3,264842,200135577,755.679148322396,ns,ok,direct,reset-and-arithmetic,a038f25ac66821574b30392dc1d3b189cc287e2c,true,kotlin-2.4.10/jvm/Eclipse Adoptium/25.0.1/JMH 1.37/forks=1,1,3,200000000,gemv-v1+129x31+uniform+transA=T,policy-v1,policy,jvm-simd/policy-v1,jmh-average-time-v1,200000000,1,1,score-times-operations
4,gemv+129x31+uniform+transA=T,jvm-simd/simd(4 lanes)/simd-sparse/packed-8x4,5,2,1,4,221700,200103902,902.5886423094272,ns,ok,direct,reset-and-arithmetic,a038f25ac66821574b30392dc1d3b189cc287e2c,true,kotlin-2.4.10/jvm/Eclipse Adoptium/25.0.1/JMH 1.37/forks=1,1,3,200000000,gemv-v1+129x31+uniform+transA=T,policy-v1,policy,jvm-simd/policy-v1,jmh-average-time-v1,200000000,1,1,score-times-operations
4,gemv+129x31+uniform+transA=T,jvm-simd/simd(4 lanes)/simd-sparse/packed-8x4,5,2,1,5,295487,200113431,677.2326058337592,ns,ok,direct,reset-and-arithmetic,a038f25ac66821574b30392dc1d3b189cc287e2c,true,kotlin-2.4.10/jvm/Eclipse Adoptium/25.0.1/JMH 1.37/forks=1,1,3,200000000,gemv-v1+129x31+uniform+transA=T,policy-v1,policy,jvm-simd/policy-v1,jmh-average-time-v1,200000000,1,1,score-times-operations
4,symv+129+uniform+uplo=U,jvm-simd/simd(4 lanes)/simd-sparse/packed-8x4,5,2,1,1,82009,200268775,2442.034106012755,ns,ok,direct,reset-and-arithmetic,a038f25ac66821574b30392dc1d3b189cc287e2c,true,kotlin-2.4.10/jvm/Eclipse Adoptium/25.0.1/JMH 1.37/forks=1,1,3,200000000,symv-v1+129+uniform+uplo=U,policy-v1,policy,jvm-simd/policy-v1,jmh-average-time-v1,200000000,1,1,score-times-operations
4,symv+129+uniform+uplo=U,jvm-simd/simd(4 lanes)/simd-sparse/packed-8x4,5,2,1,2,77748,200174400,2574.6565828059884,ns,ok,direct,reset-and-arithmetic,a038f25ac66821574b30392dc1d3b189cc287e2c,true,kotlin-2.4.10/jvm/Eclipse Adoptium/25.0.1/JMH 1.37/forks=1,1,3,200000000,symv-v1+129+uniform+uplo=U,policy-v1,policy,jvm-simd/policy-v1,jmh-average-time-v1,200000000,1,1,score-times-operations
4,symv+129+uniform+uplo=U,jvm-simd/simd(4 lanes)/simd-sparse/packed-8x4,5,2,1,3,75872,200144651,2637.9250711725012,ns,ok,direct,reset-and-arithmetic,a038f25ac66821574b30392dc1d3b189cc287e2c,true,kotlin-2.4.10/jvm/Eclipse Adoptium/25.0.1/JMH 1.37/forks=1,1,3,200000000,symv-v1+129+uniform+uplo=U,policy-v1,policy,jvm-simd/policy-v1,jmh-average-time-v1,200000000,1,1,score-times-operations
4,symv+129+uniform+uplo=U,jvm-simd/simd(4 lanes)/simd-sparse/packed-8x4,5,2,1,4,79187,200243266,2528.7391364744212,ns,ok,direct,reset-and-arithmetic,a038f25ac66821574b30392dc1d3b189cc287e2c,true,kotlin-2.4.10/jvm/Eclipse Adoptium/25.0.1/JMH 1.37/forks=1,1,3,200000000,symv-v1+129+uniform+uplo=U,policy-v1,policy,jvm-simd/policy-v1,jmh-average-time-v1,200000000,1,1,score-times-operations
4,symv+129+uniform+uplo=U,jvm-simd/simd(4 lanes)/simd-sparse/packed-8x4,5,2,1,5,77242,200264662,2592.6913078377047,ns,ok,direct,reset-and-arithmetic,a038f25ac66821574b30392dc1d3b189cc287e2c,true,kotlin-2.4.10/jvm/Eclipse Adoptium/25.0.1/JMH 1.37/forks=1,1,3,200000000,symv-v1+129+uniform+uplo=U,policy-v1,policy,jvm-simd/policy-v1,jmh-average-time-v1,200000000,1,1,score-times-operations
4,ger+129x31+uniform,jvm-simd/simd(4 lanes)/simd-sparse/packed-8x4,5,2,1,1,165540,200200692,1209.379557810801,ns,ok,direct,reset-and-arithmetic,a038f25ac66821574b30392dc1d3b189cc287e2c,true,kotlin-2.4.10/jvm/Eclipse Adoptium/25.0.1/JMH 1.37/forks=1,1,3,200000000,ger-v1+129x31+uniform,policy-v1,policy,jvm-simd/policy-v1,jmh-average-time-v1,200000000,1,1,score-times-operations
4,ger+129x31+uniform,jvm-simd/simd(4 lanes)/simd-sparse/packed-8x4,5,2,1,2,159616,200092497,1253.5867143644748,ns,ok,direct,reset-and-arithmetic,a038f25ac66821574b30392dc1d3b189cc287e2c,true,kotlin-2.4.10/jvm/Eclipse Adoptium/25.0.1/JMH 1.37/forks=1,1,3,200000000,ger-v1+129x31+uniform,policy-v1,policy,jvm-simd/policy-v1,jmh-average-time-v1,200000000,1,1,score-times-operations
4,ger+129x31+uniform,jvm-simd/simd(4 lanes)/simd-sparse/packed-8x4,5,2,1,3,157280,200107679,1272.3021299593083,ns,ok,direct,reset-and-arithmetic,a038f25ac66821574b30392dc1d3b189cc287e2c,true,kotlin-2.4.10/jvm/Eclipse Adoptium/25.0.1/JMH 1.37/forks=1,1,3,200000000,ger-v1+129x31+uniform,policy-v1,policy,jvm-simd/policy-v1,jmh-average-time-v1,200000000,1,1,score-times-operations
4,ger+129x31+uniform,jvm-simd/simd(4 lanes)/simd-sparse/packed-8x4,5,2,1,4,158506,200106481,1262.4536673690586,ns,ok,direct,reset-and-arithmetic,a038f25ac66821574b30392dc1d3b189cc287e2c,true,kotlin-2.4.10/jvm/Eclipse Adoptium/25.0.1/JMH 1.37/forks=1,1,3,200000000,ger-v1+129x31+uniform,policy-v1,policy,jvm-simd/policy-v1,jmh-average-time-v1,200000000,1,1,score-times-operations
4,ger+129x31+uniform,jvm-simd/simd(4 lanes)/simd-sparse/packed-8x4,5,2,1,5,160725,200098151,1244.9721636335355,ns,ok,direct,reset-and-arithmetic,a038f25ac66821574b30392dc1d3b189cc287e2c,true,kotlin-2.4.10/jvm/Eclipse Adoptium/25.0.1/JMH 1.37/forks=1,1,3,200000000,ger-v1+129x31+uniform,policy-v1,policy,jvm-simd/policy-v1,jmh-average-time-v1,200000000,1,1,score-times-operations
4,syr+129+uniform+uplo=L,jvm-simd/simd(4 lanes)/simd-sparse/packed-8x4,5,2,1,1,41138,200117453,4864.540157518596,ns,ok,direct,reset-and-arithmetic,a038f25ac66821574b30392dc1d3b189cc287e2c,true,kotlin-2.4.10/jvm/Eclipse Adoptium/25.0.1/JMH 1.37/forks=1,1,3,200000000,syr-v1+129+uniform+uplo=L,policy-v1,policy,jvm-simd/policy-v1,jmh-average-time-v1,200000000,1,1,score-times-operations
4,syr+129+uniform+uplo=L,jvm-simd/simd(4 lanes)/simd-sparse/packed-8x4,5,2,1,2,41942,200214999,4773.615921987506,ns,ok,direct,reset-and-arithmetic,a038f25ac66821574b30392dc1d3b189cc287e2c,true,kotlin-2.4.10/jvm/Eclipse Adoptium/25.0.1/JMH 1.37/forks=1,1,3,200000000,syr-v1+129+uniform+uplo=L,policy-v1,policy,jvm-simd/policy-v1,jmh-average-time-v1,200000000,1,1,score-times-operations
4,syr+129+uniform+uplo=L,jvm-simd/simd(4 lanes)/simd-sparse/packed-8x4,5,2,1,3,41541,200135024,4817.7709732553385,ns,ok,direct,reset-and-arithmetic,a038f25ac66821574b30392dc1d3b189cc287e2c,true,kotlin-2.4.10/jvm/Eclipse Adoptium/25.0.1/JMH 1.37/forks=1,1,3,200000000,syr-v1+129+uniform+uplo=L,policy-v1,policy,jvm-simd/policy-v1,jmh-average-time-v1,200000000,1,1,score-times-operations
4,syr+129+uniform+uplo=L,jvm-simd/simd(4 lanes)/simd-sparse/packed-8x4,5,2,1,4,41946,200205301,4772.929504601154,ns,ok,direct,reset-and-arithmetic,a038f25ac66821574b30392dc1d3b189cc287e2c,true,kotlin-2.4.10/jvm/Eclipse Adoptium/25.0.1/JMH 1.37/forks=1,1,3,200000000,syr-v1+129+uniform+uplo=L,policy-v1,policy,jvm-simd/policy-v1,jmh-average-time-v1,200000000,1,1,score-times-operations
4,syr+129+uniform+uplo=L,jvm-simd/simd(4 lanes)/simd-sparse/packed-8x4,5,2,1,5,48754,200252014,4107.396603355622,ns,ok,direct,reset-and-arithmetic,a038f25ac66821574b30392dc1d3b189cc287e2c,true,kotlin-2.4.10/jvm/Eclipse Adoptium/25.0.1/JMH 1.37/forks=1,1,3,200000000,syr-v1+129+uniform+uplo=L,policy-v1,policy,jvm-simd/policy-v1,jmh-average-time-v1,200000000,1,1,score-times-operations
4,syr2+129+uniform+uplo=U,jvm-simd/simd(4 lanes)/simd-sparse/packed-8x4,5,2,1,1,36264,200115938,5518.308460180896,ns,ok,direct,reset-and-arithmetic,a038f25ac66821574b30392dc1d3b189cc287e2c,true,kotlin-2.4.10/jvm/Eclipse Adoptium/25.0.1/JMH 1.37/forks=1,1,3,200000000,syr2-v1+129+uniform+uplo=U,policy-v1,policy,jvm-simd/policy-v1,jmh-average-time-v1,200000000,1,1,score-times-operations
4,syr2+129+uniform+uplo=U,jvm-simd/simd(4 lanes)/simd-sparse/packed-8x4,5,2,1,2,36711,200206618,5453.586608918308,ns,ok,direct,reset-and-arithmetic,a038f25ac66821574b30392dc1d3b189cc287e2c,true,kotlin-2.4.10/jvm/Eclipse Adoptium/25.0.1/JMH 1.37/forks=1,1,3,200000000,syr2-v1+129+uniform+uplo=U,policy-v1,policy,jvm-simd/policy-v1,jmh-average-time-v1,200000000,1,1,score-times-operations
4,syr2+129+uniform+uplo=U,jvm-simd/simd(4 lanes)/simd-sparse/packed-8x4,5,2,1,3,35830,200174079,5586.773067262071,ns,ok,direct,reset-and-arithmetic,a038f25ac66821574b30392dc1d3b189cc287e2c,true,kotlin-2.4.10/jvm/Eclipse Adoptium/25.0.1/JMH 1.37/forks=1,1,3,200000000,syr2-v1+129+uniform+uplo=U,policy-v1,policy,jvm-simd/policy-v1,jmh-average-time-v1,200000000,1,1,score-times-operations
4,syr2+129+uniform+uplo=U,jvm-simd/simd(4 lanes)/simd-sparse/packed-8x4,5,2,1,4,36419,200153011,5495.840385513056,ns,ok,direct,reset-and-arithmetic,a038f25ac66821574b30392dc1d3b189cc287e2c,true,kotlin-2.4.10/jvm/Eclipse Adoptium/25.0.1/JMH 1.37/forks=1,1,3,200000000,syr2-v1+129+uniform+uplo=U,policy-v1,policy,jvm-simd/policy-v1,jmh-average-time-v1,200000000,1,1,score-times-operations
4,syr2+129+uniform+uplo=U,jvm-simd/simd(4 lanes)/simd-sparse/packed-8x4,5,2,1,5,36686,200163256,5456.121027094805,ns,ok,direct,reset-and-arithmetic,a038f25ac66821574b30392dc1d3b189cc287e2c,true,kotlin-2.4.10/jvm/Eclipse Adoptium/25.0.1/JMH 1.37/forks=1,1,3,200000000,syr2-v1+129+uniform+uplo=U,policy-v1,policy,jvm-simd/policy-v1,jmh-average-time-v1,200000000,1,1,score-times-operations
4,trsv+129+triangular+uplo=L+transA=N+diag=N,jvm-simd/simd(4 lanes)/simd-sparse/packed-8x4,5,2,1,1,117696,200219526,1701.1582891517128,ns,ok,direct,reset-and-arithmetic,a038f25ac66821574b30392dc1d3b189cc287e2c,true,kotlin-2.4.10/jvm/Eclipse Adoptium/25.0.1/JMH 1.37/forks=1,1,3,200000000,trsv-v1+129+triangular+uplo=L+transA=N+diag=N,policy-v1,policy,jvm-simd/policy-v1,jmh-average-time-v1,200000000,1,1,score-times-operations
4,trsv+129+triangular+uplo=L+transA=N+diag=N,jvm-simd/simd(4 lanes)/simd-sparse/packed-8x4,5,2,1,2,115989,200244864,1726.412539120089,ns,ok,direct,reset-and-arithmetic,a038f25ac66821574b30392dc1d3b189cc287e2c,true,kotlin-2.4.10/jvm/Eclipse Adoptium/25.0.1/JMH 1.37/forks=1,1,3,200000000,trsv-v1+129+triangular+uplo=L+transA=N+diag=N,policy-v1,policy,jvm-simd/policy-v1,jmh-average-time-v1,200000000,1,1,score-times-operations
4,trsv+129+triangular+uplo=L+transA=N+diag=N,jvm-simd/simd(4 lanes)/simd-sparse/packed-8x4,5,2,1,3,123867,200206146,1616.29930489961,ns,ok,direct,reset-and-arithmetic,a038f25ac66821574b30392dc1d3b189cc287e2c,true,kotlin-2.4.10/jvm/Eclipse Adoptium/25.0.1/JMH 1.37/forks=1,1,3,200000000,trsv-v1+129+triangular+uplo=L+transA=N+diag=N,policy-v1,policy,jvm-simd/policy-v1,jmh-average-time-v1,200000000,1,1,score-times-operations
4,trsv+129+triangular+uplo=L+transA=N+diag=N,jvm-simd/simd(4 lanes)/simd-sparse/packed-8x4,5,2,1,4,119902,200189436,1669.6088138646562,ns,ok,direct,reset-and-arithmetic,a038f25ac66821574b30392dc1d3b189cc287e2c,true,kotlin-2.4.10/jvm/Eclipse Adoptium/25.0.1/JMH 1.37/forks=1,1,3,200000000,trsv-v1+129+triangular+uplo=L+transA=N+diag=N,policy-v1,policy,jvm-simd/policy-v1,jmh-average-time-v1,200000000,1,1,score-times-operations
4,trsv+129+triangular+uplo=L+transA=N+diag=N,jvm-simd/simd(4 lanes)/simd-sparse/packed-8x4,5,2,1,5,116575,200110602,1716.5824748016298,ns,ok,direct,reset-and-arithmetic,a038f25ac66821574b30392dc1d3b189cc287e2c,true,kotlin-2.4.10/jvm/Eclipse Adoptium/25.0.1/JMH 1.37/forks=1,1,3,200000000,trsv-v1+129+triangular+uplo=L+transA=N+diag=N,policy-v1,policy,jvm-simd/policy-v1,jmh-average-time-v1,200000000,1,1,score-times-operations
4,trmv+129+triangular+uplo=U+transA=T+diag=U,jvm-simd/simd(4 lanes)/simd-sparse/packed-8x4,5,2,1,1,122233,200141104,1637.373737043188,ns,ok,direct,reset-and-arithmetic,a038f25ac66821574b30392dc1d3b189cc287e2c,true,kotlin-2.4.10/jvm/Eclipse Adoptium/25.0.1/JMH 1.37/forks=1,1,3,200000000,trmv-v1+129+triangular+uplo=U+transA=T+diag=U,policy-v1,policy,jvm-simd/policy-v1,jmh-average-time-v1,200000000,1,1,score-times-operations
4,trmv+129+triangular+uplo=U+transA=T+diag=U,jvm-simd/simd(4 lanes)/simd-sparse/packed-8x4,5,2,1,2,114550,200174012,1747.481553906591,ns,ok,direct,reset-and-arithmetic,a038f25ac66821574b30392dc1d3b189cc287e2c,true,kotlin-2.4.10/jvm/Eclipse Adoptium/25.0.1/JMH 1.37/forks=1,1,3,200000000,trmv-v1+129+triangular+uplo=U+transA=T+diag=U,policy-v1,policy,jvm-simd/policy-v1,jmh-average-time-v1,200000000,1,1,score-times-operations
4,trmv+129+triangular+uplo=U+transA=T+diag=U,jvm-simd/simd(4 lanes)/simd-sparse/packed-8x4,5,2,1,3,114329,200233046,1751.3758189085884,ns,ok,direct,reset-and-arithmetic,a038f25ac66821574b30392dc1d3b189cc287e2c,true,kotlin-2.4.10/jvm/Eclipse Adoptium/25.0.1/JMH 1.37/forks=1,1,3,200000000,trmv-v1+129+triangular+uplo=U+transA=T+diag=U,policy-v1,policy,jvm-simd/policy-v1,jmh-average-time-v1,200000000,1,1,score-times-operations
4,trmv+129+triangular+uplo=U+transA=T+diag=U,jvm-simd/simd(4 lanes)/simd-sparse/packed-8x4,5,2,1,4,107939,200162796,1854.4066185530717,ns,ok,direct,reset-and-arithmetic,a038f25ac66821574b30392dc1d3b189cc287e2c,true,kotlin-2.4.10/jvm/Eclipse Adoptium/25.0.1/JMH 1.37/forks=1,1,3,200000000,trmv-v1+129+triangular+uplo=U+transA=T+diag=U,policy-v1,policy,jvm-simd/policy-v1,jmh-average-time-v1,200000000,1,1,score-times-operations
4,trmv+129+triangular+uplo=U+transA=T+diag=U,jvm-simd/simd(4 lanes)/simd-sparse/packed-8x4,5,2,1,5,115456,200105023,1733.1712773697338,ns,ok,direct,reset-and-arithmetic,a038f25ac66821574b30392dc1d3b189cc287e2c,true,kotlin-2.4.10/jvm/Eclipse Adoptium/25.0.1/JMH 1.37/forks=1,1,3,200000000,trmv-v1+129+triangular+uplo=U+transA=T+diag=U,policy-v1,policy,jvm-simd/policy-v1,jmh-average-time-v1,200000000,1,1,score-times-operations
4,gemm+32x21x48+uniform,jvm-simd/simd(4 lanes)/simd-sparse/packed-8x4,5,2,1,1,43458,200163162,4605.899074968936,ns,ok,direct,reset-and-arithmetic,a038f25ac66821574b30392dc1d3b189cc287e2c,true,kotlin-2.4.10/jvm/Eclipse Adoptium/25.0.1/JMH 1.37/forks=1,1,3,200000000,gemm-v1+32x21x48+uniform,policy-v1,policy,jvm-simd/policy-v1,jmh-average-time-v1,200000000,1,1,score-times-operations
4,gemm+32x21x48+uniform,jvm-simd/simd(4 lanes)/simd-sparse/packed-8x4,5,2,1,2,42831,200153077,4673.089047652401,ns,ok,direct,reset-and-arithmetic,a038f25ac66821574b30392dc1d3b189cc287e2c,true,kotlin-2.4.10/jvm/Eclipse Adoptium/25.0.1/JMH 1.37/forks=1,1,3,200000000,gemm-v1+32x21x48+uniform,policy-v1,policy,jvm-simd/policy-v1,jmh-average-time-v1,200000000,1,1,score-times-operations
4,gemm+32x21x48+uniform,jvm-simd/simd(4 lanes)/simd-sparse/packed-8x4,5,2,1,3,47919,200251130,4178.950520670298,ns,ok,direct,reset-and-arithmetic,a038f25ac66821574b30392dc1d3b189cc287e2c,true,kotlin-2.4.10/jvm/Eclipse Adoptium/25.0.1/JMH 1.37/forks=1,1,3,200000000,gemm-v1+32x21x48+uniform,policy-v1,policy,jvm-simd/policy-v1,jmh-average-time-v1,200000000,1,1,score-times-operations
4,gemm+32x21x48+uniform,jvm-simd/simd(4 lanes)/simd-sparse/packed-8x4,5,2,1,4,50202,200203081,3987.9503007848293,ns,ok,direct,reset-and-arithmetic,a038f25ac66821574b30392dc1d3b189cc287e2c,true,kotlin-2.4.10/jvm/Eclipse Adoptium/25.0.1/JMH 1.37/forks=1,1,3,200000000,gemm-v1+32x21x48+uniform,policy-v1,policy,jvm-simd/policy-v1,jmh-average-time-v1,200000000,1,1,score-times-operations
4,gemm+32x21x48+uniform,jvm-simd/simd(4 lanes)/simd-sparse/packed-8x4,5,2,1,5,49729,200181023,4025.438335779927,ns,ok,direct,reset-and-arithmetic,a038f25ac66821574b30392dc1d3b189cc287e2c,true,kotlin-2.4.10/jvm/Eclipse Adoptium/25.0.1/JMH 1.37/forks=1,1,3,200000000,gemm-v1+32x21x48+uniform,policy-v1,policy,jvm-simd/policy-v1,jmh-average-time-v1,200000000,1,1,score-times-operations
4,gemm+129x31x257+uniform+transA=T,jvm-simd/simd(4 lanes)/simd-sparse/packed-8x4,5,2,1,1,2239,200262895,89443.00803930325,ns,ok,direct,reset-and-arithmetic,a038f25ac66821574b30392dc1d3b189cc287e2c,true,kotlin-2.4.10/jvm/Eclipse Adoptium/25.0.1/JMH 1.37/forks=1,1,3,200000000,gemm-v1+129x31x257+uniform+transA=T,policy-v1,policy,jvm-simd/policy-v1,jmh-average-time-v1,200000000,1,1,score-times-operations
4,gemm+129x31x257+uniform+transA=T,jvm-simd/simd(4 lanes)/simd-sparse/packed-8x4,5,2,1,2,2191,200146916,91349.57371063442,ns,ok,direct,reset-and-arithmetic,a038f25ac66821574b30392dc1d3b189cc287e2c,true,kotlin-2.4.10/jvm/Eclipse Adoptium/25.0.1/JMH 1.37/forks=1,1,3,200000000,gemm-v1+129x31x257+uniform+transA=T,policy-v1,policy,jvm-simd/policy-v1,jmh-average-time-v1,200000000,1,1,score-times-operations
4,gemm+129x31x257+uniform+transA=T,jvm-simd/simd(4 lanes)/simd-sparse/packed-8x4,5,2,1,3,2082,200179482,96147.68587896254,ns,ok,direct,reset-and-arithmetic,a038f25ac66821574b30392dc1d3b189cc287e2c,true,kotlin-2.4.10/jvm/Eclipse Adoptium/25.0.1/JMH 1.37/forks=1,1,3,200000000,gemm-v1+129x31x257+uniform+transA=T,policy-v1,policy,jvm-simd/policy-v1,jmh-average-time-v1,200000000,1,1,score-times-operations
4,gemm+129x31x257+uniform+transA=T,jvm-simd/simd(4 lanes)/simd-sparse/packed-8x4,5,2,1,4,2143,200164513,93403.87914139057,ns,ok,direct,reset-and-arithmetic,a038f25ac66821574b30392dc1d3b189cc287e2c,true,kotlin-2.4.10/jvm/Eclipse Adoptium/25.0.1/JMH 1.37/forks=1,1,3,200000000,gemm-v1+129x31x257+uniform+transA=T,policy-v1,policy,jvm-simd/policy-v1,jmh-average-time-v1,200000000,1,1,score-times-operations
4,gemm+129x31x257+uniform+transA=T,jvm-simd/simd(4 lanes)/simd-sparse/packed-8x4,5,2,1,5,2404,200258869,83302.3581530782,ns,ok,direct,reset-and-arithmetic,a038f25ac66821574b30392dc1d3b189cc287e2c,true,kotlin-2.4.10/jvm/Eclipse Adoptium/25.0.1/JMH 1.37/forks=1,1,3,200000000,gemm-v1+129x31x257+uniform+transA=T,policy-v1,policy,jvm-simd/policy-v1,jmh-average-time-v1,200000000,1,1,score-times-operations
4,gemm+65x127x33+uniform+transB=T,jvm-simd/simd(4 lanes)/simd-sparse/packed-8x4,5,2,1,1,8199,200212390,24419.123063788265,ns,ok,direct,reset-and-arithmetic,a038f25ac66821574b30392dc1d3b189cc287e2c,true,kotlin-2.4.10/jvm/Eclipse Adoptium/25.0.1/JMH 1.37/forks=1,1,3,200000000,gemm-v1+65x127x33+uniform+transB=T,policy-v1,policy,jvm-simd/policy-v1,jmh-average-time-v1,200000000,1,1,score-times-operations
4,gemm+65x127x33+uniform+transB=T,jvm-simd/simd(4 lanes)/simd-sparse/packed-8x4,5,2,1,2,8351,200215102,23974.985271225003,ns,ok,direct,reset-and-arithmetic,a038f25ac66821574b30392dc1d3b189cc287e2c,true,kotlin-2.4.10/jvm/Eclipse Adoptium/25.0.1/JMH 1.37/forks=1,1,3,200000000,gemm-v1+65x127x33+uniform+transB=T,policy-v1,policy,jvm-simd/policy-v1,jmh-average-time-v1,200000000,1,1,score-times-operations
4,gemm+65x127x33+uniform+transB=T,jvm-simd/simd(4 lanes)/simd-sparse/packed-8x4,5,2,1,3,8365,200220719,23935.531261207412,ns,ok,direct,reset-and-arithmetic,a038f25ac66821574b30392dc1d3b189cc287e2c,true,kotlin-2.4.10/jvm/Eclipse Adoptium/25.0.1/JMH 1.37/forks=1,1,3,200000000,gemm-v1+65x127x33+uniform+transB=T,policy-v1,policy,jvm-simd/policy-v1,jmh-average-time-v1,200000000,1,1,score-times-operations
4,gemm+65x127x33+uniform+transB=T,jvm-simd/simd(4 lanes)/simd-sparse/packed-8x4,5,2,1,4,8301,200120951,24108.05336706421,ns,ok,direct,reset-and-arithmetic,a038f25ac66821574b30392dc1d3b189cc287e2c,true,kotlin-2.4.10/jvm/Eclipse Adoptium/25.0.1/JMH 1.37/forks=1,1,3,200000000,gemm-v1+65x127x33+uniform+transB=T,policy-v1,policy,jvm-simd/policy-v1,jmh-average-time-v1,200000000,1,1,score-times-operations
4,gemm+65x127x33+uniform+transB=T,jvm-simd/simd(4 lanes)/simd-sparse/packed-8x4,5,2,1,5,8173,200135419,24487.387617765813,ns,ok,direct,reset-and-arithmetic,a038f25ac66821574b30392dc1d3b189cc287e2c,true,kotlin-2.4.10/jvm/Eclipse Adoptium/25.0.1/JMH 1.37/forks=1,1,3,200000000,gemm-v1+65x127x33+uniform+transB=T,policy-v1,policy,jvm-simd/policy-v1,jmh-average-time-v1,200000000,1,1,score-times-operations
4,symm+129x31+uniform+side=L+uplo=L,jvm-simd/simd(4 lanes)/simd-sparse/packed-8x4,5,2,1,1,4091,200110410,48914.79100464434,ns,ok,direct,reset-and-arithmetic,a038f25ac66821574b30392dc1d3b189cc287e2c,true,kotlin-2.4.10/jvm/Eclipse Adoptium/25.0.1/JMH 1.37/forks=1,1,3,200000000,symm-v1+129x31+uniform+side=L+uplo=L,policy-v1,policy,jvm-simd/policy-v1,jmh-average-time-v1,200000000,1,1,score-times-operations
4,symm+129x31+uniform+side=L+uplo=L,jvm-simd/simd(4 lanes)/simd-sparse/packed-8x4,5,2,1,2,4222,200281548,47437.60018948366,ns,ok,direct,reset-and-arithmetic,a038f25ac66821574b30392dc1d3b189cc287e2c,true,kotlin-2.4.10/jvm/Eclipse Adoptium/25.0.1/JMH 1.37/forks=1,1,3,200000000,symm-v1+129x31+uniform+side=L+uplo=L,policy-v1,policy,jvm-simd/policy-v1,jmh-average-time-v1,200000000,1,1,score-times-operations
4,symm+129x31+uniform+side=L+uplo=L,jvm-simd/simd(4 lanes)/simd-sparse/packed-8x4,5,2,1,3,4288,200163145,46679.83791977612,ns,ok,direct,reset-and-arithmetic,a038f25ac66821574b30392dc1d3b189cc287e2c,true,kotlin-2.4.10/jvm/Eclipse Adoptium/25.0.1/JMH 1.37/forks=1,1,3,200000000,symm-v1+129x31+uniform+side=L+uplo=L,policy-v1,policy,jvm-simd/policy-v1,jmh-average-time-v1,200000000,1,1,score-times-operations
4,symm+129x31+uniform+side=L+uplo=L,jvm-simd/simd(4 lanes)/simd-sparse/packed-8x4,5,2,1,4,4262,200254399,46986.0157203191,ns,ok,direct,reset-and-arithmetic,a038f25ac66821574b30392dc1d3b189cc287e2c,true,kotlin-2.4.10/jvm/Eclipse Adoptium/25.0.1/JMH 1.37/forks=1,1,3,200000000,symm-v1+129x31+uniform+side=L+uplo=L,policy-v1,policy,jvm-simd/policy-v1,jmh-average-time-v1,200000000,1,1,score-times-operations
4,symm+129x31+uniform+side=L+uplo=L,jvm-simd/simd(4 lanes)/simd-sparse/packed-8x4,5,2,1,5,4250,200236005,47114.35411764706,ns,ok,direct,reset-and-arithmetic,a038f25ac66821574b30392dc1d3b189cc287e2c,true,kotlin-2.4.10/jvm/Eclipse Adoptium/25.0.1/JMH 1.37/forks=1,1,3,200000000,symm-v1+129x31+uniform+side=L+uplo=L,policy-v1,policy,jvm-simd/policy-v1,jmh-average-time-v1,200000000,1,1,score-times-operations
4,symm+31x129+uniform+side=R+uplo=U,jvm-simd/simd(4 lanes)/simd-sparse/packed-8x4,5,2,1,1,4338,200209647,46152.5235131397,ns,ok,direct,reset-and-arithmetic,a038f25ac66821574b30392dc1d3b189cc287e2c,true,kotlin-2.4.10/jvm/Eclipse Adoptium/25.0.1/JMH 1.37/forks=1,1,3,200000000,symm-v1+31x129+uniform+side=R+uplo=U,policy-v1,policy,jvm-simd/policy-v1,jmh-average-time-v1,200000000,1,1,score-times-operations
4,symm+31x129+uniform+side=R+uplo=U,jvm-simd/simd(4 lanes)/simd-sparse/packed-8x4,5,2,1,2,4329,200264656,46261.181797181795,ns,ok,direct,reset-and-arithmetic,a038f25ac66821574b30392dc1d3b189cc287e2c,true,kotlin-2.4.10/jvm/Eclipse Adoptium/25.0.1/JMH 1.37/forks=1,1,3,200000000,symm-v1+31x129+uniform+side=R+uplo=U,policy-v1,policy,jvm-simd/policy-v1,jmh-average-time-v1,200000000,1,1,score-times-operations
4,symm+31x129+uniform+side=R+uplo=U,jvm-simd/simd(4 lanes)/simd-sparse/packed-8x4,5,2,1,3,4329,200139232,46232.20882420882,ns,ok,direct,reset-and-arithmetic,a038f25ac66821574b30392dc1d3b189cc287e2c,true,kotlin-2.4.10/jvm/Eclipse Adoptium/25.0.1/JMH 1.37/forks=1,1,3,200000000,symm-v1+31x129+uniform+side=R+uplo=U,policy-v1,policy,jvm-simd/policy-v1,jmh-average-time-v1,200000000,1,1,score-times-operations
4,symm+31x129+uniform+side=R+uplo=U,jvm-simd/simd(4 lanes)/simd-sparse/packed-8x4,5,2,1,4,4252,200169764,47076.61429915334,ns,ok,direct,reset-and-arithmetic,a038f25ac66821574b30392dc1d3b189cc287e2c,true,kotlin-2.4.10/jvm/Eclipse Adoptium/25.0.1/JMH 1.37/forks=1,1,3,200000000,symm-v1+31x129+uniform+side=R+uplo=U,policy-v1,policy,jvm-simd/policy-v1,jmh-average-time-v1,200000000,1,1,score-times-operations
4,symm+31x129+uniform+side=R+uplo=U,jvm-simd/simd(4 lanes)/simd-sparse/packed-8x4,5,2,1,5,3957,200247325,50605.844073793276,ns,ok,direct,reset-and-arithmetic,a038f25ac66821574b30392dc1d3b189cc287e2c,true,kotlin-2.4.10/jvm/Eclipse Adoptium/25.0.1/JMH 1.37/forks=1,1,3,200000000,symm-v1+31x129+uniform+side=R+uplo=U,policy-v1,policy,jvm-simd/policy-v1,jmh-average-time-v1,200000000,1,1,score-times-operations
4,gemmt+129x31+uniform+uplo=L+transA=N+transB=N,jvm-simd/simd(4 lanes)/simd-sparse/packed-8x4,5,2,1,1,1305,200169396,153386.51034482758,ns,ok,direct,reset-and-arithmetic,a038f25ac66821574b30392dc1d3b189cc287e2c,true,kotlin-2.4.10/jvm/Eclipse Adoptium/25.0.1/JMH 1.37/forks=1,1,3,200000000,gemmt-v1+129x31+uniform+uplo=L+transA=N+transB=N,policy-v1,policy,jvm-simd/policy-v1,jmh-average-time-v1,200000000,1,1,score-times-operations
4,gemmt+129x31+uniform+uplo=L+transA=N+transB=N,jvm-simd/simd(4 lanes)/simd-sparse/packed-8x4,5,2,1,2,1305,200262350,153457.73946360152,ns,ok,direct,reset-and-arithmetic,a038f25ac66821574b30392dc1d3b189cc287e2c,true,kotlin-2.4.10/jvm/Eclipse Adoptium/25.0.1/JMH 1.37/forks=1,1,3,200000000,gemmt-v1+129x31+uniform+uplo=L+transA=N+transB=N,policy-v1,policy,jvm-simd/policy-v1,jmh-average-time-v1,200000000,1,1,score-times-operations
4,gemmt+129x31+uniform+uplo=L+transA=N+transB=N,jvm-simd/simd(4 lanes)/simd-sparse/packed-8x4,5,2,1,3,1308,200306262,153139.34403669724,ns,ok,direct,reset-and-arithmetic,a038f25ac66821574b30392dc1d3b189cc287e2c,true,kotlin-2.4.10/jvm/Eclipse Adoptium/25.0.1/JMH 1.37/forks=1,1,3,200000000,gemmt-v1+129x31+uniform+uplo=L+transA=N+transB=N,policy-v1,policy,jvm-simd/policy-v1,jmh-average-time-v1,200000000,1,1,score-times-operations
4,gemmt+129x31+uniform+uplo=L+transA=N+transB=N,jvm-simd/simd(4 lanes)/simd-sparse/packed-8x4,5,2,1,4,1309,200323682,153035.66233766233,ns,ok,direct,reset-and-arithmetic,a038f25ac66821574b30392dc1d3b189cc287e2c,true,kotlin-2.4.10/jvm/Eclipse Adoptium/25.0.1/JMH 1.37/forks=1,1,3,200000000,gemmt-v1+129x31+uniform+uplo=L+transA=N+transB=N,policy-v1,policy,jvm-simd/policy-v1,jmh-average-time-v1,200000000,1,1,score-times-operations
4,gemmt+129x31+uniform+uplo=L+transA=N+transB=N,jvm-simd/simd(4 lanes)/simd-sparse/packed-8x4,5,2,1,5,1315,200195359,152239.81673003803,ns,ok,direct,reset-and-arithmetic,a038f25ac66821574b30392dc1d3b189cc287e2c,true,kotlin-2.4.10/jvm/Eclipse Adoptium/25.0.1/JMH 1.37/forks=1,1,3,200000000,gemmt-v1+129x31+uniform+uplo=L+transA=N+transB=N,policy-v1,policy,jvm-simd/policy-v1,jmh-average-time-v1,200000000,1,1,score-times-operations
4,syrk+129x31+uniform+uplo=L+transA=N,jvm-simd/simd(4 lanes)/simd-sparse/packed-8x4,5,2,1,1,2772,200168714,72210.93578643579,ns,ok,direct,reset-and-arithmetic,a038f25ac66821574b30392dc1d3b189cc287e2c,true,kotlin-2.4.10/jvm/Eclipse Adoptium/25.0.1/JMH 1.37/forks=1,1,3,200000000,syrk-v1+129x31+uniform+uplo=L+transA=N,policy-v1,policy,jvm-simd/policy-v1,jmh-average-time-v1,200000000,1,1,score-times-operations
4,syrk+129x31+uniform+uplo=L+transA=N,jvm-simd/simd(4 lanes)/simd-sparse/packed-8x4,5,2,1,2,4866,200183707,41139.27394163584,ns,ok,direct,reset-and-arithmetic,a038f25ac66821574b30392dc1d3b189cc287e2c,true,kotlin-2.4.10/jvm/Eclipse Adoptium/25.0.1/JMH 1.37/forks=1,1,3,200000000,syrk-v1+129x31+uniform+uplo=L+transA=N,policy-v1,policy,jvm-simd/policy-v1,jmh-average-time-v1,200000000,1,1,score-times-operations
4,syrk+129x31+uniform+uplo=L+transA=N,jvm-simd/simd(4 lanes)/simd-sparse/packed-8x4,5,2,1,3,4339,200204540,46140.709840977186,ns,ok,direct,reset-and-arithmetic,a038f25ac66821574b30392dc1d3b189cc287e2c,true,kotlin-2.4.10/jvm/Eclipse Adoptium/25.0.1/JMH 1.37/forks=1,1,3,200000000,syrk-v1+129x31+uniform+uplo=L+transA=N,policy-v1,policy,jvm-simd/policy-v1,jmh-average-time-v1,200000000,1,1,score-times-operations
4,syrk+129x31+uniform+uplo=L+transA=N,jvm-simd/simd(4 lanes)/simd-sparse/packed-8x4,5,2,1,4,2751,200222150,72781.5885132679,ns,ok,direct,reset-and-arithmetic,a038f25ac66821574b30392dc1d3b189cc287e2c,true,kotlin-2.4.10/jvm/Eclipse Adoptium/25.0.1/JMH 1.37/forks=1,1,3,200000000,syrk-v1+129x31+uniform+uplo=L+transA=N,policy-v1,policy,jvm-simd/policy-v1,jmh-average-time-v1,200000000,1,1,score-times-operations
4,syrk+129x31+uniform+uplo=L+transA=N,jvm-simd/simd(4 lanes)/simd-sparse/packed-8x4,5,2,1,5,3764,200165275,53178.872210414454,ns,ok,direct,reset-and-arithmetic,a038f25ac66821574b30392dc1d3b189cc287e2c,true,kotlin-2.4.10/jvm/Eclipse Adoptium/25.0.1/JMH 1.37/forks=1,1,3,200000000,syrk-v1+129x31+uniform+uplo=L+transA=N,policy-v1,policy,jvm-simd/policy-v1,jmh-average-time-v1,200000000,1,1,score-times-operations
4,syr2k+129x31+uniform+uplo=U+transA=T,jvm-simd/simd(4 lanes)/simd-sparse/packed-8x4,5,2,1,1,2936,200152637,68171.87908719346,ns,ok,direct,reset-and-arithmetic,a038f25ac66821574b30392dc1d3b189cc287e2c,true,kotlin-2.4.10/jvm/Eclipse Adoptium/25.0.1/JMH 1.37/forks=1,1,3,200000000,syr2k-v1+129x31+uniform+uplo=U+transA=T,policy-v1,policy,jvm-simd/policy-v1,jmh-average-time-v1,200000000,1,1,score-times-operations
4,syr2k+129x31+uniform+uplo=U+transA=T,jvm-simd/simd(4 lanes)/simd-sparse/packed-8x4,5,2,1,2,2942,200143733,68029.82087015636,ns,ok,direct,reset-and-arithmetic,a038f25ac66821574b30392dc1d3b189cc287e2c,true,kotlin-2.4.10/jvm/Eclipse Adoptium/25.0.1/JMH 1.37/forks=1,1,3,200000000,syr2k-v1+129x31+uniform+uplo=U+transA=T,policy-v1,policy,jvm-simd/policy-v1,jmh-average-time-v1,200000000,1,1,score-times-operations
4,syr2k+129x31+uniform+uplo=U+transA=T,jvm-simd/simd(4 lanes)/simd-sparse/packed-8x4,5,2,1,3,2941,200182241,68066.04590275417,ns,ok,direct,reset-and-arithmetic,a038f25ac66821574b30392dc1d3b189cc287e2c,true,kotlin-2.4.10/jvm/Eclipse Adoptium/25.0.1/JMH 1.37/forks=1,1,3,200000000,syr2k-v1+129x31+uniform+uplo=U+transA=T,policy-v1,policy,jvm-simd/policy-v1,jmh-average-time-v1,200000000,1,1,score-times-operations
4,syr2k+129x31+uniform+uplo=U+transA=T,jvm-simd/simd(4 lanes)/simd-sparse/packed-8x4,5,2,1,4,2969,200136514,67408.7281913102,ns,ok,direct,reset-and-arithmetic,a038f25ac66821574b30392dc1d3b189cc287e2c,true,kotlin-2.4.10/jvm/Eclipse Adoptium/25.0.1/JMH 1.37/forks=1,1,3,200000000,syr2k-v1+129x31+uniform+uplo=U+transA=T,policy-v1,policy,jvm-simd/policy-v1,jmh-average-time-v1,200000000,1,1,score-times-operations
4,syr2k+129x31+uniform+uplo=U+transA=T,jvm-simd/simd(4 lanes)/simd-sparse/packed-8x4,5,2,1,5,2964,200162287,67531.13596491228,ns,ok,direct,reset-and-arithmetic,a038f25ac66821574b30392dc1d3b189cc287e2c,true,kotlin-2.4.10/jvm/Eclipse Adoptium/25.0.1/JMH 1.37/forks=1,1,3,200000000,syr2k-v1+129x31+uniform+uplo=U+transA=T,policy-v1,policy,jvm-simd/policy-v1,jmh-average-time-v1,200000000,1,1,score-times-operations
4,trsm+64x16+triangular+side=L+uplo=L+transA=N+diag=N,jvm-simd/simd(4 lanes)/simd-sparse/packed-8x4,5,2,1,1,20457,200132531,9783.083101138975,ns,ok,direct,reset-and-arithmetic,a038f25ac66821574b30392dc1d3b189cc287e2c,true,kotlin-2.4.10/jvm/Eclipse Adoptium/25.0.1/JMH 1.37/forks=1,1,3,200000000,trsm-v1+64x16+triangular+side=L+uplo=L+transA=N+diag=N,policy-v1,policy,jvm-simd/policy-v1,jmh-average-time-v1,200000000,1,1,score-times-operations
4,trsm+64x16+triangular+side=L+uplo=L+transA=N+diag=N,jvm-simd/simd(4 lanes)/simd-sparse/packed-8x4,5,2,1,2,20773,200182011,9636.644249747269,ns,ok,direct,reset-and-arithmetic,a038f25ac66821574b30392dc1d3b189cc287e2c,true,kotlin-2.4.10/jvm/Eclipse Adoptium/25.0.1/JMH 1.37/forks=1,1,3,200000000,trsm-v1+64x16+triangular+side=L+uplo=L+transA=N+diag=N,policy-v1,policy,jvm-simd/policy-v1,jmh-average-time-v1,200000000,1,1,score-times-operations
4,trsm+64x16+triangular+side=L+uplo=L+transA=N+diag=N,jvm-simd/simd(4 lanes)/simd-sparse/packed-8x4,5,2,1,3,20426,200269623,9804.64226965632,ns,ok,direct,reset-and-arithmetic,a038f25ac66821574b30392dc1d3b189cc287e2c,true,kotlin-2.4.10/jvm/Eclipse Adoptium/25.0.1/JMH 1.37/forks=1,1,3,200000000,trsm-v1+64x16+triangular+side=L+uplo=L+transA=N+diag=N,policy-v1,policy,jvm-simd/policy-v1,jmh-average-time-v1,200000000,1,1,score-times-operations
4,trsm+64x16+triangular+side=L+uplo=L+transA=N+diag=N,jvm-simd/simd(4 lanes)/simd-sparse/packed-8x4,5,2,1,4,20152,200163410,9932.682115919015,ns,ok,direct,reset-and-arithmetic,a038f25ac66821574b30392dc1d3b189cc287e2c,true,kotlin-2.4.10/jvm/Eclipse Adoptium/25.0.1/JMH 1.37/forks=1,1,3,200000000,trsm-v1+64x16+triangular+side=L+uplo=L+transA=N+diag=N,policy-v1,policy,jvm-simd/policy-v1,jmh-average-time-v1,200000000,1,1,score-times-operations
4,trsm+64x16+triangular+side=L+uplo=L+transA=N+diag=N,jvm-simd/simd(4 lanes)/simd-sparse/packed-8x4,5,2,1,5,20319,200162879,9851.020178158375,ns,ok,direct,reset-and-arithmetic,a038f25ac66821574b30392dc1d3b189cc287e2c,true,kotlin-2.4.10/jvm/Eclipse Adoptium/25.0.1/JMH 1.37/forks=1,1,3,200000000,trsm-v1+64x16+triangular+side=L+uplo=L+transA=N+diag=N,policy-v1,policy,jvm-simd/policy-v1,jmh-average-time-v1,200000000,1,1,score-times-operations
4,trsm+17x64+triangular+side=R+uplo=U+transA=T+diag=U,jvm-simd/simd(4 lanes)/simd-sparse/packed-8x4,5,2,1,1,17810,200108570,11235.742279618193,ns,ok,direct,reset-and-arithmetic,a038f25ac66821574b30392dc1d3b189cc287e2c,true,kotlin-2.4.10/jvm/Eclipse Adoptium/25.0.1/JMH 1.37/forks=1,1,3,200000000,trsm-v1+17x64+triangular+side=R+uplo=U+transA=T+diag=U,policy-v1,policy,jvm-simd/policy-v1,jmh-average-time-v1,200000000,1,1,score-times-operations
4,trsm+17x64+triangular+side=R+uplo=U+transA=T+diag=U,jvm-simd/simd(4 lanes)/simd-sparse/packed-8x4,5,2,1,2,17887,200113517,11187.651199194946,ns,ok,direct,reset-and-arithmetic,a038f25ac66821574b30392dc1d3b189cc287e2c,true,kotlin-2.4.10/jvm/Eclipse Adoptium/25.0.1/JMH 1.37/forks=1,1,3,200000000,trsm-v1+17x64+triangular+side=R+uplo=U+transA=T+diag=U,policy-v1,policy,jvm-simd/policy-v1,jmh-average-time-v1,200000000,1,1,score-times-operations
4,trsm+17x64+triangular+side=R+uplo=U+transA=T+diag=U,jvm-simd/simd(4 lanes)/simd-sparse/packed-8x4,5,2,1,3,18001,200152011,11118.938447864008,ns,ok,direct,reset-and-arithmetic,a038f25ac66821574b30392dc1d3b189cc287e2c,true,kotlin-2.4.10/jvm/Eclipse Adoptium/25.0.1/JMH 1.37/forks=1,1,3,200000000,trsm-v1+17x64+triangular+side=R+uplo=U+transA=T+diag=U,policy-v1,policy,jvm-simd/policy-v1,jmh-average-time-v1,200000000,1,1,score-times-operations
4,trsm+17x64+triangular+side=R+uplo=U+transA=T+diag=U,jvm-simd/simd(4 lanes)/simd-sparse/packed-8x4,5,2,1,4,17799,200121643,11243.420585426147,ns,ok,direct,reset-and-arithmetic,a038f25ac66821574b30392dc1d3b189cc287e2c,true,kotlin-2.4.10/jvm/Eclipse Adoptium/25.0.1/JMH 1.37/forks=1,1,3,200000000,trsm-v1+17x64+triangular+side=R+uplo=U+transA=T+diag=U,policy-v1,policy,jvm-simd/policy-v1,jmh-average-time-v1,200000000,1,1,score-times-operations
4,trsm+17x64+triangular+side=R+uplo=U+transA=T+diag=U,jvm-simd/simd(4 lanes)/simd-sparse/packed-8x4,5,2,1,5,17952,200122714,11147.655637254902,ns,ok,direct,reset-and-arithmetic,a038f25ac66821574b30392dc1d3b189cc287e2c,true,kotlin-2.4.10/jvm/Eclipse Adoptium/25.0.1/JMH 1.37/forks=1,1,3,200000000,trsm-v1+17x64+triangular+side=R+uplo=U+transA=T+diag=U,policy-v1,policy,jvm-simd/policy-v1,jmh-average-time-v1,200000000,1,1,score-times-operations
4,trmm+64x16+triangular+side=L+uplo=U+transA=T+diag=N,jvm-simd/simd(4 lanes)/simd-sparse/packed-8x4,5,2,1,1,25916,200213506,7725.478700416731,ns,ok,direct,reset-and-arithmetic,a038f25ac66821574b30392dc1d3b189cc287e2c,true,kotlin-2.4.10/jvm/Eclipse Adoptium/25.0.1/JMH 1.37/forks=1,1,3,200000000,trmm-v1+64x16+triangular+side=L+uplo=U+transA=T+diag=N,policy-v1,policy,jvm-simd/policy-v1,jmh-average-time-v1,200000000,1,1,score-times-operations
4,trmm+64x16+triangular+side=L+uplo=U+transA=T+diag=N,jvm-simd/simd(4 lanes)/simd-sparse/packed-8x4,5,2,1,2,24838,200205649,8060.4577260649,ns,ok,direct,reset-and-arithmetic,a038f25ac66821574b30392dc1d3b189cc287e2c,true,kotlin-2.4.10/jvm/Eclipse Adoptium/25.0.1/JMH 1.37/forks=1,1,3,200000000,trmm-v1+64x16+triangular+side=L+uplo=U+transA=T+diag=N,policy-v1,policy,jvm-simd/policy-v1,jmh-average-time-v1,200000000,1,1,score-times-operations
4,trmm+64x16+triangular+side=L+uplo=U+transA=T+diag=N,jvm-simd/simd(4 lanes)/simd-sparse/packed-8x4,5,2,1,3,26383,200161363,7586.755221165145,ns,ok,direct,reset-and-arithmetic,a038f25ac66821574b30392dc1d3b189cc287e2c,true,kotlin-2.4.10/jvm/Eclipse Adoptium/25.0.1/JMH 1.37/forks=1,1,3,200000000,trmm-v1+64x16+triangular+side=L+uplo=U+transA=T+diag=N,policy-v1,policy,jvm-simd/policy-v1,jmh-average-time-v1,200000000,1,1,score-times-operations
4,trmm+64x16+triangular+side=L+uplo=U+transA=T+diag=N,jvm-simd/simd(4 lanes)/simd-sparse/packed-8x4,5,2,1,4,26681,200202040,7503.54334545182,ns,ok,direct,reset-and-arithmetic,a038f25ac66821574b30392dc1d3b189cc287e2c,true,kotlin-2.4.10/jvm/Eclipse Adoptium/25.0.1/JMH 1.37/forks=1,1,3,200000000,trmm-v1+64x16+triangular+side=L+uplo=U+transA=T+diag=N,policy-v1,policy,jvm-simd/policy-v1,jmh-average-time-v1,200000000,1,1,score-times-operations
4,trmm+64x16+triangular+side=L+uplo=U+transA=T+diag=N,jvm-simd/simd(4 lanes)/simd-sparse/packed-8x4,5,2,1,5,25591,200287296,7826.4739947637845,ns,ok,direct,reset-and-arithmetic,a038f25ac66821574b30392dc1d3b189cc287e2c,true,kotlin-2.4.10/jvm/Eclipse Adoptium/25.0.1/JMH 1.37/forks=1,1,3,200000000,trmm-v1+64x16+triangular+side=L+uplo=U+transA=T+diag=N,policy-v1,policy,jvm-simd/policy-v1,jmh-average-time-v1,200000000,1,1,score-times-operations
4,trmm+17x64+triangular+side=R+uplo=L+transA=N+diag=U,jvm-simd/simd(4 lanes)/simd-sparse/packed-8x4,5,2,1,1,17307,200140953,11564.162073149593,ns,ok,direct,reset-and-arithmetic,a038f25ac66821574b30392dc1d3b189cc287e2c,true,kotlin-2.4.10/jvm/Eclipse Adoptium/25.0.1/JMH 1.37/forks=1,1,3,200000000,trmm-v1+17x64+triangular+side=R+uplo=L+transA=N+diag=U,policy-v1,policy,jvm-simd/policy-v1,jmh-average-time-v1,200000000,1,1,score-times-operations
4,trmm+17x64+triangular+side=R+uplo=L+transA=N+diag=U,jvm-simd/simd(4 lanes)/simd-sparse/packed-8x4,5,2,1,2,17388,200191186,11513.180699332874,ns,ok,direct,reset-and-arithmetic,a038f25ac66821574b30392dc1d3b189cc287e2c,true,kotlin-2.4.10/jvm/Eclipse Adoptium/25.0.1/JMH 1.37/forks=1,1,3,200000000,trmm-v1+17x64+triangular+side=R+uplo=L+transA=N+diag=U,policy-v1,policy,jvm-simd/policy-v1,jmh-average-time-v1,200000000,1,1,score-times-operations
4,trmm+17x64+triangular+side=R+uplo=L+transA=N+diag=U,jvm-simd/simd(4 lanes)/simd-sparse/packed-8x4,5,2,1,3,17331,200168122,11549.71565403035,ns,ok,direct,reset-and-arithmetic,a038f25ac66821574b30392dc1d3b189cc287e2c,true,kotlin-2.4.10/jvm/Eclipse Adoptium/25.0.1/JMH 1.37/forks=1,1,3,200000000,trmm-v1+17x64+triangular+side=R+uplo=L+transA=N+diag=U,policy-v1,policy,jvm-simd/policy-v1,jmh-average-time-v1,200000000,1,1,score-times-operations
4,trmm+17x64+triangular+side=R+uplo=L+transA=N+diag=U,jvm-simd/simd(4 lanes)/simd-sparse/packed-8x4,5,2,1,4,17310,200106025,11560.14009243212,ns,ok,direct,reset-and-arithmetic,a038f25ac66821574b30392dc1d3b189cc287e2c,true,kotlin-2.4.10/jvm/Eclipse Adoptium/25.0.1/JMH 1.37/forks=1,1,3,200000000,trmm-v1+17x64+triangular+side=R+uplo=L+transA=N+diag=U,policy-v1,policy,jvm-simd/policy-v1,jmh-average-time-v1,200000000,1,1,score-times-operations
4,trmm+17x64+triangular+side=R+uplo=L+transA=N+diag=U,jvm-simd/simd(4 lanes)/simd-sparse/packed-8x4,5,2,1,5,17457,200108492,11462.937045311337,ns,ok,direct,reset-and-arithmetic,a038f25ac66821574b30392dc1d3b189cc287e2c,true,kotlin-2.4.10/jvm/Eclipse Adoptium/25.0.1/JMH 1.37/forks=1,1,3,200000000,trmm-v1+17x64+triangular+side=R+uplo=L+transA=N+diag=U,policy-v1,policy,jvm-simd/policy-v1,jmh-average-time-v1,200000000,1,1,score-times-operations
4,gemm-tile+4x4x32+uniform+physical=4x4+work=gemm-add-v1+leftLayout=depth-rows-v1+rightLayout=depth-columns-v1+leftGroup=4+rightGroup=4+leftStride=4+rightStride=4+padding=zero+alignment=8+block=4x4x32+panel=32+diagonal=0+rhs=0+batch=1+variant=current-tile-v1+timing=raw-tile,jvm-simd/simd(4 lanes)/simd-sparse/packed-8x4,5,2,1,0,0,0,,ns,unsupported,unsupported,arithmetic,a038f25ac66821574b30392dc1d3b189cc287e2c,true,kotlin-2.4.10/jvm/Eclipse Adoptium/25.0.1,1,3,200000000,gemm-add-v1+4x4x32+uniform,physical=4x4+leftLayout=depth-rows-v1+rightLayout=depth-columns-v1+leftGroup=4+rightGroup=4+leftStride=4+rightStride=4+padding=zero+alignment=8+block=4x4x32+panel=32+diagonal=0+rhs=0+batch=1+variant=current-tile-v1,tiles=1;leftDoubles=128;rightDoubles=128;outputDoubles=16;resetDoubles=16;scratchDoubles=0;triangleDoubles=0,unavailable,jmh-average-time-v1,200000000,0,1,score-times-operations
4,gemm-tile+3x2x31+uniform+physical=4x4+work=gemm-add-v1+leftLayout=depth-rows-v1+rightLayout=depth-columns-v1+leftGroup=4+rightGroup=4+leftStride=4+rightStride=4+padding=zero+alignment=8+block=3x2x31+panel=31+diagonal=0+rhs=0+batch=1+variant=current-tile-v1+timing=raw-tile,jvm-simd/simd(4 lanes)/simd-sparse/packed-8x4,5,2,1,0,0,0,,ns,unsupported,unsupported,arithmetic,a038f25ac66821574b30392dc1d3b189cc287e2c,true,kotlin-2.4.10/jvm/Eclipse Adoptium/25.0.1,1,3,200000000,gemm-add-v1+3x2x31+uniform,physical=4x4+leftLayout=depth-rows-v1+rightLayout=depth-columns-v1+leftGroup=4+rightGroup=4+leftStride=4+rightStride=4+padding=zero+alignment=8+block=3x2x31+panel=31+diagonal=0+rhs=0+batch=1+variant=current-tile-v1,tiles=1;leftDoubles=124;rightDoubles=124;outputDoubles=16;resetDoubles=16;scratchDoubles=0;triangleDoubles=0,unavailable,jmh-average-time-v1,200000000,0,1,score-times-operations
4,packed-trsm+4x4+triangular+physical=4x4+uplo=L+diag=N+work=right-solve-v1+leftLayout=depth-rows-v1+rightLayout=depth-columns-v1+leftGroup=4+rightGroup=4+leftStride=4+rightStride=4+padding=zero+alignment=8+block=4x4x4+panel=4+diagonal=4+rhs=4+batch=1+variant=current-tile-v1+timing=raw-tile,jvm-simd/simd(4 lanes)/simd-sparse/packed-8x4,5,2,1,0,0,0,,ns,unsupported,unsupported,arithmetic,a038f25ac66821574b30392dc1d3b189cc287e2c,true,kotlin-2.4.10/jvm/Eclipse Adoptium/25.0.1,1,3,200000000,right-solve-v1+4x4+triangular+uplo=L+diag=N,physical=4x4+leftLayout=depth-rows-v1+rightLayout=depth-columns-v1+leftGroup=4+rightGroup=4+leftStride=4+rightStride=4+padding=zero+alignment=8+block=4x4x4+panel=4+diagonal=4+rhs=4+batch=1+variant=current-tile-v1,tiles=1;leftDoubles=0;rightDoubles=0;outputDoubles=16;resetDoubles=16;scratchDoubles=0;triangleDoubles=16,unavailable,jmh-average-time-v1,200000000,0,1,score-times-operations
4,packed-trsm+3x2+triangular+physical=4x4+uplo=U+diag=U+work=right-solve-v1+leftLayout=depth-rows-v1+rightLayout=depth-columns-v1+leftGroup=4+rightGroup=4+leftStride=4+rightStride=4+padding=zero+alignment=8+block=3x2x2+panel=2+diagonal=2+rhs=3+batch=1+variant=current-tile-v1+timing=raw-tile,jvm-simd/simd(4 lanes)/simd-sparse/packed-8x4,5,2,1,0,0,0,,ns,unsupported,unsupported,arithmetic,a038f25ac66821574b30392dc1d3b189cc287e2c,true,kotlin-2.4.10/jvm/Eclipse Adoptium/25.0.1,1,3,200000000,right-solve-v1+3x2+triangular+uplo=U+diag=U,physical=4x4+leftLayout=depth-rows-v1+rightLayout=depth-columns-v1+leftGroup=4+rightGroup=4+leftStride=4+rightStride=4+padding=zero+alignment=8+block=3x2x2+panel=2+diagonal=2+rhs=3+batch=1+variant=current-tile-v1,tiles=1;leftDoubles=0;rightDoubles=0;outputDoubles=16;resetDoubles=16;scratchDoubles=0;triangleDoubles=16,unavailable,jmh-average-time-v1,200000000,0,1,score-times-operations
4,gemm-trsm+4x4x32+triangular+physical=4x4+uplo=L+diag=N+work=update-solve-v1+leftLayout=depth-rows-v1+rightLayout=depth-columns-v1+leftGroup=4+rightGroup=4+leftStride=4+rightStride=4+padding=zero+alignment=8+block=4x4x32+panel=32+diagonal=4+rhs=4+batch=1+variant=current-tile-v1+timing=raw-tile,jvm-simd/simd(4 lanes)/simd-sparse/packed-8x4,5,2,1,0,0,0,,ns,unsupported,unsupported,arithmetic,a038f25ac66821574b30392dc1d3b189cc287e2c,true,kotlin-2.4.10/jvm/Eclipse Adoptium/25.0.1,1,3,200000000,update-solve-v1+4x4x32+triangular+uplo=L+diag=N,physical=4x4+leftLayout=depth-rows-v1+rightLayout=depth-columns-v1+leftGroup=4+rightGroup=4+leftStride=4+rightStride=4+padding=zero+alignment=8+block=4x4x32+panel=32+diagonal=4+rhs=4+batch=1+variant=current-tile-v1,tiles=1;leftDoubles=128;rightDoubles=128;outputDoubles=16;resetDoubles=16;scratchDoubles=0;triangleDoubles=16,unavailable,jmh-average-time-v1,200000000,0,1,score-times-operations
4,gemm-trsm+3x2x31+triangular+physical=4x4+uplo=U+diag=U+work=update-solve-v1+leftLayout=depth-rows-v1+rightLayout=depth-columns-v1+leftGroup=4+rightGroup=4+leftStride=4+rightStride=4+padding=zero+alignment=8+block=3x2x31+panel=31+diagonal=2+rhs=3+batch=1+variant=current-tile-v1+timing=raw-tile,jvm-simd/simd(4 lanes)/simd-sparse/packed-8x4,5,2,1,0,0,0,,ns,unsupported,unsupported,arithmetic,a038f25ac66821574b30392dc1d3b189cc287e2c,true,kotlin-2.4.10/jvm/Eclipse Adoptium/25.0.1,1,3,200000000,update-solve-v1+3x2x31+triangular+uplo=U+diag=U,physical=4x4+leftLayout=depth-rows-v1+rightLayout=depth-columns-v1+leftGroup=4+rightGroup=4+leftStride=4+rightStride=4+padding=zero+alignment=8+block=3x2x31+panel=31+diagonal=2+rhs=3+batch=1+variant=current-tile-v1,tiles=1;leftDoubles=124;rightDoubles=124;outputDoubles=16;resetDoubles=16;scratchDoubles=0;triangleDoubles=16,unavailable,jmh-average-time-v1,200000000,0,1,score-times-operations
4,gemm-tile+8x4x32+uniform+physical=8x4+work=gemm-add-v1+leftLayout=depth-rows-v1+rightLayout=depth-columns-v1+leftGroup=8+rightGroup=4+leftStride=8+rightStride=4+padding=zero+alignment=8+block=8x4x32+panel=32+diagonal=0+rhs=0+batch=1+variant=current-tile-v1+timing=raw-tile,jvm-simd/simd(4 lanes)/simd-sparse/packed-8x4,5,2,1,1,4281124,200148973,46.751501007679295,ns,ok,partial,raw-tile,a038f25ac66821574b30392dc1d3b189cc287e2c,true,kotlin-2.4.10/jvm/Eclipse Adoptium/25.0.1/JMH 1.37/forks=1,1,3,200000000,gemm-add-v1+8x4x32+uniform,physical=8x4+leftLayout=depth-rows-v1+rightLayout=depth-columns-v1+leftGroup=8+rightGroup=4+leftStride=8+rightStride=4+padding=zero+alignment=8+block=8x4x32+panel=32+diagonal=0+rhs=0+batch=1+variant=current-tile-v1,tiles=1;leftDoubles=256;rightDoubles=128;outputDoubles=32;resetDoubles=32;scratchDoubles=0;triangleDoubles=0,jvm-simd/vector-tile-v1/8x4,jmh-average-time-v1,200000000,1,1,score-times-operations
4,gemm-tile+8x4x32+uniform+physical=8x4+work=gemm-add-v1+leftLayout=depth-rows-v1+rightLayout=depth-columns-v1+leftGroup=8+rightGroup=4+leftStride=8+rightStride=4+padding=zero+alignment=8+block=8x4x32+panel=32+diagonal=0+rhs=0+batch=1+variant=current-tile-v1+timing=raw-tile,jvm-simd/simd(4 lanes)/simd-sparse/packed-8x4,5,2,1,2,3768843,200183881,53.11547363474679,ns,ok,partial,raw-tile,a038f25ac66821574b30392dc1d3b189cc287e2c,true,kotlin-2.4.10/jvm/Eclipse Adoptium/25.0.1/JMH 1.37/forks=1,1,3,200000000,gemm-add-v1+8x4x32+uniform,physical=8x4+leftLayout=depth-rows-v1+rightLayout=depth-columns-v1+leftGroup=8+rightGroup=4+leftStride=8+rightStride=4+padding=zero+alignment=8+block=8x4x32+panel=32+diagonal=0+rhs=0+batch=1+variant=current-tile-v1,tiles=1;leftDoubles=256;rightDoubles=128;outputDoubles=32;resetDoubles=32;scratchDoubles=0;triangleDoubles=0,jvm-simd/vector-tile-v1/8x4,jmh-average-time-v1,200000000,1,1,score-times-operations
4,gemm-tile+8x4x32+uniform+physical=8x4+work=gemm-add-v1+leftLayout=depth-rows-v1+rightLayout=depth-columns-v1+leftGroup=8+rightGroup=4+leftStride=8+rightStride=4+padding=zero+alignment=8+block=8x4x32+panel=32+diagonal=0+rhs=0+batch=1+variant=current-tile-v1+timing=raw-tile,jvm-simd/simd(4 lanes)/simd-sparse/packed-8x4,5,2,1,3,3675612,200147103,54.45272868844698,ns,ok,partial,raw-tile,a038f25ac66821574b30392dc1d3b189cc287e2c,true,kotlin-2.4.10/jvm/Eclipse Adoptium/25.0.1/JMH 1.37/forks=1,1,3,200000000,gemm-add-v1+8x4x32+uniform,physical=8x4+leftLayout=depth-rows-v1+rightLayout=depth-columns-v1+leftGroup=8+rightGroup=4+leftStride=8+rightStride=4+padding=zero+alignment=8+block=8x4x32+panel=32+diagonal=0+rhs=0+batch=1+variant=current-tile-v1,tiles=1;leftDoubles=256;rightDoubles=128;outputDoubles=32;resetDoubles=32;scratchDoubles=0;triangleDoubles=0,jvm-simd/vector-tile-v1/8x4,jmh-average-time-v1,200000000,1,1,score-times-operations
4,gemm-tile+8x4x32+uniform+physical=8x4+work=gemm-add-v1+leftLayout=depth-rows-v1+rightLayout=depth-columns-v1+leftGroup=8+rightGroup=4+leftStride=8+rightStride=4+padding=zero+alignment=8+block=8x4x32+panel=32+diagonal=0+rhs=0+batch=1+variant=current-tile-v1+timing=raw-tile,jvm-simd/simd(4 lanes)/simd-sparse/packed-8x4,5,2,1,4,3904352,200200358,51.27620614124956,ns,ok,partial,raw-tile,a038f25ac66821574b30392dc1d3b189cc287e2c,true,kotlin-2.4.10/jvm/Eclipse Adoptium/25.0.1/JMH 1.37/forks=1,1,3,200000000,gemm-add-v1+8x4x32+uniform,physical=8x4+leftLayout=depth-rows-v1+rightLayout=depth-columns-v1+leftGroup=8+rightGroup=4+leftStride=8+rightStride=4+padding=zero+alignment=8+block=8x4x32+panel=32+diagonal=0+rhs=0+batch=1+variant=current-tile-v1,tiles=1;leftDoubles=256;rightDoubles=128;outputDoubles=32;resetDoubles=32;scratchDoubles=0;triangleDoubles=0,jvm-simd/vector-tile-v1/8x4,jmh-average-time-v1,200000000,1,1,score-times-operations
4,gemm-tile+8x4x32+uniform+physical=8x4+work=gemm-add-v1+leftLayout=depth-rows-v1+rightLayout=depth-columns-v1+leftGroup=8+rightGroup=4+leftStride=8+rightStride=4+padding=zero+alignment=8+block=8x4x32+panel=32+diagonal=0+rhs=0+batch=1+variant=current-tile-v1+timing=raw-tile,jvm-simd/simd(4 lanes)/simd-sparse/packed-8x4,5,2,1,5,3901923,200157374,51.29711016849897,ns,ok,partial,raw-tile,a038f25ac66821574b30392dc1d3b189cc287e2c,true,kotlin-2.4.10/jvm/Eclipse Adoptium/25.0.1/JMH 1.37/forks=1,1,3,200000000,gemm-add-v1+8x4x32+uniform,physical=8x4+leftLayout=depth-rows-v1+rightLayout=depth-columns-v1+leftGroup=8+rightGroup=4+leftStride=8+rightStride=4+padding=zero+alignment=8+block=8x4x32+panel=32+diagonal=0+rhs=0+batch=1+variant=current-tile-v1,tiles=1;leftDoubles=256;rightDoubles=128;outputDoubles=32;resetDoubles=32;scratchDoubles=0;triangleDoubles=0,jvm-simd/vector-tile-v1/8x4,jmh-average-time-v1,200000000,1,1,score-times-operations
4,gemm-tile+7x2x31+uniform+physical=8x4+work=gemm-add-v1+leftLayout=depth-rows-v1+rightLayout=depth-columns-v1+leftGroup=8+rightGroup=4+leftStride=8+rightStride=4+padding=zero+alignment=8+block=7x2x31+panel=31+diagonal=0+rhs=0+batch=1+variant=current-tile-v1+timing=raw-tile,jvm-simd/simd(4 lanes)/simd-sparse/packed-8x4,5,2,1,1,3998851,200180680,50.05954960562421,ns,ok,partial,raw-tile,a038f25ac66821574b30392dc1d3b189cc287e2c,true,kotlin-2.4.10/jvm/Eclipse Adoptium/25.0.1/JMH 1.37/forks=1,1,3,200000000,gemm-add-v1+7x2x31+uniform,physical=8x4+leftLayout=depth-rows-v1+rightLayout=depth-columns-v1+leftGroup=8+rightGroup=4+leftStride=8+rightStride=4+padding=zero+alignment=8+block=7x2x31+panel=31+diagonal=0+rhs=0+batch=1+variant=current-tile-v1,tiles=1;leftDoubles=248;rightDoubles=124;outputDoubles=32;resetDoubles=32;scratchDoubles=0;triangleDoubles=0,jvm-simd/vector-tile-v1/8x4,jmh-average-time-v1,200000000,1,1,score-times-operations
4,gemm-tile+7x2x31+uniform+physical=8x4+work=gemm-add-v1+leftLayout=depth-rows-v1+rightLayout=depth-columns-v1+leftGroup=8+rightGroup=4+leftStride=8+rightStride=4+padding=zero+alignment=8+block=7x2x31+panel=31+diagonal=0+rhs=0+batch=1+variant=current-tile-v1+timing=raw-tile,jvm-simd/simd(4 lanes)/simd-sparse/packed-8x4,5,2,1,2,3786661,200191128,52.86745446714137,ns,ok,partial,raw-tile,a038f25ac66821574b30392dc1d3b189cc287e2c,true,kotlin-2.4.10/jvm/Eclipse Adoptium/25.0.1/JMH 1.37/forks=1,1,3,200000000,gemm-add-v1+7x2x31+uniform,physical=8x4+leftLayout=depth-rows-v1+rightLayout=depth-columns-v1+leftGroup=8+rightGroup=4+leftStride=8+rightStride=4+padding=zero+alignment=8+block=7x2x31+panel=31+diagonal=0+rhs=0+batch=1+variant=current-tile-v1,tiles=1;leftDoubles=248;rightDoubles=124;outputDoubles=32;resetDoubles=32;scratchDoubles=0;triangleDoubles=0,jvm-simd/vector-tile-v1/8x4,jmh-average-time-v1,200000000,1,1,score-times-operations
4,gemm-tile+7x2x31+uniform+physical=8x4+work=gemm-add-v1+leftLayout=depth-rows-v1+rightLayout=depth-columns-v1+leftGroup=8+rightGroup=4+leftStride=8+rightStride=4+padding=zero+alignment=8+block=7x2x31+panel=31+diagonal=0+rhs=0+batch=1+variant=current-tile-v1+timing=raw-tile,jvm-simd/simd(4 lanes)/simd-sparse/packed-8x4,5,2,1,3,3484929,200186707,57.44355394327976,ns,ok,partial,raw-tile,a038f25ac66821574b30392dc1d3b189cc287e2c,true,kotlin-2.4.10/jvm/Eclipse Adoptium/25.0.1/JMH 1.37/forks=1,1,3,200000000,gemm-add-v1+7x2x31+uniform,physical=8x4+leftLayout=depth-rows-v1+rightLayout=depth-columns-v1+leftGroup=8+rightGroup=4+leftStride=8+rightStride=4+padding=zero+alignment=8+block=7x2x31+panel=31+diagonal=0+rhs=0+batch=1+variant=current-tile-v1,tiles=1;leftDoubles=248;rightDoubles=124;outputDoubles=32;resetDoubles=32;scratchDoubles=0;triangleDoubles=0,jvm-simd/vector-tile-v1/8x4,jmh-average-time-v1,200000000,1,1,score-times-operations
4,gemm-tile+7x2x31+uniform+physical=8x4+work=gemm-add-v1+leftLayout=depth-rows-v1+rightLayout=depth-columns-v1+leftGroup=8+rightGroup=4+leftStride=8+rightStride=4+padding=zero+alignment=8+block=7x2x31+panel=31+diagonal=0+rhs=0+batch=1+variant=current-tile-v1+timing=raw-tile,jvm-simd/simd(4 lanes)/simd-sparse/packed-8x4,5,2,1,4,3040995,200190040,65.83044036573556,ns,ok,partial,raw-tile,a038f25ac66821574b30392dc1d3b189cc287e2c,true,kotlin-2.4.10/jvm/Eclipse Adoptium/25.0.1/JMH 1.37/forks=1,1,3,200000000,gemm-add-v1+7x2x31+uniform,physical=8x4+leftLayout=depth-rows-v1+rightLayout=depth-columns-v1+leftGroup=8+rightGroup=4+leftStride=8+rightStride=4+padding=zero+alignment=8+block=7x2x31+panel=31+diagonal=0+rhs=0+batch=1+variant=current-tile-v1,tiles=1;leftDoubles=248;rightDoubles=124;outputDoubles=32;resetDoubles=32;scratchDoubles=0;triangleDoubles=0,jvm-simd/vector-tile-v1/8x4,jmh-average-time-v1,200000000,1,1,score-times-operations
4,gemm-tile+7x2x31+uniform+physical=8x4+work=gemm-add-v1+leftLayout=depth-rows-v1+rightLayout=depth-columns-v1+leftGroup=8+rightGroup=4+leftStride=8+rightStride=4+padding=zero+alignment=8+block=7x2x31+panel=31+diagonal=0+rhs=0+batch=1+variant=current-tile-v1+timing=raw-tile,jvm-simd/simd(4 lanes)/simd-sparse/packed-8x4,5,2,1,5,3201596,200138031,62.51195684902155,ns,ok,partial,raw-tile,a038f25ac66821574b30392dc1d3b189cc287e2c,true,kotlin-2.4.10/jvm/Eclipse Adoptium/25.0.1/JMH 1.37/forks=1,1,3,200000000,gemm-add-v1+7x2x31+uniform,physical=8x4+leftLayout=depth-rows-v1+rightLayout=depth-columns-v1+leftGroup=8+rightGroup=4+leftStride=8+rightStride=4+padding=zero+alignment=8+block=7x2x31+panel=31+diagonal=0+rhs=0+batch=1+variant=current-tile-v1,tiles=1;leftDoubles=248;rightDoubles=124;outputDoubles=32;resetDoubles=32;scratchDoubles=0;triangleDoubles=0,jvm-simd/vector-tile-v1/8x4,jmh-average-time-v1,200000000,1,1,score-times-operations
4,packed-trsm+8x4+triangular+physical=8x4+uplo=L+diag=N+work=right-solve-v1+leftLayout=depth-rows-v1+rightLayout=depth-columns-v1+leftGroup=8+rightGroup=4+leftStride=8+rightStride=4+padding=zero+alignment=8+block=8x4x4+panel=4+diagonal=4+rhs=8+batch=1+variant=current-tile-v1+timing=raw-tile,jvm-simd/simd(4 lanes)/simd-sparse/packed-8x4,5,2,1,1,2514435,200189783,79.61620920803281,ns,ok,partial,raw-tile,a038f25ac66821574b30392dc1d3b189cc287e2c,true,kotlin-2.4.10/jvm/Eclipse Adoptium/25.0.1/JMH 1.37/forks=1,1,3,200000000,right-solve-v1+8x4+triangular+uplo=L+diag=N,physical=8x4+leftLayout=depth-rows-v1+rightLayout=depth-columns-v1+leftGroup=8+rightGroup=4+leftStride=8+rightStride=4+padding=zero+alignment=8+block=8x4x4+panel=4+diagonal=4+rhs=8+batch=1+variant=current-tile-v1,tiles=1;leftDoubles=0;rightDoubles=0;outputDoubles=32;resetDoubles=32;scratchDoubles=0;triangleDoubles=16,jvm-simd/portable-solve-v1/8x4,jmh-average-time-v1,200000000,1,1,score-times-operations
4,packed-trsm+8x4+triangular+physical=8x4+uplo=L+diag=N+work=right-solve-v1+leftLayout=depth-rows-v1+rightLayout=depth-columns-v1+leftGroup=8+rightGroup=4+leftStride=8+rightStride=4+padding=zero+alignment=8+block=8x4x4+panel=4+diagonal=4+rhs=8+batch=1+variant=current-tile-v1+timing=raw-tile,jvm-simd/simd(4 lanes)/simd-sparse/packed-8x4,5,2,1,2,2355104,200174190,84.99590251640691,ns,ok,partial,raw-tile,a038f25ac66821574b30392dc1d3b189cc287e2c,true,kotlin-2.4.10/jvm/Eclipse Adoptium/25.0.1/JMH 1.37/forks=1,1,3,200000000,right-solve-v1+8x4+triangular+uplo=L+diag=N,physical=8x4+leftLayout=depth-rows-v1+rightLayout=depth-columns-v1+leftGroup=8+rightGroup=4+leftStride=8+rightStride=4+padding=zero+alignment=8+block=8x4x4+panel=4+diagonal=4+rhs=8+batch=1+variant=current-tile-v1,tiles=1;leftDoubles=0;rightDoubles=0;outputDoubles=32;resetDoubles=32;scratchDoubles=0;triangleDoubles=16,jvm-simd/portable-solve-v1/8x4,jmh-average-time-v1,200000000,1,1,score-times-operations
4,packed-trsm+8x4+triangular+physical=8x4+uplo=L+diag=N+work=right-solve-v1+leftLayout=depth-rows-v1+rightLayout=depth-columns-v1+leftGroup=8+rightGroup=4+leftStride=8+rightStride=4+padding=zero+alignment=8+block=8x4x4+panel=4+diagonal=4+rhs=8+batch=1+variant=current-tile-v1+timing=raw-tile,jvm-simd/simd(4 lanes)/simd-sparse/packed-8x4,5,2,1,3,2520137,200249050,79.45958890330168,ns,ok,partial,raw-tile,a038f25ac66821574b30392dc1d3b189cc287e2c,true,kotlin-2.4.10/jvm/Eclipse Adoptium/25.0.1/JMH 1.37/forks=1,1,3,200000000,right-solve-v1+8x4+triangular+uplo=L+diag=N,physical=8x4+leftLayout=depth-rows-v1+rightLayout=depth-columns-v1+leftGroup=8+rightGroup=4+leftStride=8+rightStride=4+padding=zero+alignment=8+block=8x4x4+panel=4+diagonal=4+rhs=8+batch=1+variant=current-tile-v1,tiles=1;leftDoubles=0;rightDoubles=0;outputDoubles=32;resetDoubles=32;scratchDoubles=0;triangleDoubles=16,jvm-simd/portable-solve-v1/8x4,jmh-average-time-v1,200000000,1,1,score-times-operations
4,packed-trsm+8x4+triangular+physical=8x4+uplo=L+diag=N+work=right-solve-v1+leftLayout=depth-rows-v1+rightLayout=depth-columns-v1+leftGroup=8+rightGroup=4+leftStride=8+rightStride=4+padding=zero+alignment=8+block=8x4x4+panel=4+diagonal=4+rhs=8+batch=1+variant=current-tile-v1+timing=raw-tile,jvm-simd/simd(4 lanes)/simd-sparse/packed-8x4,5,2,1,4,3113535,200201779,64.30047486217434,ns,ok,partial,raw-tile,a038f25ac66821574b30392dc1d3b189cc287e2c,true,kotlin-2.4.10/jvm/Eclipse Adoptium/25.0.1/JMH 1.37/forks=1,1,3,200000000,right-solve-v1+8x4+triangular+uplo=L+diag=N,physical=8x4+leftLayout=depth-rows-v1+rightLayout=depth-columns-v1+leftGroup=8+rightGroup=4+leftStride=8+rightStride=4+padding=zero+alignment=8+block=8x4x4+panel=4+diagonal=4+rhs=8+batch=1+variant=current-tile-v1,tiles=1;leftDoubles=0;rightDoubles=0;outputDoubles=32;resetDoubles=32;scratchDoubles=0;triangleDoubles=16,jvm-simd/portable-solve-v1/8x4,jmh-average-time-v1,200000000,1,1,score-times-operations
4,packed-trsm+8x4+triangular+physical=8x4+uplo=L+diag=N+work=right-solve-v1+leftLayout=depth-rows-v1+rightLayout=depth-columns-v1+leftGroup=8+rightGroup=4+leftStride=8+rightStride=4+padding=zero+alignment=8+block=8x4x4+panel=4+diagonal=4+rhs=8+batch=1+variant=current-tile-v1+timing=raw-tile,jvm-simd/simd(4 lanes)/simd-sparse/packed-8x4,5,2,1,5,3058498,200260306,65.47668365321802,ns,ok,partial,raw-tile,a038f25ac66821574b30392dc1d3b189cc287e2c,true,kotlin-2.4.10/jvm/Eclipse Adoptium/25.0.1/JMH 1.37/forks=1,1,3,200000000,right-solve-v1+8x4+triangular+uplo=L+diag=N,physical=8x4+leftLayout=depth-rows-v1+rightLayout=depth-columns-v1+leftGroup=8+rightGroup=4+leftStride=8+rightStride=4+padding=zero+alignment=8+block=8x4x4+panel=4+diagonal=4+rhs=8+batch=1+variant=current-tile-v1,tiles=1;leftDoubles=0;rightDoubles=0;outputDoubles=32;resetDoubles=32;scratchDoubles=0;triangleDoubles=16,jvm-simd/portable-solve-v1/8x4,jmh-average-time-v1,200000000,1,1,score-times-operations
4,packed-trsm+7x2+triangular+physical=8x4+uplo=U+diag=U+work=right-solve-v1+leftLayout=depth-rows-v1+rightLayout=depth-columns-v1+leftGroup=8+rightGroup=4+leftStride=8+rightStride=4+padding=zero+alignment=8+block=7x2x2+panel=2+diagonal=2+rhs=7+batch=1+variant=current-tile-v1+timing=raw-tile,jvm-simd/simd(4 lanes)/simd-sparse/packed-8x4,5,2,1,1,9147607,200150177,21.880058577068297,ns,ok,partial,raw-tile,a038f25ac66821574b30392dc1d3b189cc287e2c,true,kotlin-2.4.10/jvm/Eclipse Adoptium/25.0.1/JMH 1.37/forks=1,1,3,200000000,right-solve-v1+7x2+triangular+uplo=U+diag=U,physical=8x4+leftLayout=depth-rows-v1+rightLayout=depth-columns-v1+leftGroup=8+rightGroup=4+leftStride=8+rightStride=4+padding=zero+alignment=8+block=7x2x2+panel=2+diagonal=2+rhs=7+batch=1+variant=current-tile-v1,tiles=1;leftDoubles=0;rightDoubles=0;outputDoubles=32;resetDoubles=32;scratchDoubles=0;triangleDoubles=16,jvm-simd/portable-solve-v1/8x4,jmh-average-time-v1,200000000,1,1,score-times-operations
4,packed-trsm+7x2+triangular+physical=8x4+uplo=U+diag=U+work=right-solve-v1+leftLayout=depth-rows-v1+rightLayout=depth-columns-v1+leftGroup=8+rightGroup=4+leftStride=8+rightStride=4+padding=zero+alignment=8+block=7x2x2+panel=2+diagonal=2+rhs=7+batch=1+variant=current-tile-v1+timing=raw-tile,jvm-simd/simd(4 lanes)/simd-sparse/packed-8x4,5,2,1,2,11673270,200227508,17.152649428994618,ns,ok,partial,raw-tile,a038f25ac66821574b30392dc1d3b189cc287e2c,true,kotlin-2.4.10/jvm/Eclipse Adoptium/25.0.1/JMH 1.37/forks=1,1,3,200000000,right-solve-v1+7x2+triangular+uplo=U+diag=U,physical=8x4+leftLayout=depth-rows-v1+rightLayout=depth-columns-v1+leftGroup=8+rightGroup=4+leftStride=8+rightStride=4+padding=zero+alignment=8+block=7x2x2+panel=2+diagonal=2+rhs=7+batch=1+variant=current-tile-v1,tiles=1;leftDoubles=0;rightDoubles=0;outputDoubles=32;resetDoubles=32;scratchDoubles=0;triangleDoubles=16,jvm-simd/portable-solve-v1/8x4,jmh-average-time-v1,200000000,1,1,score-times-operations
4,packed-trsm+7x2+triangular+physical=8x4+uplo=U+diag=U+work=right-solve-v1+leftLayout=depth-rows-v1+rightLayout=depth-columns-v1+leftGroup=8+rightGroup=4+leftStride=8+rightStride=4+padding=zero+alignment=8+block=7x2x2+panel=2+diagonal=2+rhs=7+batch=1+variant=current-tile-v1+timing=raw-tile,jvm-simd/simd(4 lanes)/simd-sparse/packed-8x4,5,2,1,3,12980528,200120183,15.416952453706044,ns,ok,partial,raw-tile,a038f25ac66821574b30392dc1d3b189cc287e2c,true,kotlin-2.4.10/jvm/Eclipse Adoptium/25.0.1/JMH 1.37/forks=1,1,3,200000000,right-solve-v1+7x2+triangular+uplo=U+diag=U,physical=8x4+leftLayout=depth-rows-v1+rightLayout=depth-columns-v1+leftGroup=8+rightGroup=4+leftStride=8+rightStride=4+padding=zero+alignment=8+block=7x2x2+panel=2+diagonal=2+rhs=7+batch=1+variant=current-tile-v1,tiles=1;leftDoubles=0;rightDoubles=0;outputDoubles=32;resetDoubles=32;scratchDoubles=0;triangleDoubles=16,jvm-simd/portable-solve-v1/8x4,jmh-average-time-v1,200000000,1,1,score-times-operations
4,packed-trsm+7x2+triangular+physical=8x4+uplo=U+diag=U+work=right-solve-v1+leftLayout=depth-rows-v1+rightLayout=depth-columns-v1+leftGroup=8+rightGroup=4+leftStride=8+rightStride=4+padding=zero+alignment=8+block=7x2x2+panel=2+diagonal=2+rhs=7+batch=1+variant=current-tile-v1+timing=raw-tile,jvm-simd/simd(4 lanes)/simd-sparse/packed-8x4,5,2,1,4,12920008,200149886,15.491467652342012,ns,ok,partial,raw-tile,a038f25ac66821574b30392dc1d3b189cc287e2c,true,kotlin-2.4.10/jvm/Eclipse Adoptium/25.0.1/JMH 1.37/forks=1,1,3,200000000,right-solve-v1+7x2+triangular+uplo=U+diag=U,physical=8x4+leftLayout=depth-rows-v1+rightLayout=depth-columns-v1+leftGroup=8+rightGroup=4+leftStride=8+rightStride=4+padding=zero+alignment=8+block=7x2x2+panel=2+diagonal=2+rhs=7+batch=1+variant=current-tile-v1,tiles=1;leftDoubles=0;rightDoubles=0;outputDoubles=32;resetDoubles=32;scratchDoubles=0;triangleDoubles=16,jvm-simd/portable-solve-v1/8x4,jmh-average-time-v1,200000000,1,1,score-times-operations
4,packed-trsm+7x2+triangular+physical=8x4+uplo=U+diag=U+work=right-solve-v1+leftLayout=depth-rows-v1+rightLayout=depth-columns-v1+leftGroup=8+rightGroup=4+leftStride=8+rightStride=4+padding=zero+alignment=8+block=7x2x2+panel=2+diagonal=2+rhs=7+batch=1+variant=current-tile-v1+timing=raw-tile,jvm-simd/simd(4 lanes)/simd-sparse/packed-8x4,5,2,1,5,13273774,200180935,15.080935911670638,ns,ok,partial,raw-tile,a038f25ac66821574b30392dc1d3b189cc287e2c,true,kotlin-2.4.10/jvm/Eclipse Adoptium/25.0.1/JMH 1.37/forks=1,1,3,200000000,right-solve-v1+7x2+triangular+uplo=U+diag=U,physical=8x4+leftLayout=depth-rows-v1+rightLayout=depth-columns-v1+leftGroup=8+rightGroup=4+leftStride=8+rightStride=4+padding=zero+alignment=8+block=7x2x2+panel=2+diagonal=2+rhs=7+batch=1+variant=current-tile-v1,tiles=1;leftDoubles=0;rightDoubles=0;outputDoubles=32;resetDoubles=32;scratchDoubles=0;triangleDoubles=16,jvm-simd/portable-solve-v1/8x4,jmh-average-time-v1,200000000,1,1,score-times-operations
4,gemm-trsm+8x4x32+triangular+physical=8x4+uplo=L+diag=N+work=update-solve-v1+leftLayout=depth-rows-v1+rightLayout=depth-columns-v1+leftGroup=8+rightGroup=4+leftStride=8+rightStride=4+padding=zero+alignment=8+block=8x4x32+panel=32+diagonal=4+rhs=8+batch=1+variant=current-tile-v1+timing=raw-tile,jvm-simd/simd(4 lanes)/simd-sparse/packed-8x4,5,2,1,1,2206367,200144911,90.71242952781654,ns,ok,composed,raw-tile,a038f25ac66821574b30392dc1d3b189cc287e2c,true,kotlin-2.4.10/jvm/Eclipse Adoptium/25.0.1/JMH 1.37/forks=1,1,3,200000000,update-solve-v1+8x4x32+triangular+uplo=L+diag=N,physical=8x4+leftLayout=depth-rows-v1+rightLayout=depth-columns-v1+leftGroup=8+rightGroup=4+leftStride=8+rightStride=4+padding=zero+alignment=8+block=8x4x32+panel=32+diagonal=4+rhs=8+batch=1+variant=current-tile-v1,tiles=1;leftDoubles=256;rightDoubles=128;outputDoubles=32;resetDoubles=32;scratchDoubles=0;triangleDoubles=16,jvm-simd/vector-update-portable-solve-v1/8x4,jmh-average-time-v1,200000000,1,1,score-times-operations
4,gemm-trsm+8x4x32+triangular+physical=8x4+uplo=L+diag=N+work=update-solve-v1+leftLayout=depth-rows-v1+rightLayout=depth-columns-v1+leftGroup=8+rightGroup=4+leftStride=8+rightStride=4+padding=zero+alignment=8+block=8x4x32+panel=32+diagonal=4+rhs=8+batch=1+variant=current-tile-v1+timing=raw-tile,jvm-simd/simd(4 lanes)/simd-sparse/packed-8x4,5,2,1,2,2232319,200201166,89.68304529952933,ns,ok,composed,raw-tile,a038f25ac66821574b30392dc1d3b189cc287e2c,true,kotlin-2.4.10/jvm/Eclipse Adoptium/25.0.1/JMH 1.37/forks=1,1,3,200000000,update-solve-v1+8x4x32+triangular+uplo=L+diag=N,physical=8x4+leftLayout=depth-rows-v1+rightLayout=depth-columns-v1+leftGroup=8+rightGroup=4+leftStride=8+rightStride=4+padding=zero+alignment=8+block=8x4x32+panel=32+diagonal=4+rhs=8+batch=1+variant=current-tile-v1,tiles=1;leftDoubles=256;rightDoubles=128;outputDoubles=32;resetDoubles=32;scratchDoubles=0;triangleDoubles=16,jvm-simd/vector-update-portable-solve-v1/8x4,jmh-average-time-v1,200000000,1,1,score-times-operations
4,gemm-trsm+8x4x32+triangular+physical=8x4+uplo=L+diag=N+work=update-solve-v1+leftLayout=depth-rows-v1+rightLayout=depth-columns-v1+leftGroup=8+rightGroup=4+leftStride=8+rightStride=4+padding=zero+alignment=8+block=8x4x32+panel=32+diagonal=4+rhs=8+batch=1+variant=current-tile-v1+timing=raw-tile,jvm-simd/simd(4 lanes)/simd-sparse/packed-8x4,5,2,1,3,2229080,200154173,89.79227887738439,ns,ok,composed,raw-tile,a038f25ac66821574b30392dc1d3b189cc287e2c,true,kotlin-2.4.10/jvm/Eclipse Adoptium/25.0.1/JMH 1.37/forks=1,1,3,200000000,update-solve-v1+8x4x32+triangular+uplo=L+diag=N,physical=8x4+leftLayout=depth-rows-v1+rightLayout=depth-columns-v1+leftGroup=8+rightGroup=4+leftStride=8+rightStride=4+padding=zero+alignment=8+block=8x4x32+panel=32+diagonal=4+rhs=8+batch=1+variant=current-tile-v1,tiles=1;leftDoubles=256;rightDoubles=128;outputDoubles=32;resetDoubles=32;scratchDoubles=0;triangleDoubles=16,jvm-simd/vector-update-portable-solve-v1/8x4,jmh-average-time-v1,200000000,1,1,score-times-operations
4,gemm-trsm+8x4x32+triangular+physical=8x4+uplo=L+diag=N+work=update-solve-v1+leftLayout=depth-rows-v1+rightLayout=depth-columns-v1+leftGroup=8+rightGroup=4+leftStride=8+rightStride=4+padding=zero+alignment=8+block=8x4x32+panel=32+diagonal=4+rhs=8+batch=1+variant=current-tile-v1+timing=raw-tile,jvm-simd/simd(4 lanes)/simd-sparse/packed-8x4,5,2,1,4,2233424,200190634,89.63395844228414,ns,ok,composed,raw-tile,a038f25ac66821574b30392dc1d3b189cc287e2c,true,kotlin-2.4.10/jvm/Eclipse Adoptium/25.0.1/JMH 1.37/forks=1,1,3,200000000,update-solve-v1+8x4x32+triangular+uplo=L+diag=N,physical=8x4+leftLayout=depth-rows-v1+rightLayout=depth-columns-v1+leftGroup=8+rightGroup=4+leftStride=8+rightStride=4+padding=zero+alignment=8+block=8x4x32+panel=32+diagonal=4+rhs=8+batch=1+variant=current-tile-v1,tiles=1;leftDoubles=256;rightDoubles=128;outputDoubles=32;resetDoubles=32;scratchDoubles=0;triangleDoubles=16,jvm-simd/vector-update-portable-solve-v1/8x4,jmh-average-time-v1,200000000,1,1,score-times-operations
4,gemm-trsm+8x4x32+triangular+physical=8x4+uplo=L+diag=N+work=update-solve-v1+leftLayout=depth-rows-v1+rightLayout=depth-columns-v1+leftGroup=8+rightGroup=4+leftStride=8+rightStride=4+padding=zero+alignment=8+block=8x4x32+panel=32+diagonal=4+rhs=8+batch=1+variant=current-tile-v1+timing=raw-tile,jvm-simd/simd(4 lanes)/simd-sparse/packed-8x4,5,2,1,5,2129841,200173321,93.98510076573791,ns,ok,composed,raw-tile,a038f25ac66821574b30392dc1d3b189cc287e2c,true,kotlin-2.4.10/jvm/Eclipse Adoptium/25.0.1/JMH 1.37/forks=1,1,3,200000000,update-solve-v1+8x4x32+triangular+uplo=L+diag=N,physical=8x4+leftLayout=depth-rows-v1+rightLayout=depth-columns-v1+leftGroup=8+rightGroup=4+leftStride=8+rightStride=4+padding=zero+alignment=8+block=8x4x32+panel=32+diagonal=4+rhs=8+batch=1+variant=current-tile-v1,tiles=1;leftDoubles=256;rightDoubles=128;outputDoubles=32;resetDoubles=32;scratchDoubles=0;triangleDoubles=16,jvm-simd/vector-update-portable-solve-v1/8x4,jmh-average-time-v1,200000000,1,1,score-times-operations
4,gemm-trsm+7x2x31+triangular+physical=8x4+uplo=U+diag=U+work=update-solve-v1+leftLayout=depth-rows-v1+rightLayout=depth-columns-v1+leftGroup=8+rightGroup=4+leftStride=8+rightStride=4+padding=zero+alignment=8+block=7x2x31+panel=31+diagonal=2+rhs=7+batch=1+variant=current-tile-v1+timing=raw-tile,jvm-simd/simd(4 lanes)/simd-sparse/packed-8x4,5,2,1,1,4073058,200112836,49.13085843609396,ns,ok,composed,raw-tile,a038f25ac66821574b30392dc1d3b189cc287e2c,true,kotlin-2.4.10/jvm/Eclipse Adoptium/25.0.1/JMH 1.37/forks=1,1,3,200000000,update-solve-v1+7x2x31+triangular+uplo=U+diag=U,physical=8x4+leftLayout=depth-rows-v1+rightLayout=depth-columns-v1+leftGroup=8+rightGroup=4+leftStride=8+rightStride=4+padding=zero+alignment=8+block=7x2x31+panel=31+diagonal=2+rhs=7+batch=1+variant=current-tile-v1,tiles=1;leftDoubles=248;rightDoubles=124;outputDoubles=32;resetDoubles=32;scratchDoubles=0;triangleDoubles=16,jvm-simd/vector-update-portable-solve-v1/8x4,jmh-average-time-v1,200000000,1,1,score-times-operations
4,gemm-trsm+7x2x31+triangular+physical=8x4+uplo=U+diag=U+work=update-solve-v1+leftLayout=depth-rows-v1+rightLayout=depth-columns-v1+leftGroup=8+rightGroup=4+leftStride=8+rightStride=4+padding=zero+alignment=8+block=7x2x31+panel=31+diagonal=2+rhs=7+batch=1+variant=current-tile-v1+timing=raw-tile,jvm-simd/simd(4 lanes)/simd-sparse/packed-8x4,5,2,1,2,4064388,200198375,49.25670851306519,ns,ok,composed,raw-tile,a038f25ac66821574b30392dc1d3b189cc287e2c,true,kotlin-2.4.10/jvm/Eclipse Adoptium/25.0.1/JMH 1.37/forks=1,1,3,200000000,update-solve-v1+7x2x31+triangular+uplo=U+diag=U,physical=8x4+leftLayout=depth-rows-v1+rightLayout=depth-columns-v1+leftGroup=8+rightGroup=4+leftStride=8+rightStride=4+padding=zero+alignment=8+block=7x2x31+panel=31+diagonal=2+rhs=7+batch=1+variant=current-tile-v1,tiles=1;leftDoubles=248;rightDoubles=124;outputDoubles=32;resetDoubles=32;scratchDoubles=0;triangleDoubles=16,jvm-simd/vector-update-portable-solve-v1/8x4,jmh-average-time-v1,200000000,1,1,score-times-operations
4,gemm-trsm+7x2x31+triangular+physical=8x4+uplo=U+diag=U+work=update-solve-v1+leftLayout=depth-rows-v1+rightLayout=depth-columns-v1+leftGroup=8+rightGroup=4+leftStride=8+rightStride=4+padding=zero+alignment=8+block=7x2x31+panel=31+diagonal=2+rhs=7+batch=1+variant=current-tile-v1+timing=raw-tile,jvm-simd/simd(4 lanes)/simd-sparse/packed-8x4,5,2,1,3,3712681,200204186,53.92442442536808,ns,ok,composed,raw-tile,a038f25ac66821574b30392dc1d3b189cc287e2c,true,kotlin-2.4.10/jvm/Eclipse Adoptium/25.0.1/JMH 1.37/forks=1,1,3,200000000,update-solve-v1+7x2x31+triangular+uplo=U+diag=U,physical=8x4+leftLayout=depth-rows-v1+rightLayout=depth-columns-v1+leftGroup=8+rightGroup=4+leftStride=8+rightStride=4+padding=zero+alignment=8+block=7x2x31+panel=31+diagonal=2+rhs=7+batch=1+variant=current-tile-v1,tiles=1;leftDoubles=248;rightDoubles=124;outputDoubles=32;resetDoubles=32;scratchDoubles=0;triangleDoubles=16,jvm-simd/vector-update-portable-solve-v1/8x4,jmh-average-time-v1,200000000,1,1,score-times-operations
4,gemm-trsm+7x2x31+triangular+physical=8x4+uplo=U+diag=U+work=update-solve-v1+leftLayout=depth-rows-v1+rightLayout=depth-columns-v1+leftGroup=8+rightGroup=4+leftStride=8+rightStride=4+padding=zero+alignment=8+block=7x2x31+panel=31+diagonal=2+rhs=7+batch=1+variant=current-tile-v1+timing=raw-tile,jvm-simd/simd(4 lanes)/simd-sparse/packed-8x4,5,2,1,4,3374708,200147692,59.30815110522155,ns,ok,composed,raw-tile,a038f25ac66821574b30392dc1d3b189cc287e2c,true,kotlin-2.4.10/jvm/Eclipse Adoptium/25.0.1/JMH 1.37/forks=1,1,3,200000000,update-solve-v1+7x2x31+triangular+uplo=U+diag=U,physical=8x4+leftLayout=depth-rows-v1+rightLayout=depth-columns-v1+leftGroup=8+rightGroup=4+leftStride=8+rightStride=4+padding=zero+alignment=8+block=7x2x31+panel=31+diagonal=2+rhs=7+batch=1+variant=current-tile-v1,tiles=1;leftDoubles=248;rightDoubles=124;outputDoubles=32;resetDoubles=32;scratchDoubles=0;triangleDoubles=16,jvm-simd/vector-update-portable-solve-v1/8x4,jmh-average-time-v1,200000000,1,1,score-times-operations
4,gemm-trsm+7x2x31+triangular+physical=8x4+uplo=U+diag=U+work=update-solve-v1+leftLayout=depth-rows-v1+rightLayout=depth-columns-v1+leftGroup=8+rightGroup=4+leftStride=8+rightStride=4+padding=zero+alignment=8+block=7x2x31+panel=31+diagonal=2+rhs=7+batch=1+variant=current-tile-v1+timing=raw-tile,jvm-simd/simd(4 lanes)/simd-sparse/packed-8x4,5,2,1,5,3395571,200101990,58.93029184193174,ns,ok,composed,raw-tile,a038f25ac66821574b30392dc1d3b189cc287e2c,true,kotlin-2.4.10/jvm/Eclipse Adoptium/25.0.1/JMH 1.37/forks=1,1,3,200000000,update-solve-v1+7x2x31+triangular+uplo=U+diag=U,physical=8x4+leftLayout=depth-rows-v1+rightLayout=depth-columns-v1+leftGroup=8+rightGroup=4+leftStride=8+rightStride=4+padding=zero+alignment=8+block=7x2x31+panel=31+diagonal=2+rhs=7+batch=1+variant=current-tile-v1,tiles=1;leftDoubles=248;rightDoubles=124;outputDoubles=32;resetDoubles=32;scratchDoubles=0;triangleDoubles=16,jvm-simd/vector-update-portable-solve-v1/8x4,jmh-average-time-v1,200000000,1,1,score-times-operations
4,pack-left+4x32+uniform+physical=4x4+work=pack-left-v1+leftLayout=depth-rows-v1+rightLayout=depth-columns-v1+leftGroup=4+rightGroup=4+leftStride=4+rightStride=4+padding=zero+alignment=8+block=4x32x32+panel=32+diagonal=0+rhs=0+batch=1+variant=current-tile-v1+timing=packing-only,jvm-simd/simd(4 lanes)/simd-sparse/packed-8x4,5,2,1,0,0,0,,ns,unsupported,unsupported,arithmetic,a038f25ac66821574b30392dc1d3b189cc287e2c,true,kotlin-2.4.10/jvm/Eclipse Adoptium/25.0.1,1,3,200000000,pack-left-v1+4x32+uniform,physical=4x4+leftLayout=depth-rows-v1+rightLayout=depth-columns-v1+leftGroup=4+rightGroup=4+leftStride=4+rightStride=4+padding=zero+alignment=8+block=4x32x32+panel=32+diagonal=0+rhs=0+batch=1+variant=current-tile-v1,panelDoubles=128,unavailable,jmh-average-time-v1,200000000,0,1,score-times-operations
4,pack-left+3x31+uniform+physical=4x4+work=pack-left-v1+leftLayout=depth-rows-v1+rightLayout=depth-columns-v1+leftGroup=4+rightGroup=4+leftStride=4+rightStride=4+padding=zero+alignment=8+block=3x31x31+panel=31+diagonal=0+rhs=0+batch=1+variant=current-tile-v1+timing=packing-only,jvm-simd/simd(4 lanes)/simd-sparse/packed-8x4,5,2,1,0,0,0,,ns,unsupported,unsupported,arithmetic,a038f25ac66821574b30392dc1d3b189cc287e2c,true,kotlin-2.4.10/jvm/Eclipse Adoptium/25.0.1,1,3,200000000,pack-left-v1+3x31+uniform,physical=4x4+leftLayout=depth-rows-v1+rightLayout=depth-columns-v1+leftGroup=4+rightGroup=4+leftStride=4+rightStride=4+padding=zero+alignment=8+block=3x31x31+panel=31+diagonal=0+rhs=0+batch=1+variant=current-tile-v1,panelDoubles=124,unavailable,jmh-average-time-v1,200000000,0,1,score-times-operations
4,pack-right+32x4+uniform+physical=4x4+work=pack-right-v1+leftLayout=depth-rows-v1+rightLayout=depth-columns-v1+leftGroup=4+rightGroup=4+leftStride=4+rightStride=4+padding=zero+alignment=8+block=32x4x32+panel=32+diagonal=0+rhs=0+batch=1+variant=current-tile-v1+timing=packing-only,jvm-simd/simd(4 lanes)/simd-sparse/packed-8x4,5,2,1,0,0,0,,ns,unsupported,unsupported,arithmetic,a038f25ac66821574b30392dc1d3b189cc287e2c,true,kotlin-2.4.10/jvm/Eclipse Adoptium/25.0.1,1,3,200000000,pack-right-v1+32x4+uniform,physical=4x4+leftLayout=depth-rows-v1+rightLayout=depth-columns-v1+leftGroup=4+rightGroup=4+leftStride=4+rightStride=4+padding=zero+alignment=8+block=32x4x32+panel=32+diagonal=0+rhs=0+batch=1+variant=current-tile-v1,panelDoubles=128,unavailable,jmh-average-time-v1,200000000,0,1,score-times-operations
4,pack-right+31x2+uniform+physical=4x4+work=pack-right-v1+leftLayout=depth-rows-v1+rightLayout=depth-columns-v1+leftGroup=4+rightGroup=4+leftStride=4+rightStride=4+padding=zero+alignment=8+block=31x2x31+panel=31+diagonal=0+rhs=0+batch=1+variant=current-tile-v1+timing=packing-only,jvm-simd/simd(4 lanes)/simd-sparse/packed-8x4,5,2,1,0,0,0,,ns,unsupported,unsupported,arithmetic,a038f25ac66821574b30392dc1d3b189cc287e2c,true,kotlin-2.4.10/jvm/Eclipse Adoptium/25.0.1,1,3,200000000,pack-right-v1+31x2+uniform,physical=4x4+leftLayout=depth-rows-v1+rightLayout=depth-columns-v1+leftGroup=4+rightGroup=4+leftStride=4+rightStride=4+padding=zero+alignment=8+block=31x2x31+panel=31+diagonal=0+rhs=0+batch=1+variant=current-tile-v1,panelDoubles=124,unavailable,jmh-average-time-v1,200000000,0,1,score-times-operations
4,pack-symmetric-left+4x4+uniform+physical=4x4+uplo=L+work=pack-symmetric-left-v1+leftLayout=depth-rows-v1+rightLayout=depth-columns-v1+leftGroup=4+rightGroup=4+leftStride=4+rightStride=4+padding=zero+alignment=8+block=4x4x4+panel=4+diagonal=0+rhs=0+batch=1+variant=current-tile-v1+timing=packing-only,jvm-simd/simd(4 lanes)/simd-sparse/packed-8x4,5,2,1,0,0,0,,ns,unsupported,unsupported,arithmetic,a038f25ac66821574b30392dc1d3b189cc287e2c,true,kotlin-2.4.10/jvm/Eclipse Adoptium/25.0.1,1,3,200000000,pack-symmetric-left-v1+4x4+uniform+uplo=L,physical=4x4+leftLayout=depth-rows-v1+rightLayout=depth-columns-v1+leftGroup=4+rightGroup=4+leftStride=4+rightStride=4+padding=zero+alignment=8+block=4x4x4+panel=4+diagonal=0+rhs=0+batch=1+variant=current-tile-v1,panelDoubles=16,unavailable,jmh-average-time-v1,200000000,0,1,score-times-operations
4,pack-symmetric-right+4x4+uniform+physical=4x4+uplo=U+work=pack-symmetric-right-v1+leftLayout=depth-rows-v1+rightLayout=depth-columns-v1+leftGroup=4+rightGroup=4+leftStride=4+rightStride=4+padding=zero+alignment=8+block=4x4x4+panel=4+diagonal=0+rhs=0+batch=1+variant=current-tile-v1+timing=packing-only,jvm-simd/simd(4 lanes)/simd-sparse/packed-8x4,5,2,1,0,0,0,,ns,unsupported,unsupported,arithmetic,a038f25ac66821574b30392dc1d3b189cc287e2c,true,kotlin-2.4.10/jvm/Eclipse Adoptium/25.0.1,1,3,200000000,pack-symmetric-right-v1+4x4+uniform+uplo=U,physical=4x4+leftLayout=depth-rows-v1+rightLayout=depth-columns-v1+leftGroup=4+rightGroup=4+leftStride=4+rightStride=4+padding=zero+alignment=8+block=4x4x4+panel=4+diagonal=0+rhs=0+batch=1+variant=current-tile-v1,panelDoubles=16,unavailable,jmh-average-time-v1,200000000,0,1,score-times-operations
4,pack-triangular-left+4x4+triangular+physical=4x4+uplo=L+diag=N+work=pack-triangular-left-v1+leftLayout=depth-rows-v1+rightLayout=depth-columns-v1+leftGroup=4+rightGroup=4+leftStride=4+rightStride=4+padding=zero+alignment=8+block=4x4x4+panel=4+diagonal=0+rhs=0+batch=1+variant=current-tile-v1+timing=packing-only,jvm-simd/simd(4 lanes)/simd-sparse/packed-8x4,5,2,1,0,0,0,,ns,unsupported,unsupported,arithmetic,a038f25ac66821574b30392dc1d3b189cc287e2c,true,kotlin-2.4.10/jvm/Eclipse Adoptium/25.0.1,1,3,200000000,pack-triangular-left-v1+4x4+triangular+uplo=L+diag=N,physical=4x4+leftLayout=depth-rows-v1+rightLayout=depth-columns-v1+leftGroup=4+rightGroup=4+leftStride=4+rightStride=4+padding=zero+alignment=8+block=4x4x4+panel=4+diagonal=0+rhs=0+batch=1+variant=current-tile-v1,panelDoubles=16,unavailable,jmh-average-time-v1,200000000,0,1,score-times-operations
4,pack-triangular-right+4x4+triangular+physical=4x4+uplo=U+diag=U+work=pack-triangular-right-v1+leftLayout=depth-rows-v1+rightLayout=depth-columns-v1+leftGroup=4+rightGroup=4+leftStride=4+rightStride=4+padding=zero+alignment=8+block=4x4x4+panel=4+diagonal=0+rhs=0+batch=1+variant=current-tile-v1+timing=packing-only,jvm-simd/simd(4 lanes)/simd-sparse/packed-8x4,5,2,1,0,0,0,,ns,unsupported,unsupported,arithmetic,a038f25ac66821574b30392dc1d3b189cc287e2c,true,kotlin-2.4.10/jvm/Eclipse Adoptium/25.0.1,1,3,200000000,pack-triangular-right-v1+4x4+triangular+uplo=U+diag=U,physical=4x4+leftLayout=depth-rows-v1+rightLayout=depth-columns-v1+leftGroup=4+rightGroup=4+leftStride=4+rightStride=4+padding=zero+alignment=8+block=4x4x4+panel=4+diagonal=0+rhs=0+batch=1+variant=current-tile-v1,panelDoubles=16,unavailable,jmh-average-time-v1,200000000,0,1,score-times-operations
4,write-left+3x31+uniform+physical=4x4+work=write-left-v1+leftLayout=depth-rows-v1+rightLayout=depth-columns-v1+leftGroup=4+rightGroup=4+leftStride=4+rightStride=4+padding=zero+alignment=8+block=3x31x31+panel=31+diagonal=0+rhs=0+batch=1+variant=current-tile-v1+timing=layout-only,jvm-simd/simd(4 lanes)/simd-sparse/packed-8x4,5,2,1,0,0,0,,ns,unsupported,unsupported,arithmetic,a038f25ac66821574b30392dc1d3b189cc287e2c,true,kotlin-2.4.10/jvm/Eclipse Adoptium/25.0.1,1,3,200000000,write-left-v1+3x31+uniform,physical=4x4+leftLayout=depth-rows-v1+rightLayout=depth-columns-v1+leftGroup=4+rightGroup=4+leftStride=4+rightStride=4+padding=zero+alignment=8+block=3x31x31+panel=31+diagonal=0+rhs=0+batch=1+variant=current-tile-v1,panelDoubles=124,unavailable,jmh-average-time-v1,200000000,0,1,score-times-operations
4,write-left+4x32+uniform+physical=4x4+work=write-left-v1+leftLayout=depth-rows-v1+rightLayout=depth-columns-v1+leftGroup=4+rightGroup=4+leftStride=4+rightStride=4+padding=zero+alignment=8+block=4x32x32+panel=32+diagonal=0+rhs=0+batch=1+variant=current-tile-v1+timing=layout-only,jvm-simd/simd(4 lanes)/simd-sparse/packed-8x4,5,2,1,0,0,0,,ns,unsupported,unsupported,arithmetic,a038f25ac66821574b30392dc1d3b189cc287e2c,true,kotlin-2.4.10/jvm/Eclipse Adoptium/25.0.1,1,3,200000000,write-left-v1+4x32+uniform,physical=4x4+leftLayout=depth-rows-v1+rightLayout=depth-columns-v1+leftGroup=4+rightGroup=4+leftStride=4+rightStride=4+padding=zero+alignment=8+block=4x32x32+panel=32+diagonal=0+rhs=0+batch=1+variant=current-tile-v1,panelDoubles=128,unavailable,jmh-average-time-v1,200000000,0,1,score-times-operations
4,write-right+31x2+uniform+physical=4x4+work=write-right-v1+leftLayout=depth-rows-v1+rightLayout=depth-columns-v1+leftGroup=4+rightGroup=4+leftStride=4+rightStride=4+padding=zero+alignment=8+block=31x2x31+panel=31+diagonal=0+rhs=0+batch=1+variant=current-tile-v1+timing=layout-only,jvm-simd/simd(4 lanes)/simd-sparse/packed-8x4,5,2,1,0,0,0,,ns,unsupported,unsupported,arithmetic,a038f25ac66821574b30392dc1d3b189cc287e2c,true,kotlin-2.4.10/jvm/Eclipse Adoptium/25.0.1,1,3,200000000,write-right-v1+31x2+uniform,physical=4x4+leftLayout=depth-rows-v1+rightLayout=depth-columns-v1+leftGroup=4+rightGroup=4+leftStride=4+rightStride=4+padding=zero+alignment=8+block=31x2x31+panel=31+diagonal=0+rhs=0+batch=1+variant=current-tile-v1,panelDoubles=124,unavailable,jmh-average-time-v1,200000000,0,1,score-times-operations
4,write-right+32x4+uniform+physical=4x4+work=write-right-v1+leftLayout=depth-rows-v1+rightLayout=depth-columns-v1+leftGroup=4+rightGroup=4+leftStride=4+rightStride=4+padding=zero+alignment=8+block=32x4x32+panel=32+diagonal=0+rhs=0+batch=1+variant=current-tile-v1+timing=layout-only,jvm-simd/simd(4 lanes)/simd-sparse/packed-8x4,5,2,1,0,0,0,,ns,unsupported,unsupported,arithmetic,a038f25ac66821574b30392dc1d3b189cc287e2c,true,kotlin-2.4.10/jvm/Eclipse Adoptium/25.0.1,1,3,200000000,write-right-v1+32x4+uniform,physical=4x4+leftLayout=depth-rows-v1+rightLayout=depth-columns-v1+leftGroup=4+rightGroup=4+leftStride=4+rightStride=4+padding=zero+alignment=8+block=32x4x32+panel=32+diagonal=0+rhs=0+batch=1+variant=current-tile-v1,panelDoubles=128,unavailable,jmh-average-time-v1,200000000,0,1,score-times-operations
4,clear-left-padding+3x31+uniform+physical=4x4+work=clear-left-padding-v1+leftLayout=depth-rows-v1+rightLayout=depth-columns-v1+leftGroup=4+rightGroup=4+leftStride=4+rightStride=4+padding=zero+alignment=8+block=3x31x31+panel=31+diagonal=0+rhs=0+batch=1+variant=current-tile-v1+timing=layout-only,jvm-simd/simd(4 lanes)/simd-sparse/packed-8x4,5,2,1,0,0,0,,ns,unsupported,unsupported,arithmetic,a038f25ac66821574b30392dc1d3b189cc287e2c,true,kotlin-2.4.10/jvm/Eclipse Adoptium/25.0.1,1,3,200000000,clear-left-padding-v1+3x31+uniform,physical=4x4+leftLayout=depth-rows-v1+rightLayout=depth-columns-v1+leftGroup=4+rightGroup=4+leftStride=4+rightStride=4+padding=zero+alignment=8+block=3x31x31+panel=31+diagonal=0+rhs=0+batch=1+variant=current-tile-v1,panelDoubles=124,unavailable,jmh-average-time-v1,200000000,0,1,score-times-operations
4,clear-left-padding+4x32+uniform+physical=4x4+work=clear-left-padding-v1+leftLayout=depth-rows-v1+rightLayout=depth-columns-v1+leftGroup=4+rightGroup=4+leftStride=4+rightStride=4+padding=zero+alignment=8+block=4x32x32+panel=32+diagonal=0+rhs=0+batch=1+variant=current-tile-v1+timing=layout-only,jvm-simd/simd(4 lanes)/simd-sparse/packed-8x4,5,2,1,0,0,0,,ns,unsupported,unsupported,arithmetic,a038f25ac66821574b30392dc1d3b189cc287e2c,true,kotlin-2.4.10/jvm/Eclipse Adoptium/25.0.1,1,3,200000000,clear-left-padding-v1+4x32+uniform,physical=4x4+leftLayout=depth-rows-v1+rightLayout=depth-columns-v1+leftGroup=4+rightGroup=4+leftStride=4+rightStride=4+padding=zero+alignment=8+block=4x32x32+panel=32+diagonal=0+rhs=0+batch=1+variant=current-tile-v1,panelDoubles=128,unavailable,jmh-average-time-v1,200000000,0,1,score-times-operations
4,clear-right-padding+31x2+uniform+physical=4x4+work=clear-right-padding-v1+leftLayout=depth-rows-v1+rightLayout=depth-columns-v1+leftGroup=4+rightGroup=4+leftStride=4+rightStride=4+padding=zero+alignment=8+block=31x2x31+panel=31+diagonal=0+rhs=0+batch=1+variant=current-tile-v1+timing=layout-only,jvm-simd/simd(4 lanes)/simd-sparse/packed-8x4,5,2,1,0,0,0,,ns,unsupported,unsupported,arithmetic,a038f25ac66821574b30392dc1d3b189cc287e2c,true,kotlin-2.4.10/jvm/Eclipse Adoptium/25.0.1,1,3,200000000,clear-right-padding-v1+31x2+uniform,physical=4x4+leftLayout=depth-rows-v1+rightLayout=depth-columns-v1+leftGroup=4+rightGroup=4+leftStride=4+rightStride=4+padding=zero+alignment=8+block=31x2x31+panel=31+diagonal=0+rhs=0+batch=1+variant=current-tile-v1,panelDoubles=124,unavailable,jmh-average-time-v1,200000000,0,1,score-times-operations
4,clear-right-padding+32x4+uniform+physical=4x4+work=clear-right-padding-v1+leftLayout=depth-rows-v1+rightLayout=depth-columns-v1+leftGroup=4+rightGroup=4+leftStride=4+rightStride=4+padding=zero+alignment=8+block=32x4x32+panel=32+diagonal=0+rhs=0+batch=1+variant=current-tile-v1+timing=layout-only,jvm-simd/simd(4 lanes)/simd-sparse/packed-8x4,5,2,1,0,0,0,,ns,unsupported,unsupported,arithmetic,a038f25ac66821574b30392dc1d3b189cc287e2c,true,kotlin-2.4.10/jvm/Eclipse Adoptium/25.0.1,1,3,200000000,clear-right-padding-v1+32x4+uniform,physical=4x4+leftLayout=depth-rows-v1+rightLayout=depth-columns-v1+leftGroup=4+rightGroup=4+leftStride=4+rightStride=4+padding=zero+alignment=8+block=32x4x32+panel=32+diagonal=0+rhs=0+batch=1+variant=current-tile-v1,panelDoubles=128,unavailable,jmh-average-time-v1,200000000,0,1,score-times-operations
4,pack-left+7x31+uniform+physical=8x4+work=pack-left-v1+leftLayout=depth-rows-v1+rightLayout=depth-columns-v1+leftGroup=8+rightGroup=4+leftStride=8+rightStride=4+padding=zero+alignment=8+block=7x31x31+panel=31+diagonal=0+rhs=0+batch=1+variant=current-tile-v1+timing=packing-only,jvm-simd/simd(4 lanes)/simd-sparse/packed-8x4,5,2,1,1,876242,200092124,228.35258296224103,ns,ok,unsupported,packing-only,a038f25ac66821574b30392dc1d3b189cc287e2c,true,kotlin-2.4.10/jvm/Eclipse Adoptium/25.0.1/JMH 1.37/forks=1,1,3,200000000,pack-left-v1+7x31+uniform,physical=8x4+leftLayout=depth-rows-v1+rightLayout=depth-columns-v1+leftGroup=8+rightGroup=4+leftStride=8+rightStride=4+padding=zero+alignment=8+block=7x31x31+panel=31+diagonal=0+rhs=0+batch=1+variant=current-tile-v1,panelDoubles=248,jvm-simd/portable-layout-v1/8x4,jmh-average-time-v1,200000000,1,1,score-times-operations
4,pack-left+7x31+uniform+physical=8x4+work=pack-left-v1+leftLayout=depth-rows-v1+rightLayout=depth-columns-v1+leftGroup=8+rightGroup=4+leftStride=8+rightStride=4+padding=zero+alignment=8+block=7x31x31+panel=31+diagonal=0+rhs=0+batch=1+variant=current-tile-v1+timing=packing-only,jvm-simd/simd(4 lanes)/simd-sparse/packed-8x4,5,2,1,2,865081,200135505,231.3488621296734,ns,ok,unsupported,packing-only,a038f25ac66821574b30392dc1d3b189cc287e2c,true,kotlin-2.4.10/jvm/Eclipse Adoptium/25.0.1/JMH 1.37/forks=1,1,3,200000000,pack-left-v1+7x31+uniform,physical=8x4+leftLayout=depth-rows-v1+rightLayout=depth-columns-v1+leftGroup=8+rightGroup=4+leftStride=8+rightStride=4+padding=zero+alignment=8+block=7x31x31+panel=31+diagonal=0+rhs=0+batch=1+variant=current-tile-v1,panelDoubles=248,jvm-simd/portable-layout-v1/8x4,jmh-average-time-v1,200000000,1,1,score-times-operations
4,pack-left+7x31+uniform+physical=8x4+work=pack-left-v1+leftLayout=depth-rows-v1+rightLayout=depth-columns-v1+leftGroup=8+rightGroup=4+leftStride=8+rightStride=4+padding=zero+alignment=8+block=7x31x31+panel=31+diagonal=0+rhs=0+batch=1+variant=current-tile-v1+timing=packing-only,jvm-simd/simd(4 lanes)/simd-sparse/packed-8x4,5,2,1,3,912736,200125859,219.25930279949515,ns,ok,unsupported,packing-only,a038f25ac66821574b30392dc1d3b189cc287e2c,true,kotlin-2.4.10/jvm/Eclipse Adoptium/25.0.1/JMH 1.37/forks=1,1,3,200000000,pack-left-v1+7x31+uniform,physical=8x4+leftLayout=depth-rows-v1+rightLayout=depth-columns-v1+leftGroup=8+rightGroup=4+leftStride=8+rightStride=4+padding=zero+alignment=8+block=7x31x31+panel=31+diagonal=0+rhs=0+batch=1+variant=current-tile-v1,panelDoubles=248,jvm-simd/portable-layout-v1/8x4,jmh-average-time-v1,200000000,1,1,score-times-operations
4,pack-left+7x31+uniform+physical=8x4+work=pack-left-v1+leftLayout=depth-rows-v1+rightLayout=depth-columns-v1+leftGroup=8+rightGroup=4+leftStride=8+rightStride=4+padding=zero+alignment=8+block=7x31x31+panel=31+diagonal=0+rhs=0+batch=1+variant=current-tile-v1+timing=packing-only,jvm-simd/simd(4 lanes)/simd-sparse/packed-8x4,5,2,1,4,962175,200160445,208.02914750435212,ns,ok,unsupported,packing-only,a038f25ac66821574b30392dc1d3b189cc287e2c,true,kotlin-2.4.10/jvm/Eclipse Adoptium/25.0.1/JMH 1.37/forks=1,1,3,200000000,pack-left-v1+7x31+uniform,physical=8x4+leftLayout=depth-rows-v1+rightLayout=depth-columns-v1+leftGroup=8+rightGroup=4+leftStride=8+rightStride=4+padding=zero+alignment=8+block=7x31x31+panel=31+diagonal=0+rhs=0+batch=1+variant=current-tile-v1,panelDoubles=248,jvm-simd/portable-layout-v1/8x4,jmh-average-time-v1,200000000,1,1,score-times-operations
4,pack-left+7x31+uniform+physical=8x4+work=pack-left-v1+leftLayout=depth-rows-v1+rightLayout=depth-columns-v1+leftGroup=8+rightGroup=4+leftStride=8+rightStride=4+padding=zero+alignment=8+block=7x31x31+panel=31+diagonal=0+rhs=0+batch=1+variant=current-tile-v1+timing=packing-only,jvm-simd/simd(4 lanes)/simd-sparse/packed-8x4,5,2,1,5,928462,200154789,215.57671611762248,ns,ok,unsupported,packing-only,a038f25ac66821574b30392dc1d3b189cc287e2c,true,kotlin-2.4.10/jvm/Eclipse Adoptium/25.0.1/JMH 1.37/forks=1,1,3,200000000,pack-left-v1+7x31+uniform,physical=8x4+leftLayout=depth-rows-v1+rightLayout=depth-columns-v1+leftGroup=8+rightGroup=4+leftStride=8+rightStride=4+padding=zero+alignment=8+block=7x31x31+panel=31+diagonal=0+rhs=0+batch=1+variant=current-tile-v1,panelDoubles=248,jvm-simd/portable-layout-v1/8x4,jmh-average-time-v1,200000000,1,1,score-times-operations
4,pack-left+8x32+uniform+physical=8x4+work=pack-left-v1+leftLayout=depth-rows-v1+rightLayout=depth-columns-v1+leftGroup=8+rightGroup=4+leftStride=8+rightStride=4+padding=zero+alignment=8+block=8x32x32+panel=32+diagonal=0+rhs=0+batch=1+variant=current-tile-v1+timing=packing-only,jvm-simd/simd(4 lanes)/simd-sparse/packed-8x4,5,2,1,1,999944,200149357,200.16056599169553,ns,ok,unsupported,packing-only,a038f25ac66821574b30392dc1d3b189cc287e2c,true,kotlin-2.4.10/jvm/Eclipse Adoptium/25.0.1/JMH 1.37/forks=1,1,3,200000000,pack-left-v1+8x32+uniform,physical=8x4+leftLayout=depth-rows-v1+rightLayout=depth-columns-v1+leftGroup=8+rightGroup=4+leftStride=8+rightStride=4+padding=zero+alignment=8+block=8x32x32+panel=32+diagonal=0+rhs=0+batch=1+variant=current-tile-v1,panelDoubles=256,jvm-simd/portable-layout-v1/8x4,jmh-average-time-v1,200000000,1,1,score-times-operations
4,pack-left+8x32+uniform+physical=8x4+work=pack-left-v1+leftLayout=depth-rows-v1+rightLayout=depth-columns-v1+leftGroup=8+rightGroup=4+leftStride=8+rightStride=4+padding=zero+alignment=8+block=8x32x32+panel=32+diagonal=0+rhs=0+batch=1+variant=current-tile-v1+timing=packing-only,jvm-simd/simd(4 lanes)/simd-sparse/packed-8x4,5,2,1,2,1000291,200181424,200.1231881522477,ns,ok,unsupported,packing-only,a038f25ac66821574b30392dc1d3b189cc287e2c,true,kotlin-2.4.10/jvm/Eclipse Adoptium/25.0.1/JMH 1.37/forks=1,1,3,200000000,pack-left-v1+8x32+uniform,physical=8x4+leftLayout=depth-rows-v1+rightLayout=depth-columns-v1+leftGroup=8+rightGroup=4+leftStride=8+rightStride=4+padding=zero+alignment=8+block=8x32x32+panel=32+diagonal=0+rhs=0+batch=1+variant=current-tile-v1,panelDoubles=256,jvm-simd/portable-layout-v1/8x4,jmh-average-time-v1,200000000,1,1,score-times-operations
4,pack-left+8x32+uniform+physical=8x4+work=pack-left-v1+leftLayout=depth-rows-v1+rightLayout=depth-columns-v1+leftGroup=8+rightGroup=4+leftStride=8+rightStride=4+padding=zero+alignment=8+block=8x32x32+panel=32+diagonal=0+rhs=0+batch=1+variant=current-tile-v1+timing=packing-only,jvm-simd/simd(4 lanes)/simd-sparse/packed-8x4,5,2,1,3,1005048,200184243,199.1787884757743,ns,ok,unsupported,packing-only,a038f25ac66821574b30392dc1d3b189cc287e2c,true,kotlin-2.4.10/jvm/Eclipse Adoptium/25.0.1/JMH 1.37/forks=1,1,3,200000000,pack-left-v1+8x32+uniform,physical=8x4+leftLayout=depth-rows-v1+rightLayout=depth-columns-v1+leftGroup=8+rightGroup=4+leftStride=8+rightStride=4+padding=zero+alignment=8+block=8x32x32+panel=32+diagonal=0+rhs=0+batch=1+variant=current-tile-v1,panelDoubles=256,jvm-simd/portable-layout-v1/8x4,jmh-average-time-v1,200000000,1,1,score-times-operations
4,pack-left+8x32+uniform+physical=8x4+work=pack-left-v1+leftLayout=depth-rows-v1+rightLayout=depth-columns-v1+leftGroup=8+rightGroup=4+leftStride=8+rightStride=4+padding=zero+alignment=8+block=8x32x32+panel=32+diagonal=0+rhs=0+batch=1+variant=current-tile-v1+timing=packing-only,jvm-simd/simd(4 lanes)/simd-sparse/packed-8x4,5,2,1,4,995177,200198136,201.16837105359147,ns,ok,unsupported,packing-only,a038f25ac66821574b30392dc1d3b189cc287e2c,true,kotlin-2.4.10/jvm/Eclipse Adoptium/25.0.1/JMH 1.37/forks=1,1,3,200000000,pack-left-v1+8x32+uniform,physical=8x4+leftLayout=depth-rows-v1+rightLayout=depth-columns-v1+leftGroup=8+rightGroup=4+leftStride=8+rightStride=4+padding=zero+alignment=8+block=8x32x32+panel=32+diagonal=0+rhs=0+batch=1+variant=current-tile-v1,panelDoubles=256,jvm-simd/portable-layout-v1/8x4,jmh-average-time-v1,200000000,1,1,score-times-operations
4,pack-left+8x32+uniform+physical=8x4+work=pack-left-v1+leftLayout=depth-rows-v1+rightLayout=depth-columns-v1+leftGroup=8+rightGroup=4+leftStride=8+rightStride=4+padding=zero+alignment=8+block=8x32x32+panel=32+diagonal=0+rhs=0+batch=1+variant=current-tile-v1+timing=packing-only,jvm-simd/simd(4 lanes)/simd-sparse/packed-8x4,5,2,1,5,1004729,200181946,199.2397412635646,ns,ok,unsupported,packing-only,a038f25ac66821574b30392dc1d3b189cc287e2c,true,kotlin-2.4.10/jvm/Eclipse Adoptium/25.0.1/JMH 1.37/forks=1,1,3,200000000,pack-left-v1+8x32+uniform,physical=8x4+leftLayout=depth-rows-v1+rightLayout=depth-columns-v1+leftGroup=8+rightGroup=4+leftStride=8+rightStride=4+padding=zero+alignment=8+block=8x32x32+panel=32+diagonal=0+rhs=0+batch=1+variant=current-tile-v1,panelDoubles=256,jvm-simd/portable-layout-v1/8x4,jmh-average-time-v1,200000000,1,1,score-times-operations
4,pack-right+31x2+uniform+physical=8x4+work=pack-right-v1+leftLayout=depth-rows-v1+rightLayout=depth-columns-v1+leftGroup=8+rightGroup=4+leftStride=8+rightStride=4+padding=zero+alignment=8+block=31x2x31+panel=31+diagonal=0+rhs=0+batch=1+variant=current-tile-v1+timing=packing-only,jvm-simd/simd(4 lanes)/simd-sparse/packed-8x4,5,2,1,1,1303497,200089960,153.50243230325808,ns,ok,unsupported,packing-only,a038f25ac66821574b30392dc1d3b189cc287e2c,true,kotlin-2.4.10/jvm/Eclipse Adoptium/25.0.1/JMH 1.37/forks=1,1,3,200000000,pack-right-v1+31x2+uniform,physical=8x4+leftLayout=depth-rows-v1+rightLayout=depth-columns-v1+leftGroup=8+rightGroup=4+leftStride=8+rightStride=4+padding=zero+alignment=8+block=31x2x31+panel=31+diagonal=0+rhs=0+batch=1+variant=current-tile-v1,panelDoubles=124,jvm-simd/portable-layout-v1/8x4,jmh-average-time-v1,200000000,1,1,score-times-operations
4,pack-right+31x2+uniform+physical=8x4+work=pack-right-v1+leftLayout=depth-rows-v1+rightLayout=depth-columns-v1+leftGroup=8+rightGroup=4+leftStride=8+rightStride=4+padding=zero+alignment=8+block=31x2x31+panel=31+diagonal=0+rhs=0+batch=1+variant=current-tile-v1+timing=packing-only,jvm-simd/simd(4 lanes)/simd-sparse/packed-8x4,5,2,1,2,1320785,200083943,151.48865485298515,ns,ok,unsupported,packing-only,a038f25ac66821574b30392dc1d3b189cc287e2c,true,kotlin-2.4.10/jvm/Eclipse Adoptium/25.0.1/JMH 1.37/forks=1,1,3,200000000,pack-right-v1+31x2+uniform,physical=8x4+leftLayout=depth-rows-v1+rightLayout=depth-columns-v1+leftGroup=8+rightGroup=4+leftStride=8+rightStride=4+padding=zero+alignment=8+block=31x2x31+panel=31+diagonal=0+rhs=0+batch=1+variant=current-tile-v1,panelDoubles=124,jvm-simd/portable-layout-v1/8x4,jmh-average-time-v1,200000000,1,1,score-times-operations
4,pack-right+31x2+uniform+physical=8x4+work=pack-right-v1+leftLayout=depth-rows-v1+rightLayout=depth-columns-v1+leftGroup=8+rightGroup=4+leftStride=8+rightStride=4+padding=zero+alignment=8+block=31x2x31+panel=31+diagonal=0+rhs=0+batch=1+variant=current-tile-v1+timing=packing-only,jvm-simd/simd(4 lanes)/simd-sparse/packed-8x4,5,2,1,3,1315748,200089918,152.0731310250899,ns,ok,unsupported,packing-only,a038f25ac66821574b30392dc1d3b189cc287e2c,true,kotlin-2.4.10/jvm/Eclipse Adoptium/25.0.1/JMH 1.37/forks=1,1,3,200000000,pack-right-v1+31x2+uniform,physical=8x4+leftLayout=depth-rows-v1+rightLayout=depth-columns-v1+leftGroup=8+rightGroup=4+leftStride=8+rightStride=4+padding=zero+alignment=8+block=31x2x31+panel=31+diagonal=0+rhs=0+batch=1+variant=current-tile-v1,panelDoubles=124,jvm-simd/portable-layout-v1/8x4,jmh-average-time-v1,200000000,1,1,score-times-operations
4,pack-right+31x2+uniform+physical=8x4+work=pack-right-v1+leftLayout=depth-rows-v1+rightLayout=depth-columns-v1+leftGroup=8+rightGroup=4+leftStride=8+rightStride=4+padding=zero+alignment=8+block=31x2x31+panel=31+diagonal=0+rhs=0+batch=1+variant=current-tile-v1+timing=packing-only,jvm-simd/simd(4 lanes)/simd-sparse/packed-8x4,5,2,1,4,1310370,200089493,152.69694284820318,ns,ok,unsupported,packing-only,a038f25ac66821574b30392dc1d3b189cc287e2c,true,kotlin-2.4.10/jvm/Eclipse Adoptium/25.0.1/JMH 1.37/forks=1,1,3,200000000,pack-right-v1+31x2+uniform,physical=8x4+leftLayout=depth-rows-v1+rightLayout=depth-columns-v1+leftGroup=8+rightGroup=4+leftStride=8+rightStride=4+padding=zero+alignment=8+block=31x2x31+panel=31+diagonal=0+rhs=0+batch=1+variant=current-tile-v1,panelDoubles=124,jvm-simd/portable-layout-v1/8x4,jmh-average-time-v1,200000000,1,1,score-times-operations
4,pack-right+31x2+uniform+physical=8x4+work=pack-right-v1+leftLayout=depth-rows-v1+rightLayout=depth-columns-v1+leftGroup=8+rightGroup=4+leftStride=8+rightStride=4+padding=zero+alignment=8+block=31x2x31+panel=31+diagonal=0+rhs=0+batch=1+variant=current-tile-v1+timing=packing-only,jvm-simd/simd(4 lanes)/simd-sparse/packed-8x4,5,2,1,5,1316858,200096112,151.94964984835116,ns,ok,unsupported,packing-only,a038f25ac66821574b30392dc1d3b189cc287e2c,true,kotlin-2.4.10/jvm/Eclipse Adoptium/25.0.1/JMH 1.37/forks=1,1,3,200000000,pack-right-v1+31x2+uniform,physical=8x4+leftLayout=depth-rows-v1+rightLayout=depth-columns-v1+leftGroup=8+rightGroup=4+leftStride=8+rightStride=4+padding=zero+alignment=8+block=31x2x31+panel=31+diagonal=0+rhs=0+batch=1+variant=current-tile-v1,panelDoubles=124,jvm-simd/portable-layout-v1/8x4,jmh-average-time-v1,200000000,1,1,score-times-operations
4,pack-right+32x4+uniform+physical=8x4+work=pack-right-v1+leftLayout=depth-rows-v1+rightLayout=depth-columns-v1+leftGroup=8+rightGroup=4+leftStride=8+rightStride=4+padding=zero+alignment=8+block=32x4x32+panel=32+diagonal=0+rhs=0+batch=1+variant=current-tile-v1+timing=packing-only,jvm-simd/simd(4 lanes)/simd-sparse/packed-8x4,5,2,1,1,1205695,200281415,166.1128353356363,ns,ok,unsupported,packing-only,a038f25ac66821574b30392dc1d3b189cc287e2c,true,kotlin-2.4.10/jvm/Eclipse Adoptium/25.0.1/JMH 1.37/forks=1,1,3,200000000,pack-right-v1+32x4+uniform,physical=8x4+leftLayout=depth-rows-v1+rightLayout=depth-columns-v1+leftGroup=8+rightGroup=4+leftStride=8+rightStride=4+padding=zero+alignment=8+block=32x4x32+panel=32+diagonal=0+rhs=0+batch=1+variant=current-tile-v1,panelDoubles=128,jvm-simd/portable-layout-v1/8x4,jmh-average-time-v1,200000000,1,1,score-times-operations
4,pack-right+32x4+uniform+physical=8x4+work=pack-right-v1+leftLayout=depth-rows-v1+rightLayout=depth-columns-v1+leftGroup=8+rightGroup=4+leftStride=8+rightStride=4+padding=zero+alignment=8+block=32x4x32+panel=32+diagonal=0+rhs=0+batch=1+variant=current-tile-v1+timing=packing-only,jvm-simd/simd(4 lanes)/simd-sparse/packed-8x4,5,2,1,2,1262448,200257344,158.62621193110527,ns,ok,unsupported,packing-only,a038f25ac66821574b30392dc1d3b189cc287e2c,true,kotlin-2.4.10/jvm/Eclipse Adoptium/25.0.1/JMH 1.37/forks=1,1,3,200000000,pack-right-v1+32x4+uniform,physical=8x4+leftLayout=depth-rows-v1+rightLayout=depth-columns-v1+leftGroup=8+rightGroup=4+leftStride=8+rightStride=4+padding=zero+alignment=8+block=32x4x32+panel=32+diagonal=0+rhs=0+batch=1+variant=current-tile-v1,panelDoubles=128,jvm-simd/portable-layout-v1/8x4,jmh-average-time-v1,200000000,1,1,score-times-operations
4,pack-right+32x4+uniform+physical=8x4+work=pack-right-v1+leftLayout=depth-rows-v1+rightLayout=depth-columns-v1+leftGroup=8+rightGroup=4+leftStride=8+rightStride=4+padding=zero+alignment=8+block=32x4x32+panel=32+diagonal=0+rhs=0+batch=1+variant=current-tile-v1+timing=packing-only,jvm-simd/simd(4 lanes)/simd-sparse/packed-8x4,5,2,1,3,1268381,200241833,157.87199035621,ns,ok,unsupported,packing-only,a038f25ac66821574b30392dc1d3b189cc287e2c,true,kotlin-2.4.10/jvm/Eclipse Adoptium/25.0.1/JMH 1.37/forks=1,1,3,200000000,pack-right-v1+32x4+uniform,physical=8x4+leftLayout=depth-rows-v1+rightLayout=depth-columns-v1+leftGroup=8+rightGroup=4+leftStride=8+rightStride=4+padding=zero+alignment=8+block=32x4x32+panel=32+diagonal=0+rhs=0+batch=1+variant=current-tile-v1,panelDoubles=128,jvm-simd/portable-layout-v1/8x4,jmh-average-time-v1,200000000,1,1,score-times-operations
4,pack-right+32x4+uniform+physical=8x4+work=pack-right-v1+leftLayout=depth-rows-v1+rightLayout=depth-columns-v1+leftGroup=8+rightGroup=4+leftStride=8+rightStride=4+padding=zero+alignment=8+block=32x4x32+panel=32+diagonal=0+rhs=0+batch=1+variant=current-tile-v1+timing=packing-only,jvm-simd/simd(4 lanes)/simd-sparse/packed-8x4,5,2,1,4,1303147,200165312,153.60148317879717,ns,ok,unsupported,packing-only,a038f25ac66821574b30392dc1d3b189cc287e2c,true,kotlin-2.4.10/jvm/Eclipse Adoptium/25.0.1/JMH 1.37/forks=1,1,3,200000000,pack-right-v1+32x4+uniform,physical=8x4+leftLayout=depth-rows-v1+rightLayout=depth-columns-v1+leftGroup=8+rightGroup=4+leftStride=8+rightStride=4+padding=zero+alignment=8+block=32x4x32+panel=32+diagonal=0+rhs=0+batch=1+variant=current-tile-v1,panelDoubles=128,jvm-simd/portable-layout-v1/8x4,jmh-average-time-v1,200000000,1,1,score-times-operations
4,pack-right+32x4+uniform+physical=8x4+work=pack-right-v1+leftLayout=depth-rows-v1+rightLayout=depth-columns-v1+leftGroup=8+rightGroup=4+leftStride=8+rightStride=4+padding=zero+alignment=8+block=32x4x32+panel=32+diagonal=0+rhs=0+batch=1+variant=current-tile-v1+timing=packing-only,jvm-simd/simd(4 lanes)/simd-sparse/packed-8x4,5,2,1,5,1253379,200278598,159.7909315538237,ns,ok,unsupported,packing-only,a038f25ac66821574b30392dc1d3b189cc287e2c,true,kotlin-2.4.10/jvm/Eclipse Adoptium/25.0.1/JMH 1.37/forks=1,1,3,200000000,pack-right-v1+32x4+uniform,physical=8x4+leftLayout=depth-rows-v1+rightLayout=depth-columns-v1+leftGroup=8+rightGroup=4+leftStride=8+rightStride=4+padding=zero+alignment=8+block=32x4x32+panel=32+diagonal=0+rhs=0+batch=1+variant=current-tile-v1,panelDoubles=128,jvm-simd/portable-layout-v1/8x4,jmh-average-time-v1,200000000,1,1,score-times-operations
4,pack-symmetric-left+8x8+uniform+physical=8x4+uplo=L+work=pack-symmetric-left-v1+leftLayout=depth-rows-v1+rightLayout=depth-columns-v1+leftGroup=8+rightGroup=4+leftStride=8+rightStride=4+padding=zero+alignment=8+block=8x8x8+panel=8+diagonal=0+rhs=0+batch=1+variant=current-tile-v1+timing=packing-only,jvm-simd/simd(4 lanes)/simd-sparse/packed-8x4,5,2,1,1,2252571,200207159,88.87940002779047,ns,ok,unsupported,packing-only,a038f25ac66821574b30392dc1d3b189cc287e2c,true,kotlin-2.4.10/jvm/Eclipse Adoptium/25.0.1/JMH 1.37/forks=1,1,3,200000000,pack-symmetric-left-v1+8x8+uniform+uplo=L,physical=8x4+leftLayout=depth-rows-v1+rightLayout=depth-columns-v1+leftGroup=8+rightGroup=4+leftStride=8+rightStride=4+padding=zero+alignment=8+block=8x8x8+panel=8+diagonal=0+rhs=0+batch=1+variant=current-tile-v1,panelDoubles=64,jvm-simd/portable-layout-v1/8x4,jmh-average-time-v1,200000000,1,1,score-times-operations
4,pack-symmetric-left+8x8+uniform+physical=8x4+uplo=L+work=pack-symmetric-left-v1+leftLayout=depth-rows-v1+rightLayout=depth-columns-v1+leftGroup=8+rightGroup=4+leftStride=8+rightStride=4+padding=zero+alignment=8+block=8x8x8+panel=8+diagonal=0+rhs=0+batch=1+variant=current-tile-v1+timing=packing-only,jvm-simd/simd(4 lanes)/simd-sparse/packed-8x4,5,2,1,2,2359090,200243514,84.88167640912386,ns,ok,unsupported,packing-only,a038f25ac66821574b30392dc1d3b189cc287e2c,true,kotlin-2.4.10/jvm/Eclipse Adoptium/25.0.1/JMH 1.37/forks=1,1,3,200000000,pack-symmetric-left-v1+8x8+uniform+uplo=L,physical=8x4+leftLayout=depth-rows-v1+rightLayout=depth-columns-v1+leftGroup=8+rightGroup=4+leftStride=8+rightStride=4+padding=zero+alignment=8+block=8x8x8+panel=8+diagonal=0+rhs=0+batch=1+variant=current-tile-v1,panelDoubles=64,jvm-simd/portable-layout-v1/8x4,jmh-average-time-v1,200000000,1,1,score-times-operations
4,pack-symmetric-left+8x8+uniform+physical=8x4+uplo=L+work=pack-symmetric-left-v1+leftLayout=depth-rows-v1+rightLayout=depth-columns-v1+leftGroup=8+rightGroup=4+leftStride=8+rightStride=4+padding=zero+alignment=8+block=8x8x8+panel=8+diagonal=0+rhs=0+batch=1+variant=current-tile-v1+timing=packing-only,jvm-simd/simd(4 lanes)/simd-sparse/packed-8x4,5,2,1,3,2452053,200254151,81.6679537514075,ns,ok,unsupported,packing-only,a038f25ac66821574b30392dc1d3b189cc287e2c,true,kotlin-2.4.10/jvm/Eclipse Adoptium/25.0.1/JMH 1.37/forks=1,1,3,200000000,pack-symmetric-left-v1+8x8+uniform+uplo=L,physical=8x4+leftLayout=depth-rows-v1+rightLayout=depth-columns-v1+leftGroup=8+rightGroup=4+leftStride=8+rightStride=4+padding=zero+alignment=8+block=8x8x8+panel=8+diagonal=0+rhs=0+batch=1+variant=current-tile-v1,panelDoubles=64,jvm-simd/portable-layout-v1/8x4,jmh-average-time-v1,200000000,1,1,score-times-operations
4,pack-symmetric-left+8x8+uniform+physical=8x4+uplo=L+work=pack-symmetric-left-v1+leftLayout=depth-rows-v1+rightLayout=depth-columns-v1+leftGroup=8+rightGroup=4+leftStride=8+rightStride=4+padding=zero+alignment=8+block=8x8x8+panel=8+diagonal=0+rhs=0+batch=1+variant=current-tile-v1+timing=packing-only,jvm-simd/simd(4 lanes)/simd-sparse/packed-8x4,5,2,1,4,2425533,200185328,82.53251058633299,ns,ok,unsupported,packing-only,a038f25ac66821574b30392dc1d3b189cc287e2c,true,kotlin-2.4.10/jvm/Eclipse Adoptium/25.0.1/JMH 1.37/forks=1,1,3,200000000,pack-symmetric-left-v1+8x8+uniform+uplo=L,physical=8x4+leftLayout=depth-rows-v1+rightLayout=depth-columns-v1+leftGroup=8+rightGroup=4+leftStride=8+rightStride=4+padding=zero+alignment=8+block=8x8x8+panel=8+diagonal=0+rhs=0+batch=1+variant=current-tile-v1,panelDoubles=64,jvm-simd/portable-layout-v1/8x4,jmh-average-time-v1,200000000,1,1,score-times-operations
4,pack-symmetric-left+8x8+uniform+physical=8x4+uplo=L+work=pack-symmetric-left-v1+leftLayout=depth-rows-v1+rightLayout=depth-columns-v1+leftGroup=8+rightGroup=4+leftStride=8+rightStride=4+padding=zero+alignment=8+block=8x8x8+panel=8+diagonal=0+rhs=0+batch=1+variant=current-tile-v1+timing=packing-only,jvm-simd/simd(4 lanes)/simd-sparse/packed-8x4,5,2,1,5,2469380,200178916,81.06444370651742,ns,ok,unsupported,packing-only,a038f25ac66821574b30392dc1d3b189cc287e2c,true,kotlin-2.4.10/jvm/Eclipse Adoptium/25.0.1/JMH 1.37/forks=1,1,3,200000000,pack-symmetric-left-v1+8x8+uniform+uplo=L,physical=8x4+leftLayout=depth-rows-v1+rightLayout=depth-columns-v1+leftGroup=8+rightGroup=4+leftStride=8+rightStride=4+padding=zero+alignment=8+block=8x8x8+panel=8+diagonal=0+rhs=0+batch=1+variant=current-tile-v1,panelDoubles=64,jvm-simd/portable-layout-v1/8x4,jmh-average-time-v1,200000000,1,1,score-times-operations
4,pack-symmetric-right+4x4+uniform+physical=8x4+uplo=U+work=pack-symmetric-right-v1+leftLayout=depth-rows-v1+rightLayout=depth-columns-v1+leftGroup=8+rightGroup=4+leftStride=8+rightStride=4+padding=zero+alignment=8+block=4x4x4+panel=4+diagonal=0+rhs=0+batch=1+variant=current-tile-v1+timing=packing-only,jvm-simd/simd(4 lanes)/simd-sparse/packed-8x4,5,2,1,1,6121280,200187076,32.70346659522191,ns,ok,unsupported,packing-only,a038f25ac66821574b30392dc1d3b189cc287e2c,true,kotlin-2.4.10/jvm/Eclipse Adoptium/25.0.1/JMH 1.37/forks=1,1,3,200000000,pack-symmetric-right-v1+4x4+uniform+uplo=U,physical=8x4+leftLayout=depth-rows-v1+rightLayout=depth-columns-v1+leftGroup=8+rightGroup=4+leftStride=8+rightStride=4+padding=zero+alignment=8+block=4x4x4+panel=4+diagonal=0+rhs=0+batch=1+variant=current-tile-v1,panelDoubles=16,jvm-simd/portable-layout-v1/8x4,jmh-average-time-v1,200000000,1,1,score-times-operations
4,pack-symmetric-right+4x4+uniform+physical=8x4+uplo=U+work=pack-symmetric-right-v1+leftLayout=depth-rows-v1+rightLayout=depth-columns-v1+leftGroup=8+rightGroup=4+leftStride=8+rightStride=4+padding=zero+alignment=8+block=4x4x4+panel=4+diagonal=0+rhs=0+batch=1+variant=current-tile-v1+timing=packing-only,jvm-simd/simd(4 lanes)/simd-sparse/packed-8x4,5,2,1,2,6057871,200151698,33.039940599593486,ns,ok,unsupported,packing-only,a038f25ac66821574b30392dc1d3b189cc287e2c,true,kotlin-2.4.10/jvm/Eclipse Adoptium/25.0.1/JMH 1.37/forks=1,1,3,200000000,pack-symmetric-right-v1+4x4+uniform+uplo=U,physical=8x4+leftLayout=depth-rows-v1+rightLayout=depth-columns-v1+leftGroup=8+rightGroup=4+leftStride=8+rightStride=4+padding=zero+alignment=8+block=4x4x4+panel=4+diagonal=0+rhs=0+batch=1+variant=current-tile-v1,panelDoubles=16,jvm-simd/portable-layout-v1/8x4,jmh-average-time-v1,200000000,1,1,score-times-operations
4,pack-symmetric-right+4x4+uniform+physical=8x4+uplo=U+work=pack-symmetric-right-v1+leftLayout=depth-rows-v1+rightLayout=depth-columns-v1+leftGroup=8+rightGroup=4+leftStride=8+rightStride=4+padding=zero+alignment=8+block=4x4x4+panel=4+diagonal=0+rhs=0+batch=1+variant=current-tile-v1+timing=packing-only,jvm-simd/simd(4 lanes)/simd-sparse/packed-8x4,5,2,1,3,6117293,200285445,32.74086184853333,ns,ok,unsupported,packing-only,a038f25ac66821574b30392dc1d3b189cc287e2c,true,kotlin-2.4.10/jvm/Eclipse Adoptium/25.0.1/JMH 1.37/forks=1,1,3,200000000,pack-symmetric-right-v1+4x4+uniform+uplo=U,physical=8x4+leftLayout=depth-rows-v1+rightLayout=depth-columns-v1+leftGroup=8+rightGroup=4+leftStride=8+rightStride=4+padding=zero+alignment=8+block=4x4x4+panel=4+diagonal=0+rhs=0+batch=1+variant=current-tile-v1,panelDoubles=16,jvm-simd/portable-layout-v1/8x4,jmh-average-time-v1,200000000,1,1,score-times-operations
4,pack-symmetric-right+4x4+uniform+physical=8x4+uplo=U+work=pack-symmetric-right-v1+leftLayout=depth-rows-v1+rightLayout=depth-columns-v1+leftGroup=8+rightGroup=4+leftStride=8+rightStride=4+padding=zero+alignment=8+block=4x4x4+panel=4+diagonal=0+rhs=0+batch=1+variant=current-tile-v1+timing=packing-only,jvm-simd/simd(4 lanes)/simd-sparse/packed-8x4,5,2,1,4,6128781,200204807,32.66633397408065,ns,ok,unsupported,packing-only,a038f25ac66821574b30392dc1d3b189cc287e2c,true,kotlin-2.4.10/jvm/Eclipse Adoptium/25.0.1/JMH 1.37/forks=1,1,3,200000000,pack-symmetric-right-v1+4x4+uniform+uplo=U,physical=8x4+leftLayout=depth-rows-v1+rightLayout=depth-columns-v1+leftGroup=8+rightGroup=4+leftStride=8+rightStride=4+padding=zero+alignment=8+block=4x4x4+panel=4+diagonal=0+rhs=0+batch=1+variant=current-tile-v1,panelDoubles=16,jvm-simd/portable-layout-v1/8x4,jmh-average-time-v1,200000000,1,1,score-times-operations
4,pack-symmetric-right+4x4+uniform+physical=8x4+uplo=U+work=pack-symmetric-right-v1+leftLayout=depth-rows-v1+rightLayout=depth-columns-v1+leftGroup=8+rightGroup=4+leftStride=8+rightStride=4+padding=zero+alignment=8+block=4x4x4+panel=4+diagonal=0+rhs=0+batch=1+variant=current-tile-v1+timing=packing-only,jvm-simd/simd(4 lanes)/simd-sparse/packed-8x4,5,2,1,5,6206098,200216112,32.26119084809811,ns,ok,unsupported,packing-only,a038f25ac66821574b30392dc1d3b189cc287e2c,true,kotlin-2.4.10/jvm/Eclipse Adoptium/25.0.1/JMH 1.37/forks=1,1,3,200000000,pack-symmetric-right-v1+4x4+uniform+uplo=U,physical=8x4+leftLayout=depth-rows-v1+rightLayout=depth-columns-v1+leftGroup=8+rightGroup=4+leftStride=8+rightStride=4+padding=zero+alignment=8+block=4x4x4+panel=4+diagonal=0+rhs=0+batch=1+variant=current-tile-v1,panelDoubles=16,jvm-simd/portable-layout-v1/8x4,jmh-average-time-v1,200000000,1,1,score-times-operations
4,pack-triangular-left+8x8+triangular+physical=8x4+uplo=L+diag=N+work=pack-triangular-left-v1+leftLayout=depth-rows-v1+rightLayout=depth-columns-v1+leftGroup=8+rightGroup=4+leftStride=8+rightStride=4+padding=zero+alignment=8+block=8x8x8+panel=8+diagonal=0+rhs=0+batch=1+variant=current-tile-v1+timing=packing-only,jvm-simd/simd(4 lanes)/simd-sparse/packed-8x4,5,2,1,1,3005937,200164464,66.58970696990656,ns,ok,unsupported,packing-only,a038f25ac66821574b30392dc1d3b189cc287e2c,true,kotlin-2.4.10/jvm/Eclipse Adoptium/25.0.1/JMH 1.37/forks=1,1,3,200000000,pack-triangular-left-v1+8x8+triangular+uplo=L+diag=N,physical=8x4+leftLayout=depth-rows-v1+rightLayout=depth-columns-v1+leftGroup=8+rightGroup=4+leftStride=8+rightStride=4+padding=zero+alignment=8+block=8x8x8+panel=8+diagonal=0+rhs=0+batch=1+variant=current-tile-v1,panelDoubles=64,jvm-simd/portable-layout-v1/8x4,jmh-average-time-v1,200000000,1,1,score-times-operations
4,pack-triangular-left+8x8+triangular+physical=8x4+uplo=L+diag=N+work=pack-triangular-left-v1+leftLayout=depth-rows-v1+rightLayout=depth-columns-v1+leftGroup=8+rightGroup=4+leftStride=8+rightStride=4+padding=zero+alignment=8+block=8x8x8+panel=8+diagonal=0+rhs=0+batch=1+variant=current-tile-v1+timing=packing-only,jvm-simd/simd(4 lanes)/simd-sparse/packed-8x4,5,2,1,2,2998674,200159775,66.7494282472853,ns,ok,unsupported,packing-only,a038f25ac66821574b30392dc1d3b189cc287e2c,true,kotlin-2.4.10/jvm/Eclipse Adoptium/25.0.1/JMH 1.37/forks=1,1,3,200000000,pack-triangular-left-v1+8x8+triangular+uplo=L+diag=N,physical=8x4+leftLayout=depth-rows-v1+rightLayout=depth-columns-v1+leftGroup=8+rightGroup=4+leftStride=8+rightStride=4+padding=zero+alignment=8+block=8x8x8+panel=8+diagonal=0+rhs=0+batch=1+variant=current-tile-v1,panelDoubles=64,jvm-simd/portable-layout-v1/8x4,jmh-average-time-v1,200000000,1,1,score-times-operations
4,pack-triangular-left+8x8+triangular+physical=8x4+uplo=L+diag=N+work=pack-triangular-left-v1+leftLayout=depth-rows-v1+rightLayout=depth-columns-v1+leftGroup=8+rightGroup=4+leftStride=8+rightStride=4+padding=zero+alignment=8+block=8x8x8+panel=8+diagonal=0+rhs=0+batch=1+variant=current-tile-v1+timing=packing-only,jvm-simd/simd(4 lanes)/simd-sparse/packed-8x4,5,2,1,3,2966369,200206162,67.49199509568768,ns,ok,unsupported,packing-only,a038f25ac66821574b30392dc1d3b189cc287e2c,true,kotlin-2.4.10/jvm/Eclipse Adoptium/25.0.1/JMH 1.37/forks=1,1,3,200000000,pack-triangular-left-v1+8x8+triangular+uplo=L+diag=N,physical=8x4+leftLayout=depth-rows-v1+rightLayout=depth-columns-v1+leftGroup=8+rightGroup=4+leftStride=8+rightStride=4+padding=zero+alignment=8+block=8x8x8+panel=8+diagonal=0+rhs=0+batch=1+variant=current-tile-v1,panelDoubles=64,jvm-simd/portable-layout-v1/8x4,jmh-average-time-v1,200000000,1,1,score-times-operations
4,pack-triangular-left+8x8+triangular+physical=8x4+uplo=L+diag=N+work=pack-triangular-left-v1+leftLayout=depth-rows-v1+rightLayout=depth-columns-v1+leftGroup=8+rightGroup=4+leftStride=8+rightStride=4+padding=zero+alignment=8+block=8x8x8+panel=8+diagonal=0+rhs=0+batch=1+variant=current-tile-v1+timing=packing-only,jvm-simd/simd(4 lanes)/simd-sparse/packed-8x4,5,2,1,4,2966957,200152324,67.4604734750116,ns,ok,unsupported,packing-only,a038f25ac66821574b30392dc1d3b189cc287e2c,true,kotlin-2.4.10/jvm/Eclipse Adoptium/25.0.1/JMH 1.37/forks=1,1,3,200000000,pack-triangular-left-v1+8x8+triangular+uplo=L+diag=N,physical=8x4+leftLayout=depth-rows-v1+rightLayout=depth-columns-v1+leftGroup=8+rightGroup=4+leftStride=8+rightStride=4+padding=zero+alignment=8+block=8x8x8+panel=8+diagonal=0+rhs=0+batch=1+variant=current-tile-v1,panelDoubles=64,jvm-simd/portable-layout-v1/8x4,jmh-average-time-v1,200000000,1,1,score-times-operations
4,pack-triangular-left+8x8+triangular+physical=8x4+uplo=L+diag=N+work=pack-triangular-left-v1+leftLayout=depth-rows-v1+rightLayout=depth-columns-v1+leftGroup=8+rightGroup=4+leftStride=8+rightStride=4+padding=zero+alignment=8+block=8x8x8+panel=8+diagonal=0+rhs=0+batch=1+variant=current-tile-v1+timing=packing-only,jvm-simd/simd(4 lanes)/simd-sparse/packed-8x4,5,2,1,5,2956642,200173390,67.70295152406007,ns,ok,unsupported,packing-only,a038f25ac66821574b30392dc1d3b189cc287e2c,true,kotlin-2.4.10/jvm/Eclipse Adoptium/25.0.1/JMH 1.37/forks=1,1,3,200000000,pack-triangular-left-v1+8x8+triangular+uplo=L+diag=N,physical=8x4+leftLayout=depth-rows-v1+rightLayout=depth-columns-v1+leftGroup=8+rightGroup=4+leftStride=8+rightStride=4+padding=zero+alignment=8+block=8x8x8+panel=8+diagonal=0+rhs=0+batch=1+variant=current-tile-v1,panelDoubles=64,jvm-simd/portable-layout-v1/8x4,jmh-average-time-v1,200000000,1,1,score-times-operations
4,pack-triangular-right+4x4+triangular+physical=8x4+uplo=U+diag=U+work=pack-triangular-right-v1+leftLayout=depth-rows-v1+rightLayout=depth-columns-v1+leftGroup=8+rightGroup=4+leftStride=8+rightStride=4+padding=zero+alignment=8+block=4x4x4+panel=4+diagonal=0+rhs=0+batch=1+variant=current-tile-v1+timing=packing-only,jvm-simd/simd(4 lanes)/simd-sparse/packed-8x4,5,2,1,1,6353052,200215538,31.514859000052258,ns,ok,unsupported,packing-only,a038f25ac66821574b30392dc1d3b189cc287e2c,true,kotlin-2.4.10/jvm/Eclipse Adoptium/25.0.1/JMH 1.37/forks=1,1,3,200000000,pack-triangular-right-v1+4x4+triangular+uplo=U+diag=U,physical=8x4+leftLayout=depth-rows-v1+rightLayout=depth-columns-v1+leftGroup=8+rightGroup=4+leftStride=8+rightStride=4+padding=zero+alignment=8+block=4x4x4+panel=4+diagonal=0+rhs=0+batch=1+variant=current-tile-v1,panelDoubles=16,jvm-simd/portable-layout-v1/8x4,jmh-average-time-v1,200000000,1,1,score-times-operations
4,pack-triangular-right+4x4+triangular+physical=8x4+uplo=U+diag=U+work=pack-triangular-right-v1+leftLayout=depth-rows-v1+rightLayout=depth-columns-v1+leftGroup=8+rightGroup=4+leftStride=8+rightStride=4+padding=zero+alignment=8+block=4x4x4+panel=4+diagonal=0+rhs=0+batch=1+variant=current-tile-v1+timing=packing-only,jvm-simd/simd(4 lanes)/simd-sparse/packed-8x4,5,2,1,2,6348581,200169803,31.52984942619461,ns,ok,unsupported,packing-only,a038f25ac66821574b30392dc1d3b189cc287e2c,true,kotlin-2.4.10/jvm/Eclipse Adoptium/25.0.1/JMH 1.37/forks=1,1,3,200000000,pack-triangular-right-v1+4x4+triangular+uplo=U+diag=U,physical=8x4+leftLayout=depth-rows-v1+rightLayout=depth-columns-v1+leftGroup=8+rightGroup=4+leftStride=8+rightStride=4+padding=zero+alignment=8+block=4x4x4+panel=4+diagonal=0+rhs=0+batch=1+variant=current-tile-v1,panelDoubles=16,jvm-simd/portable-layout-v1/8x4,jmh-average-time-v1,200000000,1,1,score-times-operations
4,pack-triangular-right+4x4+triangular+physical=8x4+uplo=U+diag=U+work=pack-triangular-right-v1+leftLayout=depth-rows-v1+rightLayout=depth-columns-v1+leftGroup=8+rightGroup=4+leftStride=8+rightStride=4+padding=zero+alignment=8+block=4x4x4+panel=4+diagonal=0+rhs=0+batch=1+variant=current-tile-v1+timing=packing-only,jvm-simd/simd(4 lanes)/simd-sparse/packed-8x4,5,2,1,3,7035239,200120222,28.44540491090637,ns,ok,unsupported,packing-only,a038f25ac66821574b30392dc1d3b189cc287e2c,true,kotlin-2.4.10/jvm/Eclipse Adoptium/25.0.1/JMH 1.37/forks=1,1,3,200000000,pack-triangular-right-v1+4x4+triangular+uplo=U+diag=U,physical=8x4+leftLayout=depth-rows-v1+rightLayout=depth-columns-v1+leftGroup=8+rightGroup=4+leftStride=8+rightStride=4+padding=zero+alignment=8+block=4x4x4+panel=4+diagonal=0+rhs=0+batch=1+variant=current-tile-v1,panelDoubles=16,jvm-simd/portable-layout-v1/8x4,jmh-average-time-v1,200000000,1,1,score-times-operations
4,pack-triangular-right+4x4+triangular+physical=8x4+uplo=U+diag=U+work=pack-triangular-right-v1+leftLayout=depth-rows-v1+rightLayout=depth-columns-v1+leftGroup=8+rightGroup=4+leftStride=8+rightStride=4+padding=zero+alignment=8+block=4x4x4+panel=4+diagonal=0+rhs=0+batch=1+variant=current-tile-v1+timing=packing-only,jvm-simd/simd(4 lanes)/simd-sparse/packed-8x4,5,2,1,4,6917692,200287391,28.952921147689143,ns,ok,unsupported,packing-only,a038f25ac66821574b30392dc1d3b189cc287e2c,true,kotlin-2.4.10/jvm/Eclipse Adoptium/25.0.1/JMH 1.37/forks=1,1,3,200000000,pack-triangular-right-v1+4x4+triangular+uplo=U+diag=U,physical=8x4+leftLayout=depth-rows-v1+rightLayout=depth-columns-v1+leftGroup=8+rightGroup=4+leftStride=8+rightStride=4+padding=zero+alignment=8+block=4x4x4+panel=4+diagonal=0+rhs=0+batch=1+variant=current-tile-v1,panelDoubles=16,jvm-simd/portable-layout-v1/8x4,jmh-average-time-v1,200000000,1,1,score-times-operations
4,pack-triangular-right+4x4+triangular+physical=8x4+uplo=U+diag=U+work=pack-triangular-right-v1+leftLayout=depth-rows-v1+rightLayout=depth-columns-v1+leftGroup=8+rightGroup=4+leftStride=8+rightStride=4+padding=zero+alignment=8+block=4x4x4+panel=4+diagonal=0+rhs=0+batch=1+variant=current-tile-v1+timing=packing-only,jvm-simd/simd(4 lanes)/simd-sparse/packed-8x4,5,2,1,5,6835620,200097593,29.27277891398293,ns,ok,unsupported,packing-only,a038f25ac66821574b30392dc1d3b189cc287e2c,true,kotlin-2.4.10/jvm/Eclipse Adoptium/25.0.1/JMH 1.37/forks=1,1,3,200000000,pack-triangular-right-v1+4x4+triangular+uplo=U+diag=U,physical=8x4+leftLayout=depth-rows-v1+rightLayout=depth-columns-v1+leftGroup=8+rightGroup=4+leftStride=8+rightStride=4+padding=zero+alignment=8+block=4x4x4+panel=4+diagonal=0+rhs=0+batch=1+variant=current-tile-v1,panelDoubles=16,jvm-simd/portable-layout-v1/8x4,jmh-average-time-v1,200000000,1,1,score-times-operations
4,write-left+7x31+uniform+physical=8x4+work=write-left-v1+leftLayout=depth-rows-v1+rightLayout=depth-columns-v1+leftGroup=8+rightGroup=4+leftStride=8+rightStride=4+padding=zero+alignment=8+block=7x31x31+panel=31+diagonal=0+rhs=0+batch=1+variant=current-tile-v1+timing=layout-only,jvm-simd/simd(4 lanes)/simd-sparse/packed-8x4,5,2,1,1,2249455,200158219,88.98076156224508,ns,ok,unsupported,layout-only,a038f25ac66821574b30392dc1d3b189cc287e2c,true,kotlin-2.4.10/jvm/Eclipse Adoptium/25.0.1/JMH 1.37/forks=1,1,3,200000000,write-left-v1+7x31+uniform,physical=8x4+leftLayout=depth-rows-v1+rightLayout=depth-columns-v1+leftGroup=8+rightGroup=4+leftStride=8+rightStride=4+padding=zero+alignment=8+block=7x31x31+panel=31+diagonal=0+rhs=0+batch=1+variant=current-tile-v1,panelDoubles=248,jvm-simd/portable-layout-v1/8x4,jmh-average-time-v1,200000000,1,1,score-times-operations
4,write-left+7x31+uniform+physical=8x4+work=write-left-v1+leftLayout=depth-rows-v1+rightLayout=depth-columns-v1+leftGroup=8+rightGroup=4+leftStride=8+rightStride=4+padding=zero+alignment=8+block=7x31x31+panel=31+diagonal=0+rhs=0+batch=1+variant=current-tile-v1+timing=layout-only,jvm-simd/simd(4 lanes)/simd-sparse/packed-8x4,5,2,1,2,2151215,200211752,93.06915022440806,ns,ok,unsupported,layout-only,a038f25ac66821574b30392dc1d3b189cc287e2c,true,kotlin-2.4.10/jvm/Eclipse Adoptium/25.0.1/JMH 1.37/forks=1,1,3,200000000,write-left-v1+7x31+uniform,physical=8x4+leftLayout=depth-rows-v1+rightLayout=depth-columns-v1+leftGroup=8+rightGroup=4+leftStride=8+rightStride=4+padding=zero+alignment=8+block=7x31x31+panel=31+diagonal=0+rhs=0+batch=1+variant=current-tile-v1,panelDoubles=248,jvm-simd/portable-layout-v1/8x4,jmh-average-time-v1,200000000,1,1,score-times-operations
4,write-left+7x31+uniform+physical=8x4+work=write-left-v1+leftLayout=depth-rows-v1+rightLayout=depth-columns-v1+leftGroup=8+rightGroup=4+leftStride=8+rightStride=4+padding=zero+alignment=8+block=7x31x31+panel=31+diagonal=0+rhs=0+batch=1+variant=current-tile-v1+timing=layout-only,jvm-simd/simd(4 lanes)/simd-sparse/packed-8x4,5,2,1,3,2110731,200152821,94.82630472570877,ns,ok,unsupported,layout-only,a038f25ac66821574b30392dc1d3b189cc287e2c,true,kotlin-2.4.10/jvm/Eclipse Adoptium/25.0.1/JMH 1.37/forks=1,1,3,200000000,write-left-v1+7x31+uniform,physical=8x4+leftLayout=depth-rows-v1+rightLayout=depth-columns-v1+leftGroup=8+rightGroup=4+leftStride=8+rightStride=4+padding=zero+alignment=8+block=7x31x31+panel=31+diagonal=0+rhs=0+batch=1+variant=current-tile-v1,panelDoubles=248,jvm-simd/portable-layout-v1/8x4,jmh-average-time-v1,200000000,1,1,score-times-operations
4,write-left+7x31+uniform+physical=8x4+work=write-left-v1+leftLayout=depth-rows-v1+rightLayout=depth-columns-v1+leftGroup=8+rightGroup=4+leftStride=8+rightStride=4+padding=zero+alignment=8+block=7x31x31+panel=31+diagonal=0+rhs=0+batch=1+variant=current-tile-v1+timing=layout-only,jvm-simd/simd(4 lanes)/simd-sparse/packed-8x4,5,2,1,4,2149731,200174052,93.1158605425516,ns,ok,unsupported,layout-only,a038f25ac66821574b30392dc1d3b189cc287e2c,true,kotlin-2.4.10/jvm/Eclipse Adoptium/25.0.1/JMH 1.37/forks=1,1,3,200000000,write-left-v1+7x31+uniform,physical=8x4+leftLayout=depth-rows-v1+rightLayout=depth-columns-v1+leftGroup=8+rightGroup=4+leftStride=8+rightStride=4+padding=zero+alignment=8+block=7x31x31+panel=31+diagonal=0+rhs=0+batch=1+variant=current-tile-v1,panelDoubles=248,jvm-simd/portable-layout-v1/8x4,jmh-average-time-v1,200000000,1,1,score-times-operations
4,write-left+7x31+uniform+physical=8x4+work=write-left-v1+leftLayout=depth-rows-v1+rightLayout=depth-columns-v1+leftGroup=8+rightGroup=4+leftStride=8+rightStride=4+padding=zero+alignment=8+block=7x31x31+panel=31+diagonal=0+rhs=0+batch=1+variant=current-tile-v1+timing=layout-only,jvm-simd/simd(4 lanes)/simd-sparse/packed-8x4,5,2,1,5,2349544,200227876,85.21988777396805,ns,ok,unsupported,layout-only,a038f25ac66821574b30392dc1d3b189cc287e2c,true,kotlin-2.4.10/jvm/Eclipse Adoptium/25.0.1/JMH 1.37/forks=1,1,3,200000000,write-left-v1+7x31+uniform,physical=8x4+leftLayout=depth-rows-v1+rightLayout=depth-columns-v1+leftGroup=8+rightGroup=4+leftStride=8+rightStride=4+padding=zero+alignment=8+block=7x31x31+panel=31+diagonal=0+rhs=0+batch=1+variant=current-tile-v1,panelDoubles=248,jvm-simd/portable-layout-v1/8x4,jmh-average-time-v1,200000000,1,1,score-times-operations
4,write-left+8x32+uniform+physical=8x4+work=write-left-v1+leftLayout=depth-rows-v1+rightLayout=depth-columns-v1+leftGroup=8+rightGroup=4+leftStride=8+rightStride=4+padding=zero+alignment=8+block=8x32x32+panel=32+diagonal=0+rhs=0+batch=1+variant=current-tile-v1+timing=layout-only,jvm-simd/simd(4 lanes)/simd-sparse/packed-8x4,5,2,1,1,1991872,200119230,100.4679166131157,ns,ok,unsupported,layout-only,a038f25ac66821574b30392dc1d3b189cc287e2c,true,kotlin-2.4.10/jvm/Eclipse Adoptium/25.0.1/JMH 1.37/forks=1,1,3,200000000,write-left-v1+8x32+uniform,physical=8x4+leftLayout=depth-rows-v1+rightLayout=depth-columns-v1+leftGroup=8+rightGroup=4+leftStride=8+rightStride=4+padding=zero+alignment=8+block=8x32x32+panel=32+diagonal=0+rhs=0+batch=1+variant=current-tile-v1,panelDoubles=256,jvm-simd/portable-layout-v1/8x4,jmh-average-time-v1,200000000,1,1,score-times-operations
4,write-left+8x32+uniform+physical=8x4+work=write-left-v1+leftLayout=depth-rows-v1+rightLayout=depth-columns-v1+leftGroup=8+rightGroup=4+leftStride=8+rightStride=4+padding=zero+alignment=8+block=8x32x32+panel=32+diagonal=0+rhs=0+batch=1+variant=current-tile-v1+timing=layout-only,jvm-simd/simd(4 lanes)/simd-sparse/packed-8x4,5,2,1,2,1996505,200223413,100.28695795903342,ns,ok,unsupported,layout-only,a038f25ac66821574b30392dc1d3b189cc287e2c,true,kotlin-2.4.10/jvm/Eclipse Adoptium/25.0.1/JMH 1.37/forks=1,1,3,200000000,write-left-v1+8x32+uniform,physical=8x4+leftLayout=depth-rows-v1+rightLayout=depth-columns-v1+leftGroup=8+rightGroup=4+leftStride=8+rightStride=4+padding=zero+alignment=8+block=8x32x32+panel=32+diagonal=0+rhs=0+batch=1+variant=current-tile-v1,panelDoubles=256,jvm-simd/portable-layout-v1/8x4,jmh-average-time-v1,200000000,1,1,score-times-operations
4,write-left+8x32+uniform+physical=8x4+work=write-left-v1+leftLayout=depth-rows-v1+rightLayout=depth-columns-v1+leftGroup=8+rightGroup=4+leftStride=8+rightStride=4+padding=zero+alignment=8+block=8x32x32+panel=32+diagonal=0+rhs=0+batch=1+variant=current-tile-v1+timing=layout-only,jvm-simd/simd(4 lanes)/simd-sparse/packed-8x4,5,2,1,3,1984779,200190961,100.86309911582096,ns,ok,unsupported,layout-only,a038f25ac66821574b30392dc1d3b189cc287e2c,true,kotlin-2.4.10/jvm/Eclipse Adoptium/25.0.1/JMH 1.37/forks=1,1,3,200000000,write-left-v1+8x32+uniform,physical=8x4+leftLayout=depth-rows-v1+rightLayout=depth-columns-v1+leftGroup=8+rightGroup=4+leftStride=8+rightStride=4+padding=zero+alignment=8+block=8x32x32+panel=32+diagonal=0+rhs=0+batch=1+variant=current-tile-v1,panelDoubles=256,jvm-simd/portable-layout-v1/8x4,jmh-average-time-v1,200000000,1,1,score-times-operations
4,write-left+8x32+uniform+physical=8x4+work=write-left-v1+leftLayout=depth-rows-v1+rightLayout=depth-columns-v1+leftGroup=8+rightGroup=4+leftStride=8+rightStride=4+padding=zero+alignment=8+block=8x32x32+panel=32+diagonal=0+rhs=0+batch=1+variant=current-tile-v1+timing=layout-only,jvm-simd/simd(4 lanes)/simd-sparse/packed-8x4,5,2,1,4,1987287,200160675,100.72056778915174,ns,ok,unsupported,layout-only,a038f25ac66821574b30392dc1d3b189cc287e2c,true,kotlin-2.4.10/jvm/Eclipse Adoptium/25.0.1/JMH 1.37/forks=1,1,3,200000000,write-left-v1+8x32+uniform,physical=8x4+leftLayout=depth-rows-v1+rightLayout=depth-columns-v1+leftGroup=8+rightGroup=4+leftStride=8+rightStride=4+padding=zero+alignment=8+block=8x32x32+panel=32+diagonal=0+rhs=0+batch=1+variant=current-tile-v1,panelDoubles=256,jvm-simd/portable-layout-v1/8x4,jmh-average-time-v1,200000000,1,1,score-times-operations
4,write-left+8x32+uniform+physical=8x4+work=write-left-v1+leftLayout=depth-rows-v1+rightLayout=depth-columns-v1+leftGroup=8+rightGroup=4+leftStride=8+rightStride=4+padding=zero+alignment=8+block=8x32x32+panel=32+diagonal=0+rhs=0+batch=1+variant=current-tile-v1+timing=layout-only,jvm-simd/simd(4 lanes)/simd-sparse/packed-8x4,5,2,1,5,1986695,200268623,100.80491620505413,ns,ok,unsupported,layout-only,a038f25ac66821574b30392dc1d3b189cc287e2c,true,kotlin-2.4.10/jvm/Eclipse Adoptium/25.0.1/JMH 1.37/forks=1,1,3,200000000,write-left-v1+8x32+uniform,physical=8x4+leftLayout=depth-rows-v1+rightLayout=depth-columns-v1+leftGroup=8+rightGroup=4+leftStride=8+rightStride=4+padding=zero+alignment=8+block=8x32x32+panel=32+diagonal=0+rhs=0+batch=1+variant=current-tile-v1,panelDoubles=256,jvm-simd/portable-layout-v1/8x4,jmh-average-time-v1,200000000,1,1,score-times-operations
4,write-right+31x2+uniform+physical=8x4+work=write-right-v1+leftLayout=depth-rows-v1+rightLayout=depth-columns-v1+leftGroup=8+rightGroup=4+leftStride=8+rightStride=4+padding=zero+alignment=8+block=31x2x31+panel=31+diagonal=0+rhs=0+batch=1+variant=current-tile-v1+timing=layout-only,jvm-simd/simd(4 lanes)/simd-sparse/packed-8x4,5,2,1,1,2187442,200220834,91.53195101858701,ns,ok,unsupported,layout-only,a038f25ac66821574b30392dc1d3b189cc287e2c,true,kotlin-2.4.10/jvm/Eclipse Adoptium/25.0.1/JMH 1.37/forks=1,1,3,200000000,write-right-v1+31x2+uniform,physical=8x4+leftLayout=depth-rows-v1+rightLayout=depth-columns-v1+leftGroup=8+rightGroup=4+leftStride=8+rightStride=4+padding=zero+alignment=8+block=31x2x31+panel=31+diagonal=0+rhs=0+batch=1+variant=current-tile-v1,panelDoubles=124,jvm-simd/portable-layout-v1/8x4,jmh-average-time-v1,200000000,1,1,score-times-operations
4,write-right+31x2+uniform+physical=8x4+work=write-right-v1+leftLayout=depth-rows-v1+rightLayout=depth-columns-v1+leftGroup=8+rightGroup=4+leftStride=8+rightStride=4+padding=zero+alignment=8+block=31x2x31+panel=31+diagonal=0+rhs=0+batch=1+variant=current-tile-v1+timing=layout-only,jvm-simd/simd(4 lanes)/simd-sparse/packed-8x4,5,2,1,2,2102075,200119324,95.2008486852277,ns,ok,unsupported,layout-only,a038f25ac66821574b30392dc1d3b189cc287e2c,true,kotlin-2.4.10/jvm/Eclipse Adoptium/25.0.1/JMH 1.37/forks=1,1,3,200000000,write-right-v1+31x2+uniform,physical=8x4+leftLayout=depth-rows-v1+rightLayout=depth-columns-v1+leftGroup=8+rightGroup=4+leftStride=8+rightStride=4+padding=zero+alignment=8+block=31x2x31+panel=31+diagonal=0+rhs=0+batch=1+variant=current-tile-v1,panelDoubles=124,jvm-simd/portable-layout-v1/8x4,jmh-average-time-v1,200000000,1,1,score-times-operations
4,write-right+31x2+uniform+physical=8x4+work=write-right-v1+leftLayout=depth-rows-v1+rightLayout=depth-columns-v1+leftGroup=8+rightGroup=4+leftStride=8+rightStride=4+padding=zero+alignment=8+block=31x2x31+panel=31+diagonal=0+rhs=0+batch=1+variant=current-tile-v1+timing=layout-only,jvm-simd/simd(4 lanes)/simd-sparse/packed-8x4,5,2,1,3,2279761,200128013,87.78464628529044,ns,ok,unsupported,layout-only,a038f25ac66821574b30392dc1d3b189cc287e2c,true,kotlin-2.4.10/jvm/Eclipse Adoptium/25.0.1/JMH 1.37/forks=1,1,3,200000000,write-right-v1+31x2+uniform,physical=8x4+leftLayout=depth-rows-v1+rightLayout=depth-columns-v1+leftGroup=8+rightGroup=4+leftStride=8+rightStride=4+padding=zero+alignment=8+block=31x2x31+panel=31+diagonal=0+rhs=0+batch=1+variant=current-tile-v1,panelDoubles=124,jvm-simd/portable-layout-v1/8x4,jmh-average-time-v1,200000000,1,1,score-times-operations
4,write-right+31x2+uniform+physical=8x4+work=write-right-v1+leftLayout=depth-rows-v1+rightLayout=depth-columns-v1+leftGroup=8+rightGroup=4+leftStride=8+rightStride=4+padding=zero+alignment=8+block=31x2x31+panel=31+diagonal=0+rhs=0+batch=1+variant=current-tile-v1+timing=layout-only,jvm-simd/simd(4 lanes)/simd-sparse/packed-8x4,5,2,1,4,2448679,200123293,81.72704262175647,ns,ok,unsupported,layout-only,a038f25ac66821574b30392dc1d3b189cc287e2c,true,kotlin-2.4.10/jvm/Eclipse Adoptium/25.0.1/JMH 1.37/forks=1,1,3,200000000,write-right-v1+31x2+uniform,physical=8x4+leftLayout=depth-rows-v1+rightLayout=depth-columns-v1+leftGroup=8+rightGroup=4+leftStride=8+rightStride=4+padding=zero+alignment=8+block=31x2x31+panel=31+diagonal=0+rhs=0+batch=1+variant=current-tile-v1,panelDoubles=124,jvm-simd/portable-layout-v1/8x4,jmh-average-time-v1,200000000,1,1,score-times-operations
4,write-right+31x2+uniform+physical=8x4+work=write-right-v1+leftLayout=depth-rows-v1+rightLayout=depth-columns-v1+leftGroup=8+rightGroup=4+leftStride=8+rightStride=4+padding=zero+alignment=8+block=31x2x31+panel=31+diagonal=0+rhs=0+batch=1+variant=current-tile-v1+timing=layout-only,jvm-simd/simd(4 lanes)/simd-sparse/packed-8x4,5,2,1,5,2463012,200171575,81.27105146056941,ns,ok,unsupported,layout-only,a038f25ac66821574b30392dc1d3b189cc287e2c,true,kotlin-2.4.10/jvm/Eclipse Adoptium/25.0.1/JMH 1.37/forks=1,1,3,200000000,write-right-v1+31x2+uniform,physical=8x4+leftLayout=depth-rows-v1+rightLayout=depth-columns-v1+leftGroup=8+rightGroup=4+leftStride=8+rightStride=4+padding=zero+alignment=8+block=31x2x31+panel=31+diagonal=0+rhs=0+batch=1+variant=current-tile-v1,panelDoubles=124,jvm-simd/portable-layout-v1/8x4,jmh-average-time-v1,200000000,1,1,score-times-operations
4,write-right+32x4+uniform+physical=8x4+work=write-right-v1+leftLayout=depth-rows-v1+rightLayout=depth-columns-v1+leftGroup=8+rightGroup=4+leftStride=8+rightStride=4+padding=zero+alignment=8+block=32x4x32+panel=32+diagonal=0+rhs=0+batch=1+variant=current-tile-v1+timing=layout-only,jvm-simd/simd(4 lanes)/simd-sparse/packed-8x4,5,2,1,1,1796979,200117088,111.36306434298898,ns,ok,unsupported,layout-only,a038f25ac66821574b30392dc1d3b189cc287e2c,true,kotlin-2.4.10/jvm/Eclipse Adoptium/25.0.1/JMH 1.37/forks=1,1,3,200000000,write-right-v1+32x4+uniform,physical=8x4+leftLayout=depth-rows-v1+rightLayout=depth-columns-v1+leftGroup=8+rightGroup=4+leftStride=8+rightStride=4+padding=zero+alignment=8+block=32x4x32+panel=32+diagonal=0+rhs=0+batch=1+variant=current-tile-v1,panelDoubles=128,jvm-simd/portable-layout-v1/8x4,jmh-average-time-v1,200000000,1,1,score-times-operations
4,write-right+32x4+uniform+physical=8x4+work=write-right-v1+leftLayout=depth-rows-v1+rightLayout=depth-columns-v1+leftGroup=8+rightGroup=4+leftStride=8+rightStride=4+padding=zero+alignment=8+block=32x4x32+panel=32+diagonal=0+rhs=0+batch=1+variant=current-tile-v1+timing=layout-only,jvm-simd/simd(4 lanes)/simd-sparse/packed-8x4,5,2,1,2,1820149,200100417,109.93628378775584,ns,ok,unsupported,layout-only,a038f25ac66821574b30392dc1d3b189cc287e2c,true,kotlin-2.4.10/jvm/Eclipse Adoptium/25.0.1/JMH 1.37/forks=1,1,3,200000000,write-right-v1+32x4+uniform,physical=8x4+leftLayout=depth-rows-v1+rightLayout=depth-columns-v1+leftGroup=8+rightGroup=4+leftStride=8+rightStride=4+padding=zero+alignment=8+block=32x4x32+panel=32+diagonal=0+rhs=0+batch=1+variant=current-tile-v1,panelDoubles=128,jvm-simd/portable-layout-v1/8x4,jmh-average-time-v1,200000000,1,1,score-times-operations
4,write-right+32x4+uniform+physical=8x4+work=write-right-v1+leftLayout=depth-rows-v1+rightLayout=depth-columns-v1+leftGroup=8+rightGroup=4+leftStride=8+rightStride=4+padding=zero+alignment=8+block=32x4x32+panel=32+diagonal=0+rhs=0+batch=1+variant=current-tile-v1+timing=layout-only,jvm-simd/simd(4 lanes)/simd-sparse/packed-8x4,5,2,1,3,1459543,200299430,137.2343466413802,ns,ok,unsupported,layout-only,a038f25ac66821574b30392dc1d3b189cc287e2c,true,kotlin-2.4.10/jvm/Eclipse Adoptium/25.0.1/JMH 1.37/forks=1,1,3,200000000,write-right-v1+32x4+uniform,physical=8x4+leftLayout=depth-rows-v1+rightLayout=depth-columns-v1+leftGroup=8+rightGroup=4+leftStride=8+rightStride=4+padding=zero+alignment=8+block=32x4x32+panel=32+diagonal=0+rhs=0+batch=1+variant=current-tile-v1,panelDoubles=128,jvm-simd/portable-layout-v1/8x4,jmh-average-time-v1,200000000,1,1,score-times-operations
4,write-right+32x4+uniform+physical=8x4+work=write-right-v1+leftLayout=depth-rows-v1+rightLayout=depth-columns-v1+leftGroup=8+rightGroup=4+leftStride=8+rightStride=4+padding=zero+alignment=8+block=32x4x32+panel=32+diagonal=0+rhs=0+batch=1+variant=current-tile-v1+timing=layout-only,jvm-simd/simd(4 lanes)/simd-sparse/packed-8x4,5,2,1,4,1714274,200117964,116.73627669789077,ns,ok,unsupported,layout-only,a038f25ac66821574b30392dc1d3b189cc287e2c,true,kotlin-2.4.10/jvm/Eclipse Adoptium/25.0.1/JMH 1.37/forks=1,1,3,200000000,write-right-v1+32x4+uniform,physical=8x4+leftLayout=depth-rows-v1+rightLayout=depth-columns-v1+leftGroup=8+rightGroup=4+leftStride=8+rightStride=4+padding=zero+alignment=8+block=32x4x32+panel=32+diagonal=0+rhs=0+batch=1+variant=current-tile-v1,panelDoubles=128,jvm-simd/portable-layout-v1/8x4,jmh-average-time-v1,200000000,1,1,score-times-operations
4,write-right+32x4+uniform+physical=8x4+work=write-right-v1+leftLayout=depth-rows-v1+rightLayout=depth-columns-v1+leftGroup=8+rightGroup=4+leftStride=8+rightStride=4+padding=zero+alignment=8+block=32x4x32+panel=32+diagonal=0+rhs=0+batch=1+variant=current-tile-v1+timing=layout-only,jvm-simd/simd(4 lanes)/simd-sparse/packed-8x4,5,2,1,5,1488327,200126778,134.4642528154095,ns,ok,unsupported,layout-only,a038f25ac66821574b30392dc1d3b189cc287e2c,true,kotlin-2.4.10/jvm/Eclipse Adoptium/25.0.1/JMH 1.37/forks=1,1,3,200000000,write-right-v1+32x4+uniform,physical=8x4+leftLayout=depth-rows-v1+rightLayout=depth-columns-v1+leftGroup=8+rightGroup=4+leftStride=8+rightStride=4+padding=zero+alignment=8+block=32x4x32+panel=32+diagonal=0+rhs=0+batch=1+variant=current-tile-v1,panelDoubles=128,jvm-simd/portable-layout-v1/8x4,jmh-average-time-v1,200000000,1,1,score-times-operations
4,clear-left-padding+7x31+uniform+physical=8x4+work=clear-left-padding-v1+leftLayout=depth-rows-v1+rightLayout=depth-columns-v1+leftGroup=8+rightGroup=4+leftStride=8+rightStride=4+padding=zero+alignment=8+block=7x31x31+panel=31+diagonal=0+rhs=0+batch=1+variant=current-tile-v1+timing=layout-only,jvm-simd/simd(4 lanes)/simd-sparse/packed-8x4,5,2,1,1,3594911,200159189,55.678482443654374,ns,ok,unsupported,layout-only,a038f25ac66821574b30392dc1d3b189cc287e2c,true,kotlin-2.4.10/jvm/Eclipse Adoptium/25.0.1/JMH 1.37/forks=1,1,3,200000000,clear-left-padding-v1+7x31+uniform,physical=8x4+leftLayout=depth-rows-v1+rightLayout=depth-columns-v1+leftGroup=8+rightGroup=4+leftStride=8+rightStride=4+padding=zero+alignment=8+block=7x31x31+panel=31+diagonal=0+rhs=0+batch=1+variant=current-tile-v1,panelDoubles=248,jvm-simd/portable-layout-v1/8x4,jmh-average-time-v1,200000000,1,1,score-times-operations
4,clear-left-padding+7x31+uniform+physical=8x4+work=clear-left-padding-v1+leftLayout=depth-rows-v1+rightLayout=depth-columns-v1+leftGroup=8+rightGroup=4+leftStride=8+rightStride=4+padding=zero+alignment=8+block=7x31x31+panel=31+diagonal=0+rhs=0+batch=1+variant=current-tile-v1+timing=layout-only,jvm-simd/simd(4 lanes)/simd-sparse/packed-8x4,5,2,1,2,3569959,200215536,56.08342728866074,ns,ok,unsupported,layout-only,a038f25ac66821574b30392dc1d3b189cc287e2c,true,kotlin-2.4.10/jvm/Eclipse Adoptium/25.0.1/JMH 1.37/forks=1,1,3,200000000,clear-left-padding-v1+7x31+uniform,physical=8x4+leftLayout=depth-rows-v1+rightLayout=depth-columns-v1+leftGroup=8+rightGroup=4+leftStride=8+rightStride=4+padding=zero+alignment=8+block=7x31x31+panel=31+diagonal=0+rhs=0+batch=1+variant=current-tile-v1,panelDoubles=248,jvm-simd/portable-layout-v1/8x4,jmh-average-time-v1,200000000,1,1,score-times-operations
4,clear-left-padding+7x31+uniform+physical=8x4+work=clear-left-padding-v1+leftLayout=depth-rows-v1+rightLayout=depth-columns-v1+leftGroup=8+rightGroup=4+leftStride=8+rightStride=4+padding=zero+alignment=8+block=7x31x31+panel=31+diagonal=0+rhs=0+batch=1+variant=current-tile-v1+timing=layout-only,jvm-simd/simd(4 lanes)/simd-sparse/packed-8x4,5,2,1,3,3378203,200222159,59.268835827805496,ns,ok,unsupported,layout-only,a038f25ac66821574b30392dc1d3b189cc287e2c,true,kotlin-2.4.10/jvm/Eclipse Adoptium/25.0.1/JMH 1.37/forks=1,1,3,200000000,clear-left-padding-v1+7x31+uniform,physical=8x4+leftLayout=depth-rows-v1+rightLayout=depth-columns-v1+leftGroup=8+rightGroup=4+leftStride=8+rightStride=4+padding=zero+alignment=8+block=7x31x31+panel=31+diagonal=0+rhs=0+batch=1+variant=current-tile-v1,panelDoubles=248,jvm-simd/portable-layout-v1/8x4,jmh-average-time-v1,200000000,1,1,score-times-operations
4,clear-left-padding+7x31+uniform+physical=8x4+work=clear-left-padding-v1+leftLayout=depth-rows-v1+rightLayout=depth-columns-v1+leftGroup=8+rightGroup=4+leftStride=8+rightStride=4+padding=zero+alignment=8+block=7x31x31+panel=31+diagonal=0+rhs=0+batch=1+variant=current-tile-v1+timing=layout-only,jvm-simd/simd(4 lanes)/simd-sparse/packed-8x4,5,2,1,4,3284615,200186909,60.94684125841233,ns,ok,unsupported,layout-only,a038f25ac66821574b30392dc1d3b189cc287e2c,true,kotlin-2.4.10/jvm/Eclipse Adoptium/25.0.1/JMH 1.37/forks=1,1,3,200000000,clear-left-padding-v1+7x31+uniform,physical=8x4+leftLayout=depth-rows-v1+rightLayout=depth-columns-v1+leftGroup=8+rightGroup=4+leftStride=8+rightStride=4+padding=zero+alignment=8+block=7x31x31+panel=31+diagonal=0+rhs=0+batch=1+variant=current-tile-v1,panelDoubles=248,jvm-simd/portable-layout-v1/8x4,jmh-average-time-v1,200000000,1,1,score-times-operations
4,clear-left-padding+7x31+uniform+physical=8x4+work=clear-left-padding-v1+leftLayout=depth-rows-v1+rightLayout=depth-columns-v1+leftGroup=8+rightGroup=4+leftStride=8+rightStride=4+padding=zero+alignment=8+block=7x31x31+panel=31+diagonal=0+rhs=0+batch=1+variant=current-tile-v1+timing=layout-only,jvm-simd/simd(4 lanes)/simd-sparse/packed-8x4,5,2,1,5,3653932,200157040,54.778534466432326,ns,ok,unsupported,layout-only,a038f25ac66821574b30392dc1d3b189cc287e2c,true,kotlin-2.4.10/jvm/Eclipse Adoptium/25.0.1/JMH 1.37/forks=1,1,3,200000000,clear-left-padding-v1+7x31+uniform,physical=8x4+leftLayout=depth-rows-v1+rightLayout=depth-columns-v1+leftGroup=8+rightGroup=4+leftStride=8+rightStride=4+padding=zero+alignment=8+block=7x31x31+panel=31+diagonal=0+rhs=0+batch=1+variant=current-tile-v1,panelDoubles=248,jvm-simd/portable-layout-v1/8x4,jmh-average-time-v1,200000000,1,1,score-times-operations
4,clear-left-padding+8x32+uniform+physical=8x4+work=clear-left-padding-v1+leftLayout=depth-rows-v1+rightLayout=depth-columns-v1+leftGroup=8+rightGroup=4+leftStride=8+rightStride=4+padding=zero+alignment=8+block=8x32x32+panel=32+diagonal=0+rhs=0+batch=1+variant=current-tile-v1+timing=layout-only,jvm-simd/simd(4 lanes)/simd-sparse/packed-8x4,5,2,1,1,25625476,200152108,7.810668882794606,ns,ok,unsupported,layout-only,a038f25ac66821574b30392dc1d3b189cc287e2c,true,kotlin-2.4.10/jvm/Eclipse Adoptium/25.0.1/JMH 1.37/forks=1,1,3,200000000,clear-left-padding-v1+8x32+uniform,physical=8x4+leftLayout=depth-rows-v1+rightLayout=depth-columns-v1+leftGroup=8+rightGroup=4+leftStride=8+rightStride=4+padding=zero+alignment=8+block=8x32x32+panel=32+diagonal=0+rhs=0+batch=1+variant=current-tile-v1,panelDoubles=256,jvm-simd/portable-layout-v1/8x4,jmh-average-time-v1,200000000,1,1,score-times-operations
4,clear-left-padding+8x32+uniform+physical=8x4+work=clear-left-padding-v1+leftLayout=depth-rows-v1+rightLayout=depth-columns-v1+leftGroup=8+rightGroup=4+leftStride=8+rightStride=4+padding=zero+alignment=8+block=8x32x32+panel=32+diagonal=0+rhs=0+batch=1+variant=current-tile-v1+timing=layout-only,jvm-simd/simd(4 lanes)/simd-sparse/packed-8x4,5,2,1,2,25808448,200262224,7.759560900368747,ns,ok,unsupported,layout-only,a038f25ac66821574b30392dc1d3b189cc287e2c,true,kotlin-2.4.10/jvm/Eclipse Adoptium/25.0.1/JMH 1.37/forks=1,1,3,200000000,clear-left-padding-v1+8x32+uniform,physical=8x4+leftLayout=depth-rows-v1+rightLayout=depth-columns-v1+leftGroup=8+rightGroup=4+leftStride=8+rightStride=4+padding=zero+alignment=8+block=8x32x32+panel=32+diagonal=0+rhs=0+batch=1+variant=current-tile-v1,panelDoubles=256,jvm-simd/portable-layout-v1/8x4,jmh-average-time-v1,200000000,1,1,score-times-operations
4,clear-left-padding+8x32+uniform+physical=8x4+work=clear-left-padding-v1+leftLayout=depth-rows-v1+rightLayout=depth-columns-v1+leftGroup=8+rightGroup=4+leftStride=8+rightStride=4+padding=zero+alignment=8+block=8x32x32+panel=32+diagonal=0+rhs=0+batch=1+variant=current-tile-v1+timing=layout-only,jvm-simd/simd(4 lanes)/simd-sparse/packed-8x4,5,2,1,3,25467252,200193575,7.86082357845283,ns,ok,unsupported,layout-only,a038f25ac66821574b30392dc1d3b189cc287e2c,true,kotlin-2.4.10/jvm/Eclipse Adoptium/25.0.1/JMH 1.37/forks=1,1,3,200000000,clear-left-padding-v1+8x32+uniform,physical=8x4+leftLayout=depth-rows-v1+rightLayout=depth-columns-v1+leftGroup=8+rightGroup=4+leftStride=8+rightStride=4+padding=zero+alignment=8+block=8x32x32+panel=32+diagonal=0+rhs=0+batch=1+variant=current-tile-v1,panelDoubles=256,jvm-simd/portable-layout-v1/8x4,jmh-average-time-v1,200000000,1,1,score-times-operations
4,clear-left-padding+8x32+uniform+physical=8x4+work=clear-left-padding-v1+leftLayout=depth-rows-v1+rightLayout=depth-columns-v1+leftGroup=8+rightGroup=4+leftStride=8+rightStride=4+padding=zero+alignment=8+block=8x32x32+panel=32+diagonal=0+rhs=0+batch=1+variant=current-tile-v1+timing=layout-only,jvm-simd/simd(4 lanes)/simd-sparse/packed-8x4,5,2,1,4,25629350,200189663,7.810953574710244,ns,ok,unsupported,layout-only,a038f25ac66821574b30392dc1d3b189cc287e2c,true,kotlin-2.4.10/jvm/Eclipse Adoptium/25.0.1/JMH 1.37/forks=1,1,3,200000000,clear-left-padding-v1+8x32+uniform,physical=8x4+leftLayout=depth-rows-v1+rightLayout=depth-columns-v1+leftGroup=8+rightGroup=4+leftStride=8+rightStride=4+padding=zero+alignment=8+block=8x32x32+panel=32+diagonal=0+rhs=0+batch=1+variant=current-tile-v1,panelDoubles=256,jvm-simd/portable-layout-v1/8x4,jmh-average-time-v1,200000000,1,1,score-times-operations
4,clear-left-padding+8x32+uniform+physical=8x4+work=clear-left-padding-v1+leftLayout=depth-rows-v1+rightLayout=depth-columns-v1+leftGroup=8+rightGroup=4+leftStride=8+rightStride=4+padding=zero+alignment=8+block=8x32x32+panel=32+diagonal=0+rhs=0+batch=1+variant=current-tile-v1+timing=layout-only,jvm-simd/simd(4 lanes)/simd-sparse/packed-8x4,5,2,1,5,25674927,200164450,7.796105905189137,ns,ok,unsupported,layout-only,a038f25ac66821574b30392dc1d3b189cc287e2c,true,kotlin-2.4.10/jvm/Eclipse Adoptium/25.0.1/JMH 1.37/forks=1,1,3,200000000,clear-left-padding-v1+8x32+uniform,physical=8x4+leftLayout=depth-rows-v1+rightLayout=depth-columns-v1+leftGroup=8+rightGroup=4+leftStride=8+rightStride=4+padding=zero+alignment=8+block=8x32x32+panel=32+diagonal=0+rhs=0+batch=1+variant=current-tile-v1,panelDoubles=256,jvm-simd/portable-layout-v1/8x4,jmh-average-time-v1,200000000,1,1,score-times-operations
4,clear-right-padding+31x2+uniform+physical=8x4+work=clear-right-padding-v1+leftLayout=depth-rows-v1+rightLayout=depth-columns-v1+leftGroup=8+rightGroup=4+leftStride=8+rightStride=4+padding=zero+alignment=8+block=31x2x31+panel=31+diagonal=0+rhs=0+batch=1+variant=current-tile-v1+timing=layout-only,jvm-simd/simd(4 lanes)/simd-sparse/packed-8x4,5,2,1,1,2476631,200153683,80.81691741724948,ns,ok,unsupported,layout-only,a038f25ac66821574b30392dc1d3b189cc287e2c,true,kotlin-2.4.10/jvm/Eclipse Adoptium/25.0.1/JMH 1.37/forks=1,1,3,200000000,clear-right-padding-v1+31x2+uniform,physical=8x4+leftLayout=depth-rows-v1+rightLayout=depth-columns-v1+leftGroup=8+rightGroup=4+leftStride=8+rightStride=4+padding=zero+alignment=8+block=31x2x31+panel=31+diagonal=0+rhs=0+batch=1+variant=current-tile-v1,panelDoubles=124,jvm-simd/portable-layout-v1/8x4,jmh-average-time-v1,200000000,1,1,score-times-operations
4,clear-right-padding+31x2+uniform+physical=8x4+work=clear-right-padding-v1+leftLayout=depth-rows-v1+rightLayout=depth-columns-v1+leftGroup=8+rightGroup=4+leftStride=8+rightStride=4+padding=zero+alignment=8+block=31x2x31+panel=31+diagonal=0+rhs=0+batch=1+variant=current-tile-v1+timing=layout-only,jvm-simd/simd(4 lanes)/simd-sparse/packed-8x4,5,2,1,2,2590569,200142158,77.25799158408829,ns,ok,unsupported,layout-only,a038f25ac66821574b30392dc1d3b189cc287e2c,true,kotlin-2.4.10/jvm/Eclipse Adoptium/25.0.1/JMH 1.37/forks=1,1,3,200000000,clear-right-padding-v1+31x2+uniform,physical=8x4+leftLayout=depth-rows-v1+rightLayout=depth-columns-v1+leftGroup=8+rightGroup=4+leftStride=8+rightStride=4+padding=zero+alignment=8+block=31x2x31+panel=31+diagonal=0+rhs=0+batch=1+variant=current-tile-v1,panelDoubles=124,jvm-simd/portable-layout-v1/8x4,jmh-average-time-v1,200000000,1,1,score-times-operations
4,clear-right-padding+31x2+uniform+physical=8x4+work=clear-right-padding-v1+leftLayout=depth-rows-v1+rightLayout=depth-columns-v1+leftGroup=8+rightGroup=4+leftStride=8+rightStride=4+padding=zero+alignment=8+block=31x2x31+panel=31+diagonal=0+rhs=0+batch=1+variant=current-tile-v1+timing=layout-only,jvm-simd/simd(4 lanes)/simd-sparse/packed-8x4,5,2,1,3,2615262,200107777,76.51538430948793,ns,ok,unsupported,layout-only,a038f25ac66821574b30392dc1d3b189cc287e2c,true,kotlin-2.4.10/jvm/Eclipse Adoptium/25.0.1/JMH 1.37/forks=1,1,3,200000000,clear-right-padding-v1+31x2+uniform,physical=8x4+leftLayout=depth-rows-v1+rightLayout=depth-columns-v1+leftGroup=8+rightGroup=4+leftStride=8+rightStride=4+padding=zero+alignment=8+block=31x2x31+panel=31+diagonal=0+rhs=0+batch=1+variant=current-tile-v1,panelDoubles=124,jvm-simd/portable-layout-v1/8x4,jmh-average-time-v1,200000000,1,1,score-times-operations
4,clear-right-padding+31x2+uniform+physical=8x4+work=clear-right-padding-v1+leftLayout=depth-rows-v1+rightLayout=depth-columns-v1+leftGroup=8+rightGroup=4+leftStride=8+rightStride=4+padding=zero+alignment=8+block=31x2x31+panel=31+diagonal=0+rhs=0+batch=1+variant=current-tile-v1+timing=layout-only,jvm-simd/simd(4 lanes)/simd-sparse/packed-8x4,5,2,1,4,2626773,200099536,76.17694258316193,ns,ok,unsupported,layout-only,a038f25ac66821574b30392dc1d3b189cc287e2c,true,kotlin-2.4.10/jvm/Eclipse Adoptium/25.0.1/JMH 1.37/forks=1,1,3,200000000,clear-right-padding-v1+31x2+uniform,physical=8x4+leftLayout=depth-rows-v1+rightLayout=depth-columns-v1+leftGroup=8+rightGroup=4+leftStride=8+rightStride=4+padding=zero+alignment=8+block=31x2x31+panel=31+diagonal=0+rhs=0+batch=1+variant=current-tile-v1,panelDoubles=124,jvm-simd/portable-layout-v1/8x4,jmh-average-time-v1,200000000,1,1,score-times-operations
4,clear-right-padding+31x2+uniform+physical=8x4+work=clear-right-padding-v1+leftLayout=depth-rows-v1+rightLayout=depth-columns-v1+leftGroup=8+rightGroup=4+leftStride=8+rightStride=4+padding=zero+alignment=8+block=31x2x31+panel=31+diagonal=0+rhs=0+batch=1+variant=current-tile-v1+timing=layout-only,jvm-simd/simd(4 lanes)/simd-sparse/packed-8x4,5,2,1,5,2563507,200106625,78.0597146799287,ns,ok,unsupported,layout-only,a038f25ac66821574b30392dc1d3b189cc287e2c,true,kotlin-2.4.10/jvm/Eclipse Adoptium/25.0.1/JMH 1.37/forks=1,1,3,200000000,clear-right-padding-v1+31x2+uniform,physical=8x4+leftLayout=depth-rows-v1+rightLayout=depth-columns-v1+leftGroup=8+rightGroup=4+leftStride=8+rightStride=4+padding=zero+alignment=8+block=31x2x31+panel=31+diagonal=0+rhs=0+batch=1+variant=current-tile-v1,panelDoubles=124,jvm-simd/portable-layout-v1/8x4,jmh-average-time-v1,200000000,1,1,score-times-operations
4,clear-right-padding+32x4+uniform+physical=8x4+work=clear-right-padding-v1+leftLayout=depth-rows-v1+rightLayout=depth-columns-v1+leftGroup=8+rightGroup=4+leftStride=8+rightStride=4+padding=zero+alignment=8+block=32x4x32+panel=32+diagonal=0+rhs=0+batch=1+variant=current-tile-v1+timing=layout-only,jvm-simd/simd(4 lanes)/simd-sparse/packed-8x4,5,2,1,1,23900157,200210202,8.376940871141558,ns,ok,unsupported,layout-only,a038f25ac66821574b30392dc1d3b189cc287e2c,true,kotlin-2.4.10/jvm/Eclipse Adoptium/25.0.1/JMH 1.37/forks=1,1,3,200000000,clear-right-padding-v1+32x4+uniform,physical=8x4+leftLayout=depth-rows-v1+rightLayout=depth-columns-v1+leftGroup=8+rightGroup=4+leftStride=8+rightStride=4+padding=zero+alignment=8+block=32x4x32+panel=32+diagonal=0+rhs=0+batch=1+variant=current-tile-v1,panelDoubles=128,jvm-simd/portable-layout-v1/8x4,jmh-average-time-v1,200000000,1,1,score-times-operations
4,clear-right-padding+32x4+uniform+physical=8x4+work=clear-right-padding-v1+leftLayout=depth-rows-v1+rightLayout=depth-columns-v1+leftGroup=8+rightGroup=4+leftStride=8+rightStride=4+padding=zero+alignment=8+block=32x4x32+panel=32+diagonal=0+rhs=0+batch=1+variant=current-tile-v1+timing=layout-only,jvm-simd/simd(4 lanes)/simd-sparse/packed-8x4,5,2,1,2,25617187,200105659,7.811382998453343,ns,ok,unsupported,layout-only,a038f25ac66821574b30392dc1d3b189cc287e2c,true,kotlin-2.4.10/jvm/Eclipse Adoptium/25.0.1/JMH 1.37/forks=1,1,3,200000000,clear-right-padding-v1+32x4+uniform,physical=8x4+leftLayout=depth-rows-v1+rightLayout=depth-columns-v1+leftGroup=8+rightGroup=4+leftStride=8+rightStride=4+padding=zero+alignment=8+block=32x4x32+panel=32+diagonal=0+rhs=0+batch=1+variant=current-tile-v1,panelDoubles=128,jvm-simd/portable-layout-v1/8x4,jmh-average-time-v1,200000000,1,1,score-times-operations
4,clear-right-padding+32x4+uniform+physical=8x4+work=clear-right-padding-v1+leftLayout=depth-rows-v1+rightLayout=depth-columns-v1+leftGroup=8+rightGroup=4+leftStride=8+rightStride=4+padding=zero+alignment=8+block=32x4x32+panel=32+diagonal=0+rhs=0+batch=1+variant=current-tile-v1+timing=layout-only,jvm-simd/simd(4 lanes)/simd-sparse/packed-8x4,5,2,1,3,26054130,200102685,7.680267389469539,ns,ok,unsupported,layout-only,a038f25ac66821574b30392dc1d3b189cc287e2c,true,kotlin-2.4.10/jvm/Eclipse Adoptium/25.0.1/JMH 1.37/forks=1,1,3,200000000,clear-right-padding-v1+32x4+uniform,physical=8x4+leftLayout=depth-rows-v1+rightLayout=depth-columns-v1+leftGroup=8+rightGroup=4+leftStride=8+rightStride=4+padding=zero+alignment=8+block=32x4x32+panel=32+diagonal=0+rhs=0+batch=1+variant=current-tile-v1,panelDoubles=128,jvm-simd/portable-layout-v1/8x4,jmh-average-time-v1,200000000,1,1,score-times-operations
4,clear-right-padding+32x4+uniform+physical=8x4+work=clear-right-padding-v1+leftLayout=depth-rows-v1+rightLayout=depth-columns-v1+leftGroup=8+rightGroup=4+leftStride=8+rightStride=4+padding=zero+alignment=8+block=32x4x32+panel=32+diagonal=0+rhs=0+batch=1+variant=current-tile-v1+timing=layout-only,jvm-simd/simd(4 lanes)/simd-sparse/packed-8x4,5,2,1,4,25662423,200131580,7.79862369192496,ns,ok,unsupported,layout-only,a038f25ac66821574b30392dc1d3b189cc287e2c,true,kotlin-2.4.10/jvm/Eclipse Adoptium/25.0.1/JMH 1.37/forks=1,1,3,200000000,clear-right-padding-v1+32x4+uniform,physical=8x4+leftLayout=depth-rows-v1+rightLayout=depth-columns-v1+leftGroup=8+rightGroup=4+leftStride=8+rightStride=4+padding=zero+alignment=8+block=32x4x32+panel=32+diagonal=0+rhs=0+batch=1+variant=current-tile-v1,panelDoubles=128,jvm-simd/portable-layout-v1/8x4,jmh-average-time-v1,200000000,1,1,score-times-operations
4,clear-right-padding+32x4+uniform+physical=8x4+work=clear-right-padding-v1+leftLayout=depth-rows-v1+rightLayout=depth-columns-v1+leftGroup=8+rightGroup=4+leftStride=8+rightStride=4+padding=zero+alignment=8+block=32x4x32+panel=32+diagonal=0+rhs=0+batch=1+variant=current-tile-v1+timing=layout-only,jvm-simd/simd(4 lanes)/simd-sparse/packed-8x4,5,2,1,5,25700756,200107377,7.786050223580972,ns,ok,unsupported,layout-only,a038f25ac66821574b30392dc1d3b189cc287e2c,true,kotlin-2.4.10/jvm/Eclipse Adoptium/25.0.1/JMH 1.37/forks=1,1,3,200000000,clear-right-padding-v1+32x4+uniform,physical=8x4+leftLayout=depth-rows-v1+rightLayout=depth-columns-v1+leftGroup=8+rightGroup=4+leftStride=8+rightStride=4+padding=zero+alignment=8+block=32x4x32+panel=32+diagonal=0+rhs=0+batch=1+variant=current-tile-v1,panelDoubles=128,jvm-simd/portable-layout-v1/8x4,jmh-average-time-v1,200000000,1,1,score-times-operations
4,spdot+4096+sparse-uniform+density=0.01,jvm-simd/simd(4 lanes)/simd-sparse/packed-8x4,5,2,1,1,9787266,200195939,20.454735673884823,ns,ok,direct,arithmetic,a038f25ac66821574b30392dc1d3b189cc287e2c,true,kotlin-2.4.10/jvm/Eclipse Adoptium/25.0.1/JMH 1.37/forks=1,1,3,200000000,spdot-v1+4096+sparse-uniform+density=0.01,policy-v1,policy,jvm-simd/policy-v1,jmh-average-time-v1,200000000,1,1,score-times-operations
4,spdot+4096+sparse-uniform+density=0.01,jvm-simd/simd(4 lanes)/simd-sparse/packed-8x4,5,2,1,2,9695489,200219663,20.650806060426657,ns,ok,direct,arithmetic,a038f25ac66821574b30392dc1d3b189cc287e2c,true,kotlin-2.4.10/jvm/Eclipse Adoptium/25.0.1/JMH 1.37/forks=1,1,3,200000000,spdot-v1+4096+sparse-uniform+density=0.01,policy-v1,policy,jvm-simd/policy-v1,jmh-average-time-v1,200000000,1,1,score-times-operations
4,spdot+4096+sparse-uniform+density=0.01,jvm-simd/simd(4 lanes)/simd-sparse/packed-8x4,5,2,1,3,9649736,200172156,20.74379609970677,ns,ok,direct,arithmetic,a038f25ac66821574b30392dc1d3b189cc287e2c,true,kotlin-2.4.10/jvm/Eclipse Adoptium/25.0.1/JMH 1.37/forks=1,1,3,200000000,spdot-v1+4096+sparse-uniform+density=0.01,policy-v1,policy,jvm-simd/policy-v1,jmh-average-time-v1,200000000,1,1,score-times-operations
4,spdot+4096+sparse-uniform+density=0.01,jvm-simd/simd(4 lanes)/simd-sparse/packed-8x4,5,2,1,4,8858090,200116560,22.591389340139916,ns,ok,direct,arithmetic,a038f25ac66821574b30392dc1d3b189cc287e2c,true,kotlin-2.4.10/jvm/Eclipse Adoptium/25.0.1/JMH 1.37/forks=1,1,3,200000000,spdot-v1+4096+sparse-uniform+density=0.01,policy-v1,policy,jvm-simd/policy-v1,jmh-average-time-v1,200000000,1,1,score-times-operations
4,spdot+4096+sparse-uniform+density=0.01,jvm-simd/simd(4 lanes)/simd-sparse/packed-8x4,5,2,1,5,9396679,200141901,21.29921656363913,ns,ok,direct,arithmetic,a038f25ac66821574b30392dc1d3b189cc287e2c,true,kotlin-2.4.10/jvm/Eclipse Adoptium/25.0.1/JMH 1.37/forks=1,1,3,200000000,spdot-v1+4096+sparse-uniform+density=0.01,policy-v1,policy,jvm-simd/policy-v1,jmh-average-time-v1,200000000,1,1,score-times-operations
4,spdot-raw+64+sparse-uniform+density=0.125,jvm-simd/simd(4 lanes)/simd-sparse/packed-8x4,5,2,1,1,20155727,200145617,9.929962685047283,ns,ok,unsupported,arithmetic,a038f25ac66821574b30392dc1d3b189cc287e2c,true,kotlin-2.4.10/jvm/Eclipse Adoptium/25.0.1/JMH 1.37/forks=1,1,3,200000000,spdot-raw-v1+64+sparse-uniform+density=0.125,policy-v1,policy,jvm-simd/policy-v1,jmh-average-time-v1,200000000,1,1,score-times-operations
4,spdot-raw+64+sparse-uniform+density=0.125,jvm-simd/simd(4 lanes)/simd-sparse/packed-8x4,5,2,1,2,19475958,200239596,10.28137337326359,ns,ok,unsupported,arithmetic,a038f25ac66821574b30392dc1d3b189cc287e2c,true,kotlin-2.4.10/jvm/Eclipse Adoptium/25.0.1/JMH 1.37/forks=1,1,3,200000000,spdot-raw-v1+64+sparse-uniform+density=0.125,policy-v1,policy,jvm-simd/policy-v1,jmh-average-time-v1,200000000,1,1,score-times-operations
4,spdot-raw+64+sparse-uniform+density=0.125,jvm-simd/simd(4 lanes)/simd-sparse/packed-8x4,5,2,1,3,18753536,200188850,10.674725555756526,ns,ok,unsupported,arithmetic,a038f25ac66821574b30392dc1d3b189cc287e2c,true,kotlin-2.4.10/jvm/Eclipse Adoptium/25.0.1/JMH 1.37/forks=1,1,3,200000000,spdot-raw-v1+64+sparse-uniform+density=0.125,policy-v1,policy,jvm-simd/policy-v1,jmh-average-time-v1,200000000,1,1,score-times-operations
4,spdot-raw+64+sparse-uniform+density=0.125,jvm-simd/simd(4 lanes)/simd-sparse/packed-8x4,5,2,1,4,18689878,200155488,10.709298797991083,ns,ok,unsupported,arithmetic,a038f25ac66821574b30392dc1d3b189cc287e2c,true,kotlin-2.4.10/jvm/Eclipse Adoptium/25.0.1/JMH 1.37/forks=1,1,3,200000000,spdot-raw-v1+64+sparse-uniform+density=0.125,policy-v1,policy,jvm-simd/policy-v1,jmh-average-time-v1,200000000,1,1,score-times-operations
4,spdot-raw+64+sparse-uniform+density=0.125,jvm-simd/simd(4 lanes)/simd-sparse/packed-8x4,5,2,1,5,18652346,200191811,10.732795274117262,ns,ok,unsupported,arithmetic,a038f25ac66821574b30392dc1d3b189cc287e2c,true,kotlin-2.4.10/jvm/Eclipse Adoptium/25.0.1/JMH 1.37/forks=1,1,3,200000000,spdot-raw-v1+64+sparse-uniform+density=0.125,policy-v1,policy,jvm-simd/policy-v1,jmh-average-time-v1,200000000,1,1,score-times-operations
4,spdot-raw+4096+sparse-uniform+density=0.0625,jvm-simd/simd(4 lanes)/simd-sparse/packed-8x4,5,2,1,1,1484729,200287266,134.89819758353207,ns,ok,unsupported,arithmetic,a038f25ac66821574b30392dc1d3b189cc287e2c,true,kotlin-2.4.10/jvm/Eclipse Adoptium/25.0.1/JMH 1.37/forks=1,1,3,200000000,spdot-raw-v1+4096+sparse-uniform+density=0.0625,policy-v1,policy,jvm-simd/policy-v1,jmh-average-time-v1,200000000,1,1,score-times-operations
4,spdot-raw+4096+sparse-uniform+density=0.0625,jvm-simd/simd(4 lanes)/simd-sparse/packed-8x4,5,2,1,2,1480626,200183578,135.20198753770364,ns,ok,unsupported,arithmetic,a038f25ac66821574b30392dc1d3b189cc287e2c,true,kotlin-2.4.10/jvm/Eclipse Adoptium/25.0.1/JMH 1.37/forks=1,1,3,200000000,spdot-raw-v1+4096+sparse-uniform+density=0.0625,policy-v1,policy,jvm-simd/policy-v1,jmh-average-time-v1,200000000,1,1,score-times-operations
4,spdot-raw+4096+sparse-uniform+density=0.0625,jvm-simd/simd(4 lanes)/simd-sparse/packed-8x4,5,2,1,3,1541792,200207814,129.85397122309624,ns,ok,unsupported,arithmetic,a038f25ac66821574b30392dc1d3b189cc287e2c,true,kotlin-2.4.10/jvm/Eclipse Adoptium/25.0.1/JMH 1.37/forks=1,1,3,200000000,spdot-raw-v1+4096+sparse-uniform+density=0.0625,policy-v1,policy,jvm-simd/policy-v1,jmh-average-time-v1,200000000,1,1,score-times-operations
4,spdot-raw+4096+sparse-uniform+density=0.0625,jvm-simd/simd(4 lanes)/simd-sparse/packed-8x4,5,2,1,4,1499101,200188250,133.53886762799837,ns,ok,unsupported,arithmetic,a038f25ac66821574b30392dc1d3b189cc287e2c,true,kotlin-2.4.10/jvm/Eclipse Adoptium/25.0.1/JMH 1.37/forks=1,1,3,200000000,spdot-raw-v1+4096+sparse-uniform+density=0.0625,policy-v1,policy,jvm-simd/policy-v1,jmh-average-time-v1,200000000,1,1,score-times-operations
4,spdot-raw+4096+sparse-uniform+density=0.0625,jvm-simd/simd(4 lanes)/simd-sparse/packed-8x4,5,2,1,5,1426577,200255427,140.37477612494803,ns,ok,unsupported,arithmetic,a038f25ac66821574b30392dc1d3b189cc287e2c,true,kotlin-2.4.10/jvm/Eclipse Adoptium/25.0.1/JMH 1.37/forks=1,1,3,200000000,spdot-raw-v1+4096+sparse-uniform+density=0.0625,policy-v1,policy,jvm-simd/policy-v1,jmh-average-time-v1,200000000,1,1,score-times-operations
4,spdot-raw+65536+sparse-uniform+density=0.015625,jvm-simd/simd(4 lanes)/simd-sparse/packed-8x4,5,2,1,1,324216,200107712,617.204925111654,ns,ok,unsupported,arithmetic,a038f25ac66821574b30392dc1d3b189cc287e2c,true,kotlin-2.4.10/jvm/Eclipse Adoptium/25.0.1/JMH 1.37/forks=1,1,3,200000000,spdot-raw-v1+65536+sparse-uniform+density=0.015625,policy-v1,policy,jvm-simd/policy-v1,jmh-average-time-v1,200000000,1,1,score-times-operations
4,spdot-raw+65536+sparse-uniform+density=0.015625,jvm-simd/simd(4 lanes)/simd-sparse/packed-8x4,5,2,1,2,325482,200166074,614.9835444049133,ns,ok,unsupported,arithmetic,a038f25ac66821574b30392dc1d3b189cc287e2c,true,kotlin-2.4.10/jvm/Eclipse Adoptium/25.0.1/JMH 1.37/forks=1,1,3,200000000,spdot-raw-v1+65536+sparse-uniform+density=0.015625,policy-v1,policy,jvm-simd/policy-v1,jmh-average-time-v1,200000000,1,1,score-times-operations
4,spdot-raw+65536+sparse-uniform+density=0.015625,jvm-simd/simd(4 lanes)/simd-sparse/packed-8x4,5,2,1,3,320912,200163272,623.7325871266889,ns,ok,unsupported,arithmetic,a038f25ac66821574b30392dc1d3b189cc287e2c,true,kotlin-2.4.10/jvm/Eclipse Adoptium/25.0.1/JMH 1.37/forks=1,1,3,200000000,spdot-raw-v1+65536+sparse-uniform+density=0.015625,policy-v1,policy,jvm-simd/policy-v1,jmh-average-time-v1,200000000,1,1,score-times-operations
4,spdot-raw+65536+sparse-uniform+density=0.015625,jvm-simd/simd(4 lanes)/simd-sparse/packed-8x4,5,2,1,4,320533,200134025,624.3788471077861,ns,ok,unsupported,arithmetic,a038f25ac66821574b30392dc1d3b189cc287e2c,true,kotlin-2.4.10/jvm/Eclipse Adoptium/25.0.1/JMH 1.37/forks=1,1,3,200000000,spdot-raw-v1+65536+sparse-uniform+density=0.015625,policy-v1,policy,jvm-simd/policy-v1,jmh-average-time-v1,200000000,1,1,score-times-operations
4,spdot-raw+65536+sparse-uniform+density=0.015625,jvm-simd/simd(4 lanes)/simd-sparse/packed-8x4,5,2,1,5,321853,200197608,622.0156655367513,ns,ok,unsupported,arithmetic,a038f25ac66821574b30392dc1d3b189cc287e2c,true,kotlin-2.4.10/jvm/Eclipse Adoptium/25.0.1/JMH 1.37/forks=1,1,3,200000000,spdot-raw-v1+65536+sparse-uniform+density=0.015625,policy-v1,policy,jvm-simd/policy-v1,jmh-average-time-v1,200000000,1,1,score-times-operations
4,spdot-raw+262144+sparse-uniform+density=0.03125,jvm-simd/simd(4 lanes)/simd-sparse/packed-8x4,5,2,1,1,43718,200233573,4580.117411592479,ns,ok,unsupported,arithmetic,a038f25ac66821574b30392dc1d3b189cc287e2c,true,kotlin-2.4.10/jvm/Eclipse Adoptium/25.0.1/JMH 1.37/forks=1,1,3,200000000,spdot-raw-v1+262144+sparse-uniform+density=0.03125,policy-v1,policy,jvm-simd/policy-v1,jmh-average-time-v1,200000000,1,1,score-times-operations
4,spdot-raw+262144+sparse-uniform+density=0.03125,jvm-simd/simd(4 lanes)/simd-sparse/packed-8x4,5,2,1,2,43745,200140623,4575.165687507144,ns,ok,unsupported,arithmetic,a038f25ac66821574b30392dc1d3b189cc287e2c,true,kotlin-2.4.10/jvm/Eclipse Adoptium/25.0.1/JMH 1.37/forks=1,1,3,200000000,spdot-raw-v1+262144+sparse-uniform+density=0.03125,policy-v1,policy,jvm-simd/policy-v1,jmh-average-time-v1,200000000,1,1,score-times-operations
4,spdot-raw+262144+sparse-uniform+density=0.03125,jvm-simd/simd(4 lanes)/simd-sparse/packed-8x4,5,2,1,3,44054,200201689,4544.461093203795,ns,ok,unsupported,arithmetic,a038f25ac66821574b30392dc1d3b189cc287e2c,true,kotlin-2.4.10/jvm/Eclipse Adoptium/25.0.1/JMH 1.37/forks=1,1,3,200000000,spdot-raw-v1+262144+sparse-uniform+density=0.03125,policy-v1,policy,jvm-simd/policy-v1,jmh-average-time-v1,200000000,1,1,score-times-operations
4,spdot-raw+262144+sparse-uniform+density=0.03125,jvm-simd/simd(4 lanes)/simd-sparse/packed-8x4,5,2,1,4,43619,200199485,4589.731195121392,ns,ok,unsupported,arithmetic,a038f25ac66821574b30392dc1d3b189cc287e2c,true,kotlin-2.4.10/jvm/Eclipse Adoptium/25.0.1/JMH 1.37/forks=1,1,3,200000000,spdot-raw-v1+262144+sparse-uniform+density=0.03125,policy-v1,policy,jvm-simd/policy-v1,jmh-average-time-v1,200000000,1,1,score-times-operations
4,spdot-raw+262144+sparse-uniform+density=0.03125,jvm-simd/simd(4 lanes)/simd-sparse/packed-8x4,5,2,1,5,41427,200224920,4833.198638569049,ns,ok,unsupported,arithmetic,a038f25ac66821574b30392dc1d3b189cc287e2c,true,kotlin-2.4.10/jvm/Eclipse Adoptium/25.0.1/JMH 1.37/forks=1,1,3,200000000,spdot-raw-v1+262144+sparse-uniform+density=0.03125,policy-v1,policy,jvm-simd/policy-v1,jmh-average-time-v1,200000000,1,1,score-times-operations
4,spdot-sparse+4096+sparse-uniform+density=0.01,jvm-simd/simd(4 lanes)/simd-sparse/packed-8x4,5,2,1,1,2903277,200186248,68.95182512726137,ns,ok,unsupported,arithmetic,a038f25ac66821574b30392dc1d3b189cc287e2c,true,kotlin-2.4.10/jvm/Eclipse Adoptium/25.0.1/JMH 1.37/forks=1,1,3,200000000,spdot-sparse-v1+4096+sparse-uniform+density=0.01,policy-v1,policy,jvm-simd/policy-v1,jmh-average-time-v1,200000000,1,1,score-times-operations
4,spdot-sparse+4096+sparse-uniform+density=0.01,jvm-simd/simd(4 lanes)/simd-sparse/packed-8x4,5,2,1,2,2670008,200170581,74.97003042687513,ns,ok,unsupported,arithmetic,a038f25ac66821574b30392dc1d3b189cc287e2c,true,kotlin-2.4.10/jvm/Eclipse Adoptium/25.0.1/JMH 1.37/forks=1,1,3,200000000,spdot-sparse-v1+4096+sparse-uniform+density=0.01,policy-v1,policy,jvm-simd/policy-v1,jmh-average-time-v1,200000000,1,1,score-times-operations
4,spdot-sparse+4096+sparse-uniform+density=0.01,jvm-simd/simd(4 lanes)/simd-sparse/packed-8x4,5,2,1,3,2817500,200196149,71.0545338065661,ns,ok,unsupported,arithmetic,a038f25ac66821574b30392dc1d3b189cc287e2c,true,kotlin-2.4.10/jvm/Eclipse Adoptium/25.0.1/JMH 1.37/forks=1,1,3,200000000,spdot-sparse-v1+4096+sparse-uniform+density=0.01,policy-v1,policy,jvm-simd/policy-v1,jmh-average-time-v1,200000000,1,1,score-times-operations
4,spdot-sparse+4096+sparse-uniform+density=0.01,jvm-simd/simd(4 lanes)/simd-sparse/packed-8x4,5,2,1,4,2955479,200124567,67.71307358299619,ns,ok,unsupported,arithmetic,a038f25ac66821574b30392dc1d3b189cc287e2c,true,kotlin-2.4.10/jvm/Eclipse Adoptium/25.0.1/JMH 1.37/forks=1,1,3,200000000,spdot-sparse-v1+4096+sparse-uniform+density=0.01,policy-v1,policy,jvm-simd/policy-v1,jmh-average-time-v1,200000000,1,1,score-times-operations
4,spdot-sparse+4096+sparse-uniform+density=0.01,jvm-simd/simd(4 lanes)/simd-sparse/packed-8x4,5,2,1,5,2984169,200197926,67.08665829582708,ns,ok,unsupported,arithmetic,a038f25ac66821574b30392dc1d3b189cc287e2c,true,kotlin-2.4.10/jvm/Eclipse Adoptium/25.0.1/JMH 1.37/forks=1,1,3,200000000,spdot-sparse-v1+4096+sparse-uniform+density=0.01,policy-v1,policy,jvm-simd/policy-v1,jmh-average-time-v1,200000000,1,1,score-times-operations
4,spaxpy+4096+sparse-uniform+density=0.01,jvm-simd/simd(4 lanes)/simd-sparse/packed-8x4,5,2,1,1,235651,200257757,849.8065232059274,ns,ok,direct,reset-and-arithmetic,a038f25ac66821574b30392dc1d3b189cc287e2c,true,kotlin-2.4.10/jvm/Eclipse Adoptium/25.0.1/JMH 1.37/forks=1,1,3,200000000,spaxpy-v1+4096+sparse-uniform+density=0.01,policy-v1,policy,jvm-simd/policy-v1,jmh-average-time-v1,200000000,1,1,score-times-operations
4,spaxpy+4096+sparse-uniform+density=0.01,jvm-simd/simd(4 lanes)/simd-sparse/packed-8x4,5,2,1,2,258242,200164820,775.105598624546,ns,ok,direct,reset-and-arithmetic,a038f25ac66821574b30392dc1d3b189cc287e2c,true,kotlin-2.4.10/jvm/Eclipse Adoptium/25.0.1/JMH 1.37/forks=1,1,3,200000000,spaxpy-v1+4096+sparse-uniform+density=0.01,policy-v1,policy,jvm-simd/policy-v1,jmh-average-time-v1,200000000,1,1,score-times-operations
4,spaxpy+4096+sparse-uniform+density=0.01,jvm-simd/simd(4 lanes)/simd-sparse/packed-8x4,5,2,1,3,202324,200140297,989.206900812558,ns,ok,direct,reset-and-arithmetic,a038f25ac66821574b30392dc1d3b189cc287e2c,true,kotlin-2.4.10/jvm/Eclipse Adoptium/25.0.1/JMH 1.37/forks=1,1,3,200000000,spaxpy-v1+4096+sparse-uniform+density=0.01,policy-v1,policy,jvm-simd/policy-v1,jmh-average-time-v1,200000000,1,1,score-times-operations
4,spaxpy+4096+sparse-uniform+density=0.01,jvm-simd/simd(4 lanes)/simd-sparse/packed-8x4,5,2,1,4,224284,200140040,892.3509479053344,ns,ok,direct,reset-and-arithmetic,a038f25ac66821574b30392dc1d3b189cc287e2c,true,kotlin-2.4.10/jvm/Eclipse Adoptium/25.0.1/JMH 1.37/forks=1,1,3,200000000,spaxpy-v1+4096+sparse-uniform+density=0.01,policy-v1,policy,jvm-simd/policy-v1,jmh-average-time-v1,200000000,1,1,score-times-operations
4,spaxpy+4096+sparse-uniform+density=0.01,jvm-simd/simd(4 lanes)/simd-sparse/packed-8x4,5,2,1,5,244394,200258294,819.4075713806394,ns,ok,direct,reset-and-arithmetic,a038f25ac66821574b30392dc1d3b189cc287e2c,true,kotlin-2.4.10/jvm/Eclipse Adoptium/25.0.1/JMH 1.37/forks=1,1,3,200000000,spaxpy-v1+4096+sparse-uniform+density=0.01,policy-v1,policy,jvm-simd/policy-v1,jmh-average-time-v1,200000000,1,1,score-times-operations
4,spaxpy-raw+64+sparse-uniform+density=0.125,jvm-simd/simd(4 lanes)/simd-sparse/packed-8x4,5,2,1,1,11764747,200186398,17.015784359833663,ns,ok,unsupported,reset-and-arithmetic,a038f25ac66821574b30392dc1d3b189cc287e2c,true,kotlin-2.4.10/jvm/Eclipse Adoptium/25.0.1/JMH 1.37/forks=1,1,3,200000000,spaxpy-raw-v1+64+sparse-uniform+density=0.125,policy-v1,policy,jvm-simd/policy-v1,jmh-average-time-v1,200000000,1,1,score-times-operations
4,spaxpy-raw+64+sparse-uniform+density=0.125,jvm-simd/simd(4 lanes)/simd-sparse/packed-8x4,5,2,1,2,11691639,200155477,17.119539612880622,ns,ok,unsupported,reset-and-arithmetic,a038f25ac66821574b30392dc1d3b189cc287e2c,true,kotlin-2.4.10/jvm/Eclipse Adoptium/25.0.1/JMH 1.37/forks=1,1,3,200000000,spaxpy-raw-v1+64+sparse-uniform+density=0.125,policy-v1,policy,jvm-simd/policy-v1,jmh-average-time-v1,200000000,1,1,score-times-operations
4,spaxpy-raw+64+sparse-uniform+density=0.125,jvm-simd/simd(4 lanes)/simd-sparse/packed-8x4,5,2,1,3,10836539,200198148,18.474362340226893,ns,ok,unsupported,reset-and-arithmetic,a038f25ac66821574b30392dc1d3b189cc287e2c,true,kotlin-2.4.10/jvm/Eclipse Adoptium/25.0.1/JMH 1.37/forks=1,1,3,200000000,spaxpy-raw-v1+64+sparse-uniform+density=0.125,policy-v1,policy,jvm-simd/policy-v1,jmh-average-time-v1,200000000,1,1,score-times-operations
4,spaxpy-raw+64+sparse-uniform+density=0.125,jvm-simd/simd(4 lanes)/simd-sparse/packed-8x4,5,2,1,4,11124240,200126827,17.99015726018137,ns,ok,unsupported,reset-and-arithmetic,a038f25ac66821574b30392dc1d3b189cc287e2c,true,kotlin-2.4.10/jvm/Eclipse Adoptium/25.0.1/JMH 1.37/forks=1,1,3,200000000,spaxpy-raw-v1+64+sparse-uniform+density=0.125,policy-v1,policy,jvm-simd/policy-v1,jmh-average-time-v1,200000000,1,1,score-times-operations
4,spaxpy-raw+64+sparse-uniform+density=0.125,jvm-simd/simd(4 lanes)/simd-sparse/packed-8x4,5,2,1,5,10820596,200127423,18.495046206327267,ns,ok,unsupported,reset-and-arithmetic,a038f25ac66821574b30392dc1d3b189cc287e2c,true,kotlin-2.4.10/jvm/Eclipse Adoptium/25.0.1/JMH 1.37/forks=1,1,3,200000000,spaxpy-raw-v1+64+sparse-uniform+density=0.125,policy-v1,policy,jvm-simd/policy-v1,jmh-average-time-v1,200000000,1,1,score-times-operations
4,spaxpy-raw+4096+sparse-uniform+density=0.0625,jvm-simd/simd(4 lanes)/simd-sparse/packed-8x4,5,2,1,1,231133,200134841,865.8860526190548,ns,ok,unsupported,reset-and-arithmetic,a038f25ac66821574b30392dc1d3b189cc287e2c,true,kotlin-2.4.10/jvm/Eclipse Adoptium/25.0.1/JMH 1.37/forks=1,1,3,200000000,spaxpy-raw-v1+4096+sparse-uniform+density=0.0625,policy-v1,policy,jvm-simd/policy-v1,jmh-average-time-v1,200000000,1,1,score-times-operations
4,spaxpy-raw+4096+sparse-uniform+density=0.0625,jvm-simd/simd(4 lanes)/simd-sparse/packed-8x4,5,2,1,2,243848,200280159,821.3319731964175,ns,ok,unsupported,reset-and-arithmetic,a038f25ac66821574b30392dc1d3b189cc287e2c,true,kotlin-2.4.10/jvm/Eclipse Adoptium/25.0.1/JMH 1.37/forks=1,1,3,200000000,spaxpy-raw-v1+4096+sparse-uniform+density=0.0625,policy-v1,policy,jvm-simd/policy-v1,jmh-average-time-v1,200000000,1,1,score-times-operations
4,spaxpy-raw+4096+sparse-uniform+density=0.0625,jvm-simd/simd(4 lanes)/simd-sparse/packed-8x4,5,2,1,3,242287,200186794,826.238279395923,ns,ok,unsupported,reset-and-arithmetic,a038f25ac66821574b30392dc1d3b189cc287e2c,true,kotlin-2.4.10/jvm/Eclipse Adoptium/25.0.1/JMH 1.37/forks=1,1,3,200000000,spaxpy-raw-v1+4096+sparse-uniform+density=0.0625,policy-v1,policy,jvm-simd/policy-v1,jmh-average-time-v1,200000000,1,1,score-times-operations
4,spaxpy-raw+4096+sparse-uniform+density=0.0625,jvm-simd/simd(4 lanes)/simd-sparse/packed-8x4,5,2,1,4,218472,200211225,916.415948039108,ns,ok,unsupported,reset-and-arithmetic,a038f25ac66821574b30392dc1d3b189cc287e2c,true,kotlin-2.4.10/jvm/Eclipse Adoptium/25.0.1/JMH 1.37/forks=1,1,3,200000000,spaxpy-raw-v1+4096+sparse-uniform+density=0.0625,policy-v1,policy,jvm-simd/policy-v1,jmh-average-time-v1,200000000,1,1,score-times-operations
4,spaxpy-raw+4096+sparse-uniform+density=0.0625,jvm-simd/simd(4 lanes)/simd-sparse/packed-8x4,5,2,1,5,232300,200160737,861.6475979337064,ns,ok,unsupported,reset-and-arithmetic,a038f25ac66821574b30392dc1d3b189cc287e2c,true,kotlin-2.4.10/jvm/Eclipse Adoptium/25.0.1/JMH 1.37/forks=1,1,3,200000000,spaxpy-raw-v1+4096+sparse-uniform+density=0.0625,policy-v1,policy,jvm-simd/policy-v1,jmh-average-time-v1,200000000,1,1,score-times-operations
4,spaxpy-raw+65536+sparse-uniform+density=0.015625,jvm-simd/simd(4 lanes)/simd-sparse/packed-8x4,5,2,1,1,14291,200193393,14008.35441886502,ns,ok,unsupported,reset-and-arithmetic,a038f25ac66821574b30392dc1d3b189cc287e2c,true,kotlin-2.4.10/jvm/Eclipse Adoptium/25.0.1/JMH 1.37/forks=1,1,3,200000000,spaxpy-raw-v1+65536+sparse-uniform+density=0.015625,policy-v1,policy,jvm-simd/policy-v1,jmh-average-time-v1,200000000,1,1,score-times-operations
4,spaxpy-raw+65536+sparse-uniform+density=0.015625,jvm-simd/simd(4 lanes)/simd-sparse/packed-8x4,5,2,1,2,14267,200166520,14030.035746828346,ns,ok,unsupported,reset-and-arithmetic,a038f25ac66821574b30392dc1d3b189cc287e2c,true,kotlin-2.4.10/jvm/Eclipse Adoptium/25.0.1/JMH 1.37/forks=1,1,3,200000000,spaxpy-raw-v1+65536+sparse-uniform+density=0.015625,policy-v1,policy,jvm-simd/policy-v1,jmh-average-time-v1,200000000,1,1,score-times-operations
4,spaxpy-raw+65536+sparse-uniform+density=0.015625,jvm-simd/simd(4 lanes)/simd-sparse/packed-8x4,5,2,1,3,14331,200127967,13964.689623892262,ns,ok,unsupported,reset-and-arithmetic,a038f25ac66821574b30392dc1d3b189cc287e2c,true,kotlin-2.4.10/jvm/Eclipse Adoptium/25.0.1/JMH 1.37/forks=1,1,3,200000000,spaxpy-raw-v1+65536+sparse-uniform+density=0.015625,policy-v1,policy,jvm-simd/policy-v1,jmh-average-time-v1,200000000,1,1,score-times-operations
4,spaxpy-raw+65536+sparse-uniform+density=0.015625,jvm-simd/simd(4 lanes)/simd-sparse/packed-8x4,5,2,1,4,14303,200133642,13992.424106830735,ns,ok,unsupported,reset-and-arithmetic,a038f25ac66821574b30392dc1d3b189cc287e2c,true,kotlin-2.4.10/jvm/Eclipse Adoptium/25.0.1/JMH 1.37/forks=1,1,3,200000000,spaxpy-raw-v1+65536+sparse-uniform+density=0.015625,policy-v1,policy,jvm-simd/policy-v1,jmh-average-time-v1,200000000,1,1,score-times-operations
4,spaxpy-raw+65536+sparse-uniform+density=0.015625,jvm-simd/simd(4 lanes)/simd-sparse/packed-8x4,5,2,1,5,14465,200219714,13841.667058416868,ns,ok,unsupported,reset-and-arithmetic,a038f25ac66821574b30392dc1d3b189cc287e2c,true,kotlin-2.4.10/jvm/Eclipse Adoptium/25.0.1/JMH 1.37/forks=1,1,3,200000000,spaxpy-raw-v1+65536+sparse-uniform+density=0.015625,policy-v1,policy,jvm-simd/policy-v1,jmh-average-time-v1,200000000,1,1,score-times-operations
4,spaxpy-raw+262144+sparse-uniform+density=0.03125,jvm-simd/simd(4 lanes)/simd-sparse/packed-8x4,5,2,1,1,1553,200147596,128878.0399227302,ns,ok,unsupported,reset-and-arithmetic,a038f25ac66821574b30392dc1d3b189cc287e2c,true,kotlin-2.4.10/jvm/Eclipse Adoptium/25.0.1/JMH 1.37/forks=1,1,3,200000000,spaxpy-raw-v1+262144+sparse-uniform+density=0.03125,policy-v1,policy,jvm-simd/policy-v1,jmh-average-time-v1,200000000,1,1,score-times-operations
4,spaxpy-raw+262144+sparse-uniform+density=0.03125,jvm-simd/simd(4 lanes)/simd-sparse/packed-8x4,5,2,1,2,1742,200217705,114935.53673938003,ns,ok,unsupported,reset-and-arithmetic,a038f25ac66821574b30392dc1d3b189cc287e2c,true,kotlin-2.4.10/jvm/Eclipse Adoptium/25.0.1/JMH 1.37/forks=1,1,3,200000000,spaxpy-raw-v1+262144+sparse-uniform+density=0.03125,policy-v1,policy,jvm-simd/policy-v1,jmh-average-time-v1,200000000,1,1,score-times-operations
4,spaxpy-raw+262144+sparse-uniform+density=0.03125,jvm-simd/simd(4 lanes)/simd-sparse/packed-8x4,5,2,1,3,1860,200341906,107710.70215053763,ns,ok,unsupported,reset-and-arithmetic,a038f25ac66821574b30392dc1d3b189cc287e2c,true,kotlin-2.4.10/jvm/Eclipse Adoptium/25.0.1/JMH 1.37/forks=1,1,3,200000000,spaxpy-raw-v1+262144+sparse-uniform+density=0.03125,policy-v1,policy,jvm-simd/policy-v1,jmh-average-time-v1,200000000,1,1,score-times-operations
4,spaxpy-raw+262144+sparse-uniform+density=0.03125,jvm-simd/simd(4 lanes)/simd-sparse/packed-8x4,5,2,1,4,1808,200293330,110781.70907079647,ns,ok,unsupported,reset-and-arithmetic,a038f25ac66821574b30392dc1d3b189cc287e2c,true,kotlin-2.4.10/jvm/Eclipse Adoptium/25.0.1/JMH 1.37/forks=1,1,3,200000000,spaxpy-raw-v1+262144+sparse-uniform+density=0.03125,policy-v1,policy,jvm-simd/policy-v1,jmh-average-time-v1,200000000,1,1,score-times-operations
4,spaxpy-raw+262144+sparse-uniform+density=0.03125,jvm-simd/simd(4 lanes)/simd-sparse/packed-8x4,5,2,1,5,1835,200220235,109111.8446866485,ns,ok,unsupported,reset-and-arithmetic,a038f25ac66821574b30392dc1d3b189cc287e2c,true,kotlin-2.4.10/jvm/Eclipse Adoptium/25.0.1/JMH 1.37/forks=1,1,3,200000000,spaxpy-raw-v1+262144+sparse-uniform+density=0.03125,policy-v1,policy,jvm-simd/policy-v1,jmh-average-time-v1,200000000,1,1,score-times-operations
4,spnrm2+4096+sparse-uniform+density=0.01,jvm-simd/simd(4 lanes)/simd-sparse/packed-8x4,5,2,1,1,17963953,200100239,11.138987003584345,ns,ok,unsupported,arithmetic,a038f25ac66821574b30392dc1d3b189cc287e2c,true,kotlin-2.4.10/jvm/Eclipse Adoptium/25.0.1/JMH 1.37/forks=1,1,3,200000000,spnrm2-v1+4096+sparse-uniform+density=0.01,policy-v1,policy,jvm-simd/policy-v1,jmh-average-time-v1,200000000,1,1,score-times-operations
4,spnrm2+4096+sparse-uniform+density=0.01,jvm-simd/simd(4 lanes)/simd-sparse/packed-8x4,5,2,1,2,17043953,200183399,11.745127377434097,ns,ok,unsupported,arithmetic,a038f25ac66821574b30392dc1d3b189cc287e2c,true,kotlin-2.4.10/jvm/Eclipse Adoptium/25.0.1/JMH 1.37/forks=1,1,3,200000000,spnrm2-v1+4096+sparse-uniform+density=0.01,policy-v1,policy,jvm-simd/policy-v1,jmh-average-time-v1,200000000,1,1,score-times-operations
4,spnrm2+4096+sparse-uniform+density=0.01,jvm-simd/simd(4 lanes)/simd-sparse/packed-8x4,5,2,1,3,16627299,200160607,12.038071066142493,ns,ok,unsupported,arithmetic,a038f25ac66821574b30392dc1d3b189cc287e2c,true,kotlin-2.4.10/jvm/Eclipse Adoptium/25.0.1/JMH 1.37/forks=1,1,3,200000000,spnrm2-v1+4096+sparse-uniform+density=0.01,policy-v1,policy,jvm-simd/policy-v1,jmh-average-time-v1,200000000,1,1,score-times-operations
4,spnrm2+4096+sparse-uniform+density=0.01,jvm-simd/simd(4 lanes)/simd-sparse/packed-8x4,5,2,1,4,18350095,200231397,10.911736260765952,ns,ok,unsupported,arithmetic,a038f25ac66821574b30392dc1d3b189cc287e2c,true,kotlin-2.4.10/jvm/Eclipse Adoptium/25.0.1/JMH 1.37/forks=1,1,3,200000000,spnrm2-v1+4096+sparse-uniform+density=0.01,policy-v1,policy,jvm-simd/policy-v1,jmh-average-time-v1,200000000,1,1,score-times-operations
4,spnrm2+4096+sparse-uniform+density=0.01,jvm-simd/simd(4 lanes)/simd-sparse/packed-8x4,5,2,1,5,17816362,200172099,11.235295903843893,ns,ok,unsupported,arithmetic,a038f25ac66821574b30392dc1d3b189cc287e2c,true,kotlin-2.4.10/jvm/Eclipse Adoptium/25.0.1/JMH 1.37/forks=1,1,3,200000000,spnrm2-v1+4096+sparse-uniform+density=0.01,policy-v1,policy,jvm-simd/policy-v1,jmh-average-time-v1,200000000,1,1,score-times-operations
4,spnrm2-indexed+4096+sparse-uniform+density=0.01,jvm-simd/simd(4 lanes)/simd-sparse/packed-8x4,5,2,1,1,7055265,200258744,28.38429796754622,ns,ok,unsupported,arithmetic,a038f25ac66821574b30392dc1d3b189cc287e2c,true,kotlin-2.4.10/jvm/Eclipse Adoptium/25.0.1/JMH 1.37/forks=1,1,3,200000000,spnrm2-indexed-v1+4096+sparse-uniform+density=0.01,policy-v1,policy,jvm-simd/policy-v1,jmh-average-time-v1,200000000,1,1,score-times-operations
4,spnrm2-indexed+4096+sparse-uniform+density=0.01,jvm-simd/simd(4 lanes)/simd-sparse/packed-8x4,5,2,1,2,7039628,200164327,28.43393528748962,ns,ok,unsupported,arithmetic,a038f25ac66821574b30392dc1d3b189cc287e2c,true,kotlin-2.4.10/jvm/Eclipse Adoptium/25.0.1/JMH 1.37/forks=1,1,3,200000000,spnrm2-indexed-v1+4096+sparse-uniform+density=0.01,policy-v1,policy,jvm-simd/policy-v1,jmh-average-time-v1,200000000,1,1,score-times-operations
4,spnrm2-indexed+4096+sparse-uniform+density=0.01,jvm-simd/simd(4 lanes)/simd-sparse/packed-8x4,5,2,1,3,7105092,200106939,28.16387725873219,ns,ok,unsupported,arithmetic,a038f25ac66821574b30392dc1d3b189cc287e2c,true,kotlin-2.4.10/jvm/Eclipse Adoptium/25.0.1/JMH 1.37/forks=1,1,3,200000000,spnrm2-indexed-v1+4096+sparse-uniform+density=0.01,policy-v1,policy,jvm-simd/policy-v1,jmh-average-time-v1,200000000,1,1,score-times-operations
4,spnrm2-indexed+4096+sparse-uniform+density=0.01,jvm-simd/simd(4 lanes)/simd-sparse/packed-8x4,5,2,1,4,7092390,200298457,28.2413202037677,ns,ok,unsupported,arithmetic,a038f25ac66821574b30392dc1d3b189cc287e2c,true,kotlin-2.4.10/jvm/Eclipse Adoptium/25.0.1/JMH 1.37/forks=1,1,3,200000000,spnrm2-indexed-v1+4096+sparse-uniform+density=0.01,policy-v1,policy,jvm-simd/policy-v1,jmh-average-time-v1,200000000,1,1,score-times-operations
4,spnrm2-indexed+4096+sparse-uniform+density=0.01,jvm-simd/simd(4 lanes)/simd-sparse/packed-8x4,5,2,1,5,7121248,200161200,28.107601364255252,ns,ok,unsupported,arithmetic,a038f25ac66821574b30392dc1d3b189cc287e2c,true,kotlin-2.4.10/jvm/Eclipse Adoptium/25.0.1/JMH 1.37/forks=1,1,3,200000000,spnrm2-indexed-v1+4096+sparse-uniform+density=0.01,policy-v1,policy,jvm-simd/policy-v1,jmh-average-time-v1,200000000,1,1,score-times-operations
4,spnrm2-indexed+4096+sparse-uniform+density=0.5,jvm-simd/simd(4 lanes)/simd-sparse/packed-8x4,5,2,1,1,208028,200214956,962.4423442998058,ns,ok,unsupported,arithmetic,a038f25ac66821574b30392dc1d3b189cc287e2c,true,kotlin-2.4.10/jvm/Eclipse Adoptium/25.0.1/JMH 1.37/forks=1,1,3,200000000,spnrm2-indexed-v1+4096+sparse-uniform+density=0.5,policy-v1,policy,jvm-simd/policy-v1,jmh-average-time-v1,200000000,1,1,score-times-operations
4,spnrm2-indexed+4096+sparse-uniform+density=0.5,jvm-simd/simd(4 lanes)/simd-sparse/packed-8x4,5,2,1,2,212455,200139328,942.0316208138194,ns,ok,unsupported,arithmetic,a038f25ac66821574b30392dc1d3b189cc287e2c,true,kotlin-2.4.10/jvm/Eclipse Adoptium/25.0.1/JMH 1.37/forks=1,1,3,200000000,spnrm2-indexed-v1+4096+sparse-uniform+density=0.5,policy-v1,policy,jvm-simd/policy-v1,jmh-average-time-v1,200000000,1,1,score-times-operations
4,spnrm2-indexed+4096+sparse-uniform+density=0.5,jvm-simd/simd(4 lanes)/simd-sparse/packed-8x4,5,2,1,3,214494,200404167,934.3112954208509,ns,ok,unsupported,arithmetic,a038f25ac66821574b30392dc1d3b189cc287e2c,true,kotlin-2.4.10/jvm/Eclipse Adoptium/25.0.1/JMH 1.37/forks=1,1,3,200000000,spnrm2-indexed-v1+4096+sparse-uniform+density=0.5,policy-v1,policy,jvm-simd/policy-v1,jmh-average-time-v1,200000000,1,1,score-times-operations
4,spnrm2-indexed+4096+sparse-uniform+density=0.5,jvm-simd/simd(4 lanes)/simd-sparse/packed-8x4,5,2,1,4,213860,200259491,936.404615168802,ns,ok,unsupported,arithmetic,a038f25ac66821574b30392dc1d3b189cc287e2c,true,kotlin-2.4.10/jvm/Eclipse Adoptium/25.0.1/JMH 1.37/forks=1,1,3,200000000,spnrm2-indexed-v1+4096+sparse-uniform+density=0.5,policy-v1,policy,jvm-simd/policy-v1,jmh-average-time-v1,200000000,1,1,score-times-operations
4,spnrm2-indexed+4096+sparse-uniform+density=0.5,jvm-simd/simd(4 lanes)/simd-sparse/packed-8x4,5,2,1,5,167350,200144772,1195.9651747833882,ns,ok,unsupported,arithmetic,a038f25ac66821574b30392dc1d3b189cc287e2c,true,kotlin-2.4.10/jvm/Eclipse Adoptium/25.0.1/JMH 1.37/forks=1,1,3,200000000,spnrm2-indexed-v1+4096+sparse-uniform+density=0.5,policy-v1,policy,jvm-simd/policy-v1,jmh-average-time-v1,200000000,1,1,score-times-operations
4,spnrm2-indexed+262144+sparse-uniform+density=0.03125,jvm-simd/simd(4 lanes)/simd-sparse/packed-8x4,5,2,1,1,44998,200162333,4448.249544424197,ns,ok,unsupported,arithmetic,a038f25ac66821574b30392dc1d3b189cc287e2c,true,kotlin-2.4.10/jvm/Eclipse Adoptium/25.0.1/JMH 1.37/forks=1,1,3,200000000,spnrm2-indexed-v1+262144+sparse-uniform+density=0.03125,policy-v1,policy,jvm-simd/policy-v1,jmh-average-time-v1,200000000,1,1,score-times-operations
4,spnrm2-indexed+262144+sparse-uniform+density=0.03125,jvm-simd/simd(4 lanes)/simd-sparse/packed-8x4,5,2,1,2,46107,200265890,4343.502938816232,ns,ok,unsupported,arithmetic,a038f25ac66821574b30392dc1d3b189cc287e2c,true,kotlin-2.4.10/jvm/Eclipse Adoptium/25.0.1/JMH 1.37/forks=1,1,3,200000000,spnrm2-indexed-v1+262144+sparse-uniform+density=0.03125,policy-v1,policy,jvm-simd/policy-v1,jmh-average-time-v1,200000000,1,1,score-times-operations
4,spnrm2-indexed+262144+sparse-uniform+density=0.03125,jvm-simd/simd(4 lanes)/simd-sparse/packed-8x4,5,2,1,3,45323,200247411,4418.229397877458,ns,ok,unsupported,arithmetic,a038f25ac66821574b30392dc1d3b189cc287e2c,true,kotlin-2.4.10/jvm/Eclipse Adoptium/25.0.1/JMH 1.37/forks=1,1,3,200000000,spnrm2-indexed-v1+262144+sparse-uniform+density=0.03125,policy-v1,policy,jvm-simd/policy-v1,jmh-average-time-v1,200000000,1,1,score-times-operations
4,spnrm2-indexed+262144+sparse-uniform+density=0.03125,jvm-simd/simd(4 lanes)/simd-sparse/packed-8x4,5,2,1,4,46032,200169586,4348.48770420577,ns,ok,unsupported,arithmetic,a038f25ac66821574b30392dc1d3b189cc287e2c,true,kotlin-2.4.10/jvm/Eclipse Adoptium/25.0.1/JMH 1.37/forks=1,1,3,200000000,spnrm2-indexed-v1+262144+sparse-uniform+density=0.03125,policy-v1,policy,jvm-simd/policy-v1,jmh-average-time-v1,200000000,1,1,score-times-operations
4,spnrm2-indexed+262144+sparse-uniform+density=0.03125,jvm-simd/simd(4 lanes)/simd-sparse/packed-8x4,5,2,1,5,46180,200161372,4334.373581637073,ns,ok,unsupported,arithmetic,a038f25ac66821574b30392dc1d3b189cc287e2c,true,kotlin-2.4.10/jvm/Eclipse Adoptium/25.0.1/JMH 1.37/forks=1,1,3,200000000,spnrm2-indexed-v1+262144+sparse-uniform+density=0.03125,policy-v1,policy,jvm-simd/policy-v1,jmh-average-time-v1,200000000,1,1,score-times-operations
4,spasum+4096+sparse-uniform+density=0.01,jvm-simd/simd(4 lanes)/simd-sparse/packed-8x4,5,2,1,1,20574439,200158896,9.728522658625103,ns,ok,unsupported,arithmetic,a038f25ac66821574b30392dc1d3b189cc287e2c,true,kotlin-2.4.10/jvm/Eclipse Adoptium/25.0.1/JMH 1.37/forks=1,1,3,200000000,spasum-v1+4096+sparse-uniform+density=0.01,policy-v1,policy,jvm-simd/policy-v1,jmh-average-time-v1,200000000,1,1,score-times-operations
4,spasum+4096+sparse-uniform+density=0.01,jvm-simd/simd(4 lanes)/simd-sparse/packed-8x4,5,2,1,2,20628405,200176335,9.703917244207684,ns,ok,unsupported,arithmetic,a038f25ac66821574b30392dc1d3b189cc287e2c,true,kotlin-2.4.10/jvm/Eclipse Adoptium/25.0.1/JMH 1.37/forks=1,1,3,200000000,spasum-v1+4096+sparse-uniform+density=0.01,policy-v1,policy,jvm-simd/policy-v1,jmh-average-time-v1,200000000,1,1,score-times-operations
4,spasum+4096+sparse-uniform+density=0.01,jvm-simd/simd(4 lanes)/simd-sparse/packed-8x4,5,2,1,3,20207742,200308199,9.912448357664108,ns,ok,unsupported,arithmetic,a038f25ac66821574b30392dc1d3b189cc287e2c,true,kotlin-2.4.10/jvm/Eclipse Adoptium/25.0.1/JMH 1.37/forks=1,1,3,200000000,spasum-v1+4096+sparse-uniform+density=0.01,policy-v1,policy,jvm-simd/policy-v1,jmh-average-time-v1,200000000,1,1,score-times-operations
4,spasum+4096+sparse-uniform+density=0.01,jvm-simd/simd(4 lanes)/simd-sparse/packed-8x4,5,2,1,4,20509207,200237156,9.763281242419563,ns,ok,unsupported,arithmetic,a038f25ac66821574b30392dc1d3b189cc287e2c,true,kotlin-2.4.10/jvm/Eclipse Adoptium/25.0.1/JMH 1.37/forks=1,1,3,200000000,spasum-v1+4096+sparse-uniform+density=0.01,policy-v1,policy,jvm-simd/policy-v1,jmh-average-time-v1,200000000,1,1,score-times-operations
4,spasum+4096+sparse-uniform+density=0.01,jvm-simd/simd(4 lanes)/simd-sparse/packed-8x4,5,2,1,5,20514763,200265206,9.762004367293933,ns,ok,unsupported,arithmetic,a038f25ac66821574b30392dc1d3b189cc287e2c,true,kotlin-2.4.10/jvm/Eclipse Adoptium/25.0.1/JMH 1.37/forks=1,1,3,200000000,spasum-v1+4096+sparse-uniform+density=0.01,policy-v1,policy,jvm-simd/policy-v1,jmh-average-time-v1,200000000,1,1,score-times-operations
4,spscatter+4096+sparse-uniform+density=0.01,jvm-simd/simd(4 lanes)/simd-sparse/packed-8x4,5,2,1,1,238028,200303126,841.5107718419682,ns,ok,direct,reset-and-arithmetic,a038f25ac66821574b30392dc1d3b189cc287e2c,true,kotlin-2.4.10/jvm/Eclipse Adoptium/25.0.1/JMH 1.37/forks=1,1,3,200000000,spscatter-v1+4096+sparse-uniform+density=0.01,policy-v1,policy,jvm-simd/policy-v1,jmh-average-time-v1,200000000,1,1,score-times-operations
4,spscatter+4096+sparse-uniform+density=0.01,jvm-simd/simd(4 lanes)/simd-sparse/packed-8x4,5,2,1,2,236940,200195435,844.9203806870938,ns,ok,direct,reset-and-arithmetic,a038f25ac66821574b30392dc1d3b189cc287e2c,true,kotlin-2.4.10/jvm/Eclipse Adoptium/25.0.1/JMH 1.37/forks=1,1,3,200000000,spscatter-v1+4096+sparse-uniform+density=0.01,policy-v1,policy,jvm-simd/policy-v1,jmh-average-time-v1,200000000,1,1,score-times-operations
4,spscatter+4096+sparse-uniform+density=0.01,jvm-simd/simd(4 lanes)/simd-sparse/packed-8x4,5,2,1,3,254678,200233848,786.2235764376978,ns,ok,direct,reset-and-arithmetic,a038f25ac66821574b30392dc1d3b189cc287e2c,true,kotlin-2.4.10/jvm/Eclipse Adoptium/25.0.1/JMH 1.37/forks=1,1,3,200000000,spscatter-v1+4096+sparse-uniform+density=0.01,policy-v1,policy,jvm-simd/policy-v1,jmh-average-time-v1,200000000,1,1,score-times-operations
4,spscatter+4096+sparse-uniform+density=0.01,jvm-simd/simd(4 lanes)/simd-sparse/packed-8x4,5,2,1,4,250975,200360533,798.3286502639705,ns,ok,direct,reset-and-arithmetic,a038f25ac66821574b30392dc1d3b189cc287e2c,true,kotlin-2.4.10/jvm/Eclipse Adoptium/25.0.1/JMH 1.37/forks=1,1,3,200000000,spscatter-v1+4096+sparse-uniform+density=0.01,policy-v1,policy,jvm-simd/policy-v1,jmh-average-time-v1,200000000,1,1,score-times-operations
4,spscatter+4096+sparse-uniform+density=0.01,jvm-simd/simd(4 lanes)/simd-sparse/packed-8x4,5,2,1,5,246968,200237377,810.7826803472515,ns,ok,direct,reset-and-arithmetic,a038f25ac66821574b30392dc1d3b189cc287e2c,true,kotlin-2.4.10/jvm/Eclipse Adoptium/25.0.1/JMH 1.37/forks=1,1,3,200000000,spscatter-v1+4096+sparse-uniform+density=0.01,policy-v1,policy,jvm-simd/policy-v1,jmh-average-time-v1,200000000,1,1,score-times-operations
4,spscatter-raw+64+sparse-uniform+density=0.125,jvm-simd/simd(4 lanes)/simd-sparse/packed-8x4,5,2,1,1,12869791,200194763,15.555401249328758,ns,ok,unsupported,reset-and-arithmetic,a038f25ac66821574b30392dc1d3b189cc287e2c,true,kotlin-2.4.10/jvm/Eclipse Adoptium/25.0.1/JMH 1.37/forks=1,1,3,200000000,spscatter-raw-v1+64+sparse-uniform+density=0.125,policy-v1,policy,jvm-simd/policy-v1,jmh-average-time-v1,200000000,1,1,score-times-operations
4,spscatter-raw+64+sparse-uniform+density=0.125,jvm-simd/simd(4 lanes)/simd-sparse/packed-8x4,5,2,1,2,12742457,200179027,15.709609771490694,ns,ok,unsupported,reset-and-arithmetic,a038f25ac66821574b30392dc1d3b189cc287e2c,true,kotlin-2.4.10/jvm/Eclipse Adoptium/25.0.1/JMH 1.37/forks=1,1,3,200000000,spscatter-raw-v1+64+sparse-uniform+density=0.125,policy-v1,policy,jvm-simd/policy-v1,jmh-average-time-v1,200000000,1,1,score-times-operations
4,spscatter-raw+64+sparse-uniform+density=0.125,jvm-simd/simd(4 lanes)/simd-sparse/packed-8x4,5,2,1,3,12705568,200223721,15.758738294895592,ns,ok,unsupported,reset-and-arithmetic,a038f25ac66821574b30392dc1d3b189cc287e2c,true,kotlin-2.4.10/jvm/Eclipse Adoptium/25.0.1/JMH 1.37/forks=1,1,3,200000000,spscatter-raw-v1+64+sparse-uniform+density=0.125,policy-v1,policy,jvm-simd/policy-v1,jmh-average-time-v1,200000000,1,1,score-times-operations
4,spscatter-raw+64+sparse-uniform+density=0.125,jvm-simd/simd(4 lanes)/simd-sparse/packed-8x4,5,2,1,4,12494463,200142012,16.018456495489243,ns,ok,unsupported,reset-and-arithmetic,a038f25ac66821574b30392dc1d3b189cc287e2c,true,kotlin-2.4.10/jvm/Eclipse Adoptium/25.0.1/JMH 1.37/forks=1,1,3,200000000,spscatter-raw-v1+64+sparse-uniform+density=0.125,policy-v1,policy,jvm-simd/policy-v1,jmh-average-time-v1,200000000,1,1,score-times-operations
4,spscatter-raw+64+sparse-uniform+density=0.125,jvm-simd/simd(4 lanes)/simd-sparse/packed-8x4,5,2,1,5,12527948,200195304,15.979895829708106,ns,ok,unsupported,reset-and-arithmetic,a038f25ac66821574b30392dc1d3b189cc287e2c,true,kotlin-2.4.10/jvm/Eclipse Adoptium/25.0.1/JMH 1.37/forks=1,1,3,200000000,spscatter-raw-v1+64+sparse-uniform+density=0.125,policy-v1,policy,jvm-simd/policy-v1,jmh-average-time-v1,200000000,1,1,score-times-operations
4,spscatter-raw+4096+sparse-uniform+density=0.0625,jvm-simd/simd(4 lanes)/simd-sparse/packed-8x4,5,2,1,1,191532,200136893,1044.9266597748679,ns,ok,unsupported,reset-and-arithmetic,a038f25ac66821574b30392dc1d3b189cc287e2c,true,kotlin-2.4.10/jvm/Eclipse Adoptium/25.0.1/JMH 1.37/forks=1,1,3,200000000,spscatter-raw-v1+4096+sparse-uniform+density=0.0625,policy-v1,policy,jvm-simd/policy-v1,jmh-average-time-v1,200000000,1,1,score-times-operations
4,spscatter-raw+4096+sparse-uniform+density=0.0625,jvm-simd/simd(4 lanes)/simd-sparse/packed-8x4,5,2,1,2,188477,200148322,1061.924383346509,ns,ok,unsupported,reset-and-arithmetic,a038f25ac66821574b30392dc1d3b189cc287e2c,true,kotlin-2.4.10/jvm/Eclipse Adoptium/25.0.1/JMH 1.37/forks=1,1,3,200000000,spscatter-raw-v1+4096+sparse-uniform+density=0.0625,policy-v1,policy,jvm-simd/policy-v1,jmh-average-time-v1,200000000,1,1,score-times-operations
4,spscatter-raw+4096+sparse-uniform+density=0.0625,jvm-simd/simd(4 lanes)/simd-sparse/packed-8x4,5,2,1,3,189363,200125398,1056.8347459641006,ns,ok,unsupported,reset-and-arithmetic,a038f25ac66821574b30392dc1d3b189cc287e2c,true,kotlin-2.4.10/jvm/Eclipse Adoptium/25.0.1/JMH 1.37/forks=1,1,3,200000000,spscatter-raw-v1+4096+sparse-uniform+density=0.0625,policy-v1,policy,jvm-simd/policy-v1,jmh-average-time-v1,200000000,1,1,score-times-operations
4,spscatter-raw+4096+sparse-uniform+density=0.0625,jvm-simd/simd(4 lanes)/simd-sparse/packed-8x4,5,2,1,4,188822,200099304,1059.724523625425,ns,ok,unsupported,reset-and-arithmetic,a038f25ac66821574b30392dc1d3b189cc287e2c,true,kotlin-2.4.10/jvm/Eclipse Adoptium/25.0.1/JMH 1.37/forks=1,1,3,200000000,spscatter-raw-v1+4096+sparse-uniform+density=0.0625,policy-v1,policy,jvm-simd/policy-v1,jmh-average-time-v1,200000000,1,1,score-times-operations
4,spscatter-raw+4096+sparse-uniform+density=0.0625,jvm-simd/simd(4 lanes)/simd-sparse/packed-8x4,5,2,1,5,188057,200093949,1064.0069181152523,ns,ok,unsupported,reset-and-arithmetic,a038f25ac66821574b30392dc1d3b189cc287e2c,true,kotlin-2.4.10/jvm/Eclipse Adoptium/25.0.1/JMH 1.37/forks=1,1,3,200000000,spscatter-raw-v1+4096+sparse-uniform+density=0.0625,policy-v1,policy,jvm-simd/policy-v1,jmh-average-time-v1,200000000,1,1,score-times-operations
4,spscatter-raw+65536+sparse-uniform+density=0.015625,jvm-simd/simd(4 lanes)/simd-sparse/packed-8x4,5,2,1,1,14880,200177069,13452.76001344086,ns,ok,unsupported,reset-and-arithmetic,a038f25ac66821574b30392dc1d3b189cc287e2c,true,kotlin-2.4.10/jvm/Eclipse Adoptium/25.0.1/JMH 1.37/forks=1,1,3,200000000,spscatter-raw-v1+65536+sparse-uniform+density=0.015625,policy-v1,policy,jvm-simd/policy-v1,jmh-average-time-v1,200000000,1,1,score-times-operations
4,spscatter-raw+65536+sparse-uniform+density=0.015625,jvm-simd/simd(4 lanes)/simd-sparse/packed-8x4,5,2,1,2,14846,200154622,13482.057254479321,ns,ok,unsupported,reset-and-arithmetic,a038f25ac66821574b30392dc1d3b189cc287e2c,true,kotlin-2.4.10/jvm/Eclipse Adoptium/25.0.1/JMH 1.37/forks=1,1,3,200000000,spscatter-raw-v1+65536+sparse-uniform+density=0.015625,policy-v1,policy,jvm-simd/policy-v1,jmh-average-time-v1,200000000,1,1,score-times-operations
4,spscatter-raw+65536+sparse-uniform+density=0.015625,jvm-simd/simd(4 lanes)/simd-sparse/packed-8x4,5,2,1,3,15136,200136789,13222.567983615221,ns,ok,unsupported,reset-and-arithmetic,a038f25ac66821574b30392dc1d3b189cc287e2c,true,kotlin-2.4.10/jvm/Eclipse Adoptium/25.0.1/JMH 1.37/forks=1,1,3,200000000,spscatter-raw-v1+65536+sparse-uniform+density=0.015625,policy-v1,policy,jvm-simd/policy-v1,jmh-average-time-v1,200000000,1,1,score-times-operations
4,spscatter-raw+65536+sparse-uniform+density=0.015625,jvm-simd/simd(4 lanes)/simd-sparse/packed-8x4,5,2,1,4,14896,200158916,13437.09156820623,ns,ok,unsupported,reset-and-arithmetic,a038f25ac66821574b30392dc1d3b189cc287e2c,true,kotlin-2.4.10/jvm/Eclipse Adoptium/25.0.1/JMH 1.37/forks=1,1,3,200000000,spscatter-raw-v1+65536+sparse-uniform+density=0.015625,policy-v1,policy,jvm-simd/policy-v1,jmh-average-time-v1,200000000,1,1,score-times-operations
4,spscatter-raw+65536+sparse-uniform+density=0.015625,jvm-simd/simd(4 lanes)/simd-sparse/packed-8x4,5,2,1,5,14412,200130235,13886.361018595615,ns,ok,unsupported,reset-and-arithmetic,a038f25ac66821574b30392dc1d3b189cc287e2c,true,kotlin-2.4.10/jvm/Eclipse Adoptium/25.0.1/JMH 1.37/forks=1,1,3,200000000,spscatter-raw-v1+65536+sparse-uniform+density=0.015625,policy-v1,policy,jvm-simd/policy-v1,jmh-average-time-v1,200000000,1,1,score-times-operations
4,spscatter-raw+262144+sparse-uniform+density=0.03125,jvm-simd/simd(4 lanes)/simd-sparse/packed-8x4,5,2,1,1,1856,200320655,107931.38739224138,ns,ok,unsupported,reset-and-arithmetic,a038f25ac66821574b30392dc1d3b189cc287e2c,true,kotlin-2.4.10/jvm/Eclipse Adoptium/25.0.1/JMH 1.37/forks=1,1,3,200000000,spscatter-raw-v1+262144+sparse-uniform+density=0.03125,policy-v1,policy,jvm-simd/policy-v1,jmh-average-time-v1,200000000,1,1,score-times-operations
4,spscatter-raw+262144+sparse-uniform+density=0.03125,jvm-simd/simd(4 lanes)/simd-sparse/packed-8x4,5,2,1,2,1731,200174451,115640.93067590988,ns,ok,unsupported,reset-and-arithmetic,a038f25ac66821574b30392dc1d3b189cc287e2c,true,kotlin-2.4.10/jvm/Eclipse Adoptium/25.0.1/JMH 1.37/forks=1,1,3,200000000,spscatter-raw-v1+262144+sparse-uniform+density=0.03125,policy-v1,policy,jvm-simd/policy-v1,jmh-average-time-v1,200000000,1,1,score-times-operations
4,spscatter-raw+262144+sparse-uniform+density=0.03125,jvm-simd/simd(4 lanes)/simd-sparse/packed-8x4,5,2,1,3,1829,200369190,109551.2247129579,ns,ok,unsupported,reset-and-arithmetic,a038f25ac66821574b30392dc1d3b189cc287e2c,true,kotlin-2.4.10/jvm/Eclipse Adoptium/25.0.1/JMH 1.37/forks=1,1,3,200000000,spscatter-raw-v1+262144+sparse-uniform+density=0.03125,policy-v1,policy,jvm-simd/policy-v1,jmh-average-time-v1,200000000,1,1,score-times-operations
4,spscatter-raw+262144+sparse-uniform+density=0.03125,jvm-simd/simd(4 lanes)/simd-sparse/packed-8x4,5,2,1,4,1724,200244148,116150.89791183294,ns,ok,unsupported,reset-and-arithmetic,a038f25ac66821574b30392dc1d3b189cc287e2c,true,kotlin-2.4.10/jvm/Eclipse Adoptium/25.0.1/JMH 1.37/forks=1,1,3,200000000,spscatter-raw-v1+262144+sparse-uniform+density=0.03125,policy-v1,policy,jvm-simd/policy-v1,jmh-average-time-v1,200000000,1,1,score-times-operations
4,spscatter-raw+262144+sparse-uniform+density=0.03125,jvm-simd/simd(4 lanes)/simd-sparse/packed-8x4,5,2,1,5,1749,200159438,114442.21726700972,ns,ok,unsupported,reset-and-arithmetic,a038f25ac66821574b30392dc1d3b189cc287e2c,true,kotlin-2.4.10/jvm/Eclipse Adoptium/25.0.1/JMH 1.37/forks=1,1,3,200000000,spscatter-raw-v1+262144+sparse-uniform+density=0.03125,policy-v1,policy,jvm-simd/policy-v1,jmh-average-time-v1,200000000,1,1,score-times-operations
4,spgather+4096+sparse-uniform+density=0.01,jvm-simd/simd(4 lanes)/simd-sparse/packed-8x4,5,2,1,1,276130,200158952,724.87216890595,ns,ok,direct,reset-and-arithmetic,a038f25ac66821574b30392dc1d3b189cc287e2c,true,kotlin-2.4.10/jvm/Eclipse Adoptium/25.0.1/JMH 1.37/forks=1,1,3,200000000,spgather-v1+4096+sparse-uniform+density=0.01,policy-v1,policy,jvm-simd/policy-v1,jmh-average-time-v1,200000000,1,1,score-times-operations
4,spgather+4096+sparse-uniform+density=0.01,jvm-simd/simd(4 lanes)/simd-sparse/packed-8x4,5,2,1,2,276250,200153092,724.536079638009,ns,ok,direct,reset-and-arithmetic,a038f25ac66821574b30392dc1d3b189cc287e2c,true,kotlin-2.4.10/jvm/Eclipse Adoptium/25.0.1/JMH 1.37/forks=1,1,3,200000000,spgather-v1+4096+sparse-uniform+density=0.01,policy-v1,policy,jvm-simd/policy-v1,jmh-average-time-v1,200000000,1,1,score-times-operations
4,spgather+4096+sparse-uniform+density=0.01,jvm-simd/simd(4 lanes)/simd-sparse/packed-8x4,5,2,1,3,283030,200262281,707.5655619545631,ns,ok,direct,reset-and-arithmetic,a038f25ac66821574b30392dc1d3b189cc287e2c,true,kotlin-2.4.10/jvm/Eclipse Adoptium/25.0.1/JMH 1.37/forks=1,1,3,200000000,spgather-v1+4096+sparse-uniform+density=0.01,policy-v1,policy,jvm-simd/policy-v1,jmh-average-time-v1,200000000,1,1,score-times-operations
4,spgather+4096+sparse-uniform+density=0.01,jvm-simd/simd(4 lanes)/simd-sparse/packed-8x4,5,2,1,4,286654,200148640,698.2237819810642,ns,ok,direct,reset-and-arithmetic,a038f25ac66821574b30392dc1d3b189cc287e2c,true,kotlin-2.4.10/jvm/Eclipse Adoptium/25.0.1/JMH 1.37/forks=1,1,3,200000000,spgather-v1+4096+sparse-uniform+density=0.01,policy-v1,policy,jvm-simd/policy-v1,jmh-average-time-v1,200000000,1,1,score-times-operations
4,spgather+4096+sparse-uniform+density=0.01,jvm-simd/simd(4 lanes)/simd-sparse/packed-8x4,5,2,1,5,288488,200252048,694.1434236432711,ns,ok,direct,reset-and-arithmetic,a038f25ac66821574b30392dc1d3b189cc287e2c,true,kotlin-2.4.10/jvm/Eclipse Adoptium/25.0.1/JMH 1.37/forks=1,1,3,200000000,spgather-v1+4096+sparse-uniform+density=0.01,policy-v1,policy,jvm-simd/policy-v1,jmh-average-time-v1,200000000,1,1,score-times-operations
4,spgather-zero+4096+sparse-uniform+density=0.01,jvm-simd/simd(4 lanes)/simd-sparse/packed-8x4,5,2,1,1,250196,200160860,800.0162272778142,ns,ok,direct,reset-and-arithmetic,a038f25ac66821574b30392dc1d3b189cc287e2c,true,kotlin-2.4.10/jvm/Eclipse Adoptium/25.0.1/JMH 1.37/forks=1,1,3,200000000,spgather-zero-v1+4096+sparse-uniform+density=0.01,policy-v1,policy,jvm-simd/policy-v1,jmh-average-time-v1,200000000,1,1,score-times-operations
4,spgather-zero+4096+sparse-uniform+density=0.01,jvm-simd/simd(4 lanes)/simd-sparse/packed-8x4,5,2,1,2,247638,200185548,808.37976401037,ns,ok,direct,reset-and-arithmetic,a038f25ac66821574b30392dc1d3b189cc287e2c,true,kotlin-2.4.10/jvm/Eclipse Adoptium/25.0.1/JMH 1.37/forks=1,1,3,200000000,spgather-zero-v1+4096+sparse-uniform+density=0.01,policy-v1,policy,jvm-simd/policy-v1,jmh-average-time-v1,200000000,1,1,score-times-operations
4,spgather-zero+4096+sparse-uniform+density=0.01,jvm-simd/simd(4 lanes)/simd-sparse/packed-8x4,5,2,1,3,246170,200131144,812.9794207255148,ns,ok,direct,reset-and-arithmetic,a038f25ac66821574b30392dc1d3b189cc287e2c,true,kotlin-2.4.10/jvm/Eclipse Adoptium/25.0.1/JMH 1.37/forks=1,1,3,200000000,spgather-zero-v1+4096+sparse-uniform+density=0.01,policy-v1,policy,jvm-simd/policy-v1,jmh-average-time-v1,200000000,1,1,score-times-operations
4,spgather-zero+4096+sparse-uniform+density=0.01,jvm-simd/simd(4 lanes)/simd-sparse/packed-8x4,5,2,1,4,246123,200096933,812.9956688322505,ns,ok,direct,reset-and-arithmetic,a038f25ac66821574b30392dc1d3b189cc287e2c,true,kotlin-2.4.10/jvm/Eclipse Adoptium/25.0.1/JMH 1.37/forks=1,1,3,200000000,spgather-zero-v1+4096+sparse-uniform+density=0.01,policy-v1,policy,jvm-simd/policy-v1,jmh-average-time-v1,200000000,1,1,score-times-operations
4,spgather-zero+4096+sparse-uniform+density=0.01,jvm-simd/simd(4 lanes)/simd-sparse/packed-8x4,5,2,1,5,244848,200086348,817.1859602692283,ns,ok,direct,reset-and-arithmetic,a038f25ac66821574b30392dc1d3b189cc287e2c,true,kotlin-2.4.10/jvm/Eclipse Adoptium/25.0.1/JMH 1.37/forks=1,1,3,200000000,spgather-zero-v1+4096+sparse-uniform+density=0.01,policy-v1,policy,jvm-simd/policy-v1,jmh-average-time-v1,200000000,1,1,score-times-operations
4,spgemv+257x129+sparse-uniform+density=0.01+mode=prepared,jvm-simd/simd(4 lanes)/simd-sparse/packed-8x4,5,2,1,1,445449,200247762,449.54138857647,ns,ok,direct,prepared,a038f25ac66821574b30392dc1d3b189cc287e2c,true,kotlin-2.4.10/jvm/Eclipse Adoptium/25.0.1/JMH 1.37/forks=1,1,3,200000000,spgemv-v1+257x129+sparse-uniform+density=0.01+mode=prepared,policy-v1,policy,jvm-simd/policy-v1,jmh-average-time-v1,200000000,1,1,score-times-operations
4,spgemv+257x129+sparse-uniform+density=0.01+mode=prepared,jvm-simd/simd(4 lanes)/simd-sparse/packed-8x4,5,2,1,2,441985,200136305,452.8124370736563,ns,ok,direct,prepared,a038f25ac66821574b30392dc1d3b189cc287e2c,true,kotlin-2.4.10/jvm/Eclipse Adoptium/25.0.1/JMH 1.37/forks=1,1,3,200000000,spgemv-v1+257x129+sparse-uniform+density=0.01+mode=prepared,policy-v1,policy,jvm-simd/policy-v1,jmh-average-time-v1,200000000,1,1,score-times-operations
4,spgemv+257x129+sparse-uniform+density=0.01+mode=prepared,jvm-simd/simd(4 lanes)/simd-sparse/packed-8x4,5,2,1,3,443937,200185984,450.93331711481585,ns,ok,direct,prepared,a038f25ac66821574b30392dc1d3b189cc287e2c,true,kotlin-2.4.10/jvm/Eclipse Adoptium/25.0.1/JMH 1.37/forks=1,1,3,200000000,spgemv-v1+257x129+sparse-uniform+density=0.01+mode=prepared,policy-v1,policy,jvm-simd/policy-v1,jmh-average-time-v1,200000000,1,1,score-times-operations
4,spgemv+257x129+sparse-uniform+density=0.01+mode=prepared,jvm-simd/simd(4 lanes)/simd-sparse/packed-8x4,5,2,1,4,440678,200093845,454.05907488007114,ns,ok,direct,prepared,a038f25ac66821574b30392dc1d3b189cc287e2c,true,kotlin-2.4.10/jvm/Eclipse Adoptium/25.0.1/JMH 1.37/forks=1,1,3,200000000,spgemv-v1+257x129+sparse-uniform+density=0.01+mode=prepared,policy-v1,policy,jvm-simd/policy-v1,jmh-average-time-v1,200000000,1,1,score-times-operations
4,spgemv+257x129+sparse-uniform+density=0.01+mode=prepared,jvm-simd/simd(4 lanes)/simd-sparse/packed-8x4,5,2,1,5,443820,200232900,451.1579018521022,ns,ok,direct,prepared,a038f25ac66821574b30392dc1d3b189cc287e2c,true,kotlin-2.4.10/jvm/Eclipse Adoptium/25.0.1/JMH 1.37/forks=1,1,3,200000000,spgemv-v1+257x129+sparse-uniform+density=0.01+mode=prepared,policy-v1,policy,jvm-simd/policy-v1,jmh-average-time-v1,200000000,1,1,score-times-operations
4,spgemv+257x129+sparse-uniform+density=0.01+mode=oneshot,jvm-simd/simd(4 lanes)/simd-sparse/packed-8x4,5,2,1,1,398533,200165737,502.2563677286448,ns,ok,direct,oneshot,a038f25ac66821574b30392dc1d3b189cc287e2c,true,kotlin-2.4.10/jvm/Eclipse Adoptium/25.0.1/JMH 1.37/forks=1,1,3,200000000,spgemv-v1+257x129+sparse-uniform+density=0.01+mode=oneshot,policy-v1,policy,jvm-simd/policy-v1,jmh-average-time-v1,200000000,1,1,score-times-operations
4,spgemv+257x129+sparse-uniform+density=0.01+mode=oneshot,jvm-simd/simd(4 lanes)/simd-sparse/packed-8x4,5,2,1,2,365573,200176399,547.5688822752227,ns,ok,direct,oneshot,a038f25ac66821574b30392dc1d3b189cc287e2c,true,kotlin-2.4.10/jvm/Eclipse Adoptium/25.0.1/JMH 1.37/forks=1,1,3,200000000,spgemv-v1+257x129+sparse-uniform+density=0.01+mode=oneshot,policy-v1,policy,jvm-simd/policy-v1,jmh-average-time-v1,200000000,1,1,score-times-operations
4,spgemv+257x129+sparse-uniform+density=0.01+mode=oneshot,jvm-simd/simd(4 lanes)/simd-sparse/packed-8x4,5,2,1,3,382075,200194482,523.9664516129033,ns,ok,direct,oneshot,a038f25ac66821574b30392dc1d3b189cc287e2c,true,kotlin-2.4.10/jvm/Eclipse Adoptium/25.0.1/JMH 1.37/forks=1,1,3,200000000,spgemv-v1+257x129+sparse-uniform+density=0.01+mode=oneshot,policy-v1,policy,jvm-simd/policy-v1,jmh-average-time-v1,200000000,1,1,score-times-operations
4,spgemv+257x129+sparse-uniform+density=0.01+mode=oneshot,jvm-simd/simd(4 lanes)/simd-sparse/packed-8x4,5,2,1,4,401938,200161700,497.9914812732312,ns,ok,direct,oneshot,a038f25ac66821574b30392dc1d3b189cc287e2c,true,kotlin-2.4.10/jvm/Eclipse Adoptium/25.0.1/JMH 1.37/forks=1,1,3,200000000,spgemv-v1+257x129+sparse-uniform+density=0.01+mode=oneshot,policy-v1,policy,jvm-simd/policy-v1,jmh-average-time-v1,200000000,1,1,score-times-operations
4,spgemv+257x129+sparse-uniform+density=0.01+mode=oneshot,jvm-simd/simd(4 lanes)/simd-sparse/packed-8x4,5,2,1,5,396596,200260756,504.9490060414124,ns,ok,direct,oneshot,a038f25ac66821574b30392dc1d3b189cc287e2c,true,kotlin-2.4.10/jvm/Eclipse Adoptium/25.0.1/JMH 1.37/forks=1,1,3,200000000,spgemv-v1+257x129+sparse-uniform+density=0.01+mode=oneshot,policy-v1,policy,jvm-simd/policy-v1,jmh-average-time-v1,200000000,1,1,score-times-operations
4,spmm+257x8x129+sparse-uniform+density=0.01+mode=prepared,jvm-simd/simd(4 lanes)/simd-sparse/packed-8x4,5,2,1,1,51149,200260122,3915.230444387965,ns,ok,direct,prepared,a038f25ac66821574b30392dc1d3b189cc287e2c,true,kotlin-2.4.10/jvm/Eclipse Adoptium/25.0.1/JMH 1.37/forks=1,1,3,200000000,spmm-v1+257x8x129+sparse-uniform+density=0.01+mode=prepared,policy-v1,policy,jvm-simd/policy-v1,jmh-average-time-v1,200000000,1,1,score-times-operations
4,spmm+257x8x129+sparse-uniform+density=0.01+mode=prepared,jvm-simd/simd(4 lanes)/simd-sparse/packed-8x4,5,2,1,2,52427,200193212,3818.5135903255955,ns,ok,direct,prepared,a038f25ac66821574b30392dc1d3b189cc287e2c,true,kotlin-2.4.10/jvm/Eclipse Adoptium/25.0.1/JMH 1.37/forks=1,1,3,200000000,spmm-v1+257x8x129+sparse-uniform+density=0.01+mode=prepared,policy-v1,policy,jvm-simd/policy-v1,jmh-average-time-v1,200000000,1,1,score-times-operations
4,spmm+257x8x129+sparse-uniform+density=0.01+mode=prepared,jvm-simd/simd(4 lanes)/simd-sparse/packed-8x4,5,2,1,3,51846,200190624,3861.254947344057,ns,ok,direct,prepared,a038f25ac66821574b30392dc1d3b189cc287e2c,true,kotlin-2.4.10/jvm/Eclipse Adoptium/25.0.1/JMH 1.37/forks=1,1,3,200000000,spmm-v1+257x8x129+sparse-uniform+density=0.01+mode=prepared,policy-v1,policy,jvm-simd/policy-v1,jmh-average-time-v1,200000000,1,1,score-times-operations
4,spmm+257x8x129+sparse-uniform+density=0.01+mode=prepared,jvm-simd/simd(4 lanes)/simd-sparse/packed-8x4,5,2,1,4,51003,200188659,3925.036939003588,ns,ok,direct,prepared,a038f25ac66821574b30392dc1d3b189cc287e2c,true,kotlin-2.4.10/jvm/Eclipse Adoptium/25.0.1/JMH 1.37/forks=1,1,3,200000000,spmm-v1+257x8x129+sparse-uniform+density=0.01+mode=prepared,policy-v1,policy,jvm-simd/policy-v1,jmh-average-time-v1,200000000,1,1,score-times-operations
4,spmm+257x8x129+sparse-uniform+density=0.01+mode=prepared,jvm-simd/simd(4 lanes)/simd-sparse/packed-8x4,5,2,1,5,50802,200219659,3941.17670564151,ns,ok,direct,prepared,a038f25ac66821574b30392dc1d3b189cc287e2c,true,kotlin-2.4.10/jvm/Eclipse Adoptium/25.0.1/JMH 1.37/forks=1,1,3,200000000,spmm-v1+257x8x129+sparse-uniform+density=0.01+mode=prepared,policy-v1,policy,jvm-simd/policy-v1,jmh-average-time-v1,200000000,1,1,score-times-operations
4,spmm+257x8x129+sparse-uniform+density=0.01+mode=oneshot,jvm-simd/simd(4 lanes)/simd-sparse/packed-8x4,5,2,1,1,57645,200196393,3472.91860525631,ns,ok,direct,oneshot,a038f25ac66821574b30392dc1d3b189cc287e2c,true,kotlin-2.4.10/jvm/Eclipse Adoptium/25.0.1/JMH 1.37/forks=1,1,3,200000000,spmm-v1+257x8x129+sparse-uniform+density=0.01+mode=oneshot,policy-v1,policy,jvm-simd/policy-v1,jmh-average-time-v1,200000000,1,1,score-times-operations
4,spmm+257x8x129+sparse-uniform+density=0.01+mode=oneshot,jvm-simd/simd(4 lanes)/simd-sparse/packed-8x4,5,2,1,2,57417,200209116,3486.9309786300223,ns,ok,direct,oneshot,a038f25ac66821574b30392dc1d3b189cc287e2c,true,kotlin-2.4.10/jvm/Eclipse Adoptium/25.0.1/JMH 1.37/forks=1,1,3,200000000,spmm-v1+257x8x129+sparse-uniform+density=0.01+mode=oneshot,policy-v1,policy,jvm-simd/policy-v1,jmh-average-time-v1,200000000,1,1,score-times-operations
4,spmm+257x8x129+sparse-uniform+density=0.01+mode=oneshot,jvm-simd/simd(4 lanes)/simd-sparse/packed-8x4,5,2,1,3,57247,200205624,3497.2247279333415,ns,ok,direct,oneshot,a038f25ac66821574b30392dc1d3b189cc287e2c,true,kotlin-2.4.10/jvm/Eclipse Adoptium/25.0.1/JMH 1.37/forks=1,1,3,200000000,spmm-v1+257x8x129+sparse-uniform+density=0.01+mode=oneshot,policy-v1,policy,jvm-simd/policy-v1,jmh-average-time-v1,200000000,1,1,score-times-operations
4,spmm+257x8x129+sparse-uniform+density=0.01+mode=oneshot,jvm-simd/simd(4 lanes)/simd-sparse/packed-8x4,5,2,1,4,52512,200212313,3812.6963932053627,ns,ok,direct,oneshot,a038f25ac66821574b30392dc1d3b189cc287e2c,true,kotlin-2.4.10/jvm/Eclipse Adoptium/25.0.1/JMH 1.37/forks=1,1,3,200000000,spmm-v1+257x8x129+sparse-uniform+density=0.01+mode=oneshot,policy-v1,policy,jvm-simd/policy-v1,jmh-average-time-v1,200000000,1,1,score-times-operations
4,spmm+257x8x129+sparse-uniform+density=0.01+mode=oneshot,jvm-simd/simd(4 lanes)/simd-sparse/packed-8x4,5,2,1,5,50896,200156369,3932.654216441371,ns,ok,direct,oneshot,a038f25ac66821574b30392dc1d3b189cc287e2c,true,kotlin-2.4.10/jvm/Eclipse Adoptium/25.0.1/JMH 1.37/forks=1,1,3,200000000,spmm-v1+257x8x129+sparse-uniform+density=0.01+mode=oneshot,policy-v1,policy,jvm-simd/policy-v1,jmh-average-time-v1,200000000,1,1,score-times-operations
4,spgemm+129x97x65+sparse-uniform+density=0.01+mode=prepared,jvm-simd/simd(4 lanes)/simd-sparse/packed-8x4,5,2,1,1,131376,200217683,1524.0050161368895,ns,ok,partial,prepared,a038f25ac66821574b30392dc1d3b189cc287e2c,true,kotlin-2.4.10/jvm/Eclipse Adoptium/25.0.1/JMH 1.37/forks=1,1,3,200000000,spgemm-v1+129x97x65+sparse-uniform+density=0.01+mode=prepared,policy-v1,policy,jvm-simd/policy-v1,jmh-average-time-v1,200000000,1,1,score-times-operations
4,spgemm+129x97x65+sparse-uniform+density=0.01+mode=prepared,jvm-simd/simd(4 lanes)/simd-sparse/packed-8x4,5,2,1,2,133070,200176312,1504.2933193056285,ns,ok,partial,prepared,a038f25ac66821574b30392dc1d3b189cc287e2c,true,kotlin-2.4.10/jvm/Eclipse Adoptium/25.0.1/JMH 1.37/forks=1,1,3,200000000,spgemm-v1+129x97x65+sparse-uniform+density=0.01+mode=prepared,policy-v1,policy,jvm-simd/policy-v1,jmh-average-time-v1,200000000,1,1,score-times-operations
4,spgemm+129x97x65+sparse-uniform+density=0.01+mode=prepared,jvm-simd/simd(4 lanes)/simd-sparse/packed-8x4,5,2,1,3,133558,200239117,1499.2671124155797,ns,ok,partial,prepared,a038f25ac66821574b30392dc1d3b189cc287e2c,true,kotlin-2.4.10/jvm/Eclipse Adoptium/25.0.1/JMH 1.37/forks=1,1,3,200000000,spgemm-v1+129x97x65+sparse-uniform+density=0.01+mode=prepared,policy-v1,policy,jvm-simd/policy-v1,jmh-average-time-v1,200000000,1,1,score-times-operations
4,spgemm+129x97x65+sparse-uniform+density=0.01+mode=prepared,jvm-simd/simd(4 lanes)/simd-sparse/packed-8x4,5,2,1,4,132672,200178772,1508.8245598166907,ns,ok,partial,prepared,a038f25ac66821574b30392dc1d3b189cc287e2c,true,kotlin-2.4.10/jvm/Eclipse Adoptium/25.0.1/JMH 1.37/forks=1,1,3,200000000,spgemm-v1+129x97x65+sparse-uniform+density=0.01+mode=prepared,policy-v1,policy,jvm-simd/policy-v1,jmh-average-time-v1,200000000,1,1,score-times-operations
4,spgemm+129x97x65+sparse-uniform+density=0.01+mode=prepared,jvm-simd/simd(4 lanes)/simd-sparse/packed-8x4,5,2,1,5,133864,200145042,1495.1371690671128,ns,ok,partial,prepared,a038f25ac66821574b30392dc1d3b189cc287e2c,true,kotlin-2.4.10/jvm/Eclipse Adoptium/25.0.1/JMH 1.37/forks=1,1,3,200000000,spgemm-v1+129x97x65+sparse-uniform+density=0.01+mode=prepared,policy-v1,policy,jvm-simd/policy-v1,jmh-average-time-v1,200000000,1,1,score-times-operations
4,spgemm+129x97x65+sparse-uniform+density=0.01+mode=oneshot,jvm-simd/simd(4 lanes)/simd-sparse/packed-8x4,5,2,1,1,144040,200183450,1389.7767981116356,ns,ok,partial,oneshot,a038f25ac66821574b30392dc1d3b189cc287e2c,true,kotlin-2.4.10/jvm/Eclipse Adoptium/25.0.1/JMH 1.37/forks=1,1,3,200000000,spgemm-v1+129x97x65+sparse-uniform+density=0.01+mode=oneshot,policy-v1,policy,jvm-simd/policy-v1,jmh-average-time-v1,200000000,1,1,score-times-operations
4,spgemm+129x97x65+sparse-uniform+density=0.01+mode=oneshot,jvm-simd/simd(4 lanes)/simd-sparse/packed-8x4,5,2,1,2,140052,200181374,1429.336060891669,ns,ok,partial,oneshot,a038f25ac66821574b30392dc1d3b189cc287e2c,true,kotlin-2.4.10/jvm/Eclipse Adoptium/25.0.1/JMH 1.37/forks=1,1,3,200000000,spgemm-v1+129x97x65+sparse-uniform+density=0.01+mode=oneshot,policy-v1,policy,jvm-simd/policy-v1,jmh-average-time-v1,200000000,1,1,score-times-operations
4,spgemm+129x97x65+sparse-uniform+density=0.01+mode=oneshot,jvm-simd/simd(4 lanes)/simd-sparse/packed-8x4,5,2,1,3,143470,200321470,1396.2603331706978,ns,ok,partial,oneshot,a038f25ac66821574b30392dc1d3b189cc287e2c,true,kotlin-2.4.10/jvm/Eclipse Adoptium/25.0.1/JMH 1.37/forks=1,1,3,200000000,spgemm-v1+129x97x65+sparse-uniform+density=0.01+mode=oneshot,policy-v1,policy,jvm-simd/policy-v1,jmh-average-time-v1,200000000,1,1,score-times-operations
4,spgemm+129x97x65+sparse-uniform+density=0.01+mode=oneshot,jvm-simd/simd(4 lanes)/simd-sparse/packed-8x4,5,2,1,4,135043,200186384,1482.3899350577224,ns,ok,partial,oneshot,a038f25ac66821574b30392dc1d3b189cc287e2c,true,kotlin-2.4.10/jvm/Eclipse Adoptium/25.0.1/JMH 1.37/forks=1,1,3,200000000,spgemm-v1+129x97x65+sparse-uniform+density=0.01+mode=oneshot,policy-v1,policy,jvm-simd/policy-v1,jmh-average-time-v1,200000000,1,1,score-times-operations
4,spgemm+129x97x65+sparse-uniform+density=0.01+mode=oneshot,jvm-simd/simd(4 lanes)/simd-sparse/packed-8x4,5,2,1,5,145690,200142751,1373.75764294049,ns,ok,partial,oneshot,a038f25ac66821574b30392dc1d3b189cc287e2c,true,kotlin-2.4.10/jvm/Eclipse Adoptium/25.0.1/JMH 1.37/forks=1,1,3,200000000,spgemm-v1+129x97x65+sparse-uniform+density=0.01+mode=oneshot,policy-v1,policy,jvm-simd/policy-v1,jmh-average-time-v1,200000000,1,1,score-times-operations
4,spsymv+129+sparse-triangular+density=0.02+mode=oneshot+uplo=L,jvm-simd/simd(4 lanes)/simd-sparse/packed-8x4,5,2,1,1,380736,200173132,525.7530992603799,ns,ok,direct,oneshot,a038f25ac66821574b30392dc1d3b189cc287e2c,true,kotlin-2.4.10/jvm/Eclipse Adoptium/25.0.1/JMH 1.37/forks=1,1,3,200000000,spsymv-v1+129+sparse-triangular+density=0.02+mode=oneshot+uplo=L,policy-v1,policy,jvm-simd/policy-v1,jmh-average-time-v1,200000000,1,1,score-times-operations
4,spsymv+129+sparse-triangular+density=0.02+mode=oneshot+uplo=L,jvm-simd/simd(4 lanes)/simd-sparse/packed-8x4,5,2,1,2,372612,200226555,537.3593845608837,ns,ok,direct,oneshot,a038f25ac66821574b30392dc1d3b189cc287e2c,true,kotlin-2.4.10/jvm/Eclipse Adoptium/25.0.1/JMH 1.37/forks=1,1,3,200000000,spsymv-v1+129+sparse-triangular+density=0.02+mode=oneshot+uplo=L,policy-v1,policy,jvm-simd/policy-v1,jmh-average-time-v1,200000000,1,1,score-times-operations
4,spsymv+129+sparse-triangular+density=0.02+mode=oneshot+uplo=L,jvm-simd/simd(4 lanes)/simd-sparse/packed-8x4,5,2,1,3,423486,200287868,472.95038797032254,ns,ok,direct,oneshot,a038f25ac66821574b30392dc1d3b189cc287e2c,true,kotlin-2.4.10/jvm/Eclipse Adoptium/25.0.1/JMH 1.37/forks=1,1,3,200000000,spsymv-v1+129+sparse-triangular+density=0.02+mode=oneshot+uplo=L,policy-v1,policy,jvm-simd/policy-v1,jmh-average-time-v1,200000000,1,1,score-times-operations
4,spsymv+129+sparse-triangular+density=0.02+mode=oneshot+uplo=L,jvm-simd/simd(4 lanes)/simd-sparse/packed-8x4,5,2,1,4,418482,200280345,478.58771703442443,ns,ok,direct,oneshot,a038f25ac66821574b30392dc1d3b189cc287e2c,true,kotlin-2.4.10/jvm/Eclipse Adoptium/25.0.1/JMH 1.37/forks=1,1,3,200000000,spsymv-v1+129+sparse-triangular+density=0.02+mode=oneshot+uplo=L,policy-v1,policy,jvm-simd/policy-v1,jmh-average-time-v1,200000000,1,1,score-times-operations
4,spsymv+129+sparse-triangular+density=0.02+mode=oneshot+uplo=L,jvm-simd/simd(4 lanes)/simd-sparse/packed-8x4,5,2,1,5,411053,200253756,487.1725933152173,ns,ok,direct,oneshot,a038f25ac66821574b30392dc1d3b189cc287e2c,true,kotlin-2.4.10/jvm/Eclipse Adoptium/25.0.1/JMH 1.37/forks=1,1,3,200000000,spsymv-v1+129+sparse-triangular+density=0.02+mode=oneshot+uplo=L,policy-v1,policy,jvm-simd/policy-v1,jmh-average-time-v1,200000000,1,1,score-times-operations
4,spsymm+129x8+sparse-triangular+density=0.02+mode=oneshot+side=L+uplo=L,jvm-simd/simd(4 lanes)/simd-sparse/packed-8x4,5,2,1,1,48830,200095287,4097.794122465697,ns,ok,direct,oneshot,a038f25ac66821574b30392dc1d3b189cc287e2c,true,kotlin-2.4.10/jvm/Eclipse Adoptium/25.0.1/JMH 1.37/forks=1,1,3,200000000,spsymm-v1+129x8+sparse-triangular+density=0.02+mode=oneshot+side=L+uplo=L,policy-v1,policy,jvm-simd/policy-v1,jmh-average-time-v1,200000000,1,1,score-times-operations
4,spsymm+129x8+sparse-triangular+density=0.02+mode=oneshot+side=L+uplo=L,jvm-simd/simd(4 lanes)/simd-sparse/packed-8x4,5,2,1,2,48789,200136661,4102.085736538974,ns,ok,direct,oneshot,a038f25ac66821574b30392dc1d3b189cc287e2c,true,kotlin-2.4.10/jvm/Eclipse Adoptium/25.0.1/JMH 1.37/forks=1,1,3,200000000,spsymm-v1+129x8+sparse-triangular+density=0.02+mode=oneshot+side=L+uplo=L,policy-v1,policy,jvm-simd/policy-v1,jmh-average-time-v1,200000000,1,1,score-times-operations
4,spsymm+129x8+sparse-triangular+density=0.02+mode=oneshot+side=L+uplo=L,jvm-simd/simd(4 lanes)/simd-sparse/packed-8x4,5,2,1,3,49423,200194614,4050.6366266717923,ns,ok,direct,oneshot,a038f25ac66821574b30392dc1d3b189cc287e2c,true,kotlin-2.4.10/jvm/Eclipse Adoptium/25.0.1/JMH 1.37/forks=1,1,3,200000000,spsymm-v1+129x8+sparse-triangular+density=0.02+mode=oneshot+side=L+uplo=L,policy-v1,policy,jvm-simd/policy-v1,jmh-average-time-v1,200000000,1,1,score-times-operations
4,spsymm+129x8+sparse-triangular+density=0.02+mode=oneshot+side=L+uplo=L,jvm-simd/simd(4 lanes)/simd-sparse/packed-8x4,5,2,1,4,48992,200209418,4086.5736854996735,ns,ok,direct,oneshot,a038f25ac66821574b30392dc1d3b189cc287e2c,true,kotlin-2.4.10/jvm/Eclipse Adoptium/25.0.1/JMH 1.37/forks=1,1,3,200000000,spsymm-v1+129x8+sparse-triangular+density=0.02+mode=oneshot+side=L+uplo=L,policy-v1,policy,jvm-simd/policy-v1,jmh-average-time-v1,200000000,1,1,score-times-operations
4,spsymm+129x8+sparse-triangular+density=0.02+mode=oneshot+side=L+uplo=L,jvm-simd/simd(4 lanes)/simd-sparse/packed-8x4,5,2,1,5,48921,200262077,4093.581018376566,ns,ok,direct,oneshot,a038f25ac66821574b30392dc1d3b189cc287e2c,true,kotlin-2.4.10/jvm/Eclipse Adoptium/25.0.1/JMH 1.37/forks=1,1,3,200000000,spsymm-v1+129x8+sparse-triangular+density=0.02+mode=oneshot+side=L+uplo=L,policy-v1,policy,jvm-simd/policy-v1,jmh-average-time-v1,200000000,1,1,score-times-operations
4,sptrsv+129+sparse-triangular+density=0.02+mode=oneshot+uplo=L+transA=N+diag=N,jvm-simd/simd(4 lanes)/simd-sparse/packed-8x4,5,2,1,1,304220,200208981,658.1059134836631,ns,ok,direct,oneshot,a038f25ac66821574b30392dc1d3b189cc287e2c,true,kotlin-2.4.10/jvm/Eclipse Adoptium/25.0.1/JMH 1.37/forks=1,1,3,200000000,sptrsv-v1+129+sparse-triangular+density=0.02+mode=oneshot+uplo=L+transA=N+diag=N,policy-v1,policy,jvm-simd/policy-v1,jmh-average-time-v1,200000000,1,1,score-times-operations
4,sptrsv+129+sparse-triangular+density=0.02+mode=oneshot+uplo=L+transA=N+diag=N,jvm-simd/simd(4 lanes)/simd-sparse/packed-8x4,5,2,1,2,282551,200197204,708.5347565572233,ns,ok,direct,oneshot,a038f25ac66821574b30392dc1d3b189cc287e2c,true,kotlin-2.4.10/jvm/Eclipse Adoptium/25.0.1/JMH 1.37/forks=1,1,3,200000000,sptrsv-v1+129+sparse-triangular+density=0.02+mode=oneshot+uplo=L+transA=N+diag=N,policy-v1,policy,jvm-simd/policy-v1,jmh-average-time-v1,200000000,1,1,score-times-operations
4,sptrsv+129+sparse-triangular+density=0.02+mode=oneshot+uplo=L+transA=N+diag=N,jvm-simd/simd(4 lanes)/simd-sparse/packed-8x4,5,2,1,3,316087,200169666,633.2739593845998,ns,ok,direct,oneshot,a038f25ac66821574b30392dc1d3b189cc287e2c,true,kotlin-2.4.10/jvm/Eclipse Adoptium/25.0.1/JMH 1.37/forks=1,1,3,200000000,sptrsv-v1+129+sparse-triangular+density=0.02+mode=oneshot+uplo=L+transA=N+diag=N,policy-v1,policy,jvm-simd/policy-v1,jmh-average-time-v1,200000000,1,1,score-times-operations
4,sptrsv+129+sparse-triangular+density=0.02+mode=oneshot+uplo=L+transA=N+diag=N,jvm-simd/simd(4 lanes)/simd-sparse/packed-8x4,5,2,1,4,310955,200107293,643.5249248283513,ns,ok,direct,oneshot,a038f25ac66821574b30392dc1d3b189cc287e2c,true,kotlin-2.4.10/jvm/Eclipse Adoptium/25.0.1/JMH 1.37/forks=1,1,3,200000000,sptrsv-v1+129+sparse-triangular+density=0.02+mode=oneshot+uplo=L+transA=N+diag=N,policy-v1,policy,jvm-simd/policy-v1,jmh-average-time-v1,200000000,1,1,score-times-operations
4,sptrsv+129+sparse-triangular+density=0.02+mode=oneshot+uplo=L+transA=N+diag=N,jvm-simd/simd(4 lanes)/simd-sparse/packed-8x4,5,2,1,5,308723,200119164,648.215921716231,ns,ok,direct,oneshot,a038f25ac66821574b30392dc1d3b189cc287e2c,true,kotlin-2.4.10/jvm/Eclipse Adoptium/25.0.1/JMH 1.37/forks=1,1,3,200000000,sptrsv-v1+129+sparse-triangular+density=0.02+mode=oneshot+uplo=L+transA=N+diag=N,policy-v1,policy,jvm-simd/policy-v1,jmh-average-time-v1,200000000,1,1,score-times-operations
4,sptrmv+129+sparse-triangular+density=0.02+mode=oneshot+uplo=U+transA=T+diag=U,jvm-simd/simd(4 lanes)/simd-sparse/packed-8x4,5,2,1,1,574519,200142790,348.36583298376553,ns,ok,direct,oneshot,a038f25ac66821574b30392dc1d3b189cc287e2c,true,kotlin-2.4.10/jvm/Eclipse Adoptium/25.0.1/JMH 1.37/forks=1,1,3,200000000,sptrmv-v1+129+sparse-triangular+density=0.02+mode=oneshot+uplo=U+transA=T+diag=U,policy-v1,policy,jvm-simd/policy-v1,jmh-average-time-v1,200000000,1,1,score-times-operations
4,sptrmv+129+sparse-triangular+density=0.02+mode=oneshot+uplo=U+transA=T+diag=U,jvm-simd/simd(4 lanes)/simd-sparse/packed-8x4,5,2,1,2,524909,200186521,381.37376383335015,ns,ok,direct,oneshot,a038f25ac66821574b30392dc1d3b189cc287e2c,true,kotlin-2.4.10/jvm/Eclipse Adoptium/25.0.1/JMH 1.37/forks=1,1,3,200000000,sptrmv-v1+129+sparse-triangular+density=0.02+mode=oneshot+uplo=U+transA=T+diag=U,policy-v1,policy,jvm-simd/policy-v1,jmh-average-time-v1,200000000,1,1,score-times-operations
4,sptrmv+129+sparse-triangular+density=0.02+mode=oneshot+uplo=U+transA=T+diag=U,jvm-simd/simd(4 lanes)/simd-sparse/packed-8x4,5,2,1,3,557614,200270861,359.156802017166,ns,ok,direct,oneshot,a038f25ac66821574b30392dc1d3b189cc287e2c,true,kotlin-2.4.10/jvm/Eclipse Adoptium/25.0.1/JMH 1.37/forks=1,1,3,200000000,sptrmv-v1+129+sparse-triangular+density=0.02+mode=oneshot+uplo=U+transA=T+diag=U,policy-v1,policy,jvm-simd/policy-v1,jmh-average-time-v1,200000000,1,1,score-times-operations
4,sptrmv+129+sparse-triangular+density=0.02+mode=oneshot+uplo=U+transA=T+diag=U,jvm-simd/simd(4 lanes)/simd-sparse/packed-8x4,5,2,1,4,522062,200155260,383.3936582245021,ns,ok,direct,oneshot,a038f25ac66821574b30392dc1d3b189cc287e2c,true,kotlin-2.4.10/jvm/Eclipse Adoptium/25.0.1/JMH 1.37/forks=1,1,3,200000000,sptrmv-v1+129+sparse-triangular+density=0.02+mode=oneshot+uplo=U+transA=T+diag=U,policy-v1,policy,jvm-simd/policy-v1,jmh-average-time-v1,200000000,1,1,score-times-operations
4,sptrmv+129+sparse-triangular+density=0.02+mode=oneshot+uplo=U+transA=T+diag=U,jvm-simd/simd(4 lanes)/simd-sparse/packed-8x4,5,2,1,5,488333,200223304,410.0138716818237,ns,ok,direct,oneshot,a038f25ac66821574b30392dc1d3b189cc287e2c,true,kotlin-2.4.10/jvm/Eclipse Adoptium/25.0.1/JMH 1.37/forks=1,1,3,200000000,sptrmv-v1+129+sparse-triangular+density=0.02+mode=oneshot+uplo=U+transA=T+diag=U,policy-v1,policy,jvm-simd/policy-v1,jmh-average-time-v1,200000000,1,1,score-times-operations
4,sptrsm+129x8+sparse-triangular+density=0.02+mode=oneshot+side=L+uplo=L+transA=N+diag=N,jvm-simd/simd(4 lanes)/simd-sparse/packed-8x4,5,2,1,1,36399,200182369,5499.666721613231,ns,ok,direct,oneshot,a038f25ac66821574b30392dc1d3b189cc287e2c,true,kotlin-2.4.10/jvm/Eclipse Adoptium/25.0.1/JMH 1.37/forks=1,1,3,200000000,sptrsm-v1+129x8+sparse-triangular+density=0.02+mode=oneshot+side=L+uplo=L+transA=N+diag=N,policy-v1,policy,jvm-simd/policy-v1,jmh-average-time-v1,200000000,1,1,score-times-operations
4,sptrsm+129x8+sparse-triangular+density=0.02+mode=oneshot+side=L+uplo=L+transA=N+diag=N,jvm-simd/simd(4 lanes)/simd-sparse/packed-8x4,5,2,1,2,37469,200191806,5342.864928340761,ns,ok,direct,oneshot,a038f25ac66821574b30392dc1d3b189cc287e2c,true,kotlin-2.4.10/jvm/Eclipse Adoptium/25.0.1/JMH 1.37/forks=1,1,3,200000000,sptrsm-v1+129x8+sparse-triangular+density=0.02+mode=oneshot+side=L+uplo=L+transA=N+diag=N,policy-v1,policy,jvm-simd/policy-v1,jmh-average-time-v1,200000000,1,1,score-times-operations
4,sptrsm+129x8+sparse-triangular+density=0.02+mode=oneshot+side=L+uplo=L+transA=N+diag=N,jvm-simd/simd(4 lanes)/simd-sparse/packed-8x4,5,2,1,3,38292,200189823,5227.980335318082,ns,ok,direct,oneshot,a038f25ac66821574b30392dc1d3b189cc287e2c,true,kotlin-2.4.10/jvm/Eclipse Adoptium/25.0.1/JMH 1.37/forks=1,1,3,200000000,sptrsm-v1+129x8+sparse-triangular+density=0.02+mode=oneshot+side=L+uplo=L+transA=N+diag=N,policy-v1,policy,jvm-simd/policy-v1,jmh-average-time-v1,200000000,1,1,score-times-operations
4,sptrsm+129x8+sparse-triangular+density=0.02+mode=oneshot+side=L+uplo=L+transA=N+diag=N,jvm-simd/simd(4 lanes)/simd-sparse/packed-8x4,5,2,1,4,38390,200157222,5213.785412867935,ns,ok,direct,oneshot,a038f25ac66821574b30392dc1d3b189cc287e2c,true,kotlin-2.4.10/jvm/Eclipse Adoptium/25.0.1/JMH 1.37/forks=1,1,3,200000000,sptrsm-v1+129x8+sparse-triangular+density=0.02+mode=oneshot+side=L+uplo=L+transA=N+diag=N,policy-v1,policy,jvm-simd/policy-v1,jmh-average-time-v1,200000000,1,1,score-times-operations
4,sptrsm+129x8+sparse-triangular+density=0.02+mode=oneshot+side=L+uplo=L+transA=N+diag=N,jvm-simd/simd(4 lanes)/simd-sparse/packed-8x4,5,2,1,5,37802,200219554,5296.533358023385,ns,ok,direct,oneshot,a038f25ac66821574b30392dc1d3b189cc287e2c,true,kotlin-2.4.10/jvm/Eclipse Adoptium/25.0.1/JMH 1.37/forks=1,1,3,200000000,sptrsm-v1+129x8+sparse-triangular+density=0.02+mode=oneshot+side=L+uplo=L+transA=N+diag=N,policy-v1,policy,jvm-simd/policy-v1,jmh-average-time-v1,200000000,1,1,score-times-operations
4,sptrmm+129x8+sparse-triangular+density=0.02+mode=oneshot+side=L+uplo=U+transA=T+diag=U,jvm-simd/simd(4 lanes)/simd-sparse/packed-8x4,5,2,1,1,43189,200140816,4634.0692305911225,ns,ok,direct,oneshot,a038f25ac66821574b30392dc1d3b189cc287e2c,true,kotlin-2.4.10/jvm/Eclipse Adoptium/25.0.1/JMH 1.37/forks=1,1,3,200000000,sptrmm-v1+129x8+sparse-triangular+density=0.02+mode=oneshot+side=L+uplo=U+transA=T+diag=U,policy-v1,policy,jvm-simd/policy-v1,jmh-average-time-v1,200000000,1,1,score-times-operations
4,sptrmm+129x8+sparse-triangular+density=0.02+mode=oneshot+side=L+uplo=U+transA=T+diag=U,jvm-simd/simd(4 lanes)/simd-sparse/packed-8x4,5,2,1,2,43028,200199620,4652.775402063772,ns,ok,direct,oneshot,a038f25ac66821574b30392dc1d3b189cc287e2c,true,kotlin-2.4.10/jvm/Eclipse Adoptium/25.0.1/JMH 1.37/forks=1,1,3,200000000,sptrmm-v1+129x8+sparse-triangular+density=0.02+mode=oneshot+side=L+uplo=U+transA=T+diag=U,policy-v1,policy,jvm-simd/policy-v1,jmh-average-time-v1,200000000,1,1,score-times-operations
4,sptrmm+129x8+sparse-triangular+density=0.02+mode=oneshot+side=L+uplo=U+transA=T+diag=U,jvm-simd/simd(4 lanes)/simd-sparse/packed-8x4,5,2,1,3,44232,200208229,4526.320966720926,ns,ok,direct,oneshot,a038f25ac66821574b30392dc1d3b189cc287e2c,true,kotlin-2.4.10/jvm/Eclipse Adoptium/25.0.1/JMH 1.37/forks=1,1,3,200000000,sptrmm-v1+129x8+sparse-triangular+density=0.02+mode=oneshot+side=L+uplo=U+transA=T+diag=U,policy-v1,policy,jvm-simd/policy-v1,jmh-average-time-v1,200000000,1,1,score-times-operations
4,sptrmm+129x8+sparse-triangular+density=0.02+mode=oneshot+side=L+uplo=U+transA=T+diag=U,jvm-simd/simd(4 lanes)/simd-sparse/packed-8x4,5,2,1,4,45015,200166988,4446.673064534044,ns,ok,direct,oneshot,a038f25ac66821574b30392dc1d3b189cc287e2c,true,kotlin-2.4.10/jvm/Eclipse Adoptium/25.0.1/JMH 1.37/forks=1,1,3,200000000,sptrmm-v1+129x8+sparse-triangular+density=0.02+mode=oneshot+side=L+uplo=U+transA=T+diag=U,policy-v1,policy,jvm-simd/policy-v1,jmh-average-time-v1,200000000,1,1,score-times-operations
4,sptrmm+129x8+sparse-triangular+density=0.02+mode=oneshot+side=L+uplo=U+transA=T+diag=U,jvm-simd/simd(4 lanes)/simd-sparse/packed-8x4,5,2,1,5,43899,200161280,4559.586323150869,ns,ok,direct,oneshot,a038f25ac66821574b30392dc1d3b189cc287e2c,true,kotlin-2.4.10/jvm/Eclipse Adoptium/25.0.1/JMH 1.37/forks=1,1,3,200000000,sptrmm-v1+129x8+sparse-triangular+density=0.02+mode=oneshot+side=L+uplo=U+transA=T+diag=U,policy-v1,policy,jvm-simd/policy-v1,jmh-average-time-v1,200000000,1,1,score-times-operations
4,spsyrk-dense+129x65+sparse-uniform+density=0.02+uplo=U,jvm-simd/simd(4 lanes)/simd-sparse/packed-8x4,5,2,1,1,24471,200315884,8185.84790159781,ns,ok,direct,oneshot,a038f25ac66821574b30392dc1d3b189cc287e2c,true,kotlin-2.4.10/jvm/Eclipse Adoptium/25.0.1/JMH 1.37/forks=1,1,3,200000000,spsyrk-dense-v1+129x65+sparse-uniform+density=0.02+uplo=U,policy-v1,policy,jvm-simd/policy-v1,jmh-average-time-v1,200000000,1,1,score-times-operations
4,spsyrk-dense+129x65+sparse-uniform+density=0.02+uplo=U,jvm-simd/simd(4 lanes)/simd-sparse/packed-8x4,5,2,1,2,27567,200157489,7260.764283382305,ns,ok,direct,oneshot,a038f25ac66821574b30392dc1d3b189cc287e2c,true,kotlin-2.4.10/jvm/Eclipse Adoptium/25.0.1/JMH 1.37/forks=1,1,3,200000000,spsyrk-dense-v1+129x65+sparse-uniform+density=0.02+uplo=U,policy-v1,policy,jvm-simd/policy-v1,jmh-average-time-v1,200000000,1,1,score-times-operations
4,spsyrk-dense+129x65+sparse-uniform+density=0.02+uplo=U,jvm-simd/simd(4 lanes)/simd-sparse/packed-8x4,5,2,1,3,27918,200182732,7170.382262339709,ns,ok,direct,oneshot,a038f25ac66821574b30392dc1d3b189cc287e2c,true,kotlin-2.4.10/jvm/Eclipse Adoptium/25.0.1/JMH 1.37/forks=1,1,3,200000000,spsyrk-dense-v1+129x65+sparse-uniform+density=0.02+uplo=U,policy-v1,policy,jvm-simd/policy-v1,jmh-average-time-v1,200000000,1,1,score-times-operations
4,spsyrk-dense+129x65+sparse-uniform+density=0.02+uplo=U,jvm-simd/simd(4 lanes)/simd-sparse/packed-8x4,5,2,1,4,28685,200160186,6977.8694788216835,ns,ok,direct,oneshot,a038f25ac66821574b30392dc1d3b189cc287e2c,true,kotlin-2.4.10/jvm/Eclipse Adoptium/25.0.1/JMH 1.37/forks=1,1,3,200000000,spsyrk-dense-v1+129x65+sparse-uniform+density=0.02+uplo=U,policy-v1,policy,jvm-simd/policy-v1,jmh-average-time-v1,200000000,1,1,score-times-operations
4,spsyrk-dense+129x65+sparse-uniform+density=0.02+uplo=U,jvm-simd/simd(4 lanes)/simd-sparse/packed-8x4,5,2,1,5,27280,200223394,7339.5672287390025,ns,ok,direct,oneshot,a038f25ac66821574b30392dc1d3b189cc287e2c,true,kotlin-2.4.10/jvm/Eclipse Adoptium/25.0.1/JMH 1.37/forks=1,1,3,200000000,spsyrk-dense-v1+129x65+sparse-uniform+density=0.02+uplo=U,policy-v1,policy,jvm-simd/policy-v1,jmh-average-time-v1,200000000,1,1,score-times-operations
4,spsyrk-sparse+129x65+sparse-uniform+density=0.02+uplo=L,jvm-simd/simd(4 lanes)/simd-sparse/packed-8x4,5,2,1,1,53208,200239614,3763.336603518268,ns,ok,partial,oneshot,a038f25ac66821574b30392dc1d3b189cc287e2c,true,kotlin-2.4.10/jvm/Eclipse Adoptium/25.0.1/JMH 1.37/forks=1,1,3,200000000,spsyrk-sparse-v1+129x65+sparse-uniform+density=0.02+uplo=L,policy-v1,policy,jvm-simd/policy-v1,jmh-average-time-v1,200000000,1,1,score-times-operations
4,spsyrk-sparse+129x65+sparse-uniform+density=0.02+uplo=L,jvm-simd/simd(4 lanes)/simd-sparse/packed-8x4,5,2,1,2,51042,200229081,3922.8298460091687,ns,ok,partial,oneshot,a038f25ac66821574b30392dc1d3b189cc287e2c,true,kotlin-2.4.10/jvm/Eclipse Adoptium/25.0.1/JMH 1.37/forks=1,1,3,200000000,spsyrk-sparse-v1+129x65+sparse-uniform+density=0.02+uplo=L,policy-v1,policy,jvm-simd/policy-v1,jmh-average-time-v1,200000000,1,1,score-times-operations
4,spsyrk-sparse+129x65+sparse-uniform+density=0.02+uplo=L,jvm-simd/simd(4 lanes)/simd-sparse/packed-8x4,5,2,1,3,50277,200238338,3982.7025876643397,ns,ok,partial,oneshot,a038f25ac66821574b30392dc1d3b189cc287e2c,true,kotlin-2.4.10/jvm/Eclipse Adoptium/25.0.1/JMH 1.37/forks=1,1,3,200000000,spsyrk-sparse-v1+129x65+sparse-uniform+density=0.02+uplo=L,policy-v1,policy,jvm-simd/policy-v1,jmh-average-time-v1,200000000,1,1,score-times-operations
4,spsyrk-sparse+129x65+sparse-uniform+density=0.02+uplo=L,jvm-simd/simd(4 lanes)/simd-sparse/packed-8x4,5,2,1,4,49958,200184059,4007.0470995636333,ns,ok,partial,oneshot,a038f25ac66821574b30392dc1d3b189cc287e2c,true,kotlin-2.4.10/jvm/Eclipse Adoptium/25.0.1/JMH 1.37/forks=1,1,3,200000000,spsyrk-sparse-v1+129x65+sparse-uniform+density=0.02+uplo=L,policy-v1,policy,jvm-simd/policy-v1,jmh-average-time-v1,200000000,1,1,score-times-operations
4,spsyrk-sparse+129x65+sparse-uniform+density=0.02+uplo=L,jvm-simd/simd(4 lanes)/simd-sparse/packed-8x4,5,2,1,5,54309,200108671,3684.631847391777,ns,ok,partial,oneshot,a038f25ac66821574b30392dc1d3b189cc287e2c,true,kotlin-2.4.10/jvm/Eclipse Adoptium/25.0.1/JMH 1.37/forks=1,1,3,200000000,spsyrk-sparse-v1+129x65+sparse-uniform+density=0.02+uplo=L,policy-v1,policy,jvm-simd/policy-v1,jmh-average-time-v1,200000000,1,1,score-times-operations
4,spadd+129x65+sparse-uniform+density=0.02,jvm-simd/simd(4 lanes)/simd-sparse/packed-8x4,5,2,1,1,122617,200207500,1632.787460140111,ns,ok,partial,oneshot,a038f25ac66821574b30392dc1d3b189cc287e2c,true,kotlin-2.4.10/jvm/Eclipse Adoptium/25.0.1/JMH 1.37/forks=1,1,3,200000000,spadd-v1+129x65+sparse-uniform+density=0.02,policy-v1,policy,jvm-simd/policy-v1,jmh-average-time-v1,200000000,1,1,score-times-operations
4,spadd+129x65+sparse-uniform+density=0.02,jvm-simd/simd(4 lanes)/simd-sparse/packed-8x4,5,2,1,2,150284,200178323,1332.0002328923904,ns,ok,partial,oneshot,a038f25ac66821574b30392dc1d3b189cc287e2c,true,kotlin-2.4.10/jvm/Eclipse Adoptium/25.0.1/JMH 1.37/forks=1,1,3,200000000,spadd-v1+129x65+sparse-uniform+density=0.02,policy-v1,policy,jvm-simd/policy-v1,jmh-average-time-v1,200000000,1,1,score-times-operations
4,spadd+129x65+sparse-uniform+density=0.02,jvm-simd/simd(4 lanes)/simd-sparse/packed-8x4,5,2,1,3,149314,200159644,1340.5283094686365,ns,ok,partial,oneshot,a038f25ac66821574b30392dc1d3b189cc287e2c,true,kotlin-2.4.10/jvm/Eclipse Adoptium/25.0.1/JMH 1.37/forks=1,1,3,200000000,spadd-v1+129x65+sparse-uniform+density=0.02,policy-v1,policy,jvm-simd/policy-v1,jmh-average-time-v1,200000000,1,1,score-times-operations
4,spadd+129x65+sparse-uniform+density=0.02,jvm-simd/simd(4 lanes)/simd-sparse/packed-8x4,5,2,1,4,150860,200110076,1326.4621238234124,ns,ok,partial,oneshot,a038f25ac66821574b30392dc1d3b189cc287e2c,true,kotlin-2.4.10/jvm/Eclipse Adoptium/25.0.1/JMH 1.37/forks=1,1,3,200000000,spadd-v1+129x65+sparse-uniform+density=0.02,policy-v1,policy,jvm-simd/policy-v1,jmh-average-time-v1,200000000,1,1,score-times-operations
4,spadd+129x65+sparse-uniform+density=0.02,jvm-simd/simd(4 lanes)/simd-sparse/packed-8x4,5,2,1,5,151208,200111941,1323.421650970848,ns,ok,partial,oneshot,a038f25ac66821574b30392dc1d3b189cc287e2c,true,kotlin-2.4.10/jvm/Eclipse Adoptium/25.0.1/JMH 1.37/forks=1,1,3,200000000,spadd-v1+129x65+sparse-uniform+density=0.02,policy-v1,policy,jvm-simd/policy-v1,jmh-average-time-v1,200000000,1,1,score-times-operations
4,sparse-slices-scatter+512+sparse-uniform+density=0.25,jvm-simd/simd(4 lanes)/simd-sparse/packed-8x4,5,2,1,1,881345,200166752,227.11509340837017,ns,ok,unsupported,sparse-slices,a038f25ac66821574b30392dc1d3b189cc287e2c,true,kotlin-2.4.10/jvm/Eclipse Adoptium/25.0.1/JMH 1.37/forks=1,1,3,200000000,sparse-slices-scatter-v1+512+sparse-uniform+density=0.25,policy-v1,policy,jvm-simd/policy-v1,jmh-average-time-v1,200000000,1,1,score-times-operations
4,sparse-slices-scatter+512+sparse-uniform+density=0.25,jvm-simd/simd(4 lanes)/simd-sparse/packed-8x4,5,2,1,2,857689,200250618,233.47695726539573,ns,ok,unsupported,sparse-slices,a038f25ac66821574b30392dc1d3b189cc287e2c,true,kotlin-2.4.10/jvm/Eclipse Adoptium/25.0.1/JMH 1.37/forks=1,1,3,200000000,sparse-slices-scatter-v1+512+sparse-uniform+density=0.25,policy-v1,policy,jvm-simd/policy-v1,jmh-average-time-v1,200000000,1,1,score-times-operations
4,sparse-slices-scatter+512+sparse-uniform+density=0.25,jvm-simd/simd(4 lanes)/simd-sparse/packed-8x4,5,2,1,3,852153,200237544,234.97839472489096,ns,ok,unsupported,sparse-slices,a038f25ac66821574b30392dc1d3b189cc287e2c,true,kotlin-2.4.10/jvm/Eclipse Adoptium/25.0.1/JMH 1.37/forks=1,1,3,200000000,sparse-slices-scatter-v1+512+sparse-uniform+density=0.25,policy-v1,policy,jvm-simd/policy-v1,jmh-average-time-v1,200000000,1,1,score-times-operations
4,sparse-slices-scatter+512+sparse-uniform+density=0.25,jvm-simd/simd(4 lanes)/simd-sparse/packed-8x4,5,2,1,4,852538,200097612,234.70814438769884,ns,ok,unsupported,sparse-slices,a038f25ac66821574b30392dc1d3b189cc287e2c,true,kotlin-2.4.10/jvm/Eclipse Adoptium/25.0.1/JMH 1.37/forks=1,1,3,200000000,sparse-slices-scatter-v1+512+sparse-uniform+density=0.25,policy-v1,policy,jvm-simd/policy-v1,jmh-average-time-v1,200000000,1,1,score-times-operations
4,sparse-slices-scatter+512+sparse-uniform+density=0.25,jvm-simd/simd(4 lanes)/simd-sparse/packed-8x4,5,2,1,5,846619,200145033,236.40508067973906,ns,ok,unsupported,sparse-slices,a038f25ac66821574b30392dc1d3b189cc287e2c,true,kotlin-2.4.10/jvm/Eclipse Adoptium/25.0.1/JMH 1.37/forks=1,1,3,200000000,sparse-slices-scatter-v1+512+sparse-uniform+density=0.25,policy-v1,policy,jvm-simd/policy-v1,jmh-average-time-v1,200000000,1,1,score-times-operations
4,sparse-slices-scatter-checked+512+sparse-uniform+density=0.25,jvm-simd/simd(4 lanes)/simd-sparse/packed-8x4,5,2,1,1,532063,200163598,376.2028143283784,ns,ok,unsupported,sparse-slices,a038f25ac66821574b30392dc1d3b189cc287e2c,true,kotlin-2.4.10/jvm/Eclipse Adoptium/25.0.1/JMH 1.37/forks=1,1,3,200000000,sparse-slices-scatter-checked-v1+512+sparse-uniform+density=0.25,policy-v1,policy,jvm-simd/policy-v1,jmh-average-time-v1,200000000,1,1,score-times-operations
4,sparse-slices-scatter-checked+512+sparse-uniform+density=0.25,jvm-simd/simd(4 lanes)/simd-sparse/packed-8x4,5,2,1,2,536039,200247841,373.5695369180228,ns,ok,unsupported,sparse-slices,a038f25ac66821574b30392dc1d3b189cc287e2c,true,kotlin-2.4.10/jvm/Eclipse Adoptium/25.0.1/JMH 1.37/forks=1,1,3,200000000,sparse-slices-scatter-checked-v1+512+sparse-uniform+density=0.25,policy-v1,policy,jvm-simd/policy-v1,jmh-average-time-v1,200000000,1,1,score-times-operations
4,sparse-slices-scatter-checked+512+sparse-uniform+density=0.25,jvm-simd/simd(4 lanes)/simd-sparse/packed-8x4,5,2,1,3,539672,200297285,371.1463351813694,ns,ok,unsupported,sparse-slices,a038f25ac66821574b30392dc1d3b189cc287e2c,true,kotlin-2.4.10/jvm/Eclipse Adoptium/25.0.1/JMH 1.37/forks=1,1,3,200000000,sparse-slices-scatter-checked-v1+512+sparse-uniform+density=0.25,policy-v1,policy,jvm-simd/policy-v1,jmh-average-time-v1,200000000,1,1,score-times-operations
4,sparse-slices-scatter-checked+512+sparse-uniform+density=0.25,jvm-simd/simd(4 lanes)/simd-sparse/packed-8x4,5,2,1,4,595789,200287670,336.17215155029714,ns,ok,unsupported,sparse-slices,a038f25ac66821574b30392dc1d3b189cc287e2c,true,kotlin-2.4.10/jvm/Eclipse Adoptium/25.0.1/JMH 1.37/forks=1,1,3,200000000,sparse-slices-scatter-checked-v1+512+sparse-uniform+density=0.25,policy-v1,policy,jvm-simd/policy-v1,jmh-average-time-v1,200000000,1,1,score-times-operations
4,sparse-slices-scatter-checked+512+sparse-uniform+density=0.25,jvm-simd/simd(4 lanes)/simd-sparse/packed-8x4,5,2,1,5,583668,200236167,343.0651791772035,ns,ok,unsupported,sparse-slices,a038f25ac66821574b30392dc1d3b189cc287e2c,true,kotlin-2.4.10/jvm/Eclipse Adoptium/25.0.1/JMH 1.37/forks=1,1,3,200000000,sparse-slices-scatter-checked-v1+512+sparse-uniform+density=0.25,policy-v1,policy,jvm-simd/policy-v1,jmh-average-time-v1,200000000,1,1,score-times-operations
4,sparse-slices-gather+512+sparse-uniform+density=0.25,jvm-simd/simd(4 lanes)/simd-sparse/packed-8x4,5,2,1,1,2641510,200273499,75.81780837475534,ns,ok,unsupported,sparse-slices,a038f25ac66821574b30392dc1d3b189cc287e2c,true,kotlin-2.4.10/jvm/Eclipse Adoptium/25.0.1/JMH 1.37/forks=1,1,3,200000000,sparse-slices-gather-v1+512+sparse-uniform+density=0.25,policy-v1,policy,jvm-simd/policy-v1,jmh-average-time-v1,200000000,1,1,score-times-operations
4,sparse-slices-gather+512+sparse-uniform+density=0.25,jvm-simd/simd(4 lanes)/simd-sparse/packed-8x4,5,2,1,2,2622149,200124557,76.32081815335437,ns,ok,unsupported,sparse-slices,a038f25ac66821574b30392dc1d3b189cc287e2c,true,kotlin-2.4.10/jvm/Eclipse Adoptium/25.0.1/JMH 1.37/forks=1,1,3,200000000,sparse-slices-gather-v1+512+sparse-uniform+density=0.25,policy-v1,policy,jvm-simd/policy-v1,jmh-average-time-v1,200000000,1,1,score-times-operations
4,sparse-slices-gather+512+sparse-uniform+density=0.25,jvm-simd/simd(4 lanes)/simd-sparse/packed-8x4,5,2,1,3,2465093,200187920,81.20907405927484,ns,ok,unsupported,sparse-slices,a038f25ac66821574b30392dc1d3b189cc287e2c,true,kotlin-2.4.10/jvm/Eclipse Adoptium/25.0.1/JMH 1.37/forks=1,1,3,200000000,sparse-slices-gather-v1+512+sparse-uniform+density=0.25,policy-v1,policy,jvm-simd/policy-v1,jmh-average-time-v1,200000000,1,1,score-times-operations
4,sparse-slices-gather+512+sparse-uniform+density=0.25,jvm-simd/simd(4 lanes)/simd-sparse/packed-8x4,5,2,1,4,2397799,200190204,83.48915150936338,ns,ok,unsupported,sparse-slices,a038f25ac66821574b30392dc1d3b189cc287e2c,true,kotlin-2.4.10/jvm/Eclipse Adoptium/25.0.1/JMH 1.37/forks=1,1,3,200000000,sparse-slices-gather-v1+512+sparse-uniform+density=0.25,policy-v1,policy,jvm-simd/policy-v1,jmh-average-time-v1,200000000,1,1,score-times-operations
4,sparse-slices-gather+512+sparse-uniform+density=0.25,jvm-simd/simd(4 lanes)/simd-sparse/packed-8x4,5,2,1,5,2335918,200169566,85.69203456628186,ns,ok,unsupported,sparse-slices,a038f25ac66821574b30392dc1d3b189cc287e2c,true,kotlin-2.4.10/jvm/Eclipse Adoptium/25.0.1/JMH 1.37/forks=1,1,3,200000000,sparse-slices-gather-v1+512+sparse-uniform+density=0.25,policy-v1,policy,jvm-simd/policy-v1,jmh-average-time-v1,200000000,1,1,score-times-operations
4,sparse-slices-gather-clear+512+sparse-uniform+density=0.25,jvm-simd/simd(4 lanes)/simd-sparse/packed-8x4,5,2,1,1,968957,200203618,206.61764969962547,ns,ok,unsupported,sparse-slices,a038f25ac66821574b30392dc1d3b189cc287e2c,true,kotlin-2.4.10/jvm/Eclipse Adoptium/25.0.1/JMH 1.37/forks=1,1,3,200000000,sparse-slices-gather-clear-v1+512+sparse-uniform+density=0.25,policy-v1,policy,jvm-simd/policy-v1,jmh-average-time-v1,200000000,1,1,score-times-operations
4,sparse-slices-gather-clear+512+sparse-uniform+density=0.25,jvm-simd/simd(4 lanes)/simd-sparse/packed-8x4,5,2,1,2,971903,200182653,205.969786079475,ns,ok,unsupported,sparse-slices,a038f25ac66821574b30392dc1d3b189cc287e2c,true,kotlin-2.4.10/jvm/Eclipse Adoptium/25.0.1/JMH 1.37/forks=1,1,3,200000000,sparse-slices-gather-clear-v1+512+sparse-uniform+density=0.25,policy-v1,policy,jvm-simd/policy-v1,jmh-average-time-v1,200000000,1,1,score-times-operations
4,sparse-slices-gather-clear+512+sparse-uniform+density=0.25,jvm-simd/simd(4 lanes)/simd-sparse/packed-8x4,5,2,1,3,957525,200214216,209.0955494634605,ns,ok,unsupported,sparse-slices,a038f25ac66821574b30392dc1d3b189cc287e2c,true,kotlin-2.4.10/jvm/Eclipse Adoptium/25.0.1/JMH 1.37/forks=1,1,3,200000000,sparse-slices-gather-clear-v1+512+sparse-uniform+density=0.25,policy-v1,policy,jvm-simd/policy-v1,jmh-average-time-v1,200000000,1,1,score-times-operations
4,sparse-slices-gather-clear+512+sparse-uniform+density=0.25,jvm-simd/simd(4 lanes)/simd-sparse/packed-8x4,5,2,1,4,957148,200074045,209.03146117423847,ns,ok,unsupported,sparse-slices,a038f25ac66821574b30392dc1d3b189cc287e2c,true,kotlin-2.4.10/jvm/Eclipse Adoptium/25.0.1/JMH 1.37/forks=1,1,3,200000000,sparse-slices-gather-clear-v1+512+sparse-uniform+density=0.25,policy-v1,policy,jvm-simd/policy-v1,jmh-average-time-v1,200000000,1,1,score-times-operations
4,sparse-slices-gather-clear+512+sparse-uniform+density=0.25,jvm-simd/simd(4 lanes)/simd-sparse/packed-8x4,5,2,1,5,970630,200134034,206.18982928613374,ns,ok,unsupported,sparse-slices,a038f25ac66821574b30392dc1d3b189cc287e2c,true,kotlin-2.4.10/jvm/Eclipse Adoptium/25.0.1/JMH 1.37/forks=1,1,3,200000000,sparse-slices-gather-clear-v1+512+sparse-uniform+density=0.25,policy-v1,policy,jvm-simd/policy-v1,jmh-average-time-v1,200000000,1,1,score-times-operations
4,sparse-slices-clear+512+sparse-uniform+density=0.25,jvm-simd/simd(4 lanes)/simd-sparse/packed-8x4,5,2,1,1,1318150,200237450,151.90793915715207,ns,ok,unsupported,sparse-slices,a038f25ac66821574b30392dc1d3b189cc287e2c,true,kotlin-2.4.10/jvm/Eclipse Adoptium/25.0.1/JMH 1.37/forks=1,1,3,200000000,sparse-slices-clear-v1+512+sparse-uniform+density=0.25,policy-v1,policy,jvm-simd/policy-v1,jmh-average-time-v1,200000000,1,1,score-times-operations
4,sparse-slices-clear+512+sparse-uniform+density=0.25,jvm-simd/simd(4 lanes)/simd-sparse/packed-8x4,5,2,1,2,1316123,200130750,152.06082562192137,ns,ok,unsupported,sparse-slices,a038f25ac66821574b30392dc1d3b189cc287e2c,true,kotlin-2.4.10/jvm/Eclipse Adoptium/25.0.1/JMH 1.37/forks=1,1,3,200000000,sparse-slices-clear-v1+512+sparse-uniform+density=0.25,policy-v1,policy,jvm-simd/policy-v1,jmh-average-time-v1,200000000,1,1,score-times-operations
4,sparse-slices-clear+512+sparse-uniform+density=0.25,jvm-simd/simd(4 lanes)/simd-sparse/packed-8x4,5,2,1,3,1312951,200228353,152.50253284395228,ns,ok,unsupported,sparse-slices,a038f25ac66821574b30392dc1d3b189cc287e2c,true,kotlin-2.4.10/jvm/Eclipse Adoptium/25.0.1/JMH 1.37/forks=1,1,3,200000000,sparse-slices-clear-v1+512+sparse-uniform+density=0.25,policy-v1,policy,jvm-simd/policy-v1,jmh-average-time-v1,200000000,1,1,score-times-operations
4,sparse-slices-clear+512+sparse-uniform+density=0.25,jvm-simd/simd(4 lanes)/simd-sparse/packed-8x4,5,2,1,4,1312216,200226787,152.58675934449815,ns,ok,unsupported,sparse-slices,a038f25ac66821574b30392dc1d3b189cc287e2c,true,kotlin-2.4.10/jvm/Eclipse Adoptium/25.0.1/JMH 1.37/forks=1,1,3,200000000,sparse-slices-clear-v1+512+sparse-uniform+density=0.25,policy-v1,policy,jvm-simd/policy-v1,jmh-average-time-v1,200000000,1,1,score-times-operations
4,sparse-slices-clear+512+sparse-uniform+density=0.25,jvm-simd/simd(4 lanes)/simd-sparse/packed-8x4,5,2,1,5,1320289,200225417,151.65271921526272,ns,ok,unsupported,sparse-slices,a038f25ac66821574b30392dc1d3b189cc287e2c,true,kotlin-2.4.10/jvm/Eclipse Adoptium/25.0.1/JMH 1.37/forks=1,1,3,200000000,sparse-slices-clear-v1+512+sparse-uniform+density=0.25,policy-v1,policy,jvm-simd/policy-v1,jmh-average-time-v1,200000000,1,1,score-times-operations
4,sparse-slices-clear-local+512+sparse-uniform+density=0.25,jvm-simd/simd(4 lanes)/simd-sparse/packed-8x4,5,2,1,1,1451152,200227222,137.97811807446774,ns,ok,unsupported,sparse-slices,a038f25ac66821574b30392dc1d3b189cc287e2c,true,kotlin-2.4.10/jvm/Eclipse Adoptium/25.0.1/JMH 1.37/forks=1,1,3,200000000,sparse-slices-clear-local-v1+512+sparse-uniform+density=0.25,policy-v1,policy,jvm-simd/policy-v1,jmh-average-time-v1,200000000,1,1,score-times-operations
4,sparse-slices-clear-local+512+sparse-uniform+density=0.25,jvm-simd/simd(4 lanes)/simd-sparse/packed-8x4,5,2,1,2,1451378,200207898,137.94331869437184,ns,ok,unsupported,sparse-slices,a038f25ac66821574b30392dc1d3b189cc287e2c,true,kotlin-2.4.10/jvm/Eclipse Adoptium/25.0.1/JMH 1.37/forks=1,1,3,200000000,sparse-slices-clear-local-v1+512+sparse-uniform+density=0.25,policy-v1,policy,jvm-simd/policy-v1,jmh-average-time-v1,200000000,1,1,score-times-operations
4,sparse-slices-clear-local+512+sparse-uniform+density=0.25,jvm-simd/simd(4 lanes)/simd-sparse/packed-8x4,5,2,1,3,1446286,200171206,138.4036117337788,ns,ok,unsupported,sparse-slices,a038f25ac66821574b30392dc1d3b189cc287e2c,true,kotlin-2.4.10/jvm/Eclipse Adoptium/25.0.1/JMH 1.37/forks=1,1,3,200000000,sparse-slices-clear-local-v1+512+sparse-uniform+density=0.25,policy-v1,policy,jvm-simd/policy-v1,jmh-average-time-v1,200000000,1,1,score-times-operations
4,sparse-slices-clear-local+512+sparse-uniform+density=0.25,jvm-simd/simd(4 lanes)/simd-sparse/packed-8x4,5,2,1,4,1450906,200150022,137.94830402520907,ns,ok,unsupported,sparse-slices,a038f25ac66821574b30392dc1d3b189cc287e2c,true,kotlin-2.4.10/jvm/Eclipse Adoptium/25.0.1/JMH 1.37/forks=1,1,3,200000000,sparse-slices-clear-local-v1+512+sparse-uniform+density=0.25,policy-v1,policy,jvm-simd/policy-v1,jmh-average-time-v1,200000000,1,1,score-times-operations
4,sparse-slices-clear-local+512+sparse-uniform+density=0.25,jvm-simd/simd(4 lanes)/simd-sparse/packed-8x4,5,2,1,5,1432276,200177566,139.76186572978952,ns,ok,unsupported,sparse-slices,a038f25ac66821574b30392dc1d3b189cc287e2c,true,kotlin-2.4.10/jvm/Eclipse Adoptium/25.0.1/JMH 1.37/forks=1,1,3,200000000,sparse-slices-clear-local-v1+512+sparse-uniform+density=0.25,policy-v1,policy,jvm-simd/policy-v1,jmh-average-time-v1,200000000,1,1,score-times-operations
4,sparse-slices-reduce-dot-checked+512+sparse-uniform+density=0.25,jvm-simd/simd(4 lanes)/simd-sparse/packed-8x4,5,2,1,1,492396,200194020,406.5711744205883,ns,ok,unsupported,sparse-slices,a038f25ac66821574b30392dc1d3b189cc287e2c,true,kotlin-2.4.10/jvm/Eclipse Adoptium/25.0.1/JMH 1.37/forks=1,1,3,200000000,sparse-slices-reduce-dot-checked-v1+512+sparse-uniform+density=0.25,policy-v1,policy,jvm-simd/policy-v1,jmh-average-time-v1,200000000,1,1,score-times-operations
4,sparse-slices-reduce-dot-checked+512+sparse-uniform+density=0.25,jvm-simd/simd(4 lanes)/simd-sparse/packed-8x4,5,2,1,2,490065,200216108,408.5501066185098,ns,ok,unsupported,sparse-slices,a038f25ac66821574b30392dc1d3b189cc287e2c,true,kotlin-2.4.10/jvm/Eclipse Adoptium/25.0.1/JMH 1.37/forks=1,1,3,200000000,sparse-slices-reduce-dot-checked-v1+512+sparse-uniform+density=0.25,policy-v1,policy,jvm-simd/policy-v1,jmh-average-time-v1,200000000,1,1,score-times-operations
4,sparse-slices-reduce-dot-checked+512+sparse-uniform+density=0.25,jvm-simd/simd(4 lanes)/simd-sparse/packed-8x4,5,2,1,3,495412,200225539,404.1596469201392,ns,ok,unsupported,sparse-slices,a038f25ac66821574b30392dc1d3b189cc287e2c,true,kotlin-2.4.10/jvm/Eclipse Adoptium/25.0.1/JMH 1.37/forks=1,1,3,200000000,sparse-slices-reduce-dot-checked-v1+512+sparse-uniform+density=0.25,policy-v1,policy,jvm-simd/policy-v1,jmh-average-time-v1,200000000,1,1,score-times-operations
4,sparse-slices-reduce-dot-checked+512+sparse-uniform+density=0.25,jvm-simd/simd(4 lanes)/simd-sparse/packed-8x4,5,2,1,4,495014,200098020,404.2269915598347,ns,ok,unsupported,sparse-slices,a038f25ac66821574b30392dc1d3b189cc287e2c,true,kotlin-2.4.10/jvm/Eclipse Adoptium/25.0.1/JMH 1.37/forks=1,1,3,200000000,sparse-slices-reduce-dot-checked-v1+512+sparse-uniform+density=0.25,policy-v1,policy,jvm-simd/policy-v1,jmh-average-time-v1,200000000,1,1,score-times-operations
4,sparse-slices-reduce-dot-checked+512+sparse-uniform+density=0.25,jvm-simd/simd(4 lanes)/simd-sparse/packed-8x4,5,2,1,5,497149,200239251,402.77512576712417,ns,ok,unsupported,sparse-slices,a038f25ac66821574b30392dc1d3b189cc287e2c,true,kotlin-2.4.10/jvm/Eclipse Adoptium/25.0.1/JMH 1.37/forks=1,1,3,200000000,sparse-slices-reduce-dot-checked-v1+512+sparse-uniform+density=0.25,policy-v1,policy,jvm-simd/policy-v1,jmh-average-time-v1,200000000,1,1,score-times-operations
4,sparse-slices-reduce-dot-local+512+sparse-uniform+density=0.25,jvm-simd/simd(4 lanes)/simd-sparse/packed-8x4,5,2,1,1,687467,200170593,291.17120239953334,ns,ok,unsupported,sparse-slices,a038f25ac66821574b30392dc1d3b189cc287e2c,true,kotlin-2.4.10/jvm/Eclipse Adoptium/25.0.1/JMH 1.37/forks=1,1,3,200000000,sparse-slices-reduce-dot-local-v1+512+sparse-uniform+density=0.25,policy-v1,policy,jvm-simd/policy-v1,jmh-average-time-v1,200000000,1,1,score-times-operations
4,sparse-slices-reduce-dot-local+512+sparse-uniform+density=0.25,jvm-simd/simd(4 lanes)/simd-sparse/packed-8x4,5,2,1,2,682538,200134439,293.22094740512614,ns,ok,unsupported,sparse-slices,a038f25ac66821574b30392dc1d3b189cc287e2c,true,kotlin-2.4.10/jvm/Eclipse Adoptium/25.0.1/JMH 1.37/forks=1,1,3,200000000,sparse-slices-reduce-dot-local-v1+512+sparse-uniform+density=0.25,policy-v1,policy,jvm-simd/policy-v1,jmh-average-time-v1,200000000,1,1,score-times-operations
4,sparse-slices-reduce-dot-local+512+sparse-uniform+density=0.25,jvm-simd/simd(4 lanes)/simd-sparse/packed-8x4,5,2,1,3,674703,200228178,296.76491434008744,ns,ok,unsupported,sparse-slices,a038f25ac66821574b30392dc1d3b189cc287e2c,true,kotlin-2.4.10/jvm/Eclipse Adoptium/25.0.1/JMH 1.37/forks=1,1,3,200000000,sparse-slices-reduce-dot-local-v1+512+sparse-uniform+density=0.25,policy-v1,policy,jvm-simd/policy-v1,jmh-average-time-v1,200000000,1,1,score-times-operations
4,sparse-slices-reduce-dot-local+512+sparse-uniform+density=0.25,jvm-simd/simd(4 lanes)/simd-sparse/packed-8x4,5,2,1,4,669142,200209407,299.2031691330091,ns,ok,unsupported,sparse-slices,a038f25ac66821574b30392dc1d3b189cc287e2c,true,kotlin-2.4.10/jvm/Eclipse Adoptium/25.0.1/JMH 1.37/forks=1,1,3,200000000,sparse-slices-reduce-dot-local-v1+512+sparse-uniform+density=0.25,policy-v1,policy,jvm-simd/policy-v1,jmh-average-time-v1,200000000,1,1,score-times-operations
4,sparse-slices-reduce-dot-local+512+sparse-uniform+density=0.25,jvm-simd/simd(4 lanes)/simd-sparse/packed-8x4,5,2,1,5,670606,200156846,298.4716003137461,ns,ok,unsupported,sparse-slices,a038f25ac66821574b30392dc1d3b189cc287e2c,true,kotlin-2.4.10/jvm/Eclipse Adoptium/25.0.1/JMH 1.37/forks=1,1,3,200000000,sparse-slices-reduce-dot-local-v1+512+sparse-uniform+density=0.25,policy-v1,policy,jvm-simd/policy-v1,jmh-average-time-v1,200000000,1,1,score-times-operations
4,sparse-slices-reduce-dot-unchecked+512+sparse-uniform+density=0.25,jvm-simd/simd(4 lanes)/simd-sparse/packed-8x4,5,2,1,1,3086672,200256609,64.87783897997585,ns,ok,unsupported,sparse-slices,a038f25ac66821574b30392dc1d3b189cc287e2c,true,kotlin-2.4.10/jvm/Eclipse Adoptium/25.0.1/JMH 1.37/forks=1,1,3,200000000,sparse-slices-reduce-dot-unchecked-v1+512+sparse-uniform+density=0.25,policy-v1,policy,jvm-simd/policy-v1,jmh-average-time-v1,200000000,1,1,score-times-operations
4,sparse-slices-reduce-dot-unchecked+512+sparse-uniform+density=0.25,jvm-simd/simd(4 lanes)/simd-sparse/packed-8x4,5,2,1,2,2986703,200183210,67.02481297939568,ns,ok,unsupported,sparse-slices,a038f25ac66821574b30392dc1d3b189cc287e2c,true,kotlin-2.4.10/jvm/Eclipse Adoptium/25.0.1/JMH 1.37/forks=1,1,3,200000000,sparse-slices-reduce-dot-unchecked-v1+512+sparse-uniform+density=0.25,policy-v1,policy,jvm-simd/policy-v1,jmh-average-time-v1,200000000,1,1,score-times-operations
4,sparse-slices-reduce-dot-unchecked+512+sparse-uniform+density=0.25,jvm-simd/simd(4 lanes)/simd-sparse/packed-8x4,5,2,1,3,2951965,200177797,67.81171084345512,ns,ok,unsupported,sparse-slices,a038f25ac66821574b30392dc1d3b189cc287e2c,true,kotlin-2.4.10/jvm/Eclipse Adoptium/25.0.1/JMH 1.37/forks=1,1,3,200000000,sparse-slices-reduce-dot-unchecked-v1+512+sparse-uniform+density=0.25,policy-v1,policy,jvm-simd/policy-v1,jmh-average-time-v1,200000000,1,1,score-times-operations
4,sparse-slices-reduce-dot-unchecked+512+sparse-uniform+density=0.25,jvm-simd/simd(4 lanes)/simd-sparse/packed-8x4,5,2,1,4,2916722,200122277,68.61205044567154,ns,ok,unsupported,sparse-slices,a038f25ac66821574b30392dc1d3b189cc287e2c,true,kotlin-2.4.10/jvm/Eclipse Adoptium/25.0.1/JMH 1.37/forks=1,1,3,200000000,sparse-slices-reduce-dot-unchecked-v1+512+sparse-uniform+density=0.25,policy-v1,policy,jvm-simd/policy-v1,jmh-average-time-v1,200000000,1,1,score-times-operations
4,sparse-slices-reduce-dot-unchecked+512+sparse-uniform+density=0.25,jvm-simd/simd(4 lanes)/simd-sparse/packed-8x4,5,2,1,5,2960147,200188256,67.62780902434913,ns,ok,unsupported,sparse-slices,a038f25ac66821574b30392dc1d3b189cc287e2c,true,kotlin-2.4.10/jvm/Eclipse Adoptium/25.0.1/JMH 1.37/forks=1,1,3,200000000,sparse-slices-reduce-dot-unchecked-v1+512+sparse-uniform+density=0.25,policy-v1,policy,jvm-simd/policy-v1,jmh-average-time-v1,200000000,1,1,score-times-operations
4,sparse-slices-max+512+sparse-uniform+density=0.25,jvm-simd/simd(4 lanes)/simd-sparse/packed-8x4,5,2,1,1,798290,200086520,250.64390133911235,ns,ok,unsupported,sparse-slices,a038f25ac66821574b30392dc1d3b189cc287e2c,true,kotlin-2.4.10/jvm/Eclipse Adoptium/25.0.1/JMH 1.37/forks=1,1,3,200000000,sparse-slices-max-v1+512+sparse-uniform+density=0.25,policy-v1,policy,jvm-simd/policy-v1,jmh-average-time-v1,200000000,1,1,score-times-operations
4,sparse-slices-max+512+sparse-uniform+density=0.25,jvm-simd/simd(4 lanes)/simd-sparse/packed-8x4,5,2,1,2,813564,200086695,245.9384817912297,ns,ok,unsupported,sparse-slices,a038f25ac66821574b30392dc1d3b189cc287e2c,true,kotlin-2.4.10/jvm/Eclipse Adoptium/25.0.1/JMH 1.37/forks=1,1,3,200000000,sparse-slices-max-v1+512+sparse-uniform+density=0.25,policy-v1,policy,jvm-simd/policy-v1,jmh-average-time-v1,200000000,1,1,score-times-operations
4,sparse-slices-max+512+sparse-uniform+density=0.25,jvm-simd/simd(4 lanes)/simd-sparse/packed-8x4,5,2,1,3,801840,200127051,249.58476878180187,ns,ok,unsupported,sparse-slices,a038f25ac66821574b30392dc1d3b189cc287e2c,true,kotlin-2.4.10/jvm/Eclipse Adoptium/25.0.1/JMH 1.37/forks=1,1,3,200000000,sparse-slices-max-v1+512+sparse-uniform+density=0.25,policy-v1,policy,jvm-simd/policy-v1,jmh-average-time-v1,200000000,1,1,score-times-operations
4,sparse-slices-max+512+sparse-uniform+density=0.25,jvm-simd/simd(4 lanes)/simd-sparse/packed-8x4,5,2,1,4,807300,200088077,247.848478880218,ns,ok,unsupported,sparse-slices,a038f25ac66821574b30392dc1d3b189cc287e2c,true,kotlin-2.4.10/jvm/Eclipse Adoptium/25.0.1/JMH 1.37/forks=1,1,3,200000000,sparse-slices-max-v1+512+sparse-uniform+density=0.25,policy-v1,policy,jvm-simd/policy-v1,jmh-average-time-v1,200000000,1,1,score-times-operations
4,sparse-slices-max+512+sparse-uniform+density=0.25,jvm-simd/simd(4 lanes)/simd-sparse/packed-8x4,5,2,1,5,813585,200083044,245.92764615866813,ns,ok,unsupported,sparse-slices,a038f25ac66821574b30392dc1d3b189cc287e2c,true,kotlin-2.4.10/jvm/Eclipse Adoptium/25.0.1/JMH 1.37/forks=1,1,3,200000000,sparse-slices-max-v1+512+sparse-uniform+density=0.25,policy-v1,policy,jvm-simd/policy-v1,jmh-average-time-v1,200000000,1,1,score-times-operations
4,sparse-slices-filter+512+sparse-uniform+density=0.25,jvm-simd/simd(4 lanes)/simd-sparse/packed-8x4,5,2,1,1,1185275,200181194,168.8900837358419,ns,ok,unsupported,sparse-slices,a038f25ac66821574b30392dc1d3b189cc287e2c,true,kotlin-2.4.10/jvm/Eclipse Adoptium/25.0.1/JMH 1.37/forks=1,1,3,200000000,sparse-slices-filter-v1+512+sparse-uniform+density=0.25,policy-v1,policy,jvm-simd/policy-v1,jmh-average-time-v1,200000000,1,1,score-times-operations
4,sparse-slices-filter+512+sparse-uniform+density=0.25,jvm-simd/simd(4 lanes)/simd-sparse/packed-8x4,5,2,1,2,1092770,200250947,183.25077280672053,ns,ok,unsupported,sparse-slices,a038f25ac66821574b30392dc1d3b189cc287e2c,true,kotlin-2.4.10/jvm/Eclipse Adoptium/25.0.1/JMH 1.37/forks=1,1,3,200000000,sparse-slices-filter-v1+512+sparse-uniform+density=0.25,policy-v1,policy,jvm-simd/policy-v1,jmh-average-time-v1,200000000,1,1,score-times-operations
4,sparse-slices-filter+512+sparse-uniform+density=0.25,jvm-simd/simd(4 lanes)/simd-sparse/packed-8x4,5,2,1,3,1090579,200206407,183.57808741961838,ns,ok,unsupported,sparse-slices,a038f25ac66821574b30392dc1d3b189cc287e2c,true,kotlin-2.4.10/jvm/Eclipse Adoptium/25.0.1/JMH 1.37/forks=1,1,3,200000000,sparse-slices-filter-v1+512+sparse-uniform+density=0.25,policy-v1,policy,jvm-simd/policy-v1,jmh-average-time-v1,200000000,1,1,score-times-operations
4,sparse-slices-filter+512+sparse-uniform+density=0.25,jvm-simd/simd(4 lanes)/simd-sparse/packed-8x4,5,2,1,4,1089081,200181534,183.80775534602108,ns,ok,unsupported,sparse-slices,a038f25ac66821574b30392dc1d3b189cc287e2c,true,kotlin-2.4.10/jvm/Eclipse Adoptium/25.0.1/JMH 1.37/forks=1,1,3,200000000,sparse-slices-filter-v1+512+sparse-uniform+density=0.25,policy-v1,policy,jvm-simd/policy-v1,jmh-average-time-v1,200000000,1,1,score-times-operations
4,sparse-slices-filter+512+sparse-uniform+density=0.25,jvm-simd/simd(4 lanes)/simd-sparse/packed-8x4,5,2,1,5,1092532,200100383,183.1528806478895,ns,ok,unsupported,sparse-slices,a038f25ac66821574b30392dc1d3b189cc287e2c,true,kotlin-2.4.10/jvm/Eclipse Adoptium/25.0.1/JMH 1.37/forks=1,1,3,200000000,sparse-slices-filter-v1+512+sparse-uniform+density=0.25,policy-v1,policy,jvm-simd/policy-v1,jmh-average-time-v1,200000000,1,1,score-times-operations
4,gemm+257x3x1+uniform,jvm-simd/simd(4 lanes)/simd-sparse/packed-8x4,5,2,1,1,129370,200114472,1546.8383087269074,ns,ok,direct,reset-and-arithmetic,a038f25ac66821574b30392dc1d3b189cc287e2c,true,kotlin-2.4.10/jvm/Eclipse Adoptium/25.0.1/JMH 1.37/forks=1,1,3,200000000,gemm-v1+257x3x1+uniform,policy-v1,policy,jvm-simd/policy-v1,jmh-average-time-v1,200000000,1,1,score-times-operations
4,gemm+257x3x1+uniform,jvm-simd/simd(4 lanes)/simd-sparse/packed-8x4,5,2,1,2,130634,200213797,1532.6316043296538,ns,ok,direct,reset-and-arithmetic,a038f25ac66821574b30392dc1d3b189cc287e2c,true,kotlin-2.4.10/jvm/Eclipse Adoptium/25.0.1/JMH 1.37/forks=1,1,3,200000000,gemm-v1+257x3x1+uniform,policy-v1,policy,jvm-simd/policy-v1,jmh-average-time-v1,200000000,1,1,score-times-operations
4,gemm+257x3x1+uniform,jvm-simd/simd(4 lanes)/simd-sparse/packed-8x4,5,2,1,3,122892,200145782,1628.6314975751066,ns,ok,direct,reset-and-arithmetic,a038f25ac66821574b30392dc1d3b189cc287e2c,true,kotlin-2.4.10/jvm/Eclipse Adoptium/25.0.1/JMH 1.37/forks=1,1,3,200000000,gemm-v1+257x3x1+uniform,policy-v1,policy,jvm-simd/policy-v1,jmh-average-time-v1,200000000,1,1,score-times-operations
4,gemm+257x3x1+uniform,jvm-simd/simd(4 lanes)/simd-sparse/packed-8x4,5,2,1,4,118630,200210861,1687.6916547247745,ns,ok,direct,reset-and-arithmetic,a038f25ac66821574b30392dc1d3b189cc287e2c,true,kotlin-2.4.10/jvm/Eclipse Adoptium/25.0.1/JMH 1.37/forks=1,1,3,200000000,gemm-v1+257x3x1+uniform,policy-v1,policy,jvm-simd/policy-v1,jmh-average-time-v1,200000000,1,1,score-times-operations
4,gemm+257x3x1+uniform,jvm-simd/simd(4 lanes)/simd-sparse/packed-8x4,5,2,1,5,117325,200146387,1705.9142297038143,ns,ok,direct,reset-and-arithmetic,a038f25ac66821574b30392dc1d3b189cc287e2c,true,kotlin-2.4.10/jvm/Eclipse Adoptium/25.0.1/JMH 1.37/forks=1,1,3,200000000,gemm-v1+257x3x1+uniform,policy-v1,policy,jvm-simd/policy-v1,jmh-average-time-v1,200000000,1,1,score-times-operations
4,gemm+3x257x33+uniform,jvm-simd/simd(4 lanes)/simd-sparse/packed-8x4,5,2,1,1,13689,200241668,14627.925195412376,ns,ok,direct,reset-and-arithmetic,a038f25ac66821574b30392dc1d3b189cc287e2c,true,kotlin-2.4.10/jvm/Eclipse Adoptium/25.0.1/JMH 1.37/forks=1,1,3,200000000,gemm-v1+3x257x33+uniform,policy-v1,policy,jvm-simd/policy-v1,jmh-average-time-v1,200000000,1,1,score-times-operations
4,gemm+3x257x33+uniform,jvm-simd/simd(4 lanes)/simd-sparse/packed-8x4,5,2,1,2,13584,200207136,14738.452296819787,ns,ok,direct,reset-and-arithmetic,a038f25ac66821574b30392dc1d3b189cc287e2c,true,kotlin-2.4.10/jvm/Eclipse Adoptium/25.0.1/JMH 1.37/forks=1,1,3,200000000,gemm-v1+3x257x33+uniform,policy-v1,policy,jvm-simd/policy-v1,jmh-average-time-v1,200000000,1,1,score-times-operations
4,gemm+3x257x33+uniform,jvm-simd/simd(4 lanes)/simd-sparse/packed-8x4,5,2,1,3,13495,200228328,14837.22326787699,ns,ok,direct,reset-and-arithmetic,a038f25ac66821574b30392dc1d3b189cc287e2c,true,kotlin-2.4.10/jvm/Eclipse Adoptium/25.0.1/JMH 1.37/forks=1,1,3,200000000,gemm-v1+3x257x33+uniform,policy-v1,policy,jvm-simd/policy-v1,jmh-average-time-v1,200000000,1,1,score-times-operations
4,gemm+3x257x33+uniform,jvm-simd/simd(4 lanes)/simd-sparse/packed-8x4,5,2,1,4,13589,200107926,14725.728604017955,ns,ok,direct,reset-and-arithmetic,a038f25ac66821574b30392dc1d3b189cc287e2c,true,kotlin-2.4.10/jvm/Eclipse Adoptium/25.0.1/JMH 1.37/forks=1,1,3,200000000,gemm-v1+3x257x33+uniform,policy-v1,policy,jvm-simd/policy-v1,jmh-average-time-v1,200000000,1,1,score-times-operations
4,gemm+3x257x33+uniform,jvm-simd/simd(4 lanes)/simd-sparse/packed-8x4,5,2,1,5,13901,200249762,14405.421336594489,ns,ok,direct,reset-and-arithmetic,a038f25ac66821574b30392dc1d3b189cc287e2c,true,kotlin-2.4.10/jvm/Eclipse Adoptium/25.0.1/JMH 1.37/forks=1,1,3,200000000,gemm-v1+3x257x33+uniform,policy-v1,policy,jvm-simd/policy-v1,jmh-average-time-v1,200000000,1,1,score-times-operations
4,gemm+127x5x65+uniform,jvm-simd/simd(4 lanes)/simd-sparse/packed-8x4,5,2,1,1,21950,200205325,9120.971526195899,ns,ok,direct,reset-and-arithmetic,a038f25ac66821574b30392dc1d3b189cc287e2c,true,kotlin-2.4.10/jvm/Eclipse Adoptium/25.0.1/JMH 1.37/forks=1,1,3,200000000,gemm-v1+127x5x65+uniform,policy-v1,policy,jvm-simd/policy-v1,jmh-average-time-v1,200000000,1,1,score-times-operations
4,gemm+127x5x65+uniform,jvm-simd/simd(4 lanes)/simd-sparse/packed-8x4,5,2,1,2,21838,200178214,9166.508563055224,ns,ok,direct,reset-and-arithmetic,a038f25ac66821574b30392dc1d3b189cc287e2c,true,kotlin-2.4.10/jvm/Eclipse Adoptium/25.0.1/JMH 1.37/forks=1,1,3,200000000,gemm-v1+127x5x65+uniform,policy-v1,policy,jvm-simd/policy-v1,jmh-average-time-v1,200000000,1,1,score-times-operations
4,gemm+127x5x65+uniform,jvm-simd/simd(4 lanes)/simd-sparse/packed-8x4,5,2,1,3,21804,200167458,9180.309025866813,ns,ok,direct,reset-and-arithmetic,a038f25ac66821574b30392dc1d3b189cc287e2c,true,kotlin-2.4.10/jvm/Eclipse Adoptium/25.0.1/JMH 1.37/forks=1,1,3,200000000,gemm-v1+127x5x65+uniform,policy-v1,policy,jvm-simd/policy-v1,jmh-average-time-v1,200000000,1,1,score-times-operations
4,gemm+127x5x65+uniform,jvm-simd/simd(4 lanes)/simd-sparse/packed-8x4,5,2,1,4,21905,200188967,9138.962200410866,ns,ok,direct,reset-and-arithmetic,a038f25ac66821574b30392dc1d3b189cc287e2c,true,kotlin-2.4.10/jvm/Eclipse Adoptium/25.0.1/JMH 1.37/forks=1,1,3,200000000,gemm-v1+127x5x65+uniform,policy-v1,policy,jvm-simd/policy-v1,jmh-average-time-v1,200000000,1,1,score-times-operations
4,gemm+127x5x65+uniform,jvm-simd/simd(4 lanes)/simd-sparse/packed-8x4,5,2,1,5,22003,200149500,9096.464118529291,ns,ok,direct,reset-and-arithmetic,a038f25ac66821574b30392dc1d3b189cc287e2c,true,kotlin-2.4.10/jvm/Eclipse Adoptium/25.0.1/JMH 1.37/forks=1,1,3,200000000,gemm-v1+127x5x65+uniform,policy-v1,policy,jvm-simd/policy-v1,jmh-average-time-v1,200000000,1,1,score-times-operations
4,trsm+65x1+triangular+side=L+uplo=L+transA=N+diag=N,jvm-simd/simd(4 lanes)/simd-sparse/packed-8x4,5,2,1,1,229711,200204540,871.5496428120551,ns,ok,direct,reset-and-arithmetic,a038f25ac66821574b30392dc1d3b189cc287e2c,true,kotlin-2.4.10/jvm/Eclipse Adoptium/25.0.1/JMH 1.37/forks=1,1,3,200000000,trsm-v1+65x1+triangular+side=L+uplo=L+transA=N+diag=N,policy-v1,policy,jvm-simd/policy-v1,jmh-average-time-v1,200000000,1,1,score-times-operations
4,trsm+65x1+triangular+side=L+uplo=L+transA=N+diag=N,jvm-simd/simd(4 lanes)/simd-sparse/packed-8x4,5,2,1,2,217401,200153384,920.6645047630876,ns,ok,direct,reset-and-arithmetic,a038f25ac66821574b30392dc1d3b189cc287e2c,true,kotlin-2.4.10/jvm/Eclipse Adoptium/25.0.1/JMH 1.37/forks=1,1,3,200000000,trsm-v1+65x1+triangular+side=L+uplo=L+transA=N+diag=N,policy-v1,policy,jvm-simd/policy-v1,jmh-average-time-v1,200000000,1,1,score-times-operations
4,trsm+65x1+triangular+side=L+uplo=L+transA=N+diag=N,jvm-simd/simd(4 lanes)/simd-sparse/packed-8x4,5,2,1,3,211459,200210956,946.8074473065701,ns,ok,direct,reset-and-arithmetic,a038f25ac66821574b30392dc1d3b189cc287e2c,true,kotlin-2.4.10/jvm/Eclipse Adoptium/25.0.1/JMH 1.37/forks=1,1,3,200000000,trsm-v1+65x1+triangular+side=L+uplo=L+transA=N+diag=N,policy-v1,policy,jvm-simd/policy-v1,jmh-average-time-v1,200000000,1,1,score-times-operations
4,trsm+65x1+triangular+side=L+uplo=L+transA=N+diag=N,jvm-simd/simd(4 lanes)/simd-sparse/packed-8x4,5,2,1,4,210303,200122748,951.5924546963191,ns,ok,direct,reset-and-arithmetic,a038f25ac66821574b30392dc1d3b189cc287e2c,true,kotlin-2.4.10/jvm/Eclipse Adoptium/25.0.1/JMH 1.37/forks=1,1,3,200000000,trsm-v1+65x1+triangular+side=L+uplo=L+transA=N+diag=N,policy-v1,policy,jvm-simd/policy-v1,jmh-average-time-v1,200000000,1,1,score-times-operations
4,trsm+65x1+triangular+side=L+uplo=L+transA=N+diag=N,jvm-simd/simd(4 lanes)/simd-sparse/packed-8x4,5,2,1,5,211807,200115229,944.7998838565297,ns,ok,direct,reset-and-arithmetic,a038f25ac66821574b30392dc1d3b189cc287e2c,true,kotlin-2.4.10/jvm/Eclipse Adoptium/25.0.1/JMH 1.37/forks=1,1,3,200000000,trsm-v1+65x1+triangular+side=L+uplo=L+transA=N+diag=N,policy-v1,policy,jvm-simd/policy-v1,jmh-average-time-v1,200000000,1,1,score-times-operations
4,trsm+65x33+triangular+side=L+uplo=U+transA=T+diag=U,jvm-simd/simd(4 lanes)/simd-sparse/packed-8x4,5,2,1,1,7748,200167614,25834.746257098606,ns,ok,direct,reset-and-arithmetic,a038f25ac66821574b30392dc1d3b189cc287e2c,true,kotlin-2.4.10/jvm/Eclipse Adoptium/25.0.1/JMH 1.37/forks=1,1,3,200000000,trsm-v1+65x33+triangular+side=L+uplo=U+transA=T+diag=U,policy-v1,policy,jvm-simd/policy-v1,jmh-average-time-v1,200000000,1,1,score-times-operations
4,trsm+65x33+triangular+side=L+uplo=U+transA=T+diag=U,jvm-simd/simd(4 lanes)/simd-sparse/packed-8x4,5,2,1,2,7231,200241666,27692.112570875397,ns,ok,direct,reset-and-arithmetic,a038f25ac66821574b30392dc1d3b189cc287e2c,true,kotlin-2.4.10/jvm/Eclipse Adoptium/25.0.1/JMH 1.37/forks=1,1,3,200000000,trsm-v1+65x33+triangular+side=L+uplo=U+transA=T+diag=U,policy-v1,policy,jvm-simd/policy-v1,jmh-average-time-v1,200000000,1,1,score-times-operations
4,trsm+65x33+triangular+side=L+uplo=U+transA=T+diag=U,jvm-simd/simd(4 lanes)/simd-sparse/packed-8x4,5,2,1,3,7578,200169694,26414.58089205595,ns,ok,direct,reset-and-arithmetic,a038f25ac66821574b30392dc1d3b189cc287e2c,true,kotlin-2.4.10/jvm/Eclipse Adoptium/25.0.1/JMH 1.37/forks=1,1,3,200000000,trsm-v1+65x33+triangular+side=L+uplo=U+transA=T+diag=U,policy-v1,policy,jvm-simd/policy-v1,jmh-average-time-v1,200000000,1,1,score-times-operations
4,trsm+65x33+triangular+side=L+uplo=U+transA=T+diag=U,jvm-simd/simd(4 lanes)/simd-sparse/packed-8x4,5,2,1,4,7710,200197086,25965.899610894943,ns,ok,direct,reset-and-arithmetic,a038f25ac66821574b30392dc1d3b189cc287e2c,true,kotlin-2.4.10/jvm/Eclipse Adoptium/25.0.1/JMH 1.37/forks=1,1,3,200000000,trsm-v1+65x33+triangular+side=L+uplo=U+transA=T+diag=U,policy-v1,policy,jvm-simd/policy-v1,jmh-average-time-v1,200000000,1,1,score-times-operations
4,trsm+65x33+triangular+side=L+uplo=U+transA=T+diag=U,jvm-simd/simd(4 lanes)/simd-sparse/packed-8x4,5,2,1,5,7679,200252745,26077.971741112124,ns,ok,direct,reset-and-arithmetic,a038f25ac66821574b30392dc1d3b189cc287e2c,true,kotlin-2.4.10/jvm/Eclipse Adoptium/25.0.1/JMH 1.37/forks=1,1,3,200000000,trsm-v1+65x33+triangular+side=L+uplo=U+transA=T+diag=U,policy-v1,policy,jvm-simd/policy-v1,jmh-average-time-v1,200000000,1,1,score-times-operations
4,gemm-block+15x7x31+uniform+physical=4x4+work=gemm-add-v1+leftLayout=depth-rows-v1+rightLayout=depth-columns-v1+leftGroup=4+rightGroup=4+leftStride=4+rightStride=4+padding=zero+alignment=8+block=15x7x31+panel=31+diagonal=0+rhs=0+batch=1+variant=current-tile-v1+timing=prepacked-compute,jvm-simd/simd(4 lanes)/simd-sparse/packed-8x4,5,2,1,0,0,0,,ns,unsupported,unsupported,arithmetic,a038f25ac66821574b30392dc1d3b189cc287e2c,true,kotlin-2.4.10/jvm/Eclipse Adoptium/25.0.1,1,3,200000000,gemm-add-v1+15x7x31+uniform,physical=4x4+leftLayout=depth-rows-v1+rightLayout=depth-columns-v1+leftGroup=4+rightGroup=4+leftStride=4+rightStride=4+padding=zero+alignment=8+block=15x7x31+panel=31+diagonal=0+rhs=0+batch=1+variant=current-tile-v1,tiles=8;leftDoubles=496;rightDoubles=248;outputDoubles=105;resetDoubles=105;scratchDoubles=16;triangleDoubles=0,unavailable,jmh-average-time-v1,200000000,0,1,score-times-operations
4,gemm-block+15x7x31+uniform+physical=4x4+work=gemm-add-v1+leftLayout=depth-rows-v1+rightLayout=depth-columns-v1+leftGroup=4+rightGroup=4+leftStride=4+rightStride=4+padding=zero+alignment=8+block=15x7x31+panel=31+diagonal=0+rhs=0+batch=1+variant=current-tile-v1+timing=pack-plus-compute,jvm-simd/simd(4 lanes)/simd-sparse/packed-8x4,5,2,1,0,0,0,,ns,unsupported,unsupported,arithmetic,a038f25ac66821574b30392dc1d3b189cc287e2c,true,kotlin-2.4.10/jvm/Eclipse Adoptium/25.0.1,1,3,200000000,gemm-add-v1+15x7x31+uniform,physical=4x4+leftLayout=depth-rows-v1+rightLayout=depth-columns-v1+leftGroup=4+rightGroup=4+leftStride=4+rightStride=4+padding=zero+alignment=8+block=15x7x31+panel=31+diagonal=0+rhs=0+batch=1+variant=current-tile-v1,tiles=8;leftDoubles=496;rightDoubles=248;outputDoubles=105;resetDoubles=105;scratchDoubles=16;triangleDoubles=0,unavailable,jmh-average-time-v1,200000000,0,1,score-times-operations
4,gemm-block+32x16x65+uniform+physical=4x4+work=gemm-add-v1+leftLayout=depth-rows-v1+rightLayout=depth-columns-v1+leftGroup=4+rightGroup=4+leftStride=4+rightStride=4+padding=zero+alignment=8+block=32x16x65+panel=65+diagonal=0+rhs=0+batch=1+variant=current-tile-v1+timing=prepacked-compute,jvm-simd/simd(4 lanes)/simd-sparse/packed-8x4,5,2,1,0,0,0,,ns,unsupported,unsupported,arithmetic,a038f25ac66821574b30392dc1d3b189cc287e2c,true,kotlin-2.4.10/jvm/Eclipse Adoptium/25.0.1,1,3,200000000,gemm-add-v1+32x16x65+uniform,physical=4x4+leftLayout=depth-rows-v1+rightLayout=depth-columns-v1+leftGroup=4+rightGroup=4+leftStride=4+rightStride=4+padding=zero+alignment=8+block=32x16x65+panel=65+diagonal=0+rhs=0+batch=1+variant=current-tile-v1,tiles=32;leftDoubles=2080;rightDoubles=1040;outputDoubles=512;resetDoubles=512;scratchDoubles=16;triangleDoubles=0,unavailable,jmh-average-time-v1,200000000,0,1,score-times-operations
4,gemm-block+32x16x65+uniform+physical=4x4+work=gemm-add-v1+leftLayout=depth-rows-v1+rightLayout=depth-columns-v1+leftGroup=4+rightGroup=4+leftStride=4+rightStride=4+padding=zero+alignment=8+block=32x16x65+panel=65+diagonal=0+rhs=0+batch=1+variant=current-tile-v1+timing=pack-plus-compute,jvm-simd/simd(4 lanes)/simd-sparse/packed-8x4,5,2,1,0,0,0,,ns,unsupported,unsupported,arithmetic,a038f25ac66821574b30392dc1d3b189cc287e2c,true,kotlin-2.4.10/jvm/Eclipse Adoptium/25.0.1,1,3,200000000,gemm-add-v1+32x16x65+uniform,physical=4x4+leftLayout=depth-rows-v1+rightLayout=depth-columns-v1+leftGroup=4+rightGroup=4+leftStride=4+rightStride=4+padding=zero+alignment=8+block=32x16x65+panel=65+diagonal=0+rhs=0+batch=1+variant=current-tile-v1,tiles=32;leftDoubles=2080;rightDoubles=1040;outputDoubles=512;resetDoubles=512;scratchDoubles=16;triangleDoubles=0,unavailable,jmh-average-time-v1,200000000,0,1,score-times-operations
4,gemm-block+15x7x31+uniform+physical=8x4+work=gemm-add-v1+leftLayout=depth-rows-v1+rightLayout=depth-columns-v1+leftGroup=8+rightGroup=4+leftStride=8+rightStride=4+padding=zero+alignment=8+block=15x7x31+panel=31+diagonal=0+rhs=0+batch=1+variant=current-tile-v1+timing=prepacked-compute,jvm-simd/simd(4 lanes)/simd-sparse/packed-8x4,5,2,1,1,476597,200176764,420.0126396095653,ns,ok,direct,prepacked-compute,a038f25ac66821574b30392dc1d3b189cc287e2c,true,kotlin-2.4.10/jvm/Eclipse Adoptium/25.0.1/JMH 1.37/forks=1,1,3,200000000,gemm-add-v1+15x7x31+uniform,physical=8x4+leftLayout=depth-rows-v1+rightLayout=depth-columns-v1+leftGroup=8+rightGroup=4+leftStride=8+rightStride=4+padding=zero+alignment=8+block=15x7x31+panel=31+diagonal=0+rhs=0+batch=1+variant=current-tile-v1,tiles=4;leftDoubles=496;rightDoubles=248;outputDoubles=105;resetDoubles=105;scratchDoubles=32;triangleDoubles=0,jvm-simd/vector-tile-v1/8x4,jmh-average-time-v1,200000000,1,1,score-times-operations
4,gemm-block+15x7x31+uniform+physical=8x4+work=gemm-add-v1+leftLayout=depth-rows-v1+rightLayout=depth-columns-v1+leftGroup=8+rightGroup=4+leftStride=8+rightStride=4+padding=zero+alignment=8+block=15x7x31+panel=31+diagonal=0+rhs=0+batch=1+variant=current-tile-v1+timing=prepacked-compute,jvm-simd/simd(4 lanes)/simd-sparse/packed-8x4,5,2,1,2,518602,200153290,385.9477788361788,ns,ok,direct,prepacked-compute,a038f25ac66821574b30392dc1d3b189cc287e2c,true,kotlin-2.4.10/jvm/Eclipse Adoptium/25.0.1/JMH 1.37/forks=1,1,3,200000000,gemm-add-v1+15x7x31+uniform,physical=8x4+leftLayout=depth-rows-v1+rightLayout=depth-columns-v1+leftGroup=8+rightGroup=4+leftStride=8+rightStride=4+padding=zero+alignment=8+block=15x7x31+panel=31+diagonal=0+rhs=0+batch=1+variant=current-tile-v1,tiles=4;leftDoubles=496;rightDoubles=248;outputDoubles=105;resetDoubles=105;scratchDoubles=32;triangleDoubles=0,jvm-simd/vector-tile-v1/8x4,jmh-average-time-v1,200000000,1,1,score-times-operations
4,gemm-block+15x7x31+uniform+physical=8x4+work=gemm-add-v1+leftLayout=depth-rows-v1+rightLayout=depth-columns-v1+leftGroup=8+rightGroup=4+leftStride=8+rightStride=4+padding=zero+alignment=8+block=15x7x31+panel=31+diagonal=0+rhs=0+batch=1+variant=current-tile-v1+timing=prepacked-compute,jvm-simd/simd(4 lanes)/simd-sparse/packed-8x4,5,2,1,3,511593,200139213,391.2078800921827,ns,ok,direct,prepacked-compute,a038f25ac66821574b30392dc1d3b189cc287e2c,true,kotlin-2.4.10/jvm/Eclipse Adoptium/25.0.1/JMH 1.37/forks=1,1,3,200000000,gemm-add-v1+15x7x31+uniform,physical=8x4+leftLayout=depth-rows-v1+rightLayout=depth-columns-v1+leftGroup=8+rightGroup=4+leftStride=8+rightStride=4+padding=zero+alignment=8+block=15x7x31+panel=31+diagonal=0+rhs=0+batch=1+variant=current-tile-v1,tiles=4;leftDoubles=496;rightDoubles=248;outputDoubles=105;resetDoubles=105;scratchDoubles=32;triangleDoubles=0,jvm-simd/vector-tile-v1/8x4,jmh-average-time-v1,200000000,1,1,score-times-operations
4,gemm-block+15x7x31+uniform+physical=8x4+work=gemm-add-v1+leftLayout=depth-rows-v1+rightLayout=depth-columns-v1+leftGroup=8+rightGroup=4+leftStride=8+rightStride=4+padding=zero+alignment=8+block=15x7x31+panel=31+diagonal=0+rhs=0+batch=1+variant=current-tile-v1+timing=prepacked-compute,jvm-simd/simd(4 lanes)/simd-sparse/packed-8x4,5,2,1,4,472794,200175356,423.38810560201694,ns,ok,direct,prepacked-compute,a038f25ac66821574b30392dc1d3b189cc287e2c,true,kotlin-2.4.10/jvm/Eclipse Adoptium/25.0.1/JMH 1.37/forks=1,1,3,200000000,gemm-add-v1+15x7x31+uniform,physical=8x4+leftLayout=depth-rows-v1+rightLayout=depth-columns-v1+leftGroup=8+rightGroup=4+leftStride=8+rightStride=4+padding=zero+alignment=8+block=15x7x31+panel=31+diagonal=0+rhs=0+batch=1+variant=current-tile-v1,tiles=4;leftDoubles=496;rightDoubles=248;outputDoubles=105;resetDoubles=105;scratchDoubles=32;triangleDoubles=0,jvm-simd/vector-tile-v1/8x4,jmh-average-time-v1,200000000,1,1,score-times-operations
4,gemm-block+15x7x31+uniform+physical=8x4+work=gemm-add-v1+leftLayout=depth-rows-v1+rightLayout=depth-columns-v1+leftGroup=8+rightGroup=4+leftStride=8+rightStride=4+padding=zero+alignment=8+block=15x7x31+panel=31+diagonal=0+rhs=0+batch=1+variant=current-tile-v1+timing=prepacked-compute,jvm-simd/simd(4 lanes)/simd-sparse/packed-8x4,5,2,1,5,458673,200115318,436.2919073065125,ns,ok,direct,prepacked-compute,a038f25ac66821574b30392dc1d3b189cc287e2c,true,kotlin-2.4.10/jvm/Eclipse Adoptium/25.0.1/JMH 1.37/forks=1,1,3,200000000,gemm-add-v1+15x7x31+uniform,physical=8x4+leftLayout=depth-rows-v1+rightLayout=depth-columns-v1+leftGroup=8+rightGroup=4+leftStride=8+rightStride=4+padding=zero+alignment=8+block=15x7x31+panel=31+diagonal=0+rhs=0+batch=1+variant=current-tile-v1,tiles=4;leftDoubles=496;rightDoubles=248;outputDoubles=105;resetDoubles=105;scratchDoubles=32;triangleDoubles=0,jvm-simd/vector-tile-v1/8x4,jmh-average-time-v1,200000000,1,1,score-times-operations
4,gemm-block+15x7x31+uniform+physical=8x4+work=gemm-add-v1+leftLayout=depth-rows-v1+rightLayout=depth-columns-v1+leftGroup=8+rightGroup=4+leftStride=8+rightStride=4+padding=zero+alignment=8+block=15x7x31+panel=31+diagonal=0+rhs=0+batch=1+variant=current-tile-v1+timing=pack-plus-compute,jvm-simd/simd(4 lanes)/simd-sparse/packed-8x4,5,2,1,1,173902,200137170,1150.8618072247589,ns,ok,direct,pack-plus-compute,a038f25ac66821574b30392dc1d3b189cc287e2c,true,kotlin-2.4.10/jvm/Eclipse Adoptium/25.0.1/JMH 1.37/forks=1,1,3,200000000,gemm-add-v1+15x7x31+uniform,physical=8x4+leftLayout=depth-rows-v1+rightLayout=depth-columns-v1+leftGroup=8+rightGroup=4+leftStride=8+rightStride=4+padding=zero+alignment=8+block=15x7x31+panel=31+diagonal=0+rhs=0+batch=1+variant=current-tile-v1,tiles=4;leftDoubles=496;rightDoubles=248;outputDoubles=105;resetDoubles=105;scratchDoubles=32;triangleDoubles=0,jvm-simd/vector-tile-v1/8x4,jmh-average-time-v1,200000000,1,1,score-times-operations
4,gemm-block+15x7x31+uniform+physical=8x4+work=gemm-add-v1+leftLayout=depth-rows-v1+rightLayout=depth-columns-v1+leftGroup=8+rightGroup=4+leftStride=8+rightStride=4+padding=zero+alignment=8+block=15x7x31+panel=31+diagonal=0+rhs=0+batch=1+variant=current-tile-v1+timing=pack-plus-compute,jvm-simd/simd(4 lanes)/simd-sparse/packed-8x4,5,2,1,2,174665,200191650,1146.1463372742107,ns,ok,direct,pack-plus-compute,a038f25ac66821574b30392dc1d3b189cc287e2c,true,kotlin-2.4.10/jvm/Eclipse Adoptium/25.0.1/JMH 1.37/forks=1,1,3,200000000,gemm-add-v1+15x7x31+uniform,physical=8x4+leftLayout=depth-rows-v1+rightLayout=depth-columns-v1+leftGroup=8+rightGroup=4+leftStride=8+rightStride=4+padding=zero+alignment=8+block=15x7x31+panel=31+diagonal=0+rhs=0+batch=1+variant=current-tile-v1,tiles=4;leftDoubles=496;rightDoubles=248;outputDoubles=105;resetDoubles=105;scratchDoubles=32;triangleDoubles=0,jvm-simd/vector-tile-v1/8x4,jmh-average-time-v1,200000000,1,1,score-times-operations
4,gemm-block+15x7x31+uniform+physical=8x4+work=gemm-add-v1+leftLayout=depth-rows-v1+rightLayout=depth-columns-v1+leftGroup=8+rightGroup=4+leftStride=8+rightStride=4+padding=zero+alignment=8+block=15x7x31+panel=31+diagonal=0+rhs=0+batch=1+variant=current-tile-v1+timing=pack-plus-compute,jvm-simd/simd(4 lanes)/simd-sparse/packed-8x4,5,2,1,3,173164,200126009,1155.7021609572428,ns,ok,direct,pack-plus-compute,a038f25ac66821574b30392dc1d3b189cc287e2c,true,kotlin-2.4.10/jvm/Eclipse Adoptium/25.0.1/JMH 1.37/forks=1,1,3,200000000,gemm-add-v1+15x7x31+uniform,physical=8x4+leftLayout=depth-rows-v1+rightLayout=depth-columns-v1+leftGroup=8+rightGroup=4+leftStride=8+rightStride=4+padding=zero+alignment=8+block=15x7x31+panel=31+diagonal=0+rhs=0+batch=1+variant=current-tile-v1,tiles=4;leftDoubles=496;rightDoubles=248;outputDoubles=105;resetDoubles=105;scratchDoubles=32;triangleDoubles=0,jvm-simd/vector-tile-v1/8x4,jmh-average-time-v1,200000000,1,1,score-times-operations
4,gemm-block+15x7x31+uniform+physical=8x4+work=gemm-add-v1+leftLayout=depth-rows-v1+rightLayout=depth-columns-v1+leftGroup=8+rightGroup=4+leftStride=8+rightStride=4+padding=zero+alignment=8+block=15x7x31+panel=31+diagonal=0+rhs=0+batch=1+variant=current-tile-v1+timing=pack-plus-compute,jvm-simd/simd(4 lanes)/simd-sparse/packed-8x4,5,2,1,4,175173,200195208,1142.8428353684644,ns,ok,direct,pack-plus-compute,a038f25ac66821574b30392dc1d3b189cc287e2c,true,kotlin-2.4.10/jvm/Eclipse Adoptium/25.0.1/JMH 1.37/forks=1,1,3,200000000,gemm-add-v1+15x7x31+uniform,physical=8x4+leftLayout=depth-rows-v1+rightLayout=depth-columns-v1+leftGroup=8+rightGroup=4+leftStride=8+rightStride=4+padding=zero+alignment=8+block=15x7x31+panel=31+diagonal=0+rhs=0+batch=1+variant=current-tile-v1,tiles=4;leftDoubles=496;rightDoubles=248;outputDoubles=105;resetDoubles=105;scratchDoubles=32;triangleDoubles=0,jvm-simd/vector-tile-v1/8x4,jmh-average-time-v1,200000000,1,1,score-times-operations
4,gemm-block+15x7x31+uniform+physical=8x4+work=gemm-add-v1+leftLayout=depth-rows-v1+rightLayout=depth-columns-v1+leftGroup=8+rightGroup=4+leftStride=8+rightStride=4+padding=zero+alignment=8+block=15x7x31+panel=31+diagonal=0+rhs=0+batch=1+variant=current-tile-v1+timing=pack-plus-compute,jvm-simd/simd(4 lanes)/simd-sparse/packed-8x4,5,2,1,5,174227,200203725,1149.097011370224,ns,ok,direct,pack-plus-compute,a038f25ac66821574b30392dc1d3b189cc287e2c,true,kotlin-2.4.10/jvm/Eclipse Adoptium/25.0.1/JMH 1.37/forks=1,1,3,200000000,gemm-add-v1+15x7x31+uniform,physical=8x4+leftLayout=depth-rows-v1+rightLayout=depth-columns-v1+leftGroup=8+rightGroup=4+leftStride=8+rightStride=4+padding=zero+alignment=8+block=15x7x31+panel=31+diagonal=0+rhs=0+batch=1+variant=current-tile-v1,tiles=4;leftDoubles=496;rightDoubles=248;outputDoubles=105;resetDoubles=105;scratchDoubles=32;triangleDoubles=0,jvm-simd/vector-tile-v1/8x4,jmh-average-time-v1,200000000,1,1,score-times-operations
4,gemm-block+32x16x65+uniform+physical=8x4+work=gemm-add-v1+leftLayout=depth-rows-v1+rightLayout=depth-columns-v1+leftGroup=8+rightGroup=4+leftStride=8+rightStride=4+padding=zero+alignment=8+block=32x16x65+panel=65+diagonal=0+rhs=0+batch=1+variant=current-tile-v1+timing=prepacked-compute,jvm-simd/simd(4 lanes)/simd-sparse/packed-8x4,5,2,1,1,86127,200177316,2324.21094430318,ns,ok,direct,prepacked-compute,a038f25ac66821574b30392dc1d3b189cc287e2c,true,kotlin-2.4.10/jvm/Eclipse Adoptium/25.0.1/JMH 1.37/forks=1,1,3,200000000,gemm-add-v1+32x16x65+uniform,physical=8x4+leftLayout=depth-rows-v1+rightLayout=depth-columns-v1+leftGroup=8+rightGroup=4+leftStride=8+rightStride=4+padding=zero+alignment=8+block=32x16x65+panel=65+diagonal=0+rhs=0+batch=1+variant=current-tile-v1,tiles=16;leftDoubles=2080;rightDoubles=1040;outputDoubles=512;resetDoubles=512;scratchDoubles=32;triangleDoubles=0,jvm-simd/vector-tile-v1/8x4,jmh-average-time-v1,200000000,1,1,score-times-operations
4,gemm-block+32x16x65+uniform+physical=8x4+work=gemm-add-v1+leftLayout=depth-rows-v1+rightLayout=depth-columns-v1+leftGroup=8+rightGroup=4+leftStride=8+rightStride=4+padding=zero+alignment=8+block=32x16x65+panel=65+diagonal=0+rhs=0+batch=1+variant=current-tile-v1+timing=prepacked-compute,jvm-simd/simd(4 lanes)/simd-sparse/packed-8x4,5,2,1,2,86283,200221016,2320.515234750762,ns,ok,direct,prepacked-compute,a038f25ac66821574b30392dc1d3b189cc287e2c,true,kotlin-2.4.10/jvm/Eclipse Adoptium/25.0.1/JMH 1.37/forks=1,1,3,200000000,gemm-add-v1+32x16x65+uniform,physical=8x4+leftLayout=depth-rows-v1+rightLayout=depth-columns-v1+leftGroup=8+rightGroup=4+leftStride=8+rightStride=4+padding=zero+alignment=8+block=32x16x65+panel=65+diagonal=0+rhs=0+batch=1+variant=current-tile-v1,tiles=16;leftDoubles=2080;rightDoubles=1040;outputDoubles=512;resetDoubles=512;scratchDoubles=32;triangleDoubles=0,jvm-simd/vector-tile-v1/8x4,jmh-average-time-v1,200000000,1,1,score-times-operations
4,gemm-block+32x16x65+uniform+physical=8x4+work=gemm-add-v1+leftLayout=depth-rows-v1+rightLayout=depth-columns-v1+leftGroup=8+rightGroup=4+leftStride=8+rightStride=4+padding=zero+alignment=8+block=32x16x65+panel=65+diagonal=0+rhs=0+batch=1+variant=current-tile-v1+timing=prepacked-compute,jvm-simd/simd(4 lanes)/simd-sparse/packed-8x4,5,2,1,3,81900,200139083,2443.700647130647,ns,ok,direct,prepacked-compute,a038f25ac66821574b30392dc1d3b189cc287e2c,true,kotlin-2.4.10/jvm/Eclipse Adoptium/25.0.1/JMH 1.37/forks=1,1,3,200000000,gemm-add-v1+32x16x65+uniform,physical=8x4+leftLayout=depth-rows-v1+rightLayout=depth-columns-v1+leftGroup=8+rightGroup=4+leftStride=8+rightStride=4+padding=zero+alignment=8+block=32x16x65+panel=65+diagonal=0+rhs=0+batch=1+variant=current-tile-v1,tiles=16;leftDoubles=2080;rightDoubles=1040;outputDoubles=512;resetDoubles=512;scratchDoubles=32;triangleDoubles=0,jvm-simd/vector-tile-v1/8x4,jmh-average-time-v1,200000000,1,1,score-times-operations
4,gemm-block+32x16x65+uniform+physical=8x4+work=gemm-add-v1+leftLayout=depth-rows-v1+rightLayout=depth-columns-v1+leftGroup=8+rightGroup=4+leftStride=8+rightStride=4+padding=zero+alignment=8+block=32x16x65+panel=65+diagonal=0+rhs=0+batch=1+variant=current-tile-v1+timing=prepacked-compute,jvm-simd/simd(4 lanes)/simd-sparse/packed-8x4,5,2,1,4,78134,200171451,2561.8994419842834,ns,ok,direct,prepacked-compute,a038f25ac66821574b30392dc1d3b189cc287e2c,true,kotlin-2.4.10/jvm/Eclipse Adoptium/25.0.1/JMH 1.37/forks=1,1,3,200000000,gemm-add-v1+32x16x65+uniform,physical=8x4+leftLayout=depth-rows-v1+rightLayout=depth-columns-v1+leftGroup=8+rightGroup=4+leftStride=8+rightStride=4+padding=zero+alignment=8+block=32x16x65+panel=65+diagonal=0+rhs=0+batch=1+variant=current-tile-v1,tiles=16;leftDoubles=2080;rightDoubles=1040;outputDoubles=512;resetDoubles=512;scratchDoubles=32;triangleDoubles=0,jvm-simd/vector-tile-v1/8x4,jmh-average-time-v1,200000000,1,1,score-times-operations
4,gemm-block+32x16x65+uniform+physical=8x4+work=gemm-add-v1+leftLayout=depth-rows-v1+rightLayout=depth-columns-v1+leftGroup=8+rightGroup=4+leftStride=8+rightStride=4+padding=zero+alignment=8+block=32x16x65+panel=65+diagonal=0+rhs=0+batch=1+variant=current-tile-v1+timing=prepacked-compute,jvm-simd/simd(4 lanes)/simd-sparse/packed-8x4,5,2,1,5,79898,200165270,2505.2600816040454,ns,ok,direct,prepacked-compute,a038f25ac66821574b30392dc1d3b189cc287e2c,true,kotlin-2.4.10/jvm/Eclipse Adoptium/25.0.1/JMH 1.37/forks=1,1,3,200000000,gemm-add-v1+32x16x65+uniform,physical=8x4+leftLayout=depth-rows-v1+rightLayout=depth-columns-v1+leftGroup=8+rightGroup=4+leftStride=8+rightStride=4+padding=zero+alignment=8+block=32x16x65+panel=65+diagonal=0+rhs=0+batch=1+variant=current-tile-v1,tiles=16;leftDoubles=2080;rightDoubles=1040;outputDoubles=512;resetDoubles=512;scratchDoubles=32;triangleDoubles=0,jvm-simd/vector-tile-v1/8x4,jmh-average-time-v1,200000000,1,1,score-times-operations
4,gemm-block+32x16x65+uniform+physical=8x4+work=gemm-add-v1+leftLayout=depth-rows-v1+rightLayout=depth-columns-v1+leftGroup=8+rightGroup=4+leftStride=8+rightStride=4+padding=zero+alignment=8+block=32x16x65+panel=65+diagonal=0+rhs=0+batch=1+variant=current-tile-v1+timing=pack-plus-compute,jvm-simd/simd(4 lanes)/simd-sparse/packed-8x4,5,2,1,1,33491,200255851,5979.393001104774,ns,ok,direct,pack-plus-compute,a038f25ac66821574b30392dc1d3b189cc287e2c,true,kotlin-2.4.10/jvm/Eclipse Adoptium/25.0.1/JMH 1.37/forks=1,1,3,200000000,gemm-add-v1+32x16x65+uniform,physical=8x4+leftLayout=depth-rows-v1+rightLayout=depth-columns-v1+leftGroup=8+rightGroup=4+leftStride=8+rightStride=4+padding=zero+alignment=8+block=32x16x65+panel=65+diagonal=0+rhs=0+batch=1+variant=current-tile-v1,tiles=16;leftDoubles=2080;rightDoubles=1040;outputDoubles=512;resetDoubles=512;scratchDoubles=32;triangleDoubles=0,jvm-simd/vector-tile-v1/8x4,jmh-average-time-v1,200000000,1,1,score-times-operations
4,gemm-block+32x16x65+uniform+physical=8x4+work=gemm-add-v1+leftLayout=depth-rows-v1+rightLayout=depth-columns-v1+leftGroup=8+rightGroup=4+leftStride=8+rightStride=4+padding=zero+alignment=8+block=32x16x65+panel=65+diagonal=0+rhs=0+batch=1+variant=current-tile-v1+timing=pack-plus-compute,jvm-simd/simd(4 lanes)/simd-sparse/packed-8x4,5,2,1,2,33668,200272647,5948.456902696923,ns,ok,direct,pack-plus-compute,a038f25ac66821574b30392dc1d3b189cc287e2c,true,kotlin-2.4.10/jvm/Eclipse Adoptium/25.0.1/JMH 1.37/forks=1,1,3,200000000,gemm-add-v1+32x16x65+uniform,physical=8x4+leftLayout=depth-rows-v1+rightLayout=depth-columns-v1+leftGroup=8+rightGroup=4+leftStride=8+rightStride=4+padding=zero+alignment=8+block=32x16x65+panel=65+diagonal=0+rhs=0+batch=1+variant=current-tile-v1,tiles=16;leftDoubles=2080;rightDoubles=1040;outputDoubles=512;resetDoubles=512;scratchDoubles=32;triangleDoubles=0,jvm-simd/vector-tile-v1/8x4,jmh-average-time-v1,200000000,1,1,score-times-operations
4,gemm-block+32x16x65+uniform+physical=8x4+work=gemm-add-v1+leftLayout=depth-rows-v1+rightLayout=depth-columns-v1+leftGroup=8+rightGroup=4+leftStride=8+rightStride=4+padding=zero+alignment=8+block=32x16x65+panel=65+diagonal=0+rhs=0+batch=1+variant=current-tile-v1+timing=pack-plus-compute,jvm-simd/simd(4 lanes)/simd-sparse/packed-8x4,5,2,1,3,37558,200262045,5332.074258480217,ns,ok,direct,pack-plus-compute,a038f25ac66821574b30392dc1d3b189cc287e2c,true,kotlin-2.4.10/jvm/Eclipse Adoptium/25.0.1/JMH 1.37/forks=1,1,3,200000000,gemm-add-v1+32x16x65+uniform,physical=8x4+leftLayout=depth-rows-v1+rightLayout=depth-columns-v1+leftGroup=8+rightGroup=4+leftStride=8+rightStride=4+padding=zero+alignment=8+block=32x16x65+panel=65+diagonal=0+rhs=0+batch=1+variant=current-tile-v1,tiles=16;leftDoubles=2080;rightDoubles=1040;outputDoubles=512;resetDoubles=512;scratchDoubles=32;triangleDoubles=0,jvm-simd/vector-tile-v1/8x4,jmh-average-time-v1,200000000,1,1,score-times-operations
4,gemm-block+32x16x65+uniform+physical=8x4+work=gemm-add-v1+leftLayout=depth-rows-v1+rightLayout=depth-columns-v1+leftGroup=8+rightGroup=4+leftStride=8+rightStride=4+padding=zero+alignment=8+block=32x16x65+panel=65+diagonal=0+rhs=0+batch=1+variant=current-tile-v1+timing=pack-plus-compute,jvm-simd/simd(4 lanes)/simd-sparse/packed-8x4,5,2,1,4,40035,200142135,4999.179093293368,ns,ok,direct,pack-plus-compute,a038f25ac66821574b30392dc1d3b189cc287e2c,true,kotlin-2.4.10/jvm/Eclipse Adoptium/25.0.1/JMH 1.37/forks=1,1,3,200000000,gemm-add-v1+32x16x65+uniform,physical=8x4+leftLayout=depth-rows-v1+rightLayout=depth-columns-v1+leftGroup=8+rightGroup=4+leftStride=8+rightStride=4+padding=zero+alignment=8+block=32x16x65+panel=65+diagonal=0+rhs=0+batch=1+variant=current-tile-v1,tiles=16;leftDoubles=2080;rightDoubles=1040;outputDoubles=512;resetDoubles=512;scratchDoubles=32;triangleDoubles=0,jvm-simd/vector-tile-v1/8x4,jmh-average-time-v1,200000000,1,1,score-times-operations
4,gemm-block+32x16x65+uniform+physical=8x4+work=gemm-add-v1+leftLayout=depth-rows-v1+rightLayout=depth-columns-v1+leftGroup=8+rightGroup=4+leftStride=8+rightStride=4+padding=zero+alignment=8+block=32x16x65+panel=65+diagonal=0+rhs=0+batch=1+variant=current-tile-v1+timing=pack-plus-compute,jvm-simd/simd(4 lanes)/simd-sparse/packed-8x4,5,2,1,5,41608,200164856,4810.730051913094,ns,ok,direct,pack-plus-compute,a038f25ac66821574b30392dc1d3b189cc287e2c,true,kotlin-2.4.10/jvm/Eclipse Adoptium/25.0.1/JMH 1.37/forks=1,1,3,200000000,gemm-add-v1+32x16x65+uniform,physical=8x4+leftLayout=depth-rows-v1+rightLayout=depth-columns-v1+leftGroup=8+rightGroup=4+leftStride=8+rightStride=4+padding=zero+alignment=8+block=32x16x65+panel=65+diagonal=0+rhs=0+batch=1+variant=current-tile-v1,tiles=16;leftDoubles=2080;rightDoubles=1040;outputDoubles=512;resetDoubles=512;scratchDoubles=32;triangleDoubles=0,jvm-simd/vector-tile-v1/8x4,jmh-average-time-v1,200000000,1,1,score-times-operations
