Calculating task graph as no cached configuration is available for tasks: :koblas-bench:jvmCBenchmark

> Configure project :koblas
Signing skipped: SNAPSHOT is a snapshot.

> Configure project :koblas-hfactor
Signing skipped: SNAPSHOT is a snapshot.

> Task :koblas:verifyJvmKernelResources SKIPPED
> Task :koblas:kmpPartiallyResolvedDependenciesChecker
> Task :koblas-bench:kmpPartiallyResolvedDependenciesChecker
> Task :koblas:checkKotlinGradlePluginConfigurationErrors SKIPPED
> Task :koblas-bench:checkKotlinGradlePluginConfigurationErrors SKIPPED
> Task :koblas:buildJvmKernels UP-TO-DATE
> Task :koblas-bench:jvmProcessResources NO-SOURCE
> Task :koblas-bench:processJvmMainResources SKIPPED
> Task :koblas:jvmProcessResources UP-TO-DATE
> Task :koblas:processJvmMainResources SKIPPED
> Task :koblas:compileKotlinJvm UP-TO-DATE
> Task :koblas:compileJvmMainJava NO-SOURCE
> Task :koblas:jvmMainClasses UP-TO-DATE
> Task :koblas:jvmJar UP-TO-DATE
> Task :koblas-bench:compileKotlinJvm UP-TO-DATE
> Task :koblas-bench:compileJvmMainJava UP-TO-DATE
> Task :koblas-bench:jvmMainClasses UP-TO-DATE

> Task :koblas-bench:jvmCBenchmark
WARNING: A terminally deprecated method in sun.misc.Unsafe has been called
WARNING: sun.misc.Unsafe::objectFieldOffset has been called by org.openjdk.jmh.util.Utils (file:/home/rasmus/.gradle/caches/modules-2/files-2.1/org.openjdk.jmh/jmh-core/1.37/896f27e49105b35ea1964319c83d12082e7a79ef/jmh-core-1.37.jar)
WARNING: Please consider reporting this to the maintainers of class org.openjdk.jmh.util.Utils
WARNING: sun.misc.Unsafe::objectFieldOffset will be removed in a future release
# JMH version: 1.37
# VM version: JDK 25.0.1, OpenJDK 64-Bit Server VM, 25.0.1+8-LTS
# VM invoker: /home/rasmus/.gradle/jdks/eclipse_adoptium-25-amd64-linux.2/bin/java
# VM options: --enable-native-access=ALL-UNNAMED -Dfile.encoding=UTF-8 -Duser.country -Duser.language=en -Duser.variant -Dkoblas.bench.cases=/home/rasmus/.codex/worktrees/703f/koblas/koblas-bench/reports/f342c3192a41a07cf0454d7d4d5324f8289cc01329bcc9c990b986dcdd2f5922/20260911T153950Z-a038f25ac668/cases.txt
# Blackhole mode: compiler (auto-detected, use -Djmh.blackhole.autoDetect=false to disable)
# Warmup: 3 iterations, 200000000 ns each
# Measurement: 5 iterations, 200000000 ns each
# Timeout: 10 min per iteration
# Threads: 1 thread, will synchronize iterations
# Benchmark mode: Average time, time/op
# Benchmark: com.eignex.koblas.bench.KoblasJmhBenchmark.run
# Parameters: (benchmarkMode = jvm-c, caseId = dot+4096+uniform)

# Run progress: 0.00% complete, ETA 00:03:07
# Fork: 1 of 1
WARNING: A terminally deprecated method in sun.misc.Unsafe has been called
WARNING: sun.misc.Unsafe::objectFieldOffset has been called by org.openjdk.jmh.util.Utils (file:/home/rasmus/.gradle/caches/modules-2/files-2.1/org.openjdk.jmh/jmh-core/1.37/896f27e49105b35ea1964319c83d12082e7a79ef/jmh-core-1.37.jar)
WARNING: Please consider reporting this to the maintainers of class org.openjdk.jmh.util.Utils
WARNING: sun.misc.Unsafe::objectFieldOffset will be removed in a future release
# Warmup Iteration   1: 776.759 ns/op
# Warmup Iteration   2: 675.960 ns/op
# Warmup Iteration   3: 665.243 ns/op
Iteration   1: 697.979 ns/op
Iteration   2: 760.534 ns/op
Iteration   3: 692.335 ns/op
Iteration   4: 640.271 ns/op
Iteration   5: 656.991 ns/op


Result "com.eignex.koblas.bench.KoblasJmhBenchmark.run":
  689.622 ±(99.9%) 178.609 ns/op [Average]
  (min, avg, max) = (640.271, 689.622, 760.534), stdev = 46.384
  CI (99.9%): [511.012, 868.231] (assumes normal distribution)


# JMH version: 1.37
# VM version: JDK 25.0.1, OpenJDK 64-Bit Server VM, 25.0.1+8-LTS
# VM invoker: /home/rasmus/.gradle/jdks/eclipse_adoptium-25-amd64-linux.2/bin/java
# VM options: --enable-native-access=ALL-UNNAMED -Dfile.encoding=UTF-8 -Duser.country -Duser.language=en -Duser.variant -Dkoblas.bench.cases=/home/rasmus/.codex/worktrees/703f/koblas/koblas-bench/reports/f342c3192a41a07cf0454d7d4d5324f8289cc01329bcc9c990b986dcdd2f5922/20260911T153950Z-a038f25ac668/cases.txt
# Blackhole mode: compiler (auto-detected, use -Djmh.blackhole.autoDetect=false to disable)
# Warmup: 3 iterations, 200000000 ns each
# Measurement: 5 iterations, 200000000 ns each
# Timeout: 10 min per iteration
# Threads: 1 thread, will synchronize iterations
# Benchmark mode: Average time, time/op
# Benchmark: com.eignex.koblas.bench.KoblasJmhBenchmark.run
# Parameters: (benchmarkMode = jvm-c, caseId = axpy+4096+uniform)

# Run progress: 0.85% complete, ETA 00:03:35
# Fork: 1 of 1
WARNING: A terminally deprecated method in sun.misc.Unsafe has been called
WARNING: sun.misc.Unsafe::objectFieldOffset has been called by org.openjdk.jmh.util.Utils (file:/home/rasmus/.gradle/caches/modules-2/files-2.1/org.openjdk.jmh/jmh-core/1.37/896f27e49105b35ea1964319c83d12082e7a79ef/jmh-core-1.37.jar)
WARNING: Please consider reporting this to the maintainers of class org.openjdk.jmh.util.Utils
WARNING: sun.misc.Unsafe::objectFieldOffset will be removed in a future release
# Warmup Iteration   1: 1496.288 ns/op
# Warmup Iteration   2: 1384.713 ns/op
# Warmup Iteration   3: 1368.506 ns/op
Iteration   1: 1371.813 ns/op
Iteration   2: 1316.187 ns/op
Iteration   3: 1377.611 ns/op
Iteration   4: 1358.916 ns/op
Iteration   5: 1372.328 ns/op


Result "com.eignex.koblas.bench.KoblasJmhBenchmark.run":
  1359.371 ±(99.9%) 96.659 ns/op [Average]
  (min, avg, max) = (1316.187, 1359.371, 1377.611), stdev = 25.102
  CI (99.9%): [1262.712, 1456.030] (assumes normal distribution)


# JMH version: 1.37
# VM version: JDK 25.0.1, OpenJDK 64-Bit Server VM, 25.0.1+8-LTS
# VM invoker: /home/rasmus/.gradle/jdks/eclipse_adoptium-25-amd64-linux.2/bin/java
# VM options: --enable-native-access=ALL-UNNAMED -Dfile.encoding=UTF-8 -Duser.country -Duser.language=en -Duser.variant -Dkoblas.bench.cases=/home/rasmus/.codex/worktrees/703f/koblas/koblas-bench/reports/f342c3192a41a07cf0454d7d4d5324f8289cc01329bcc9c990b986dcdd2f5922/20260911T153950Z-a038f25ac668/cases.txt
# Blackhole mode: compiler (auto-detected, use -Djmh.blackhole.autoDetect=false to disable)
# Warmup: 3 iterations, 200000000 ns each
# Measurement: 5 iterations, 200000000 ns each
# Timeout: 10 min per iteration
# Threads: 1 thread, will synchronize iterations
# Benchmark mode: Average time, time/op
# Benchmark: com.eignex.koblas.bench.KoblasJmhBenchmark.run
# Parameters: (benchmarkMode = jvm-c, caseId = axpy-arithmetic+4096+uniform)

# Run progress: 1.71% complete, ETA 00:03:31
# Fork: 1 of 1
WARNING: A terminally deprecated method in sun.misc.Unsafe has been called
WARNING: sun.misc.Unsafe::objectFieldOffset has been called by org.openjdk.jmh.util.Utils (file:/home/rasmus/.gradle/caches/modules-2/files-2.1/org.openjdk.jmh/jmh-core/1.37/896f27e49105b35ea1964319c83d12082e7a79ef/jmh-core-1.37.jar)
WARNING: Please consider reporting this to the maintainers of class org.openjdk.jmh.util.Utils
WARNING: sun.misc.Unsafe::objectFieldOffset will be removed in a future release
# Warmup Iteration   1: 1463.102 ns/op
# Warmup Iteration   2: 1322.284 ns/op
# Warmup Iteration   3: 1337.867 ns/op
Iteration   1: 1336.579 ns/op
Iteration   2: 1332.194 ns/op
Iteration   3: 1333.817 ns/op
Iteration   4: 1329.386 ns/op
Iteration   5: 1420.297 ns/op


Result "com.eignex.koblas.bench.KoblasJmhBenchmark.run":
  1350.455 ±(99.9%) 150.676 ns/op [Average]
  (min, avg, max) = (1329.386, 1350.455, 1420.297), stdev = 39.130
  CI (99.9%): [1199.779, 1501.131] (assumes normal distribution)


# JMH version: 1.37
# VM version: JDK 25.0.1, OpenJDK 64-Bit Server VM, 25.0.1+8-LTS
# VM invoker: /home/rasmus/.gradle/jdks/eclipse_adoptium-25-amd64-linux.2/bin/java
# VM options: --enable-native-access=ALL-UNNAMED -Dfile.encoding=UTF-8 -Duser.country -Duser.language=en -Duser.variant -Dkoblas.bench.cases=/home/rasmus/.codex/worktrees/703f/koblas/koblas-bench/reports/f342c3192a41a07cf0454d7d4d5324f8289cc01329bcc9c990b986dcdd2f5922/20260911T153950Z-a038f25ac668/cases.txt
# Blackhole mode: compiler (auto-detected, use -Djmh.blackhole.autoDetect=false to disable)
# Warmup: 3 iterations, 200000000 ns each
# Measurement: 5 iterations, 200000000 ns each
# Timeout: 10 min per iteration
# Threads: 1 thread, will synchronize iterations
# Benchmark mode: Average time, time/op
# Benchmark: com.eignex.koblas.bench.KoblasJmhBenchmark.run
# Parameters: (benchmarkMode = jvm-c, caseId = scal+4096+uniform)

# Run progress: 2.56% complete, ETA 00:03:28
# Fork: 1 of 1
WARNING: A terminally deprecated method in sun.misc.Unsafe has been called
WARNING: sun.misc.Unsafe::objectFieldOffset has been called by org.openjdk.jmh.util.Utils (file:/home/rasmus/.gradle/caches/modules-2/files-2.1/org.openjdk.jmh/jmh-core/1.37/896f27e49105b35ea1964319c83d12082e7a79ef/jmh-core-1.37.jar)
WARNING: Please consider reporting this to the maintainers of class org.openjdk.jmh.util.Utils
WARNING: sun.misc.Unsafe::objectFieldOffset will be removed in a future release
# Warmup Iteration   1: 1025.490 ns/op
# Warmup Iteration   2: 950.180 ns/op
# Warmup Iteration   3: 941.802 ns/op
Iteration   1: 954.029 ns/op
Iteration   2: 951.177 ns/op
Iteration   3: 940.582 ns/op
Iteration   4: 946.386 ns/op
Iteration   5: 942.968 ns/op


Result "com.eignex.koblas.bench.KoblasJmhBenchmark.run":
  947.028 ±(99.9%) 21.497 ns/op [Average]
  (min, avg, max) = (940.582, 947.028, 954.029), stdev = 5.583
  CI (99.9%): [925.532, 968.525] (assumes normal distribution)


# JMH version: 1.37
# VM version: JDK 25.0.1, OpenJDK 64-Bit Server VM, 25.0.1+8-LTS
# VM invoker: /home/rasmus/.gradle/jdks/eclipse_adoptium-25-amd64-linux.2/bin/java
# VM options: --enable-native-access=ALL-UNNAMED -Dfile.encoding=UTF-8 -Duser.country -Duser.language=en -Duser.variant -Dkoblas.bench.cases=/home/rasmus/.codex/worktrees/703f/koblas/koblas-bench/reports/f342c3192a41a07cf0454d7d4d5324f8289cc01329bcc9c990b986dcdd2f5922/20260911T153950Z-a038f25ac668/cases.txt
# Blackhole mode: compiler (auto-detected, use -Djmh.blackhole.autoDetect=false to disable)
# Warmup: 3 iterations, 200000000 ns each
# Measurement: 5 iterations, 200000000 ns each
# Timeout: 10 min per iteration
# Threads: 1 thread, will synchronize iterations
# Benchmark mode: Average time, time/op
# Benchmark: com.eignex.koblas.bench.KoblasJmhBenchmark.run
# Parameters: (benchmarkMode = jvm-c, caseId = nrm2+4096+uniform)

# Run progress: 3.42% complete, ETA 00:03:26
# Fork: 1 of 1
WARNING: A terminally deprecated method in sun.misc.Unsafe has been called
WARNING: sun.misc.Unsafe::objectFieldOffset has been called by org.openjdk.jmh.util.Utils (file:/home/rasmus/.gradle/caches/modules-2/files-2.1/org.openjdk.jmh/jmh-core/1.37/896f27e49105b35ea1964319c83d12082e7a79ef/jmh-core-1.37.jar)
WARNING: Please consider reporting this to the maintainers of class org.openjdk.jmh.util.Utils
WARNING: sun.misc.Unsafe::objectFieldOffset will be removed in a future release
# Warmup Iteration   1: 332.969 ns/op
# Warmup Iteration   2: 283.718 ns/op
# Warmup Iteration   3: 281.914 ns/op
Iteration   1: 280.706 ns/op
Iteration   2: 275.583 ns/op
Iteration   3: 276.870 ns/op
Iteration   4: 276.545 ns/op
Iteration   5: 276.461 ns/op


Result "com.eignex.koblas.bench.KoblasJmhBenchmark.run":
  277.233 ±(99.9%) 7.698 ns/op [Average]
  (min, avg, max) = (275.583, 277.233, 280.706), stdev = 1.999
  CI (99.9%): [269.535, 284.931] (assumes normal distribution)


# JMH version: 1.37
# VM version: JDK 25.0.1, OpenJDK 64-Bit Server VM, 25.0.1+8-LTS
# VM invoker: /home/rasmus/.gradle/jdks/eclipse_adoptium-25-amd64-linux.2/bin/java
# VM options: --enable-native-access=ALL-UNNAMED -Dfile.encoding=UTF-8 -Duser.country -Duser.language=en -Duser.variant -Dkoblas.bench.cases=/home/rasmus/.codex/worktrees/703f/koblas/koblas-bench/reports/f342c3192a41a07cf0454d7d4d5324f8289cc01329bcc9c990b986dcdd2f5922/20260911T153950Z-a038f25ac668/cases.txt
# Blackhole mode: compiler (auto-detected, use -Djmh.blackhole.autoDetect=false to disable)
# Warmup: 3 iterations, 200000000 ns each
# Measurement: 5 iterations, 200000000 ns each
# Timeout: 10 min per iteration
# Threads: 1 thread, will synchronize iterations
# Benchmark mode: Average time, time/op
# Benchmark: com.eignex.koblas.bench.KoblasJmhBenchmark.run
# Parameters: (benchmarkMode = jvm-c, caseId = asum+4096+uniform)

# Run progress: 4.27% complete, ETA 00:03:24
# Fork: 1 of 1
WARNING: A terminally deprecated method in sun.misc.Unsafe has been called
WARNING: sun.misc.Unsafe::objectFieldOffset has been called by org.openjdk.jmh.util.Utils (file:/home/rasmus/.gradle/caches/modules-2/files-2.1/org.openjdk.jmh/jmh-core/1.37/896f27e49105b35ea1964319c83d12082e7a79ef/jmh-core-1.37.jar)
WARNING: Please consider reporting this to the maintainers of class org.openjdk.jmh.util.Utils
WARNING: sun.misc.Unsafe::objectFieldOffset will be removed in a future release
# Warmup Iteration   1: 253.674 ns/op
# Warmup Iteration   2: 216.447 ns/op
# Warmup Iteration   3: 217.278 ns/op
Iteration   1: 226.309 ns/op
Iteration   2: 211.035 ns/op
Iteration   3: 219.892 ns/op
Iteration   4: 225.069 ns/op
Iteration   5: 227.085 ns/op


Result "com.eignex.koblas.bench.KoblasJmhBenchmark.run":
  221.878 ±(99.9%) 25.719 ns/op [Average]
  (min, avg, max) = (211.035, 221.878, 227.085), stdev = 6.679
  CI (99.9%): [196.159, 247.597] (assumes normal distribution)


# JMH version: 1.37
# VM version: JDK 25.0.1, OpenJDK 64-Bit Server VM, 25.0.1+8-LTS
# VM invoker: /home/rasmus/.gradle/jdks/eclipse_adoptium-25-amd64-linux.2/bin/java
# VM options: --enable-native-access=ALL-UNNAMED -Dfile.encoding=UTF-8 -Duser.country -Duser.language=en -Duser.variant -Dkoblas.bench.cases=/home/rasmus/.codex/worktrees/703f/koblas/koblas-bench/reports/f342c3192a41a07cf0454d7d4d5324f8289cc01329bcc9c990b986dcdd2f5922/20260911T153950Z-a038f25ac668/cases.txt
# Blackhole mode: compiler (auto-detected, use -Djmh.blackhole.autoDetect=false to disable)
# Warmup: 3 iterations, 200000000 ns each
# Measurement: 5 iterations, 200000000 ns each
# Timeout: 10 min per iteration
# Threads: 1 thread, will synchronize iterations
# Benchmark mode: Average time, time/op
# Benchmark: com.eignex.koblas.bench.KoblasJmhBenchmark.run
# Parameters: (benchmarkMode = jvm-c, caseId = sum+4096+uniform)

# Run progress: 5.13% complete, ETA 00:03:22
# Fork: 1 of 1
WARNING: A terminally deprecated method in sun.misc.Unsafe has been called
WARNING: sun.misc.Unsafe::objectFieldOffset has been called by org.openjdk.jmh.util.Utils (file:/home/rasmus/.gradle/caches/modules-2/files-2.1/org.openjdk.jmh/jmh-core/1.37/896f27e49105b35ea1964319c83d12082e7a79ef/jmh-core-1.37.jar)
WARNING: Please consider reporting this to the maintainers of class org.openjdk.jmh.util.Utils
WARNING: sun.misc.Unsafe::objectFieldOffset will be removed in a future release
# Warmup Iteration   1: 251.833 ns/op
# Warmup Iteration   2: 215.784 ns/op
# Warmup Iteration   3: 210.957 ns/op
Iteration   1: 210.973 ns/op
Iteration   2: 214.464 ns/op
Iteration   3: 214.449 ns/op
Iteration   4: 217.022 ns/op
Iteration   5: 217.218 ns/op


Result "com.eignex.koblas.bench.KoblasJmhBenchmark.run":
  214.825 ±(99.9%) 9.753 ns/op [Average]
  (min, avg, max) = (210.973, 214.825, 217.218), stdev = 2.533
  CI (99.9%): [205.073, 224.578] (assumes normal distribution)


# JMH version: 1.37
# VM version: JDK 25.0.1, OpenJDK 64-Bit Server VM, 25.0.1+8-LTS
# VM invoker: /home/rasmus/.gradle/jdks/eclipse_adoptium-25-amd64-linux.2/bin/java
# VM options: --enable-native-access=ALL-UNNAMED -Dfile.encoding=UTF-8 -Duser.country -Duser.language=en -Duser.variant -Dkoblas.bench.cases=/home/rasmus/.codex/worktrees/703f/koblas/koblas-bench/reports/f342c3192a41a07cf0454d7d4d5324f8289cc01329bcc9c990b986dcdd2f5922/20260911T153950Z-a038f25ac668/cases.txt
# Blackhole mode: compiler (auto-detected, use -Djmh.blackhole.autoDetect=false to disable)
# Warmup: 3 iterations, 200000000 ns each
# Measurement: 5 iterations, 200000000 ns each
# Timeout: 10 min per iteration
# Threads: 1 thread, will synchronize iterations
# Benchmark mode: Average time, time/op
# Benchmark: com.eignex.koblas.bench.KoblasJmhBenchmark.run
# Parameters: (benchmarkMode = jvm-c, caseId = compensated-sum+4096+uniform)

# Run progress: 5.98% complete, ETA 00:03:20
# Fork: 1 of 1
WARNING: A terminally deprecated method in sun.misc.Unsafe has been called
WARNING: sun.misc.Unsafe::objectFieldOffset has been called by org.openjdk.jmh.util.Utils (file:/home/rasmus/.gradle/caches/modules-2/files-2.1/org.openjdk.jmh/jmh-core/1.37/896f27e49105b35ea1964319c83d12082e7a79ef/jmh-core-1.37.jar)
WARNING: Please consider reporting this to the maintainers of class org.openjdk.jmh.util.Utils
WARNING: sun.misc.Unsafe::objectFieldOffset will be removed in a future release
# Warmup Iteration   1: 3283.352 ns/op
# Warmup Iteration   2: 2745.357 ns/op
# Warmup Iteration   3: 2989.587 ns/op
Iteration   1: 3054.498 ns/op
Iteration   2: 3008.023 ns/op
Iteration   3: 3060.706 ns/op
Iteration   4: 3059.275 ns/op
Iteration   5: 3036.384 ns/op


Result "com.eignex.koblas.bench.KoblasJmhBenchmark.run":
  3043.777 ±(99.9%) 85.557 ns/op [Average]
  (min, avg, max) = (3008.023, 3043.777, 3060.706), stdev = 22.219
  CI (99.9%): [2958.220, 3129.334] (assumes normal distribution)


# JMH version: 1.37
# VM version: JDK 25.0.1, OpenJDK 64-Bit Server VM, 25.0.1+8-LTS
# VM invoker: /home/rasmus/.gradle/jdks/eclipse_adoptium-25-amd64-linux.2/bin/java
# VM options: --enable-native-access=ALL-UNNAMED -Dfile.encoding=UTF-8 -Duser.country -Duser.language=en -Duser.variant -Dkoblas.bench.cases=/home/rasmus/.codex/worktrees/703f/koblas/koblas-bench/reports/f342c3192a41a07cf0454d7d4d5324f8289cc01329bcc9c990b986dcdd2f5922/20260911T153950Z-a038f25ac668/cases.txt
# Blackhole mode: compiler (auto-detected, use -Djmh.blackhole.autoDetect=false to disable)
# Warmup: 3 iterations, 200000000 ns each
# Measurement: 5 iterations, 200000000 ns each
# Timeout: 10 min per iteration
# Threads: 1 thread, will synchronize iterations
# Benchmark mode: Average time, time/op
# Benchmark: com.eignex.koblas.bench.KoblasJmhBenchmark.run
# Parameters: (benchmarkMode = jvm-c, caseId = iamax+4096+uniform)

# Run progress: 6.84% complete, ETA 00:03:18
# Fork: 1 of 1
WARNING: A terminally deprecated method in sun.misc.Unsafe has been called
WARNING: sun.misc.Unsafe::objectFieldOffset has been called by org.openjdk.jmh.util.Utils (file:/home/rasmus/.gradle/caches/modules-2/files-2.1/org.openjdk.jmh/jmh-core/1.37/896f27e49105b35ea1964319c83d12082e7a79ef/jmh-core-1.37.jar)
WARNING: Please consider reporting this to the maintainers of class org.openjdk.jmh.util.Utils
WARNING: sun.misc.Unsafe::objectFieldOffset will be removed in a future release
# Warmup Iteration   1: 1377.827 ns/op
# Warmup Iteration   2: 1167.248 ns/op
# Warmup Iteration   3: 1241.258 ns/op
Iteration   1: 1263.009 ns/op
Iteration   2: 1126.215 ns/op
Iteration   3: 1231.270 ns/op
Iteration   4: 1131.316 ns/op
Iteration   5: 1225.602 ns/op


Result "com.eignex.koblas.bench.KoblasJmhBenchmark.run":
  1195.482 ±(99.9%) 240.958 ns/op [Average]
  (min, avg, max) = (1126.215, 1195.482, 1263.009), stdev = 62.576
  CI (99.9%): [954.524, 1436.440] (assumes normal distribution)


# JMH version: 1.37
# VM version: JDK 25.0.1, OpenJDK 64-Bit Server VM, 25.0.1+8-LTS
# VM invoker: /home/rasmus/.gradle/jdks/eclipse_adoptium-25-amd64-linux.2/bin/java
# VM options: --enable-native-access=ALL-UNNAMED -Dfile.encoding=UTF-8 -Duser.country -Duser.language=en -Duser.variant -Dkoblas.bench.cases=/home/rasmus/.codex/worktrees/703f/koblas/koblas-bench/reports/f342c3192a41a07cf0454d7d4d5324f8289cc01329bcc9c990b986dcdd2f5922/20260911T153950Z-a038f25ac668/cases.txt
# Blackhole mode: compiler (auto-detected, use -Djmh.blackhole.autoDetect=false to disable)
# Warmup: 3 iterations, 200000000 ns each
# Measurement: 5 iterations, 200000000 ns each
# Timeout: 10 min per iteration
# Threads: 1 thread, will synchronize iterations
# Benchmark mode: Average time, time/op
# Benchmark: com.eignex.koblas.bench.KoblasJmhBenchmark.run
# Parameters: (benchmarkMode = jvm-c, caseId = swap+4096+uniform)

# Run progress: 7.69% complete, ETA 00:03:16
# Fork: 1 of 1
WARNING: A terminally deprecated method in sun.misc.Unsafe has been called
WARNING: sun.misc.Unsafe::objectFieldOffset has been called by org.openjdk.jmh.util.Utils (file:/home/rasmus/.gradle/caches/modules-2/files-2.1/org.openjdk.jmh/jmh-core/1.37/896f27e49105b35ea1964319c83d12082e7a79ef/jmh-core-1.37.jar)
WARNING: Please consider reporting this to the maintainers of class org.openjdk.jmh.util.Utils
WARNING: sun.misc.Unsafe::objectFieldOffset will be removed in a future release
# Warmup Iteration   1: 2625.017 ns/op
# Warmup Iteration   2: 2354.361 ns/op
# Warmup Iteration   3: 2386.908 ns/op
Iteration   1: 2391.268 ns/op
Iteration   2: 2389.227 ns/op
Iteration   3: 2392.255 ns/op
Iteration   4: 2391.088 ns/op
Iteration   5: 2382.139 ns/op


Result "com.eignex.koblas.bench.KoblasJmhBenchmark.run":
  2389.195 ±(99.9%) 15.764 ns/op [Average]
  (min, avg, max) = (2382.139, 2389.195, 2392.255), stdev = 4.094
  CI (99.9%): [2373.431, 2404.959] (assumes normal distribution)


# JMH version: 1.37
# VM version: JDK 25.0.1, OpenJDK 64-Bit Server VM, 25.0.1+8-LTS
# VM invoker: /home/rasmus/.gradle/jdks/eclipse_adoptium-25-amd64-linux.2/bin/java
# VM options: --enable-native-access=ALL-UNNAMED -Dfile.encoding=UTF-8 -Duser.country -Duser.language=en -Duser.variant -Dkoblas.bench.cases=/home/rasmus/.codex/worktrees/703f/koblas/koblas-bench/reports/f342c3192a41a07cf0454d7d4d5324f8289cc01329bcc9c990b986dcdd2f5922/20260911T153950Z-a038f25ac668/cases.txt
# Blackhole mode: compiler (auto-detected, use -Djmh.blackhole.autoDetect=false to disable)
# Warmup: 3 iterations, 200000000 ns each
# Measurement: 5 iterations, 200000000 ns each
# Timeout: 10 min per iteration
# Threads: 1 thread, will synchronize iterations
# Benchmark mode: Average time, time/op
# Benchmark: com.eignex.koblas.bench.KoblasJmhBenchmark.run
# Parameters: (benchmarkMode = jvm-c, caseId = rot+4096+uniform)

# Run progress: 8.55% complete, ETA 00:03:14
# Fork: 1 of 1
WARNING: A terminally deprecated method in sun.misc.Unsafe has been called
WARNING: sun.misc.Unsafe::objectFieldOffset has been called by org.openjdk.jmh.util.Utils (file:/home/rasmus/.gradle/caches/modules-2/files-2.1/org.openjdk.jmh/jmh-core/1.37/896f27e49105b35ea1964319c83d12082e7a79ef/jmh-core-1.37.jar)
WARNING: Please consider reporting this to the maintainers of class org.openjdk.jmh.util.Utils
WARNING: sun.misc.Unsafe::objectFieldOffset will be removed in a future release
# Warmup Iteration   1: 2847.478 ns/op
# Warmup Iteration   2: 2434.416 ns/op
# Warmup Iteration   3: 2486.032 ns/op
Iteration   1: 2496.397 ns/op
Iteration   2: 2503.894 ns/op
Iteration   3: 2512.351 ns/op
Iteration   4: 2505.711 ns/op
Iteration   5: 2505.182 ns/op


Result "com.eignex.koblas.bench.KoblasJmhBenchmark.run":
  2504.707 ±(99.9%) 21.900 ns/op [Average]
  (min, avg, max) = (2496.397, 2504.707, 2512.351), stdev = 5.687
  CI (99.9%): [2482.807, 2526.607] (assumes normal distribution)


# JMH version: 1.37
# VM version: JDK 25.0.1, OpenJDK 64-Bit Server VM, 25.0.1+8-LTS
# VM invoker: /home/rasmus/.gradle/jdks/eclipse_adoptium-25-amd64-linux.2/bin/java
# VM options: --enable-native-access=ALL-UNNAMED -Dfile.encoding=UTF-8 -Duser.country -Duser.language=en -Duser.variant -Dkoblas.bench.cases=/home/rasmus/.codex/worktrees/703f/koblas/koblas-bench/reports/f342c3192a41a07cf0454d7d4d5324f8289cc01329bcc9c990b986dcdd2f5922/20260911T153950Z-a038f25ac668/cases.txt
# Blackhole mode: compiler (auto-detected, use -Djmh.blackhole.autoDetect=false to disable)
# Warmup: 3 iterations, 200000000 ns each
# Measurement: 5 iterations, 200000000 ns each
# Timeout: 10 min per iteration
# Threads: 1 thread, will synchronize iterations
# Benchmark mode: Average time, time/op
# Benchmark: com.eignex.koblas.bench.KoblasJmhBenchmark.run
# Parameters: (benchmarkMode = jvm-c, caseId = rotm+4096+uniform)

# Run progress: 9.40% complete, ETA 00:03:12
# Fork: 1 of 1
WARNING: A terminally deprecated method in sun.misc.Unsafe has been called
WARNING: sun.misc.Unsafe::objectFieldOffset has been called by org.openjdk.jmh.util.Utils (file:/home/rasmus/.gradle/caches/modules-2/files-2.1/org.openjdk.jmh/jmh-core/1.37/896f27e49105b35ea1964319c83d12082e7a79ef/jmh-core-1.37.jar)
WARNING: Please consider reporting this to the maintainers of class org.openjdk.jmh.util.Utils
WARNING: sun.misc.Unsafe::objectFieldOffset will be removed in a future release
# Warmup Iteration   1: 3840.912 ns/op
# Warmup Iteration   2: 2860.340 ns/op
# Warmup Iteration   3: 2696.618 ns/op
Iteration   1: 3503.068 ns/op
Iteration   2: 3447.715 ns/op
Iteration   3: 3421.964 ns/op
Iteration   4: 3433.972 ns/op
Iteration   5: 3434.952 ns/op


Result "com.eignex.koblas.bench.KoblasJmhBenchmark.run":
  3448.334 ±(99.9%) 122.934 ns/op [Average]
  (min, avg, max) = (3421.964, 3448.334, 3503.068), stdev = 31.926
  CI (99.9%): [3325.400, 3571.268] (assumes normal distribution)


# JMH version: 1.37
# VM version: JDK 25.0.1, OpenJDK 64-Bit Server VM, 25.0.1+8-LTS
# VM invoker: /home/rasmus/.gradle/jdks/eclipse_adoptium-25-amd64-linux.2/bin/java
# VM options: --enable-native-access=ALL-UNNAMED -Dfile.encoding=UTF-8 -Duser.country -Duser.language=en -Duser.variant -Dkoblas.bench.cases=/home/rasmus/.codex/worktrees/703f/koblas/koblas-bench/reports/f342c3192a41a07cf0454d7d4d5324f8289cc01329bcc9c990b986dcdd2f5922/20260911T153950Z-a038f25ac668/cases.txt
# Blackhole mode: compiler (auto-detected, use -Djmh.blackhole.autoDetect=false to disable)
# Warmup: 3 iterations, 200000000 ns each
# Measurement: 5 iterations, 200000000 ns each
# Timeout: 10 min per iteration
# Threads: 1 thread, will synchronize iterations
# Benchmark mode: Average time, time/op
# Benchmark: com.eignex.koblas.bench.KoblasJmhBenchmark.run
# Parameters: (benchmarkMode = jvm-c, caseId = rotmg+1+uniform)

# Run progress: 10.26% complete, ETA 00:03:10
# Fork: 1 of 1
WARNING: A terminally deprecated method in sun.misc.Unsafe has been called
WARNING: sun.misc.Unsafe::objectFieldOffset has been called by org.openjdk.jmh.util.Utils (file:/home/rasmus/.gradle/caches/modules-2/files-2.1/org.openjdk.jmh/jmh-core/1.37/896f27e49105b35ea1964319c83d12082e7a79ef/jmh-core-1.37.jar)
WARNING: Please consider reporting this to the maintainers of class org.openjdk.jmh.util.Utils
WARNING: sun.misc.Unsafe::objectFieldOffset will be removed in a future release
# Warmup Iteration   1: 16.772 ns/op
# Warmup Iteration   2: 8.990 ns/op
# Warmup Iteration   3: 9.466 ns/op
Iteration   1: 9.848 ns/op
Iteration   2: 7.598 ns/op
Iteration   3: 7.532 ns/op
Iteration   4: 8.535 ns/op
Iteration   5: 9.101 ns/op


Result "com.eignex.koblas.bench.KoblasJmhBenchmark.run":
  8.523 ±(99.9%) 3.815 ns/op [Average]
  (min, avg, max) = (7.532, 8.523, 9.848), stdev = 0.991
  CI (99.9%): [4.708, 12.338] (assumes normal distribution)


# JMH version: 1.37
# VM version: JDK 25.0.1, OpenJDK 64-Bit Server VM, 25.0.1+8-LTS
# VM invoker: /home/rasmus/.gradle/jdks/eclipse_adoptium-25-amd64-linux.2/bin/java
# VM options: --enable-native-access=ALL-UNNAMED -Dfile.encoding=UTF-8 -Duser.country -Duser.language=en -Duser.variant -Dkoblas.bench.cases=/home/rasmus/.codex/worktrees/703f/koblas/koblas-bench/reports/f342c3192a41a07cf0454d7d4d5324f8289cc01329bcc9c990b986dcdd2f5922/20260911T153950Z-a038f25ac668/cases.txt
# Blackhole mode: compiler (auto-detected, use -Djmh.blackhole.autoDetect=false to disable)
# Warmup: 3 iterations, 200000000 ns each
# Measurement: 5 iterations, 200000000 ns each
# Timeout: 10 min per iteration
# Threads: 1 thread, will synchronize iterations
# Benchmark mode: Average time, time/op
# Benchmark: com.eignex.koblas.bench.KoblasJmhBenchmark.run
# Parameters: (benchmarkMode = jvm-c, caseId = ssqd+4096+uniform)

# Run progress: 11.11% complete, ETA 00:03:09
# Fork: 1 of 1
WARNING: A terminally deprecated method in sun.misc.Unsafe has been called
WARNING: sun.misc.Unsafe::objectFieldOffset has been called by org.openjdk.jmh.util.Utils (file:/home/rasmus/.gradle/caches/modules-2/files-2.1/org.openjdk.jmh/jmh-core/1.37/896f27e49105b35ea1964319c83d12082e7a79ef/jmh-core-1.37.jar)
WARNING: Please consider reporting this to the maintainers of class org.openjdk.jmh.util.Utils
WARNING: sun.misc.Unsafe::objectFieldOffset will be removed in a future release
# Warmup Iteration   1: 800.673 ns/op
# Warmup Iteration   2: 708.337 ns/op
# Warmup Iteration   3: 687.273 ns/op
Iteration   1: 705.899 ns/op
Iteration   2: 733.838 ns/op
Iteration   3: 824.643 ns/op
Iteration   4: 711.477 ns/op
Iteration   5: 716.971 ns/op


Result "com.eignex.koblas.bench.KoblasJmhBenchmark.run":
  738.565 ±(99.9%) 189.612 ns/op [Average]
  (min, avg, max) = (705.899, 738.565, 824.643), stdev = 49.242
  CI (99.9%): [548.954, 928.177] (assumes normal distribution)


# JMH version: 1.37
# VM version: JDK 25.0.1, OpenJDK 64-Bit Server VM, 25.0.1+8-LTS
# VM invoker: /home/rasmus/.gradle/jdks/eclipse_adoptium-25-amd64-linux.2/bin/java
# VM options: --enable-native-access=ALL-UNNAMED -Dfile.encoding=UTF-8 -Duser.country -Duser.language=en -Duser.variant -Dkoblas.bench.cases=/home/rasmus/.codex/worktrees/703f/koblas/koblas-bench/reports/f342c3192a41a07cf0454d7d4d5324f8289cc01329bcc9c990b986dcdd2f5922/20260911T153950Z-a038f25ac668/cases.txt
# Blackhole mode: compiler (auto-detected, use -Djmh.blackhole.autoDetect=false to disable)
# Warmup: 3 iterations, 200000000 ns each
# Measurement: 5 iterations, 200000000 ns each
# Timeout: 10 min per iteration
# Threads: 1 thread, will synchronize iterations
# Benchmark mode: Average time, time/op
# Benchmark: com.eignex.koblas.bench.KoblasJmhBenchmark.run
# Parameters: (benchmarkMode = jvm-c, caseId = dot4+4096+uniform)

# Run progress: 11.97% complete, ETA 00:03:07
# Fork: 1 of 1
WARNING: A terminally deprecated method in sun.misc.Unsafe has been called
WARNING: sun.misc.Unsafe::objectFieldOffset has been called by org.openjdk.jmh.util.Utils (file:/home/rasmus/.gradle/caches/modules-2/files-2.1/org.openjdk.jmh/jmh-core/1.37/896f27e49105b35ea1964319c83d12082e7a79ef/jmh-core-1.37.jar)
WARNING: Please consider reporting this to the maintainers of class org.openjdk.jmh.util.Utils
WARNING: sun.misc.Unsafe::objectFieldOffset will be removed in a future release
# Warmup Iteration   1: 2065.528 ns/op
# Warmup Iteration   2: 1664.160 ns/op
# Warmup Iteration   3: 1695.932 ns/op
Iteration   1: 1690.722 ns/op
Iteration   2: 1692.390 ns/op
Iteration   3: 1688.852 ns/op
Iteration   4: 1711.897 ns/op
Iteration   5: 1695.848 ns/op


Result "com.eignex.koblas.bench.KoblasJmhBenchmark.run":
  1695.942 ±(99.9%) 35.746 ns/op [Average]
  (min, avg, max) = (1688.852, 1695.942, 1711.897), stdev = 9.283
  CI (99.9%): [1660.196, 1731.688] (assumes normal distribution)


# JMH version: 1.37
# VM version: JDK 25.0.1, OpenJDK 64-Bit Server VM, 25.0.1+8-LTS
# VM invoker: /home/rasmus/.gradle/jdks/eclipse_adoptium-25-amd64-linux.2/bin/java
# VM options: --enable-native-access=ALL-UNNAMED -Dfile.encoding=UTF-8 -Duser.country -Duser.language=en -Duser.variant -Dkoblas.bench.cases=/home/rasmus/.codex/worktrees/703f/koblas/koblas-bench/reports/f342c3192a41a07cf0454d7d4d5324f8289cc01329bcc9c990b986dcdd2f5922/20260911T153950Z-a038f25ac668/cases.txt
# Blackhole mode: compiler (auto-detected, use -Djmh.blackhole.autoDetect=false to disable)
# Warmup: 3 iterations, 200000000 ns each
# Measurement: 5 iterations, 200000000 ns each
# Timeout: 10 min per iteration
# Threads: 1 thread, will synchronize iterations
# Benchmark mode: Average time, time/op
# Benchmark: com.eignex.koblas.bench.KoblasJmhBenchmark.run
# Parameters: (benchmarkMode = jvm-c, caseId = axpy4+4096+uniform)

# Run progress: 12.82% complete, ETA 00:03:05
# Fork: 1 of 1
WARNING: A terminally deprecated method in sun.misc.Unsafe has been called
WARNING: sun.misc.Unsafe::objectFieldOffset has been called by org.openjdk.jmh.util.Utils (file:/home/rasmus/.gradle/caches/modules-2/files-2.1/org.openjdk.jmh/jmh-core/1.37/896f27e49105b35ea1964319c83d12082e7a79ef/jmh-core-1.37.jar)
WARNING: Please consider reporting this to the maintainers of class org.openjdk.jmh.util.Utils
WARNING: sun.misc.Unsafe::objectFieldOffset will be removed in a future release
# Warmup Iteration   1: 2977.328 ns/op
# Warmup Iteration   2: 2542.651 ns/op
# Warmup Iteration   3: 2606.580 ns/op
Iteration   1: 2601.992 ns/op
Iteration   2: 2568.340 ns/op
Iteration   3: 2409.390 ns/op
Iteration   4: 2449.942 ns/op
Iteration   5: 2432.440 ns/op


Result "com.eignex.koblas.bench.KoblasJmhBenchmark.run":
  2492.421 ±(99.9%) 333.842 ns/op [Average]
  (min, avg, max) = (2409.390, 2492.421, 2601.992), stdev = 86.698
  CI (99.9%): [2158.579, 2826.263] (assumes normal distribution)


# JMH version: 1.37
# VM version: JDK 25.0.1, OpenJDK 64-Bit Server VM, 25.0.1+8-LTS
# VM invoker: /home/rasmus/.gradle/jdks/eclipse_adoptium-25-amd64-linux.2/bin/java
# VM options: --enable-native-access=ALL-UNNAMED -Dfile.encoding=UTF-8 -Duser.country -Duser.language=en -Duser.variant -Dkoblas.bench.cases=/home/rasmus/.codex/worktrees/703f/koblas/koblas-bench/reports/f342c3192a41a07cf0454d7d4d5324f8289cc01329bcc9c990b986dcdd2f5922/20260911T153950Z-a038f25ac668/cases.txt
# Blackhole mode: compiler (auto-detected, use -Djmh.blackhole.autoDetect=false to disable)
# Warmup: 3 iterations, 200000000 ns each
# Measurement: 5 iterations, 200000000 ns each
# Timeout: 10 min per iteration
# Threads: 1 thread, will synchronize iterations
# Benchmark mode: Average time, time/op
# Benchmark: com.eignex.koblas.bench.KoblasJmhBenchmark.run
# Parameters: (benchmarkMode = jvm-c, caseId = dot-axpy+4096+uniform)

# Run progress: 13.68% complete, ETA 00:03:03
# Fork: 1 of 1
WARNING: A terminally deprecated method in sun.misc.Unsafe has been called
WARNING: sun.misc.Unsafe::objectFieldOffset has been called by org.openjdk.jmh.util.Utils (file:/home/rasmus/.gradle/caches/modules-2/files-2.1/org.openjdk.jmh/jmh-core/1.37/896f27e49105b35ea1964319c83d12082e7a79ef/jmh-core-1.37.jar)
WARNING: Please consider reporting this to the maintainers of class org.openjdk.jmh.util.Utils
WARNING: sun.misc.Unsafe::objectFieldOffset will be removed in a future release
# Warmup Iteration   1: 2048.787 ns/op
# Warmup Iteration   2: 1745.427 ns/op
# Warmup Iteration   3: 1751.442 ns/op
Iteration   1: 1750.965 ns/op
Iteration   2: 1743.225 ns/op
Iteration   3: 1745.777 ns/op
Iteration   4: 1744.878 ns/op
Iteration   5: 1743.591 ns/op


Result "com.eignex.koblas.bench.KoblasJmhBenchmark.run":
  1745.687 ±(99.9%) 12.020 ns/op [Average]
  (min, avg, max) = (1743.225, 1745.687, 1750.965), stdev = 3.121
  CI (99.9%): [1733.668, 1757.707] (assumes normal distribution)


# JMH version: 1.37
# VM version: JDK 25.0.1, OpenJDK 64-Bit Server VM, 25.0.1+8-LTS
# VM invoker: /home/rasmus/.gradle/jdks/eclipse_adoptium-25-amd64-linux.2/bin/java
# VM options: --enable-native-access=ALL-UNNAMED -Dfile.encoding=UTF-8 -Duser.country -Duser.language=en -Duser.variant -Dkoblas.bench.cases=/home/rasmus/.codex/worktrees/703f/koblas/koblas-bench/reports/f342c3192a41a07cf0454d7d4d5324f8289cc01329bcc9c990b986dcdd2f5922/20260911T153950Z-a038f25ac668/cases.txt
# Blackhole mode: compiler (auto-detected, use -Djmh.blackhole.autoDetect=false to disable)
# Warmup: 3 iterations, 200000000 ns each
# Measurement: 5 iterations, 200000000 ns each
# Timeout: 10 min per iteration
# Threads: 1 thread, will synchronize iterations
# Benchmark mode: Average time, time/op
# Benchmark: com.eignex.koblas.bench.KoblasJmhBenchmark.run
# Parameters: (benchmarkMode = jvm-c, caseId = gemv+32x21+uniform)

# Run progress: 14.53% complete, ETA 00:03:01
# Fork: 1 of 1
WARNING: A terminally deprecated method in sun.misc.Unsafe has been called
WARNING: sun.misc.Unsafe::objectFieldOffset has been called by org.openjdk.jmh.util.Utils (file:/home/rasmus/.gradle/caches/modules-2/files-2.1/org.openjdk.jmh/jmh-core/1.37/896f27e49105b35ea1964319c83d12082e7a79ef/jmh-core-1.37.jar)
WARNING: Please consider reporting this to the maintainers of class org.openjdk.jmh.util.Utils
WARNING: sun.misc.Unsafe::objectFieldOffset will be removed in a future release
# Warmup Iteration   1: 218.148 ns/op
# Warmup Iteration   2: 203.372 ns/op
# Warmup Iteration   3: 215.977 ns/op
Iteration   1: 223.081 ns/op
Iteration   2: 223.360 ns/op
Iteration   3: 223.262 ns/op
Iteration   4: 222.737 ns/op
Iteration   5: 223.608 ns/op


Result "com.eignex.koblas.bench.KoblasJmhBenchmark.run":
  223.210 ±(99.9%) 1.254 ns/op [Average]
  (min, avg, max) = (222.737, 223.210, 223.608), stdev = 0.326
  CI (99.9%): [221.956, 224.464] (assumes normal distribution)


# JMH version: 1.37
# VM version: JDK 25.0.1, OpenJDK 64-Bit Server VM, 25.0.1+8-LTS
# VM invoker: /home/rasmus/.gradle/jdks/eclipse_adoptium-25-amd64-linux.2/bin/java
# VM options: --enable-native-access=ALL-UNNAMED -Dfile.encoding=UTF-8 -Duser.country -Duser.language=en -Duser.variant -Dkoblas.bench.cases=/home/rasmus/.codex/worktrees/703f/koblas/koblas-bench/reports/f342c3192a41a07cf0454d7d4d5324f8289cc01329bcc9c990b986dcdd2f5922/20260911T153950Z-a038f25ac668/cases.txt
# Blackhole mode: compiler (auto-detected, use -Djmh.blackhole.autoDetect=false to disable)
# Warmup: 3 iterations, 200000000 ns each
# Measurement: 5 iterations, 200000000 ns each
# Timeout: 10 min per iteration
# Threads: 1 thread, will synchronize iterations
# Benchmark mode: Average time, time/op
# Benchmark: com.eignex.koblas.bench.KoblasJmhBenchmark.run
# Parameters: (benchmarkMode = jvm-c, caseId = gemv+129x31+uniform+transA=T)

# Run progress: 15.38% complete, ETA 00:02:59
# Fork: 1 of 1
WARNING: A terminally deprecated method in sun.misc.Unsafe has been called
WARNING: sun.misc.Unsafe::objectFieldOffset has been called by org.openjdk.jmh.util.Utils (file:/home/rasmus/.gradle/caches/modules-2/files-2.1/org.openjdk.jmh/jmh-core/1.37/896f27e49105b35ea1964319c83d12082e7a79ef/jmh-core-1.37.jar)
WARNING: Please consider reporting this to the maintainers of class org.openjdk.jmh.util.Utils
WARNING: sun.misc.Unsafe::objectFieldOffset will be removed in a future release
# Warmup Iteration   1: 1059.423 ns/op
# Warmup Iteration   2: 1058.747 ns/op
# Warmup Iteration   3: 1073.057 ns/op
Iteration   1: 960.592 ns/op
Iteration   2: 972.945 ns/op
Iteration   3: 1043.423 ns/op
Iteration   4: 973.356 ns/op
Iteration   5: 969.307 ns/op


Result "com.eignex.koblas.bench.KoblasJmhBenchmark.run":
  983.925 ±(99.9%) 129.590 ns/op [Average]
  (min, avg, max) = (960.592, 983.925, 1043.423), stdev = 33.654
  CI (99.9%): [854.335, 1113.515] (assumes normal distribution)


# JMH version: 1.37
# VM version: JDK 25.0.1, OpenJDK 64-Bit Server VM, 25.0.1+8-LTS
# VM invoker: /home/rasmus/.gradle/jdks/eclipse_adoptium-25-amd64-linux.2/bin/java
# VM options: --enable-native-access=ALL-UNNAMED -Dfile.encoding=UTF-8 -Duser.country -Duser.language=en -Duser.variant -Dkoblas.bench.cases=/home/rasmus/.codex/worktrees/703f/koblas/koblas-bench/reports/f342c3192a41a07cf0454d7d4d5324f8289cc01329bcc9c990b986dcdd2f5922/20260911T153950Z-a038f25ac668/cases.txt
# Blackhole mode: compiler (auto-detected, use -Djmh.blackhole.autoDetect=false to disable)
# Warmup: 3 iterations, 200000000 ns each
# Measurement: 5 iterations, 200000000 ns each
# Timeout: 10 min per iteration
# Threads: 1 thread, will synchronize iterations
# Benchmark mode: Average time, time/op
# Benchmark: com.eignex.koblas.bench.KoblasJmhBenchmark.run
# Parameters: (benchmarkMode = jvm-c, caseId = symv+129+uniform+uplo=U)

# Run progress: 16.24% complete, ETA 00:02:57
# Fork: 1 of 1
WARNING: A terminally deprecated method in sun.misc.Unsafe has been called
WARNING: sun.misc.Unsafe::objectFieldOffset has been called by org.openjdk.jmh.util.Utils (file:/home/rasmus/.gradle/caches/modules-2/files-2.1/org.openjdk.jmh/jmh-core/1.37/896f27e49105b35ea1964319c83d12082e7a79ef/jmh-core-1.37.jar)
WARNING: Please consider reporting this to the maintainers of class org.openjdk.jmh.util.Utils
WARNING: sun.misc.Unsafe::objectFieldOffset will be removed in a future release
# Warmup Iteration   1: 4919.228 ns/op
# Warmup Iteration   2: 4545.332 ns/op
# Warmup Iteration   3: 4048.426 ns/op
Iteration   1: 4441.158 ns/op
Iteration   2: 4033.347 ns/op
Iteration   3: 4110.873 ns/op
Iteration   4: 4113.554 ns/op
Iteration   5: 4433.513 ns/op


Result "com.eignex.koblas.bench.KoblasJmhBenchmark.run":
  4226.489 ±(99.9%) 751.535 ns/op [Average]
  (min, avg, max) = (4033.347, 4226.489, 4441.158), stdev = 195.171
  CI (99.9%): [3474.955, 4978.024] (assumes normal distribution)


# JMH version: 1.37
# VM version: JDK 25.0.1, OpenJDK 64-Bit Server VM, 25.0.1+8-LTS
# VM invoker: /home/rasmus/.gradle/jdks/eclipse_adoptium-25-amd64-linux.2/bin/java
# VM options: --enable-native-access=ALL-UNNAMED -Dfile.encoding=UTF-8 -Duser.country -Duser.language=en -Duser.variant -Dkoblas.bench.cases=/home/rasmus/.codex/worktrees/703f/koblas/koblas-bench/reports/f342c3192a41a07cf0454d7d4d5324f8289cc01329bcc9c990b986dcdd2f5922/20260911T153950Z-a038f25ac668/cases.txt
# Blackhole mode: compiler (auto-detected, use -Djmh.blackhole.autoDetect=false to disable)
# Warmup: 3 iterations, 200000000 ns each
# Measurement: 5 iterations, 200000000 ns each
# Timeout: 10 min per iteration
# Threads: 1 thread, will synchronize iterations
# Benchmark mode: Average time, time/op
# Benchmark: com.eignex.koblas.bench.KoblasJmhBenchmark.run
# Parameters: (benchmarkMode = jvm-c, caseId = ger+129x31+uniform)

# Run progress: 17.09% complete, ETA 00:02:56
# Fork: 1 of 1
WARNING: A terminally deprecated method in sun.misc.Unsafe has been called
WARNING: sun.misc.Unsafe::objectFieldOffset has been called by org.openjdk.jmh.util.Utils (file:/home/rasmus/.gradle/caches/modules-2/files-2.1/org.openjdk.jmh/jmh-core/1.37/896f27e49105b35ea1964319c83d12082e7a79ef/jmh-core-1.37.jar)
WARNING: Please consider reporting this to the maintainers of class org.openjdk.jmh.util.Utils
WARNING: sun.misc.Unsafe::objectFieldOffset will be removed in a future release
# Warmup Iteration   1: 2073.478 ns/op
# Warmup Iteration   2: 2052.335 ns/op
# Warmup Iteration   3: 1798.849 ns/op
Iteration   1: 1832.346 ns/op
Iteration   2: 1833.071 ns/op
Iteration   3: 1839.326 ns/op
Iteration   4: 1820.316 ns/op
Iteration   5: 1830.795 ns/op


Result "com.eignex.koblas.bench.KoblasJmhBenchmark.run":
  1831.171 ±(99.9%) 26.501 ns/op [Average]
  (min, avg, max) = (1820.316, 1831.171, 1839.326), stdev = 6.882
  CI (99.9%): [1804.670, 1857.672] (assumes normal distribution)


# JMH version: 1.37
# VM version: JDK 25.0.1, OpenJDK 64-Bit Server VM, 25.0.1+8-LTS
# VM invoker: /home/rasmus/.gradle/jdks/eclipse_adoptium-25-amd64-linux.2/bin/java
# VM options: --enable-native-access=ALL-UNNAMED -Dfile.encoding=UTF-8 -Duser.country -Duser.language=en -Duser.variant -Dkoblas.bench.cases=/home/rasmus/.codex/worktrees/703f/koblas/koblas-bench/reports/f342c3192a41a07cf0454d7d4d5324f8289cc01329bcc9c990b986dcdd2f5922/20260911T153950Z-a038f25ac668/cases.txt
# Blackhole mode: compiler (auto-detected, use -Djmh.blackhole.autoDetect=false to disable)
# Warmup: 3 iterations, 200000000 ns each
# Measurement: 5 iterations, 200000000 ns each
# Timeout: 10 min per iteration
# Threads: 1 thread, will synchronize iterations
# Benchmark mode: Average time, time/op
# Benchmark: com.eignex.koblas.bench.KoblasJmhBenchmark.run
# Parameters: (benchmarkMode = jvm-c, caseId = syr+129+uniform+uplo=L)

# Run progress: 17.95% complete, ETA 00:02:54
# Fork: 1 of 1
WARNING: A terminally deprecated method in sun.misc.Unsafe has been called
WARNING: sun.misc.Unsafe::objectFieldOffset has been called by org.openjdk.jmh.util.Utils (file:/home/rasmus/.gradle/caches/modules-2/files-2.1/org.openjdk.jmh/jmh-core/1.37/896f27e49105b35ea1964319c83d12082e7a79ef/jmh-core-1.37.jar)
WARNING: Please consider reporting this to the maintainers of class org.openjdk.jmh.util.Utils
WARNING: sun.misc.Unsafe::objectFieldOffset will be removed in a future release
# Warmup Iteration   1: 6329.305 ns/op
# Warmup Iteration   2: 6025.339 ns/op
# Warmup Iteration   3: 5829.895 ns/op
Iteration   1: 5621.211 ns/op
Iteration   2: 5740.107 ns/op
Iteration   3: 5699.503 ns/op
Iteration   4: 5756.209 ns/op
Iteration   5: 5773.328 ns/op


Result "com.eignex.koblas.bench.KoblasJmhBenchmark.run":
  5718.072 ±(99.9%) 233.592 ns/op [Average]
  (min, avg, max) = (5621.211, 5718.072, 5773.328), stdev = 60.663
  CI (99.9%): [5484.479, 5951.664] (assumes normal distribution)


# JMH version: 1.37
# VM version: JDK 25.0.1, OpenJDK 64-Bit Server VM, 25.0.1+8-LTS
# VM invoker: /home/rasmus/.gradle/jdks/eclipse_adoptium-25-amd64-linux.2/bin/java
# VM options: --enable-native-access=ALL-UNNAMED -Dfile.encoding=UTF-8 -Duser.country -Duser.language=en -Duser.variant -Dkoblas.bench.cases=/home/rasmus/.codex/worktrees/703f/koblas/koblas-bench/reports/f342c3192a41a07cf0454d7d4d5324f8289cc01329bcc9c990b986dcdd2f5922/20260911T153950Z-a038f25ac668/cases.txt
# Blackhole mode: compiler (auto-detected, use -Djmh.blackhole.autoDetect=false to disable)
# Warmup: 3 iterations, 200000000 ns each
# Measurement: 5 iterations, 200000000 ns each
# Timeout: 10 min per iteration
# Threads: 1 thread, will synchronize iterations
# Benchmark mode: Average time, time/op
# Benchmark: com.eignex.koblas.bench.KoblasJmhBenchmark.run
# Parameters: (benchmarkMode = jvm-c, caseId = syr2+129+uniform+uplo=U)

# Run progress: 18.80% complete, ETA 00:02:52
# Fork: 1 of 1
WARNING: A terminally deprecated method in sun.misc.Unsafe has been called
WARNING: sun.misc.Unsafe::objectFieldOffset has been called by org.openjdk.jmh.util.Utils (file:/home/rasmus/.gradle/caches/modules-2/files-2.1/org.openjdk.jmh/jmh-core/1.37/896f27e49105b35ea1964319c83d12082e7a79ef/jmh-core-1.37.jar)
WARNING: Please consider reporting this to the maintainers of class org.openjdk.jmh.util.Utils
WARNING: sun.misc.Unsafe::objectFieldOffset will be removed in a future release
# Warmup Iteration   1: 9328.754 ns/op
# Warmup Iteration   2: 8132.779 ns/op
# Warmup Iteration   3: 8301.632 ns/op
Iteration   1: 8557.604 ns/op
Iteration   2: 8125.970 ns/op
Iteration   3: 8263.070 ns/op
Iteration   4: 8298.557 ns/op
Iteration   5: 8230.509 ns/op


Result "com.eignex.koblas.bench.KoblasJmhBenchmark.run":
  8295.142 ±(99.9%) 617.074 ns/op [Average]
  (min, avg, max) = (8125.970, 8295.142, 8557.604), stdev = 160.252
  CI (99.9%): [7678.068, 8912.217] (assumes normal distribution)


# JMH version: 1.37
# VM version: JDK 25.0.1, OpenJDK 64-Bit Server VM, 25.0.1+8-LTS
# VM invoker: /home/rasmus/.gradle/jdks/eclipse_adoptium-25-amd64-linux.2/bin/java
# VM options: --enable-native-access=ALL-UNNAMED -Dfile.encoding=UTF-8 -Duser.country -Duser.language=en -Duser.variant -Dkoblas.bench.cases=/home/rasmus/.codex/worktrees/703f/koblas/koblas-bench/reports/f342c3192a41a07cf0454d7d4d5324f8289cc01329bcc9c990b986dcdd2f5922/20260911T153950Z-a038f25ac668/cases.txt
# Blackhole mode: compiler (auto-detected, use -Djmh.blackhole.autoDetect=false to disable)
# Warmup: 3 iterations, 200000000 ns each
# Measurement: 5 iterations, 200000000 ns each
# Timeout: 10 min per iteration
# Threads: 1 thread, will synchronize iterations
# Benchmark mode: Average time, time/op
# Benchmark: com.eignex.koblas.bench.KoblasJmhBenchmark.run
# Parameters: (benchmarkMode = jvm-c, caseId = trsv+129+triangular+uplo=L+transA=N+diag=N)

# Run progress: 19.66% complete, ETA 00:02:50
# Fork: 1 of 1
WARNING: A terminally deprecated method in sun.misc.Unsafe has been called
WARNING: sun.misc.Unsafe::objectFieldOffset has been called by org.openjdk.jmh.util.Utils (file:/home/rasmus/.gradle/caches/modules-2/files-2.1/org.openjdk.jmh/jmh-core/1.37/896f27e49105b35ea1964319c83d12082e7a79ef/jmh-core-1.37.jar)
WARNING: Please consider reporting this to the maintainers of class org.openjdk.jmh.util.Utils
WARNING: sun.misc.Unsafe::objectFieldOffset will be removed in a future release
# Warmup Iteration   1: 3858.444 ns/op
# Warmup Iteration   2: 3347.135 ns/op
# Warmup Iteration   3: 3291.725 ns/op
Iteration   1: 3234.643 ns/op
Iteration   2: 3474.936 ns/op
Iteration   3: 3522.137 ns/op
Iteration   4: 3218.806 ns/op
Iteration   5: 3259.100 ns/op


Result "com.eignex.koblas.bench.KoblasJmhBenchmark.run":
  3341.925 ±(99.9%) 557.001 ns/op [Average]
  (min, avg, max) = (3218.806, 3341.925, 3522.137), stdev = 144.651
  CI (99.9%): [2784.923, 3898.926] (assumes normal distribution)


# JMH version: 1.37
# VM version: JDK 25.0.1, OpenJDK 64-Bit Server VM, 25.0.1+8-LTS
# VM invoker: /home/rasmus/.gradle/jdks/eclipse_adoptium-25-amd64-linux.2/bin/java
# VM options: --enable-native-access=ALL-UNNAMED -Dfile.encoding=UTF-8 -Duser.country -Duser.language=en -Duser.variant -Dkoblas.bench.cases=/home/rasmus/.codex/worktrees/703f/koblas/koblas-bench/reports/f342c3192a41a07cf0454d7d4d5324f8289cc01329bcc9c990b986dcdd2f5922/20260911T153950Z-a038f25ac668/cases.txt
# Blackhole mode: compiler (auto-detected, use -Djmh.blackhole.autoDetect=false to disable)
# Warmup: 3 iterations, 200000000 ns each
# Measurement: 5 iterations, 200000000 ns each
# Timeout: 10 min per iteration
# Threads: 1 thread, will synchronize iterations
# Benchmark mode: Average time, time/op
# Benchmark: com.eignex.koblas.bench.KoblasJmhBenchmark.run
# Parameters: (benchmarkMode = jvm-c, caseId = trmv+129+triangular+uplo=U+transA=T+diag=U)

# Run progress: 20.51% complete, ETA 00:02:48
# Fork: 1 of 1
WARNING: A terminally deprecated method in sun.misc.Unsafe has been called
WARNING: sun.misc.Unsafe::objectFieldOffset has been called by org.openjdk.jmh.util.Utils (file:/home/rasmus/.gradle/caches/modules-2/files-2.1/org.openjdk.jmh/jmh-core/1.37/896f27e49105b35ea1964319c83d12082e7a79ef/jmh-core-1.37.jar)
WARNING: Please consider reporting this to the maintainers of class org.openjdk.jmh.util.Utils
WARNING: sun.misc.Unsafe::objectFieldOffset will be removed in a future release
# Warmup Iteration   1: 3733.530 ns/op
# Warmup Iteration   2: 3072.359 ns/op
# Warmup Iteration   3: 3086.412 ns/op
Iteration   1: 3042.881 ns/op
Iteration   2: 3045.876 ns/op
Iteration   3: 3049.000 ns/op
Iteration   4: 3052.553 ns/op
Iteration   5: 3055.078 ns/op


Result "com.eignex.koblas.bench.KoblasJmhBenchmark.run":
  3049.078 ±(99.9%) 18.936 ns/op [Average]
  (min, avg, max) = (3042.881, 3049.078, 3055.078), stdev = 4.918
  CI (99.9%): [3030.141, 3068.014] (assumes normal distribution)


# JMH version: 1.37
# VM version: JDK 25.0.1, OpenJDK 64-Bit Server VM, 25.0.1+8-LTS
# VM invoker: /home/rasmus/.gradle/jdks/eclipse_adoptium-25-amd64-linux.2/bin/java
# VM options: --enable-native-access=ALL-UNNAMED -Dfile.encoding=UTF-8 -Duser.country -Duser.language=en -Duser.variant -Dkoblas.bench.cases=/home/rasmus/.codex/worktrees/703f/koblas/koblas-bench/reports/f342c3192a41a07cf0454d7d4d5324f8289cc01329bcc9c990b986dcdd2f5922/20260911T153950Z-a038f25ac668/cases.txt
# Blackhole mode: compiler (auto-detected, use -Djmh.blackhole.autoDetect=false to disable)
# Warmup: 3 iterations, 200000000 ns each
# Measurement: 5 iterations, 200000000 ns each
# Timeout: 10 min per iteration
# Threads: 1 thread, will synchronize iterations
# Benchmark mode: Average time, time/op
# Benchmark: com.eignex.koblas.bench.KoblasJmhBenchmark.run
# Parameters: (benchmarkMode = jvm-c, caseId = gemm+32x21x48+uniform)

# Run progress: 21.37% complete, ETA 00:02:46
# Fork: 1 of 1
WARNING: A terminally deprecated method in sun.misc.Unsafe has been called
WARNING: sun.misc.Unsafe::objectFieldOffset has been called by org.openjdk.jmh.util.Utils (file:/home/rasmus/.gradle/caches/modules-2/files-2.1/org.openjdk.jmh/jmh-core/1.37/896f27e49105b35ea1964319c83d12082e7a79ef/jmh-core-1.37.jar)
WARNING: Please consider reporting this to the maintainers of class org.openjdk.jmh.util.Utils
WARNING: sun.misc.Unsafe::objectFieldOffset will be removed in a future release
# Warmup Iteration   1: 9325.245 ns/op
# Warmup Iteration   2: 6815.899 ns/op
# Warmup Iteration   3: 6802.191 ns/op
Iteration   1: 6780.303 ns/op
Iteration   2: 6715.445 ns/op
Iteration   3: 6738.779 ns/op
Iteration   4: 6740.215 ns/op
Iteration   5: 6737.408 ns/op


Result "com.eignex.koblas.bench.KoblasJmhBenchmark.run":
  6742.430 ±(99.9%) 90.429 ns/op [Average]
  (min, avg, max) = (6715.445, 6742.430, 6780.303), stdev = 23.484
  CI (99.9%): [6652.001, 6832.859] (assumes normal distribution)


# JMH version: 1.37
# VM version: JDK 25.0.1, OpenJDK 64-Bit Server VM, 25.0.1+8-LTS
# VM invoker: /home/rasmus/.gradle/jdks/eclipse_adoptium-25-amd64-linux.2/bin/java
# VM options: --enable-native-access=ALL-UNNAMED -Dfile.encoding=UTF-8 -Duser.country -Duser.language=en -Duser.variant -Dkoblas.bench.cases=/home/rasmus/.codex/worktrees/703f/koblas/koblas-bench/reports/f342c3192a41a07cf0454d7d4d5324f8289cc01329bcc9c990b986dcdd2f5922/20260911T153950Z-a038f25ac668/cases.txt
# Blackhole mode: compiler (auto-detected, use -Djmh.blackhole.autoDetect=false to disable)
# Warmup: 3 iterations, 200000000 ns each
# Measurement: 5 iterations, 200000000 ns each
# Timeout: 10 min per iteration
# Threads: 1 thread, will synchronize iterations
# Benchmark mode: Average time, time/op
# Benchmark: com.eignex.koblas.bench.KoblasJmhBenchmark.run
# Parameters: (benchmarkMode = jvm-c, caseId = gemm+129x31x257+uniform+transA=T)

# Run progress: 22.22% complete, ETA 00:02:45
# Fork: 1 of 1
WARNING: A terminally deprecated method in sun.misc.Unsafe has been called
WARNING: sun.misc.Unsafe::objectFieldOffset has been called by org.openjdk.jmh.util.Utils (file:/home/rasmus/.gradle/caches/modules-2/files-2.1/org.openjdk.jmh/jmh-core/1.37/896f27e49105b35ea1964319c83d12082e7a79ef/jmh-core-1.37.jar)
WARNING: Please consider reporting this to the maintainers of class org.openjdk.jmh.util.Utils
WARNING: sun.misc.Unsafe::objectFieldOffset will be removed in a future release
# Warmup Iteration   1: 200305.805 ns/op
# Warmup Iteration   2: 145347.372 ns/op
# Warmup Iteration   3: 149824.774 ns/op
Iteration   1: 152828.863 ns/op
Iteration   2: 149587.610 ns/op
Iteration   3: 151687.360 ns/op
Iteration   4: 150589.477 ns/op
Iteration   5: 151263.743 ns/op


Result "com.eignex.koblas.bench.KoblasJmhBenchmark.run":
  151191.410 ±(99.9%) 4663.473 ns/op [Average]
  (min, avg, max) = (149587.610, 151191.410, 152828.863), stdev = 1211.089
  CI (99.9%): [146527.938, 155854.883] (assumes normal distribution)


# JMH version: 1.37
# VM version: JDK 25.0.1, OpenJDK 64-Bit Server VM, 25.0.1+8-LTS
# VM invoker: /home/rasmus/.gradle/jdks/eclipse_adoptium-25-amd64-linux.2/bin/java
# VM options: --enable-native-access=ALL-UNNAMED -Dfile.encoding=UTF-8 -Duser.country -Duser.language=en -Duser.variant -Dkoblas.bench.cases=/home/rasmus/.codex/worktrees/703f/koblas/koblas-bench/reports/f342c3192a41a07cf0454d7d4d5324f8289cc01329bcc9c990b986dcdd2f5922/20260911T153950Z-a038f25ac668/cases.txt
# Blackhole mode: compiler (auto-detected, use -Djmh.blackhole.autoDetect=false to disable)
# Warmup: 3 iterations, 200000000 ns each
# Measurement: 5 iterations, 200000000 ns each
# Timeout: 10 min per iteration
# Threads: 1 thread, will synchronize iterations
# Benchmark mode: Average time, time/op
# Benchmark: com.eignex.koblas.bench.KoblasJmhBenchmark.run
# Parameters: (benchmarkMode = jvm-c, caseId = gemm+65x127x33+uniform+transB=T)

# Run progress: 23.08% complete, ETA 00:02:43
# Fork: 1 of 1
WARNING: A terminally deprecated method in sun.misc.Unsafe has been called
WARNING: sun.misc.Unsafe::objectFieldOffset has been called by org.openjdk.jmh.util.Utils (file:/home/rasmus/.gradle/caches/modules-2/files-2.1/org.openjdk.jmh/jmh-core/1.37/896f27e49105b35ea1964319c83d12082e7a79ef/jmh-core-1.37.jar)
WARNING: Please consider reporting this to the maintainers of class org.openjdk.jmh.util.Utils
WARNING: sun.misc.Unsafe::objectFieldOffset will be removed in a future release
# Warmup Iteration   1: 63532.432 ns/op
# Warmup Iteration   2: 49709.585 ns/op
# Warmup Iteration   3: 43272.880 ns/op
Iteration   1: 43737.403 ns/op
Iteration   2: 44254.726 ns/op
Iteration   3: 43927.550 ns/op
Iteration   4: 43823.880 ns/op
Iteration   5: 47023.425 ns/op


Result "com.eignex.koblas.bench.KoblasJmhBenchmark.run":
  44553.397 ±(99.9%) 5370.222 ns/op [Average]
  (min, avg, max) = (43737.403, 44553.397, 47023.425), stdev = 1394.630
  CI (99.9%): [39183.175, 49923.619] (assumes normal distribution)


# JMH version: 1.37
# VM version: JDK 25.0.1, OpenJDK 64-Bit Server VM, 25.0.1+8-LTS
# VM invoker: /home/rasmus/.gradle/jdks/eclipse_adoptium-25-amd64-linux.2/bin/java
# VM options: --enable-native-access=ALL-UNNAMED -Dfile.encoding=UTF-8 -Duser.country -Duser.language=en -Duser.variant -Dkoblas.bench.cases=/home/rasmus/.codex/worktrees/703f/koblas/koblas-bench/reports/f342c3192a41a07cf0454d7d4d5324f8289cc01329bcc9c990b986dcdd2f5922/20260911T153950Z-a038f25ac668/cases.txt
# Blackhole mode: compiler (auto-detected, use -Djmh.blackhole.autoDetect=false to disable)
# Warmup: 3 iterations, 200000000 ns each
# Measurement: 5 iterations, 200000000 ns each
# Timeout: 10 min per iteration
# Threads: 1 thread, will synchronize iterations
# Benchmark mode: Average time, time/op
# Benchmark: com.eignex.koblas.bench.KoblasJmhBenchmark.run
# Parameters: (benchmarkMode = jvm-c, caseId = symm+129x31+uniform+side=L+uplo=L)

# Run progress: 23.93% complete, ETA 00:02:41
# Fork: 1 of 1
WARNING: A terminally deprecated method in sun.misc.Unsafe has been called
WARNING: sun.misc.Unsafe::objectFieldOffset has been called by org.openjdk.jmh.util.Utils (file:/home/rasmus/.gradle/caches/modules-2/files-2.1/org.openjdk.jmh/jmh-core/1.37/896f27e49105b35ea1964319c83d12082e7a79ef/jmh-core-1.37.jar)
WARNING: Please consider reporting this to the maintainers of class org.openjdk.jmh.util.Utils
WARNING: sun.misc.Unsafe::objectFieldOffset will be removed in a future release
# Warmup Iteration   1: 105645.563 ns/op
# Warmup Iteration   2: 79670.845 ns/op
# Warmup Iteration   3: 80877.062 ns/op
Iteration   1: 71424.320 ns/op
Iteration   2: 78114.672 ns/op
Iteration   3: 71610.342 ns/op
Iteration   4: 78081.446 ns/op
Iteration   5: 76294.792 ns/op


Result "com.eignex.koblas.bench.KoblasJmhBenchmark.run":
  75105.114 ±(99.9%) 12928.792 ns/op [Average]
  (min, avg, max) = (71424.320, 75105.114, 78114.672), stdev = 3357.566
  CI (99.9%): [62176.323, 88033.906] (assumes normal distribution)


# JMH version: 1.37
# VM version: JDK 25.0.1, OpenJDK 64-Bit Server VM, 25.0.1+8-LTS
# VM invoker: /home/rasmus/.gradle/jdks/eclipse_adoptium-25-amd64-linux.2/bin/java
# VM options: --enable-native-access=ALL-UNNAMED -Dfile.encoding=UTF-8 -Duser.country -Duser.language=en -Duser.variant -Dkoblas.bench.cases=/home/rasmus/.codex/worktrees/703f/koblas/koblas-bench/reports/f342c3192a41a07cf0454d7d4d5324f8289cc01329bcc9c990b986dcdd2f5922/20260911T153950Z-a038f25ac668/cases.txt
# Blackhole mode: compiler (auto-detected, use -Djmh.blackhole.autoDetect=false to disable)
# Warmup: 3 iterations, 200000000 ns each
# Measurement: 5 iterations, 200000000 ns each
# Timeout: 10 min per iteration
# Threads: 1 thread, will synchronize iterations
# Benchmark mode: Average time, time/op
# Benchmark: com.eignex.koblas.bench.KoblasJmhBenchmark.run
# Parameters: (benchmarkMode = jvm-c, caseId = symm+31x129+uniform+side=R+uplo=U)

# Run progress: 24.79% complete, ETA 00:02:39
# Fork: 1 of 1
WARNING: A terminally deprecated method in sun.misc.Unsafe has been called
WARNING: sun.misc.Unsafe::objectFieldOffset has been called by org.openjdk.jmh.util.Utils (file:/home/rasmus/.gradle/caches/modules-2/files-2.1/org.openjdk.jmh/jmh-core/1.37/896f27e49105b35ea1964319c83d12082e7a79ef/jmh-core-1.37.jar)
WARNING: Please consider reporting this to the maintainers of class org.openjdk.jmh.util.Utils
WARNING: sun.misc.Unsafe::objectFieldOffset will be removed in a future release
# Warmup Iteration   1: 106487.126 ns/op
# Warmup Iteration   2: 81451.389 ns/op
# Warmup Iteration   3: 73385.176 ns/op
Iteration   1: 72542.734 ns/op
Iteration   2: 72784.479 ns/op
Iteration   3: 77590.045 ns/op
Iteration   4: 80918.862 ns/op
Iteration   5: 71000.504 ns/op


Result "com.eignex.koblas.bench.KoblasJmhBenchmark.run":
  74967.325 ±(99.9%) 15955.633 ns/op [Average]
  (min, avg, max) = (71000.504, 74967.325, 80918.862), stdev = 4143.627
  CI (99.9%): [59011.692, 90922.957] (assumes normal distribution)


# JMH version: 1.37
# VM version: JDK 25.0.1, OpenJDK 64-Bit Server VM, 25.0.1+8-LTS
# VM invoker: /home/rasmus/.gradle/jdks/eclipse_adoptium-25-amd64-linux.2/bin/java
# VM options: --enable-native-access=ALL-UNNAMED -Dfile.encoding=UTF-8 -Duser.country -Duser.language=en -Duser.variant -Dkoblas.bench.cases=/home/rasmus/.codex/worktrees/703f/koblas/koblas-bench/reports/f342c3192a41a07cf0454d7d4d5324f8289cc01329bcc9c990b986dcdd2f5922/20260911T153950Z-a038f25ac668/cases.txt
# Blackhole mode: compiler (auto-detected, use -Djmh.blackhole.autoDetect=false to disable)
# Warmup: 3 iterations, 200000000 ns each
# Measurement: 5 iterations, 200000000 ns each
# Timeout: 10 min per iteration
# Threads: 1 thread, will synchronize iterations
# Benchmark mode: Average time, time/op
# Benchmark: com.eignex.koblas.bench.KoblasJmhBenchmark.run
# Parameters: (benchmarkMode = jvm-c, caseId = gemmt+129x31+uniform+uplo=L+transA=N+transB=N)

# Run progress: 25.64% complete, ETA 00:02:37
# Fork: 1 of 1
WARNING: A terminally deprecated method in sun.misc.Unsafe has been called
WARNING: sun.misc.Unsafe::objectFieldOffset has been called by org.openjdk.jmh.util.Utils (file:/home/rasmus/.gradle/caches/modules-2/files-2.1/org.openjdk.jmh/jmh-core/1.37/896f27e49105b35ea1964319c83d12082e7a79ef/jmh-core-1.37.jar)
WARNING: Please consider reporting this to the maintainers of class org.openjdk.jmh.util.Utils
WARNING: sun.misc.Unsafe::objectFieldOffset will be removed in a future release
# Warmup Iteration   1: 152111.324 ns/op
# Warmup Iteration   2: 154292.827 ns/op
# Warmup Iteration   3: 158164.288 ns/op
Iteration   1: 157803.005 ns/op
Iteration   2: 157459.189 ns/op
Iteration   3: 157453.724 ns/op
Iteration   4: 156707.944 ns/op
Iteration   5: 159461.103 ns/op


Result "com.eignex.koblas.bench.KoblasJmhBenchmark.run":
  157776.993 ±(99.9%) 3938.810 ns/op [Average]
  (min, avg, max) = (156707.944, 157776.993, 159461.103), stdev = 1022.897
  CI (99.9%): [153838.183, 161715.803] (assumes normal distribution)


# JMH version: 1.37
# VM version: JDK 25.0.1, OpenJDK 64-Bit Server VM, 25.0.1+8-LTS
# VM invoker: /home/rasmus/.gradle/jdks/eclipse_adoptium-25-amd64-linux.2/bin/java
# VM options: --enable-native-access=ALL-UNNAMED -Dfile.encoding=UTF-8 -Duser.country -Duser.language=en -Duser.variant -Dkoblas.bench.cases=/home/rasmus/.codex/worktrees/703f/koblas/koblas-bench/reports/f342c3192a41a07cf0454d7d4d5324f8289cc01329bcc9c990b986dcdd2f5922/20260911T153950Z-a038f25ac668/cases.txt
# Blackhole mode: compiler (auto-detected, use -Djmh.blackhole.autoDetect=false to disable)
# Warmup: 3 iterations, 200000000 ns each
# Measurement: 5 iterations, 200000000 ns each
# Timeout: 10 min per iteration
# Threads: 1 thread, will synchronize iterations
# Benchmark mode: Average time, time/op
# Benchmark: com.eignex.koblas.bench.KoblasJmhBenchmark.run
# Parameters: (benchmarkMode = jvm-c, caseId = syrk+129x31+uniform+uplo=L+transA=N)

# Run progress: 26.50% complete, ETA 00:02:35
# Fork: 1 of 1
WARNING: A terminally deprecated method in sun.misc.Unsafe has been called
WARNING: sun.misc.Unsafe::objectFieldOffset has been called by org.openjdk.jmh.util.Utils (file:/home/rasmus/.gradle/caches/modules-2/files-2.1/org.openjdk.jmh/jmh-core/1.37/896f27e49105b35ea1964319c83d12082e7a79ef/jmh-core-1.37.jar)
WARNING: Please consider reporting this to the maintainers of class org.openjdk.jmh.util.Utils
WARNING: sun.misc.Unsafe::objectFieldOffset will be removed in a future release
# Warmup Iteration   1: 81229.247 ns/op
# Warmup Iteration   2: 58881.970 ns/op
# Warmup Iteration   3: 57246.151 ns/op
Iteration   1: 57080.332 ns/op
Iteration   2: 50438.364 ns/op
Iteration   3: 51877.015 ns/op
Iteration   4: 55402.901 ns/op
Iteration   5: 56540.026 ns/op


Result "com.eignex.koblas.bench.KoblasJmhBenchmark.run":
  54267.728 ±(99.9%) 11348.337 ns/op [Average]
  (min, avg, max) = (50438.364, 54267.728, 57080.332), stdev = 2947.127
  CI (99.9%): [42919.391, 65616.064] (assumes normal distribution)


# JMH version: 1.37
# VM version: JDK 25.0.1, OpenJDK 64-Bit Server VM, 25.0.1+8-LTS
# VM invoker: /home/rasmus/.gradle/jdks/eclipse_adoptium-25-amd64-linux.2/bin/java
# VM options: --enable-native-access=ALL-UNNAMED -Dfile.encoding=UTF-8 -Duser.country -Duser.language=en -Duser.variant -Dkoblas.bench.cases=/home/rasmus/.codex/worktrees/703f/koblas/koblas-bench/reports/f342c3192a41a07cf0454d7d4d5324f8289cc01329bcc9c990b986dcdd2f5922/20260911T153950Z-a038f25ac668/cases.txt
# Blackhole mode: compiler (auto-detected, use -Djmh.blackhole.autoDetect=false to disable)
# Warmup: 3 iterations, 200000000 ns each
# Measurement: 5 iterations, 200000000 ns each
# Timeout: 10 min per iteration
# Threads: 1 thread, will synchronize iterations
# Benchmark mode: Average time, time/op
# Benchmark: com.eignex.koblas.bench.KoblasJmhBenchmark.run
# Parameters: (benchmarkMode = jvm-c, caseId = syr2k+129x31+uniform+uplo=U+transA=T)

# Run progress: 27.35% complete, ETA 00:02:34
# Fork: 1 of 1
WARNING: A terminally deprecated method in sun.misc.Unsafe has been called
WARNING: sun.misc.Unsafe::objectFieldOffset has been called by org.openjdk.jmh.util.Utils (file:/home/rasmus/.gradle/caches/modules-2/files-2.1/org.openjdk.jmh/jmh-core/1.37/896f27e49105b35ea1964319c83d12082e7a79ef/jmh-core-1.37.jar)
WARNING: Please consider reporting this to the maintainers of class org.openjdk.jmh.util.Utils
WARNING: sun.misc.Unsafe::objectFieldOffset will be removed in a future release
# Warmup Iteration   1: 176786.846 ns/op
# Warmup Iteration   2: 124530.950 ns/op
# Warmup Iteration   3: 128446.865 ns/op
Iteration   1: 126786.141 ns/op
Iteration   2: 115861.851 ns/op
Iteration   3: 124172.847 ns/op
Iteration   4: 124120.022 ns/op
Iteration   5: 110725.167 ns/op


Result "com.eignex.koblas.bench.KoblasJmhBenchmark.run":
  120333.206 ±(99.9%) 26047.450 ns/op [Average]
  (min, avg, max) = (110725.167, 120333.206, 126786.141), stdev = 6764.440
  CI (99.9%): [94285.756, 146380.656] (assumes normal distribution)


# JMH version: 1.37
# VM version: JDK 25.0.1, OpenJDK 64-Bit Server VM, 25.0.1+8-LTS
# VM invoker: /home/rasmus/.gradle/jdks/eclipse_adoptium-25-amd64-linux.2/bin/java
# VM options: --enable-native-access=ALL-UNNAMED -Dfile.encoding=UTF-8 -Duser.country -Duser.language=en -Duser.variant -Dkoblas.bench.cases=/home/rasmus/.codex/worktrees/703f/koblas/koblas-bench/reports/f342c3192a41a07cf0454d7d4d5324f8289cc01329bcc9c990b986dcdd2f5922/20260911T153950Z-a038f25ac668/cases.txt
# Blackhole mode: compiler (auto-detected, use -Djmh.blackhole.autoDetect=false to disable)
# Warmup: 3 iterations, 200000000 ns each
# Measurement: 5 iterations, 200000000 ns each
# Timeout: 10 min per iteration
# Threads: 1 thread, will synchronize iterations
# Benchmark mode: Average time, time/op
# Benchmark: com.eignex.koblas.bench.KoblasJmhBenchmark.run
# Parameters: (benchmarkMode = jvm-c, caseId = trsm+64x16+triangular+side=L+uplo=L+transA=N+diag=N)

# Run progress: 28.21% complete, ETA 00:02:32
# Fork: 1 of 1
WARNING: A terminally deprecated method in sun.misc.Unsafe has been called
WARNING: sun.misc.Unsafe::objectFieldOffset has been called by org.openjdk.jmh.util.Utils (file:/home/rasmus/.gradle/caches/modules-2/files-2.1/org.openjdk.jmh/jmh-core/1.37/896f27e49105b35ea1964319c83d12082e7a79ef/jmh-core-1.37.jar)
WARNING: Please consider reporting this to the maintainers of class org.openjdk.jmh.util.Utils
WARNING: sun.misc.Unsafe::objectFieldOffset will be removed in a future release
# Warmup Iteration   1: 17105.263 ns/op
# Warmup Iteration   2: 14242.443 ns/op
# Warmup Iteration   3: 14429.122 ns/op
Iteration   1: 14695.785 ns/op
Iteration   2: 15811.809 ns/op
Iteration   3: 15942.739 ns/op
Iteration   4: 15787.302 ns/op
Iteration   5: 15819.433 ns/op


Result "com.eignex.koblas.bench.KoblasJmhBenchmark.run":
  15611.413 ±(99.9%) 1984.594 ns/op [Average]
  (min, avg, max) = (14695.785, 15611.413, 15942.739), stdev = 515.393
  CI (99.9%): [13626.819, 17596.008] (assumes normal distribution)


# JMH version: 1.37
# VM version: JDK 25.0.1, OpenJDK 64-Bit Server VM, 25.0.1+8-LTS
# VM invoker: /home/rasmus/.gradle/jdks/eclipse_adoptium-25-amd64-linux.2/bin/java
# VM options: --enable-native-access=ALL-UNNAMED -Dfile.encoding=UTF-8 -Duser.country -Duser.language=en -Duser.variant -Dkoblas.bench.cases=/home/rasmus/.codex/worktrees/703f/koblas/koblas-bench/reports/f342c3192a41a07cf0454d7d4d5324f8289cc01329bcc9c990b986dcdd2f5922/20260911T153950Z-a038f25ac668/cases.txt
# Blackhole mode: compiler (auto-detected, use -Djmh.blackhole.autoDetect=false to disable)
# Warmup: 3 iterations, 200000000 ns each
# Measurement: 5 iterations, 200000000 ns each
# Timeout: 10 min per iteration
# Threads: 1 thread, will synchronize iterations
# Benchmark mode: Average time, time/op
# Benchmark: com.eignex.koblas.bench.KoblasJmhBenchmark.run
# Parameters: (benchmarkMode = jvm-c, caseId = trsm+17x64+triangular+side=R+uplo=U+transA=T+diag=U)

# Run progress: 29.06% complete, ETA 00:02:30
# Fork: 1 of 1
WARNING: A terminally deprecated method in sun.misc.Unsafe has been called
WARNING: sun.misc.Unsafe::objectFieldOffset has been called by org.openjdk.jmh.util.Utils (file:/home/rasmus/.gradle/caches/modules-2/files-2.1/org.openjdk.jmh/jmh-core/1.37/896f27e49105b35ea1964319c83d12082e7a79ef/jmh-core-1.37.jar)
WARNING: Please consider reporting this to the maintainers of class org.openjdk.jmh.util.Utils
WARNING: sun.misc.Unsafe::objectFieldOffset will be removed in a future release
# Warmup Iteration   1: 20533.451 ns/op
# Warmup Iteration   2: 15987.360 ns/op
# Warmup Iteration   3: 16349.896 ns/op
Iteration   1: 16298.591 ns/op
Iteration   2: 16174.781 ns/op
Iteration   3: 16308.675 ns/op
Iteration   4: 16262.933 ns/op
Iteration   5: 17412.305 ns/op


Result "com.eignex.koblas.bench.KoblasJmhBenchmark.run":
  16491.457 ±(99.9%) 1992.569 ns/op [Average]
  (min, avg, max) = (16174.781, 16491.457, 17412.305), stdev = 517.464
  CI (99.9%): [14498.888, 18484.026] (assumes normal distribution)


# JMH version: 1.37
# VM version: JDK 25.0.1, OpenJDK 64-Bit Server VM, 25.0.1+8-LTS
# VM invoker: /home/rasmus/.gradle/jdks/eclipse_adoptium-25-amd64-linux.2/bin/java
# VM options: --enable-native-access=ALL-UNNAMED -Dfile.encoding=UTF-8 -Duser.country -Duser.language=en -Duser.variant -Dkoblas.bench.cases=/home/rasmus/.codex/worktrees/703f/koblas/koblas-bench/reports/f342c3192a41a07cf0454d7d4d5324f8289cc01329bcc9c990b986dcdd2f5922/20260911T153950Z-a038f25ac668/cases.txt
# Blackhole mode: compiler (auto-detected, use -Djmh.blackhole.autoDetect=false to disable)
# Warmup: 3 iterations, 200000000 ns each
# Measurement: 5 iterations, 200000000 ns each
# Timeout: 10 min per iteration
# Threads: 1 thread, will synchronize iterations
# Benchmark mode: Average time, time/op
# Benchmark: com.eignex.koblas.bench.KoblasJmhBenchmark.run
# Parameters: (benchmarkMode = jvm-c, caseId = trmm+64x16+triangular+side=L+uplo=U+transA=T+diag=N)

# Run progress: 29.91% complete, ETA 00:02:28
# Fork: 1 of 1
WARNING: A terminally deprecated method in sun.misc.Unsafe has been called
WARNING: sun.misc.Unsafe::objectFieldOffset has been called by org.openjdk.jmh.util.Utils (file:/home/rasmus/.gradle/caches/modules-2/files-2.1/org.openjdk.jmh/jmh-core/1.37/896f27e49105b35ea1964319c83d12082e7a79ef/jmh-core-1.37.jar)
WARNING: Please consider reporting this to the maintainers of class org.openjdk.jmh.util.Utils
WARNING: sun.misc.Unsafe::objectFieldOffset will be removed in a future release
# Warmup Iteration   1: 14339.402 ns/op
# Warmup Iteration   2: 12997.495 ns/op
# Warmup Iteration   3: 11458.146 ns/op
Iteration   1: 12672.142 ns/op
Iteration   2: 11648.836 ns/op
Iteration   3: 11822.271 ns/op
Iteration   4: 11711.323 ns/op
Iteration   5: 12863.371 ns/op


Result "com.eignex.koblas.bench.KoblasJmhBenchmark.run":
  12143.588 ±(99.9%) 2222.337 ns/op [Average]
  (min, avg, max) = (11648.836, 12143.588, 12863.371), stdev = 577.134
  CI (99.9%): [9921.251, 14365.925] (assumes normal distribution)


# JMH version: 1.37
# VM version: JDK 25.0.1, OpenJDK 64-Bit Server VM, 25.0.1+8-LTS
# VM invoker: /home/rasmus/.gradle/jdks/eclipse_adoptium-25-amd64-linux.2/bin/java
# VM options: --enable-native-access=ALL-UNNAMED -Dfile.encoding=UTF-8 -Duser.country -Duser.language=en -Duser.variant -Dkoblas.bench.cases=/home/rasmus/.codex/worktrees/703f/koblas/koblas-bench/reports/f342c3192a41a07cf0454d7d4d5324f8289cc01329bcc9c990b986dcdd2f5922/20260911T153950Z-a038f25ac668/cases.txt
# Blackhole mode: compiler (auto-detected, use -Djmh.blackhole.autoDetect=false to disable)
# Warmup: 3 iterations, 200000000 ns each
# Measurement: 5 iterations, 200000000 ns each
# Timeout: 10 min per iteration
# Threads: 1 thread, will synchronize iterations
# Benchmark mode: Average time, time/op
# Benchmark: com.eignex.koblas.bench.KoblasJmhBenchmark.run
# Parameters: (benchmarkMode = jvm-c, caseId = trmm+17x64+triangular+side=R+uplo=L+transA=N+diag=U)

# Run progress: 30.77% complete, ETA 00:02:26
# Fork: 1 of 1
WARNING: A terminally deprecated method in sun.misc.Unsafe has been called
WARNING: sun.misc.Unsafe::objectFieldOffset has been called by org.openjdk.jmh.util.Utils (file:/home/rasmus/.gradle/caches/modules-2/files-2.1/org.openjdk.jmh/jmh-core/1.37/896f27e49105b35ea1964319c83d12082e7a79ef/jmh-core-1.37.jar)
WARNING: Please consider reporting this to the maintainers of class org.openjdk.jmh.util.Utils
WARNING: sun.misc.Unsafe::objectFieldOffset will be removed in a future release
# Warmup Iteration   1: 17354.364 ns/op
# Warmup Iteration   2: 15279.279 ns/op
# Warmup Iteration   3: 15327.595 ns/op
Iteration   1: 15352.078 ns/op
Iteration   2: 15662.211 ns/op
Iteration   3: 15277.185 ns/op
Iteration   4: 15265.558 ns/op
Iteration   5: 15343.225 ns/op


Result "com.eignex.koblas.bench.KoblasJmhBenchmark.run":
  15380.051 ±(99.9%) 625.191 ns/op [Average]
  (min, avg, max) = (15265.558, 15380.051, 15662.211), stdev = 162.360
  CI (99.9%): [14754.861, 16005.242] (assumes normal distribution)


# JMH version: 1.37
# VM version: JDK 25.0.1, OpenJDK 64-Bit Server VM, 25.0.1+8-LTS
# VM invoker: /home/rasmus/.gradle/jdks/eclipse_adoptium-25-amd64-linux.2/bin/java
# VM options: --enable-native-access=ALL-UNNAMED -Dfile.encoding=UTF-8 -Duser.country -Duser.language=en -Duser.variant -Dkoblas.bench.cases=/home/rasmus/.codex/worktrees/703f/koblas/koblas-bench/reports/f342c3192a41a07cf0454d7d4d5324f8289cc01329bcc9c990b986dcdd2f5922/20260911T153950Z-a038f25ac668/cases.txt
# Blackhole mode: compiler (auto-detected, use -Djmh.blackhole.autoDetect=false to disable)
# Warmup: 3 iterations, 200000000 ns each
# Measurement: 5 iterations, 200000000 ns each
# Timeout: 10 min per iteration
# Threads: 1 thread, will synchronize iterations
# Benchmark mode: Average time, time/op
# Benchmark: com.eignex.koblas.bench.KoblasJmhBenchmark.run
# Parameters: (benchmarkMode = jvm-c, caseId = gemm-tile+4x4x32+uniform+physical=4x4+work=gemm-add-v1+leftLayout=depth-rows-v1+rightLayout=depth-columns-v1+leftGroup=4+rightGroup=4+leftStride=4+rightStride=4+padding=zero+alignment=8+block=4x4x32+panel=32+diagonal=0+rhs=0+batch=1+variant=current-tile-v1+timing=raw-tile)

# Run progress: 31.62% complete, ETA 00:02:25
# Fork: 1 of 1
WARNING: A terminally deprecated method in sun.misc.Unsafe has been called
WARNING: sun.misc.Unsafe::objectFieldOffset has been called by org.openjdk.jmh.util.Utils (file:/home/rasmus/.gradle/caches/modules-2/files-2.1/org.openjdk.jmh/jmh-core/1.37/896f27e49105b35ea1964319c83d12082e7a79ef/jmh-core-1.37.jar)
WARNING: Please consider reporting this to the maintainers of class org.openjdk.jmh.util.Utils
WARNING: sun.misc.Unsafe::objectFieldOffset will be removed in a future release
# Warmup Iteration   1: 99.658 ns/op
# Warmup Iteration   2: 80.512 ns/op
# Warmup Iteration   3: 83.617 ns/op
Iteration   1: 87.811 ns/op
Iteration   2: 89.769 ns/op
Iteration   3: 89.973 ns/op
Iteration   4: 89.850 ns/op
Iteration   5: 89.893 ns/op


Result "com.eignex.koblas.bench.KoblasJmhBenchmark.run":
  89.459 ±(99.9%) 3.558 ns/op [Average]
  (min, avg, max) = (87.811, 89.459, 89.973), stdev = 0.924
  CI (99.9%): [85.901, 93.017] (assumes normal distribution)


# JMH version: 1.37
# VM version: JDK 25.0.1, OpenJDK 64-Bit Server VM, 25.0.1+8-LTS
# VM invoker: /home/rasmus/.gradle/jdks/eclipse_adoptium-25-amd64-linux.2/bin/java
# VM options: --enable-native-access=ALL-UNNAMED -Dfile.encoding=UTF-8 -Duser.country -Duser.language=en -Duser.variant -Dkoblas.bench.cases=/home/rasmus/.codex/worktrees/703f/koblas/koblas-bench/reports/f342c3192a41a07cf0454d7d4d5324f8289cc01329bcc9c990b986dcdd2f5922/20260911T153950Z-a038f25ac668/cases.txt
# Blackhole mode: compiler (auto-detected, use -Djmh.blackhole.autoDetect=false to disable)
# Warmup: 3 iterations, 200000000 ns each
# Measurement: 5 iterations, 200000000 ns each
# Timeout: 10 min per iteration
# Threads: 1 thread, will synchronize iterations
# Benchmark mode: Average time, time/op
# Benchmark: com.eignex.koblas.bench.KoblasJmhBenchmark.run
# Parameters: (benchmarkMode = jvm-c, caseId = gemm-tile+3x2x31+uniform+physical=4x4+work=gemm-add-v1+leftLayout=depth-rows-v1+rightLayout=depth-columns-v1+leftGroup=4+rightGroup=4+leftStride=4+rightStride=4+padding=zero+alignment=8+block=3x2x31+panel=31+diagonal=0+rhs=0+batch=1+variant=current-tile-v1+timing=raw-tile)

# Run progress: 32.48% complete, ETA 00:02:23
# Fork: 1 of 1
WARNING: A terminally deprecated method in sun.misc.Unsafe has been called
WARNING: sun.misc.Unsafe::objectFieldOffset has been called by org.openjdk.jmh.util.Utils (file:/home/rasmus/.gradle/caches/modules-2/files-2.1/org.openjdk.jmh/jmh-core/1.37/896f27e49105b35ea1964319c83d12082e7a79ef/jmh-core-1.37.jar)
WARNING: Please consider reporting this to the maintainers of class org.openjdk.jmh.util.Utils
WARNING: sun.misc.Unsafe::objectFieldOffset will be removed in a future release
# Warmup Iteration   1: 98.431 ns/op
# Warmup Iteration   2: 80.674 ns/op
# Warmup Iteration   3: 81.675 ns/op
Iteration   1: 81.329 ns/op
Iteration   2: 81.129 ns/op
Iteration   3: 81.598 ns/op
Iteration   4: 80.845 ns/op
Iteration   5: 81.230 ns/op


Result "com.eignex.koblas.bench.KoblasJmhBenchmark.run":
  81.226 ±(99.9%) 1.061 ns/op [Average]
  (min, avg, max) = (80.845, 81.226, 81.598), stdev = 0.276
  CI (99.9%): [80.165, 82.287] (assumes normal distribution)


# JMH version: 1.37
# VM version: JDK 25.0.1, OpenJDK 64-Bit Server VM, 25.0.1+8-LTS
# VM invoker: /home/rasmus/.gradle/jdks/eclipse_adoptium-25-amd64-linux.2/bin/java
# VM options: --enable-native-access=ALL-UNNAMED -Dfile.encoding=UTF-8 -Duser.country -Duser.language=en -Duser.variant -Dkoblas.bench.cases=/home/rasmus/.codex/worktrees/703f/koblas/koblas-bench/reports/f342c3192a41a07cf0454d7d4d5324f8289cc01329bcc9c990b986dcdd2f5922/20260911T153950Z-a038f25ac668/cases.txt
# Blackhole mode: compiler (auto-detected, use -Djmh.blackhole.autoDetect=false to disable)
# Warmup: 3 iterations, 200000000 ns each
# Measurement: 5 iterations, 200000000 ns each
# Timeout: 10 min per iteration
# Threads: 1 thread, will synchronize iterations
# Benchmark mode: Average time, time/op
# Benchmark: com.eignex.koblas.bench.KoblasJmhBenchmark.run
# Parameters: (benchmarkMode = jvm-c, caseId = packed-trsm+4x4+triangular+physical=4x4+uplo=L+diag=N+work=right-solve-v1+leftLayout=depth-rows-v1+rightLayout=depth-columns-v1+leftGroup=4+rightGroup=4+leftStride=4+rightStride=4+padding=zero+alignment=8+block=4x4x4+panel=4+diagonal=4+rhs=4+batch=1+variant=current-tile-v1+timing=raw-tile)

# Run progress: 33.33% complete, ETA 00:02:21
# Fork: 1 of 1
WARNING: A terminally deprecated method in sun.misc.Unsafe has been called
WARNING: sun.misc.Unsafe::objectFieldOffset has been called by org.openjdk.jmh.util.Utils (file:/home/rasmus/.gradle/caches/modules-2/files-2.1/org.openjdk.jmh/jmh-core/1.37/896f27e49105b35ea1964319c83d12082e7a79ef/jmh-core-1.37.jar)
WARNING: Please consider reporting this to the maintainers of class org.openjdk.jmh.util.Utils
WARNING: sun.misc.Unsafe::objectFieldOffset will be removed in a future release
# Warmup Iteration   1: 51.781 ns/op
# Warmup Iteration   2: 49.541 ns/op
# Warmup Iteration   3: 40.303 ns/op
Iteration   1: 40.241 ns/op
Iteration   2: 40.379 ns/op
Iteration   3: 40.165 ns/op
Iteration   4: 40.428 ns/op
Iteration   5: 40.098 ns/op


Result "com.eignex.koblas.bench.KoblasJmhBenchmark.run":
  40.262 ±(99.9%) 0.537 ns/op [Average]
  (min, avg, max) = (40.098, 40.262, 40.428), stdev = 0.140
  CI (99.9%): [39.725, 40.800] (assumes normal distribution)


# JMH version: 1.37
# VM version: JDK 25.0.1, OpenJDK 64-Bit Server VM, 25.0.1+8-LTS
# VM invoker: /home/rasmus/.gradle/jdks/eclipse_adoptium-25-amd64-linux.2/bin/java
# VM options: --enable-native-access=ALL-UNNAMED -Dfile.encoding=UTF-8 -Duser.country -Duser.language=en -Duser.variant -Dkoblas.bench.cases=/home/rasmus/.codex/worktrees/703f/koblas/koblas-bench/reports/f342c3192a41a07cf0454d7d4d5324f8289cc01329bcc9c990b986dcdd2f5922/20260911T153950Z-a038f25ac668/cases.txt
# Blackhole mode: compiler (auto-detected, use -Djmh.blackhole.autoDetect=false to disable)
# Warmup: 3 iterations, 200000000 ns each
# Measurement: 5 iterations, 200000000 ns each
# Timeout: 10 min per iteration
# Threads: 1 thread, will synchronize iterations
# Benchmark mode: Average time, time/op
# Benchmark: com.eignex.koblas.bench.KoblasJmhBenchmark.run
# Parameters: (benchmarkMode = jvm-c, caseId = packed-trsm+3x2+triangular+physical=4x4+uplo=U+diag=U+work=right-solve-v1+leftLayout=depth-rows-v1+rightLayout=depth-columns-v1+leftGroup=4+rightGroup=4+leftStride=4+rightStride=4+padding=zero+alignment=8+block=3x2x2+panel=2+diagonal=2+rhs=3+batch=1+variant=current-tile-v1+timing=raw-tile)

# Run progress: 34.19% complete, ETA 00:02:19
# Fork: 1 of 1
WARNING: A terminally deprecated method in sun.misc.Unsafe has been called
WARNING: sun.misc.Unsafe::objectFieldOffset has been called by org.openjdk.jmh.util.Utils (file:/home/rasmus/.gradle/caches/modules-2/files-2.1/org.openjdk.jmh/jmh-core/1.37/896f27e49105b35ea1964319c83d12082e7a79ef/jmh-core-1.37.jar)
WARNING: Please consider reporting this to the maintainers of class org.openjdk.jmh.util.Utils
WARNING: sun.misc.Unsafe::objectFieldOffset will be removed in a future release
# Warmup Iteration   1: 12.125 ns/op
# Warmup Iteration   2: 11.402 ns/op
# Warmup Iteration   3: 10.710 ns/op
Iteration   1: 10.622 ns/op
Iteration   2: 10.626 ns/op
Iteration   3: 11.032 ns/op
Iteration   4: 10.529 ns/op
Iteration   5: 10.659 ns/op


Result "com.eignex.koblas.bench.KoblasJmhBenchmark.run":
  10.693 ±(99.9%) 0.752 ns/op [Average]
  (min, avg, max) = (10.529, 10.693, 11.032), stdev = 0.195
  CI (99.9%): [9.942, 11.445] (assumes normal distribution)


# JMH version: 1.37
# VM version: JDK 25.0.1, OpenJDK 64-Bit Server VM, 25.0.1+8-LTS
# VM invoker: /home/rasmus/.gradle/jdks/eclipse_adoptium-25-amd64-linux.2/bin/java
# VM options: --enable-native-access=ALL-UNNAMED -Dfile.encoding=UTF-8 -Duser.country -Duser.language=en -Duser.variant -Dkoblas.bench.cases=/home/rasmus/.codex/worktrees/703f/koblas/koblas-bench/reports/f342c3192a41a07cf0454d7d4d5324f8289cc01329bcc9c990b986dcdd2f5922/20260911T153950Z-a038f25ac668/cases.txt
# Blackhole mode: compiler (auto-detected, use -Djmh.blackhole.autoDetect=false to disable)
# Warmup: 3 iterations, 200000000 ns each
# Measurement: 5 iterations, 200000000 ns each
# Timeout: 10 min per iteration
# Threads: 1 thread, will synchronize iterations
# Benchmark mode: Average time, time/op
# Benchmark: com.eignex.koblas.bench.KoblasJmhBenchmark.run
# Parameters: (benchmarkMode = jvm-c, caseId = gemm-trsm+4x4x32+triangular+physical=4x4+uplo=L+diag=N+work=update-solve-v1+leftLayout=depth-rows-v1+rightLayout=depth-columns-v1+leftGroup=4+rightGroup=4+leftStride=4+rightStride=4+padding=zero+alignment=8+block=4x4x32+panel=32+diagonal=4+rhs=4+batch=1+variant=current-tile-v1+timing=raw-tile)

# Run progress: 35.04% complete, ETA 00:02:17
# Fork: 1 of 1
WARNING: A terminally deprecated method in sun.misc.Unsafe has been called
WARNING: sun.misc.Unsafe::objectFieldOffset has been called by org.openjdk.jmh.util.Utils (file:/home/rasmus/.gradle/caches/modules-2/files-2.1/org.openjdk.jmh/jmh-core/1.37/896f27e49105b35ea1964319c83d12082e7a79ef/jmh-core-1.37.jar)
WARNING: Please consider reporting this to the maintainers of class org.openjdk.jmh.util.Utils
WARNING: sun.misc.Unsafe::objectFieldOffset will be removed in a future release
# Warmup Iteration   1: 151.587 ns/op
# Warmup Iteration   2: 110.409 ns/op
# Warmup Iteration   3: 115.871 ns/op
Iteration   1: 122.727 ns/op
Iteration   2: 125.257 ns/op
Iteration   3: 114.079 ns/op
Iteration   4: 115.171 ns/op
Iteration   5: 115.827 ns/op


Result "com.eignex.koblas.bench.KoblasJmhBenchmark.run":
  118.612 ±(99.9%) 19.371 ns/op [Average]
  (min, avg, max) = (114.079, 118.612, 125.257), stdev = 5.031
  CI (99.9%): [99.241, 137.983] (assumes normal distribution)


# JMH version: 1.37
# VM version: JDK 25.0.1, OpenJDK 64-Bit Server VM, 25.0.1+8-LTS
# VM invoker: /home/rasmus/.gradle/jdks/eclipse_adoptium-25-amd64-linux.2/bin/java
# VM options: --enable-native-access=ALL-UNNAMED -Dfile.encoding=UTF-8 -Duser.country -Duser.language=en -Duser.variant -Dkoblas.bench.cases=/home/rasmus/.codex/worktrees/703f/koblas/koblas-bench/reports/f342c3192a41a07cf0454d7d4d5324f8289cc01329bcc9c990b986dcdd2f5922/20260911T153950Z-a038f25ac668/cases.txt
# Blackhole mode: compiler (auto-detected, use -Djmh.blackhole.autoDetect=false to disable)
# Warmup: 3 iterations, 200000000 ns each
# Measurement: 5 iterations, 200000000 ns each
# Timeout: 10 min per iteration
# Threads: 1 thread, will synchronize iterations
# Benchmark mode: Average time, time/op
# Benchmark: com.eignex.koblas.bench.KoblasJmhBenchmark.run
# Parameters: (benchmarkMode = jvm-c, caseId = gemm-trsm+3x2x31+triangular+physical=4x4+uplo=U+diag=U+work=update-solve-v1+leftLayout=depth-rows-v1+rightLayout=depth-columns-v1+leftGroup=4+rightGroup=4+leftStride=4+rightStride=4+padding=zero+alignment=8+block=3x2x31+panel=31+diagonal=2+rhs=3+batch=1+variant=current-tile-v1+timing=raw-tile)

# Run progress: 35.90% complete, ETA 00:02:16
# Fork: 1 of 1
WARNING: A terminally deprecated method in sun.misc.Unsafe has been called
WARNING: sun.misc.Unsafe::objectFieldOffset has been called by org.openjdk.jmh.util.Utils (file:/home/rasmus/.gradle/caches/modules-2/files-2.1/org.openjdk.jmh/jmh-core/1.37/896f27e49105b35ea1964319c83d12082e7a79ef/jmh-core-1.37.jar)
WARNING: Please consider reporting this to the maintainers of class org.openjdk.jmh.util.Utils
WARNING: sun.misc.Unsafe::objectFieldOffset will be removed in a future release
# Warmup Iteration   1: 144.525 ns/op
# Warmup Iteration   2: 113.795 ns/op
# Warmup Iteration   3: 120.971 ns/op
Iteration   1: 121.149 ns/op
Iteration   2: 109.815 ns/op
Iteration   3: 111.126 ns/op
Iteration   4: 112.574 ns/op
Iteration   5: 110.693 ns/op


Result "com.eignex.koblas.bench.KoblasJmhBenchmark.run":
  113.071 ±(99.9%) 17.808 ns/op [Average]
  (min, avg, max) = (109.815, 113.071, 121.149), stdev = 4.625
  CI (99.9%): [95.263, 130.879] (assumes normal distribution)


# JMH version: 1.37
# VM version: JDK 25.0.1, OpenJDK 64-Bit Server VM, 25.0.1+8-LTS
# VM invoker: /home/rasmus/.gradle/jdks/eclipse_adoptium-25-amd64-linux.2/bin/java
# VM options: --enable-native-access=ALL-UNNAMED -Dfile.encoding=UTF-8 -Duser.country -Duser.language=en -Duser.variant -Dkoblas.bench.cases=/home/rasmus/.codex/worktrees/703f/koblas/koblas-bench/reports/f342c3192a41a07cf0454d7d4d5324f8289cc01329bcc9c990b986dcdd2f5922/20260911T153950Z-a038f25ac668/cases.txt
# Blackhole mode: compiler (auto-detected, use -Djmh.blackhole.autoDetect=false to disable)
# Warmup: 3 iterations, 200000000 ns each
# Measurement: 5 iterations, 200000000 ns each
# Timeout: 10 min per iteration
# Threads: 1 thread, will synchronize iterations
# Benchmark mode: Average time, time/op
# Benchmark: com.eignex.koblas.bench.KoblasJmhBenchmark.run
# Parameters: (benchmarkMode = jvm-c, caseId = pack-left+4x32+uniform+physical=4x4+work=pack-left-v1+leftLayout=depth-rows-v1+rightLayout=depth-columns-v1+leftGroup=4+rightGroup=4+leftStride=4+rightStride=4+padding=zero+alignment=8+block=4x32x32+panel=32+diagonal=0+rhs=0+batch=1+variant=current-tile-v1+timing=packing-only)

# Run progress: 36.75% complete, ETA 00:02:14
# Fork: 1 of 1
WARNING: A terminally deprecated method in sun.misc.Unsafe has been called
WARNING: sun.misc.Unsafe::objectFieldOffset has been called by org.openjdk.jmh.util.Utils (file:/home/rasmus/.gradle/caches/modules-2/files-2.1/org.openjdk.jmh/jmh-core/1.37/896f27e49105b35ea1964319c83d12082e7a79ef/jmh-core-1.37.jar)
WARNING: Please consider reporting this to the maintainers of class org.openjdk.jmh.util.Utils
WARNING: sun.misc.Unsafe::objectFieldOffset will be removed in a future release
# Warmup Iteration   1: 157.934 ns/op
# Warmup Iteration   2: 125.853 ns/op
# Warmup Iteration   3: 125.996 ns/op
Iteration   1: 127.305 ns/op
Iteration   2: 128.051 ns/op
Iteration   3: 127.277 ns/op
Iteration   4: 128.293 ns/op
Iteration   5: 127.745 ns/op


Result "com.eignex.koblas.bench.KoblasJmhBenchmark.run":
  127.734 ±(99.9%) 1.729 ns/op [Average]
  (min, avg, max) = (127.277, 127.734, 128.293), stdev = 0.449
  CI (99.9%): [126.006, 129.463] (assumes normal distribution)


# JMH version: 1.37
# VM version: JDK 25.0.1, OpenJDK 64-Bit Server VM, 25.0.1+8-LTS
# VM invoker: /home/rasmus/.gradle/jdks/eclipse_adoptium-25-amd64-linux.2/bin/java
# VM options: --enable-native-access=ALL-UNNAMED -Dfile.encoding=UTF-8 -Duser.country -Duser.language=en -Duser.variant -Dkoblas.bench.cases=/home/rasmus/.codex/worktrees/703f/koblas/koblas-bench/reports/f342c3192a41a07cf0454d7d4d5324f8289cc01329bcc9c990b986dcdd2f5922/20260911T153950Z-a038f25ac668/cases.txt
# Blackhole mode: compiler (auto-detected, use -Djmh.blackhole.autoDetect=false to disable)
# Warmup: 3 iterations, 200000000 ns each
# Measurement: 5 iterations, 200000000 ns each
# Timeout: 10 min per iteration
# Threads: 1 thread, will synchronize iterations
# Benchmark mode: Average time, time/op
# Benchmark: com.eignex.koblas.bench.KoblasJmhBenchmark.run
# Parameters: (benchmarkMode = jvm-c, caseId = pack-left+3x31+uniform+physical=4x4+work=pack-left-v1+leftLayout=depth-rows-v1+rightLayout=depth-columns-v1+leftGroup=4+rightGroup=4+leftStride=4+rightStride=4+padding=zero+alignment=8+block=3x31x31+panel=31+diagonal=0+rhs=0+batch=1+variant=current-tile-v1+timing=packing-only)

# Run progress: 37.61% complete, ETA 00:02:12
# Fork: 1 of 1
WARNING: A terminally deprecated method in sun.misc.Unsafe has been called
WARNING: sun.misc.Unsafe::objectFieldOffset has been called by org.openjdk.jmh.util.Utils (file:/home/rasmus/.gradle/caches/modules-2/files-2.1/org.openjdk.jmh/jmh-core/1.37/896f27e49105b35ea1964319c83d12082e7a79ef/jmh-core-1.37.jar)
WARNING: Please consider reporting this to the maintainers of class org.openjdk.jmh.util.Utils
WARNING: sun.misc.Unsafe::objectFieldOffset will be removed in a future release
# Warmup Iteration   1: 174.247 ns/op
# Warmup Iteration   2: 143.668 ns/op
# Warmup Iteration   3: 139.639 ns/op
Iteration   1: 139.020 ns/op
Iteration   2: 148.496 ns/op
Iteration   3: 137.474 ns/op
Iteration   4: 140.043 ns/op
Iteration   5: 140.814 ns/op


Result "com.eignex.koblas.bench.KoblasJmhBenchmark.run":
  141.169 ±(99.9%) 16.490 ns/op [Average]
  (min, avg, max) = (137.474, 141.169, 148.496), stdev = 4.282
  CI (99.9%): [124.679, 157.660] (assumes normal distribution)


# JMH version: 1.37
# VM version: JDK 25.0.1, OpenJDK 64-Bit Server VM, 25.0.1+8-LTS
# VM invoker: /home/rasmus/.gradle/jdks/eclipse_adoptium-25-amd64-linux.2/bin/java
# VM options: --enable-native-access=ALL-UNNAMED -Dfile.encoding=UTF-8 -Duser.country -Duser.language=en -Duser.variant -Dkoblas.bench.cases=/home/rasmus/.codex/worktrees/703f/koblas/koblas-bench/reports/f342c3192a41a07cf0454d7d4d5324f8289cc01329bcc9c990b986dcdd2f5922/20260911T153950Z-a038f25ac668/cases.txt
# Blackhole mode: compiler (auto-detected, use -Djmh.blackhole.autoDetect=false to disable)
# Warmup: 3 iterations, 200000000 ns each
# Measurement: 5 iterations, 200000000 ns each
# Timeout: 10 min per iteration
# Threads: 1 thread, will synchronize iterations
# Benchmark mode: Average time, time/op
# Benchmark: com.eignex.koblas.bench.KoblasJmhBenchmark.run
# Parameters: (benchmarkMode = jvm-c, caseId = pack-right+32x4+uniform+physical=4x4+work=pack-right-v1+leftLayout=depth-rows-v1+rightLayout=depth-columns-v1+leftGroup=4+rightGroup=4+leftStride=4+rightStride=4+padding=zero+alignment=8+block=32x4x32+panel=32+diagonal=0+rhs=0+batch=1+variant=current-tile-v1+timing=packing-only)

# Run progress: 38.46% complete, ETA 00:02:10
# Fork: 1 of 1
WARNING: A terminally deprecated method in sun.misc.Unsafe has been called
WARNING: sun.misc.Unsafe::objectFieldOffset has been called by org.openjdk.jmh.util.Utils (file:/home/rasmus/.gradle/caches/modules-2/files-2.1/org.openjdk.jmh/jmh-core/1.37/896f27e49105b35ea1964319c83d12082e7a79ef/jmh-core-1.37.jar)
WARNING: Please consider reporting this to the maintainers of class org.openjdk.jmh.util.Utils
WARNING: sun.misc.Unsafe::objectFieldOffset will be removed in a future release
# Warmup Iteration   1: 139.812 ns/op
# Warmup Iteration   2: 136.811 ns/op
# Warmup Iteration   3: 139.055 ns/op
Iteration   1: 139.477 ns/op
Iteration   2: 139.632 ns/op
Iteration   3: 139.025 ns/op
Iteration   4: 139.929 ns/op
Iteration   5: 139.006 ns/op


Result "com.eignex.koblas.bench.KoblasJmhBenchmark.run":
  139.414 ±(99.9%) 1.534 ns/op [Average]
  (min, avg, max) = (139.006, 139.414, 139.929), stdev = 0.398
  CI (99.9%): [137.880, 140.948] (assumes normal distribution)


# JMH version: 1.37
# VM version: JDK 25.0.1, OpenJDK 64-Bit Server VM, 25.0.1+8-LTS
# VM invoker: /home/rasmus/.gradle/jdks/eclipse_adoptium-25-amd64-linux.2/bin/java
# VM options: --enable-native-access=ALL-UNNAMED -Dfile.encoding=UTF-8 -Duser.country -Duser.language=en -Duser.variant -Dkoblas.bench.cases=/home/rasmus/.codex/worktrees/703f/koblas/koblas-bench/reports/f342c3192a41a07cf0454d7d4d5324f8289cc01329bcc9c990b986dcdd2f5922/20260911T153950Z-a038f25ac668/cases.txt
# Blackhole mode: compiler (auto-detected, use -Djmh.blackhole.autoDetect=false to disable)
# Warmup: 3 iterations, 200000000 ns each
# Measurement: 5 iterations, 200000000 ns each
# Timeout: 10 min per iteration
# Threads: 1 thread, will synchronize iterations
# Benchmark mode: Average time, time/op
# Benchmark: com.eignex.koblas.bench.KoblasJmhBenchmark.run
# Parameters: (benchmarkMode = jvm-c, caseId = pack-right+31x2+uniform+physical=4x4+work=pack-right-v1+leftLayout=depth-rows-v1+rightLayout=depth-columns-v1+leftGroup=4+rightGroup=4+leftStride=4+rightStride=4+padding=zero+alignment=8+block=31x2x31+panel=31+diagonal=0+rhs=0+batch=1+variant=current-tile-v1+timing=packing-only)

# Run progress: 39.32% complete, ETA 00:02:08
# Fork: 1 of 1
WARNING: A terminally deprecated method in sun.misc.Unsafe has been called
WARNING: sun.misc.Unsafe::objectFieldOffset has been called by org.openjdk.jmh.util.Utils (file:/home/rasmus/.gradle/caches/modules-2/files-2.1/org.openjdk.jmh/jmh-core/1.37/896f27e49105b35ea1964319c83d12082e7a79ef/jmh-core-1.37.jar)
WARNING: Please consider reporting this to the maintainers of class org.openjdk.jmh.util.Utils
WARNING: sun.misc.Unsafe::objectFieldOffset will be removed in a future release
# Warmup Iteration   1: 154.012 ns/op
# Warmup Iteration   2: 140.151 ns/op
# Warmup Iteration   3: 138.540 ns/op
Iteration   1: 138.532 ns/op
Iteration   2: 137.108 ns/op
Iteration   3: 133.056 ns/op
Iteration   4: 134.349 ns/op
Iteration   5: 138.455 ns/op


Result "com.eignex.koblas.bench.KoblasJmhBenchmark.run":
  136.300 ±(99.9%) 9.551 ns/op [Average]
  (min, avg, max) = (133.056, 136.300, 138.532), stdev = 2.480
  CI (99.9%): [126.749, 145.851] (assumes normal distribution)


# JMH version: 1.37
# VM version: JDK 25.0.1, OpenJDK 64-Bit Server VM, 25.0.1+8-LTS
# VM invoker: /home/rasmus/.gradle/jdks/eclipse_adoptium-25-amd64-linux.2/bin/java
# VM options: --enable-native-access=ALL-UNNAMED -Dfile.encoding=UTF-8 -Duser.country -Duser.language=en -Duser.variant -Dkoblas.bench.cases=/home/rasmus/.codex/worktrees/703f/koblas/koblas-bench/reports/f342c3192a41a07cf0454d7d4d5324f8289cc01329bcc9c990b986dcdd2f5922/20260911T153950Z-a038f25ac668/cases.txt
# Blackhole mode: compiler (auto-detected, use -Djmh.blackhole.autoDetect=false to disable)
# Warmup: 3 iterations, 200000000 ns each
# Measurement: 5 iterations, 200000000 ns each
# Timeout: 10 min per iteration
# Threads: 1 thread, will synchronize iterations
# Benchmark mode: Average time, time/op
# Benchmark: com.eignex.koblas.bench.KoblasJmhBenchmark.run
# Parameters: (benchmarkMode = jvm-c, caseId = pack-symmetric-left+4x4+uniform+physical=4x4+uplo=L+work=pack-symmetric-left-v1+leftLayout=depth-rows-v1+rightLayout=depth-columns-v1+leftGroup=4+rightGroup=4+leftStride=4+rightStride=4+padding=zero+alignment=8+block=4x4x4+panel=4+diagonal=0+rhs=0+batch=1+variant=current-tile-v1+timing=packing-only)

# Run progress: 40.17% complete, ETA 00:02:06
# Fork: 1 of 1
WARNING: A terminally deprecated method in sun.misc.Unsafe has been called
WARNING: sun.misc.Unsafe::objectFieldOffset has been called by org.openjdk.jmh.util.Utils (file:/home/rasmus/.gradle/caches/modules-2/files-2.1/org.openjdk.jmh/jmh-core/1.37/896f27e49105b35ea1964319c83d12082e7a79ef/jmh-core-1.37.jar)
WARNING: Please consider reporting this to the maintainers of class org.openjdk.jmh.util.Utils
WARNING: sun.misc.Unsafe::objectFieldOffset will be removed in a future release
# Warmup Iteration   1: 31.322 ns/op
# Warmup Iteration   2: 29.620 ns/op
# Warmup Iteration   3: 29.457 ns/op
Iteration   1: 29.633 ns/op
Iteration   2: 29.580 ns/op
Iteration   3: 29.608 ns/op
Iteration   4: 29.668 ns/op
Iteration   5: 29.724 ns/op


Result "com.eignex.koblas.bench.KoblasJmhBenchmark.run":
  29.642 ±(99.9%) 0.215 ns/op [Average]
  (min, avg, max) = (29.580, 29.642, 29.724), stdev = 0.056
  CI (99.9%): [29.428, 29.857] (assumes normal distribution)


# JMH version: 1.37
# VM version: JDK 25.0.1, OpenJDK 64-Bit Server VM, 25.0.1+8-LTS
# VM invoker: /home/rasmus/.gradle/jdks/eclipse_adoptium-25-amd64-linux.2/bin/java
# VM options: --enable-native-access=ALL-UNNAMED -Dfile.encoding=UTF-8 -Duser.country -Duser.language=en -Duser.variant -Dkoblas.bench.cases=/home/rasmus/.codex/worktrees/703f/koblas/koblas-bench/reports/f342c3192a41a07cf0454d7d4d5324f8289cc01329bcc9c990b986dcdd2f5922/20260911T153950Z-a038f25ac668/cases.txt
# Blackhole mode: compiler (auto-detected, use -Djmh.blackhole.autoDetect=false to disable)
# Warmup: 3 iterations, 200000000 ns each
# Measurement: 5 iterations, 200000000 ns each
# Timeout: 10 min per iteration
# Threads: 1 thread, will synchronize iterations
# Benchmark mode: Average time, time/op
# Benchmark: com.eignex.koblas.bench.KoblasJmhBenchmark.run
# Parameters: (benchmarkMode = jvm-c, caseId = pack-symmetric-right+4x4+uniform+physical=4x4+uplo=U+work=pack-symmetric-right-v1+leftLayout=depth-rows-v1+rightLayout=depth-columns-v1+leftGroup=4+rightGroup=4+leftStride=4+rightStride=4+padding=zero+alignment=8+block=4x4x4+panel=4+diagonal=0+rhs=0+batch=1+variant=current-tile-v1+timing=packing-only)

# Run progress: 41.03% complete, ETA 00:02:05
# Fork: 1 of 1
WARNING: A terminally deprecated method in sun.misc.Unsafe has been called
WARNING: sun.misc.Unsafe::objectFieldOffset has been called by org.openjdk.jmh.util.Utils (file:/home/rasmus/.gradle/caches/modules-2/files-2.1/org.openjdk.jmh/jmh-core/1.37/896f27e49105b35ea1964319c83d12082e7a79ef/jmh-core-1.37.jar)
WARNING: Please consider reporting this to the maintainers of class org.openjdk.jmh.util.Utils
WARNING: sun.misc.Unsafe::objectFieldOffset will be removed in a future release
# Warmup Iteration   1: 33.729 ns/op
# Warmup Iteration   2: 33.362 ns/op
# Warmup Iteration   3: 33.890 ns/op
Iteration   1: 33.939 ns/op
Iteration   2: 33.936 ns/op
Iteration   3: 33.750 ns/op
Iteration   4: 31.569 ns/op
Iteration   5: 31.279 ns/op


Result "com.eignex.koblas.bench.KoblasJmhBenchmark.run":
  32.895 ±(99.9%) 5.194 ns/op [Average]
  (min, avg, max) = (31.279, 32.895, 33.939), stdev = 1.349
  CI (99.9%): [27.701, 38.089] (assumes normal distribution)


# JMH version: 1.37
# VM version: JDK 25.0.1, OpenJDK 64-Bit Server VM, 25.0.1+8-LTS
# VM invoker: /home/rasmus/.gradle/jdks/eclipse_adoptium-25-amd64-linux.2/bin/java
# VM options: --enable-native-access=ALL-UNNAMED -Dfile.encoding=UTF-8 -Duser.country -Duser.language=en -Duser.variant -Dkoblas.bench.cases=/home/rasmus/.codex/worktrees/703f/koblas/koblas-bench/reports/f342c3192a41a07cf0454d7d4d5324f8289cc01329bcc9c990b986dcdd2f5922/20260911T153950Z-a038f25ac668/cases.txt
# Blackhole mode: compiler (auto-detected, use -Djmh.blackhole.autoDetect=false to disable)
# Warmup: 3 iterations, 200000000 ns each
# Measurement: 5 iterations, 200000000 ns each
# Timeout: 10 min per iteration
# Threads: 1 thread, will synchronize iterations
# Benchmark mode: Average time, time/op
# Benchmark: com.eignex.koblas.bench.KoblasJmhBenchmark.run
# Parameters: (benchmarkMode = jvm-c, caseId = pack-triangular-left+4x4+triangular+physical=4x4+uplo=L+diag=N+work=pack-triangular-left-v1+leftLayout=depth-rows-v1+rightLayout=depth-columns-v1+leftGroup=4+rightGroup=4+leftStride=4+rightStride=4+padding=zero+alignment=8+block=4x4x4+panel=4+diagonal=0+rhs=0+batch=1+variant=current-tile-v1+timing=packing-only)

# Run progress: 41.88% complete, ETA 00:02:03
# Fork: 1 of 1
WARNING: A terminally deprecated method in sun.misc.Unsafe has been called
WARNING: sun.misc.Unsafe::objectFieldOffset has been called by org.openjdk.jmh.util.Utils (file:/home/rasmus/.gradle/caches/modules-2/files-2.1/org.openjdk.jmh/jmh-core/1.37/896f27e49105b35ea1964319c83d12082e7a79ef/jmh-core-1.37.jar)
WARNING: Please consider reporting this to the maintainers of class org.openjdk.jmh.util.Utils
WARNING: sun.misc.Unsafe::objectFieldOffset will be removed in a future release
# Warmup Iteration   1: 34.012 ns/op
# Warmup Iteration   2: 30.945 ns/op
# Warmup Iteration   3: 30.639 ns/op
Iteration   1: 31.059 ns/op
Iteration   2: 31.036 ns/op
Iteration   3: 31.212 ns/op
Iteration   4: 30.908 ns/op
Iteration   5: 30.995 ns/op


Result "com.eignex.koblas.bench.KoblasJmhBenchmark.run":
  31.042 ±(99.9%) 0.427 ns/op [Average]
  (min, avg, max) = (30.908, 31.042, 31.212), stdev = 0.111
  CI (99.9%): [30.615, 31.469] (assumes normal distribution)


# JMH version: 1.37
# VM version: JDK 25.0.1, OpenJDK 64-Bit Server VM, 25.0.1+8-LTS
# VM invoker: /home/rasmus/.gradle/jdks/eclipse_adoptium-25-amd64-linux.2/bin/java
# VM options: --enable-native-access=ALL-UNNAMED -Dfile.encoding=UTF-8 -Duser.country -Duser.language=en -Duser.variant -Dkoblas.bench.cases=/home/rasmus/.codex/worktrees/703f/koblas/koblas-bench/reports/f342c3192a41a07cf0454d7d4d5324f8289cc01329bcc9c990b986dcdd2f5922/20260911T153950Z-a038f25ac668/cases.txt
# Blackhole mode: compiler (auto-detected, use -Djmh.blackhole.autoDetect=false to disable)
# Warmup: 3 iterations, 200000000 ns each
# Measurement: 5 iterations, 200000000 ns each
# Timeout: 10 min per iteration
# Threads: 1 thread, will synchronize iterations
# Benchmark mode: Average time, time/op
# Benchmark: com.eignex.koblas.bench.KoblasJmhBenchmark.run
# Parameters: (benchmarkMode = jvm-c, caseId = pack-triangular-right+4x4+triangular+physical=4x4+uplo=U+diag=U+work=pack-triangular-right-v1+leftLayout=depth-rows-v1+rightLayout=depth-columns-v1+leftGroup=4+rightGroup=4+leftStride=4+rightStride=4+padding=zero+alignment=8+block=4x4x4+panel=4+diagonal=0+rhs=0+batch=1+variant=current-tile-v1+timing=packing-only)

# Run progress: 42.74% complete, ETA 00:02:01
# Fork: 1 of 1
WARNING: A terminally deprecated method in sun.misc.Unsafe has been called
WARNING: sun.misc.Unsafe::objectFieldOffset has been called by org.openjdk.jmh.util.Utils (file:/home/rasmus/.gradle/caches/modules-2/files-2.1/org.openjdk.jmh/jmh-core/1.37/896f27e49105b35ea1964319c83d12082e7a79ef/jmh-core-1.37.jar)
WARNING: Please consider reporting this to the maintainers of class org.openjdk.jmh.util.Utils
WARNING: sun.misc.Unsafe::objectFieldOffset will be removed in a future release
# Warmup Iteration   1: 36.074 ns/op
# Warmup Iteration   2: 32.005 ns/op
# Warmup Iteration   3: 32.022 ns/op
Iteration   1: 32.098 ns/op
Iteration   2: 31.940 ns/op
Iteration   3: 32.228 ns/op
Iteration   4: 33.652 ns/op
Iteration   5: 34.544 ns/op


Result "com.eignex.koblas.bench.KoblasJmhBenchmark.run":
  32.892 ±(99.9%) 4.426 ns/op [Average]
  (min, avg, max) = (31.940, 32.892, 34.544), stdev = 1.150
  CI (99.9%): [28.466, 37.319] (assumes normal distribution)


# JMH version: 1.37
# VM version: JDK 25.0.1, OpenJDK 64-Bit Server VM, 25.0.1+8-LTS
# VM invoker: /home/rasmus/.gradle/jdks/eclipse_adoptium-25-amd64-linux.2/bin/java
# VM options: --enable-native-access=ALL-UNNAMED -Dfile.encoding=UTF-8 -Duser.country -Duser.language=en -Duser.variant -Dkoblas.bench.cases=/home/rasmus/.codex/worktrees/703f/koblas/koblas-bench/reports/f342c3192a41a07cf0454d7d4d5324f8289cc01329bcc9c990b986dcdd2f5922/20260911T153950Z-a038f25ac668/cases.txt
# Blackhole mode: compiler (auto-detected, use -Djmh.blackhole.autoDetect=false to disable)
# Warmup: 3 iterations, 200000000 ns each
# Measurement: 5 iterations, 200000000 ns each
# Timeout: 10 min per iteration
# Threads: 1 thread, will synchronize iterations
# Benchmark mode: Average time, time/op
# Benchmark: com.eignex.koblas.bench.KoblasJmhBenchmark.run
# Parameters: (benchmarkMode = jvm-c, caseId = write-left+3x31+uniform+physical=4x4+work=write-left-v1+leftLayout=depth-rows-v1+rightLayout=depth-columns-v1+leftGroup=4+rightGroup=4+leftStride=4+rightStride=4+padding=zero+alignment=8+block=3x31x31+panel=31+diagonal=0+rhs=0+batch=1+variant=current-tile-v1+timing=layout-only)

# Run progress: 43.59% complete, ETA 00:01:59
# Fork: 1 of 1
WARNING: A terminally deprecated method in sun.misc.Unsafe has been called
WARNING: sun.misc.Unsafe::objectFieldOffset has been called by org.openjdk.jmh.util.Utils (file:/home/rasmus/.gradle/caches/modules-2/files-2.1/org.openjdk.jmh/jmh-core/1.37/896f27e49105b35ea1964319c83d12082e7a79ef/jmh-core-1.37.jar)
WARNING: Please consider reporting this to the maintainers of class org.openjdk.jmh.util.Utils
WARNING: sun.misc.Unsafe::objectFieldOffset will be removed in a future release
# Warmup Iteration   1: 69.191 ns/op
# Warmup Iteration   2: 65.499 ns/op
# Warmup Iteration   3: 68.595 ns/op
Iteration   1: 62.988 ns/op
Iteration   2: 64.242 ns/op
Iteration   3: 64.192 ns/op
Iteration   4: 64.403 ns/op
Iteration   5: 64.200 ns/op


Result "com.eignex.koblas.bench.KoblasJmhBenchmark.run":
  64.005 ±(99.9%) 2.213 ns/op [Average]
  (min, avg, max) = (62.988, 64.005, 64.403), stdev = 0.575
  CI (99.9%): [61.792, 66.218] (assumes normal distribution)


# JMH version: 1.37
# VM version: JDK 25.0.1, OpenJDK 64-Bit Server VM, 25.0.1+8-LTS
# VM invoker: /home/rasmus/.gradle/jdks/eclipse_adoptium-25-amd64-linux.2/bin/java
# VM options: --enable-native-access=ALL-UNNAMED -Dfile.encoding=UTF-8 -Duser.country -Duser.language=en -Duser.variant -Dkoblas.bench.cases=/home/rasmus/.codex/worktrees/703f/koblas/koblas-bench/reports/f342c3192a41a07cf0454d7d4d5324f8289cc01329bcc9c990b986dcdd2f5922/20260911T153950Z-a038f25ac668/cases.txt
# Blackhole mode: compiler (auto-detected, use -Djmh.blackhole.autoDetect=false to disable)
# Warmup: 3 iterations, 200000000 ns each
# Measurement: 5 iterations, 200000000 ns each
# Timeout: 10 min per iteration
# Threads: 1 thread, will synchronize iterations
# Benchmark mode: Average time, time/op
# Benchmark: com.eignex.koblas.bench.KoblasJmhBenchmark.run
# Parameters: (benchmarkMode = jvm-c, caseId = write-left+4x32+uniform+physical=4x4+work=write-left-v1+leftLayout=depth-rows-v1+rightLayout=depth-columns-v1+leftGroup=4+rightGroup=4+leftStride=4+rightStride=4+padding=zero+alignment=8+block=4x32x32+panel=32+diagonal=0+rhs=0+batch=1+variant=current-tile-v1+timing=layout-only)

# Run progress: 44.44% complete, ETA 00:01:57
# Fork: 1 of 1
WARNING: A terminally deprecated method in sun.misc.Unsafe has been called
WARNING: sun.misc.Unsafe::objectFieldOffset has been called by org.openjdk.jmh.util.Utils (file:/home/rasmus/.gradle/caches/modules-2/files-2.1/org.openjdk.jmh/jmh-core/1.37/896f27e49105b35ea1964319c83d12082e7a79ef/jmh-core-1.37.jar)
WARNING: Please consider reporting this to the maintainers of class org.openjdk.jmh.util.Utils
WARNING: sun.misc.Unsafe::objectFieldOffset will be removed in a future release
# Warmup Iteration   1: 80.957 ns/op
# Warmup Iteration   2: 76.483 ns/op
# Warmup Iteration   3: 75.832 ns/op
Iteration   1: 75.272 ns/op
Iteration   2: 80.725 ns/op
Iteration   3: 82.827 ns/op
Iteration   4: 74.115 ns/op
Iteration   5: 80.238 ns/op


Result "com.eignex.koblas.bench.KoblasJmhBenchmark.run":
  78.635 ±(99.9%) 14.440 ns/op [Average]
  (min, avg, max) = (74.115, 78.635, 82.827), stdev = 3.750
  CI (99.9%): [64.196, 93.075] (assumes normal distribution)


# JMH version: 1.37
# VM version: JDK 25.0.1, OpenJDK 64-Bit Server VM, 25.0.1+8-LTS
# VM invoker: /home/rasmus/.gradle/jdks/eclipse_adoptium-25-amd64-linux.2/bin/java
# VM options: --enable-native-access=ALL-UNNAMED -Dfile.encoding=UTF-8 -Duser.country -Duser.language=en -Duser.variant -Dkoblas.bench.cases=/home/rasmus/.codex/worktrees/703f/koblas/koblas-bench/reports/f342c3192a41a07cf0454d7d4d5324f8289cc01329bcc9c990b986dcdd2f5922/20260911T153950Z-a038f25ac668/cases.txt
# Blackhole mode: compiler (auto-detected, use -Djmh.blackhole.autoDetect=false to disable)
# Warmup: 3 iterations, 200000000 ns each
# Measurement: 5 iterations, 200000000 ns each
# Timeout: 10 min per iteration
# Threads: 1 thread, will synchronize iterations
# Benchmark mode: Average time, time/op
# Benchmark: com.eignex.koblas.bench.KoblasJmhBenchmark.run
# Parameters: (benchmarkMode = jvm-c, caseId = write-right+31x2+uniform+physical=4x4+work=write-right-v1+leftLayout=depth-rows-v1+rightLayout=depth-columns-v1+leftGroup=4+rightGroup=4+leftStride=4+rightStride=4+padding=zero+alignment=8+block=31x2x31+panel=31+diagonal=0+rhs=0+batch=1+variant=current-tile-v1+timing=layout-only)

# Run progress: 45.30% complete, ETA 00:01:56
# Fork: 1 of 1
WARNING: A terminally deprecated method in sun.misc.Unsafe has been called
WARNING: sun.misc.Unsafe::objectFieldOffset has been called by org.openjdk.jmh.util.Utils (file:/home/rasmus/.gradle/caches/modules-2/files-2.1/org.openjdk.jmh/jmh-core/1.37/896f27e49105b35ea1964319c83d12082e7a79ef/jmh-core-1.37.jar)
WARNING: Please consider reporting this to the maintainers of class org.openjdk.jmh.util.Utils
WARNING: sun.misc.Unsafe::objectFieldOffset will be removed in a future release
# Warmup Iteration   1: 97.635 ns/op
# Warmup Iteration   2: 91.097 ns/op
# Warmup Iteration   3: 89.566 ns/op
Iteration   1: 81.801 ns/op
Iteration   2: 88.904 ns/op
Iteration   3: 90.574 ns/op
Iteration   4: 90.327 ns/op
Iteration   5: 90.263 ns/op


Result "com.eignex.koblas.bench.KoblasJmhBenchmark.run":
  88.374 ±(99.9%) 14.369 ns/op [Average]
  (min, avg, max) = (81.801, 88.374, 90.574), stdev = 3.732
  CI (99.9%): [74.005, 102.743] (assumes normal distribution)


# JMH version: 1.37
# VM version: JDK 25.0.1, OpenJDK 64-Bit Server VM, 25.0.1+8-LTS
# VM invoker: /home/rasmus/.gradle/jdks/eclipse_adoptium-25-amd64-linux.2/bin/java
# VM options: --enable-native-access=ALL-UNNAMED -Dfile.encoding=UTF-8 -Duser.country -Duser.language=en -Duser.variant -Dkoblas.bench.cases=/home/rasmus/.codex/worktrees/703f/koblas/koblas-bench/reports/f342c3192a41a07cf0454d7d4d5324f8289cc01329bcc9c990b986dcdd2f5922/20260911T153950Z-a038f25ac668/cases.txt
# Blackhole mode: compiler (auto-detected, use -Djmh.blackhole.autoDetect=false to disable)
# Warmup: 3 iterations, 200000000 ns each
# Measurement: 5 iterations, 200000000 ns each
# Timeout: 10 min per iteration
# Threads: 1 thread, will synchronize iterations
# Benchmark mode: Average time, time/op
# Benchmark: com.eignex.koblas.bench.KoblasJmhBenchmark.run
# Parameters: (benchmarkMode = jvm-c, caseId = write-right+32x4+uniform+physical=4x4+work=write-right-v1+leftLayout=depth-rows-v1+rightLayout=depth-columns-v1+leftGroup=4+rightGroup=4+leftStride=4+rightStride=4+padding=zero+alignment=8+block=32x4x32+panel=32+diagonal=0+rhs=0+batch=1+variant=current-tile-v1+timing=layout-only)

# Run progress: 46.15% complete, ETA 00:01:54
# Fork: 1 of 1
WARNING: A terminally deprecated method in sun.misc.Unsafe has been called
WARNING: sun.misc.Unsafe::objectFieldOffset has been called by org.openjdk.jmh.util.Utils (file:/home/rasmus/.gradle/caches/modules-2/files-2.1/org.openjdk.jmh/jmh-core/1.37/896f27e49105b35ea1964319c83d12082e7a79ef/jmh-core-1.37.jar)
WARNING: Please consider reporting this to the maintainers of class org.openjdk.jmh.util.Utils
WARNING: sun.misc.Unsafe::objectFieldOffset will be removed in a future release
# Warmup Iteration   1: 106.352 ns/op
# Warmup Iteration   2: 89.289 ns/op
# Warmup Iteration   3: 89.845 ns/op
Iteration   1: 89.992 ns/op
Iteration   2: 95.662 ns/op
Iteration   3: 98.648 ns/op
Iteration   4: 88.615 ns/op
Iteration   5: 90.572 ns/op


Result "com.eignex.koblas.bench.KoblasJmhBenchmark.run":
  92.698 ±(99.9%) 16.417 ns/op [Average]
  (min, avg, max) = (88.615, 92.698, 98.648), stdev = 4.264
  CI (99.9%): [76.281, 109.115] (assumes normal distribution)


# JMH version: 1.37
# VM version: JDK 25.0.1, OpenJDK 64-Bit Server VM, 25.0.1+8-LTS
# VM invoker: /home/rasmus/.gradle/jdks/eclipse_adoptium-25-amd64-linux.2/bin/java
# VM options: --enable-native-access=ALL-UNNAMED -Dfile.encoding=UTF-8 -Duser.country -Duser.language=en -Duser.variant -Dkoblas.bench.cases=/home/rasmus/.codex/worktrees/703f/koblas/koblas-bench/reports/f342c3192a41a07cf0454d7d4d5324f8289cc01329bcc9c990b986dcdd2f5922/20260911T153950Z-a038f25ac668/cases.txt
# Blackhole mode: compiler (auto-detected, use -Djmh.blackhole.autoDetect=false to disable)
# Warmup: 3 iterations, 200000000 ns each
# Measurement: 5 iterations, 200000000 ns each
# Timeout: 10 min per iteration
# Threads: 1 thread, will synchronize iterations
# Benchmark mode: Average time, time/op
# Benchmark: com.eignex.koblas.bench.KoblasJmhBenchmark.run
# Parameters: (benchmarkMode = jvm-c, caseId = clear-left-padding+3x31+uniform+physical=4x4+work=clear-left-padding-v1+leftLayout=depth-rows-v1+rightLayout=depth-columns-v1+leftGroup=4+rightGroup=4+leftStride=4+rightStride=4+padding=zero+alignment=8+block=3x31x31+panel=31+diagonal=0+rhs=0+batch=1+variant=current-tile-v1+timing=layout-only)

# Run progress: 47.01% complete, ETA 00:01:52
# Fork: 1 of 1
WARNING: A terminally deprecated method in sun.misc.Unsafe has been called
WARNING: sun.misc.Unsafe::objectFieldOffset has been called by org.openjdk.jmh.util.Utils (file:/home/rasmus/.gradle/caches/modules-2/files-2.1/org.openjdk.jmh/jmh-core/1.37/896f27e49105b35ea1964319c83d12082e7a79ef/jmh-core-1.37.jar)
WARNING: Please consider reporting this to the maintainers of class org.openjdk.jmh.util.Utils
WARNING: sun.misc.Unsafe::objectFieldOffset will be removed in a future release
# Warmup Iteration   1: 79.027 ns/op
# Warmup Iteration   2: 75.795 ns/op
# Warmup Iteration   3: 75.829 ns/op
Iteration   1: 75.362 ns/op
Iteration   2: 75.551 ns/op
Iteration   3: 75.461 ns/op
Iteration   4: 75.734 ns/op
Iteration   5: 75.408 ns/op


Result "com.eignex.koblas.bench.KoblasJmhBenchmark.run":
  75.503 ±(99.9%) 0.567 ns/op [Average]
  (min, avg, max) = (75.362, 75.503, 75.734), stdev = 0.147
  CI (99.9%): [74.937, 76.070] (assumes normal distribution)


# JMH version: 1.37
# VM version: JDK 25.0.1, OpenJDK 64-Bit Server VM, 25.0.1+8-LTS
# VM invoker: /home/rasmus/.gradle/jdks/eclipse_adoptium-25-amd64-linux.2/bin/java
# VM options: --enable-native-access=ALL-UNNAMED -Dfile.encoding=UTF-8 -Duser.country -Duser.language=en -Duser.variant -Dkoblas.bench.cases=/home/rasmus/.codex/worktrees/703f/koblas/koblas-bench/reports/f342c3192a41a07cf0454d7d4d5324f8289cc01329bcc9c990b986dcdd2f5922/20260911T153950Z-a038f25ac668/cases.txt
# Blackhole mode: compiler (auto-detected, use -Djmh.blackhole.autoDetect=false to disable)
# Warmup: 3 iterations, 200000000 ns each
# Measurement: 5 iterations, 200000000 ns each
# Timeout: 10 min per iteration
# Threads: 1 thread, will synchronize iterations
# Benchmark mode: Average time, time/op
# Benchmark: com.eignex.koblas.bench.KoblasJmhBenchmark.run
# Parameters: (benchmarkMode = jvm-c, caseId = clear-left-padding+4x32+uniform+physical=4x4+work=clear-left-padding-v1+leftLayout=depth-rows-v1+rightLayout=depth-columns-v1+leftGroup=4+rightGroup=4+leftStride=4+rightStride=4+padding=zero+alignment=8+block=4x32x32+panel=32+diagonal=0+rhs=0+batch=1+variant=current-tile-v1+timing=layout-only)

# Run progress: 47.86% complete, ETA 00:01:50
# Fork: 1 of 1
WARNING: A terminally deprecated method in sun.misc.Unsafe has been called
WARNING: sun.misc.Unsafe::objectFieldOffset has been called by org.openjdk.jmh.util.Utils (file:/home/rasmus/.gradle/caches/modules-2/files-2.1/org.openjdk.jmh/jmh-core/1.37/896f27e49105b35ea1964319c83d12082e7a79ef/jmh-core-1.37.jar)
WARNING: Please consider reporting this to the maintainers of class org.openjdk.jmh.util.Utils
WARNING: sun.misc.Unsafe::objectFieldOffset will be removed in a future release
# Warmup Iteration   1: 7.159 ns/op
# Warmup Iteration   2: 6.886 ns/op
# Warmup Iteration   3: 7.296 ns/op
Iteration   1: 7.325 ns/op
Iteration   2: 7.300 ns/op
Iteration   3: 7.292 ns/op
Iteration   4: 7.277 ns/op
Iteration   5: 7.291 ns/op


Result "com.eignex.koblas.bench.KoblasJmhBenchmark.run":
  7.297 ±(99.9%) 0.069 ns/op [Average]
  (min, avg, max) = (7.277, 7.297, 7.325), stdev = 0.018
  CI (99.9%): [7.228, 7.366] (assumes normal distribution)


# JMH version: 1.37
# VM version: JDK 25.0.1, OpenJDK 64-Bit Server VM, 25.0.1+8-LTS
# VM invoker: /home/rasmus/.gradle/jdks/eclipse_adoptium-25-amd64-linux.2/bin/java
# VM options: --enable-native-access=ALL-UNNAMED -Dfile.encoding=UTF-8 -Duser.country -Duser.language=en -Duser.variant -Dkoblas.bench.cases=/home/rasmus/.codex/worktrees/703f/koblas/koblas-bench/reports/f342c3192a41a07cf0454d7d4d5324f8289cc01329bcc9c990b986dcdd2f5922/20260911T153950Z-a038f25ac668/cases.txt
# Blackhole mode: compiler (auto-detected, use -Djmh.blackhole.autoDetect=false to disable)
# Warmup: 3 iterations, 200000000 ns each
# Measurement: 5 iterations, 200000000 ns each
# Timeout: 10 min per iteration
# Threads: 1 thread, will synchronize iterations
# Benchmark mode: Average time, time/op
# Benchmark: com.eignex.koblas.bench.KoblasJmhBenchmark.run
# Parameters: (benchmarkMode = jvm-c, caseId = clear-right-padding+31x2+uniform+physical=4x4+work=clear-right-padding-v1+leftLayout=depth-rows-v1+rightLayout=depth-columns-v1+leftGroup=4+rightGroup=4+leftStride=4+rightStride=4+padding=zero+alignment=8+block=31x2x31+panel=31+diagonal=0+rhs=0+batch=1+variant=current-tile-v1+timing=layout-only)

# Run progress: 48.72% complete, ETA 00:01:48
# Fork: 1 of 1
WARNING: A terminally deprecated method in sun.misc.Unsafe has been called
WARNING: sun.misc.Unsafe::objectFieldOffset has been called by org.openjdk.jmh.util.Utils (file:/home/rasmus/.gradle/caches/modules-2/files-2.1/org.openjdk.jmh/jmh-core/1.37/896f27e49105b35ea1964319c83d12082e7a79ef/jmh-core-1.37.jar)
WARNING: Please consider reporting this to the maintainers of class org.openjdk.jmh.util.Utils
WARNING: sun.misc.Unsafe::objectFieldOffset will be removed in a future release
# Warmup Iteration   1: 83.330 ns/op
# Warmup Iteration   2: 79.928 ns/op
# Warmup Iteration   3: 76.658 ns/op
Iteration   1: 79.383 ns/op
Iteration   2: 82.149 ns/op
Iteration   3: 71.755 ns/op
Iteration   4: 78.274 ns/op
Iteration   5: 78.842 ns/op


Result "com.eignex.koblas.bench.KoblasJmhBenchmark.run":
  78.081 ±(99.9%) 14.774 ns/op [Average]
  (min, avg, max) = (71.755, 78.081, 82.149), stdev = 3.837
  CI (99.9%): [63.307, 92.854] (assumes normal distribution)


# JMH version: 1.37
# VM version: JDK 25.0.1, OpenJDK 64-Bit Server VM, 25.0.1+8-LTS
# VM invoker: /home/rasmus/.gradle/jdks/eclipse_adoptium-25-amd64-linux.2/bin/java
# VM options: --enable-native-access=ALL-UNNAMED -Dfile.encoding=UTF-8 -Duser.country -Duser.language=en -Duser.variant -Dkoblas.bench.cases=/home/rasmus/.codex/worktrees/703f/koblas/koblas-bench/reports/f342c3192a41a07cf0454d7d4d5324f8289cc01329bcc9c990b986dcdd2f5922/20260911T153950Z-a038f25ac668/cases.txt
# Blackhole mode: compiler (auto-detected, use -Djmh.blackhole.autoDetect=false to disable)
# Warmup: 3 iterations, 200000000 ns each
# Measurement: 5 iterations, 200000000 ns each
# Timeout: 10 min per iteration
# Threads: 1 thread, will synchronize iterations
# Benchmark mode: Average time, time/op
# Benchmark: com.eignex.koblas.bench.KoblasJmhBenchmark.run
# Parameters: (benchmarkMode = jvm-c, caseId = clear-right-padding+32x4+uniform+physical=4x4+work=clear-right-padding-v1+leftLayout=depth-rows-v1+rightLayout=depth-columns-v1+leftGroup=4+rightGroup=4+leftStride=4+rightStride=4+padding=zero+alignment=8+block=32x4x32+panel=32+diagonal=0+rhs=0+batch=1+variant=current-tile-v1+timing=layout-only)

# Run progress: 49.57% complete, ETA 00:01:46
# Fork: 1 of 1
WARNING: A terminally deprecated method in sun.misc.Unsafe has been called
WARNING: sun.misc.Unsafe::objectFieldOffset has been called by org.openjdk.jmh.util.Utils (file:/home/rasmus/.gradle/caches/modules-2/files-2.1/org.openjdk.jmh/jmh-core/1.37/896f27e49105b35ea1964319c83d12082e7a79ef/jmh-core-1.37.jar)
WARNING: Please consider reporting this to the maintainers of class org.openjdk.jmh.util.Utils
WARNING: sun.misc.Unsafe::objectFieldOffset will be removed in a future release
# Warmup Iteration   1: 7.426 ns/op
# Warmup Iteration   2: 7.602 ns/op
# Warmup Iteration   3: 7.705 ns/op
Iteration   1: 7.697 ns/op
Iteration   2: 7.729 ns/op
Iteration   3: 6.993 ns/op
Iteration   4: 7.091 ns/op
Iteration   5: 7.059 ns/op


Result "com.eignex.koblas.bench.KoblasJmhBenchmark.run":
  7.314 ±(99.9%) 1.410 ns/op [Average]
  (min, avg, max) = (6.993, 7.314, 7.729), stdev = 0.366
  CI (99.9%): [5.904, 8.724] (assumes normal distribution)


# JMH version: 1.37
# VM version: JDK 25.0.1, OpenJDK 64-Bit Server VM, 25.0.1+8-LTS
# VM invoker: /home/rasmus/.gradle/jdks/eclipse_adoptium-25-amd64-linux.2/bin/java
# VM options: --enable-native-access=ALL-UNNAMED -Dfile.encoding=UTF-8 -Duser.country -Duser.language=en -Duser.variant -Dkoblas.bench.cases=/home/rasmus/.codex/worktrees/703f/koblas/koblas-bench/reports/f342c3192a41a07cf0454d7d4d5324f8289cc01329bcc9c990b986dcdd2f5922/20260911T153950Z-a038f25ac668/cases.txt
# Blackhole mode: compiler (auto-detected, use -Djmh.blackhole.autoDetect=false to disable)
# Warmup: 3 iterations, 200000000 ns each
# Measurement: 5 iterations, 200000000 ns each
# Timeout: 10 min per iteration
# Threads: 1 thread, will synchronize iterations
# Benchmark mode: Average time, time/op
# Benchmark: com.eignex.koblas.bench.KoblasJmhBenchmark.run
# Parameters: (benchmarkMode = jvm-c, caseId = spdot+4096+sparse-uniform+density=0.01)

# Run progress: 50.43% complete, ETA 00:01:45
# Fork: 1 of 1
WARNING: A terminally deprecated method in sun.misc.Unsafe has been called
WARNING: sun.misc.Unsafe::objectFieldOffset has been called by org.openjdk.jmh.util.Utils (file:/home/rasmus/.gradle/caches/modules-2/files-2.1/org.openjdk.jmh/jmh-core/1.37/896f27e49105b35ea1964319c83d12082e7a79ef/jmh-core-1.37.jar)
WARNING: Please consider reporting this to the maintainers of class org.openjdk.jmh.util.Utils
WARNING: sun.misc.Unsafe::objectFieldOffset will be removed in a future release
# Warmup Iteration   1: 23.727 ns/op
# Warmup Iteration   2: 24.030 ns/op
# Warmup Iteration   3: 21.521 ns/op
Iteration   1: 19.105 ns/op
Iteration   2: 20.046 ns/op
Iteration   3: 22.028 ns/op
Iteration   4: 22.346 ns/op
Iteration   5: 24.021 ns/op


Result "com.eignex.koblas.bench.KoblasJmhBenchmark.run":
  21.509 ±(99.9%) 7.506 ns/op [Average]
  (min, avg, max) = (19.105, 21.509, 24.021), stdev = 1.949
  CI (99.9%): [14.004, 29.015] (assumes normal distribution)


# JMH version: 1.37
# VM version: JDK 25.0.1, OpenJDK 64-Bit Server VM, 25.0.1+8-LTS
# VM invoker: /home/rasmus/.gradle/jdks/eclipse_adoptium-25-amd64-linux.2/bin/java
# VM options: --enable-native-access=ALL-UNNAMED -Dfile.encoding=UTF-8 -Duser.country -Duser.language=en -Duser.variant -Dkoblas.bench.cases=/home/rasmus/.codex/worktrees/703f/koblas/koblas-bench/reports/f342c3192a41a07cf0454d7d4d5324f8289cc01329bcc9c990b986dcdd2f5922/20260911T153950Z-a038f25ac668/cases.txt
# Blackhole mode: compiler (auto-detected, use -Djmh.blackhole.autoDetect=false to disable)
# Warmup: 3 iterations, 200000000 ns each
# Measurement: 5 iterations, 200000000 ns each
# Timeout: 10 min per iteration
# Threads: 1 thread, will synchronize iterations
# Benchmark mode: Average time, time/op
# Benchmark: com.eignex.koblas.bench.KoblasJmhBenchmark.run
# Parameters: (benchmarkMode = jvm-c, caseId = spdot-raw+64+sparse-uniform+density=0.125)

# Run progress: 51.28% complete, ETA 00:01:43
# Fork: 1 of 1
WARNING: A terminally deprecated method in sun.misc.Unsafe has been called
WARNING: sun.misc.Unsafe::objectFieldOffset has been called by org.openjdk.jmh.util.Utils (file:/home/rasmus/.gradle/caches/modules-2/files-2.1/org.openjdk.jmh/jmh-core/1.37/896f27e49105b35ea1964319c83d12082e7a79ef/jmh-core-1.37.jar)
WARNING: Please consider reporting this to the maintainers of class org.openjdk.jmh.util.Utils
WARNING: sun.misc.Unsafe::objectFieldOffset will be removed in a future release
# Warmup Iteration   1: 10.513 ns/op
# Warmup Iteration   2: 10.735 ns/op
# Warmup Iteration   3: 10.381 ns/op
Iteration   1: 9.662 ns/op
Iteration   2: 9.732 ns/op
Iteration   3: 9.622 ns/op
Iteration   4: 10.735 ns/op
Iteration   5: 11.423 ns/op


Result "com.eignex.koblas.bench.KoblasJmhBenchmark.run":
  10.235 ±(99.9%) 3.116 ns/op [Average]
  (min, avg, max) = (9.622, 10.235, 11.423), stdev = 0.809
  CI (99.9%): [7.119, 13.350] (assumes normal distribution)


# JMH version: 1.37
# VM version: JDK 25.0.1, OpenJDK 64-Bit Server VM, 25.0.1+8-LTS
# VM invoker: /home/rasmus/.gradle/jdks/eclipse_adoptium-25-amd64-linux.2/bin/java
# VM options: --enable-native-access=ALL-UNNAMED -Dfile.encoding=UTF-8 -Duser.country -Duser.language=en -Duser.variant -Dkoblas.bench.cases=/home/rasmus/.codex/worktrees/703f/koblas/koblas-bench/reports/f342c3192a41a07cf0454d7d4d5324f8289cc01329bcc9c990b986dcdd2f5922/20260911T153950Z-a038f25ac668/cases.txt
# Blackhole mode: compiler (auto-detected, use -Djmh.blackhole.autoDetect=false to disable)
# Warmup: 3 iterations, 200000000 ns each
# Measurement: 5 iterations, 200000000 ns each
# Timeout: 10 min per iteration
# Threads: 1 thread, will synchronize iterations
# Benchmark mode: Average time, time/op
# Benchmark: com.eignex.koblas.bench.KoblasJmhBenchmark.run
# Parameters: (benchmarkMode = jvm-c, caseId = spdot-raw+4096+sparse-uniform+density=0.0625)

# Run progress: 52.14% complete, ETA 00:01:41
# Fork: 1 of 1
WARNING: A terminally deprecated method in sun.misc.Unsafe has been called
WARNING: sun.misc.Unsafe::objectFieldOffset has been called by org.openjdk.jmh.util.Utils (file:/home/rasmus/.gradle/caches/modules-2/files-2.1/org.openjdk.jmh/jmh-core/1.37/896f27e49105b35ea1964319c83d12082e7a79ef/jmh-core-1.37.jar)
WARNING: Please consider reporting this to the maintainers of class org.openjdk.jmh.util.Utils
WARNING: sun.misc.Unsafe::objectFieldOffset will be removed in a future release
# Warmup Iteration   1: 187.064 ns/op
# Warmup Iteration   2: 151.445 ns/op
# Warmup Iteration   3: 135.293 ns/op
Iteration   1: 148.041 ns/op
Iteration   2: 155.230 ns/op
Iteration   3: 140.761 ns/op
Iteration   4: 142.037 ns/op
Iteration   5: 143.594 ns/op


Result "com.eignex.koblas.bench.KoblasJmhBenchmark.run":
  145.933 ±(99.9%) 22.641 ns/op [Average]
  (min, avg, max) = (140.761, 145.933, 155.230), stdev = 5.880
  CI (99.9%): [123.292, 168.573] (assumes normal distribution)


# JMH version: 1.37
# VM version: JDK 25.0.1, OpenJDK 64-Bit Server VM, 25.0.1+8-LTS
# VM invoker: /home/rasmus/.gradle/jdks/eclipse_adoptium-25-amd64-linux.2/bin/java
# VM options: --enable-native-access=ALL-UNNAMED -Dfile.encoding=UTF-8 -Duser.country -Duser.language=en -Duser.variant -Dkoblas.bench.cases=/home/rasmus/.codex/worktrees/703f/koblas/koblas-bench/reports/f342c3192a41a07cf0454d7d4d5324f8289cc01329bcc9c990b986dcdd2f5922/20260911T153950Z-a038f25ac668/cases.txt
# Blackhole mode: compiler (auto-detected, use -Djmh.blackhole.autoDetect=false to disable)
# Warmup: 3 iterations, 200000000 ns each
# Measurement: 5 iterations, 200000000 ns each
# Timeout: 10 min per iteration
# Threads: 1 thread, will synchronize iterations
# Benchmark mode: Average time, time/op
# Benchmark: com.eignex.koblas.bench.KoblasJmhBenchmark.run
# Parameters: (benchmarkMode = jvm-c, caseId = spdot-raw+65536+sparse-uniform+density=0.015625)

# Run progress: 52.99% complete, ETA 00:01:39
# Fork: 1 of 1
WARNING: A terminally deprecated method in sun.misc.Unsafe has been called
WARNING: sun.misc.Unsafe::objectFieldOffset has been called by org.openjdk.jmh.util.Utils (file:/home/rasmus/.gradle/caches/modules-2/files-2.1/org.openjdk.jmh/jmh-core/1.37/896f27e49105b35ea1964319c83d12082e7a79ef/jmh-core-1.37.jar)
WARNING: Please consider reporting this to the maintainers of class org.openjdk.jmh.util.Utils
WARNING: sun.misc.Unsafe::objectFieldOffset will be removed in a future release
# Warmup Iteration   1: 913.053 ns/op
# Warmup Iteration   2: 655.551 ns/op
# Warmup Iteration   3: 663.259 ns/op
Iteration   1: 733.781 ns/op
Iteration   2: 729.503 ns/op
Iteration   3: 699.963 ns/op
Iteration   4: 690.588 ns/op
Iteration   5: 681.978 ns/op


Result "com.eignex.koblas.bench.KoblasJmhBenchmark.run":
  707.163 ±(99.9%) 89.656 ns/op [Average]
  (min, avg, max) = (681.978, 707.163, 733.781), stdev = 23.283
  CI (99.9%): [617.507, 796.818] (assumes normal distribution)


# JMH version: 1.37
# VM version: JDK 25.0.1, OpenJDK 64-Bit Server VM, 25.0.1+8-LTS
# VM invoker: /home/rasmus/.gradle/jdks/eclipse_adoptium-25-amd64-linux.2/bin/java
# VM options: --enable-native-access=ALL-UNNAMED -Dfile.encoding=UTF-8 -Duser.country -Duser.language=en -Duser.variant -Dkoblas.bench.cases=/home/rasmus/.codex/worktrees/703f/koblas/koblas-bench/reports/f342c3192a41a07cf0454d7d4d5324f8289cc01329bcc9c990b986dcdd2f5922/20260911T153950Z-a038f25ac668/cases.txt
# Blackhole mode: compiler (auto-detected, use -Djmh.blackhole.autoDetect=false to disable)
# Warmup: 3 iterations, 200000000 ns each
# Measurement: 5 iterations, 200000000 ns each
# Timeout: 10 min per iteration
# Threads: 1 thread, will synchronize iterations
# Benchmark mode: Average time, time/op
# Benchmark: com.eignex.koblas.bench.KoblasJmhBenchmark.run
# Parameters: (benchmarkMode = jvm-c, caseId = spdot-raw+262144+sparse-uniform+density=0.03125)

# Run progress: 53.85% complete, ETA 00:01:38
# Fork: 1 of 1
WARNING: A terminally deprecated method in sun.misc.Unsafe has been called
WARNING: sun.misc.Unsafe::objectFieldOffset has been called by org.openjdk.jmh.util.Utils (file:/home/rasmus/.gradle/caches/modules-2/files-2.1/org.openjdk.jmh/jmh-core/1.37/896f27e49105b35ea1964319c83d12082e7a79ef/jmh-core-1.37.jar)
WARNING: Please consider reporting this to the maintainers of class org.openjdk.jmh.util.Utils
WARNING: sun.misc.Unsafe::objectFieldOffset will be removed in a future release
# Warmup Iteration   1: 6746.785 ns/op
# Warmup Iteration   2: 4833.855 ns/op
# Warmup Iteration   3: 5112.760 ns/op
Iteration   1: 5121.301 ns/op
Iteration   2: 5067.490 ns/op
Iteration   3: 5143.208 ns/op
Iteration   4: 4879.403 ns/op
Iteration   5: 4987.822 ns/op


Result "com.eignex.koblas.bench.KoblasJmhBenchmark.run":
  5039.845 ±(99.9%) 415.312 ns/op [Average]
  (min, avg, max) = (4879.403, 5039.845, 5143.208), stdev = 107.855
  CI (99.9%): [4624.532, 5455.157] (assumes normal distribution)


# JMH version: 1.37
# VM version: JDK 25.0.1, OpenJDK 64-Bit Server VM, 25.0.1+8-LTS
# VM invoker: /home/rasmus/.gradle/jdks/eclipse_adoptium-25-amd64-linux.2/bin/java
# VM options: --enable-native-access=ALL-UNNAMED -Dfile.encoding=UTF-8 -Duser.country -Duser.language=en -Duser.variant -Dkoblas.bench.cases=/home/rasmus/.codex/worktrees/703f/koblas/koblas-bench/reports/f342c3192a41a07cf0454d7d4d5324f8289cc01329bcc9c990b986dcdd2f5922/20260911T153950Z-a038f25ac668/cases.txt
# Blackhole mode: compiler (auto-detected, use -Djmh.blackhole.autoDetect=false to disable)
# Warmup: 3 iterations, 200000000 ns each
# Measurement: 5 iterations, 200000000 ns each
# Timeout: 10 min per iteration
# Threads: 1 thread, will synchronize iterations
# Benchmark mode: Average time, time/op
# Benchmark: com.eignex.koblas.bench.KoblasJmhBenchmark.run
# Parameters: (benchmarkMode = jvm-c, caseId = spdot-sparse+4096+sparse-uniform+density=0.01)

# Run progress: 54.70% complete, ETA 00:01:36
# Fork: 1 of 1
WARNING: A terminally deprecated method in sun.misc.Unsafe has been called
WARNING: sun.misc.Unsafe::objectFieldOffset has been called by org.openjdk.jmh.util.Utils (file:/home/rasmus/.gradle/caches/modules-2/files-2.1/org.openjdk.jmh/jmh-core/1.37/896f27e49105b35ea1964319c83d12082e7a79ef/jmh-core-1.37.jar)
WARNING: Please consider reporting this to the maintainers of class org.openjdk.jmh.util.Utils
WARNING: sun.misc.Unsafe::objectFieldOffset will be removed in a future release
# Warmup Iteration   1: 66.147 ns/op
# Warmup Iteration   2: 78.811 ns/op
# Warmup Iteration   3: 67.535 ns/op
Iteration   1: 66.313 ns/op
Iteration   2: 58.762 ns/op
Iteration   3: 59.714 ns/op
Iteration   4: 63.938 ns/op
Iteration   5: 62.133 ns/op


Result "com.eignex.koblas.bench.KoblasJmhBenchmark.run":
  62.172 ±(99.9%) 11.859 ns/op [Average]
  (min, avg, max) = (58.762, 62.172, 66.313), stdev = 3.080
  CI (99.9%): [50.313, 74.031] (assumes normal distribution)


# JMH version: 1.37
# VM version: JDK 25.0.1, OpenJDK 64-Bit Server VM, 25.0.1+8-LTS
# VM invoker: /home/rasmus/.gradle/jdks/eclipse_adoptium-25-amd64-linux.2/bin/java
# VM options: --enable-native-access=ALL-UNNAMED -Dfile.encoding=UTF-8 -Duser.country -Duser.language=en -Duser.variant -Dkoblas.bench.cases=/home/rasmus/.codex/worktrees/703f/koblas/koblas-bench/reports/f342c3192a41a07cf0454d7d4d5324f8289cc01329bcc9c990b986dcdd2f5922/20260911T153950Z-a038f25ac668/cases.txt
# Blackhole mode: compiler (auto-detected, use -Djmh.blackhole.autoDetect=false to disable)
# Warmup: 3 iterations, 200000000 ns each
# Measurement: 5 iterations, 200000000 ns each
# Timeout: 10 min per iteration
# Threads: 1 thread, will synchronize iterations
# Benchmark mode: Average time, time/op
# Benchmark: com.eignex.koblas.bench.KoblasJmhBenchmark.run
# Parameters: (benchmarkMode = jvm-c, caseId = spaxpy+4096+sparse-uniform+density=0.01)

# Run progress: 55.56% complete, ETA 00:01:34
# Fork: 1 of 1
WARNING: A terminally deprecated method in sun.misc.Unsafe has been called
WARNING: sun.misc.Unsafe::objectFieldOffset has been called by org.openjdk.jmh.util.Utils (file:/home/rasmus/.gradle/caches/modules-2/files-2.1/org.openjdk.jmh/jmh-core/1.37/896f27e49105b35ea1964319c83d12082e7a79ef/jmh-core-1.37.jar)
WARNING: Please consider reporting this to the maintainers of class org.openjdk.jmh.util.Utils
WARNING: sun.misc.Unsafe::objectFieldOffset will be removed in a future release
# Warmup Iteration   1: 812.480 ns/op
# Warmup Iteration   2: 792.672 ns/op
# Warmup Iteration   3: 780.665 ns/op
Iteration   1: 784.604 ns/op
Iteration   2: 791.795 ns/op
Iteration   3: 782.668 ns/op
Iteration   4: 788.897 ns/op
Iteration   5: 789.215 ns/op


Result "com.eignex.koblas.bench.KoblasJmhBenchmark.run":
  787.436 ±(99.9%) 14.286 ns/op [Average]
  (min, avg, max) = (782.668, 787.436, 791.795), stdev = 3.710
  CI (99.9%): [773.150, 801.722] (assumes normal distribution)


# JMH version: 1.37
# VM version: JDK 25.0.1, OpenJDK 64-Bit Server VM, 25.0.1+8-LTS
# VM invoker: /home/rasmus/.gradle/jdks/eclipse_adoptium-25-amd64-linux.2/bin/java
# VM options: --enable-native-access=ALL-UNNAMED -Dfile.encoding=UTF-8 -Duser.country -Duser.language=en -Duser.variant -Dkoblas.bench.cases=/home/rasmus/.codex/worktrees/703f/koblas/koblas-bench/reports/f342c3192a41a07cf0454d7d4d5324f8289cc01329bcc9c990b986dcdd2f5922/20260911T153950Z-a038f25ac668/cases.txt
# Blackhole mode: compiler (auto-detected, use -Djmh.blackhole.autoDetect=false to disable)
# Warmup: 3 iterations, 200000000 ns each
# Measurement: 5 iterations, 200000000 ns each
# Timeout: 10 min per iteration
# Threads: 1 thread, will synchronize iterations
# Benchmark mode: Average time, time/op
# Benchmark: com.eignex.koblas.bench.KoblasJmhBenchmark.run
# Parameters: (benchmarkMode = jvm-c, caseId = spaxpy-raw+64+sparse-uniform+density=0.125)

# Run progress: 56.41% complete, ETA 00:01:32
# Fork: 1 of 1
WARNING: A terminally deprecated method in sun.misc.Unsafe has been called
WARNING: sun.misc.Unsafe::objectFieldOffset has been called by org.openjdk.jmh.util.Utils (file:/home/rasmus/.gradle/caches/modules-2/files-2.1/org.openjdk.jmh/jmh-core/1.37/896f27e49105b35ea1964319c83d12082e7a79ef/jmh-core-1.37.jar)
WARNING: Please consider reporting this to the maintainers of class org.openjdk.jmh.util.Utils
WARNING: sun.misc.Unsafe::objectFieldOffset will be removed in a future release
# Warmup Iteration   1: 17.129 ns/op
# Warmup Iteration   2: 16.029 ns/op
# Warmup Iteration   3: 16.105 ns/op
Iteration   1: 17.171 ns/op
Iteration   2: 17.720 ns/op
Iteration   3: 17.270 ns/op
Iteration   4: 17.261 ns/op
Iteration   5: 17.220 ns/op


Result "com.eignex.koblas.bench.KoblasJmhBenchmark.run":
  17.329 ±(99.9%) 0.855 ns/op [Average]
  (min, avg, max) = (17.171, 17.329, 17.720), stdev = 0.222
  CI (99.9%): [16.473, 18.184] (assumes normal distribution)


# JMH version: 1.37
# VM version: JDK 25.0.1, OpenJDK 64-Bit Server VM, 25.0.1+8-LTS
# VM invoker: /home/rasmus/.gradle/jdks/eclipse_adoptium-25-amd64-linux.2/bin/java
# VM options: --enable-native-access=ALL-UNNAMED -Dfile.encoding=UTF-8 -Duser.country -Duser.language=en -Duser.variant -Dkoblas.bench.cases=/home/rasmus/.codex/worktrees/703f/koblas/koblas-bench/reports/f342c3192a41a07cf0454d7d4d5324f8289cc01329bcc9c990b986dcdd2f5922/20260911T153950Z-a038f25ac668/cases.txt
# Blackhole mode: compiler (auto-detected, use -Djmh.blackhole.autoDetect=false to disable)
# Warmup: 3 iterations, 200000000 ns each
# Measurement: 5 iterations, 200000000 ns each
# Timeout: 10 min per iteration
# Threads: 1 thread, will synchronize iterations
# Benchmark mode: Average time, time/op
# Benchmark: com.eignex.koblas.bench.KoblasJmhBenchmark.run
# Parameters: (benchmarkMode = jvm-c, caseId = spaxpy-raw+4096+sparse-uniform+density=0.0625)

# Run progress: 57.26% complete, ETA 00:01:30
# Fork: 1 of 1
WARNING: A terminally deprecated method in sun.misc.Unsafe has been called
WARNING: sun.misc.Unsafe::objectFieldOffset has been called by org.openjdk.jmh.util.Utils (file:/home/rasmus/.gradle/caches/modules-2/files-2.1/org.openjdk.jmh/jmh-core/1.37/896f27e49105b35ea1964319c83d12082e7a79ef/jmh-core-1.37.jar)
WARNING: Please consider reporting this to the maintainers of class org.openjdk.jmh.util.Utils
WARNING: sun.misc.Unsafe::objectFieldOffset will be removed in a future release
# Warmup Iteration   1: 1083.097 ns/op
# Warmup Iteration   2: 1015.376 ns/op
# Warmup Iteration   3: 999.749 ns/op
Iteration   1: 934.382 ns/op
Iteration   2: 967.191 ns/op
Iteration   3: 930.611 ns/op
Iteration   4: 939.123 ns/op
Iteration   5: 930.230 ns/op


Result "com.eignex.koblas.bench.KoblasJmhBenchmark.run":
  940.307 ±(99.9%) 59.492 ns/op [Average]
  (min, avg, max) = (930.230, 940.307, 967.191), stdev = 15.450
  CI (99.9%): [880.815, 999.799] (assumes normal distribution)


# JMH version: 1.37
# VM version: JDK 25.0.1, OpenJDK 64-Bit Server VM, 25.0.1+8-LTS
# VM invoker: /home/rasmus/.gradle/jdks/eclipse_adoptium-25-amd64-linux.2/bin/java
# VM options: --enable-native-access=ALL-UNNAMED -Dfile.encoding=UTF-8 -Duser.country -Duser.language=en -Duser.variant -Dkoblas.bench.cases=/home/rasmus/.codex/worktrees/703f/koblas/koblas-bench/reports/f342c3192a41a07cf0454d7d4d5324f8289cc01329bcc9c990b986dcdd2f5922/20260911T153950Z-a038f25ac668/cases.txt
# Blackhole mode: compiler (auto-detected, use -Djmh.blackhole.autoDetect=false to disable)
# Warmup: 3 iterations, 200000000 ns each
# Measurement: 5 iterations, 200000000 ns each
# Timeout: 10 min per iteration
# Threads: 1 thread, will synchronize iterations
# Benchmark mode: Average time, time/op
# Benchmark: com.eignex.koblas.bench.KoblasJmhBenchmark.run
# Parameters: (benchmarkMode = jvm-c, caseId = spaxpy-raw+65536+sparse-uniform+density=0.015625)

# Run progress: 58.12% complete, ETA 00:01:29
# Fork: 1 of 1
WARNING: A terminally deprecated method in sun.misc.Unsafe has been called
WARNING: sun.misc.Unsafe::objectFieldOffset has been called by org.openjdk.jmh.util.Utils (file:/home/rasmus/.gradle/caches/modules-2/files-2.1/org.openjdk.jmh/jmh-core/1.37/896f27e49105b35ea1964319c83d12082e7a79ef/jmh-core-1.37.jar)
WARNING: Please consider reporting this to the maintainers of class org.openjdk.jmh.util.Utils
WARNING: sun.misc.Unsafe::objectFieldOffset will be removed in a future release
# Warmup Iteration   1: 13523.061 ns/op
# Warmup Iteration   2: 12703.759 ns/op
# Warmup Iteration   3: 12761.243 ns/op
Iteration   1: 13214.720 ns/op
Iteration   2: 12523.683 ns/op
Iteration   3: 12834.440 ns/op
Iteration   4: 13731.038 ns/op
Iteration   5: 15591.681 ns/op


Result "com.eignex.koblas.bench.KoblasJmhBenchmark.run":
  13579.112 ±(99.9%) 4666.578 ns/op [Average]
  (min, avg, max) = (12523.683, 13579.112, 15591.681), stdev = 1211.895
  CI (99.9%): [8912.534, 18245.690] (assumes normal distribution)


# JMH version: 1.37
# VM version: JDK 25.0.1, OpenJDK 64-Bit Server VM, 25.0.1+8-LTS
# VM invoker: /home/rasmus/.gradle/jdks/eclipse_adoptium-25-amd64-linux.2/bin/java
# VM options: --enable-native-access=ALL-UNNAMED -Dfile.encoding=UTF-8 -Duser.country -Duser.language=en -Duser.variant -Dkoblas.bench.cases=/home/rasmus/.codex/worktrees/703f/koblas/koblas-bench/reports/f342c3192a41a07cf0454d7d4d5324f8289cc01329bcc9c990b986dcdd2f5922/20260911T153950Z-a038f25ac668/cases.txt
# Blackhole mode: compiler (auto-detected, use -Djmh.blackhole.autoDetect=false to disable)
# Warmup: 3 iterations, 200000000 ns each
# Measurement: 5 iterations, 200000000 ns each
# Timeout: 10 min per iteration
# Threads: 1 thread, will synchronize iterations
# Benchmark mode: Average time, time/op
# Benchmark: com.eignex.koblas.bench.KoblasJmhBenchmark.run
# Parameters: (benchmarkMode = jvm-c, caseId = spaxpy-raw+262144+sparse-uniform+density=0.03125)

# Run progress: 58.97% complete, ETA 00:01:27
# Fork: 1 of 1
WARNING: A terminally deprecated method in sun.misc.Unsafe has been called
WARNING: sun.misc.Unsafe::objectFieldOffset has been called by org.openjdk.jmh.util.Utils (file:/home/rasmus/.gradle/caches/modules-2/files-2.1/org.openjdk.jmh/jmh-core/1.37/896f27e49105b35ea1964319c83d12082e7a79ef/jmh-core-1.37.jar)
WARNING: Please consider reporting this to the maintainers of class org.openjdk.jmh.util.Utils
WARNING: sun.misc.Unsafe::objectFieldOffset will be removed in a future release
# Warmup Iteration   1: 185708.298 ns/op
# Warmup Iteration   2: 142628.689 ns/op
# Warmup Iteration   3: 137889.289 ns/op
Iteration   1: 140816.853 ns/op
Iteration   2: 130325.011 ns/op
Iteration   3: 127243.266 ns/op
Iteration   4: 128582.978 ns/op
Iteration   5: 148099.897 ns/op


Result "com.eignex.koblas.bench.KoblasJmhBenchmark.run":
  135013.601 ±(99.9%) 34903.213 ns/op [Average]
  (min, avg, max) = (127243.266, 135013.601, 148099.897), stdev = 9064.254
  CI (99.9%): [100110.388, 169916.814] (assumes normal distribution)


# JMH version: 1.37
# VM version: JDK 25.0.1, OpenJDK 64-Bit Server VM, 25.0.1+8-LTS
# VM invoker: /home/rasmus/.gradle/jdks/eclipse_adoptium-25-amd64-linux.2/bin/java
# VM options: --enable-native-access=ALL-UNNAMED -Dfile.encoding=UTF-8 -Duser.country -Duser.language=en -Duser.variant -Dkoblas.bench.cases=/home/rasmus/.codex/worktrees/703f/koblas/koblas-bench/reports/f342c3192a41a07cf0454d7d4d5324f8289cc01329bcc9c990b986dcdd2f5922/20260911T153950Z-a038f25ac668/cases.txt
# Blackhole mode: compiler (auto-detected, use -Djmh.blackhole.autoDetect=false to disable)
# Warmup: 3 iterations, 200000000 ns each
# Measurement: 5 iterations, 200000000 ns each
# Timeout: 10 min per iteration
# Threads: 1 thread, will synchronize iterations
# Benchmark mode: Average time, time/op
# Benchmark: com.eignex.koblas.bench.KoblasJmhBenchmark.run
# Parameters: (benchmarkMode = jvm-c, caseId = spnrm2+4096+sparse-uniform+density=0.01)

# Run progress: 59.83% complete, ETA 00:01:25
# Fork: 1 of 1
WARNING: A terminally deprecated method in sun.misc.Unsafe has been called
WARNING: sun.misc.Unsafe::objectFieldOffset has been called by org.openjdk.jmh.util.Utils (file:/home/rasmus/.gradle/caches/modules-2/files-2.1/org.openjdk.jmh/jmh-core/1.37/896f27e49105b35ea1964319c83d12082e7a79ef/jmh-core-1.37.jar)
WARNING: Please consider reporting this to the maintainers of class org.openjdk.jmh.util.Utils
WARNING: sun.misc.Unsafe::objectFieldOffset will be removed in a future release
# Warmup Iteration   1: 18.107 ns/op
# Warmup Iteration   2: 17.936 ns/op
# Warmup Iteration   3: 14.990 ns/op
Iteration   1: 15.131 ns/op
Iteration   2: 16.547 ns/op
Iteration   3: 22.461 ns/op
Iteration   4: 26.011 ns/op
Iteration   5: 26.588 ns/op


Result "com.eignex.koblas.bench.KoblasJmhBenchmark.run":
  21.348 ±(99.9%) 20.389 ns/op [Average]
  (min, avg, max) = (15.131, 21.348, 26.588), stdev = 5.295
  CI (99.9%): [0.959, 41.736] (assumes normal distribution)


# JMH version: 1.37
# VM version: JDK 25.0.1, OpenJDK 64-Bit Server VM, 25.0.1+8-LTS
# VM invoker: /home/rasmus/.gradle/jdks/eclipse_adoptium-25-amd64-linux.2/bin/java
# VM options: --enable-native-access=ALL-UNNAMED -Dfile.encoding=UTF-8 -Duser.country -Duser.language=en -Duser.variant -Dkoblas.bench.cases=/home/rasmus/.codex/worktrees/703f/koblas/koblas-bench/reports/f342c3192a41a07cf0454d7d4d5324f8289cc01329bcc9c990b986dcdd2f5922/20260911T153950Z-a038f25ac668/cases.txt
# Blackhole mode: compiler (auto-detected, use -Djmh.blackhole.autoDetect=false to disable)
# Warmup: 3 iterations, 200000000 ns each
# Measurement: 5 iterations, 200000000 ns each
# Timeout: 10 min per iteration
# Threads: 1 thread, will synchronize iterations
# Benchmark mode: Average time, time/op
# Benchmark: com.eignex.koblas.bench.KoblasJmhBenchmark.run
# Parameters: (benchmarkMode = jvm-c, caseId = spnrm2-indexed+4096+sparse-uniform+density=0.01)

# Run progress: 60.68% complete, ETA 00:01:23
# Fork: 1 of 1
WARNING: A terminally deprecated method in sun.misc.Unsafe has been called
WARNING: sun.misc.Unsafe::objectFieldOffset has been called by org.openjdk.jmh.util.Utils (file:/home/rasmus/.gradle/caches/modules-2/files-2.1/org.openjdk.jmh/jmh-core/1.37/896f27e49105b35ea1964319c83d12082e7a79ef/jmh-core-1.37.jar)
WARNING: Please consider reporting this to the maintainers of class org.openjdk.jmh.util.Utils
WARNING: sun.misc.Unsafe::objectFieldOffset will be removed in a future release
# Warmup Iteration   1: 29.386 ns/op
# Warmup Iteration   2: 25.298 ns/op
# Warmup Iteration   3: 24.077 ns/op
Iteration   1: 24.028 ns/op
Iteration   2: 27.707 ns/op
Iteration   3: 28.548 ns/op
Iteration   4: 29.284 ns/op
Iteration   5: 31.013 ns/op


Result "com.eignex.koblas.bench.KoblasJmhBenchmark.run":
  28.116 ±(99.9%) 9.972 ns/op [Average]
  (min, avg, max) = (24.028, 28.116, 31.013), stdev = 2.590
  CI (99.9%): [18.144, 38.088] (assumes normal distribution)


# JMH version: 1.37
# VM version: JDK 25.0.1, OpenJDK 64-Bit Server VM, 25.0.1+8-LTS
# VM invoker: /home/rasmus/.gradle/jdks/eclipse_adoptium-25-amd64-linux.2/bin/java
# VM options: --enable-native-access=ALL-UNNAMED -Dfile.encoding=UTF-8 -Duser.country -Duser.language=en -Duser.variant -Dkoblas.bench.cases=/home/rasmus/.codex/worktrees/703f/koblas/koblas-bench/reports/f342c3192a41a07cf0454d7d4d5324f8289cc01329bcc9c990b986dcdd2f5922/20260911T153950Z-a038f25ac668/cases.txt
# Blackhole mode: compiler (auto-detected, use -Djmh.blackhole.autoDetect=false to disable)
# Warmup: 3 iterations, 200000000 ns each
# Measurement: 5 iterations, 200000000 ns each
# Timeout: 10 min per iteration
# Threads: 1 thread, will synchronize iterations
# Benchmark mode: Average time, time/op
# Benchmark: com.eignex.koblas.bench.KoblasJmhBenchmark.run
# Parameters: (benchmarkMode = jvm-c, caseId = spnrm2-indexed+4096+sparse-uniform+density=0.5)

# Run progress: 61.54% complete, ETA 00:01:22
# Fork: 1 of 1
WARNING: A terminally deprecated method in sun.misc.Unsafe has been called
WARNING: sun.misc.Unsafe::objectFieldOffset has been called by org.openjdk.jmh.util.Utils (file:/home/rasmus/.gradle/caches/modules-2/files-2.1/org.openjdk.jmh/jmh-core/1.37/896f27e49105b35ea1964319c83d12082e7a79ef/jmh-core-1.37.jar)
WARNING: Please consider reporting this to the maintainers of class org.openjdk.jmh.util.Utils
WARNING: sun.misc.Unsafe::objectFieldOffset will be removed in a future release
# Warmup Iteration   1: 2369.746 ns/op
# Warmup Iteration   2: 1999.447 ns/op
# Warmup Iteration   3: 1816.883 ns/op
Iteration   1: 1898.140 ns/op
Iteration   2: 1969.400 ns/op
Iteration   3: 1863.635 ns/op
Iteration   4: 1751.837 ns/op
Iteration   5: 1742.505 ns/op


Result "com.eignex.koblas.bench.KoblasJmhBenchmark.run":
  1845.103 ±(99.9%) 374.479 ns/op [Average]
  (min, avg, max) = (1742.505, 1845.103, 1969.400), stdev = 97.251
  CI (99.9%): [1470.624, 2219.583] (assumes normal distribution)


# JMH version: 1.37
# VM version: JDK 25.0.1, OpenJDK 64-Bit Server VM, 25.0.1+8-LTS
# VM invoker: /home/rasmus/.gradle/jdks/eclipse_adoptium-25-amd64-linux.2/bin/java
# VM options: --enable-native-access=ALL-UNNAMED -Dfile.encoding=UTF-8 -Duser.country -Duser.language=en -Duser.variant -Dkoblas.bench.cases=/home/rasmus/.codex/worktrees/703f/koblas/koblas-bench/reports/f342c3192a41a07cf0454d7d4d5324f8289cc01329bcc9c990b986dcdd2f5922/20260911T153950Z-a038f25ac668/cases.txt
# Blackhole mode: compiler (auto-detected, use -Djmh.blackhole.autoDetect=false to disable)
# Warmup: 3 iterations, 200000000 ns each
# Measurement: 5 iterations, 200000000 ns each
# Timeout: 10 min per iteration
# Threads: 1 thread, will synchronize iterations
# Benchmark mode: Average time, time/op
# Benchmark: com.eignex.koblas.bench.KoblasJmhBenchmark.run
# Parameters: (benchmarkMode = jvm-c, caseId = spnrm2-indexed+262144+sparse-uniform+density=0.03125)

# Run progress: 62.39% complete, ETA 00:01:20
# Fork: 1 of 1
WARNING: A terminally deprecated method in sun.misc.Unsafe has been called
WARNING: sun.misc.Unsafe::objectFieldOffset has been called by org.openjdk.jmh.util.Utils (file:/home/rasmus/.gradle/caches/modules-2/files-2.1/org.openjdk.jmh/jmh-core/1.37/896f27e49105b35ea1964319c83d12082e7a79ef/jmh-core-1.37.jar)
WARNING: Please consider reporting this to the maintainers of class org.openjdk.jmh.util.Utils
WARNING: sun.misc.Unsafe::objectFieldOffset will be removed in a future release
# Warmup Iteration   1: 14547.378 ns/op
# Warmup Iteration   2: 8182.514 ns/op
# Warmup Iteration   3: 7045.955 ns/op
Iteration   1: 6859.365 ns/op
Iteration   2: 6648.544 ns/op
Iteration   3: 6363.025 ns/op
Iteration   4: 6510.500 ns/op
Iteration   5: 6394.146 ns/op


Result "com.eignex.koblas.bench.KoblasJmhBenchmark.run":
  6555.116 ±(99.9%) 784.666 ns/op [Average]
  (min, avg, max) = (6363.025, 6555.116, 6859.365), stdev = 203.775
  CI (99.9%): [5770.450, 7339.782] (assumes normal distribution)


# JMH version: 1.37
# VM version: JDK 25.0.1, OpenJDK 64-Bit Server VM, 25.0.1+8-LTS
# VM invoker: /home/rasmus/.gradle/jdks/eclipse_adoptium-25-amd64-linux.2/bin/java
# VM options: --enable-native-access=ALL-UNNAMED -Dfile.encoding=UTF-8 -Duser.country -Duser.language=en -Duser.variant -Dkoblas.bench.cases=/home/rasmus/.codex/worktrees/703f/koblas/koblas-bench/reports/f342c3192a41a07cf0454d7d4d5324f8289cc01329bcc9c990b986dcdd2f5922/20260911T153950Z-a038f25ac668/cases.txt
# Blackhole mode: compiler (auto-detected, use -Djmh.blackhole.autoDetect=false to disable)
# Warmup: 3 iterations, 200000000 ns each
# Measurement: 5 iterations, 200000000 ns each
# Timeout: 10 min per iteration
# Threads: 1 thread, will synchronize iterations
# Benchmark mode: Average time, time/op
# Benchmark: com.eignex.koblas.bench.KoblasJmhBenchmark.run
# Parameters: (benchmarkMode = jvm-c, caseId = spasum+4096+sparse-uniform+density=0.01)

# Run progress: 63.25% complete, ETA 00:01:18
# Fork: 1 of 1
WARNING: A terminally deprecated method in sun.misc.Unsafe has been called
WARNING: sun.misc.Unsafe::objectFieldOffset has been called by org.openjdk.jmh.util.Utils (file:/home/rasmus/.gradle/caches/modules-2/files-2.1/org.openjdk.jmh/jmh-core/1.37/896f27e49105b35ea1964319c83d12082e7a79ef/jmh-core-1.37.jar)
WARNING: Please consider reporting this to the maintainers of class org.openjdk.jmh.util.Utils
WARNING: sun.misc.Unsafe::objectFieldOffset will be removed in a future release
# Warmup Iteration   1: 24.100 ns/op
# Warmup Iteration   2: 21.253 ns/op
# Warmup Iteration   3: 19.733 ns/op
Iteration   1: 18.502 ns/op
Iteration   2: 18.407 ns/op
Iteration   3: 18.800 ns/op
Iteration   4: 19.605 ns/op
Iteration   5: 20.482 ns/op


Result "com.eignex.koblas.bench.KoblasJmhBenchmark.run":
  19.159 ±(99.9%) 3.376 ns/op [Average]
  (min, avg, max) = (18.407, 19.159, 20.482), stdev = 0.877
  CI (99.9%): [15.783, 22.535] (assumes normal distribution)


# JMH version: 1.37
# VM version: JDK 25.0.1, OpenJDK 64-Bit Server VM, 25.0.1+8-LTS
# VM invoker: /home/rasmus/.gradle/jdks/eclipse_adoptium-25-amd64-linux.2/bin/java
# VM options: --enable-native-access=ALL-UNNAMED -Dfile.encoding=UTF-8 -Duser.country -Duser.language=en -Duser.variant -Dkoblas.bench.cases=/home/rasmus/.codex/worktrees/703f/koblas/koblas-bench/reports/f342c3192a41a07cf0454d7d4d5324f8289cc01329bcc9c990b986dcdd2f5922/20260911T153950Z-a038f25ac668/cases.txt
# Blackhole mode: compiler (auto-detected, use -Djmh.blackhole.autoDetect=false to disable)
# Warmup: 3 iterations, 200000000 ns each
# Measurement: 5 iterations, 200000000 ns each
# Timeout: 10 min per iteration
# Threads: 1 thread, will synchronize iterations
# Benchmark mode: Average time, time/op
# Benchmark: com.eignex.koblas.bench.KoblasJmhBenchmark.run
# Parameters: (benchmarkMode = jvm-c, caseId = spscatter+4096+sparse-uniform+density=0.01)

# Run progress: 64.10% complete, ETA 00:01:16
# Fork: 1 of 1
WARNING: A terminally deprecated method in sun.misc.Unsafe has been called
WARNING: sun.misc.Unsafe::objectFieldOffset has been called by org.openjdk.jmh.util.Utils (file:/home/rasmus/.gradle/caches/modules-2/files-2.1/org.openjdk.jmh/jmh-core/1.37/896f27e49105b35ea1964319c83d12082e7a79ef/jmh-core-1.37.jar)
WARNING: Please consider reporting this to the maintainers of class org.openjdk.jmh.util.Utils
WARNING: sun.misc.Unsafe::objectFieldOffset will be removed in a future release
# Warmup Iteration   1: 1301.401 ns/op
# Warmup Iteration   2: 1130.562 ns/op
# Warmup Iteration   3: 1041.980 ns/op
Iteration   1: 981.715 ns/op
Iteration   2: 983.301 ns/op
Iteration   3: 960.981 ns/op
Iteration   4: 978.868 ns/op
Iteration   5: 1013.670 ns/op


Result "com.eignex.koblas.bench.KoblasJmhBenchmark.run":
  983.707 ±(99.9%) 73.106 ns/op [Average]
  (min, avg, max) = (960.981, 983.707, 1013.670), stdev = 18.985
  CI (99.9%): [910.600, 1056.813] (assumes normal distribution)


# JMH version: 1.37
# VM version: JDK 25.0.1, OpenJDK 64-Bit Server VM, 25.0.1+8-LTS
# VM invoker: /home/rasmus/.gradle/jdks/eclipse_adoptium-25-amd64-linux.2/bin/java
# VM options: --enable-native-access=ALL-UNNAMED -Dfile.encoding=UTF-8 -Duser.country -Duser.language=en -Duser.variant -Dkoblas.bench.cases=/home/rasmus/.codex/worktrees/703f/koblas/koblas-bench/reports/f342c3192a41a07cf0454d7d4d5324f8289cc01329bcc9c990b986dcdd2f5922/20260911T153950Z-a038f25ac668/cases.txt
# Blackhole mode: compiler (auto-detected, use -Djmh.blackhole.autoDetect=false to disable)
# Warmup: 3 iterations, 200000000 ns each
# Measurement: 5 iterations, 200000000 ns each
# Timeout: 10 min per iteration
# Threads: 1 thread, will synchronize iterations
# Benchmark mode: Average time, time/op
# Benchmark: com.eignex.koblas.bench.KoblasJmhBenchmark.run
# Parameters: (benchmarkMode = jvm-c, caseId = spscatter-raw+64+sparse-uniform+density=0.125)

# Run progress: 64.96% complete, ETA 00:01:15
# Fork: 1 of 1
WARNING: A terminally deprecated method in sun.misc.Unsafe has been called
WARNING: sun.misc.Unsafe::objectFieldOffset has been called by org.openjdk.jmh.util.Utils (file:/home/rasmus/.gradle/caches/modules-2/files-2.1/org.openjdk.jmh/jmh-core/1.37/896f27e49105b35ea1964319c83d12082e7a79ef/jmh-core-1.37.jar)
WARNING: Please consider reporting this to the maintainers of class org.openjdk.jmh.util.Utils
WARNING: sun.misc.Unsafe::objectFieldOffset will be removed in a future release
# Warmup Iteration   1: 21.816 ns/op
# Warmup Iteration   2: 19.103 ns/op
# Warmup Iteration   3: 16.829 ns/op
Iteration   1: 18.813 ns/op
Iteration   2: 18.045 ns/op
Iteration   3: 16.960 ns/op
Iteration   4: 16.719 ns/op
Iteration   5: 17.059 ns/op


Result "com.eignex.koblas.bench.KoblasJmhBenchmark.run":
  17.519 ±(99.9%) 3.397 ns/op [Average]
  (min, avg, max) = (16.719, 17.519, 18.813), stdev = 0.882
  CI (99.9%): [14.122, 20.917] (assumes normal distribution)


# JMH version: 1.37
# VM version: JDK 25.0.1, OpenJDK 64-Bit Server VM, 25.0.1+8-LTS
# VM invoker: /home/rasmus/.gradle/jdks/eclipse_adoptium-25-amd64-linux.2/bin/java
# VM options: --enable-native-access=ALL-UNNAMED -Dfile.encoding=UTF-8 -Duser.country -Duser.language=en -Duser.variant -Dkoblas.bench.cases=/home/rasmus/.codex/worktrees/703f/koblas/koblas-bench/reports/f342c3192a41a07cf0454d7d4d5324f8289cc01329bcc9c990b986dcdd2f5922/20260911T153950Z-a038f25ac668/cases.txt
# Blackhole mode: compiler (auto-detected, use -Djmh.blackhole.autoDetect=false to disable)
# Warmup: 3 iterations, 200000000 ns each
# Measurement: 5 iterations, 200000000 ns each
# Timeout: 10 min per iteration
# Threads: 1 thread, will synchronize iterations
# Benchmark mode: Average time, time/op
# Benchmark: com.eignex.koblas.bench.KoblasJmhBenchmark.run
# Parameters: (benchmarkMode = jvm-c, caseId = spscatter-raw+4096+sparse-uniform+density=0.0625)

# Run progress: 65.81% complete, ETA 00:01:13
# Fork: 1 of 1
WARNING: A terminally deprecated method in sun.misc.Unsafe has been called
WARNING: sun.misc.Unsafe::objectFieldOffset has been called by org.openjdk.jmh.util.Utils (file:/home/rasmus/.gradle/caches/modules-2/files-2.1/org.openjdk.jmh/jmh-core/1.37/896f27e49105b35ea1964319c83d12082e7a79ef/jmh-core-1.37.jar)
WARNING: Please consider reporting this to the maintainers of class org.openjdk.jmh.util.Utils
WARNING: sun.misc.Unsafe::objectFieldOffset will be removed in a future release
# Warmup Iteration   1: 3151.808 ns/op
# Warmup Iteration   2: 2521.728 ns/op
# Warmup Iteration   3: 2386.626 ns/op
Iteration   1: 2116.655 ns/op
Iteration   2: 2016.581 ns/op
Iteration   3: 2074.578 ns/op
Iteration   4: 1973.128 ns/op
Iteration   5: 1939.207 ns/op


Result "com.eignex.koblas.bench.KoblasJmhBenchmark.run":
  2024.030 ±(99.9%) 278.846 ns/op [Average]
  (min, avg, max) = (1939.207, 2024.030, 2116.655), stdev = 72.415
  CI (99.9%): [1745.184, 2302.875] (assumes normal distribution)


# JMH version: 1.37
# VM version: JDK 25.0.1, OpenJDK 64-Bit Server VM, 25.0.1+8-LTS
# VM invoker: /home/rasmus/.gradle/jdks/eclipse_adoptium-25-amd64-linux.2/bin/java
# VM options: --enable-native-access=ALL-UNNAMED -Dfile.encoding=UTF-8 -Duser.country -Duser.language=en -Duser.variant -Dkoblas.bench.cases=/home/rasmus/.codex/worktrees/703f/koblas/koblas-bench/reports/f342c3192a41a07cf0454d7d4d5324f8289cc01329bcc9c990b986dcdd2f5922/20260911T153950Z-a038f25ac668/cases.txt
# Blackhole mode: compiler (auto-detected, use -Djmh.blackhole.autoDetect=false to disable)
# Warmup: 3 iterations, 200000000 ns each
# Measurement: 5 iterations, 200000000 ns each
# Timeout: 10 min per iteration
# Threads: 1 thread, will synchronize iterations
# Benchmark mode: Average time, time/op
# Benchmark: com.eignex.koblas.bench.KoblasJmhBenchmark.run
# Parameters: (benchmarkMode = jvm-c, caseId = spscatter-raw+65536+sparse-uniform+density=0.015625)

# Run progress: 66.67% complete, ETA 00:01:11
# Fork: 1 of 1
WARNING: A terminally deprecated method in sun.misc.Unsafe has been called
WARNING: sun.misc.Unsafe::objectFieldOffset has been called by org.openjdk.jmh.util.Utils (file:/home/rasmus/.gradle/caches/modules-2/files-2.1/org.openjdk.jmh/jmh-core/1.37/896f27e49105b35ea1964319c83d12082e7a79ef/jmh-core-1.37.jar)
WARNING: Please consider reporting this to the maintainers of class org.openjdk.jmh.util.Utils
WARNING: sun.misc.Unsafe::objectFieldOffset will be removed in a future release
# Warmup Iteration   1: 17501.329 ns/op
# Warmup Iteration   2: 14949.833 ns/op
# Warmup Iteration   3: 13691.695 ns/op
Iteration   1: 13892.016 ns/op
Iteration   2: 14236.793 ns/op
Iteration   3: 15438.323 ns/op
Iteration   4: 14178.183 ns/op
Iteration   5: 14248.492 ns/op


Result "com.eignex.koblas.bench.KoblasJmhBenchmark.run":
  14398.761 ±(99.9%) 2306.330 ns/op [Average]
  (min, avg, max) = (13892.016, 14398.761, 15438.323), stdev = 598.946
  CI (99.9%): [12092.432, 16705.091] (assumes normal distribution)


# JMH version: 1.37
# VM version: JDK 25.0.1, OpenJDK 64-Bit Server VM, 25.0.1+8-LTS
# VM invoker: /home/rasmus/.gradle/jdks/eclipse_adoptium-25-amd64-linux.2/bin/java
# VM options: --enable-native-access=ALL-UNNAMED -Dfile.encoding=UTF-8 -Duser.country -Duser.language=en -Duser.variant -Dkoblas.bench.cases=/home/rasmus/.codex/worktrees/703f/koblas/koblas-bench/reports/f342c3192a41a07cf0454d7d4d5324f8289cc01329bcc9c990b986dcdd2f5922/20260911T153950Z-a038f25ac668/cases.txt
# Blackhole mode: compiler (auto-detected, use -Djmh.blackhole.autoDetect=false to disable)
# Warmup: 3 iterations, 200000000 ns each
# Measurement: 5 iterations, 200000000 ns each
# Timeout: 10 min per iteration
# Threads: 1 thread, will synchronize iterations
# Benchmark mode: Average time, time/op
# Benchmark: com.eignex.koblas.bench.KoblasJmhBenchmark.run
# Parameters: (benchmarkMode = jvm-c, caseId = spscatter-raw+262144+sparse-uniform+density=0.03125)

# Run progress: 67.52% complete, ETA 00:01:09
# Fork: 1 of 1
WARNING: A terminally deprecated method in sun.misc.Unsafe has been called
WARNING: sun.misc.Unsafe::objectFieldOffset has been called by org.openjdk.jmh.util.Utils (file:/home/rasmus/.gradle/caches/modules-2/files-2.1/org.openjdk.jmh/jmh-core/1.37/896f27e49105b35ea1964319c83d12082e7a79ef/jmh-core-1.37.jar)
WARNING: Please consider reporting this to the maintainers of class org.openjdk.jmh.util.Utils
WARNING: sun.misc.Unsafe::objectFieldOffset will be removed in a future release
# Warmup Iteration   1: 250022.353 ns/op
# Warmup Iteration   2: 159357.585 ns/op
# Warmup Iteration   3: 155915.900 ns/op
Iteration   1: 146666.898 ns/op
Iteration   2: 145330.276 ns/op
Iteration   3: 145610.316 ns/op
Iteration   4: 142384.700 ns/op
Iteration   5: 143344.484 ns/op


Result "com.eignex.koblas.bench.KoblasJmhBenchmark.run":
  144667.335 ±(99.9%) 6748.882 ns/op [Average]
  (min, avg, max) = (142384.700, 144667.335, 146666.898), stdev = 1752.663
  CI (99.9%): [137918.453, 151416.217] (assumes normal distribution)


# JMH version: 1.37
# VM version: JDK 25.0.1, OpenJDK 64-Bit Server VM, 25.0.1+8-LTS
# VM invoker: /home/rasmus/.gradle/jdks/eclipse_adoptium-25-amd64-linux.2/bin/java
# VM options: --enable-native-access=ALL-UNNAMED -Dfile.encoding=UTF-8 -Duser.country -Duser.language=en -Duser.variant -Dkoblas.bench.cases=/home/rasmus/.codex/worktrees/703f/koblas/koblas-bench/reports/f342c3192a41a07cf0454d7d4d5324f8289cc01329bcc9c990b986dcdd2f5922/20260911T153950Z-a038f25ac668/cases.txt
# Blackhole mode: compiler (auto-detected, use -Djmh.blackhole.autoDetect=false to disable)
# Warmup: 3 iterations, 200000000 ns each
# Measurement: 5 iterations, 200000000 ns each
# Timeout: 10 min per iteration
# Threads: 1 thread, will synchronize iterations
# Benchmark mode: Average time, time/op
# Benchmark: com.eignex.koblas.bench.KoblasJmhBenchmark.run
# Parameters: (benchmarkMode = jvm-c, caseId = spgather+4096+sparse-uniform+density=0.01)

# Run progress: 68.38% complete, ETA 00:01:08
# Fork: 1 of 1
WARNING: A terminally deprecated method in sun.misc.Unsafe has been called
WARNING: sun.misc.Unsafe::objectFieldOffset has been called by org.openjdk.jmh.util.Utils (file:/home/rasmus/.gradle/caches/modules-2/files-2.1/org.openjdk.jmh/jmh-core/1.37/896f27e49105b35ea1964319c83d12082e7a79ef/jmh-core-1.37.jar)
WARNING: Please consider reporting this to the maintainers of class org.openjdk.jmh.util.Utils
WARNING: sun.misc.Unsafe::objectFieldOffset will be removed in a future release
# Warmup Iteration   1: 1113.701 ns/op
# Warmup Iteration   2: 930.498 ns/op
# Warmup Iteration   3: 877.189 ns/op
Iteration   1: 908.581 ns/op
Iteration   2: 905.863 ns/op
Iteration   3: 996.017 ns/op
Iteration   4: 1009.509 ns/op
Iteration   5: 1080.909 ns/op


Result "com.eignex.koblas.bench.KoblasJmhBenchmark.run":
  980.176 ±(99.9%) 284.967 ns/op [Average]
  (min, avg, max) = (905.863, 980.176, 1080.909), stdev = 74.005
  CI (99.9%): [695.209, 1265.142] (assumes normal distribution)


# JMH version: 1.37
# VM version: JDK 25.0.1, OpenJDK 64-Bit Server VM, 25.0.1+8-LTS
# VM invoker: /home/rasmus/.gradle/jdks/eclipse_adoptium-25-amd64-linux.2/bin/java
# VM options: --enable-native-access=ALL-UNNAMED -Dfile.encoding=UTF-8 -Duser.country -Duser.language=en -Duser.variant -Dkoblas.bench.cases=/home/rasmus/.codex/worktrees/703f/koblas/koblas-bench/reports/f342c3192a41a07cf0454d7d4d5324f8289cc01329bcc9c990b986dcdd2f5922/20260911T153950Z-a038f25ac668/cases.txt
# Blackhole mode: compiler (auto-detected, use -Djmh.blackhole.autoDetect=false to disable)
# Warmup: 3 iterations, 200000000 ns each
# Measurement: 5 iterations, 200000000 ns each
# Timeout: 10 min per iteration
# Threads: 1 thread, will synchronize iterations
# Benchmark mode: Average time, time/op
# Benchmark: com.eignex.koblas.bench.KoblasJmhBenchmark.run
# Parameters: (benchmarkMode = jvm-c, caseId = spgather-zero+4096+sparse-uniform+density=0.01)

# Run progress: 69.23% complete, ETA 00:01:06
# Fork: 1 of 1
WARNING: A terminally deprecated method in sun.misc.Unsafe has been called
WARNING: sun.misc.Unsafe::objectFieldOffset has been called by org.openjdk.jmh.util.Utils (file:/home/rasmus/.gradle/caches/modules-2/files-2.1/org.openjdk.jmh/jmh-core/1.37/896f27e49105b35ea1964319c83d12082e7a79ef/jmh-core-1.37.jar)
WARNING: Please consider reporting this to the maintainers of class org.openjdk.jmh.util.Utils
WARNING: sun.misc.Unsafe::objectFieldOffset will be removed in a future release
# Warmup Iteration   1: 2302.556 ns/op
# Warmup Iteration   2: 1399.789 ns/op
# Warmup Iteration   3: 1178.778 ns/op
Iteration   1: 1082.701 ns/op
Iteration   2: 1005.306 ns/op
Iteration   3: 1028.920 ns/op
Iteration   4: 1002.870 ns/op
Iteration   5: 1063.907 ns/op


Result "com.eignex.koblas.bench.KoblasJmhBenchmark.run":
  1036.741 ±(99.9%) 136.779 ns/op [Average]
  (min, avg, max) = (1002.870, 1036.741, 1082.701), stdev = 35.521
  CI (99.9%): [899.962, 1173.520] (assumes normal distribution)


# JMH version: 1.37
# VM version: JDK 25.0.1, OpenJDK 64-Bit Server VM, 25.0.1+8-LTS
# VM invoker: /home/rasmus/.gradle/jdks/eclipse_adoptium-25-amd64-linux.2/bin/java
# VM options: --enable-native-access=ALL-UNNAMED -Dfile.encoding=UTF-8 -Duser.country -Duser.language=en -Duser.variant -Dkoblas.bench.cases=/home/rasmus/.codex/worktrees/703f/koblas/koblas-bench/reports/f342c3192a41a07cf0454d7d4d5324f8289cc01329bcc9c990b986dcdd2f5922/20260911T153950Z-a038f25ac668/cases.txt
# Blackhole mode: compiler (auto-detected, use -Djmh.blackhole.autoDetect=false to disable)
# Warmup: 3 iterations, 200000000 ns each
# Measurement: 5 iterations, 200000000 ns each
# Timeout: 10 min per iteration
# Threads: 1 thread, will synchronize iterations
# Benchmark mode: Average time, time/op
# Benchmark: com.eignex.koblas.bench.KoblasJmhBenchmark.run
# Parameters: (benchmarkMode = jvm-c, caseId = spgemv+257x129+sparse-uniform+density=0.01+mode=prepared)

# Run progress: 70.09% complete, ETA 00:01:04
# Fork: 1 of 1
WARNING: A terminally deprecated method in sun.misc.Unsafe has been called
WARNING: sun.misc.Unsafe::objectFieldOffset has been called by org.openjdk.jmh.util.Utils (file:/home/rasmus/.gradle/caches/modules-2/files-2.1/org.openjdk.jmh/jmh-core/1.37/896f27e49105b35ea1964319c83d12082e7a79ef/jmh-core-1.37.jar)
WARNING: Please consider reporting this to the maintainers of class org.openjdk.jmh.util.Utils
WARNING: sun.misc.Unsafe::objectFieldOffset will be removed in a future release
# Warmup Iteration   1: 889.002 ns/op
# Warmup Iteration   2: 623.420 ns/op
# Warmup Iteration   3: 566.356 ns/op
Iteration   1: 557.606 ns/op
Iteration   2: 550.712 ns/op
Iteration   3: 516.226 ns/op
Iteration   4: 508.622 ns/op
Iteration   5: 519.584 ns/op


Result "com.eignex.koblas.bench.KoblasJmhBenchmark.run":
  530.550 ±(99.9%) 84.906 ns/op [Average]
  (min, avg, max) = (508.622, 530.550, 557.606), stdev = 22.050
  CI (99.9%): [445.644, 615.456] (assumes normal distribution)


# JMH version: 1.37
# VM version: JDK 25.0.1, OpenJDK 64-Bit Server VM, 25.0.1+8-LTS
# VM invoker: /home/rasmus/.gradle/jdks/eclipse_adoptium-25-amd64-linux.2/bin/java
# VM options: --enable-native-access=ALL-UNNAMED -Dfile.encoding=UTF-8 -Duser.country -Duser.language=en -Duser.variant -Dkoblas.bench.cases=/home/rasmus/.codex/worktrees/703f/koblas/koblas-bench/reports/f342c3192a41a07cf0454d7d4d5324f8289cc01329bcc9c990b986dcdd2f5922/20260911T153950Z-a038f25ac668/cases.txt
# Blackhole mode: compiler (auto-detected, use -Djmh.blackhole.autoDetect=false to disable)
# Warmup: 3 iterations, 200000000 ns each
# Measurement: 5 iterations, 200000000 ns each
# Timeout: 10 min per iteration
# Threads: 1 thread, will synchronize iterations
# Benchmark mode: Average time, time/op
# Benchmark: com.eignex.koblas.bench.KoblasJmhBenchmark.run
# Parameters: (benchmarkMode = jvm-c, caseId = spgemv+257x129+sparse-uniform+density=0.01+mode=oneshot)

# Run progress: 70.94% complete, ETA 00:01:02
# Fork: 1 of 1
WARNING: A terminally deprecated method in sun.misc.Unsafe has been called
WARNING: sun.misc.Unsafe::objectFieldOffset has been called by org.openjdk.jmh.util.Utils (file:/home/rasmus/.gradle/caches/modules-2/files-2.1/org.openjdk.jmh/jmh-core/1.37/896f27e49105b35ea1964319c83d12082e7a79ef/jmh-core-1.37.jar)
WARNING: Please consider reporting this to the maintainers of class org.openjdk.jmh.util.Utils
WARNING: sun.misc.Unsafe::objectFieldOffset will be removed in a future release
# Warmup Iteration   1: 914.712 ns/op
# Warmup Iteration   2: 655.665 ns/op
# Warmup Iteration   3: 582.101 ns/op
Iteration   1: 558.510 ns/op
Iteration   2: 550.142 ns/op
Iteration   3: 579.127 ns/op
Iteration   4: 606.630 ns/op
Iteration   5: 549.375 ns/op


Result "com.eignex.koblas.bench.KoblasJmhBenchmark.run":
  568.757 ±(99.9%) 93.711 ns/op [Average]
  (min, avg, max) = (549.375, 568.757, 606.630), stdev = 24.337
  CI (99.9%): [475.045, 662.468] (assumes normal distribution)


# JMH version: 1.37
# VM version: JDK 25.0.1, OpenJDK 64-Bit Server VM, 25.0.1+8-LTS
# VM invoker: /home/rasmus/.gradle/jdks/eclipse_adoptium-25-amd64-linux.2/bin/java
# VM options: --enable-native-access=ALL-UNNAMED -Dfile.encoding=UTF-8 -Duser.country -Duser.language=en -Duser.variant -Dkoblas.bench.cases=/home/rasmus/.codex/worktrees/703f/koblas/koblas-bench/reports/f342c3192a41a07cf0454d7d4d5324f8289cc01329bcc9c990b986dcdd2f5922/20260911T153950Z-a038f25ac668/cases.txt
# Blackhole mode: compiler (auto-detected, use -Djmh.blackhole.autoDetect=false to disable)
# Warmup: 3 iterations, 200000000 ns each
# Measurement: 5 iterations, 200000000 ns each
# Timeout: 10 min per iteration
# Threads: 1 thread, will synchronize iterations
# Benchmark mode: Average time, time/op
# Benchmark: com.eignex.koblas.bench.KoblasJmhBenchmark.run
# Parameters: (benchmarkMode = jvm-c, caseId = spmm+257x8x129+sparse-uniform+density=0.01+mode=prepared)

# Run progress: 71.79% complete, ETA 00:01:01
# Fork: 1 of 1
WARNING: A terminally deprecated method in sun.misc.Unsafe has been called
WARNING: sun.misc.Unsafe::objectFieldOffset has been called by org.openjdk.jmh.util.Utils (file:/home/rasmus/.gradle/caches/modules-2/files-2.1/org.openjdk.jmh/jmh-core/1.37/896f27e49105b35ea1964319c83d12082e7a79ef/jmh-core-1.37.jar)
WARNING: Please consider reporting this to the maintainers of class org.openjdk.jmh.util.Utils
WARNING: sun.misc.Unsafe::objectFieldOffset will be removed in a future release
# Warmup Iteration   1: 5453.764 ns/op
# Warmup Iteration   2: 4090.002 ns/op
# Warmup Iteration   3: 4176.615 ns/op
Iteration   1: 3781.242 ns/op
Iteration   2: 3959.786 ns/op
Iteration   3: 3921.986 ns/op
Iteration   4: 3936.542 ns/op
Iteration   5: 3818.889 ns/op


Result "com.eignex.koblas.bench.KoblasJmhBenchmark.run":
  3883.689 ±(99.9%) 302.865 ns/op [Average]
  (min, avg, max) = (3781.242, 3883.689, 3959.786), stdev = 78.653
  CI (99.9%): [3580.824, 4186.554] (assumes normal distribution)


# JMH version: 1.37
# VM version: JDK 25.0.1, OpenJDK 64-Bit Server VM, 25.0.1+8-LTS
# VM invoker: /home/rasmus/.gradle/jdks/eclipse_adoptium-25-amd64-linux.2/bin/java
# VM options: --enable-native-access=ALL-UNNAMED -Dfile.encoding=UTF-8 -Duser.country -Duser.language=en -Duser.variant -Dkoblas.bench.cases=/home/rasmus/.codex/worktrees/703f/koblas/koblas-bench/reports/f342c3192a41a07cf0454d7d4d5324f8289cc01329bcc9c990b986dcdd2f5922/20260911T153950Z-a038f25ac668/cases.txt
# Blackhole mode: compiler (auto-detected, use -Djmh.blackhole.autoDetect=false to disable)
# Warmup: 3 iterations, 200000000 ns each
# Measurement: 5 iterations, 200000000 ns each
# Timeout: 10 min per iteration
# Threads: 1 thread, will synchronize iterations
# Benchmark mode: Average time, time/op
# Benchmark: com.eignex.koblas.bench.KoblasJmhBenchmark.run
# Parameters: (benchmarkMode = jvm-c, caseId = spmm+257x8x129+sparse-uniform+density=0.01+mode=oneshot)

# Run progress: 72.65% complete, ETA 00:00:59
# Fork: 1 of 1
WARNING: A terminally deprecated method in sun.misc.Unsafe has been called
WARNING: sun.misc.Unsafe::objectFieldOffset has been called by org.openjdk.jmh.util.Utils (file:/home/rasmus/.gradle/caches/modules-2/files-2.1/org.openjdk.jmh/jmh-core/1.37/896f27e49105b35ea1964319c83d12082e7a79ef/jmh-core-1.37.jar)
WARNING: Please consider reporting this to the maintainers of class org.openjdk.jmh.util.Utils
WARNING: sun.misc.Unsafe::objectFieldOffset will be removed in a future release
# Warmup Iteration   1: 7028.142 ns/op
# Warmup Iteration   2: 5548.046 ns/op
# Warmup Iteration   3: 4994.990 ns/op
Iteration   1: 4787.415 ns/op
Iteration   2: 4658.774 ns/op
Iteration   3: 4030.503 ns/op
Iteration   4: 3871.097 ns/op
Iteration   5: 3794.761 ns/op


Result "com.eignex.koblas.bench.KoblasJmhBenchmark.run":
  4228.510 ±(99.9%) 1777.762 ns/op [Average]
  (min, avg, max) = (3794.761, 4228.510, 4787.415), stdev = 461.679
  CI (99.9%): [2450.748, 6006.272] (assumes normal distribution)


# JMH version: 1.37
# VM version: JDK 25.0.1, OpenJDK 64-Bit Server VM, 25.0.1+8-LTS
# VM invoker: /home/rasmus/.gradle/jdks/eclipse_adoptium-25-amd64-linux.2/bin/java
# VM options: --enable-native-access=ALL-UNNAMED -Dfile.encoding=UTF-8 -Duser.country -Duser.language=en -Duser.variant -Dkoblas.bench.cases=/home/rasmus/.codex/worktrees/703f/koblas/koblas-bench/reports/f342c3192a41a07cf0454d7d4d5324f8289cc01329bcc9c990b986dcdd2f5922/20260911T153950Z-a038f25ac668/cases.txt
# Blackhole mode: compiler (auto-detected, use -Djmh.blackhole.autoDetect=false to disable)
# Warmup: 3 iterations, 200000000 ns each
# Measurement: 5 iterations, 200000000 ns each
# Timeout: 10 min per iteration
# Threads: 1 thread, will synchronize iterations
# Benchmark mode: Average time, time/op
# Benchmark: com.eignex.koblas.bench.KoblasJmhBenchmark.run
# Parameters: (benchmarkMode = jvm-c, caseId = spgemm+129x97x65+sparse-uniform+density=0.01+mode=prepared)

# Run progress: 73.50% complete, ETA 00:00:57
# Fork: 1 of 1
WARNING: A terminally deprecated method in sun.misc.Unsafe has been called
WARNING: sun.misc.Unsafe::objectFieldOffset has been called by org.openjdk.jmh.util.Utils (file:/home/rasmus/.gradle/caches/modules-2/files-2.1/org.openjdk.jmh/jmh-core/1.37/896f27e49105b35ea1964319c83d12082e7a79ef/jmh-core-1.37.jar)
WARNING: Please consider reporting this to the maintainers of class org.openjdk.jmh.util.Utils
WARNING: sun.misc.Unsafe::objectFieldOffset will be removed in a future release
# Warmup Iteration   1: 4971.543 ns/op
# Warmup Iteration   2: 2562.205 ns/op
# Warmup Iteration   3: 2149.396 ns/op
Iteration   1: 1842.746 ns/op
Iteration   2: 1872.924 ns/op
Iteration   3: 1880.201 ns/op
Iteration   4: 1869.361 ns/op
Iteration   5: 1821.301 ns/op


Result "com.eignex.koblas.bench.KoblasJmhBenchmark.run":
  1857.307 ±(99.9%) 94.748 ns/op [Average]
  (min, avg, max) = (1821.301, 1857.307, 1880.201), stdev = 24.606
  CI (99.9%): [1762.559, 1952.054] (assumes normal distribution)


# JMH version: 1.37
# VM version: JDK 25.0.1, OpenJDK 64-Bit Server VM, 25.0.1+8-LTS
# VM invoker: /home/rasmus/.gradle/jdks/eclipse_adoptium-25-amd64-linux.2/bin/java
# VM options: --enable-native-access=ALL-UNNAMED -Dfile.encoding=UTF-8 -Duser.country -Duser.language=en -Duser.variant -Dkoblas.bench.cases=/home/rasmus/.codex/worktrees/703f/koblas/koblas-bench/reports/f342c3192a41a07cf0454d7d4d5324f8289cc01329bcc9c990b986dcdd2f5922/20260911T153950Z-a038f25ac668/cases.txt
# Blackhole mode: compiler (auto-detected, use -Djmh.blackhole.autoDetect=false to disable)
# Warmup: 3 iterations, 200000000 ns each
# Measurement: 5 iterations, 200000000 ns each
# Timeout: 10 min per iteration
# Threads: 1 thread, will synchronize iterations
# Benchmark mode: Average time, time/op
# Benchmark: com.eignex.koblas.bench.KoblasJmhBenchmark.run
# Parameters: (benchmarkMode = jvm-c, caseId = spgemm+129x97x65+sparse-uniform+density=0.01+mode=oneshot)

# Run progress: 74.36% complete, ETA 00:00:55
# Fork: 1 of 1
WARNING: A terminally deprecated method in sun.misc.Unsafe has been called
WARNING: sun.misc.Unsafe::objectFieldOffset has been called by org.openjdk.jmh.util.Utils (file:/home/rasmus/.gradle/caches/modules-2/files-2.1/org.openjdk.jmh/jmh-core/1.37/896f27e49105b35ea1964319c83d12082e7a79ef/jmh-core-1.37.jar)
WARNING: Please consider reporting this to the maintainers of class org.openjdk.jmh.util.Utils
WARNING: sun.misc.Unsafe::objectFieldOffset will be removed in a future release
# Warmup Iteration   1: 4578.849 ns/op
# Warmup Iteration   2: 3061.005 ns/op
# Warmup Iteration   3: 2859.838 ns/op
Iteration   1: 2843.232 ns/op
Iteration   2: 2431.669 ns/op
Iteration   3: 2065.115 ns/op
Iteration   4: 1924.793 ns/op
Iteration   5: 1951.092 ns/op


Result "com.eignex.koblas.bench.KoblasJmhBenchmark.run":
  2243.180 ±(99.9%) 1508.626 ns/op [Average]
  (min, avg, max) = (1924.793, 2243.180, 2843.232), stdev = 391.785
  CI (99.9%): [734.554, 3751.806] (assumes normal distribution)


# JMH version: 1.37
# VM version: JDK 25.0.1, OpenJDK 64-Bit Server VM, 25.0.1+8-LTS
# VM invoker: /home/rasmus/.gradle/jdks/eclipse_adoptium-25-amd64-linux.2/bin/java
# VM options: --enable-native-access=ALL-UNNAMED -Dfile.encoding=UTF-8 -Duser.country -Duser.language=en -Duser.variant -Dkoblas.bench.cases=/home/rasmus/.codex/worktrees/703f/koblas/koblas-bench/reports/f342c3192a41a07cf0454d7d4d5324f8289cc01329bcc9c990b986dcdd2f5922/20260911T153950Z-a038f25ac668/cases.txt
# Blackhole mode: compiler (auto-detected, use -Djmh.blackhole.autoDetect=false to disable)
# Warmup: 3 iterations, 200000000 ns each
# Measurement: 5 iterations, 200000000 ns each
# Timeout: 10 min per iteration
# Threads: 1 thread, will synchronize iterations
# Benchmark mode: Average time, time/op
# Benchmark: com.eignex.koblas.bench.KoblasJmhBenchmark.run
# Parameters: (benchmarkMode = jvm-c, caseId = spsymv+129+sparse-triangular+density=0.02+mode=oneshot+uplo=L)

# Run progress: 75.21% complete, ETA 00:00:53
# Fork: 1 of 1
WARNING: A terminally deprecated method in sun.misc.Unsafe has been called
WARNING: sun.misc.Unsafe::objectFieldOffset has been called by org.openjdk.jmh.util.Utils (file:/home/rasmus/.gradle/caches/modules-2/files-2.1/org.openjdk.jmh/jmh-core/1.37/896f27e49105b35ea1964319c83d12082e7a79ef/jmh-core-1.37.jar)
WARNING: Please consider reporting this to the maintainers of class org.openjdk.jmh.util.Utils
WARNING: sun.misc.Unsafe::objectFieldOffset will be removed in a future release
# Warmup Iteration   1: 1048.656 ns/op
# Warmup Iteration   2: 846.797 ns/op
# Warmup Iteration   3: 854.906 ns/op
Iteration   1: 889.096 ns/op
Iteration   2: 786.814 ns/op
Iteration   3: 711.411 ns/op
Iteration   4: 687.018 ns/op
Iteration   5: 688.269 ns/op


Result "com.eignex.koblas.bench.KoblasJmhBenchmark.run":
  752.522 ±(99.9%) 333.129 ns/op [Average]
  (min, avg, max) = (687.018, 752.522, 889.096), stdev = 86.513
  CI (99.9%): [419.393, 1085.650] (assumes normal distribution)


# JMH version: 1.37
# VM version: JDK 25.0.1, OpenJDK 64-Bit Server VM, 25.0.1+8-LTS
# VM invoker: /home/rasmus/.gradle/jdks/eclipse_adoptium-25-amd64-linux.2/bin/java
# VM options: --enable-native-access=ALL-UNNAMED -Dfile.encoding=UTF-8 -Duser.country -Duser.language=en -Duser.variant -Dkoblas.bench.cases=/home/rasmus/.codex/worktrees/703f/koblas/koblas-bench/reports/f342c3192a41a07cf0454d7d4d5324f8289cc01329bcc9c990b986dcdd2f5922/20260911T153950Z-a038f25ac668/cases.txt
# Blackhole mode: compiler (auto-detected, use -Djmh.blackhole.autoDetect=false to disable)
# Warmup: 3 iterations, 200000000 ns each
# Measurement: 5 iterations, 200000000 ns each
# Timeout: 10 min per iteration
# Threads: 1 thread, will synchronize iterations
# Benchmark mode: Average time, time/op
# Benchmark: com.eignex.koblas.bench.KoblasJmhBenchmark.run
# Parameters: (benchmarkMode = jvm-c, caseId = spsymm+129x8+sparse-triangular+density=0.02+mode=oneshot+side=L+uplo=L)

# Run progress: 76.07% complete, ETA 00:00:51
# Fork: 1 of 1
WARNING: A terminally deprecated method in sun.misc.Unsafe has been called
WARNING: sun.misc.Unsafe::objectFieldOffset has been called by org.openjdk.jmh.util.Utils (file:/home/rasmus/.gradle/caches/modules-2/files-2.1/org.openjdk.jmh/jmh-core/1.37/896f27e49105b35ea1964319c83d12082e7a79ef/jmh-core-1.37.jar)
WARNING: Please consider reporting this to the maintainers of class org.openjdk.jmh.util.Utils
WARNING: sun.misc.Unsafe::objectFieldOffset will be removed in a future release
# Warmup Iteration   1: 5227.148 ns/op
# Warmup Iteration   2: 4078.390 ns/op
# Warmup Iteration   3: 3963.072 ns/op
Iteration   1: 3940.412 ns/op
Iteration   2: 4012.098 ns/op
Iteration   3: 3909.509 ns/op
Iteration   4: 3782.714 ns/op
Iteration   5: 3887.300 ns/op


Result "com.eignex.koblas.bench.KoblasJmhBenchmark.run":
  3906.407 ±(99.9%) 322.177 ns/op [Average]
  (min, avg, max) = (3782.714, 3906.407, 4012.098), stdev = 83.668
  CI (99.9%): [3584.230, 4228.583] (assumes normal distribution)


# JMH version: 1.37
# VM version: JDK 25.0.1, OpenJDK 64-Bit Server VM, 25.0.1+8-LTS
# VM invoker: /home/rasmus/.gradle/jdks/eclipse_adoptium-25-amd64-linux.2/bin/java
# VM options: --enable-native-access=ALL-UNNAMED -Dfile.encoding=UTF-8 -Duser.country -Duser.language=en -Duser.variant -Dkoblas.bench.cases=/home/rasmus/.codex/worktrees/703f/koblas/koblas-bench/reports/f342c3192a41a07cf0454d7d4d5324f8289cc01329bcc9c990b986dcdd2f5922/20260911T153950Z-a038f25ac668/cases.txt
# Blackhole mode: compiler (auto-detected, use -Djmh.blackhole.autoDetect=false to disable)
# Warmup: 3 iterations, 200000000 ns each
# Measurement: 5 iterations, 200000000 ns each
# Timeout: 10 min per iteration
# Threads: 1 thread, will synchronize iterations
# Benchmark mode: Average time, time/op
# Benchmark: com.eignex.koblas.bench.KoblasJmhBenchmark.run
# Parameters: (benchmarkMode = jvm-c, caseId = sptrsv+129+sparse-triangular+density=0.02+mode=oneshot+uplo=L+transA=N+diag=N)

# Run progress: 76.92% complete, ETA 00:00:50
# Fork: 1 of 1
WARNING: A terminally deprecated method in sun.misc.Unsafe has been called
WARNING: sun.misc.Unsafe::objectFieldOffset has been called by org.openjdk.jmh.util.Utils (file:/home/rasmus/.gradle/caches/modules-2/files-2.1/org.openjdk.jmh/jmh-core/1.37/896f27e49105b35ea1964319c83d12082e7a79ef/jmh-core-1.37.jar)
WARNING: Please consider reporting this to the maintainers of class org.openjdk.jmh.util.Utils
WARNING: sun.misc.Unsafe::objectFieldOffset will be removed in a future release
# Warmup Iteration   1: 968.932 ns/op
# Warmup Iteration   2: 788.559 ns/op
# Warmup Iteration   3: 723.355 ns/op
Iteration   1: 733.391 ns/op
Iteration   2: 728.225 ns/op
Iteration   3: 724.820 ns/op
Iteration   4: 740.719 ns/op
Iteration   5: 762.016 ns/op


Result "com.eignex.koblas.bench.KoblasJmhBenchmark.run":
  737.834 ±(99.9%) 56.937 ns/op [Average]
  (min, avg, max) = (724.820, 737.834, 762.016), stdev = 14.786
  CI (99.9%): [680.897, 794.772] (assumes normal distribution)


# JMH version: 1.37
# VM version: JDK 25.0.1, OpenJDK 64-Bit Server VM, 25.0.1+8-LTS
# VM invoker: /home/rasmus/.gradle/jdks/eclipse_adoptium-25-amd64-linux.2/bin/java
# VM options: --enable-native-access=ALL-UNNAMED -Dfile.encoding=UTF-8 -Duser.country -Duser.language=en -Duser.variant -Dkoblas.bench.cases=/home/rasmus/.codex/worktrees/703f/koblas/koblas-bench/reports/f342c3192a41a07cf0454d7d4d5324f8289cc01329bcc9c990b986dcdd2f5922/20260911T153950Z-a038f25ac668/cases.txt
# Blackhole mode: compiler (auto-detected, use -Djmh.blackhole.autoDetect=false to disable)
# Warmup: 3 iterations, 200000000 ns each
# Measurement: 5 iterations, 200000000 ns each
# Timeout: 10 min per iteration
# Threads: 1 thread, will synchronize iterations
# Benchmark mode: Average time, time/op
# Benchmark: com.eignex.koblas.bench.KoblasJmhBenchmark.run
# Parameters: (benchmarkMode = jvm-c, caseId = sptrmv+129+sparse-triangular+density=0.02+mode=oneshot+uplo=U+transA=T+diag=U)

# Run progress: 77.78% complete, ETA 00:00:48
# Fork: 1 of 1
WARNING: A terminally deprecated method in sun.misc.Unsafe has been called
WARNING: sun.misc.Unsafe::objectFieldOffset has been called by org.openjdk.jmh.util.Utils (file:/home/rasmus/.gradle/caches/modules-2/files-2.1/org.openjdk.jmh/jmh-core/1.37/896f27e49105b35ea1964319c83d12082e7a79ef/jmh-core-1.37.jar)
WARNING: Please consider reporting this to the maintainers of class org.openjdk.jmh.util.Utils
WARNING: sun.misc.Unsafe::objectFieldOffset will be removed in a future release
# Warmup Iteration   1: 483.363 ns/op
# Warmup Iteration   2: 402.606 ns/op
# Warmup Iteration   3: 413.838 ns/op
Iteration   1: 422.897 ns/op
Iteration   2: 420.258 ns/op
Iteration   3: 416.384 ns/op
Iteration   4: 400.292 ns/op
Iteration   5: 400.455 ns/op


Result "com.eignex.koblas.bench.KoblasJmhBenchmark.run":
  412.057 ±(99.9%) 42.027 ns/op [Average]
  (min, avg, max) = (400.292, 412.057, 422.897), stdev = 10.914
  CI (99.9%): [370.030, 454.084] (assumes normal distribution)


# JMH version: 1.37
# VM version: JDK 25.0.1, OpenJDK 64-Bit Server VM, 25.0.1+8-LTS
# VM invoker: /home/rasmus/.gradle/jdks/eclipse_adoptium-25-amd64-linux.2/bin/java
# VM options: --enable-native-access=ALL-UNNAMED -Dfile.encoding=UTF-8 -Duser.country -Duser.language=en -Duser.variant -Dkoblas.bench.cases=/home/rasmus/.codex/worktrees/703f/koblas/koblas-bench/reports/f342c3192a41a07cf0454d7d4d5324f8289cc01329bcc9c990b986dcdd2f5922/20260911T153950Z-a038f25ac668/cases.txt
# Blackhole mode: compiler (auto-detected, use -Djmh.blackhole.autoDetect=false to disable)
# Warmup: 3 iterations, 200000000 ns each
# Measurement: 5 iterations, 200000000 ns each
# Timeout: 10 min per iteration
# Threads: 1 thread, will synchronize iterations
# Benchmark mode: Average time, time/op
# Benchmark: com.eignex.koblas.bench.KoblasJmhBenchmark.run
# Parameters: (benchmarkMode = jvm-c, caseId = sptrsm+129x8+sparse-triangular+density=0.02+mode=oneshot+side=L+uplo=L+transA=N+diag=N)

# Run progress: 78.63% complete, ETA 00:00:46
# Fork: 1 of 1
WARNING: A terminally deprecated method in sun.misc.Unsafe has been called
WARNING: sun.misc.Unsafe::objectFieldOffset has been called by org.openjdk.jmh.util.Utils (file:/home/rasmus/.gradle/caches/modules-2/files-2.1/org.openjdk.jmh/jmh-core/1.37/896f27e49105b35ea1964319c83d12082e7a79ef/jmh-core-1.37.jar)
WARNING: Please consider reporting this to the maintainers of class org.openjdk.jmh.util.Utils
WARNING: sun.misc.Unsafe::objectFieldOffset will be removed in a future release
# Warmup Iteration   1: 7866.071 ns/op
# Warmup Iteration   2: 5996.924 ns/op
# Warmup Iteration   3: 6254.330 ns/op
Iteration   1: 7181.364 ns/op
Iteration   2: 7625.299 ns/op
Iteration   3: 7833.511 ns/op
Iteration   4: 7797.977 ns/op
Iteration   5: 7652.448 ns/op


Result "com.eignex.koblas.bench.KoblasJmhBenchmark.run":
  7618.120 ±(99.9%) 1001.774 ns/op [Average]
  (min, avg, max) = (7181.364, 7618.120, 7833.511), stdev = 260.157
  CI (99.9%): [6616.346, 8619.894] (assumes normal distribution)


# JMH version: 1.37
# VM version: JDK 25.0.1, OpenJDK 64-Bit Server VM, 25.0.1+8-LTS
# VM invoker: /home/rasmus/.gradle/jdks/eclipse_adoptium-25-amd64-linux.2/bin/java
# VM options: --enable-native-access=ALL-UNNAMED -Dfile.encoding=UTF-8 -Duser.country -Duser.language=en -Duser.variant -Dkoblas.bench.cases=/home/rasmus/.codex/worktrees/703f/koblas/koblas-bench/reports/f342c3192a41a07cf0454d7d4d5324f8289cc01329bcc9c990b986dcdd2f5922/20260911T153950Z-a038f25ac668/cases.txt
# Blackhole mode: compiler (auto-detected, use -Djmh.blackhole.autoDetect=false to disable)
# Warmup: 3 iterations, 200000000 ns each
# Measurement: 5 iterations, 200000000 ns each
# Timeout: 10 min per iteration
# Threads: 1 thread, will synchronize iterations
# Benchmark mode: Average time, time/op
# Benchmark: com.eignex.koblas.bench.KoblasJmhBenchmark.run
# Parameters: (benchmarkMode = jvm-c, caseId = sptrmm+129x8+sparse-triangular+density=0.02+mode=oneshot+side=L+uplo=U+transA=T+diag=U)

# Run progress: 79.49% complete, ETA 00:00:44
# Fork: 1 of 1
WARNING: A terminally deprecated method in sun.misc.Unsafe has been called
WARNING: sun.misc.Unsafe::objectFieldOffset has been called by org.openjdk.jmh.util.Utils (file:/home/rasmus/.gradle/caches/modules-2/files-2.1/org.openjdk.jmh/jmh-core/1.37/896f27e49105b35ea1964319c83d12082e7a79ef/jmh-core-1.37.jar)
WARNING: Please consider reporting this to the maintainers of class org.openjdk.jmh.util.Utils
WARNING: sun.misc.Unsafe::objectFieldOffset will be removed in a future release
# Warmup Iteration   1: 8650.469 ns/op
# Warmup Iteration   2: 6714.891 ns/op
# Warmup Iteration   3: 6099.107 ns/op
Iteration   1: 5637.518 ns/op
Iteration   2: 5546.456 ns/op
Iteration   3: 5523.130 ns/op
Iteration   4: 5332.489 ns/op
Iteration   5: 5524.395 ns/op


Result "com.eignex.koblas.bench.KoblasJmhBenchmark.run":
  5512.798 ±(99.9%) 428.100 ns/op [Average]
  (min, avg, max) = (5332.489, 5512.798, 5637.518), stdev = 111.176
  CI (99.9%): [5084.698, 5940.897] (assumes normal distribution)


# JMH version: 1.37
# VM version: JDK 25.0.1, OpenJDK 64-Bit Server VM, 25.0.1+8-LTS
# VM invoker: /home/rasmus/.gradle/jdks/eclipse_adoptium-25-amd64-linux.2/bin/java
# VM options: --enable-native-access=ALL-UNNAMED -Dfile.encoding=UTF-8 -Duser.country -Duser.language=en -Duser.variant -Dkoblas.bench.cases=/home/rasmus/.codex/worktrees/703f/koblas/koblas-bench/reports/f342c3192a41a07cf0454d7d4d5324f8289cc01329bcc9c990b986dcdd2f5922/20260911T153950Z-a038f25ac668/cases.txt
# Blackhole mode: compiler (auto-detected, use -Djmh.blackhole.autoDetect=false to disable)
# Warmup: 3 iterations, 200000000 ns each
# Measurement: 5 iterations, 200000000 ns each
# Timeout: 10 min per iteration
# Threads: 1 thread, will synchronize iterations
# Benchmark mode: Average time, time/op
# Benchmark: com.eignex.koblas.bench.KoblasJmhBenchmark.run
# Parameters: (benchmarkMode = jvm-c, caseId = spsyrk-dense+129x65+sparse-uniform+density=0.02+uplo=U)

# Run progress: 80.34% complete, ETA 00:00:42
# Fork: 1 of 1
WARNING: A terminally deprecated method in sun.misc.Unsafe has been called
WARNING: sun.misc.Unsafe::objectFieldOffset has been called by org.openjdk.jmh.util.Utils (file:/home/rasmus/.gradle/caches/modules-2/files-2.1/org.openjdk.jmh/jmh-core/1.37/896f27e49105b35ea1964319c83d12082e7a79ef/jmh-core-1.37.jar)
WARNING: Please consider reporting this to the maintainers of class org.openjdk.jmh.util.Utils
WARNING: sun.misc.Unsafe::objectFieldOffset will be removed in a future release
# Warmup Iteration   1: 13677.174 ns/op
# Warmup Iteration   2: 10490.582 ns/op
# Warmup Iteration   3: 9459.676 ns/op
Iteration   1: 9164.828 ns/op
Iteration   2: 9821.670 ns/op
Iteration   3: 8373.097 ns/op
Iteration   4: 7778.580 ns/op
Iteration   5: 7635.263 ns/op


Result "com.eignex.koblas.bench.KoblasJmhBenchmark.run":
  8554.688 ±(99.9%) 3580.362 ns/op [Average]
  (min, avg, max) = (7635.263, 8554.688, 9821.670), stdev = 929.809
  CI (99.9%): [4974.325, 12135.050] (assumes normal distribution)


# JMH version: 1.37
# VM version: JDK 25.0.1, OpenJDK 64-Bit Server VM, 25.0.1+8-LTS
# VM invoker: /home/rasmus/.gradle/jdks/eclipse_adoptium-25-amd64-linux.2/bin/java
# VM options: --enable-native-access=ALL-UNNAMED -Dfile.encoding=UTF-8 -Duser.country -Duser.language=en -Duser.variant -Dkoblas.bench.cases=/home/rasmus/.codex/worktrees/703f/koblas/koblas-bench/reports/f342c3192a41a07cf0454d7d4d5324f8289cc01329bcc9c990b986dcdd2f5922/20260911T153950Z-a038f25ac668/cases.txt
# Blackhole mode: compiler (auto-detected, use -Djmh.blackhole.autoDetect=false to disable)
# Warmup: 3 iterations, 200000000 ns each
# Measurement: 5 iterations, 200000000 ns each
# Timeout: 10 min per iteration
# Threads: 1 thread, will synchronize iterations
# Benchmark mode: Average time, time/op
# Benchmark: com.eignex.koblas.bench.KoblasJmhBenchmark.run
# Parameters: (benchmarkMode = jvm-c, caseId = spsyrk-sparse+129x65+sparse-uniform+density=0.02+uplo=L)

# Run progress: 81.20% complete, ETA 00:00:40
# Fork: 1 of 1
WARNING: A terminally deprecated method in sun.misc.Unsafe has been called
WARNING: sun.misc.Unsafe::objectFieldOffset has been called by org.openjdk.jmh.util.Utils (file:/home/rasmus/.gradle/caches/modules-2/files-2.1/org.openjdk.jmh/jmh-core/1.37/896f27e49105b35ea1964319c83d12082e7a79ef/jmh-core-1.37.jar)
WARNING: Please consider reporting this to the maintainers of class org.openjdk.jmh.util.Utils
WARNING: sun.misc.Unsafe::objectFieldOffset will be removed in a future release
# Warmup Iteration   1: 13174.795 ns/op
# Warmup Iteration   2: 8684.034 ns/op
# Warmup Iteration   3: 7011.709 ns/op
Iteration   1: 5417.200 ns/op
Iteration   2: 5225.774 ns/op
Iteration   3: 5146.086 ns/op
Iteration   4: 5499.433 ns/op
Iteration   5: 5187.722 ns/op


Result "com.eignex.koblas.bench.KoblasJmhBenchmark.run":
  5295.243 ±(99.9%) 594.053 ns/op [Average]
  (min, avg, max) = (5146.086, 5295.243, 5499.433), stdev = 154.274
  CI (99.9%): [4701.191, 5889.296] (assumes normal distribution)


# JMH version: 1.37
# VM version: JDK 25.0.1, OpenJDK 64-Bit Server VM, 25.0.1+8-LTS
# VM invoker: /home/rasmus/.gradle/jdks/eclipse_adoptium-25-amd64-linux.2/bin/java
# VM options: --enable-native-access=ALL-UNNAMED -Dfile.encoding=UTF-8 -Duser.country -Duser.language=en -Duser.variant -Dkoblas.bench.cases=/home/rasmus/.codex/worktrees/703f/koblas/koblas-bench/reports/f342c3192a41a07cf0454d7d4d5324f8289cc01329bcc9c990b986dcdd2f5922/20260911T153950Z-a038f25ac668/cases.txt
# Blackhole mode: compiler (auto-detected, use -Djmh.blackhole.autoDetect=false to disable)
# Warmup: 3 iterations, 200000000 ns each
# Measurement: 5 iterations, 200000000 ns each
# Timeout: 10 min per iteration
# Threads: 1 thread, will synchronize iterations
# Benchmark mode: Average time, time/op
# Benchmark: com.eignex.koblas.bench.KoblasJmhBenchmark.run
# Parameters: (benchmarkMode = jvm-c, caseId = spadd+129x65+sparse-uniform+density=0.02)

# Run progress: 82.05% complete, ETA 00:00:39
# Fork: 1 of 1
WARNING: A terminally deprecated method in sun.misc.Unsafe has been called
WARNING: sun.misc.Unsafe::objectFieldOffset has been called by org.openjdk.jmh.util.Utils (file:/home/rasmus/.gradle/caches/modules-2/files-2.1/org.openjdk.jmh/jmh-core/1.37/896f27e49105b35ea1964319c83d12082e7a79ef/jmh-core-1.37.jar)
WARNING: Please consider reporting this to the maintainers of class org.openjdk.jmh.util.Utils
WARNING: sun.misc.Unsafe::objectFieldOffset will be removed in a future release
# Warmup Iteration   1: 5822.887 ns/op
# Warmup Iteration   2: 2866.029 ns/op
# Warmup Iteration   3: 2237.038 ns/op
Iteration   1: 1852.819 ns/op
Iteration   2: 2353.848 ns/op
Iteration   3: 1765.021 ns/op
Iteration   4: 1784.710 ns/op
Iteration   5: 1810.565 ns/op


Result "com.eignex.koblas.bench.KoblasJmhBenchmark.run":
  1913.393 ±(99.9%) 956.513 ns/op [Average]
  (min, avg, max) = (1765.021, 1913.393, 2353.848), stdev = 248.403
  CI (99.9%): [956.880, 2869.905] (assumes normal distribution)


# JMH version: 1.37
# VM version: JDK 25.0.1, OpenJDK 64-Bit Server VM, 25.0.1+8-LTS
# VM invoker: /home/rasmus/.gradle/jdks/eclipse_adoptium-25-amd64-linux.2/bin/java
# VM options: --enable-native-access=ALL-UNNAMED -Dfile.encoding=UTF-8 -Duser.country -Duser.language=en -Duser.variant -Dkoblas.bench.cases=/home/rasmus/.codex/worktrees/703f/koblas/koblas-bench/reports/f342c3192a41a07cf0454d7d4d5324f8289cc01329bcc9c990b986dcdd2f5922/20260911T153950Z-a038f25ac668/cases.txt
# Blackhole mode: compiler (auto-detected, use -Djmh.blackhole.autoDetect=false to disable)
# Warmup: 3 iterations, 200000000 ns each
# Measurement: 5 iterations, 200000000 ns each
# Timeout: 10 min per iteration
# Threads: 1 thread, will synchronize iterations
# Benchmark mode: Average time, time/op
# Benchmark: com.eignex.koblas.bench.KoblasJmhBenchmark.run
# Parameters: (benchmarkMode = jvm-c, caseId = sparse-slices-scatter+512+sparse-uniform+density=0.25)

# Run progress: 82.91% complete, ETA 00:00:37
# Fork: 1 of 1
WARNING: A terminally deprecated method in sun.misc.Unsafe has been called
WARNING: sun.misc.Unsafe::objectFieldOffset has been called by org.openjdk.jmh.util.Utils (file:/home/rasmus/.gradle/caches/modules-2/files-2.1/org.openjdk.jmh/jmh-core/1.37/896f27e49105b35ea1964319c83d12082e7a79ef/jmh-core-1.37.jar)
WARNING: Please consider reporting this to the maintainers of class org.openjdk.jmh.util.Utils
WARNING: sun.misc.Unsafe::objectFieldOffset will be removed in a future release
# Warmup Iteration   1: 434.451 ns/op
# Warmup Iteration   2: 327.101 ns/op
# Warmup Iteration   3: 282.145 ns/op
Iteration   1: 278.838 ns/op
Iteration   2: 268.123 ns/op
Iteration   3: 248.386 ns/op
Iteration   4: 241.129 ns/op
Iteration   5: 239.410 ns/op


Result "com.eignex.koblas.bench.KoblasJmhBenchmark.run":
  255.177 ±(99.9%) 67.235 ns/op [Average]
  (min, avg, max) = (239.410, 255.177, 278.838), stdev = 17.461
  CI (99.9%): [187.943, 322.412] (assumes normal distribution)


# JMH version: 1.37
# VM version: JDK 25.0.1, OpenJDK 64-Bit Server VM, 25.0.1+8-LTS
# VM invoker: /home/rasmus/.gradle/jdks/eclipse_adoptium-25-amd64-linux.2/bin/java
# VM options: --enable-native-access=ALL-UNNAMED -Dfile.encoding=UTF-8 -Duser.country -Duser.language=en -Duser.variant -Dkoblas.bench.cases=/home/rasmus/.codex/worktrees/703f/koblas/koblas-bench/reports/f342c3192a41a07cf0454d7d4d5324f8289cc01329bcc9c990b986dcdd2f5922/20260911T153950Z-a038f25ac668/cases.txt
# Blackhole mode: compiler (auto-detected, use -Djmh.blackhole.autoDetect=false to disable)
# Warmup: 3 iterations, 200000000 ns each
# Measurement: 5 iterations, 200000000 ns each
# Timeout: 10 min per iteration
# Threads: 1 thread, will synchronize iterations
# Benchmark mode: Average time, time/op
# Benchmark: com.eignex.koblas.bench.KoblasJmhBenchmark.run
# Parameters: (benchmarkMode = jvm-c, caseId = sparse-slices-scatter-checked+512+sparse-uniform+density=0.25)

# Run progress: 83.76% complete, ETA 00:00:35
# Fork: 1 of 1
WARNING: A terminally deprecated method in sun.misc.Unsafe has been called
WARNING: sun.misc.Unsafe::objectFieldOffset has been called by org.openjdk.jmh.util.Utils (file:/home/rasmus/.gradle/caches/modules-2/files-2.1/org.openjdk.jmh/jmh-core/1.37/896f27e49105b35ea1964319c83d12082e7a79ef/jmh-core-1.37.jar)
WARNING: Please consider reporting this to the maintainers of class org.openjdk.jmh.util.Utils
WARNING: sun.misc.Unsafe::objectFieldOffset will be removed in a future release
# Warmup Iteration   1: 814.448 ns/op
# Warmup Iteration   2: 721.513 ns/op
# Warmup Iteration   3: 525.499 ns/op
Iteration   1: 469.751 ns/op
Iteration   2: 465.336 ns/op
Iteration   3: 476.158 ns/op
Iteration   4: 460.816 ns/op
Iteration   5: 447.285 ns/op


Result "com.eignex.koblas.bench.KoblasJmhBenchmark.run":
  463.869 ±(99.9%) 41.834 ns/op [Average]
  (min, avg, max) = (447.285, 463.869, 476.158), stdev = 10.864
  CI (99.9%): [422.036, 505.703] (assumes normal distribution)


# JMH version: 1.37
# VM version: JDK 25.0.1, OpenJDK 64-Bit Server VM, 25.0.1+8-LTS
# VM invoker: /home/rasmus/.gradle/jdks/eclipse_adoptium-25-amd64-linux.2/bin/java
# VM options: --enable-native-access=ALL-UNNAMED -Dfile.encoding=UTF-8 -Duser.country -Duser.language=en -Duser.variant -Dkoblas.bench.cases=/home/rasmus/.codex/worktrees/703f/koblas/koblas-bench/reports/f342c3192a41a07cf0454d7d4d5324f8289cc01329bcc9c990b986dcdd2f5922/20260911T153950Z-a038f25ac668/cases.txt
# Blackhole mode: compiler (auto-detected, use -Djmh.blackhole.autoDetect=false to disable)
# Warmup: 3 iterations, 200000000 ns each
# Measurement: 5 iterations, 200000000 ns each
# Timeout: 10 min per iteration
# Threads: 1 thread, will synchronize iterations
# Benchmark mode: Average time, time/op
# Benchmark: com.eignex.koblas.bench.KoblasJmhBenchmark.run
# Parameters: (benchmarkMode = jvm-c, caseId = sparse-slices-gather+512+sparse-uniform+density=0.25)

# Run progress: 84.62% complete, ETA 00:00:33
# Fork: 1 of 1
WARNING: A terminally deprecated method in sun.misc.Unsafe has been called
WARNING: sun.misc.Unsafe::objectFieldOffset has been called by org.openjdk.jmh.util.Utils (file:/home/rasmus/.gradle/caches/modules-2/files-2.1/org.openjdk.jmh/jmh-core/1.37/896f27e49105b35ea1964319c83d12082e7a79ef/jmh-core-1.37.jar)
WARNING: Please consider reporting this to the maintainers of class org.openjdk.jmh.util.Utils
WARNING: sun.misc.Unsafe::objectFieldOffset will be removed in a future release
# Warmup Iteration   1: 115.562 ns/op
# Warmup Iteration   2: 98.080 ns/op
# Warmup Iteration   3: 89.245 ns/op
Iteration   1: 86.601 ns/op
Iteration   2: 88.490 ns/op
Iteration   3: 88.944 ns/op
Iteration   4: 88.377 ns/op
Iteration   5: 92.180 ns/op


Result "com.eignex.koblas.bench.KoblasJmhBenchmark.run":
  88.918 ±(99.9%) 7.818 ns/op [Average]
  (min, avg, max) = (86.601, 88.918, 92.180), stdev = 2.030
  CI (99.9%): [81.100, 96.736] (assumes normal distribution)


# JMH version: 1.37
# VM version: JDK 25.0.1, OpenJDK 64-Bit Server VM, 25.0.1+8-LTS
# VM invoker: /home/rasmus/.gradle/jdks/eclipse_adoptium-25-amd64-linux.2/bin/java
# VM options: --enable-native-access=ALL-UNNAMED -Dfile.encoding=UTF-8 -Duser.country -Duser.language=en -Duser.variant -Dkoblas.bench.cases=/home/rasmus/.codex/worktrees/703f/koblas/koblas-bench/reports/f342c3192a41a07cf0454d7d4d5324f8289cc01329bcc9c990b986dcdd2f5922/20260911T153950Z-a038f25ac668/cases.txt
# Blackhole mode: compiler (auto-detected, use -Djmh.blackhole.autoDetect=false to disable)
# Warmup: 3 iterations, 200000000 ns each
# Measurement: 5 iterations, 200000000 ns each
# Timeout: 10 min per iteration
# Threads: 1 thread, will synchronize iterations
# Benchmark mode: Average time, time/op
# Benchmark: com.eignex.koblas.bench.KoblasJmhBenchmark.run
# Parameters: (benchmarkMode = jvm-c, caseId = sparse-slices-gather-clear+512+sparse-uniform+density=0.25)

# Run progress: 85.47% complete, ETA 00:00:31
# Fork: 1 of 1
WARNING: A terminally deprecated method in sun.misc.Unsafe has been called
WARNING: sun.misc.Unsafe::objectFieldOffset has been called by org.openjdk.jmh.util.Utils (file:/home/rasmus/.gradle/caches/modules-2/files-2.1/org.openjdk.jmh/jmh-core/1.37/896f27e49105b35ea1964319c83d12082e7a79ef/jmh-core-1.37.jar)
WARNING: Please consider reporting this to the maintainers of class org.openjdk.jmh.util.Utils
WARNING: sun.misc.Unsafe::objectFieldOffset will be removed in a future release
# Warmup Iteration   1: 292.648 ns/op
# Warmup Iteration   2: 236.977 ns/op
# Warmup Iteration   3: 227.220 ns/op
Iteration   1: 235.866 ns/op
Iteration   2: 229.010 ns/op
Iteration   3: 228.326 ns/op
Iteration   4: 230.189 ns/op
Iteration   5: 228.393 ns/op


Result "com.eignex.koblas.bench.KoblasJmhBenchmark.run":
  230.357 ±(99.9%) 12.203 ns/op [Average]
  (min, avg, max) = (228.326, 230.357, 235.866), stdev = 3.169
  CI (99.9%): [218.154, 242.559] (assumes normal distribution)


# JMH version: 1.37
# VM version: JDK 25.0.1, OpenJDK 64-Bit Server VM, 25.0.1+8-LTS
# VM invoker: /home/rasmus/.gradle/jdks/eclipse_adoptium-25-amd64-linux.2/bin/java
# VM options: --enable-native-access=ALL-UNNAMED -Dfile.encoding=UTF-8 -Duser.country -Duser.language=en -Duser.variant -Dkoblas.bench.cases=/home/rasmus/.codex/worktrees/703f/koblas/koblas-bench/reports/f342c3192a41a07cf0454d7d4d5324f8289cc01329bcc9c990b986dcdd2f5922/20260911T153950Z-a038f25ac668/cases.txt
# Blackhole mode: compiler (auto-detected, use -Djmh.blackhole.autoDetect=false to disable)
# Warmup: 3 iterations, 200000000 ns each
# Measurement: 5 iterations, 200000000 ns each
# Timeout: 10 min per iteration
# Threads: 1 thread, will synchronize iterations
# Benchmark mode: Average time, time/op
# Benchmark: com.eignex.koblas.bench.KoblasJmhBenchmark.run
# Parameters: (benchmarkMode = jvm-c, caseId = sparse-slices-clear+512+sparse-uniform+density=0.25)

# Run progress: 86.32% complete, ETA 00:00:29
# Fork: 1 of 1
WARNING: A terminally deprecated method in sun.misc.Unsafe has been called
WARNING: sun.misc.Unsafe::objectFieldOffset has been called by org.openjdk.jmh.util.Utils (file:/home/rasmus/.gradle/caches/modules-2/files-2.1/org.openjdk.jmh/jmh-core/1.37/896f27e49105b35ea1964319c83d12082e7a79ef/jmh-core-1.37.jar)
WARNING: Please consider reporting this to the maintainers of class org.openjdk.jmh.util.Utils
WARNING: sun.misc.Unsafe::objectFieldOffset will be removed in a future release
# Warmup Iteration   1: 182.216 ns/op
# Warmup Iteration   2: 149.562 ns/op
# Warmup Iteration   3: 147.241 ns/op
Iteration   1: 143.184 ns/op
Iteration   2: 144.433 ns/op
Iteration   3: 152.886 ns/op
Iteration   4: 148.602 ns/op
Iteration   5: 144.321 ns/op


Result "com.eignex.koblas.bench.KoblasJmhBenchmark.run":
  146.685 ±(99.9%) 15.527 ns/op [Average]
  (min, avg, max) = (143.184, 146.685, 152.886), stdev = 4.032
  CI (99.9%): [131.158, 162.213] (assumes normal distribution)


# JMH version: 1.37
# VM version: JDK 25.0.1, OpenJDK 64-Bit Server VM, 25.0.1+8-LTS
# VM invoker: /home/rasmus/.gradle/jdks/eclipse_adoptium-25-amd64-linux.2/bin/java
# VM options: --enable-native-access=ALL-UNNAMED -Dfile.encoding=UTF-8 -Duser.country -Duser.language=en -Duser.variant -Dkoblas.bench.cases=/home/rasmus/.codex/worktrees/703f/koblas/koblas-bench/reports/f342c3192a41a07cf0454d7d4d5324f8289cc01329bcc9c990b986dcdd2f5922/20260911T153950Z-a038f25ac668/cases.txt
# Blackhole mode: compiler (auto-detected, use -Djmh.blackhole.autoDetect=false to disable)
# Warmup: 3 iterations, 200000000 ns each
# Measurement: 5 iterations, 200000000 ns each
# Timeout: 10 min per iteration
# Threads: 1 thread, will synchronize iterations
# Benchmark mode: Average time, time/op
# Benchmark: com.eignex.koblas.bench.KoblasJmhBenchmark.run
# Parameters: (benchmarkMode = jvm-c, caseId = sparse-slices-clear-local+512+sparse-uniform+density=0.25)

# Run progress: 87.18% complete, ETA 00:00:28
# Fork: 1 of 1
WARNING: A terminally deprecated method in sun.misc.Unsafe has been called
WARNING: sun.misc.Unsafe::objectFieldOffset has been called by org.openjdk.jmh.util.Utils (file:/home/rasmus/.gradle/caches/modules-2/files-2.1/org.openjdk.jmh/jmh-core/1.37/896f27e49105b35ea1964319c83d12082e7a79ef/jmh-core-1.37.jar)
WARNING: Please consider reporting this to the maintainers of class org.openjdk.jmh.util.Utils
WARNING: sun.misc.Unsafe::objectFieldOffset will be removed in a future release
# Warmup Iteration   1: 161.337 ns/op
# Warmup Iteration   2: 142.483 ns/op
# Warmup Iteration   3: 139.374 ns/op
Iteration   1: 130.667 ns/op
Iteration   2: 125.810 ns/op
Iteration   3: 128.729 ns/op
Iteration   4: 131.976 ns/op
Iteration   5: 138.354 ns/op


Result "com.eignex.koblas.bench.KoblasJmhBenchmark.run":
  131.107 ±(99.9%) 17.976 ns/op [Average]
  (min, avg, max) = (125.810, 131.107, 138.354), stdev = 4.668
  CI (99.9%): [113.131, 149.083] (assumes normal distribution)


# JMH version: 1.37
# VM version: JDK 25.0.1, OpenJDK 64-Bit Server VM, 25.0.1+8-LTS
# VM invoker: /home/rasmus/.gradle/jdks/eclipse_adoptium-25-amd64-linux.2/bin/java
# VM options: --enable-native-access=ALL-UNNAMED -Dfile.encoding=UTF-8 -Duser.country -Duser.language=en -Duser.variant -Dkoblas.bench.cases=/home/rasmus/.codex/worktrees/703f/koblas/koblas-bench/reports/f342c3192a41a07cf0454d7d4d5324f8289cc01329bcc9c990b986dcdd2f5922/20260911T153950Z-a038f25ac668/cases.txt
# Blackhole mode: compiler (auto-detected, use -Djmh.blackhole.autoDetect=false to disable)
# Warmup: 3 iterations, 200000000 ns each
# Measurement: 5 iterations, 200000000 ns each
# Timeout: 10 min per iteration
# Threads: 1 thread, will synchronize iterations
# Benchmark mode: Average time, time/op
# Benchmark: com.eignex.koblas.bench.KoblasJmhBenchmark.run
# Parameters: (benchmarkMode = jvm-c, caseId = sparse-slices-reduce-dot-checked+512+sparse-uniform+density=0.25)

# Run progress: 88.03% complete, ETA 00:00:26
# Fork: 1 of 1
WARNING: A terminally deprecated method in sun.misc.Unsafe has been called
WARNING: sun.misc.Unsafe::objectFieldOffset has been called by org.openjdk.jmh.util.Utils (file:/home/rasmus/.gradle/caches/modules-2/files-2.1/org.openjdk.jmh/jmh-core/1.37/896f27e49105b35ea1964319c83d12082e7a79ef/jmh-core-1.37.jar)
WARNING: Please consider reporting this to the maintainers of class org.openjdk.jmh.util.Utils
WARNING: sun.misc.Unsafe::objectFieldOffset will be removed in a future release
# Warmup Iteration   1: 552.293 ns/op
# Warmup Iteration   2: 442.049 ns/op
# Warmup Iteration   3: 433.707 ns/op
Iteration   1: 441.784 ns/op
Iteration   2: 453.837 ns/op
Iteration   3: 433.061 ns/op
Iteration   4: 438.968 ns/op
Iteration   5: 437.656 ns/op


Result "com.eignex.koblas.bench.KoblasJmhBenchmark.run":
  441.061 ±(99.9%) 30.058 ns/op [Average]
  (min, avg, max) = (433.061, 441.061, 453.837), stdev = 7.806
  CI (99.9%): [411.003, 471.119] (assumes normal distribution)


# JMH version: 1.37
# VM version: JDK 25.0.1, OpenJDK 64-Bit Server VM, 25.0.1+8-LTS
# VM invoker: /home/rasmus/.gradle/jdks/eclipse_adoptium-25-amd64-linux.2/bin/java
# VM options: --enable-native-access=ALL-UNNAMED -Dfile.encoding=UTF-8 -Duser.country -Duser.language=en -Duser.variant -Dkoblas.bench.cases=/home/rasmus/.codex/worktrees/703f/koblas/koblas-bench/reports/f342c3192a41a07cf0454d7d4d5324f8289cc01329bcc9c990b986dcdd2f5922/20260911T153950Z-a038f25ac668/cases.txt
# Blackhole mode: compiler (auto-detected, use -Djmh.blackhole.autoDetect=false to disable)
# Warmup: 3 iterations, 200000000 ns each
# Measurement: 5 iterations, 200000000 ns each
# Timeout: 10 min per iteration
# Threads: 1 thread, will synchronize iterations
# Benchmark mode: Average time, time/op
# Benchmark: com.eignex.koblas.bench.KoblasJmhBenchmark.run
# Parameters: (benchmarkMode = jvm-c, caseId = sparse-slices-reduce-dot-local+512+sparse-uniform+density=0.25)

# Run progress: 88.89% complete, ETA 00:00:24
# Fork: 1 of 1
WARNING: A terminally deprecated method in sun.misc.Unsafe has been called
WARNING: sun.misc.Unsafe::objectFieldOffset has been called by org.openjdk.jmh.util.Utils (file:/home/rasmus/.gradle/caches/modules-2/files-2.1/org.openjdk.jmh/jmh-core/1.37/896f27e49105b35ea1964319c83d12082e7a79ef/jmh-core-1.37.jar)
WARNING: Please consider reporting this to the maintainers of class org.openjdk.jmh.util.Utils
WARNING: sun.misc.Unsafe::objectFieldOffset will be removed in a future release
# Warmup Iteration   1: 435.753 ns/op
# Warmup Iteration   2: 353.613 ns/op
# Warmup Iteration   3: 345.341 ns/op
Iteration   1: 350.174 ns/op
Iteration   2: 351.886 ns/op
Iteration   3: 359.113 ns/op
Iteration   4: 345.983 ns/op
Iteration   5: 344.644 ns/op


Result "com.eignex.koblas.bench.KoblasJmhBenchmark.run":
  350.360 ±(99.9%) 22.021 ns/op [Average]
  (min, avg, max) = (344.644, 350.360, 359.113), stdev = 5.719
  CI (99.9%): [328.339, 372.381] (assumes normal distribution)


# JMH version: 1.37
# VM version: JDK 25.0.1, OpenJDK 64-Bit Server VM, 25.0.1+8-LTS
# VM invoker: /home/rasmus/.gradle/jdks/eclipse_adoptium-25-amd64-linux.2/bin/java
# VM options: --enable-native-access=ALL-UNNAMED -Dfile.encoding=UTF-8 -Duser.country -Duser.language=en -Duser.variant -Dkoblas.bench.cases=/home/rasmus/.codex/worktrees/703f/koblas/koblas-bench/reports/f342c3192a41a07cf0454d7d4d5324f8289cc01329bcc9c990b986dcdd2f5922/20260911T153950Z-a038f25ac668/cases.txt
# Blackhole mode: compiler (auto-detected, use -Djmh.blackhole.autoDetect=false to disable)
# Warmup: 3 iterations, 200000000 ns each
# Measurement: 5 iterations, 200000000 ns each
# Timeout: 10 min per iteration
# Threads: 1 thread, will synchronize iterations
# Benchmark mode: Average time, time/op
# Benchmark: com.eignex.koblas.bench.KoblasJmhBenchmark.run
# Parameters: (benchmarkMode = jvm-c, caseId = sparse-slices-reduce-dot-unchecked+512+sparse-uniform+density=0.25)

# Run progress: 89.74% complete, ETA 00:00:22
# Fork: 1 of 1
WARNING: A terminally deprecated method in sun.misc.Unsafe has been called
WARNING: sun.misc.Unsafe::objectFieldOffset has been called by org.openjdk.jmh.util.Utils (file:/home/rasmus/.gradle/caches/modules-2/files-2.1/org.openjdk.jmh/jmh-core/1.37/896f27e49105b35ea1964319c83d12082e7a79ef/jmh-core-1.37.jar)
WARNING: Please consider reporting this to the maintainers of class org.openjdk.jmh.util.Utils
WARNING: sun.misc.Unsafe::objectFieldOffset will be removed in a future release
# Warmup Iteration   1: 114.918 ns/op
# Warmup Iteration   2: 100.285 ns/op
# Warmup Iteration   3: 100.054 ns/op
Iteration   1: 96.359 ns/op
Iteration   2: 96.834 ns/op
Iteration   3: 95.976 ns/op
Iteration   4: 94.918 ns/op
Iteration   5: 101.689 ns/op


Result "com.eignex.koblas.bench.KoblasJmhBenchmark.run":
  97.155 ±(99.9%) 10.131 ns/op [Average]
  (min, avg, max) = (94.918, 97.155, 101.689), stdev = 2.631
  CI (99.9%): [87.025, 107.286] (assumes normal distribution)


# JMH version: 1.37
# VM version: JDK 25.0.1, OpenJDK 64-Bit Server VM, 25.0.1+8-LTS
# VM invoker: /home/rasmus/.gradle/jdks/eclipse_adoptium-25-amd64-linux.2/bin/java
# VM options: --enable-native-access=ALL-UNNAMED -Dfile.encoding=UTF-8 -Duser.country -Duser.language=en -Duser.variant -Dkoblas.bench.cases=/home/rasmus/.codex/worktrees/703f/koblas/koblas-bench/reports/f342c3192a41a07cf0454d7d4d5324f8289cc01329bcc9c990b986dcdd2f5922/20260911T153950Z-a038f25ac668/cases.txt
# Blackhole mode: compiler (auto-detected, use -Djmh.blackhole.autoDetect=false to disable)
# Warmup: 3 iterations, 200000000 ns each
# Measurement: 5 iterations, 200000000 ns each
# Timeout: 10 min per iteration
# Threads: 1 thread, will synchronize iterations
# Benchmark mode: Average time, time/op
# Benchmark: com.eignex.koblas.bench.KoblasJmhBenchmark.run
# Parameters: (benchmarkMode = jvm-c, caseId = sparse-slices-max+512+sparse-uniform+density=0.25)

# Run progress: 90.60% complete, ETA 00:00:20
# Fork: 1 of 1
WARNING: A terminally deprecated method in sun.misc.Unsafe has been called
WARNING: sun.misc.Unsafe::objectFieldOffset has been called by org.openjdk.jmh.util.Utils (file:/home/rasmus/.gradle/caches/modules-2/files-2.1/org.openjdk.jmh/jmh-core/1.37/896f27e49105b35ea1964319c83d12082e7a79ef/jmh-core-1.37.jar)
WARNING: Please consider reporting this to the maintainers of class org.openjdk.jmh.util.Utils
WARNING: sun.misc.Unsafe::objectFieldOffset will be removed in a future release
# Warmup Iteration   1: 343.774 ns/op
# Warmup Iteration   2: 289.620 ns/op
# Warmup Iteration   3: 279.840 ns/op
Iteration   1: 291.497 ns/op
Iteration   2: 294.600 ns/op
Iteration   3: 296.255 ns/op
Iteration   4: 282.551 ns/op
Iteration   5: 283.192 ns/op


Result "com.eignex.koblas.bench.KoblasJmhBenchmark.run":
  289.619 ±(99.9%) 24.628 ns/op [Average]
  (min, avg, max) = (282.551, 289.619, 296.255), stdev = 6.396
  CI (99.9%): [264.991, 314.247] (assumes normal distribution)


# JMH version: 1.37
# VM version: JDK 25.0.1, OpenJDK 64-Bit Server VM, 25.0.1+8-LTS
# VM invoker: /home/rasmus/.gradle/jdks/eclipse_adoptium-25-amd64-linux.2/bin/java
# VM options: --enable-native-access=ALL-UNNAMED -Dfile.encoding=UTF-8 -Duser.country -Duser.language=en -Duser.variant -Dkoblas.bench.cases=/home/rasmus/.codex/worktrees/703f/koblas/koblas-bench/reports/f342c3192a41a07cf0454d7d4d5324f8289cc01329bcc9c990b986dcdd2f5922/20260911T153950Z-a038f25ac668/cases.txt
# Blackhole mode: compiler (auto-detected, use -Djmh.blackhole.autoDetect=false to disable)
# Warmup: 3 iterations, 200000000 ns each
# Measurement: 5 iterations, 200000000 ns each
# Timeout: 10 min per iteration
# Threads: 1 thread, will synchronize iterations
# Benchmark mode: Average time, time/op
# Benchmark: com.eignex.koblas.bench.KoblasJmhBenchmark.run
# Parameters: (benchmarkMode = jvm-c, caseId = sparse-slices-filter+512+sparse-uniform+density=0.25)

# Run progress: 91.45% complete, ETA 00:00:18
# Fork: 1 of 1
WARNING: A terminally deprecated method in sun.misc.Unsafe has been called
WARNING: sun.misc.Unsafe::objectFieldOffset has been called by org.openjdk.jmh.util.Utils (file:/home/rasmus/.gradle/caches/modules-2/files-2.1/org.openjdk.jmh/jmh-core/1.37/896f27e49105b35ea1964319c83d12082e7a79ef/jmh-core-1.37.jar)
WARNING: Please consider reporting this to the maintainers of class org.openjdk.jmh.util.Utils
WARNING: sun.misc.Unsafe::objectFieldOffset will be removed in a future release
# Warmup Iteration   1: 264.972 ns/op
# Warmup Iteration   2: 228.723 ns/op
# Warmup Iteration   3: 203.050 ns/op
Iteration   1: 197.170 ns/op
Iteration   2: 201.039 ns/op
Iteration   3: 203.335 ns/op
Iteration   4: 207.160 ns/op
Iteration   5: 199.453 ns/op


Result "com.eignex.koblas.bench.KoblasJmhBenchmark.run":
  201.631 ±(99.9%) 14.722 ns/op [Average]
  (min, avg, max) = (197.170, 201.631, 207.160), stdev = 3.823
  CI (99.9%): [186.909, 216.354] (assumes normal distribution)


# JMH version: 1.37
# VM version: JDK 25.0.1, OpenJDK 64-Bit Server VM, 25.0.1+8-LTS
# VM invoker: /home/rasmus/.gradle/jdks/eclipse_adoptium-25-amd64-linux.2/bin/java
# VM options: --enable-native-access=ALL-UNNAMED -Dfile.encoding=UTF-8 -Duser.country -Duser.language=en -Duser.variant -Dkoblas.bench.cases=/home/rasmus/.codex/worktrees/703f/koblas/koblas-bench/reports/f342c3192a41a07cf0454d7d4d5324f8289cc01329bcc9c990b986dcdd2f5922/20260911T153950Z-a038f25ac668/cases.txt
# Blackhole mode: compiler (auto-detected, use -Djmh.blackhole.autoDetect=false to disable)
# Warmup: 3 iterations, 200000000 ns each
# Measurement: 5 iterations, 200000000 ns each
# Timeout: 10 min per iteration
# Threads: 1 thread, will synchronize iterations
# Benchmark mode: Average time, time/op
# Benchmark: com.eignex.koblas.bench.KoblasJmhBenchmark.run
# Parameters: (benchmarkMode = jvm-c, caseId = gemm+257x3x1+uniform)

# Run progress: 92.31% complete, ETA 00:00:16
# Fork: 1 of 1
WARNING: A terminally deprecated method in sun.misc.Unsafe has been called
WARNING: sun.misc.Unsafe::objectFieldOffset has been called by org.openjdk.jmh.util.Utils (file:/home/rasmus/.gradle/caches/modules-2/files-2.1/org.openjdk.jmh/jmh-core/1.37/896f27e49105b35ea1964319c83d12082e7a79ef/jmh-core-1.37.jar)
WARNING: Please consider reporting this to the maintainers of class org.openjdk.jmh.util.Utils
WARNING: sun.misc.Unsafe::objectFieldOffset will be removed in a future release
# Warmup Iteration   1: 4241.941 ns/op
# Warmup Iteration   2: 2999.572 ns/op
# Warmup Iteration   3: 2985.436 ns/op
Iteration   1: 2777.737 ns/op
Iteration   2: 2865.590 ns/op
Iteration   3: 2876.782 ns/op
Iteration   4: 2870.789 ns/op
Iteration   5: 2991.963 ns/op


Result "com.eignex.koblas.bench.KoblasJmhBenchmark.run":
  2876.572 ±(99.9%) 293.493 ns/op [Average]
  (min, avg, max) = (2777.737, 2876.572, 2991.963), stdev = 76.219
  CI (99.9%): [2583.079, 3170.065] (assumes normal distribution)


# JMH version: 1.37
# VM version: JDK 25.0.1, OpenJDK 64-Bit Server VM, 25.0.1+8-LTS
# VM invoker: /home/rasmus/.gradle/jdks/eclipse_adoptium-25-amd64-linux.2/bin/java
# VM options: --enable-native-access=ALL-UNNAMED -Dfile.encoding=UTF-8 -Duser.country -Duser.language=en -Duser.variant -Dkoblas.bench.cases=/home/rasmus/.codex/worktrees/703f/koblas/koblas-bench/reports/f342c3192a41a07cf0454d7d4d5324f8289cc01329bcc9c990b986dcdd2f5922/20260911T153950Z-a038f25ac668/cases.txt
# Blackhole mode: compiler (auto-detected, use -Djmh.blackhole.autoDetect=false to disable)
# Warmup: 3 iterations, 200000000 ns each
# Measurement: 5 iterations, 200000000 ns each
# Timeout: 10 min per iteration
# Threads: 1 thread, will synchronize iterations
# Benchmark mode: Average time, time/op
# Benchmark: com.eignex.koblas.bench.KoblasJmhBenchmark.run
# Parameters: (benchmarkMode = jvm-c, caseId = gemm+3x257x33+uniform)

# Run progress: 93.16% complete, ETA 00:00:14
# Fork: 1 of 1
WARNING: A terminally deprecated method in sun.misc.Unsafe has been called
WARNING: sun.misc.Unsafe::objectFieldOffset has been called by org.openjdk.jmh.util.Utils (file:/home/rasmus/.gradle/caches/modules-2/files-2.1/org.openjdk.jmh/jmh-core/1.37/896f27e49105b35ea1964319c83d12082e7a79ef/jmh-core-1.37.jar)
WARNING: Please consider reporting this to the maintainers of class org.openjdk.jmh.util.Utils
WARNING: sun.misc.Unsafe::objectFieldOffset will be removed in a future release
# Warmup Iteration   1: 35009.865 ns/op
# Warmup Iteration   2: 20177.865 ns/op
# Warmup Iteration   3: 17713.494 ns/op
Iteration   1: 17720.976 ns/op
Iteration   2: 17999.601 ns/op
Iteration   3: 17641.331 ns/op
Iteration   4: 17696.978 ns/op
Iteration   5: 17611.141 ns/op


Result "com.eignex.koblas.bench.KoblasJmhBenchmark.run":
  17734.005 ±(99.9%) 595.811 ns/op [Average]
  (min, avg, max) = (17611.141, 17734.005, 17999.601), stdev = 154.730
  CI (99.9%): [17138.194, 18329.816] (assumes normal distribution)


# JMH version: 1.37
# VM version: JDK 25.0.1, OpenJDK 64-Bit Server VM, 25.0.1+8-LTS
# VM invoker: /home/rasmus/.gradle/jdks/eclipse_adoptium-25-amd64-linux.2/bin/java
# VM options: --enable-native-access=ALL-UNNAMED -Dfile.encoding=UTF-8 -Duser.country -Duser.language=en -Duser.variant -Dkoblas.bench.cases=/home/rasmus/.codex/worktrees/703f/koblas/koblas-bench/reports/f342c3192a41a07cf0454d7d4d5324f8289cc01329bcc9c990b986dcdd2f5922/20260911T153950Z-a038f25ac668/cases.txt
# Blackhole mode: compiler (auto-detected, use -Djmh.blackhole.autoDetect=false to disable)
# Warmup: 3 iterations, 200000000 ns each
# Measurement: 5 iterations, 200000000 ns each
# Timeout: 10 min per iteration
# Threads: 1 thread, will synchronize iterations
# Benchmark mode: Average time, time/op
# Benchmark: com.eignex.koblas.bench.KoblasJmhBenchmark.run
# Parameters: (benchmarkMode = jvm-c, caseId = gemm+127x5x65+uniform)

# Run progress: 94.02% complete, ETA 00:00:13
# Fork: 1 of 1
WARNING: A terminally deprecated method in sun.misc.Unsafe has been called
WARNING: sun.misc.Unsafe::objectFieldOffset has been called by org.openjdk.jmh.util.Utils (file:/home/rasmus/.gradle/caches/modules-2/files-2.1/org.openjdk.jmh/jmh-core/1.37/896f27e49105b35ea1964319c83d12082e7a79ef/jmh-core-1.37.jar)
WARNING: Please consider reporting this to the maintainers of class org.openjdk.jmh.util.Utils
WARNING: sun.misc.Unsafe::objectFieldOffset will be removed in a future release
# Warmup Iteration   1: 40222.898 ns/op
# Warmup Iteration   2: 21455.940 ns/op
# Warmup Iteration   3: 19136.359 ns/op
Iteration   1: 18026.185 ns/op
Iteration   2: 17939.526 ns/op
Iteration   3: 18787.352 ns/op
Iteration   4: 19314.245 ns/op
Iteration   5: 19451.543 ns/op


Result "com.eignex.koblas.bench.KoblasJmhBenchmark.run":
  18703.770 ±(99.9%) 2710.549 ns/op [Average]
  (min, avg, max) = (17939.526, 18703.770, 19451.543), stdev = 703.921
  CI (99.9%): [15993.221, 21414.320] (assumes normal distribution)


# JMH version: 1.37
# VM version: JDK 25.0.1, OpenJDK 64-Bit Server VM, 25.0.1+8-LTS
# VM invoker: /home/rasmus/.gradle/jdks/eclipse_adoptium-25-amd64-linux.2/bin/java
# VM options: --enable-native-access=ALL-UNNAMED -Dfile.encoding=UTF-8 -Duser.country -Duser.language=en -Duser.variant -Dkoblas.bench.cases=/home/rasmus/.codex/worktrees/703f/koblas/koblas-bench/reports/f342c3192a41a07cf0454d7d4d5324f8289cc01329bcc9c990b986dcdd2f5922/20260911T153950Z-a038f25ac668/cases.txt
# Blackhole mode: compiler (auto-detected, use -Djmh.blackhole.autoDetect=false to disable)
# Warmup: 3 iterations, 200000000 ns each
# Measurement: 5 iterations, 200000000 ns each
# Timeout: 10 min per iteration
# Threads: 1 thread, will synchronize iterations
# Benchmark mode: Average time, time/op
# Benchmark: com.eignex.koblas.bench.KoblasJmhBenchmark.run
# Parameters: (benchmarkMode = jvm-c, caseId = trsm+65x1+triangular+side=L+uplo=L+transA=N+diag=N)

# Run progress: 94.87% complete, ETA 00:00:11
# Fork: 1 of 1
WARNING: A terminally deprecated method in sun.misc.Unsafe has been called
WARNING: sun.misc.Unsafe::objectFieldOffset has been called by org.openjdk.jmh.util.Utils (file:/home/rasmus/.gradle/caches/modules-2/files-2.1/org.openjdk.jmh/jmh-core/1.37/896f27e49105b35ea1964319c83d12082e7a79ef/jmh-core-1.37.jar)
WARNING: Please consider reporting this to the maintainers of class org.openjdk.jmh.util.Utils
WARNING: sun.misc.Unsafe::objectFieldOffset will be removed in a future release
# Warmup Iteration   1: 1852.456 ns/op
# Warmup Iteration   2: 1527.602 ns/op
# Warmup Iteration   3: 1552.041 ns/op
Iteration   1: 1443.375 ns/op
Iteration   2: 1436.456 ns/op
Iteration   3: 1435.392 ns/op
Iteration   4: 1503.397 ns/op
Iteration   5: 1599.797 ns/op


Result "com.eignex.koblas.bench.KoblasJmhBenchmark.run":
  1483.683 ±(99.9%) 272.678 ns/op [Average]
  (min, avg, max) = (1435.392, 1483.683, 1599.797), stdev = 70.814
  CI (99.9%): [1211.006, 1756.361] (assumes normal distribution)


# JMH version: 1.37
# VM version: JDK 25.0.1, OpenJDK 64-Bit Server VM, 25.0.1+8-LTS
# VM invoker: /home/rasmus/.gradle/jdks/eclipse_adoptium-25-amd64-linux.2/bin/java
# VM options: --enable-native-access=ALL-UNNAMED -Dfile.encoding=UTF-8 -Duser.country -Duser.language=en -Duser.variant -Dkoblas.bench.cases=/home/rasmus/.codex/worktrees/703f/koblas/koblas-bench/reports/f342c3192a41a07cf0454d7d4d5324f8289cc01329bcc9c990b986dcdd2f5922/20260911T153950Z-a038f25ac668/cases.txt
# Blackhole mode: compiler (auto-detected, use -Djmh.blackhole.autoDetect=false to disable)
# Warmup: 3 iterations, 200000000 ns each
# Measurement: 5 iterations, 200000000 ns each
# Timeout: 10 min per iteration
# Threads: 1 thread, will synchronize iterations
# Benchmark mode: Average time, time/op
# Benchmark: com.eignex.koblas.bench.KoblasJmhBenchmark.run
# Parameters: (benchmarkMode = jvm-c, caseId = trsm+65x33+triangular+side=L+uplo=U+transA=T+diag=U)

# Run progress: 95.73% complete, ETA 00:00:09
# Fork: 1 of 1
WARNING: A terminally deprecated method in sun.misc.Unsafe has been called
WARNING: sun.misc.Unsafe::objectFieldOffset has been called by org.openjdk.jmh.util.Utils (file:/home/rasmus/.gradle/caches/modules-2/files-2.1/org.openjdk.jmh/jmh-core/1.37/896f27e49105b35ea1964319c83d12082e7a79ef/jmh-core-1.37.jar)
WARNING: Please consider reporting this to the maintainers of class org.openjdk.jmh.util.Utils
WARNING: sun.misc.Unsafe::objectFieldOffset will be removed in a future release
# Warmup Iteration   1: 96767.814 ns/op
# Warmup Iteration   2: 48519.157 ns/op
# Warmup Iteration   3: 41194.182 ns/op
Iteration   1: 41360.588 ns/op
Iteration   2: 40842.623 ns/op
Iteration   3: 37932.230 ns/op
Iteration   4: 37953.637 ns/op
Iteration   5: 55000.304 ns/op


Result "com.eignex.koblas.bench.KoblasJmhBenchmark.run":
  42617.876 ±(99.9%) 27348.195 ns/op [Average]
  (min, avg, max) = (37932.230, 42617.876, 55000.304), stdev = 7102.239
  CI (99.9%): [15269.681, 69966.072] (assumes normal distribution)


# JMH version: 1.37
# VM version: JDK 25.0.1, OpenJDK 64-Bit Server VM, 25.0.1+8-LTS
# VM invoker: /home/rasmus/.gradle/jdks/eclipse_adoptium-25-amd64-linux.2/bin/java
# VM options: --enable-native-access=ALL-UNNAMED -Dfile.encoding=UTF-8 -Duser.country -Duser.language=en -Duser.variant -Dkoblas.bench.cases=/home/rasmus/.codex/worktrees/703f/koblas/koblas-bench/reports/f342c3192a41a07cf0454d7d4d5324f8289cc01329bcc9c990b986dcdd2f5922/20260911T153950Z-a038f25ac668/cases.txt
# Blackhole mode: compiler (auto-detected, use -Djmh.blackhole.autoDetect=false to disable)
# Warmup: 3 iterations, 200000000 ns each
# Measurement: 5 iterations, 200000000 ns each
# Timeout: 10 min per iteration
# Threads: 1 thread, will synchronize iterations
# Benchmark mode: Average time, time/op
# Benchmark: com.eignex.koblas.bench.KoblasJmhBenchmark.run
# Parameters: (benchmarkMode = jvm-c, caseId = gemm-block+15x7x31+uniform+physical=4x4+work=gemm-add-v1+leftLayout=depth-rows-v1+rightLayout=depth-columns-v1+leftGroup=4+rightGroup=4+leftStride=4+rightStride=4+padding=zero+alignment=8+block=15x7x31+panel=31+diagonal=0+rhs=0+batch=1+variant=current-tile-v1+timing=prepacked-compute)

# Run progress: 96.58% complete, ETA 00:00:07
# Fork: 1 of 1
WARNING: A terminally deprecated method in sun.misc.Unsafe has been called
WARNING: sun.misc.Unsafe::objectFieldOffset has been called by org.openjdk.jmh.util.Utils (file:/home/rasmus/.gradle/caches/modules-2/files-2.1/org.openjdk.jmh/jmh-core/1.37/896f27e49105b35ea1964319c83d12082e7a79ef/jmh-core-1.37.jar)
WARNING: Please consider reporting this to the maintainers of class org.openjdk.jmh.util.Utils
WARNING: sun.misc.Unsafe::objectFieldOffset will be removed in a future release
# Warmup Iteration   1: 2285.485 ns/op
# Warmup Iteration   2: 1062.255 ns/op
# Warmup Iteration   3: 1011.550 ns/op
Iteration   1: 1010.708 ns/op
Iteration   2: 1046.448 ns/op
Iteration   3: 1004.366 ns/op
Iteration   4: 1022.800 ns/op
Iteration   5: 1031.692 ns/op


Result "com.eignex.koblas.bench.KoblasJmhBenchmark.run":
  1023.203 ±(99.9%) 64.534 ns/op [Average]
  (min, avg, max) = (1004.366, 1023.203, 1046.448), stdev = 16.759
  CI (99.9%): [958.669, 1087.736] (assumes normal distribution)


# JMH version: 1.37
# VM version: JDK 25.0.1, OpenJDK 64-Bit Server VM, 25.0.1+8-LTS
# VM invoker: /home/rasmus/.gradle/jdks/eclipse_adoptium-25-amd64-linux.2/bin/java
# VM options: --enable-native-access=ALL-UNNAMED -Dfile.encoding=UTF-8 -Duser.country -Duser.language=en -Duser.variant -Dkoblas.bench.cases=/home/rasmus/.codex/worktrees/703f/koblas/koblas-bench/reports/f342c3192a41a07cf0454d7d4d5324f8289cc01329bcc9c990b986dcdd2f5922/20260911T153950Z-a038f25ac668/cases.txt
# Blackhole mode: compiler (auto-detected, use -Djmh.blackhole.autoDetect=false to disable)
# Warmup: 3 iterations, 200000000 ns each
# Measurement: 5 iterations, 200000000 ns each
# Timeout: 10 min per iteration
# Threads: 1 thread, will synchronize iterations
# Benchmark mode: Average time, time/op
# Benchmark: com.eignex.koblas.bench.KoblasJmhBenchmark.run
# Parameters: (benchmarkMode = jvm-c, caseId = gemm-block+15x7x31+uniform+physical=4x4+work=gemm-add-v1+leftLayout=depth-rows-v1+rightLayout=depth-columns-v1+leftGroup=4+rightGroup=4+leftStride=4+rightStride=4+padding=zero+alignment=8+block=15x7x31+panel=31+diagonal=0+rhs=0+batch=1+variant=current-tile-v1+timing=pack-plus-compute)

# Run progress: 97.44% complete, ETA 00:00:05
# Fork: 1 of 1
WARNING: A terminally deprecated method in sun.misc.Unsafe has been called
WARNING: sun.misc.Unsafe::objectFieldOffset has been called by org.openjdk.jmh.util.Utils (file:/home/rasmus/.gradle/caches/modules-2/files-2.1/org.openjdk.jmh/jmh-core/1.37/896f27e49105b35ea1964319c83d12082e7a79ef/jmh-core-1.37.jar)
WARNING: Please consider reporting this to the maintainers of class org.openjdk.jmh.util.Utils
WARNING: sun.misc.Unsafe::objectFieldOffset will be removed in a future release
# Warmup Iteration   1: 7627.881 ns/op
# Warmup Iteration   2: 2605.834 ns/op
# Warmup Iteration   3: 2378.769 ns/op
Iteration   1: 2387.729 ns/op
Iteration   2: 2265.673 ns/op
Iteration   3: 2391.771 ns/op
Iteration   4: 2593.438 ns/op
Iteration   5: 2409.724 ns/op


Result "com.eignex.koblas.bench.KoblasJmhBenchmark.run":
  2409.667 ±(99.9%) 452.789 ns/op [Average]
  (min, avg, max) = (2265.673, 2409.667, 2593.438), stdev = 117.588
  CI (99.9%): [1956.878, 2862.456] (assumes normal distribution)


# JMH version: 1.37
# VM version: JDK 25.0.1, OpenJDK 64-Bit Server VM, 25.0.1+8-LTS
# VM invoker: /home/rasmus/.gradle/jdks/eclipse_adoptium-25-amd64-linux.2/bin/java
# VM options: --enable-native-access=ALL-UNNAMED -Dfile.encoding=UTF-8 -Duser.country -Duser.language=en -Duser.variant -Dkoblas.bench.cases=/home/rasmus/.codex/worktrees/703f/koblas/koblas-bench/reports/f342c3192a41a07cf0454d7d4d5324f8289cc01329bcc9c990b986dcdd2f5922/20260911T153950Z-a038f25ac668/cases.txt
# Blackhole mode: compiler (auto-detected, use -Djmh.blackhole.autoDetect=false to disable)
# Warmup: 3 iterations, 200000000 ns each
# Measurement: 5 iterations, 200000000 ns each
# Timeout: 10 min per iteration
# Threads: 1 thread, will synchronize iterations
# Benchmark mode: Average time, time/op
# Benchmark: com.eignex.koblas.bench.KoblasJmhBenchmark.run
# Parameters: (benchmarkMode = jvm-c, caseId = gemm-block+32x16x65+uniform+physical=4x4+work=gemm-add-v1+leftLayout=depth-rows-v1+rightLayout=depth-columns-v1+leftGroup=4+rightGroup=4+leftStride=4+rightStride=4+padding=zero+alignment=8+block=32x16x65+panel=65+diagonal=0+rhs=0+batch=1+variant=current-tile-v1+timing=prepacked-compute)

# Run progress: 98.29% complete, ETA 00:00:03
# Fork: 1 of 1
WARNING: A terminally deprecated method in sun.misc.Unsafe has been called
WARNING: sun.misc.Unsafe::objectFieldOffset has been called by org.openjdk.jmh.util.Utils (file:/home/rasmus/.gradle/caches/modules-2/files-2.1/org.openjdk.jmh/jmh-core/1.37/896f27e49105b35ea1964319c83d12082e7a79ef/jmh-core-1.37.jar)
WARNING: Please consider reporting this to the maintainers of class org.openjdk.jmh.util.Utils
WARNING: sun.misc.Unsafe::objectFieldOffset will be removed in a future release
# Warmup Iteration   1: 23638.641 ns/op
# Warmup Iteration   2: 8381.122 ns/op
# Warmup Iteration   3: 7283.156 ns/op
Iteration   1: 6619.134 ns/op
Iteration   2: 6284.186 ns/op
Iteration   3: 6367.915 ns/op
Iteration   4: 7736.581 ns/op
Iteration   5: 9030.908 ns/op


Result "com.eignex.koblas.bench.KoblasJmhBenchmark.run":
  7207.745 ±(99.9%) 4518.698 ns/op [Average]
  (min, avg, max) = (6284.186, 7207.745, 9030.908), stdev = 1173.492
  CI (99.9%): [2689.046, 11726.443] (assumes normal distribution)


# JMH version: 1.37
# VM version: JDK 25.0.1, OpenJDK 64-Bit Server VM, 25.0.1+8-LTS
# VM invoker: /home/rasmus/.gradle/jdks/eclipse_adoptium-25-amd64-linux.2/bin/java
# VM options: --enable-native-access=ALL-UNNAMED -Dfile.encoding=UTF-8 -Duser.country -Duser.language=en -Duser.variant -Dkoblas.bench.cases=/home/rasmus/.codex/worktrees/703f/koblas/koblas-bench/reports/f342c3192a41a07cf0454d7d4d5324f8289cc01329bcc9c990b986dcdd2f5922/20260911T153950Z-a038f25ac668/cases.txt
# Blackhole mode: compiler (auto-detected, use -Djmh.blackhole.autoDetect=false to disable)
# Warmup: 3 iterations, 200000000 ns each
# Measurement: 5 iterations, 200000000 ns each
# Timeout: 10 min per iteration
# Threads: 1 thread, will synchronize iterations
# Benchmark mode: Average time, time/op
# Benchmark: com.eignex.koblas.bench.KoblasJmhBenchmark.run
# Parameters: (benchmarkMode = jvm-c, caseId = gemm-block+32x16x65+uniform+physical=4x4+work=gemm-add-v1+leftLayout=depth-rows-v1+rightLayout=depth-columns-v1+leftGroup=4+rightGroup=4+leftStride=4+rightStride=4+padding=zero+alignment=8+block=32x16x65+panel=65+diagonal=0+rhs=0+batch=1+variant=current-tile-v1+timing=pack-plus-compute)

# Run progress: 99.15% complete, ETA 00:00:01
# Fork: 1 of 1
WARNING: A terminally deprecated method in sun.misc.Unsafe has been called
WARNING: sun.misc.Unsafe::objectFieldOffset has been called by org.openjdk.jmh.util.Utils (file:/home/rasmus/.gradle/caches/modules-2/files-2.1/org.openjdk.jmh/jmh-core/1.37/896f27e49105b35ea1964319c83d12082e7a79ef/jmh-core-1.37.jar)
WARNING: Please consider reporting this to the maintainers of class org.openjdk.jmh.util.Utils
WARNING: sun.misc.Unsafe::objectFieldOffset will be removed in a future release
# Warmup Iteration   1: 33928.334 ns/op
# Warmup Iteration   2: 12789.882 ns/op
# Warmup Iteration   3: 13654.805 ns/op
Iteration   1: 12920.988 ns/op
Iteration   2: 11587.246 ns/op
Iteration   3: 10903.348 ns/op
Iteration   4: 10938.434 ns/op
Iteration   5: 11028.922 ns/op


Result "com.eignex.koblas.bench.KoblasJmhBenchmark.run":
  11475.788 ±(99.9%) 3288.387 ns/op [Average]
  (min, avg, max) = (10903.348, 11475.788, 12920.988), stdev = 853.984
  CI (99.9%): [8187.400, 14764.175] (assumes normal distribution)


# Run complete. Total time: 00:03:39

REMEMBER: The numbers below are just data. To gain reusable insights, you need to follow up on
why the numbers are the way they are. Use profilers (see -prof, -lprof), design factorial
experiments, perform baseline and negative tests that provide experimental control, make sure
the benchmarking environment is safe on JVM/OS/HW level, ask for reviews from the domain experts.
Do not assume the numbers tell you what you want them to tell.

NOTE: Current JVM experimentally supports Compiler Blackholes, and they are in use. Please exercise
extra caution when trusting the results, look into the generated code to check the benchmark still
works, and factor in a small probability of new VM bugs. Additionally, while comparisons between
different JVMs are already problematic, the performance difference caused by different Blackhole
modes can be very significant. Please make sure you use the consistent Blackhole mode for comparisons.

Benchmark               (benchmarkMode)                                                                                                                                                                                                                                                                                                                   (caseId)  Mode  Cnt       Score       Error  Units
KoblasJmhBenchmark.run            jvm-c                                                                                                                                                                                                                                                                                                           dot+4096+uniform  avgt    5     689.622 ±   178.609  ns/op
KoblasJmhBenchmark.run            jvm-c                                                                                                                                                                                                                                                                                                          axpy+4096+uniform  avgt    5    1359.371 ±    96.659  ns/op
KoblasJmhBenchmark.run            jvm-c                                                                                                                                                                                                                                                                                               axpy-arithmetic+4096+uniform  avgt    5    1350.455 ±   150.676  ns/op
KoblasJmhBenchmark.run            jvm-c                                                                                                                                                                                                                                                                                                          scal+4096+uniform  avgt    5     947.028 ±    21.497  ns/op
KoblasJmhBenchmark.run            jvm-c                                                                                                                                                                                                                                                                                                          nrm2+4096+uniform  avgt    5     277.233 ±     7.698  ns/op
KoblasJmhBenchmark.run            jvm-c                                                                                                                                                                                                                                                                                                          asum+4096+uniform  avgt    5     221.878 ±    25.719  ns/op
KoblasJmhBenchmark.run            jvm-c                                                                                                                                                                                                                                                                                                           sum+4096+uniform  avgt    5     214.825 ±     9.753  ns/op
KoblasJmhBenchmark.run            jvm-c                                                                                                                                                                                                                                                                                               compensated-sum+4096+uniform  avgt    5    3043.777 ±    85.557  ns/op
KoblasJmhBenchmark.run            jvm-c                                                                                                                                                                                                                                                                                                         iamax+4096+uniform  avgt    5    1195.482 ±   240.958  ns/op
KoblasJmhBenchmark.run            jvm-c                                                                                                                                                                                                                                                                                                          swap+4096+uniform  avgt    5    2389.195 ±    15.764  ns/op
KoblasJmhBenchmark.run            jvm-c                                                                                                                                                                                                                                                                                                           rot+4096+uniform  avgt    5    2504.707 ±    21.900  ns/op
KoblasJmhBenchmark.run            jvm-c                                                                                                                                                                                                                                                                                                          rotm+4096+uniform  avgt    5    3448.334 ±   122.934  ns/op
KoblasJmhBenchmark.run            jvm-c                                                                                                                                                                                                                                                                                                            rotmg+1+uniform  avgt    5       8.523 ±     3.815  ns/op
KoblasJmhBenchmark.run            jvm-c                                                                                                                                                                                                                                                                                                          ssqd+4096+uniform  avgt    5     738.565 ±   189.612  ns/op
KoblasJmhBenchmark.run            jvm-c                                                                                                                                                                                                                                                                                                          dot4+4096+uniform  avgt    5    1695.942 ±    35.746  ns/op
KoblasJmhBenchmark.run            jvm-c                                                                                                                                                                                                                                                                                                         axpy4+4096+uniform  avgt    5    2492.421 ±   333.842  ns/op
KoblasJmhBenchmark.run            jvm-c                                                                                                                                                                                                                                                                                                      dot-axpy+4096+uniform  avgt    5    1745.687 ±    12.020  ns/op
KoblasJmhBenchmark.run            jvm-c                                                                                                                                                                                                                                                                                                         gemv+32x21+uniform  avgt    5     223.210 ±     1.254  ns/op
KoblasJmhBenchmark.run            jvm-c                                                                                                                                                                                                                                                                                               gemv+129x31+uniform+transA=T  avgt    5     983.925 ±   129.590  ns/op
KoblasJmhBenchmark.run            jvm-c                                                                                                                                                                                                                                                                                                    symv+129+uniform+uplo=U  avgt    5    4226.489 ±   751.535  ns/op
KoblasJmhBenchmark.run            jvm-c                                                                                                                                                                                                                                                                                                         ger+129x31+uniform  avgt    5    1831.171 ±    26.501  ns/op
KoblasJmhBenchmark.run            jvm-c                                                                                                                                                                                                                                                                                                     syr+129+uniform+uplo=L  avgt    5    5718.072 ±   233.592  ns/op
KoblasJmhBenchmark.run            jvm-c                                                                                                                                                                                                                                                                                                    syr2+129+uniform+uplo=U  avgt    5    8295.142 ±   617.074  ns/op
KoblasJmhBenchmark.run            jvm-c                                                                                                                                                                                                                                                                                 trsv+129+triangular+uplo=L+transA=N+diag=N  avgt    5    3341.925 ±   557.001  ns/op
KoblasJmhBenchmark.run            jvm-c                                                                                                                                                                                                                                                                                 trmv+129+triangular+uplo=U+transA=T+diag=U  avgt    5    3049.078 ±    18.936  ns/op
KoblasJmhBenchmark.run            jvm-c                                                                                                                                                                                                                                                                                                      gemm+32x21x48+uniform  avgt    5    6742.430 ±    90.429  ns/op
KoblasJmhBenchmark.run            jvm-c                                                                                                                                                                                                                                                                                           gemm+129x31x257+uniform+transA=T  avgt    5  151191.410 ±  4663.473  ns/op
KoblasJmhBenchmark.run            jvm-c                                                                                                                                                                                                                                                                                            gemm+65x127x33+uniform+transB=T  avgt    5   44553.397 ±  5370.222  ns/op
KoblasJmhBenchmark.run            jvm-c                                                                                                                                                                                                                                                                                          symm+129x31+uniform+side=L+uplo=L  avgt    5   75105.114 ± 12928.792  ns/op
KoblasJmhBenchmark.run            jvm-c                                                                                                                                                                                                                                                                                          symm+31x129+uniform+side=R+uplo=U  avgt    5   74967.325 ± 15955.633  ns/op
KoblasJmhBenchmark.run            jvm-c                                                                                                                                                                                                                                                                              gemmt+129x31+uniform+uplo=L+transA=N+transB=N  avgt    5  157776.993 ±  3938.810  ns/op
KoblasJmhBenchmark.run            jvm-c                                                                                                                                                                                                                                                                                        syrk+129x31+uniform+uplo=L+transA=N  avgt    5   54267.728 ± 11348.337  ns/op
KoblasJmhBenchmark.run            jvm-c                                                                                                                                                                                                                                                                                       syr2k+129x31+uniform+uplo=U+transA=T  avgt    5  120333.206 ± 26047.450  ns/op
KoblasJmhBenchmark.run            jvm-c                                                                                                                                                                                                                                                                        trsm+64x16+triangular+side=L+uplo=L+transA=N+diag=N  avgt    5   15611.413 ±  1984.594  ns/op
KoblasJmhBenchmark.run            jvm-c                                                                                                                                                                                                                                                                        trsm+17x64+triangular+side=R+uplo=U+transA=T+diag=U  avgt    5   16491.457 ±  1992.569  ns/op
KoblasJmhBenchmark.run            jvm-c                                                                                                                                                                                                                                                                        trmm+64x16+triangular+side=L+uplo=U+transA=T+diag=N  avgt    5   12143.588 ±  2222.337  ns/op
KoblasJmhBenchmark.run            jvm-c                                                                                                                                                                                                                                                                        trmm+17x64+triangular+side=R+uplo=L+transA=N+diag=U  avgt    5   15380.051 ±   625.191  ns/op
KoblasJmhBenchmark.run            jvm-c                                           gemm-tile+4x4x32+uniform+physical=4x4+work=gemm-add-v1+leftLayout=depth-rows-v1+rightLayout=depth-columns-v1+leftGroup=4+rightGroup=4+leftStride=4+rightStride=4+padding=zero+alignment=8+block=4x4x32+panel=32+diagonal=0+rhs=0+batch=1+variant=current-tile-v1+timing=raw-tile  avgt    5      89.459 ±     3.558  ns/op
KoblasJmhBenchmark.run            jvm-c                                           gemm-tile+3x2x31+uniform+physical=4x4+work=gemm-add-v1+leftLayout=depth-rows-v1+rightLayout=depth-columns-v1+leftGroup=4+rightGroup=4+leftStride=4+rightStride=4+padding=zero+alignment=8+block=3x2x31+panel=31+diagonal=0+rhs=0+batch=1+variant=current-tile-v1+timing=raw-tile  avgt    5      81.226 ±     1.061  ns/op
KoblasJmhBenchmark.run            jvm-c                          packed-trsm+4x4+triangular+physical=4x4+uplo=L+diag=N+work=right-solve-v1+leftLayout=depth-rows-v1+rightLayout=depth-columns-v1+leftGroup=4+rightGroup=4+leftStride=4+rightStride=4+padding=zero+alignment=8+block=4x4x4+panel=4+diagonal=4+rhs=4+batch=1+variant=current-tile-v1+timing=raw-tile  avgt    5      40.262 ±     0.537  ns/op
KoblasJmhBenchmark.run            jvm-c                          packed-trsm+3x2+triangular+physical=4x4+uplo=U+diag=U+work=right-solve-v1+leftLayout=depth-rows-v1+rightLayout=depth-columns-v1+leftGroup=4+rightGroup=4+leftStride=4+rightStride=4+padding=zero+alignment=8+block=3x2x2+panel=2+diagonal=2+rhs=3+batch=1+variant=current-tile-v1+timing=raw-tile  avgt    5      10.693 ±     0.752  ns/op
KoblasJmhBenchmark.run            jvm-c                      gemm-trsm+4x4x32+triangular+physical=4x4+uplo=L+diag=N+work=update-solve-v1+leftLayout=depth-rows-v1+rightLayout=depth-columns-v1+leftGroup=4+rightGroup=4+leftStride=4+rightStride=4+padding=zero+alignment=8+block=4x4x32+panel=32+diagonal=4+rhs=4+batch=1+variant=current-tile-v1+timing=raw-tile  avgt    5     118.612 ±    19.371  ns/op
KoblasJmhBenchmark.run            jvm-c                      gemm-trsm+3x2x31+triangular+physical=4x4+uplo=U+diag=U+work=update-solve-v1+leftLayout=depth-rows-v1+rightLayout=depth-columns-v1+leftGroup=4+rightGroup=4+leftStride=4+rightStride=4+padding=zero+alignment=8+block=3x2x31+panel=31+diagonal=2+rhs=3+batch=1+variant=current-tile-v1+timing=raw-tile  avgt    5     113.071 ±    17.808  ns/op
KoblasJmhBenchmark.run            jvm-c                                       pack-left+4x32+uniform+physical=4x4+work=pack-left-v1+leftLayout=depth-rows-v1+rightLayout=depth-columns-v1+leftGroup=4+rightGroup=4+leftStride=4+rightStride=4+padding=zero+alignment=8+block=4x32x32+panel=32+diagonal=0+rhs=0+batch=1+variant=current-tile-v1+timing=packing-only  avgt    5     127.734 ±     1.729  ns/op
KoblasJmhBenchmark.run            jvm-c                                       pack-left+3x31+uniform+physical=4x4+work=pack-left-v1+leftLayout=depth-rows-v1+rightLayout=depth-columns-v1+leftGroup=4+rightGroup=4+leftStride=4+rightStride=4+padding=zero+alignment=8+block=3x31x31+panel=31+diagonal=0+rhs=0+batch=1+variant=current-tile-v1+timing=packing-only  avgt    5     141.169 ±    16.490  ns/op
KoblasJmhBenchmark.run            jvm-c                                     pack-right+32x4+uniform+physical=4x4+work=pack-right-v1+leftLayout=depth-rows-v1+rightLayout=depth-columns-v1+leftGroup=4+rightGroup=4+leftStride=4+rightStride=4+padding=zero+alignment=8+block=32x4x32+panel=32+diagonal=0+rhs=0+batch=1+variant=current-tile-v1+timing=packing-only  avgt    5     139.414 ±     1.534  ns/op
KoblasJmhBenchmark.run            jvm-c                                     pack-right+31x2+uniform+physical=4x4+work=pack-right-v1+leftLayout=depth-rows-v1+rightLayout=depth-columns-v1+leftGroup=4+rightGroup=4+leftStride=4+rightStride=4+padding=zero+alignment=8+block=31x2x31+panel=31+diagonal=0+rhs=0+batch=1+variant=current-tile-v1+timing=packing-only  avgt    5     136.300 ±     9.551  ns/op
KoblasJmhBenchmark.run            jvm-c                pack-symmetric-left+4x4+uniform+physical=4x4+uplo=L+work=pack-symmetric-left-v1+leftLayout=depth-rows-v1+rightLayout=depth-columns-v1+leftGroup=4+rightGroup=4+leftStride=4+rightStride=4+padding=zero+alignment=8+block=4x4x4+panel=4+diagonal=0+rhs=0+batch=1+variant=current-tile-v1+timing=packing-only  avgt    5      29.642 ±     0.215  ns/op
KoblasJmhBenchmark.run            jvm-c              pack-symmetric-right+4x4+uniform+physical=4x4+uplo=U+work=pack-symmetric-right-v1+leftLayout=depth-rows-v1+rightLayout=depth-columns-v1+leftGroup=4+rightGroup=4+leftStride=4+rightStride=4+padding=zero+alignment=8+block=4x4x4+panel=4+diagonal=0+rhs=0+batch=1+variant=current-tile-v1+timing=packing-only  avgt    5      32.895 ±     5.194  ns/op
KoblasJmhBenchmark.run            jvm-c    pack-triangular-left+4x4+triangular+physical=4x4+uplo=L+diag=N+work=pack-triangular-left-v1+leftLayout=depth-rows-v1+rightLayout=depth-columns-v1+leftGroup=4+rightGroup=4+leftStride=4+rightStride=4+padding=zero+alignment=8+block=4x4x4+panel=4+diagonal=0+rhs=0+batch=1+variant=current-tile-v1+timing=packing-only  avgt    5      31.042 ±     0.427  ns/op
KoblasJmhBenchmark.run            jvm-c  pack-triangular-right+4x4+triangular+physical=4x4+uplo=U+diag=U+work=pack-triangular-right-v1+leftLayout=depth-rows-v1+rightLayout=depth-columns-v1+leftGroup=4+rightGroup=4+leftStride=4+rightStride=4+padding=zero+alignment=8+block=4x4x4+panel=4+diagonal=0+rhs=0+batch=1+variant=current-tile-v1+timing=packing-only  avgt    5      32.892 ±     4.426  ns/op
KoblasJmhBenchmark.run            jvm-c                                      write-left+3x31+uniform+physical=4x4+work=write-left-v1+leftLayout=depth-rows-v1+rightLayout=depth-columns-v1+leftGroup=4+rightGroup=4+leftStride=4+rightStride=4+padding=zero+alignment=8+block=3x31x31+panel=31+diagonal=0+rhs=0+batch=1+variant=current-tile-v1+timing=layout-only  avgt    5      64.005 ±     2.213  ns/op
KoblasJmhBenchmark.run            jvm-c                                      write-left+4x32+uniform+physical=4x4+work=write-left-v1+leftLayout=depth-rows-v1+rightLayout=depth-columns-v1+leftGroup=4+rightGroup=4+leftStride=4+rightStride=4+padding=zero+alignment=8+block=4x32x32+panel=32+diagonal=0+rhs=0+batch=1+variant=current-tile-v1+timing=layout-only  avgt    5      78.635 ±    14.440  ns/op
KoblasJmhBenchmark.run            jvm-c                                    write-right+31x2+uniform+physical=4x4+work=write-right-v1+leftLayout=depth-rows-v1+rightLayout=depth-columns-v1+leftGroup=4+rightGroup=4+leftStride=4+rightStride=4+padding=zero+alignment=8+block=31x2x31+panel=31+diagonal=0+rhs=0+batch=1+variant=current-tile-v1+timing=layout-only  avgt    5      88.374 ±    14.369  ns/op
KoblasJmhBenchmark.run            jvm-c                                    write-right+32x4+uniform+physical=4x4+work=write-right-v1+leftLayout=depth-rows-v1+rightLayout=depth-columns-v1+leftGroup=4+rightGroup=4+leftStride=4+rightStride=4+padding=zero+alignment=8+block=32x4x32+panel=32+diagonal=0+rhs=0+batch=1+variant=current-tile-v1+timing=layout-only  avgt    5      92.698 ±    16.417  ns/op
KoblasJmhBenchmark.run            jvm-c                      clear-left-padding+3x31+uniform+physical=4x4+work=clear-left-padding-v1+leftLayout=depth-rows-v1+rightLayout=depth-columns-v1+leftGroup=4+rightGroup=4+leftStride=4+rightStride=4+padding=zero+alignment=8+block=3x31x31+panel=31+diagonal=0+rhs=0+batch=1+variant=current-tile-v1+timing=layout-only  avgt    5      75.503 ±     0.567  ns/op
KoblasJmhBenchmark.run            jvm-c                      clear-left-padding+4x32+uniform+physical=4x4+work=clear-left-padding-v1+leftLayout=depth-rows-v1+rightLayout=depth-columns-v1+leftGroup=4+rightGroup=4+leftStride=4+rightStride=4+padding=zero+alignment=8+block=4x32x32+panel=32+diagonal=0+rhs=0+batch=1+variant=current-tile-v1+timing=layout-only  avgt    5       7.297 ±     0.069  ns/op
KoblasJmhBenchmark.run            jvm-c                    clear-right-padding+31x2+uniform+physical=4x4+work=clear-right-padding-v1+leftLayout=depth-rows-v1+rightLayout=depth-columns-v1+leftGroup=4+rightGroup=4+leftStride=4+rightStride=4+padding=zero+alignment=8+block=31x2x31+panel=31+diagonal=0+rhs=0+batch=1+variant=current-tile-v1+timing=layout-only  avgt    5      78.081 ±    14.774  ns/op
KoblasJmhBenchmark.run            jvm-c                    clear-right-padding+32x4+uniform+physical=4x4+work=clear-right-padding-v1+leftLayout=depth-rows-v1+rightLayout=depth-columns-v1+leftGroup=4+rightGroup=4+leftStride=4+rightStride=4+padding=zero+alignment=8+block=32x4x32+panel=32+diagonal=0+rhs=0+batch=1+variant=current-tile-v1+timing=layout-only  avgt    5       7.314 ±     1.410  ns/op
KoblasJmhBenchmark.run            jvm-c                                                                                                                                                                                                                                                                                     spdot+4096+sparse-uniform+density=0.01  avgt    5      21.509 ±     7.506  ns/op
KoblasJmhBenchmark.run            jvm-c                                                                                                                                                                                                                                                                                  spdot-raw+64+sparse-uniform+density=0.125  avgt    5      10.235 ±     3.116  ns/op
KoblasJmhBenchmark.run            jvm-c                                                                                                                                                                                                                                                                               spdot-raw+4096+sparse-uniform+density=0.0625  avgt    5     145.933 ±    22.641  ns/op
KoblasJmhBenchmark.run            jvm-c                                                                                                                                                                                                                                                                            spdot-raw+65536+sparse-uniform+density=0.015625  avgt    5     707.163 ±    89.656  ns/op
KoblasJmhBenchmark.run            jvm-c                                                                                                                                                                                                                                                                            spdot-raw+262144+sparse-uniform+density=0.03125  avgt    5    5039.845 ±   415.312  ns/op
KoblasJmhBenchmark.run            jvm-c                                                                                                                                                                                                                                                                              spdot-sparse+4096+sparse-uniform+density=0.01  avgt    5      62.172 ±    11.859  ns/op
KoblasJmhBenchmark.run            jvm-c                                                                                                                                                                                                                                                                                    spaxpy+4096+sparse-uniform+density=0.01  avgt    5     787.436 ±    14.286  ns/op
KoblasJmhBenchmark.run            jvm-c                                                                                                                                                                                                                                                                                 spaxpy-raw+64+sparse-uniform+density=0.125  avgt    5      17.329 ±     0.855  ns/op
KoblasJmhBenchmark.run            jvm-c                                                                                                                                                                                                                                                                              spaxpy-raw+4096+sparse-uniform+density=0.0625  avgt    5     940.307 ±    59.492  ns/op
KoblasJmhBenchmark.run            jvm-c                                                                                                                                                                                                                                                                           spaxpy-raw+65536+sparse-uniform+density=0.015625  avgt    5   13579.112 ±  4666.578  ns/op
KoblasJmhBenchmark.run            jvm-c                                                                                                                                                                                                                                                                           spaxpy-raw+262144+sparse-uniform+density=0.03125  avgt    5  135013.601 ± 34903.213  ns/op
KoblasJmhBenchmark.run            jvm-c                                                                                                                                                                                                                                                                                    spnrm2+4096+sparse-uniform+density=0.01  avgt    5      21.348 ±    20.389  ns/op
KoblasJmhBenchmark.run            jvm-c                                                                                                                                                                                                                                                                            spnrm2-indexed+4096+sparse-uniform+density=0.01  avgt    5      28.116 ±     9.972  ns/op
KoblasJmhBenchmark.run            jvm-c                                                                                                                                                                                                                                                                             spnrm2-indexed+4096+sparse-uniform+density=0.5  avgt    5    1845.103 ±   374.479  ns/op
KoblasJmhBenchmark.run            jvm-c                                                                                                                                                                                                                                                                       spnrm2-indexed+262144+sparse-uniform+density=0.03125  avgt    5    6555.116 ±   784.666  ns/op
KoblasJmhBenchmark.run            jvm-c                                                                                                                                                                                                                                                                                    spasum+4096+sparse-uniform+density=0.01  avgt    5      19.159 ±     3.376  ns/op
KoblasJmhBenchmark.run            jvm-c                                                                                                                                                                                                                                                                                 spscatter+4096+sparse-uniform+density=0.01  avgt    5     983.707 ±    73.106  ns/op
KoblasJmhBenchmark.run            jvm-c                                                                                                                                                                                                                                                                              spscatter-raw+64+sparse-uniform+density=0.125  avgt    5      17.519 ±     3.397  ns/op
KoblasJmhBenchmark.run            jvm-c                                                                                                                                                                                                                                                                           spscatter-raw+4096+sparse-uniform+density=0.0625  avgt    5    2024.030 ±   278.846  ns/op
KoblasJmhBenchmark.run            jvm-c                                                                                                                                                                                                                                                                        spscatter-raw+65536+sparse-uniform+density=0.015625  avgt    5   14398.761 ±  2306.330  ns/op
KoblasJmhBenchmark.run            jvm-c                                                                                                                                                                                                                                                                        spscatter-raw+262144+sparse-uniform+density=0.03125  avgt    5  144667.335 ±  6748.882  ns/op
KoblasJmhBenchmark.run            jvm-c                                                                                                                                                                                                                                                                                  spgather+4096+sparse-uniform+density=0.01  avgt    5     980.176 ±   284.967  ns/op
KoblasJmhBenchmark.run            jvm-c                                                                                                                                                                                                                                                                             spgather-zero+4096+sparse-uniform+density=0.01  avgt    5    1036.741 ±   136.779  ns/op
KoblasJmhBenchmark.run            jvm-c                                                                                                                                                                                                                                                                   spgemv+257x129+sparse-uniform+density=0.01+mode=prepared  avgt    5     530.550 ±    84.906  ns/op
KoblasJmhBenchmark.run            jvm-c                                                                                                                                                                                                                                                                    spgemv+257x129+sparse-uniform+density=0.01+mode=oneshot  avgt    5     568.757 ±    93.711  ns/op
KoblasJmhBenchmark.run            jvm-c                                                                                                                                                                                                                                                                   spmm+257x8x129+sparse-uniform+density=0.01+mode=prepared  avgt    5    3883.689 ±   302.865  ns/op
KoblasJmhBenchmark.run            jvm-c                                                                                                                                                                                                                                                                    spmm+257x8x129+sparse-uniform+density=0.01+mode=oneshot  avgt    5    4228.510 ±  1777.762  ns/op
KoblasJmhBenchmark.run            jvm-c                                                                                                                                                                                                                                                                 spgemm+129x97x65+sparse-uniform+density=0.01+mode=prepared  avgt    5    1857.307 ±    94.748  ns/op
KoblasJmhBenchmark.run            jvm-c                                                                                                                                                                                                                                                                  spgemm+129x97x65+sparse-uniform+density=0.01+mode=oneshot  avgt    5    2243.180 ±  1508.626  ns/op
KoblasJmhBenchmark.run            jvm-c                                                                                                                                                                                                                                                              spsymv+129+sparse-triangular+density=0.02+mode=oneshot+uplo=L  avgt    5     752.522 ±   333.129  ns/op
KoblasJmhBenchmark.run            jvm-c                                                                                                                                                                                                                                                     spsymm+129x8+sparse-triangular+density=0.02+mode=oneshot+side=L+uplo=L  avgt    5    3906.407 ±   322.177  ns/op
KoblasJmhBenchmark.run            jvm-c                                                                                                                                                                                                                                              sptrsv+129+sparse-triangular+density=0.02+mode=oneshot+uplo=L+transA=N+diag=N  avgt    5     737.834 ±    56.937  ns/op
KoblasJmhBenchmark.run            jvm-c                                                                                                                                                                                                                                              sptrmv+129+sparse-triangular+density=0.02+mode=oneshot+uplo=U+transA=T+diag=U  avgt    5     412.057 ±    42.027  ns/op
KoblasJmhBenchmark.run            jvm-c                                                                                                                                                                                                                                     sptrsm+129x8+sparse-triangular+density=0.02+mode=oneshot+side=L+uplo=L+transA=N+diag=N  avgt    5    7618.120 ±  1001.774  ns/op
KoblasJmhBenchmark.run            jvm-c                                                                                                                                                                                                                                     sptrmm+129x8+sparse-triangular+density=0.02+mode=oneshot+side=L+uplo=U+transA=T+diag=U  avgt    5    5512.798 ±   428.100  ns/op
KoblasJmhBenchmark.run            jvm-c                                                                                                                                                                                                                                                                     spsyrk-dense+129x65+sparse-uniform+density=0.02+uplo=U  avgt    5    8554.688 ±  3580.362  ns/op
KoblasJmhBenchmark.run            jvm-c                                                                                                                                                                                                                                                                    spsyrk-sparse+129x65+sparse-uniform+density=0.02+uplo=L  avgt    5    5295.243 ±   594.053  ns/op
KoblasJmhBenchmark.run            jvm-c                                                                                                                                                                                                                                                                                   spadd+129x65+sparse-uniform+density=0.02  avgt    5    1913.393 ±   956.513  ns/op
KoblasJmhBenchmark.run            jvm-c                                                                                                                                                                                                                                                                      sparse-slices-scatter+512+sparse-uniform+density=0.25  avgt    5     255.177 ±    67.235  ns/op
KoblasJmhBenchmark.run            jvm-c                                                                                                                                                                                                                                                              sparse-slices-scatter-checked+512+sparse-uniform+density=0.25  avgt    5     463.869 ±    41.834  ns/op
KoblasJmhBenchmark.run            jvm-c                                                                                                                                                                                                                                                                       sparse-slices-gather+512+sparse-uniform+density=0.25  avgt    5      88.918 ±     7.818  ns/op
KoblasJmhBenchmark.run            jvm-c                                                                                                                                                                                                                                                                 sparse-slices-gather-clear+512+sparse-uniform+density=0.25  avgt    5     230.357 ±    12.203  ns/op
KoblasJmhBenchmark.run            jvm-c                                                                                                                                                                                                                                                                        sparse-slices-clear+512+sparse-uniform+density=0.25  avgt    5     146.685 ±    15.527  ns/op
KoblasJmhBenchmark.run            jvm-c                                                                                                                                                                                                                                                                  sparse-slices-clear-local+512+sparse-uniform+density=0.25  avgt    5     131.107 ±    17.976  ns/op
KoblasJmhBenchmark.run            jvm-c                                                                                                                                                                                                                                                           sparse-slices-reduce-dot-checked+512+sparse-uniform+density=0.25  avgt    5     441.061 ±    30.058  ns/op
KoblasJmhBenchmark.run            jvm-c                                                                                                                                                                                                                                                             sparse-slices-reduce-dot-local+512+sparse-uniform+density=0.25  avgt    5     350.360 ±    22.021  ns/op
KoblasJmhBenchmark.run            jvm-c                                                                                                                                                                                                                                                         sparse-slices-reduce-dot-unchecked+512+sparse-uniform+density=0.25  avgt    5      97.155 ±    10.131  ns/op
KoblasJmhBenchmark.run            jvm-c                                                                                                                                                                                                                                                                          sparse-slices-max+512+sparse-uniform+density=0.25  avgt    5     289.619 ±    24.628  ns/op
KoblasJmhBenchmark.run            jvm-c                                                                                                                                                                                                                                                                       sparse-slices-filter+512+sparse-uniform+density=0.25  avgt    5     201.631 ±    14.722  ns/op
KoblasJmhBenchmark.run            jvm-c                                                                                                                                                                                                                                                                                                       gemm+257x3x1+uniform  avgt    5    2876.572 ±   293.493  ns/op
KoblasJmhBenchmark.run            jvm-c                                                                                                                                                                                                                                                                                                      gemm+3x257x33+uniform  avgt    5   17734.005 ±   595.811  ns/op
KoblasJmhBenchmark.run            jvm-c                                                                                                                                                                                                                                                                                                      gemm+127x5x65+uniform  avgt    5   18703.770 ±  2710.549  ns/op
KoblasJmhBenchmark.run            jvm-c                                                                                                                                                                                                                                                                         trsm+65x1+triangular+side=L+uplo=L+transA=N+diag=N  avgt    5    1483.683 ±   272.678  ns/op
KoblasJmhBenchmark.run            jvm-c                                                                                                                                                                                                                                                                        trsm+65x33+triangular+side=L+uplo=U+transA=T+diag=U  avgt    5   42617.876 ± 27348.195  ns/op
KoblasJmhBenchmark.run            jvm-c                               gemm-block+15x7x31+uniform+physical=4x4+work=gemm-add-v1+leftLayout=depth-rows-v1+rightLayout=depth-columns-v1+leftGroup=4+rightGroup=4+leftStride=4+rightStride=4+padding=zero+alignment=8+block=15x7x31+panel=31+diagonal=0+rhs=0+batch=1+variant=current-tile-v1+timing=prepacked-compute  avgt    5    1023.203 ±    64.534  ns/op
KoblasJmhBenchmark.run            jvm-c                               gemm-block+15x7x31+uniform+physical=4x4+work=gemm-add-v1+leftLayout=depth-rows-v1+rightLayout=depth-columns-v1+leftGroup=4+rightGroup=4+leftStride=4+rightStride=4+padding=zero+alignment=8+block=15x7x31+panel=31+diagonal=0+rhs=0+batch=1+variant=current-tile-v1+timing=pack-plus-compute  avgt    5    2409.667 ±   452.789  ns/op
KoblasJmhBenchmark.run            jvm-c                             gemm-block+32x16x65+uniform+physical=4x4+work=gemm-add-v1+leftLayout=depth-rows-v1+rightLayout=depth-columns-v1+leftGroup=4+rightGroup=4+leftStride=4+rightStride=4+padding=zero+alignment=8+block=32x16x65+panel=65+diagonal=0+rhs=0+batch=1+variant=current-tile-v1+timing=prepacked-compute  avgt    5    7207.745 ±  4518.698  ns/op
KoblasJmhBenchmark.run            jvm-c                             gemm-block+32x16x65+uniform+physical=4x4+work=gemm-add-v1+leftLayout=depth-rows-v1+rightLayout=depth-columns-v1+leftGroup=4+rightGroup=4+leftStride=4+rightStride=4+padding=zero+alignment=8+block=32x16x65+panel=65+diagonal=0+rhs=0+batch=1+variant=current-tile-v1+timing=pack-plus-compute  avgt    5   11475.788 ±  3288.387  ns/op
wrote 143 cases and 611 rows to /home/rasmus/.codex/worktrees/703f/koblas/koblas-bench/reports/f342c3192a41a07cf0454d7d4d5324f8289cc01329bcc9c990b986dcdd2f5922/20260911T153950Z-a038f25ac668/jvm-c.csv
resolved implementation=jvm-c/c/c-sparse/packed-4x4 runtime=kotlin-2.4.10/jvm/Eclipse Adoptium/25.0.1 harness=JMH 1.37 forks=1

BUILD SUCCESSFUL in 3m 41s
9 actionable tasks: 3 executed, 6 up-to-date
Configuration cache entry stored.
