Calculating task graph as no cached configuration is available for tasks: :koblas-bench:jvmSimdBenchmark

> Configure project :koblas
Signing skipped: SNAPSHOT is a snapshot.

> Configure project :koblas-hfactor
Signing skipped: SNAPSHOT is a snapshot.

> Task :koblas:verifyJvmKernelResources SKIPPED
> Task :koblas-bench:kmpPartiallyResolvedDependenciesChecker
> Task :koblas:kmpPartiallyResolvedDependenciesChecker
> Task :koblas:checkKotlinGradlePluginConfigurationErrors SKIPPED
> Task :koblas-bench:checkKotlinGradlePluginConfigurationErrors SKIPPED
> Task :koblas-bench:jvmProcessResources NO-SOURCE
> Task :koblas:buildJvmKernels UP-TO-DATE
> Task :koblas-bench:processJvmMainResources SKIPPED
> Task :koblas:jvmProcessResources UP-TO-DATE
> Task :koblas:processJvmMainResources SKIPPED
> Task :koblas:compileKotlinJvm UP-TO-DATE
> Task :koblas:compileJvmMainJava NO-SOURCE
> Task :koblas:jvmMainClasses UP-TO-DATE
> Task :koblas:jvmJar UP-TO-DATE
> Task :koblas-bench:compileKotlinJvm UP-TO-DATE
> Task :koblas-bench:compileJvmMainJava UP-TO-DATE
> Task :koblas-bench:jvmMainClasses UP-TO-DATE

> Task :koblas-bench:jvmSimdBenchmark
WARNING: Using incubator modules: jdk.incubator.vector
WARNING: A terminally deprecated method in sun.misc.Unsafe has been called
WARNING: sun.misc.Unsafe::objectFieldOffset has been called by org.openjdk.jmh.util.Utils (file:/home/rasmus/.gradle/caches/modules-2/files-2.1/org.openjdk.jmh/jmh-core/1.37/896f27e49105b35ea1964319c83d12082e7a79ef/jmh-core-1.37.jar)
WARNING: Please consider reporting this to the maintainers of class org.openjdk.jmh.util.Utils
WARNING: sun.misc.Unsafe::objectFieldOffset will be removed in a future release
# JMH version: 1.37
# VM version: JDK 25.0.1, OpenJDK 64-Bit Server VM, 25.0.1+8-LTS
# VM invoker: /home/rasmus/.gradle/jdks/eclipse_adoptium-25-amd64-linux.2/bin/java
# VM options: --enable-native-access=ALL-UNNAMED --add-modules=jdk.incubator.vector -Dfile.encoding=UTF-8 -Duser.country -Duser.language=en -Duser.variant -Dkoblas.bench.cases=/home/rasmus/.codex/worktrees/703f/koblas/koblas-bench/reports/f342c3192a41a07cf0454d7d4d5324f8289cc01329bcc9c990b986dcdd2f5922/20260911T153950Z-a038f25ac668/cases.txt
# Blackhole mode: compiler (auto-detected, use -Djmh.blackhole.autoDetect=false to disable)
# Warmup: 3 iterations, 200000000 ns each
# Measurement: 5 iterations, 200000000 ns each
# Timeout: 10 min per iteration
# Threads: 1 thread, will synchronize iterations
# Benchmark mode: Average time, time/op
# Benchmark: com.eignex.koblas.bench.KoblasJmhBenchmark.run
# Parameters: (benchmarkMode = jvm-simd, caseId = dot+4096+uniform)

# Run progress: 0.00% complete, ETA 00:03:07
# Fork: 1 of 1
WARNING: Using incubator modules: jdk.incubator.vector
WARNING: A terminally deprecated method in sun.misc.Unsafe has been called
WARNING: sun.misc.Unsafe::objectFieldOffset has been called by org.openjdk.jmh.util.Utils (file:/home/rasmus/.gradle/caches/modules-2/files-2.1/org.openjdk.jmh/jmh-core/1.37/896f27e49105b35ea1964319c83d12082e7a79ef/jmh-core-1.37.jar)
WARNING: Please consider reporting this to the maintainers of class org.openjdk.jmh.util.Utils
WARNING: sun.misc.Unsafe::objectFieldOffset will be removed in a future release
# Warmup Iteration   1: 3402.385 ns/op
# Warmup Iteration   2: 1013.543 ns/op
# Warmup Iteration   3: 911.517 ns/op
Iteration   1: 858.894 ns/op
Iteration   2: 824.025 ns/op
Iteration   3: 809.395 ns/op
Iteration   4: 865.172 ns/op
Iteration   5: 838.673 ns/op


Result "com.eignex.koblas.bench.KoblasJmhBenchmark.run":
  839.232 ±(99.9%) 89.921 ns/op [Average]
  (min, avg, max) = (809.395, 839.232, 865.172), stdev = 23.352
  CI (99.9%): [749.311, 929.153] (assumes normal distribution)


# JMH version: 1.37
# VM version: JDK 25.0.1, OpenJDK 64-Bit Server VM, 25.0.1+8-LTS
# VM invoker: /home/rasmus/.gradle/jdks/eclipse_adoptium-25-amd64-linux.2/bin/java
# VM options: --enable-native-access=ALL-UNNAMED --add-modules=jdk.incubator.vector -Dfile.encoding=UTF-8 -Duser.country -Duser.language=en -Duser.variant -Dkoblas.bench.cases=/home/rasmus/.codex/worktrees/703f/koblas/koblas-bench/reports/f342c3192a41a07cf0454d7d4d5324f8289cc01329bcc9c990b986dcdd2f5922/20260911T153950Z-a038f25ac668/cases.txt
# Blackhole mode: compiler (auto-detected, use -Djmh.blackhole.autoDetect=false to disable)
# Warmup: 3 iterations, 200000000 ns each
# Measurement: 5 iterations, 200000000 ns each
# Timeout: 10 min per iteration
# Threads: 1 thread, will synchronize iterations
# Benchmark mode: Average time, time/op
# Benchmark: com.eignex.koblas.bench.KoblasJmhBenchmark.run
# Parameters: (benchmarkMode = jvm-simd, caseId = axpy+4096+uniform)

# Run progress: 0.85% complete, ETA 00:04:02
# Fork: 1 of 1
WARNING: Using incubator modules: jdk.incubator.vector
WARNING: A terminally deprecated method in sun.misc.Unsafe has been called
WARNING: sun.misc.Unsafe::objectFieldOffset has been called by org.openjdk.jmh.util.Utils (file:/home/rasmus/.gradle/caches/modules-2/files-2.1/org.openjdk.jmh/jmh-core/1.37/896f27e49105b35ea1964319c83d12082e7a79ef/jmh-core-1.37.jar)
WARNING: Please consider reporting this to the maintainers of class org.openjdk.jmh.util.Utils
WARNING: sun.misc.Unsafe::objectFieldOffset will be removed in a future release
# Warmup Iteration   1: 3407.658 ns/op
# Warmup Iteration   2: 1965.614 ns/op
# Warmup Iteration   3: 1689.505 ns/op
Iteration   1: 1499.063 ns/op
Iteration   2: 1498.596 ns/op
Iteration   3: 1473.571 ns/op
Iteration   4: 1461.494 ns/op
Iteration   5: 1533.456 ns/op


Result "com.eignex.koblas.bench.KoblasJmhBenchmark.run":
  1493.236 ±(99.9%) 106.758 ns/op [Average]
  (min, avg, max) = (1461.494, 1493.236, 1533.456), stdev = 27.725
  CI (99.9%): [1386.478, 1599.994] (assumes normal distribution)


# JMH version: 1.37
# VM version: JDK 25.0.1, OpenJDK 64-Bit Server VM, 25.0.1+8-LTS
# VM invoker: /home/rasmus/.gradle/jdks/eclipse_adoptium-25-amd64-linux.2/bin/java
# VM options: --enable-native-access=ALL-UNNAMED --add-modules=jdk.incubator.vector -Dfile.encoding=UTF-8 -Duser.country -Duser.language=en -Duser.variant -Dkoblas.bench.cases=/home/rasmus/.codex/worktrees/703f/koblas/koblas-bench/reports/f342c3192a41a07cf0454d7d4d5324f8289cc01329bcc9c990b986dcdd2f5922/20260911T153950Z-a038f25ac668/cases.txt
# Blackhole mode: compiler (auto-detected, use -Djmh.blackhole.autoDetect=false to disable)
# Warmup: 3 iterations, 200000000 ns each
# Measurement: 5 iterations, 200000000 ns each
# Timeout: 10 min per iteration
# Threads: 1 thread, will synchronize iterations
# Benchmark mode: Average time, time/op
# Benchmark: com.eignex.koblas.bench.KoblasJmhBenchmark.run
# Parameters: (benchmarkMode = jvm-simd, caseId = axpy-arithmetic+4096+uniform)

# Run progress: 1.71% complete, ETA 00:03:53
# Fork: 1 of 1
WARNING: Using incubator modules: jdk.incubator.vector
WARNING: A terminally deprecated method in sun.misc.Unsafe has been called
WARNING: sun.misc.Unsafe::objectFieldOffset has been called by org.openjdk.jmh.util.Utils (file:/home/rasmus/.gradle/caches/modules-2/files-2.1/org.openjdk.jmh/jmh-core/1.37/896f27e49105b35ea1964319c83d12082e7a79ef/jmh-core-1.37.jar)
WARNING: Please consider reporting this to the maintainers of class org.openjdk.jmh.util.Utils
WARNING: sun.misc.Unsafe::objectFieldOffset will be removed in a future release
# Warmup Iteration   1: 2602.693 ns/op
# Warmup Iteration   2: 1574.841 ns/op
# Warmup Iteration   3: 1527.750 ns/op
Iteration   1: 1505.835 ns/op
Iteration   2: 1448.870 ns/op
Iteration   3: 1406.412 ns/op
Iteration   4: 1423.296 ns/op
Iteration   5: 1431.563 ns/op


Result "com.eignex.koblas.bench.KoblasJmhBenchmark.run":
  1443.195 ±(99.9%) 147.136 ns/op [Average]
  (min, avg, max) = (1406.412, 1443.195, 1505.835), stdev = 38.211
  CI (99.9%): [1296.059, 1590.331] (assumes normal distribution)


# JMH version: 1.37
# VM version: JDK 25.0.1, OpenJDK 64-Bit Server VM, 25.0.1+8-LTS
# VM invoker: /home/rasmus/.gradle/jdks/eclipse_adoptium-25-amd64-linux.2/bin/java
# VM options: --enable-native-access=ALL-UNNAMED --add-modules=jdk.incubator.vector -Dfile.encoding=UTF-8 -Duser.country -Duser.language=en -Duser.variant -Dkoblas.bench.cases=/home/rasmus/.codex/worktrees/703f/koblas/koblas-bench/reports/f342c3192a41a07cf0454d7d4d5324f8289cc01329bcc9c990b986dcdd2f5922/20260911T153950Z-a038f25ac668/cases.txt
# Blackhole mode: compiler (auto-detected, use -Djmh.blackhole.autoDetect=false to disable)
# Warmup: 3 iterations, 200000000 ns each
# Measurement: 5 iterations, 200000000 ns each
# Timeout: 10 min per iteration
# Threads: 1 thread, will synchronize iterations
# Benchmark mode: Average time, time/op
# Benchmark: com.eignex.koblas.bench.KoblasJmhBenchmark.run
# Parameters: (benchmarkMode = jvm-simd, caseId = scal+4096+uniform)

# Run progress: 2.56% complete, ETA 00:03:47
# Fork: 1 of 1
WARNING: Using incubator modules: jdk.incubator.vector
WARNING: A terminally deprecated method in sun.misc.Unsafe has been called
WARNING: sun.misc.Unsafe::objectFieldOffset has been called by org.openjdk.jmh.util.Utils (file:/home/rasmus/.gradle/caches/modules-2/files-2.1/org.openjdk.jmh/jmh-core/1.37/896f27e49105b35ea1964319c83d12082e7a79ef/jmh-core-1.37.jar)
WARNING: Please consider reporting this to the maintainers of class org.openjdk.jmh.util.Utils
WARNING: sun.misc.Unsafe::objectFieldOffset will be removed in a future release
# Warmup Iteration   1: 2364.073 ns/op
# Warmup Iteration   2: 1516.893 ns/op
# Warmup Iteration   3: 1446.023 ns/op
Iteration   1: 1404.179 ns/op
Iteration   2: 1411.777 ns/op
Iteration   3: 1513.360 ns/op
Iteration   4: 1435.845 ns/op
Iteration   5: 1413.623 ns/op


Result "com.eignex.koblas.bench.KoblasJmhBenchmark.run":
  1435.757 ±(99.9%) 173.113 ns/op [Average]
  (min, avg, max) = (1404.179, 1435.757, 1513.360), stdev = 44.957
  CI (99.9%): [1262.644, 1608.869] (assumes normal distribution)


# JMH version: 1.37
# VM version: JDK 25.0.1, OpenJDK 64-Bit Server VM, 25.0.1+8-LTS
# VM invoker: /home/rasmus/.gradle/jdks/eclipse_adoptium-25-amd64-linux.2/bin/java
# VM options: --enable-native-access=ALL-UNNAMED --add-modules=jdk.incubator.vector -Dfile.encoding=UTF-8 -Duser.country -Duser.language=en -Duser.variant -Dkoblas.bench.cases=/home/rasmus/.codex/worktrees/703f/koblas/koblas-bench/reports/f342c3192a41a07cf0454d7d4d5324f8289cc01329bcc9c990b986dcdd2f5922/20260911T153950Z-a038f25ac668/cases.txt
# Blackhole mode: compiler (auto-detected, use -Djmh.blackhole.autoDetect=false to disable)
# Warmup: 3 iterations, 200000000 ns each
# Measurement: 5 iterations, 200000000 ns each
# Timeout: 10 min per iteration
# Threads: 1 thread, will synchronize iterations
# Benchmark mode: Average time, time/op
# Benchmark: com.eignex.koblas.bench.KoblasJmhBenchmark.run
# Parameters: (benchmarkMode = jvm-simd, caseId = nrm2+4096+uniform)

# Run progress: 3.42% complete, ETA 00:03:43
# Fork: 1 of 1
WARNING: Using incubator modules: jdk.incubator.vector
WARNING: A terminally deprecated method in sun.misc.Unsafe has been called
WARNING: sun.misc.Unsafe::objectFieldOffset has been called by org.openjdk.jmh.util.Utils (file:/home/rasmus/.gradle/caches/modules-2/files-2.1/org.openjdk.jmh/jmh-core/1.37/896f27e49105b35ea1964319c83d12082e7a79ef/jmh-core-1.37.jar)
WARNING: Please consider reporting this to the maintainers of class org.openjdk.jmh.util.Utils
WARNING: sun.misc.Unsafe::objectFieldOffset will be removed in a future release
# Warmup Iteration   1: 1443.173 ns/op
# Warmup Iteration   2: 495.855 ns/op
# Warmup Iteration   3: 429.985 ns/op
Iteration   1: 434.709 ns/op
Iteration   2: 449.269 ns/op
Iteration   3: 533.873 ns/op
Iteration   4: 577.973 ns/op
Iteration   5: 449.491 ns/op


Result "com.eignex.koblas.bench.KoblasJmhBenchmark.run":
  489.063 ±(99.9%) 243.664 ns/op [Average]
  (min, avg, max) = (434.709, 489.063, 577.973), stdev = 63.279
  CI (99.9%): [245.399, 732.727] (assumes normal distribution)


# JMH version: 1.37
# VM version: JDK 25.0.1, OpenJDK 64-Bit Server VM, 25.0.1+8-LTS
# VM invoker: /home/rasmus/.gradle/jdks/eclipse_adoptium-25-amd64-linux.2/bin/java
# VM options: --enable-native-access=ALL-UNNAMED --add-modules=jdk.incubator.vector -Dfile.encoding=UTF-8 -Duser.country -Duser.language=en -Duser.variant -Dkoblas.bench.cases=/home/rasmus/.codex/worktrees/703f/koblas/koblas-bench/reports/f342c3192a41a07cf0454d7d4d5324f8289cc01329bcc9c990b986dcdd2f5922/20260911T153950Z-a038f25ac668/cases.txt
# Blackhole mode: compiler (auto-detected, use -Djmh.blackhole.autoDetect=false to disable)
# Warmup: 3 iterations, 200000000 ns each
# Measurement: 5 iterations, 200000000 ns each
# Timeout: 10 min per iteration
# Threads: 1 thread, will synchronize iterations
# Benchmark mode: Average time, time/op
# Benchmark: com.eignex.koblas.bench.KoblasJmhBenchmark.run
# Parameters: (benchmarkMode = jvm-simd, caseId = asum+4096+uniform)

# Run progress: 4.27% complete, ETA 00:03:40
# Fork: 1 of 1
WARNING: Using incubator modules: jdk.incubator.vector
WARNING: A terminally deprecated method in sun.misc.Unsafe has been called
WARNING: sun.misc.Unsafe::objectFieldOffset has been called by org.openjdk.jmh.util.Utils (file:/home/rasmus/.gradle/caches/modules-2/files-2.1/org.openjdk.jmh/jmh-core/1.37/896f27e49105b35ea1964319c83d12082e7a79ef/jmh-core-1.37.jar)
WARNING: Please consider reporting this to the maintainers of class org.openjdk.jmh.util.Utils
WARNING: sun.misc.Unsafe::objectFieldOffset will be removed in a future release
# Warmup Iteration   1: 573786.709 ns/op
# Warmup Iteration   2: 337.228 ns/op
# Warmup Iteration   3: 266.471 ns/op
Iteration   1: 272.023 ns/op
Iteration   2: 265.108 ns/op
Iteration   3: 263.090 ns/op
Iteration   4: 263.861 ns/op
Iteration   5: 263.123 ns/op


Result "com.eignex.koblas.bench.KoblasJmhBenchmark.run":
  265.441 ±(99.9%) 14.515 ns/op [Average]
  (min, avg, max) = (263.090, 265.441, 272.023), stdev = 3.770
  CI (99.9%): [250.926, 279.956] (assumes normal distribution)


# JMH version: 1.37
# VM version: JDK 25.0.1, OpenJDK 64-Bit Server VM, 25.0.1+8-LTS
# VM invoker: /home/rasmus/.gradle/jdks/eclipse_adoptium-25-amd64-linux.2/bin/java
# VM options: --enable-native-access=ALL-UNNAMED --add-modules=jdk.incubator.vector -Dfile.encoding=UTF-8 -Duser.country -Duser.language=en -Duser.variant -Dkoblas.bench.cases=/home/rasmus/.codex/worktrees/703f/koblas/koblas-bench/reports/f342c3192a41a07cf0454d7d4d5324f8289cc01329bcc9c990b986dcdd2f5922/20260911T153950Z-a038f25ac668/cases.txt
# Blackhole mode: compiler (auto-detected, use -Djmh.blackhole.autoDetect=false to disable)
# Warmup: 3 iterations, 200000000 ns each
# Measurement: 5 iterations, 200000000 ns each
# Timeout: 10 min per iteration
# Threads: 1 thread, will synchronize iterations
# Benchmark mode: Average time, time/op
# Benchmark: com.eignex.koblas.bench.KoblasJmhBenchmark.run
# Parameters: (benchmarkMode = jvm-simd, caseId = sum+4096+uniform)

# Run progress: 5.13% complete, ETA 00:03:38
# Fork: 1 of 1
WARNING: Using incubator modules: jdk.incubator.vector
WARNING: A terminally deprecated method in sun.misc.Unsafe has been called
WARNING: sun.misc.Unsafe::objectFieldOffset has been called by org.openjdk.jmh.util.Utils (file:/home/rasmus/.gradle/caches/modules-2/files-2.1/org.openjdk.jmh/jmh-core/1.37/896f27e49105b35ea1964319c83d12082e7a79ef/jmh-core-1.37.jar)
WARNING: Please consider reporting this to the maintainers of class org.openjdk.jmh.util.Utils
WARNING: sun.misc.Unsafe::objectFieldOffset will be removed in a future release
# Warmup Iteration   1: 231.890 ns/op
# Warmup Iteration   2: 210.386 ns/op
# Warmup Iteration   3: 171.631 ns/op
Iteration   1: 180.011 ns/op
Iteration   2: 167.846 ns/op
Iteration   3: 170.600 ns/op
Iteration   4: 186.202 ns/op
Iteration   5: 171.369 ns/op


Result "com.eignex.koblas.bench.KoblasJmhBenchmark.run":
  175.206 ±(99.9%) 29.459 ns/op [Average]
  (min, avg, max) = (167.846, 175.206, 186.202), stdev = 7.651
  CI (99.9%): [145.746, 204.665] (assumes normal distribution)


# JMH version: 1.37
# VM version: JDK 25.0.1, OpenJDK 64-Bit Server VM, 25.0.1+8-LTS
# VM invoker: /home/rasmus/.gradle/jdks/eclipse_adoptium-25-amd64-linux.2/bin/java
# VM options: --enable-native-access=ALL-UNNAMED --add-modules=jdk.incubator.vector -Dfile.encoding=UTF-8 -Duser.country -Duser.language=en -Duser.variant -Dkoblas.bench.cases=/home/rasmus/.codex/worktrees/703f/koblas/koblas-bench/reports/f342c3192a41a07cf0454d7d4d5324f8289cc01329bcc9c990b986dcdd2f5922/20260911T153950Z-a038f25ac668/cases.txt
# Blackhole mode: compiler (auto-detected, use -Djmh.blackhole.autoDetect=false to disable)
# Warmup: 3 iterations, 200000000 ns each
# Measurement: 5 iterations, 200000000 ns each
# Timeout: 10 min per iteration
# Threads: 1 thread, will synchronize iterations
# Benchmark mode: Average time, time/op
# Benchmark: com.eignex.koblas.bench.KoblasJmhBenchmark.run
# Parameters: (benchmarkMode = jvm-simd, caseId = compensated-sum+4096+uniform)

# Run progress: 5.98% complete, ETA 00:03:34
# Fork: 1 of 1
WARNING: Using incubator modules: jdk.incubator.vector
WARNING: A terminally deprecated method in sun.misc.Unsafe has been called
WARNING: sun.misc.Unsafe::objectFieldOffset has been called by org.openjdk.jmh.util.Utils (file:/home/rasmus/.gradle/caches/modules-2/files-2.1/org.openjdk.jmh/jmh-core/1.37/896f27e49105b35ea1964319c83d12082e7a79ef/jmh-core-1.37.jar)
WARNING: Please consider reporting this to the maintainers of class org.openjdk.jmh.util.Utils
WARNING: sun.misc.Unsafe::objectFieldOffset will be removed in a future release
# Warmup Iteration   1: 3396.518 ns/op
# Warmup Iteration   2: 2981.991 ns/op
# Warmup Iteration   3: 3181.003 ns/op
Iteration   1: 3243.409 ns/op
Iteration   2: 2885.010 ns/op
Iteration   3: 2906.480 ns/op
Iteration   4: 3165.160 ns/op
Iteration   5: 3238.362 ns/op


Result "com.eignex.koblas.bench.KoblasJmhBenchmark.run":
  3087.684 ±(99.9%) 685.772 ns/op [Average]
  (min, avg, max) = (2885.010, 3087.684, 3243.409), stdev = 178.093
  CI (99.9%): [2401.912, 3773.456] (assumes normal distribution)


# JMH version: 1.37
# VM version: JDK 25.0.1, OpenJDK 64-Bit Server VM, 25.0.1+8-LTS
# VM invoker: /home/rasmus/.gradle/jdks/eclipse_adoptium-25-amd64-linux.2/bin/java
# VM options: --enable-native-access=ALL-UNNAMED --add-modules=jdk.incubator.vector -Dfile.encoding=UTF-8 -Duser.country -Duser.language=en -Duser.variant -Dkoblas.bench.cases=/home/rasmus/.codex/worktrees/703f/koblas/koblas-bench/reports/f342c3192a41a07cf0454d7d4d5324f8289cc01329bcc9c990b986dcdd2f5922/20260911T153950Z-a038f25ac668/cases.txt
# Blackhole mode: compiler (auto-detected, use -Djmh.blackhole.autoDetect=false to disable)
# Warmup: 3 iterations, 200000000 ns each
# Measurement: 5 iterations, 200000000 ns each
# Timeout: 10 min per iteration
# Threads: 1 thread, will synchronize iterations
# Benchmark mode: Average time, time/op
# Benchmark: com.eignex.koblas.bench.KoblasJmhBenchmark.run
# Parameters: (benchmarkMode = jvm-simd, caseId = iamax+4096+uniform)

# Run progress: 6.84% complete, ETA 00:03:30
# Fork: 1 of 1
WARNING: Using incubator modules: jdk.incubator.vector
WARNING: A terminally deprecated method in sun.misc.Unsafe has been called
WARNING: sun.misc.Unsafe::objectFieldOffset has been called by org.openjdk.jmh.util.Utils (file:/home/rasmus/.gradle/caches/modules-2/files-2.1/org.openjdk.jmh/jmh-core/1.37/896f27e49105b35ea1964319c83d12082e7a79ef/jmh-core-1.37.jar)
WARNING: Please consider reporting this to the maintainers of class org.openjdk.jmh.util.Utils
WARNING: sun.misc.Unsafe::objectFieldOffset will be removed in a future release
# Warmup Iteration   1: 1333.553 ns/op
# Warmup Iteration   2: 1293.201 ns/op
# Warmup Iteration   3: 1355.576 ns/op
Iteration   1: 1228.128 ns/op
Iteration   2: 1354.671 ns/op
Iteration   3: 1350.090 ns/op
Iteration   4: 1275.410 ns/op
Iteration   5: 1322.152 ns/op


Result "com.eignex.koblas.bench.KoblasJmhBenchmark.run":
  1306.090 ±(99.9%) 207.125 ns/op [Average]
  (min, avg, max) = (1228.128, 1306.090, 1354.671), stdev = 53.790
  CI (99.9%): [1098.965, 1513.215] (assumes normal distribution)


# JMH version: 1.37
# VM version: JDK 25.0.1, OpenJDK 64-Bit Server VM, 25.0.1+8-LTS
# VM invoker: /home/rasmus/.gradle/jdks/eclipse_adoptium-25-amd64-linux.2/bin/java
# VM options: --enable-native-access=ALL-UNNAMED --add-modules=jdk.incubator.vector -Dfile.encoding=UTF-8 -Duser.country -Duser.language=en -Duser.variant -Dkoblas.bench.cases=/home/rasmus/.codex/worktrees/703f/koblas/koblas-bench/reports/f342c3192a41a07cf0454d7d4d5324f8289cc01329bcc9c990b986dcdd2f5922/20260911T153950Z-a038f25ac668/cases.txt
# Blackhole mode: compiler (auto-detected, use -Djmh.blackhole.autoDetect=false to disable)
# Warmup: 3 iterations, 200000000 ns each
# Measurement: 5 iterations, 200000000 ns each
# Timeout: 10 min per iteration
# Threads: 1 thread, will synchronize iterations
# Benchmark mode: Average time, time/op
# Benchmark: com.eignex.koblas.bench.KoblasJmhBenchmark.run
# Parameters: (benchmarkMode = jvm-simd, caseId = swap+4096+uniform)

# Run progress: 7.69% complete, ETA 00:03:27
# Fork: 1 of 1
WARNING: Using incubator modules: jdk.incubator.vector
WARNING: A terminally deprecated method in sun.misc.Unsafe has been called
WARNING: sun.misc.Unsafe::objectFieldOffset has been called by org.openjdk.jmh.util.Utils (file:/home/rasmus/.gradle/caches/modules-2/files-2.1/org.openjdk.jmh/jmh-core/1.37/896f27e49105b35ea1964319c83d12082e7a79ef/jmh-core-1.37.jar)
WARNING: Please consider reporting this to the maintainers of class org.openjdk.jmh.util.Utils
WARNING: sun.misc.Unsafe::objectFieldOffset will be removed in a future release
# Warmup Iteration   1: 3249.795 ns/op
# Warmup Iteration   2: 2783.565 ns/op
# Warmup Iteration   3: 2740.317 ns/op
Iteration   1: 2723.952 ns/op
Iteration   2: 2670.833 ns/op
Iteration   3: 2790.010 ns/op
Iteration   4: 2739.300 ns/op
Iteration   5: 2735.988 ns/op


Result "com.eignex.koblas.bench.KoblasJmhBenchmark.run":
  2732.017 ±(99.9%) 163.828 ns/op [Average]
  (min, avg, max) = (2670.833, 2732.017, 2790.010), stdev = 42.546
  CI (99.9%): [2568.189, 2895.845] (assumes normal distribution)


# JMH version: 1.37
# VM version: JDK 25.0.1, OpenJDK 64-Bit Server VM, 25.0.1+8-LTS
# VM invoker: /home/rasmus/.gradle/jdks/eclipse_adoptium-25-amd64-linux.2/bin/java
# VM options: --enable-native-access=ALL-UNNAMED --add-modules=jdk.incubator.vector -Dfile.encoding=UTF-8 -Duser.country -Duser.language=en -Duser.variant -Dkoblas.bench.cases=/home/rasmus/.codex/worktrees/703f/koblas/koblas-bench/reports/f342c3192a41a07cf0454d7d4d5324f8289cc01329bcc9c990b986dcdd2f5922/20260911T153950Z-a038f25ac668/cases.txt
# Blackhole mode: compiler (auto-detected, use -Djmh.blackhole.autoDetect=false to disable)
# Warmup: 3 iterations, 200000000 ns each
# Measurement: 5 iterations, 200000000 ns each
# Timeout: 10 min per iteration
# Threads: 1 thread, will synchronize iterations
# Benchmark mode: Average time, time/op
# Benchmark: com.eignex.koblas.bench.KoblasJmhBenchmark.run
# Parameters: (benchmarkMode = jvm-simd, caseId = rot+4096+uniform)

# Run progress: 8.55% complete, ETA 00:03:24
# Fork: 1 of 1
WARNING: Using incubator modules: jdk.incubator.vector
WARNING: A terminally deprecated method in sun.misc.Unsafe has been called
WARNING: sun.misc.Unsafe::objectFieldOffset has been called by org.openjdk.jmh.util.Utils (file:/home/rasmus/.gradle/caches/modules-2/files-2.1/org.openjdk.jmh/jmh-core/1.37/896f27e49105b35ea1964319c83d12082e7a79ef/jmh-core-1.37.jar)
WARNING: Please consider reporting this to the maintainers of class org.openjdk.jmh.util.Utils
WARNING: sun.misc.Unsafe::objectFieldOffset will be removed in a future release
# Warmup Iteration   1: 4070.638 ns/op
# Warmup Iteration   2: 2752.822 ns/op
# Warmup Iteration   3: 2724.495 ns/op
Iteration   1: 2739.723 ns/op
Iteration   2: 2727.977 ns/op
Iteration   3: 2676.616 ns/op
Iteration   4: 2738.285 ns/op
Iteration   5: 2525.754 ns/op


Result "com.eignex.koblas.bench.KoblasJmhBenchmark.run":
  2681.671 ±(99.9%) 350.044 ns/op [Average]
  (min, avg, max) = (2525.754, 2681.671, 2739.723), stdev = 90.905
  CI (99.9%): [2331.627, 3031.715] (assumes normal distribution)


# JMH version: 1.37
# VM version: JDK 25.0.1, OpenJDK 64-Bit Server VM, 25.0.1+8-LTS
# VM invoker: /home/rasmus/.gradle/jdks/eclipse_adoptium-25-amd64-linux.2/bin/java
# VM options: --enable-native-access=ALL-UNNAMED --add-modules=jdk.incubator.vector -Dfile.encoding=UTF-8 -Duser.country -Duser.language=en -Duser.variant -Dkoblas.bench.cases=/home/rasmus/.codex/worktrees/703f/koblas/koblas-bench/reports/f342c3192a41a07cf0454d7d4d5324f8289cc01329bcc9c990b986dcdd2f5922/20260911T153950Z-a038f25ac668/cases.txt
# Blackhole mode: compiler (auto-detected, use -Djmh.blackhole.autoDetect=false to disable)
# Warmup: 3 iterations, 200000000 ns each
# Measurement: 5 iterations, 200000000 ns each
# Timeout: 10 min per iteration
# Threads: 1 thread, will synchronize iterations
# Benchmark mode: Average time, time/op
# Benchmark: com.eignex.koblas.bench.KoblasJmhBenchmark.run
# Parameters: (benchmarkMode = jvm-simd, caseId = rotm+4096+uniform)

# Run progress: 9.40% complete, ETA 00:03:21
# Fork: 1 of 1
WARNING: Using incubator modules: jdk.incubator.vector
WARNING: A terminally deprecated method in sun.misc.Unsafe has been called
WARNING: sun.misc.Unsafe::objectFieldOffset has been called by org.openjdk.jmh.util.Utils (file:/home/rasmus/.gradle/caches/modules-2/files-2.1/org.openjdk.jmh/jmh-core/1.37/896f27e49105b35ea1964319c83d12082e7a79ef/jmh-core-1.37.jar)
WARNING: Please consider reporting this to the maintainers of class org.openjdk.jmh.util.Utils
WARNING: sun.misc.Unsafe::objectFieldOffset will be removed in a future release
# Warmup Iteration   1: 4357.650 ns/op
# Warmup Iteration   2: 2825.870 ns/op
# Warmup Iteration   3: 2792.476 ns/op
Iteration   1: 2780.165 ns/op
Iteration   2: 2805.402 ns/op
Iteration   3: 2843.201 ns/op
Iteration   4: 3845.942 ns/op
Iteration   5: 2837.962 ns/op


Result "com.eignex.koblas.bench.KoblasJmhBenchmark.run":
  3022.535 ±(99.9%) 1775.182 ns/op [Average]
  (min, avg, max) = (2780.165, 3022.535, 3845.942), stdev = 461.009
  CI (99.9%): [1247.353, 4797.716] (assumes normal distribution)


# JMH version: 1.37
# VM version: JDK 25.0.1, OpenJDK 64-Bit Server VM, 25.0.1+8-LTS
# VM invoker: /home/rasmus/.gradle/jdks/eclipse_adoptium-25-amd64-linux.2/bin/java
# VM options: --enable-native-access=ALL-UNNAMED --add-modules=jdk.incubator.vector -Dfile.encoding=UTF-8 -Duser.country -Duser.language=en -Duser.variant -Dkoblas.bench.cases=/home/rasmus/.codex/worktrees/703f/koblas/koblas-bench/reports/f342c3192a41a07cf0454d7d4d5324f8289cc01329bcc9c990b986dcdd2f5922/20260911T153950Z-a038f25ac668/cases.txt
# Blackhole mode: compiler (auto-detected, use -Djmh.blackhole.autoDetect=false to disable)
# Warmup: 3 iterations, 200000000 ns each
# Measurement: 5 iterations, 200000000 ns each
# Timeout: 10 min per iteration
# Threads: 1 thread, will synchronize iterations
# Benchmark mode: Average time, time/op
# Benchmark: com.eignex.koblas.bench.KoblasJmhBenchmark.run
# Parameters: (benchmarkMode = jvm-simd, caseId = rotmg+1+uniform)

# Run progress: 10.26% complete, ETA 00:03:19
# Fork: 1 of 1
WARNING: Using incubator modules: jdk.incubator.vector
WARNING: A terminally deprecated method in sun.misc.Unsafe has been called
WARNING: sun.misc.Unsafe::objectFieldOffset has been called by org.openjdk.jmh.util.Utils (file:/home/rasmus/.gradle/caches/modules-2/files-2.1/org.openjdk.jmh/jmh-core/1.37/896f27e49105b35ea1964319c83d12082e7a79ef/jmh-core-1.37.jar)
WARNING: Please consider reporting this to the maintainers of class org.openjdk.jmh.util.Utils
WARNING: sun.misc.Unsafe::objectFieldOffset will be removed in a future release
# Warmup Iteration   1: 18.891 ns/op
# Warmup Iteration   2: 12.963 ns/op
# Warmup Iteration   3: 10.592 ns/op
Iteration   1: 9.585 ns/op
Iteration   2: 8.392 ns/op
Iteration   3: 13.526 ns/op
Iteration   4: 8.578 ns/op
Iteration   5: 8.743 ns/op


Result "com.eignex.koblas.bench.KoblasJmhBenchmark.run":
  9.765 ±(99.9%) 8.284 ns/op [Average]
  (min, avg, max) = (8.392, 9.765, 13.526), stdev = 2.151
  CI (99.9%): [1.480, 18.049] (assumes normal distribution)


# JMH version: 1.37
# VM version: JDK 25.0.1, OpenJDK 64-Bit Server VM, 25.0.1+8-LTS
# VM invoker: /home/rasmus/.gradle/jdks/eclipse_adoptium-25-amd64-linux.2/bin/java
# VM options: --enable-native-access=ALL-UNNAMED --add-modules=jdk.incubator.vector -Dfile.encoding=UTF-8 -Duser.country -Duser.language=en -Duser.variant -Dkoblas.bench.cases=/home/rasmus/.codex/worktrees/703f/koblas/koblas-bench/reports/f342c3192a41a07cf0454d7d4d5324f8289cc01329bcc9c990b986dcdd2f5922/20260911T153950Z-a038f25ac668/cases.txt
# Blackhole mode: compiler (auto-detected, use -Djmh.blackhole.autoDetect=false to disable)
# Warmup: 3 iterations, 200000000 ns each
# Measurement: 5 iterations, 200000000 ns each
# Timeout: 10 min per iteration
# Threads: 1 thread, will synchronize iterations
# Benchmark mode: Average time, time/op
# Benchmark: com.eignex.koblas.bench.KoblasJmhBenchmark.run
# Parameters: (benchmarkMode = jvm-simd, caseId = ssqd+4096+uniform)

# Run progress: 11.11% complete, ETA 00:03:17
# Fork: 1 of 1
WARNING: Using incubator modules: jdk.incubator.vector
WARNING: A terminally deprecated method in sun.misc.Unsafe has been called
WARNING: sun.misc.Unsafe::objectFieldOffset has been called by org.openjdk.jmh.util.Utils (file:/home/rasmus/.gradle/caches/modules-2/files-2.1/org.openjdk.jmh/jmh-core/1.37/896f27e49105b35ea1964319c83d12082e7a79ef/jmh-core-1.37.jar)
WARNING: Please consider reporting this to the maintainers of class org.openjdk.jmh.util.Utils
WARNING: sun.misc.Unsafe::objectFieldOffset will be removed in a future release
# Warmup Iteration   1: 1207.696 ns/op
# Warmup Iteration   2: 560.042 ns/op
# Warmup Iteration   3: 526.161 ns/op
Iteration   1: 557.944 ns/op
Iteration   2: 549.216 ns/op
Iteration   3: 538.017 ns/op
Iteration   4: 537.889 ns/op
Iteration   5: 535.598 ns/op


Result "com.eignex.koblas.bench.KoblasJmhBenchmark.run":
  543.733 ±(99.9%) 36.784 ns/op [Average]
  (min, avg, max) = (535.598, 543.733, 557.944), stdev = 9.553
  CI (99.9%): [506.949, 580.517] (assumes normal distribution)


# JMH version: 1.37
# VM version: JDK 25.0.1, OpenJDK 64-Bit Server VM, 25.0.1+8-LTS
# VM invoker: /home/rasmus/.gradle/jdks/eclipse_adoptium-25-amd64-linux.2/bin/java
# VM options: --enable-native-access=ALL-UNNAMED --add-modules=jdk.incubator.vector -Dfile.encoding=UTF-8 -Duser.country -Duser.language=en -Duser.variant -Dkoblas.bench.cases=/home/rasmus/.codex/worktrees/703f/koblas/koblas-bench/reports/f342c3192a41a07cf0454d7d4d5324f8289cc01329bcc9c990b986dcdd2f5922/20260911T153950Z-a038f25ac668/cases.txt
# Blackhole mode: compiler (auto-detected, use -Djmh.blackhole.autoDetect=false to disable)
# Warmup: 3 iterations, 200000000 ns each
# Measurement: 5 iterations, 200000000 ns each
# Timeout: 10 min per iteration
# Threads: 1 thread, will synchronize iterations
# Benchmark mode: Average time, time/op
# Benchmark: com.eignex.koblas.bench.KoblasJmhBenchmark.run
# Parameters: (benchmarkMode = jvm-simd, caseId = dot4+4096+uniform)

# Run progress: 11.97% complete, ETA 00:03:15
# Fork: 1 of 1
WARNING: Using incubator modules: jdk.incubator.vector
WARNING: A terminally deprecated method in sun.misc.Unsafe has been called
WARNING: sun.misc.Unsafe::objectFieldOffset has been called by org.openjdk.jmh.util.Utils (file:/home/rasmus/.gradle/caches/modules-2/files-2.1/org.openjdk.jmh/jmh-core/1.37/896f27e49105b35ea1964319c83d12082e7a79ef/jmh-core-1.37.jar)
WARNING: Please consider reporting this to the maintainers of class org.openjdk.jmh.util.Utils
WARNING: sun.misc.Unsafe::objectFieldOffset will be removed in a future release
# Warmup Iteration   1: 2537.262 ns/op
# Warmup Iteration   2: 1572.645 ns/op
# Warmup Iteration   3: 1561.492 ns/op
Iteration   1: 1567.089 ns/op
Iteration   2: 1592.308 ns/op
Iteration   3: 1508.207 ns/op
Iteration   4: 1546.575 ns/op
Iteration   5: 1564.181 ns/op


Result "com.eignex.koblas.bench.KoblasJmhBenchmark.run":
  1555.672 ±(99.9%) 119.937 ns/op [Average]
  (min, avg, max) = (1508.207, 1555.672, 1592.308), stdev = 31.147
  CI (99.9%): [1435.735, 1675.609] (assumes normal distribution)


# JMH version: 1.37
# VM version: JDK 25.0.1, OpenJDK 64-Bit Server VM, 25.0.1+8-LTS
# VM invoker: /home/rasmus/.gradle/jdks/eclipse_adoptium-25-amd64-linux.2/bin/java
# VM options: --enable-native-access=ALL-UNNAMED --add-modules=jdk.incubator.vector -Dfile.encoding=UTF-8 -Duser.country -Duser.language=en -Duser.variant -Dkoblas.bench.cases=/home/rasmus/.codex/worktrees/703f/koblas/koblas-bench/reports/f342c3192a41a07cf0454d7d4d5324f8289cc01329bcc9c990b986dcdd2f5922/20260911T153950Z-a038f25ac668/cases.txt
# Blackhole mode: compiler (auto-detected, use -Djmh.blackhole.autoDetect=false to disable)
# Warmup: 3 iterations, 200000000 ns each
# Measurement: 5 iterations, 200000000 ns each
# Timeout: 10 min per iteration
# Threads: 1 thread, will synchronize iterations
# Benchmark mode: Average time, time/op
# Benchmark: com.eignex.koblas.bench.KoblasJmhBenchmark.run
# Parameters: (benchmarkMode = jvm-simd, caseId = axpy4+4096+uniform)

# Run progress: 12.82% complete, ETA 00:03:12
# Fork: 1 of 1
WARNING: Using incubator modules: jdk.incubator.vector
WARNING: A terminally deprecated method in sun.misc.Unsafe has been called
WARNING: sun.misc.Unsafe::objectFieldOffset has been called by org.openjdk.jmh.util.Utils (file:/home/rasmus/.gradle/caches/modules-2/files-2.1/org.openjdk.jmh/jmh-core/1.37/896f27e49105b35ea1964319c83d12082e7a79ef/jmh-core-1.37.jar)
WARNING: Please consider reporting this to the maintainers of class org.openjdk.jmh.util.Utils
WARNING: sun.misc.Unsafe::objectFieldOffset will be removed in a future release
# Warmup Iteration   1: 3209.488 ns/op
# Warmup Iteration   2: 2190.800 ns/op
# Warmup Iteration   3: 2092.938 ns/op
Iteration   1: 2138.603 ns/op
Iteration   2: 2163.331 ns/op
Iteration   3: 2161.222 ns/op
Iteration   4: 2166.308 ns/op
Iteration   5: 2180.975 ns/op


Result "com.eignex.koblas.bench.KoblasJmhBenchmark.run":
  2162.088 ±(99.9%) 58.662 ns/op [Average]
  (min, avg, max) = (2138.603, 2162.088, 2180.975), stdev = 15.234
  CI (99.9%): [2103.425, 2220.750] (assumes normal distribution)


# JMH version: 1.37
# VM version: JDK 25.0.1, OpenJDK 64-Bit Server VM, 25.0.1+8-LTS
# VM invoker: /home/rasmus/.gradle/jdks/eclipse_adoptium-25-amd64-linux.2/bin/java
# VM options: --enable-native-access=ALL-UNNAMED --add-modules=jdk.incubator.vector -Dfile.encoding=UTF-8 -Duser.country -Duser.language=en -Duser.variant -Dkoblas.bench.cases=/home/rasmus/.codex/worktrees/703f/koblas/koblas-bench/reports/f342c3192a41a07cf0454d7d4d5324f8289cc01329bcc9c990b986dcdd2f5922/20260911T153950Z-a038f25ac668/cases.txt
# Blackhole mode: compiler (auto-detected, use -Djmh.blackhole.autoDetect=false to disable)
# Warmup: 3 iterations, 200000000 ns each
# Measurement: 5 iterations, 200000000 ns each
# Timeout: 10 min per iteration
# Threads: 1 thread, will synchronize iterations
# Benchmark mode: Average time, time/op
# Benchmark: com.eignex.koblas.bench.KoblasJmhBenchmark.run
# Parameters: (benchmarkMode = jvm-simd, caseId = dot-axpy+4096+uniform)

# Run progress: 13.68% complete, ETA 00:03:10
# Fork: 1 of 1
WARNING: Using incubator modules: jdk.incubator.vector
WARNING: A terminally deprecated method in sun.misc.Unsafe has been called
WARNING: sun.misc.Unsafe::objectFieldOffset has been called by org.openjdk.jmh.util.Utils (file:/home/rasmus/.gradle/caches/modules-2/files-2.1/org.openjdk.jmh/jmh-core/1.37/896f27e49105b35ea1964319c83d12082e7a79ef/jmh-core-1.37.jar)
WARNING: Please consider reporting this to the maintainers of class org.openjdk.jmh.util.Utils
WARNING: sun.misc.Unsafe::objectFieldOffset will be removed in a future release
# Warmup Iteration   1: 5090.862 ns/op
# Warmup Iteration   2: 3768.510 ns/op
# Warmup Iteration   3: 3844.974 ns/op
Iteration   1: 3795.812 ns/op
Iteration   2: 3792.719 ns/op
Iteration   3: 3798.951 ns/op
Iteration   4: 3798.465 ns/op
Iteration   5: 3893.212 ns/op


Result "com.eignex.koblas.bench.KoblasJmhBenchmark.run":
  3815.832 ±(99.9%) 166.842 ns/op [Average]
  (min, avg, max) = (3792.719, 3815.832, 3893.212), stdev = 43.328
  CI (99.9%): [3648.990, 3982.673] (assumes normal distribution)


# JMH version: 1.37
# VM version: JDK 25.0.1, OpenJDK 64-Bit Server VM, 25.0.1+8-LTS
# VM invoker: /home/rasmus/.gradle/jdks/eclipse_adoptium-25-amd64-linux.2/bin/java
# VM options: --enable-native-access=ALL-UNNAMED --add-modules=jdk.incubator.vector -Dfile.encoding=UTF-8 -Duser.country -Duser.language=en -Duser.variant -Dkoblas.bench.cases=/home/rasmus/.codex/worktrees/703f/koblas/koblas-bench/reports/f342c3192a41a07cf0454d7d4d5324f8289cc01329bcc9c990b986dcdd2f5922/20260911T153950Z-a038f25ac668/cases.txt
# Blackhole mode: compiler (auto-detected, use -Djmh.blackhole.autoDetect=false to disable)
# Warmup: 3 iterations, 200000000 ns each
# Measurement: 5 iterations, 200000000 ns each
# Timeout: 10 min per iteration
# Threads: 1 thread, will synchronize iterations
# Benchmark mode: Average time, time/op
# Benchmark: com.eignex.koblas.bench.KoblasJmhBenchmark.run
# Parameters: (benchmarkMode = jvm-simd, caseId = gemv+32x21+uniform)

# Run progress: 14.53% complete, ETA 00:03:08
# Fork: 1 of 1
WARNING: Using incubator modules: jdk.incubator.vector
WARNING: A terminally deprecated method in sun.misc.Unsafe has been called
WARNING: sun.misc.Unsafe::objectFieldOffset has been called by org.openjdk.jmh.util.Utils (file:/home/rasmus/.gradle/caches/modules-2/files-2.1/org.openjdk.jmh/jmh-core/1.37/896f27e49105b35ea1964319c83d12082e7a79ef/jmh-core-1.37.jar)
WARNING: Please consider reporting this to the maintainers of class org.openjdk.jmh.util.Utils
WARNING: sun.misc.Unsafe::objectFieldOffset will be removed in a future release
# Warmup Iteration   1: 106.025 ns/op
# Warmup Iteration   2: 76.397 ns/op
# Warmup Iteration   3: 82.518 ns/op
Iteration   1: 84.913 ns/op
Iteration   2: 89.098 ns/op
Iteration   3: 93.165 ns/op
Iteration   4: 92.296 ns/op
Iteration   5: 87.948 ns/op


Result "com.eignex.koblas.bench.KoblasJmhBenchmark.run":
  89.484 ±(99.9%) 12.895 ns/op [Average]
  (min, avg, max) = (84.913, 89.484, 93.165), stdev = 3.349
  CI (99.9%): [76.589, 102.379] (assumes normal distribution)


# JMH version: 1.37
# VM version: JDK 25.0.1, OpenJDK 64-Bit Server VM, 25.0.1+8-LTS
# VM invoker: /home/rasmus/.gradle/jdks/eclipse_adoptium-25-amd64-linux.2/bin/java
# VM options: --enable-native-access=ALL-UNNAMED --add-modules=jdk.incubator.vector -Dfile.encoding=UTF-8 -Duser.country -Duser.language=en -Duser.variant -Dkoblas.bench.cases=/home/rasmus/.codex/worktrees/703f/koblas/koblas-bench/reports/f342c3192a41a07cf0454d7d4d5324f8289cc01329bcc9c990b986dcdd2f5922/20260911T153950Z-a038f25ac668/cases.txt
# Blackhole mode: compiler (auto-detected, use -Djmh.blackhole.autoDetect=false to disable)
# Warmup: 3 iterations, 200000000 ns each
# Measurement: 5 iterations, 200000000 ns each
# Timeout: 10 min per iteration
# Threads: 1 thread, will synchronize iterations
# Benchmark mode: Average time, time/op
# Benchmark: com.eignex.koblas.bench.KoblasJmhBenchmark.run
# Parameters: (benchmarkMode = jvm-simd, caseId = gemv+129x31+uniform+transA=T)

# Run progress: 15.38% complete, ETA 00:03:05
# Fork: 1 of 1
WARNING: Using incubator modules: jdk.incubator.vector
WARNING: A terminally deprecated method in sun.misc.Unsafe has been called
WARNING: sun.misc.Unsafe::objectFieldOffset has been called by org.openjdk.jmh.util.Utils (file:/home/rasmus/.gradle/caches/modules-2/files-2.1/org.openjdk.jmh/jmh-core/1.37/896f27e49105b35ea1964319c83d12082e7a79ef/jmh-core-1.37.jar)
WARNING: Please consider reporting this to the maintainers of class org.openjdk.jmh.util.Utils
WARNING: sun.misc.Unsafe::objectFieldOffset will be removed in a future release
# Warmup Iteration   1: 1041.164 ns/op
# Warmup Iteration   2: 736.905 ns/op
# Warmup Iteration   3: 760.955 ns/op
Iteration   1: 821.034 ns/op
Iteration   2: 796.807 ns/op
Iteration   3: 755.679 ns/op
Iteration   4: 902.589 ns/op
Iteration   5: 677.233 ns/op


Result "com.eignex.koblas.bench.KoblasJmhBenchmark.run":
  790.668 ±(99.9%) 319.730 ns/op [Average]
  (min, avg, max) = (677.233, 790.668, 902.589), stdev = 83.033
  CI (99.9%): [470.938, 1110.399] (assumes normal distribution)


# JMH version: 1.37
# VM version: JDK 25.0.1, OpenJDK 64-Bit Server VM, 25.0.1+8-LTS
# VM invoker: /home/rasmus/.gradle/jdks/eclipse_adoptium-25-amd64-linux.2/bin/java
# VM options: --enable-native-access=ALL-UNNAMED --add-modules=jdk.incubator.vector -Dfile.encoding=UTF-8 -Duser.country -Duser.language=en -Duser.variant -Dkoblas.bench.cases=/home/rasmus/.codex/worktrees/703f/koblas/koblas-bench/reports/f342c3192a41a07cf0454d7d4d5324f8289cc01329bcc9c990b986dcdd2f5922/20260911T153950Z-a038f25ac668/cases.txt
# Blackhole mode: compiler (auto-detected, use -Djmh.blackhole.autoDetect=false to disable)
# Warmup: 3 iterations, 200000000 ns each
# Measurement: 5 iterations, 200000000 ns each
# Timeout: 10 min per iteration
# Threads: 1 thread, will synchronize iterations
# Benchmark mode: Average time, time/op
# Benchmark: com.eignex.koblas.bench.KoblasJmhBenchmark.run
# Parameters: (benchmarkMode = jvm-simd, caseId = symv+129+uniform+uplo=U)

# Run progress: 16.24% complete, ETA 00:03:03
# Fork: 1 of 1
WARNING: Using incubator modules: jdk.incubator.vector
WARNING: A terminally deprecated method in sun.misc.Unsafe has been called
WARNING: sun.misc.Unsafe::objectFieldOffset has been called by org.openjdk.jmh.util.Utils (file:/home/rasmus/.gradle/caches/modules-2/files-2.1/org.openjdk.jmh/jmh-core/1.37/896f27e49105b35ea1964319c83d12082e7a79ef/jmh-core-1.37.jar)
WARNING: Please consider reporting this to the maintainers of class org.openjdk.jmh.util.Utils
WARNING: sun.misc.Unsafe::objectFieldOffset will be removed in a future release
# Warmup Iteration   1: 3694.904 ns/op
# Warmup Iteration   2: 2770.617 ns/op
# Warmup Iteration   3: 2415.667 ns/op
Iteration   1: 2442.034 ns/op
Iteration   2: 2574.657 ns/op
Iteration   3: 2637.925 ns/op
Iteration   4: 2528.739 ns/op
Iteration   5: 2592.691 ns/op


Result "com.eignex.koblas.bench.KoblasJmhBenchmark.run":
  2555.209 ±(99.9%) 286.442 ns/op [Average]
  (min, avg, max) = (2442.034, 2555.209, 2637.925), stdev = 74.388
  CI (99.9%): [2268.768, 2841.651] (assumes normal distribution)


# JMH version: 1.37
# VM version: JDK 25.0.1, OpenJDK 64-Bit Server VM, 25.0.1+8-LTS
# VM invoker: /home/rasmus/.gradle/jdks/eclipse_adoptium-25-amd64-linux.2/bin/java
# VM options: --enable-native-access=ALL-UNNAMED --add-modules=jdk.incubator.vector -Dfile.encoding=UTF-8 -Duser.country -Duser.language=en -Duser.variant -Dkoblas.bench.cases=/home/rasmus/.codex/worktrees/703f/koblas/koblas-bench/reports/f342c3192a41a07cf0454d7d4d5324f8289cc01329bcc9c990b986dcdd2f5922/20260911T153950Z-a038f25ac668/cases.txt
# Blackhole mode: compiler (auto-detected, use -Djmh.blackhole.autoDetect=false to disable)
# Warmup: 3 iterations, 200000000 ns each
# Measurement: 5 iterations, 200000000 ns each
# Timeout: 10 min per iteration
# Threads: 1 thread, will synchronize iterations
# Benchmark mode: Average time, time/op
# Benchmark: com.eignex.koblas.bench.KoblasJmhBenchmark.run
# Parameters: (benchmarkMode = jvm-simd, caseId = ger+129x31+uniform)

# Run progress: 17.09% complete, ETA 00:03:01
# Fork: 1 of 1
WARNING: Using incubator modules: jdk.incubator.vector
WARNING: A terminally deprecated method in sun.misc.Unsafe has been called
WARNING: sun.misc.Unsafe::objectFieldOffset has been called by org.openjdk.jmh.util.Utils (file:/home/rasmus/.gradle/caches/modules-2/files-2.1/org.openjdk.jmh/jmh-core/1.37/896f27e49105b35ea1964319c83d12082e7a79ef/jmh-core-1.37.jar)
WARNING: Please consider reporting this to the maintainers of class org.openjdk.jmh.util.Utils
WARNING: sun.misc.Unsafe::objectFieldOffset will be removed in a future release
# Warmup Iteration   1: 1763.723 ns/op
# Warmup Iteration   2: 1201.756 ns/op
# Warmup Iteration   3: 1217.978 ns/op
Iteration   1: 1209.380 ns/op
Iteration   2: 1253.587 ns/op
Iteration   3: 1272.302 ns/op
Iteration   4: 1262.454 ns/op
Iteration   5: 1244.972 ns/op


Result "com.eignex.koblas.bench.KoblasJmhBenchmark.run":
  1248.539 ±(99.9%) 92.935 ns/op [Average]
  (min, avg, max) = (1209.380, 1248.539, 1272.302), stdev = 24.135
  CI (99.9%): [1155.604, 1341.474] (assumes normal distribution)


# JMH version: 1.37
# VM version: JDK 25.0.1, OpenJDK 64-Bit Server VM, 25.0.1+8-LTS
# VM invoker: /home/rasmus/.gradle/jdks/eclipse_adoptium-25-amd64-linux.2/bin/java
# VM options: --enable-native-access=ALL-UNNAMED --add-modules=jdk.incubator.vector -Dfile.encoding=UTF-8 -Duser.country -Duser.language=en -Duser.variant -Dkoblas.bench.cases=/home/rasmus/.codex/worktrees/703f/koblas/koblas-bench/reports/f342c3192a41a07cf0454d7d4d5324f8289cc01329bcc9c990b986dcdd2f5922/20260911T153950Z-a038f25ac668/cases.txt
# Blackhole mode: compiler (auto-detected, use -Djmh.blackhole.autoDetect=false to disable)
# Warmup: 3 iterations, 200000000 ns each
# Measurement: 5 iterations, 200000000 ns each
# Timeout: 10 min per iteration
# Threads: 1 thread, will synchronize iterations
# Benchmark mode: Average time, time/op
# Benchmark: com.eignex.koblas.bench.KoblasJmhBenchmark.run
# Parameters: (benchmarkMode = jvm-simd, caseId = syr+129+uniform+uplo=L)

# Run progress: 17.95% complete, ETA 00:02:59
# Fork: 1 of 1
WARNING: Using incubator modules: jdk.incubator.vector
WARNING: A terminally deprecated method in sun.misc.Unsafe has been called
WARNING: sun.misc.Unsafe::objectFieldOffset has been called by org.openjdk.jmh.util.Utils (file:/home/rasmus/.gradle/caches/modules-2/files-2.1/org.openjdk.jmh/jmh-core/1.37/896f27e49105b35ea1964319c83d12082e7a79ef/jmh-core-1.37.jar)
WARNING: Please consider reporting this to the maintainers of class org.openjdk.jmh.util.Utils
WARNING: sun.misc.Unsafe::objectFieldOffset will be removed in a future release
# Warmup Iteration   1: 6863.175 ns/op
# Warmup Iteration   2: 4988.072 ns/op
# Warmup Iteration   3: 4898.231 ns/op
Iteration   1: 4864.540 ns/op
Iteration   2: 4773.616 ns/op
Iteration   3: 4817.771 ns/op
Iteration   4: 4772.930 ns/op
Iteration   5: 4107.397 ns/op


Result "com.eignex.koblas.bench.KoblasJmhBenchmark.run":
  4667.251 ±(99.9%) 1213.866 ns/op [Average]
  (min, avg, max) = (4107.397, 4667.251, 4864.540), stdev = 315.237
  CI (99.9%): [3453.385, 5881.116] (assumes normal distribution)


# JMH version: 1.37
# VM version: JDK 25.0.1, OpenJDK 64-Bit Server VM, 25.0.1+8-LTS
# VM invoker: /home/rasmus/.gradle/jdks/eclipse_adoptium-25-amd64-linux.2/bin/java
# VM options: --enable-native-access=ALL-UNNAMED --add-modules=jdk.incubator.vector -Dfile.encoding=UTF-8 -Duser.country -Duser.language=en -Duser.variant -Dkoblas.bench.cases=/home/rasmus/.codex/worktrees/703f/koblas/koblas-bench/reports/f342c3192a41a07cf0454d7d4d5324f8289cc01329bcc9c990b986dcdd2f5922/20260911T153950Z-a038f25ac668/cases.txt
# Blackhole mode: compiler (auto-detected, use -Djmh.blackhole.autoDetect=false to disable)
# Warmup: 3 iterations, 200000000 ns each
# Measurement: 5 iterations, 200000000 ns each
# Timeout: 10 min per iteration
# Threads: 1 thread, will synchronize iterations
# Benchmark mode: Average time, time/op
# Benchmark: com.eignex.koblas.bench.KoblasJmhBenchmark.run
# Parameters: (benchmarkMode = jvm-simd, caseId = syr2+129+uniform+uplo=U)

# Run progress: 18.80% complete, ETA 00:02:57
# Fork: 1 of 1
WARNING: Using incubator modules: jdk.incubator.vector
WARNING: A terminally deprecated method in sun.misc.Unsafe has been called
WARNING: sun.misc.Unsafe::objectFieldOffset has been called by org.openjdk.jmh.util.Utils (file:/home/rasmus/.gradle/caches/modules-2/files-2.1/org.openjdk.jmh/jmh-core/1.37/896f27e49105b35ea1964319c83d12082e7a79ef/jmh-core-1.37.jar)
WARNING: Please consider reporting this to the maintainers of class org.openjdk.jmh.util.Utils
WARNING: sun.misc.Unsafe::objectFieldOffset will be removed in a future release
# Warmup Iteration   1: 7669.051 ns/op
# Warmup Iteration   2: 5434.463 ns/op
# Warmup Iteration   3: 5616.334 ns/op
Iteration   1: 5518.308 ns/op
Iteration   2: 5453.587 ns/op
Iteration   3: 5586.773 ns/op
Iteration   4: 5495.840 ns/op
Iteration   5: 5456.121 ns/op


Result "com.eignex.koblas.bench.KoblasJmhBenchmark.run":
  5502.126 ±(99.9%) 210.372 ns/op [Average]
  (min, avg, max) = (5453.587, 5502.126, 5586.773), stdev = 54.633
  CI (99.9%): [5291.754, 5712.498] (assumes normal distribution)


# JMH version: 1.37
# VM version: JDK 25.0.1, OpenJDK 64-Bit Server VM, 25.0.1+8-LTS
# VM invoker: /home/rasmus/.gradle/jdks/eclipse_adoptium-25-amd64-linux.2/bin/java
# VM options: --enable-native-access=ALL-UNNAMED --add-modules=jdk.incubator.vector -Dfile.encoding=UTF-8 -Duser.country -Duser.language=en -Duser.variant -Dkoblas.bench.cases=/home/rasmus/.codex/worktrees/703f/koblas/koblas-bench/reports/f342c3192a41a07cf0454d7d4d5324f8289cc01329bcc9c990b986dcdd2f5922/20260911T153950Z-a038f25ac668/cases.txt
# Blackhole mode: compiler (auto-detected, use -Djmh.blackhole.autoDetect=false to disable)
# Warmup: 3 iterations, 200000000 ns each
# Measurement: 5 iterations, 200000000 ns each
# Timeout: 10 min per iteration
# Threads: 1 thread, will synchronize iterations
# Benchmark mode: Average time, time/op
# Benchmark: com.eignex.koblas.bench.KoblasJmhBenchmark.run
# Parameters: (benchmarkMode = jvm-simd, caseId = trsv+129+triangular+uplo=L+transA=N+diag=N)

# Run progress: 19.66% complete, ETA 00:02:55
# Fork: 1 of 1
WARNING: Using incubator modules: jdk.incubator.vector
WARNING: A terminally deprecated method in sun.misc.Unsafe has been called
WARNING: sun.misc.Unsafe::objectFieldOffset has been called by org.openjdk.jmh.util.Utils (file:/home/rasmus/.gradle/caches/modules-2/files-2.1/org.openjdk.jmh/jmh-core/1.37/896f27e49105b35ea1964319c83d12082e7a79ef/jmh-core-1.37.jar)
WARNING: Please consider reporting this to the maintainers of class org.openjdk.jmh.util.Utils
WARNING: sun.misc.Unsafe::objectFieldOffset will be removed in a future release
# Warmup Iteration   1: 2365.050 ns/op
# Warmup Iteration   2: 1745.476 ns/op
# Warmup Iteration   3: 1715.576 ns/op
Iteration   1: 1701.158 ns/op
Iteration   2: 1726.413 ns/op
Iteration   3: 1616.299 ns/op
Iteration   4: 1669.609 ns/op
Iteration   5: 1716.582 ns/op


Result "com.eignex.koblas.bench.KoblasJmhBenchmark.run":
  1686.012 ±(99.9%) 171.398 ns/op [Average]
  (min, avg, max) = (1616.299, 1686.012, 1726.413), stdev = 44.511
  CI (99.9%): [1514.614, 1857.410] (assumes normal distribution)


# JMH version: 1.37
# VM version: JDK 25.0.1, OpenJDK 64-Bit Server VM, 25.0.1+8-LTS
# VM invoker: /home/rasmus/.gradle/jdks/eclipse_adoptium-25-amd64-linux.2/bin/java
# VM options: --enable-native-access=ALL-UNNAMED --add-modules=jdk.incubator.vector -Dfile.encoding=UTF-8 -Duser.country -Duser.language=en -Duser.variant -Dkoblas.bench.cases=/home/rasmus/.codex/worktrees/703f/koblas/koblas-bench/reports/f342c3192a41a07cf0454d7d4d5324f8289cc01329bcc9c990b986dcdd2f5922/20260911T153950Z-a038f25ac668/cases.txt
# Blackhole mode: compiler (auto-detected, use -Djmh.blackhole.autoDetect=false to disable)
# Warmup: 3 iterations, 200000000 ns each
# Measurement: 5 iterations, 200000000 ns each
# Timeout: 10 min per iteration
# Threads: 1 thread, will synchronize iterations
# Benchmark mode: Average time, time/op
# Benchmark: com.eignex.koblas.bench.KoblasJmhBenchmark.run
# Parameters: (benchmarkMode = jvm-simd, caseId = trmv+129+triangular+uplo=U+transA=T+diag=U)

# Run progress: 20.51% complete, ETA 00:02:53
# Fork: 1 of 1
WARNING: Using incubator modules: jdk.incubator.vector
WARNING: A terminally deprecated method in sun.misc.Unsafe has been called
WARNING: sun.misc.Unsafe::objectFieldOffset has been called by org.openjdk.jmh.util.Utils (file:/home/rasmus/.gradle/caches/modules-2/files-2.1/org.openjdk.jmh/jmh-core/1.37/896f27e49105b35ea1964319c83d12082e7a79ef/jmh-core-1.37.jar)
WARNING: Please consider reporting this to the maintainers of class org.openjdk.jmh.util.Utils
WARNING: sun.misc.Unsafe::objectFieldOffset will be removed in a future release
# Warmup Iteration   1: 2285.416 ns/op
# Warmup Iteration   2: 1642.395 ns/op
# Warmup Iteration   3: 1634.225 ns/op
Iteration   1: 1637.374 ns/op
Iteration   2: 1747.482 ns/op
Iteration   3: 1751.376 ns/op
Iteration   4: 1854.407 ns/op
Iteration   5: 1733.171 ns/op


Result "com.eignex.koblas.bench.KoblasJmhBenchmark.run":
  1744.762 ±(99.9%) 296.647 ns/op [Average]
  (min, avg, max) = (1637.374, 1744.762, 1854.407), stdev = 77.038
  CI (99.9%): [1448.114, 2041.409] (assumes normal distribution)


# JMH version: 1.37
# VM version: JDK 25.0.1, OpenJDK 64-Bit Server VM, 25.0.1+8-LTS
# VM invoker: /home/rasmus/.gradle/jdks/eclipse_adoptium-25-amd64-linux.2/bin/java
# VM options: --enable-native-access=ALL-UNNAMED --add-modules=jdk.incubator.vector -Dfile.encoding=UTF-8 -Duser.country -Duser.language=en -Duser.variant -Dkoblas.bench.cases=/home/rasmus/.codex/worktrees/703f/koblas/koblas-bench/reports/f342c3192a41a07cf0454d7d4d5324f8289cc01329bcc9c990b986dcdd2f5922/20260911T153950Z-a038f25ac668/cases.txt
# Blackhole mode: compiler (auto-detected, use -Djmh.blackhole.autoDetect=false to disable)
# Warmup: 3 iterations, 200000000 ns each
# Measurement: 5 iterations, 200000000 ns each
# Timeout: 10 min per iteration
# Threads: 1 thread, will synchronize iterations
# Benchmark mode: Average time, time/op
# Benchmark: com.eignex.koblas.bench.KoblasJmhBenchmark.run
# Parameters: (benchmarkMode = jvm-simd, caseId = gemm+32x21x48+uniform)

# Run progress: 21.37% complete, ETA 00:02:51
# Fork: 1 of 1
WARNING: Using incubator modules: jdk.incubator.vector
WARNING: A terminally deprecated method in sun.misc.Unsafe has been called
WARNING: sun.misc.Unsafe::objectFieldOffset has been called by org.openjdk.jmh.util.Utils (file:/home/rasmus/.gradle/caches/modules-2/files-2.1/org.openjdk.jmh/jmh-core/1.37/896f27e49105b35ea1964319c83d12082e7a79ef/jmh-core-1.37.jar)
WARNING: Please consider reporting this to the maintainers of class org.openjdk.jmh.util.Utils
WARNING: sun.misc.Unsafe::objectFieldOffset will be removed in a future release
# Warmup Iteration   1: 9273.151 ns/op
# Warmup Iteration   2: 4763.273 ns/op
# Warmup Iteration   3: 5194.818 ns/op
Iteration   1: 4605.899 ns/op
Iteration   2: 4673.089 ns/op
Iteration   3: 4178.951 ns/op
Iteration   4: 3987.950 ns/op
Iteration   5: 4025.438 ns/op


Result "com.eignex.koblas.bench.KoblasJmhBenchmark.run":
  4294.265 ±(99.9%) 1247.777 ns/op [Average]
  (min, avg, max) = (3987.950, 4294.265, 4673.089), stdev = 324.044
  CI (99.9%): [3046.488, 5542.042] (assumes normal distribution)


# JMH version: 1.37
# VM version: JDK 25.0.1, OpenJDK 64-Bit Server VM, 25.0.1+8-LTS
# VM invoker: /home/rasmus/.gradle/jdks/eclipse_adoptium-25-amd64-linux.2/bin/java
# VM options: --enable-native-access=ALL-UNNAMED --add-modules=jdk.incubator.vector -Dfile.encoding=UTF-8 -Duser.country -Duser.language=en -Duser.variant -Dkoblas.bench.cases=/home/rasmus/.codex/worktrees/703f/koblas/koblas-bench/reports/f342c3192a41a07cf0454d7d4d5324f8289cc01329bcc9c990b986dcdd2f5922/20260911T153950Z-a038f25ac668/cases.txt
# Blackhole mode: compiler (auto-detected, use -Djmh.blackhole.autoDetect=false to disable)
# Warmup: 3 iterations, 200000000 ns each
# Measurement: 5 iterations, 200000000 ns each
# Timeout: 10 min per iteration
# Threads: 1 thread, will synchronize iterations
# Benchmark mode: Average time, time/op
# Benchmark: com.eignex.koblas.bench.KoblasJmhBenchmark.run
# Parameters: (benchmarkMode = jvm-simd, caseId = gemm+129x31x257+uniform+transA=T)

# Run progress: 22.22% complete, ETA 00:02:49
# Fork: 1 of 1
WARNING: Using incubator modules: jdk.incubator.vector
WARNING: A terminally deprecated method in sun.misc.Unsafe has been called
WARNING: sun.misc.Unsafe::objectFieldOffset has been called by org.openjdk.jmh.util.Utils (file:/home/rasmus/.gradle/caches/modules-2/files-2.1/org.openjdk.jmh/jmh-core/1.37/896f27e49105b35ea1964319c83d12082e7a79ef/jmh-core-1.37.jar)
WARNING: Please consider reporting this to the maintainers of class org.openjdk.jmh.util.Utils
WARNING: sun.misc.Unsafe::objectFieldOffset will be removed in a future release
# Warmup Iteration   1: 240163.389 ns/op
# Warmup Iteration   2: 94088.647 ns/op
# Warmup Iteration   3: 92465.886 ns/op
Iteration   1: 89443.008 ns/op
Iteration   2: 91349.574 ns/op
Iteration   3: 96147.686 ns/op
Iteration   4: 93403.879 ns/op
Iteration   5: 83302.358 ns/op


Result "com.eignex.koblas.bench.KoblasJmhBenchmark.run":
  90729.301 ±(99.9%) 18637.975 ns/op [Average]
  (min, avg, max) = (83302.358, 90729.301, 96147.686), stdev = 4840.223
  CI (99.9%): [72091.326, 109367.276] (assumes normal distribution)


# JMH version: 1.37
# VM version: JDK 25.0.1, OpenJDK 64-Bit Server VM, 25.0.1+8-LTS
# VM invoker: /home/rasmus/.gradle/jdks/eclipse_adoptium-25-amd64-linux.2/bin/java
# VM options: --enable-native-access=ALL-UNNAMED --add-modules=jdk.incubator.vector -Dfile.encoding=UTF-8 -Duser.country -Duser.language=en -Duser.variant -Dkoblas.bench.cases=/home/rasmus/.codex/worktrees/703f/koblas/koblas-bench/reports/f342c3192a41a07cf0454d7d4d5324f8289cc01329bcc9c990b986dcdd2f5922/20260911T153950Z-a038f25ac668/cases.txt
# Blackhole mode: compiler (auto-detected, use -Djmh.blackhole.autoDetect=false to disable)
# Warmup: 3 iterations, 200000000 ns each
# Measurement: 5 iterations, 200000000 ns each
# Timeout: 10 min per iteration
# Threads: 1 thread, will synchronize iterations
# Benchmark mode: Average time, time/op
# Benchmark: com.eignex.koblas.bench.KoblasJmhBenchmark.run
# Parameters: (benchmarkMode = jvm-simd, caseId = gemm+65x127x33+uniform+transB=T)

# Run progress: 23.08% complete, ETA 00:02:47
# Fork: 1 of 1
WARNING: Using incubator modules: jdk.incubator.vector
WARNING: A terminally deprecated method in sun.misc.Unsafe has been called
WARNING: sun.misc.Unsafe::objectFieldOffset has been called by org.openjdk.jmh.util.Utils (file:/home/rasmus/.gradle/caches/modules-2/files-2.1/org.openjdk.jmh/jmh-core/1.37/896f27e49105b35ea1964319c83d12082e7a79ef/jmh-core-1.37.jar)
WARNING: Please consider reporting this to the maintainers of class org.openjdk.jmh.util.Utils
WARNING: sun.misc.Unsafe::objectFieldOffset will be removed in a future release
# Warmup Iteration   1: 54540.587 ns/op
# Warmup Iteration   2: 27135.401 ns/op
# Warmup Iteration   3: 25221.156 ns/op
Iteration   1: 24419.123 ns/op
Iteration   2: 23974.985 ns/op
Iteration   3: 23935.531 ns/op
Iteration   4: 24108.053 ns/op
Iteration   5: 24487.388 ns/op


Result "com.eignex.koblas.bench.KoblasJmhBenchmark.run":
  24185.016 ±(99.9%) 978.915 ns/op [Average]
  (min, avg, max) = (23935.531, 24185.016, 24487.388), stdev = 254.221
  CI (99.9%): [23206.101, 25163.931] (assumes normal distribution)


# JMH version: 1.37
# VM version: JDK 25.0.1, OpenJDK 64-Bit Server VM, 25.0.1+8-LTS
# VM invoker: /home/rasmus/.gradle/jdks/eclipse_adoptium-25-amd64-linux.2/bin/java
# VM options: --enable-native-access=ALL-UNNAMED --add-modules=jdk.incubator.vector -Dfile.encoding=UTF-8 -Duser.country -Duser.language=en -Duser.variant -Dkoblas.bench.cases=/home/rasmus/.codex/worktrees/703f/koblas/koblas-bench/reports/f342c3192a41a07cf0454d7d4d5324f8289cc01329bcc9c990b986dcdd2f5922/20260911T153950Z-a038f25ac668/cases.txt
# Blackhole mode: compiler (auto-detected, use -Djmh.blackhole.autoDetect=false to disable)
# Warmup: 3 iterations, 200000000 ns each
# Measurement: 5 iterations, 200000000 ns each
# Timeout: 10 min per iteration
# Threads: 1 thread, will synchronize iterations
# Benchmark mode: Average time, time/op
# Benchmark: com.eignex.koblas.bench.KoblasJmhBenchmark.run
# Parameters: (benchmarkMode = jvm-simd, caseId = symm+129x31+uniform+side=L+uplo=L)

# Run progress: 23.93% complete, ETA 00:02:45
# Fork: 1 of 1
WARNING: Using incubator modules: jdk.incubator.vector
WARNING: A terminally deprecated method in sun.misc.Unsafe has been called
WARNING: sun.misc.Unsafe::objectFieldOffset has been called by org.openjdk.jmh.util.Utils (file:/home/rasmus/.gradle/caches/modules-2/files-2.1/org.openjdk.jmh/jmh-core/1.37/896f27e49105b35ea1964319c83d12082e7a79ef/jmh-core-1.37.jar)
WARNING: Please consider reporting this to the maintainers of class org.openjdk.jmh.util.Utils
WARNING: sun.misc.Unsafe::objectFieldOffset will be removed in a future release
# Warmup Iteration   1: 134534.622 ns/op
# Warmup Iteration   2: 48557.136 ns/op
# Warmup Iteration   3: 47994.782 ns/op
Iteration   1: 48914.791 ns/op
Iteration   2: 47437.600 ns/op
Iteration   3: 46679.838 ns/op
Iteration   4: 46986.016 ns/op
Iteration   5: 47114.354 ns/op


Result "com.eignex.koblas.bench.KoblasJmhBenchmark.run":
  47426.520 ±(99.9%) 3370.193 ns/op [Average]
  (min, avg, max) = (46679.838, 47426.520, 48914.791), stdev = 875.228
  CI (99.9%): [44056.327, 50796.713] (assumes normal distribution)


# JMH version: 1.37
# VM version: JDK 25.0.1, OpenJDK 64-Bit Server VM, 25.0.1+8-LTS
# VM invoker: /home/rasmus/.gradle/jdks/eclipse_adoptium-25-amd64-linux.2/bin/java
# VM options: --enable-native-access=ALL-UNNAMED --add-modules=jdk.incubator.vector -Dfile.encoding=UTF-8 -Duser.country -Duser.language=en -Duser.variant -Dkoblas.bench.cases=/home/rasmus/.codex/worktrees/703f/koblas/koblas-bench/reports/f342c3192a41a07cf0454d7d4d5324f8289cc01329bcc9c990b986dcdd2f5922/20260911T153950Z-a038f25ac668/cases.txt
# Blackhole mode: compiler (auto-detected, use -Djmh.blackhole.autoDetect=false to disable)
# Warmup: 3 iterations, 200000000 ns each
# Measurement: 5 iterations, 200000000 ns each
# Timeout: 10 min per iteration
# Threads: 1 thread, will synchronize iterations
# Benchmark mode: Average time, time/op
# Benchmark: com.eignex.koblas.bench.KoblasJmhBenchmark.run
# Parameters: (benchmarkMode = jvm-simd, caseId = symm+31x129+uniform+side=R+uplo=U)

# Run progress: 24.79% complete, ETA 00:02:43
# Fork: 1 of 1
WARNING: Using incubator modules: jdk.incubator.vector
WARNING: A terminally deprecated method in sun.misc.Unsafe has been called
WARNING: sun.misc.Unsafe::objectFieldOffset has been called by org.openjdk.jmh.util.Utils (file:/home/rasmus/.gradle/caches/modules-2/files-2.1/org.openjdk.jmh/jmh-core/1.37/896f27e49105b35ea1964319c83d12082e7a79ef/jmh-core-1.37.jar)
WARNING: Please consider reporting this to the maintainers of class org.openjdk.jmh.util.Utils
WARNING: sun.misc.Unsafe::objectFieldOffset will be removed in a future release
# Warmup Iteration   1: 145740.296 ns/op
# Warmup Iteration   2: 47898.304 ns/op
# Warmup Iteration   3: 48188.825 ns/op
Iteration   1: 46152.524 ns/op
Iteration   2: 46261.182 ns/op
Iteration   3: 46232.209 ns/op
Iteration   4: 47076.614 ns/op
Iteration   5: 50605.844 ns/op


Result "com.eignex.koblas.bench.KoblasJmhBenchmark.run":
  47265.675 ±(99.9%) 7333.591 ns/op [Average]
  (min, avg, max) = (46152.524, 47265.675, 50605.844), stdev = 1904.510
  CI (99.9%): [39932.083, 54599.266] (assumes normal distribution)


# JMH version: 1.37
# VM version: JDK 25.0.1, OpenJDK 64-Bit Server VM, 25.0.1+8-LTS
# VM invoker: /home/rasmus/.gradle/jdks/eclipse_adoptium-25-amd64-linux.2/bin/java
# VM options: --enable-native-access=ALL-UNNAMED --add-modules=jdk.incubator.vector -Dfile.encoding=UTF-8 -Duser.country -Duser.language=en -Duser.variant -Dkoblas.bench.cases=/home/rasmus/.codex/worktrees/703f/koblas/koblas-bench/reports/f342c3192a41a07cf0454d7d4d5324f8289cc01329bcc9c990b986dcdd2f5922/20260911T153950Z-a038f25ac668/cases.txt
# Blackhole mode: compiler (auto-detected, use -Djmh.blackhole.autoDetect=false to disable)
# Warmup: 3 iterations, 200000000 ns each
# Measurement: 5 iterations, 200000000 ns each
# Timeout: 10 min per iteration
# Threads: 1 thread, will synchronize iterations
# Benchmark mode: Average time, time/op
# Benchmark: com.eignex.koblas.bench.KoblasJmhBenchmark.run
# Parameters: (benchmarkMode = jvm-simd, caseId = gemmt+129x31+uniform+uplo=L+transA=N+transB=N)

# Run progress: 25.64% complete, ETA 00:02:41
# Fork: 1 of 1
WARNING: Using incubator modules: jdk.incubator.vector
WARNING: A terminally deprecated method in sun.misc.Unsafe has been called
WARNING: sun.misc.Unsafe::objectFieldOffset has been called by org.openjdk.jmh.util.Utils (file:/home/rasmus/.gradle/caches/modules-2/files-2.1/org.openjdk.jmh/jmh-core/1.37/896f27e49105b35ea1964319c83d12082e7a79ef/jmh-core-1.37.jar)
WARNING: Please consider reporting this to the maintainers of class org.openjdk.jmh.util.Utils
WARNING: sun.misc.Unsafe::objectFieldOffset will be removed in a future release
# Warmup Iteration   1: 200933.393 ns/op
# Warmup Iteration   2: 151550.749 ns/op
# Warmup Iteration   3: 152894.771 ns/op
Iteration   1: 153386.510 ns/op
Iteration   2: 153457.739 ns/op
Iteration   3: 153139.344 ns/op
Iteration   4: 153035.662 ns/op
Iteration   5: 152239.817 ns/op


Result "com.eignex.koblas.bench.KoblasJmhBenchmark.run":
  153051.815 ±(99.9%) 1870.695 ns/op [Average]
  (min, avg, max) = (152239.817, 153051.815, 153457.739), stdev = 485.814
  CI (99.9%): [151181.120, 154922.509] (assumes normal distribution)


# JMH version: 1.37
# VM version: JDK 25.0.1, OpenJDK 64-Bit Server VM, 25.0.1+8-LTS
# VM invoker: /home/rasmus/.gradle/jdks/eclipse_adoptium-25-amd64-linux.2/bin/java
# VM options: --enable-native-access=ALL-UNNAMED --add-modules=jdk.incubator.vector -Dfile.encoding=UTF-8 -Duser.country -Duser.language=en -Duser.variant -Dkoblas.bench.cases=/home/rasmus/.codex/worktrees/703f/koblas/koblas-bench/reports/f342c3192a41a07cf0454d7d4d5324f8289cc01329bcc9c990b986dcdd2f5922/20260911T153950Z-a038f25ac668/cases.txt
# Blackhole mode: compiler (auto-detected, use -Djmh.blackhole.autoDetect=false to disable)
# Warmup: 3 iterations, 200000000 ns each
# Measurement: 5 iterations, 200000000 ns each
# Timeout: 10 min per iteration
# Threads: 1 thread, will synchronize iterations
# Benchmark mode: Average time, time/op
# Benchmark: com.eignex.koblas.bench.KoblasJmhBenchmark.run
# Parameters: (benchmarkMode = jvm-simd, caseId = syrk+129x31+uniform+uplo=L+transA=N)

# Run progress: 26.50% complete, ETA 00:02:39
# Fork: 1 of 1
WARNING: Using incubator modules: jdk.incubator.vector
WARNING: A terminally deprecated method in sun.misc.Unsafe has been called
WARNING: sun.misc.Unsafe::objectFieldOffset has been called by org.openjdk.jmh.util.Utils (file:/home/rasmus/.gradle/caches/modules-2/files-2.1/org.openjdk.jmh/jmh-core/1.37/896f27e49105b35ea1964319c83d12082e7a79ef/jmh-core-1.37.jar)
WARNING: Please consider reporting this to the maintainers of class org.openjdk.jmh.util.Utils
WARNING: sun.misc.Unsafe::objectFieldOffset will be removed in a future release
# Warmup Iteration   1: 137317.218 ns/op
# Warmup Iteration   2: 46183.847 ns/op
# Warmup Iteration   3: 58371.817 ns/op
Iteration   1: 72210.936 ns/op
Iteration   2: 41139.274 ns/op
Iteration   3: 46140.710 ns/op
Iteration   4: 72781.589 ns/op
Iteration   5: 53178.872 ns/op


Result "com.eignex.koblas.bench.KoblasJmhBenchmark.run":
  57090.276 ±(99.9%) 56608.335 ns/op [Average]
  (min, avg, max) = (41139.274, 57090.276, 72781.589), stdev = 14701.005
  CI (99.9%): [481.941, 113698.612] (assumes normal distribution)


# JMH version: 1.37
# VM version: JDK 25.0.1, OpenJDK 64-Bit Server VM, 25.0.1+8-LTS
# VM invoker: /home/rasmus/.gradle/jdks/eclipse_adoptium-25-amd64-linux.2/bin/java
# VM options: --enable-native-access=ALL-UNNAMED --add-modules=jdk.incubator.vector -Dfile.encoding=UTF-8 -Duser.country -Duser.language=en -Duser.variant -Dkoblas.bench.cases=/home/rasmus/.codex/worktrees/703f/koblas/koblas-bench/reports/f342c3192a41a07cf0454d7d4d5324f8289cc01329bcc9c990b986dcdd2f5922/20260911T153950Z-a038f25ac668/cases.txt
# Blackhole mode: compiler (auto-detected, use -Djmh.blackhole.autoDetect=false to disable)
# Warmup: 3 iterations, 200000000 ns each
# Measurement: 5 iterations, 200000000 ns each
# Timeout: 10 min per iteration
# Threads: 1 thread, will synchronize iterations
# Benchmark mode: Average time, time/op
# Benchmark: com.eignex.koblas.bench.KoblasJmhBenchmark.run
# Parameters: (benchmarkMode = jvm-simd, caseId = syr2k+129x31+uniform+uplo=U+transA=T)

# Run progress: 27.35% complete, ETA 00:02:37
# Fork: 1 of 1
WARNING: Using incubator modules: jdk.incubator.vector
WARNING: A terminally deprecated method in sun.misc.Unsafe has been called
WARNING: sun.misc.Unsafe::objectFieldOffset has been called by org.openjdk.jmh.util.Utils (file:/home/rasmus/.gradle/caches/modules-2/files-2.1/org.openjdk.jmh/jmh-core/1.37/896f27e49105b35ea1964319c83d12082e7a79ef/jmh-core-1.37.jar)
WARNING: Please consider reporting this to the maintainers of class org.openjdk.jmh.util.Utils
WARNING: sun.misc.Unsafe::objectFieldOffset will be removed in a future release
# Warmup Iteration   1: 151308.974 ns/op
# Warmup Iteration   2: 69427.786 ns/op
# Warmup Iteration   3: 69421.230 ns/op
Iteration   1: 68171.879 ns/op
Iteration   2: 68029.821 ns/op
Iteration   3: 68066.046 ns/op
Iteration   4: 67408.728 ns/op
Iteration   5: 67531.136 ns/op


Result "com.eignex.koblas.bench.KoblasJmhBenchmark.run":
  67841.522 ±(99.9%) 1332.030 ns/op [Average]
  (min, avg, max) = (67408.728, 67841.522, 68171.879), stdev = 345.924
  CI (99.9%): [66509.492, 69173.552] (assumes normal distribution)


# JMH version: 1.37
# VM version: JDK 25.0.1, OpenJDK 64-Bit Server VM, 25.0.1+8-LTS
# VM invoker: /home/rasmus/.gradle/jdks/eclipse_adoptium-25-amd64-linux.2/bin/java
# VM options: --enable-native-access=ALL-UNNAMED --add-modules=jdk.incubator.vector -Dfile.encoding=UTF-8 -Duser.country -Duser.language=en -Duser.variant -Dkoblas.bench.cases=/home/rasmus/.codex/worktrees/703f/koblas/koblas-bench/reports/f342c3192a41a07cf0454d7d4d5324f8289cc01329bcc9c990b986dcdd2f5922/20260911T153950Z-a038f25ac668/cases.txt
# Blackhole mode: compiler (auto-detected, use -Djmh.blackhole.autoDetect=false to disable)
# Warmup: 3 iterations, 200000000 ns each
# Measurement: 5 iterations, 200000000 ns each
# Timeout: 10 min per iteration
# Threads: 1 thread, will synchronize iterations
# Benchmark mode: Average time, time/op
# Benchmark: com.eignex.koblas.bench.KoblasJmhBenchmark.run
# Parameters: (benchmarkMode = jvm-simd, caseId = trsm+64x16+triangular+side=L+uplo=L+transA=N+diag=N)

# Run progress: 28.21% complete, ETA 00:02:36
# Fork: 1 of 1
WARNING: Using incubator modules: jdk.incubator.vector
WARNING: A terminally deprecated method in sun.misc.Unsafe has been called
WARNING: sun.misc.Unsafe::objectFieldOffset has been called by org.openjdk.jmh.util.Utils (file:/home/rasmus/.gradle/caches/modules-2/files-2.1/org.openjdk.jmh/jmh-core/1.37/896f27e49105b35ea1964319c83d12082e7a79ef/jmh-core-1.37.jar)
WARNING: Please consider reporting this to the maintainers of class org.openjdk.jmh.util.Utils
WARNING: sun.misc.Unsafe::objectFieldOffset will be removed in a future release
# Warmup Iteration   1: 14884.771 ns/op
# Warmup Iteration   2: 10885.207 ns/op
# Warmup Iteration   3: 9794.686 ns/op
Iteration   1: 9783.083 ns/op
Iteration   2: 9636.644 ns/op
Iteration   3: 9804.642 ns/op
Iteration   4: 9932.682 ns/op
Iteration   5: 9851.020 ns/op


Result "com.eignex.koblas.bench.KoblasJmhBenchmark.run":
  9801.614 ±(99.9%) 418.231 ns/op [Average]
  (min, avg, max) = (9636.644, 9801.614, 9932.682), stdev = 108.613
  CI (99.9%): [9383.383, 10219.846] (assumes normal distribution)


# JMH version: 1.37
# VM version: JDK 25.0.1, OpenJDK 64-Bit Server VM, 25.0.1+8-LTS
# VM invoker: /home/rasmus/.gradle/jdks/eclipse_adoptium-25-amd64-linux.2/bin/java
# VM options: --enable-native-access=ALL-UNNAMED --add-modules=jdk.incubator.vector -Dfile.encoding=UTF-8 -Duser.country -Duser.language=en -Duser.variant -Dkoblas.bench.cases=/home/rasmus/.codex/worktrees/703f/koblas/koblas-bench/reports/f342c3192a41a07cf0454d7d4d5324f8289cc01329bcc9c990b986dcdd2f5922/20260911T153950Z-a038f25ac668/cases.txt
# Blackhole mode: compiler (auto-detected, use -Djmh.blackhole.autoDetect=false to disable)
# Warmup: 3 iterations, 200000000 ns each
# Measurement: 5 iterations, 200000000 ns each
# Timeout: 10 min per iteration
# Threads: 1 thread, will synchronize iterations
# Benchmark mode: Average time, time/op
# Benchmark: com.eignex.koblas.bench.KoblasJmhBenchmark.run
# Parameters: (benchmarkMode = jvm-simd, caseId = trsm+17x64+triangular+side=R+uplo=U+transA=T+diag=U)

# Run progress: 29.06% complete, ETA 00:02:34
# Fork: 1 of 1
WARNING: Using incubator modules: jdk.incubator.vector
WARNING: A terminally deprecated method in sun.misc.Unsafe has been called
WARNING: sun.misc.Unsafe::objectFieldOffset has been called by org.openjdk.jmh.util.Utils (file:/home/rasmus/.gradle/caches/modules-2/files-2.1/org.openjdk.jmh/jmh-core/1.37/896f27e49105b35ea1964319c83d12082e7a79ef/jmh-core-1.37.jar)
WARNING: Please consider reporting this to the maintainers of class org.openjdk.jmh.util.Utils
WARNING: sun.misc.Unsafe::objectFieldOffset will be removed in a future release
# Warmup Iteration   1: 18608.684 ns/op
# Warmup Iteration   2: 11377.820 ns/op
# Warmup Iteration   3: 11604.457 ns/op
Iteration   1: 11235.742 ns/op
Iteration   2: 11187.651 ns/op
Iteration   3: 11118.938 ns/op
Iteration   4: 11243.421 ns/op
Iteration   5: 11147.656 ns/op


Result "com.eignex.koblas.bench.KoblasJmhBenchmark.run":
  11186.682 ±(99.9%) 208.605 ns/op [Average]
  (min, avg, max) = (11118.938, 11186.682, 11243.421), stdev = 54.174
  CI (99.9%): [10978.076, 11395.287] (assumes normal distribution)


# JMH version: 1.37
# VM version: JDK 25.0.1, OpenJDK 64-Bit Server VM, 25.0.1+8-LTS
# VM invoker: /home/rasmus/.gradle/jdks/eclipse_adoptium-25-amd64-linux.2/bin/java
# VM options: --enable-native-access=ALL-UNNAMED --add-modules=jdk.incubator.vector -Dfile.encoding=UTF-8 -Duser.country -Duser.language=en -Duser.variant -Dkoblas.bench.cases=/home/rasmus/.codex/worktrees/703f/koblas/koblas-bench/reports/f342c3192a41a07cf0454d7d4d5324f8289cc01329bcc9c990b986dcdd2f5922/20260911T153950Z-a038f25ac668/cases.txt
# Blackhole mode: compiler (auto-detected, use -Djmh.blackhole.autoDetect=false to disable)
# Warmup: 3 iterations, 200000000 ns each
# Measurement: 5 iterations, 200000000 ns each
# Timeout: 10 min per iteration
# Threads: 1 thread, will synchronize iterations
# Benchmark mode: Average time, time/op
# Benchmark: com.eignex.koblas.bench.KoblasJmhBenchmark.run
# Parameters: (benchmarkMode = jvm-simd, caseId = trmm+64x16+triangular+side=L+uplo=U+transA=T+diag=N)

# Run progress: 29.91% complete, ETA 00:02:32
# Fork: 1 of 1
WARNING: Using incubator modules: jdk.incubator.vector
WARNING: A terminally deprecated method in sun.misc.Unsafe has been called
WARNING: sun.misc.Unsafe::objectFieldOffset has been called by org.openjdk.jmh.util.Utils (file:/home/rasmus/.gradle/caches/modules-2/files-2.1/org.openjdk.jmh/jmh-core/1.37/896f27e49105b35ea1964319c83d12082e7a79ef/jmh-core-1.37.jar)
WARNING: Please consider reporting this to the maintainers of class org.openjdk.jmh.util.Utils
WARNING: sun.misc.Unsafe::objectFieldOffset will be removed in a future release
# Warmup Iteration   1: 11041.989 ns/op
# Warmup Iteration   2: 7414.767 ns/op
# Warmup Iteration   3: 7634.893 ns/op
Iteration   1: 7725.479 ns/op
Iteration   2: 8060.458 ns/op
Iteration   3: 7586.755 ns/op
Iteration   4: 7503.543 ns/op
Iteration   5: 7826.474 ns/op


Result "com.eignex.koblas.bench.KoblasJmhBenchmark.run":
  7740.542 ±(99.9%) 838.734 ns/op [Average]
  (min, avg, max) = (7503.543, 7740.542, 8060.458), stdev = 217.816
  CI (99.9%): [6901.808, 8579.275] (assumes normal distribution)


# JMH version: 1.37
# VM version: JDK 25.0.1, OpenJDK 64-Bit Server VM, 25.0.1+8-LTS
# VM invoker: /home/rasmus/.gradle/jdks/eclipse_adoptium-25-amd64-linux.2/bin/java
# VM options: --enable-native-access=ALL-UNNAMED --add-modules=jdk.incubator.vector -Dfile.encoding=UTF-8 -Duser.country -Duser.language=en -Duser.variant -Dkoblas.bench.cases=/home/rasmus/.codex/worktrees/703f/koblas/koblas-bench/reports/f342c3192a41a07cf0454d7d4d5324f8289cc01329bcc9c990b986dcdd2f5922/20260911T153950Z-a038f25ac668/cases.txt
# Blackhole mode: compiler (auto-detected, use -Djmh.blackhole.autoDetect=false to disable)
# Warmup: 3 iterations, 200000000 ns each
# Measurement: 5 iterations, 200000000 ns each
# Timeout: 10 min per iteration
# Threads: 1 thread, will synchronize iterations
# Benchmark mode: Average time, time/op
# Benchmark: com.eignex.koblas.bench.KoblasJmhBenchmark.run
# Parameters: (benchmarkMode = jvm-simd, caseId = trmm+17x64+triangular+side=R+uplo=L+transA=N+diag=U)

# Run progress: 30.77% complete, ETA 00:02:30
# Fork: 1 of 1
WARNING: Using incubator modules: jdk.incubator.vector
WARNING: A terminally deprecated method in sun.misc.Unsafe has been called
WARNING: sun.misc.Unsafe::objectFieldOffset has been called by org.openjdk.jmh.util.Utils (file:/home/rasmus/.gradle/caches/modules-2/files-2.1/org.openjdk.jmh/jmh-core/1.37/896f27e49105b35ea1964319c83d12082e7a79ef/jmh-core-1.37.jar)
WARNING: Please consider reporting this to the maintainers of class org.openjdk.jmh.util.Utils
WARNING: sun.misc.Unsafe::objectFieldOffset will be removed in a future release
# Warmup Iteration   1: 15866.393 ns/op
# Warmup Iteration   2: 14759.426 ns/op
# Warmup Iteration   3: 11819.547 ns/op
Iteration   1: 11564.162 ns/op
Iteration   2: 11513.181 ns/op
Iteration   3: 11549.716 ns/op
Iteration   4: 11560.140 ns/op
Iteration   5: 11462.937 ns/op


Result "com.eignex.koblas.bench.KoblasJmhBenchmark.run":
  11530.027 ±(99.9%) 163.873 ns/op [Average]
  (min, avg, max) = (11462.937, 11530.027, 11564.162), stdev = 42.557
  CI (99.9%): [11366.154, 11693.900] (assumes normal distribution)


# JMH version: 1.37
# VM version: JDK 25.0.1, OpenJDK 64-Bit Server VM, 25.0.1+8-LTS
# VM invoker: /home/rasmus/.gradle/jdks/eclipse_adoptium-25-amd64-linux.2/bin/java
# VM options: --enable-native-access=ALL-UNNAMED --add-modules=jdk.incubator.vector -Dfile.encoding=UTF-8 -Duser.country -Duser.language=en -Duser.variant -Dkoblas.bench.cases=/home/rasmus/.codex/worktrees/703f/koblas/koblas-bench/reports/f342c3192a41a07cf0454d7d4d5324f8289cc01329bcc9c990b986dcdd2f5922/20260911T153950Z-a038f25ac668/cases.txt
# Blackhole mode: compiler (auto-detected, use -Djmh.blackhole.autoDetect=false to disable)
# Warmup: 3 iterations, 200000000 ns each
# Measurement: 5 iterations, 200000000 ns each
# Timeout: 10 min per iteration
# Threads: 1 thread, will synchronize iterations
# Benchmark mode: Average time, time/op
# Benchmark: com.eignex.koblas.bench.KoblasJmhBenchmark.run
# Parameters: (benchmarkMode = jvm-simd, caseId = gemm-tile+8x4x32+uniform+physical=8x4+work=gemm-add-v1+leftLayout=depth-rows-v1+rightLayout=depth-columns-v1+leftGroup=8+rightGroup=4+leftStride=8+rightStride=4+padding=zero+alignment=8+block=8x4x32+panel=32+diagonal=0+rhs=0+batch=1+variant=current-tile-v1+timing=raw-tile)

# Run progress: 31.62% complete, ETA 00:02:28
# Fork: 1 of 1
WARNING: Using incubator modules: jdk.incubator.vector
WARNING: A terminally deprecated method in sun.misc.Unsafe has been called
WARNING: sun.misc.Unsafe::objectFieldOffset has been called by org.openjdk.jmh.util.Utils (file:/home/rasmus/.gradle/caches/modules-2/files-2.1/org.openjdk.jmh/jmh-core/1.37/896f27e49105b35ea1964319c83d12082e7a79ef/jmh-core-1.37.jar)
WARNING: Please consider reporting this to the maintainers of class org.openjdk.jmh.util.Utils
WARNING: sun.misc.Unsafe::objectFieldOffset will be removed in a future release
# Warmup Iteration   1: 81.438 ns/op
# Warmup Iteration   2: 55.074 ns/op
# Warmup Iteration   3: 48.617 ns/op
Iteration   1: 46.752 ns/op
Iteration   2: 53.115 ns/op
Iteration   3: 54.453 ns/op
Iteration   4: 51.276 ns/op
Iteration   5: 51.297 ns/op


Result "com.eignex.koblas.bench.KoblasJmhBenchmark.run":
  51.379 ±(99.9%) 11.209 ns/op [Average]
  (min, avg, max) = (46.752, 51.379, 54.453), stdev = 2.911
  CI (99.9%): [40.170, 62.588] (assumes normal distribution)


# JMH version: 1.37
# VM version: JDK 25.0.1, OpenJDK 64-Bit Server VM, 25.0.1+8-LTS
# VM invoker: /home/rasmus/.gradle/jdks/eclipse_adoptium-25-amd64-linux.2/bin/java
# VM options: --enable-native-access=ALL-UNNAMED --add-modules=jdk.incubator.vector -Dfile.encoding=UTF-8 -Duser.country -Duser.language=en -Duser.variant -Dkoblas.bench.cases=/home/rasmus/.codex/worktrees/703f/koblas/koblas-bench/reports/f342c3192a41a07cf0454d7d4d5324f8289cc01329bcc9c990b986dcdd2f5922/20260911T153950Z-a038f25ac668/cases.txt
# Blackhole mode: compiler (auto-detected, use -Djmh.blackhole.autoDetect=false to disable)
# Warmup: 3 iterations, 200000000 ns each
# Measurement: 5 iterations, 200000000 ns each
# Timeout: 10 min per iteration
# Threads: 1 thread, will synchronize iterations
# Benchmark mode: Average time, time/op
# Benchmark: com.eignex.koblas.bench.KoblasJmhBenchmark.run
# Parameters: (benchmarkMode = jvm-simd, caseId = gemm-tile+7x2x31+uniform+physical=8x4+work=gemm-add-v1+leftLayout=depth-rows-v1+rightLayout=depth-columns-v1+leftGroup=8+rightGroup=4+leftStride=8+rightStride=4+padding=zero+alignment=8+block=7x2x31+panel=31+diagonal=0+rhs=0+batch=1+variant=current-tile-v1+timing=raw-tile)

# Run progress: 32.48% complete, ETA 00:02:26
# Fork: 1 of 1
WARNING: Using incubator modules: jdk.incubator.vector
WARNING: A terminally deprecated method in sun.misc.Unsafe has been called
WARNING: sun.misc.Unsafe::objectFieldOffset has been called by org.openjdk.jmh.util.Utils (file:/home/rasmus/.gradle/caches/modules-2/files-2.1/org.openjdk.jmh/jmh-core/1.37/896f27e49105b35ea1964319c83d12082e7a79ef/jmh-core-1.37.jar)
WARNING: Please consider reporting this to the maintainers of class org.openjdk.jmh.util.Utils
WARNING: sun.misc.Unsafe::objectFieldOffset will be removed in a future release
# Warmup Iteration   1: 69.576 ns/op
# Warmup Iteration   2: 50.372 ns/op
# Warmup Iteration   3: 50.916 ns/op
Iteration   1: 50.060 ns/op
Iteration   2: 52.867 ns/op
Iteration   3: 57.444 ns/op
Iteration   4: 65.830 ns/op
Iteration   5: 62.512 ns/op


Result "com.eignex.koblas.bench.KoblasJmhBenchmark.run":
  57.743 ±(99.9%) 25.180 ns/op [Average]
  (min, avg, max) = (50.060, 57.743, 65.830), stdev = 6.539
  CI (99.9%): [32.562, 82.923] (assumes normal distribution)


# JMH version: 1.37
# VM version: JDK 25.0.1, OpenJDK 64-Bit Server VM, 25.0.1+8-LTS
# VM invoker: /home/rasmus/.gradle/jdks/eclipse_adoptium-25-amd64-linux.2/bin/java
# VM options: --enable-native-access=ALL-UNNAMED --add-modules=jdk.incubator.vector -Dfile.encoding=UTF-8 -Duser.country -Duser.language=en -Duser.variant -Dkoblas.bench.cases=/home/rasmus/.codex/worktrees/703f/koblas/koblas-bench/reports/f342c3192a41a07cf0454d7d4d5324f8289cc01329bcc9c990b986dcdd2f5922/20260911T153950Z-a038f25ac668/cases.txt
# Blackhole mode: compiler (auto-detected, use -Djmh.blackhole.autoDetect=false to disable)
# Warmup: 3 iterations, 200000000 ns each
# Measurement: 5 iterations, 200000000 ns each
# Timeout: 10 min per iteration
# Threads: 1 thread, will synchronize iterations
# Benchmark mode: Average time, time/op
# Benchmark: com.eignex.koblas.bench.KoblasJmhBenchmark.run
# Parameters: (benchmarkMode = jvm-simd, caseId = packed-trsm+8x4+triangular+physical=8x4+uplo=L+diag=N+work=right-solve-v1+leftLayout=depth-rows-v1+rightLayout=depth-columns-v1+leftGroup=8+rightGroup=4+leftStride=8+rightStride=4+padding=zero+alignment=8+block=8x4x4+panel=4+diagonal=4+rhs=8+batch=1+variant=current-tile-v1+timing=raw-tile)

# Run progress: 33.33% complete, ETA 00:02:24
# Fork: 1 of 1
WARNING: Using incubator modules: jdk.incubator.vector
WARNING: A terminally deprecated method in sun.misc.Unsafe has been called
WARNING: sun.misc.Unsafe::objectFieldOffset has been called by org.openjdk.jmh.util.Utils (file:/home/rasmus/.gradle/caches/modules-2/files-2.1/org.openjdk.jmh/jmh-core/1.37/896f27e49105b35ea1964319c83d12082e7a79ef/jmh-core-1.37.jar)
WARNING: Please consider reporting this to the maintainers of class org.openjdk.jmh.util.Utils
WARNING: sun.misc.Unsafe::objectFieldOffset will be removed in a future release
# Warmup Iteration   1: 88.707 ns/op
# Warmup Iteration   2: 80.728 ns/op
# Warmup Iteration   3: 81.505 ns/op
Iteration   1: 79.616 ns/op
Iteration   2: 84.996 ns/op
Iteration   3: 79.460 ns/op
Iteration   4: 64.300 ns/op
Iteration   5: 65.477 ns/op


Result "com.eignex.koblas.bench.KoblasJmhBenchmark.run":
  74.770 ±(99.9%) 35.814 ns/op [Average]
  (min, avg, max) = (64.300, 74.770, 84.996), stdev = 9.301
  CI (99.9%): [38.955, 110.584] (assumes normal distribution)


# JMH version: 1.37
# VM version: JDK 25.0.1, OpenJDK 64-Bit Server VM, 25.0.1+8-LTS
# VM invoker: /home/rasmus/.gradle/jdks/eclipse_adoptium-25-amd64-linux.2/bin/java
# VM options: --enable-native-access=ALL-UNNAMED --add-modules=jdk.incubator.vector -Dfile.encoding=UTF-8 -Duser.country -Duser.language=en -Duser.variant -Dkoblas.bench.cases=/home/rasmus/.codex/worktrees/703f/koblas/koblas-bench/reports/f342c3192a41a07cf0454d7d4d5324f8289cc01329bcc9c990b986dcdd2f5922/20260911T153950Z-a038f25ac668/cases.txt
# Blackhole mode: compiler (auto-detected, use -Djmh.blackhole.autoDetect=false to disable)
# Warmup: 3 iterations, 200000000 ns each
# Measurement: 5 iterations, 200000000 ns each
# Timeout: 10 min per iteration
# Threads: 1 thread, will synchronize iterations
# Benchmark mode: Average time, time/op
# Benchmark: com.eignex.koblas.bench.KoblasJmhBenchmark.run
# Parameters: (benchmarkMode = jvm-simd, caseId = packed-trsm+7x2+triangular+physical=8x4+uplo=U+diag=U+work=right-solve-v1+leftLayout=depth-rows-v1+rightLayout=depth-columns-v1+leftGroup=8+rightGroup=4+leftStride=8+rightStride=4+padding=zero+alignment=8+block=7x2x2+panel=2+diagonal=2+rhs=7+batch=1+variant=current-tile-v1+timing=raw-tile)

# Run progress: 34.19% complete, ETA 00:02:22
# Fork: 1 of 1
WARNING: Using incubator modules: jdk.incubator.vector
WARNING: A terminally deprecated method in sun.misc.Unsafe has been called
WARNING: sun.misc.Unsafe::objectFieldOffset has been called by org.openjdk.jmh.util.Utils (file:/home/rasmus/.gradle/caches/modules-2/files-2.1/org.openjdk.jmh/jmh-core/1.37/896f27e49105b35ea1964319c83d12082e7a79ef/jmh-core-1.37.jar)
WARNING: Please consider reporting this to the maintainers of class org.openjdk.jmh.util.Utils
WARNING: sun.misc.Unsafe::objectFieldOffset will be removed in a future release
# Warmup Iteration   1: 20.394 ns/op
# Warmup Iteration   2: 21.137 ns/op
# Warmup Iteration   3: 18.300 ns/op
Iteration   1: 21.880 ns/op
Iteration   2: 17.153 ns/op
Iteration   3: 15.417 ns/op
Iteration   4: 15.491 ns/op
Iteration   5: 15.081 ns/op


Result "com.eignex.koblas.bench.KoblasJmhBenchmark.run":
  17.004 ±(99.9%) 10.943 ns/op [Average]
  (min, avg, max) = (15.081, 17.004, 21.880), stdev = 2.842
  CI (99.9%): [6.062, 27.947] (assumes normal distribution)


# JMH version: 1.37
# VM version: JDK 25.0.1, OpenJDK 64-Bit Server VM, 25.0.1+8-LTS
# VM invoker: /home/rasmus/.gradle/jdks/eclipse_adoptium-25-amd64-linux.2/bin/java
# VM options: --enable-native-access=ALL-UNNAMED --add-modules=jdk.incubator.vector -Dfile.encoding=UTF-8 -Duser.country -Duser.language=en -Duser.variant -Dkoblas.bench.cases=/home/rasmus/.codex/worktrees/703f/koblas/koblas-bench/reports/f342c3192a41a07cf0454d7d4d5324f8289cc01329bcc9c990b986dcdd2f5922/20260911T153950Z-a038f25ac668/cases.txt
# Blackhole mode: compiler (auto-detected, use -Djmh.blackhole.autoDetect=false to disable)
# Warmup: 3 iterations, 200000000 ns each
# Measurement: 5 iterations, 200000000 ns each
# Timeout: 10 min per iteration
# Threads: 1 thread, will synchronize iterations
# Benchmark mode: Average time, time/op
# Benchmark: com.eignex.koblas.bench.KoblasJmhBenchmark.run
# Parameters: (benchmarkMode = jvm-simd, caseId = gemm-trsm+8x4x32+triangular+physical=8x4+uplo=L+diag=N+work=update-solve-v1+leftLayout=depth-rows-v1+rightLayout=depth-columns-v1+leftGroup=8+rightGroup=4+leftStride=8+rightStride=4+padding=zero+alignment=8+block=8x4x32+panel=32+diagonal=4+rhs=8+batch=1+variant=current-tile-v1+timing=raw-tile)

# Run progress: 35.04% complete, ETA 00:02:21
# Fork: 1 of 1
WARNING: Using incubator modules: jdk.incubator.vector
WARNING: A terminally deprecated method in sun.misc.Unsafe has been called
WARNING: sun.misc.Unsafe::objectFieldOffset has been called by org.openjdk.jmh.util.Utils (file:/home/rasmus/.gradle/caches/modules-2/files-2.1/org.openjdk.jmh/jmh-core/1.37/896f27e49105b35ea1964319c83d12082e7a79ef/jmh-core-1.37.jar)
WARNING: Please consider reporting this to the maintainers of class org.openjdk.jmh.util.Utils
WARNING: sun.misc.Unsafe::objectFieldOffset will be removed in a future release
# Warmup Iteration   1: 156.198 ns/op
# Warmup Iteration   2: 91.082 ns/op
# Warmup Iteration   3: 90.910 ns/op
Iteration   1: 90.712 ns/op
Iteration   2: 89.683 ns/op
Iteration   3: 89.792 ns/op
Iteration   4: 89.634 ns/op
Iteration   5: 93.985 ns/op


Result "com.eignex.koblas.bench.KoblasJmhBenchmark.run":
  90.761 ±(99.9%) 7.144 ns/op [Average]
  (min, avg, max) = (89.634, 90.761, 93.985), stdev = 1.855
  CI (99.9%): [83.617, 97.905] (assumes normal distribution)


# JMH version: 1.37
# VM version: JDK 25.0.1, OpenJDK 64-Bit Server VM, 25.0.1+8-LTS
# VM invoker: /home/rasmus/.gradle/jdks/eclipse_adoptium-25-amd64-linux.2/bin/java
# VM options: --enable-native-access=ALL-UNNAMED --add-modules=jdk.incubator.vector -Dfile.encoding=UTF-8 -Duser.country -Duser.language=en -Duser.variant -Dkoblas.bench.cases=/home/rasmus/.codex/worktrees/703f/koblas/koblas-bench/reports/f342c3192a41a07cf0454d7d4d5324f8289cc01329bcc9c990b986dcdd2f5922/20260911T153950Z-a038f25ac668/cases.txt
# Blackhole mode: compiler (auto-detected, use -Djmh.blackhole.autoDetect=false to disable)
# Warmup: 3 iterations, 200000000 ns each
# Measurement: 5 iterations, 200000000 ns each
# Timeout: 10 min per iteration
# Threads: 1 thread, will synchronize iterations
# Benchmark mode: Average time, time/op
# Benchmark: com.eignex.koblas.bench.KoblasJmhBenchmark.run
# Parameters: (benchmarkMode = jvm-simd, caseId = gemm-trsm+7x2x31+triangular+physical=8x4+uplo=U+diag=U+work=update-solve-v1+leftLayout=depth-rows-v1+rightLayout=depth-columns-v1+leftGroup=8+rightGroup=4+leftStride=8+rightStride=4+padding=zero+alignment=8+block=7x2x31+panel=31+diagonal=2+rhs=7+batch=1+variant=current-tile-v1+timing=raw-tile)

# Run progress: 35.90% complete, ETA 00:02:19
# Fork: 1 of 1
WARNING: Using incubator modules: jdk.incubator.vector
WARNING: A terminally deprecated method in sun.misc.Unsafe has been called
WARNING: sun.misc.Unsafe::objectFieldOffset has been called by org.openjdk.jmh.util.Utils (file:/home/rasmus/.gradle/caches/modules-2/files-2.1/org.openjdk.jmh/jmh-core/1.37/896f27e49105b35ea1964319c83d12082e7a79ef/jmh-core-1.37.jar)
WARNING: Please consider reporting this to the maintainers of class org.openjdk.jmh.util.Utils
WARNING: sun.misc.Unsafe::objectFieldOffset will be removed in a future release
# Warmup Iteration   1: 78.167 ns/op
# Warmup Iteration   2: 49.313 ns/op
# Warmup Iteration   3: 49.076 ns/op
Iteration   1: 49.131 ns/op
Iteration   2: 49.257 ns/op
Iteration   3: 53.924 ns/op
Iteration   4: 59.308 ns/op
Iteration   5: 58.930 ns/op


Result "com.eignex.koblas.bench.KoblasJmhBenchmark.run":
  54.110 ±(99.9%) 19.122 ns/op [Average]
  (min, avg, max) = (49.131, 54.110, 59.308), stdev = 4.966
  CI (99.9%): [34.989, 73.232] (assumes normal distribution)


# JMH version: 1.37
# VM version: JDK 25.0.1, OpenJDK 64-Bit Server VM, 25.0.1+8-LTS
# VM invoker: /home/rasmus/.gradle/jdks/eclipse_adoptium-25-amd64-linux.2/bin/java
# VM options: --enable-native-access=ALL-UNNAMED --add-modules=jdk.incubator.vector -Dfile.encoding=UTF-8 -Duser.country -Duser.language=en -Duser.variant -Dkoblas.bench.cases=/home/rasmus/.codex/worktrees/703f/koblas/koblas-bench/reports/f342c3192a41a07cf0454d7d4d5324f8289cc01329bcc9c990b986dcdd2f5922/20260911T153950Z-a038f25ac668/cases.txt
# Blackhole mode: compiler (auto-detected, use -Djmh.blackhole.autoDetect=false to disable)
# Warmup: 3 iterations, 200000000 ns each
# Measurement: 5 iterations, 200000000 ns each
# Timeout: 10 min per iteration
# Threads: 1 thread, will synchronize iterations
# Benchmark mode: Average time, time/op
# Benchmark: com.eignex.koblas.bench.KoblasJmhBenchmark.run
# Parameters: (benchmarkMode = jvm-simd, caseId = pack-left+7x31+uniform+physical=8x4+work=pack-left-v1+leftLayout=depth-rows-v1+rightLayout=depth-columns-v1+leftGroup=8+rightGroup=4+leftStride=8+rightStride=4+padding=zero+alignment=8+block=7x31x31+panel=31+diagonal=0+rhs=0+batch=1+variant=current-tile-v1+timing=packing-only)

# Run progress: 36.75% complete, ETA 00:02:17
# Fork: 1 of 1
WARNING: Using incubator modules: jdk.incubator.vector
WARNING: A terminally deprecated method in sun.misc.Unsafe has been called
WARNING: sun.misc.Unsafe::objectFieldOffset has been called by org.openjdk.jmh.util.Utils (file:/home/rasmus/.gradle/caches/modules-2/files-2.1/org.openjdk.jmh/jmh-core/1.37/896f27e49105b35ea1964319c83d12082e7a79ef/jmh-core-1.37.jar)
WARNING: Please consider reporting this to the maintainers of class org.openjdk.jmh.util.Utils
WARNING: sun.misc.Unsafe::objectFieldOffset will be removed in a future release
# Warmup Iteration   1: 238.285 ns/op
# Warmup Iteration   2: 203.762 ns/op
# Warmup Iteration   3: 210.390 ns/op
Iteration   1: 228.353 ns/op
Iteration   2: 231.349 ns/op
Iteration   3: 219.259 ns/op
Iteration   4: 208.029 ns/op
Iteration   5: 215.577 ns/op


Result "com.eignex.koblas.bench.KoblasJmhBenchmark.run":
  220.513 ±(99.9%) 36.564 ns/op [Average]
  (min, avg, max) = (208.029, 220.513, 231.349), stdev = 9.496
  CI (99.9%): [183.949, 257.077] (assumes normal distribution)


# JMH version: 1.37
# VM version: JDK 25.0.1, OpenJDK 64-Bit Server VM, 25.0.1+8-LTS
# VM invoker: /home/rasmus/.gradle/jdks/eclipse_adoptium-25-amd64-linux.2/bin/java
# VM options: --enable-native-access=ALL-UNNAMED --add-modules=jdk.incubator.vector -Dfile.encoding=UTF-8 -Duser.country -Duser.language=en -Duser.variant -Dkoblas.bench.cases=/home/rasmus/.codex/worktrees/703f/koblas/koblas-bench/reports/f342c3192a41a07cf0454d7d4d5324f8289cc01329bcc9c990b986dcdd2f5922/20260911T153950Z-a038f25ac668/cases.txt
# Blackhole mode: compiler (auto-detected, use -Djmh.blackhole.autoDetect=false to disable)
# Warmup: 3 iterations, 200000000 ns each
# Measurement: 5 iterations, 200000000 ns each
# Timeout: 10 min per iteration
# Threads: 1 thread, will synchronize iterations
# Benchmark mode: Average time, time/op
# Benchmark: com.eignex.koblas.bench.KoblasJmhBenchmark.run
# Parameters: (benchmarkMode = jvm-simd, caseId = pack-left+8x32+uniform+physical=8x4+work=pack-left-v1+leftLayout=depth-rows-v1+rightLayout=depth-columns-v1+leftGroup=8+rightGroup=4+leftStride=8+rightStride=4+padding=zero+alignment=8+block=8x32x32+panel=32+diagonal=0+rhs=0+batch=1+variant=current-tile-v1+timing=packing-only)

# Run progress: 37.61% complete, ETA 00:02:15
# Fork: 1 of 1
WARNING: Using incubator modules: jdk.incubator.vector
WARNING: A terminally deprecated method in sun.misc.Unsafe has been called
WARNING: sun.misc.Unsafe::objectFieldOffset has been called by org.openjdk.jmh.util.Utils (file:/home/rasmus/.gradle/caches/modules-2/files-2.1/org.openjdk.jmh/jmh-core/1.37/896f27e49105b35ea1964319c83d12082e7a79ef/jmh-core-1.37.jar)
WARNING: Please consider reporting this to the maintainers of class org.openjdk.jmh.util.Utils
WARNING: sun.misc.Unsafe::objectFieldOffset will be removed in a future release
# Warmup Iteration   1: 245.017 ns/op
# Warmup Iteration   2: 210.334 ns/op
# Warmup Iteration   3: 200.272 ns/op
Iteration   1: 200.161 ns/op
Iteration   2: 200.123 ns/op
Iteration   3: 199.179 ns/op
Iteration   4: 201.168 ns/op
Iteration   5: 199.240 ns/op


Result "com.eignex.koblas.bench.KoblasJmhBenchmark.run":
  199.974 ±(99.9%) 3.137 ns/op [Average]
  (min, avg, max) = (199.179, 199.974, 201.168), stdev = 0.815
  CI (99.9%): [196.837, 203.111] (assumes normal distribution)


# JMH version: 1.37
# VM version: JDK 25.0.1, OpenJDK 64-Bit Server VM, 25.0.1+8-LTS
# VM invoker: /home/rasmus/.gradle/jdks/eclipse_adoptium-25-amd64-linux.2/bin/java
# VM options: --enable-native-access=ALL-UNNAMED --add-modules=jdk.incubator.vector -Dfile.encoding=UTF-8 -Duser.country -Duser.language=en -Duser.variant -Dkoblas.bench.cases=/home/rasmus/.codex/worktrees/703f/koblas/koblas-bench/reports/f342c3192a41a07cf0454d7d4d5324f8289cc01329bcc9c990b986dcdd2f5922/20260911T153950Z-a038f25ac668/cases.txt
# Blackhole mode: compiler (auto-detected, use -Djmh.blackhole.autoDetect=false to disable)
# Warmup: 3 iterations, 200000000 ns each
# Measurement: 5 iterations, 200000000 ns each
# Timeout: 10 min per iteration
# Threads: 1 thread, will synchronize iterations
# Benchmark mode: Average time, time/op
# Benchmark: com.eignex.koblas.bench.KoblasJmhBenchmark.run
# Parameters: (benchmarkMode = jvm-simd, caseId = pack-right+31x2+uniform+physical=8x4+work=pack-right-v1+leftLayout=depth-rows-v1+rightLayout=depth-columns-v1+leftGroup=8+rightGroup=4+leftStride=8+rightStride=4+padding=zero+alignment=8+block=31x2x31+panel=31+diagonal=0+rhs=0+batch=1+variant=current-tile-v1+timing=packing-only)

# Run progress: 38.46% complete, ETA 00:02:13
# Fork: 1 of 1
WARNING: Using incubator modules: jdk.incubator.vector
WARNING: A terminally deprecated method in sun.misc.Unsafe has been called
WARNING: sun.misc.Unsafe::objectFieldOffset has been called by org.openjdk.jmh.util.Utils (file:/home/rasmus/.gradle/caches/modules-2/files-2.1/org.openjdk.jmh/jmh-core/1.37/896f27e49105b35ea1964319c83d12082e7a79ef/jmh-core-1.37.jar)
WARNING: Please consider reporting this to the maintainers of class org.openjdk.jmh.util.Utils
WARNING: sun.misc.Unsafe::objectFieldOffset will be removed in a future release
# Warmup Iteration   1: 172.097 ns/op
# Warmup Iteration   2: 157.551 ns/op
# Warmup Iteration   3: 159.080 ns/op
Iteration   1: 153.502 ns/op
Iteration   2: 151.489 ns/op
Iteration   3: 152.073 ns/op
Iteration   4: 152.697 ns/op
Iteration   5: 151.950 ns/op


Result "com.eignex.koblas.bench.KoblasJmhBenchmark.run":
  152.342 ±(99.9%) 2.999 ns/op [Average]
  (min, avg, max) = (151.489, 152.342, 153.502), stdev = 0.779
  CI (99.9%): [149.343, 155.342] (assumes normal distribution)


# JMH version: 1.37
# VM version: JDK 25.0.1, OpenJDK 64-Bit Server VM, 25.0.1+8-LTS
# VM invoker: /home/rasmus/.gradle/jdks/eclipse_adoptium-25-amd64-linux.2/bin/java
# VM options: --enable-native-access=ALL-UNNAMED --add-modules=jdk.incubator.vector -Dfile.encoding=UTF-8 -Duser.country -Duser.language=en -Duser.variant -Dkoblas.bench.cases=/home/rasmus/.codex/worktrees/703f/koblas/koblas-bench/reports/f342c3192a41a07cf0454d7d4d5324f8289cc01329bcc9c990b986dcdd2f5922/20260911T153950Z-a038f25ac668/cases.txt
# Blackhole mode: compiler (auto-detected, use -Djmh.blackhole.autoDetect=false to disable)
# Warmup: 3 iterations, 200000000 ns each
# Measurement: 5 iterations, 200000000 ns each
# Timeout: 10 min per iteration
# Threads: 1 thread, will synchronize iterations
# Benchmark mode: Average time, time/op
# Benchmark: com.eignex.koblas.bench.KoblasJmhBenchmark.run
# Parameters: (benchmarkMode = jvm-simd, caseId = pack-right+32x4+uniform+physical=8x4+work=pack-right-v1+leftLayout=depth-rows-v1+rightLayout=depth-columns-v1+leftGroup=8+rightGroup=4+leftStride=8+rightStride=4+padding=zero+alignment=8+block=32x4x32+panel=32+diagonal=0+rhs=0+batch=1+variant=current-tile-v1+timing=packing-only)

# Run progress: 39.32% complete, ETA 00:02:11
# Fork: 1 of 1
WARNING: Using incubator modules: jdk.incubator.vector
WARNING: A terminally deprecated method in sun.misc.Unsafe has been called
WARNING: sun.misc.Unsafe::objectFieldOffset has been called by org.openjdk.jmh.util.Utils (file:/home/rasmus/.gradle/caches/modules-2/files-2.1/org.openjdk.jmh/jmh-core/1.37/896f27e49105b35ea1964319c83d12082e7a79ef/jmh-core-1.37.jar)
WARNING: Please consider reporting this to the maintainers of class org.openjdk.jmh.util.Utils
WARNING: sun.misc.Unsafe::objectFieldOffset will be removed in a future release
# Warmup Iteration   1: 163.350 ns/op
# Warmup Iteration   2: 150.562 ns/op
# Warmup Iteration   3: 158.169 ns/op
Iteration   1: 166.113 ns/op
Iteration   2: 158.626 ns/op
Iteration   3: 157.872 ns/op
Iteration   4: 153.601 ns/op
Iteration   5: 159.791 ns/op


Result "com.eignex.koblas.bench.KoblasJmhBenchmark.run":
  159.201 ±(99.9%) 17.389 ns/op [Average]
  (min, avg, max) = (153.601, 159.201, 166.113), stdev = 4.516
  CI (99.9%): [141.812, 176.590] (assumes normal distribution)


# JMH version: 1.37
# VM version: JDK 25.0.1, OpenJDK 64-Bit Server VM, 25.0.1+8-LTS
# VM invoker: /home/rasmus/.gradle/jdks/eclipse_adoptium-25-amd64-linux.2/bin/java
# VM options: --enable-native-access=ALL-UNNAMED --add-modules=jdk.incubator.vector -Dfile.encoding=UTF-8 -Duser.country -Duser.language=en -Duser.variant -Dkoblas.bench.cases=/home/rasmus/.codex/worktrees/703f/koblas/koblas-bench/reports/f342c3192a41a07cf0454d7d4d5324f8289cc01329bcc9c990b986dcdd2f5922/20260911T153950Z-a038f25ac668/cases.txt
# Blackhole mode: compiler (auto-detected, use -Djmh.blackhole.autoDetect=false to disable)
# Warmup: 3 iterations, 200000000 ns each
# Measurement: 5 iterations, 200000000 ns each
# Timeout: 10 min per iteration
# Threads: 1 thread, will synchronize iterations
# Benchmark mode: Average time, time/op
# Benchmark: com.eignex.koblas.bench.KoblasJmhBenchmark.run
# Parameters: (benchmarkMode = jvm-simd, caseId = pack-symmetric-left+8x8+uniform+physical=8x4+uplo=L+work=pack-symmetric-left-v1+leftLayout=depth-rows-v1+rightLayout=depth-columns-v1+leftGroup=8+rightGroup=4+leftStride=8+rightStride=4+padding=zero+alignment=8+block=8x8x8+panel=8+diagonal=0+rhs=0+batch=1+variant=current-tile-v1+timing=packing-only)

# Run progress: 40.17% complete, ETA 00:02:09
# Fork: 1 of 1
WARNING: Using incubator modules: jdk.incubator.vector
WARNING: A terminally deprecated method in sun.misc.Unsafe has been called
WARNING: sun.misc.Unsafe::objectFieldOffset has been called by org.openjdk.jmh.util.Utils (file:/home/rasmus/.gradle/caches/modules-2/files-2.1/org.openjdk.jmh/jmh-core/1.37/896f27e49105b35ea1964319c83d12082e7a79ef/jmh-core-1.37.jar)
WARNING: Please consider reporting this to the maintainers of class org.openjdk.jmh.util.Utils
WARNING: sun.misc.Unsafe::objectFieldOffset will be removed in a future release
# Warmup Iteration   1: 103.730 ns/op
# Warmup Iteration   2: 76.143 ns/op
# Warmup Iteration   3: 85.950 ns/op
Iteration   1: 88.879 ns/op
Iteration   2: 84.882 ns/op
Iteration   3: 81.668 ns/op
Iteration   4: 82.533 ns/op
Iteration   5: 81.064 ns/op


Result "com.eignex.koblas.bench.KoblasJmhBenchmark.run":
  83.805 ±(99.9%) 12.269 ns/op [Average]
  (min, avg, max) = (81.064, 83.805, 88.879), stdev = 3.186
  CI (99.9%): [71.537, 96.074] (assumes normal distribution)


# JMH version: 1.37
# VM version: JDK 25.0.1, OpenJDK 64-Bit Server VM, 25.0.1+8-LTS
# VM invoker: /home/rasmus/.gradle/jdks/eclipse_adoptium-25-amd64-linux.2/bin/java
# VM options: --enable-native-access=ALL-UNNAMED --add-modules=jdk.incubator.vector -Dfile.encoding=UTF-8 -Duser.country -Duser.language=en -Duser.variant -Dkoblas.bench.cases=/home/rasmus/.codex/worktrees/703f/koblas/koblas-bench/reports/f342c3192a41a07cf0454d7d4d5324f8289cc01329bcc9c990b986dcdd2f5922/20260911T153950Z-a038f25ac668/cases.txt
# Blackhole mode: compiler (auto-detected, use -Djmh.blackhole.autoDetect=false to disable)
# Warmup: 3 iterations, 200000000 ns each
# Measurement: 5 iterations, 200000000 ns each
# Timeout: 10 min per iteration
# Threads: 1 thread, will synchronize iterations
# Benchmark mode: Average time, time/op
# Benchmark: com.eignex.koblas.bench.KoblasJmhBenchmark.run
# Parameters: (benchmarkMode = jvm-simd, caseId = pack-symmetric-right+4x4+uniform+physical=8x4+uplo=U+work=pack-symmetric-right-v1+leftLayout=depth-rows-v1+rightLayout=depth-columns-v1+leftGroup=8+rightGroup=4+leftStride=8+rightStride=4+padding=zero+alignment=8+block=4x4x4+panel=4+diagonal=0+rhs=0+batch=1+variant=current-tile-v1+timing=packing-only)

# Run progress: 41.03% complete, ETA 00:02:08
# Fork: 1 of 1
WARNING: Using incubator modules: jdk.incubator.vector
WARNING: A terminally deprecated method in sun.misc.Unsafe has been called
WARNING: sun.misc.Unsafe::objectFieldOffset has been called by org.openjdk.jmh.util.Utils (file:/home/rasmus/.gradle/caches/modules-2/files-2.1/org.openjdk.jmh/jmh-core/1.37/896f27e49105b35ea1964319c83d12082e7a79ef/jmh-core-1.37.jar)
WARNING: Please consider reporting this to the maintainers of class org.openjdk.jmh.util.Utils
WARNING: sun.misc.Unsafe::objectFieldOffset will be removed in a future release
# Warmup Iteration   1: 34.435 ns/op
# Warmup Iteration   2: 32.665 ns/op
# Warmup Iteration   3: 31.922 ns/op
Iteration   1: 32.703 ns/op
Iteration   2: 33.040 ns/op
Iteration   3: 32.741 ns/op
Iteration   4: 32.666 ns/op
Iteration   5: 32.261 ns/op


Result "com.eignex.koblas.bench.KoblasJmhBenchmark.run":
  32.682 ±(99.9%) 1.071 ns/op [Average]
  (min, avg, max) = (32.261, 32.682, 33.040), stdev = 0.278
  CI (99.9%): [31.611, 33.753] (assumes normal distribution)


# JMH version: 1.37
# VM version: JDK 25.0.1, OpenJDK 64-Bit Server VM, 25.0.1+8-LTS
# VM invoker: /home/rasmus/.gradle/jdks/eclipse_adoptium-25-amd64-linux.2/bin/java
# VM options: --enable-native-access=ALL-UNNAMED --add-modules=jdk.incubator.vector -Dfile.encoding=UTF-8 -Duser.country -Duser.language=en -Duser.variant -Dkoblas.bench.cases=/home/rasmus/.codex/worktrees/703f/koblas/koblas-bench/reports/f342c3192a41a07cf0454d7d4d5324f8289cc01329bcc9c990b986dcdd2f5922/20260911T153950Z-a038f25ac668/cases.txt
# Blackhole mode: compiler (auto-detected, use -Djmh.blackhole.autoDetect=false to disable)
# Warmup: 3 iterations, 200000000 ns each
# Measurement: 5 iterations, 200000000 ns each
# Timeout: 10 min per iteration
# Threads: 1 thread, will synchronize iterations
# Benchmark mode: Average time, time/op
# Benchmark: com.eignex.koblas.bench.KoblasJmhBenchmark.run
# Parameters: (benchmarkMode = jvm-simd, caseId = pack-triangular-left+8x8+triangular+physical=8x4+uplo=L+diag=N+work=pack-triangular-left-v1+leftLayout=depth-rows-v1+rightLayout=depth-columns-v1+leftGroup=8+rightGroup=4+leftStride=8+rightStride=4+padding=zero+alignment=8+block=8x8x8+panel=8+diagonal=0+rhs=0+batch=1+variant=current-tile-v1+timing=packing-only)

# Run progress: 41.88% complete, ETA 00:02:06
# Fork: 1 of 1
WARNING: Using incubator modules: jdk.incubator.vector
WARNING: A terminally deprecated method in sun.misc.Unsafe has been called
WARNING: sun.misc.Unsafe::objectFieldOffset has been called by org.openjdk.jmh.util.Utils (file:/home/rasmus/.gradle/caches/modules-2/files-2.1/org.openjdk.jmh/jmh-core/1.37/896f27e49105b35ea1964319c83d12082e7a79ef/jmh-core-1.37.jar)
WARNING: Please consider reporting this to the maintainers of class org.openjdk.jmh.util.Utils
WARNING: sun.misc.Unsafe::objectFieldOffset will be removed in a future release
# Warmup Iteration   1: 74.914 ns/op
# Warmup Iteration   2: 69.018 ns/op
# Warmup Iteration   3: 67.261 ns/op
Iteration   1: 66.590 ns/op
Iteration   2: 66.749 ns/op
Iteration   3: 67.492 ns/op
Iteration   4: 67.460 ns/op
Iteration   5: 67.703 ns/op


Result "com.eignex.koblas.bench.KoblasJmhBenchmark.run":
  67.199 ±(99.9%) 1.907 ns/op [Average]
  (min, avg, max) = (66.590, 67.199, 67.703), stdev = 0.495
  CI (99.9%): [65.291, 69.106] (assumes normal distribution)


# JMH version: 1.37
# VM version: JDK 25.0.1, OpenJDK 64-Bit Server VM, 25.0.1+8-LTS
# VM invoker: /home/rasmus/.gradle/jdks/eclipse_adoptium-25-amd64-linux.2/bin/java
# VM options: --enable-native-access=ALL-UNNAMED --add-modules=jdk.incubator.vector -Dfile.encoding=UTF-8 -Duser.country -Duser.language=en -Duser.variant -Dkoblas.bench.cases=/home/rasmus/.codex/worktrees/703f/koblas/koblas-bench/reports/f342c3192a41a07cf0454d7d4d5324f8289cc01329bcc9c990b986dcdd2f5922/20260911T153950Z-a038f25ac668/cases.txt
# Blackhole mode: compiler (auto-detected, use -Djmh.blackhole.autoDetect=false to disable)
# Warmup: 3 iterations, 200000000 ns each
# Measurement: 5 iterations, 200000000 ns each
# Timeout: 10 min per iteration
# Threads: 1 thread, will synchronize iterations
# Benchmark mode: Average time, time/op
# Benchmark: com.eignex.koblas.bench.KoblasJmhBenchmark.run
# Parameters: (benchmarkMode = jvm-simd, caseId = pack-triangular-right+4x4+triangular+physical=8x4+uplo=U+diag=U+work=pack-triangular-right-v1+leftLayout=depth-rows-v1+rightLayout=depth-columns-v1+leftGroup=8+rightGroup=4+leftStride=8+rightStride=4+padding=zero+alignment=8+block=4x4x4+panel=4+diagonal=0+rhs=0+batch=1+variant=current-tile-v1+timing=packing-only)

# Run progress: 42.74% complete, ETA 00:02:04
# Fork: 1 of 1
WARNING: Using incubator modules: jdk.incubator.vector
WARNING: A terminally deprecated method in sun.misc.Unsafe has been called
WARNING: sun.misc.Unsafe::objectFieldOffset has been called by org.openjdk.jmh.util.Utils (file:/home/rasmus/.gradle/caches/modules-2/files-2.1/org.openjdk.jmh/jmh-core/1.37/896f27e49105b35ea1964319c83d12082e7a79ef/jmh-core-1.37.jar)
WARNING: Please consider reporting this to the maintainers of class org.openjdk.jmh.util.Utils
WARNING: sun.misc.Unsafe::objectFieldOffset will be removed in a future release
# Warmup Iteration   1: 31.118 ns/op
# Warmup Iteration   2: 31.489 ns/op
# Warmup Iteration   3: 31.543 ns/op
Iteration   1: 31.515 ns/op
Iteration   2: 31.530 ns/op
Iteration   3: 28.445 ns/op
Iteration   4: 28.953 ns/op
Iteration   5: 29.273 ns/op


Result "com.eignex.koblas.bench.KoblasJmhBenchmark.run":
  29.943 ±(99.9%) 5.666 ns/op [Average]
  (min, avg, max) = (28.445, 29.943, 31.530), stdev = 1.471
  CI (99.9%): [24.277, 35.609] (assumes normal distribution)


# JMH version: 1.37
# VM version: JDK 25.0.1, OpenJDK 64-Bit Server VM, 25.0.1+8-LTS
# VM invoker: /home/rasmus/.gradle/jdks/eclipse_adoptium-25-amd64-linux.2/bin/java
# VM options: --enable-native-access=ALL-UNNAMED --add-modules=jdk.incubator.vector -Dfile.encoding=UTF-8 -Duser.country -Duser.language=en -Duser.variant -Dkoblas.bench.cases=/home/rasmus/.codex/worktrees/703f/koblas/koblas-bench/reports/f342c3192a41a07cf0454d7d4d5324f8289cc01329bcc9c990b986dcdd2f5922/20260911T153950Z-a038f25ac668/cases.txt
# Blackhole mode: compiler (auto-detected, use -Djmh.blackhole.autoDetect=false to disable)
# Warmup: 3 iterations, 200000000 ns each
# Measurement: 5 iterations, 200000000 ns each
# Timeout: 10 min per iteration
# Threads: 1 thread, will synchronize iterations
# Benchmark mode: Average time, time/op
# Benchmark: com.eignex.koblas.bench.KoblasJmhBenchmark.run
# Parameters: (benchmarkMode = jvm-simd, caseId = write-left+7x31+uniform+physical=8x4+work=write-left-v1+leftLayout=depth-rows-v1+rightLayout=depth-columns-v1+leftGroup=8+rightGroup=4+leftStride=8+rightStride=4+padding=zero+alignment=8+block=7x31x31+panel=31+diagonal=0+rhs=0+batch=1+variant=current-tile-v1+timing=layout-only)

# Run progress: 43.59% complete, ETA 00:02:02
# Fork: 1 of 1
WARNING: Using incubator modules: jdk.incubator.vector
WARNING: A terminally deprecated method in sun.misc.Unsafe has been called
WARNING: sun.misc.Unsafe::objectFieldOffset has been called by org.openjdk.jmh.util.Utils (file:/home/rasmus/.gradle/caches/modules-2/files-2.1/org.openjdk.jmh/jmh-core/1.37/896f27e49105b35ea1964319c83d12082e7a79ef/jmh-core-1.37.jar)
WARNING: Please consider reporting this to the maintainers of class org.openjdk.jmh.util.Utils
WARNING: sun.misc.Unsafe::objectFieldOffset will be removed in a future release
# Warmup Iteration   1: 91.757 ns/op
# Warmup Iteration   2: 85.025 ns/op
# Warmup Iteration   3: 87.708 ns/op
Iteration   1: 88.981 ns/op
Iteration   2: 93.069 ns/op
Iteration   3: 94.826 ns/op
Iteration   4: 93.116 ns/op
Iteration   5: 85.220 ns/op


Result "com.eignex.koblas.bench.KoblasJmhBenchmark.run":
  91.042 ±(99.9%) 15.022 ns/op [Average]
  (min, avg, max) = (85.220, 91.042, 94.826), stdev = 3.901
  CI (99.9%): [76.020, 106.064] (assumes normal distribution)


# JMH version: 1.37
# VM version: JDK 25.0.1, OpenJDK 64-Bit Server VM, 25.0.1+8-LTS
# VM invoker: /home/rasmus/.gradle/jdks/eclipse_adoptium-25-amd64-linux.2/bin/java
# VM options: --enable-native-access=ALL-UNNAMED --add-modules=jdk.incubator.vector -Dfile.encoding=UTF-8 -Duser.country -Duser.language=en -Duser.variant -Dkoblas.bench.cases=/home/rasmus/.codex/worktrees/703f/koblas/koblas-bench/reports/f342c3192a41a07cf0454d7d4d5324f8289cc01329bcc9c990b986dcdd2f5922/20260911T153950Z-a038f25ac668/cases.txt
# Blackhole mode: compiler (auto-detected, use -Djmh.blackhole.autoDetect=false to disable)
# Warmup: 3 iterations, 200000000 ns each
# Measurement: 5 iterations, 200000000 ns each
# Timeout: 10 min per iteration
# Threads: 1 thread, will synchronize iterations
# Benchmark mode: Average time, time/op
# Benchmark: com.eignex.koblas.bench.KoblasJmhBenchmark.run
# Parameters: (benchmarkMode = jvm-simd, caseId = write-left+8x32+uniform+physical=8x4+work=write-left-v1+leftLayout=depth-rows-v1+rightLayout=depth-columns-v1+leftGroup=8+rightGroup=4+leftStride=8+rightStride=4+padding=zero+alignment=8+block=8x32x32+panel=32+diagonal=0+rhs=0+batch=1+variant=current-tile-v1+timing=layout-only)

# Run progress: 44.44% complete, ETA 00:02:00
# Fork: 1 of 1
WARNING: Using incubator modules: jdk.incubator.vector
WARNING: A terminally deprecated method in sun.misc.Unsafe has been called
WARNING: sun.misc.Unsafe::objectFieldOffset has been called by org.openjdk.jmh.util.Utils (file:/home/rasmus/.gradle/caches/modules-2/files-2.1/org.openjdk.jmh/jmh-core/1.37/896f27e49105b35ea1964319c83d12082e7a79ef/jmh-core-1.37.jar)
WARNING: Please consider reporting this to the maintainers of class org.openjdk.jmh.util.Utils
WARNING: sun.misc.Unsafe::objectFieldOffset will be removed in a future release
# Warmup Iteration   1: 107.966 ns/op
# Warmup Iteration   2: 101.394 ns/op
# Warmup Iteration   3: 100.929 ns/op
Iteration   1: 100.468 ns/op
Iteration   2: 100.287 ns/op
Iteration   3: 100.863 ns/op
Iteration   4: 100.721 ns/op
Iteration   5: 100.805 ns/op


Result "com.eignex.koblas.bench.KoblasJmhBenchmark.run":
  100.629 ±(99.9%) 0.937 ns/op [Average]
  (min, avg, max) = (100.287, 100.629, 100.863), stdev = 0.243
  CI (99.9%): [99.691, 101.566] (assumes normal distribution)


# JMH version: 1.37
# VM version: JDK 25.0.1, OpenJDK 64-Bit Server VM, 25.0.1+8-LTS
# VM invoker: /home/rasmus/.gradle/jdks/eclipse_adoptium-25-amd64-linux.2/bin/java
# VM options: --enable-native-access=ALL-UNNAMED --add-modules=jdk.incubator.vector -Dfile.encoding=UTF-8 -Duser.country -Duser.language=en -Duser.variant -Dkoblas.bench.cases=/home/rasmus/.codex/worktrees/703f/koblas/koblas-bench/reports/f342c3192a41a07cf0454d7d4d5324f8289cc01329bcc9c990b986dcdd2f5922/20260911T153950Z-a038f25ac668/cases.txt
# Blackhole mode: compiler (auto-detected, use -Djmh.blackhole.autoDetect=false to disable)
# Warmup: 3 iterations, 200000000 ns each
# Measurement: 5 iterations, 200000000 ns each
# Timeout: 10 min per iteration
# Threads: 1 thread, will synchronize iterations
# Benchmark mode: Average time, time/op
# Benchmark: com.eignex.koblas.bench.KoblasJmhBenchmark.run
# Parameters: (benchmarkMode = jvm-simd, caseId = write-right+31x2+uniform+physical=8x4+work=write-right-v1+leftLayout=depth-rows-v1+rightLayout=depth-columns-v1+leftGroup=8+rightGroup=4+leftStride=8+rightStride=4+padding=zero+alignment=8+block=31x2x31+panel=31+diagonal=0+rhs=0+batch=1+variant=current-tile-v1+timing=layout-only)

# Run progress: 45.30% complete, ETA 00:01:58
# Fork: 1 of 1
WARNING: Using incubator modules: jdk.incubator.vector
WARNING: A terminally deprecated method in sun.misc.Unsafe has been called
WARNING: sun.misc.Unsafe::objectFieldOffset has been called by org.openjdk.jmh.util.Utils (file:/home/rasmus/.gradle/caches/modules-2/files-2.1/org.openjdk.jmh/jmh-core/1.37/896f27e49105b35ea1964319c83d12082e7a79ef/jmh-core-1.37.jar)
WARNING: Please consider reporting this to the maintainers of class org.openjdk.jmh.util.Utils
WARNING: sun.misc.Unsafe::objectFieldOffset will be removed in a future release
# Warmup Iteration   1: 95.414 ns/op
# Warmup Iteration   2: 87.743 ns/op
# Warmup Iteration   3: 92.135 ns/op
Iteration   1: 91.532 ns/op
Iteration   2: 95.201 ns/op
Iteration   3: 87.785 ns/op
Iteration   4: 81.727 ns/op
Iteration   5: 81.271 ns/op


Result "com.eignex.koblas.bench.KoblasJmhBenchmark.run":
  87.503 ±(99.9%) 23.404 ns/op [Average]
  (min, avg, max) = (81.271, 87.503, 95.201), stdev = 6.078
  CI (99.9%): [64.099, 110.907] (assumes normal distribution)


# JMH version: 1.37
# VM version: JDK 25.0.1, OpenJDK 64-Bit Server VM, 25.0.1+8-LTS
# VM invoker: /home/rasmus/.gradle/jdks/eclipse_adoptium-25-amd64-linux.2/bin/java
# VM options: --enable-native-access=ALL-UNNAMED --add-modules=jdk.incubator.vector -Dfile.encoding=UTF-8 -Duser.country -Duser.language=en -Duser.variant -Dkoblas.bench.cases=/home/rasmus/.codex/worktrees/703f/koblas/koblas-bench/reports/f342c3192a41a07cf0454d7d4d5324f8289cc01329bcc9c990b986dcdd2f5922/20260911T153950Z-a038f25ac668/cases.txt
# Blackhole mode: compiler (auto-detected, use -Djmh.blackhole.autoDetect=false to disable)
# Warmup: 3 iterations, 200000000 ns each
# Measurement: 5 iterations, 200000000 ns each
# Timeout: 10 min per iteration
# Threads: 1 thread, will synchronize iterations
# Benchmark mode: Average time, time/op
# Benchmark: com.eignex.koblas.bench.KoblasJmhBenchmark.run
# Parameters: (benchmarkMode = jvm-simd, caseId = write-right+32x4+uniform+physical=8x4+work=write-right-v1+leftLayout=depth-rows-v1+rightLayout=depth-columns-v1+leftGroup=8+rightGroup=4+leftStride=8+rightStride=4+padding=zero+alignment=8+block=32x4x32+panel=32+diagonal=0+rhs=0+batch=1+variant=current-tile-v1+timing=layout-only)

# Run progress: 46.15% complete, ETA 00:01:56
# Fork: 1 of 1
WARNING: Using incubator modules: jdk.incubator.vector
WARNING: A terminally deprecated method in sun.misc.Unsafe has been called
WARNING: sun.misc.Unsafe::objectFieldOffset has been called by org.openjdk.jmh.util.Utils (file:/home/rasmus/.gradle/caches/modules-2/files-2.1/org.openjdk.jmh/jmh-core/1.37/896f27e49105b35ea1964319c83d12082e7a79ef/jmh-core-1.37.jar)
WARNING: Please consider reporting this to the maintainers of class org.openjdk.jmh.util.Utils
WARNING: sun.misc.Unsafe::objectFieldOffset will be removed in a future release
# Warmup Iteration   1: 116.233 ns/op
# Warmup Iteration   2: 106.825 ns/op
# Warmup Iteration   3: 109.608 ns/op
Iteration   1: 111.363 ns/op
Iteration   2: 109.936 ns/op
Iteration   3: 137.234 ns/op
Iteration   4: 116.736 ns/op
Iteration   5: 134.464 ns/op


Result "com.eignex.koblas.bench.KoblasJmhBenchmark.run":
  121.947 ±(99.9%) 49.977 ns/op [Average]
  (min, avg, max) = (109.936, 121.947, 137.234), stdev = 12.979
  CI (99.9%): [71.970, 171.924] (assumes normal distribution)


# JMH version: 1.37
# VM version: JDK 25.0.1, OpenJDK 64-Bit Server VM, 25.0.1+8-LTS
# VM invoker: /home/rasmus/.gradle/jdks/eclipse_adoptium-25-amd64-linux.2/bin/java
# VM options: --enable-native-access=ALL-UNNAMED --add-modules=jdk.incubator.vector -Dfile.encoding=UTF-8 -Duser.country -Duser.language=en -Duser.variant -Dkoblas.bench.cases=/home/rasmus/.codex/worktrees/703f/koblas/koblas-bench/reports/f342c3192a41a07cf0454d7d4d5324f8289cc01329bcc9c990b986dcdd2f5922/20260911T153950Z-a038f25ac668/cases.txt
# Blackhole mode: compiler (auto-detected, use -Djmh.blackhole.autoDetect=false to disable)
# Warmup: 3 iterations, 200000000 ns each
# Measurement: 5 iterations, 200000000 ns each
# Timeout: 10 min per iteration
# Threads: 1 thread, will synchronize iterations
# Benchmark mode: Average time, time/op
# Benchmark: com.eignex.koblas.bench.KoblasJmhBenchmark.run
# Parameters: (benchmarkMode = jvm-simd, caseId = clear-left-padding+7x31+uniform+physical=8x4+work=clear-left-padding-v1+leftLayout=depth-rows-v1+rightLayout=depth-columns-v1+leftGroup=8+rightGroup=4+leftStride=8+rightStride=4+padding=zero+alignment=8+block=7x31x31+panel=31+diagonal=0+rhs=0+batch=1+variant=current-tile-v1+timing=layout-only)

# Run progress: 47.01% complete, ETA 00:01:54
# Fork: 1 of 1
WARNING: Using incubator modules: jdk.incubator.vector
WARNING: A terminally deprecated method in sun.misc.Unsafe has been called
WARNING: sun.misc.Unsafe::objectFieldOffset has been called by org.openjdk.jmh.util.Utils (file:/home/rasmus/.gradle/caches/modules-2/files-2.1/org.openjdk.jmh/jmh-core/1.37/896f27e49105b35ea1964319c83d12082e7a79ef/jmh-core-1.37.jar)
WARNING: Please consider reporting this to the maintainers of class org.openjdk.jmh.util.Utils
WARNING: sun.misc.Unsafe::objectFieldOffset will be removed in a future release
# Warmup Iteration   1: 60.193 ns/op
# Warmup Iteration   2: 57.189 ns/op
# Warmup Iteration   3: 56.245 ns/op
Iteration   1: 55.678 ns/op
Iteration   2: 56.083 ns/op
Iteration   3: 59.269 ns/op
Iteration   4: 60.947 ns/op
Iteration   5: 54.779 ns/op


Result "com.eignex.koblas.bench.KoblasJmhBenchmark.run":
  57.351 ±(99.9%) 10.120 ns/op [Average]
  (min, avg, max) = (54.779, 57.351, 60.947), stdev = 2.628
  CI (99.9%): [47.231, 67.471] (assumes normal distribution)


# JMH version: 1.37
# VM version: JDK 25.0.1, OpenJDK 64-Bit Server VM, 25.0.1+8-LTS
# VM invoker: /home/rasmus/.gradle/jdks/eclipse_adoptium-25-amd64-linux.2/bin/java
# VM options: --enable-native-access=ALL-UNNAMED --add-modules=jdk.incubator.vector -Dfile.encoding=UTF-8 -Duser.country -Duser.language=en -Duser.variant -Dkoblas.bench.cases=/home/rasmus/.codex/worktrees/703f/koblas/koblas-bench/reports/f342c3192a41a07cf0454d7d4d5324f8289cc01329bcc9c990b986dcdd2f5922/20260911T153950Z-a038f25ac668/cases.txt
# Blackhole mode: compiler (auto-detected, use -Djmh.blackhole.autoDetect=false to disable)
# Warmup: 3 iterations, 200000000 ns each
# Measurement: 5 iterations, 200000000 ns each
# Timeout: 10 min per iteration
# Threads: 1 thread, will synchronize iterations
# Benchmark mode: Average time, time/op
# Benchmark: com.eignex.koblas.bench.KoblasJmhBenchmark.run
# Parameters: (benchmarkMode = jvm-simd, caseId = clear-left-padding+8x32+uniform+physical=8x4+work=clear-left-padding-v1+leftLayout=depth-rows-v1+rightLayout=depth-columns-v1+leftGroup=8+rightGroup=4+leftStride=8+rightStride=4+padding=zero+alignment=8+block=8x32x32+panel=32+diagonal=0+rhs=0+batch=1+variant=current-tile-v1+timing=layout-only)

# Run progress: 47.86% complete, ETA 00:01:53
# Fork: 1 of 1
WARNING: Using incubator modules: jdk.incubator.vector
WARNING: A terminally deprecated method in sun.misc.Unsafe has been called
WARNING: sun.misc.Unsafe::objectFieldOffset has been called by org.openjdk.jmh.util.Utils (file:/home/rasmus/.gradle/caches/modules-2/files-2.1/org.openjdk.jmh/jmh-core/1.37/896f27e49105b35ea1964319c83d12082e7a79ef/jmh-core-1.37.jar)
WARNING: Please consider reporting this to the maintainers of class org.openjdk.jmh.util.Utils
WARNING: sun.misc.Unsafe::objectFieldOffset will be removed in a future release
# Warmup Iteration   1: 7.692 ns/op
# Warmup Iteration   2: 7.959 ns/op
# Warmup Iteration   3: 7.870 ns/op
Iteration   1: 7.811 ns/op
Iteration   2: 7.760 ns/op
Iteration   3: 7.861 ns/op
Iteration   4: 7.811 ns/op
Iteration   5: 7.796 ns/op


Result "com.eignex.koblas.bench.KoblasJmhBenchmark.run":
  7.808 ±(99.9%) 0.140 ns/op [Average]
  (min, avg, max) = (7.760, 7.808, 7.861), stdev = 0.036
  CI (99.9%): [7.668, 7.948] (assumes normal distribution)


# JMH version: 1.37
# VM version: JDK 25.0.1, OpenJDK 64-Bit Server VM, 25.0.1+8-LTS
# VM invoker: /home/rasmus/.gradle/jdks/eclipse_adoptium-25-amd64-linux.2/bin/java
# VM options: --enable-native-access=ALL-UNNAMED --add-modules=jdk.incubator.vector -Dfile.encoding=UTF-8 -Duser.country -Duser.language=en -Duser.variant -Dkoblas.bench.cases=/home/rasmus/.codex/worktrees/703f/koblas/koblas-bench/reports/f342c3192a41a07cf0454d7d4d5324f8289cc01329bcc9c990b986dcdd2f5922/20260911T153950Z-a038f25ac668/cases.txt
# Blackhole mode: compiler (auto-detected, use -Djmh.blackhole.autoDetect=false to disable)
# Warmup: 3 iterations, 200000000 ns each
# Measurement: 5 iterations, 200000000 ns each
# Timeout: 10 min per iteration
# Threads: 1 thread, will synchronize iterations
# Benchmark mode: Average time, time/op
# Benchmark: com.eignex.koblas.bench.KoblasJmhBenchmark.run
# Parameters: (benchmarkMode = jvm-simd, caseId = clear-right-padding+31x2+uniform+physical=8x4+work=clear-right-padding-v1+leftLayout=depth-rows-v1+rightLayout=depth-columns-v1+leftGroup=8+rightGroup=4+leftStride=8+rightStride=4+padding=zero+alignment=8+block=31x2x31+panel=31+diagonal=0+rhs=0+batch=1+variant=current-tile-v1+timing=layout-only)

# Run progress: 48.72% complete, ETA 00:01:51
# Fork: 1 of 1
WARNING: Using incubator modules: jdk.incubator.vector
WARNING: A terminally deprecated method in sun.misc.Unsafe has been called
WARNING: sun.misc.Unsafe::objectFieldOffset has been called by org.openjdk.jmh.util.Utils (file:/home/rasmus/.gradle/caches/modules-2/files-2.1/org.openjdk.jmh/jmh-core/1.37/896f27e49105b35ea1964319c83d12082e7a79ef/jmh-core-1.37.jar)
WARNING: Please consider reporting this to the maintainers of class org.openjdk.jmh.util.Utils
WARNING: sun.misc.Unsafe::objectFieldOffset will be removed in a future release
# Warmup Iteration   1: 73.061 ns/op
# Warmup Iteration   2: 73.264 ns/op
# Warmup Iteration   3: 76.249 ns/op
Iteration   1: 80.817 ns/op
Iteration   2: 77.258 ns/op
Iteration   3: 76.515 ns/op
Iteration   4: 76.177 ns/op
Iteration   5: 78.060 ns/op


Result "com.eignex.koblas.bench.KoblasJmhBenchmark.run":
  77.765 ±(99.9%) 7.137 ns/op [Average]
  (min, avg, max) = (76.177, 77.765, 80.817), stdev = 1.853
  CI (99.9%): [70.628, 84.902] (assumes normal distribution)


# JMH version: 1.37
# VM version: JDK 25.0.1, OpenJDK 64-Bit Server VM, 25.0.1+8-LTS
# VM invoker: /home/rasmus/.gradle/jdks/eclipse_adoptium-25-amd64-linux.2/bin/java
# VM options: --enable-native-access=ALL-UNNAMED --add-modules=jdk.incubator.vector -Dfile.encoding=UTF-8 -Duser.country -Duser.language=en -Duser.variant -Dkoblas.bench.cases=/home/rasmus/.codex/worktrees/703f/koblas/koblas-bench/reports/f342c3192a41a07cf0454d7d4d5324f8289cc01329bcc9c990b986dcdd2f5922/20260911T153950Z-a038f25ac668/cases.txt
# Blackhole mode: compiler (auto-detected, use -Djmh.blackhole.autoDetect=false to disable)
# Warmup: 3 iterations, 200000000 ns each
# Measurement: 5 iterations, 200000000 ns each
# Timeout: 10 min per iteration
# Threads: 1 thread, will synchronize iterations
# Benchmark mode: Average time, time/op
# Benchmark: com.eignex.koblas.bench.KoblasJmhBenchmark.run
# Parameters: (benchmarkMode = jvm-simd, caseId = clear-right-padding+32x4+uniform+physical=8x4+work=clear-right-padding-v1+leftLayout=depth-rows-v1+rightLayout=depth-columns-v1+leftGroup=8+rightGroup=4+leftStride=8+rightStride=4+padding=zero+alignment=8+block=32x4x32+panel=32+diagonal=0+rhs=0+batch=1+variant=current-tile-v1+timing=layout-only)

# Run progress: 49.57% complete, ETA 00:01:49
# Fork: 1 of 1
WARNING: Using incubator modules: jdk.incubator.vector
WARNING: A terminally deprecated method in sun.misc.Unsafe has been called
WARNING: sun.misc.Unsafe::objectFieldOffset has been called by org.openjdk.jmh.util.Utils (file:/home/rasmus/.gradle/caches/modules-2/files-2.1/org.openjdk.jmh/jmh-core/1.37/896f27e49105b35ea1964319c83d12082e7a79ef/jmh-core-1.37.jar)
WARNING: Please consider reporting this to the maintainers of class org.openjdk.jmh.util.Utils
WARNING: sun.misc.Unsafe::objectFieldOffset will be removed in a future release
# Warmup Iteration   1: 8.096 ns/op
# Warmup Iteration   2: 7.798 ns/op
# Warmup Iteration   3: 8.269 ns/op
Iteration   1: 8.377 ns/op
Iteration   2: 7.811 ns/op
Iteration   3: 7.680 ns/op
Iteration   4: 7.799 ns/op
Iteration   5: 7.786 ns/op


Result "com.eignex.koblas.bench.KoblasJmhBenchmark.run":
  7.891 ±(99.9%) 1.066 ns/op [Average]
  (min, avg, max) = (7.680, 7.891, 8.377), stdev = 0.277
  CI (99.9%): [6.825, 8.956] (assumes normal distribution)


# JMH version: 1.37
# VM version: JDK 25.0.1, OpenJDK 64-Bit Server VM, 25.0.1+8-LTS
# VM invoker: /home/rasmus/.gradle/jdks/eclipse_adoptium-25-amd64-linux.2/bin/java
# VM options: --enable-native-access=ALL-UNNAMED --add-modules=jdk.incubator.vector -Dfile.encoding=UTF-8 -Duser.country -Duser.language=en -Duser.variant -Dkoblas.bench.cases=/home/rasmus/.codex/worktrees/703f/koblas/koblas-bench/reports/f342c3192a41a07cf0454d7d4d5324f8289cc01329bcc9c990b986dcdd2f5922/20260911T153950Z-a038f25ac668/cases.txt
# Blackhole mode: compiler (auto-detected, use -Djmh.blackhole.autoDetect=false to disable)
# Warmup: 3 iterations, 200000000 ns each
# Measurement: 5 iterations, 200000000 ns each
# Timeout: 10 min per iteration
# Threads: 1 thread, will synchronize iterations
# Benchmark mode: Average time, time/op
# Benchmark: com.eignex.koblas.bench.KoblasJmhBenchmark.run
# Parameters: (benchmarkMode = jvm-simd, caseId = spdot+4096+sparse-uniform+density=0.01)

# Run progress: 50.43% complete, ETA 00:01:47
# Fork: 1 of 1
WARNING: Using incubator modules: jdk.incubator.vector
WARNING: A terminally deprecated method in sun.misc.Unsafe has been called
WARNING: sun.misc.Unsafe::objectFieldOffset has been called by org.openjdk.jmh.util.Utils (file:/home/rasmus/.gradle/caches/modules-2/files-2.1/org.openjdk.jmh/jmh-core/1.37/896f27e49105b35ea1964319c83d12082e7a79ef/jmh-core-1.37.jar)
WARNING: Please consider reporting this to the maintainers of class org.openjdk.jmh.util.Utils
WARNING: sun.misc.Unsafe::objectFieldOffset will be removed in a future release
# Warmup Iteration   1: 24.840 ns/op
# Warmup Iteration   2: 22.428 ns/op
# Warmup Iteration   3: 20.415 ns/op
Iteration   1: 20.455 ns/op
Iteration   2: 20.651 ns/op
Iteration   3: 20.744 ns/op
Iteration   4: 22.591 ns/op
Iteration   5: 21.299 ns/op


Result "com.eignex.koblas.bench.KoblasJmhBenchmark.run":
  21.148 ±(99.9%) 3.333 ns/op [Average]
  (min, avg, max) = (20.455, 21.148, 22.591), stdev = 0.866
  CI (99.9%): [17.815, 24.481] (assumes normal distribution)


# JMH version: 1.37
# VM version: JDK 25.0.1, OpenJDK 64-Bit Server VM, 25.0.1+8-LTS
# VM invoker: /home/rasmus/.gradle/jdks/eclipse_adoptium-25-amd64-linux.2/bin/java
# VM options: --enable-native-access=ALL-UNNAMED --add-modules=jdk.incubator.vector -Dfile.encoding=UTF-8 -Duser.country -Duser.language=en -Duser.variant -Dkoblas.bench.cases=/home/rasmus/.codex/worktrees/703f/koblas/koblas-bench/reports/f342c3192a41a07cf0454d7d4d5324f8289cc01329bcc9c990b986dcdd2f5922/20260911T153950Z-a038f25ac668/cases.txt
# Blackhole mode: compiler (auto-detected, use -Djmh.blackhole.autoDetect=false to disable)
# Warmup: 3 iterations, 200000000 ns each
# Measurement: 5 iterations, 200000000 ns each
# Timeout: 10 min per iteration
# Threads: 1 thread, will synchronize iterations
# Benchmark mode: Average time, time/op
# Benchmark: com.eignex.koblas.bench.KoblasJmhBenchmark.run
# Parameters: (benchmarkMode = jvm-simd, caseId = spdot-raw+64+sparse-uniform+density=0.125)

# Run progress: 51.28% complete, ETA 00:01:45
# Fork: 1 of 1
WARNING: Using incubator modules: jdk.incubator.vector
WARNING: A terminally deprecated method in sun.misc.Unsafe has been called
WARNING: sun.misc.Unsafe::objectFieldOffset has been called by org.openjdk.jmh.util.Utils (file:/home/rasmus/.gradle/caches/modules-2/files-2.1/org.openjdk.jmh/jmh-core/1.37/896f27e49105b35ea1964319c83d12082e7a79ef/jmh-core-1.37.jar)
WARNING: Please consider reporting this to the maintainers of class org.openjdk.jmh.util.Utils
WARNING: sun.misc.Unsafe::objectFieldOffset will be removed in a future release
# Warmup Iteration   1: 11.334 ns/op
# Warmup Iteration   2: 10.754 ns/op
# Warmup Iteration   3: 9.800 ns/op
Iteration   1: 9.930 ns/op
Iteration   2: 10.281 ns/op
Iteration   3: 10.675 ns/op
Iteration   4: 10.709 ns/op
Iteration   5: 10.733 ns/op


Result "com.eignex.koblas.bench.KoblasJmhBenchmark.run":
  10.466 ±(99.9%) 1.355 ns/op [Average]
  (min, avg, max) = (9.930, 10.466, 10.733), stdev = 0.352
  CI (99.9%): [9.111, 11.821] (assumes normal distribution)


# JMH version: 1.37
# VM version: JDK 25.0.1, OpenJDK 64-Bit Server VM, 25.0.1+8-LTS
# VM invoker: /home/rasmus/.gradle/jdks/eclipse_adoptium-25-amd64-linux.2/bin/java
# VM options: --enable-native-access=ALL-UNNAMED --add-modules=jdk.incubator.vector -Dfile.encoding=UTF-8 -Duser.country -Duser.language=en -Duser.variant -Dkoblas.bench.cases=/home/rasmus/.codex/worktrees/703f/koblas/koblas-bench/reports/f342c3192a41a07cf0454d7d4d5324f8289cc01329bcc9c990b986dcdd2f5922/20260911T153950Z-a038f25ac668/cases.txt
# Blackhole mode: compiler (auto-detected, use -Djmh.blackhole.autoDetect=false to disable)
# Warmup: 3 iterations, 200000000 ns each
# Measurement: 5 iterations, 200000000 ns each
# Timeout: 10 min per iteration
# Threads: 1 thread, will synchronize iterations
# Benchmark mode: Average time, time/op
# Benchmark: com.eignex.koblas.bench.KoblasJmhBenchmark.run
# Parameters: (benchmarkMode = jvm-simd, caseId = spdot-raw+4096+sparse-uniform+density=0.0625)

# Run progress: 52.14% complete, ETA 00:01:43
# Fork: 1 of 1
WARNING: Using incubator modules: jdk.incubator.vector
WARNING: A terminally deprecated method in sun.misc.Unsafe has been called
WARNING: sun.misc.Unsafe::objectFieldOffset has been called by org.openjdk.jmh.util.Utils (file:/home/rasmus/.gradle/caches/modules-2/files-2.1/org.openjdk.jmh/jmh-core/1.37/896f27e49105b35ea1964319c83d12082e7a79ef/jmh-core-1.37.jar)
WARNING: Please consider reporting this to the maintainers of class org.openjdk.jmh.util.Utils
WARNING: sun.misc.Unsafe::objectFieldOffset will be removed in a future release
# Warmup Iteration   1: 254.340 ns/op
# Warmup Iteration   2: 125.947 ns/op
# Warmup Iteration   3: 128.821 ns/op
Iteration   1: 134.898 ns/op
Iteration   2: 135.202 ns/op
Iteration   3: 129.854 ns/op
Iteration   4: 133.539 ns/op
Iteration   5: 140.375 ns/op


Result "com.eignex.koblas.bench.KoblasJmhBenchmark.run":
  134.774 ±(99.9%) 14.574 ns/op [Average]
  (min, avg, max) = (129.854, 134.774, 140.375), stdev = 3.785
  CI (99.9%): [120.200, 149.348] (assumes normal distribution)


# JMH version: 1.37
# VM version: JDK 25.0.1, OpenJDK 64-Bit Server VM, 25.0.1+8-LTS
# VM invoker: /home/rasmus/.gradle/jdks/eclipse_adoptium-25-amd64-linux.2/bin/java
# VM options: --enable-native-access=ALL-UNNAMED --add-modules=jdk.incubator.vector -Dfile.encoding=UTF-8 -Duser.country -Duser.language=en -Duser.variant -Dkoblas.bench.cases=/home/rasmus/.codex/worktrees/703f/koblas/koblas-bench/reports/f342c3192a41a07cf0454d7d4d5324f8289cc01329bcc9c990b986dcdd2f5922/20260911T153950Z-a038f25ac668/cases.txt
# Blackhole mode: compiler (auto-detected, use -Djmh.blackhole.autoDetect=false to disable)
# Warmup: 3 iterations, 200000000 ns each
# Measurement: 5 iterations, 200000000 ns each
# Timeout: 10 min per iteration
# Threads: 1 thread, will synchronize iterations
# Benchmark mode: Average time, time/op
# Benchmark: com.eignex.koblas.bench.KoblasJmhBenchmark.run
# Parameters: (benchmarkMode = jvm-simd, caseId = spdot-raw+65536+sparse-uniform+density=0.015625)

# Run progress: 52.99% complete, ETA 00:01:41
# Fork: 1 of 1
WARNING: Using incubator modules: jdk.incubator.vector
WARNING: A terminally deprecated method in sun.misc.Unsafe has been called
WARNING: sun.misc.Unsafe::objectFieldOffset has been called by org.openjdk.jmh.util.Utils (file:/home/rasmus/.gradle/caches/modules-2/files-2.1/org.openjdk.jmh/jmh-core/1.37/896f27e49105b35ea1964319c83d12082e7a79ef/jmh-core-1.37.jar)
WARNING: Please consider reporting this to the maintainers of class org.openjdk.jmh.util.Utils
WARNING: sun.misc.Unsafe::objectFieldOffset will be removed in a future release
# Warmup Iteration   1: 1440.485 ns/op
# Warmup Iteration   2: 621.746 ns/op
# Warmup Iteration   3: 612.476 ns/op
Iteration   1: 617.205 ns/op
Iteration   2: 614.984 ns/op
Iteration   3: 623.733 ns/op
Iteration   4: 624.379 ns/op
Iteration   5: 622.016 ns/op


Result "com.eignex.koblas.bench.KoblasJmhBenchmark.run":
  620.463 ±(99.9%) 16.002 ns/op [Average]
  (min, avg, max) = (614.984, 620.463, 624.379), stdev = 4.156
  CI (99.9%): [604.462, 636.465] (assumes normal distribution)


# JMH version: 1.37
# VM version: JDK 25.0.1, OpenJDK 64-Bit Server VM, 25.0.1+8-LTS
# VM invoker: /home/rasmus/.gradle/jdks/eclipse_adoptium-25-amd64-linux.2/bin/java
# VM options: --enable-native-access=ALL-UNNAMED --add-modules=jdk.incubator.vector -Dfile.encoding=UTF-8 -Duser.country -Duser.language=en -Duser.variant -Dkoblas.bench.cases=/home/rasmus/.codex/worktrees/703f/koblas/koblas-bench/reports/f342c3192a41a07cf0454d7d4d5324f8289cc01329bcc9c990b986dcdd2f5922/20260911T153950Z-a038f25ac668/cases.txt
# Blackhole mode: compiler (auto-detected, use -Djmh.blackhole.autoDetect=false to disable)
# Warmup: 3 iterations, 200000000 ns each
# Measurement: 5 iterations, 200000000 ns each
# Timeout: 10 min per iteration
# Threads: 1 thread, will synchronize iterations
# Benchmark mode: Average time, time/op
# Benchmark: com.eignex.koblas.bench.KoblasJmhBenchmark.run
# Parameters: (benchmarkMode = jvm-simd, caseId = spdot-raw+262144+sparse-uniform+density=0.03125)

# Run progress: 53.85% complete, ETA 00:01:40
# Fork: 1 of 1
WARNING: Using incubator modules: jdk.incubator.vector
WARNING: A terminally deprecated method in sun.misc.Unsafe has been called
WARNING: sun.misc.Unsafe::objectFieldOffset has been called by org.openjdk.jmh.util.Utils (file:/home/rasmus/.gradle/caches/modules-2/files-2.1/org.openjdk.jmh/jmh-core/1.37/896f27e49105b35ea1964319c83d12082e7a79ef/jmh-core-1.37.jar)
WARNING: Please consider reporting this to the maintainers of class org.openjdk.jmh.util.Utils
WARNING: sun.misc.Unsafe::objectFieldOffset will be removed in a future release
# Warmup Iteration   1: 13453.856 ns/op
# Warmup Iteration   2: 5308.853 ns/op
# Warmup Iteration   3: 4714.434 ns/op
Iteration   1: 4580.117 ns/op
Iteration   2: 4575.166 ns/op
Iteration   3: 4544.461 ns/op
Iteration   4: 4589.731 ns/op
Iteration   5: 4833.199 ns/op


Result "com.eignex.koblas.bench.KoblasJmhBenchmark.run":
  4624.535 ±(99.9%) 453.878 ns/op [Average]
  (min, avg, max) = (4544.461, 4624.535, 4833.199), stdev = 117.871
  CI (99.9%): [4170.657, 5078.412] (assumes normal distribution)


# JMH version: 1.37
# VM version: JDK 25.0.1, OpenJDK 64-Bit Server VM, 25.0.1+8-LTS
# VM invoker: /home/rasmus/.gradle/jdks/eclipse_adoptium-25-amd64-linux.2/bin/java
# VM options: --enable-native-access=ALL-UNNAMED --add-modules=jdk.incubator.vector -Dfile.encoding=UTF-8 -Duser.country -Duser.language=en -Duser.variant -Dkoblas.bench.cases=/home/rasmus/.codex/worktrees/703f/koblas/koblas-bench/reports/f342c3192a41a07cf0454d7d4d5324f8289cc01329bcc9c990b986dcdd2f5922/20260911T153950Z-a038f25ac668/cases.txt
# Blackhole mode: compiler (auto-detected, use -Djmh.blackhole.autoDetect=false to disable)
# Warmup: 3 iterations, 200000000 ns each
# Measurement: 5 iterations, 200000000 ns each
# Timeout: 10 min per iteration
# Threads: 1 thread, will synchronize iterations
# Benchmark mode: Average time, time/op
# Benchmark: com.eignex.koblas.bench.KoblasJmhBenchmark.run
# Parameters: (benchmarkMode = jvm-simd, caseId = spdot-sparse+4096+sparse-uniform+density=0.01)

# Run progress: 54.70% complete, ETA 00:01:38
# Fork: 1 of 1
WARNING: Using incubator modules: jdk.incubator.vector
WARNING: A terminally deprecated method in sun.misc.Unsafe has been called
WARNING: sun.misc.Unsafe::objectFieldOffset has been called by org.openjdk.jmh.util.Utils (file:/home/rasmus/.gradle/caches/modules-2/files-2.1/org.openjdk.jmh/jmh-core/1.37/896f27e49105b35ea1964319c83d12082e7a79ef/jmh-core-1.37.jar)
WARNING: Please consider reporting this to the maintainers of class org.openjdk.jmh.util.Utils
WARNING: sun.misc.Unsafe::objectFieldOffset will be removed in a future release
# Warmup Iteration   1: 79.567 ns/op
# Warmup Iteration   2: 76.566 ns/op
# Warmup Iteration   3: 71.905 ns/op
Iteration   1: 68.952 ns/op
Iteration   2: 74.970 ns/op
Iteration   3: 71.055 ns/op
Iteration   4: 67.713 ns/op
Iteration   5: 67.087 ns/op


Result "com.eignex.koblas.bench.KoblasJmhBenchmark.run":
  69.955 ±(99.9%) 12.271 ns/op [Average]
  (min, avg, max) = (67.087, 69.955, 74.970), stdev = 3.187
  CI (99.9%): [57.684, 82.226] (assumes normal distribution)


# JMH version: 1.37
# VM version: JDK 25.0.1, OpenJDK 64-Bit Server VM, 25.0.1+8-LTS
# VM invoker: /home/rasmus/.gradle/jdks/eclipse_adoptium-25-amd64-linux.2/bin/java
# VM options: --enable-native-access=ALL-UNNAMED --add-modules=jdk.incubator.vector -Dfile.encoding=UTF-8 -Duser.country -Duser.language=en -Duser.variant -Dkoblas.bench.cases=/home/rasmus/.codex/worktrees/703f/koblas/koblas-bench/reports/f342c3192a41a07cf0454d7d4d5324f8289cc01329bcc9c990b986dcdd2f5922/20260911T153950Z-a038f25ac668/cases.txt
# Blackhole mode: compiler (auto-detected, use -Djmh.blackhole.autoDetect=false to disable)
# Warmup: 3 iterations, 200000000 ns each
# Measurement: 5 iterations, 200000000 ns each
# Timeout: 10 min per iteration
# Threads: 1 thread, will synchronize iterations
# Benchmark mode: Average time, time/op
# Benchmark: com.eignex.koblas.bench.KoblasJmhBenchmark.run
# Parameters: (benchmarkMode = jvm-simd, caseId = spaxpy+4096+sparse-uniform+density=0.01)

# Run progress: 55.56% complete, ETA 00:01:36
# Fork: 1 of 1
WARNING: Using incubator modules: jdk.incubator.vector
WARNING: A terminally deprecated method in sun.misc.Unsafe has been called
WARNING: sun.misc.Unsafe::objectFieldOffset has been called by org.openjdk.jmh.util.Utils (file:/home/rasmus/.gradle/caches/modules-2/files-2.1/org.openjdk.jmh/jmh-core/1.37/896f27e49105b35ea1964319c83d12082e7a79ef/jmh-core-1.37.jar)
WARNING: Please consider reporting this to the maintainers of class org.openjdk.jmh.util.Utils
WARNING: sun.misc.Unsafe::objectFieldOffset will be removed in a future release
# Warmup Iteration   1: 887.259 ns/op
# Warmup Iteration   2: 942.946 ns/op
# Warmup Iteration   3: 907.286 ns/op
Iteration   1: 849.807 ns/op
Iteration   2: 775.106 ns/op
Iteration   3: 989.207 ns/op
Iteration   4: 892.351 ns/op
Iteration   5: 819.408 ns/op


Result "com.eignex.koblas.bench.KoblasJmhBenchmark.run":
  865.176 ±(99.9%) 313.809 ns/op [Average]
  (min, avg, max) = (775.106, 865.176, 989.207), stdev = 81.495
  CI (99.9%): [551.367, 1178.984] (assumes normal distribution)


# JMH version: 1.37
# VM version: JDK 25.0.1, OpenJDK 64-Bit Server VM, 25.0.1+8-LTS
# VM invoker: /home/rasmus/.gradle/jdks/eclipse_adoptium-25-amd64-linux.2/bin/java
# VM options: --enable-native-access=ALL-UNNAMED --add-modules=jdk.incubator.vector -Dfile.encoding=UTF-8 -Duser.country -Duser.language=en -Duser.variant -Dkoblas.bench.cases=/home/rasmus/.codex/worktrees/703f/koblas/koblas-bench/reports/f342c3192a41a07cf0454d7d4d5324f8289cc01329bcc9c990b986dcdd2f5922/20260911T153950Z-a038f25ac668/cases.txt
# Blackhole mode: compiler (auto-detected, use -Djmh.blackhole.autoDetect=false to disable)
# Warmup: 3 iterations, 200000000 ns each
# Measurement: 5 iterations, 200000000 ns each
# Timeout: 10 min per iteration
# Threads: 1 thread, will synchronize iterations
# Benchmark mode: Average time, time/op
# Benchmark: com.eignex.koblas.bench.KoblasJmhBenchmark.run
# Parameters: (benchmarkMode = jvm-simd, caseId = spaxpy-raw+64+sparse-uniform+density=0.125)

# Run progress: 56.41% complete, ETA 00:01:34
# Fork: 1 of 1
WARNING: Using incubator modules: jdk.incubator.vector
WARNING: A terminally deprecated method in sun.misc.Unsafe has been called
WARNING: sun.misc.Unsafe::objectFieldOffset has been called by org.openjdk.jmh.util.Utils (file:/home/rasmus/.gradle/caches/modules-2/files-2.1/org.openjdk.jmh/jmh-core/1.37/896f27e49105b35ea1964319c83d12082e7a79ef/jmh-core-1.37.jar)
WARNING: Please consider reporting this to the maintainers of class org.openjdk.jmh.util.Utils
WARNING: sun.misc.Unsafe::objectFieldOffset will be removed in a future release
# Warmup Iteration   1: 19.967 ns/op
# Warmup Iteration   2: 18.422 ns/op
# Warmup Iteration   3: 17.095 ns/op
Iteration   1: 17.016 ns/op
Iteration   2: 17.120 ns/op
Iteration   3: 18.474 ns/op
Iteration   4: 17.990 ns/op
Iteration   5: 18.495 ns/op


Result "com.eignex.koblas.bench.KoblasJmhBenchmark.run":
  17.819 ±(99.9%) 2.757 ns/op [Average]
  (min, avg, max) = (17.016, 17.819, 18.495), stdev = 0.716
  CI (99.9%): [15.062, 20.576] (assumes normal distribution)


# JMH version: 1.37
# VM version: JDK 25.0.1, OpenJDK 64-Bit Server VM, 25.0.1+8-LTS
# VM invoker: /home/rasmus/.gradle/jdks/eclipse_adoptium-25-amd64-linux.2/bin/java
# VM options: --enable-native-access=ALL-UNNAMED --add-modules=jdk.incubator.vector -Dfile.encoding=UTF-8 -Duser.country -Duser.language=en -Duser.variant -Dkoblas.bench.cases=/home/rasmus/.codex/worktrees/703f/koblas/koblas-bench/reports/f342c3192a41a07cf0454d7d4d5324f8289cc01329bcc9c990b986dcdd2f5922/20260911T153950Z-a038f25ac668/cases.txt
# Blackhole mode: compiler (auto-detected, use -Djmh.blackhole.autoDetect=false to disable)
# Warmup: 3 iterations, 200000000 ns each
# Measurement: 5 iterations, 200000000 ns each
# Timeout: 10 min per iteration
# Threads: 1 thread, will synchronize iterations
# Benchmark mode: Average time, time/op
# Benchmark: com.eignex.koblas.bench.KoblasJmhBenchmark.run
# Parameters: (benchmarkMode = jvm-simd, caseId = spaxpy-raw+4096+sparse-uniform+density=0.0625)

# Run progress: 57.26% complete, ETA 00:01:32
# Fork: 1 of 1
WARNING: Using incubator modules: jdk.incubator.vector
WARNING: A terminally deprecated method in sun.misc.Unsafe has been called
WARNING: sun.misc.Unsafe::objectFieldOffset has been called by org.openjdk.jmh.util.Utils (file:/home/rasmus/.gradle/caches/modules-2/files-2.1/org.openjdk.jmh/jmh-core/1.37/896f27e49105b35ea1964319c83d12082e7a79ef/jmh-core-1.37.jar)
WARNING: Please consider reporting this to the maintainers of class org.openjdk.jmh.util.Utils
WARNING: sun.misc.Unsafe::objectFieldOffset will be removed in a future release
# Warmup Iteration   1: 911.629 ns/op
# Warmup Iteration   2: 839.497 ns/op
# Warmup Iteration   3: 814.462 ns/op
Iteration   1: 865.886 ns/op
Iteration   2: 821.332 ns/op
Iteration   3: 826.238 ns/op
Iteration   4: 916.416 ns/op
Iteration   5: 861.648 ns/op


Result "com.eignex.koblas.bench.KoblasJmhBenchmark.run":
  858.304 ±(99.9%) 147.143 ns/op [Average]
  (min, avg, max) = (821.332, 858.304, 916.416), stdev = 38.213
  CI (99.9%): [711.161, 1005.447] (assumes normal distribution)


# JMH version: 1.37
# VM version: JDK 25.0.1, OpenJDK 64-Bit Server VM, 25.0.1+8-LTS
# VM invoker: /home/rasmus/.gradle/jdks/eclipse_adoptium-25-amd64-linux.2/bin/java
# VM options: --enable-native-access=ALL-UNNAMED --add-modules=jdk.incubator.vector -Dfile.encoding=UTF-8 -Duser.country -Duser.language=en -Duser.variant -Dkoblas.bench.cases=/home/rasmus/.codex/worktrees/703f/koblas/koblas-bench/reports/f342c3192a41a07cf0454d7d4d5324f8289cc01329bcc9c990b986dcdd2f5922/20260911T153950Z-a038f25ac668/cases.txt
# Blackhole mode: compiler (auto-detected, use -Djmh.blackhole.autoDetect=false to disable)
# Warmup: 3 iterations, 200000000 ns each
# Measurement: 5 iterations, 200000000 ns each
# Timeout: 10 min per iteration
# Threads: 1 thread, will synchronize iterations
# Benchmark mode: Average time, time/op
# Benchmark: com.eignex.koblas.bench.KoblasJmhBenchmark.run
# Parameters: (benchmarkMode = jvm-simd, caseId = spaxpy-raw+65536+sparse-uniform+density=0.015625)

# Run progress: 58.12% complete, ETA 00:01:30
# Fork: 1 of 1
WARNING: Using incubator modules: jdk.incubator.vector
WARNING: A terminally deprecated method in sun.misc.Unsafe has been called
WARNING: sun.misc.Unsafe::objectFieldOffset has been called by org.openjdk.jmh.util.Utils (file:/home/rasmus/.gradle/caches/modules-2/files-2.1/org.openjdk.jmh/jmh-core/1.37/896f27e49105b35ea1964319c83d12082e7a79ef/jmh-core-1.37.jar)
WARNING: Please consider reporting this to the maintainers of class org.openjdk.jmh.util.Utils
WARNING: sun.misc.Unsafe::objectFieldOffset will be removed in a future release
# Warmup Iteration   1: 19457.654 ns/op
# Warmup Iteration   2: 15484.824 ns/op
# Warmup Iteration   3: 14170.771 ns/op
Iteration   1: 14008.354 ns/op
Iteration   2: 14030.036 ns/op
Iteration   3: 13964.690 ns/op
Iteration   4: 13992.424 ns/op
Iteration   5: 13841.667 ns/op


Result "com.eignex.koblas.bench.KoblasJmhBenchmark.run":
  13967.434 ±(99.9%) 285.849 ns/op [Average]
  (min, avg, max) = (13841.667, 13967.434, 14030.036), stdev = 74.234
  CI (99.9%): [13681.585, 14253.283] (assumes normal distribution)


# JMH version: 1.37
# VM version: JDK 25.0.1, OpenJDK 64-Bit Server VM, 25.0.1+8-LTS
# VM invoker: /home/rasmus/.gradle/jdks/eclipse_adoptium-25-amd64-linux.2/bin/java
# VM options: --enable-native-access=ALL-UNNAMED --add-modules=jdk.incubator.vector -Dfile.encoding=UTF-8 -Duser.country -Duser.language=en -Duser.variant -Dkoblas.bench.cases=/home/rasmus/.codex/worktrees/703f/koblas/koblas-bench/reports/f342c3192a41a07cf0454d7d4d5324f8289cc01329bcc9c990b986dcdd2f5922/20260911T153950Z-a038f25ac668/cases.txt
# Blackhole mode: compiler (auto-detected, use -Djmh.blackhole.autoDetect=false to disable)
# Warmup: 3 iterations, 200000000 ns each
# Measurement: 5 iterations, 200000000 ns each
# Timeout: 10 min per iteration
# Threads: 1 thread, will synchronize iterations
# Benchmark mode: Average time, time/op
# Benchmark: com.eignex.koblas.bench.KoblasJmhBenchmark.run
# Parameters: (benchmarkMode = jvm-simd, caseId = spaxpy-raw+262144+sparse-uniform+density=0.03125)

# Run progress: 58.97% complete, ETA 00:01:29
# Fork: 1 of 1
WARNING: Using incubator modules: jdk.incubator.vector
WARNING: A terminally deprecated method in sun.misc.Unsafe has been called
WARNING: sun.misc.Unsafe::objectFieldOffset has been called by org.openjdk.jmh.util.Utils (file:/home/rasmus/.gradle/caches/modules-2/files-2.1/org.openjdk.jmh/jmh-core/1.37/896f27e49105b35ea1964319c83d12082e7a79ef/jmh-core-1.37.jar)
WARNING: Please consider reporting this to the maintainers of class org.openjdk.jmh.util.Utils
WARNING: sun.misc.Unsafe::objectFieldOffset will be removed in a future release
# Warmup Iteration   1: 125401.322 ns/op
# Warmup Iteration   2: 116858.802 ns/op
# Warmup Iteration   3: 122151.836 ns/op
Iteration   1: 128878.040 ns/op
Iteration   2: 114935.537 ns/op
Iteration   3: 107710.702 ns/op
Iteration   4: 110781.709 ns/op
Iteration   5: 109111.845 ns/op


Result "com.eignex.koblas.bench.KoblasJmhBenchmark.run":
  114283.567 ±(99.9%) 33104.117 ns/op [Average]
  (min, avg, max) = (107710.702, 114283.567, 128878.040), stdev = 8597.034
  CI (99.9%): [81179.450, 147387.683] (assumes normal distribution)


# JMH version: 1.37
# VM version: JDK 25.0.1, OpenJDK 64-Bit Server VM, 25.0.1+8-LTS
# VM invoker: /home/rasmus/.gradle/jdks/eclipse_adoptium-25-amd64-linux.2/bin/java
# VM options: --enable-native-access=ALL-UNNAMED --add-modules=jdk.incubator.vector -Dfile.encoding=UTF-8 -Duser.country -Duser.language=en -Duser.variant -Dkoblas.bench.cases=/home/rasmus/.codex/worktrees/703f/koblas/koblas-bench/reports/f342c3192a41a07cf0454d7d4d5324f8289cc01329bcc9c990b986dcdd2f5922/20260911T153950Z-a038f25ac668/cases.txt
# Blackhole mode: compiler (auto-detected, use -Djmh.blackhole.autoDetect=false to disable)
# Warmup: 3 iterations, 200000000 ns each
# Measurement: 5 iterations, 200000000 ns each
# Timeout: 10 min per iteration
# Threads: 1 thread, will synchronize iterations
# Benchmark mode: Average time, time/op
# Benchmark: com.eignex.koblas.bench.KoblasJmhBenchmark.run
# Parameters: (benchmarkMode = jvm-simd, caseId = spnrm2+4096+sparse-uniform+density=0.01)

# Run progress: 59.83% complete, ETA 00:01:27
# Fork: 1 of 1
WARNING: Using incubator modules: jdk.incubator.vector
WARNING: A terminally deprecated method in sun.misc.Unsafe has been called
WARNING: sun.misc.Unsafe::objectFieldOffset has been called by org.openjdk.jmh.util.Utils (file:/home/rasmus/.gradle/caches/modules-2/files-2.1/org.openjdk.jmh/jmh-core/1.37/896f27e49105b35ea1964319c83d12082e7a79ef/jmh-core-1.37.jar)
WARNING: Please consider reporting this to the maintainers of class org.openjdk.jmh.util.Utils
WARNING: sun.misc.Unsafe::objectFieldOffset will be removed in a future release
# Warmup Iteration   1: 14.910 ns/op
# Warmup Iteration   2: 11.212 ns/op
# Warmup Iteration   3: 11.155 ns/op
Iteration   1: 11.139 ns/op
Iteration   2: 11.745 ns/op
Iteration   3: 12.038 ns/op
Iteration   4: 10.912 ns/op
Iteration   5: 11.235 ns/op


Result "com.eignex.koblas.bench.KoblasJmhBenchmark.run":
  11.414 ±(99.9%) 1.784 ns/op [Average]
  (min, avg, max) = (10.912, 11.414, 12.038), stdev = 0.463
  CI (99.9%): [9.629, 13.198] (assumes normal distribution)


# JMH version: 1.37
# VM version: JDK 25.0.1, OpenJDK 64-Bit Server VM, 25.0.1+8-LTS
# VM invoker: /home/rasmus/.gradle/jdks/eclipse_adoptium-25-amd64-linux.2/bin/java
# VM options: --enable-native-access=ALL-UNNAMED --add-modules=jdk.incubator.vector -Dfile.encoding=UTF-8 -Duser.country -Duser.language=en -Duser.variant -Dkoblas.bench.cases=/home/rasmus/.codex/worktrees/703f/koblas/koblas-bench/reports/f342c3192a41a07cf0454d7d4d5324f8289cc01329bcc9c990b986dcdd2f5922/20260911T153950Z-a038f25ac668/cases.txt
# Blackhole mode: compiler (auto-detected, use -Djmh.blackhole.autoDetect=false to disable)
# Warmup: 3 iterations, 200000000 ns each
# Measurement: 5 iterations, 200000000 ns each
# Timeout: 10 min per iteration
# Threads: 1 thread, will synchronize iterations
# Benchmark mode: Average time, time/op
# Benchmark: com.eignex.koblas.bench.KoblasJmhBenchmark.run
# Parameters: (benchmarkMode = jvm-simd, caseId = spnrm2-indexed+4096+sparse-uniform+density=0.01)

# Run progress: 60.68% complete, ETA 00:01:25
# Fork: 1 of 1
WARNING: Using incubator modules: jdk.incubator.vector
WARNING: A terminally deprecated method in sun.misc.Unsafe has been called
WARNING: sun.misc.Unsafe::objectFieldOffset has been called by org.openjdk.jmh.util.Utils (file:/home/rasmus/.gradle/caches/modules-2/files-2.1/org.openjdk.jmh/jmh-core/1.37/896f27e49105b35ea1964319c83d12082e7a79ef/jmh-core-1.37.jar)
WARNING: Please consider reporting this to the maintainers of class org.openjdk.jmh.util.Utils
WARNING: sun.misc.Unsafe::objectFieldOffset will be removed in a future release
# Warmup Iteration   1: 46.073 ns/op
# Warmup Iteration   2: 29.176 ns/op
# Warmup Iteration   3: 28.433 ns/op
Iteration   1: 28.384 ns/op
Iteration   2: 28.434 ns/op
Iteration   3: 28.164 ns/op
Iteration   4: 28.241 ns/op
Iteration   5: 28.108 ns/op


Result "com.eignex.koblas.bench.KoblasJmhBenchmark.run":
  28.266 ±(99.9%) 0.539 ns/op [Average]
  (min, avg, max) = (28.108, 28.266, 28.434), stdev = 0.140
  CI (99.9%): [27.727, 28.805] (assumes normal distribution)


# JMH version: 1.37
# VM version: JDK 25.0.1, OpenJDK 64-Bit Server VM, 25.0.1+8-LTS
# VM invoker: /home/rasmus/.gradle/jdks/eclipse_adoptium-25-amd64-linux.2/bin/java
# VM options: --enable-native-access=ALL-UNNAMED --add-modules=jdk.incubator.vector -Dfile.encoding=UTF-8 -Duser.country -Duser.language=en -Duser.variant -Dkoblas.bench.cases=/home/rasmus/.codex/worktrees/703f/koblas/koblas-bench/reports/f342c3192a41a07cf0454d7d4d5324f8289cc01329bcc9c990b986dcdd2f5922/20260911T153950Z-a038f25ac668/cases.txt
# Blackhole mode: compiler (auto-detected, use -Djmh.blackhole.autoDetect=false to disable)
# Warmup: 3 iterations, 200000000 ns each
# Measurement: 5 iterations, 200000000 ns each
# Timeout: 10 min per iteration
# Threads: 1 thread, will synchronize iterations
# Benchmark mode: Average time, time/op
# Benchmark: com.eignex.koblas.bench.KoblasJmhBenchmark.run
# Parameters: (benchmarkMode = jvm-simd, caseId = spnrm2-indexed+4096+sparse-uniform+density=0.5)

# Run progress: 61.54% complete, ETA 00:01:23
# Fork: 1 of 1
WARNING: Using incubator modules: jdk.incubator.vector
WARNING: A terminally deprecated method in sun.misc.Unsafe has been called
WARNING: sun.misc.Unsafe::objectFieldOffset has been called by org.openjdk.jmh.util.Utils (file:/home/rasmus/.gradle/caches/modules-2/files-2.1/org.openjdk.jmh/jmh-core/1.37/896f27e49105b35ea1964319c83d12082e7a79ef/jmh-core-1.37.jar)
WARNING: Please consider reporting this to the maintainers of class org.openjdk.jmh.util.Utils
WARNING: sun.misc.Unsafe::objectFieldOffset will be removed in a future release
# Warmup Iteration   1: 1729.799 ns/op
# Warmup Iteration   2: 1031.118 ns/op
# Warmup Iteration   3: 934.534 ns/op
Iteration   1: 962.442 ns/op
Iteration   2: 942.032 ns/op
Iteration   3: 934.311 ns/op
Iteration   4: 936.405 ns/op
Iteration   5: 1195.965 ns/op


Result "com.eignex.koblas.bench.KoblasJmhBenchmark.run":
  994.231 ±(99.9%) 436.357 ns/op [Average]
  (min, avg, max) = (934.311, 994.231, 1195.965), stdev = 113.321
  CI (99.9%): [557.874, 1430.588] (assumes normal distribution)


# JMH version: 1.37
# VM version: JDK 25.0.1, OpenJDK 64-Bit Server VM, 25.0.1+8-LTS
# VM invoker: /home/rasmus/.gradle/jdks/eclipse_adoptium-25-amd64-linux.2/bin/java
# VM options: --enable-native-access=ALL-UNNAMED --add-modules=jdk.incubator.vector -Dfile.encoding=UTF-8 -Duser.country -Duser.language=en -Duser.variant -Dkoblas.bench.cases=/home/rasmus/.codex/worktrees/703f/koblas/koblas-bench/reports/f342c3192a41a07cf0454d7d4d5324f8289cc01329bcc9c990b986dcdd2f5922/20260911T153950Z-a038f25ac668/cases.txt
# Blackhole mode: compiler (auto-detected, use -Djmh.blackhole.autoDetect=false to disable)
# Warmup: 3 iterations, 200000000 ns each
# Measurement: 5 iterations, 200000000 ns each
# Timeout: 10 min per iteration
# Threads: 1 thread, will synchronize iterations
# Benchmark mode: Average time, time/op
# Benchmark: com.eignex.koblas.bench.KoblasJmhBenchmark.run
# Parameters: (benchmarkMode = jvm-simd, caseId = spnrm2-indexed+262144+sparse-uniform+density=0.03125)

# Run progress: 62.39% complete, ETA 00:01:21
# Fork: 1 of 1
WARNING: Using incubator modules: jdk.incubator.vector
WARNING: A terminally deprecated method in sun.misc.Unsafe has been called
WARNING: sun.misc.Unsafe::objectFieldOffset has been called by org.openjdk.jmh.util.Utils (file:/home/rasmus/.gradle/caches/modules-2/files-2.1/org.openjdk.jmh/jmh-core/1.37/896f27e49105b35ea1964319c83d12082e7a79ef/jmh-core-1.37.jar)
WARNING: Please consider reporting this to the maintainers of class org.openjdk.jmh.util.Utils
WARNING: sun.misc.Unsafe::objectFieldOffset will be removed in a future release
# Warmup Iteration   1: 8419.604 ns/op
# Warmup Iteration   2: 4430.052 ns/op
# Warmup Iteration   3: 4445.819 ns/op
Iteration   1: 4448.250 ns/op
Iteration   2: 4343.503 ns/op
Iteration   3: 4418.229 ns/op
Iteration   4: 4348.488 ns/op
Iteration   5: 4334.374 ns/op


Result "com.eignex.koblas.bench.KoblasJmhBenchmark.run":
  4378.569 ±(99.9%) 197.438 ns/op [Average]
  (min, avg, max) = (4334.374, 4378.569, 4448.250), stdev = 51.274
  CI (99.9%): [4181.131, 4576.006] (assumes normal distribution)


# JMH version: 1.37
# VM version: JDK 25.0.1, OpenJDK 64-Bit Server VM, 25.0.1+8-LTS
# VM invoker: /home/rasmus/.gradle/jdks/eclipse_adoptium-25-amd64-linux.2/bin/java
# VM options: --enable-native-access=ALL-UNNAMED --add-modules=jdk.incubator.vector -Dfile.encoding=UTF-8 -Duser.country -Duser.language=en -Duser.variant -Dkoblas.bench.cases=/home/rasmus/.codex/worktrees/703f/koblas/koblas-bench/reports/f342c3192a41a07cf0454d7d4d5324f8289cc01329bcc9c990b986dcdd2f5922/20260911T153950Z-a038f25ac668/cases.txt
# Blackhole mode: compiler (auto-detected, use -Djmh.blackhole.autoDetect=false to disable)
# Warmup: 3 iterations, 200000000 ns each
# Measurement: 5 iterations, 200000000 ns each
# Timeout: 10 min per iteration
# Threads: 1 thread, will synchronize iterations
# Benchmark mode: Average time, time/op
# Benchmark: com.eignex.koblas.bench.KoblasJmhBenchmark.run
# Parameters: (benchmarkMode = jvm-simd, caseId = spasum+4096+sparse-uniform+density=0.01)

# Run progress: 63.25% complete, ETA 00:01:19
# Fork: 1 of 1
WARNING: Using incubator modules: jdk.incubator.vector
WARNING: A terminally deprecated method in sun.misc.Unsafe has been called
WARNING: sun.misc.Unsafe::objectFieldOffset has been called by org.openjdk.jmh.util.Utils (file:/home/rasmus/.gradle/caches/modules-2/files-2.1/org.openjdk.jmh/jmh-core/1.37/896f27e49105b35ea1964319c83d12082e7a79ef/jmh-core-1.37.jar)
WARNING: Please consider reporting this to the maintainers of class org.openjdk.jmh.util.Utils
WARNING: sun.misc.Unsafe::objectFieldOffset will be removed in a future release
# Warmup Iteration   1: 21.217 ns/op
# Warmup Iteration   2: 10.987 ns/op
# Warmup Iteration   3: 9.816 ns/op
Iteration   1: 9.729 ns/op
Iteration   2: 9.704 ns/op
Iteration   3: 9.912 ns/op
Iteration   4: 9.763 ns/op
Iteration   5: 9.762 ns/op


Result "com.eignex.koblas.bench.KoblasJmhBenchmark.run":
  9.774 ±(99.9%) 0.313 ns/op [Average]
  (min, avg, max) = (9.704, 9.774, 9.912), stdev = 0.081
  CI (99.9%): [9.461, 10.087] (assumes normal distribution)


# JMH version: 1.37
# VM version: JDK 25.0.1, OpenJDK 64-Bit Server VM, 25.0.1+8-LTS
# VM invoker: /home/rasmus/.gradle/jdks/eclipse_adoptium-25-amd64-linux.2/bin/java
# VM options: --enable-native-access=ALL-UNNAMED --add-modules=jdk.incubator.vector -Dfile.encoding=UTF-8 -Duser.country -Duser.language=en -Duser.variant -Dkoblas.bench.cases=/home/rasmus/.codex/worktrees/703f/koblas/koblas-bench/reports/f342c3192a41a07cf0454d7d4d5324f8289cc01329bcc9c990b986dcdd2f5922/20260911T153950Z-a038f25ac668/cases.txt
# Blackhole mode: compiler (auto-detected, use -Djmh.blackhole.autoDetect=false to disable)
# Warmup: 3 iterations, 200000000 ns each
# Measurement: 5 iterations, 200000000 ns each
# Timeout: 10 min per iteration
# Threads: 1 thread, will synchronize iterations
# Benchmark mode: Average time, time/op
# Benchmark: com.eignex.koblas.bench.KoblasJmhBenchmark.run
# Parameters: (benchmarkMode = jvm-simd, caseId = spscatter+4096+sparse-uniform+density=0.01)

# Run progress: 64.10% complete, ETA 00:01:18
# Fork: 1 of 1
WARNING: Using incubator modules: jdk.incubator.vector
WARNING: A terminally deprecated method in sun.misc.Unsafe has been called
WARNING: sun.misc.Unsafe::objectFieldOffset has been called by org.openjdk.jmh.util.Utils (file:/home/rasmus/.gradle/caches/modules-2/files-2.1/org.openjdk.jmh/jmh-core/1.37/896f27e49105b35ea1964319c83d12082e7a79ef/jmh-core-1.37.jar)
WARNING: Please consider reporting this to the maintainers of class org.openjdk.jmh.util.Utils
WARNING: sun.misc.Unsafe::objectFieldOffset will be removed in a future release
# Warmup Iteration   1: 907.348 ns/op
# Warmup Iteration   2: 855.272 ns/op
# Warmup Iteration   3: 849.000 ns/op
Iteration   1: 841.511 ns/op
Iteration   2: 844.920 ns/op
Iteration   3: 786.224 ns/op
Iteration   4: 798.329 ns/op
Iteration   5: 810.783 ns/op


Result "com.eignex.koblas.bench.KoblasJmhBenchmark.run":
  816.353 ±(99.9%) 100.278 ns/op [Average]
  (min, avg, max) = (786.224, 816.353, 844.920), stdev = 26.042
  CI (99.9%): [716.076, 916.631] (assumes normal distribution)


# JMH version: 1.37
# VM version: JDK 25.0.1, OpenJDK 64-Bit Server VM, 25.0.1+8-LTS
# VM invoker: /home/rasmus/.gradle/jdks/eclipse_adoptium-25-amd64-linux.2/bin/java
# VM options: --enable-native-access=ALL-UNNAMED --add-modules=jdk.incubator.vector -Dfile.encoding=UTF-8 -Duser.country -Duser.language=en -Duser.variant -Dkoblas.bench.cases=/home/rasmus/.codex/worktrees/703f/koblas/koblas-bench/reports/f342c3192a41a07cf0454d7d4d5324f8289cc01329bcc9c990b986dcdd2f5922/20260911T153950Z-a038f25ac668/cases.txt
# Blackhole mode: compiler (auto-detected, use -Djmh.blackhole.autoDetect=false to disable)
# Warmup: 3 iterations, 200000000 ns each
# Measurement: 5 iterations, 200000000 ns each
# Timeout: 10 min per iteration
# Threads: 1 thread, will synchronize iterations
# Benchmark mode: Average time, time/op
# Benchmark: com.eignex.koblas.bench.KoblasJmhBenchmark.run
# Parameters: (benchmarkMode = jvm-simd, caseId = spscatter-raw+64+sparse-uniform+density=0.125)

# Run progress: 64.96% complete, ETA 00:01:16
# Fork: 1 of 1
WARNING: Using incubator modules: jdk.incubator.vector
WARNING: A terminally deprecated method in sun.misc.Unsafe has been called
WARNING: sun.misc.Unsafe::objectFieldOffset has been called by org.openjdk.jmh.util.Utils (file:/home/rasmus/.gradle/caches/modules-2/files-2.1/org.openjdk.jmh/jmh-core/1.37/896f27e49105b35ea1964319c83d12082e7a79ef/jmh-core-1.37.jar)
WARNING: Please consider reporting this to the maintainers of class org.openjdk.jmh.util.Utils
WARNING: sun.misc.Unsafe::objectFieldOffset will be removed in a future release
# Warmup Iteration   1: 18.170 ns/op
# Warmup Iteration   2: 16.458 ns/op
# Warmup Iteration   3: 14.101 ns/op
Iteration   1: 15.555 ns/op
Iteration   2: 15.710 ns/op
Iteration   3: 15.759 ns/op
Iteration   4: 16.018 ns/op
Iteration   5: 15.980 ns/op


Result "com.eignex.koblas.bench.KoblasJmhBenchmark.run":
  15.804 ±(99.9%) 0.745 ns/op [Average]
  (min, avg, max) = (15.555, 15.804, 16.018), stdev = 0.193
  CI (99.9%): [15.060, 16.549] (assumes normal distribution)


# JMH version: 1.37
# VM version: JDK 25.0.1, OpenJDK 64-Bit Server VM, 25.0.1+8-LTS
# VM invoker: /home/rasmus/.gradle/jdks/eclipse_adoptium-25-amd64-linux.2/bin/java
# VM options: --enable-native-access=ALL-UNNAMED --add-modules=jdk.incubator.vector -Dfile.encoding=UTF-8 -Duser.country -Duser.language=en -Duser.variant -Dkoblas.bench.cases=/home/rasmus/.codex/worktrees/703f/koblas/koblas-bench/reports/f342c3192a41a07cf0454d7d4d5324f8289cc01329bcc9c990b986dcdd2f5922/20260911T153950Z-a038f25ac668/cases.txt
# Blackhole mode: compiler (auto-detected, use -Djmh.blackhole.autoDetect=false to disable)
# Warmup: 3 iterations, 200000000 ns each
# Measurement: 5 iterations, 200000000 ns each
# Timeout: 10 min per iteration
# Threads: 1 thread, will synchronize iterations
# Benchmark mode: Average time, time/op
# Benchmark: com.eignex.koblas.bench.KoblasJmhBenchmark.run
# Parameters: (benchmarkMode = jvm-simd, caseId = spscatter-raw+4096+sparse-uniform+density=0.0625)

# Run progress: 65.81% complete, ETA 00:01:14
# Fork: 1 of 1
WARNING: Using incubator modules: jdk.incubator.vector
WARNING: A terminally deprecated method in sun.misc.Unsafe has been called
WARNING: sun.misc.Unsafe::objectFieldOffset has been called by org.openjdk.jmh.util.Utils (file:/home/rasmus/.gradle/caches/modules-2/files-2.1/org.openjdk.jmh/jmh-core/1.37/896f27e49105b35ea1964319c83d12082e7a79ef/jmh-core-1.37.jar)
WARNING: Please consider reporting this to the maintainers of class org.openjdk.jmh.util.Utils
WARNING: sun.misc.Unsafe::objectFieldOffset will be removed in a future release
# Warmup Iteration   1: 1089.242 ns/op
# Warmup Iteration   2: 1076.021 ns/op
# Warmup Iteration   3: 1061.575 ns/op
Iteration   1: 1044.927 ns/op
Iteration   2: 1061.924 ns/op
Iteration   3: 1056.835 ns/op
Iteration   4: 1059.725 ns/op
Iteration   5: 1064.007 ns/op


Result "com.eignex.koblas.bench.KoblasJmhBenchmark.run":
  1057.483 ±(99.9%) 28.905 ns/op [Average]
  (min, avg, max) = (1044.927, 1057.483, 1064.007), stdev = 7.507
  CI (99.9%): [1028.578, 1086.389] (assumes normal distribution)


# JMH version: 1.37
# VM version: JDK 25.0.1, OpenJDK 64-Bit Server VM, 25.0.1+8-LTS
# VM invoker: /home/rasmus/.gradle/jdks/eclipse_adoptium-25-amd64-linux.2/bin/java
# VM options: --enable-native-access=ALL-UNNAMED --add-modules=jdk.incubator.vector -Dfile.encoding=UTF-8 -Duser.country -Duser.language=en -Duser.variant -Dkoblas.bench.cases=/home/rasmus/.codex/worktrees/703f/koblas/koblas-bench/reports/f342c3192a41a07cf0454d7d4d5324f8289cc01329bcc9c990b986dcdd2f5922/20260911T153950Z-a038f25ac668/cases.txt
# Blackhole mode: compiler (auto-detected, use -Djmh.blackhole.autoDetect=false to disable)
# Warmup: 3 iterations, 200000000 ns each
# Measurement: 5 iterations, 200000000 ns each
# Timeout: 10 min per iteration
# Threads: 1 thread, will synchronize iterations
# Benchmark mode: Average time, time/op
# Benchmark: com.eignex.koblas.bench.KoblasJmhBenchmark.run
# Parameters: (benchmarkMode = jvm-simd, caseId = spscatter-raw+65536+sparse-uniform+density=0.015625)

# Run progress: 66.67% complete, ETA 00:01:12
# Fork: 1 of 1
WARNING: Using incubator modules: jdk.incubator.vector
WARNING: A terminally deprecated method in sun.misc.Unsafe has been called
WARNING: sun.misc.Unsafe::objectFieldOffset has been called by org.openjdk.jmh.util.Utils (file:/home/rasmus/.gradle/caches/modules-2/files-2.1/org.openjdk.jmh/jmh-core/1.37/896f27e49105b35ea1964319c83d12082e7a79ef/jmh-core-1.37.jar)
WARNING: Please consider reporting this to the maintainers of class org.openjdk.jmh.util.Utils
WARNING: sun.misc.Unsafe::objectFieldOffset will be removed in a future release
# Warmup Iteration   1: 14866.657 ns/op
# Warmup Iteration   2: 13076.634 ns/op
# Warmup Iteration   3: 13914.882 ns/op
Iteration   1: 13452.760 ns/op
Iteration   2: 13482.057 ns/op
Iteration   3: 13222.568 ns/op
Iteration   4: 13437.092 ns/op
Iteration   5: 13886.361 ns/op


Result "com.eignex.koblas.bench.KoblasJmhBenchmark.run":
  13496.168 ±(99.9%) 928.718 ns/op [Average]
  (min, avg, max) = (13222.568, 13496.168, 13886.361), stdev = 241.185
  CI (99.9%): [12567.450, 14424.885] (assumes normal distribution)


# JMH version: 1.37
# VM version: JDK 25.0.1, OpenJDK 64-Bit Server VM, 25.0.1+8-LTS
# VM invoker: /home/rasmus/.gradle/jdks/eclipse_adoptium-25-amd64-linux.2/bin/java
# VM options: --enable-native-access=ALL-UNNAMED --add-modules=jdk.incubator.vector -Dfile.encoding=UTF-8 -Duser.country -Duser.language=en -Duser.variant -Dkoblas.bench.cases=/home/rasmus/.codex/worktrees/703f/koblas/koblas-bench/reports/f342c3192a41a07cf0454d7d4d5324f8289cc01329bcc9c990b986dcdd2f5922/20260911T153950Z-a038f25ac668/cases.txt
# Blackhole mode: compiler (auto-detected, use -Djmh.blackhole.autoDetect=false to disable)
# Warmup: 3 iterations, 200000000 ns each
# Measurement: 5 iterations, 200000000 ns each
# Timeout: 10 min per iteration
# Threads: 1 thread, will synchronize iterations
# Benchmark mode: Average time, time/op
# Benchmark: com.eignex.koblas.bench.KoblasJmhBenchmark.run
# Parameters: (benchmarkMode = jvm-simd, caseId = spscatter-raw+262144+sparse-uniform+density=0.03125)

# Run progress: 67.52% complete, ETA 00:01:10
# Fork: 1 of 1
WARNING: Using incubator modules: jdk.incubator.vector
WARNING: A terminally deprecated method in sun.misc.Unsafe has been called
WARNING: sun.misc.Unsafe::objectFieldOffset has been called by org.openjdk.jmh.util.Utils (file:/home/rasmus/.gradle/caches/modules-2/files-2.1/org.openjdk.jmh/jmh-core/1.37/896f27e49105b35ea1964319c83d12082e7a79ef/jmh-core-1.37.jar)
WARNING: Please consider reporting this to the maintainers of class org.openjdk.jmh.util.Utils
WARNING: sun.misc.Unsafe::objectFieldOffset will be removed in a future release
# Warmup Iteration   1: 125768.220 ns/op
# Warmup Iteration   2: 112801.626 ns/op
# Warmup Iteration   3: 114355.505 ns/op
Iteration   1: 107931.387 ns/op
Iteration   2: 115640.931 ns/op
Iteration   3: 109551.225 ns/op
Iteration   4: 116150.898 ns/op
Iteration   5: 114442.217 ns/op


Result "com.eignex.koblas.bench.KoblasJmhBenchmark.run":
  112743.332 ±(99.9%) 14438.394 ns/op [Average]
  (min, avg, max) = (107931.387, 112743.332, 116150.898), stdev = 3749.605
  CI (99.9%): [98304.937, 127181.726] (assumes normal distribution)


# JMH version: 1.37
# VM version: JDK 25.0.1, OpenJDK 64-Bit Server VM, 25.0.1+8-LTS
# VM invoker: /home/rasmus/.gradle/jdks/eclipse_adoptium-25-amd64-linux.2/bin/java
# VM options: --enable-native-access=ALL-UNNAMED --add-modules=jdk.incubator.vector -Dfile.encoding=UTF-8 -Duser.country -Duser.language=en -Duser.variant -Dkoblas.bench.cases=/home/rasmus/.codex/worktrees/703f/koblas/koblas-bench/reports/f342c3192a41a07cf0454d7d4d5324f8289cc01329bcc9c990b986dcdd2f5922/20260911T153950Z-a038f25ac668/cases.txt
# Blackhole mode: compiler (auto-detected, use -Djmh.blackhole.autoDetect=false to disable)
# Warmup: 3 iterations, 200000000 ns each
# Measurement: 5 iterations, 200000000 ns each
# Timeout: 10 min per iteration
# Threads: 1 thread, will synchronize iterations
# Benchmark mode: Average time, time/op
# Benchmark: com.eignex.koblas.bench.KoblasJmhBenchmark.run
# Parameters: (benchmarkMode = jvm-simd, caseId = spgather+4096+sparse-uniform+density=0.01)

# Run progress: 68.38% complete, ETA 00:01:08
# Fork: 1 of 1
WARNING: Using incubator modules: jdk.incubator.vector
WARNING: A terminally deprecated method in sun.misc.Unsafe has been called
WARNING: sun.misc.Unsafe::objectFieldOffset has been called by org.openjdk.jmh.util.Utils (file:/home/rasmus/.gradle/caches/modules-2/files-2.1/org.openjdk.jmh/jmh-core/1.37/896f27e49105b35ea1964319c83d12082e7a79ef/jmh-core-1.37.jar)
WARNING: Please consider reporting this to the maintainers of class org.openjdk.jmh.util.Utils
WARNING: sun.misc.Unsafe::objectFieldOffset will be removed in a future release
# Warmup Iteration   1: 733.815 ns/op
# Warmup Iteration   2: 732.499 ns/op
# Warmup Iteration   3: 730.512 ns/op
Iteration   1: 724.872 ns/op
Iteration   2: 724.536 ns/op
Iteration   3: 707.566 ns/op
Iteration   4: 698.224 ns/op
Iteration   5: 694.143 ns/op


Result "com.eignex.koblas.bench.KoblasJmhBenchmark.run":
  709.868 ±(99.9%) 55.415 ns/op [Average]
  (min, avg, max) = (694.143, 709.868, 724.872), stdev = 14.391
  CI (99.9%): [654.453, 765.284] (assumes normal distribution)


# JMH version: 1.37
# VM version: JDK 25.0.1, OpenJDK 64-Bit Server VM, 25.0.1+8-LTS
# VM invoker: /home/rasmus/.gradle/jdks/eclipse_adoptium-25-amd64-linux.2/bin/java
# VM options: --enable-native-access=ALL-UNNAMED --add-modules=jdk.incubator.vector -Dfile.encoding=UTF-8 -Duser.country -Duser.language=en -Duser.variant -Dkoblas.bench.cases=/home/rasmus/.codex/worktrees/703f/koblas/koblas-bench/reports/f342c3192a41a07cf0454d7d4d5324f8289cc01329bcc9c990b986dcdd2f5922/20260911T153950Z-a038f25ac668/cases.txt
# Blackhole mode: compiler (auto-detected, use -Djmh.blackhole.autoDetect=false to disable)
# Warmup: 3 iterations, 200000000 ns each
# Measurement: 5 iterations, 200000000 ns each
# Timeout: 10 min per iteration
# Threads: 1 thread, will synchronize iterations
# Benchmark mode: Average time, time/op
# Benchmark: com.eignex.koblas.bench.KoblasJmhBenchmark.run
# Parameters: (benchmarkMode = jvm-simd, caseId = spgather-zero+4096+sparse-uniform+density=0.01)

# Run progress: 69.23% complete, ETA 00:01:06
# Fork: 1 of 1
WARNING: Using incubator modules: jdk.incubator.vector
WARNING: A terminally deprecated method in sun.misc.Unsafe has been called
WARNING: sun.misc.Unsafe::objectFieldOffset has been called by org.openjdk.jmh.util.Utils (file:/home/rasmus/.gradle/caches/modules-2/files-2.1/org.openjdk.jmh/jmh-core/1.37/896f27e49105b35ea1964319c83d12082e7a79ef/jmh-core-1.37.jar)
WARNING: Please consider reporting this to the maintainers of class org.openjdk.jmh.util.Utils
WARNING: sun.misc.Unsafe::objectFieldOffset will be removed in a future release
# Warmup Iteration   1: 897.236 ns/op
# Warmup Iteration   2: 873.942 ns/op
# Warmup Iteration   3: 857.043 ns/op
Iteration   1: 800.016 ns/op
Iteration   2: 808.380 ns/op
Iteration   3: 812.979 ns/op
Iteration   4: 812.996 ns/op
Iteration   5: 817.186 ns/op


Result "com.eignex.koblas.bench.KoblasJmhBenchmark.run":
  810.311 ±(99.9%) 25.199 ns/op [Average]
  (min, avg, max) = (800.016, 810.311, 817.186), stdev = 6.544
  CI (99.9%): [785.112, 835.511] (assumes normal distribution)


# JMH version: 1.37
# VM version: JDK 25.0.1, OpenJDK 64-Bit Server VM, 25.0.1+8-LTS
# VM invoker: /home/rasmus/.gradle/jdks/eclipse_adoptium-25-amd64-linux.2/bin/java
# VM options: --enable-native-access=ALL-UNNAMED --add-modules=jdk.incubator.vector -Dfile.encoding=UTF-8 -Duser.country -Duser.language=en -Duser.variant -Dkoblas.bench.cases=/home/rasmus/.codex/worktrees/703f/koblas/koblas-bench/reports/f342c3192a41a07cf0454d7d4d5324f8289cc01329bcc9c990b986dcdd2f5922/20260911T153950Z-a038f25ac668/cases.txt
# Blackhole mode: compiler (auto-detected, use -Djmh.blackhole.autoDetect=false to disable)
# Warmup: 3 iterations, 200000000 ns each
# Measurement: 5 iterations, 200000000 ns each
# Timeout: 10 min per iteration
# Threads: 1 thread, will synchronize iterations
# Benchmark mode: Average time, time/op
# Benchmark: com.eignex.koblas.bench.KoblasJmhBenchmark.run
# Parameters: (benchmarkMode = jvm-simd, caseId = spgemv+257x129+sparse-uniform+density=0.01+mode=prepared)

# Run progress: 70.09% complete, ETA 00:01:05
# Fork: 1 of 1
WARNING: Using incubator modules: jdk.incubator.vector
WARNING: A terminally deprecated method in sun.misc.Unsafe has been called
WARNING: sun.misc.Unsafe::objectFieldOffset has been called by org.openjdk.jmh.util.Utils (file:/home/rasmus/.gradle/caches/modules-2/files-2.1/org.openjdk.jmh/jmh-core/1.37/896f27e49105b35ea1964319c83d12082e7a79ef/jmh-core-1.37.jar)
WARNING: Please consider reporting this to the maintainers of class org.openjdk.jmh.util.Utils
WARNING: sun.misc.Unsafe::objectFieldOffset will be removed in a future release
# Warmup Iteration   1: 656.606 ns/op
# Warmup Iteration   2: 444.927 ns/op
# Warmup Iteration   3: 450.678 ns/op
Iteration   1: 449.541 ns/op
Iteration   2: 452.812 ns/op
Iteration   3: 450.933 ns/op
Iteration   4: 454.059 ns/op
Iteration   5: 451.158 ns/op


Result "com.eignex.koblas.bench.KoblasJmhBenchmark.run":
  451.701 ±(99.9%) 6.764 ns/op [Average]
  (min, avg, max) = (449.541, 451.701, 454.059), stdev = 1.757
  CI (99.9%): [444.936, 458.465] (assumes normal distribution)


# JMH version: 1.37
# VM version: JDK 25.0.1, OpenJDK 64-Bit Server VM, 25.0.1+8-LTS
# VM invoker: /home/rasmus/.gradle/jdks/eclipse_adoptium-25-amd64-linux.2/bin/java
# VM options: --enable-native-access=ALL-UNNAMED --add-modules=jdk.incubator.vector -Dfile.encoding=UTF-8 -Duser.country -Duser.language=en -Duser.variant -Dkoblas.bench.cases=/home/rasmus/.codex/worktrees/703f/koblas/koblas-bench/reports/f342c3192a41a07cf0454d7d4d5324f8289cc01329bcc9c990b986dcdd2f5922/20260911T153950Z-a038f25ac668/cases.txt
# Blackhole mode: compiler (auto-detected, use -Djmh.blackhole.autoDetect=false to disable)
# Warmup: 3 iterations, 200000000 ns each
# Measurement: 5 iterations, 200000000 ns each
# Timeout: 10 min per iteration
# Threads: 1 thread, will synchronize iterations
# Benchmark mode: Average time, time/op
# Benchmark: com.eignex.koblas.bench.KoblasJmhBenchmark.run
# Parameters: (benchmarkMode = jvm-simd, caseId = spgemv+257x129+sparse-uniform+density=0.01+mode=oneshot)

# Run progress: 70.94% complete, ETA 00:01:03
# Fork: 1 of 1
WARNING: Using incubator modules: jdk.incubator.vector
WARNING: A terminally deprecated method in sun.misc.Unsafe has been called
WARNING: sun.misc.Unsafe::objectFieldOffset has been called by org.openjdk.jmh.util.Utils (file:/home/rasmus/.gradle/caches/modules-2/files-2.1/org.openjdk.jmh/jmh-core/1.37/896f27e49105b35ea1964319c83d12082e7a79ef/jmh-core-1.37.jar)
WARNING: Please consider reporting this to the maintainers of class org.openjdk.jmh.util.Utils
WARNING: sun.misc.Unsafe::objectFieldOffset will be removed in a future release
# Warmup Iteration   1: 624.782 ns/op
# Warmup Iteration   2: 468.788 ns/op
# Warmup Iteration   3: 468.865 ns/op
Iteration   1: 502.256 ns/op
Iteration   2: 547.569 ns/op
Iteration   3: 523.966 ns/op
Iteration   4: 497.991 ns/op
Iteration   5: 504.949 ns/op


Result "com.eignex.koblas.bench.KoblasJmhBenchmark.run":
  515.346 ±(99.9%) 79.225 ns/op [Average]
  (min, avg, max) = (497.991, 515.346, 547.569), stdev = 20.575
  CI (99.9%): [436.121, 594.572] (assumes normal distribution)


# JMH version: 1.37
# VM version: JDK 25.0.1, OpenJDK 64-Bit Server VM, 25.0.1+8-LTS
# VM invoker: /home/rasmus/.gradle/jdks/eclipse_adoptium-25-amd64-linux.2/bin/java
# VM options: --enable-native-access=ALL-UNNAMED --add-modules=jdk.incubator.vector -Dfile.encoding=UTF-8 -Duser.country -Duser.language=en -Duser.variant -Dkoblas.bench.cases=/home/rasmus/.codex/worktrees/703f/koblas/koblas-bench/reports/f342c3192a41a07cf0454d7d4d5324f8289cc01329bcc9c990b986dcdd2f5922/20260911T153950Z-a038f25ac668/cases.txt
# Blackhole mode: compiler (auto-detected, use -Djmh.blackhole.autoDetect=false to disable)
# Warmup: 3 iterations, 200000000 ns each
# Measurement: 5 iterations, 200000000 ns each
# Timeout: 10 min per iteration
# Threads: 1 thread, will synchronize iterations
# Benchmark mode: Average time, time/op
# Benchmark: com.eignex.koblas.bench.KoblasJmhBenchmark.run
# Parameters: (benchmarkMode = jvm-simd, caseId = spmm+257x8x129+sparse-uniform+density=0.01+mode=prepared)

# Run progress: 71.79% complete, ETA 00:01:01
# Fork: 1 of 1
WARNING: Using incubator modules: jdk.incubator.vector
WARNING: A terminally deprecated method in sun.misc.Unsafe has been called
WARNING: sun.misc.Unsafe::objectFieldOffset has been called by org.openjdk.jmh.util.Utils (file:/home/rasmus/.gradle/caches/modules-2/files-2.1/org.openjdk.jmh/jmh-core/1.37/896f27e49105b35ea1964319c83d12082e7a79ef/jmh-core-1.37.jar)
WARNING: Please consider reporting this to the maintainers of class org.openjdk.jmh.util.Utils
WARNING: sun.misc.Unsafe::objectFieldOffset will be removed in a future release
# Warmup Iteration   1: 5453.871 ns/op
# Warmup Iteration   2: 4110.218 ns/op
# Warmup Iteration   3: 3967.533 ns/op
Iteration   1: 3915.230 ns/op
Iteration   2: 3818.514 ns/op
Iteration   3: 3861.255 ns/op
Iteration   4: 3925.037 ns/op
Iteration   5: 3941.177 ns/op


Result "com.eignex.koblas.bench.KoblasJmhBenchmark.run":
  3892.243 ±(99.9%) 196.295 ns/op [Average]
  (min, avg, max) = (3818.514, 3892.243, 3941.177), stdev = 50.977
  CI (99.9%): [3695.948, 4088.537] (assumes normal distribution)


# JMH version: 1.37
# VM version: JDK 25.0.1, OpenJDK 64-Bit Server VM, 25.0.1+8-LTS
# VM invoker: /home/rasmus/.gradle/jdks/eclipse_adoptium-25-amd64-linux.2/bin/java
# VM options: --enable-native-access=ALL-UNNAMED --add-modules=jdk.incubator.vector -Dfile.encoding=UTF-8 -Duser.country -Duser.language=en -Duser.variant -Dkoblas.bench.cases=/home/rasmus/.codex/worktrees/703f/koblas/koblas-bench/reports/f342c3192a41a07cf0454d7d4d5324f8289cc01329bcc9c990b986dcdd2f5922/20260911T153950Z-a038f25ac668/cases.txt
# Blackhole mode: compiler (auto-detected, use -Djmh.blackhole.autoDetect=false to disable)
# Warmup: 3 iterations, 200000000 ns each
# Measurement: 5 iterations, 200000000 ns each
# Timeout: 10 min per iteration
# Threads: 1 thread, will synchronize iterations
# Benchmark mode: Average time, time/op
# Benchmark: com.eignex.koblas.bench.KoblasJmhBenchmark.run
# Parameters: (benchmarkMode = jvm-simd, caseId = spmm+257x8x129+sparse-uniform+density=0.01+mode=oneshot)

# Run progress: 72.65% complete, ETA 00:00:59
# Fork: 1 of 1
WARNING: Using incubator modules: jdk.incubator.vector
WARNING: A terminally deprecated method in sun.misc.Unsafe has been called
WARNING: sun.misc.Unsafe::objectFieldOffset has been called by org.openjdk.jmh.util.Utils (file:/home/rasmus/.gradle/caches/modules-2/files-2.1/org.openjdk.jmh/jmh-core/1.37/896f27e49105b35ea1964319c83d12082e7a79ef/jmh-core-1.37.jar)
WARNING: Please consider reporting this to the maintainers of class org.openjdk.jmh.util.Utils
WARNING: sun.misc.Unsafe::objectFieldOffset will be removed in a future release
# Warmup Iteration   1: 5268.756 ns/op
# Warmup Iteration   2: 3721.235 ns/op
# Warmup Iteration   3: 3473.331 ns/op
Iteration   1: 3472.919 ns/op
Iteration   2: 3486.931 ns/op
Iteration   3: 3497.225 ns/op
Iteration   4: 3812.696 ns/op
Iteration   5: 3932.654 ns/op


Result "com.eignex.koblas.bench.KoblasJmhBenchmark.run":
  3640.485 ±(99.9%) 833.023 ns/op [Average]
  (min, avg, max) = (3472.919, 3640.485, 3932.654), stdev = 216.333
  CI (99.9%): [2807.462, 4473.508] (assumes normal distribution)


# JMH version: 1.37
# VM version: JDK 25.0.1, OpenJDK 64-Bit Server VM, 25.0.1+8-LTS
# VM invoker: /home/rasmus/.gradle/jdks/eclipse_adoptium-25-amd64-linux.2/bin/java
# VM options: --enable-native-access=ALL-UNNAMED --add-modules=jdk.incubator.vector -Dfile.encoding=UTF-8 -Duser.country -Duser.language=en -Duser.variant -Dkoblas.bench.cases=/home/rasmus/.codex/worktrees/703f/koblas/koblas-bench/reports/f342c3192a41a07cf0454d7d4d5324f8289cc01329bcc9c990b986dcdd2f5922/20260911T153950Z-a038f25ac668/cases.txt
# Blackhole mode: compiler (auto-detected, use -Djmh.blackhole.autoDetect=false to disable)
# Warmup: 3 iterations, 200000000 ns each
# Measurement: 5 iterations, 200000000 ns each
# Timeout: 10 min per iteration
# Threads: 1 thread, will synchronize iterations
# Benchmark mode: Average time, time/op
# Benchmark: com.eignex.koblas.bench.KoblasJmhBenchmark.run
# Parameters: (benchmarkMode = jvm-simd, caseId = spgemm+129x97x65+sparse-uniform+density=0.01+mode=prepared)

# Run progress: 73.50% complete, ETA 00:00:57
# Fork: 1 of 1
WARNING: Using incubator modules: jdk.incubator.vector
WARNING: A terminally deprecated method in sun.misc.Unsafe has been called
WARNING: sun.misc.Unsafe::objectFieldOffset has been called by org.openjdk.jmh.util.Utils (file:/home/rasmus/.gradle/caches/modules-2/files-2.1/org.openjdk.jmh/jmh-core/1.37/896f27e49105b35ea1964319c83d12082e7a79ef/jmh-core-1.37.jar)
WARNING: Please consider reporting this to the maintainers of class org.openjdk.jmh.util.Utils
WARNING: sun.misc.Unsafe::objectFieldOffset will be removed in a future release
# Warmup Iteration   1: 3218.862 ns/op
# Warmup Iteration   2: 1851.717 ns/op
# Warmup Iteration   3: 1710.909 ns/op
Iteration   1: 1524.005 ns/op
Iteration   2: 1504.293 ns/op
Iteration   3: 1499.267 ns/op
Iteration   4: 1508.825 ns/op
Iteration   5: 1495.137 ns/op


Result "com.eignex.koblas.bench.KoblasJmhBenchmark.run":
  1506.305 ±(99.9%) 42.963 ns/op [Average]
  (min, avg, max) = (1495.137, 1506.305, 1524.005), stdev = 11.157
  CI (99.9%): [1463.343, 1549.268] (assumes normal distribution)


# JMH version: 1.37
# VM version: JDK 25.0.1, OpenJDK 64-Bit Server VM, 25.0.1+8-LTS
# VM invoker: /home/rasmus/.gradle/jdks/eclipse_adoptium-25-amd64-linux.2/bin/java
# VM options: --enable-native-access=ALL-UNNAMED --add-modules=jdk.incubator.vector -Dfile.encoding=UTF-8 -Duser.country -Duser.language=en -Duser.variant -Dkoblas.bench.cases=/home/rasmus/.codex/worktrees/703f/koblas/koblas-bench/reports/f342c3192a41a07cf0454d7d4d5324f8289cc01329bcc9c990b986dcdd2f5922/20260911T153950Z-a038f25ac668/cases.txt
# Blackhole mode: compiler (auto-detected, use -Djmh.blackhole.autoDetect=false to disable)
# Warmup: 3 iterations, 200000000 ns each
# Measurement: 5 iterations, 200000000 ns each
# Timeout: 10 min per iteration
# Threads: 1 thread, will synchronize iterations
# Benchmark mode: Average time, time/op
# Benchmark: com.eignex.koblas.bench.KoblasJmhBenchmark.run
# Parameters: (benchmarkMode = jvm-simd, caseId = spgemm+129x97x65+sparse-uniform+density=0.01+mode=oneshot)

# Run progress: 74.36% complete, ETA 00:00:55
# Fork: 1 of 1
WARNING: Using incubator modules: jdk.incubator.vector
WARNING: A terminally deprecated method in sun.misc.Unsafe has been called
WARNING: sun.misc.Unsafe::objectFieldOffset has been called by org.openjdk.jmh.util.Utils (file:/home/rasmus/.gradle/caches/modules-2/files-2.1/org.openjdk.jmh/jmh-core/1.37/896f27e49105b35ea1964319c83d12082e7a79ef/jmh-core-1.37.jar)
WARNING: Please consider reporting this to the maintainers of class org.openjdk.jmh.util.Utils
WARNING: sun.misc.Unsafe::objectFieldOffset will be removed in a future release
# Warmup Iteration   1: 3426.228 ns/op
# Warmup Iteration   2: 1859.004 ns/op
# Warmup Iteration   3: 1749.312 ns/op
Iteration   1: 1389.777 ns/op
Iteration   2: 1429.336 ns/op
Iteration   3: 1396.260 ns/op
Iteration   4: 1482.390 ns/op
Iteration   5: 1373.758 ns/op


Result "com.eignex.koblas.bench.KoblasJmhBenchmark.run":
  1414.304 ±(99.9%) 165.989 ns/op [Average]
  (min, avg, max) = (1373.758, 1414.304, 1482.390), stdev = 43.107
  CI (99.9%): [1248.315, 1580.294] (assumes normal distribution)


# JMH version: 1.37
# VM version: JDK 25.0.1, OpenJDK 64-Bit Server VM, 25.0.1+8-LTS
# VM invoker: /home/rasmus/.gradle/jdks/eclipse_adoptium-25-amd64-linux.2/bin/java
# VM options: --enable-native-access=ALL-UNNAMED --add-modules=jdk.incubator.vector -Dfile.encoding=UTF-8 -Duser.country -Duser.language=en -Duser.variant -Dkoblas.bench.cases=/home/rasmus/.codex/worktrees/703f/koblas/koblas-bench/reports/f342c3192a41a07cf0454d7d4d5324f8289cc01329bcc9c990b986dcdd2f5922/20260911T153950Z-a038f25ac668/cases.txt
# Blackhole mode: compiler (auto-detected, use -Djmh.blackhole.autoDetect=false to disable)
# Warmup: 3 iterations, 200000000 ns each
# Measurement: 5 iterations, 200000000 ns each
# Timeout: 10 min per iteration
# Threads: 1 thread, will synchronize iterations
# Benchmark mode: Average time, time/op
# Benchmark: com.eignex.koblas.bench.KoblasJmhBenchmark.run
# Parameters: (benchmarkMode = jvm-simd, caseId = spsymv+129+sparse-triangular+density=0.02+mode=oneshot+uplo=L)

# Run progress: 75.21% complete, ETA 00:00:53
# Fork: 1 of 1
WARNING: Using incubator modules: jdk.incubator.vector
WARNING: A terminally deprecated method in sun.misc.Unsafe has been called
WARNING: sun.misc.Unsafe::objectFieldOffset has been called by org.openjdk.jmh.util.Utils (file:/home/rasmus/.gradle/caches/modules-2/files-2.1/org.openjdk.jmh/jmh-core/1.37/896f27e49105b35ea1964319c83d12082e7a79ef/jmh-core-1.37.jar)
WARNING: Please consider reporting this to the maintainers of class org.openjdk.jmh.util.Utils
WARNING: sun.misc.Unsafe::objectFieldOffset will be removed in a future release
# Warmup Iteration   1: 608.047 ns/op
# Warmup Iteration   2: 488.980 ns/op
# Warmup Iteration   3: 484.616 ns/op
Iteration   1: 525.753 ns/op
Iteration   2: 537.359 ns/op
Iteration   3: 472.950 ns/op
Iteration   4: 478.588 ns/op
Iteration   5: 487.173 ns/op


Result "com.eignex.koblas.bench.KoblasJmhBenchmark.run":
  500.365 ±(99.9%) 112.479 ns/op [Average]
  (min, avg, max) = (472.950, 500.365, 537.359), stdev = 29.210
  CI (99.9%): [387.886, 612.843] (assumes normal distribution)


# JMH version: 1.37
# VM version: JDK 25.0.1, OpenJDK 64-Bit Server VM, 25.0.1+8-LTS
# VM invoker: /home/rasmus/.gradle/jdks/eclipse_adoptium-25-amd64-linux.2/bin/java
# VM options: --enable-native-access=ALL-UNNAMED --add-modules=jdk.incubator.vector -Dfile.encoding=UTF-8 -Duser.country -Duser.language=en -Duser.variant -Dkoblas.bench.cases=/home/rasmus/.codex/worktrees/703f/koblas/koblas-bench/reports/f342c3192a41a07cf0454d7d4d5324f8289cc01329bcc9c990b986dcdd2f5922/20260911T153950Z-a038f25ac668/cases.txt
# Blackhole mode: compiler (auto-detected, use -Djmh.blackhole.autoDetect=false to disable)
# Warmup: 3 iterations, 200000000 ns each
# Measurement: 5 iterations, 200000000 ns each
# Timeout: 10 min per iteration
# Threads: 1 thread, will synchronize iterations
# Benchmark mode: Average time, time/op
# Benchmark: com.eignex.koblas.bench.KoblasJmhBenchmark.run
# Parameters: (benchmarkMode = jvm-simd, caseId = spsymm+129x8+sparse-triangular+density=0.02+mode=oneshot+side=L+uplo=L)

# Run progress: 76.07% complete, ETA 00:00:51
# Fork: 1 of 1
WARNING: Using incubator modules: jdk.incubator.vector
WARNING: A terminally deprecated method in sun.misc.Unsafe has been called
WARNING: sun.misc.Unsafe::objectFieldOffset has been called by org.openjdk.jmh.util.Utils (file:/home/rasmus/.gradle/caches/modules-2/files-2.1/org.openjdk.jmh/jmh-core/1.37/896f27e49105b35ea1964319c83d12082e7a79ef/jmh-core-1.37.jar)
WARNING: Please consider reporting this to the maintainers of class org.openjdk.jmh.util.Utils
WARNING: sun.misc.Unsafe::objectFieldOffset will be removed in a future release
# Warmup Iteration   1: 5470.953 ns/op
# Warmup Iteration   2: 4275.310 ns/op
# Warmup Iteration   3: 4203.920 ns/op
Iteration   1: 4097.794 ns/op
Iteration   2: 4102.086 ns/op
Iteration   3: 4050.637 ns/op
Iteration   4: 4086.574 ns/op
Iteration   5: 4093.581 ns/op


Result "com.eignex.koblas.bench.KoblasJmhBenchmark.run":
  4086.134 ±(99.9%) 79.526 ns/op [Average]
  (min, avg, max) = (4050.637, 4086.134, 4102.086), stdev = 20.653
  CI (99.9%): [4006.608, 4165.660] (assumes normal distribution)


# JMH version: 1.37
# VM version: JDK 25.0.1, OpenJDK 64-Bit Server VM, 25.0.1+8-LTS
# VM invoker: /home/rasmus/.gradle/jdks/eclipse_adoptium-25-amd64-linux.2/bin/java
# VM options: --enable-native-access=ALL-UNNAMED --add-modules=jdk.incubator.vector -Dfile.encoding=UTF-8 -Duser.country -Duser.language=en -Duser.variant -Dkoblas.bench.cases=/home/rasmus/.codex/worktrees/703f/koblas/koblas-bench/reports/f342c3192a41a07cf0454d7d4d5324f8289cc01329bcc9c990b986dcdd2f5922/20260911T153950Z-a038f25ac668/cases.txt
# Blackhole mode: compiler (auto-detected, use -Djmh.blackhole.autoDetect=false to disable)
# Warmup: 3 iterations, 200000000 ns each
# Measurement: 5 iterations, 200000000 ns each
# Timeout: 10 min per iteration
# Threads: 1 thread, will synchronize iterations
# Benchmark mode: Average time, time/op
# Benchmark: com.eignex.koblas.bench.KoblasJmhBenchmark.run
# Parameters: (benchmarkMode = jvm-simd, caseId = sptrsv+129+sparse-triangular+density=0.02+mode=oneshot+uplo=L+transA=N+diag=N)

# Run progress: 76.92% complete, ETA 00:00:50
# Fork: 1 of 1
WARNING: Using incubator modules: jdk.incubator.vector
WARNING: A terminally deprecated method in sun.misc.Unsafe has been called
WARNING: sun.misc.Unsafe::objectFieldOffset has been called by org.openjdk.jmh.util.Utils (file:/home/rasmus/.gradle/caches/modules-2/files-2.1/org.openjdk.jmh/jmh-core/1.37/896f27e49105b35ea1964319c83d12082e7a79ef/jmh-core-1.37.jar)
WARNING: Please consider reporting this to the maintainers of class org.openjdk.jmh.util.Utils
WARNING: sun.misc.Unsafe::objectFieldOffset will be removed in a future release
# Warmup Iteration   1: 727.963 ns/op
# Warmup Iteration   2: 642.871 ns/op
# Warmup Iteration   3: 646.994 ns/op
Iteration   1: 658.106 ns/op
Iteration   2: 708.535 ns/op
Iteration   3: 633.274 ns/op
Iteration   4: 643.525 ns/op
Iteration   5: 648.216 ns/op


Result "com.eignex.koblas.bench.KoblasJmhBenchmark.run":
  658.331 ±(99.9%) 113.412 ns/op [Average]
  (min, avg, max) = (633.274, 658.331, 708.535), stdev = 29.453
  CI (99.9%): [544.919, 771.743] (assumes normal distribution)


# JMH version: 1.37
# VM version: JDK 25.0.1, OpenJDK 64-Bit Server VM, 25.0.1+8-LTS
# VM invoker: /home/rasmus/.gradle/jdks/eclipse_adoptium-25-amd64-linux.2/bin/java
# VM options: --enable-native-access=ALL-UNNAMED --add-modules=jdk.incubator.vector -Dfile.encoding=UTF-8 -Duser.country -Duser.language=en -Duser.variant -Dkoblas.bench.cases=/home/rasmus/.codex/worktrees/703f/koblas/koblas-bench/reports/f342c3192a41a07cf0454d7d4d5324f8289cc01329bcc9c990b986dcdd2f5922/20260911T153950Z-a038f25ac668/cases.txt
# Blackhole mode: compiler (auto-detected, use -Djmh.blackhole.autoDetect=false to disable)
# Warmup: 3 iterations, 200000000 ns each
# Measurement: 5 iterations, 200000000 ns each
# Timeout: 10 min per iteration
# Threads: 1 thread, will synchronize iterations
# Benchmark mode: Average time, time/op
# Benchmark: com.eignex.koblas.bench.KoblasJmhBenchmark.run
# Parameters: (benchmarkMode = jvm-simd, caseId = sptrmv+129+sparse-triangular+density=0.02+mode=oneshot+uplo=U+transA=T+diag=U)

# Run progress: 77.78% complete, ETA 00:00:48
# Fork: 1 of 1
WARNING: Using incubator modules: jdk.incubator.vector
WARNING: A terminally deprecated method in sun.misc.Unsafe has been called
WARNING: sun.misc.Unsafe::objectFieldOffset has been called by org.openjdk.jmh.util.Utils (file:/home/rasmus/.gradle/caches/modules-2/files-2.1/org.openjdk.jmh/jmh-core/1.37/896f27e49105b35ea1964319c83d12082e7a79ef/jmh-core-1.37.jar)
WARNING: Please consider reporting this to the maintainers of class org.openjdk.jmh.util.Utils
WARNING: sun.misc.Unsafe::objectFieldOffset will be removed in a future release
# Warmup Iteration   1: 433.310 ns/op
# Warmup Iteration   2: 398.527 ns/op
# Warmup Iteration   3: 392.132 ns/op
Iteration   1: 348.366 ns/op
Iteration   2: 381.374 ns/op
Iteration   3: 359.157 ns/op
Iteration   4: 383.394 ns/op
Iteration   5: 410.014 ns/op


Result "com.eignex.koblas.bench.KoblasJmhBenchmark.run":
  376.461 ±(99.9%) 92.069 ns/op [Average]
  (min, avg, max) = (348.366, 376.461, 410.014), stdev = 23.910
  CI (99.9%): [284.392, 468.530] (assumes normal distribution)


# JMH version: 1.37
# VM version: JDK 25.0.1, OpenJDK 64-Bit Server VM, 25.0.1+8-LTS
# VM invoker: /home/rasmus/.gradle/jdks/eclipse_adoptium-25-amd64-linux.2/bin/java
# VM options: --enable-native-access=ALL-UNNAMED --add-modules=jdk.incubator.vector -Dfile.encoding=UTF-8 -Duser.country -Duser.language=en -Duser.variant -Dkoblas.bench.cases=/home/rasmus/.codex/worktrees/703f/koblas/koblas-bench/reports/f342c3192a41a07cf0454d7d4d5324f8289cc01329bcc9c990b986dcdd2f5922/20260911T153950Z-a038f25ac668/cases.txt
# Blackhole mode: compiler (auto-detected, use -Djmh.blackhole.autoDetect=false to disable)
# Warmup: 3 iterations, 200000000 ns each
# Measurement: 5 iterations, 200000000 ns each
# Timeout: 10 min per iteration
# Threads: 1 thread, will synchronize iterations
# Benchmark mode: Average time, time/op
# Benchmark: com.eignex.koblas.bench.KoblasJmhBenchmark.run
# Parameters: (benchmarkMode = jvm-simd, caseId = sptrsm+129x8+sparse-triangular+density=0.02+mode=oneshot+side=L+uplo=L+transA=N+diag=N)

# Run progress: 78.63% complete, ETA 00:00:46
# Fork: 1 of 1
WARNING: Using incubator modules: jdk.incubator.vector
WARNING: A terminally deprecated method in sun.misc.Unsafe has been called
WARNING: sun.misc.Unsafe::objectFieldOffset has been called by org.openjdk.jmh.util.Utils (file:/home/rasmus/.gradle/caches/modules-2/files-2.1/org.openjdk.jmh/jmh-core/1.37/896f27e49105b35ea1964319c83d12082e7a79ef/jmh-core-1.37.jar)
WARNING: Please consider reporting this to the maintainers of class org.openjdk.jmh.util.Utils
WARNING: sun.misc.Unsafe::objectFieldOffset will be removed in a future release
# Warmup Iteration   1: 8247.744 ns/op
# Warmup Iteration   2: 5333.421 ns/op
# Warmup Iteration   3: 5316.558 ns/op
Iteration   1: 5499.667 ns/op
Iteration   2: 5342.865 ns/op
Iteration   3: 5227.980 ns/op
Iteration   4: 5213.785 ns/op
Iteration   5: 5296.533 ns/op


Result "com.eignex.koblas.bench.KoblasJmhBenchmark.run":
  5316.166 ±(99.9%) 443.365 ns/op [Average]
  (min, avg, max) = (5213.785, 5316.166, 5499.667), stdev = 115.140
  CI (99.9%): [4872.801, 5759.531] (assumes normal distribution)


# JMH version: 1.37
# VM version: JDK 25.0.1, OpenJDK 64-Bit Server VM, 25.0.1+8-LTS
# VM invoker: /home/rasmus/.gradle/jdks/eclipse_adoptium-25-amd64-linux.2/bin/java
# VM options: --enable-native-access=ALL-UNNAMED --add-modules=jdk.incubator.vector -Dfile.encoding=UTF-8 -Duser.country -Duser.language=en -Duser.variant -Dkoblas.bench.cases=/home/rasmus/.codex/worktrees/703f/koblas/koblas-bench/reports/f342c3192a41a07cf0454d7d4d5324f8289cc01329bcc9c990b986dcdd2f5922/20260911T153950Z-a038f25ac668/cases.txt
# Blackhole mode: compiler (auto-detected, use -Djmh.blackhole.autoDetect=false to disable)
# Warmup: 3 iterations, 200000000 ns each
# Measurement: 5 iterations, 200000000 ns each
# Timeout: 10 min per iteration
# Threads: 1 thread, will synchronize iterations
# Benchmark mode: Average time, time/op
# Benchmark: com.eignex.koblas.bench.KoblasJmhBenchmark.run
# Parameters: (benchmarkMode = jvm-simd, caseId = sptrmm+129x8+sparse-triangular+density=0.02+mode=oneshot+side=L+uplo=U+transA=T+diag=U)

# Run progress: 79.49% complete, ETA 00:00:44
# Fork: 1 of 1
WARNING: Using incubator modules: jdk.incubator.vector
WARNING: A terminally deprecated method in sun.misc.Unsafe has been called
WARNING: sun.misc.Unsafe::objectFieldOffset has been called by org.openjdk.jmh.util.Utils (file:/home/rasmus/.gradle/caches/modules-2/files-2.1/org.openjdk.jmh/jmh-core/1.37/896f27e49105b35ea1964319c83d12082e7a79ef/jmh-core-1.37.jar)
WARNING: Please consider reporting this to the maintainers of class org.openjdk.jmh.util.Utils
WARNING: sun.misc.Unsafe::objectFieldOffset will be removed in a future release
# Warmup Iteration   1: 6020.766 ns/op
# Warmup Iteration   2: 4654.534 ns/op
# Warmup Iteration   3: 4527.814 ns/op
Iteration   1: 4634.069 ns/op
Iteration   2: 4652.775 ns/op
Iteration   3: 4526.321 ns/op
Iteration   4: 4446.673 ns/op
Iteration   5: 4559.586 ns/op


Result "com.eignex.koblas.bench.KoblasJmhBenchmark.run":
  4563.885 ±(99.9%) 322.142 ns/op [Average]
  (min, avg, max) = (4446.673, 4563.885, 4652.775), stdev = 83.659
  CI (99.9%): [4241.743, 4886.027] (assumes normal distribution)


# JMH version: 1.37
# VM version: JDK 25.0.1, OpenJDK 64-Bit Server VM, 25.0.1+8-LTS
# VM invoker: /home/rasmus/.gradle/jdks/eclipse_adoptium-25-amd64-linux.2/bin/java
# VM options: --enable-native-access=ALL-UNNAMED --add-modules=jdk.incubator.vector -Dfile.encoding=UTF-8 -Duser.country -Duser.language=en -Duser.variant -Dkoblas.bench.cases=/home/rasmus/.codex/worktrees/703f/koblas/koblas-bench/reports/f342c3192a41a07cf0454d7d4d5324f8289cc01329bcc9c990b986dcdd2f5922/20260911T153950Z-a038f25ac668/cases.txt
# Blackhole mode: compiler (auto-detected, use -Djmh.blackhole.autoDetect=false to disable)
# Warmup: 3 iterations, 200000000 ns each
# Measurement: 5 iterations, 200000000 ns each
# Timeout: 10 min per iteration
# Threads: 1 thread, will synchronize iterations
# Benchmark mode: Average time, time/op
# Benchmark: com.eignex.koblas.bench.KoblasJmhBenchmark.run
# Parameters: (benchmarkMode = jvm-simd, caseId = spsyrk-dense+129x65+sparse-uniform+density=0.02+uplo=U)

# Run progress: 80.34% complete, ETA 00:00:42
# Fork: 1 of 1
WARNING: Using incubator modules: jdk.incubator.vector
WARNING: A terminally deprecated method in sun.misc.Unsafe has been called
WARNING: sun.misc.Unsafe::objectFieldOffset has been called by org.openjdk.jmh.util.Utils (file:/home/rasmus/.gradle/caches/modules-2/files-2.1/org.openjdk.jmh/jmh-core/1.37/896f27e49105b35ea1964319c83d12082e7a79ef/jmh-core-1.37.jar)
WARNING: Please consider reporting this to the maintainers of class org.openjdk.jmh.util.Utils
WARNING: sun.misc.Unsafe::objectFieldOffset will be removed in a future release
# Warmup Iteration   1: 10707.045 ns/op
# Warmup Iteration   2: 8340.618 ns/op
# Warmup Iteration   3: 8326.103 ns/op
Iteration   1: 8185.848 ns/op
Iteration   2: 7260.764 ns/op
Iteration   3: 7170.382 ns/op
Iteration   4: 6977.869 ns/op
Iteration   5: 7339.567 ns/op


Result "com.eignex.koblas.bench.KoblasJmhBenchmark.run":
  7386.886 ±(99.9%) 1796.496 ns/op [Average]
  (min, avg, max) = (6977.869, 7386.886, 8185.848), stdev = 466.544
  CI (99.9%): [5590.390, 9183.382] (assumes normal distribution)


# JMH version: 1.37
# VM version: JDK 25.0.1, OpenJDK 64-Bit Server VM, 25.0.1+8-LTS
# VM invoker: /home/rasmus/.gradle/jdks/eclipse_adoptium-25-amd64-linux.2/bin/java
# VM options: --enable-native-access=ALL-UNNAMED --add-modules=jdk.incubator.vector -Dfile.encoding=UTF-8 -Duser.country -Duser.language=en -Duser.variant -Dkoblas.bench.cases=/home/rasmus/.codex/worktrees/703f/koblas/koblas-bench/reports/f342c3192a41a07cf0454d7d4d5324f8289cc01329bcc9c990b986dcdd2f5922/20260911T153950Z-a038f25ac668/cases.txt
# Blackhole mode: compiler (auto-detected, use -Djmh.blackhole.autoDetect=false to disable)
# Warmup: 3 iterations, 200000000 ns each
# Measurement: 5 iterations, 200000000 ns each
# Timeout: 10 min per iteration
# Threads: 1 thread, will synchronize iterations
# Benchmark mode: Average time, time/op
# Benchmark: com.eignex.koblas.bench.KoblasJmhBenchmark.run
# Parameters: (benchmarkMode = jvm-simd, caseId = spsyrk-sparse+129x65+sparse-uniform+density=0.02+uplo=L)

# Run progress: 81.20% complete, ETA 00:00:40
# Fork: 1 of 1
WARNING: Using incubator modules: jdk.incubator.vector
WARNING: A terminally deprecated method in sun.misc.Unsafe has been called
WARNING: sun.misc.Unsafe::objectFieldOffset has been called by org.openjdk.jmh.util.Utils (file:/home/rasmus/.gradle/caches/modules-2/files-2.1/org.openjdk.jmh/jmh-core/1.37/896f27e49105b35ea1964319c83d12082e7a79ef/jmh-core-1.37.jar)
WARNING: Please consider reporting this to the maintainers of class org.openjdk.jmh.util.Utils
WARNING: sun.misc.Unsafe::objectFieldOffset will be removed in a future release
# Warmup Iteration   1: 8257.835 ns/op
# Warmup Iteration   2: 4812.303 ns/op
# Warmup Iteration   3: 3877.889 ns/op
Iteration   1: 3763.337 ns/op
Iteration   2: 3922.830 ns/op
Iteration   3: 3982.703 ns/op
Iteration   4: 4007.047 ns/op
Iteration   5: 3684.632 ns/op


Result "com.eignex.koblas.bench.KoblasJmhBenchmark.run":
  3872.110 ±(99.9%) 544.532 ns/op [Average]
  (min, avg, max) = (3684.632, 3872.110, 4007.047), stdev = 141.413
  CI (99.9%): [3327.577, 4416.642] (assumes normal distribution)


# JMH version: 1.37
# VM version: JDK 25.0.1, OpenJDK 64-Bit Server VM, 25.0.1+8-LTS
# VM invoker: /home/rasmus/.gradle/jdks/eclipse_adoptium-25-amd64-linux.2/bin/java
# VM options: --enable-native-access=ALL-UNNAMED --add-modules=jdk.incubator.vector -Dfile.encoding=UTF-8 -Duser.country -Duser.language=en -Duser.variant -Dkoblas.bench.cases=/home/rasmus/.codex/worktrees/703f/koblas/koblas-bench/reports/f342c3192a41a07cf0454d7d4d5324f8289cc01329bcc9c990b986dcdd2f5922/20260911T153950Z-a038f25ac668/cases.txt
# Blackhole mode: compiler (auto-detected, use -Djmh.blackhole.autoDetect=false to disable)
# Warmup: 3 iterations, 200000000 ns each
# Measurement: 5 iterations, 200000000 ns each
# Timeout: 10 min per iteration
# Threads: 1 thread, will synchronize iterations
# Benchmark mode: Average time, time/op
# Benchmark: com.eignex.koblas.bench.KoblasJmhBenchmark.run
# Parameters: (benchmarkMode = jvm-simd, caseId = spadd+129x65+sparse-uniform+density=0.02)

# Run progress: 82.05% complete, ETA 00:00:38
# Fork: 1 of 1
WARNING: Using incubator modules: jdk.incubator.vector
WARNING: A terminally deprecated method in sun.misc.Unsafe has been called
WARNING: sun.misc.Unsafe::objectFieldOffset has been called by org.openjdk.jmh.util.Utils (file:/home/rasmus/.gradle/caches/modules-2/files-2.1/org.openjdk.jmh/jmh-core/1.37/896f27e49105b35ea1964319c83d12082e7a79ef/jmh-core-1.37.jar)
WARNING: Please consider reporting this to the maintainers of class org.openjdk.jmh.util.Utils
WARNING: sun.misc.Unsafe::objectFieldOffset will be removed in a future release
# Warmup Iteration   1: 3485.917 ns/op
# Warmup Iteration   2: 1552.200 ns/op
# Warmup Iteration   3: 1330.563 ns/op
Iteration   1: 1632.787 ns/op
Iteration   2: 1332.000 ns/op
Iteration   3: 1340.528 ns/op
Iteration   4: 1326.462 ns/op
Iteration   5: 1323.422 ns/op


Result "com.eignex.koblas.bench.KoblasJmhBenchmark.run":
  1391.040 ±(99.9%) 520.982 ns/op [Average]
  (min, avg, max) = (1323.422, 1391.040, 1632.787), stdev = 135.297
  CI (99.9%): [870.058, 1912.022] (assumes normal distribution)


# JMH version: 1.37
# VM version: JDK 25.0.1, OpenJDK 64-Bit Server VM, 25.0.1+8-LTS
# VM invoker: /home/rasmus/.gradle/jdks/eclipse_adoptium-25-amd64-linux.2/bin/java
# VM options: --enable-native-access=ALL-UNNAMED --add-modules=jdk.incubator.vector -Dfile.encoding=UTF-8 -Duser.country -Duser.language=en -Duser.variant -Dkoblas.bench.cases=/home/rasmus/.codex/worktrees/703f/koblas/koblas-bench/reports/f342c3192a41a07cf0454d7d4d5324f8289cc01329bcc9c990b986dcdd2f5922/20260911T153950Z-a038f25ac668/cases.txt
# Blackhole mode: compiler (auto-detected, use -Djmh.blackhole.autoDetect=false to disable)
# Warmup: 3 iterations, 200000000 ns each
# Measurement: 5 iterations, 200000000 ns each
# Timeout: 10 min per iteration
# Threads: 1 thread, will synchronize iterations
# Benchmark mode: Average time, time/op
# Benchmark: com.eignex.koblas.bench.KoblasJmhBenchmark.run
# Parameters: (benchmarkMode = jvm-simd, caseId = sparse-slices-scatter+512+sparse-uniform+density=0.25)

# Run progress: 82.91% complete, ETA 00:00:37
# Fork: 1 of 1
WARNING: Using incubator modules: jdk.incubator.vector
WARNING: A terminally deprecated method in sun.misc.Unsafe has been called
WARNING: sun.misc.Unsafe::objectFieldOffset has been called by org.openjdk.jmh.util.Utils (file:/home/rasmus/.gradle/caches/modules-2/files-2.1/org.openjdk.jmh/jmh-core/1.37/896f27e49105b35ea1964319c83d12082e7a79ef/jmh-core-1.37.jar)
WARNING: Please consider reporting this to the maintainers of class org.openjdk.jmh.util.Utils
WARNING: sun.misc.Unsafe::objectFieldOffset will be removed in a future release
# Warmup Iteration   1: 273.572 ns/op
# Warmup Iteration   2: 213.591 ns/op
# Warmup Iteration   3: 217.298 ns/op
Iteration   1: 227.115 ns/op
Iteration   2: 233.477 ns/op
Iteration   3: 234.978 ns/op
Iteration   4: 234.708 ns/op
Iteration   5: 236.405 ns/op


Result "com.eignex.koblas.bench.KoblasJmhBenchmark.run":
  233.337 ±(99.9%) 13.979 ns/op [Average]
  (min, avg, max) = (227.115, 233.337, 236.405), stdev = 3.630
  CI (99.9%): [219.357, 247.316] (assumes normal distribution)


# JMH version: 1.37
# VM version: JDK 25.0.1, OpenJDK 64-Bit Server VM, 25.0.1+8-LTS
# VM invoker: /home/rasmus/.gradle/jdks/eclipse_adoptium-25-amd64-linux.2/bin/java
# VM options: --enable-native-access=ALL-UNNAMED --add-modules=jdk.incubator.vector -Dfile.encoding=UTF-8 -Duser.country -Duser.language=en -Duser.variant -Dkoblas.bench.cases=/home/rasmus/.codex/worktrees/703f/koblas/koblas-bench/reports/f342c3192a41a07cf0454d7d4d5324f8289cc01329bcc9c990b986dcdd2f5922/20260911T153950Z-a038f25ac668/cases.txt
# Blackhole mode: compiler (auto-detected, use -Djmh.blackhole.autoDetect=false to disable)
# Warmup: 3 iterations, 200000000 ns each
# Measurement: 5 iterations, 200000000 ns each
# Timeout: 10 min per iteration
# Threads: 1 thread, will synchronize iterations
# Benchmark mode: Average time, time/op
# Benchmark: com.eignex.koblas.bench.KoblasJmhBenchmark.run
# Parameters: (benchmarkMode = jvm-simd, caseId = sparse-slices-scatter-checked+512+sparse-uniform+density=0.25)

# Run progress: 83.76% complete, ETA 00:00:35
# Fork: 1 of 1
WARNING: Using incubator modules: jdk.incubator.vector
WARNING: A terminally deprecated method in sun.misc.Unsafe has been called
WARNING: sun.misc.Unsafe::objectFieldOffset has been called by org.openjdk.jmh.util.Utils (file:/home/rasmus/.gradle/caches/modules-2/files-2.1/org.openjdk.jmh/jmh-core/1.37/896f27e49105b35ea1964319c83d12082e7a79ef/jmh-core-1.37.jar)
WARNING: Please consider reporting this to the maintainers of class org.openjdk.jmh.util.Utils
WARNING: sun.misc.Unsafe::objectFieldOffset will be removed in a future release
# Warmup Iteration   1: 449.873 ns/op
# Warmup Iteration   2: 375.387 ns/op
# Warmup Iteration   3: 374.290 ns/op
Iteration   1: 376.203 ns/op
Iteration   2: 373.570 ns/op
Iteration   3: 371.146 ns/op
Iteration   4: 336.172 ns/op
Iteration   5: 343.065 ns/op


Result "com.eignex.koblas.bench.KoblasJmhBenchmark.run":
  360.031 ±(99.9%) 72.691 ns/op [Average]
  (min, avg, max) = (336.172, 360.031, 376.203), stdev = 18.878
  CI (99.9%): [287.340, 432.722] (assumes normal distribution)


# JMH version: 1.37
# VM version: JDK 25.0.1, OpenJDK 64-Bit Server VM, 25.0.1+8-LTS
# VM invoker: /home/rasmus/.gradle/jdks/eclipse_adoptium-25-amd64-linux.2/bin/java
# VM options: --enable-native-access=ALL-UNNAMED --add-modules=jdk.incubator.vector -Dfile.encoding=UTF-8 -Duser.country -Duser.language=en -Duser.variant -Dkoblas.bench.cases=/home/rasmus/.codex/worktrees/703f/koblas/koblas-bench/reports/f342c3192a41a07cf0454d7d4d5324f8289cc01329bcc9c990b986dcdd2f5922/20260911T153950Z-a038f25ac668/cases.txt
# Blackhole mode: compiler (auto-detected, use -Djmh.blackhole.autoDetect=false to disable)
# Warmup: 3 iterations, 200000000 ns each
# Measurement: 5 iterations, 200000000 ns each
# Timeout: 10 min per iteration
# Threads: 1 thread, will synchronize iterations
# Benchmark mode: Average time, time/op
# Benchmark: com.eignex.koblas.bench.KoblasJmhBenchmark.run
# Parameters: (benchmarkMode = jvm-simd, caseId = sparse-slices-gather+512+sparse-uniform+density=0.25)

# Run progress: 84.62% complete, ETA 00:00:33
# Fork: 1 of 1
WARNING: Using incubator modules: jdk.incubator.vector
WARNING: A terminally deprecated method in sun.misc.Unsafe has been called
WARNING: sun.misc.Unsafe::objectFieldOffset has been called by org.openjdk.jmh.util.Utils (file:/home/rasmus/.gradle/caches/modules-2/files-2.1/org.openjdk.jmh/jmh-core/1.37/896f27e49105b35ea1964319c83d12082e7a79ef/jmh-core-1.37.jar)
WARNING: Please consider reporting this to the maintainers of class org.openjdk.jmh.util.Utils
WARNING: sun.misc.Unsafe::objectFieldOffset will be removed in a future release
# Warmup Iteration   1: 84.753 ns/op
# Warmup Iteration   2: 76.917 ns/op
# Warmup Iteration   3: 75.876 ns/op
Iteration   1: 75.818 ns/op
Iteration   2: 76.321 ns/op
Iteration   3: 81.209 ns/op
Iteration   4: 83.489 ns/op
Iteration   5: 85.692 ns/op


Result "com.eignex.koblas.bench.KoblasJmhBenchmark.run":
  80.506 ±(99.9%) 16.761 ns/op [Average]
  (min, avg, max) = (75.818, 80.506, 85.692), stdev = 4.353
  CI (99.9%): [63.745, 97.266] (assumes normal distribution)


# JMH version: 1.37
# VM version: JDK 25.0.1, OpenJDK 64-Bit Server VM, 25.0.1+8-LTS
# VM invoker: /home/rasmus/.gradle/jdks/eclipse_adoptium-25-amd64-linux.2/bin/java
# VM options: --enable-native-access=ALL-UNNAMED --add-modules=jdk.incubator.vector -Dfile.encoding=UTF-8 -Duser.country -Duser.language=en -Duser.variant -Dkoblas.bench.cases=/home/rasmus/.codex/worktrees/703f/koblas/koblas-bench/reports/f342c3192a41a07cf0454d7d4d5324f8289cc01329bcc9c990b986dcdd2f5922/20260911T153950Z-a038f25ac668/cases.txt
# Blackhole mode: compiler (auto-detected, use -Djmh.blackhole.autoDetect=false to disable)
# Warmup: 3 iterations, 200000000 ns each
# Measurement: 5 iterations, 200000000 ns each
# Timeout: 10 min per iteration
# Threads: 1 thread, will synchronize iterations
# Benchmark mode: Average time, time/op
# Benchmark: com.eignex.koblas.bench.KoblasJmhBenchmark.run
# Parameters: (benchmarkMode = jvm-simd, caseId = sparse-slices-gather-clear+512+sparse-uniform+density=0.25)

# Run progress: 85.47% complete, ETA 00:00:31
# Fork: 1 of 1
WARNING: Using incubator modules: jdk.incubator.vector
WARNING: A terminally deprecated method in sun.misc.Unsafe has been called
WARNING: sun.misc.Unsafe::objectFieldOffset has been called by org.openjdk.jmh.util.Utils (file:/home/rasmus/.gradle/caches/modules-2/files-2.1/org.openjdk.jmh/jmh-core/1.37/896f27e49105b35ea1964319c83d12082e7a79ef/jmh-core-1.37.jar)
WARNING: Please consider reporting this to the maintainers of class org.openjdk.jmh.util.Utils
WARNING: sun.misc.Unsafe::objectFieldOffset will be removed in a future release
# Warmup Iteration   1: 222.786 ns/op
# Warmup Iteration   2: 207.206 ns/op
# Warmup Iteration   3: 207.647 ns/op
Iteration   1: 206.618 ns/op
Iteration   2: 205.970 ns/op
Iteration   3: 209.096 ns/op
Iteration   4: 209.031 ns/op
Iteration   5: 206.190 ns/op


Result "com.eignex.koblas.bench.KoblasJmhBenchmark.run":
  207.381 ±(99.9%) 5.983 ns/op [Average]
  (min, avg, max) = (205.970, 207.381, 209.096), stdev = 1.554
  CI (99.9%): [201.398, 213.364] (assumes normal distribution)


# JMH version: 1.37
# VM version: JDK 25.0.1, OpenJDK 64-Bit Server VM, 25.0.1+8-LTS
# VM invoker: /home/rasmus/.gradle/jdks/eclipse_adoptium-25-amd64-linux.2/bin/java
# VM options: --enable-native-access=ALL-UNNAMED --add-modules=jdk.incubator.vector -Dfile.encoding=UTF-8 -Duser.country -Duser.language=en -Duser.variant -Dkoblas.bench.cases=/home/rasmus/.codex/worktrees/703f/koblas/koblas-bench/reports/f342c3192a41a07cf0454d7d4d5324f8289cc01329bcc9c990b986dcdd2f5922/20260911T153950Z-a038f25ac668/cases.txt
# Blackhole mode: compiler (auto-detected, use -Djmh.blackhole.autoDetect=false to disable)
# Warmup: 3 iterations, 200000000 ns each
# Measurement: 5 iterations, 200000000 ns each
# Timeout: 10 min per iteration
# Threads: 1 thread, will synchronize iterations
# Benchmark mode: Average time, time/op
# Benchmark: com.eignex.koblas.bench.KoblasJmhBenchmark.run
# Parameters: (benchmarkMode = jvm-simd, caseId = sparse-slices-clear+512+sparse-uniform+density=0.25)

# Run progress: 86.32% complete, ETA 00:00:29
# Fork: 1 of 1
WARNING: Using incubator modules: jdk.incubator.vector
WARNING: A terminally deprecated method in sun.misc.Unsafe has been called
WARNING: sun.misc.Unsafe::objectFieldOffset has been called by org.openjdk.jmh.util.Utils (file:/home/rasmus/.gradle/caches/modules-2/files-2.1/org.openjdk.jmh/jmh-core/1.37/896f27e49105b35ea1964319c83d12082e7a79ef/jmh-core-1.37.jar)
WARNING: Please consider reporting this to the maintainers of class org.openjdk.jmh.util.Utils
WARNING: sun.misc.Unsafe::objectFieldOffset will be removed in a future release
# Warmup Iteration   1: 152.173 ns/op
# Warmup Iteration   2: 142.179 ns/op
# Warmup Iteration   3: 144.842 ns/op
Iteration   1: 151.908 ns/op
Iteration   2: 152.061 ns/op
Iteration   3: 152.503 ns/op
Iteration   4: 152.587 ns/op
Iteration   5: 151.653 ns/op


Result "com.eignex.koblas.bench.KoblasJmhBenchmark.run":
  152.142 ±(99.9%) 1.526 ns/op [Average]
  (min, avg, max) = (151.653, 152.142, 152.587), stdev = 0.396
  CI (99.9%): [150.616, 153.669] (assumes normal distribution)


# JMH version: 1.37
# VM version: JDK 25.0.1, OpenJDK 64-Bit Server VM, 25.0.1+8-LTS
# VM invoker: /home/rasmus/.gradle/jdks/eclipse_adoptium-25-amd64-linux.2/bin/java
# VM options: --enable-native-access=ALL-UNNAMED --add-modules=jdk.incubator.vector -Dfile.encoding=UTF-8 -Duser.country -Duser.language=en -Duser.variant -Dkoblas.bench.cases=/home/rasmus/.codex/worktrees/703f/koblas/koblas-bench/reports/f342c3192a41a07cf0454d7d4d5324f8289cc01329bcc9c990b986dcdd2f5922/20260911T153950Z-a038f25ac668/cases.txt
# Blackhole mode: compiler (auto-detected, use -Djmh.blackhole.autoDetect=false to disable)
# Warmup: 3 iterations, 200000000 ns each
# Measurement: 5 iterations, 200000000 ns each
# Timeout: 10 min per iteration
# Threads: 1 thread, will synchronize iterations
# Benchmark mode: Average time, time/op
# Benchmark: com.eignex.koblas.bench.KoblasJmhBenchmark.run
# Parameters: (benchmarkMode = jvm-simd, caseId = sparse-slices-clear-local+512+sparse-uniform+density=0.25)

# Run progress: 87.18% complete, ETA 00:00:27
# Fork: 1 of 1
WARNING: Using incubator modules: jdk.incubator.vector
WARNING: A terminally deprecated method in sun.misc.Unsafe has been called
WARNING: sun.misc.Unsafe::objectFieldOffset has been called by org.openjdk.jmh.util.Utils (file:/home/rasmus/.gradle/caches/modules-2/files-2.1/org.openjdk.jmh/jmh-core/1.37/896f27e49105b35ea1964319c83d12082e7a79ef/jmh-core-1.37.jar)
WARNING: Please consider reporting this to the maintainers of class org.openjdk.jmh.util.Utils
WARNING: sun.misc.Unsafe::objectFieldOffset will be removed in a future release
# Warmup Iteration   1: 158.159 ns/op
# Warmup Iteration   2: 139.498 ns/op
# Warmup Iteration   3: 137.852 ns/op
Iteration   1: 137.978 ns/op
Iteration   2: 137.943 ns/op
Iteration   3: 138.404 ns/op
Iteration   4: 137.948 ns/op
Iteration   5: 139.762 ns/op


Result "com.eignex.koblas.bench.KoblasJmhBenchmark.run":
  138.407 ±(99.9%) 3.011 ns/op [Average]
  (min, avg, max) = (137.943, 138.407, 139.762), stdev = 0.782
  CI (99.9%): [135.397, 141.418] (assumes normal distribution)


# JMH version: 1.37
# VM version: JDK 25.0.1, OpenJDK 64-Bit Server VM, 25.0.1+8-LTS
# VM invoker: /home/rasmus/.gradle/jdks/eclipse_adoptium-25-amd64-linux.2/bin/java
# VM options: --enable-native-access=ALL-UNNAMED --add-modules=jdk.incubator.vector -Dfile.encoding=UTF-8 -Duser.country -Duser.language=en -Duser.variant -Dkoblas.bench.cases=/home/rasmus/.codex/worktrees/703f/koblas/koblas-bench/reports/f342c3192a41a07cf0454d7d4d5324f8289cc01329bcc9c990b986dcdd2f5922/20260911T153950Z-a038f25ac668/cases.txt
# Blackhole mode: compiler (auto-detected, use -Djmh.blackhole.autoDetect=false to disable)
# Warmup: 3 iterations, 200000000 ns each
# Measurement: 5 iterations, 200000000 ns each
# Timeout: 10 min per iteration
# Threads: 1 thread, will synchronize iterations
# Benchmark mode: Average time, time/op
# Benchmark: com.eignex.koblas.bench.KoblasJmhBenchmark.run
# Parameters: (benchmarkMode = jvm-simd, caseId = sparse-slices-reduce-dot-checked+512+sparse-uniform+density=0.25)

# Run progress: 88.03% complete, ETA 00:00:25
# Fork: 1 of 1
WARNING: Using incubator modules: jdk.incubator.vector
WARNING: A terminally deprecated method in sun.misc.Unsafe has been called
WARNING: sun.misc.Unsafe::objectFieldOffset has been called by org.openjdk.jmh.util.Utils (file:/home/rasmus/.gradle/caches/modules-2/files-2.1/org.openjdk.jmh/jmh-core/1.37/896f27e49105b35ea1964319c83d12082e7a79ef/jmh-core-1.37.jar)
WARNING: Please consider reporting this to the maintainers of class org.openjdk.jmh.util.Utils
WARNING: sun.misc.Unsafe::objectFieldOffset will be removed in a future release
# Warmup Iteration   1: 452.193 ns/op
# Warmup Iteration   2: 403.443 ns/op
# Warmup Iteration   3: 403.981 ns/op
Iteration   1: 406.571 ns/op
Iteration   2: 408.550 ns/op
Iteration   3: 404.160 ns/op
Iteration   4: 404.227 ns/op
Iteration   5: 402.775 ns/op


Result "com.eignex.koblas.bench.KoblasJmhBenchmark.run":
  405.257 ±(99.9%) 8.822 ns/op [Average]
  (min, avg, max) = (402.775, 405.257, 408.550), stdev = 2.291
  CI (99.9%): [396.434, 414.079] (assumes normal distribution)


# JMH version: 1.37
# VM version: JDK 25.0.1, OpenJDK 64-Bit Server VM, 25.0.1+8-LTS
# VM invoker: /home/rasmus/.gradle/jdks/eclipse_adoptium-25-amd64-linux.2/bin/java
# VM options: --enable-native-access=ALL-UNNAMED --add-modules=jdk.incubator.vector -Dfile.encoding=UTF-8 -Duser.country -Duser.language=en -Duser.variant -Dkoblas.bench.cases=/home/rasmus/.codex/worktrees/703f/koblas/koblas-bench/reports/f342c3192a41a07cf0454d7d4d5324f8289cc01329bcc9c990b986dcdd2f5922/20260911T153950Z-a038f25ac668/cases.txt
# Blackhole mode: compiler (auto-detected, use -Djmh.blackhole.autoDetect=false to disable)
# Warmup: 3 iterations, 200000000 ns each
# Measurement: 5 iterations, 200000000 ns each
# Timeout: 10 min per iteration
# Threads: 1 thread, will synchronize iterations
# Benchmark mode: Average time, time/op
# Benchmark: com.eignex.koblas.bench.KoblasJmhBenchmark.run
# Parameters: (benchmarkMode = jvm-simd, caseId = sparse-slices-reduce-dot-local+512+sparse-uniform+density=0.25)

# Run progress: 88.89% complete, ETA 00:00:24
# Fork: 1 of 1
WARNING: Using incubator modules: jdk.incubator.vector
WARNING: A terminally deprecated method in sun.misc.Unsafe has been called
WARNING: sun.misc.Unsafe::objectFieldOffset has been called by org.openjdk.jmh.util.Utils (file:/home/rasmus/.gradle/caches/modules-2/files-2.1/org.openjdk.jmh/jmh-core/1.37/896f27e49105b35ea1964319c83d12082e7a79ef/jmh-core-1.37.jar)
WARNING: Please consider reporting this to the maintainers of class org.openjdk.jmh.util.Utils
WARNING: sun.misc.Unsafe::objectFieldOffset will be removed in a future release
# Warmup Iteration   1: 318.444 ns/op
# Warmup Iteration   2: 293.887 ns/op
# Warmup Iteration   3: 294.032 ns/op
Iteration   1: 291.171 ns/op
Iteration   2: 293.221 ns/op
Iteration   3: 296.765 ns/op
Iteration   4: 299.203 ns/op
Iteration   5: 298.472 ns/op


Result "com.eignex.koblas.bench.KoblasJmhBenchmark.run":
  295.766 ±(99.9%) 13.300 ns/op [Average]
  (min, avg, max) = (291.171, 295.766, 299.203), stdev = 3.454
  CI (99.9%): [282.466, 309.067] (assumes normal distribution)


# JMH version: 1.37
# VM version: JDK 25.0.1, OpenJDK 64-Bit Server VM, 25.0.1+8-LTS
# VM invoker: /home/rasmus/.gradle/jdks/eclipse_adoptium-25-amd64-linux.2/bin/java
# VM options: --enable-native-access=ALL-UNNAMED --add-modules=jdk.incubator.vector -Dfile.encoding=UTF-8 -Duser.country -Duser.language=en -Duser.variant -Dkoblas.bench.cases=/home/rasmus/.codex/worktrees/703f/koblas/koblas-bench/reports/f342c3192a41a07cf0454d7d4d5324f8289cc01329bcc9c990b986dcdd2f5922/20260911T153950Z-a038f25ac668/cases.txt
# Blackhole mode: compiler (auto-detected, use -Djmh.blackhole.autoDetect=false to disable)
# Warmup: 3 iterations, 200000000 ns each
# Measurement: 5 iterations, 200000000 ns each
# Timeout: 10 min per iteration
# Threads: 1 thread, will synchronize iterations
# Benchmark mode: Average time, time/op
# Benchmark: com.eignex.koblas.bench.KoblasJmhBenchmark.run
# Parameters: (benchmarkMode = jvm-simd, caseId = sparse-slices-reduce-dot-unchecked+512+sparse-uniform+density=0.25)

# Run progress: 89.74% complete, ETA 00:00:22
# Fork: 1 of 1
WARNING: Using incubator modules: jdk.incubator.vector
WARNING: A terminally deprecated method in sun.misc.Unsafe has been called
WARNING: sun.misc.Unsafe::objectFieldOffset has been called by org.openjdk.jmh.util.Utils (file:/home/rasmus/.gradle/caches/modules-2/files-2.1/org.openjdk.jmh/jmh-core/1.37/896f27e49105b35ea1964319c83d12082e7a79ef/jmh-core-1.37.jar)
WARNING: Please consider reporting this to the maintainers of class org.openjdk.jmh.util.Utils
WARNING: sun.misc.Unsafe::objectFieldOffset will be removed in a future release
# Warmup Iteration   1: 117.024 ns/op
# Warmup Iteration   2: 74.237 ns/op
# Warmup Iteration   3: 74.079 ns/op
Iteration   1: 64.878 ns/op
Iteration   2: 67.025 ns/op
Iteration   3: 67.812 ns/op
Iteration   4: 68.612 ns/op
Iteration   5: 67.628 ns/op


Result "com.eignex.koblas.bench.KoblasJmhBenchmark.run":
  67.191 ±(99.9%) 5.437 ns/op [Average]
  (min, avg, max) = (64.878, 67.191, 68.612), stdev = 1.412
  CI (99.9%): [61.754, 72.628] (assumes normal distribution)


# JMH version: 1.37
# VM version: JDK 25.0.1, OpenJDK 64-Bit Server VM, 25.0.1+8-LTS
# VM invoker: /home/rasmus/.gradle/jdks/eclipse_adoptium-25-amd64-linux.2/bin/java
# VM options: --enable-native-access=ALL-UNNAMED --add-modules=jdk.incubator.vector -Dfile.encoding=UTF-8 -Duser.country -Duser.language=en -Duser.variant -Dkoblas.bench.cases=/home/rasmus/.codex/worktrees/703f/koblas/koblas-bench/reports/f342c3192a41a07cf0454d7d4d5324f8289cc01329bcc9c990b986dcdd2f5922/20260911T153950Z-a038f25ac668/cases.txt
# Blackhole mode: compiler (auto-detected, use -Djmh.blackhole.autoDetect=false to disable)
# Warmup: 3 iterations, 200000000 ns each
# Measurement: 5 iterations, 200000000 ns each
# Timeout: 10 min per iteration
# Threads: 1 thread, will synchronize iterations
# Benchmark mode: Average time, time/op
# Benchmark: com.eignex.koblas.bench.KoblasJmhBenchmark.run
# Parameters: (benchmarkMode = jvm-simd, caseId = sparse-slices-max+512+sparse-uniform+density=0.25)

# Run progress: 90.60% complete, ETA 00:00:20
# Fork: 1 of 1
WARNING: Using incubator modules: jdk.incubator.vector
WARNING: A terminally deprecated method in sun.misc.Unsafe has been called
WARNING: sun.misc.Unsafe::objectFieldOffset has been called by org.openjdk.jmh.util.Utils (file:/home/rasmus/.gradle/caches/modules-2/files-2.1/org.openjdk.jmh/jmh-core/1.37/896f27e49105b35ea1964319c83d12082e7a79ef/jmh-core-1.37.jar)
WARNING: Please consider reporting this to the maintainers of class org.openjdk.jmh.util.Utils
WARNING: sun.misc.Unsafe::objectFieldOffset will be removed in a future release
# Warmup Iteration   1: 261.165 ns/op
# Warmup Iteration   2: 263.949 ns/op
# Warmup Iteration   3: 243.261 ns/op
Iteration   1: 250.644 ns/op
Iteration   2: 245.938 ns/op
Iteration   3: 249.585 ns/op
Iteration   4: 247.848 ns/op
Iteration   5: 245.928 ns/op


Result "com.eignex.koblas.bench.KoblasJmhBenchmark.run":
  247.989 ±(99.9%) 8.184 ns/op [Average]
  (min, avg, max) = (245.928, 247.989, 250.644), stdev = 2.125
  CI (99.9%): [239.805, 256.173] (assumes normal distribution)


# JMH version: 1.37
# VM version: JDK 25.0.1, OpenJDK 64-Bit Server VM, 25.0.1+8-LTS
# VM invoker: /home/rasmus/.gradle/jdks/eclipse_adoptium-25-amd64-linux.2/bin/java
# VM options: --enable-native-access=ALL-UNNAMED --add-modules=jdk.incubator.vector -Dfile.encoding=UTF-8 -Duser.country -Duser.language=en -Duser.variant -Dkoblas.bench.cases=/home/rasmus/.codex/worktrees/703f/koblas/koblas-bench/reports/f342c3192a41a07cf0454d7d4d5324f8289cc01329bcc9c990b986dcdd2f5922/20260911T153950Z-a038f25ac668/cases.txt
# Blackhole mode: compiler (auto-detected, use -Djmh.blackhole.autoDetect=false to disable)
# Warmup: 3 iterations, 200000000 ns each
# Measurement: 5 iterations, 200000000 ns each
# Timeout: 10 min per iteration
# Threads: 1 thread, will synchronize iterations
# Benchmark mode: Average time, time/op
# Benchmark: com.eignex.koblas.bench.KoblasJmhBenchmark.run
# Parameters: (benchmarkMode = jvm-simd, caseId = sparse-slices-filter+512+sparse-uniform+density=0.25)

# Run progress: 91.45% complete, ETA 00:00:18
# Fork: 1 of 1
WARNING: Using incubator modules: jdk.incubator.vector
WARNING: A terminally deprecated method in sun.misc.Unsafe has been called
WARNING: sun.misc.Unsafe::objectFieldOffset has been called by org.openjdk.jmh.util.Utils (file:/home/rasmus/.gradle/caches/modules-2/files-2.1/org.openjdk.jmh/jmh-core/1.37/896f27e49105b35ea1964319c83d12082e7a79ef/jmh-core-1.37.jar)
WARNING: Please consider reporting this to the maintainers of class org.openjdk.jmh.util.Utils
WARNING: sun.misc.Unsafe::objectFieldOffset will be removed in a future release
# Warmup Iteration   1: 184.727 ns/op
# Warmup Iteration   2: 171.457 ns/op
# Warmup Iteration   3: 170.485 ns/op
Iteration   1: 168.890 ns/op
Iteration   2: 183.251 ns/op
Iteration   3: 183.578 ns/op
Iteration   4: 183.808 ns/op
Iteration   5: 183.153 ns/op


Result "com.eignex.koblas.bench.KoblasJmhBenchmark.run":
  180.536 ±(99.9%) 25.089 ns/op [Average]
  (min, avg, max) = (168.890, 180.536, 183.808), stdev = 6.515
  CI (99.9%): [155.447, 205.625] (assumes normal distribution)


# JMH version: 1.37
# VM version: JDK 25.0.1, OpenJDK 64-Bit Server VM, 25.0.1+8-LTS
# VM invoker: /home/rasmus/.gradle/jdks/eclipse_adoptium-25-amd64-linux.2/bin/java
# VM options: --enable-native-access=ALL-UNNAMED --add-modules=jdk.incubator.vector -Dfile.encoding=UTF-8 -Duser.country -Duser.language=en -Duser.variant -Dkoblas.bench.cases=/home/rasmus/.codex/worktrees/703f/koblas/koblas-bench/reports/f342c3192a41a07cf0454d7d4d5324f8289cc01329bcc9c990b986dcdd2f5922/20260911T153950Z-a038f25ac668/cases.txt
# Blackhole mode: compiler (auto-detected, use -Djmh.blackhole.autoDetect=false to disable)
# Warmup: 3 iterations, 200000000 ns each
# Measurement: 5 iterations, 200000000 ns each
# Timeout: 10 min per iteration
# Threads: 1 thread, will synchronize iterations
# Benchmark mode: Average time, time/op
# Benchmark: com.eignex.koblas.bench.KoblasJmhBenchmark.run
# Parameters: (benchmarkMode = jvm-simd, caseId = gemm+257x3x1+uniform)

# Run progress: 92.31% complete, ETA 00:00:16
# Fork: 1 of 1
WARNING: Using incubator modules: jdk.incubator.vector
WARNING: A terminally deprecated method in sun.misc.Unsafe has been called
WARNING: sun.misc.Unsafe::objectFieldOffset has been called by org.openjdk.jmh.util.Utils (file:/home/rasmus/.gradle/caches/modules-2/files-2.1/org.openjdk.jmh/jmh-core/1.37/896f27e49105b35ea1964319c83d12082e7a79ef/jmh-core-1.37.jar)
WARNING: Please consider reporting this to the maintainers of class org.openjdk.jmh.util.Utils
WARNING: sun.misc.Unsafe::objectFieldOffset will be removed in a future release
# Warmup Iteration   1: 2579.622 ns/op
# Warmup Iteration   2: 1535.766 ns/op
# Warmup Iteration   3: 1553.330 ns/op
Iteration   1: 1546.838 ns/op
Iteration   2: 1532.632 ns/op
Iteration   3: 1628.631 ns/op
Iteration   4: 1687.692 ns/op
Iteration   5: 1705.914 ns/op


Result "com.eignex.koblas.bench.KoblasJmhBenchmark.run":
  1620.341 ±(99.9%) 304.561 ns/op [Average]
  (min, avg, max) = (1532.632, 1620.341, 1705.914), stdev = 79.094
  CI (99.9%): [1315.780, 1924.903] (assumes normal distribution)


# JMH version: 1.37
# VM version: JDK 25.0.1, OpenJDK 64-Bit Server VM, 25.0.1+8-LTS
# VM invoker: /home/rasmus/.gradle/jdks/eclipse_adoptium-25-amd64-linux.2/bin/java
# VM options: --enable-native-access=ALL-UNNAMED --add-modules=jdk.incubator.vector -Dfile.encoding=UTF-8 -Duser.country -Duser.language=en -Duser.variant -Dkoblas.bench.cases=/home/rasmus/.codex/worktrees/703f/koblas/koblas-bench/reports/f342c3192a41a07cf0454d7d4d5324f8289cc01329bcc9c990b986dcdd2f5922/20260911T153950Z-a038f25ac668/cases.txt
# Blackhole mode: compiler (auto-detected, use -Djmh.blackhole.autoDetect=false to disable)
# Warmup: 3 iterations, 200000000 ns each
# Measurement: 5 iterations, 200000000 ns each
# Timeout: 10 min per iteration
# Threads: 1 thread, will synchronize iterations
# Benchmark mode: Average time, time/op
# Benchmark: com.eignex.koblas.bench.KoblasJmhBenchmark.run
# Parameters: (benchmarkMode = jvm-simd, caseId = gemm+3x257x33+uniform)

# Run progress: 93.16% complete, ETA 00:00:14
# Fork: 1 of 1
WARNING: Using incubator modules: jdk.incubator.vector
WARNING: A terminally deprecated method in sun.misc.Unsafe has been called
WARNING: sun.misc.Unsafe::objectFieldOffset has been called by org.openjdk.jmh.util.Utils (file:/home/rasmus/.gradle/caches/modules-2/files-2.1/org.openjdk.jmh/jmh-core/1.37/896f27e49105b35ea1964319c83d12082e7a79ef/jmh-core-1.37.jar)
WARNING: Please consider reporting this to the maintainers of class org.openjdk.jmh.util.Utils
WARNING: sun.misc.Unsafe::objectFieldOffset will be removed in a future release
# Warmup Iteration   1: 24505.095 ns/op
# Warmup Iteration   2: 14907.119 ns/op
# Warmup Iteration   3: 14663.560 ns/op
Iteration   1: 14627.925 ns/op
Iteration   2: 14738.452 ns/op
Iteration   3: 14837.223 ns/op
Iteration   4: 14725.729 ns/op
Iteration   5: 14405.421 ns/op


Result "com.eignex.koblas.bench.KoblasJmhBenchmark.run":
  14666.950 ±(99.9%) 631.202 ns/op [Average]
  (min, avg, max) = (14405.421, 14666.950, 14837.223), stdev = 163.921
  CI (99.9%): [14035.748, 15298.152] (assumes normal distribution)


# JMH version: 1.37
# VM version: JDK 25.0.1, OpenJDK 64-Bit Server VM, 25.0.1+8-LTS
# VM invoker: /home/rasmus/.gradle/jdks/eclipse_adoptium-25-amd64-linux.2/bin/java
# VM options: --enable-native-access=ALL-UNNAMED --add-modules=jdk.incubator.vector -Dfile.encoding=UTF-8 -Duser.country -Duser.language=en -Duser.variant -Dkoblas.bench.cases=/home/rasmus/.codex/worktrees/703f/koblas/koblas-bench/reports/f342c3192a41a07cf0454d7d4d5324f8289cc01329bcc9c990b986dcdd2f5922/20260911T153950Z-a038f25ac668/cases.txt
# Blackhole mode: compiler (auto-detected, use -Djmh.blackhole.autoDetect=false to disable)
# Warmup: 3 iterations, 200000000 ns each
# Measurement: 5 iterations, 200000000 ns each
# Timeout: 10 min per iteration
# Threads: 1 thread, will synchronize iterations
# Benchmark mode: Average time, time/op
# Benchmark: com.eignex.koblas.bench.KoblasJmhBenchmark.run
# Parameters: (benchmarkMode = jvm-simd, caseId = gemm+127x5x65+uniform)

# Run progress: 94.02% complete, ETA 00:00:12
# Fork: 1 of 1
WARNING: Using incubator modules: jdk.incubator.vector
WARNING: A terminally deprecated method in sun.misc.Unsafe has been called
WARNING: sun.misc.Unsafe::objectFieldOffset has been called by org.openjdk.jmh.util.Utils (file:/home/rasmus/.gradle/caches/modules-2/files-2.1/org.openjdk.jmh/jmh-core/1.37/896f27e49105b35ea1964319c83d12082e7a79ef/jmh-core-1.37.jar)
WARNING: Please consider reporting this to the maintainers of class org.openjdk.jmh.util.Utils
WARNING: sun.misc.Unsafe::objectFieldOffset will be removed in a future release
# Warmup Iteration   1: 17845.051 ns/op
# Warmup Iteration   2: 9819.261 ns/op
# Warmup Iteration   3: 9031.865 ns/op
Iteration   1: 9120.972 ns/op
Iteration   2: 9166.509 ns/op
Iteration   3: 9180.309 ns/op
Iteration   4: 9138.962 ns/op
Iteration   5: 9096.464 ns/op


Result "com.eignex.koblas.bench.KoblasJmhBenchmark.run":
  9140.643 ±(99.9%) 130.354 ns/op [Average]
  (min, avg, max) = (9096.464, 9140.643, 9180.309), stdev = 33.853
  CI (99.9%): [9010.289, 9270.997] (assumes normal distribution)


# JMH version: 1.37
# VM version: JDK 25.0.1, OpenJDK 64-Bit Server VM, 25.0.1+8-LTS
# VM invoker: /home/rasmus/.gradle/jdks/eclipse_adoptium-25-amd64-linux.2/bin/java
# VM options: --enable-native-access=ALL-UNNAMED --add-modules=jdk.incubator.vector -Dfile.encoding=UTF-8 -Duser.country -Duser.language=en -Duser.variant -Dkoblas.bench.cases=/home/rasmus/.codex/worktrees/703f/koblas/koblas-bench/reports/f342c3192a41a07cf0454d7d4d5324f8289cc01329bcc9c990b986dcdd2f5922/20260911T153950Z-a038f25ac668/cases.txt
# Blackhole mode: compiler (auto-detected, use -Djmh.blackhole.autoDetect=false to disable)
# Warmup: 3 iterations, 200000000 ns each
# Measurement: 5 iterations, 200000000 ns each
# Timeout: 10 min per iteration
# Threads: 1 thread, will synchronize iterations
# Benchmark mode: Average time, time/op
# Benchmark: com.eignex.koblas.bench.KoblasJmhBenchmark.run
# Parameters: (benchmarkMode = jvm-simd, caseId = trsm+65x1+triangular+side=L+uplo=L+transA=N+diag=N)

# Run progress: 94.87% complete, ETA 00:00:11
# Fork: 1 of 1
WARNING: Using incubator modules: jdk.incubator.vector
WARNING: A terminally deprecated method in sun.misc.Unsafe has been called
WARNING: sun.misc.Unsafe::objectFieldOffset has been called by org.openjdk.jmh.util.Utils (file:/home/rasmus/.gradle/caches/modules-2/files-2.1/org.openjdk.jmh/jmh-core/1.37/896f27e49105b35ea1964319c83d12082e7a79ef/jmh-core-1.37.jar)
WARNING: Please consider reporting this to the maintainers of class org.openjdk.jmh.util.Utils
WARNING: sun.misc.Unsafe::objectFieldOffset will be removed in a future release
# Warmup Iteration   1: 1241.916 ns/op
# Warmup Iteration   2: 872.725 ns/op
# Warmup Iteration   3: 872.880 ns/op
Iteration   1: 871.550 ns/op
Iteration   2: 920.665 ns/op
Iteration   3: 946.807 ns/op
Iteration   4: 951.592 ns/op
Iteration   5: 944.800 ns/op


Result "com.eignex.koblas.bench.KoblasJmhBenchmark.run":
  927.083 ±(99.9%) 128.129 ns/op [Average]
  (min, avg, max) = (871.550, 927.083, 951.592), stdev = 33.275
  CI (99.9%): [798.954, 1055.212] (assumes normal distribution)


# JMH version: 1.37
# VM version: JDK 25.0.1, OpenJDK 64-Bit Server VM, 25.0.1+8-LTS
# VM invoker: /home/rasmus/.gradle/jdks/eclipse_adoptium-25-amd64-linux.2/bin/java
# VM options: --enable-native-access=ALL-UNNAMED --add-modules=jdk.incubator.vector -Dfile.encoding=UTF-8 -Duser.country -Duser.language=en -Duser.variant -Dkoblas.bench.cases=/home/rasmus/.codex/worktrees/703f/koblas/koblas-bench/reports/f342c3192a41a07cf0454d7d4d5324f8289cc01329bcc9c990b986dcdd2f5922/20260911T153950Z-a038f25ac668/cases.txt
# Blackhole mode: compiler (auto-detected, use -Djmh.blackhole.autoDetect=false to disable)
# Warmup: 3 iterations, 200000000 ns each
# Measurement: 5 iterations, 200000000 ns each
# Timeout: 10 min per iteration
# Threads: 1 thread, will synchronize iterations
# Benchmark mode: Average time, time/op
# Benchmark: com.eignex.koblas.bench.KoblasJmhBenchmark.run
# Parameters: (benchmarkMode = jvm-simd, caseId = trsm+65x33+triangular+side=L+uplo=U+transA=T+diag=U)

# Run progress: 95.73% complete, ETA 00:00:09
# Fork: 1 of 1
WARNING: Using incubator modules: jdk.incubator.vector
WARNING: A terminally deprecated method in sun.misc.Unsafe has been called
WARNING: sun.misc.Unsafe::objectFieldOffset has been called by org.openjdk.jmh.util.Utils (file:/home/rasmus/.gradle/caches/modules-2/files-2.1/org.openjdk.jmh/jmh-core/1.37/896f27e49105b35ea1964319c83d12082e7a79ef/jmh-core-1.37.jar)
WARNING: Please consider reporting this to the maintainers of class org.openjdk.jmh.util.Utils
WARNING: sun.misc.Unsafe::objectFieldOffset will be removed in a future release
# Warmup Iteration   1: 87534.810 ns/op
# Warmup Iteration   2: 25733.489 ns/op
# Warmup Iteration   3: 26333.801 ns/op
Iteration   1: 25834.746 ns/op
Iteration   2: 27692.113 ns/op
Iteration   3: 26414.581 ns/op
Iteration   4: 25965.900 ns/op
Iteration   5: 26077.972 ns/op


Result "com.eignex.koblas.bench.KoblasJmhBenchmark.run":
  26397.062 ±(99.9%) 2908.053 ns/op [Average]
  (min, avg, max) = (25834.746, 26397.062, 27692.113), stdev = 755.212
  CI (99.9%): [23489.009, 29305.115] (assumes normal distribution)


# JMH version: 1.37
# VM version: JDK 25.0.1, OpenJDK 64-Bit Server VM, 25.0.1+8-LTS
# VM invoker: /home/rasmus/.gradle/jdks/eclipse_adoptium-25-amd64-linux.2/bin/java
# VM options: --enable-native-access=ALL-UNNAMED --add-modules=jdk.incubator.vector -Dfile.encoding=UTF-8 -Duser.country -Duser.language=en -Duser.variant -Dkoblas.bench.cases=/home/rasmus/.codex/worktrees/703f/koblas/koblas-bench/reports/f342c3192a41a07cf0454d7d4d5324f8289cc01329bcc9c990b986dcdd2f5922/20260911T153950Z-a038f25ac668/cases.txt
# Blackhole mode: compiler (auto-detected, use -Djmh.blackhole.autoDetect=false to disable)
# Warmup: 3 iterations, 200000000 ns each
# Measurement: 5 iterations, 200000000 ns each
# Timeout: 10 min per iteration
# Threads: 1 thread, will synchronize iterations
# Benchmark mode: Average time, time/op
# Benchmark: com.eignex.koblas.bench.KoblasJmhBenchmark.run
# Parameters: (benchmarkMode = jvm-simd, caseId = gemm-block+15x7x31+uniform+physical=8x4+work=gemm-add-v1+leftLayout=depth-rows-v1+rightLayout=depth-columns-v1+leftGroup=8+rightGroup=4+leftStride=8+rightStride=4+padding=zero+alignment=8+block=15x7x31+panel=31+diagonal=0+rhs=0+batch=1+variant=current-tile-v1+timing=prepacked-compute)

# Run progress: 96.58% complete, ETA 00:00:07
# Fork: 1 of 1
WARNING: Using incubator modules: jdk.incubator.vector
WARNING: A terminally deprecated method in sun.misc.Unsafe has been called
WARNING: sun.misc.Unsafe::objectFieldOffset has been called by org.openjdk.jmh.util.Utils (file:/home/rasmus/.gradle/caches/modules-2/files-2.1/org.openjdk.jmh/jmh-core/1.37/896f27e49105b35ea1964319c83d12082e7a79ef/jmh-core-1.37.jar)
WARNING: Please consider reporting this to the maintainers of class org.openjdk.jmh.util.Utils
WARNING: sun.misc.Unsafe::objectFieldOffset will be removed in a future release
# Warmup Iteration   1: 779.620 ns/op
# Warmup Iteration   2: 385.522 ns/op
# Warmup Iteration   3: 393.075 ns/op
Iteration   1: 420.013 ns/op
Iteration   2: 385.948 ns/op
Iteration   3: 391.208 ns/op
Iteration   4: 423.388 ns/op
Iteration   5: 436.292 ns/op


Result "com.eignex.koblas.bench.KoblasJmhBenchmark.run":
  411.370 ±(99.9%) 83.769 ns/op [Average]
  (min, avg, max) = (385.948, 411.370, 436.292), stdev = 21.754
  CI (99.9%): [327.601, 495.138] (assumes normal distribution)


# JMH version: 1.37
# VM version: JDK 25.0.1, OpenJDK 64-Bit Server VM, 25.0.1+8-LTS
# VM invoker: /home/rasmus/.gradle/jdks/eclipse_adoptium-25-amd64-linux.2/bin/java
# VM options: --enable-native-access=ALL-UNNAMED --add-modules=jdk.incubator.vector -Dfile.encoding=UTF-8 -Duser.country -Duser.language=en -Duser.variant -Dkoblas.bench.cases=/home/rasmus/.codex/worktrees/703f/koblas/koblas-bench/reports/f342c3192a41a07cf0454d7d4d5324f8289cc01329bcc9c990b986dcdd2f5922/20260911T153950Z-a038f25ac668/cases.txt
# Blackhole mode: compiler (auto-detected, use -Djmh.blackhole.autoDetect=false to disable)
# Warmup: 3 iterations, 200000000 ns each
# Measurement: 5 iterations, 200000000 ns each
# Timeout: 10 min per iteration
# Threads: 1 thread, will synchronize iterations
# Benchmark mode: Average time, time/op
# Benchmark: com.eignex.koblas.bench.KoblasJmhBenchmark.run
# Parameters: (benchmarkMode = jvm-simd, caseId = gemm-block+15x7x31+uniform+physical=8x4+work=gemm-add-v1+leftLayout=depth-rows-v1+rightLayout=depth-columns-v1+leftGroup=8+rightGroup=4+leftStride=8+rightStride=4+padding=zero+alignment=8+block=15x7x31+panel=31+diagonal=0+rhs=0+batch=1+variant=current-tile-v1+timing=pack-plus-compute)

# Run progress: 97.44% complete, ETA 00:00:05
# Fork: 1 of 1
WARNING: Using incubator modules: jdk.incubator.vector
WARNING: A terminally deprecated method in sun.misc.Unsafe has been called
WARNING: sun.misc.Unsafe::objectFieldOffset has been called by org.openjdk.jmh.util.Utils (file:/home/rasmus/.gradle/caches/modules-2/files-2.1/org.openjdk.jmh/jmh-core/1.37/896f27e49105b35ea1964319c83d12082e7a79ef/jmh-core-1.37.jar)
WARNING: Please consider reporting this to the maintainers of class org.openjdk.jmh.util.Utils
WARNING: sun.misc.Unsafe::objectFieldOffset will be removed in a future release
# Warmup Iteration   1: 1813.320 ns/op
# Warmup Iteration   2: 1042.739 ns/op
# Warmup Iteration   3: 1135.802 ns/op
Iteration   1: 1150.862 ns/op
Iteration   2: 1146.146 ns/op
Iteration   3: 1155.702 ns/op
Iteration   4: 1142.843 ns/op
Iteration   5: 1149.097 ns/op


Result "com.eignex.koblas.bench.KoblasJmhBenchmark.run":
  1148.930 ±(99.9%) 18.709 ns/op [Average]
  (min, avg, max) = (1142.843, 1148.930, 1155.702), stdev = 4.859
  CI (99.9%): [1130.221, 1167.639] (assumes normal distribution)


# JMH version: 1.37
# VM version: JDK 25.0.1, OpenJDK 64-Bit Server VM, 25.0.1+8-LTS
# VM invoker: /home/rasmus/.gradle/jdks/eclipse_adoptium-25-amd64-linux.2/bin/java
# VM options: --enable-native-access=ALL-UNNAMED --add-modules=jdk.incubator.vector -Dfile.encoding=UTF-8 -Duser.country -Duser.language=en -Duser.variant -Dkoblas.bench.cases=/home/rasmus/.codex/worktrees/703f/koblas/koblas-bench/reports/f342c3192a41a07cf0454d7d4d5324f8289cc01329bcc9c990b986dcdd2f5922/20260911T153950Z-a038f25ac668/cases.txt
# Blackhole mode: compiler (auto-detected, use -Djmh.blackhole.autoDetect=false to disable)
# Warmup: 3 iterations, 200000000 ns each
# Measurement: 5 iterations, 200000000 ns each
# Timeout: 10 min per iteration
# Threads: 1 thread, will synchronize iterations
# Benchmark mode: Average time, time/op
# Benchmark: com.eignex.koblas.bench.KoblasJmhBenchmark.run
# Parameters: (benchmarkMode = jvm-simd, caseId = gemm-block+32x16x65+uniform+physical=8x4+work=gemm-add-v1+leftLayout=depth-rows-v1+rightLayout=depth-columns-v1+leftGroup=8+rightGroup=4+leftStride=8+rightStride=4+padding=zero+alignment=8+block=32x16x65+panel=65+diagonal=0+rhs=0+batch=1+variant=current-tile-v1+timing=prepacked-compute)

# Run progress: 98.29% complete, ETA 00:00:03
# Fork: 1 of 1
WARNING: Using incubator modules: jdk.incubator.vector
WARNING: A terminally deprecated method in sun.misc.Unsafe has been called
WARNING: sun.misc.Unsafe::objectFieldOffset has been called by org.openjdk.jmh.util.Utils (file:/home/rasmus/.gradle/caches/modules-2/files-2.1/org.openjdk.jmh/jmh-core/1.37/896f27e49105b35ea1964319c83d12082e7a79ef/jmh-core-1.37.jar)
WARNING: Please consider reporting this to the maintainers of class org.openjdk.jmh.util.Utils
WARNING: sun.misc.Unsafe::objectFieldOffset will be removed in a future release
# Warmup Iteration   1: 4977.028 ns/op
# Warmup Iteration   2: 2342.392 ns/op
# Warmup Iteration   3: 2326.477 ns/op
Iteration   1: 2324.211 ns/op
Iteration   2: 2320.515 ns/op
Iteration   3: 2443.701 ns/op
Iteration   4: 2561.899 ns/op
Iteration   5: 2505.260 ns/op


Result "com.eignex.koblas.bench.KoblasJmhBenchmark.run":
  2431.117 ±(99.9%) 414.822 ns/op [Average]
  (min, avg, max) = (2320.515, 2431.117, 2561.899), stdev = 107.728
  CI (99.9%): [2016.295, 2845.939] (assumes normal distribution)


# JMH version: 1.37
# VM version: JDK 25.0.1, OpenJDK 64-Bit Server VM, 25.0.1+8-LTS
# VM invoker: /home/rasmus/.gradle/jdks/eclipse_adoptium-25-amd64-linux.2/bin/java
# VM options: --enable-native-access=ALL-UNNAMED --add-modules=jdk.incubator.vector -Dfile.encoding=UTF-8 -Duser.country -Duser.language=en -Duser.variant -Dkoblas.bench.cases=/home/rasmus/.codex/worktrees/703f/koblas/koblas-bench/reports/f342c3192a41a07cf0454d7d4d5324f8289cc01329bcc9c990b986dcdd2f5922/20260911T153950Z-a038f25ac668/cases.txt
# Blackhole mode: compiler (auto-detected, use -Djmh.blackhole.autoDetect=false to disable)
# Warmup: 3 iterations, 200000000 ns each
# Measurement: 5 iterations, 200000000 ns each
# Timeout: 10 min per iteration
# Threads: 1 thread, will synchronize iterations
# Benchmark mode: Average time, time/op
# Benchmark: com.eignex.koblas.bench.KoblasJmhBenchmark.run
# Parameters: (benchmarkMode = jvm-simd, caseId = gemm-block+32x16x65+uniform+physical=8x4+work=gemm-add-v1+leftLayout=depth-rows-v1+rightLayout=depth-columns-v1+leftGroup=8+rightGroup=4+leftStride=8+rightStride=4+padding=zero+alignment=8+block=32x16x65+panel=65+diagonal=0+rhs=0+batch=1+variant=current-tile-v1+timing=pack-plus-compute)

# Run progress: 99.15% complete, ETA 00:00:01
# Fork: 1 of 1
WARNING: Using incubator modules: jdk.incubator.vector
WARNING: A terminally deprecated method in sun.misc.Unsafe has been called
WARNING: sun.misc.Unsafe::objectFieldOffset has been called by org.openjdk.jmh.util.Utils (file:/home/rasmus/.gradle/caches/modules-2/files-2.1/org.openjdk.jmh/jmh-core/1.37/896f27e49105b35ea1964319c83d12082e7a79ef/jmh-core-1.37.jar)
WARNING: Please consider reporting this to the maintainers of class org.openjdk.jmh.util.Utils
WARNING: sun.misc.Unsafe::objectFieldOffset will be removed in a future release
# Warmup Iteration   1: 12302.912 ns/op
# Warmup Iteration   2: 5367.123 ns/op
# Warmup Iteration   3: 4954.615 ns/op
Iteration   1: 5979.393 ns/op
Iteration   2: 5948.457 ns/op
Iteration   3: 5332.074 ns/op
Iteration   4: 4999.179 ns/op
Iteration   5: 4810.730 ns/op


Result "com.eignex.koblas.bench.KoblasJmhBenchmark.run":
  5413.967 ±(99.9%) 2062.914 ns/op [Average]
  (min, avg, max) = (4810.730, 5413.967, 5979.393), stdev = 535.732
  CI (99.9%): [3351.052, 7476.881] (assumes normal distribution)


# Run complete. Total time: 00:03:36

REMEMBER: The numbers below are just data. To gain reusable insights, you need to follow up on
why the numbers are the way they are. Use profilers (see -prof, -lprof), design factorial
experiments, perform baseline and negative tests that provide experimental control, make sure
the benchmarking environment is safe on JVM/OS/HW level, ask for reviews from the domain experts.
Do not assume the numbers tell you what you want them to tell.

NOTE: Current JVM experimentally supports Compiler Blackholes, and they are in use. Please exercise
extra caution when trusting the results, look into the generated code to check the benchmark still
works, and factor in a small probability of new VM bugs. Additionally, while comparisons between
different JVMs are already problematic, the performance difference caused by different Blackhole
modes can be very significant. Please make sure you use the consistent Blackhole mode for comparisons.

Benchmark               (benchmarkMode)                                                                                                                                                                                                                                                                                                                   (caseId)  Mode  Cnt       Score       Error  Units
KoblasJmhBenchmark.run         jvm-simd                                                                                                                                                                                                                                                                                                           dot+4096+uniform  avgt    5     839.232 ±    89.921  ns/op
KoblasJmhBenchmark.run         jvm-simd                                                                                                                                                                                                                                                                                                          axpy+4096+uniform  avgt    5    1493.236 ±   106.758  ns/op
KoblasJmhBenchmark.run         jvm-simd                                                                                                                                                                                                                                                                                               axpy-arithmetic+4096+uniform  avgt    5    1443.195 ±   147.136  ns/op
KoblasJmhBenchmark.run         jvm-simd                                                                                                                                                                                                                                                                                                          scal+4096+uniform  avgt    5    1435.757 ±   173.113  ns/op
KoblasJmhBenchmark.run         jvm-simd                                                                                                                                                                                                                                                                                                          nrm2+4096+uniform  avgt    5     489.063 ±   243.664  ns/op
KoblasJmhBenchmark.run         jvm-simd                                                                                                                                                                                                                                                                                                          asum+4096+uniform  avgt    5     265.441 ±    14.515  ns/op
KoblasJmhBenchmark.run         jvm-simd                                                                                                                                                                                                                                                                                                           sum+4096+uniform  avgt    5     175.206 ±    29.459  ns/op
KoblasJmhBenchmark.run         jvm-simd                                                                                                                                                                                                                                                                                               compensated-sum+4096+uniform  avgt    5    3087.684 ±   685.772  ns/op
KoblasJmhBenchmark.run         jvm-simd                                                                                                                                                                                                                                                                                                         iamax+4096+uniform  avgt    5    1306.090 ±   207.125  ns/op
KoblasJmhBenchmark.run         jvm-simd                                                                                                                                                                                                                                                                                                          swap+4096+uniform  avgt    5    2732.017 ±   163.828  ns/op
KoblasJmhBenchmark.run         jvm-simd                                                                                                                                                                                                                                                                                                           rot+4096+uniform  avgt    5    2681.671 ±   350.044  ns/op
KoblasJmhBenchmark.run         jvm-simd                                                                                                                                                                                                                                                                                                          rotm+4096+uniform  avgt    5    3022.535 ±  1775.182  ns/op
KoblasJmhBenchmark.run         jvm-simd                                                                                                                                                                                                                                                                                                            rotmg+1+uniform  avgt    5       9.765 ±     8.284  ns/op
KoblasJmhBenchmark.run         jvm-simd                                                                                                                                                                                                                                                                                                          ssqd+4096+uniform  avgt    5     543.733 ±    36.784  ns/op
KoblasJmhBenchmark.run         jvm-simd                                                                                                                                                                                                                                                                                                          dot4+4096+uniform  avgt    5    1555.672 ±   119.937  ns/op
KoblasJmhBenchmark.run         jvm-simd                                                                                                                                                                                                                                                                                                         axpy4+4096+uniform  avgt    5    2162.088 ±    58.662  ns/op
KoblasJmhBenchmark.run         jvm-simd                                                                                                                                                                                                                                                                                                      dot-axpy+4096+uniform  avgt    5    3815.832 ±   166.842  ns/op
KoblasJmhBenchmark.run         jvm-simd                                                                                                                                                                                                                                                                                                         gemv+32x21+uniform  avgt    5      89.484 ±    12.895  ns/op
KoblasJmhBenchmark.run         jvm-simd                                                                                                                                                                                                                                                                                               gemv+129x31+uniform+transA=T  avgt    5     790.668 ±   319.730  ns/op
KoblasJmhBenchmark.run         jvm-simd                                                                                                                                                                                                                                                                                                    symv+129+uniform+uplo=U  avgt    5    2555.209 ±   286.442  ns/op
KoblasJmhBenchmark.run         jvm-simd                                                                                                                                                                                                                                                                                                         ger+129x31+uniform  avgt    5    1248.539 ±    92.935  ns/op
KoblasJmhBenchmark.run         jvm-simd                                                                                                                                                                                                                                                                                                     syr+129+uniform+uplo=L  avgt    5    4667.251 ±  1213.866  ns/op
KoblasJmhBenchmark.run         jvm-simd                                                                                                                                                                                                                                                                                                    syr2+129+uniform+uplo=U  avgt    5    5502.126 ±   210.372  ns/op
KoblasJmhBenchmark.run         jvm-simd                                                                                                                                                                                                                                                                                 trsv+129+triangular+uplo=L+transA=N+diag=N  avgt    5    1686.012 ±   171.398  ns/op
KoblasJmhBenchmark.run         jvm-simd                                                                                                                                                                                                                                                                                 trmv+129+triangular+uplo=U+transA=T+diag=U  avgt    5    1744.762 ±   296.647  ns/op
KoblasJmhBenchmark.run         jvm-simd                                                                                                                                                                                                                                                                                                      gemm+32x21x48+uniform  avgt    5    4294.265 ±  1247.777  ns/op
KoblasJmhBenchmark.run         jvm-simd                                                                                                                                                                                                                                                                                           gemm+129x31x257+uniform+transA=T  avgt    5   90729.301 ± 18637.975  ns/op
KoblasJmhBenchmark.run         jvm-simd                                                                                                                                                                                                                                                                                            gemm+65x127x33+uniform+transB=T  avgt    5   24185.016 ±   978.915  ns/op
KoblasJmhBenchmark.run         jvm-simd                                                                                                                                                                                                                                                                                          symm+129x31+uniform+side=L+uplo=L  avgt    5   47426.520 ±  3370.193  ns/op
KoblasJmhBenchmark.run         jvm-simd                                                                                                                                                                                                                                                                                          symm+31x129+uniform+side=R+uplo=U  avgt    5   47265.675 ±  7333.591  ns/op
KoblasJmhBenchmark.run         jvm-simd                                                                                                                                                                                                                                                                              gemmt+129x31+uniform+uplo=L+transA=N+transB=N  avgt    5  153051.815 ±  1870.695  ns/op
KoblasJmhBenchmark.run         jvm-simd                                                                                                                                                                                                                                                                                        syrk+129x31+uniform+uplo=L+transA=N  avgt    5   57090.276 ± 56608.335  ns/op
KoblasJmhBenchmark.run         jvm-simd                                                                                                                                                                                                                                                                                       syr2k+129x31+uniform+uplo=U+transA=T  avgt    5   67841.522 ±  1332.030  ns/op
KoblasJmhBenchmark.run         jvm-simd                                                                                                                                                                                                                                                                        trsm+64x16+triangular+side=L+uplo=L+transA=N+diag=N  avgt    5    9801.614 ±   418.231  ns/op
KoblasJmhBenchmark.run         jvm-simd                                                                                                                                                                                                                                                                        trsm+17x64+triangular+side=R+uplo=U+transA=T+diag=U  avgt    5   11186.682 ±   208.605  ns/op
KoblasJmhBenchmark.run         jvm-simd                                                                                                                                                                                                                                                                        trmm+64x16+triangular+side=L+uplo=U+transA=T+diag=N  avgt    5    7740.542 ±   838.734  ns/op
KoblasJmhBenchmark.run         jvm-simd                                                                                                                                                                                                                                                                        trmm+17x64+triangular+side=R+uplo=L+transA=N+diag=U  avgt    5   11530.027 ±   163.873  ns/op
KoblasJmhBenchmark.run         jvm-simd                                           gemm-tile+8x4x32+uniform+physical=8x4+work=gemm-add-v1+leftLayout=depth-rows-v1+rightLayout=depth-columns-v1+leftGroup=8+rightGroup=4+leftStride=8+rightStride=4+padding=zero+alignment=8+block=8x4x32+panel=32+diagonal=0+rhs=0+batch=1+variant=current-tile-v1+timing=raw-tile  avgt    5      51.379 ±    11.209  ns/op
KoblasJmhBenchmark.run         jvm-simd                                           gemm-tile+7x2x31+uniform+physical=8x4+work=gemm-add-v1+leftLayout=depth-rows-v1+rightLayout=depth-columns-v1+leftGroup=8+rightGroup=4+leftStride=8+rightStride=4+padding=zero+alignment=8+block=7x2x31+panel=31+diagonal=0+rhs=0+batch=1+variant=current-tile-v1+timing=raw-tile  avgt    5      57.743 ±    25.180  ns/op
KoblasJmhBenchmark.run         jvm-simd                          packed-trsm+8x4+triangular+physical=8x4+uplo=L+diag=N+work=right-solve-v1+leftLayout=depth-rows-v1+rightLayout=depth-columns-v1+leftGroup=8+rightGroup=4+leftStride=8+rightStride=4+padding=zero+alignment=8+block=8x4x4+panel=4+diagonal=4+rhs=8+batch=1+variant=current-tile-v1+timing=raw-tile  avgt    5      74.770 ±    35.814  ns/op
KoblasJmhBenchmark.run         jvm-simd                          packed-trsm+7x2+triangular+physical=8x4+uplo=U+diag=U+work=right-solve-v1+leftLayout=depth-rows-v1+rightLayout=depth-columns-v1+leftGroup=8+rightGroup=4+leftStride=8+rightStride=4+padding=zero+alignment=8+block=7x2x2+panel=2+diagonal=2+rhs=7+batch=1+variant=current-tile-v1+timing=raw-tile  avgt    5      17.004 ±    10.943  ns/op
KoblasJmhBenchmark.run         jvm-simd                      gemm-trsm+8x4x32+triangular+physical=8x4+uplo=L+diag=N+work=update-solve-v1+leftLayout=depth-rows-v1+rightLayout=depth-columns-v1+leftGroup=8+rightGroup=4+leftStride=8+rightStride=4+padding=zero+alignment=8+block=8x4x32+panel=32+diagonal=4+rhs=8+batch=1+variant=current-tile-v1+timing=raw-tile  avgt    5      90.761 ±     7.144  ns/op
KoblasJmhBenchmark.run         jvm-simd                      gemm-trsm+7x2x31+triangular+physical=8x4+uplo=U+diag=U+work=update-solve-v1+leftLayout=depth-rows-v1+rightLayout=depth-columns-v1+leftGroup=8+rightGroup=4+leftStride=8+rightStride=4+padding=zero+alignment=8+block=7x2x31+panel=31+diagonal=2+rhs=7+batch=1+variant=current-tile-v1+timing=raw-tile  avgt    5      54.110 ±    19.122  ns/op
KoblasJmhBenchmark.run         jvm-simd                                       pack-left+7x31+uniform+physical=8x4+work=pack-left-v1+leftLayout=depth-rows-v1+rightLayout=depth-columns-v1+leftGroup=8+rightGroup=4+leftStride=8+rightStride=4+padding=zero+alignment=8+block=7x31x31+panel=31+diagonal=0+rhs=0+batch=1+variant=current-tile-v1+timing=packing-only  avgt    5     220.513 ±    36.564  ns/op
KoblasJmhBenchmark.run         jvm-simd                                       pack-left+8x32+uniform+physical=8x4+work=pack-left-v1+leftLayout=depth-rows-v1+rightLayout=depth-columns-v1+leftGroup=8+rightGroup=4+leftStride=8+rightStride=4+padding=zero+alignment=8+block=8x32x32+panel=32+diagonal=0+rhs=0+batch=1+variant=current-tile-v1+timing=packing-only  avgt    5     199.974 ±     3.137  ns/op
KoblasJmhBenchmark.run         jvm-simd                                     pack-right+31x2+uniform+physical=8x4+work=pack-right-v1+leftLayout=depth-rows-v1+rightLayout=depth-columns-v1+leftGroup=8+rightGroup=4+leftStride=8+rightStride=4+padding=zero+alignment=8+block=31x2x31+panel=31+diagonal=0+rhs=0+batch=1+variant=current-tile-v1+timing=packing-only  avgt    5     152.342 ±     2.999  ns/op
KoblasJmhBenchmark.run         jvm-simd                                     pack-right+32x4+uniform+physical=8x4+work=pack-right-v1+leftLayout=depth-rows-v1+rightLayout=depth-columns-v1+leftGroup=8+rightGroup=4+leftStride=8+rightStride=4+padding=zero+alignment=8+block=32x4x32+panel=32+diagonal=0+rhs=0+batch=1+variant=current-tile-v1+timing=packing-only  avgt    5     159.201 ±    17.389  ns/op
KoblasJmhBenchmark.run         jvm-simd                pack-symmetric-left+8x8+uniform+physical=8x4+uplo=L+work=pack-symmetric-left-v1+leftLayout=depth-rows-v1+rightLayout=depth-columns-v1+leftGroup=8+rightGroup=4+leftStride=8+rightStride=4+padding=zero+alignment=8+block=8x8x8+panel=8+diagonal=0+rhs=0+batch=1+variant=current-tile-v1+timing=packing-only  avgt    5      83.805 ±    12.269  ns/op
KoblasJmhBenchmark.run         jvm-simd              pack-symmetric-right+4x4+uniform+physical=8x4+uplo=U+work=pack-symmetric-right-v1+leftLayout=depth-rows-v1+rightLayout=depth-columns-v1+leftGroup=8+rightGroup=4+leftStride=8+rightStride=4+padding=zero+alignment=8+block=4x4x4+panel=4+diagonal=0+rhs=0+batch=1+variant=current-tile-v1+timing=packing-only  avgt    5      32.682 ±     1.071  ns/op
KoblasJmhBenchmark.run         jvm-simd    pack-triangular-left+8x8+triangular+physical=8x4+uplo=L+diag=N+work=pack-triangular-left-v1+leftLayout=depth-rows-v1+rightLayout=depth-columns-v1+leftGroup=8+rightGroup=4+leftStride=8+rightStride=4+padding=zero+alignment=8+block=8x8x8+panel=8+diagonal=0+rhs=0+batch=1+variant=current-tile-v1+timing=packing-only  avgt    5      67.199 ±     1.907  ns/op
KoblasJmhBenchmark.run         jvm-simd  pack-triangular-right+4x4+triangular+physical=8x4+uplo=U+diag=U+work=pack-triangular-right-v1+leftLayout=depth-rows-v1+rightLayout=depth-columns-v1+leftGroup=8+rightGroup=4+leftStride=8+rightStride=4+padding=zero+alignment=8+block=4x4x4+panel=4+diagonal=0+rhs=0+batch=1+variant=current-tile-v1+timing=packing-only  avgt    5      29.943 ±     5.666  ns/op
KoblasJmhBenchmark.run         jvm-simd                                      write-left+7x31+uniform+physical=8x4+work=write-left-v1+leftLayout=depth-rows-v1+rightLayout=depth-columns-v1+leftGroup=8+rightGroup=4+leftStride=8+rightStride=4+padding=zero+alignment=8+block=7x31x31+panel=31+diagonal=0+rhs=0+batch=1+variant=current-tile-v1+timing=layout-only  avgt    5      91.042 ±    15.022  ns/op
KoblasJmhBenchmark.run         jvm-simd                                      write-left+8x32+uniform+physical=8x4+work=write-left-v1+leftLayout=depth-rows-v1+rightLayout=depth-columns-v1+leftGroup=8+rightGroup=4+leftStride=8+rightStride=4+padding=zero+alignment=8+block=8x32x32+panel=32+diagonal=0+rhs=0+batch=1+variant=current-tile-v1+timing=layout-only  avgt    5     100.629 ±     0.937  ns/op
KoblasJmhBenchmark.run         jvm-simd                                    write-right+31x2+uniform+physical=8x4+work=write-right-v1+leftLayout=depth-rows-v1+rightLayout=depth-columns-v1+leftGroup=8+rightGroup=4+leftStride=8+rightStride=4+padding=zero+alignment=8+block=31x2x31+panel=31+diagonal=0+rhs=0+batch=1+variant=current-tile-v1+timing=layout-only  avgt    5      87.503 ±    23.404  ns/op
KoblasJmhBenchmark.run         jvm-simd                                    write-right+32x4+uniform+physical=8x4+work=write-right-v1+leftLayout=depth-rows-v1+rightLayout=depth-columns-v1+leftGroup=8+rightGroup=4+leftStride=8+rightStride=4+padding=zero+alignment=8+block=32x4x32+panel=32+diagonal=0+rhs=0+batch=1+variant=current-tile-v1+timing=layout-only  avgt    5     121.947 ±    49.977  ns/op
KoblasJmhBenchmark.run         jvm-simd                      clear-left-padding+7x31+uniform+physical=8x4+work=clear-left-padding-v1+leftLayout=depth-rows-v1+rightLayout=depth-columns-v1+leftGroup=8+rightGroup=4+leftStride=8+rightStride=4+padding=zero+alignment=8+block=7x31x31+panel=31+diagonal=0+rhs=0+batch=1+variant=current-tile-v1+timing=layout-only  avgt    5      57.351 ±    10.120  ns/op
KoblasJmhBenchmark.run         jvm-simd                      clear-left-padding+8x32+uniform+physical=8x4+work=clear-left-padding-v1+leftLayout=depth-rows-v1+rightLayout=depth-columns-v1+leftGroup=8+rightGroup=4+leftStride=8+rightStride=4+padding=zero+alignment=8+block=8x32x32+panel=32+diagonal=0+rhs=0+batch=1+variant=current-tile-v1+timing=layout-only  avgt    5       7.808 ±     0.140  ns/op
KoblasJmhBenchmark.run         jvm-simd                    clear-right-padding+31x2+uniform+physical=8x4+work=clear-right-padding-v1+leftLayout=depth-rows-v1+rightLayout=depth-columns-v1+leftGroup=8+rightGroup=4+leftStride=8+rightStride=4+padding=zero+alignment=8+block=31x2x31+panel=31+diagonal=0+rhs=0+batch=1+variant=current-tile-v1+timing=layout-only  avgt    5      77.765 ±     7.137  ns/op
KoblasJmhBenchmark.run         jvm-simd                    clear-right-padding+32x4+uniform+physical=8x4+work=clear-right-padding-v1+leftLayout=depth-rows-v1+rightLayout=depth-columns-v1+leftGroup=8+rightGroup=4+leftStride=8+rightStride=4+padding=zero+alignment=8+block=32x4x32+panel=32+diagonal=0+rhs=0+batch=1+variant=current-tile-v1+timing=layout-only  avgt    5       7.891 ±     1.066  ns/op
KoblasJmhBenchmark.run         jvm-simd                                                                                                                                                                                                                                                                                     spdot+4096+sparse-uniform+density=0.01  avgt    5      21.148 ±     3.333  ns/op
KoblasJmhBenchmark.run         jvm-simd                                                                                                                                                                                                                                                                                  spdot-raw+64+sparse-uniform+density=0.125  avgt    5      10.466 ±     1.355  ns/op
KoblasJmhBenchmark.run         jvm-simd                                                                                                                                                                                                                                                                               spdot-raw+4096+sparse-uniform+density=0.0625  avgt    5     134.774 ±    14.574  ns/op
KoblasJmhBenchmark.run         jvm-simd                                                                                                                                                                                                                                                                            spdot-raw+65536+sparse-uniform+density=0.015625  avgt    5     620.463 ±    16.002  ns/op
KoblasJmhBenchmark.run         jvm-simd                                                                                                                                                                                                                                                                            spdot-raw+262144+sparse-uniform+density=0.03125  avgt    5    4624.535 ±   453.878  ns/op
KoblasJmhBenchmark.run         jvm-simd                                                                                                                                                                                                                                                                              spdot-sparse+4096+sparse-uniform+density=0.01  avgt    5      69.955 ±    12.271  ns/op
KoblasJmhBenchmark.run         jvm-simd                                                                                                                                                                                                                                                                                    spaxpy+4096+sparse-uniform+density=0.01  avgt    5     865.176 ±   313.809  ns/op
KoblasJmhBenchmark.run         jvm-simd                                                                                                                                                                                                                                                                                 spaxpy-raw+64+sparse-uniform+density=0.125  avgt    5      17.819 ±     2.757  ns/op
KoblasJmhBenchmark.run         jvm-simd                                                                                                                                                                                                                                                                              spaxpy-raw+4096+sparse-uniform+density=0.0625  avgt    5     858.304 ±   147.143  ns/op
KoblasJmhBenchmark.run         jvm-simd                                                                                                                                                                                                                                                                           spaxpy-raw+65536+sparse-uniform+density=0.015625  avgt    5   13967.434 ±   285.849  ns/op
KoblasJmhBenchmark.run         jvm-simd                                                                                                                                                                                                                                                                           spaxpy-raw+262144+sparse-uniform+density=0.03125  avgt    5  114283.567 ± 33104.117  ns/op
KoblasJmhBenchmark.run         jvm-simd                                                                                                                                                                                                                                                                                    spnrm2+4096+sparse-uniform+density=0.01  avgt    5      11.414 ±     1.784  ns/op
KoblasJmhBenchmark.run         jvm-simd                                                                                                                                                                                                                                                                            spnrm2-indexed+4096+sparse-uniform+density=0.01  avgt    5      28.266 ±     0.539  ns/op
KoblasJmhBenchmark.run         jvm-simd                                                                                                                                                                                                                                                                             spnrm2-indexed+4096+sparse-uniform+density=0.5  avgt    5     994.231 ±   436.357  ns/op
KoblasJmhBenchmark.run         jvm-simd                                                                                                                                                                                                                                                                       spnrm2-indexed+262144+sparse-uniform+density=0.03125  avgt    5    4378.569 ±   197.438  ns/op
KoblasJmhBenchmark.run         jvm-simd                                                                                                                                                                                                                                                                                    spasum+4096+sparse-uniform+density=0.01  avgt    5       9.774 ±     0.313  ns/op
KoblasJmhBenchmark.run         jvm-simd                                                                                                                                                                                                                                                                                 spscatter+4096+sparse-uniform+density=0.01  avgt    5     816.353 ±   100.278  ns/op
KoblasJmhBenchmark.run         jvm-simd                                                                                                                                                                                                                                                                              spscatter-raw+64+sparse-uniform+density=0.125  avgt    5      15.804 ±     0.745  ns/op
KoblasJmhBenchmark.run         jvm-simd                                                                                                                                                                                                                                                                           spscatter-raw+4096+sparse-uniform+density=0.0625  avgt    5    1057.483 ±    28.905  ns/op
KoblasJmhBenchmark.run         jvm-simd                                                                                                                                                                                                                                                                        spscatter-raw+65536+sparse-uniform+density=0.015625  avgt    5   13496.168 ±   928.718  ns/op
KoblasJmhBenchmark.run         jvm-simd                                                                                                                                                                                                                                                                        spscatter-raw+262144+sparse-uniform+density=0.03125  avgt    5  112743.332 ± 14438.394  ns/op
KoblasJmhBenchmark.run         jvm-simd                                                                                                                                                                                                                                                                                  spgather+4096+sparse-uniform+density=0.01  avgt    5     709.868 ±    55.415  ns/op
KoblasJmhBenchmark.run         jvm-simd                                                                                                                                                                                                                                                                             spgather-zero+4096+sparse-uniform+density=0.01  avgt    5     810.311 ±    25.199  ns/op
KoblasJmhBenchmark.run         jvm-simd                                                                                                                                                                                                                                                                   spgemv+257x129+sparse-uniform+density=0.01+mode=prepared  avgt    5     451.701 ±     6.764  ns/op
KoblasJmhBenchmark.run         jvm-simd                                                                                                                                                                                                                                                                    spgemv+257x129+sparse-uniform+density=0.01+mode=oneshot  avgt    5     515.346 ±    79.225  ns/op
KoblasJmhBenchmark.run         jvm-simd                                                                                                                                                                                                                                                                   spmm+257x8x129+sparse-uniform+density=0.01+mode=prepared  avgt    5    3892.243 ±   196.295  ns/op
KoblasJmhBenchmark.run         jvm-simd                                                                                                                                                                                                                                                                    spmm+257x8x129+sparse-uniform+density=0.01+mode=oneshot  avgt    5    3640.485 ±   833.023  ns/op
KoblasJmhBenchmark.run         jvm-simd                                                                                                                                                                                                                                                                 spgemm+129x97x65+sparse-uniform+density=0.01+mode=prepared  avgt    5    1506.305 ±    42.963  ns/op
KoblasJmhBenchmark.run         jvm-simd                                                                                                                                                                                                                                                                  spgemm+129x97x65+sparse-uniform+density=0.01+mode=oneshot  avgt    5    1414.304 ±   165.989  ns/op
KoblasJmhBenchmark.run         jvm-simd                                                                                                                                                                                                                                                              spsymv+129+sparse-triangular+density=0.02+mode=oneshot+uplo=L  avgt    5     500.365 ±   112.479  ns/op
KoblasJmhBenchmark.run         jvm-simd                                                                                                                                                                                                                                                     spsymm+129x8+sparse-triangular+density=0.02+mode=oneshot+side=L+uplo=L  avgt    5    4086.134 ±    79.526  ns/op
KoblasJmhBenchmark.run         jvm-simd                                                                                                                                                                                                                                              sptrsv+129+sparse-triangular+density=0.02+mode=oneshot+uplo=L+transA=N+diag=N  avgt    5     658.331 ±   113.412  ns/op
KoblasJmhBenchmark.run         jvm-simd                                                                                                                                                                                                                                              sptrmv+129+sparse-triangular+density=0.02+mode=oneshot+uplo=U+transA=T+diag=U  avgt    5     376.461 ±    92.069  ns/op
KoblasJmhBenchmark.run         jvm-simd                                                                                                                                                                                                                                     sptrsm+129x8+sparse-triangular+density=0.02+mode=oneshot+side=L+uplo=L+transA=N+diag=N  avgt    5    5316.166 ±   443.365  ns/op
KoblasJmhBenchmark.run         jvm-simd                                                                                                                                                                                                                                     sptrmm+129x8+sparse-triangular+density=0.02+mode=oneshot+side=L+uplo=U+transA=T+diag=U  avgt    5    4563.885 ±   322.142  ns/op
KoblasJmhBenchmark.run         jvm-simd                                                                                                                                                                                                                                                                     spsyrk-dense+129x65+sparse-uniform+density=0.02+uplo=U  avgt    5    7386.886 ±  1796.496  ns/op
KoblasJmhBenchmark.run         jvm-simd                                                                                                                                                                                                                                                                    spsyrk-sparse+129x65+sparse-uniform+density=0.02+uplo=L  avgt    5    3872.110 ±   544.532  ns/op
KoblasJmhBenchmark.run         jvm-simd                                                                                                                                                                                                                                                                                   spadd+129x65+sparse-uniform+density=0.02  avgt    5    1391.040 ±   520.982  ns/op
KoblasJmhBenchmark.run         jvm-simd                                                                                                                                                                                                                                                                      sparse-slices-scatter+512+sparse-uniform+density=0.25  avgt    5     233.337 ±    13.979  ns/op
KoblasJmhBenchmark.run         jvm-simd                                                                                                                                                                                                                                                              sparse-slices-scatter-checked+512+sparse-uniform+density=0.25  avgt    5     360.031 ±    72.691  ns/op
KoblasJmhBenchmark.run         jvm-simd                                                                                                                                                                                                                                                                       sparse-slices-gather+512+sparse-uniform+density=0.25  avgt    5      80.506 ±    16.761  ns/op
KoblasJmhBenchmark.run         jvm-simd                                                                                                                                                                                                                                                                 sparse-slices-gather-clear+512+sparse-uniform+density=0.25  avgt    5     207.381 ±     5.983  ns/op
KoblasJmhBenchmark.run         jvm-simd                                                                                                                                                                                                                                                                        sparse-slices-clear+512+sparse-uniform+density=0.25  avgt    5     152.142 ±     1.526  ns/op
KoblasJmhBenchmark.run         jvm-simd                                                                                                                                                                                                                                                                  sparse-slices-clear-local+512+sparse-uniform+density=0.25  avgt    5     138.407 ±     3.011  ns/op
KoblasJmhBenchmark.run         jvm-simd                                                                                                                                                                                                                                                           sparse-slices-reduce-dot-checked+512+sparse-uniform+density=0.25  avgt    5     405.257 ±     8.822  ns/op
KoblasJmhBenchmark.run         jvm-simd                                                                                                                                                                                                                                                             sparse-slices-reduce-dot-local+512+sparse-uniform+density=0.25  avgt    5     295.766 ±    13.300  ns/op
KoblasJmhBenchmark.run         jvm-simd                                                                                                                                                                                                                                                         sparse-slices-reduce-dot-unchecked+512+sparse-uniform+density=0.25  avgt    5      67.191 ±     5.437  ns/op
KoblasJmhBenchmark.run         jvm-simd                                                                                                                                                                                                                                                                          sparse-slices-max+512+sparse-uniform+density=0.25  avgt    5     247.989 ±     8.184  ns/op
KoblasJmhBenchmark.run         jvm-simd                                                                                                                                                                                                                                                                       sparse-slices-filter+512+sparse-uniform+density=0.25  avgt    5     180.536 ±    25.089  ns/op
KoblasJmhBenchmark.run         jvm-simd                                                                                                                                                                                                                                                                                                       gemm+257x3x1+uniform  avgt    5    1620.341 ±   304.561  ns/op
KoblasJmhBenchmark.run         jvm-simd                                                                                                                                                                                                                                                                                                      gemm+3x257x33+uniform  avgt    5   14666.950 ±   631.202  ns/op
KoblasJmhBenchmark.run         jvm-simd                                                                                                                                                                                                                                                                                                      gemm+127x5x65+uniform  avgt    5    9140.643 ±   130.354  ns/op
KoblasJmhBenchmark.run         jvm-simd                                                                                                                                                                                                                                                                         trsm+65x1+triangular+side=L+uplo=L+transA=N+diag=N  avgt    5     927.083 ±   128.129  ns/op
KoblasJmhBenchmark.run         jvm-simd                                                                                                                                                                                                                                                                        trsm+65x33+triangular+side=L+uplo=U+transA=T+diag=U  avgt    5   26397.062 ±  2908.053  ns/op
KoblasJmhBenchmark.run         jvm-simd                               gemm-block+15x7x31+uniform+physical=8x4+work=gemm-add-v1+leftLayout=depth-rows-v1+rightLayout=depth-columns-v1+leftGroup=8+rightGroup=4+leftStride=8+rightStride=4+padding=zero+alignment=8+block=15x7x31+panel=31+diagonal=0+rhs=0+batch=1+variant=current-tile-v1+timing=prepacked-compute  avgt    5     411.370 ±    83.769  ns/op
KoblasJmhBenchmark.run         jvm-simd                               gemm-block+15x7x31+uniform+physical=8x4+work=gemm-add-v1+leftLayout=depth-rows-v1+rightLayout=depth-columns-v1+leftGroup=8+rightGroup=4+leftStride=8+rightStride=4+padding=zero+alignment=8+block=15x7x31+panel=31+diagonal=0+rhs=0+batch=1+variant=current-tile-v1+timing=pack-plus-compute  avgt    5    1148.930 ±    18.709  ns/op
KoblasJmhBenchmark.run         jvm-simd                             gemm-block+32x16x65+uniform+physical=8x4+work=gemm-add-v1+leftLayout=depth-rows-v1+rightLayout=depth-columns-v1+leftGroup=8+rightGroup=4+leftStride=8+rightStride=4+padding=zero+alignment=8+block=32x16x65+panel=65+diagonal=0+rhs=0+batch=1+variant=current-tile-v1+timing=prepacked-compute  avgt    5    2431.117 ±   414.822  ns/op
KoblasJmhBenchmark.run         jvm-simd                             gemm-block+32x16x65+uniform+physical=8x4+work=gemm-add-v1+leftLayout=depth-rows-v1+rightLayout=depth-columns-v1+leftGroup=8+rightGroup=4+leftStride=8+rightStride=4+padding=zero+alignment=8+block=32x16x65+panel=65+diagonal=0+rhs=0+batch=1+variant=current-tile-v1+timing=pack-plus-compute  avgt    5    5413.967 ±  2062.914  ns/op
wrote 143 cases and 611 rows to /home/rasmus/.codex/worktrees/703f/koblas/koblas-bench/reports/f342c3192a41a07cf0454d7d4d5324f8289cc01329bcc9c990b986dcdd2f5922/20260911T153950Z-a038f25ac668/jvm-simd.csv
resolved implementation=jvm-simd/simd(4 lanes)/simd-sparse/packed-8x4 runtime=kotlin-2.4.10/jvm/Eclipse Adoptium/25.0.1 harness=JMH 1.37 forks=1

BUILD SUCCESSFUL in 3m 39s
9 actionable tasks: 3 executed, 6 up-to-date
Configuration cache entry stored.
