Calculating task graph as no cached configuration is available for tasks: :koblas-bench:jvmScalarBenchmark

> Configure project :koblas
Signing skipped: SNAPSHOT is a snapshot.

> Configure project :koblas-hfactor
Signing skipped: SNAPSHOT is a snapshot.

> Task :koblas:verifyJvmKernelResources SKIPPED
> Task :koblas:buildJvmKernels UP-TO-DATE
> Task :koblas:kmpPartiallyResolvedDependenciesChecker
> Task :koblas-bench:jvmProcessResources NO-SOURCE
> Task :koblas-bench:kmpPartiallyResolvedDependenciesChecker
> Task :koblas-bench:checkKotlinGradlePluginConfigurationErrors SKIPPED
> Task :koblas:checkKotlinGradlePluginConfigurationErrors SKIPPED
> Task :koblas-bench:processJvmMainResources SKIPPED
> Task :koblas:jvmProcessResources UP-TO-DATE
> Task :koblas:processJvmMainResources SKIPPED
> Task :koblas:compileKotlinJvm UP-TO-DATE
> Task :koblas:compileJvmMainJava NO-SOURCE
> Task :koblas:jvmMainClasses UP-TO-DATE
> Task :koblas:jvmJar UP-TO-DATE
> Task :koblas-bench:compileKotlinJvm UP-TO-DATE
> Task :koblas-bench:compileJvmMainJava UP-TO-DATE
> Task :koblas-bench:jvmMainClasses UP-TO-DATE

> Task :koblas-bench:jvmScalarBenchmark
WARNING: A terminally deprecated method in sun.misc.Unsafe has been called
WARNING: sun.misc.Unsafe::objectFieldOffset has been called by org.openjdk.jmh.util.Utils (file:/home/rasmus/.gradle/caches/modules-2/files-2.1/org.openjdk.jmh/jmh-core/1.37/896f27e49105b35ea1964319c83d12082e7a79ef/jmh-core-1.37.jar)
WARNING: Please consider reporting this to the maintainers of class org.openjdk.jmh.util.Utils
WARNING: sun.misc.Unsafe::objectFieldOffset will be removed in a future release
# JMH version: 1.37
# VM version: JDK 25.0.1, OpenJDK 64-Bit Server VM, 25.0.1+8-LTS
# VM invoker: /home/rasmus/.gradle/jdks/eclipse_adoptium-25-amd64-linux.2/bin/java
# VM options: --enable-native-access=ALL-UNNAMED -Dfile.encoding=UTF-8 -Duser.country -Duser.language=en -Duser.variant -Dkoblas.bench.cases=/home/rasmus/.codex/worktrees/703f/koblas/koblas-bench/reports/f342c3192a41a07cf0454d7d4d5324f8289cc01329bcc9c990b986dcdd2f5922/20260911T153950Z-a038f25ac668/cases.txt
# Blackhole mode: compiler (auto-detected, use -Djmh.blackhole.autoDetect=false to disable)
# Warmup: 3 iterations, 200000000 ns each
# Measurement: 5 iterations, 200000000 ns each
# Timeout: 10 min per iteration
# Threads: 1 thread, will synchronize iterations
# Benchmark mode: Average time, time/op
# Benchmark: com.eignex.koblas.bench.KoblasJmhBenchmark.run
# Parameters: (benchmarkMode = jvm-scalar, caseId = dot+4096+uniform)

# Run progress: 0.00% complete, ETA 00:03:07
# Fork: 1 of 1
WARNING: A terminally deprecated method in sun.misc.Unsafe has been called
WARNING: sun.misc.Unsafe::objectFieldOffset has been called by org.openjdk.jmh.util.Utils (file:/home/rasmus/.gradle/caches/modules-2/files-2.1/org.openjdk.jmh/jmh-core/1.37/896f27e49105b35ea1964319c83d12082e7a79ef/jmh-core-1.37.jar)
WARNING: Please consider reporting this to the maintainers of class org.openjdk.jmh.util.Utils
WARNING: sun.misc.Unsafe::objectFieldOffset will be removed in a future release
# Warmup Iteration   1: 2300.412 ns/op
# Warmup Iteration   2: 2097.651 ns/op
# Warmup Iteration   3: 2079.758 ns/op
Iteration   1: 2065.610 ns/op
Iteration   2: 2072.202 ns/op
Iteration   3: 2056.579 ns/op
Iteration   4: 2093.880 ns/op
Iteration   5: 2070.327 ns/op


Result "com.eignex.koblas.bench.KoblasJmhBenchmark.run":
  2071.720 ±(99.9%) 53.072 ns/op [Average]
  (min, avg, max) = (2056.579, 2071.720, 2093.880), stdev = 13.783
  CI (99.9%): [2018.648, 2124.792] (assumes normal distribution)


# JMH version: 1.37
# VM version: JDK 25.0.1, OpenJDK 64-Bit Server VM, 25.0.1+8-LTS
# VM invoker: /home/rasmus/.gradle/jdks/eclipse_adoptium-25-amd64-linux.2/bin/java
# VM options: --enable-native-access=ALL-UNNAMED -Dfile.encoding=UTF-8 -Duser.country -Duser.language=en -Duser.variant -Dkoblas.bench.cases=/home/rasmus/.codex/worktrees/703f/koblas/koblas-bench/reports/f342c3192a41a07cf0454d7d4d5324f8289cc01329bcc9c990b986dcdd2f5922/20260911T153950Z-a038f25ac668/cases.txt
# Blackhole mode: compiler (auto-detected, use -Djmh.blackhole.autoDetect=false to disable)
# Warmup: 3 iterations, 200000000 ns each
# Measurement: 5 iterations, 200000000 ns each
# Timeout: 10 min per iteration
# Threads: 1 thread, will synchronize iterations
# Benchmark mode: Average time, time/op
# Benchmark: com.eignex.koblas.bench.KoblasJmhBenchmark.run
# Parameters: (benchmarkMode = jvm-scalar, caseId = axpy+4096+uniform)

# Run progress: 0.85% complete, ETA 00:03:33
# Fork: 1 of 1
WARNING: A terminally deprecated method in sun.misc.Unsafe has been called
WARNING: sun.misc.Unsafe::objectFieldOffset has been called by org.openjdk.jmh.util.Utils (file:/home/rasmus/.gradle/caches/modules-2/files-2.1/org.openjdk.jmh/jmh-core/1.37/896f27e49105b35ea1964319c83d12082e7a79ef/jmh-core-1.37.jar)
WARNING: Please consider reporting this to the maintainers of class org.openjdk.jmh.util.Utils
WARNING: sun.misc.Unsafe::objectFieldOffset will be removed in a future release
# Warmup Iteration   1: 1520.788 ns/op
# Warmup Iteration   2: 1342.990 ns/op
# Warmup Iteration   3: 1301.946 ns/op
Iteration   1: 1274.991 ns/op
Iteration   2: 1535.432 ns/op
Iteration   3: 1309.074 ns/op
Iteration   4: 1301.778 ns/op
Iteration   5: 1304.649 ns/op


Result "com.eignex.koblas.bench.KoblasJmhBenchmark.run":
  1345.185 ±(99.9%) 412.723 ns/op [Average]
  (min, avg, max) = (1274.991, 1345.185, 1535.432), stdev = 107.183
  CI (99.9%): [932.462, 1757.908] (assumes normal distribution)


# JMH version: 1.37
# VM version: JDK 25.0.1, OpenJDK 64-Bit Server VM, 25.0.1+8-LTS
# VM invoker: /home/rasmus/.gradle/jdks/eclipse_adoptium-25-amd64-linux.2/bin/java
# VM options: --enable-native-access=ALL-UNNAMED -Dfile.encoding=UTF-8 -Duser.country -Duser.language=en -Duser.variant -Dkoblas.bench.cases=/home/rasmus/.codex/worktrees/703f/koblas/koblas-bench/reports/f342c3192a41a07cf0454d7d4d5324f8289cc01329bcc9c990b986dcdd2f5922/20260911T153950Z-a038f25ac668/cases.txt
# Blackhole mode: compiler (auto-detected, use -Djmh.blackhole.autoDetect=false to disable)
# Warmup: 3 iterations, 200000000 ns each
# Measurement: 5 iterations, 200000000 ns each
# Timeout: 10 min per iteration
# Threads: 1 thread, will synchronize iterations
# Benchmark mode: Average time, time/op
# Benchmark: com.eignex.koblas.bench.KoblasJmhBenchmark.run
# Parameters: (benchmarkMode = jvm-scalar, caseId = axpy-arithmetic+4096+uniform)

# Run progress: 1.71% complete, ETA 00:03:32
# Fork: 1 of 1
WARNING: A terminally deprecated method in sun.misc.Unsafe has been called
WARNING: sun.misc.Unsafe::objectFieldOffset has been called by org.openjdk.jmh.util.Utils (file:/home/rasmus/.gradle/caches/modules-2/files-2.1/org.openjdk.jmh/jmh-core/1.37/896f27e49105b35ea1964319c83d12082e7a79ef/jmh-core-1.37.jar)
WARNING: Please consider reporting this to the maintainers of class org.openjdk.jmh.util.Utils
WARNING: sun.misc.Unsafe::objectFieldOffset will be removed in a future release
# Warmup Iteration   1: 1588.094 ns/op
# Warmup Iteration   2: 1494.784 ns/op
# Warmup Iteration   3: 1405.257 ns/op
Iteration   1: 1419.333 ns/op
Iteration   2: 1431.756 ns/op
Iteration   3: 1429.631 ns/op
Iteration   4: 1408.303 ns/op
Iteration   5: 1393.618 ns/op


Result "com.eignex.koblas.bench.KoblasJmhBenchmark.run":
  1416.528 ±(99.9%) 61.005 ns/op [Average]
  (min, avg, max) = (1393.618, 1416.528, 1431.756), stdev = 15.843
  CI (99.9%): [1355.523, 1477.534] (assumes normal distribution)


# JMH version: 1.37
# VM version: JDK 25.0.1, OpenJDK 64-Bit Server VM, 25.0.1+8-LTS
# VM invoker: /home/rasmus/.gradle/jdks/eclipse_adoptium-25-amd64-linux.2/bin/java
# VM options: --enable-native-access=ALL-UNNAMED -Dfile.encoding=UTF-8 -Duser.country -Duser.language=en -Duser.variant -Dkoblas.bench.cases=/home/rasmus/.codex/worktrees/703f/koblas/koblas-bench/reports/f342c3192a41a07cf0454d7d4d5324f8289cc01329bcc9c990b986dcdd2f5922/20260911T153950Z-a038f25ac668/cases.txt
# Blackhole mode: compiler (auto-detected, use -Djmh.blackhole.autoDetect=false to disable)
# Warmup: 3 iterations, 200000000 ns each
# Measurement: 5 iterations, 200000000 ns each
# Timeout: 10 min per iteration
# Threads: 1 thread, will synchronize iterations
# Benchmark mode: Average time, time/op
# Benchmark: com.eignex.koblas.bench.KoblasJmhBenchmark.run
# Parameters: (benchmarkMode = jvm-scalar, caseId = scal+4096+uniform)

# Run progress: 2.56% complete, ETA 00:03:29
# Fork: 1 of 1
WARNING: A terminally deprecated method in sun.misc.Unsafe has been called
WARNING: sun.misc.Unsafe::objectFieldOffset has been called by org.openjdk.jmh.util.Utils (file:/home/rasmus/.gradle/caches/modules-2/files-2.1/org.openjdk.jmh/jmh-core/1.37/896f27e49105b35ea1964319c83d12082e7a79ef/jmh-core-1.37.jar)
WARNING: Please consider reporting this to the maintainers of class org.openjdk.jmh.util.Utils
WARNING: sun.misc.Unsafe::objectFieldOffset will be removed in a future release
# Warmup Iteration   1: 1312.111 ns/op
# Warmup Iteration   2: 1171.750 ns/op
# Warmup Iteration   3: 1128.572 ns/op
Iteration   1: 1199.519 ns/op
Iteration   2: 1119.222 ns/op
Iteration   3: 1108.521 ns/op
Iteration   4: 1180.109 ns/op
Iteration   5: 1157.186 ns/op


Result "com.eignex.koblas.bench.KoblasJmhBenchmark.run":
  1152.912 ±(99.9%) 149.579 ns/op [Average]
  (min, avg, max) = (1108.521, 1152.912, 1199.519), stdev = 38.845
  CI (99.9%): [1003.333, 1302.490] (assumes normal distribution)


# JMH version: 1.37
# VM version: JDK 25.0.1, OpenJDK 64-Bit Server VM, 25.0.1+8-LTS
# VM invoker: /home/rasmus/.gradle/jdks/eclipse_adoptium-25-amd64-linux.2/bin/java
# VM options: --enable-native-access=ALL-UNNAMED -Dfile.encoding=UTF-8 -Duser.country -Duser.language=en -Duser.variant -Dkoblas.bench.cases=/home/rasmus/.codex/worktrees/703f/koblas/koblas-bench/reports/f342c3192a41a07cf0454d7d4d5324f8289cc01329bcc9c990b986dcdd2f5922/20260911T153950Z-a038f25ac668/cases.txt
# Blackhole mode: compiler (auto-detected, use -Djmh.blackhole.autoDetect=false to disable)
# Warmup: 3 iterations, 200000000 ns each
# Measurement: 5 iterations, 200000000 ns each
# Timeout: 10 min per iteration
# Threads: 1 thread, will synchronize iterations
# Benchmark mode: Average time, time/op
# Benchmark: com.eignex.koblas.bench.KoblasJmhBenchmark.run
# Parameters: (benchmarkMode = jvm-scalar, caseId = nrm2+4096+uniform)

# Run progress: 3.42% complete, ETA 00:03:27
# Fork: 1 of 1
WARNING: A terminally deprecated method in sun.misc.Unsafe has been called
WARNING: sun.misc.Unsafe::objectFieldOffset has been called by org.openjdk.jmh.util.Utils (file:/home/rasmus/.gradle/caches/modules-2/files-2.1/org.openjdk.jmh/jmh-core/1.37/896f27e49105b35ea1964319c83d12082e7a79ef/jmh-core-1.37.jar)
WARNING: Please consider reporting this to the maintainers of class org.openjdk.jmh.util.Utils
WARNING: sun.misc.Unsafe::objectFieldOffset will be removed in a future release
# Warmup Iteration   1: 2589.997 ns/op
# Warmup Iteration   2: 2484.705 ns/op
# Warmup Iteration   3: 2380.198 ns/op
Iteration   1: 2569.439 ns/op
Iteration   2: 2291.000 ns/op
Iteration   3: 2387.093 ns/op
Iteration   4: 2840.728 ns/op
Iteration   5: 2702.111 ns/op


Result "com.eignex.koblas.bench.KoblasJmhBenchmark.run":
  2558.074 ±(99.9%) 863.892 ns/op [Average]
  (min, avg, max) = (2291.000, 2558.074, 2840.728), stdev = 224.350
  CI (99.9%): [1694.182, 3421.967] (assumes normal distribution)


# JMH version: 1.37
# VM version: JDK 25.0.1, OpenJDK 64-Bit Server VM, 25.0.1+8-LTS
# VM invoker: /home/rasmus/.gradle/jdks/eclipse_adoptium-25-amd64-linux.2/bin/java
# VM options: --enable-native-access=ALL-UNNAMED -Dfile.encoding=UTF-8 -Duser.country -Duser.language=en -Duser.variant -Dkoblas.bench.cases=/home/rasmus/.codex/worktrees/703f/koblas/koblas-bench/reports/f342c3192a41a07cf0454d7d4d5324f8289cc01329bcc9c990b986dcdd2f5922/20260911T153950Z-a038f25ac668/cases.txt
# Blackhole mode: compiler (auto-detected, use -Djmh.blackhole.autoDetect=false to disable)
# Warmup: 3 iterations, 200000000 ns each
# Measurement: 5 iterations, 200000000 ns each
# Timeout: 10 min per iteration
# Threads: 1 thread, will synchronize iterations
# Benchmark mode: Average time, time/op
# Benchmark: com.eignex.koblas.bench.KoblasJmhBenchmark.run
# Parameters: (benchmarkMode = jvm-scalar, caseId = asum+4096+uniform)

# Run progress: 4.27% complete, ETA 00:03:25
# Fork: 1 of 1
WARNING: A terminally deprecated method in sun.misc.Unsafe has been called
WARNING: sun.misc.Unsafe::objectFieldOffset has been called by org.openjdk.jmh.util.Utils (file:/home/rasmus/.gradle/caches/modules-2/files-2.1/org.openjdk.jmh/jmh-core/1.37/896f27e49105b35ea1964319c83d12082e7a79ef/jmh-core-1.37.jar)
WARNING: Please consider reporting this to the maintainers of class org.openjdk.jmh.util.Utils
WARNING: sun.misc.Unsafe::objectFieldOffset will be removed in a future release
# Warmup Iteration   1: 2806.837 ns/op
# Warmup Iteration   2: 2528.354 ns/op
# Warmup Iteration   3: 2381.690 ns/op
Iteration   1: 2655.451 ns/op
Iteration   2: 3749.259 ns/op
Iteration   3: 2545.324 ns/op
Iteration   4: 2283.172 ns/op
Iteration   5: 2253.506 ns/op


Result "com.eignex.koblas.bench.KoblasJmhBenchmark.run":
  2697.342 ±(99.9%) 2357.966 ns/op [Average]
  (min, avg, max) = (2253.506, 2697.342, 3749.259), stdev = 612.356
  CI (99.9%): [339.376, 5055.309] (assumes normal distribution)


# JMH version: 1.37
# VM version: JDK 25.0.1, OpenJDK 64-Bit Server VM, 25.0.1+8-LTS
# VM invoker: /home/rasmus/.gradle/jdks/eclipse_adoptium-25-amd64-linux.2/bin/java
# VM options: --enable-native-access=ALL-UNNAMED -Dfile.encoding=UTF-8 -Duser.country -Duser.language=en -Duser.variant -Dkoblas.bench.cases=/home/rasmus/.codex/worktrees/703f/koblas/koblas-bench/reports/f342c3192a41a07cf0454d7d4d5324f8289cc01329bcc9c990b986dcdd2f5922/20260911T153950Z-a038f25ac668/cases.txt
# Blackhole mode: compiler (auto-detected, use -Djmh.blackhole.autoDetect=false to disable)
# Warmup: 3 iterations, 200000000 ns each
# Measurement: 5 iterations, 200000000 ns each
# Timeout: 10 min per iteration
# Threads: 1 thread, will synchronize iterations
# Benchmark mode: Average time, time/op
# Benchmark: com.eignex.koblas.bench.KoblasJmhBenchmark.run
# Parameters: (benchmarkMode = jvm-scalar, caseId = sum+4096+uniform)

# Run progress: 5.13% complete, ETA 00:03:24
# Fork: 1 of 1
WARNING: A terminally deprecated method in sun.misc.Unsafe has been called
WARNING: sun.misc.Unsafe::objectFieldOffset has been called by org.openjdk.jmh.util.Utils (file:/home/rasmus/.gradle/caches/modules-2/files-2.1/org.openjdk.jmh/jmh-core/1.37/896f27e49105b35ea1964319c83d12082e7a79ef/jmh-core-1.37.jar)
WARNING: Please consider reporting this to the maintainers of class org.openjdk.jmh.util.Utils
WARNING: sun.misc.Unsafe::objectFieldOffset will be removed in a future release
# Warmup Iteration   1: 2338.482 ns/op
# Warmup Iteration   2: 2215.196 ns/op
# Warmup Iteration   3: 2155.069 ns/op
Iteration   1: 3261.653 ns/op
Iteration   2: 2652.389 ns/op
Iteration   3: 1752.801 ns/op
Iteration   4: 1660.759 ns/op
Iteration   5: 1688.829 ns/op


Result "com.eignex.koblas.bench.KoblasJmhBenchmark.run":
  2203.286 ±(99.9%) 2779.257 ns/op [Average]
  (min, avg, max) = (1660.759, 2203.286, 3261.653), stdev = 721.764
  CI (99.9%): [≈ 0, 4982.543] (assumes normal distribution)


# JMH version: 1.37
# VM version: JDK 25.0.1, OpenJDK 64-Bit Server VM, 25.0.1+8-LTS
# VM invoker: /home/rasmus/.gradle/jdks/eclipse_adoptium-25-amd64-linux.2/bin/java
# VM options: --enable-native-access=ALL-UNNAMED -Dfile.encoding=UTF-8 -Duser.country -Duser.language=en -Duser.variant -Dkoblas.bench.cases=/home/rasmus/.codex/worktrees/703f/koblas/koblas-bench/reports/f342c3192a41a07cf0454d7d4d5324f8289cc01329bcc9c990b986dcdd2f5922/20260911T153950Z-a038f25ac668/cases.txt
# Blackhole mode: compiler (auto-detected, use -Djmh.blackhole.autoDetect=false to disable)
# Warmup: 3 iterations, 200000000 ns each
# Measurement: 5 iterations, 200000000 ns each
# Timeout: 10 min per iteration
# Threads: 1 thread, will synchronize iterations
# Benchmark mode: Average time, time/op
# Benchmark: com.eignex.koblas.bench.KoblasJmhBenchmark.run
# Parameters: (benchmarkMode = jvm-scalar, caseId = compensated-sum+4096+uniform)

# Run progress: 5.98% complete, ETA 00:03:22
# Fork: 1 of 1
WARNING: A terminally deprecated method in sun.misc.Unsafe has been called
WARNING: sun.misc.Unsafe::objectFieldOffset has been called by org.openjdk.jmh.util.Utils (file:/home/rasmus/.gradle/caches/modules-2/files-2.1/org.openjdk.jmh/jmh-core/1.37/896f27e49105b35ea1964319c83d12082e7a79ef/jmh-core-1.37.jar)
WARNING: Please consider reporting this to the maintainers of class org.openjdk.jmh.util.Utils
WARNING: sun.misc.Unsafe::objectFieldOffset will be removed in a future release
# Warmup Iteration   1: 3323.466 ns/op
# Warmup Iteration   2: 3126.381 ns/op
# Warmup Iteration   3: 3218.899 ns/op
Iteration   1: 3131.253 ns/op
Iteration   2: 3126.394 ns/op
Iteration   3: 3117.388 ns/op
Iteration   4: 3183.568 ns/op
Iteration   5: 2854.417 ns/op


Result "com.eignex.koblas.bench.KoblasJmhBenchmark.run":
  3082.604 ±(99.9%) 501.166 ns/op [Average]
  (min, avg, max) = (2854.417, 3082.604, 3183.568), stdev = 130.151
  CI (99.9%): [2581.438, 3583.770] (assumes normal distribution)


# JMH version: 1.37
# VM version: JDK 25.0.1, OpenJDK 64-Bit Server VM, 25.0.1+8-LTS
# VM invoker: /home/rasmus/.gradle/jdks/eclipse_adoptium-25-amd64-linux.2/bin/java
# VM options: --enable-native-access=ALL-UNNAMED -Dfile.encoding=UTF-8 -Duser.country -Duser.language=en -Duser.variant -Dkoblas.bench.cases=/home/rasmus/.codex/worktrees/703f/koblas/koblas-bench/reports/f342c3192a41a07cf0454d7d4d5324f8289cc01329bcc9c990b986dcdd2f5922/20260911T153950Z-a038f25ac668/cases.txt
# Blackhole mode: compiler (auto-detected, use -Djmh.blackhole.autoDetect=false to disable)
# Warmup: 3 iterations, 200000000 ns each
# Measurement: 5 iterations, 200000000 ns each
# Timeout: 10 min per iteration
# Threads: 1 thread, will synchronize iterations
# Benchmark mode: Average time, time/op
# Benchmark: com.eignex.koblas.bench.KoblasJmhBenchmark.run
# Parameters: (benchmarkMode = jvm-scalar, caseId = iamax+4096+uniform)

# Run progress: 6.84% complete, ETA 00:03:20
# Fork: 1 of 1
WARNING: A terminally deprecated method in sun.misc.Unsafe has been called
WARNING: sun.misc.Unsafe::objectFieldOffset has been called by org.openjdk.jmh.util.Utils (file:/home/rasmus/.gradle/caches/modules-2/files-2.1/org.openjdk.jmh/jmh-core/1.37/896f27e49105b35ea1964319c83d12082e7a79ef/jmh-core-1.37.jar)
WARNING: Please consider reporting this to the maintainers of class org.openjdk.jmh.util.Utils
WARNING: sun.misc.Unsafe::objectFieldOffset will be removed in a future release
# Warmup Iteration   1: 1405.755 ns/op
# Warmup Iteration   2: 1325.406 ns/op
# Warmup Iteration   3: 1321.792 ns/op
Iteration   1: 1303.465 ns/op
Iteration   2: 1293.576 ns/op
Iteration   3: 1295.895 ns/op
Iteration   4: 1293.833 ns/op
Iteration   5: 1295.902 ns/op


Result "com.eignex.koblas.bench.KoblasJmhBenchmark.run":
  1296.534 ±(99.9%) 15.510 ns/op [Average]
  (min, avg, max) = (1293.576, 1296.534, 1303.465), stdev = 4.028
  CI (99.9%): [1281.025, 1312.044] (assumes normal distribution)


# JMH version: 1.37
# VM version: JDK 25.0.1, OpenJDK 64-Bit Server VM, 25.0.1+8-LTS
# VM invoker: /home/rasmus/.gradle/jdks/eclipse_adoptium-25-amd64-linux.2/bin/java
# VM options: --enable-native-access=ALL-UNNAMED -Dfile.encoding=UTF-8 -Duser.country -Duser.language=en -Duser.variant -Dkoblas.bench.cases=/home/rasmus/.codex/worktrees/703f/koblas/koblas-bench/reports/f342c3192a41a07cf0454d7d4d5324f8289cc01329bcc9c990b986dcdd2f5922/20260911T153950Z-a038f25ac668/cases.txt
# Blackhole mode: compiler (auto-detected, use -Djmh.blackhole.autoDetect=false to disable)
# Warmup: 3 iterations, 200000000 ns each
# Measurement: 5 iterations, 200000000 ns each
# Timeout: 10 min per iteration
# Threads: 1 thread, will synchronize iterations
# Benchmark mode: Average time, time/op
# Benchmark: com.eignex.koblas.bench.KoblasJmhBenchmark.run
# Parameters: (benchmarkMode = jvm-scalar, caseId = swap+4096+uniform)

# Run progress: 7.69% complete, ETA 00:03:18
# Fork: 1 of 1
WARNING: A terminally deprecated method in sun.misc.Unsafe has been called
WARNING: sun.misc.Unsafe::objectFieldOffset has been called by org.openjdk.jmh.util.Utils (file:/home/rasmus/.gradle/caches/modules-2/files-2.1/org.openjdk.jmh/jmh-core/1.37/896f27e49105b35ea1964319c83d12082e7a79ef/jmh-core-1.37.jar)
WARNING: Please consider reporting this to the maintainers of class org.openjdk.jmh.util.Utils
WARNING: sun.misc.Unsafe::objectFieldOffset will be removed in a future release
# Warmup Iteration   1: 2822.644 ns/op
# Warmup Iteration   2: 2548.989 ns/op
# Warmup Iteration   3: 2548.745 ns/op
Iteration   1: 2363.772 ns/op
Iteration   2: 2416.989 ns/op
Iteration   3: 2417.232 ns/op
Iteration   4: 2400.539 ns/op
Iteration   5: 2430.684 ns/op


Result "com.eignex.koblas.bench.KoblasJmhBenchmark.run":
  2405.843 ±(99.9%) 99.470 ns/op [Average]
  (min, avg, max) = (2363.772, 2405.843, 2430.684), stdev = 25.832
  CI (99.9%): [2306.374, 2505.313] (assumes normal distribution)


# JMH version: 1.37
# VM version: JDK 25.0.1, OpenJDK 64-Bit Server VM, 25.0.1+8-LTS
# VM invoker: /home/rasmus/.gradle/jdks/eclipse_adoptium-25-amd64-linux.2/bin/java
# VM options: --enable-native-access=ALL-UNNAMED -Dfile.encoding=UTF-8 -Duser.country -Duser.language=en -Duser.variant -Dkoblas.bench.cases=/home/rasmus/.codex/worktrees/703f/koblas/koblas-bench/reports/f342c3192a41a07cf0454d7d4d5324f8289cc01329bcc9c990b986dcdd2f5922/20260911T153950Z-a038f25ac668/cases.txt
# Blackhole mode: compiler (auto-detected, use -Djmh.blackhole.autoDetect=false to disable)
# Warmup: 3 iterations, 200000000 ns each
# Measurement: 5 iterations, 200000000 ns each
# Timeout: 10 min per iteration
# Threads: 1 thread, will synchronize iterations
# Benchmark mode: Average time, time/op
# Benchmark: com.eignex.koblas.bench.KoblasJmhBenchmark.run
# Parameters: (benchmarkMode = jvm-scalar, caseId = rot+4096+uniform)

# Run progress: 8.55% complete, ETA 00:03:16
# Fork: 1 of 1
WARNING: A terminally deprecated method in sun.misc.Unsafe has been called
WARNING: sun.misc.Unsafe::objectFieldOffset has been called by org.openjdk.jmh.util.Utils (file:/home/rasmus/.gradle/caches/modules-2/files-2.1/org.openjdk.jmh/jmh-core/1.37/896f27e49105b35ea1964319c83d12082e7a79ef/jmh-core-1.37.jar)
WARNING: Please consider reporting this to the maintainers of class org.openjdk.jmh.util.Utils
WARNING: sun.misc.Unsafe::objectFieldOffset will be removed in a future release
# Warmup Iteration   1: 2855.664 ns/op
# Warmup Iteration   2: 2639.589 ns/op
# Warmup Iteration   3: 2489.789 ns/op
Iteration   1: 2528.917 ns/op
Iteration   2: 2623.601 ns/op
Iteration   3: 2493.263 ns/op
Iteration   4: 2648.421 ns/op
Iteration   5: 2535.939 ns/op


Result "com.eignex.koblas.bench.KoblasJmhBenchmark.run":
  2566.028 ±(99.9%) 256.008 ns/op [Average]
  (min, avg, max) = (2493.263, 2566.028, 2648.421), stdev = 66.484
  CI (99.9%): [2310.020, 2822.036] (assumes normal distribution)


# JMH version: 1.37
# VM version: JDK 25.0.1, OpenJDK 64-Bit Server VM, 25.0.1+8-LTS
# VM invoker: /home/rasmus/.gradle/jdks/eclipse_adoptium-25-amd64-linux.2/bin/java
# VM options: --enable-native-access=ALL-UNNAMED -Dfile.encoding=UTF-8 -Duser.country -Duser.language=en -Duser.variant -Dkoblas.bench.cases=/home/rasmus/.codex/worktrees/703f/koblas/koblas-bench/reports/f342c3192a41a07cf0454d7d4d5324f8289cc01329bcc9c990b986dcdd2f5922/20260911T153950Z-a038f25ac668/cases.txt
# Blackhole mode: compiler (auto-detected, use -Djmh.blackhole.autoDetect=false to disable)
# Warmup: 3 iterations, 200000000 ns each
# Measurement: 5 iterations, 200000000 ns each
# Timeout: 10 min per iteration
# Threads: 1 thread, will synchronize iterations
# Benchmark mode: Average time, time/op
# Benchmark: com.eignex.koblas.bench.KoblasJmhBenchmark.run
# Parameters: (benchmarkMode = jvm-scalar, caseId = rotm+4096+uniform)

# Run progress: 9.40% complete, ETA 00:03:13
# Fork: 1 of 1
WARNING: A terminally deprecated method in sun.misc.Unsafe has been called
WARNING: sun.misc.Unsafe::objectFieldOffset has been called by org.openjdk.jmh.util.Utils (file:/home/rasmus/.gradle/caches/modules-2/files-2.1/org.openjdk.jmh/jmh-core/1.37/896f27e49105b35ea1964319c83d12082e7a79ef/jmh-core-1.37.jar)
WARNING: Please consider reporting this to the maintainers of class org.openjdk.jmh.util.Utils
WARNING: sun.misc.Unsafe::objectFieldOffset will be removed in a future release
# Warmup Iteration   1: 4052.120 ns/op
# Warmup Iteration   2: 2950.537 ns/op
# Warmup Iteration   3: 2897.509 ns/op
Iteration   1: 3640.197 ns/op
Iteration   2: 3632.690 ns/op
Iteration   3: 3614.269 ns/op
Iteration   4: 3653.450 ns/op
Iteration   5: 3698.919 ns/op


Result "com.eignex.koblas.bench.KoblasJmhBenchmark.run":
  3647.905 ±(99.9%) 122.609 ns/op [Average]
  (min, avg, max) = (3614.269, 3647.905, 3698.919), stdev = 31.841
  CI (99.9%): [3525.295, 3770.514] (assumes normal distribution)


# JMH version: 1.37
# VM version: JDK 25.0.1, OpenJDK 64-Bit Server VM, 25.0.1+8-LTS
# VM invoker: /home/rasmus/.gradle/jdks/eclipse_adoptium-25-amd64-linux.2/bin/java
# VM options: --enable-native-access=ALL-UNNAMED -Dfile.encoding=UTF-8 -Duser.country -Duser.language=en -Duser.variant -Dkoblas.bench.cases=/home/rasmus/.codex/worktrees/703f/koblas/koblas-bench/reports/f342c3192a41a07cf0454d7d4d5324f8289cc01329bcc9c990b986dcdd2f5922/20260911T153950Z-a038f25ac668/cases.txt
# Blackhole mode: compiler (auto-detected, use -Djmh.blackhole.autoDetect=false to disable)
# Warmup: 3 iterations, 200000000 ns each
# Measurement: 5 iterations, 200000000 ns each
# Timeout: 10 min per iteration
# Threads: 1 thread, will synchronize iterations
# Benchmark mode: Average time, time/op
# Benchmark: com.eignex.koblas.bench.KoblasJmhBenchmark.run
# Parameters: (benchmarkMode = jvm-scalar, caseId = rotmg+1+uniform)

# Run progress: 10.26% complete, ETA 00:03:11
# Fork: 1 of 1
WARNING: A terminally deprecated method in sun.misc.Unsafe has been called
WARNING: sun.misc.Unsafe::objectFieldOffset has been called by org.openjdk.jmh.util.Utils (file:/home/rasmus/.gradle/caches/modules-2/files-2.1/org.openjdk.jmh/jmh-core/1.37/896f27e49105b35ea1964319c83d12082e7a79ef/jmh-core-1.37.jar)
WARNING: Please consider reporting this to the maintainers of class org.openjdk.jmh.util.Utils
WARNING: sun.misc.Unsafe::objectFieldOffset will be removed in a future release
# Warmup Iteration   1: 17.250 ns/op
# Warmup Iteration   2: 9.375 ns/op
# Warmup Iteration   3: 9.918 ns/op
Iteration   1: 7.491 ns/op
Iteration   2: 10.329 ns/op
Iteration   3: 7.648 ns/op
Iteration   4: 7.531 ns/op
Iteration   5: 7.558 ns/op


Result "com.eignex.koblas.bench.KoblasJmhBenchmark.run":
  8.111 ±(99.9%) 4.779 ns/op [Average]
  (min, avg, max) = (7.491, 8.111, 10.329), stdev = 1.241
  CI (99.9%): [3.333, 12.890] (assumes normal distribution)


# JMH version: 1.37
# VM version: JDK 25.0.1, OpenJDK 64-Bit Server VM, 25.0.1+8-LTS
# VM invoker: /home/rasmus/.gradle/jdks/eclipse_adoptium-25-amd64-linux.2/bin/java
# VM options: --enable-native-access=ALL-UNNAMED -Dfile.encoding=UTF-8 -Duser.country -Duser.language=en -Duser.variant -Dkoblas.bench.cases=/home/rasmus/.codex/worktrees/703f/koblas/koblas-bench/reports/f342c3192a41a07cf0454d7d4d5324f8289cc01329bcc9c990b986dcdd2f5922/20260911T153950Z-a038f25ac668/cases.txt
# Blackhole mode: compiler (auto-detected, use -Djmh.blackhole.autoDetect=false to disable)
# Warmup: 3 iterations, 200000000 ns each
# Measurement: 5 iterations, 200000000 ns each
# Timeout: 10 min per iteration
# Threads: 1 thread, will synchronize iterations
# Benchmark mode: Average time, time/op
# Benchmark: com.eignex.koblas.bench.KoblasJmhBenchmark.run
# Parameters: (benchmarkMode = jvm-scalar, caseId = ssqd+4096+uniform)

# Run progress: 11.11% complete, ETA 00:03:10
# Fork: 1 of 1
WARNING: A terminally deprecated method in sun.misc.Unsafe has been called
WARNING: sun.misc.Unsafe::objectFieldOffset has been called by org.openjdk.jmh.util.Utils (file:/home/rasmus/.gradle/caches/modules-2/files-2.1/org.openjdk.jmh/jmh-core/1.37/896f27e49105b35ea1964319c83d12082e7a79ef/jmh-core-1.37.jar)
WARNING: Please consider reporting this to the maintainers of class org.openjdk.jmh.util.Utils
WARNING: sun.misc.Unsafe::objectFieldOffset will be removed in a future release
# Warmup Iteration   1: 1890.937 ns/op
# Warmup Iteration   2: 1769.161 ns/op
# Warmup Iteration   3: 1752.292 ns/op
Iteration   1: 1774.376 ns/op
Iteration   2: 1768.411 ns/op
Iteration   3: 1796.405 ns/op
Iteration   4: 1876.217 ns/op
Iteration   5: 1776.188 ns/op


Result "com.eignex.koblas.bench.KoblasJmhBenchmark.run":
  1798.319 ±(99.9%) 172.521 ns/op [Average]
  (min, avg, max) = (1768.411, 1798.319, 1876.217), stdev = 44.803
  CI (99.9%): [1625.798, 1970.840] (assumes normal distribution)


# JMH version: 1.37
# VM version: JDK 25.0.1, OpenJDK 64-Bit Server VM, 25.0.1+8-LTS
# VM invoker: /home/rasmus/.gradle/jdks/eclipse_adoptium-25-amd64-linux.2/bin/java
# VM options: --enable-native-access=ALL-UNNAMED -Dfile.encoding=UTF-8 -Duser.country -Duser.language=en -Duser.variant -Dkoblas.bench.cases=/home/rasmus/.codex/worktrees/703f/koblas/koblas-bench/reports/f342c3192a41a07cf0454d7d4d5324f8289cc01329bcc9c990b986dcdd2f5922/20260911T153950Z-a038f25ac668/cases.txt
# Blackhole mode: compiler (auto-detected, use -Djmh.blackhole.autoDetect=false to disable)
# Warmup: 3 iterations, 200000000 ns each
# Measurement: 5 iterations, 200000000 ns each
# Timeout: 10 min per iteration
# Threads: 1 thread, will synchronize iterations
# Benchmark mode: Average time, time/op
# Benchmark: com.eignex.koblas.bench.KoblasJmhBenchmark.run
# Parameters: (benchmarkMode = jvm-scalar, caseId = dot4+4096+uniform)

# Run progress: 11.97% complete, ETA 00:03:08
# Fork: 1 of 1
WARNING: A terminally deprecated method in sun.misc.Unsafe has been called
WARNING: sun.misc.Unsafe::objectFieldOffset has been called by org.openjdk.jmh.util.Utils (file:/home/rasmus/.gradle/caches/modules-2/files-2.1/org.openjdk.jmh/jmh-core/1.37/896f27e49105b35ea1964319c83d12082e7a79ef/jmh-core-1.37.jar)
WARNING: Please consider reporting this to the maintainers of class org.openjdk.jmh.util.Utils
WARNING: sun.misc.Unsafe::objectFieldOffset will be removed in a future release
# Warmup Iteration   1: 3665.601 ns/op
# Warmup Iteration   2: 3527.845 ns/op
# Warmup Iteration   3: 3467.879 ns/op
Iteration   1: 3452.756 ns/op
Iteration   2: 3404.991 ns/op
Iteration   3: 3379.048 ns/op
Iteration   4: 3520.546 ns/op
Iteration   5: 3608.538 ns/op


Result "com.eignex.koblas.bench.KoblasJmhBenchmark.run":
  3473.176 ±(99.9%) 357.578 ns/op [Average]
  (min, avg, max) = (3379.048, 3473.176, 3608.538), stdev = 92.862
  CI (99.9%): [3115.598, 3830.753] (assumes normal distribution)


# JMH version: 1.37
# VM version: JDK 25.0.1, OpenJDK 64-Bit Server VM, 25.0.1+8-LTS
# VM invoker: /home/rasmus/.gradle/jdks/eclipse_adoptium-25-amd64-linux.2/bin/java
# VM options: --enable-native-access=ALL-UNNAMED -Dfile.encoding=UTF-8 -Duser.country -Duser.language=en -Duser.variant -Dkoblas.bench.cases=/home/rasmus/.codex/worktrees/703f/koblas/koblas-bench/reports/f342c3192a41a07cf0454d7d4d5324f8289cc01329bcc9c990b986dcdd2f5922/20260911T153950Z-a038f25ac668/cases.txt
# Blackhole mode: compiler (auto-detected, use -Djmh.blackhole.autoDetect=false to disable)
# Warmup: 3 iterations, 200000000 ns each
# Measurement: 5 iterations, 200000000 ns each
# Timeout: 10 min per iteration
# Threads: 1 thread, will synchronize iterations
# Benchmark mode: Average time, time/op
# Benchmark: com.eignex.koblas.bench.KoblasJmhBenchmark.run
# Parameters: (benchmarkMode = jvm-scalar, caseId = axpy4+4096+uniform)

# Run progress: 12.82% complete, ETA 00:03:06
# Fork: 1 of 1
WARNING: A terminally deprecated method in sun.misc.Unsafe has been called
WARNING: sun.misc.Unsafe::objectFieldOffset has been called by org.openjdk.jmh.util.Utils (file:/home/rasmus/.gradle/caches/modules-2/files-2.1/org.openjdk.jmh/jmh-core/1.37/896f27e49105b35ea1964319c83d12082e7a79ef/jmh-core-1.37.jar)
WARNING: Please consider reporting this to the maintainers of class org.openjdk.jmh.util.Utils
WARNING: sun.misc.Unsafe::objectFieldOffset will be removed in a future release
# Warmup Iteration   1: 4780.920 ns/op
# Warmup Iteration   2: 3924.846 ns/op
# Warmup Iteration   3: 4016.272 ns/op
Iteration   1: 4040.236 ns/op
Iteration   2: 4022.793 ns/op
Iteration   3: 4005.685 ns/op
Iteration   4: 4127.842 ns/op
Iteration   5: 4245.405 ns/op


Result "com.eignex.koblas.bench.KoblasJmhBenchmark.run":
  4088.392 ±(99.9%) 383.482 ns/op [Average]
  (min, avg, max) = (4005.685, 4088.392, 4245.405), stdev = 99.589
  CI (99.9%): [3704.910, 4471.874] (assumes normal distribution)


# JMH version: 1.37
# VM version: JDK 25.0.1, OpenJDK 64-Bit Server VM, 25.0.1+8-LTS
# VM invoker: /home/rasmus/.gradle/jdks/eclipse_adoptium-25-amd64-linux.2/bin/java
# VM options: --enable-native-access=ALL-UNNAMED -Dfile.encoding=UTF-8 -Duser.country -Duser.language=en -Duser.variant -Dkoblas.bench.cases=/home/rasmus/.codex/worktrees/703f/koblas/koblas-bench/reports/f342c3192a41a07cf0454d7d4d5324f8289cc01329bcc9c990b986dcdd2f5922/20260911T153950Z-a038f25ac668/cases.txt
# Blackhole mode: compiler (auto-detected, use -Djmh.blackhole.autoDetect=false to disable)
# Warmup: 3 iterations, 200000000 ns each
# Measurement: 5 iterations, 200000000 ns each
# Timeout: 10 min per iteration
# Threads: 1 thread, will synchronize iterations
# Benchmark mode: Average time, time/op
# Benchmark: com.eignex.koblas.bench.KoblasJmhBenchmark.run
# Parameters: (benchmarkMode = jvm-scalar, caseId = dot-axpy+4096+uniform)

# Run progress: 13.68% complete, ETA 00:03:04
# Fork: 1 of 1
WARNING: A terminally deprecated method in sun.misc.Unsafe has been called
WARNING: sun.misc.Unsafe::objectFieldOffset has been called by org.openjdk.jmh.util.Utils (file:/home/rasmus/.gradle/caches/modules-2/files-2.1/org.openjdk.jmh/jmh-core/1.37/896f27e49105b35ea1964319c83d12082e7a79ef/jmh-core-1.37.jar)
WARNING: Please consider reporting this to the maintainers of class org.openjdk.jmh.util.Utils
WARNING: sun.misc.Unsafe::objectFieldOffset will be removed in a future release
# Warmup Iteration   1: 2812.268 ns/op
# Warmup Iteration   2: 2557.827 ns/op
# Warmup Iteration   3: 2545.197 ns/op
Iteration   1: 2417.736 ns/op
Iteration   2: 2464.514 ns/op
Iteration   3: 2512.950 ns/op
Iteration   4: 2501.301 ns/op
Iteration   5: 2559.571 ns/op


Result "com.eignex.koblas.bench.KoblasJmhBenchmark.run":
  2491.215 ±(99.9%) 205.196 ns/op [Average]
  (min, avg, max) = (2417.736, 2491.215, 2559.571), stdev = 53.289
  CI (99.9%): [2286.018, 2696.411] (assumes normal distribution)


# JMH version: 1.37
# VM version: JDK 25.0.1, OpenJDK 64-Bit Server VM, 25.0.1+8-LTS
# VM invoker: /home/rasmus/.gradle/jdks/eclipse_adoptium-25-amd64-linux.2/bin/java
# VM options: --enable-native-access=ALL-UNNAMED -Dfile.encoding=UTF-8 -Duser.country -Duser.language=en -Duser.variant -Dkoblas.bench.cases=/home/rasmus/.codex/worktrees/703f/koblas/koblas-bench/reports/f342c3192a41a07cf0454d7d4d5324f8289cc01329bcc9c990b986dcdd2f5922/20260911T153950Z-a038f25ac668/cases.txt
# Blackhole mode: compiler (auto-detected, use -Djmh.blackhole.autoDetect=false to disable)
# Warmup: 3 iterations, 200000000 ns each
# Measurement: 5 iterations, 200000000 ns each
# Timeout: 10 min per iteration
# Threads: 1 thread, will synchronize iterations
# Benchmark mode: Average time, time/op
# Benchmark: com.eignex.koblas.bench.KoblasJmhBenchmark.run
# Parameters: (benchmarkMode = jvm-scalar, caseId = gemv+32x21+uniform)

# Run progress: 14.53% complete, ETA 00:03:02
# Fork: 1 of 1
WARNING: A terminally deprecated method in sun.misc.Unsafe has been called
WARNING: sun.misc.Unsafe::objectFieldOffset has been called by org.openjdk.jmh.util.Utils (file:/home/rasmus/.gradle/caches/modules-2/files-2.1/org.openjdk.jmh/jmh-core/1.37/896f27e49105b35ea1964319c83d12082e7a79ef/jmh-core-1.37.jar)
WARNING: Please consider reporting this to the maintainers of class org.openjdk.jmh.util.Utils
WARNING: sun.misc.Unsafe::objectFieldOffset will be removed in a future release
# Warmup Iteration   1: 246.008 ns/op
# Warmup Iteration   2: 205.658 ns/op
# Warmup Iteration   3: 204.882 ns/op
Iteration   1: 219.379 ns/op
Iteration   2: 224.853 ns/op
Iteration   3: 225.751 ns/op
Iteration   4: 203.902 ns/op
Iteration   5: 205.054 ns/op


Result "com.eignex.koblas.bench.KoblasJmhBenchmark.run":
  215.788 ±(99.9%) 40.879 ns/op [Average]
  (min, avg, max) = (203.902, 215.788, 225.751), stdev = 10.616
  CI (99.9%): [174.909, 256.667] (assumes normal distribution)


# JMH version: 1.37
# VM version: JDK 25.0.1, OpenJDK 64-Bit Server VM, 25.0.1+8-LTS
# VM invoker: /home/rasmus/.gradle/jdks/eclipse_adoptium-25-amd64-linux.2/bin/java
# VM options: --enable-native-access=ALL-UNNAMED -Dfile.encoding=UTF-8 -Duser.country -Duser.language=en -Duser.variant -Dkoblas.bench.cases=/home/rasmus/.codex/worktrees/703f/koblas/koblas-bench/reports/f342c3192a41a07cf0454d7d4d5324f8289cc01329bcc9c990b986dcdd2f5922/20260911T153950Z-a038f25ac668/cases.txt
# Blackhole mode: compiler (auto-detected, use -Djmh.blackhole.autoDetect=false to disable)
# Warmup: 3 iterations, 200000000 ns each
# Measurement: 5 iterations, 200000000 ns each
# Timeout: 10 min per iteration
# Threads: 1 thread, will synchronize iterations
# Benchmark mode: Average time, time/op
# Benchmark: com.eignex.koblas.bench.KoblasJmhBenchmark.run
# Parameters: (benchmarkMode = jvm-scalar, caseId = gemv+129x31+uniform+transA=T)

# Run progress: 15.38% complete, ETA 00:03:00
# Fork: 1 of 1
WARNING: A terminally deprecated method in sun.misc.Unsafe has been called
WARNING: sun.misc.Unsafe::objectFieldOffset has been called by org.openjdk.jmh.util.Utils (file:/home/rasmus/.gradle/caches/modules-2/files-2.1/org.openjdk.jmh/jmh-core/1.37/896f27e49105b35ea1964319c83d12082e7a79ef/jmh-core-1.37.jar)
WARNING: Please consider reporting this to the maintainers of class org.openjdk.jmh.util.Utils
WARNING: sun.misc.Unsafe::objectFieldOffset will be removed in a future release
# Warmup Iteration   1: 1212.241 ns/op
# Warmup Iteration   2: 1010.382 ns/op
# Warmup Iteration   3: 1098.205 ns/op
Iteration   1: 1035.916 ns/op
Iteration   2: 1003.261 ns/op
Iteration   3: 1020.837 ns/op
Iteration   4: 1076.596 ns/op
Iteration   5: 995.046 ns/op


Result "com.eignex.koblas.bench.KoblasJmhBenchmark.run":
  1026.331 ±(99.9%) 124.173 ns/op [Average]
  (min, avg, max) = (995.046, 1026.331, 1076.596), stdev = 32.247
  CI (99.9%): [902.159, 1150.504] (assumes normal distribution)


# JMH version: 1.37
# VM version: JDK 25.0.1, OpenJDK 64-Bit Server VM, 25.0.1+8-LTS
# VM invoker: /home/rasmus/.gradle/jdks/eclipse_adoptium-25-amd64-linux.2/bin/java
# VM options: --enable-native-access=ALL-UNNAMED -Dfile.encoding=UTF-8 -Duser.country -Duser.language=en -Duser.variant -Dkoblas.bench.cases=/home/rasmus/.codex/worktrees/703f/koblas/koblas-bench/reports/f342c3192a41a07cf0454d7d4d5324f8289cc01329bcc9c990b986dcdd2f5922/20260911T153950Z-a038f25ac668/cases.txt
# Blackhole mode: compiler (auto-detected, use -Djmh.blackhole.autoDetect=false to disable)
# Warmup: 3 iterations, 200000000 ns each
# Measurement: 5 iterations, 200000000 ns each
# Timeout: 10 min per iteration
# Threads: 1 thread, will synchronize iterations
# Benchmark mode: Average time, time/op
# Benchmark: com.eignex.koblas.bench.KoblasJmhBenchmark.run
# Parameters: (benchmarkMode = jvm-scalar, caseId = symv+129+uniform+uplo=U)

# Run progress: 16.24% complete, ETA 00:02:58
# Fork: 1 of 1
WARNING: A terminally deprecated method in sun.misc.Unsafe has been called
WARNING: sun.misc.Unsafe::objectFieldOffset has been called by org.openjdk.jmh.util.Utils (file:/home/rasmus/.gradle/caches/modules-2/files-2.1/org.openjdk.jmh/jmh-core/1.37/896f27e49105b35ea1964319c83d12082e7a79ef/jmh-core-1.37.jar)
WARNING: Please consider reporting this to the maintainers of class org.openjdk.jmh.util.Utils
WARNING: sun.misc.Unsafe::objectFieldOffset will be removed in a future release
# Warmup Iteration   1: 4610.327 ns/op
# Warmup Iteration   2: 4445.592 ns/op
# Warmup Iteration   3: 4683.454 ns/op
Iteration   1: 4284.801 ns/op
Iteration   2: 4196.671 ns/op
Iteration   3: 4217.609 ns/op
Iteration   4: 4213.175 ns/op
Iteration   5: 4233.099 ns/op


Result "com.eignex.koblas.bench.KoblasJmhBenchmark.run":
  4229.071 ±(99.9%) 129.954 ns/op [Average]
  (min, avg, max) = (4196.671, 4229.071, 4284.801), stdev = 33.749
  CI (99.9%): [4099.117, 4359.025] (assumes normal distribution)


# JMH version: 1.37
# VM version: JDK 25.0.1, OpenJDK 64-Bit Server VM, 25.0.1+8-LTS
# VM invoker: /home/rasmus/.gradle/jdks/eclipse_adoptium-25-amd64-linux.2/bin/java
# VM options: --enable-native-access=ALL-UNNAMED -Dfile.encoding=UTF-8 -Duser.country -Duser.language=en -Duser.variant -Dkoblas.bench.cases=/home/rasmus/.codex/worktrees/703f/koblas/koblas-bench/reports/f342c3192a41a07cf0454d7d4d5324f8289cc01329bcc9c990b986dcdd2f5922/20260911T153950Z-a038f25ac668/cases.txt
# Blackhole mode: compiler (auto-detected, use -Djmh.blackhole.autoDetect=false to disable)
# Warmup: 3 iterations, 200000000 ns each
# Measurement: 5 iterations, 200000000 ns each
# Timeout: 10 min per iteration
# Threads: 1 thread, will synchronize iterations
# Benchmark mode: Average time, time/op
# Benchmark: com.eignex.koblas.bench.KoblasJmhBenchmark.run
# Parameters: (benchmarkMode = jvm-scalar, caseId = ger+129x31+uniform)

# Run progress: 17.09% complete, ETA 00:02:56
# Fork: 1 of 1
WARNING: A terminally deprecated method in sun.misc.Unsafe has been called
WARNING: sun.misc.Unsafe::objectFieldOffset has been called by org.openjdk.jmh.util.Utils (file:/home/rasmus/.gradle/caches/modules-2/files-2.1/org.openjdk.jmh/jmh-core/1.37/896f27e49105b35ea1964319c83d12082e7a79ef/jmh-core-1.37.jar)
WARNING: Please consider reporting this to the maintainers of class org.openjdk.jmh.util.Utils
WARNING: sun.misc.Unsafe::objectFieldOffset will be removed in a future release
# Warmup Iteration   1: 2180.696 ns/op
# Warmup Iteration   2: 2051.063 ns/op
# Warmup Iteration   3: 1884.488 ns/op
Iteration   1: 1905.586 ns/op
Iteration   2: 1824.436 ns/op
Iteration   3: 1866.505 ns/op
Iteration   4: 1847.941 ns/op
Iteration   5: 1909.271 ns/op


Result "com.eignex.koblas.bench.KoblasJmhBenchmark.run":
  1870.748 ±(99.9%) 141.229 ns/op [Average]
  (min, avg, max) = (1824.436, 1870.748, 1909.271), stdev = 36.677
  CI (99.9%): [1729.519, 2011.977] (assumes normal distribution)


# JMH version: 1.37
# VM version: JDK 25.0.1, OpenJDK 64-Bit Server VM, 25.0.1+8-LTS
# VM invoker: /home/rasmus/.gradle/jdks/eclipse_adoptium-25-amd64-linux.2/bin/java
# VM options: --enable-native-access=ALL-UNNAMED -Dfile.encoding=UTF-8 -Duser.country -Duser.language=en -Duser.variant -Dkoblas.bench.cases=/home/rasmus/.codex/worktrees/703f/koblas/koblas-bench/reports/f342c3192a41a07cf0454d7d4d5324f8289cc01329bcc9c990b986dcdd2f5922/20260911T153950Z-a038f25ac668/cases.txt
# Blackhole mode: compiler (auto-detected, use -Djmh.blackhole.autoDetect=false to disable)
# Warmup: 3 iterations, 200000000 ns each
# Measurement: 5 iterations, 200000000 ns each
# Timeout: 10 min per iteration
# Threads: 1 thread, will synchronize iterations
# Benchmark mode: Average time, time/op
# Benchmark: com.eignex.koblas.bench.KoblasJmhBenchmark.run
# Parameters: (benchmarkMode = jvm-scalar, caseId = syr+129+uniform+uplo=L)

# Run progress: 17.95% complete, ETA 00:02:54
# Fork: 1 of 1
WARNING: A terminally deprecated method in sun.misc.Unsafe has been called
WARNING: sun.misc.Unsafe::objectFieldOffset has been called by org.openjdk.jmh.util.Utils (file:/home/rasmus/.gradle/caches/modules-2/files-2.1/org.openjdk.jmh/jmh-core/1.37/896f27e49105b35ea1964319c83d12082e7a79ef/jmh-core-1.37.jar)
WARNING: Please consider reporting this to the maintainers of class org.openjdk.jmh.util.Utils
WARNING: sun.misc.Unsafe::objectFieldOffset will be removed in a future release
# Warmup Iteration   1: 6091.278 ns/op
# Warmup Iteration   2: 5798.555 ns/op
# Warmup Iteration   3: 5841.881 ns/op
Iteration   1: 5526.906 ns/op
Iteration   2: 5677.382 ns/op
Iteration   3: 5660.342 ns/op
Iteration   4: 5667.624 ns/op
Iteration   5: 5674.251 ns/op


Result "com.eignex.koblas.bench.KoblasJmhBenchmark.run":
  5641.301 ±(99.9%) 247.531 ns/op [Average]
  (min, avg, max) = (5526.906, 5641.301, 5677.382), stdev = 64.283
  CI (99.9%): [5393.770, 5888.833] (assumes normal distribution)


# JMH version: 1.37
# VM version: JDK 25.0.1, OpenJDK 64-Bit Server VM, 25.0.1+8-LTS
# VM invoker: /home/rasmus/.gradle/jdks/eclipse_adoptium-25-amd64-linux.2/bin/java
# VM options: --enable-native-access=ALL-UNNAMED -Dfile.encoding=UTF-8 -Duser.country -Duser.language=en -Duser.variant -Dkoblas.bench.cases=/home/rasmus/.codex/worktrees/703f/koblas/koblas-bench/reports/f342c3192a41a07cf0454d7d4d5324f8289cc01329bcc9c990b986dcdd2f5922/20260911T153950Z-a038f25ac668/cases.txt
# Blackhole mode: compiler (auto-detected, use -Djmh.blackhole.autoDetect=false to disable)
# Warmup: 3 iterations, 200000000 ns each
# Measurement: 5 iterations, 200000000 ns each
# Timeout: 10 min per iteration
# Threads: 1 thread, will synchronize iterations
# Benchmark mode: Average time, time/op
# Benchmark: com.eignex.koblas.bench.KoblasJmhBenchmark.run
# Parameters: (benchmarkMode = jvm-scalar, caseId = syr2+129+uniform+uplo=U)

# Run progress: 18.80% complete, ETA 00:02:52
# Fork: 1 of 1
WARNING: A terminally deprecated method in sun.misc.Unsafe has been called
WARNING: sun.misc.Unsafe::objectFieldOffset has been called by org.openjdk.jmh.util.Utils (file:/home/rasmus/.gradle/caches/modules-2/files-2.1/org.openjdk.jmh/jmh-core/1.37/896f27e49105b35ea1964319c83d12082e7a79ef/jmh-core-1.37.jar)
WARNING: Please consider reporting this to the maintainers of class org.openjdk.jmh.util.Utils
WARNING: sun.misc.Unsafe::objectFieldOffset will be removed in a future release
# Warmup Iteration   1: 8844.605 ns/op
# Warmup Iteration   2: 8439.161 ns/op
# Warmup Iteration   3: 8419.826 ns/op
Iteration   1: 8582.453 ns/op
Iteration   2: 8612.105 ns/op
Iteration   3: 8695.561 ns/op
Iteration   4: 8650.497 ns/op
Iteration   5: 8741.783 ns/op


Result "com.eignex.koblas.bench.KoblasJmhBenchmark.run":
  8656.480 ±(99.9%) 245.725 ns/op [Average]
  (min, avg, max) = (8582.453, 8656.480, 8741.783), stdev = 63.814
  CI (99.9%): [8410.754, 8902.205] (assumes normal distribution)


# JMH version: 1.37
# VM version: JDK 25.0.1, OpenJDK 64-Bit Server VM, 25.0.1+8-LTS
# VM invoker: /home/rasmus/.gradle/jdks/eclipse_adoptium-25-amd64-linux.2/bin/java
# VM options: --enable-native-access=ALL-UNNAMED -Dfile.encoding=UTF-8 -Duser.country -Duser.language=en -Duser.variant -Dkoblas.bench.cases=/home/rasmus/.codex/worktrees/703f/koblas/koblas-bench/reports/f342c3192a41a07cf0454d7d4d5324f8289cc01329bcc9c990b986dcdd2f5922/20260911T153950Z-a038f25ac668/cases.txt
# Blackhole mode: compiler (auto-detected, use -Djmh.blackhole.autoDetect=false to disable)
# Warmup: 3 iterations, 200000000 ns each
# Measurement: 5 iterations, 200000000 ns each
# Timeout: 10 min per iteration
# Threads: 1 thread, will synchronize iterations
# Benchmark mode: Average time, time/op
# Benchmark: com.eignex.koblas.bench.KoblasJmhBenchmark.run
# Parameters: (benchmarkMode = jvm-scalar, caseId = trsv+129+triangular+uplo=L+transA=N+diag=N)

# Run progress: 19.66% complete, ETA 00:02:50
# Fork: 1 of 1
WARNING: A terminally deprecated method in sun.misc.Unsafe has been called
WARNING: sun.misc.Unsafe::objectFieldOffset has been called by org.openjdk.jmh.util.Utils (file:/home/rasmus/.gradle/caches/modules-2/files-2.1/org.openjdk.jmh/jmh-core/1.37/896f27e49105b35ea1964319c83d12082e7a79ef/jmh-core-1.37.jar)
WARNING: Please consider reporting this to the maintainers of class org.openjdk.jmh.util.Utils
WARNING: sun.misc.Unsafe::objectFieldOffset will be removed in a future release
# Warmup Iteration   1: 4380.960 ns/op
# Warmup Iteration   2: 3979.929 ns/op
# Warmup Iteration   3: 3623.599 ns/op
Iteration   1: 3931.939 ns/op
Iteration   2: 3607.873 ns/op
Iteration   3: 3730.630 ns/op
Iteration   4: 3547.158 ns/op
Iteration   5: 3541.786 ns/op


Result "com.eignex.koblas.bench.KoblasJmhBenchmark.run":
  3671.877 ±(99.9%) 631.726 ns/op [Average]
  (min, avg, max) = (3541.786, 3671.877, 3931.939), stdev = 164.057
  CI (99.9%): [3040.151, 4303.603] (assumes normal distribution)


# JMH version: 1.37
# VM version: JDK 25.0.1, OpenJDK 64-Bit Server VM, 25.0.1+8-LTS
# VM invoker: /home/rasmus/.gradle/jdks/eclipse_adoptium-25-amd64-linux.2/bin/java
# VM options: --enable-native-access=ALL-UNNAMED -Dfile.encoding=UTF-8 -Duser.country -Duser.language=en -Duser.variant -Dkoblas.bench.cases=/home/rasmus/.codex/worktrees/703f/koblas/koblas-bench/reports/f342c3192a41a07cf0454d7d4d5324f8289cc01329bcc9c990b986dcdd2f5922/20260911T153950Z-a038f25ac668/cases.txt
# Blackhole mode: compiler (auto-detected, use -Djmh.blackhole.autoDetect=false to disable)
# Warmup: 3 iterations, 200000000 ns each
# Measurement: 5 iterations, 200000000 ns each
# Timeout: 10 min per iteration
# Threads: 1 thread, will synchronize iterations
# Benchmark mode: Average time, time/op
# Benchmark: com.eignex.koblas.bench.KoblasJmhBenchmark.run
# Parameters: (benchmarkMode = jvm-scalar, caseId = trmv+129+triangular+uplo=U+transA=T+diag=U)

# Run progress: 20.51% complete, ETA 00:02:48
# Fork: 1 of 1
WARNING: A terminally deprecated method in sun.misc.Unsafe has been called
WARNING: sun.misc.Unsafe::objectFieldOffset has been called by org.openjdk.jmh.util.Utils (file:/home/rasmus/.gradle/caches/modules-2/files-2.1/org.openjdk.jmh/jmh-core/1.37/896f27e49105b35ea1964319c83d12082e7a79ef/jmh-core-1.37.jar)
WARNING: Please consider reporting this to the maintainers of class org.openjdk.jmh.util.Utils
WARNING: sun.misc.Unsafe::objectFieldOffset will be removed in a future release
# Warmup Iteration   1: 3314.968 ns/op
# Warmup Iteration   2: 2976.326 ns/op
# Warmup Iteration   3: 2752.682 ns/op
Iteration   1: 2831.242 ns/op
Iteration   2: 2807.247 ns/op
Iteration   3: 2813.271 ns/op
Iteration   4: 2826.145 ns/op
Iteration   5: 2833.556 ns/op


Result "com.eignex.koblas.bench.KoblasJmhBenchmark.run":
  2822.292 ±(99.9%) 44.305 ns/op [Average]
  (min, avg, max) = (2807.247, 2822.292, 2833.556), stdev = 11.506
  CI (99.9%): [2777.988, 2866.597] (assumes normal distribution)


# JMH version: 1.37
# VM version: JDK 25.0.1, OpenJDK 64-Bit Server VM, 25.0.1+8-LTS
# VM invoker: /home/rasmus/.gradle/jdks/eclipse_adoptium-25-amd64-linux.2/bin/java
# VM options: --enable-native-access=ALL-UNNAMED -Dfile.encoding=UTF-8 -Duser.country -Duser.language=en -Duser.variant -Dkoblas.bench.cases=/home/rasmus/.codex/worktrees/703f/koblas/koblas-bench/reports/f342c3192a41a07cf0454d7d4d5324f8289cc01329bcc9c990b986dcdd2f5922/20260911T153950Z-a038f25ac668/cases.txt
# Blackhole mode: compiler (auto-detected, use -Djmh.blackhole.autoDetect=false to disable)
# Warmup: 3 iterations, 200000000 ns each
# Measurement: 5 iterations, 200000000 ns each
# Timeout: 10 min per iteration
# Threads: 1 thread, will synchronize iterations
# Benchmark mode: Average time, time/op
# Benchmark: com.eignex.koblas.bench.KoblasJmhBenchmark.run
# Parameters: (benchmarkMode = jvm-scalar, caseId = gemm+32x21x48+uniform)

# Run progress: 21.37% complete, ETA 00:02:46
# Fork: 1 of 1
WARNING: A terminally deprecated method in sun.misc.Unsafe has been called
WARNING: sun.misc.Unsafe::objectFieldOffset has been called by org.openjdk.jmh.util.Utils (file:/home/rasmus/.gradle/caches/modules-2/files-2.1/org.openjdk.jmh/jmh-core/1.37/896f27e49105b35ea1964319c83d12082e7a79ef/jmh-core-1.37.jar)
WARNING: Please consider reporting this to the maintainers of class org.openjdk.jmh.util.Utils
WARNING: sun.misc.Unsafe::objectFieldOffset will be removed in a future release
# Warmup Iteration   1: 12165.226 ns/op
# Warmup Iteration   2: 10901.635 ns/op
# Warmup Iteration   3: 10956.377 ns/op
Iteration   1: 11007.295 ns/op
Iteration   2: 10902.745 ns/op
Iteration   3: 10982.208 ns/op
Iteration   4: 10990.982 ns/op
Iteration   5: 10903.198 ns/op


Result "com.eignex.koblas.bench.KoblasJmhBenchmark.run":
  10957.286 ±(99.9%) 194.045 ns/op [Average]
  (min, avg, max) = (10902.745, 10957.286, 11007.295), stdev = 50.393
  CI (99.9%): [10763.241, 11151.330] (assumes normal distribution)


# JMH version: 1.37
# VM version: JDK 25.0.1, OpenJDK 64-Bit Server VM, 25.0.1+8-LTS
# VM invoker: /home/rasmus/.gradle/jdks/eclipse_adoptium-25-amd64-linux.2/bin/java
# VM options: --enable-native-access=ALL-UNNAMED -Dfile.encoding=UTF-8 -Duser.country -Duser.language=en -Duser.variant -Dkoblas.bench.cases=/home/rasmus/.codex/worktrees/703f/koblas/koblas-bench/reports/f342c3192a41a07cf0454d7d4d5324f8289cc01329bcc9c990b986dcdd2f5922/20260911T153950Z-a038f25ac668/cases.txt
# Blackhole mode: compiler (auto-detected, use -Djmh.blackhole.autoDetect=false to disable)
# Warmup: 3 iterations, 200000000 ns each
# Measurement: 5 iterations, 200000000 ns each
# Timeout: 10 min per iteration
# Threads: 1 thread, will synchronize iterations
# Benchmark mode: Average time, time/op
# Benchmark: com.eignex.koblas.bench.KoblasJmhBenchmark.run
# Parameters: (benchmarkMode = jvm-scalar, caseId = gemm+129x31x257+uniform+transA=T)

# Run progress: 22.22% complete, ETA 00:02:44
# Fork: 1 of 1
WARNING: A terminally deprecated method in sun.misc.Unsafe has been called
WARNING: sun.misc.Unsafe::objectFieldOffset has been called by org.openjdk.jmh.util.Utils (file:/home/rasmus/.gradle/caches/modules-2/files-2.1/org.openjdk.jmh/jmh-core/1.37/896f27e49105b35ea1964319c83d12082e7a79ef/jmh-core-1.37.jar)
WARNING: Please consider reporting this to the maintainers of class org.openjdk.jmh.util.Utils
WARNING: sun.misc.Unsafe::objectFieldOffset will be removed in a future release
# Warmup Iteration   1: 325592.161 ns/op
# Warmup Iteration   2: 246713.044 ns/op
# Warmup Iteration   3: 264717.491 ns/op
Iteration   1: 272325.859 ns/op
Iteration   2: 245877.390 ns/op
Iteration   3: 249999.896 ns/op
Iteration   4: 251452.247 ns/op
Iteration   5: 250930.540 ns/op


Result "com.eignex.koblas.bench.KoblasJmhBenchmark.run":
  254117.186 ±(99.9%) 40093.815 ns/op [Average]
  (min, avg, max) = (245877.390, 254117.186, 272325.859), stdev = 10412.236
  CI (99.9%): [214023.371, 294211.002] (assumes normal distribution)


# JMH version: 1.37
# VM version: JDK 25.0.1, OpenJDK 64-Bit Server VM, 25.0.1+8-LTS
# VM invoker: /home/rasmus/.gradle/jdks/eclipse_adoptium-25-amd64-linux.2/bin/java
# VM options: --enable-native-access=ALL-UNNAMED -Dfile.encoding=UTF-8 -Duser.country -Duser.language=en -Duser.variant -Dkoblas.bench.cases=/home/rasmus/.codex/worktrees/703f/koblas/koblas-bench/reports/f342c3192a41a07cf0454d7d4d5324f8289cc01329bcc9c990b986dcdd2f5922/20260911T153950Z-a038f25ac668/cases.txt
# Blackhole mode: compiler (auto-detected, use -Djmh.blackhole.autoDetect=false to disable)
# Warmup: 3 iterations, 200000000 ns each
# Measurement: 5 iterations, 200000000 ns each
# Timeout: 10 min per iteration
# Threads: 1 thread, will synchronize iterations
# Benchmark mode: Average time, time/op
# Benchmark: com.eignex.koblas.bench.KoblasJmhBenchmark.run
# Parameters: (benchmarkMode = jvm-scalar, caseId = gemm+65x127x33+uniform+transB=T)

# Run progress: 23.08% complete, ETA 00:02:43
# Fork: 1 of 1
WARNING: A terminally deprecated method in sun.misc.Unsafe has been called
WARNING: sun.misc.Unsafe::objectFieldOffset has been called by org.openjdk.jmh.util.Utils (file:/home/rasmus/.gradle/caches/modules-2/files-2.1/org.openjdk.jmh/jmh-core/1.37/896f27e49105b35ea1964319c83d12082e7a79ef/jmh-core-1.37.jar)
WARNING: Please consider reporting this to the maintainers of class org.openjdk.jmh.util.Utils
WARNING: sun.misc.Unsafe::objectFieldOffset will be removed in a future release
# Warmup Iteration   1: 77463.289 ns/op
# Warmup Iteration   2: 72777.248 ns/op
# Warmup Iteration   3: 73937.505 ns/op
Iteration   1: 73667.533 ns/op
Iteration   2: 73279.011 ns/op
Iteration   3: 73218.042 ns/op
Iteration   4: 73292.291 ns/op
Iteration   5: 73307.264 ns/op


Result "com.eignex.koblas.bench.KoblasJmhBenchmark.run":
  73352.828 ±(99.9%) 689.890 ns/op [Average]
  (min, avg, max) = (73218.042, 73352.828, 73667.533), stdev = 179.162
  CI (99.9%): [72662.939, 74042.718] (assumes normal distribution)


# JMH version: 1.37
# VM version: JDK 25.0.1, OpenJDK 64-Bit Server VM, 25.0.1+8-LTS
# VM invoker: /home/rasmus/.gradle/jdks/eclipse_adoptium-25-amd64-linux.2/bin/java
# VM options: --enable-native-access=ALL-UNNAMED -Dfile.encoding=UTF-8 -Duser.country -Duser.language=en -Duser.variant -Dkoblas.bench.cases=/home/rasmus/.codex/worktrees/703f/koblas/koblas-bench/reports/f342c3192a41a07cf0454d7d4d5324f8289cc01329bcc9c990b986dcdd2f5922/20260911T153950Z-a038f25ac668/cases.txt
# Blackhole mode: compiler (auto-detected, use -Djmh.blackhole.autoDetect=false to disable)
# Warmup: 3 iterations, 200000000 ns each
# Measurement: 5 iterations, 200000000 ns each
# Timeout: 10 min per iteration
# Threads: 1 thread, will synchronize iterations
# Benchmark mode: Average time, time/op
# Benchmark: com.eignex.koblas.bench.KoblasJmhBenchmark.run
# Parameters: (benchmarkMode = jvm-scalar, caseId = symm+129x31+uniform+side=L+uplo=L)

# Run progress: 23.93% complete, ETA 00:02:41
# Fork: 1 of 1
WARNING: A terminally deprecated method in sun.misc.Unsafe has been called
WARNING: sun.misc.Unsafe::objectFieldOffset has been called by org.openjdk.jmh.util.Utils (file:/home/rasmus/.gradle/caches/modules-2/files-2.1/org.openjdk.jmh/jmh-core/1.37/896f27e49105b35ea1964319c83d12082e7a79ef/jmh-core-1.37.jar)
WARNING: Please consider reporting this to the maintainers of class org.openjdk.jmh.util.Utils
WARNING: sun.misc.Unsafe::objectFieldOffset will be removed in a future release
# Warmup Iteration   1: 161495.400 ns/op
# Warmup Iteration   2: 138703.238 ns/op
# Warmup Iteration   3: 139031.744 ns/op
Iteration   1: 141883.033 ns/op
Iteration   2: 139934.061 ns/op
Iteration   3: 138685.442 ns/op
Iteration   4: 138406.483 ns/op
Iteration   5: 138345.982 ns/op


Result "com.eignex.koblas.bench.KoblasJmhBenchmark.run":
  139451.000 ±(99.9%) 5790.801 ns/op [Average]
  (min, avg, max) = (138345.982, 139451.000, 141883.033), stdev = 1503.853
  CI (99.9%): [133660.199, 145241.801] (assumes normal distribution)


# JMH version: 1.37
# VM version: JDK 25.0.1, OpenJDK 64-Bit Server VM, 25.0.1+8-LTS
# VM invoker: /home/rasmus/.gradle/jdks/eclipse_adoptium-25-amd64-linux.2/bin/java
# VM options: --enable-native-access=ALL-UNNAMED -Dfile.encoding=UTF-8 -Duser.country -Duser.language=en -Duser.variant -Dkoblas.bench.cases=/home/rasmus/.codex/worktrees/703f/koblas/koblas-bench/reports/f342c3192a41a07cf0454d7d4d5324f8289cc01329bcc9c990b986dcdd2f5922/20260911T153950Z-a038f25ac668/cases.txt
# Blackhole mode: compiler (auto-detected, use -Djmh.blackhole.autoDetect=false to disable)
# Warmup: 3 iterations, 200000000 ns each
# Measurement: 5 iterations, 200000000 ns each
# Timeout: 10 min per iteration
# Threads: 1 thread, will synchronize iterations
# Benchmark mode: Average time, time/op
# Benchmark: com.eignex.koblas.bench.KoblasJmhBenchmark.run
# Parameters: (benchmarkMode = jvm-scalar, caseId = symm+31x129+uniform+side=R+uplo=U)

# Run progress: 24.79% complete, ETA 00:02:39
# Fork: 1 of 1
WARNING: A terminally deprecated method in sun.misc.Unsafe has been called
WARNING: sun.misc.Unsafe::objectFieldOffset has been called by org.openjdk.jmh.util.Utils (file:/home/rasmus/.gradle/caches/modules-2/files-2.1/org.openjdk.jmh/jmh-core/1.37/896f27e49105b35ea1964319c83d12082e7a79ef/jmh-core-1.37.jar)
WARNING: Please consider reporting this to the maintainers of class org.openjdk.jmh.util.Utils
WARNING: sun.misc.Unsafe::objectFieldOffset will be removed in a future release
# Warmup Iteration   1: 146005.384 ns/op
# Warmup Iteration   2: 128121.640 ns/op
# Warmup Iteration   3: 126810.466 ns/op
Iteration   1: 126769.595 ns/op
Iteration   2: 129547.955 ns/op
Iteration   3: 125992.570 ns/op
Iteration   4: 133980.831 ns/op
Iteration   5: 137963.567 ns/op


Result "com.eignex.koblas.bench.KoblasJmhBenchmark.run":
  130850.904 ±(99.9%) 19477.616 ns/op [Average]
  (min, avg, max) = (125992.570, 130850.904, 137963.567), stdev = 5058.275
  CI (99.9%): [111373.288, 150328.520] (assumes normal distribution)


# JMH version: 1.37
# VM version: JDK 25.0.1, OpenJDK 64-Bit Server VM, 25.0.1+8-LTS
# VM invoker: /home/rasmus/.gradle/jdks/eclipse_adoptium-25-amd64-linux.2/bin/java
# VM options: --enable-native-access=ALL-UNNAMED -Dfile.encoding=UTF-8 -Duser.country -Duser.language=en -Duser.variant -Dkoblas.bench.cases=/home/rasmus/.codex/worktrees/703f/koblas/koblas-bench/reports/f342c3192a41a07cf0454d7d4d5324f8289cc01329bcc9c990b986dcdd2f5922/20260911T153950Z-a038f25ac668/cases.txt
# Blackhole mode: compiler (auto-detected, use -Djmh.blackhole.autoDetect=false to disable)
# Warmup: 3 iterations, 200000000 ns each
# Measurement: 5 iterations, 200000000 ns each
# Timeout: 10 min per iteration
# Threads: 1 thread, will synchronize iterations
# Benchmark mode: Average time, time/op
# Benchmark: com.eignex.koblas.bench.KoblasJmhBenchmark.run
# Parameters: (benchmarkMode = jvm-scalar, caseId = gemmt+129x31+uniform+uplo=L+transA=N+transB=N)

# Run progress: 25.64% complete, ETA 00:02:37
# Fork: 1 of 1
WARNING: A terminally deprecated method in sun.misc.Unsafe has been called
WARNING: sun.misc.Unsafe::objectFieldOffset has been called by org.openjdk.jmh.util.Utils (file:/home/rasmus/.gradle/caches/modules-2/files-2.1/org.openjdk.jmh/jmh-core/1.37/896f27e49105b35ea1964319c83d12082e7a79ef/jmh-core-1.37.jar)
WARNING: Please consider reporting this to the maintainers of class org.openjdk.jmh.util.Utils
WARNING: sun.misc.Unsafe::objectFieldOffset will be removed in a future release
# Warmup Iteration   1: 168498.110 ns/op
# Warmup Iteration   2: 157516.260 ns/op
# Warmup Iteration   3: 157662.419 ns/op
Iteration   1: 161316.228 ns/op
Iteration   2: 142288.033 ns/op
Iteration   3: 143118.820 ns/op
Iteration   4: 143500.333 ns/op
Iteration   5: 143773.686 ns/op


Result "com.eignex.koblas.bench.KoblasJmhBenchmark.run":
  146799.420 ±(99.9%) 31322.816 ns/op [Average]
  (min, avg, max) = (142288.033, 146799.420, 161316.228), stdev = 8134.436
  CI (99.9%): [115476.604, 178122.236] (assumes normal distribution)


# JMH version: 1.37
# VM version: JDK 25.0.1, OpenJDK 64-Bit Server VM, 25.0.1+8-LTS
# VM invoker: /home/rasmus/.gradle/jdks/eclipse_adoptium-25-amd64-linux.2/bin/java
# VM options: --enable-native-access=ALL-UNNAMED -Dfile.encoding=UTF-8 -Duser.country -Duser.language=en -Duser.variant -Dkoblas.bench.cases=/home/rasmus/.codex/worktrees/703f/koblas/koblas-bench/reports/f342c3192a41a07cf0454d7d4d5324f8289cc01329bcc9c990b986dcdd2f5922/20260911T153950Z-a038f25ac668/cases.txt
# Blackhole mode: compiler (auto-detected, use -Djmh.blackhole.autoDetect=false to disable)
# Warmup: 3 iterations, 200000000 ns each
# Measurement: 5 iterations, 200000000 ns each
# Timeout: 10 min per iteration
# Threads: 1 thread, will synchronize iterations
# Benchmark mode: Average time, time/op
# Benchmark: com.eignex.koblas.bench.KoblasJmhBenchmark.run
# Parameters: (benchmarkMode = jvm-scalar, caseId = syrk+129x31+uniform+uplo=L+transA=N)

# Run progress: 26.50% complete, ETA 00:02:35
# Fork: 1 of 1
WARNING: A terminally deprecated method in sun.misc.Unsafe has been called
WARNING: sun.misc.Unsafe::objectFieldOffset has been called by org.openjdk.jmh.util.Utils (file:/home/rasmus/.gradle/caches/modules-2/files-2.1/org.openjdk.jmh/jmh-core/1.37/896f27e49105b35ea1964319c83d12082e7a79ef/jmh-core-1.37.jar)
WARNING: Please consider reporting this to the maintainers of class org.openjdk.jmh.util.Utils
WARNING: sun.misc.Unsafe::objectFieldOffset will be removed in a future release
# Warmup Iteration   1: 84030.088 ns/op
# Warmup Iteration   2: 73622.181 ns/op
# Warmup Iteration   3: 71674.169 ns/op
Iteration   1: 71545.967 ns/op
Iteration   2: 71094.110 ns/op
Iteration   3: 71289.878 ns/op
Iteration   4: 71704.492 ns/op
Iteration   5: 71350.712 ns/op


Result "com.eignex.koblas.bench.KoblasJmhBenchmark.run":
  71397.032 ±(99.9%) 907.361 ns/op [Average]
  (min, avg, max) = (71094.110, 71397.032, 71704.492), stdev = 235.639
  CI (99.9%): [70489.671, 72304.394] (assumes normal distribution)


# JMH version: 1.37
# VM version: JDK 25.0.1, OpenJDK 64-Bit Server VM, 25.0.1+8-LTS
# VM invoker: /home/rasmus/.gradle/jdks/eclipse_adoptium-25-amd64-linux.2/bin/java
# VM options: --enable-native-access=ALL-UNNAMED -Dfile.encoding=UTF-8 -Duser.country -Duser.language=en -Duser.variant -Dkoblas.bench.cases=/home/rasmus/.codex/worktrees/703f/koblas/koblas-bench/reports/f342c3192a41a07cf0454d7d4d5324f8289cc01329bcc9c990b986dcdd2f5922/20260911T153950Z-a038f25ac668/cases.txt
# Blackhole mode: compiler (auto-detected, use -Djmh.blackhole.autoDetect=false to disable)
# Warmup: 3 iterations, 200000000 ns each
# Measurement: 5 iterations, 200000000 ns each
# Timeout: 10 min per iteration
# Threads: 1 thread, will synchronize iterations
# Benchmark mode: Average time, time/op
# Benchmark: com.eignex.koblas.bench.KoblasJmhBenchmark.run
# Parameters: (benchmarkMode = jvm-scalar, caseId = syr2k+129x31+uniform+uplo=U+transA=T)

# Run progress: 27.35% complete, ETA 00:02:33
# Fork: 1 of 1
WARNING: A terminally deprecated method in sun.misc.Unsafe has been called
WARNING: sun.misc.Unsafe::objectFieldOffset has been called by org.openjdk.jmh.util.Utils (file:/home/rasmus/.gradle/caches/modules-2/files-2.1/org.openjdk.jmh/jmh-core/1.37/896f27e49105b35ea1964319c83d12082e7a79ef/jmh-core-1.37.jar)
WARNING: Please consider reporting this to the maintainers of class org.openjdk.jmh.util.Utils
WARNING: sun.misc.Unsafe::objectFieldOffset will be removed in a future release
# Warmup Iteration   1: 222192.028 ns/op
# Warmup Iteration   2: 184919.102 ns/op
# Warmup Iteration   3: 180718.324 ns/op
Iteration   1: 148433.110 ns/op
Iteration   2: 174946.191 ns/op
Iteration   3: 164994.962 ns/op
Iteration   4: 163928.464 ns/op
Iteration   5: 164543.890 ns/op


Result "com.eignex.koblas.bench.KoblasJmhBenchmark.run":
  163369.324 ±(99.9%) 36603.873 ns/op [Average]
  (min, avg, max) = (148433.110, 163369.324, 174946.191), stdev = 9505.910
  CI (99.9%): [126765.450, 199973.197] (assumes normal distribution)


# JMH version: 1.37
# VM version: JDK 25.0.1, OpenJDK 64-Bit Server VM, 25.0.1+8-LTS
# VM invoker: /home/rasmus/.gradle/jdks/eclipse_adoptium-25-amd64-linux.2/bin/java
# VM options: --enable-native-access=ALL-UNNAMED -Dfile.encoding=UTF-8 -Duser.country -Duser.language=en -Duser.variant -Dkoblas.bench.cases=/home/rasmus/.codex/worktrees/703f/koblas/koblas-bench/reports/f342c3192a41a07cf0454d7d4d5324f8289cc01329bcc9c990b986dcdd2f5922/20260911T153950Z-a038f25ac668/cases.txt
# Blackhole mode: compiler (auto-detected, use -Djmh.blackhole.autoDetect=false to disable)
# Warmup: 3 iterations, 200000000 ns each
# Measurement: 5 iterations, 200000000 ns each
# Timeout: 10 min per iteration
# Threads: 1 thread, will synchronize iterations
# Benchmark mode: Average time, time/op
# Benchmark: com.eignex.koblas.bench.KoblasJmhBenchmark.run
# Parameters: (benchmarkMode = jvm-scalar, caseId = trsm+64x16+triangular+side=L+uplo=L+transA=N+diag=N)

# Run progress: 28.21% complete, ETA 00:02:31
# Fork: 1 of 1
WARNING: A terminally deprecated method in sun.misc.Unsafe has been called
WARNING: sun.misc.Unsafe::objectFieldOffset has been called by org.openjdk.jmh.util.Utils (file:/home/rasmus/.gradle/caches/modules-2/files-2.1/org.openjdk.jmh/jmh-core/1.37/896f27e49105b35ea1964319c83d12082e7a79ef/jmh-core-1.37.jar)
WARNING: Please consider reporting this to the maintainers of class org.openjdk.jmh.util.Utils
WARNING: sun.misc.Unsafe::objectFieldOffset will be removed in a future release
# Warmup Iteration   1: 15934.955 ns/op
# Warmup Iteration   2: 14676.268 ns/op
# Warmup Iteration   3: 14815.012 ns/op
Iteration   1: 14775.912 ns/op
Iteration   2: 14659.908 ns/op
Iteration   3: 14723.952 ns/op
Iteration   4: 14653.026 ns/op
Iteration   5: 14740.288 ns/op


Result "com.eignex.koblas.bench.KoblasJmhBenchmark.run":
  14710.617 ±(99.9%) 203.846 ns/op [Average]
  (min, avg, max) = (14653.026, 14710.617, 14775.912), stdev = 52.938
  CI (99.9%): [14506.771, 14914.464] (assumes normal distribution)


# JMH version: 1.37
# VM version: JDK 25.0.1, OpenJDK 64-Bit Server VM, 25.0.1+8-LTS
# VM invoker: /home/rasmus/.gradle/jdks/eclipse_adoptium-25-amd64-linux.2/bin/java
# VM options: --enable-native-access=ALL-UNNAMED -Dfile.encoding=UTF-8 -Duser.country -Duser.language=en -Duser.variant -Dkoblas.bench.cases=/home/rasmus/.codex/worktrees/703f/koblas/koblas-bench/reports/f342c3192a41a07cf0454d7d4d5324f8289cc01329bcc9c990b986dcdd2f5922/20260911T153950Z-a038f25ac668/cases.txt
# Blackhole mode: compiler (auto-detected, use -Djmh.blackhole.autoDetect=false to disable)
# Warmup: 3 iterations, 200000000 ns each
# Measurement: 5 iterations, 200000000 ns each
# Timeout: 10 min per iteration
# Threads: 1 thread, will synchronize iterations
# Benchmark mode: Average time, time/op
# Benchmark: com.eignex.koblas.bench.KoblasJmhBenchmark.run
# Parameters: (benchmarkMode = jvm-scalar, caseId = trsm+17x64+triangular+side=R+uplo=U+transA=T+diag=U)

# Run progress: 29.06% complete, ETA 00:02:30
# Fork: 1 of 1
WARNING: A terminally deprecated method in sun.misc.Unsafe has been called
WARNING: sun.misc.Unsafe::objectFieldOffset has been called by org.openjdk.jmh.util.Utils (file:/home/rasmus/.gradle/caches/modules-2/files-2.1/org.openjdk.jmh/jmh-core/1.37/896f27e49105b35ea1964319c83d12082e7a79ef/jmh-core-1.37.jar)
WARNING: Please consider reporting this to the maintainers of class org.openjdk.jmh.util.Utils
WARNING: sun.misc.Unsafe::objectFieldOffset will be removed in a future release
# Warmup Iteration   1: 19172.507 ns/op
# Warmup Iteration   2: 16104.355 ns/op
# Warmup Iteration   3: 16523.399 ns/op
Iteration   1: 16654.846 ns/op
Iteration   2: 16561.837 ns/op
Iteration   3: 16547.227 ns/op
Iteration   4: 16518.678 ns/op
Iteration   5: 16427.123 ns/op


Result "com.eignex.koblas.bench.KoblasJmhBenchmark.run":
  16541.942 ±(99.9%) 315.750 ns/op [Average]
  (min, avg, max) = (16427.123, 16541.942, 16654.846), stdev = 81.999
  CI (99.9%): [16226.192, 16857.692] (assumes normal distribution)


# JMH version: 1.37
# VM version: JDK 25.0.1, OpenJDK 64-Bit Server VM, 25.0.1+8-LTS
# VM invoker: /home/rasmus/.gradle/jdks/eclipse_adoptium-25-amd64-linux.2/bin/java
# VM options: --enable-native-access=ALL-UNNAMED -Dfile.encoding=UTF-8 -Duser.country -Duser.language=en -Duser.variant -Dkoblas.bench.cases=/home/rasmus/.codex/worktrees/703f/koblas/koblas-bench/reports/f342c3192a41a07cf0454d7d4d5324f8289cc01329bcc9c990b986dcdd2f5922/20260911T153950Z-a038f25ac668/cases.txt
# Blackhole mode: compiler (auto-detected, use -Djmh.blackhole.autoDetect=false to disable)
# Warmup: 3 iterations, 200000000 ns each
# Measurement: 5 iterations, 200000000 ns each
# Timeout: 10 min per iteration
# Threads: 1 thread, will synchronize iterations
# Benchmark mode: Average time, time/op
# Benchmark: com.eignex.koblas.bench.KoblasJmhBenchmark.run
# Parameters: (benchmarkMode = jvm-scalar, caseId = trmm+64x16+triangular+side=L+uplo=U+transA=T+diag=N)

# Run progress: 29.91% complete, ETA 00:02:28
# Fork: 1 of 1
WARNING: A terminally deprecated method in sun.misc.Unsafe has been called
WARNING: sun.misc.Unsafe::objectFieldOffset has been called by org.openjdk.jmh.util.Utils (file:/home/rasmus/.gradle/caches/modules-2/files-2.1/org.openjdk.jmh/jmh-core/1.37/896f27e49105b35ea1964319c83d12082e7a79ef/jmh-core-1.37.jar)
WARNING: Please consider reporting this to the maintainers of class org.openjdk.jmh.util.Utils
WARNING: sun.misc.Unsafe::objectFieldOffset will be removed in a future release
# Warmup Iteration   1: 14297.450 ns/op
# Warmup Iteration   2: 12744.312 ns/op
# Warmup Iteration   3: 12759.128 ns/op
Iteration   1: 12767.460 ns/op
Iteration   2: 12436.741 ns/op
Iteration   3: 12705.722 ns/op
Iteration   4: 12687.922 ns/op
Iteration   5: 11278.755 ns/op


Result "com.eignex.koblas.bench.KoblasJmhBenchmark.run":
  12375.320 ±(99.9%) 2410.028 ns/op [Average]
  (min, avg, max) = (11278.755, 12375.320, 12767.460), stdev = 625.877
  CI (99.9%): [9965.292, 14785.348] (assumes normal distribution)


# JMH version: 1.37
# VM version: JDK 25.0.1, OpenJDK 64-Bit Server VM, 25.0.1+8-LTS
# VM invoker: /home/rasmus/.gradle/jdks/eclipse_adoptium-25-amd64-linux.2/bin/java
# VM options: --enable-native-access=ALL-UNNAMED -Dfile.encoding=UTF-8 -Duser.country -Duser.language=en -Duser.variant -Dkoblas.bench.cases=/home/rasmus/.codex/worktrees/703f/koblas/koblas-bench/reports/f342c3192a41a07cf0454d7d4d5324f8289cc01329bcc9c990b986dcdd2f5922/20260911T153950Z-a038f25ac668/cases.txt
# Blackhole mode: compiler (auto-detected, use -Djmh.blackhole.autoDetect=false to disable)
# Warmup: 3 iterations, 200000000 ns each
# Measurement: 5 iterations, 200000000 ns each
# Timeout: 10 min per iteration
# Threads: 1 thread, will synchronize iterations
# Benchmark mode: Average time, time/op
# Benchmark: com.eignex.koblas.bench.KoblasJmhBenchmark.run
# Parameters: (benchmarkMode = jvm-scalar, caseId = trmm+17x64+triangular+side=R+uplo=L+transA=N+diag=U)

# Run progress: 30.77% complete, ETA 00:02:26
# Fork: 1 of 1
WARNING: A terminally deprecated method in sun.misc.Unsafe has been called
WARNING: sun.misc.Unsafe::objectFieldOffset has been called by org.openjdk.jmh.util.Utils (file:/home/rasmus/.gradle/caches/modules-2/files-2.1/org.openjdk.jmh/jmh-core/1.37/896f27e49105b35ea1964319c83d12082e7a79ef/jmh-core-1.37.jar)
WARNING: Please consider reporting this to the maintainers of class org.openjdk.jmh.util.Utils
WARNING: sun.misc.Unsafe::objectFieldOffset will be removed in a future release
# Warmup Iteration   1: 17877.628 ns/op
# Warmup Iteration   2: 15704.205 ns/op
# Warmup Iteration   3: 14136.577 ns/op
Iteration   1: 14639.922 ns/op
Iteration   2: 15326.709 ns/op
Iteration   3: 14632.593 ns/op
Iteration   4: 15311.929 ns/op
Iteration   5: 15646.032 ns/op


Result "com.eignex.koblas.bench.KoblasJmhBenchmark.run":
  15111.437 ±(99.9%) 1747.647 ns/op [Average]
  (min, avg, max) = (14632.593, 15111.437, 15646.032), stdev = 453.858
  CI (99.9%): [13363.790, 16859.084] (assumes normal distribution)


# JMH version: 1.37
# VM version: JDK 25.0.1, OpenJDK 64-Bit Server VM, 25.0.1+8-LTS
# VM invoker: /home/rasmus/.gradle/jdks/eclipse_adoptium-25-amd64-linux.2/bin/java
# VM options: --enable-native-access=ALL-UNNAMED -Dfile.encoding=UTF-8 -Duser.country -Duser.language=en -Duser.variant -Dkoblas.bench.cases=/home/rasmus/.codex/worktrees/703f/koblas/koblas-bench/reports/f342c3192a41a07cf0454d7d4d5324f8289cc01329bcc9c990b986dcdd2f5922/20260911T153950Z-a038f25ac668/cases.txt
# Blackhole mode: compiler (auto-detected, use -Djmh.blackhole.autoDetect=false to disable)
# Warmup: 3 iterations, 200000000 ns each
# Measurement: 5 iterations, 200000000 ns each
# Timeout: 10 min per iteration
# Threads: 1 thread, will synchronize iterations
# Benchmark mode: Average time, time/op
# Benchmark: com.eignex.koblas.bench.KoblasJmhBenchmark.run
# Parameters: (benchmarkMode = jvm-scalar, caseId = gemm-tile+4x4x32+uniform+physical=4x4+work=gemm-add-v1+leftLayout=depth-rows-v1+rightLayout=depth-columns-v1+leftGroup=4+rightGroup=4+leftStride=4+rightStride=4+padding=zero+alignment=8+block=4x4x32+panel=32+diagonal=0+rhs=0+batch=1+variant=current-tile-v1+timing=raw-tile)

# Run progress: 31.62% complete, ETA 00:02:24
# Fork: 1 of 1
WARNING: A terminally deprecated method in sun.misc.Unsafe has been called
WARNING: sun.misc.Unsafe::objectFieldOffset has been called by org.openjdk.jmh.util.Utils (file:/home/rasmus/.gradle/caches/modules-2/files-2.1/org.openjdk.jmh/jmh-core/1.37/896f27e49105b35ea1964319c83d12082e7a79ef/jmh-core-1.37.jar)
WARNING: Please consider reporting this to the maintainers of class org.openjdk.jmh.util.Utils
WARNING: sun.misc.Unsafe::objectFieldOffset will be removed in a future release
# Warmup Iteration   1: 119.110 ns/op
# Warmup Iteration   2: 123.202 ns/op
# Warmup Iteration   3: 125.470 ns/op
Iteration   1: 125.050 ns/op
Iteration   2: 124.084 ns/op
Iteration   3: 125.729 ns/op
Iteration   4: 125.320 ns/op
Iteration   5: 125.844 ns/op


Result "com.eignex.koblas.bench.KoblasJmhBenchmark.run":
  125.206 ±(99.9%) 2.707 ns/op [Average]
  (min, avg, max) = (124.084, 125.206, 125.844), stdev = 0.703
  CI (99.9%): [122.498, 127.913] (assumes normal distribution)


# JMH version: 1.37
# VM version: JDK 25.0.1, OpenJDK 64-Bit Server VM, 25.0.1+8-LTS
# VM invoker: /home/rasmus/.gradle/jdks/eclipse_adoptium-25-amd64-linux.2/bin/java
# VM options: --enable-native-access=ALL-UNNAMED -Dfile.encoding=UTF-8 -Duser.country -Duser.language=en -Duser.variant -Dkoblas.bench.cases=/home/rasmus/.codex/worktrees/703f/koblas/koblas-bench/reports/f342c3192a41a07cf0454d7d4d5324f8289cc01329bcc9c990b986dcdd2f5922/20260911T153950Z-a038f25ac668/cases.txt
# Blackhole mode: compiler (auto-detected, use -Djmh.blackhole.autoDetect=false to disable)
# Warmup: 3 iterations, 200000000 ns each
# Measurement: 5 iterations, 200000000 ns each
# Timeout: 10 min per iteration
# Threads: 1 thread, will synchronize iterations
# Benchmark mode: Average time, time/op
# Benchmark: com.eignex.koblas.bench.KoblasJmhBenchmark.run
# Parameters: (benchmarkMode = jvm-scalar, caseId = gemm-tile+3x2x31+uniform+physical=4x4+work=gemm-add-v1+leftLayout=depth-rows-v1+rightLayout=depth-columns-v1+leftGroup=4+rightGroup=4+leftStride=4+rightStride=4+padding=zero+alignment=8+block=3x2x31+panel=31+diagonal=0+rhs=0+batch=1+variant=current-tile-v1+timing=raw-tile)

# Run progress: 32.48% complete, ETA 00:02:22
# Fork: 1 of 1
WARNING: A terminally deprecated method in sun.misc.Unsafe has been called
WARNING: sun.misc.Unsafe::objectFieldOffset has been called by org.openjdk.jmh.util.Utils (file:/home/rasmus/.gradle/caches/modules-2/files-2.1/org.openjdk.jmh/jmh-core/1.37/896f27e49105b35ea1964319c83d12082e7a79ef/jmh-core-1.37.jar)
WARNING: Please consider reporting this to the maintainers of class org.openjdk.jmh.util.Utils
WARNING: sun.misc.Unsafe::objectFieldOffset will be removed in a future release
# Warmup Iteration   1: 113.901 ns/op
# Warmup Iteration   2: 119.551 ns/op
# Warmup Iteration   3: 122.126 ns/op
Iteration   1: 122.651 ns/op
Iteration   2: 122.122 ns/op
Iteration   3: 122.135 ns/op
Iteration   4: 122.219 ns/op
Iteration   5: 121.777 ns/op


Result "com.eignex.koblas.bench.KoblasJmhBenchmark.run":
  122.181 ±(99.9%) 1.203 ns/op [Average]
  (min, avg, max) = (121.777, 122.181, 122.651), stdev = 0.313
  CI (99.9%): [120.977, 123.384] (assumes normal distribution)


# JMH version: 1.37
# VM version: JDK 25.0.1, OpenJDK 64-Bit Server VM, 25.0.1+8-LTS
# VM invoker: /home/rasmus/.gradle/jdks/eclipse_adoptium-25-amd64-linux.2/bin/java
# VM options: --enable-native-access=ALL-UNNAMED -Dfile.encoding=UTF-8 -Duser.country -Duser.language=en -Duser.variant -Dkoblas.bench.cases=/home/rasmus/.codex/worktrees/703f/koblas/koblas-bench/reports/f342c3192a41a07cf0454d7d4d5324f8289cc01329bcc9c990b986dcdd2f5922/20260911T153950Z-a038f25ac668/cases.txt
# Blackhole mode: compiler (auto-detected, use -Djmh.blackhole.autoDetect=false to disable)
# Warmup: 3 iterations, 200000000 ns each
# Measurement: 5 iterations, 200000000 ns each
# Timeout: 10 min per iteration
# Threads: 1 thread, will synchronize iterations
# Benchmark mode: Average time, time/op
# Benchmark: com.eignex.koblas.bench.KoblasJmhBenchmark.run
# Parameters: (benchmarkMode = jvm-scalar, caseId = packed-trsm+4x4+triangular+physical=4x4+uplo=L+diag=N+work=right-solve-v1+leftLayout=depth-rows-v1+rightLayout=depth-columns-v1+leftGroup=4+rightGroup=4+leftStride=4+rightStride=4+padding=zero+alignment=8+block=4x4x4+panel=4+diagonal=4+rhs=4+batch=1+variant=current-tile-v1+timing=raw-tile)

# Run progress: 33.33% complete, ETA 00:02:21
# Fork: 1 of 1
WARNING: A terminally deprecated method in sun.misc.Unsafe has been called
WARNING: sun.misc.Unsafe::objectFieldOffset has been called by org.openjdk.jmh.util.Utils (file:/home/rasmus/.gradle/caches/modules-2/files-2.1/org.openjdk.jmh/jmh-core/1.37/896f27e49105b35ea1964319c83d12082e7a79ef/jmh-core-1.37.jar)
WARNING: Please consider reporting this to the maintainers of class org.openjdk.jmh.util.Utils
WARNING: sun.misc.Unsafe::objectFieldOffset will be removed in a future release
# Warmup Iteration   1: 43.958 ns/op
# Warmup Iteration   2: 41.398 ns/op
# Warmup Iteration   3: 41.820 ns/op
Iteration   1: 41.871 ns/op
Iteration   2: 41.802 ns/op
Iteration   3: 41.903 ns/op
Iteration   4: 45.115 ns/op
Iteration   5: 45.746 ns/op


Result "com.eignex.koblas.bench.KoblasJmhBenchmark.run":
  43.287 ±(99.9%) 7.584 ns/op [Average]
  (min, avg, max) = (41.802, 43.287, 45.746), stdev = 1.970
  CI (99.9%): [35.703, 50.871] (assumes normal distribution)


# JMH version: 1.37
# VM version: JDK 25.0.1, OpenJDK 64-Bit Server VM, 25.0.1+8-LTS
# VM invoker: /home/rasmus/.gradle/jdks/eclipse_adoptium-25-amd64-linux.2/bin/java
# VM options: --enable-native-access=ALL-UNNAMED -Dfile.encoding=UTF-8 -Duser.country -Duser.language=en -Duser.variant -Dkoblas.bench.cases=/home/rasmus/.codex/worktrees/703f/koblas/koblas-bench/reports/f342c3192a41a07cf0454d7d4d5324f8289cc01329bcc9c990b986dcdd2f5922/20260911T153950Z-a038f25ac668/cases.txt
# Blackhole mode: compiler (auto-detected, use -Djmh.blackhole.autoDetect=false to disable)
# Warmup: 3 iterations, 200000000 ns each
# Measurement: 5 iterations, 200000000 ns each
# Timeout: 10 min per iteration
# Threads: 1 thread, will synchronize iterations
# Benchmark mode: Average time, time/op
# Benchmark: com.eignex.koblas.bench.KoblasJmhBenchmark.run
# Parameters: (benchmarkMode = jvm-scalar, caseId = packed-trsm+3x2+triangular+physical=4x4+uplo=U+diag=U+work=right-solve-v1+leftLayout=depth-rows-v1+rightLayout=depth-columns-v1+leftGroup=4+rightGroup=4+leftStride=4+rightStride=4+padding=zero+alignment=8+block=3x2x2+panel=2+diagonal=2+rhs=3+batch=1+variant=current-tile-v1+timing=raw-tile)

# Run progress: 34.19% complete, ETA 00:02:19
# Fork: 1 of 1
WARNING: A terminally deprecated method in sun.misc.Unsafe has been called
WARNING: sun.misc.Unsafe::objectFieldOffset has been called by org.openjdk.jmh.util.Utils (file:/home/rasmus/.gradle/caches/modules-2/files-2.1/org.openjdk.jmh/jmh-core/1.37/896f27e49105b35ea1964319c83d12082e7a79ef/jmh-core-1.37.jar)
WARNING: Please consider reporting this to the maintainers of class org.openjdk.jmh.util.Utils
WARNING: sun.misc.Unsafe::objectFieldOffset will be removed in a future release
# Warmup Iteration   1: 11.981 ns/op
# Warmup Iteration   2: 11.288 ns/op
# Warmup Iteration   3: 11.606 ns/op
Iteration   1: 10.757 ns/op
Iteration   2: 11.611 ns/op
Iteration   3: 10.623 ns/op
Iteration   4: 11.233 ns/op
Iteration   5: 11.778 ns/op


Result "com.eignex.koblas.bench.KoblasJmhBenchmark.run":
  11.200 ±(99.9%) 1.957 ns/op [Average]
  (min, avg, max) = (10.623, 11.200, 11.778), stdev = 0.508
  CI (99.9%): [9.243, 13.158] (assumes normal distribution)


# JMH version: 1.37
# VM version: JDK 25.0.1, OpenJDK 64-Bit Server VM, 25.0.1+8-LTS
# VM invoker: /home/rasmus/.gradle/jdks/eclipse_adoptium-25-amd64-linux.2/bin/java
# VM options: --enable-native-access=ALL-UNNAMED -Dfile.encoding=UTF-8 -Duser.country -Duser.language=en -Duser.variant -Dkoblas.bench.cases=/home/rasmus/.codex/worktrees/703f/koblas/koblas-bench/reports/f342c3192a41a07cf0454d7d4d5324f8289cc01329bcc9c990b986dcdd2f5922/20260911T153950Z-a038f25ac668/cases.txt
# Blackhole mode: compiler (auto-detected, use -Djmh.blackhole.autoDetect=false to disable)
# Warmup: 3 iterations, 200000000 ns each
# Measurement: 5 iterations, 200000000 ns each
# Timeout: 10 min per iteration
# Threads: 1 thread, will synchronize iterations
# Benchmark mode: Average time, time/op
# Benchmark: com.eignex.koblas.bench.KoblasJmhBenchmark.run
# Parameters: (benchmarkMode = jvm-scalar, caseId = gemm-trsm+4x4x32+triangular+physical=4x4+uplo=L+diag=N+work=update-solve-v1+leftLayout=depth-rows-v1+rightLayout=depth-columns-v1+leftGroup=4+rightGroup=4+leftStride=4+rightStride=4+padding=zero+alignment=8+block=4x4x32+panel=32+diagonal=4+rhs=4+batch=1+variant=current-tile-v1+timing=raw-tile)

# Run progress: 35.04% complete, ETA 00:02:17
# Fork: 1 of 1
WARNING: A terminally deprecated method in sun.misc.Unsafe has been called
WARNING: sun.misc.Unsafe::objectFieldOffset has been called by org.openjdk.jmh.util.Utils (file:/home/rasmus/.gradle/caches/modules-2/files-2.1/org.openjdk.jmh/jmh-core/1.37/896f27e49105b35ea1964319c83d12082e7a79ef/jmh-core-1.37.jar)
WARNING: Please consider reporting this to the maintainers of class org.openjdk.jmh.util.Utils
WARNING: sun.misc.Unsafe::objectFieldOffset will be removed in a future release
# Warmup Iteration   1: 295.111 ns/op
# Warmup Iteration   2: 244.421 ns/op
# Warmup Iteration   3: 253.197 ns/op
Iteration   1: 262.722 ns/op
Iteration   2: 247.401 ns/op
Iteration   3: 269.084 ns/op
Iteration   4: 268.746 ns/op
Iteration   5: 267.229 ns/op


Result "com.eignex.koblas.bench.KoblasJmhBenchmark.run":
  263.037 ±(99.9%) 35.045 ns/op [Average]
  (min, avg, max) = (247.401, 263.037, 269.084), stdev = 9.101
  CI (99.9%): [227.992, 298.081] (assumes normal distribution)


# JMH version: 1.37
# VM version: JDK 25.0.1, OpenJDK 64-Bit Server VM, 25.0.1+8-LTS
# VM invoker: /home/rasmus/.gradle/jdks/eclipse_adoptium-25-amd64-linux.2/bin/java
# VM options: --enable-native-access=ALL-UNNAMED -Dfile.encoding=UTF-8 -Duser.country -Duser.language=en -Duser.variant -Dkoblas.bench.cases=/home/rasmus/.codex/worktrees/703f/koblas/koblas-bench/reports/f342c3192a41a07cf0454d7d4d5324f8289cc01329bcc9c990b986dcdd2f5922/20260911T153950Z-a038f25ac668/cases.txt
# Blackhole mode: compiler (auto-detected, use -Djmh.blackhole.autoDetect=false to disable)
# Warmup: 3 iterations, 200000000 ns each
# Measurement: 5 iterations, 200000000 ns each
# Timeout: 10 min per iteration
# Threads: 1 thread, will synchronize iterations
# Benchmark mode: Average time, time/op
# Benchmark: com.eignex.koblas.bench.KoblasJmhBenchmark.run
# Parameters: (benchmarkMode = jvm-scalar, caseId = gemm-trsm+3x2x31+triangular+physical=4x4+uplo=U+diag=U+work=update-solve-v1+leftLayout=depth-rows-v1+rightLayout=depth-columns-v1+leftGroup=4+rightGroup=4+leftStride=4+rightStride=4+padding=zero+alignment=8+block=3x2x31+panel=31+diagonal=2+rhs=3+batch=1+variant=current-tile-v1+timing=raw-tile)

# Run progress: 35.90% complete, ETA 00:02:15
# Fork: 1 of 1
WARNING: A terminally deprecated method in sun.misc.Unsafe has been called
WARNING: sun.misc.Unsafe::objectFieldOffset has been called by org.openjdk.jmh.util.Utils (file:/home/rasmus/.gradle/caches/modules-2/files-2.1/org.openjdk.jmh/jmh-core/1.37/896f27e49105b35ea1964319c83d12082e7a79ef/jmh-core-1.37.jar)
WARNING: Please consider reporting this to the maintainers of class org.openjdk.jmh.util.Utils
WARNING: sun.misc.Unsafe::objectFieldOffset will be removed in a future release
# Warmup Iteration   1: 107.746 ns/op
# Warmup Iteration   2: 94.231 ns/op
# Warmup Iteration   3: 96.556 ns/op
Iteration   1: 96.100 ns/op
Iteration   2: 87.765 ns/op
Iteration   3: 88.766 ns/op
Iteration   4: 88.986 ns/op
Iteration   5: 89.114 ns/op


Result "com.eignex.koblas.bench.KoblasJmhBenchmark.run":
  90.146 ±(99.9%) 12.977 ns/op [Average]
  (min, avg, max) = (87.765, 90.146, 96.100), stdev = 3.370
  CI (99.9%): [77.169, 103.123] (assumes normal distribution)


# JMH version: 1.37
# VM version: JDK 25.0.1, OpenJDK 64-Bit Server VM, 25.0.1+8-LTS
# VM invoker: /home/rasmus/.gradle/jdks/eclipse_adoptium-25-amd64-linux.2/bin/java
# VM options: --enable-native-access=ALL-UNNAMED -Dfile.encoding=UTF-8 -Duser.country -Duser.language=en -Duser.variant -Dkoblas.bench.cases=/home/rasmus/.codex/worktrees/703f/koblas/koblas-bench/reports/f342c3192a41a07cf0454d7d4d5324f8289cc01329bcc9c990b986dcdd2f5922/20260911T153950Z-a038f25ac668/cases.txt
# Blackhole mode: compiler (auto-detected, use -Djmh.blackhole.autoDetect=false to disable)
# Warmup: 3 iterations, 200000000 ns each
# Measurement: 5 iterations, 200000000 ns each
# Timeout: 10 min per iteration
# Threads: 1 thread, will synchronize iterations
# Benchmark mode: Average time, time/op
# Benchmark: com.eignex.koblas.bench.KoblasJmhBenchmark.run
# Parameters: (benchmarkMode = jvm-scalar, caseId = pack-left+4x32+uniform+physical=4x4+work=pack-left-v1+leftLayout=depth-rows-v1+rightLayout=depth-columns-v1+leftGroup=4+rightGroup=4+leftStride=4+rightStride=4+padding=zero+alignment=8+block=4x32x32+panel=32+diagonal=0+rhs=0+batch=1+variant=current-tile-v1+timing=packing-only)

# Run progress: 36.75% complete, ETA 00:02:13
# Fork: 1 of 1
WARNING: A terminally deprecated method in sun.misc.Unsafe has been called
WARNING: sun.misc.Unsafe::objectFieldOffset has been called by org.openjdk.jmh.util.Utils (file:/home/rasmus/.gradle/caches/modules-2/files-2.1/org.openjdk.jmh/jmh-core/1.37/896f27e49105b35ea1964319c83d12082e7a79ef/jmh-core-1.37.jar)
WARNING: Please consider reporting this to the maintainers of class org.openjdk.jmh.util.Utils
WARNING: sun.misc.Unsafe::objectFieldOffset will be removed in a future release
# Warmup Iteration   1: 140.667 ns/op
# Warmup Iteration   2: 133.520 ns/op
# Warmup Iteration   3: 136.859 ns/op
Iteration   1: 139.595 ns/op
Iteration   2: 125.964 ns/op
Iteration   3: 128.166 ns/op
Iteration   4: 128.149 ns/op
Iteration   5: 128.592 ns/op


Result "com.eignex.koblas.bench.KoblasJmhBenchmark.run":
  130.093 ±(99.9%) 20.832 ns/op [Average]
  (min, avg, max) = (125.964, 130.093, 139.595), stdev = 5.410
  CI (99.9%): [109.261, 150.925] (assumes normal distribution)


# JMH version: 1.37
# VM version: JDK 25.0.1, OpenJDK 64-Bit Server VM, 25.0.1+8-LTS
# VM invoker: /home/rasmus/.gradle/jdks/eclipse_adoptium-25-amd64-linux.2/bin/java
# VM options: --enable-native-access=ALL-UNNAMED -Dfile.encoding=UTF-8 -Duser.country -Duser.language=en -Duser.variant -Dkoblas.bench.cases=/home/rasmus/.codex/worktrees/703f/koblas/koblas-bench/reports/f342c3192a41a07cf0454d7d4d5324f8289cc01329bcc9c990b986dcdd2f5922/20260911T153950Z-a038f25ac668/cases.txt
# Blackhole mode: compiler (auto-detected, use -Djmh.blackhole.autoDetect=false to disable)
# Warmup: 3 iterations, 200000000 ns each
# Measurement: 5 iterations, 200000000 ns each
# Timeout: 10 min per iteration
# Threads: 1 thread, will synchronize iterations
# Benchmark mode: Average time, time/op
# Benchmark: com.eignex.koblas.bench.KoblasJmhBenchmark.run
# Parameters: (benchmarkMode = jvm-scalar, caseId = pack-left+3x31+uniform+physical=4x4+work=pack-left-v1+leftLayout=depth-rows-v1+rightLayout=depth-columns-v1+leftGroup=4+rightGroup=4+leftStride=4+rightStride=4+padding=zero+alignment=8+block=3x31x31+panel=31+diagonal=0+rhs=0+batch=1+variant=current-tile-v1+timing=packing-only)

# Run progress: 37.61% complete, ETA 00:02:12
# Fork: 1 of 1
WARNING: A terminally deprecated method in sun.misc.Unsafe has been called
WARNING: sun.misc.Unsafe::objectFieldOffset has been called by org.openjdk.jmh.util.Utils (file:/home/rasmus/.gradle/caches/modules-2/files-2.1/org.openjdk.jmh/jmh-core/1.37/896f27e49105b35ea1964319c83d12082e7a79ef/jmh-core-1.37.jar)
WARNING: Please consider reporting this to the maintainers of class org.openjdk.jmh.util.Utils
WARNING: sun.misc.Unsafe::objectFieldOffset will be removed in a future release
# Warmup Iteration   1: 174.417 ns/op
# Warmup Iteration   2: 162.030 ns/op
# Warmup Iteration   3: 138.563 ns/op
Iteration   1: 140.215 ns/op
Iteration   2: 151.434 ns/op
Iteration   3: 139.667 ns/op
Iteration   4: 140.368 ns/op
Iteration   5: 141.419 ns/op


Result "com.eignex.koblas.bench.KoblasJmhBenchmark.run":
  142.621 ±(99.9%) 19.128 ns/op [Average]
  (min, avg, max) = (139.667, 142.621, 151.434), stdev = 4.968
  CI (99.9%): [123.492, 161.749] (assumes normal distribution)


# JMH version: 1.37
# VM version: JDK 25.0.1, OpenJDK 64-Bit Server VM, 25.0.1+8-LTS
# VM invoker: /home/rasmus/.gradle/jdks/eclipse_adoptium-25-amd64-linux.2/bin/java
# VM options: --enable-native-access=ALL-UNNAMED -Dfile.encoding=UTF-8 -Duser.country -Duser.language=en -Duser.variant -Dkoblas.bench.cases=/home/rasmus/.codex/worktrees/703f/koblas/koblas-bench/reports/f342c3192a41a07cf0454d7d4d5324f8289cc01329bcc9c990b986dcdd2f5922/20260911T153950Z-a038f25ac668/cases.txt
# Blackhole mode: compiler (auto-detected, use -Djmh.blackhole.autoDetect=false to disable)
# Warmup: 3 iterations, 200000000 ns each
# Measurement: 5 iterations, 200000000 ns each
# Timeout: 10 min per iteration
# Threads: 1 thread, will synchronize iterations
# Benchmark mode: Average time, time/op
# Benchmark: com.eignex.koblas.bench.KoblasJmhBenchmark.run
# Parameters: (benchmarkMode = jvm-scalar, caseId = pack-right+32x4+uniform+physical=4x4+work=pack-right-v1+leftLayout=depth-rows-v1+rightLayout=depth-columns-v1+leftGroup=4+rightGroup=4+leftStride=4+rightStride=4+padding=zero+alignment=8+block=32x4x32+panel=32+diagonal=0+rhs=0+batch=1+variant=current-tile-v1+timing=packing-only)

# Run progress: 38.46% complete, ETA 00:02:10
# Fork: 1 of 1
WARNING: A terminally deprecated method in sun.misc.Unsafe has been called
WARNING: sun.misc.Unsafe::objectFieldOffset has been called by org.openjdk.jmh.util.Utils (file:/home/rasmus/.gradle/caches/modules-2/files-2.1/org.openjdk.jmh/jmh-core/1.37/896f27e49105b35ea1964319c83d12082e7a79ef/jmh-core-1.37.jar)
WARNING: Please consider reporting this to the maintainers of class org.openjdk.jmh.util.Utils
WARNING: sun.misc.Unsafe::objectFieldOffset will be removed in a future release
# Warmup Iteration   1: 138.081 ns/op
# Warmup Iteration   2: 130.193 ns/op
# Warmup Iteration   3: 144.730 ns/op
Iteration   1: 141.140 ns/op
Iteration   2: 141.572 ns/op
Iteration   3: 140.101 ns/op
Iteration   4: 141.197 ns/op
Iteration   5: 125.972 ns/op


Result "com.eignex.koblas.bench.KoblasJmhBenchmark.run":
  137.996 ±(99.9%) 25.969 ns/op [Average]
  (min, avg, max) = (125.972, 137.996, 141.572), stdev = 6.744
  CI (99.9%): [112.027, 163.966] (assumes normal distribution)


# JMH version: 1.37
# VM version: JDK 25.0.1, OpenJDK 64-Bit Server VM, 25.0.1+8-LTS
# VM invoker: /home/rasmus/.gradle/jdks/eclipse_adoptium-25-amd64-linux.2/bin/java
# VM options: --enable-native-access=ALL-UNNAMED -Dfile.encoding=UTF-8 -Duser.country -Duser.language=en -Duser.variant -Dkoblas.bench.cases=/home/rasmus/.codex/worktrees/703f/koblas/koblas-bench/reports/f342c3192a41a07cf0454d7d4d5324f8289cc01329bcc9c990b986dcdd2f5922/20260911T153950Z-a038f25ac668/cases.txt
# Blackhole mode: compiler (auto-detected, use -Djmh.blackhole.autoDetect=false to disable)
# Warmup: 3 iterations, 200000000 ns each
# Measurement: 5 iterations, 200000000 ns each
# Timeout: 10 min per iteration
# Threads: 1 thread, will synchronize iterations
# Benchmark mode: Average time, time/op
# Benchmark: com.eignex.koblas.bench.KoblasJmhBenchmark.run
# Parameters: (benchmarkMode = jvm-scalar, caseId = pack-right+31x2+uniform+physical=4x4+work=pack-right-v1+leftLayout=depth-rows-v1+rightLayout=depth-columns-v1+leftGroup=4+rightGroup=4+leftStride=4+rightStride=4+padding=zero+alignment=8+block=31x2x31+panel=31+diagonal=0+rhs=0+batch=1+variant=current-tile-v1+timing=packing-only)

# Run progress: 39.32% complete, ETA 00:02:08
# Fork: 1 of 1
WARNING: A terminally deprecated method in sun.misc.Unsafe has been called
WARNING: sun.misc.Unsafe::objectFieldOffset has been called by org.openjdk.jmh.util.Utils (file:/home/rasmus/.gradle/caches/modules-2/files-2.1/org.openjdk.jmh/jmh-core/1.37/896f27e49105b35ea1964319c83d12082e7a79ef/jmh-core-1.37.jar)
WARNING: Please consider reporting this to the maintainers of class org.openjdk.jmh.util.Utils
WARNING: sun.misc.Unsafe::objectFieldOffset will be removed in a future release
# Warmup Iteration   1: 147.195 ns/op
# Warmup Iteration   2: 140.843 ns/op
# Warmup Iteration   3: 129.794 ns/op
Iteration   1: 129.148 ns/op
Iteration   2: 128.840 ns/op
Iteration   3: 138.805 ns/op
Iteration   4: 140.869 ns/op
Iteration   5: 141.013 ns/op


Result "com.eignex.koblas.bench.KoblasJmhBenchmark.run":
  135.735 ±(99.9%) 23.937 ns/op [Average]
  (min, avg, max) = (128.840, 135.735, 141.013), stdev = 6.216
  CI (99.9%): [111.799, 159.672] (assumes normal distribution)


# JMH version: 1.37
# VM version: JDK 25.0.1, OpenJDK 64-Bit Server VM, 25.0.1+8-LTS
# VM invoker: /home/rasmus/.gradle/jdks/eclipse_adoptium-25-amd64-linux.2/bin/java
# VM options: --enable-native-access=ALL-UNNAMED -Dfile.encoding=UTF-8 -Duser.country -Duser.language=en -Duser.variant -Dkoblas.bench.cases=/home/rasmus/.codex/worktrees/703f/koblas/koblas-bench/reports/f342c3192a41a07cf0454d7d4d5324f8289cc01329bcc9c990b986dcdd2f5922/20260911T153950Z-a038f25ac668/cases.txt
# Blackhole mode: compiler (auto-detected, use -Djmh.blackhole.autoDetect=false to disable)
# Warmup: 3 iterations, 200000000 ns each
# Measurement: 5 iterations, 200000000 ns each
# Timeout: 10 min per iteration
# Threads: 1 thread, will synchronize iterations
# Benchmark mode: Average time, time/op
# Benchmark: com.eignex.koblas.bench.KoblasJmhBenchmark.run
# Parameters: (benchmarkMode = jvm-scalar, caseId = pack-symmetric-left+4x4+uniform+physical=4x4+uplo=L+work=pack-symmetric-left-v1+leftLayout=depth-rows-v1+rightLayout=depth-columns-v1+leftGroup=4+rightGroup=4+leftStride=4+rightStride=4+padding=zero+alignment=8+block=4x4x4+panel=4+diagonal=0+rhs=0+batch=1+variant=current-tile-v1+timing=packing-only)

# Run progress: 40.17% complete, ETA 00:02:06
# Fork: 1 of 1
WARNING: A terminally deprecated method in sun.misc.Unsafe has been called
WARNING: sun.misc.Unsafe::objectFieldOffset has been called by org.openjdk.jmh.util.Utils (file:/home/rasmus/.gradle/caches/modules-2/files-2.1/org.openjdk.jmh/jmh-core/1.37/896f27e49105b35ea1964319c83d12082e7a79ef/jmh-core-1.37.jar)
WARNING: Please consider reporting this to the maintainers of class org.openjdk.jmh.util.Utils
WARNING: sun.misc.Unsafe::objectFieldOffset will be removed in a future release
# Warmup Iteration   1: 35.027 ns/op
# Warmup Iteration   2: 33.189 ns/op
# Warmup Iteration   3: 33.169 ns/op
Iteration   1: 33.085 ns/op
Iteration   2: 33.107 ns/op
Iteration   3: 33.002 ns/op
Iteration   4: 32.947 ns/op
Iteration   5: 32.834 ns/op


Result "com.eignex.koblas.bench.KoblasJmhBenchmark.run":
  32.995 ±(99.9%) 0.426 ns/op [Average]
  (min, avg, max) = (32.834, 32.995, 33.107), stdev = 0.111
  CI (99.9%): [32.569, 33.421] (assumes normal distribution)


# JMH version: 1.37
# VM version: JDK 25.0.1, OpenJDK 64-Bit Server VM, 25.0.1+8-LTS
# VM invoker: /home/rasmus/.gradle/jdks/eclipse_adoptium-25-amd64-linux.2/bin/java
# VM options: --enable-native-access=ALL-UNNAMED -Dfile.encoding=UTF-8 -Duser.country -Duser.language=en -Duser.variant -Dkoblas.bench.cases=/home/rasmus/.codex/worktrees/703f/koblas/koblas-bench/reports/f342c3192a41a07cf0454d7d4d5324f8289cc01329bcc9c990b986dcdd2f5922/20260911T153950Z-a038f25ac668/cases.txt
# Blackhole mode: compiler (auto-detected, use -Djmh.blackhole.autoDetect=false to disable)
# Warmup: 3 iterations, 200000000 ns each
# Measurement: 5 iterations, 200000000 ns each
# Timeout: 10 min per iteration
# Threads: 1 thread, will synchronize iterations
# Benchmark mode: Average time, time/op
# Benchmark: com.eignex.koblas.bench.KoblasJmhBenchmark.run
# Parameters: (benchmarkMode = jvm-scalar, caseId = pack-symmetric-right+4x4+uniform+physical=4x4+uplo=U+work=pack-symmetric-right-v1+leftLayout=depth-rows-v1+rightLayout=depth-columns-v1+leftGroup=4+rightGroup=4+leftStride=4+rightStride=4+padding=zero+alignment=8+block=4x4x4+panel=4+diagonal=0+rhs=0+batch=1+variant=current-tile-v1+timing=packing-only)

# Run progress: 41.03% complete, ETA 00:02:04
# Fork: 1 of 1
WARNING: A terminally deprecated method in sun.misc.Unsafe has been called
WARNING: sun.misc.Unsafe::objectFieldOffset has been called by org.openjdk.jmh.util.Utils (file:/home/rasmus/.gradle/caches/modules-2/files-2.1/org.openjdk.jmh/jmh-core/1.37/896f27e49105b35ea1964319c83d12082e7a79ef/jmh-core-1.37.jar)
WARNING: Please consider reporting this to the maintainers of class org.openjdk.jmh.util.Utils
WARNING: sun.misc.Unsafe::objectFieldOffset will be removed in a future release
# Warmup Iteration   1: 37.446 ns/op
# Warmup Iteration   2: 34.481 ns/op
# Warmup Iteration   3: 31.030 ns/op
Iteration   1: 31.793 ns/op
Iteration   2: 31.555 ns/op
Iteration   3: 31.617 ns/op
Iteration   4: 31.515 ns/op
Iteration   5: 31.624 ns/op


Result "com.eignex.koblas.bench.KoblasJmhBenchmark.run":
  31.621 ±(99.9%) 0.409 ns/op [Average]
  (min, avg, max) = (31.515, 31.621, 31.793), stdev = 0.106
  CI (99.9%): [31.212, 32.030] (assumes normal distribution)


# JMH version: 1.37
# VM version: JDK 25.0.1, OpenJDK 64-Bit Server VM, 25.0.1+8-LTS
# VM invoker: /home/rasmus/.gradle/jdks/eclipse_adoptium-25-amd64-linux.2/bin/java
# VM options: --enable-native-access=ALL-UNNAMED -Dfile.encoding=UTF-8 -Duser.country -Duser.language=en -Duser.variant -Dkoblas.bench.cases=/home/rasmus/.codex/worktrees/703f/koblas/koblas-bench/reports/f342c3192a41a07cf0454d7d4d5324f8289cc01329bcc9c990b986dcdd2f5922/20260911T153950Z-a038f25ac668/cases.txt
# Blackhole mode: compiler (auto-detected, use -Djmh.blackhole.autoDetect=false to disable)
# Warmup: 3 iterations, 200000000 ns each
# Measurement: 5 iterations, 200000000 ns each
# Timeout: 10 min per iteration
# Threads: 1 thread, will synchronize iterations
# Benchmark mode: Average time, time/op
# Benchmark: com.eignex.koblas.bench.KoblasJmhBenchmark.run
# Parameters: (benchmarkMode = jvm-scalar, caseId = pack-triangular-left+4x4+triangular+physical=4x4+uplo=L+diag=N+work=pack-triangular-left-v1+leftLayout=depth-rows-v1+rightLayout=depth-columns-v1+leftGroup=4+rightGroup=4+leftStride=4+rightStride=4+padding=zero+alignment=8+block=4x4x4+panel=4+diagonal=0+rhs=0+batch=1+variant=current-tile-v1+timing=packing-only)

# Run progress: 41.88% complete, ETA 00:02:02
# Fork: 1 of 1
WARNING: A terminally deprecated method in sun.misc.Unsafe has been called
WARNING: sun.misc.Unsafe::objectFieldOffset has been called by org.openjdk.jmh.util.Utils (file:/home/rasmus/.gradle/caches/modules-2/files-2.1/org.openjdk.jmh/jmh-core/1.37/896f27e49105b35ea1964319c83d12082e7a79ef/jmh-core-1.37.jar)
WARNING: Please consider reporting this to the maintainers of class org.openjdk.jmh.util.Utils
WARNING: sun.misc.Unsafe::objectFieldOffset will be removed in a future release
# Warmup Iteration   1: 31.857 ns/op
# Warmup Iteration   2: 31.273 ns/op
# Warmup Iteration   3: 28.461 ns/op
Iteration   1: 28.948 ns/op
Iteration   2: 30.388 ns/op
Iteration   3: 28.234 ns/op
Iteration   4: 30.614 ns/op
Iteration   5: 28.307 ns/op


Result "com.eignex.koblas.bench.KoblasJmhBenchmark.run":
  29.298 ±(99.9%) 4.372 ns/op [Average]
  (min, avg, max) = (28.234, 29.298, 30.614), stdev = 1.135
  CI (99.9%): [24.927, 33.670] (assumes normal distribution)


# JMH version: 1.37
# VM version: JDK 25.0.1, OpenJDK 64-Bit Server VM, 25.0.1+8-LTS
# VM invoker: /home/rasmus/.gradle/jdks/eclipse_adoptium-25-amd64-linux.2/bin/java
# VM options: --enable-native-access=ALL-UNNAMED -Dfile.encoding=UTF-8 -Duser.country -Duser.language=en -Duser.variant -Dkoblas.bench.cases=/home/rasmus/.codex/worktrees/703f/koblas/koblas-bench/reports/f342c3192a41a07cf0454d7d4d5324f8289cc01329bcc9c990b986dcdd2f5922/20260911T153950Z-a038f25ac668/cases.txt
# Blackhole mode: compiler (auto-detected, use -Djmh.blackhole.autoDetect=false to disable)
# Warmup: 3 iterations, 200000000 ns each
# Measurement: 5 iterations, 200000000 ns each
# Timeout: 10 min per iteration
# Threads: 1 thread, will synchronize iterations
# Benchmark mode: Average time, time/op
# Benchmark: com.eignex.koblas.bench.KoblasJmhBenchmark.run
# Parameters: (benchmarkMode = jvm-scalar, caseId = pack-triangular-right+4x4+triangular+physical=4x4+uplo=U+diag=U+work=pack-triangular-right-v1+leftLayout=depth-rows-v1+rightLayout=depth-columns-v1+leftGroup=4+rightGroup=4+leftStride=4+rightStride=4+padding=zero+alignment=8+block=4x4x4+panel=4+diagonal=0+rhs=0+batch=1+variant=current-tile-v1+timing=packing-only)

# Run progress: 42.74% complete, ETA 00:02:01
# Fork: 1 of 1
WARNING: A terminally deprecated method in sun.misc.Unsafe has been called
WARNING: sun.misc.Unsafe::objectFieldOffset has been called by org.openjdk.jmh.util.Utils (file:/home/rasmus/.gradle/caches/modules-2/files-2.1/org.openjdk.jmh/jmh-core/1.37/896f27e49105b35ea1964319c83d12082e7a79ef/jmh-core-1.37.jar)
WARNING: Please consider reporting this to the maintainers of class org.openjdk.jmh.util.Utils
WARNING: sun.misc.Unsafe::objectFieldOffset will be removed in a future release
# Warmup Iteration   1: 36.598 ns/op
# Warmup Iteration   2: 36.172 ns/op
# Warmup Iteration   3: 35.716 ns/op
Iteration   1: 35.724 ns/op
Iteration   2: 36.111 ns/op
Iteration   3: 35.688 ns/op
Iteration   4: 35.445 ns/op
Iteration   5: 36.073 ns/op


Result "com.eignex.koblas.bench.KoblasJmhBenchmark.run":
  35.808 ±(99.9%) 1.081 ns/op [Average]
  (min, avg, max) = (35.445, 35.808, 36.111), stdev = 0.281
  CI (99.9%): [34.727, 36.889] (assumes normal distribution)


# JMH version: 1.37
# VM version: JDK 25.0.1, OpenJDK 64-Bit Server VM, 25.0.1+8-LTS
# VM invoker: /home/rasmus/.gradle/jdks/eclipse_adoptium-25-amd64-linux.2/bin/java
# VM options: --enable-native-access=ALL-UNNAMED -Dfile.encoding=UTF-8 -Duser.country -Duser.language=en -Duser.variant -Dkoblas.bench.cases=/home/rasmus/.codex/worktrees/703f/koblas/koblas-bench/reports/f342c3192a41a07cf0454d7d4d5324f8289cc01329bcc9c990b986dcdd2f5922/20260911T153950Z-a038f25ac668/cases.txt
# Blackhole mode: compiler (auto-detected, use -Djmh.blackhole.autoDetect=false to disable)
# Warmup: 3 iterations, 200000000 ns each
# Measurement: 5 iterations, 200000000 ns each
# Timeout: 10 min per iteration
# Threads: 1 thread, will synchronize iterations
# Benchmark mode: Average time, time/op
# Benchmark: com.eignex.koblas.bench.KoblasJmhBenchmark.run
# Parameters: (benchmarkMode = jvm-scalar, caseId = write-left+3x31+uniform+physical=4x4+work=write-left-v1+leftLayout=depth-rows-v1+rightLayout=depth-columns-v1+leftGroup=4+rightGroup=4+leftStride=4+rightStride=4+padding=zero+alignment=8+block=3x31x31+panel=31+diagonal=0+rhs=0+batch=1+variant=current-tile-v1+timing=layout-only)

# Run progress: 43.59% complete, ETA 00:01:59
# Fork: 1 of 1
WARNING: A terminally deprecated method in sun.misc.Unsafe has been called
WARNING: sun.misc.Unsafe::objectFieldOffset has been called by org.openjdk.jmh.util.Utils (file:/home/rasmus/.gradle/caches/modules-2/files-2.1/org.openjdk.jmh/jmh-core/1.37/896f27e49105b35ea1964319c83d12082e7a79ef/jmh-core-1.37.jar)
WARNING: Please consider reporting this to the maintainers of class org.openjdk.jmh.util.Utils
WARNING: sun.misc.Unsafe::objectFieldOffset will be removed in a future release
# Warmup Iteration   1: 71.501 ns/op
# Warmup Iteration   2: 66.380 ns/op
# Warmup Iteration   3: 66.171 ns/op
Iteration   1: 65.866 ns/op
Iteration   2: 65.316 ns/op
Iteration   3: 65.206 ns/op
Iteration   4: 65.480 ns/op
Iteration   5: 66.297 ns/op


Result "com.eignex.koblas.bench.KoblasJmhBenchmark.run":
  65.633 ±(99.9%) 1.724 ns/op [Average]
  (min, avg, max) = (65.206, 65.633, 66.297), stdev = 0.448
  CI (99.9%): [63.909, 67.357] (assumes normal distribution)


# JMH version: 1.37
# VM version: JDK 25.0.1, OpenJDK 64-Bit Server VM, 25.0.1+8-LTS
# VM invoker: /home/rasmus/.gradle/jdks/eclipse_adoptium-25-amd64-linux.2/bin/java
# VM options: --enable-native-access=ALL-UNNAMED -Dfile.encoding=UTF-8 -Duser.country -Duser.language=en -Duser.variant -Dkoblas.bench.cases=/home/rasmus/.codex/worktrees/703f/koblas/koblas-bench/reports/f342c3192a41a07cf0454d7d4d5324f8289cc01329bcc9c990b986dcdd2f5922/20260911T153950Z-a038f25ac668/cases.txt
# Blackhole mode: compiler (auto-detected, use -Djmh.blackhole.autoDetect=false to disable)
# Warmup: 3 iterations, 200000000 ns each
# Measurement: 5 iterations, 200000000 ns each
# Timeout: 10 min per iteration
# Threads: 1 thread, will synchronize iterations
# Benchmark mode: Average time, time/op
# Benchmark: com.eignex.koblas.bench.KoblasJmhBenchmark.run
# Parameters: (benchmarkMode = jvm-scalar, caseId = write-left+4x32+uniform+physical=4x4+work=write-left-v1+leftLayout=depth-rows-v1+rightLayout=depth-columns-v1+leftGroup=4+rightGroup=4+leftStride=4+rightStride=4+padding=zero+alignment=8+block=4x32x32+panel=32+diagonal=0+rhs=0+batch=1+variant=current-tile-v1+timing=layout-only)

# Run progress: 44.44% complete, ETA 00:01:57
# Fork: 1 of 1
WARNING: A terminally deprecated method in sun.misc.Unsafe has been called
WARNING: sun.misc.Unsafe::objectFieldOffset has been called by org.openjdk.jmh.util.Utils (file:/home/rasmus/.gradle/caches/modules-2/files-2.1/org.openjdk.jmh/jmh-core/1.37/896f27e49105b35ea1964319c83d12082e7a79ef/jmh-core-1.37.jar)
WARNING: Please consider reporting this to the maintainers of class org.openjdk.jmh.util.Utils
WARNING: sun.misc.Unsafe::objectFieldOffset will be removed in a future release
# Warmup Iteration   1: 84.505 ns/op
# Warmup Iteration   2: 78.457 ns/op
# Warmup Iteration   3: 78.347 ns/op
Iteration   1: 77.770 ns/op
Iteration   2: 77.703 ns/op
Iteration   3: 77.527 ns/op
Iteration   4: 79.362 ns/op
Iteration   5: 78.158 ns/op


Result "com.eignex.koblas.bench.KoblasJmhBenchmark.run":
  78.104 ±(99.9%) 2.849 ns/op [Average]
  (min, avg, max) = (77.527, 78.104, 79.362), stdev = 0.740
  CI (99.9%): [75.255, 80.953] (assumes normal distribution)


# JMH version: 1.37
# VM version: JDK 25.0.1, OpenJDK 64-Bit Server VM, 25.0.1+8-LTS
# VM invoker: /home/rasmus/.gradle/jdks/eclipse_adoptium-25-amd64-linux.2/bin/java
# VM options: --enable-native-access=ALL-UNNAMED -Dfile.encoding=UTF-8 -Duser.country -Duser.language=en -Duser.variant -Dkoblas.bench.cases=/home/rasmus/.codex/worktrees/703f/koblas/koblas-bench/reports/f342c3192a41a07cf0454d7d4d5324f8289cc01329bcc9c990b986dcdd2f5922/20260911T153950Z-a038f25ac668/cases.txt
# Blackhole mode: compiler (auto-detected, use -Djmh.blackhole.autoDetect=false to disable)
# Warmup: 3 iterations, 200000000 ns each
# Measurement: 5 iterations, 200000000 ns each
# Timeout: 10 min per iteration
# Threads: 1 thread, will synchronize iterations
# Benchmark mode: Average time, time/op
# Benchmark: com.eignex.koblas.bench.KoblasJmhBenchmark.run
# Parameters: (benchmarkMode = jvm-scalar, caseId = write-right+31x2+uniform+physical=4x4+work=write-right-v1+leftLayout=depth-rows-v1+rightLayout=depth-columns-v1+leftGroup=4+rightGroup=4+leftStride=4+rightStride=4+padding=zero+alignment=8+block=31x2x31+panel=31+diagonal=0+rhs=0+batch=1+variant=current-tile-v1+timing=layout-only)

# Run progress: 45.30% complete, ETA 00:01:55
# Fork: 1 of 1
WARNING: A terminally deprecated method in sun.misc.Unsafe has been called
WARNING: sun.misc.Unsafe::objectFieldOffset has been called by org.openjdk.jmh.util.Utils (file:/home/rasmus/.gradle/caches/modules-2/files-2.1/org.openjdk.jmh/jmh-core/1.37/896f27e49105b35ea1964319c83d12082e7a79ef/jmh-core-1.37.jar)
WARNING: Please consider reporting this to the maintainers of class org.openjdk.jmh.util.Utils
WARNING: sun.misc.Unsafe::objectFieldOffset will be removed in a future release
# Warmup Iteration   1: 90.065 ns/op
# Warmup Iteration   2: 88.256 ns/op
# Warmup Iteration   3: 94.306 ns/op
Iteration   1: 91.425 ns/op
Iteration   2: 82.678 ns/op
Iteration   3: 84.160 ns/op
Iteration   4: 84.156 ns/op
Iteration   5: 84.425 ns/op


Result "com.eignex.koblas.bench.KoblasJmhBenchmark.run":
  85.369 ±(99.9%) 13.303 ns/op [Average]
  (min, avg, max) = (82.678, 85.369, 91.425), stdev = 3.455
  CI (99.9%): [72.065, 98.672] (assumes normal distribution)


# JMH version: 1.37
# VM version: JDK 25.0.1, OpenJDK 64-Bit Server VM, 25.0.1+8-LTS
# VM invoker: /home/rasmus/.gradle/jdks/eclipse_adoptium-25-amd64-linux.2/bin/java
# VM options: --enable-native-access=ALL-UNNAMED -Dfile.encoding=UTF-8 -Duser.country -Duser.language=en -Duser.variant -Dkoblas.bench.cases=/home/rasmus/.codex/worktrees/703f/koblas/koblas-bench/reports/f342c3192a41a07cf0454d7d4d5324f8289cc01329bcc9c990b986dcdd2f5922/20260911T153950Z-a038f25ac668/cases.txt
# Blackhole mode: compiler (auto-detected, use -Djmh.blackhole.autoDetect=false to disable)
# Warmup: 3 iterations, 200000000 ns each
# Measurement: 5 iterations, 200000000 ns each
# Timeout: 10 min per iteration
# Threads: 1 thread, will synchronize iterations
# Benchmark mode: Average time, time/op
# Benchmark: com.eignex.koblas.bench.KoblasJmhBenchmark.run
# Parameters: (benchmarkMode = jvm-scalar, caseId = write-right+32x4+uniform+physical=4x4+work=write-right-v1+leftLayout=depth-rows-v1+rightLayout=depth-columns-v1+leftGroup=4+rightGroup=4+leftStride=4+rightStride=4+padding=zero+alignment=8+block=32x4x32+panel=32+diagonal=0+rhs=0+batch=1+variant=current-tile-v1+timing=layout-only)

# Run progress: 46.15% complete, ETA 00:01:53
# Fork: 1 of 1
WARNING: A terminally deprecated method in sun.misc.Unsafe has been called
WARNING: sun.misc.Unsafe::objectFieldOffset has been called by org.openjdk.jmh.util.Utils (file:/home/rasmus/.gradle/caches/modules-2/files-2.1/org.openjdk.jmh/jmh-core/1.37/896f27e49105b35ea1964319c83d12082e7a79ef/jmh-core-1.37.jar)
WARNING: Please consider reporting this to the maintainers of class org.openjdk.jmh.util.Utils
WARNING: sun.misc.Unsafe::objectFieldOffset will be removed in a future release
# Warmup Iteration   1: 117.877 ns/op
# Warmup Iteration   2: 119.310 ns/op
# Warmup Iteration   3: 120.399 ns/op
Iteration   1: 120.787 ns/op
Iteration   2: 120.141 ns/op
Iteration   3: 120.376 ns/op
Iteration   4: 120.759 ns/op
Iteration   5: 120.260 ns/op


Result "com.eignex.koblas.bench.KoblasJmhBenchmark.run":
  120.465 ±(99.9%) 1.131 ns/op [Average]
  (min, avg, max) = (120.141, 120.465, 120.787), stdev = 0.294
  CI (99.9%): [119.334, 121.595] (assumes normal distribution)


# JMH version: 1.37
# VM version: JDK 25.0.1, OpenJDK 64-Bit Server VM, 25.0.1+8-LTS
# VM invoker: /home/rasmus/.gradle/jdks/eclipse_adoptium-25-amd64-linux.2/bin/java
# VM options: --enable-native-access=ALL-UNNAMED -Dfile.encoding=UTF-8 -Duser.country -Duser.language=en -Duser.variant -Dkoblas.bench.cases=/home/rasmus/.codex/worktrees/703f/koblas/koblas-bench/reports/f342c3192a41a07cf0454d7d4d5324f8289cc01329bcc9c990b986dcdd2f5922/20260911T153950Z-a038f25ac668/cases.txt
# Blackhole mode: compiler (auto-detected, use -Djmh.blackhole.autoDetect=false to disable)
# Warmup: 3 iterations, 200000000 ns each
# Measurement: 5 iterations, 200000000 ns each
# Timeout: 10 min per iteration
# Threads: 1 thread, will synchronize iterations
# Benchmark mode: Average time, time/op
# Benchmark: com.eignex.koblas.bench.KoblasJmhBenchmark.run
# Parameters: (benchmarkMode = jvm-scalar, caseId = clear-left-padding+3x31+uniform+physical=4x4+work=clear-left-padding-v1+leftLayout=depth-rows-v1+rightLayout=depth-columns-v1+leftGroup=4+rightGroup=4+leftStride=4+rightStride=4+padding=zero+alignment=8+block=3x31x31+panel=31+diagonal=0+rhs=0+batch=1+variant=current-tile-v1+timing=layout-only)

# Run progress: 47.01% complete, ETA 00:01:52
# Fork: 1 of 1
WARNING: A terminally deprecated method in sun.misc.Unsafe has been called
WARNING: sun.misc.Unsafe::objectFieldOffset has been called by org.openjdk.jmh.util.Utils (file:/home/rasmus/.gradle/caches/modules-2/files-2.1/org.openjdk.jmh/jmh-core/1.37/896f27e49105b35ea1964319c83d12082e7a79ef/jmh-core-1.37.jar)
WARNING: Please consider reporting this to the maintainers of class org.openjdk.jmh.util.Utils
WARNING: sun.misc.Unsafe::objectFieldOffset will be removed in a future release
# Warmup Iteration   1: 71.816 ns/op
# Warmup Iteration   2: 70.031 ns/op
# Warmup Iteration   3: 69.665 ns/op
Iteration   1: 74.010 ns/op
Iteration   2: 75.987 ns/op
Iteration   3: 76.525 ns/op
Iteration   4: 76.362 ns/op
Iteration   5: 76.307 ns/op


Result "com.eignex.koblas.bench.KoblasJmhBenchmark.run":
  75.838 ±(99.9%) 4.007 ns/op [Average]
  (min, avg, max) = (74.010, 75.838, 76.525), stdev = 1.041
  CI (99.9%): [71.831, 79.845] (assumes normal distribution)


# JMH version: 1.37
# VM version: JDK 25.0.1, OpenJDK 64-Bit Server VM, 25.0.1+8-LTS
# VM invoker: /home/rasmus/.gradle/jdks/eclipse_adoptium-25-amd64-linux.2/bin/java
# VM options: --enable-native-access=ALL-UNNAMED -Dfile.encoding=UTF-8 -Duser.country -Duser.language=en -Duser.variant -Dkoblas.bench.cases=/home/rasmus/.codex/worktrees/703f/koblas/koblas-bench/reports/f342c3192a41a07cf0454d7d4d5324f8289cc01329bcc9c990b986dcdd2f5922/20260911T153950Z-a038f25ac668/cases.txt
# Blackhole mode: compiler (auto-detected, use -Djmh.blackhole.autoDetect=false to disable)
# Warmup: 3 iterations, 200000000 ns each
# Measurement: 5 iterations, 200000000 ns each
# Timeout: 10 min per iteration
# Threads: 1 thread, will synchronize iterations
# Benchmark mode: Average time, time/op
# Benchmark: com.eignex.koblas.bench.KoblasJmhBenchmark.run
# Parameters: (benchmarkMode = jvm-scalar, caseId = clear-left-padding+4x32+uniform+physical=4x4+work=clear-left-padding-v1+leftLayout=depth-rows-v1+rightLayout=depth-columns-v1+leftGroup=4+rightGroup=4+leftStride=4+rightStride=4+padding=zero+alignment=8+block=4x32x32+panel=32+diagonal=0+rhs=0+batch=1+variant=current-tile-v1+timing=layout-only)

# Run progress: 47.86% complete, ETA 00:01:50
# Fork: 1 of 1
WARNING: A terminally deprecated method in sun.misc.Unsafe has been called
WARNING: sun.misc.Unsafe::objectFieldOffset has been called by org.openjdk.jmh.util.Utils (file:/home/rasmus/.gradle/caches/modules-2/files-2.1/org.openjdk.jmh/jmh-core/1.37/896f27e49105b35ea1964319c83d12082e7a79ef/jmh-core-1.37.jar)
WARNING: Please consider reporting this to the maintainers of class org.openjdk.jmh.util.Utils
WARNING: sun.misc.Unsafe::objectFieldOffset will be removed in a future release
# Warmup Iteration   1: 7.502 ns/op
# Warmup Iteration   2: 7.178 ns/op
# Warmup Iteration   3: 7.072 ns/op
Iteration   1: 7.102 ns/op
Iteration   2: 7.103 ns/op
Iteration   3: 7.162 ns/op
Iteration   4: 7.106 ns/op
Iteration   5: 7.157 ns/op


Result "com.eignex.koblas.bench.KoblasJmhBenchmark.run":
  7.126 ±(99.9%) 0.119 ns/op [Average]
  (min, avg, max) = (7.102, 7.126, 7.162), stdev = 0.031
  CI (99.9%): [7.007, 7.244] (assumes normal distribution)


# JMH version: 1.37
# VM version: JDK 25.0.1, OpenJDK 64-Bit Server VM, 25.0.1+8-LTS
# VM invoker: /home/rasmus/.gradle/jdks/eclipse_adoptium-25-amd64-linux.2/bin/java
# VM options: --enable-native-access=ALL-UNNAMED -Dfile.encoding=UTF-8 -Duser.country -Duser.language=en -Duser.variant -Dkoblas.bench.cases=/home/rasmus/.codex/worktrees/703f/koblas/koblas-bench/reports/f342c3192a41a07cf0454d7d4d5324f8289cc01329bcc9c990b986dcdd2f5922/20260911T153950Z-a038f25ac668/cases.txt
# Blackhole mode: compiler (auto-detected, use -Djmh.blackhole.autoDetect=false to disable)
# Warmup: 3 iterations, 200000000 ns each
# Measurement: 5 iterations, 200000000 ns each
# Timeout: 10 min per iteration
# Threads: 1 thread, will synchronize iterations
# Benchmark mode: Average time, time/op
# Benchmark: com.eignex.koblas.bench.KoblasJmhBenchmark.run
# Parameters: (benchmarkMode = jvm-scalar, caseId = clear-right-padding+31x2+uniform+physical=4x4+work=clear-right-padding-v1+leftLayout=depth-rows-v1+rightLayout=depth-columns-v1+leftGroup=4+rightGroup=4+leftStride=4+rightStride=4+padding=zero+alignment=8+block=31x2x31+panel=31+diagonal=0+rhs=0+batch=1+variant=current-tile-v1+timing=layout-only)

# Run progress: 48.72% complete, ETA 00:01:48
# Fork: 1 of 1
WARNING: A terminally deprecated method in sun.misc.Unsafe has been called
WARNING: sun.misc.Unsafe::objectFieldOffset has been called by org.openjdk.jmh.util.Utils (file:/home/rasmus/.gradle/caches/modules-2/files-2.1/org.openjdk.jmh/jmh-core/1.37/896f27e49105b35ea1964319c83d12082e7a79ef/jmh-core-1.37.jar)
WARNING: Please consider reporting this to the maintainers of class org.openjdk.jmh.util.Utils
WARNING: sun.misc.Unsafe::objectFieldOffset will be removed in a future release
# Warmup Iteration   1: 83.334 ns/op
# Warmup Iteration   2: 80.242 ns/op
# Warmup Iteration   3: 79.406 ns/op
Iteration   1: 79.040 ns/op
Iteration   2: 79.314 ns/op
Iteration   3: 79.908 ns/op
Iteration   4: 79.813 ns/op
Iteration   5: 77.517 ns/op


Result "com.eignex.koblas.bench.KoblasJmhBenchmark.run":
  79.118 ±(99.9%) 3.711 ns/op [Average]
  (min, avg, max) = (77.517, 79.118, 79.908), stdev = 0.964
  CI (99.9%): [75.407, 82.829] (assumes normal distribution)


# JMH version: 1.37
# VM version: JDK 25.0.1, OpenJDK 64-Bit Server VM, 25.0.1+8-LTS
# VM invoker: /home/rasmus/.gradle/jdks/eclipse_adoptium-25-amd64-linux.2/bin/java
# VM options: --enable-native-access=ALL-UNNAMED -Dfile.encoding=UTF-8 -Duser.country -Duser.language=en -Duser.variant -Dkoblas.bench.cases=/home/rasmus/.codex/worktrees/703f/koblas/koblas-bench/reports/f342c3192a41a07cf0454d7d4d5324f8289cc01329bcc9c990b986dcdd2f5922/20260911T153950Z-a038f25ac668/cases.txt
# Blackhole mode: compiler (auto-detected, use -Djmh.blackhole.autoDetect=false to disable)
# Warmup: 3 iterations, 200000000 ns each
# Measurement: 5 iterations, 200000000 ns each
# Timeout: 10 min per iteration
# Threads: 1 thread, will synchronize iterations
# Benchmark mode: Average time, time/op
# Benchmark: com.eignex.koblas.bench.KoblasJmhBenchmark.run
# Parameters: (benchmarkMode = jvm-scalar, caseId = clear-right-padding+32x4+uniform+physical=4x4+work=clear-right-padding-v1+leftLayout=depth-rows-v1+rightLayout=depth-columns-v1+leftGroup=4+rightGroup=4+leftStride=4+rightStride=4+padding=zero+alignment=8+block=32x4x32+panel=32+diagonal=0+rhs=0+batch=1+variant=current-tile-v1+timing=layout-only)

# Run progress: 49.57% complete, ETA 00:01:46
# Fork: 1 of 1
WARNING: A terminally deprecated method in sun.misc.Unsafe has been called
WARNING: sun.misc.Unsafe::objectFieldOffset has been called by org.openjdk.jmh.util.Utils (file:/home/rasmus/.gradle/caches/modules-2/files-2.1/org.openjdk.jmh/jmh-core/1.37/896f27e49105b35ea1964319c83d12082e7a79ef/jmh-core-1.37.jar)
WARNING: Please consider reporting this to the maintainers of class org.openjdk.jmh.util.Utils
WARNING: sun.misc.Unsafe::objectFieldOffset will be removed in a future release
# Warmup Iteration   1: 7.767 ns/op
# Warmup Iteration   2: 7.873 ns/op
# Warmup Iteration   3: 8.128 ns/op
Iteration   1: 7.347 ns/op
Iteration   2: 7.946 ns/op
Iteration   3: 7.897 ns/op
Iteration   4: 7.319 ns/op
Iteration   5: 7.951 ns/op


Result "com.eignex.koblas.bench.KoblasJmhBenchmark.run":
  7.692 ±(99.9%) 1.265 ns/op [Average]
  (min, avg, max) = (7.319, 7.692, 7.951), stdev = 0.328
  CI (99.9%): [6.427, 8.957] (assumes normal distribution)


# JMH version: 1.37
# VM version: JDK 25.0.1, OpenJDK 64-Bit Server VM, 25.0.1+8-LTS
# VM invoker: /home/rasmus/.gradle/jdks/eclipse_adoptium-25-amd64-linux.2/bin/java
# VM options: --enable-native-access=ALL-UNNAMED -Dfile.encoding=UTF-8 -Duser.country -Duser.language=en -Duser.variant -Dkoblas.bench.cases=/home/rasmus/.codex/worktrees/703f/koblas/koblas-bench/reports/f342c3192a41a07cf0454d7d4d5324f8289cc01329bcc9c990b986dcdd2f5922/20260911T153950Z-a038f25ac668/cases.txt
# Blackhole mode: compiler (auto-detected, use -Djmh.blackhole.autoDetect=false to disable)
# Warmup: 3 iterations, 200000000 ns each
# Measurement: 5 iterations, 200000000 ns each
# Timeout: 10 min per iteration
# Threads: 1 thread, will synchronize iterations
# Benchmark mode: Average time, time/op
# Benchmark: com.eignex.koblas.bench.KoblasJmhBenchmark.run
# Parameters: (benchmarkMode = jvm-scalar, caseId = spdot+4096+sparse-uniform+density=0.01)

# Run progress: 50.43% complete, ETA 00:01:44
# Fork: 1 of 1
WARNING: A terminally deprecated method in sun.misc.Unsafe has been called
WARNING: sun.misc.Unsafe::objectFieldOffset has been called by org.openjdk.jmh.util.Utils (file:/home/rasmus/.gradle/caches/modules-2/files-2.1/org.openjdk.jmh/jmh-core/1.37/896f27e49105b35ea1964319c83d12082e7a79ef/jmh-core-1.37.jar)
WARNING: Please consider reporting this to the maintainers of class org.openjdk.jmh.util.Utils
WARNING: sun.misc.Unsafe::objectFieldOffset will be removed in a future release
# Warmup Iteration   1: 24.804 ns/op
# Warmup Iteration   2: 20.873 ns/op
# Warmup Iteration   3: 20.015 ns/op
Iteration   1: 19.823 ns/op
Iteration   2: 20.051 ns/op
Iteration   3: 20.210 ns/op
Iteration   4: 20.337 ns/op
Iteration   5: 20.105 ns/op


Result "com.eignex.koblas.bench.KoblasJmhBenchmark.run":
  20.105 ±(99.9%) 0.738 ns/op [Average]
  (min, avg, max) = (19.823, 20.105, 20.337), stdev = 0.192
  CI (99.9%): [19.367, 20.843] (assumes normal distribution)


# JMH version: 1.37
# VM version: JDK 25.0.1, OpenJDK 64-Bit Server VM, 25.0.1+8-LTS
# VM invoker: /home/rasmus/.gradle/jdks/eclipse_adoptium-25-amd64-linux.2/bin/java
# VM options: --enable-native-access=ALL-UNNAMED -Dfile.encoding=UTF-8 -Duser.country -Duser.language=en -Duser.variant -Dkoblas.bench.cases=/home/rasmus/.codex/worktrees/703f/koblas/koblas-bench/reports/f342c3192a41a07cf0454d7d4d5324f8289cc01329bcc9c990b986dcdd2f5922/20260911T153950Z-a038f25ac668/cases.txt
# Blackhole mode: compiler (auto-detected, use -Djmh.blackhole.autoDetect=false to disable)
# Warmup: 3 iterations, 200000000 ns each
# Measurement: 5 iterations, 200000000 ns each
# Timeout: 10 min per iteration
# Threads: 1 thread, will synchronize iterations
# Benchmark mode: Average time, time/op
# Benchmark: com.eignex.koblas.bench.KoblasJmhBenchmark.run
# Parameters: (benchmarkMode = jvm-scalar, caseId = spdot-raw+64+sparse-uniform+density=0.125)

# Run progress: 51.28% complete, ETA 00:01:43
# Fork: 1 of 1
WARNING: A terminally deprecated method in sun.misc.Unsafe has been called
WARNING: sun.misc.Unsafe::objectFieldOffset has been called by org.openjdk.jmh.util.Utils (file:/home/rasmus/.gradle/caches/modules-2/files-2.1/org.openjdk.jmh/jmh-core/1.37/896f27e49105b35ea1964319c83d12082e7a79ef/jmh-core-1.37.jar)
WARNING: Please consider reporting this to the maintainers of class org.openjdk.jmh.util.Utils
WARNING: sun.misc.Unsafe::objectFieldOffset will be removed in a future release
# Warmup Iteration   1: 11.737 ns/op
# Warmup Iteration   2: 9.171 ns/op
# Warmup Iteration   3: 9.365 ns/op
Iteration   1: 9.419 ns/op
Iteration   2: 9.403 ns/op
Iteration   3: 9.379 ns/op
Iteration   4: 9.424 ns/op
Iteration   5: 9.505 ns/op


Result "com.eignex.koblas.bench.KoblasJmhBenchmark.run":
  9.426 ±(99.9%) 0.183 ns/op [Average]
  (min, avg, max) = (9.379, 9.426, 9.505), stdev = 0.048
  CI (99.9%): [9.243, 9.609] (assumes normal distribution)


# JMH version: 1.37
# VM version: JDK 25.0.1, OpenJDK 64-Bit Server VM, 25.0.1+8-LTS
# VM invoker: /home/rasmus/.gradle/jdks/eclipse_adoptium-25-amd64-linux.2/bin/java
# VM options: --enable-native-access=ALL-UNNAMED -Dfile.encoding=UTF-8 -Duser.country -Duser.language=en -Duser.variant -Dkoblas.bench.cases=/home/rasmus/.codex/worktrees/703f/koblas/koblas-bench/reports/f342c3192a41a07cf0454d7d4d5324f8289cc01329bcc9c990b986dcdd2f5922/20260911T153950Z-a038f25ac668/cases.txt
# Blackhole mode: compiler (auto-detected, use -Djmh.blackhole.autoDetect=false to disable)
# Warmup: 3 iterations, 200000000 ns each
# Measurement: 5 iterations, 200000000 ns each
# Timeout: 10 min per iteration
# Threads: 1 thread, will synchronize iterations
# Benchmark mode: Average time, time/op
# Benchmark: com.eignex.koblas.bench.KoblasJmhBenchmark.run
# Parameters: (benchmarkMode = jvm-scalar, caseId = spdot-raw+4096+sparse-uniform+density=0.0625)

# Run progress: 52.14% complete, ETA 00:01:41
# Fork: 1 of 1
WARNING: A terminally deprecated method in sun.misc.Unsafe has been called
WARNING: sun.misc.Unsafe::objectFieldOffset has been called by org.openjdk.jmh.util.Utils (file:/home/rasmus/.gradle/caches/modules-2/files-2.1/org.openjdk.jmh/jmh-core/1.37/896f27e49105b35ea1964319c83d12082e7a79ef/jmh-core-1.37.jar)
WARNING: Please consider reporting this to the maintainers of class org.openjdk.jmh.util.Utils
WARNING: sun.misc.Unsafe::objectFieldOffset will be removed in a future release
# Warmup Iteration   1: 168.383 ns/op
# Warmup Iteration   2: 154.371 ns/op
# Warmup Iteration   3: 159.772 ns/op
Iteration   1: 162.238 ns/op
Iteration   2: 163.096 ns/op
Iteration   3: 162.929 ns/op
Iteration   4: 162.618 ns/op
Iteration   5: 161.865 ns/op


Result "com.eignex.koblas.bench.KoblasJmhBenchmark.run":
  162.549 ±(99.9%) 1.937 ns/op [Average]
  (min, avg, max) = (161.865, 162.549, 163.096), stdev = 0.503
  CI (99.9%): [160.612, 164.486] (assumes normal distribution)


# JMH version: 1.37
# VM version: JDK 25.0.1, OpenJDK 64-Bit Server VM, 25.0.1+8-LTS
# VM invoker: /home/rasmus/.gradle/jdks/eclipse_adoptium-25-amd64-linux.2/bin/java
# VM options: --enable-native-access=ALL-UNNAMED -Dfile.encoding=UTF-8 -Duser.country -Duser.language=en -Duser.variant -Dkoblas.bench.cases=/home/rasmus/.codex/worktrees/703f/koblas/koblas-bench/reports/f342c3192a41a07cf0454d7d4d5324f8289cc01329bcc9c990b986dcdd2f5922/20260911T153950Z-a038f25ac668/cases.txt
# Blackhole mode: compiler (auto-detected, use -Djmh.blackhole.autoDetect=false to disable)
# Warmup: 3 iterations, 200000000 ns each
# Measurement: 5 iterations, 200000000 ns each
# Timeout: 10 min per iteration
# Threads: 1 thread, will synchronize iterations
# Benchmark mode: Average time, time/op
# Benchmark: com.eignex.koblas.bench.KoblasJmhBenchmark.run
# Parameters: (benchmarkMode = jvm-scalar, caseId = spdot-raw+65536+sparse-uniform+density=0.015625)

# Run progress: 52.99% complete, ETA 00:01:39
# Fork: 1 of 1
WARNING: A terminally deprecated method in sun.misc.Unsafe has been called
WARNING: sun.misc.Unsafe::objectFieldOffset has been called by org.openjdk.jmh.util.Utils (file:/home/rasmus/.gradle/caches/modules-2/files-2.1/org.openjdk.jmh/jmh-core/1.37/896f27e49105b35ea1964319c83d12082e7a79ef/jmh-core-1.37.jar)
WARNING: Please consider reporting this to the maintainers of class org.openjdk.jmh.util.Utils
WARNING: sun.misc.Unsafe::objectFieldOffset will be removed in a future release
# Warmup Iteration   1: 846.497 ns/op
# Warmup Iteration   2: 783.904 ns/op
# Warmup Iteration   3: 768.892 ns/op
Iteration   1: 771.246 ns/op
Iteration   2: 763.147 ns/op
Iteration   3: 777.546 ns/op
Iteration   4: 776.378 ns/op
Iteration   5: 780.022 ns/op


Result "com.eignex.koblas.bench.KoblasJmhBenchmark.run":
  773.667 ±(99.9%) 25.782 ns/op [Average]
  (min, avg, max) = (763.147, 773.667, 780.022), stdev = 6.696
  CI (99.9%): [747.885, 799.450] (assumes normal distribution)


# JMH version: 1.37
# VM version: JDK 25.0.1, OpenJDK 64-Bit Server VM, 25.0.1+8-LTS
# VM invoker: /home/rasmus/.gradle/jdks/eclipse_adoptium-25-amd64-linux.2/bin/java
# VM options: --enable-native-access=ALL-UNNAMED -Dfile.encoding=UTF-8 -Duser.country -Duser.language=en -Duser.variant -Dkoblas.bench.cases=/home/rasmus/.codex/worktrees/703f/koblas/koblas-bench/reports/f342c3192a41a07cf0454d7d4d5324f8289cc01329bcc9c990b986dcdd2f5922/20260911T153950Z-a038f25ac668/cases.txt
# Blackhole mode: compiler (auto-detected, use -Djmh.blackhole.autoDetect=false to disable)
# Warmup: 3 iterations, 200000000 ns each
# Measurement: 5 iterations, 200000000 ns each
# Timeout: 10 min per iteration
# Threads: 1 thread, will synchronize iterations
# Benchmark mode: Average time, time/op
# Benchmark: com.eignex.koblas.bench.KoblasJmhBenchmark.run
# Parameters: (benchmarkMode = jvm-scalar, caseId = spdot-raw+262144+sparse-uniform+density=0.03125)

# Run progress: 53.85% complete, ETA 00:01:37
# Fork: 1 of 1
WARNING: A terminally deprecated method in sun.misc.Unsafe has been called
WARNING: sun.misc.Unsafe::objectFieldOffset has been called by org.openjdk.jmh.util.Utils (file:/home/rasmus/.gradle/caches/modules-2/files-2.1/org.openjdk.jmh/jmh-core/1.37/896f27e49105b35ea1964319c83d12082e7a79ef/jmh-core-1.37.jar)
WARNING: Please consider reporting this to the maintainers of class org.openjdk.jmh.util.Utils
WARNING: sun.misc.Unsafe::objectFieldOffset will be removed in a future release
# Warmup Iteration   1: 6802.370 ns/op
# Warmup Iteration   2: 6125.125 ns/op
# Warmup Iteration   3: 6235.760 ns/op
Iteration   1: 6167.790 ns/op
Iteration   2: 6916.863 ns/op
Iteration   3: 6958.782 ns/op
Iteration   4: 6876.410 ns/op
Iteration   5: 7028.292 ns/op


Result "com.eignex.koblas.bench.KoblasJmhBenchmark.run":
  6789.628 ±(99.9%) 1355.919 ns/op [Average]
  (min, avg, max) = (6167.790, 6789.628, 7028.292), stdev = 352.128
  CI (99.9%): [5433.709, 8145.546] (assumes normal distribution)


# JMH version: 1.37
# VM version: JDK 25.0.1, OpenJDK 64-Bit Server VM, 25.0.1+8-LTS
# VM invoker: /home/rasmus/.gradle/jdks/eclipse_adoptium-25-amd64-linux.2/bin/java
# VM options: --enable-native-access=ALL-UNNAMED -Dfile.encoding=UTF-8 -Duser.country -Duser.language=en -Duser.variant -Dkoblas.bench.cases=/home/rasmus/.codex/worktrees/703f/koblas/koblas-bench/reports/f342c3192a41a07cf0454d7d4d5324f8289cc01329bcc9c990b986dcdd2f5922/20260911T153950Z-a038f25ac668/cases.txt
# Blackhole mode: compiler (auto-detected, use -Djmh.blackhole.autoDetect=false to disable)
# Warmup: 3 iterations, 200000000 ns each
# Measurement: 5 iterations, 200000000 ns each
# Timeout: 10 min per iteration
# Threads: 1 thread, will synchronize iterations
# Benchmark mode: Average time, time/op
# Benchmark: com.eignex.koblas.bench.KoblasJmhBenchmark.run
# Parameters: (benchmarkMode = jvm-scalar, caseId = spdot-sparse+4096+sparse-uniform+density=0.01)

# Run progress: 54.70% complete, ETA 00:01:35
# Fork: 1 of 1
WARNING: A terminally deprecated method in sun.misc.Unsafe has been called
WARNING: sun.misc.Unsafe::objectFieldOffset has been called by org.openjdk.jmh.util.Utils (file:/home/rasmus/.gradle/caches/modules-2/files-2.1/org.openjdk.jmh/jmh-core/1.37/896f27e49105b35ea1964319c83d12082e7a79ef/jmh-core-1.37.jar)
WARNING: Please consider reporting this to the maintainers of class org.openjdk.jmh.util.Utils
WARNING: sun.misc.Unsafe::objectFieldOffset will be removed in a future release
# Warmup Iteration   1: 70.952 ns/op
# Warmup Iteration   2: 60.192 ns/op
# Warmup Iteration   3: 58.869 ns/op
Iteration   1: 59.124 ns/op
Iteration   2: 62.154 ns/op
Iteration   3: 64.172 ns/op
Iteration   4: 63.850 ns/op
Iteration   5: 63.758 ns/op


Result "com.eignex.koblas.bench.KoblasJmhBenchmark.run":
  62.612 ±(99.9%) 8.089 ns/op [Average]
  (min, avg, max) = (59.124, 62.612, 64.172), stdev = 2.101
  CI (99.9%): [54.522, 70.701] (assumes normal distribution)


# JMH version: 1.37
# VM version: JDK 25.0.1, OpenJDK 64-Bit Server VM, 25.0.1+8-LTS
# VM invoker: /home/rasmus/.gradle/jdks/eclipse_adoptium-25-amd64-linux.2/bin/java
# VM options: --enable-native-access=ALL-UNNAMED -Dfile.encoding=UTF-8 -Duser.country -Duser.language=en -Duser.variant -Dkoblas.bench.cases=/home/rasmus/.codex/worktrees/703f/koblas/koblas-bench/reports/f342c3192a41a07cf0454d7d4d5324f8289cc01329bcc9c990b986dcdd2f5922/20260911T153950Z-a038f25ac668/cases.txt
# Blackhole mode: compiler (auto-detected, use -Djmh.blackhole.autoDetect=false to disable)
# Warmup: 3 iterations, 200000000 ns each
# Measurement: 5 iterations, 200000000 ns each
# Timeout: 10 min per iteration
# Threads: 1 thread, will synchronize iterations
# Benchmark mode: Average time, time/op
# Benchmark: com.eignex.koblas.bench.KoblasJmhBenchmark.run
# Parameters: (benchmarkMode = jvm-scalar, caseId = spaxpy+4096+sparse-uniform+density=0.01)

# Run progress: 55.56% complete, ETA 00:01:34
# Fork: 1 of 1
WARNING: A terminally deprecated method in sun.misc.Unsafe has been called
WARNING: sun.misc.Unsafe::objectFieldOffset has been called by org.openjdk.jmh.util.Utils (file:/home/rasmus/.gradle/caches/modules-2/files-2.1/org.openjdk.jmh/jmh-core/1.37/896f27e49105b35ea1964319c83d12082e7a79ef/jmh-core-1.37.jar)
WARNING: Please consider reporting this to the maintainers of class org.openjdk.jmh.util.Utils
WARNING: sun.misc.Unsafe::objectFieldOffset will be removed in a future release
# Warmup Iteration   1: 808.995 ns/op
# Warmup Iteration   2: 738.064 ns/op
# Warmup Iteration   3: 744.116 ns/op
Iteration   1: 752.969 ns/op
Iteration   2: 752.270 ns/op
Iteration   3: 778.707 ns/op
Iteration   4: 792.707 ns/op
Iteration   5: 737.679 ns/op


Result "com.eignex.koblas.bench.KoblasJmhBenchmark.run":
  762.866 ±(99.9%) 85.802 ns/op [Average]
  (min, avg, max) = (737.679, 762.866, 792.707), stdev = 22.283
  CI (99.9%): [677.064, 848.668] (assumes normal distribution)


# JMH version: 1.37
# VM version: JDK 25.0.1, OpenJDK 64-Bit Server VM, 25.0.1+8-LTS
# VM invoker: /home/rasmus/.gradle/jdks/eclipse_adoptium-25-amd64-linux.2/bin/java
# VM options: --enable-native-access=ALL-UNNAMED -Dfile.encoding=UTF-8 -Duser.country -Duser.language=en -Duser.variant -Dkoblas.bench.cases=/home/rasmus/.codex/worktrees/703f/koblas/koblas-bench/reports/f342c3192a41a07cf0454d7d4d5324f8289cc01329bcc9c990b986dcdd2f5922/20260911T153950Z-a038f25ac668/cases.txt
# Blackhole mode: compiler (auto-detected, use -Djmh.blackhole.autoDetect=false to disable)
# Warmup: 3 iterations, 200000000 ns each
# Measurement: 5 iterations, 200000000 ns each
# Timeout: 10 min per iteration
# Threads: 1 thread, will synchronize iterations
# Benchmark mode: Average time, time/op
# Benchmark: com.eignex.koblas.bench.KoblasJmhBenchmark.run
# Parameters: (benchmarkMode = jvm-scalar, caseId = spaxpy-raw+64+sparse-uniform+density=0.125)

# Run progress: 56.41% complete, ETA 00:01:32
# Fork: 1 of 1
WARNING: A terminally deprecated method in sun.misc.Unsafe has been called
WARNING: sun.misc.Unsafe::objectFieldOffset has been called by org.openjdk.jmh.util.Utils (file:/home/rasmus/.gradle/caches/modules-2/files-2.1/org.openjdk.jmh/jmh-core/1.37/896f27e49105b35ea1964319c83d12082e7a79ef/jmh-core-1.37.jar)
WARNING: Please consider reporting this to the maintainers of class org.openjdk.jmh.util.Utils
WARNING: sun.misc.Unsafe::objectFieldOffset will be removed in a future release
# Warmup Iteration   1: 16.400 ns/op
# Warmup Iteration   2: 15.745 ns/op
# Warmup Iteration   3: 15.499 ns/op
Iteration   1: 16.827 ns/op
Iteration   2: 15.182 ns/op
Iteration   3: 15.367 ns/op
Iteration   4: 15.625 ns/op
Iteration   5: 15.304 ns/op


Result "com.eignex.koblas.bench.KoblasJmhBenchmark.run":
  15.661 ±(99.9%) 2.586 ns/op [Average]
  (min, avg, max) = (15.182, 15.661, 16.827), stdev = 0.671
  CI (99.9%): [13.075, 18.247] (assumes normal distribution)


# JMH version: 1.37
# VM version: JDK 25.0.1, OpenJDK 64-Bit Server VM, 25.0.1+8-LTS
# VM invoker: /home/rasmus/.gradle/jdks/eclipse_adoptium-25-amd64-linux.2/bin/java
# VM options: --enable-native-access=ALL-UNNAMED -Dfile.encoding=UTF-8 -Duser.country -Duser.language=en -Duser.variant -Dkoblas.bench.cases=/home/rasmus/.codex/worktrees/703f/koblas/koblas-bench/reports/f342c3192a41a07cf0454d7d4d5324f8289cc01329bcc9c990b986dcdd2f5922/20260911T153950Z-a038f25ac668/cases.txt
# Blackhole mode: compiler (auto-detected, use -Djmh.blackhole.autoDetect=false to disable)
# Warmup: 3 iterations, 200000000 ns each
# Measurement: 5 iterations, 200000000 ns each
# Timeout: 10 min per iteration
# Threads: 1 thread, will synchronize iterations
# Benchmark mode: Average time, time/op
# Benchmark: com.eignex.koblas.bench.KoblasJmhBenchmark.run
# Parameters: (benchmarkMode = jvm-scalar, caseId = spaxpy-raw+4096+sparse-uniform+density=0.0625)

# Run progress: 57.26% complete, ETA 00:01:30
# Fork: 1 of 1
WARNING: A terminally deprecated method in sun.misc.Unsafe has been called
WARNING: sun.misc.Unsafe::objectFieldOffset has been called by org.openjdk.jmh.util.Utils (file:/home/rasmus/.gradle/caches/modules-2/files-2.1/org.openjdk.jmh/jmh-core/1.37/896f27e49105b35ea1964319c83d12082e7a79ef/jmh-core-1.37.jar)
WARNING: Please consider reporting this to the maintainers of class org.openjdk.jmh.util.Utils
WARNING: sun.misc.Unsafe::objectFieldOffset will be removed in a future release
# Warmup Iteration   1: 1161.921 ns/op
# Warmup Iteration   2: 1168.009 ns/op
# Warmup Iteration   3: 1151.567 ns/op
Iteration   1: 1139.808 ns/op
Iteration   2: 1138.657 ns/op
Iteration   3: 1158.167 ns/op
Iteration   4: 1139.832 ns/op
Iteration   5: 1159.466 ns/op


Result "com.eignex.koblas.bench.KoblasJmhBenchmark.run":
  1147.186 ±(99.9%) 40.962 ns/op [Average]
  (min, avg, max) = (1138.657, 1147.186, 1159.466), stdev = 10.638
  CI (99.9%): [1106.224, 1188.148] (assumes normal distribution)


# JMH version: 1.37
# VM version: JDK 25.0.1, OpenJDK 64-Bit Server VM, 25.0.1+8-LTS
# VM invoker: /home/rasmus/.gradle/jdks/eclipse_adoptium-25-amd64-linux.2/bin/java
# VM options: --enable-native-access=ALL-UNNAMED -Dfile.encoding=UTF-8 -Duser.country -Duser.language=en -Duser.variant -Dkoblas.bench.cases=/home/rasmus/.codex/worktrees/703f/koblas/koblas-bench/reports/f342c3192a41a07cf0454d7d4d5324f8289cc01329bcc9c990b986dcdd2f5922/20260911T153950Z-a038f25ac668/cases.txt
# Blackhole mode: compiler (auto-detected, use -Djmh.blackhole.autoDetect=false to disable)
# Warmup: 3 iterations, 200000000 ns each
# Measurement: 5 iterations, 200000000 ns each
# Timeout: 10 min per iteration
# Threads: 1 thread, will synchronize iterations
# Benchmark mode: Average time, time/op
# Benchmark: com.eignex.koblas.bench.KoblasJmhBenchmark.run
# Parameters: (benchmarkMode = jvm-scalar, caseId = spaxpy-raw+65536+sparse-uniform+density=0.015625)

# Run progress: 58.12% complete, ETA 00:01:28
# Fork: 1 of 1
WARNING: A terminally deprecated method in sun.misc.Unsafe has been called
WARNING: sun.misc.Unsafe::objectFieldOffset has been called by org.openjdk.jmh.util.Utils (file:/home/rasmus/.gradle/caches/modules-2/files-2.1/org.openjdk.jmh/jmh-core/1.37/896f27e49105b35ea1964319c83d12082e7a79ef/jmh-core-1.37.jar)
WARNING: Please consider reporting this to the maintainers of class org.openjdk.jmh.util.Utils
WARNING: sun.misc.Unsafe::objectFieldOffset will be removed in a future release
# Warmup Iteration   1: 14802.467 ns/op
# Warmup Iteration   2: 13913.365 ns/op
# Warmup Iteration   3: 13950.952 ns/op
Iteration   1: 13978.814 ns/op
Iteration   2: 13171.737 ns/op
Iteration   3: 13258.774 ns/op
Iteration   4: 13172.142 ns/op
Iteration   5: 13209.018 ns/op


Result "com.eignex.koblas.bench.KoblasJmhBenchmark.run":
  13358.097 ±(99.9%) 1343.164 ns/op [Average]
  (min, avg, max) = (13171.737, 13358.097, 13978.814), stdev = 348.815
  CI (99.9%): [12014.933, 14701.261] (assumes normal distribution)


# JMH version: 1.37
# VM version: JDK 25.0.1, OpenJDK 64-Bit Server VM, 25.0.1+8-LTS
# VM invoker: /home/rasmus/.gradle/jdks/eclipse_adoptium-25-amd64-linux.2/bin/java
# VM options: --enable-native-access=ALL-UNNAMED -Dfile.encoding=UTF-8 -Duser.country -Duser.language=en -Duser.variant -Dkoblas.bench.cases=/home/rasmus/.codex/worktrees/703f/koblas/koblas-bench/reports/f342c3192a41a07cf0454d7d4d5324f8289cc01329bcc9c990b986dcdd2f5922/20260911T153950Z-a038f25ac668/cases.txt
# Blackhole mode: compiler (auto-detected, use -Djmh.blackhole.autoDetect=false to disable)
# Warmup: 3 iterations, 200000000 ns each
# Measurement: 5 iterations, 200000000 ns each
# Timeout: 10 min per iteration
# Threads: 1 thread, will synchronize iterations
# Benchmark mode: Average time, time/op
# Benchmark: com.eignex.koblas.bench.KoblasJmhBenchmark.run
# Parameters: (benchmarkMode = jvm-scalar, caseId = spaxpy-raw+262144+sparse-uniform+density=0.03125)

# Run progress: 58.97% complete, ETA 00:01:26
# Fork: 1 of 1
WARNING: A terminally deprecated method in sun.misc.Unsafe has been called
WARNING: sun.misc.Unsafe::objectFieldOffset has been called by org.openjdk.jmh.util.Utils (file:/home/rasmus/.gradle/caches/modules-2/files-2.1/org.openjdk.jmh/jmh-core/1.37/896f27e49105b35ea1964319c83d12082e7a79ef/jmh-core-1.37.jar)
WARNING: Please consider reporting this to the maintainers of class org.openjdk.jmh.util.Utils
WARNING: sun.misc.Unsafe::objectFieldOffset will be removed in a future release
# Warmup Iteration   1: 117715.464 ns/op
# Warmup Iteration   2: 108512.218 ns/op
# Warmup Iteration   3: 108078.725 ns/op
Iteration   1: 106600.421 ns/op
Iteration   2: 111688.668 ns/op
Iteration   3: 113314.929 ns/op
Iteration   4: 105064.286 ns/op
Iteration   5: 105855.337 ns/op


Result "com.eignex.koblas.bench.KoblasJmhBenchmark.run":
  108504.728 ±(99.9%) 14376.600 ns/op [Average]
  (min, avg, max) = (105064.286, 108504.728, 113314.929), stdev = 3733.557
  CI (99.9%): [94128.128, 122881.329] (assumes normal distribution)


# JMH version: 1.37
# VM version: JDK 25.0.1, OpenJDK 64-Bit Server VM, 25.0.1+8-LTS
# VM invoker: /home/rasmus/.gradle/jdks/eclipse_adoptium-25-amd64-linux.2/bin/java
# VM options: --enable-native-access=ALL-UNNAMED -Dfile.encoding=UTF-8 -Duser.country -Duser.language=en -Duser.variant -Dkoblas.bench.cases=/home/rasmus/.codex/worktrees/703f/koblas/koblas-bench/reports/f342c3192a41a07cf0454d7d4d5324f8289cc01329bcc9c990b986dcdd2f5922/20260911T153950Z-a038f25ac668/cases.txt
# Blackhole mode: compiler (auto-detected, use -Djmh.blackhole.autoDetect=false to disable)
# Warmup: 3 iterations, 200000000 ns each
# Measurement: 5 iterations, 200000000 ns each
# Timeout: 10 min per iteration
# Threads: 1 thread, will synchronize iterations
# Benchmark mode: Average time, time/op
# Benchmark: com.eignex.koblas.bench.KoblasJmhBenchmark.run
# Parameters: (benchmarkMode = jvm-scalar, caseId = spnrm2+4096+sparse-uniform+density=0.01)

# Run progress: 59.83% complete, ETA 00:01:25
# Fork: 1 of 1
WARNING: A terminally deprecated method in sun.misc.Unsafe has been called
WARNING: sun.misc.Unsafe::objectFieldOffset has been called by org.openjdk.jmh.util.Utils (file:/home/rasmus/.gradle/caches/modules-2/files-2.1/org.openjdk.jmh/jmh-core/1.37/896f27e49105b35ea1964319c83d12082e7a79ef/jmh-core-1.37.jar)
WARNING: Please consider reporting this to the maintainers of class org.openjdk.jmh.util.Utils
WARNING: sun.misc.Unsafe::objectFieldOffset will be removed in a future release
# Warmup Iteration   1: 16.800 ns/op
# Warmup Iteration   2: 14.988 ns/op
# Warmup Iteration   3: 15.485 ns/op
Iteration   1: 15.833 ns/op
Iteration   2: 14.115 ns/op
Iteration   3: 15.099 ns/op
Iteration   4: 14.432 ns/op
Iteration   5: 14.473 ns/op


Result "com.eignex.koblas.bench.KoblasJmhBenchmark.run":
  14.790 ±(99.9%) 2.631 ns/op [Average]
  (min, avg, max) = (14.115, 14.790, 15.833), stdev = 0.683
  CI (99.9%): [12.159, 17.422] (assumes normal distribution)


# JMH version: 1.37
# VM version: JDK 25.0.1, OpenJDK 64-Bit Server VM, 25.0.1+8-LTS
# VM invoker: /home/rasmus/.gradle/jdks/eclipse_adoptium-25-amd64-linux.2/bin/java
# VM options: --enable-native-access=ALL-UNNAMED -Dfile.encoding=UTF-8 -Duser.country -Duser.language=en -Duser.variant -Dkoblas.bench.cases=/home/rasmus/.codex/worktrees/703f/koblas/koblas-bench/reports/f342c3192a41a07cf0454d7d4d5324f8289cc01329bcc9c990b986dcdd2f5922/20260911T153950Z-a038f25ac668/cases.txt
# Blackhole mode: compiler (auto-detected, use -Djmh.blackhole.autoDetect=false to disable)
# Warmup: 3 iterations, 200000000 ns each
# Measurement: 5 iterations, 200000000 ns each
# Timeout: 10 min per iteration
# Threads: 1 thread, will synchronize iterations
# Benchmark mode: Average time, time/op
# Benchmark: com.eignex.koblas.bench.KoblasJmhBenchmark.run
# Parameters: (benchmarkMode = jvm-scalar, caseId = spnrm2-indexed+4096+sparse-uniform+density=0.01)

# Run progress: 60.68% complete, ETA 00:01:23
# Fork: 1 of 1
WARNING: A terminally deprecated method in sun.misc.Unsafe has been called
WARNING: sun.misc.Unsafe::objectFieldOffset has been called by org.openjdk.jmh.util.Utils (file:/home/rasmus/.gradle/caches/modules-2/files-2.1/org.openjdk.jmh/jmh-core/1.37/896f27e49105b35ea1964319c83d12082e7a79ef/jmh-core-1.37.jar)
WARNING: Please consider reporting this to the maintainers of class org.openjdk.jmh.util.Utils
WARNING: sun.misc.Unsafe::objectFieldOffset will be removed in a future release
# Warmup Iteration   1: 25.875 ns/op
# Warmup Iteration   2: 24.604 ns/op
# Warmup Iteration   3: 23.935 ns/op
Iteration   1: 23.883 ns/op
Iteration   2: 23.910 ns/op
Iteration   3: 25.424 ns/op
Iteration   4: 23.495 ns/op
Iteration   5: 24.149 ns/op


Result "com.eignex.koblas.bench.KoblasJmhBenchmark.run":
  24.172 ±(99.9%) 2.842 ns/op [Average]
  (min, avg, max) = (23.495, 24.172, 25.424), stdev = 0.738
  CI (99.9%): [21.330, 27.014] (assumes normal distribution)


# JMH version: 1.37
# VM version: JDK 25.0.1, OpenJDK 64-Bit Server VM, 25.0.1+8-LTS
# VM invoker: /home/rasmus/.gradle/jdks/eclipse_adoptium-25-amd64-linux.2/bin/java
# VM options: --enable-native-access=ALL-UNNAMED -Dfile.encoding=UTF-8 -Duser.country -Duser.language=en -Duser.variant -Dkoblas.bench.cases=/home/rasmus/.codex/worktrees/703f/koblas/koblas-bench/reports/f342c3192a41a07cf0454d7d4d5324f8289cc01329bcc9c990b986dcdd2f5922/20260911T153950Z-a038f25ac668/cases.txt
# Blackhole mode: compiler (auto-detected, use -Djmh.blackhole.autoDetect=false to disable)
# Warmup: 3 iterations, 200000000 ns each
# Measurement: 5 iterations, 200000000 ns each
# Timeout: 10 min per iteration
# Threads: 1 thread, will synchronize iterations
# Benchmark mode: Average time, time/op
# Benchmark: com.eignex.koblas.bench.KoblasJmhBenchmark.run
# Parameters: (benchmarkMode = jvm-scalar, caseId = spnrm2-indexed+4096+sparse-uniform+density=0.5)

# Run progress: 61.54% complete, ETA 00:01:21
# Fork: 1 of 1
WARNING: A terminally deprecated method in sun.misc.Unsafe has been called
WARNING: sun.misc.Unsafe::objectFieldOffset has been called by org.openjdk.jmh.util.Utils (file:/home/rasmus/.gradle/caches/modules-2/files-2.1/org.openjdk.jmh/jmh-core/1.37/896f27e49105b35ea1964319c83d12082e7a79ef/jmh-core-1.37.jar)
WARNING: Please consider reporting this to the maintainers of class org.openjdk.jmh.util.Utils
WARNING: sun.misc.Unsafe::objectFieldOffset will be removed in a future release
# Warmup Iteration   1: 1281.418 ns/op
# Warmup Iteration   2: 1226.926 ns/op
# Warmup Iteration   3: 1183.374 ns/op
Iteration   1: 1250.031 ns/op
Iteration   2: 1282.472 ns/op
Iteration   3: 1261.595 ns/op
Iteration   4: 1258.150 ns/op
Iteration   5: 1288.049 ns/op


Result "com.eignex.koblas.bench.KoblasJmhBenchmark.run":
  1268.059 ±(99.9%) 63.047 ns/op [Average]
  (min, avg, max) = (1250.031, 1268.059, 1288.049), stdev = 16.373
  CI (99.9%): [1205.012, 1331.107] (assumes normal distribution)


# JMH version: 1.37
# VM version: JDK 25.0.1, OpenJDK 64-Bit Server VM, 25.0.1+8-LTS
# VM invoker: /home/rasmus/.gradle/jdks/eclipse_adoptium-25-amd64-linux.2/bin/java
# VM options: --enable-native-access=ALL-UNNAMED -Dfile.encoding=UTF-8 -Duser.country -Duser.language=en -Duser.variant -Dkoblas.bench.cases=/home/rasmus/.codex/worktrees/703f/koblas/koblas-bench/reports/f342c3192a41a07cf0454d7d4d5324f8289cc01329bcc9c990b986dcdd2f5922/20260911T153950Z-a038f25ac668/cases.txt
# Blackhole mode: compiler (auto-detected, use -Djmh.blackhole.autoDetect=false to disable)
# Warmup: 3 iterations, 200000000 ns each
# Measurement: 5 iterations, 200000000 ns each
# Timeout: 10 min per iteration
# Threads: 1 thread, will synchronize iterations
# Benchmark mode: Average time, time/op
# Benchmark: com.eignex.koblas.bench.KoblasJmhBenchmark.run
# Parameters: (benchmarkMode = jvm-scalar, caseId = spnrm2-indexed+262144+sparse-uniform+density=0.03125)

# Run progress: 62.39% complete, ETA 00:01:19
# Fork: 1 of 1
WARNING: A terminally deprecated method in sun.misc.Unsafe has been called
WARNING: sun.misc.Unsafe::objectFieldOffset has been called by org.openjdk.jmh.util.Utils (file:/home/rasmus/.gradle/caches/modules-2/files-2.1/org.openjdk.jmh/jmh-core/1.37/896f27e49105b35ea1964319c83d12082e7a79ef/jmh-core-1.37.jar)
WARNING: Please consider reporting this to the maintainers of class org.openjdk.jmh.util.Utils
WARNING: sun.misc.Unsafe::objectFieldOffset will be removed in a future release
# Warmup Iteration   1: 5825.218 ns/op
# Warmup Iteration   2: 5221.039 ns/op
# Warmup Iteration   3: 5309.098 ns/op
Iteration   1: 5279.143 ns/op
Iteration   2: 6220.676 ns/op
Iteration   3: 6197.534 ns/op
Iteration   4: 6176.117 ns/op
Iteration   5: 6234.590 ns/op


Result "com.eignex.koblas.bench.KoblasJmhBenchmark.run":
  6021.612 ±(99.9%) 1600.529 ns/op [Average]
  (min, avg, max) = (5279.143, 6021.612, 6234.590), stdev = 415.652
  CI (99.9%): [4421.083, 7622.141] (assumes normal distribution)


# JMH version: 1.37
# VM version: JDK 25.0.1, OpenJDK 64-Bit Server VM, 25.0.1+8-LTS
# VM invoker: /home/rasmus/.gradle/jdks/eclipse_adoptium-25-amd64-linux.2/bin/java
# VM options: --enable-native-access=ALL-UNNAMED -Dfile.encoding=UTF-8 -Duser.country -Duser.language=en -Duser.variant -Dkoblas.bench.cases=/home/rasmus/.codex/worktrees/703f/koblas/koblas-bench/reports/f342c3192a41a07cf0454d7d4d5324f8289cc01329bcc9c990b986dcdd2f5922/20260911T153950Z-a038f25ac668/cases.txt
# Blackhole mode: compiler (auto-detected, use -Djmh.blackhole.autoDetect=false to disable)
# Warmup: 3 iterations, 200000000 ns each
# Measurement: 5 iterations, 200000000 ns each
# Timeout: 10 min per iteration
# Threads: 1 thread, will synchronize iterations
# Benchmark mode: Average time, time/op
# Benchmark: com.eignex.koblas.bench.KoblasJmhBenchmark.run
# Parameters: (benchmarkMode = jvm-scalar, caseId = spasum+4096+sparse-uniform+density=0.01)

# Run progress: 63.25% complete, ETA 00:01:17
# Fork: 1 of 1
WARNING: A terminally deprecated method in sun.misc.Unsafe has been called
WARNING: sun.misc.Unsafe::objectFieldOffset has been called by org.openjdk.jmh.util.Utils (file:/home/rasmus/.gradle/caches/modules-2/files-2.1/org.openjdk.jmh/jmh-core/1.37/896f27e49105b35ea1964319c83d12082e7a79ef/jmh-core-1.37.jar)
WARNING: Please consider reporting this to the maintainers of class org.openjdk.jmh.util.Utils
WARNING: sun.misc.Unsafe::objectFieldOffset will be removed in a future release
# Warmup Iteration   1: 13.920 ns/op
# Warmup Iteration   2: 14.138 ns/op
# Warmup Iteration   3: 13.876 ns/op
Iteration   1: 14.078 ns/op
Iteration   2: 14.064 ns/op
Iteration   3: 14.053 ns/op
Iteration   4: 14.090 ns/op
Iteration   5: 14.181 ns/op


Result "com.eignex.koblas.bench.KoblasJmhBenchmark.run":
  14.093 ±(99.9%) 0.196 ns/op [Average]
  (min, avg, max) = (14.053, 14.093, 14.181), stdev = 0.051
  CI (99.9%): [13.897, 14.290] (assumes normal distribution)


# JMH version: 1.37
# VM version: JDK 25.0.1, OpenJDK 64-Bit Server VM, 25.0.1+8-LTS
# VM invoker: /home/rasmus/.gradle/jdks/eclipse_adoptium-25-amd64-linux.2/bin/java
# VM options: --enable-native-access=ALL-UNNAMED -Dfile.encoding=UTF-8 -Duser.country -Duser.language=en -Duser.variant -Dkoblas.bench.cases=/home/rasmus/.codex/worktrees/703f/koblas/koblas-bench/reports/f342c3192a41a07cf0454d7d4d5324f8289cc01329bcc9c990b986dcdd2f5922/20260911T153950Z-a038f25ac668/cases.txt
# Blackhole mode: compiler (auto-detected, use -Djmh.blackhole.autoDetect=false to disable)
# Warmup: 3 iterations, 200000000 ns each
# Measurement: 5 iterations, 200000000 ns each
# Timeout: 10 min per iteration
# Threads: 1 thread, will synchronize iterations
# Benchmark mode: Average time, time/op
# Benchmark: com.eignex.koblas.bench.KoblasJmhBenchmark.run
# Parameters: (benchmarkMode = jvm-scalar, caseId = spscatter+4096+sparse-uniform+density=0.01)

# Run progress: 64.10% complete, ETA 00:01:16
# Fork: 1 of 1
WARNING: A terminally deprecated method in sun.misc.Unsafe has been called
WARNING: sun.misc.Unsafe::objectFieldOffset has been called by org.openjdk.jmh.util.Utils (file:/home/rasmus/.gradle/caches/modules-2/files-2.1/org.openjdk.jmh/jmh-core/1.37/896f27e49105b35ea1964319c83d12082e7a79ef/jmh-core-1.37.jar)
WARNING: Please consider reporting this to the maintainers of class org.openjdk.jmh.util.Utils
WARNING: sun.misc.Unsafe::objectFieldOffset will be removed in a future release
# Warmup Iteration   1: 770.028 ns/op
# Warmup Iteration   2: 757.342 ns/op
# Warmup Iteration   3: 744.591 ns/op
Iteration   1: 741.935 ns/op
Iteration   2: 742.659 ns/op
Iteration   3: 751.656 ns/op
Iteration   4: 750.493 ns/op
Iteration   5: 747.285 ns/op


Result "com.eignex.koblas.bench.KoblasJmhBenchmark.run":
  746.806 ±(99.9%) 17.034 ns/op [Average]
  (min, avg, max) = (741.935, 746.806, 751.656), stdev = 4.424
  CI (99.9%): [729.771, 763.840] (assumes normal distribution)


# JMH version: 1.37
# VM version: JDK 25.0.1, OpenJDK 64-Bit Server VM, 25.0.1+8-LTS
# VM invoker: /home/rasmus/.gradle/jdks/eclipse_adoptium-25-amd64-linux.2/bin/java
# VM options: --enable-native-access=ALL-UNNAMED -Dfile.encoding=UTF-8 -Duser.country -Duser.language=en -Duser.variant -Dkoblas.bench.cases=/home/rasmus/.codex/worktrees/703f/koblas/koblas-bench/reports/f342c3192a41a07cf0454d7d4d5324f8289cc01329bcc9c990b986dcdd2f5922/20260911T153950Z-a038f25ac668/cases.txt
# Blackhole mode: compiler (auto-detected, use -Djmh.blackhole.autoDetect=false to disable)
# Warmup: 3 iterations, 200000000 ns each
# Measurement: 5 iterations, 200000000 ns each
# Timeout: 10 min per iteration
# Threads: 1 thread, will synchronize iterations
# Benchmark mode: Average time, time/op
# Benchmark: com.eignex.koblas.bench.KoblasJmhBenchmark.run
# Parameters: (benchmarkMode = jvm-scalar, caseId = spscatter-raw+64+sparse-uniform+density=0.125)

# Run progress: 64.96% complete, ETA 00:01:14
# Fork: 1 of 1
WARNING: A terminally deprecated method in sun.misc.Unsafe has been called
WARNING: sun.misc.Unsafe::objectFieldOffset has been called by org.openjdk.jmh.util.Utils (file:/home/rasmus/.gradle/caches/modules-2/files-2.1/org.openjdk.jmh/jmh-core/1.37/896f27e49105b35ea1964319c83d12082e7a79ef/jmh-core-1.37.jar)
WARNING: Please consider reporting this to the maintainers of class org.openjdk.jmh.util.Utils
WARNING: sun.misc.Unsafe::objectFieldOffset will be removed in a future release
# Warmup Iteration   1: 16.016 ns/op
# Warmup Iteration   2: 14.670 ns/op
# Warmup Iteration   3: 14.998 ns/op
Iteration   1: 15.283 ns/op
Iteration   2: 13.797 ns/op
Iteration   3: 14.703 ns/op
Iteration   4: 15.205 ns/op
Iteration   5: 15.224 ns/op


Result "com.eignex.koblas.bench.KoblasJmhBenchmark.run":
  14.842 ±(99.9%) 2.423 ns/op [Average]
  (min, avg, max) = (13.797, 14.842, 15.283), stdev = 0.629
  CI (99.9%): [12.419, 17.266] (assumes normal distribution)


# JMH version: 1.37
# VM version: JDK 25.0.1, OpenJDK 64-Bit Server VM, 25.0.1+8-LTS
# VM invoker: /home/rasmus/.gradle/jdks/eclipse_adoptium-25-amd64-linux.2/bin/java
# VM options: --enable-native-access=ALL-UNNAMED -Dfile.encoding=UTF-8 -Duser.country -Duser.language=en -Duser.variant -Dkoblas.bench.cases=/home/rasmus/.codex/worktrees/703f/koblas/koblas-bench/reports/f342c3192a41a07cf0454d7d4d5324f8289cc01329bcc9c990b986dcdd2f5922/20260911T153950Z-a038f25ac668/cases.txt
# Blackhole mode: compiler (auto-detected, use -Djmh.blackhole.autoDetect=false to disable)
# Warmup: 3 iterations, 200000000 ns each
# Measurement: 5 iterations, 200000000 ns each
# Timeout: 10 min per iteration
# Threads: 1 thread, will synchronize iterations
# Benchmark mode: Average time, time/op
# Benchmark: com.eignex.koblas.bench.KoblasJmhBenchmark.run
# Parameters: (benchmarkMode = jvm-scalar, caseId = spscatter-raw+4096+sparse-uniform+density=0.0625)

# Run progress: 65.81% complete, ETA 00:01:12
# Fork: 1 of 1
WARNING: A terminally deprecated method in sun.misc.Unsafe has been called
WARNING: sun.misc.Unsafe::objectFieldOffset has been called by org.openjdk.jmh.util.Utils (file:/home/rasmus/.gradle/caches/modules-2/files-2.1/org.openjdk.jmh/jmh-core/1.37/896f27e49105b35ea1964319c83d12082e7a79ef/jmh-core-1.37.jar)
WARNING: Please consider reporting this to the maintainers of class org.openjdk.jmh.util.Utils
WARNING: sun.misc.Unsafe::objectFieldOffset will be removed in a future release
# Warmup Iteration   1: 886.501 ns/op
# Warmup Iteration   2: 823.319 ns/op
# Warmup Iteration   3: 836.339 ns/op
Iteration   1: 781.559 ns/op
Iteration   2: 830.572 ns/op
Iteration   3: 840.369 ns/op
Iteration   4: 836.245 ns/op
Iteration   5: 839.040 ns/op


Result "com.eignex.koblas.bench.KoblasJmhBenchmark.run":
  825.557 ±(99.9%) 95.811 ns/op [Average]
  (min, avg, max) = (781.559, 825.557, 840.369), stdev = 24.882
  CI (99.9%): [729.746, 921.368] (assumes normal distribution)


# JMH version: 1.37
# VM version: JDK 25.0.1, OpenJDK 64-Bit Server VM, 25.0.1+8-LTS
# VM invoker: /home/rasmus/.gradle/jdks/eclipse_adoptium-25-amd64-linux.2/bin/java
# VM options: --enable-native-access=ALL-UNNAMED -Dfile.encoding=UTF-8 -Duser.country -Duser.language=en -Duser.variant -Dkoblas.bench.cases=/home/rasmus/.codex/worktrees/703f/koblas/koblas-bench/reports/f342c3192a41a07cf0454d7d4d5324f8289cc01329bcc9c990b986dcdd2f5922/20260911T153950Z-a038f25ac668/cases.txt
# Blackhole mode: compiler (auto-detected, use -Djmh.blackhole.autoDetect=false to disable)
# Warmup: 3 iterations, 200000000 ns each
# Measurement: 5 iterations, 200000000 ns each
# Timeout: 10 min per iteration
# Threads: 1 thread, will synchronize iterations
# Benchmark mode: Average time, time/op
# Benchmark: com.eignex.koblas.bench.KoblasJmhBenchmark.run
# Parameters: (benchmarkMode = jvm-scalar, caseId = spscatter-raw+65536+sparse-uniform+density=0.015625)

# Run progress: 66.67% complete, ETA 00:01:10
# Fork: 1 of 1
WARNING: A terminally deprecated method in sun.misc.Unsafe has been called
WARNING: sun.misc.Unsafe::objectFieldOffset has been called by org.openjdk.jmh.util.Utils (file:/home/rasmus/.gradle/caches/modules-2/files-2.1/org.openjdk.jmh/jmh-core/1.37/896f27e49105b35ea1964319c83d12082e7a79ef/jmh-core-1.37.jar)
WARNING: Please consider reporting this to the maintainers of class org.openjdk.jmh.util.Utils
WARNING: sun.misc.Unsafe::objectFieldOffset will be removed in a future release
# Warmup Iteration   1: 15490.234 ns/op
# Warmup Iteration   2: 13524.974 ns/op
# Warmup Iteration   3: 14001.973 ns/op
Iteration   1: 14364.920 ns/op
Iteration   2: 14794.287 ns/op
Iteration   3: 14433.765 ns/op
Iteration   4: 14308.867 ns/op
Iteration   5: 14447.225 ns/op


Result "com.eignex.koblas.bench.KoblasJmhBenchmark.run":
  14469.813 ±(99.9%) 730.607 ns/op [Average]
  (min, avg, max) = (14308.867, 14469.813, 14794.287), stdev = 189.736
  CI (99.9%): [13739.206, 15200.420] (assumes normal distribution)


# JMH version: 1.37
# VM version: JDK 25.0.1, OpenJDK 64-Bit Server VM, 25.0.1+8-LTS
# VM invoker: /home/rasmus/.gradle/jdks/eclipse_adoptium-25-amd64-linux.2/bin/java
# VM options: --enable-native-access=ALL-UNNAMED -Dfile.encoding=UTF-8 -Duser.country -Duser.language=en -Duser.variant -Dkoblas.bench.cases=/home/rasmus/.codex/worktrees/703f/koblas/koblas-bench/reports/f342c3192a41a07cf0454d7d4d5324f8289cc01329bcc9c990b986dcdd2f5922/20260911T153950Z-a038f25ac668/cases.txt
# Blackhole mode: compiler (auto-detected, use -Djmh.blackhole.autoDetect=false to disable)
# Warmup: 3 iterations, 200000000 ns each
# Measurement: 5 iterations, 200000000 ns each
# Timeout: 10 min per iteration
# Threads: 1 thread, will synchronize iterations
# Benchmark mode: Average time, time/op
# Benchmark: com.eignex.koblas.bench.KoblasJmhBenchmark.run
# Parameters: (benchmarkMode = jvm-scalar, caseId = spscatter-raw+262144+sparse-uniform+density=0.03125)

# Run progress: 67.52% complete, ETA 00:01:08
# Fork: 1 of 1
WARNING: A terminally deprecated method in sun.misc.Unsafe has been called
WARNING: sun.misc.Unsafe::objectFieldOffset has been called by org.openjdk.jmh.util.Utils (file:/home/rasmus/.gradle/caches/modules-2/files-2.1/org.openjdk.jmh/jmh-core/1.37/896f27e49105b35ea1964319c83d12082e7a79ef/jmh-core-1.37.jar)
WARNING: Please consider reporting this to the maintainers of class org.openjdk.jmh.util.Utils
WARNING: sun.misc.Unsafe::objectFieldOffset will be removed in a future release
# Warmup Iteration   1: 114624.942 ns/op
# Warmup Iteration   2: 106460.805 ns/op
# Warmup Iteration   3: 113615.882 ns/op
Iteration   1: 111818.728 ns/op
Iteration   2: 111852.688 ns/op
Iteration   3: 112502.723 ns/op
Iteration   4: 111814.663 ns/op
Iteration   5: 109626.229 ns/op


Result "com.eignex.koblas.bench.KoblasJmhBenchmark.run":
  111523.006 ±(99.9%) 4235.189 ns/op [Average]
  (min, avg, max) = (109626.229, 111523.006, 112502.723), stdev = 1099.865
  CI (99.9%): [107287.817, 115758.195] (assumes normal distribution)


# JMH version: 1.37
# VM version: JDK 25.0.1, OpenJDK 64-Bit Server VM, 25.0.1+8-LTS
# VM invoker: /home/rasmus/.gradle/jdks/eclipse_adoptium-25-amd64-linux.2/bin/java
# VM options: --enable-native-access=ALL-UNNAMED -Dfile.encoding=UTF-8 -Duser.country -Duser.language=en -Duser.variant -Dkoblas.bench.cases=/home/rasmus/.codex/worktrees/703f/koblas/koblas-bench/reports/f342c3192a41a07cf0454d7d4d5324f8289cc01329bcc9c990b986dcdd2f5922/20260911T153950Z-a038f25ac668/cases.txt
# Blackhole mode: compiler (auto-detected, use -Djmh.blackhole.autoDetect=false to disable)
# Warmup: 3 iterations, 200000000 ns each
# Measurement: 5 iterations, 200000000 ns each
# Timeout: 10 min per iteration
# Threads: 1 thread, will synchronize iterations
# Benchmark mode: Average time, time/op
# Benchmark: com.eignex.koblas.bench.KoblasJmhBenchmark.run
# Parameters: (benchmarkMode = jvm-scalar, caseId = spgather+4096+sparse-uniform+density=0.01)

# Run progress: 68.38% complete, ETA 00:01:07
# Fork: 1 of 1
WARNING: A terminally deprecated method in sun.misc.Unsafe has been called
WARNING: sun.misc.Unsafe::objectFieldOffset has been called by org.openjdk.jmh.util.Utils (file:/home/rasmus/.gradle/caches/modules-2/files-2.1/org.openjdk.jmh/jmh-core/1.37/896f27e49105b35ea1964319c83d12082e7a79ef/jmh-core-1.37.jar)
WARNING: Please consider reporting this to the maintainers of class org.openjdk.jmh.util.Utils
WARNING: sun.misc.Unsafe::objectFieldOffset will be removed in a future release
# Warmup Iteration   1: 848.074 ns/op
# Warmup Iteration   2: 817.936 ns/op
# Warmup Iteration   3: 810.482 ns/op
Iteration   1: 820.576 ns/op
Iteration   2: 808.507 ns/op
Iteration   3: 806.942 ns/op
Iteration   4: 813.831 ns/op
Iteration   5: 806.394 ns/op


Result "com.eignex.koblas.bench.KoblasJmhBenchmark.run":
  811.250 ±(99.9%) 23.047 ns/op [Average]
  (min, avg, max) = (806.394, 811.250, 820.576), stdev = 5.985
  CI (99.9%): [788.202, 834.297] (assumes normal distribution)


# JMH version: 1.37
# VM version: JDK 25.0.1, OpenJDK 64-Bit Server VM, 25.0.1+8-LTS
# VM invoker: /home/rasmus/.gradle/jdks/eclipse_adoptium-25-amd64-linux.2/bin/java
# VM options: --enable-native-access=ALL-UNNAMED -Dfile.encoding=UTF-8 -Duser.country -Duser.language=en -Duser.variant -Dkoblas.bench.cases=/home/rasmus/.codex/worktrees/703f/koblas/koblas-bench/reports/f342c3192a41a07cf0454d7d4d5324f8289cc01329bcc9c990b986dcdd2f5922/20260911T153950Z-a038f25ac668/cases.txt
# Blackhole mode: compiler (auto-detected, use -Djmh.blackhole.autoDetect=false to disable)
# Warmup: 3 iterations, 200000000 ns each
# Measurement: 5 iterations, 200000000 ns each
# Timeout: 10 min per iteration
# Threads: 1 thread, will synchronize iterations
# Benchmark mode: Average time, time/op
# Benchmark: com.eignex.koblas.bench.KoblasJmhBenchmark.run
# Parameters: (benchmarkMode = jvm-scalar, caseId = spgather-zero+4096+sparse-uniform+density=0.01)

# Run progress: 69.23% complete, ETA 00:01:05
# Fork: 1 of 1
WARNING: A terminally deprecated method in sun.misc.Unsafe has been called
WARNING: sun.misc.Unsafe::objectFieldOffset has been called by org.openjdk.jmh.util.Utils (file:/home/rasmus/.gradle/caches/modules-2/files-2.1/org.openjdk.jmh/jmh-core/1.37/896f27e49105b35ea1964319c83d12082e7a79ef/jmh-core-1.37.jar)
WARNING: Please consider reporting this to the maintainers of class org.openjdk.jmh.util.Utils
WARNING: sun.misc.Unsafe::objectFieldOffset will be removed in a future release
# Warmup Iteration   1: 790.605 ns/op
# Warmup Iteration   2: 787.657 ns/op
# Warmup Iteration   3: 775.650 ns/op
Iteration   1: 799.003 ns/op
Iteration   2: 751.384 ns/op
Iteration   3: 773.308 ns/op
Iteration   4: 813.746 ns/op
Iteration   5: 815.928 ns/op


Result "com.eignex.koblas.bench.KoblasJmhBenchmark.run":
  790.674 ±(99.9%) 106.934 ns/op [Average]
  (min, avg, max) = (751.384, 790.674, 815.928), stdev = 27.770
  CI (99.9%): [683.740, 897.608] (assumes normal distribution)


# JMH version: 1.37
# VM version: JDK 25.0.1, OpenJDK 64-Bit Server VM, 25.0.1+8-LTS
# VM invoker: /home/rasmus/.gradle/jdks/eclipse_adoptium-25-amd64-linux.2/bin/java
# VM options: --enable-native-access=ALL-UNNAMED -Dfile.encoding=UTF-8 -Duser.country -Duser.language=en -Duser.variant -Dkoblas.bench.cases=/home/rasmus/.codex/worktrees/703f/koblas/koblas-bench/reports/f342c3192a41a07cf0454d7d4d5324f8289cc01329bcc9c990b986dcdd2f5922/20260911T153950Z-a038f25ac668/cases.txt
# Blackhole mode: compiler (auto-detected, use -Djmh.blackhole.autoDetect=false to disable)
# Warmup: 3 iterations, 200000000 ns each
# Measurement: 5 iterations, 200000000 ns each
# Timeout: 10 min per iteration
# Threads: 1 thread, will synchronize iterations
# Benchmark mode: Average time, time/op
# Benchmark: com.eignex.koblas.bench.KoblasJmhBenchmark.run
# Parameters: (benchmarkMode = jvm-scalar, caseId = spgemv+257x129+sparse-uniform+density=0.01+mode=prepared)

# Run progress: 70.09% complete, ETA 00:01:03
# Fork: 1 of 1
WARNING: A terminally deprecated method in sun.misc.Unsafe has been called
WARNING: sun.misc.Unsafe::objectFieldOffset has been called by org.openjdk.jmh.util.Utils (file:/home/rasmus/.gradle/caches/modules-2/files-2.1/org.openjdk.jmh/jmh-core/1.37/896f27e49105b35ea1964319c83d12082e7a79ef/jmh-core-1.37.jar)
WARNING: Please consider reporting this to the maintainers of class org.openjdk.jmh.util.Utils
WARNING: sun.misc.Unsafe::objectFieldOffset will be removed in a future release
# Warmup Iteration   1: 556.961 ns/op
# Warmup Iteration   2: 487.975 ns/op
# Warmup Iteration   3: 480.855 ns/op
Iteration   1: 477.522 ns/op
Iteration   2: 427.763 ns/op
Iteration   3: 435.833 ns/op
Iteration   4: 429.611 ns/op
Iteration   5: 462.490 ns/op


Result "com.eignex.koblas.bench.KoblasJmhBenchmark.run":
  446.644 ±(99.9%) 85.413 ns/op [Average]
  (min, avg, max) = (427.763, 446.644, 477.522), stdev = 22.181
  CI (99.9%): [361.231, 532.056] (assumes normal distribution)


# JMH version: 1.37
# VM version: JDK 25.0.1, OpenJDK 64-Bit Server VM, 25.0.1+8-LTS
# VM invoker: /home/rasmus/.gradle/jdks/eclipse_adoptium-25-amd64-linux.2/bin/java
# VM options: --enable-native-access=ALL-UNNAMED -Dfile.encoding=UTF-8 -Duser.country -Duser.language=en -Duser.variant -Dkoblas.bench.cases=/home/rasmus/.codex/worktrees/703f/koblas/koblas-bench/reports/f342c3192a41a07cf0454d7d4d5324f8289cc01329bcc9c990b986dcdd2f5922/20260911T153950Z-a038f25ac668/cases.txt
# Blackhole mode: compiler (auto-detected, use -Djmh.blackhole.autoDetect=false to disable)
# Warmup: 3 iterations, 200000000 ns each
# Measurement: 5 iterations, 200000000 ns each
# Timeout: 10 min per iteration
# Threads: 1 thread, will synchronize iterations
# Benchmark mode: Average time, time/op
# Benchmark: com.eignex.koblas.bench.KoblasJmhBenchmark.run
# Parameters: (benchmarkMode = jvm-scalar, caseId = spgemv+257x129+sparse-uniform+density=0.01+mode=oneshot)

# Run progress: 70.94% complete, ETA 00:01:01
# Fork: 1 of 1
WARNING: A terminally deprecated method in sun.misc.Unsafe has been called
WARNING: sun.misc.Unsafe::objectFieldOffset has been called by org.openjdk.jmh.util.Utils (file:/home/rasmus/.gradle/caches/modules-2/files-2.1/org.openjdk.jmh/jmh-core/1.37/896f27e49105b35ea1964319c83d12082e7a79ef/jmh-core-1.37.jar)
WARNING: Please consider reporting this to the maintainers of class org.openjdk.jmh.util.Utils
WARNING: sun.misc.Unsafe::objectFieldOffset will be removed in a future release
# Warmup Iteration   1: 657.075 ns/op
# Warmup Iteration   2: 431.533 ns/op
# Warmup Iteration   3: 428.265 ns/op
Iteration   1: 424.979 ns/op
Iteration   2: 428.929 ns/op
Iteration   3: 426.614 ns/op
Iteration   4: 427.751 ns/op
Iteration   5: 430.412 ns/op


Result "com.eignex.koblas.bench.KoblasJmhBenchmark.run":
  427.737 ±(99.9%) 8.041 ns/op [Average]
  (min, avg, max) = (424.979, 427.737, 430.412), stdev = 2.088
  CI (99.9%): [419.696, 435.778] (assumes normal distribution)


# JMH version: 1.37
# VM version: JDK 25.0.1, OpenJDK 64-Bit Server VM, 25.0.1+8-LTS
# VM invoker: /home/rasmus/.gradle/jdks/eclipse_adoptium-25-amd64-linux.2/bin/java
# VM options: --enable-native-access=ALL-UNNAMED -Dfile.encoding=UTF-8 -Duser.country -Duser.language=en -Duser.variant -Dkoblas.bench.cases=/home/rasmus/.codex/worktrees/703f/koblas/koblas-bench/reports/f342c3192a41a07cf0454d7d4d5324f8289cc01329bcc9c990b986dcdd2f5922/20260911T153950Z-a038f25ac668/cases.txt
# Blackhole mode: compiler (auto-detected, use -Djmh.blackhole.autoDetect=false to disable)
# Warmup: 3 iterations, 200000000 ns each
# Measurement: 5 iterations, 200000000 ns each
# Timeout: 10 min per iteration
# Threads: 1 thread, will synchronize iterations
# Benchmark mode: Average time, time/op
# Benchmark: com.eignex.koblas.bench.KoblasJmhBenchmark.run
# Parameters: (benchmarkMode = jvm-scalar, caseId = spmm+257x8x129+sparse-uniform+density=0.01+mode=prepared)

# Run progress: 71.79% complete, ETA 00:00:59
# Fork: 1 of 1
WARNING: A terminally deprecated method in sun.misc.Unsafe has been called
WARNING: sun.misc.Unsafe::objectFieldOffset has been called by org.openjdk.jmh.util.Utils (file:/home/rasmus/.gradle/caches/modules-2/files-2.1/org.openjdk.jmh/jmh-core/1.37/896f27e49105b35ea1964319c83d12082e7a79ef/jmh-core-1.37.jar)
WARNING: Please consider reporting this to the maintainers of class org.openjdk.jmh.util.Utils
WARNING: sun.misc.Unsafe::objectFieldOffset will be removed in a future release
# Warmup Iteration   1: 4429.879 ns/op
# Warmup Iteration   2: 3726.278 ns/op
# Warmup Iteration   3: 3780.404 ns/op
Iteration   1: 3883.824 ns/op
Iteration   2: 3909.791 ns/op
Iteration   3: 3863.878 ns/op
Iteration   4: 3850.011 ns/op
Iteration   5: 3871.996 ns/op


Result "com.eignex.koblas.bench.KoblasJmhBenchmark.run":
  3875.900 ±(99.9%) 86.989 ns/op [Average]
  (min, avg, max) = (3850.011, 3875.900, 3909.791), stdev = 22.591
  CI (99.9%): [3788.911, 3962.889] (assumes normal distribution)


# JMH version: 1.37
# VM version: JDK 25.0.1, OpenJDK 64-Bit Server VM, 25.0.1+8-LTS
# VM invoker: /home/rasmus/.gradle/jdks/eclipse_adoptium-25-amd64-linux.2/bin/java
# VM options: --enable-native-access=ALL-UNNAMED -Dfile.encoding=UTF-8 -Duser.country -Duser.language=en -Duser.variant -Dkoblas.bench.cases=/home/rasmus/.codex/worktrees/703f/koblas/koblas-bench/reports/f342c3192a41a07cf0454d7d4d5324f8289cc01329bcc9c990b986dcdd2f5922/20260911T153950Z-a038f25ac668/cases.txt
# Blackhole mode: compiler (auto-detected, use -Djmh.blackhole.autoDetect=false to disable)
# Warmup: 3 iterations, 200000000 ns each
# Measurement: 5 iterations, 200000000 ns each
# Timeout: 10 min per iteration
# Threads: 1 thread, will synchronize iterations
# Benchmark mode: Average time, time/op
# Benchmark: com.eignex.koblas.bench.KoblasJmhBenchmark.run
# Parameters: (benchmarkMode = jvm-scalar, caseId = spmm+257x8x129+sparse-uniform+density=0.01+mode=oneshot)

# Run progress: 72.65% complete, ETA 00:00:58
# Fork: 1 of 1
WARNING: A terminally deprecated method in sun.misc.Unsafe has been called
WARNING: sun.misc.Unsafe::objectFieldOffset has been called by org.openjdk.jmh.util.Utils (file:/home/rasmus/.gradle/caches/modules-2/files-2.1/org.openjdk.jmh/jmh-core/1.37/896f27e49105b35ea1964319c83d12082e7a79ef/jmh-core-1.37.jar)
WARNING: Please consider reporting this to the maintainers of class org.openjdk.jmh.util.Utils
WARNING: sun.misc.Unsafe::objectFieldOffset will be removed in a future release
# Warmup Iteration   1: 3506.355 ns/op
# Warmup Iteration   2: 3305.765 ns/op
# Warmup Iteration   3: 3374.045 ns/op
Iteration   1: 3362.170 ns/op
Iteration   2: 3335.349 ns/op
Iteration   3: 3354.689 ns/op
Iteration   4: 3307.440 ns/op
Iteration   5: 3342.183 ns/op


Result "com.eignex.koblas.bench.KoblasJmhBenchmark.run":
  3340.366 ±(99.9%) 81.530 ns/op [Average]
  (min, avg, max) = (3307.440, 3340.366, 3362.170), stdev = 21.173
  CI (99.9%): [3258.836, 3421.896] (assumes normal distribution)


# JMH version: 1.37
# VM version: JDK 25.0.1, OpenJDK 64-Bit Server VM, 25.0.1+8-LTS
# VM invoker: /home/rasmus/.gradle/jdks/eclipse_adoptium-25-amd64-linux.2/bin/java
# VM options: --enable-native-access=ALL-UNNAMED -Dfile.encoding=UTF-8 -Duser.country -Duser.language=en -Duser.variant -Dkoblas.bench.cases=/home/rasmus/.codex/worktrees/703f/koblas/koblas-bench/reports/f342c3192a41a07cf0454d7d4d5324f8289cc01329bcc9c990b986dcdd2f5922/20260911T153950Z-a038f25ac668/cases.txt
# Blackhole mode: compiler (auto-detected, use -Djmh.blackhole.autoDetect=false to disable)
# Warmup: 3 iterations, 200000000 ns each
# Measurement: 5 iterations, 200000000 ns each
# Timeout: 10 min per iteration
# Threads: 1 thread, will synchronize iterations
# Benchmark mode: Average time, time/op
# Benchmark: com.eignex.koblas.bench.KoblasJmhBenchmark.run
# Parameters: (benchmarkMode = jvm-scalar, caseId = spgemm+129x97x65+sparse-uniform+density=0.01+mode=prepared)

# Run progress: 73.50% complete, ETA 00:00:56
# Fork: 1 of 1
WARNING: A terminally deprecated method in sun.misc.Unsafe has been called
WARNING: sun.misc.Unsafe::objectFieldOffset has been called by org.openjdk.jmh.util.Utils (file:/home/rasmus/.gradle/caches/modules-2/files-2.1/org.openjdk.jmh/jmh-core/1.37/896f27e49105b35ea1964319c83d12082e7a79ef/jmh-core-1.37.jar)
WARNING: Please consider reporting this to the maintainers of class org.openjdk.jmh.util.Utils
WARNING: sun.misc.Unsafe::objectFieldOffset will be removed in a future release
# Warmup Iteration   1: 3100.740 ns/op
# Warmup Iteration   2: 1793.370 ns/op
# Warmup Iteration   3: 1537.353 ns/op
Iteration   1: 1422.826 ns/op
Iteration   2: 1424.457 ns/op
Iteration   3: 1439.384 ns/op
Iteration   4: 1427.183 ns/op
Iteration   5: 1437.946 ns/op


Result "com.eignex.koblas.bench.KoblasJmhBenchmark.run":
  1430.359 ±(99.9%) 29.870 ns/op [Average]
  (min, avg, max) = (1422.826, 1430.359, 1439.384), stdev = 7.757
  CI (99.9%): [1400.489, 1460.229] (assumes normal distribution)


# JMH version: 1.37
# VM version: JDK 25.0.1, OpenJDK 64-Bit Server VM, 25.0.1+8-LTS
# VM invoker: /home/rasmus/.gradle/jdks/eclipse_adoptium-25-amd64-linux.2/bin/java
# VM options: --enable-native-access=ALL-UNNAMED -Dfile.encoding=UTF-8 -Duser.country -Duser.language=en -Duser.variant -Dkoblas.bench.cases=/home/rasmus/.codex/worktrees/703f/koblas/koblas-bench/reports/f342c3192a41a07cf0454d7d4d5324f8289cc01329bcc9c990b986dcdd2f5922/20260911T153950Z-a038f25ac668/cases.txt
# Blackhole mode: compiler (auto-detected, use -Djmh.blackhole.autoDetect=false to disable)
# Warmup: 3 iterations, 200000000 ns each
# Measurement: 5 iterations, 200000000 ns each
# Timeout: 10 min per iteration
# Threads: 1 thread, will synchronize iterations
# Benchmark mode: Average time, time/op
# Benchmark: com.eignex.koblas.bench.KoblasJmhBenchmark.run
# Parameters: (benchmarkMode = jvm-scalar, caseId = spgemm+129x97x65+sparse-uniform+density=0.01+mode=oneshot)

# Run progress: 74.36% complete, ETA 00:00:54
# Fork: 1 of 1
WARNING: A terminally deprecated method in sun.misc.Unsafe has been called
WARNING: sun.misc.Unsafe::objectFieldOffset has been called by org.openjdk.jmh.util.Utils (file:/home/rasmus/.gradle/caches/modules-2/files-2.1/org.openjdk.jmh/jmh-core/1.37/896f27e49105b35ea1964319c83d12082e7a79ef/jmh-core-1.37.jar)
WARNING: Please consider reporting this to the maintainers of class org.openjdk.jmh.util.Utils
WARNING: sun.misc.Unsafe::objectFieldOffset will be removed in a future release
# Warmup Iteration   1: 2761.622 ns/op
# Warmup Iteration   2: 1718.003 ns/op
# Warmup Iteration   3: 1346.927 ns/op
Iteration   1: 1323.421 ns/op
Iteration   2: 1347.080 ns/op
Iteration   3: 1405.855 ns/op
Iteration   4: 1441.569 ns/op
Iteration   5: 1844.806 ns/op


Result "com.eignex.koblas.bench.KoblasJmhBenchmark.run":
  1472.546 ±(99.9%) 821.290 ns/op [Average]
  (min, avg, max) = (1323.421, 1472.546, 1844.806), stdev = 213.286
  CI (99.9%): [651.256, 2293.836] (assumes normal distribution)


# JMH version: 1.37
# VM version: JDK 25.0.1, OpenJDK 64-Bit Server VM, 25.0.1+8-LTS
# VM invoker: /home/rasmus/.gradle/jdks/eclipse_adoptium-25-amd64-linux.2/bin/java
# VM options: --enable-native-access=ALL-UNNAMED -Dfile.encoding=UTF-8 -Duser.country -Duser.language=en -Duser.variant -Dkoblas.bench.cases=/home/rasmus/.codex/worktrees/703f/koblas/koblas-bench/reports/f342c3192a41a07cf0454d7d4d5324f8289cc01329bcc9c990b986dcdd2f5922/20260911T153950Z-a038f25ac668/cases.txt
# Blackhole mode: compiler (auto-detected, use -Djmh.blackhole.autoDetect=false to disable)
# Warmup: 3 iterations, 200000000 ns each
# Measurement: 5 iterations, 200000000 ns each
# Timeout: 10 min per iteration
# Threads: 1 thread, will synchronize iterations
# Benchmark mode: Average time, time/op
# Benchmark: com.eignex.koblas.bench.KoblasJmhBenchmark.run
# Parameters: (benchmarkMode = jvm-scalar, caseId = spsymv+129+sparse-triangular+density=0.02+mode=oneshot+uplo=L)

# Run progress: 75.21% complete, ETA 00:00:52
# Fork: 1 of 1
WARNING: A terminally deprecated method in sun.misc.Unsafe has been called
WARNING: sun.misc.Unsafe::objectFieldOffset has been called by org.openjdk.jmh.util.Utils (file:/home/rasmus/.gradle/caches/modules-2/files-2.1/org.openjdk.jmh/jmh-core/1.37/896f27e49105b35ea1964319c83d12082e7a79ef/jmh-core-1.37.jar)
WARNING: Please consider reporting this to the maintainers of class org.openjdk.jmh.util.Utils
WARNING: sun.misc.Unsafe::objectFieldOffset will be removed in a future release
# Warmup Iteration   1: 618.900 ns/op
# Warmup Iteration   2: 556.477 ns/op
# Warmup Iteration   3: 543.858 ns/op
Iteration   1: 522.297 ns/op
Iteration   2: 523.001 ns/op
Iteration   3: 533.807 ns/op
Iteration   4: 535.008 ns/op
Iteration   5: 535.413 ns/op


Result "com.eignex.koblas.bench.KoblasJmhBenchmark.run":
  529.905 ±(99.9%) 25.625 ns/op [Average]
  (min, avg, max) = (522.297, 529.905, 535.413), stdev = 6.655
  CI (99.9%): [504.280, 555.531] (assumes normal distribution)


# JMH version: 1.37
# VM version: JDK 25.0.1, OpenJDK 64-Bit Server VM, 25.0.1+8-LTS
# VM invoker: /home/rasmus/.gradle/jdks/eclipse_adoptium-25-amd64-linux.2/bin/java
# VM options: --enable-native-access=ALL-UNNAMED -Dfile.encoding=UTF-8 -Duser.country -Duser.language=en -Duser.variant -Dkoblas.bench.cases=/home/rasmus/.codex/worktrees/703f/koblas/koblas-bench/reports/f342c3192a41a07cf0454d7d4d5324f8289cc01329bcc9c990b986dcdd2f5922/20260911T153950Z-a038f25ac668/cases.txt
# Blackhole mode: compiler (auto-detected, use -Djmh.blackhole.autoDetect=false to disable)
# Warmup: 3 iterations, 200000000 ns each
# Measurement: 5 iterations, 200000000 ns each
# Timeout: 10 min per iteration
# Threads: 1 thread, will synchronize iterations
# Benchmark mode: Average time, time/op
# Benchmark: com.eignex.koblas.bench.KoblasJmhBenchmark.run
# Parameters: (benchmarkMode = jvm-scalar, caseId = spsymm+129x8+sparse-triangular+density=0.02+mode=oneshot+side=L+uplo=L)

# Run progress: 76.07% complete, ETA 00:00:50
# Fork: 1 of 1
WARNING: A terminally deprecated method in sun.misc.Unsafe has been called
WARNING: sun.misc.Unsafe::objectFieldOffset has been called by org.openjdk.jmh.util.Utils (file:/home/rasmus/.gradle/caches/modules-2/files-2.1/org.openjdk.jmh/jmh-core/1.37/896f27e49105b35ea1964319c83d12082e7a79ef/jmh-core-1.37.jar)
WARNING: Please consider reporting this to the maintainers of class org.openjdk.jmh.util.Utils
WARNING: sun.misc.Unsafe::objectFieldOffset will be removed in a future release
# Warmup Iteration   1: 3896.369 ns/op
# Warmup Iteration   2: 3076.430 ns/op
# Warmup Iteration   3: 3340.031 ns/op
Iteration   1: 3415.586 ns/op
Iteration   2: 3051.567 ns/op
Iteration   3: 3153.024 ns/op
Iteration   4: 3140.393 ns/op
Iteration   5: 3160.672 ns/op


Result "com.eignex.koblas.bench.KoblasJmhBenchmark.run":
  3184.248 ±(99.9%) 525.778 ns/op [Average]
  (min, avg, max) = (3051.567, 3184.248, 3415.586), stdev = 136.543
  CI (99.9%): [2658.471, 3710.026] (assumes normal distribution)


# JMH version: 1.37
# VM version: JDK 25.0.1, OpenJDK 64-Bit Server VM, 25.0.1+8-LTS
# VM invoker: /home/rasmus/.gradle/jdks/eclipse_adoptium-25-amd64-linux.2/bin/java
# VM options: --enable-native-access=ALL-UNNAMED -Dfile.encoding=UTF-8 -Duser.country -Duser.language=en -Duser.variant -Dkoblas.bench.cases=/home/rasmus/.codex/worktrees/703f/koblas/koblas-bench/reports/f342c3192a41a07cf0454d7d4d5324f8289cc01329bcc9c990b986dcdd2f5922/20260911T153950Z-a038f25ac668/cases.txt
# Blackhole mode: compiler (auto-detected, use -Djmh.blackhole.autoDetect=false to disable)
# Warmup: 3 iterations, 200000000 ns each
# Measurement: 5 iterations, 200000000 ns each
# Timeout: 10 min per iteration
# Threads: 1 thread, will synchronize iterations
# Benchmark mode: Average time, time/op
# Benchmark: com.eignex.koblas.bench.KoblasJmhBenchmark.run
# Parameters: (benchmarkMode = jvm-scalar, caseId = sptrsv+129+sparse-triangular+density=0.02+mode=oneshot+uplo=L+transA=N+diag=N)

# Run progress: 76.92% complete, ETA 00:00:49
# Fork: 1 of 1
WARNING: A terminally deprecated method in sun.misc.Unsafe has been called
WARNING: sun.misc.Unsafe::objectFieldOffset has been called by org.openjdk.jmh.util.Utils (file:/home/rasmus/.gradle/caches/modules-2/files-2.1/org.openjdk.jmh/jmh-core/1.37/896f27e49105b35ea1964319c83d12082e7a79ef/jmh-core-1.37.jar)
WARNING: Please consider reporting this to the maintainers of class org.openjdk.jmh.util.Utils
WARNING: sun.misc.Unsafe::objectFieldOffset will be removed in a future release
# Warmup Iteration   1: 692.509 ns/op
# Warmup Iteration   2: 631.794 ns/op
# Warmup Iteration   3: 618.426 ns/op
Iteration   1: 614.813 ns/op
Iteration   2: 616.081 ns/op
Iteration   3: 621.794 ns/op
Iteration   4: 618.980 ns/op
Iteration   5: 619.490 ns/op


Result "com.eignex.koblas.bench.KoblasJmhBenchmark.run":
  618.231 ±(99.9%) 10.745 ns/op [Average]
  (min, avg, max) = (614.813, 618.231, 621.794), stdev = 2.791
  CI (99.9%): [607.486, 628.977] (assumes normal distribution)


# JMH version: 1.37
# VM version: JDK 25.0.1, OpenJDK 64-Bit Server VM, 25.0.1+8-LTS
# VM invoker: /home/rasmus/.gradle/jdks/eclipse_adoptium-25-amd64-linux.2/bin/java
# VM options: --enable-native-access=ALL-UNNAMED -Dfile.encoding=UTF-8 -Duser.country -Duser.language=en -Duser.variant -Dkoblas.bench.cases=/home/rasmus/.codex/worktrees/703f/koblas/koblas-bench/reports/f342c3192a41a07cf0454d7d4d5324f8289cc01329bcc9c990b986dcdd2f5922/20260911T153950Z-a038f25ac668/cases.txt
# Blackhole mode: compiler (auto-detected, use -Djmh.blackhole.autoDetect=false to disable)
# Warmup: 3 iterations, 200000000 ns each
# Measurement: 5 iterations, 200000000 ns each
# Timeout: 10 min per iteration
# Threads: 1 thread, will synchronize iterations
# Benchmark mode: Average time, time/op
# Benchmark: com.eignex.koblas.bench.KoblasJmhBenchmark.run
# Parameters: (benchmarkMode = jvm-scalar, caseId = sptrmv+129+sparse-triangular+density=0.02+mode=oneshot+uplo=U+transA=T+diag=U)

# Run progress: 77.78% complete, ETA 00:00:47
# Fork: 1 of 1
WARNING: A terminally deprecated method in sun.misc.Unsafe has been called
WARNING: sun.misc.Unsafe::objectFieldOffset has been called by org.openjdk.jmh.util.Utils (file:/home/rasmus/.gradle/caches/modules-2/files-2.1/org.openjdk.jmh/jmh-core/1.37/896f27e49105b35ea1964319c83d12082e7a79ef/jmh-core-1.37.jar)
WARNING: Please consider reporting this to the maintainers of class org.openjdk.jmh.util.Utils
WARNING: sun.misc.Unsafe::objectFieldOffset will be removed in a future release
# Warmup Iteration   1: 395.136 ns/op
# Warmup Iteration   2: 368.926 ns/op
# Warmup Iteration   3: 367.821 ns/op
Iteration   1: 368.803 ns/op
Iteration   2: 367.494 ns/op
Iteration   3: 367.324 ns/op
Iteration   4: 359.424 ns/op
Iteration   5: 367.894 ns/op


Result "com.eignex.koblas.bench.KoblasJmhBenchmark.run":
  366.188 ±(99.9%) 14.726 ns/op [Average]
  (min, avg, max) = (359.424, 366.188, 368.803), stdev = 3.824
  CI (99.9%): [351.462, 380.914] (assumes normal distribution)


# JMH version: 1.37
# VM version: JDK 25.0.1, OpenJDK 64-Bit Server VM, 25.0.1+8-LTS
# VM invoker: /home/rasmus/.gradle/jdks/eclipse_adoptium-25-amd64-linux.2/bin/java
# VM options: --enable-native-access=ALL-UNNAMED -Dfile.encoding=UTF-8 -Duser.country -Duser.language=en -Duser.variant -Dkoblas.bench.cases=/home/rasmus/.codex/worktrees/703f/koblas/koblas-bench/reports/f342c3192a41a07cf0454d7d4d5324f8289cc01329bcc9c990b986dcdd2f5922/20260911T153950Z-a038f25ac668/cases.txt
# Blackhole mode: compiler (auto-detected, use -Djmh.blackhole.autoDetect=false to disable)
# Warmup: 3 iterations, 200000000 ns each
# Measurement: 5 iterations, 200000000 ns each
# Timeout: 10 min per iteration
# Threads: 1 thread, will synchronize iterations
# Benchmark mode: Average time, time/op
# Benchmark: com.eignex.koblas.bench.KoblasJmhBenchmark.run
# Parameters: (benchmarkMode = jvm-scalar, caseId = sptrsm+129x8+sparse-triangular+density=0.02+mode=oneshot+side=L+uplo=L+transA=N+diag=N)

# Run progress: 78.63% complete, ETA 00:00:45
# Fork: 1 of 1
WARNING: A terminally deprecated method in sun.misc.Unsafe has been called
WARNING: sun.misc.Unsafe::objectFieldOffset has been called by org.openjdk.jmh.util.Utils (file:/home/rasmus/.gradle/caches/modules-2/files-2.1/org.openjdk.jmh/jmh-core/1.37/896f27e49105b35ea1964319c83d12082e7a79ef/jmh-core-1.37.jar)
WARNING: Please consider reporting this to the maintainers of class org.openjdk.jmh.util.Utils
WARNING: sun.misc.Unsafe::objectFieldOffset will be removed in a future release
# Warmup Iteration   1: 5777.041 ns/op
# Warmup Iteration   2: 4785.477 ns/op
# Warmup Iteration   3: 5038.078 ns/op
Iteration   1: 5036.993 ns/op
Iteration   2: 5017.096 ns/op
Iteration   3: 5054.787 ns/op
Iteration   4: 5022.021 ns/op
Iteration   5: 5051.735 ns/op


Result "com.eignex.koblas.bench.KoblasJmhBenchmark.run":
  5036.527 ±(99.9%) 65.374 ns/op [Average]
  (min, avg, max) = (5017.096, 5036.527, 5054.787), stdev = 16.977
  CI (99.9%): [4971.153, 5101.900] (assumes normal distribution)


# JMH version: 1.37
# VM version: JDK 25.0.1, OpenJDK 64-Bit Server VM, 25.0.1+8-LTS
# VM invoker: /home/rasmus/.gradle/jdks/eclipse_adoptium-25-amd64-linux.2/bin/java
# VM options: --enable-native-access=ALL-UNNAMED -Dfile.encoding=UTF-8 -Duser.country -Duser.language=en -Duser.variant -Dkoblas.bench.cases=/home/rasmus/.codex/worktrees/703f/koblas/koblas-bench/reports/f342c3192a41a07cf0454d7d4d5324f8289cc01329bcc9c990b986dcdd2f5922/20260911T153950Z-a038f25ac668/cases.txt
# Blackhole mode: compiler (auto-detected, use -Djmh.blackhole.autoDetect=false to disable)
# Warmup: 3 iterations, 200000000 ns each
# Measurement: 5 iterations, 200000000 ns each
# Timeout: 10 min per iteration
# Threads: 1 thread, will synchronize iterations
# Benchmark mode: Average time, time/op
# Benchmark: com.eignex.koblas.bench.KoblasJmhBenchmark.run
# Parameters: (benchmarkMode = jvm-scalar, caseId = sptrmm+129x8+sparse-triangular+density=0.02+mode=oneshot+side=L+uplo=U+transA=T+diag=U)

# Run progress: 79.49% complete, ETA 00:00:43
# Fork: 1 of 1
WARNING: A terminally deprecated method in sun.misc.Unsafe has been called
WARNING: sun.misc.Unsafe::objectFieldOffset has been called by org.openjdk.jmh.util.Utils (file:/home/rasmus/.gradle/caches/modules-2/files-2.1/org.openjdk.jmh/jmh-core/1.37/896f27e49105b35ea1964319c83d12082e7a79ef/jmh-core-1.37.jar)
WARNING: Please consider reporting this to the maintainers of class org.openjdk.jmh.util.Utils
WARNING: sun.misc.Unsafe::objectFieldOffset will be removed in a future release
# Warmup Iteration   1: 4762.946 ns/op
# Warmup Iteration   2: 4334.569 ns/op
# Warmup Iteration   3: 4348.653 ns/op
Iteration   1: 4351.399 ns/op
Iteration   2: 4322.078 ns/op
Iteration   3: 4320.882 ns/op
Iteration   4: 4317.073 ns/op
Iteration   5: 4316.077 ns/op


Result "com.eignex.koblas.bench.KoblasJmhBenchmark.run":
  4325.502 ±(99.9%) 56.579 ns/op [Average]
  (min, avg, max) = (4316.077, 4325.502, 4351.399), stdev = 14.693
  CI (99.9%): [4268.923, 4382.080] (assumes normal distribution)


# JMH version: 1.37
# VM version: JDK 25.0.1, OpenJDK 64-Bit Server VM, 25.0.1+8-LTS
# VM invoker: /home/rasmus/.gradle/jdks/eclipse_adoptium-25-amd64-linux.2/bin/java
# VM options: --enable-native-access=ALL-UNNAMED -Dfile.encoding=UTF-8 -Duser.country -Duser.language=en -Duser.variant -Dkoblas.bench.cases=/home/rasmus/.codex/worktrees/703f/koblas/koblas-bench/reports/f342c3192a41a07cf0454d7d4d5324f8289cc01329bcc9c990b986dcdd2f5922/20260911T153950Z-a038f25ac668/cases.txt
# Blackhole mode: compiler (auto-detected, use -Djmh.blackhole.autoDetect=false to disable)
# Warmup: 3 iterations, 200000000 ns each
# Measurement: 5 iterations, 200000000 ns each
# Timeout: 10 min per iteration
# Threads: 1 thread, will synchronize iterations
# Benchmark mode: Average time, time/op
# Benchmark: com.eignex.koblas.bench.KoblasJmhBenchmark.run
# Parameters: (benchmarkMode = jvm-scalar, caseId = spsyrk-dense+129x65+sparse-uniform+density=0.02+uplo=U)

# Run progress: 80.34% complete, ETA 00:00:41
# Fork: 1 of 1
WARNING: A terminally deprecated method in sun.misc.Unsafe has been called
WARNING: sun.misc.Unsafe::objectFieldOffset has been called by org.openjdk.jmh.util.Utils (file:/home/rasmus/.gradle/caches/modules-2/files-2.1/org.openjdk.jmh/jmh-core/1.37/896f27e49105b35ea1964319c83d12082e7a79ef/jmh-core-1.37.jar)
WARNING: Please consider reporting this to the maintainers of class org.openjdk.jmh.util.Utils
WARNING: sun.misc.Unsafe::objectFieldOffset will be removed in a future release
# Warmup Iteration   1: 8162.972 ns/op
# Warmup Iteration   2: 7649.998 ns/op
# Warmup Iteration   3: 7709.838 ns/op
Iteration   1: 7714.187 ns/op
Iteration   2: 6705.311 ns/op
Iteration   3: 6384.366 ns/op
Iteration   4: 6582.789 ns/op
Iteration   5: 7557.260 ns/op


Result "com.eignex.koblas.bench.KoblasJmhBenchmark.run":
  6988.783 ±(99.9%) 2326.284 ns/op [Average]
  (min, avg, max) = (6384.366, 6988.783, 7714.187), stdev = 604.128
  CI (99.9%): [4662.499, 9315.066] (assumes normal distribution)


# JMH version: 1.37
# VM version: JDK 25.0.1, OpenJDK 64-Bit Server VM, 25.0.1+8-LTS
# VM invoker: /home/rasmus/.gradle/jdks/eclipse_adoptium-25-amd64-linux.2/bin/java
# VM options: --enable-native-access=ALL-UNNAMED -Dfile.encoding=UTF-8 -Duser.country -Duser.language=en -Duser.variant -Dkoblas.bench.cases=/home/rasmus/.codex/worktrees/703f/koblas/koblas-bench/reports/f342c3192a41a07cf0454d7d4d5324f8289cc01329bcc9c990b986dcdd2f5922/20260911T153950Z-a038f25ac668/cases.txt
# Blackhole mode: compiler (auto-detected, use -Djmh.blackhole.autoDetect=false to disable)
# Warmup: 3 iterations, 200000000 ns each
# Measurement: 5 iterations, 200000000 ns each
# Timeout: 10 min per iteration
# Threads: 1 thread, will synchronize iterations
# Benchmark mode: Average time, time/op
# Benchmark: com.eignex.koblas.bench.KoblasJmhBenchmark.run
# Parameters: (benchmarkMode = jvm-scalar, caseId = spsyrk-sparse+129x65+sparse-uniform+density=0.02+uplo=L)

# Run progress: 81.20% complete, ETA 00:00:39
# Fork: 1 of 1
WARNING: A terminally deprecated method in sun.misc.Unsafe has been called
WARNING: sun.misc.Unsafe::objectFieldOffset has been called by org.openjdk.jmh.util.Utils (file:/home/rasmus/.gradle/caches/modules-2/files-2.1/org.openjdk.jmh/jmh-core/1.37/896f27e49105b35ea1964319c83d12082e7a79ef/jmh-core-1.37.jar)
WARNING: Please consider reporting this to the maintainers of class org.openjdk.jmh.util.Utils
WARNING: sun.misc.Unsafe::objectFieldOffset will be removed in a future release
# Warmup Iteration   1: 7590.050 ns/op
# Warmup Iteration   2: 4511.063 ns/op
# Warmup Iteration   3: 3832.151 ns/op
Iteration   1: 3814.564 ns/op
Iteration   2: 3568.220 ns/op
Iteration   3: 3603.772 ns/op
Iteration   4: 3623.488 ns/op
Iteration   5: 4492.605 ns/op


Result "com.eignex.koblas.bench.KoblasJmhBenchmark.run":
  3820.530 ±(99.9%) 1492.827 ns/op [Average]
  (min, avg, max) = (3568.220, 3820.530, 4492.605), stdev = 387.682
  CI (99.9%): [2327.703, 5313.356] (assumes normal distribution)


# JMH version: 1.37
# VM version: JDK 25.0.1, OpenJDK 64-Bit Server VM, 25.0.1+8-LTS
# VM invoker: /home/rasmus/.gradle/jdks/eclipse_adoptium-25-amd64-linux.2/bin/java
# VM options: --enable-native-access=ALL-UNNAMED -Dfile.encoding=UTF-8 -Duser.country -Duser.language=en -Duser.variant -Dkoblas.bench.cases=/home/rasmus/.codex/worktrees/703f/koblas/koblas-bench/reports/f342c3192a41a07cf0454d7d4d5324f8289cc01329bcc9c990b986dcdd2f5922/20260911T153950Z-a038f25ac668/cases.txt
# Blackhole mode: compiler (auto-detected, use -Djmh.blackhole.autoDetect=false to disable)
# Warmup: 3 iterations, 200000000 ns each
# Measurement: 5 iterations, 200000000 ns each
# Timeout: 10 min per iteration
# Threads: 1 thread, will synchronize iterations
# Benchmark mode: Average time, time/op
# Benchmark: com.eignex.koblas.bench.KoblasJmhBenchmark.run
# Parameters: (benchmarkMode = jvm-scalar, caseId = spadd+129x65+sparse-uniform+density=0.02)

# Run progress: 82.05% complete, ETA 00:00:38
# Fork: 1 of 1
WARNING: A terminally deprecated method in sun.misc.Unsafe has been called
WARNING: sun.misc.Unsafe::objectFieldOffset has been called by org.openjdk.jmh.util.Utils (file:/home/rasmus/.gradle/caches/modules-2/files-2.1/org.openjdk.jmh/jmh-core/1.37/896f27e49105b35ea1964319c83d12082e7a79ef/jmh-core-1.37.jar)
WARNING: Please consider reporting this to the maintainers of class org.openjdk.jmh.util.Utils
WARNING: sun.misc.Unsafe::objectFieldOffset will be removed in a future release
# Warmup Iteration   1: 2843.732 ns/op
# Warmup Iteration   2: 1509.417 ns/op
# Warmup Iteration   3: 1672.359 ns/op
Iteration   1: 1335.162 ns/op
Iteration   2: 1267.843 ns/op
Iteration   3: 1464.559 ns/op
Iteration   4: 1509.528 ns/op
Iteration   5: 1310.663 ns/op


Result "com.eignex.koblas.bench.KoblasJmhBenchmark.run":
  1377.551 ±(99.9%) 400.610 ns/op [Average]
  (min, avg, max) = (1267.843, 1377.551, 1509.528), stdev = 104.037
  CI (99.9%): [976.941, 1778.161] (assumes normal distribution)


# JMH version: 1.37
# VM version: JDK 25.0.1, OpenJDK 64-Bit Server VM, 25.0.1+8-LTS
# VM invoker: /home/rasmus/.gradle/jdks/eclipse_adoptium-25-amd64-linux.2/bin/java
# VM options: --enable-native-access=ALL-UNNAMED -Dfile.encoding=UTF-8 -Duser.country -Duser.language=en -Duser.variant -Dkoblas.bench.cases=/home/rasmus/.codex/worktrees/703f/koblas/koblas-bench/reports/f342c3192a41a07cf0454d7d4d5324f8289cc01329bcc9c990b986dcdd2f5922/20260911T153950Z-a038f25ac668/cases.txt
# Blackhole mode: compiler (auto-detected, use -Djmh.blackhole.autoDetect=false to disable)
# Warmup: 3 iterations, 200000000 ns each
# Measurement: 5 iterations, 200000000 ns each
# Timeout: 10 min per iteration
# Threads: 1 thread, will synchronize iterations
# Benchmark mode: Average time, time/op
# Benchmark: com.eignex.koblas.bench.KoblasJmhBenchmark.run
# Parameters: (benchmarkMode = jvm-scalar, caseId = sparse-slices-scatter+512+sparse-uniform+density=0.25)

# Run progress: 82.91% complete, ETA 00:00:36
# Fork: 1 of 1
WARNING: A terminally deprecated method in sun.misc.Unsafe has been called
WARNING: sun.misc.Unsafe::objectFieldOffset has been called by org.openjdk.jmh.util.Utils (file:/home/rasmus/.gradle/caches/modules-2/files-2.1/org.openjdk.jmh/jmh-core/1.37/896f27e49105b35ea1964319c83d12082e7a79ef/jmh-core-1.37.jar)
WARNING: Please consider reporting this to the maintainers of class org.openjdk.jmh.util.Utils
WARNING: sun.misc.Unsafe::objectFieldOffset will be removed in a future release
# Warmup Iteration   1: 247.952 ns/op
# Warmup Iteration   2: 217.705 ns/op
# Warmup Iteration   3: 218.151 ns/op
Iteration   1: 219.592 ns/op
Iteration   2: 216.905 ns/op
Iteration   3: 234.756 ns/op
Iteration   4: 217.011 ns/op
Iteration   5: 216.649 ns/op


Result "com.eignex.koblas.bench.KoblasJmhBenchmark.run":
  220.983 ±(99.9%) 30.002 ns/op [Average]
  (min, avg, max) = (216.649, 220.983, 234.756), stdev = 7.792
  CI (99.9%): [190.980, 250.985] (assumes normal distribution)


# JMH version: 1.37
# VM version: JDK 25.0.1, OpenJDK 64-Bit Server VM, 25.0.1+8-LTS
# VM invoker: /home/rasmus/.gradle/jdks/eclipse_adoptium-25-amd64-linux.2/bin/java
# VM options: --enable-native-access=ALL-UNNAMED -Dfile.encoding=UTF-8 -Duser.country -Duser.language=en -Duser.variant -Dkoblas.bench.cases=/home/rasmus/.codex/worktrees/703f/koblas/koblas-bench/reports/f342c3192a41a07cf0454d7d4d5324f8289cc01329bcc9c990b986dcdd2f5922/20260911T153950Z-a038f25ac668/cases.txt
# Blackhole mode: compiler (auto-detected, use -Djmh.blackhole.autoDetect=false to disable)
# Warmup: 3 iterations, 200000000 ns each
# Measurement: 5 iterations, 200000000 ns each
# Timeout: 10 min per iteration
# Threads: 1 thread, will synchronize iterations
# Benchmark mode: Average time, time/op
# Benchmark: com.eignex.koblas.bench.KoblasJmhBenchmark.run
# Parameters: (benchmarkMode = jvm-scalar, caseId = sparse-slices-scatter-checked+512+sparse-uniform+density=0.25)

# Run progress: 83.76% complete, ETA 00:00:34
# Fork: 1 of 1
WARNING: A terminally deprecated method in sun.misc.Unsafe has been called
WARNING: sun.misc.Unsafe::objectFieldOffset has been called by org.openjdk.jmh.util.Utils (file:/home/rasmus/.gradle/caches/modules-2/files-2.1/org.openjdk.jmh/jmh-core/1.37/896f27e49105b35ea1964319c83d12082e7a79ef/jmh-core-1.37.jar)
WARNING: Please consider reporting this to the maintainers of class org.openjdk.jmh.util.Utils
WARNING: sun.misc.Unsafe::objectFieldOffset will be removed in a future release
# Warmup Iteration   1: 461.568 ns/op
# Warmup Iteration   2: 375.638 ns/op
# Warmup Iteration   3: 375.810 ns/op
Iteration   1: 375.782 ns/op
Iteration   2: 378.909 ns/op
Iteration   3: 376.001 ns/op
Iteration   4: 402.609 ns/op
Iteration   5: 413.332 ns/op


Result "com.eignex.koblas.bench.KoblasJmhBenchmark.run":
  389.327 ±(99.9%) 67.312 ns/op [Average]
  (min, avg, max) = (375.782, 389.327, 413.332), stdev = 17.481
  CI (99.9%): [322.015, 456.638] (assumes normal distribution)


# JMH version: 1.37
# VM version: JDK 25.0.1, OpenJDK 64-Bit Server VM, 25.0.1+8-LTS
# VM invoker: /home/rasmus/.gradle/jdks/eclipse_adoptium-25-amd64-linux.2/bin/java
# VM options: --enable-native-access=ALL-UNNAMED -Dfile.encoding=UTF-8 -Duser.country -Duser.language=en -Duser.variant -Dkoblas.bench.cases=/home/rasmus/.codex/worktrees/703f/koblas/koblas-bench/reports/f342c3192a41a07cf0454d7d4d5324f8289cc01329bcc9c990b986dcdd2f5922/20260911T153950Z-a038f25ac668/cases.txt
# Blackhole mode: compiler (auto-detected, use -Djmh.blackhole.autoDetect=false to disable)
# Warmup: 3 iterations, 200000000 ns each
# Measurement: 5 iterations, 200000000 ns each
# Timeout: 10 min per iteration
# Threads: 1 thread, will synchronize iterations
# Benchmark mode: Average time, time/op
# Benchmark: com.eignex.koblas.bench.KoblasJmhBenchmark.run
# Parameters: (benchmarkMode = jvm-scalar, caseId = sparse-slices-gather+512+sparse-uniform+density=0.25)

# Run progress: 84.62% complete, ETA 00:00:32
# Fork: 1 of 1
WARNING: A terminally deprecated method in sun.misc.Unsafe has been called
WARNING: sun.misc.Unsafe::objectFieldOffset has been called by org.openjdk.jmh.util.Utils (file:/home/rasmus/.gradle/caches/modules-2/files-2.1/org.openjdk.jmh/jmh-core/1.37/896f27e49105b35ea1964319c83d12082e7a79ef/jmh-core-1.37.jar)
WARNING: Please consider reporting this to the maintainers of class org.openjdk.jmh.util.Utils
WARNING: sun.misc.Unsafe::objectFieldOffset will be removed in a future release
# Warmup Iteration   1: 81.986 ns/op
# Warmup Iteration   2: 78.995 ns/op
# Warmup Iteration   3: 79.518 ns/op
Iteration   1: 79.595 ns/op
Iteration   2: 79.747 ns/op
Iteration   3: 79.419 ns/op
Iteration   4: 73.496 ns/op
Iteration   5: 74.049 ns/op


Result "com.eignex.koblas.bench.KoblasJmhBenchmark.run":
  77.261 ±(99.9%) 12.295 ns/op [Average]
  (min, avg, max) = (73.496, 77.261, 79.747), stdev = 3.193
  CI (99.9%): [64.966, 89.556] (assumes normal distribution)


# JMH version: 1.37
# VM version: JDK 25.0.1, OpenJDK 64-Bit Server VM, 25.0.1+8-LTS
# VM invoker: /home/rasmus/.gradle/jdks/eclipse_adoptium-25-amd64-linux.2/bin/java
# VM options: --enable-native-access=ALL-UNNAMED -Dfile.encoding=UTF-8 -Duser.country -Duser.language=en -Duser.variant -Dkoblas.bench.cases=/home/rasmus/.codex/worktrees/703f/koblas/koblas-bench/reports/f342c3192a41a07cf0454d7d4d5324f8289cc01329bcc9c990b986dcdd2f5922/20260911T153950Z-a038f25ac668/cases.txt
# Blackhole mode: compiler (auto-detected, use -Djmh.blackhole.autoDetect=false to disable)
# Warmup: 3 iterations, 200000000 ns each
# Measurement: 5 iterations, 200000000 ns each
# Timeout: 10 min per iteration
# Threads: 1 thread, will synchronize iterations
# Benchmark mode: Average time, time/op
# Benchmark: com.eignex.koblas.bench.KoblasJmhBenchmark.run
# Parameters: (benchmarkMode = jvm-scalar, caseId = sparse-slices-gather-clear+512+sparse-uniform+density=0.25)

# Run progress: 85.47% complete, ETA 00:00:30
# Fork: 1 of 1
WARNING: A terminally deprecated method in sun.misc.Unsafe has been called
WARNING: sun.misc.Unsafe::objectFieldOffset has been called by org.openjdk.jmh.util.Utils (file:/home/rasmus/.gradle/caches/modules-2/files-2.1/org.openjdk.jmh/jmh-core/1.37/896f27e49105b35ea1964319c83d12082e7a79ef/jmh-core-1.37.jar)
WARNING: Please consider reporting this to the maintainers of class org.openjdk.jmh.util.Utils
WARNING: sun.misc.Unsafe::objectFieldOffset will be removed in a future release
# Warmup Iteration   1: 216.850 ns/op
# Warmup Iteration   2: 185.993 ns/op
# Warmup Iteration   3: 186.123 ns/op
Iteration   1: 187.323 ns/op
Iteration   2: 186.585 ns/op
Iteration   3: 188.556 ns/op
Iteration   4: 187.713 ns/op
Iteration   5: 193.243 ns/op


Result "com.eignex.koblas.bench.KoblasJmhBenchmark.run":
  188.684 ±(99.9%) 10.189 ns/op [Average]
  (min, avg, max) = (186.585, 188.684, 193.243), stdev = 2.646
  CI (99.9%): [178.495, 198.873] (assumes normal distribution)


# JMH version: 1.37
# VM version: JDK 25.0.1, OpenJDK 64-Bit Server VM, 25.0.1+8-LTS
# VM invoker: /home/rasmus/.gradle/jdks/eclipse_adoptium-25-amd64-linux.2/bin/java
# VM options: --enable-native-access=ALL-UNNAMED -Dfile.encoding=UTF-8 -Duser.country -Duser.language=en -Duser.variant -Dkoblas.bench.cases=/home/rasmus/.codex/worktrees/703f/koblas/koblas-bench/reports/f342c3192a41a07cf0454d7d4d5324f8289cc01329bcc9c990b986dcdd2f5922/20260911T153950Z-a038f25ac668/cases.txt
# Blackhole mode: compiler (auto-detected, use -Djmh.blackhole.autoDetect=false to disable)
# Warmup: 3 iterations, 200000000 ns each
# Measurement: 5 iterations, 200000000 ns each
# Timeout: 10 min per iteration
# Threads: 1 thread, will synchronize iterations
# Benchmark mode: Average time, time/op
# Benchmark: com.eignex.koblas.bench.KoblasJmhBenchmark.run
# Parameters: (benchmarkMode = jvm-scalar, caseId = sparse-slices-clear+512+sparse-uniform+density=0.25)

# Run progress: 86.32% complete, ETA 00:00:29
# Fork: 1 of 1
WARNING: A terminally deprecated method in sun.misc.Unsafe has been called
WARNING: sun.misc.Unsafe::objectFieldOffset has been called by org.openjdk.jmh.util.Utils (file:/home/rasmus/.gradle/caches/modules-2/files-2.1/org.openjdk.jmh/jmh-core/1.37/896f27e49105b35ea1964319c83d12082e7a79ef/jmh-core-1.37.jar)
WARNING: Please consider reporting this to the maintainers of class org.openjdk.jmh.util.Utils
WARNING: sun.misc.Unsafe::objectFieldOffset will be removed in a future release
# Warmup Iteration   1: 132.768 ns/op
# Warmup Iteration   2: 118.843 ns/op
# Warmup Iteration   3: 120.277 ns/op
Iteration   1: 119.755 ns/op
Iteration   2: 119.656 ns/op
Iteration   3: 120.136 ns/op
Iteration   4: 119.901 ns/op
Iteration   5: 108.946 ns/op


Result "com.eignex.koblas.bench.KoblasJmhBenchmark.run":
  117.679 ±(99.9%) 18.811 ns/op [Average]
  (min, avg, max) = (108.946, 117.679, 120.136), stdev = 4.885
  CI (99.9%): [98.867, 136.490] (assumes normal distribution)


# JMH version: 1.37
# VM version: JDK 25.0.1, OpenJDK 64-Bit Server VM, 25.0.1+8-LTS
# VM invoker: /home/rasmus/.gradle/jdks/eclipse_adoptium-25-amd64-linux.2/bin/java
# VM options: --enable-native-access=ALL-UNNAMED -Dfile.encoding=UTF-8 -Duser.country -Duser.language=en -Duser.variant -Dkoblas.bench.cases=/home/rasmus/.codex/worktrees/703f/koblas/koblas-bench/reports/f342c3192a41a07cf0454d7d4d5324f8289cc01329bcc9c990b986dcdd2f5922/20260911T153950Z-a038f25ac668/cases.txt
# Blackhole mode: compiler (auto-detected, use -Djmh.blackhole.autoDetect=false to disable)
# Warmup: 3 iterations, 200000000 ns each
# Measurement: 5 iterations, 200000000 ns each
# Timeout: 10 min per iteration
# Threads: 1 thread, will synchronize iterations
# Benchmark mode: Average time, time/op
# Benchmark: com.eignex.koblas.bench.KoblasJmhBenchmark.run
# Parameters: (benchmarkMode = jvm-scalar, caseId = sparse-slices-clear-local+512+sparse-uniform+density=0.25)

# Run progress: 87.18% complete, ETA 00:00:27
# Fork: 1 of 1
WARNING: A terminally deprecated method in sun.misc.Unsafe has been called
WARNING: sun.misc.Unsafe::objectFieldOffset has been called by org.openjdk.jmh.util.Utils (file:/home/rasmus/.gradle/caches/modules-2/files-2.1/org.openjdk.jmh/jmh-core/1.37/896f27e49105b35ea1964319c83d12082e7a79ef/jmh-core-1.37.jar)
WARNING: Please consider reporting this to the maintainers of class org.openjdk.jmh.util.Utils
WARNING: sun.misc.Unsafe::objectFieldOffset will be removed in a future release
# Warmup Iteration   1: 144.144 ns/op
# Warmup Iteration   2: 136.887 ns/op
# Warmup Iteration   3: 141.145 ns/op
Iteration   1: 141.371 ns/op
Iteration   2: 132.705 ns/op
Iteration   3: 139.963 ns/op
Iteration   4: 143.495 ns/op
Iteration   5: 131.176 ns/op


Result "com.eignex.koblas.bench.KoblasJmhBenchmark.run":
  137.742 ±(99.9%) 21.063 ns/op [Average]
  (min, avg, max) = (131.176, 137.742, 143.495), stdev = 5.470
  CI (99.9%): [116.679, 158.805] (assumes normal distribution)


# JMH version: 1.37
# VM version: JDK 25.0.1, OpenJDK 64-Bit Server VM, 25.0.1+8-LTS
# VM invoker: /home/rasmus/.gradle/jdks/eclipse_adoptium-25-amd64-linux.2/bin/java
# VM options: --enable-native-access=ALL-UNNAMED -Dfile.encoding=UTF-8 -Duser.country -Duser.language=en -Duser.variant -Dkoblas.bench.cases=/home/rasmus/.codex/worktrees/703f/koblas/koblas-bench/reports/f342c3192a41a07cf0454d7d4d5324f8289cc01329bcc9c990b986dcdd2f5922/20260911T153950Z-a038f25ac668/cases.txt
# Blackhole mode: compiler (auto-detected, use -Djmh.blackhole.autoDetect=false to disable)
# Warmup: 3 iterations, 200000000 ns each
# Measurement: 5 iterations, 200000000 ns each
# Timeout: 10 min per iteration
# Threads: 1 thread, will synchronize iterations
# Benchmark mode: Average time, time/op
# Benchmark: com.eignex.koblas.bench.KoblasJmhBenchmark.run
# Parameters: (benchmarkMode = jvm-scalar, caseId = sparse-slices-reduce-dot-checked+512+sparse-uniform+density=0.25)

# Run progress: 88.03% complete, ETA 00:00:25
# Fork: 1 of 1
WARNING: A terminally deprecated method in sun.misc.Unsafe has been called
WARNING: sun.misc.Unsafe::objectFieldOffset has been called by org.openjdk.jmh.util.Utils (file:/home/rasmus/.gradle/caches/modules-2/files-2.1/org.openjdk.jmh/jmh-core/1.37/896f27e49105b35ea1964319c83d12082e7a79ef/jmh-core-1.37.jar)
WARNING: Please consider reporting this to the maintainers of class org.openjdk.jmh.util.Utils
WARNING: sun.misc.Unsafe::objectFieldOffset will be removed in a future release
# Warmup Iteration   1: 401.217 ns/op
# Warmup Iteration   2: 386.826 ns/op
# Warmup Iteration   3: 387.129 ns/op
Iteration   1: 389.299 ns/op
Iteration   2: 391.112 ns/op
Iteration   3: 388.487 ns/op
Iteration   4: 344.977 ns/op
Iteration   5: 351.111 ns/op


Result "com.eignex.koblas.bench.KoblasJmhBenchmark.run":
  372.997 ±(99.9%) 88.187 ns/op [Average]
  (min, avg, max) = (344.977, 372.997, 391.112), stdev = 22.902
  CI (99.9%): [284.810, 461.184] (assumes normal distribution)


# JMH version: 1.37
# VM version: JDK 25.0.1, OpenJDK 64-Bit Server VM, 25.0.1+8-LTS
# VM invoker: /home/rasmus/.gradle/jdks/eclipse_adoptium-25-amd64-linux.2/bin/java
# VM options: --enable-native-access=ALL-UNNAMED -Dfile.encoding=UTF-8 -Duser.country -Duser.language=en -Duser.variant -Dkoblas.bench.cases=/home/rasmus/.codex/worktrees/703f/koblas/koblas-bench/reports/f342c3192a41a07cf0454d7d4d5324f8289cc01329bcc9c990b986dcdd2f5922/20260911T153950Z-a038f25ac668/cases.txt
# Blackhole mode: compiler (auto-detected, use -Djmh.blackhole.autoDetect=false to disable)
# Warmup: 3 iterations, 200000000 ns each
# Measurement: 5 iterations, 200000000 ns each
# Timeout: 10 min per iteration
# Threads: 1 thread, will synchronize iterations
# Benchmark mode: Average time, time/op
# Benchmark: com.eignex.koblas.bench.KoblasJmhBenchmark.run
# Parameters: (benchmarkMode = jvm-scalar, caseId = sparse-slices-reduce-dot-local+512+sparse-uniform+density=0.25)

# Run progress: 88.89% complete, ETA 00:00:23
# Fork: 1 of 1
WARNING: A terminally deprecated method in sun.misc.Unsafe has been called
WARNING: sun.misc.Unsafe::objectFieldOffset has been called by org.openjdk.jmh.util.Utils (file:/home/rasmus/.gradle/caches/modules-2/files-2.1/org.openjdk.jmh/jmh-core/1.37/896f27e49105b35ea1964319c83d12082e7a79ef/jmh-core-1.37.jar)
WARNING: Please consider reporting this to the maintainers of class org.openjdk.jmh.util.Utils
WARNING: sun.misc.Unsafe::objectFieldOffset will be removed in a future release
# Warmup Iteration   1: 333.396 ns/op
# Warmup Iteration   2: 286.831 ns/op
# Warmup Iteration   3: 291.532 ns/op
Iteration   1: 306.677 ns/op
Iteration   2: 316.058 ns/op
Iteration   3: 307.663 ns/op
Iteration   4: 314.600 ns/op
Iteration   5: 316.238 ns/op


Result "com.eignex.koblas.bench.KoblasJmhBenchmark.run":
  312.247 ±(99.9%) 18.065 ns/op [Average]
  (min, avg, max) = (306.677, 312.247, 316.238), stdev = 4.691
  CI (99.9%): [294.182, 330.312] (assumes normal distribution)


# JMH version: 1.37
# VM version: JDK 25.0.1, OpenJDK 64-Bit Server VM, 25.0.1+8-LTS
# VM invoker: /home/rasmus/.gradle/jdks/eclipse_adoptium-25-amd64-linux.2/bin/java
# VM options: --enable-native-access=ALL-UNNAMED -Dfile.encoding=UTF-8 -Duser.country -Duser.language=en -Duser.variant -Dkoblas.bench.cases=/home/rasmus/.codex/worktrees/703f/koblas/koblas-bench/reports/f342c3192a41a07cf0454d7d4d5324f8289cc01329bcc9c990b986dcdd2f5922/20260911T153950Z-a038f25ac668/cases.txt
# Blackhole mode: compiler (auto-detected, use -Djmh.blackhole.autoDetect=false to disable)
# Warmup: 3 iterations, 200000000 ns each
# Measurement: 5 iterations, 200000000 ns each
# Timeout: 10 min per iteration
# Threads: 1 thread, will synchronize iterations
# Benchmark mode: Average time, time/op
# Benchmark: com.eignex.koblas.bench.KoblasJmhBenchmark.run
# Parameters: (benchmarkMode = jvm-scalar, caseId = sparse-slices-reduce-dot-unchecked+512+sparse-uniform+density=0.25)

# Run progress: 89.74% complete, ETA 00:00:21
# Fork: 1 of 1
WARNING: A terminally deprecated method in sun.misc.Unsafe has been called
WARNING: sun.misc.Unsafe::objectFieldOffset has been called by org.openjdk.jmh.util.Utils (file:/home/rasmus/.gradle/caches/modules-2/files-2.1/org.openjdk.jmh/jmh-core/1.37/896f27e49105b35ea1964319c83d12082e7a79ef/jmh-core-1.37.jar)
WARNING: Please consider reporting this to the maintainers of class org.openjdk.jmh.util.Utils
WARNING: sun.misc.Unsafe::objectFieldOffset will be removed in a future release
# Warmup Iteration   1: 93.764 ns/op
# Warmup Iteration   2: 86.426 ns/op
# Warmup Iteration   3: 76.661 ns/op
Iteration   1: 83.990 ns/op
Iteration   2: 76.525 ns/op
Iteration   3: 78.821 ns/op
Iteration   4: 78.900 ns/op
Iteration   5: 78.771 ns/op


Result "com.eignex.koblas.bench.KoblasJmhBenchmark.run":
  79.401 ±(99.9%) 10.602 ns/op [Average]
  (min, avg, max) = (76.525, 79.401, 83.990), stdev = 2.753
  CI (99.9%): [68.800, 90.003] (assumes normal distribution)


# JMH version: 1.37
# VM version: JDK 25.0.1, OpenJDK 64-Bit Server VM, 25.0.1+8-LTS
# VM invoker: /home/rasmus/.gradle/jdks/eclipse_adoptium-25-amd64-linux.2/bin/java
# VM options: --enable-native-access=ALL-UNNAMED -Dfile.encoding=UTF-8 -Duser.country -Duser.language=en -Duser.variant -Dkoblas.bench.cases=/home/rasmus/.codex/worktrees/703f/koblas/koblas-bench/reports/f342c3192a41a07cf0454d7d4d5324f8289cc01329bcc9c990b986dcdd2f5922/20260911T153950Z-a038f25ac668/cases.txt
# Blackhole mode: compiler (auto-detected, use -Djmh.blackhole.autoDetect=false to disable)
# Warmup: 3 iterations, 200000000 ns each
# Measurement: 5 iterations, 200000000 ns each
# Timeout: 10 min per iteration
# Threads: 1 thread, will synchronize iterations
# Benchmark mode: Average time, time/op
# Benchmark: com.eignex.koblas.bench.KoblasJmhBenchmark.run
# Parameters: (benchmarkMode = jvm-scalar, caseId = sparse-slices-max+512+sparse-uniform+density=0.25)

# Run progress: 90.60% complete, ETA 00:00:19
# Fork: 1 of 1
WARNING: A terminally deprecated method in sun.misc.Unsafe has been called
WARNING: sun.misc.Unsafe::objectFieldOffset has been called by org.openjdk.jmh.util.Utils (file:/home/rasmus/.gradle/caches/modules-2/files-2.1/org.openjdk.jmh/jmh-core/1.37/896f27e49105b35ea1964319c83d12082e7a79ef/jmh-core-1.37.jar)
WARNING: Please consider reporting this to the maintainers of class org.openjdk.jmh.util.Utils
WARNING: sun.misc.Unsafe::objectFieldOffset will be removed in a future release
# Warmup Iteration   1: 248.334 ns/op
# Warmup Iteration   2: 233.533 ns/op
# Warmup Iteration   3: 254.986 ns/op
Iteration   1: 232.280 ns/op
Iteration   2: 245.020 ns/op
Iteration   3: 248.357 ns/op
Iteration   4: 249.185 ns/op
Iteration   5: 252.093 ns/op


Result "com.eignex.koblas.bench.KoblasJmhBenchmark.run":
  245.387 ±(99.9%) 29.836 ns/op [Average]
  (min, avg, max) = (232.280, 245.387, 252.093), stdev = 7.748
  CI (99.9%): [215.551, 275.223] (assumes normal distribution)


# JMH version: 1.37
# VM version: JDK 25.0.1, OpenJDK 64-Bit Server VM, 25.0.1+8-LTS
# VM invoker: /home/rasmus/.gradle/jdks/eclipse_adoptium-25-amd64-linux.2/bin/java
# VM options: --enable-native-access=ALL-UNNAMED -Dfile.encoding=UTF-8 -Duser.country -Duser.language=en -Duser.variant -Dkoblas.bench.cases=/home/rasmus/.codex/worktrees/703f/koblas/koblas-bench/reports/f342c3192a41a07cf0454d7d4d5324f8289cc01329bcc9c990b986dcdd2f5922/20260911T153950Z-a038f25ac668/cases.txt
# Blackhole mode: compiler (auto-detected, use -Djmh.blackhole.autoDetect=false to disable)
# Warmup: 3 iterations, 200000000 ns each
# Measurement: 5 iterations, 200000000 ns each
# Timeout: 10 min per iteration
# Threads: 1 thread, will synchronize iterations
# Benchmark mode: Average time, time/op
# Benchmark: com.eignex.koblas.bench.KoblasJmhBenchmark.run
# Parameters: (benchmarkMode = jvm-scalar, caseId = sparse-slices-filter+512+sparse-uniform+density=0.25)

# Run progress: 91.45% complete, ETA 00:00:18
# Fork: 1 of 1
WARNING: A terminally deprecated method in sun.misc.Unsafe has been called
WARNING: sun.misc.Unsafe::objectFieldOffset has been called by org.openjdk.jmh.util.Utils (file:/home/rasmus/.gradle/caches/modules-2/files-2.1/org.openjdk.jmh/jmh-core/1.37/896f27e49105b35ea1964319c83d12082e7a79ef/jmh-core-1.37.jar)
WARNING: Please consider reporting this to the maintainers of class org.openjdk.jmh.util.Utils
WARNING: sun.misc.Unsafe::objectFieldOffset will be removed in a future release
# Warmup Iteration   1: 193.728 ns/op
# Warmup Iteration   2: 180.464 ns/op
# Warmup Iteration   3: 161.530 ns/op
Iteration   1: 174.230 ns/op
Iteration   2: 174.649 ns/op
Iteration   3: 174.531 ns/op
Iteration   4: 161.732 ns/op
Iteration   5: 164.738 ns/op


Result "com.eignex.koblas.bench.KoblasJmhBenchmark.run":
  169.976 ±(99.9%) 24.054 ns/op [Average]
  (min, avg, max) = (161.732, 169.976, 174.649), stdev = 6.247
  CI (99.9%): [145.922, 194.030] (assumes normal distribution)


# JMH version: 1.37
# VM version: JDK 25.0.1, OpenJDK 64-Bit Server VM, 25.0.1+8-LTS
# VM invoker: /home/rasmus/.gradle/jdks/eclipse_adoptium-25-amd64-linux.2/bin/java
# VM options: --enable-native-access=ALL-UNNAMED -Dfile.encoding=UTF-8 -Duser.country -Duser.language=en -Duser.variant -Dkoblas.bench.cases=/home/rasmus/.codex/worktrees/703f/koblas/koblas-bench/reports/f342c3192a41a07cf0454d7d4d5324f8289cc01329bcc9c990b986dcdd2f5922/20260911T153950Z-a038f25ac668/cases.txt
# Blackhole mode: compiler (auto-detected, use -Djmh.blackhole.autoDetect=false to disable)
# Warmup: 3 iterations, 200000000 ns each
# Measurement: 5 iterations, 200000000 ns each
# Timeout: 10 min per iteration
# Threads: 1 thread, will synchronize iterations
# Benchmark mode: Average time, time/op
# Benchmark: com.eignex.koblas.bench.KoblasJmhBenchmark.run
# Parameters: (benchmarkMode = jvm-scalar, caseId = gemm+257x3x1+uniform)

# Run progress: 92.31% complete, ETA 00:00:16
# Fork: 1 of 1
WARNING: A terminally deprecated method in sun.misc.Unsafe has been called
WARNING: sun.misc.Unsafe::objectFieldOffset has been called by org.openjdk.jmh.util.Utils (file:/home/rasmus/.gradle/caches/modules-2/files-2.1/org.openjdk.jmh/jmh-core/1.37/896f27e49105b35ea1964319c83d12082e7a79ef/jmh-core-1.37.jar)
WARNING: Please consider reporting this to the maintainers of class org.openjdk.jmh.util.Utils
WARNING: sun.misc.Unsafe::objectFieldOffset will be removed in a future release
# Warmup Iteration   1: 2913.001 ns/op
# Warmup Iteration   2: 2528.523 ns/op
# Warmup Iteration   3: 2610.451 ns/op
Iteration   1: 2599.591 ns/op
Iteration   2: 2591.074 ns/op
Iteration   3: 2602.015 ns/op
Iteration   4: 2586.085 ns/op
Iteration   5: 2585.205 ns/op


Result "com.eignex.koblas.bench.KoblasJmhBenchmark.run":
  2592.794 ±(99.9%) 29.626 ns/op [Average]
  (min, avg, max) = (2585.205, 2592.794, 2602.015), stdev = 7.694
  CI (99.9%): [2563.168, 2622.420] (assumes normal distribution)


# JMH version: 1.37
# VM version: JDK 25.0.1, OpenJDK 64-Bit Server VM, 25.0.1+8-LTS
# VM invoker: /home/rasmus/.gradle/jdks/eclipse_adoptium-25-amd64-linux.2/bin/java
# VM options: --enable-native-access=ALL-UNNAMED -Dfile.encoding=UTF-8 -Duser.country -Duser.language=en -Duser.variant -Dkoblas.bench.cases=/home/rasmus/.codex/worktrees/703f/koblas/koblas-bench/reports/f342c3192a41a07cf0454d7d4d5324f8289cc01329bcc9c990b986dcdd2f5922/20260911T153950Z-a038f25ac668/cases.txt
# Blackhole mode: compiler (auto-detected, use -Djmh.blackhole.autoDetect=false to disable)
# Warmup: 3 iterations, 200000000 ns each
# Measurement: 5 iterations, 200000000 ns each
# Timeout: 10 min per iteration
# Threads: 1 thread, will synchronize iterations
# Benchmark mode: Average time, time/op
# Benchmark: com.eignex.koblas.bench.KoblasJmhBenchmark.run
# Parameters: (benchmarkMode = jvm-scalar, caseId = gemm+3x257x33+uniform)

# Run progress: 93.16% complete, ETA 00:00:14
# Fork: 1 of 1
WARNING: A terminally deprecated method in sun.misc.Unsafe has been called
WARNING: sun.misc.Unsafe::objectFieldOffset has been called by org.openjdk.jmh.util.Utils (file:/home/rasmus/.gradle/caches/modules-2/files-2.1/org.openjdk.jmh/jmh-core/1.37/896f27e49105b35ea1964319c83d12082e7a79ef/jmh-core-1.37.jar)
WARNING: Please consider reporting this to the maintainers of class org.openjdk.jmh.util.Utils
WARNING: sun.misc.Unsafe::objectFieldOffset will be removed in a future release
# Warmup Iteration   1: 19657.141 ns/op
# Warmup Iteration   2: 18165.645 ns/op
# Warmup Iteration   3: 18485.399 ns/op
Iteration   1: 18385.060 ns/op
Iteration   2: 18351.831 ns/op
Iteration   3: 18481.388 ns/op
Iteration   4: 18480.468 ns/op
Iteration   5: 18359.034 ns/op


Result "com.eignex.koblas.bench.KoblasJmhBenchmark.run":
  18411.556 ±(99.9%) 248.457 ns/op [Average]
  (min, avg, max) = (18351.831, 18411.556, 18481.388), stdev = 64.523
  CI (99.9%): [18163.100, 18660.013] (assumes normal distribution)


# JMH version: 1.37
# VM version: JDK 25.0.1, OpenJDK 64-Bit Server VM, 25.0.1+8-LTS
# VM invoker: /home/rasmus/.gradle/jdks/eclipse_adoptium-25-amd64-linux.2/bin/java
# VM options: --enable-native-access=ALL-UNNAMED -Dfile.encoding=UTF-8 -Duser.country -Duser.language=en -Duser.variant -Dkoblas.bench.cases=/home/rasmus/.codex/worktrees/703f/koblas/koblas-bench/reports/f342c3192a41a07cf0454d7d4d5324f8289cc01329bcc9c990b986dcdd2f5922/20260911T153950Z-a038f25ac668/cases.txt
# Blackhole mode: compiler (auto-detected, use -Djmh.blackhole.autoDetect=false to disable)
# Warmup: 3 iterations, 200000000 ns each
# Measurement: 5 iterations, 200000000 ns each
# Timeout: 10 min per iteration
# Threads: 1 thread, will synchronize iterations
# Benchmark mode: Average time, time/op
# Benchmark: com.eignex.koblas.bench.KoblasJmhBenchmark.run
# Parameters: (benchmarkMode = jvm-scalar, caseId = gemm+127x5x65+uniform)

# Run progress: 94.02% complete, ETA 00:00:12
# Fork: 1 of 1
WARNING: A terminally deprecated method in sun.misc.Unsafe has been called
WARNING: sun.misc.Unsafe::objectFieldOffset has been called by org.openjdk.jmh.util.Utils (file:/home/rasmus/.gradle/caches/modules-2/files-2.1/org.openjdk.jmh/jmh-core/1.37/896f27e49105b35ea1964319c83d12082e7a79ef/jmh-core-1.37.jar)
WARNING: Please consider reporting this to the maintainers of class org.openjdk.jmh.util.Utils
WARNING: sun.misc.Unsafe::objectFieldOffset will be removed in a future release
# Warmup Iteration   1: 25383.562 ns/op
# Warmup Iteration   2: 22732.251 ns/op
# Warmup Iteration   3: 20582.438 ns/op
Iteration   1: 20927.688 ns/op
Iteration   2: 20864.761 ns/op
Iteration   3: 21085.949 ns/op
Iteration   4: 20924.006 ns/op
Iteration   5: 21157.850 ns/op


Result "com.eignex.koblas.bench.KoblasJmhBenchmark.run":
  20992.051 ±(99.9%) 476.614 ns/op [Average]
  (min, avg, max) = (20864.761, 20992.051, 21157.850), stdev = 123.775
  CI (99.9%): [20515.436, 21468.665] (assumes normal distribution)


# JMH version: 1.37
# VM version: JDK 25.0.1, OpenJDK 64-Bit Server VM, 25.0.1+8-LTS
# VM invoker: /home/rasmus/.gradle/jdks/eclipse_adoptium-25-amd64-linux.2/bin/java
# VM options: --enable-native-access=ALL-UNNAMED -Dfile.encoding=UTF-8 -Duser.country -Duser.language=en -Duser.variant -Dkoblas.bench.cases=/home/rasmus/.codex/worktrees/703f/koblas/koblas-bench/reports/f342c3192a41a07cf0454d7d4d5324f8289cc01329bcc9c990b986dcdd2f5922/20260911T153950Z-a038f25ac668/cases.txt
# Blackhole mode: compiler (auto-detected, use -Djmh.blackhole.autoDetect=false to disable)
# Warmup: 3 iterations, 200000000 ns each
# Measurement: 5 iterations, 200000000 ns each
# Timeout: 10 min per iteration
# Threads: 1 thread, will synchronize iterations
# Benchmark mode: Average time, time/op
# Benchmark: com.eignex.koblas.bench.KoblasJmhBenchmark.run
# Parameters: (benchmarkMode = jvm-scalar, caseId = trsm+65x1+triangular+side=L+uplo=L+transA=N+diag=N)

# Run progress: 94.87% complete, ETA 00:00:10
# Fork: 1 of 1
WARNING: A terminally deprecated method in sun.misc.Unsafe has been called
WARNING: sun.misc.Unsafe::objectFieldOffset has been called by org.openjdk.jmh.util.Utils (file:/home/rasmus/.gradle/caches/modules-2/files-2.1/org.openjdk.jmh/jmh-core/1.37/896f27e49105b35ea1964319c83d12082e7a79ef/jmh-core-1.37.jar)
WARNING: Please consider reporting this to the maintainers of class org.openjdk.jmh.util.Utils
WARNING: sun.misc.Unsafe::objectFieldOffset will be removed in a future release
# Warmup Iteration   1: 1464.735 ns/op
# Warmup Iteration   2: 1194.751 ns/op
# Warmup Iteration   3: 1204.683 ns/op
Iteration   1: 1202.632 ns/op
Iteration   2: 1202.444 ns/op
Iteration   3: 1207.565 ns/op
Iteration   4: 1211.479 ns/op
Iteration   5: 1211.504 ns/op


Result "com.eignex.koblas.bench.KoblasJmhBenchmark.run":
  1207.125 ±(99.9%) 17.266 ns/op [Average]
  (min, avg, max) = (1202.444, 1207.125, 1211.504), stdev = 4.484
  CI (99.9%): [1189.859, 1224.391] (assumes normal distribution)


# JMH version: 1.37
# VM version: JDK 25.0.1, OpenJDK 64-Bit Server VM, 25.0.1+8-LTS
# VM invoker: /home/rasmus/.gradle/jdks/eclipse_adoptium-25-amd64-linux.2/bin/java
# VM options: --enable-native-access=ALL-UNNAMED -Dfile.encoding=UTF-8 -Duser.country -Duser.language=en -Duser.variant -Dkoblas.bench.cases=/home/rasmus/.codex/worktrees/703f/koblas/koblas-bench/reports/f342c3192a41a07cf0454d7d4d5324f8289cc01329bcc9c990b986dcdd2f5922/20260911T153950Z-a038f25ac668/cases.txt
# Blackhole mode: compiler (auto-detected, use -Djmh.blackhole.autoDetect=false to disable)
# Warmup: 3 iterations, 200000000 ns each
# Measurement: 5 iterations, 200000000 ns each
# Timeout: 10 min per iteration
# Threads: 1 thread, will synchronize iterations
# Benchmark mode: Average time, time/op
# Benchmark: com.eignex.koblas.bench.KoblasJmhBenchmark.run
# Parameters: (benchmarkMode = jvm-scalar, caseId = trsm+65x33+triangular+side=L+uplo=U+transA=T+diag=U)

# Run progress: 95.73% complete, ETA 00:00:09
# Fork: 1 of 1
WARNING: A terminally deprecated method in sun.misc.Unsafe has been called
WARNING: sun.misc.Unsafe::objectFieldOffset has been called by org.openjdk.jmh.util.Utils (file:/home/rasmus/.gradle/caches/modules-2/files-2.1/org.openjdk.jmh/jmh-core/1.37/896f27e49105b35ea1964319c83d12082e7a79ef/jmh-core-1.37.jar)
WARNING: Please consider reporting this to the maintainers of class org.openjdk.jmh.util.Utils
WARNING: sun.misc.Unsafe::objectFieldOffset will be removed in a future release
# Warmup Iteration   1: 91939.977 ns/op
# Warmup Iteration   2: 72700.796 ns/op
# Warmup Iteration   3: 72969.721 ns/op
Iteration   1: 72294.894 ns/op
Iteration   2: 70773.162 ns/op
Iteration   3: 71782.849 ns/op
Iteration   4: 64412.849 ns/op
Iteration   5: 66175.896 ns/op


Result "com.eignex.koblas.bench.KoblasJmhBenchmark.run":
  69087.930 ±(99.9%) 13712.231 ns/op [Average]
  (min, avg, max) = (64412.849, 69087.930, 72294.894), stdev = 3561.023
  CI (99.9%): [55375.699, 82800.161] (assumes normal distribution)


# JMH version: 1.37
# VM version: JDK 25.0.1, OpenJDK 64-Bit Server VM, 25.0.1+8-LTS
# VM invoker: /home/rasmus/.gradle/jdks/eclipse_adoptium-25-amd64-linux.2/bin/java
# VM options: --enable-native-access=ALL-UNNAMED -Dfile.encoding=UTF-8 -Duser.country -Duser.language=en -Duser.variant -Dkoblas.bench.cases=/home/rasmus/.codex/worktrees/703f/koblas/koblas-bench/reports/f342c3192a41a07cf0454d7d4d5324f8289cc01329bcc9c990b986dcdd2f5922/20260911T153950Z-a038f25ac668/cases.txt
# Blackhole mode: compiler (auto-detected, use -Djmh.blackhole.autoDetect=false to disable)
# Warmup: 3 iterations, 200000000 ns each
# Measurement: 5 iterations, 200000000 ns each
# Timeout: 10 min per iteration
# Threads: 1 thread, will synchronize iterations
# Benchmark mode: Average time, time/op
# Benchmark: com.eignex.koblas.bench.KoblasJmhBenchmark.run
# Parameters: (benchmarkMode = jvm-scalar, caseId = gemm-block+15x7x31+uniform+physical=4x4+work=gemm-add-v1+leftLayout=depth-rows-v1+rightLayout=depth-columns-v1+leftGroup=4+rightGroup=4+leftStride=4+rightStride=4+padding=zero+alignment=8+block=15x7x31+panel=31+diagonal=0+rhs=0+batch=1+variant=current-tile-v1+timing=prepacked-compute)

# Run progress: 96.58% complete, ETA 00:00:07
# Fork: 1 of 1
WARNING: A terminally deprecated method in sun.misc.Unsafe has been called
WARNING: sun.misc.Unsafe::objectFieldOffset has been called by org.openjdk.jmh.util.Utils (file:/home/rasmus/.gradle/caches/modules-2/files-2.1/org.openjdk.jmh/jmh-core/1.37/896f27e49105b35ea1964319c83d12082e7a79ef/jmh-core-1.37.jar)
WARNING: Please consider reporting this to the maintainers of class org.openjdk.jmh.util.Utils
WARNING: sun.misc.Unsafe::objectFieldOffset will be removed in a future release
# Warmup Iteration   1: 1525.739 ns/op
# Warmup Iteration   2: 1282.850 ns/op
# Warmup Iteration   3: 1275.089 ns/op
Iteration   1: 1275.872 ns/op
Iteration   2: 1141.309 ns/op
Iteration   3: 1165.812 ns/op
Iteration   4: 1245.967 ns/op
Iteration   5: 1280.497 ns/op


Result "com.eignex.koblas.bench.KoblasJmhBenchmark.run":
  1221.891 ±(99.9%) 247.810 ns/op [Average]
  (min, avg, max) = (1141.309, 1221.891, 1280.497), stdev = 64.356
  CI (99.9%): [974.081, 1469.702] (assumes normal distribution)


# JMH version: 1.37
# VM version: JDK 25.0.1, OpenJDK 64-Bit Server VM, 25.0.1+8-LTS
# VM invoker: /home/rasmus/.gradle/jdks/eclipse_adoptium-25-amd64-linux.2/bin/java
# VM options: --enable-native-access=ALL-UNNAMED -Dfile.encoding=UTF-8 -Duser.country -Duser.language=en -Duser.variant -Dkoblas.bench.cases=/home/rasmus/.codex/worktrees/703f/koblas/koblas-bench/reports/f342c3192a41a07cf0454d7d4d5324f8289cc01329bcc9c990b986dcdd2f5922/20260911T153950Z-a038f25ac668/cases.txt
# Blackhole mode: compiler (auto-detected, use -Djmh.blackhole.autoDetect=false to disable)
# Warmup: 3 iterations, 200000000 ns each
# Measurement: 5 iterations, 200000000 ns each
# Timeout: 10 min per iteration
# Threads: 1 thread, will synchronize iterations
# Benchmark mode: Average time, time/op
# Benchmark: com.eignex.koblas.bench.KoblasJmhBenchmark.run
# Parameters: (benchmarkMode = jvm-scalar, caseId = gemm-block+15x7x31+uniform+physical=4x4+work=gemm-add-v1+leftLayout=depth-rows-v1+rightLayout=depth-columns-v1+leftGroup=4+rightGroup=4+leftStride=4+rightStride=4+padding=zero+alignment=8+block=15x7x31+panel=31+diagonal=0+rhs=0+batch=1+variant=current-tile-v1+timing=pack-plus-compute)

# Run progress: 97.44% complete, ETA 00:00:05
# Fork: 1 of 1
WARNING: A terminally deprecated method in sun.misc.Unsafe has been called
WARNING: sun.misc.Unsafe::objectFieldOffset has been called by org.openjdk.jmh.util.Utils (file:/home/rasmus/.gradle/caches/modules-2/files-2.1/org.openjdk.jmh/jmh-core/1.37/896f27e49105b35ea1964319c83d12082e7a79ef/jmh-core-1.37.jar)
WARNING: Please consider reporting this to the maintainers of class org.openjdk.jmh.util.Utils
WARNING: sun.misc.Unsafe::objectFieldOffset will be removed in a future release
# Warmup Iteration   1: 2461.804 ns/op
# Warmup Iteration   2: 1947.768 ns/op
# Warmup Iteration   3: 1935.063 ns/op
Iteration   1: 1945.344 ns/op
Iteration   2: 1926.325 ns/op
Iteration   3: 1933.407 ns/op
Iteration   4: 1946.898 ns/op
Iteration   5: 1932.505 ns/op


Result "com.eignex.koblas.bench.KoblasJmhBenchmark.run":
  1936.896 ±(99.9%) 34.150 ns/op [Average]
  (min, avg, max) = (1926.325, 1936.896, 1946.898), stdev = 8.869
  CI (99.9%): [1902.745, 1971.046] (assumes normal distribution)


# JMH version: 1.37
# VM version: JDK 25.0.1, OpenJDK 64-Bit Server VM, 25.0.1+8-LTS
# VM invoker: /home/rasmus/.gradle/jdks/eclipse_adoptium-25-amd64-linux.2/bin/java
# VM options: --enable-native-access=ALL-UNNAMED -Dfile.encoding=UTF-8 -Duser.country -Duser.language=en -Duser.variant -Dkoblas.bench.cases=/home/rasmus/.codex/worktrees/703f/koblas/koblas-bench/reports/f342c3192a41a07cf0454d7d4d5324f8289cc01329bcc9c990b986dcdd2f5922/20260911T153950Z-a038f25ac668/cases.txt
# Blackhole mode: compiler (auto-detected, use -Djmh.blackhole.autoDetect=false to disable)
# Warmup: 3 iterations, 200000000 ns each
# Measurement: 5 iterations, 200000000 ns each
# Timeout: 10 min per iteration
# Threads: 1 thread, will synchronize iterations
# Benchmark mode: Average time, time/op
# Benchmark: com.eignex.koblas.bench.KoblasJmhBenchmark.run
# Parameters: (benchmarkMode = jvm-scalar, caseId = gemm-block+32x16x65+uniform+physical=4x4+work=gemm-add-v1+leftLayout=depth-rows-v1+rightLayout=depth-columns-v1+leftGroup=4+rightGroup=4+leftStride=4+rightStride=4+padding=zero+alignment=8+block=32x16x65+panel=65+diagonal=0+rhs=0+batch=1+variant=current-tile-v1+timing=prepacked-compute)

# Run progress: 98.29% complete, ETA 00:00:03
# Fork: 1 of 1
WARNING: A terminally deprecated method in sun.misc.Unsafe has been called
WARNING: sun.misc.Unsafe::objectFieldOffset has been called by org.openjdk.jmh.util.Utils (file:/home/rasmus/.gradle/caches/modules-2/files-2.1/org.openjdk.jmh/jmh-core/1.37/896f27e49105b35ea1964319c83d12082e7a79ef/jmh-core-1.37.jar)
WARNING: Please consider reporting this to the maintainers of class org.openjdk.jmh.util.Utils
WARNING: sun.misc.Unsafe::objectFieldOffset will be removed in a future release
# Warmup Iteration   1: 10393.207 ns/op
# Warmup Iteration   2: 8214.262 ns/op
# Warmup Iteration   3: 8175.653 ns/op
Iteration   1: 8605.147 ns/op
Iteration   2: 8902.146 ns/op
Iteration   3: 8870.200 ns/op
Iteration   4: 8873.205 ns/op
Iteration   5: 8859.246 ns/op


Result "com.eignex.koblas.bench.KoblasJmhBenchmark.run":
  8821.989 ±(99.9%) 470.745 ns/op [Average]
  (min, avg, max) = (8605.147, 8821.989, 8902.146), stdev = 122.251
  CI (99.9%): [8351.244, 9292.733] (assumes normal distribution)


# JMH version: 1.37
# VM version: JDK 25.0.1, OpenJDK 64-Bit Server VM, 25.0.1+8-LTS
# VM invoker: /home/rasmus/.gradle/jdks/eclipse_adoptium-25-amd64-linux.2/bin/java
# VM options: --enable-native-access=ALL-UNNAMED -Dfile.encoding=UTF-8 -Duser.country -Duser.language=en -Duser.variant -Dkoblas.bench.cases=/home/rasmus/.codex/worktrees/703f/koblas/koblas-bench/reports/f342c3192a41a07cf0454d7d4d5324f8289cc01329bcc9c990b986dcdd2f5922/20260911T153950Z-a038f25ac668/cases.txt
# Blackhole mode: compiler (auto-detected, use -Djmh.blackhole.autoDetect=false to disable)
# Warmup: 3 iterations, 200000000 ns each
# Measurement: 5 iterations, 200000000 ns each
# Timeout: 10 min per iteration
# Threads: 1 thread, will synchronize iterations
# Benchmark mode: Average time, time/op
# Benchmark: com.eignex.koblas.bench.KoblasJmhBenchmark.run
# Parameters: (benchmarkMode = jvm-scalar, caseId = gemm-block+32x16x65+uniform+physical=4x4+work=gemm-add-v1+leftLayout=depth-rows-v1+rightLayout=depth-columns-v1+leftGroup=4+rightGroup=4+leftStride=4+rightStride=4+padding=zero+alignment=8+block=32x16x65+panel=65+diagonal=0+rhs=0+batch=1+variant=current-tile-v1+timing=pack-plus-compute)

# Run progress: 99.15% complete, ETA 00:00:01
# Fork: 1 of 1
WARNING: A terminally deprecated method in sun.misc.Unsafe has been called
WARNING: sun.misc.Unsafe::objectFieldOffset has been called by org.openjdk.jmh.util.Utils (file:/home/rasmus/.gradle/caches/modules-2/files-2.1/org.openjdk.jmh/jmh-core/1.37/896f27e49105b35ea1964319c83d12082e7a79ef/jmh-core-1.37.jar)
WARNING: Please consider reporting this to the maintainers of class org.openjdk.jmh.util.Utils
WARNING: sun.misc.Unsafe::objectFieldOffset will be removed in a future release
# Warmup Iteration   1: 15338.568 ns/op
# Warmup Iteration   2: 12068.681 ns/op
# Warmup Iteration   3: 11996.833 ns/op
Iteration   1: 11988.043 ns/op
Iteration   2: 11972.502 ns/op
Iteration   3: 11959.958 ns/op
Iteration   4: 12029.284 ns/op
Iteration   5: 11948.005 ns/op


Result "com.eignex.koblas.bench.KoblasJmhBenchmark.run":
  11979.558 ±(99.9%) 121.375 ns/op [Average]
  (min, avg, max) = (11948.005, 11979.558, 12029.284), stdev = 31.521
  CI (99.9%): [11858.183, 12100.933] (assumes normal distribution)


# Run complete. Total time: 00:03:32

REMEMBER: The numbers below are just data. To gain reusable insights, you need to follow up on
why the numbers are the way they are. Use profilers (see -prof, -lprof), design factorial
experiments, perform baseline and negative tests that provide experimental control, make sure
the benchmarking environment is safe on JVM/OS/HW level, ask for reviews from the domain experts.
Do not assume the numbers tell you what you want them to tell.

NOTE: Current JVM experimentally supports Compiler Blackholes, and they are in use. Please exercise
extra caution when trusting the results, look into the generated code to check the benchmark still
works, and factor in a small probability of new VM bugs. Additionally, while comparisons between
different JVMs are already problematic, the performance difference caused by different Blackhole
modes can be very significant. Please make sure you use the consistent Blackhole mode for comparisons.

Benchmark               (benchmarkMode)                                                                                                                                                                                                                                                                                                                   (caseId)  Mode  Cnt       Score       Error  Units
KoblasJmhBenchmark.run       jvm-scalar                                                                                                                                                                                                                                                                                                           dot+4096+uniform  avgt    5    2071.720 ±    53.072  ns/op
KoblasJmhBenchmark.run       jvm-scalar                                                                                                                                                                                                                                                                                                          axpy+4096+uniform  avgt    5    1345.185 ±   412.723  ns/op
KoblasJmhBenchmark.run       jvm-scalar                                                                                                                                                                                                                                                                                               axpy-arithmetic+4096+uniform  avgt    5    1416.528 ±    61.005  ns/op
KoblasJmhBenchmark.run       jvm-scalar                                                                                                                                                                                                                                                                                                          scal+4096+uniform  avgt    5    1152.912 ±   149.579  ns/op
KoblasJmhBenchmark.run       jvm-scalar                                                                                                                                                                                                                                                                                                          nrm2+4096+uniform  avgt    5    2558.074 ±   863.892  ns/op
KoblasJmhBenchmark.run       jvm-scalar                                                                                                                                                                                                                                                                                                          asum+4096+uniform  avgt    5    2697.342 ±  2357.966  ns/op
KoblasJmhBenchmark.run       jvm-scalar                                                                                                                                                                                                                                                                                                           sum+4096+uniform  avgt    5    2203.286 ±  2779.257  ns/op
KoblasJmhBenchmark.run       jvm-scalar                                                                                                                                                                                                                                                                                               compensated-sum+4096+uniform  avgt    5    3082.604 ±   501.166  ns/op
KoblasJmhBenchmark.run       jvm-scalar                                                                                                                                                                                                                                                                                                         iamax+4096+uniform  avgt    5    1296.534 ±    15.510  ns/op
KoblasJmhBenchmark.run       jvm-scalar                                                                                                                                                                                                                                                                                                          swap+4096+uniform  avgt    5    2405.843 ±    99.470  ns/op
KoblasJmhBenchmark.run       jvm-scalar                                                                                                                                                                                                                                                                                                           rot+4096+uniform  avgt    5    2566.028 ±   256.008  ns/op
KoblasJmhBenchmark.run       jvm-scalar                                                                                                                                                                                                                                                                                                          rotm+4096+uniform  avgt    5    3647.905 ±   122.609  ns/op
KoblasJmhBenchmark.run       jvm-scalar                                                                                                                                                                                                                                                                                                            rotmg+1+uniform  avgt    5       8.111 ±     4.779  ns/op
KoblasJmhBenchmark.run       jvm-scalar                                                                                                                                                                                                                                                                                                          ssqd+4096+uniform  avgt    5    1798.319 ±   172.521  ns/op
KoblasJmhBenchmark.run       jvm-scalar                                                                                                                                                                                                                                                                                                          dot4+4096+uniform  avgt    5    3473.176 ±   357.578  ns/op
KoblasJmhBenchmark.run       jvm-scalar                                                                                                                                                                                                                                                                                                         axpy4+4096+uniform  avgt    5    4088.392 ±   383.482  ns/op
KoblasJmhBenchmark.run       jvm-scalar                                                                                                                                                                                                                                                                                                      dot-axpy+4096+uniform  avgt    5    2491.215 ±   205.196  ns/op
KoblasJmhBenchmark.run       jvm-scalar                                                                                                                                                                                                                                                                                                         gemv+32x21+uniform  avgt    5     215.788 ±    40.879  ns/op
KoblasJmhBenchmark.run       jvm-scalar                                                                                                                                                                                                                                                                                               gemv+129x31+uniform+transA=T  avgt    5    1026.331 ±   124.173  ns/op
KoblasJmhBenchmark.run       jvm-scalar                                                                                                                                                                                                                                                                                                    symv+129+uniform+uplo=U  avgt    5    4229.071 ±   129.954  ns/op
KoblasJmhBenchmark.run       jvm-scalar                                                                                                                                                                                                                                                                                                         ger+129x31+uniform  avgt    5    1870.748 ±   141.229  ns/op
KoblasJmhBenchmark.run       jvm-scalar                                                                                                                                                                                                                                                                                                     syr+129+uniform+uplo=L  avgt    5    5641.301 ±   247.531  ns/op
KoblasJmhBenchmark.run       jvm-scalar                                                                                                                                                                                                                                                                                                    syr2+129+uniform+uplo=U  avgt    5    8656.480 ±   245.725  ns/op
KoblasJmhBenchmark.run       jvm-scalar                                                                                                                                                                                                                                                                                 trsv+129+triangular+uplo=L+transA=N+diag=N  avgt    5    3671.877 ±   631.726  ns/op
KoblasJmhBenchmark.run       jvm-scalar                                                                                                                                                                                                                                                                                 trmv+129+triangular+uplo=U+transA=T+diag=U  avgt    5    2822.292 ±    44.305  ns/op
KoblasJmhBenchmark.run       jvm-scalar                                                                                                                                                                                                                                                                                                      gemm+32x21x48+uniform  avgt    5   10957.286 ±   194.045  ns/op
KoblasJmhBenchmark.run       jvm-scalar                                                                                                                                                                                                                                                                                           gemm+129x31x257+uniform+transA=T  avgt    5  254117.186 ± 40093.815  ns/op
KoblasJmhBenchmark.run       jvm-scalar                                                                                                                                                                                                                                                                                            gemm+65x127x33+uniform+transB=T  avgt    5   73352.828 ±   689.890  ns/op
KoblasJmhBenchmark.run       jvm-scalar                                                                                                                                                                                                                                                                                          symm+129x31+uniform+side=L+uplo=L  avgt    5  139451.000 ±  5790.801  ns/op
KoblasJmhBenchmark.run       jvm-scalar                                                                                                                                                                                                                                                                                          symm+31x129+uniform+side=R+uplo=U  avgt    5  130850.904 ± 19477.616  ns/op
KoblasJmhBenchmark.run       jvm-scalar                                                                                                                                                                                                                                                                              gemmt+129x31+uniform+uplo=L+transA=N+transB=N  avgt    5  146799.420 ± 31322.816  ns/op
KoblasJmhBenchmark.run       jvm-scalar                                                                                                                                                                                                                                                                                        syrk+129x31+uniform+uplo=L+transA=N  avgt    5   71397.032 ±   907.361  ns/op
KoblasJmhBenchmark.run       jvm-scalar                                                                                                                                                                                                                                                                                       syr2k+129x31+uniform+uplo=U+transA=T  avgt    5  163369.324 ± 36603.873  ns/op
KoblasJmhBenchmark.run       jvm-scalar                                                                                                                                                                                                                                                                        trsm+64x16+triangular+side=L+uplo=L+transA=N+diag=N  avgt    5   14710.617 ±   203.846  ns/op
KoblasJmhBenchmark.run       jvm-scalar                                                                                                                                                                                                                                                                        trsm+17x64+triangular+side=R+uplo=U+transA=T+diag=U  avgt    5   16541.942 ±   315.750  ns/op
KoblasJmhBenchmark.run       jvm-scalar                                                                                                                                                                                                                                                                        trmm+64x16+triangular+side=L+uplo=U+transA=T+diag=N  avgt    5   12375.320 ±  2410.028  ns/op
KoblasJmhBenchmark.run       jvm-scalar                                                                                                                                                                                                                                                                        trmm+17x64+triangular+side=R+uplo=L+transA=N+diag=U  avgt    5   15111.437 ±  1747.647  ns/op
KoblasJmhBenchmark.run       jvm-scalar                                           gemm-tile+4x4x32+uniform+physical=4x4+work=gemm-add-v1+leftLayout=depth-rows-v1+rightLayout=depth-columns-v1+leftGroup=4+rightGroup=4+leftStride=4+rightStride=4+padding=zero+alignment=8+block=4x4x32+panel=32+diagonal=0+rhs=0+batch=1+variant=current-tile-v1+timing=raw-tile  avgt    5     125.206 ±     2.707  ns/op
KoblasJmhBenchmark.run       jvm-scalar                                           gemm-tile+3x2x31+uniform+physical=4x4+work=gemm-add-v1+leftLayout=depth-rows-v1+rightLayout=depth-columns-v1+leftGroup=4+rightGroup=4+leftStride=4+rightStride=4+padding=zero+alignment=8+block=3x2x31+panel=31+diagonal=0+rhs=0+batch=1+variant=current-tile-v1+timing=raw-tile  avgt    5     122.181 ±     1.203  ns/op
KoblasJmhBenchmark.run       jvm-scalar                          packed-trsm+4x4+triangular+physical=4x4+uplo=L+diag=N+work=right-solve-v1+leftLayout=depth-rows-v1+rightLayout=depth-columns-v1+leftGroup=4+rightGroup=4+leftStride=4+rightStride=4+padding=zero+alignment=8+block=4x4x4+panel=4+diagonal=4+rhs=4+batch=1+variant=current-tile-v1+timing=raw-tile  avgt    5      43.287 ±     7.584  ns/op
KoblasJmhBenchmark.run       jvm-scalar                          packed-trsm+3x2+triangular+physical=4x4+uplo=U+diag=U+work=right-solve-v1+leftLayout=depth-rows-v1+rightLayout=depth-columns-v1+leftGroup=4+rightGroup=4+leftStride=4+rightStride=4+padding=zero+alignment=8+block=3x2x2+panel=2+diagonal=2+rhs=3+batch=1+variant=current-tile-v1+timing=raw-tile  avgt    5      11.200 ±     1.957  ns/op
KoblasJmhBenchmark.run       jvm-scalar                      gemm-trsm+4x4x32+triangular+physical=4x4+uplo=L+diag=N+work=update-solve-v1+leftLayout=depth-rows-v1+rightLayout=depth-columns-v1+leftGroup=4+rightGroup=4+leftStride=4+rightStride=4+padding=zero+alignment=8+block=4x4x32+panel=32+diagonal=4+rhs=4+batch=1+variant=current-tile-v1+timing=raw-tile  avgt    5     263.037 ±    35.045  ns/op
KoblasJmhBenchmark.run       jvm-scalar                      gemm-trsm+3x2x31+triangular+physical=4x4+uplo=U+diag=U+work=update-solve-v1+leftLayout=depth-rows-v1+rightLayout=depth-columns-v1+leftGroup=4+rightGroup=4+leftStride=4+rightStride=4+padding=zero+alignment=8+block=3x2x31+panel=31+diagonal=2+rhs=3+batch=1+variant=current-tile-v1+timing=raw-tile  avgt    5      90.146 ±    12.977  ns/op
KoblasJmhBenchmark.run       jvm-scalar                                       pack-left+4x32+uniform+physical=4x4+work=pack-left-v1+leftLayout=depth-rows-v1+rightLayout=depth-columns-v1+leftGroup=4+rightGroup=4+leftStride=4+rightStride=4+padding=zero+alignment=8+block=4x32x32+panel=32+diagonal=0+rhs=0+batch=1+variant=current-tile-v1+timing=packing-only  avgt    5     130.093 ±    20.832  ns/op
KoblasJmhBenchmark.run       jvm-scalar                                       pack-left+3x31+uniform+physical=4x4+work=pack-left-v1+leftLayout=depth-rows-v1+rightLayout=depth-columns-v1+leftGroup=4+rightGroup=4+leftStride=4+rightStride=4+padding=zero+alignment=8+block=3x31x31+panel=31+diagonal=0+rhs=0+batch=1+variant=current-tile-v1+timing=packing-only  avgt    5     142.621 ±    19.128  ns/op
KoblasJmhBenchmark.run       jvm-scalar                                     pack-right+32x4+uniform+physical=4x4+work=pack-right-v1+leftLayout=depth-rows-v1+rightLayout=depth-columns-v1+leftGroup=4+rightGroup=4+leftStride=4+rightStride=4+padding=zero+alignment=8+block=32x4x32+panel=32+diagonal=0+rhs=0+batch=1+variant=current-tile-v1+timing=packing-only  avgt    5     137.996 ±    25.969  ns/op
KoblasJmhBenchmark.run       jvm-scalar                                     pack-right+31x2+uniform+physical=4x4+work=pack-right-v1+leftLayout=depth-rows-v1+rightLayout=depth-columns-v1+leftGroup=4+rightGroup=4+leftStride=4+rightStride=4+padding=zero+alignment=8+block=31x2x31+panel=31+diagonal=0+rhs=0+batch=1+variant=current-tile-v1+timing=packing-only  avgt    5     135.735 ±    23.937  ns/op
KoblasJmhBenchmark.run       jvm-scalar                pack-symmetric-left+4x4+uniform+physical=4x4+uplo=L+work=pack-symmetric-left-v1+leftLayout=depth-rows-v1+rightLayout=depth-columns-v1+leftGroup=4+rightGroup=4+leftStride=4+rightStride=4+padding=zero+alignment=8+block=4x4x4+panel=4+diagonal=0+rhs=0+batch=1+variant=current-tile-v1+timing=packing-only  avgt    5      32.995 ±     0.426  ns/op
KoblasJmhBenchmark.run       jvm-scalar              pack-symmetric-right+4x4+uniform+physical=4x4+uplo=U+work=pack-symmetric-right-v1+leftLayout=depth-rows-v1+rightLayout=depth-columns-v1+leftGroup=4+rightGroup=4+leftStride=4+rightStride=4+padding=zero+alignment=8+block=4x4x4+panel=4+diagonal=0+rhs=0+batch=1+variant=current-tile-v1+timing=packing-only  avgt    5      31.621 ±     0.409  ns/op
KoblasJmhBenchmark.run       jvm-scalar    pack-triangular-left+4x4+triangular+physical=4x4+uplo=L+diag=N+work=pack-triangular-left-v1+leftLayout=depth-rows-v1+rightLayout=depth-columns-v1+leftGroup=4+rightGroup=4+leftStride=4+rightStride=4+padding=zero+alignment=8+block=4x4x4+panel=4+diagonal=0+rhs=0+batch=1+variant=current-tile-v1+timing=packing-only  avgt    5      29.298 ±     4.372  ns/op
KoblasJmhBenchmark.run       jvm-scalar  pack-triangular-right+4x4+triangular+physical=4x4+uplo=U+diag=U+work=pack-triangular-right-v1+leftLayout=depth-rows-v1+rightLayout=depth-columns-v1+leftGroup=4+rightGroup=4+leftStride=4+rightStride=4+padding=zero+alignment=8+block=4x4x4+panel=4+diagonal=0+rhs=0+batch=1+variant=current-tile-v1+timing=packing-only  avgt    5      35.808 ±     1.081  ns/op
KoblasJmhBenchmark.run       jvm-scalar                                      write-left+3x31+uniform+physical=4x4+work=write-left-v1+leftLayout=depth-rows-v1+rightLayout=depth-columns-v1+leftGroup=4+rightGroup=4+leftStride=4+rightStride=4+padding=zero+alignment=8+block=3x31x31+panel=31+diagonal=0+rhs=0+batch=1+variant=current-tile-v1+timing=layout-only  avgt    5      65.633 ±     1.724  ns/op
KoblasJmhBenchmark.run       jvm-scalar                                      write-left+4x32+uniform+physical=4x4+work=write-left-v1+leftLayout=depth-rows-v1+rightLayout=depth-columns-v1+leftGroup=4+rightGroup=4+leftStride=4+rightStride=4+padding=zero+alignment=8+block=4x32x32+panel=32+diagonal=0+rhs=0+batch=1+variant=current-tile-v1+timing=layout-only  avgt    5      78.104 ±     2.849  ns/op
KoblasJmhBenchmark.run       jvm-scalar                                    write-right+31x2+uniform+physical=4x4+work=write-right-v1+leftLayout=depth-rows-v1+rightLayout=depth-columns-v1+leftGroup=4+rightGroup=4+leftStride=4+rightStride=4+padding=zero+alignment=8+block=31x2x31+panel=31+diagonal=0+rhs=0+batch=1+variant=current-tile-v1+timing=layout-only  avgt    5      85.369 ±    13.303  ns/op
KoblasJmhBenchmark.run       jvm-scalar                                    write-right+32x4+uniform+physical=4x4+work=write-right-v1+leftLayout=depth-rows-v1+rightLayout=depth-columns-v1+leftGroup=4+rightGroup=4+leftStride=4+rightStride=4+padding=zero+alignment=8+block=32x4x32+panel=32+diagonal=0+rhs=0+batch=1+variant=current-tile-v1+timing=layout-only  avgt    5     120.465 ±     1.131  ns/op
KoblasJmhBenchmark.run       jvm-scalar                      clear-left-padding+3x31+uniform+physical=4x4+work=clear-left-padding-v1+leftLayout=depth-rows-v1+rightLayout=depth-columns-v1+leftGroup=4+rightGroup=4+leftStride=4+rightStride=4+padding=zero+alignment=8+block=3x31x31+panel=31+diagonal=0+rhs=0+batch=1+variant=current-tile-v1+timing=layout-only  avgt    5      75.838 ±     4.007  ns/op
KoblasJmhBenchmark.run       jvm-scalar                      clear-left-padding+4x32+uniform+physical=4x4+work=clear-left-padding-v1+leftLayout=depth-rows-v1+rightLayout=depth-columns-v1+leftGroup=4+rightGroup=4+leftStride=4+rightStride=4+padding=zero+alignment=8+block=4x32x32+panel=32+diagonal=0+rhs=0+batch=1+variant=current-tile-v1+timing=layout-only  avgt    5       7.126 ±     0.119  ns/op
KoblasJmhBenchmark.run       jvm-scalar                    clear-right-padding+31x2+uniform+physical=4x4+work=clear-right-padding-v1+leftLayout=depth-rows-v1+rightLayout=depth-columns-v1+leftGroup=4+rightGroup=4+leftStride=4+rightStride=4+padding=zero+alignment=8+block=31x2x31+panel=31+diagonal=0+rhs=0+batch=1+variant=current-tile-v1+timing=layout-only  avgt    5      79.118 ±     3.711  ns/op
KoblasJmhBenchmark.run       jvm-scalar                    clear-right-padding+32x4+uniform+physical=4x4+work=clear-right-padding-v1+leftLayout=depth-rows-v1+rightLayout=depth-columns-v1+leftGroup=4+rightGroup=4+leftStride=4+rightStride=4+padding=zero+alignment=8+block=32x4x32+panel=32+diagonal=0+rhs=0+batch=1+variant=current-tile-v1+timing=layout-only  avgt    5       7.692 ±     1.265  ns/op
KoblasJmhBenchmark.run       jvm-scalar                                                                                                                                                                                                                                                                                     spdot+4096+sparse-uniform+density=0.01  avgt    5      20.105 ±     0.738  ns/op
KoblasJmhBenchmark.run       jvm-scalar                                                                                                                                                                                                                                                                                  spdot-raw+64+sparse-uniform+density=0.125  avgt    5       9.426 ±     0.183  ns/op
KoblasJmhBenchmark.run       jvm-scalar                                                                                                                                                                                                                                                                               spdot-raw+4096+sparse-uniform+density=0.0625  avgt    5     162.549 ±     1.937  ns/op
KoblasJmhBenchmark.run       jvm-scalar                                                                                                                                                                                                                                                                            spdot-raw+65536+sparse-uniform+density=0.015625  avgt    5     773.667 ±    25.782  ns/op
KoblasJmhBenchmark.run       jvm-scalar                                                                                                                                                                                                                                                                            spdot-raw+262144+sparse-uniform+density=0.03125  avgt    5    6789.628 ±  1355.919  ns/op
KoblasJmhBenchmark.run       jvm-scalar                                                                                                                                                                                                                                                                              spdot-sparse+4096+sparse-uniform+density=0.01  avgt    5      62.612 ±     8.089  ns/op
KoblasJmhBenchmark.run       jvm-scalar                                                                                                                                                                                                                                                                                    spaxpy+4096+sparse-uniform+density=0.01  avgt    5     762.866 ±    85.802  ns/op
KoblasJmhBenchmark.run       jvm-scalar                                                                                                                                                                                                                                                                                 spaxpy-raw+64+sparse-uniform+density=0.125  avgt    5      15.661 ±     2.586  ns/op
KoblasJmhBenchmark.run       jvm-scalar                                                                                                                                                                                                                                                                              spaxpy-raw+4096+sparse-uniform+density=0.0625  avgt    5    1147.186 ±    40.962  ns/op
KoblasJmhBenchmark.run       jvm-scalar                                                                                                                                                                                                                                                                           spaxpy-raw+65536+sparse-uniform+density=0.015625  avgt    5   13358.097 ±  1343.164  ns/op
KoblasJmhBenchmark.run       jvm-scalar                                                                                                                                                                                                                                                                           spaxpy-raw+262144+sparse-uniform+density=0.03125  avgt    5  108504.728 ± 14376.600  ns/op
KoblasJmhBenchmark.run       jvm-scalar                                                                                                                                                                                                                                                                                    spnrm2+4096+sparse-uniform+density=0.01  avgt    5      14.790 ±     2.631  ns/op
KoblasJmhBenchmark.run       jvm-scalar                                                                                                                                                                                                                                                                            spnrm2-indexed+4096+sparse-uniform+density=0.01  avgt    5      24.172 ±     2.842  ns/op
KoblasJmhBenchmark.run       jvm-scalar                                                                                                                                                                                                                                                                             spnrm2-indexed+4096+sparse-uniform+density=0.5  avgt    5    1268.059 ±    63.047  ns/op
KoblasJmhBenchmark.run       jvm-scalar                                                                                                                                                                                                                                                                       spnrm2-indexed+262144+sparse-uniform+density=0.03125  avgt    5    6021.612 ±  1600.529  ns/op
KoblasJmhBenchmark.run       jvm-scalar                                                                                                                                                                                                                                                                                    spasum+4096+sparse-uniform+density=0.01  avgt    5      14.093 ±     0.196  ns/op
KoblasJmhBenchmark.run       jvm-scalar                                                                                                                                                                                                                                                                                 spscatter+4096+sparse-uniform+density=0.01  avgt    5     746.806 ±    17.034  ns/op
KoblasJmhBenchmark.run       jvm-scalar                                                                                                                                                                                                                                                                              spscatter-raw+64+sparse-uniform+density=0.125  avgt    5      14.842 ±     2.423  ns/op
KoblasJmhBenchmark.run       jvm-scalar                                                                                                                                                                                                                                                                           spscatter-raw+4096+sparse-uniform+density=0.0625  avgt    5     825.557 ±    95.811  ns/op
KoblasJmhBenchmark.run       jvm-scalar                                                                                                                                                                                                                                                                        spscatter-raw+65536+sparse-uniform+density=0.015625  avgt    5   14469.813 ±   730.607  ns/op
KoblasJmhBenchmark.run       jvm-scalar                                                                                                                                                                                                                                                                        spscatter-raw+262144+sparse-uniform+density=0.03125  avgt    5  111523.006 ±  4235.189  ns/op
KoblasJmhBenchmark.run       jvm-scalar                                                                                                                                                                                                                                                                                  spgather+4096+sparse-uniform+density=0.01  avgt    5     811.250 ±    23.047  ns/op
KoblasJmhBenchmark.run       jvm-scalar                                                                                                                                                                                                                                                                             spgather-zero+4096+sparse-uniform+density=0.01  avgt    5     790.674 ±   106.934  ns/op
KoblasJmhBenchmark.run       jvm-scalar                                                                                                                                                                                                                                                                   spgemv+257x129+sparse-uniform+density=0.01+mode=prepared  avgt    5     446.644 ±    85.413  ns/op
KoblasJmhBenchmark.run       jvm-scalar                                                                                                                                                                                                                                                                    spgemv+257x129+sparse-uniform+density=0.01+mode=oneshot  avgt    5     427.737 ±     8.041  ns/op
KoblasJmhBenchmark.run       jvm-scalar                                                                                                                                                                                                                                                                   spmm+257x8x129+sparse-uniform+density=0.01+mode=prepared  avgt    5    3875.900 ±    86.989  ns/op
KoblasJmhBenchmark.run       jvm-scalar                                                                                                                                                                                                                                                                    spmm+257x8x129+sparse-uniform+density=0.01+mode=oneshot  avgt    5    3340.366 ±    81.530  ns/op
KoblasJmhBenchmark.run       jvm-scalar                                                                                                                                                                                                                                                                 spgemm+129x97x65+sparse-uniform+density=0.01+mode=prepared  avgt    5    1430.359 ±    29.870  ns/op
KoblasJmhBenchmark.run       jvm-scalar                                                                                                                                                                                                                                                                  spgemm+129x97x65+sparse-uniform+density=0.01+mode=oneshot  avgt    5    1472.546 ±   821.290  ns/op
KoblasJmhBenchmark.run       jvm-scalar                                                                                                                                                                                                                                                              spsymv+129+sparse-triangular+density=0.02+mode=oneshot+uplo=L  avgt    5     529.905 ±    25.625  ns/op
KoblasJmhBenchmark.run       jvm-scalar                                                                                                                                                                                                                                                     spsymm+129x8+sparse-triangular+density=0.02+mode=oneshot+side=L+uplo=L  avgt    5    3184.248 ±   525.778  ns/op
KoblasJmhBenchmark.run       jvm-scalar                                                                                                                                                                                                                                              sptrsv+129+sparse-triangular+density=0.02+mode=oneshot+uplo=L+transA=N+diag=N  avgt    5     618.231 ±    10.745  ns/op
KoblasJmhBenchmark.run       jvm-scalar                                                                                                                                                                                                                                              sptrmv+129+sparse-triangular+density=0.02+mode=oneshot+uplo=U+transA=T+diag=U  avgt    5     366.188 ±    14.726  ns/op
KoblasJmhBenchmark.run       jvm-scalar                                                                                                                                                                                                                                     sptrsm+129x8+sparse-triangular+density=0.02+mode=oneshot+side=L+uplo=L+transA=N+diag=N  avgt    5    5036.527 ±    65.374  ns/op
KoblasJmhBenchmark.run       jvm-scalar                                                                                                                                                                                                                                     sptrmm+129x8+sparse-triangular+density=0.02+mode=oneshot+side=L+uplo=U+transA=T+diag=U  avgt    5    4325.502 ±    56.579  ns/op
KoblasJmhBenchmark.run       jvm-scalar                                                                                                                                                                                                                                                                     spsyrk-dense+129x65+sparse-uniform+density=0.02+uplo=U  avgt    5    6988.783 ±  2326.284  ns/op
KoblasJmhBenchmark.run       jvm-scalar                                                                                                                                                                                                                                                                    spsyrk-sparse+129x65+sparse-uniform+density=0.02+uplo=L  avgt    5    3820.530 ±  1492.827  ns/op
KoblasJmhBenchmark.run       jvm-scalar                                                                                                                                                                                                                                                                                   spadd+129x65+sparse-uniform+density=0.02  avgt    5    1377.551 ±   400.610  ns/op
KoblasJmhBenchmark.run       jvm-scalar                                                                                                                                                                                                                                                                      sparse-slices-scatter+512+sparse-uniform+density=0.25  avgt    5     220.983 ±    30.002  ns/op
KoblasJmhBenchmark.run       jvm-scalar                                                                                                                                                                                                                                                              sparse-slices-scatter-checked+512+sparse-uniform+density=0.25  avgt    5     389.327 ±    67.312  ns/op
KoblasJmhBenchmark.run       jvm-scalar                                                                                                                                                                                                                                                                       sparse-slices-gather+512+sparse-uniform+density=0.25  avgt    5      77.261 ±    12.295  ns/op
KoblasJmhBenchmark.run       jvm-scalar                                                                                                                                                                                                                                                                 sparse-slices-gather-clear+512+sparse-uniform+density=0.25  avgt    5     188.684 ±    10.189  ns/op
KoblasJmhBenchmark.run       jvm-scalar                                                                                                                                                                                                                                                                        sparse-slices-clear+512+sparse-uniform+density=0.25  avgt    5     117.679 ±    18.811  ns/op
KoblasJmhBenchmark.run       jvm-scalar                                                                                                                                                                                                                                                                  sparse-slices-clear-local+512+sparse-uniform+density=0.25  avgt    5     137.742 ±    21.063  ns/op
KoblasJmhBenchmark.run       jvm-scalar                                                                                                                                                                                                                                                           sparse-slices-reduce-dot-checked+512+sparse-uniform+density=0.25  avgt    5     372.997 ±    88.187  ns/op
KoblasJmhBenchmark.run       jvm-scalar                                                                                                                                                                                                                                                             sparse-slices-reduce-dot-local+512+sparse-uniform+density=0.25  avgt    5     312.247 ±    18.065  ns/op
KoblasJmhBenchmark.run       jvm-scalar                                                                                                                                                                                                                                                         sparse-slices-reduce-dot-unchecked+512+sparse-uniform+density=0.25  avgt    5      79.401 ±    10.602  ns/op
KoblasJmhBenchmark.run       jvm-scalar                                                                                                                                                                                                                                                                          sparse-slices-max+512+sparse-uniform+density=0.25  avgt    5     245.387 ±    29.836  ns/op
KoblasJmhBenchmark.run       jvm-scalar                                                                                                                                                                                                                                                                       sparse-slices-filter+512+sparse-uniform+density=0.25  avgt    5     169.976 ±    24.054  ns/op
KoblasJmhBenchmark.run       jvm-scalar                                                                                                                                                                                                                                                                                                       gemm+257x3x1+uniform  avgt    5    2592.794 ±    29.626  ns/op
KoblasJmhBenchmark.run       jvm-scalar                                                                                                                                                                                                                                                                                                      gemm+3x257x33+uniform  avgt    5   18411.556 ±   248.457  ns/op
KoblasJmhBenchmark.run       jvm-scalar                                                                                                                                                                                                                                                                                                      gemm+127x5x65+uniform  avgt    5   20992.051 ±   476.614  ns/op
KoblasJmhBenchmark.run       jvm-scalar                                                                                                                                                                                                                                                                         trsm+65x1+triangular+side=L+uplo=L+transA=N+diag=N  avgt    5    1207.125 ±    17.266  ns/op
KoblasJmhBenchmark.run       jvm-scalar                                                                                                                                                                                                                                                                        trsm+65x33+triangular+side=L+uplo=U+transA=T+diag=U  avgt    5   69087.930 ± 13712.231  ns/op
KoblasJmhBenchmark.run       jvm-scalar                               gemm-block+15x7x31+uniform+physical=4x4+work=gemm-add-v1+leftLayout=depth-rows-v1+rightLayout=depth-columns-v1+leftGroup=4+rightGroup=4+leftStride=4+rightStride=4+padding=zero+alignment=8+block=15x7x31+panel=31+diagonal=0+rhs=0+batch=1+variant=current-tile-v1+timing=prepacked-compute  avgt    5    1221.891 ±   247.810  ns/op
KoblasJmhBenchmark.run       jvm-scalar                               gemm-block+15x7x31+uniform+physical=4x4+work=gemm-add-v1+leftLayout=depth-rows-v1+rightLayout=depth-columns-v1+leftGroup=4+rightGroup=4+leftStride=4+rightStride=4+padding=zero+alignment=8+block=15x7x31+panel=31+diagonal=0+rhs=0+batch=1+variant=current-tile-v1+timing=pack-plus-compute  avgt    5    1936.896 ±    34.150  ns/op
KoblasJmhBenchmark.run       jvm-scalar                             gemm-block+32x16x65+uniform+physical=4x4+work=gemm-add-v1+leftLayout=depth-rows-v1+rightLayout=depth-columns-v1+leftGroup=4+rightGroup=4+leftStride=4+rightStride=4+padding=zero+alignment=8+block=32x16x65+panel=65+diagonal=0+rhs=0+batch=1+variant=current-tile-v1+timing=prepacked-compute  avgt    5    8821.989 ±   470.745  ns/op
KoblasJmhBenchmark.run       jvm-scalar                             gemm-block+32x16x65+uniform+physical=4x4+work=gemm-add-v1+leftLayout=depth-rows-v1+rightLayout=depth-columns-v1+leftGroup=4+rightGroup=4+leftStride=4+rightStride=4+padding=zero+alignment=8+block=32x16x65+panel=65+diagonal=0+rhs=0+batch=1+variant=current-tile-v1+timing=pack-plus-compute  avgt    5   11979.558 ±   121.375  ns/op
wrote 143 cases and 611 rows to /home/rasmus/.codex/worktrees/703f/koblas/koblas-bench/reports/f342c3192a41a07cf0454d7d4d5324f8289cc01329bcc9c990b986dcdd2f5922/20260911T153950Z-a038f25ac668/jvm-scalar.csv
resolved implementation=jvm-scalar/scalar/scalar/packed-4x4 runtime=kotlin-2.4.10/jvm/Eclipse Adoptium/25.0.1 harness=JMH 1.37 forks=1

BUILD SUCCESSFUL in 3m 34s
9 actionable tasks: 3 executed, 6 up-to-date
Configuration cache entry stored.
