schema,case,implementation,workload_version,fixture_version,pass,sample,operations,elapsed_ns,ns_per_op,unit,status,comparison_kind,timing_mode,source_commit,dirty,runtime,threads,warmups,target_ns,logical_id,configuration,physical_work,actual_kernel,harness,warmup_target_ns,fork,forks,elapsed_kind
4,dot+4096+uniform,native/c/c-sparse/packed-4x4,5,2,1,1,434122,199753289,460.1316887879444,ns,ok,direct,arithmetic,a038f25ac66821574b30392dc1d3b189cc287e2c,true,kotlin-native-2.4.10,1,3,200000000,dot-v1+4096+uniform,policy-v1,policy,native/policy-v1,native-calibrated-v1,50000000,1,1,monotonic-batch
4,dot+4096+uniform,native/c/c-sparse/packed-4x4,5,2,1,2,434122,200392678,461.6045213096779,ns,ok,direct,arithmetic,a038f25ac66821574b30392dc1d3b189cc287e2c,true,kotlin-native-2.4.10,1,3,200000000,dot-v1+4096+uniform,policy-v1,policy,native/policy-v1,native-calibrated-v1,50000000,1,1,monotonic-batch
4,dot+4096+uniform,native/c/c-sparse/packed-4x4,5,2,1,3,434122,200703125,462.31963595486985,ns,ok,direct,arithmetic,a038f25ac66821574b30392dc1d3b189cc287e2c,true,kotlin-native-2.4.10,1,3,200000000,dot-v1+4096+uniform,policy-v1,policy,native/policy-v1,native-calibrated-v1,50000000,1,1,monotonic-batch
4,dot+4096+uniform,native/c/c-sparse/packed-4x4,5,2,1,4,434122,200247829,461.27086164718673,ns,ok,direct,arithmetic,a038f25ac66821574b30392dc1d3b189cc287e2c,true,kotlin-native-2.4.10,1,3,200000000,dot-v1+4096+uniform,policy-v1,policy,native/policy-v1,native-calibrated-v1,50000000,1,1,monotonic-batch
4,dot+4096+uniform,native/c/c-sparse/packed-4x4,5,2,1,5,434122,199841196,460.33418255697705,ns,ok,direct,arithmetic,a038f25ac66821574b30392dc1d3b189cc287e2c,true,kotlin-native-2.4.10,1,3,200000000,dot-v1+4096+uniform,policy-v1,policy,native/policy-v1,native-calibrated-v1,50000000,1,1,monotonic-batch
4,axpy+4096+uniform,native/c/c-sparse/packed-4x4,5,2,1,1,163168,211732923,1297.6375453520297,ns,ok,direct,reset-and-arithmetic,a038f25ac66821574b30392dc1d3b189cc287e2c,true,kotlin-native-2.4.10,1,3,200000000,axpy-v1+4096+uniform,policy-v1,policy,native/policy-v1,native-calibrated-v1,50000000,1,1,monotonic-batch
4,axpy+4096+uniform,native/c/c-sparse/packed-4x4,5,2,1,2,163168,205332868,1258.4138311433614,ns,ok,direct,reset-and-arithmetic,a038f25ac66821574b30392dc1d3b189cc287e2c,true,kotlin-native-2.4.10,1,3,200000000,axpy-v1+4096+uniform,policy-v1,policy,native/policy-v1,native-calibrated-v1,50000000,1,1,monotonic-batch
4,axpy+4096+uniform,native/c/c-sparse/packed-4x4,5,2,1,3,163168,209302460,1282.7420817807413,ns,ok,direct,reset-and-arithmetic,a038f25ac66821574b30392dc1d3b189cc287e2c,true,kotlin-native-2.4.10,1,3,200000000,axpy-v1+4096+uniform,policy-v1,policy,native/policy-v1,native-calibrated-v1,50000000,1,1,monotonic-batch
4,axpy+4096+uniform,native/c/c-sparse/packed-4x4,5,2,1,4,163168,209368468,1283.1466218866444,ns,ok,direct,reset-and-arithmetic,a038f25ac66821574b30392dc1d3b189cc287e2c,true,kotlin-native-2.4.10,1,3,200000000,axpy-v1+4096+uniform,policy-v1,policy,native/policy-v1,native-calibrated-v1,50000000,1,1,monotonic-batch
4,axpy+4096+uniform,native/c/c-sparse/packed-4x4,5,2,1,5,163168,219740231,1346.7115549617572,ns,ok,direct,reset-and-arithmetic,a038f25ac66821574b30392dc1d3b189cc287e2c,true,kotlin-native-2.4.10,1,3,200000000,axpy-v1+4096+uniform,policy-v1,policy,native/policy-v1,native-calibrated-v1,50000000,1,1,monotonic-batch
4,axpy-arithmetic+4096+uniform,native/c/c-sparse/packed-4x4,5,2,1,1,156843,198045333,1262.6979399781947,ns,ok,direct,reset-and-arithmetic,a038f25ac66821574b30392dc1d3b189cc287e2c,true,kotlin-native-2.4.10,1,3,200000000,axpy-arithmetic-v1+4096+uniform,policy-v1,policy,native/policy-v1,native-calibrated-v1,50000000,1,1,monotonic-batch
4,axpy-arithmetic+4096+uniform,native/c/c-sparse/packed-4x4,5,2,1,2,156843,198357788,1264.6900913652505,ns,ok,direct,reset-and-arithmetic,a038f25ac66821574b30392dc1d3b189cc287e2c,true,kotlin-native-2.4.10,1,3,200000000,axpy-arithmetic-v1+4096+uniform,policy-v1,policy,native/policy-v1,native-calibrated-v1,50000000,1,1,monotonic-batch
4,axpy-arithmetic+4096+uniform,native/c/c-sparse/packed-4x4,5,2,1,3,156843,198452479,1265.2938224849054,ns,ok,direct,reset-and-arithmetic,a038f25ac66821574b30392dc1d3b189cc287e2c,true,kotlin-native-2.4.10,1,3,200000000,axpy-arithmetic-v1+4096+uniform,policy-v1,policy,native/policy-v1,native-calibrated-v1,50000000,1,1,monotonic-batch
4,axpy-arithmetic+4096+uniform,native/c/c-sparse/packed-4x4,5,2,1,4,156843,199950390,1274.8442072645894,ns,ok,direct,reset-and-arithmetic,a038f25ac66821574b30392dc1d3b189cc287e2c,true,kotlin-native-2.4.10,1,3,200000000,axpy-arithmetic-v1+4096+uniform,policy-v1,policy,native/policy-v1,native-calibrated-v1,50000000,1,1,monotonic-batch
4,axpy-arithmetic+4096+uniform,native/c/c-sparse/packed-4x4,5,2,1,5,156843,197731414,1260.6964544161997,ns,ok,direct,reset-and-arithmetic,a038f25ac66821574b30392dc1d3b189cc287e2c,true,kotlin-native-2.4.10,1,3,200000000,axpy-arithmetic-v1+4096+uniform,policy-v1,policy,native/policy-v1,native-calibrated-v1,50000000,1,1,monotonic-batch
4,scal+4096+uniform,native/c/c-sparse/packed-4x4,5,2,1,1,235514,200861172,852.862980544681,ns,ok,direct,reset-and-arithmetic,a038f25ac66821574b30392dc1d3b189cc287e2c,true,kotlin-native-2.4.10,1,3,200000000,scal-v1+4096+uniform,policy-v1,policy,native/policy-v1,native-calibrated-v1,50000000,1,1,monotonic-batch
4,scal+4096+uniform,native/c/c-sparse/packed-4x4,5,2,1,2,235514,198942714,844.7171463267576,ns,ok,direct,reset-and-arithmetic,a038f25ac66821574b30392dc1d3b189cc287e2c,true,kotlin-native-2.4.10,1,3,200000000,scal-v1+4096+uniform,policy-v1,policy,native/policy-v1,native-calibrated-v1,50000000,1,1,monotonic-batch
4,scal+4096+uniform,native/c/c-sparse/packed-4x4,5,2,1,3,235514,201494190,855.5507952818092,ns,ok,direct,reset-and-arithmetic,a038f25ac66821574b30392dc1d3b189cc287e2c,true,kotlin-native-2.4.10,1,3,200000000,scal-v1+4096+uniform,policy-v1,policy,native/policy-v1,native-calibrated-v1,50000000,1,1,monotonic-batch
4,scal+4096+uniform,native/c/c-sparse/packed-4x4,5,2,1,4,235514,202147655,858.3254286369388,ns,ok,direct,reset-and-arithmetic,a038f25ac66821574b30392dc1d3b189cc287e2c,true,kotlin-native-2.4.10,1,3,200000000,scal-v1+4096+uniform,policy-v1,policy,native/policy-v1,native-calibrated-v1,50000000,1,1,monotonic-batch
4,scal+4096+uniform,native/c/c-sparse/packed-4x4,5,2,1,5,235514,202662324,860.5107297230738,ns,ok,direct,reset-and-arithmetic,a038f25ac66821574b30392dc1d3b189cc287e2c,true,kotlin-native-2.4.10,1,3,200000000,scal-v1+4096+uniform,policy-v1,policy,native/policy-v1,native-calibrated-v1,50000000,1,1,monotonic-batch
4,nrm2+4096+uniform,native/c/c-sparse/packed-4x4,5,2,1,1,294503,202736933,688.4036257695168,ns,ok,direct,arithmetic,a038f25ac66821574b30392dc1d3b189cc287e2c,true,kotlin-native-2.4.10,1,3,200000000,nrm2-v1+4096+uniform,policy-v1,policy,native/policy-v1,native-calibrated-v1,50000000,1,1,monotonic-batch
4,nrm2+4096+uniform,native/c/c-sparse/packed-4x4,5,2,1,2,294503,201766783,685.1094318224262,ns,ok,direct,arithmetic,a038f25ac66821574b30392dc1d3b189cc287e2c,true,kotlin-native-2.4.10,1,3,200000000,nrm2-v1+4096+uniform,policy-v1,policy,native/policy-v1,native-calibrated-v1,50000000,1,1,monotonic-batch
4,nrm2+4096+uniform,native/c/c-sparse/packed-4x4,5,2,1,3,294503,201499157,684.2006940506549,ns,ok,direct,arithmetic,a038f25ac66821574b30392dc1d3b189cc287e2c,true,kotlin-native-2.4.10,1,3,200000000,nrm2-v1+4096+uniform,policy-v1,policy,native/policy-v1,native-calibrated-v1,50000000,1,1,monotonic-batch
4,nrm2+4096+uniform,native/c/c-sparse/packed-4x4,5,2,1,4,294503,203238888,690.1080396464553,ns,ok,direct,arithmetic,a038f25ac66821574b30392dc1d3b189cc287e2c,true,kotlin-native-2.4.10,1,3,200000000,nrm2-v1+4096+uniform,policy-v1,policy,native/policy-v1,native-calibrated-v1,50000000,1,1,monotonic-batch
4,nrm2+4096+uniform,native/c/c-sparse/packed-4x4,5,2,1,5,294503,202978500,689.2238788738994,ns,ok,direct,arithmetic,a038f25ac66821574b30392dc1d3b189cc287e2c,true,kotlin-native-2.4.10,1,3,200000000,nrm2-v1+4096+uniform,policy-v1,policy,native/policy-v1,native-calibrated-v1,50000000,1,1,monotonic-batch
4,asum+4096+uniform,native/c/c-sparse/packed-4x4,5,2,1,1,795064,199475971,250.8929733958524,ns,ok,direct,arithmetic,a038f25ac66821574b30392dc1d3b189cc287e2c,true,kotlin-native-2.4.10,1,3,200000000,asum-v1+4096+uniform,policy-v1,policy,native/policy-v1,native-calibrated-v1,50000000,1,1,monotonic-batch
4,asum+4096+uniform,native/c/c-sparse/packed-4x4,5,2,1,2,795064,198617827,249.81363387098398,ns,ok,direct,arithmetic,a038f25ac66821574b30392dc1d3b189cc287e2c,true,kotlin-native-2.4.10,1,3,200000000,asum-v1+4096+uniform,policy-v1,policy,native/policy-v1,native-calibrated-v1,50000000,1,1,monotonic-batch
4,asum+4096+uniform,native/c/c-sparse/packed-4x4,5,2,1,3,795064,199883866,251.40600756668647,ns,ok,direct,arithmetic,a038f25ac66821574b30392dc1d3b189cc287e2c,true,kotlin-native-2.4.10,1,3,200000000,asum-v1+4096+uniform,policy-v1,policy,native/policy-v1,native-calibrated-v1,50000000,1,1,monotonic-batch
4,asum+4096+uniform,native/c/c-sparse/packed-4x4,5,2,1,4,795064,198237417,249.33516924423694,ns,ok,direct,arithmetic,a038f25ac66821574b30392dc1d3b189cc287e2c,true,kotlin-native-2.4.10,1,3,200000000,asum-v1+4096+uniform,policy-v1,policy,native/policy-v1,native-calibrated-v1,50000000,1,1,monotonic-batch
4,asum+4096+uniform,native/c/c-sparse/packed-4x4,5,2,1,5,795064,198445168,249.5964702212652,ns,ok,direct,arithmetic,a038f25ac66821574b30392dc1d3b189cc287e2c,true,kotlin-native-2.4.10,1,3,200000000,asum-v1+4096+uniform,policy-v1,policy,native/policy-v1,native-calibrated-v1,50000000,1,1,monotonic-batch
4,sum+4096+uniform,native/c/c-sparse/packed-4x4,5,2,1,1,923617,226851709,245.6123144117096,ns,ok,direct,arithmetic,a038f25ac66821574b30392dc1d3b189cc287e2c,true,kotlin-native-2.4.10,1,3,200000000,sum-v1+4096+uniform,policy-v1,policy,native/policy-v1,native-calibrated-v1,50000000,1,1,monotonic-batch
4,sum+4096+uniform,native/c/c-sparse/packed-4x4,5,2,1,2,923617,205920983,222.95062022461693,ns,ok,direct,arithmetic,a038f25ac66821574b30392dc1d3b189cc287e2c,true,kotlin-native-2.4.10,1,3,200000000,sum-v1+4096+uniform,policy-v1,policy,native/policy-v1,native-calibrated-v1,50000000,1,1,monotonic-batch
4,sum+4096+uniform,native/c/c-sparse/packed-4x4,5,2,1,3,923617,185548862,200.8937275948797,ns,ok,direct,arithmetic,a038f25ac66821574b30392dc1d3b189cc287e2c,true,kotlin-native-2.4.10,1,3,200000000,sum-v1+4096+uniform,policy-v1,policy,native/policy-v1,native-calibrated-v1,50000000,1,1,monotonic-batch
4,sum+4096+uniform,native/c/c-sparse/packed-4x4,5,2,1,4,923617,183943714,199.1558340740805,ns,ok,direct,arithmetic,a038f25ac66821574b30392dc1d3b189cc287e2c,true,kotlin-native-2.4.10,1,3,200000000,sum-v1+4096+uniform,policy-v1,policy,native/policy-v1,native-calibrated-v1,50000000,1,1,monotonic-batch
4,sum+4096+uniform,native/c/c-sparse/packed-4x4,5,2,1,5,923617,191070710,206.87223167178604,ns,ok,direct,arithmetic,a038f25ac66821574b30392dc1d3b189cc287e2c,true,kotlin-native-2.4.10,1,3,200000000,sum-v1+4096+uniform,policy-v1,policy,native/policy-v1,native-calibrated-v1,50000000,1,1,monotonic-batch
4,compensated-sum+4096+uniform,native/c/c-sparse/packed-4x4,5,2,1,1,40958,197960201,4833.248718199131,ns,ok,unsupported,arithmetic,a038f25ac66821574b30392dc1d3b189cc287e2c,true,kotlin-native-2.4.10,1,3,200000000,compensated-sum-v1+4096+uniform,policy-v1,policy,native/policy-v1,native-calibrated-v1,50000000,1,1,monotonic-batch
4,compensated-sum+4096+uniform,native/c/c-sparse/packed-4x4,5,2,1,2,40958,200214779,4888.294814199912,ns,ok,unsupported,arithmetic,a038f25ac66821574b30392dc1d3b189cc287e2c,true,kotlin-native-2.4.10,1,3,200000000,compensated-sum-v1+4096+uniform,policy-v1,policy,native/policy-v1,native-calibrated-v1,50000000,1,1,monotonic-batch
4,compensated-sum+4096+uniform,native/c/c-sparse/packed-4x4,5,2,1,3,40958,199822369,4878.714024122271,ns,ok,unsupported,arithmetic,a038f25ac66821574b30392dc1d3b189cc287e2c,true,kotlin-native-2.4.10,1,3,200000000,compensated-sum-v1+4096+uniform,policy-v1,policy,native/policy-v1,native-calibrated-v1,50000000,1,1,monotonic-batch
4,compensated-sum+4096+uniform,native/c/c-sparse/packed-4x4,5,2,1,4,40958,198690837,4851.087382196396,ns,ok,unsupported,arithmetic,a038f25ac66821574b30392dc1d3b189cc287e2c,true,kotlin-native-2.4.10,1,3,200000000,compensated-sum-v1+4096+uniform,policy-v1,policy,native/policy-v1,native-calibrated-v1,50000000,1,1,monotonic-batch
4,compensated-sum+4096+uniform,native/c/c-sparse/packed-4x4,5,2,1,5,40958,197229061,4815.397748913521,ns,ok,unsupported,arithmetic,a038f25ac66821574b30392dc1d3b189cc287e2c,true,kotlin-native-2.4.10,1,3,200000000,compensated-sum-v1+4096+uniform,policy-v1,policy,native/policy-v1,native-calibrated-v1,50000000,1,1,monotonic-batch
4,iamax+4096+uniform,native/c/c-sparse/packed-4x4,5,2,1,1,56130,200576055,3573.419828968466,ns,ok,direct,arithmetic,a038f25ac66821574b30392dc1d3b189cc287e2c,true,kotlin-native-2.4.10,1,3,200000000,iamax-v1+4096+uniform,policy-v1,policy,native/policy-v1,native-calibrated-v1,50000000,1,1,monotonic-batch
4,iamax+4096+uniform,native/c/c-sparse/packed-4x4,5,2,1,2,56130,199925570,3561.8309282023874,ns,ok,direct,arithmetic,a038f25ac66821574b30392dc1d3b189cc287e2c,true,kotlin-native-2.4.10,1,3,200000000,iamax-v1+4096+uniform,policy-v1,policy,native/policy-v1,native-calibrated-v1,50000000,1,1,monotonic-batch
4,iamax+4096+uniform,native/c/c-sparse/packed-4x4,5,2,1,3,56130,201164362,3583.900979868163,ns,ok,direct,arithmetic,a038f25ac66821574b30392dc1d3b189cc287e2c,true,kotlin-native-2.4.10,1,3,200000000,iamax-v1+4096+uniform,policy-v1,policy,native/policy-v1,native-calibrated-v1,50000000,1,1,monotonic-batch
4,iamax+4096+uniform,native/c/c-sparse/packed-4x4,5,2,1,4,56130,199800253,3559.5983075004456,ns,ok,direct,arithmetic,a038f25ac66821574b30392dc1d3b189cc287e2c,true,kotlin-native-2.4.10,1,3,200000000,iamax-v1+4096+uniform,policy-v1,policy,native/policy-v1,native-calibrated-v1,50000000,1,1,monotonic-batch
4,iamax+4096+uniform,native/c/c-sparse/packed-4x4,5,2,1,5,56130,199629096,3556.5490112239445,ns,ok,direct,arithmetic,a038f25ac66821574b30392dc1d3b189cc287e2c,true,kotlin-native-2.4.10,1,3,200000000,iamax-v1+4096+uniform,policy-v1,policy,native/policy-v1,native-calibrated-v1,50000000,1,1,monotonic-batch
4,swap+4096+uniform,native/c/c-sparse/packed-4x4,5,2,1,1,73456,198204115,2698.2699166848183,ns,ok,direct,reset-and-arithmetic,a038f25ac66821574b30392dc1d3b189cc287e2c,true,kotlin-native-2.4.10,1,3,200000000,swap-v1+4096+uniform,policy-v1,policy,native/policy-v1,native-calibrated-v1,50000000,1,1,monotonic-batch
4,swap+4096+uniform,native/c/c-sparse/packed-4x4,5,2,1,2,73456,198255376,2698.967763014594,ns,ok,direct,reset-and-arithmetic,a038f25ac66821574b30392dc1d3b189cc287e2c,true,kotlin-native-2.4.10,1,3,200000000,swap-v1+4096+uniform,policy-v1,policy,native/policy-v1,native-calibrated-v1,50000000,1,1,monotonic-batch
4,swap+4096+uniform,native/c/c-sparse/packed-4x4,5,2,1,3,73456,200008899,2722.839509366151,ns,ok,direct,reset-and-arithmetic,a038f25ac66821574b30392dc1d3b189cc287e2c,true,kotlin-native-2.4.10,1,3,200000000,swap-v1+4096+uniform,policy-v1,policy,native/policy-v1,native-calibrated-v1,50000000,1,1,monotonic-batch
4,swap+4096+uniform,native/c/c-sparse/packed-4x4,5,2,1,4,73456,198748312,2705.678392507079,ns,ok,direct,reset-and-arithmetic,a038f25ac66821574b30392dc1d3b189cc287e2c,true,kotlin-native-2.4.10,1,3,200000000,swap-v1+4096+uniform,policy-v1,policy,native/policy-v1,native-calibrated-v1,50000000,1,1,monotonic-batch
4,swap+4096+uniform,native/c/c-sparse/packed-4x4,5,2,1,5,73456,198248488,2698.873992594206,ns,ok,direct,reset-and-arithmetic,a038f25ac66821574b30392dc1d3b189cc287e2c,true,kotlin-native-2.4.10,1,3,200000000,swap-v1+4096+uniform,policy-v1,policy,native/policy-v1,native-calibrated-v1,50000000,1,1,monotonic-batch
4,rot+4096+uniform,native/c/c-sparse/packed-4x4,5,2,1,1,77217,179723911,2327.5173990183507,ns,ok,direct,reset-and-arithmetic,a038f25ac66821574b30392dc1d3b189cc287e2c,true,kotlin-native-2.4.10,1,3,200000000,rot-v1+4096+uniform,policy-v1,policy,native/policy-v1,native-calibrated-v1,50000000,1,1,monotonic-batch
4,rot+4096+uniform,native/c/c-sparse/packed-4x4,5,2,1,2,77217,187314262,2425.816361682013,ns,ok,direct,reset-and-arithmetic,a038f25ac66821574b30392dc1d3b189cc287e2c,true,kotlin-native-2.4.10,1,3,200000000,rot-v1+4096+uniform,policy-v1,policy,native/policy-v1,native-calibrated-v1,50000000,1,1,monotonic-batch
4,rot+4096+uniform,native/c/c-sparse/packed-4x4,5,2,1,3,77217,183194510,2372.46344716837,ns,ok,direct,reset-and-arithmetic,a038f25ac66821574b30392dc1d3b189cc287e2c,true,kotlin-native-2.4.10,1,3,200000000,rot-v1+4096+uniform,policy-v1,policy,native/policy-v1,native-calibrated-v1,50000000,1,1,monotonic-batch
4,rot+4096+uniform,native/c/c-sparse/packed-4x4,5,2,1,4,77217,189111103,2449.086379942241,ns,ok,direct,reset-and-arithmetic,a038f25ac66821574b30392dc1d3b189cc287e2c,true,kotlin-native-2.4.10,1,3,200000000,rot-v1+4096+uniform,policy-v1,policy,native/policy-v1,native-calibrated-v1,50000000,1,1,monotonic-batch
4,rot+4096+uniform,native/c/c-sparse/packed-4x4,5,2,1,5,77217,196594374,2545.9986013442635,ns,ok,direct,reset-and-arithmetic,a038f25ac66821574b30392dc1d3b189cc287e2c,true,kotlin-native-2.4.10,1,3,200000000,rot-v1+4096+uniform,policy-v1,policy,native/policy-v1,native-calibrated-v1,50000000,1,1,monotonic-batch
4,rotm+4096+uniform,native/c/c-sparse/packed-4x4,5,2,1,1,63953,189442345,2962.2120150735695,ns,ok,direct,reset-and-arithmetic,a038f25ac66821574b30392dc1d3b189cc287e2c,true,kotlin-native-2.4.10,1,3,200000000,rotm-v1+4096+uniform,policy-v1,policy,native/policy-v1,native-calibrated-v1,50000000,1,1,monotonic-batch
4,rotm+4096+uniform,native/c/c-sparse/packed-4x4,5,2,1,2,63953,189399263,2961.5383641111443,ns,ok,direct,reset-and-arithmetic,a038f25ac66821574b30392dc1d3b189cc287e2c,true,kotlin-native-2.4.10,1,3,200000000,rotm-v1+4096+uniform,policy-v1,policy,native/policy-v1,native-calibrated-v1,50000000,1,1,monotonic-batch
4,rotm+4096+uniform,native/c/c-sparse/packed-4x4,5,2,1,3,63953,194002107,3033.510656263193,ns,ok,direct,reset-and-arithmetic,a038f25ac66821574b30392dc1d3b189cc287e2c,true,kotlin-native-2.4.10,1,3,200000000,rotm-v1+4096+uniform,policy-v1,policy,native/policy-v1,native-calibrated-v1,50000000,1,1,monotonic-batch
4,rotm+4096+uniform,native/c/c-sparse/packed-4x4,5,2,1,4,63953,191940682,3001.277219207856,ns,ok,direct,reset-and-arithmetic,a038f25ac66821574b30392dc1d3b189cc287e2c,true,kotlin-native-2.4.10,1,3,200000000,rotm-v1+4096+uniform,policy-v1,policy,native/policy-v1,native-calibrated-v1,50000000,1,1,monotonic-batch
4,rotm+4096+uniform,native/c/c-sparse/packed-4x4,5,2,1,5,63953,190371179,2976.73571216362,ns,ok,direct,reset-and-arithmetic,a038f25ac66821574b30392dc1d3b189cc287e2c,true,kotlin-native-2.4.10,1,3,200000000,rotm-v1+4096+uniform,policy-v1,policy,native/policy-v1,native-calibrated-v1,50000000,1,1,monotonic-batch
4,rotmg+1+uniform,native/c/c-sparse/packed-4x4,5,2,1,1,1000000,32784746,32.784746,ns,ok,direct,arithmetic,a038f25ac66821574b30392dc1d3b189cc287e2c,true,kotlin-native-2.4.10,1,3,200000000,rotmg-v1+1+uniform,policy-v1,policy,native/policy-v1,native-calibrated-v1,50000000,1,1,monotonic-batch
4,rotmg+1+uniform,native/c/c-sparse/packed-4x4,5,2,1,2,1000000,32433681,32.433681,ns,ok,direct,arithmetic,a038f25ac66821574b30392dc1d3b189cc287e2c,true,kotlin-native-2.4.10,1,3,200000000,rotmg-v1+1+uniform,policy-v1,policy,native/policy-v1,native-calibrated-v1,50000000,1,1,monotonic-batch
4,rotmg+1+uniform,native/c/c-sparse/packed-4x4,5,2,1,3,1000000,31873624,31.873624,ns,ok,direct,arithmetic,a038f25ac66821574b30392dc1d3b189cc287e2c,true,kotlin-native-2.4.10,1,3,200000000,rotmg-v1+1+uniform,policy-v1,policy,native/policy-v1,native-calibrated-v1,50000000,1,1,monotonic-batch
4,rotmg+1+uniform,native/c/c-sparse/packed-4x4,5,2,1,4,1000000,32523574,32.523574,ns,ok,direct,arithmetic,a038f25ac66821574b30392dc1d3b189cc287e2c,true,kotlin-native-2.4.10,1,3,200000000,rotmg-v1+1+uniform,policy-v1,policy,native/policy-v1,native-calibrated-v1,50000000,1,1,monotonic-batch
4,rotmg+1+uniform,native/c/c-sparse/packed-4x4,5,2,1,5,1000000,32797554,32.797554,ns,ok,direct,arithmetic,a038f25ac66821574b30392dc1d3b189cc287e2c,true,kotlin-native-2.4.10,1,3,200000000,rotmg-v1+1+uniform,policy-v1,policy,native/policy-v1,native-calibrated-v1,50000000,1,1,monotonic-batch
4,ssqd+4096+uniform,native/c/c-sparse/packed-4x4,5,2,1,1,334800,198796406,593.7766009557945,ns,ok,unsupported,arithmetic,a038f25ac66821574b30392dc1d3b189cc287e2c,true,kotlin-native-2.4.10,1,3,200000000,ssqd-v1+4096+uniform,policy-v1,policy,native/policy-v1,native-calibrated-v1,50000000,1,1,monotonic-batch
4,ssqd+4096+uniform,native/c/c-sparse/packed-4x4,5,2,1,2,334800,199419945,595.639023297491,ns,ok,unsupported,arithmetic,a038f25ac66821574b30392dc1d3b189cc287e2c,true,kotlin-native-2.4.10,1,3,200000000,ssqd-v1+4096+uniform,policy-v1,policy,native/policy-v1,native-calibrated-v1,50000000,1,1,monotonic-batch
4,ssqd+4096+uniform,native/c/c-sparse/packed-4x4,5,2,1,3,334800,198807456,593.809605734767,ns,ok,unsupported,arithmetic,a038f25ac66821574b30392dc1d3b189cc287e2c,true,kotlin-native-2.4.10,1,3,200000000,ssqd-v1+4096+uniform,policy-v1,policy,native/policy-v1,native-calibrated-v1,50000000,1,1,monotonic-batch
4,ssqd+4096+uniform,native/c/c-sparse/packed-4x4,5,2,1,4,334800,199080996,594.6266308243728,ns,ok,unsupported,arithmetic,a038f25ac66821574b30392dc1d3b189cc287e2c,true,kotlin-native-2.4.10,1,3,200000000,ssqd-v1+4096+uniform,policy-v1,policy,native/policy-v1,native-calibrated-v1,50000000,1,1,monotonic-batch
4,ssqd+4096+uniform,native/c/c-sparse/packed-4x4,5,2,1,5,334800,198794269,593.7702180406212,ns,ok,unsupported,arithmetic,a038f25ac66821574b30392dc1d3b189cc287e2c,true,kotlin-native-2.4.10,1,3,200000000,ssqd-v1+4096+uniform,policy-v1,policy,native/policy-v1,native-calibrated-v1,50000000,1,1,monotonic-batch
4,dot4+4096+uniform,native/c/c-sparse/packed-4x4,5,2,1,1,120856,200284684,1657.2175481564836,ns,ok,composed,arithmetic,a038f25ac66821574b30392dc1d3b189cc287e2c,true,kotlin-native-2.4.10,1,3,200000000,dot4-v1+4096+uniform,policy-v1,policy,native/policy-v1,native-calibrated-v1,50000000,1,1,monotonic-batch
4,dot4+4096+uniform,native/c/c-sparse/packed-4x4,5,2,1,2,120856,200097554,1655.6691765406765,ns,ok,composed,arithmetic,a038f25ac66821574b30392dc1d3b189cc287e2c,true,kotlin-native-2.4.10,1,3,200000000,dot4-v1+4096+uniform,policy-v1,policy,native/policy-v1,native-calibrated-v1,50000000,1,1,monotonic-batch
4,dot4+4096+uniform,native/c/c-sparse/packed-4x4,5,2,1,3,120856,199529526,1650.969136823989,ns,ok,composed,arithmetic,a038f25ac66821574b30392dc1d3b189cc287e2c,true,kotlin-native-2.4.10,1,3,200000000,dot4-v1+4096+uniform,policy-v1,policy,native/policy-v1,native-calibrated-v1,50000000,1,1,monotonic-batch
4,dot4+4096+uniform,native/c/c-sparse/packed-4x4,5,2,1,4,120856,200084813,1655.5637535579533,ns,ok,composed,arithmetic,a038f25ac66821574b30392dc1d3b189cc287e2c,true,kotlin-native-2.4.10,1,3,200000000,dot4-v1+4096+uniform,policy-v1,policy,native/policy-v1,native-calibrated-v1,50000000,1,1,monotonic-batch
4,dot4+4096+uniform,native/c/c-sparse/packed-4x4,5,2,1,5,120856,201240805,1665.1287896339445,ns,ok,composed,arithmetic,a038f25ac66821574b30392dc1d3b189cc287e2c,true,kotlin-native-2.4.10,1,3,200000000,dot4-v1+4096+uniform,policy-v1,policy,native/policy-v1,native-calibrated-v1,50000000,1,1,monotonic-batch
4,axpy4+4096+uniform,native/c/c-sparse/packed-4x4,5,2,1,1,99140,199919179,2016.533982247327,ns,ok,composed,reset-and-arithmetic,a038f25ac66821574b30392dc1d3b189cc287e2c,true,kotlin-native-2.4.10,1,3,200000000,axpy4-v1+4096+uniform,policy-v1,policy,native/policy-v1,native-calibrated-v1,50000000,1,1,monotonic-batch
4,axpy4+4096+uniform,native/c/c-sparse/packed-4x4,5,2,1,2,99140,201191706,2029.3696388944927,ns,ok,composed,reset-and-arithmetic,a038f25ac66821574b30392dc1d3b189cc287e2c,true,kotlin-native-2.4.10,1,3,200000000,axpy4-v1+4096+uniform,policy-v1,policy,native/policy-v1,native-calibrated-v1,50000000,1,1,monotonic-batch
4,axpy4+4096+uniform,native/c/c-sparse/packed-4x4,5,2,1,3,99140,201109210,2028.5375226951785,ns,ok,composed,reset-and-arithmetic,a038f25ac66821574b30392dc1d3b189cc287e2c,true,kotlin-native-2.4.10,1,3,200000000,axpy4-v1+4096+uniform,policy-v1,policy,native/policy-v1,native-calibrated-v1,50000000,1,1,monotonic-batch
4,axpy4+4096+uniform,native/c/c-sparse/packed-4x4,5,2,1,4,99140,199429193,2011.5916179140609,ns,ok,composed,reset-and-arithmetic,a038f25ac66821574b30392dc1d3b189cc287e2c,true,kotlin-native-2.4.10,1,3,200000000,axpy4-v1+4096+uniform,policy-v1,policy,native/policy-v1,native-calibrated-v1,50000000,1,1,monotonic-batch
4,axpy4+4096+uniform,native/c/c-sparse/packed-4x4,5,2,1,5,99140,201892002,2036.433346782328,ns,ok,composed,reset-and-arithmetic,a038f25ac66821574b30392dc1d3b189cc287e2c,true,kotlin-native-2.4.10,1,3,200000000,axpy4-v1+4096+uniform,policy-v1,policy,native/policy-v1,native-calibrated-v1,50000000,1,1,monotonic-batch
4,dot-axpy+4096+uniform,native/c/c-sparse/packed-4x4,5,2,1,1,121693,196694327,1616.3158686202164,ns,ok,composed,reset-and-arithmetic,a038f25ac66821574b30392dc1d3b189cc287e2c,true,kotlin-native-2.4.10,1,3,200000000,dot-axpy-v1+4096+uniform,policy-v1,policy,native/policy-v1,native-calibrated-v1,50000000,1,1,monotonic-batch
4,dot-axpy+4096+uniform,native/c/c-sparse/packed-4x4,5,2,1,2,121693,195596312,1607.293040684345,ns,ok,composed,reset-and-arithmetic,a038f25ac66821574b30392dc1d3b189cc287e2c,true,kotlin-native-2.4.10,1,3,200000000,dot-axpy-v1+4096+uniform,policy-v1,policy,native/policy-v1,native-calibrated-v1,50000000,1,1,monotonic-batch
4,dot-axpy+4096+uniform,native/c/c-sparse/packed-4x4,5,2,1,3,121693,198373012,1630.110293936381,ns,ok,composed,reset-and-arithmetic,a038f25ac66821574b30392dc1d3b189cc287e2c,true,kotlin-native-2.4.10,1,3,200000000,dot-axpy-v1+4096+uniform,policy-v1,policy,native/policy-v1,native-calibrated-v1,50000000,1,1,monotonic-batch
4,dot-axpy+4096+uniform,native/c/c-sparse/packed-4x4,5,2,1,4,121693,197939388,1626.5470322861627,ns,ok,composed,reset-and-arithmetic,a038f25ac66821574b30392dc1d3b189cc287e2c,true,kotlin-native-2.4.10,1,3,200000000,dot-axpy-v1+4096+uniform,policy-v1,policy,native/policy-v1,native-calibrated-v1,50000000,1,1,monotonic-batch
4,dot-axpy+4096+uniform,native/c/c-sparse/packed-4x4,5,2,1,5,121693,196796933,1617.1590231155449,ns,ok,composed,reset-and-arithmetic,a038f25ac66821574b30392dc1d3b189cc287e2c,true,kotlin-native-2.4.10,1,3,200000000,dot-axpy-v1+4096+uniform,policy-v1,policy,native/policy-v1,native-calibrated-v1,50000000,1,1,monotonic-batch
4,gemv+32x21+uniform,native/c/c-sparse/packed-4x4,5,2,1,1,443318,199384010,449.75392381992157,ns,ok,direct,reset-and-arithmetic,a038f25ac66821574b30392dc1d3b189cc287e2c,true,kotlin-native-2.4.10,1,3,200000000,gemv-v1+32x21+uniform,policy-v1,policy,native/policy-v1,native-calibrated-v1,50000000,1,1,monotonic-batch
4,gemv+32x21+uniform,native/c/c-sparse/packed-4x4,5,2,1,2,443318,203219715,458.4061892366202,ns,ok,direct,reset-and-arithmetic,a038f25ac66821574b30392dc1d3b189cc287e2c,true,kotlin-native-2.4.10,1,3,200000000,gemv-v1+32x21+uniform,policy-v1,policy,native/policy-v1,native-calibrated-v1,50000000,1,1,monotonic-batch
4,gemv+32x21+uniform,native/c/c-sparse/packed-4x4,5,2,1,3,443318,217821228,491.3430720160246,ns,ok,direct,reset-and-arithmetic,a038f25ac66821574b30392dc1d3b189cc287e2c,true,kotlin-native-2.4.10,1,3,200000000,gemv-v1+32x21+uniform,policy-v1,policy,native/policy-v1,native-calibrated-v1,50000000,1,1,monotonic-batch
4,gemv+32x21+uniform,native/c/c-sparse/packed-4x4,5,2,1,4,443318,212121754,478.4866709675673,ns,ok,direct,reset-and-arithmetic,a038f25ac66821574b30392dc1d3b189cc287e2c,true,kotlin-native-2.4.10,1,3,200000000,gemv-v1+32x21+uniform,policy-v1,policy,native/policy-v1,native-calibrated-v1,50000000,1,1,monotonic-batch
4,gemv+32x21+uniform,native/c/c-sparse/packed-4x4,5,2,1,5,443318,196643552,443.5722258063061,ns,ok,direct,reset-and-arithmetic,a038f25ac66821574b30392dc1d3b189cc287e2c,true,kotlin-native-2.4.10,1,3,200000000,gemv-v1+32x21+uniform,policy-v1,policy,native/policy-v1,native-calibrated-v1,50000000,1,1,monotonic-batch
4,gemv+129x31+uniform+transA=T,native/c/c-sparse/packed-4x4,5,2,1,1,123652,193147229,1562.0226846310613,ns,ok,direct,reset-and-arithmetic,a038f25ac66821574b30392dc1d3b189cc287e2c,true,kotlin-native-2.4.10,1,3,200000000,gemv-v1+129x31+uniform+transA=T,policy-v1,policy,native/policy-v1,native-calibrated-v1,50000000,1,1,monotonic-batch
4,gemv+129x31+uniform+transA=T,native/c/c-sparse/packed-4x4,5,2,1,2,123652,195104577,1577.8521738427198,ns,ok,direct,reset-and-arithmetic,a038f25ac66821574b30392dc1d3b189cc287e2c,true,kotlin-native-2.4.10,1,3,200000000,gemv-v1+129x31+uniform+transA=T,policy-v1,policy,native/policy-v1,native-calibrated-v1,50000000,1,1,monotonic-batch
4,gemv+129x31+uniform+transA=T,native/c/c-sparse/packed-4x4,5,2,1,3,123652,195586538,1581.7498948662376,ns,ok,direct,reset-and-arithmetic,a038f25ac66821574b30392dc1d3b189cc287e2c,true,kotlin-native-2.4.10,1,3,200000000,gemv-v1+129x31+uniform+transA=T,policy-v1,policy,native/policy-v1,native-calibrated-v1,50000000,1,1,monotonic-batch
4,gemv+129x31+uniform+transA=T,native/c/c-sparse/packed-4x4,5,2,1,4,123652,199988949,1617.3531281337948,ns,ok,direct,reset-and-arithmetic,a038f25ac66821574b30392dc1d3b189cc287e2c,true,kotlin-native-2.4.10,1,3,200000000,gemv-v1+129x31+uniform+transA=T,policy-v1,policy,native/policy-v1,native-calibrated-v1,50000000,1,1,monotonic-batch
4,gemv+129x31+uniform+transA=T,native/c/c-sparse/packed-4x4,5,2,1,5,123652,197031680,1593.437065312328,ns,ok,direct,reset-and-arithmetic,a038f25ac66821574b30392dc1d3b189cc287e2c,true,kotlin-native-2.4.10,1,3,200000000,gemv-v1+129x31+uniform+transA=T,policy-v1,policy,native/policy-v1,native-calibrated-v1,50000000,1,1,monotonic-batch
4,symv+129+uniform+uplo=U,native/c/c-sparse/packed-4x4,5,2,1,1,33451,210490195,6292.493348479866,ns,ok,direct,reset-and-arithmetic,a038f25ac66821574b30392dc1d3b189cc287e2c,true,kotlin-native-2.4.10,1,3,200000000,symv-v1+129+uniform+uplo=U,policy-v1,policy,native/policy-v1,native-calibrated-v1,50000000,1,1,monotonic-batch
4,symv+129+uniform+uplo=U,native/c/c-sparse/packed-4x4,5,2,1,2,33451,218039409,6518.173118890317,ns,ok,direct,reset-and-arithmetic,a038f25ac66821574b30392dc1d3b189cc287e2c,true,kotlin-native-2.4.10,1,3,200000000,symv-v1+129+uniform+uplo=U,policy-v1,policy,native/policy-v1,native-calibrated-v1,50000000,1,1,monotonic-batch
4,symv+129+uniform+uplo=U,native/c/c-sparse/packed-4x4,5,2,1,3,33451,201555699,6025.401303399001,ns,ok,direct,reset-and-arithmetic,a038f25ac66821574b30392dc1d3b189cc287e2c,true,kotlin-native-2.4.10,1,3,200000000,symv-v1+129+uniform+uplo=U,policy-v1,policy,native/policy-v1,native-calibrated-v1,50000000,1,1,monotonic-batch
4,symv+129+uniform+uplo=U,native/c/c-sparse/packed-4x4,5,2,1,4,33451,199602257,5967.004185226152,ns,ok,direct,reset-and-arithmetic,a038f25ac66821574b30392dc1d3b189cc287e2c,true,kotlin-native-2.4.10,1,3,200000000,symv-v1+129+uniform+uplo=U,policy-v1,policy,native/policy-v1,native-calibrated-v1,50000000,1,1,monotonic-batch
4,symv+129+uniform+uplo=U,native/c/c-sparse/packed-4x4,5,2,1,5,33451,184811820,5524.851872888703,ns,ok,direct,reset-and-arithmetic,a038f25ac66821574b30392dc1d3b189cc287e2c,true,kotlin-native-2.4.10,1,3,200000000,symv-v1+129+uniform+uplo=U,policy-v1,policy,native/policy-v1,native-calibrated-v1,50000000,1,1,monotonic-batch
4,ger+129x31+uniform,native/c/c-sparse/packed-4x4,5,2,1,1,107550,199398817,1854.0103858670386,ns,ok,direct,reset-and-arithmetic,a038f25ac66821574b30392dc1d3b189cc287e2c,true,kotlin-native-2.4.10,1,3,200000000,ger-v1+129x31+uniform,policy-v1,policy,native/policy-v1,native-calibrated-v1,50000000,1,1,monotonic-batch
4,ger+129x31+uniform,native/c/c-sparse/packed-4x4,5,2,1,2,107550,199939307,1859.0358623895863,ns,ok,direct,reset-and-arithmetic,a038f25ac66821574b30392dc1d3b189cc287e2c,true,kotlin-native-2.4.10,1,3,200000000,ger-v1+129x31+uniform,policy-v1,policy,native/policy-v1,native-calibrated-v1,50000000,1,1,monotonic-batch
4,ger+129x31+uniform,native/c/c-sparse/packed-4x4,5,2,1,3,107550,202545022,1883.2638028823803,ns,ok,direct,reset-and-arithmetic,a038f25ac66821574b30392dc1d3b189cc287e2c,true,kotlin-native-2.4.10,1,3,200000000,ger-v1+129x31+uniform,policy-v1,policy,native/policy-v1,native-calibrated-v1,50000000,1,1,monotonic-batch
4,ger+129x31+uniform,native/c/c-sparse/packed-4x4,5,2,1,4,107550,208084244,1934.7674941887494,ns,ok,direct,reset-and-arithmetic,a038f25ac66821574b30392dc1d3b189cc287e2c,true,kotlin-native-2.4.10,1,3,200000000,ger-v1+129x31+uniform,policy-v1,policy,native/policy-v1,native-calibrated-v1,50000000,1,1,monotonic-batch
4,ger+129x31+uniform,native/c/c-sparse/packed-4x4,5,2,1,5,107550,208735626,1940.8240446304044,ns,ok,direct,reset-and-arithmetic,a038f25ac66821574b30392dc1d3b189cc287e2c,true,kotlin-native-2.4.10,1,3,200000000,ger-v1+129x31+uniform,policy-v1,policy,native/policy-v1,native-calibrated-v1,50000000,1,1,monotonic-batch
4,syr+129+uniform+uplo=L,native/c/c-sparse/packed-4x4,5,2,1,1,29356,199820658,6806.808080119908,ns,ok,direct,reset-and-arithmetic,a038f25ac66821574b30392dc1d3b189cc287e2c,true,kotlin-native-2.4.10,1,3,200000000,syr-v1+129+uniform+uplo=L,policy-v1,policy,native/policy-v1,native-calibrated-v1,50000000,1,1,monotonic-batch
4,syr+129+uniform+uplo=L,native/c/c-sparse/packed-4x4,5,2,1,2,29356,200673303,6835.853079438615,ns,ok,direct,reset-and-arithmetic,a038f25ac66821574b30392dc1d3b189cc287e2c,true,kotlin-native-2.4.10,1,3,200000000,syr-v1+129+uniform+uplo=L,policy-v1,policy,native/policy-v1,native-calibrated-v1,50000000,1,1,monotonic-batch
4,syr+129+uniform+uplo=L,native/c/c-sparse/packed-4x4,5,2,1,3,29356,199053697,6780.6818708270885,ns,ok,direct,reset-and-arithmetic,a038f25ac66821574b30392dc1d3b189cc287e2c,true,kotlin-native-2.4.10,1,3,200000000,syr-v1+129+uniform+uplo=L,policy-v1,policy,native/policy-v1,native-calibrated-v1,50000000,1,1,monotonic-batch
4,syr+129+uniform+uplo=L,native/c/c-sparse/packed-4x4,5,2,1,4,29356,199449497,6794.164634146341,ns,ok,direct,reset-and-arithmetic,a038f25ac66821574b30392dc1d3b189cc287e2c,true,kotlin-native-2.4.10,1,3,200000000,syr-v1+129+uniform+uplo=L,policy-v1,policy,native/policy-v1,native-calibrated-v1,50000000,1,1,monotonic-batch
4,syr+129+uniform+uplo=L,native/c/c-sparse/packed-4x4,5,2,1,5,29356,199697150,6802.60083117591,ns,ok,direct,reset-and-arithmetic,a038f25ac66821574b30392dc1d3b189cc287e2c,true,kotlin-native-2.4.10,1,3,200000000,syr-v1+129+uniform+uplo=L,policy-v1,policy,native/policy-v1,native-calibrated-v1,50000000,1,1,monotonic-batch
4,syr2+129+uniform+uplo=U,native/c/c-sparse/packed-4x4,5,2,1,1,18521,200110466,10804.517358673938,ns,ok,direct,reset-and-arithmetic,a038f25ac66821574b30392dc1d3b189cc287e2c,true,kotlin-native-2.4.10,1,3,200000000,syr2-v1+129+uniform+uplo=U,policy-v1,policy,native/policy-v1,native-calibrated-v1,50000000,1,1,monotonic-batch
4,syr2+129+uniform+uplo=U,native/c/c-sparse/packed-4x4,5,2,1,2,18521,198495163,10717.302683440419,ns,ok,direct,reset-and-arithmetic,a038f25ac66821574b30392dc1d3b189cc287e2c,true,kotlin-native-2.4.10,1,3,200000000,syr2-v1+129+uniform+uplo=U,policy-v1,policy,native/policy-v1,native-calibrated-v1,50000000,1,1,monotonic-batch
4,syr2+129+uniform+uplo=U,native/c/c-sparse/packed-4x4,5,2,1,3,18521,198386471,10711.434101830355,ns,ok,direct,reset-and-arithmetic,a038f25ac66821574b30392dc1d3b189cc287e2c,true,kotlin-native-2.4.10,1,3,200000000,syr2-v1+129+uniform+uplo=U,policy-v1,policy,native/policy-v1,native-calibrated-v1,50000000,1,1,monotonic-batch
4,syr2+129+uniform+uplo=U,native/c/c-sparse/packed-4x4,5,2,1,4,18521,197475349,10662.24010582582,ns,ok,direct,reset-and-arithmetic,a038f25ac66821574b30392dc1d3b189cc287e2c,true,kotlin-native-2.4.10,1,3,200000000,syr2-v1+129+uniform+uplo=U,policy-v1,policy,native/policy-v1,native-calibrated-v1,50000000,1,1,monotonic-batch
4,syr2+129+uniform+uplo=U,native/c/c-sparse/packed-4x4,5,2,1,5,18521,198480525,10716.512337346796,ns,ok,direct,reset-and-arithmetic,a038f25ac66821574b30392dc1d3b189cc287e2c,true,kotlin-native-2.4.10,1,3,200000000,syr2-v1+129+uniform+uplo=U,policy-v1,policy,native/policy-v1,native-calibrated-v1,50000000,1,1,monotonic-batch
4,trsv+129+triangular+uplo=L+transA=N+diag=N,native/c/c-sparse/packed-4x4,5,2,1,1,37678,168047506,4460.096236530601,ns,ok,direct,reset-and-arithmetic,a038f25ac66821574b30392dc1d3b189cc287e2c,true,kotlin-native-2.4.10,1,3,200000000,trsv-v1+129+triangular+uplo=L+transA=N+diag=N,policy-v1,policy,native/policy-v1,native-calibrated-v1,50000000,1,1,monotonic-batch
4,trsv+129+triangular+uplo=L+transA=N+diag=N,native/c/c-sparse/packed-4x4,5,2,1,2,37678,167660102,4449.814268273263,ns,ok,direct,reset-and-arithmetic,a038f25ac66821574b30392dc1d3b189cc287e2c,true,kotlin-native-2.4.10,1,3,200000000,trsv-v1+129+triangular+uplo=L+transA=N+diag=N,policy-v1,policy,native/policy-v1,native-calibrated-v1,50000000,1,1,monotonic-batch
4,trsv+129+triangular+uplo=L+transA=N+diag=N,native/c/c-sparse/packed-4x4,5,2,1,3,37678,167059658,4433.878072084505,ns,ok,direct,reset-and-arithmetic,a038f25ac66821574b30392dc1d3b189cc287e2c,true,kotlin-native-2.4.10,1,3,200000000,trsv-v1+129+triangular+uplo=L+transA=N+diag=N,policy-v1,policy,native/policy-v1,native-calibrated-v1,50000000,1,1,monotonic-batch
4,trsv+129+triangular+uplo=L+transA=N+diag=N,native/c/c-sparse/packed-4x4,5,2,1,4,37678,179221832,4756.670523913159,ns,ok,direct,reset-and-arithmetic,a038f25ac66821574b30392dc1d3b189cc287e2c,true,kotlin-native-2.4.10,1,3,200000000,trsv-v1+129+triangular+uplo=L+transA=N+diag=N,policy-v1,policy,native/policy-v1,native-calibrated-v1,50000000,1,1,monotonic-batch
4,trsv+129+triangular+uplo=L+transA=N+diag=N,native/c/c-sparse/packed-4x4,5,2,1,5,37678,167796406,4453.431870056797,ns,ok,direct,reset-and-arithmetic,a038f25ac66821574b30392dc1d3b189cc287e2c,true,kotlin-native-2.4.10,1,3,200000000,trsv-v1+129+triangular+uplo=L+transA=N+diag=N,policy-v1,policy,native/policy-v1,native-calibrated-v1,50000000,1,1,monotonic-batch
4,trmv+129+triangular+uplo=U+transA=T+diag=U,native/c/c-sparse/packed-4x4,5,2,1,1,50227,214336141,4267.349055288988,ns,ok,direct,reset-and-arithmetic,a038f25ac66821574b30392dc1d3b189cc287e2c,true,kotlin-native-2.4.10,1,3,200000000,trmv-v1+129+triangular+uplo=U+transA=T+diag=U,policy-v1,policy,native/policy-v1,native-calibrated-v1,50000000,1,1,monotonic-batch
4,trmv+129+triangular+uplo=U+transA=T+diag=U,native/c/c-sparse/packed-4x4,5,2,1,2,50227,205263126,4086.7088617675754,ns,ok,direct,reset-and-arithmetic,a038f25ac66821574b30392dc1d3b189cc287e2c,true,kotlin-native-2.4.10,1,3,200000000,trmv-v1+129+triangular+uplo=U+transA=T+diag=U,policy-v1,policy,native/policy-v1,native-calibrated-v1,50000000,1,1,monotonic-batch
4,trmv+129+triangular+uplo=U+transA=T+diag=U,native/c/c-sparse/packed-4x4,5,2,1,3,50227,202557789,4032.8466561809387,ns,ok,direct,reset-and-arithmetic,a038f25ac66821574b30392dc1d3b189cc287e2c,true,kotlin-native-2.4.10,1,3,200000000,trmv-v1+129+triangular+uplo=U+transA=T+diag=U,policy-v1,policy,native/policy-v1,native-calibrated-v1,50000000,1,1,monotonic-batch
4,trmv+129+triangular+uplo=U+transA=T+diag=U,native/c/c-sparse/packed-4x4,5,2,1,4,50227,208650797,4154.156071435682,ns,ok,direct,reset-and-arithmetic,a038f25ac66821574b30392dc1d3b189cc287e2c,true,kotlin-native-2.4.10,1,3,200000000,trmv-v1+129+triangular+uplo=U+transA=T+diag=U,policy-v1,policy,native/policy-v1,native-calibrated-v1,50000000,1,1,monotonic-batch
4,trmv+129+triangular+uplo=U+transA=T+diag=U,native/c/c-sparse/packed-4x4,5,2,1,5,50227,202245155,4026.62223505286,ns,ok,direct,reset-and-arithmetic,a038f25ac66821574b30392dc1d3b189cc287e2c,true,kotlin-native-2.4.10,1,3,200000000,trmv-v1+129+triangular+uplo=U+transA=T+diag=U,policy-v1,policy,native/policy-v1,native-calibrated-v1,50000000,1,1,monotonic-batch
4,gemm+32x21x48+uniform,native/c/c-sparse/packed-4x4,5,2,1,1,19591,207865880,10610.274105456587,ns,ok,direct,reset-and-arithmetic,a038f25ac66821574b30392dc1d3b189cc287e2c,true,kotlin-native-2.4.10,1,3,200000000,gemm-v1+32x21x48+uniform,policy-v1,policy,native/policy-v1,native-calibrated-v1,50000000,1,1,monotonic-batch
4,gemm+32x21x48+uniform,native/c/c-sparse/packed-4x4,5,2,1,2,19591,203242583,10374.28324230514,ns,ok,direct,reset-and-arithmetic,a038f25ac66821574b30392dc1d3b189cc287e2c,true,kotlin-native-2.4.10,1,3,200000000,gemm-v1+32x21x48+uniform,policy-v1,policy,native/policy-v1,native-calibrated-v1,50000000,1,1,monotonic-batch
4,gemm+32x21x48+uniform,native/c/c-sparse/packed-4x4,5,2,1,3,19591,202969202,10360.328824460212,ns,ok,direct,reset-and-arithmetic,a038f25ac66821574b30392dc1d3b189cc287e2c,true,kotlin-native-2.4.10,1,3,200000000,gemm-v1+32x21x48+uniform,policy-v1,policy,native/policy-v1,native-calibrated-v1,50000000,1,1,monotonic-batch
4,gemm+32x21x48+uniform,native/c/c-sparse/packed-4x4,5,2,1,4,19591,200951078,10257.3160124547,ns,ok,direct,reset-and-arithmetic,a038f25ac66821574b30392dc1d3b189cc287e2c,true,kotlin-native-2.4.10,1,3,200000000,gemm-v1+32x21x48+uniform,policy-v1,policy,native/policy-v1,native-calibrated-v1,50000000,1,1,monotonic-batch
4,gemm+32x21x48+uniform,native/c/c-sparse/packed-4x4,5,2,1,5,19591,214848633,10966.70067888316,ns,ok,direct,reset-and-arithmetic,a038f25ac66821574b30392dc1d3b189cc287e2c,true,kotlin-native-2.4.10,1,3,200000000,gemm-v1+32x21x48+uniform,policy-v1,policy,native/policy-v1,native-calibrated-v1,50000000,1,1,monotonic-batch
4,gemm+129x31x257+uniform+transA=T,native/c/c-sparse/packed-4x4,5,2,1,1,1082,199047844,183962.88724584103,ns,ok,direct,reset-and-arithmetic,a038f25ac66821574b30392dc1d3b189cc287e2c,true,kotlin-native-2.4.10,1,3,200000000,gemm-v1+129x31x257+uniform+transA=T,policy-v1,policy,native/policy-v1,native-calibrated-v1,50000000,1,1,monotonic-batch
4,gemm+129x31x257+uniform+transA=T,native/c/c-sparse/packed-4x4,5,2,1,2,1082,199390577,184279.646025878,ns,ok,direct,reset-and-arithmetic,a038f25ac66821574b30392dc1d3b189cc287e2c,true,kotlin-native-2.4.10,1,3,200000000,gemm-v1+129x31x257+uniform+transA=T,policy-v1,policy,native/policy-v1,native-calibrated-v1,50000000,1,1,monotonic-batch
4,gemm+129x31x257+uniform+transA=T,native/c/c-sparse/packed-4x4,5,2,1,3,1082,190403830,175973.96487985214,ns,ok,direct,reset-and-arithmetic,a038f25ac66821574b30392dc1d3b189cc287e2c,true,kotlin-native-2.4.10,1,3,200000000,gemm-v1+129x31x257+uniform+transA=T,policy-v1,policy,native/policy-v1,native-calibrated-v1,50000000,1,1,monotonic-batch
4,gemm+129x31x257+uniform+transA=T,native/c/c-sparse/packed-4x4,5,2,1,4,1082,188296188,174026.0517560074,ns,ok,direct,reset-and-arithmetic,a038f25ac66821574b30392dc1d3b189cc287e2c,true,kotlin-native-2.4.10,1,3,200000000,gemm-v1+129x31x257+uniform+transA=T,policy-v1,policy,native/policy-v1,native-calibrated-v1,50000000,1,1,monotonic-batch
4,gemm+129x31x257+uniform+transA=T,native/c/c-sparse/packed-4x4,5,2,1,5,1082,187206702,173019.13308687616,ns,ok,direct,reset-and-arithmetic,a038f25ac66821574b30392dc1d3b189cc287e2c,true,kotlin-native-2.4.10,1,3,200000000,gemm-v1+129x31x257+uniform+transA=T,policy-v1,policy,native/policy-v1,native-calibrated-v1,50000000,1,1,monotonic-batch
4,gemm+65x127x33+uniform+transB=T,native/c/c-sparse/packed-4x4,5,2,1,1,3676,199735622,54335.04406964091,ns,ok,direct,reset-and-arithmetic,a038f25ac66821574b30392dc1d3b189cc287e2c,true,kotlin-native-2.4.10,1,3,200000000,gemm-v1+65x127x33+uniform+transB=T,policy-v1,policy,native/policy-v1,native-calibrated-v1,50000000,1,1,monotonic-batch
4,gemm+65x127x33+uniform+transB=T,native/c/c-sparse/packed-4x4,5,2,1,2,3676,199698392,54324.9162132753,ns,ok,direct,reset-and-arithmetic,a038f25ac66821574b30392dc1d3b189cc287e2c,true,kotlin-native-2.4.10,1,3,200000000,gemm-v1+65x127x33+uniform+transB=T,policy-v1,policy,native/policy-v1,native-calibrated-v1,50000000,1,1,monotonic-batch
4,gemm+65x127x33+uniform+transB=T,native/c/c-sparse/packed-4x4,5,2,1,3,3676,196181580,53368.220892274214,ns,ok,direct,reset-and-arithmetic,a038f25ac66821574b30392dc1d3b189cc287e2c,true,kotlin-native-2.4.10,1,3,200000000,gemm-v1+65x127x33+uniform+transB=T,policy-v1,policy,native/policy-v1,native-calibrated-v1,50000000,1,1,monotonic-batch
4,gemm+65x127x33+uniform+transB=T,native/c/c-sparse/packed-4x4,5,2,1,4,3676,188311791,51227.36425462459,ns,ok,direct,reset-and-arithmetic,a038f25ac66821574b30392dc1d3b189cc287e2c,true,kotlin-native-2.4.10,1,3,200000000,gemm-v1+65x127x33+uniform+transB=T,policy-v1,policy,native/policy-v1,native-calibrated-v1,50000000,1,1,monotonic-batch
4,gemm+65x127x33+uniform+transB=T,native/c/c-sparse/packed-4x4,5,2,1,5,3676,190208248,51743.26659412405,ns,ok,direct,reset-and-arithmetic,a038f25ac66821574b30392dc1d3b189cc287e2c,true,kotlin-native-2.4.10,1,3,200000000,gemm-v1+65x127x33+uniform+transB=T,policy-v1,policy,native/policy-v1,native-calibrated-v1,50000000,1,1,monotonic-batch
4,symm+129x31+uniform+side=L+uplo=L,native/c/c-sparse/packed-4x4,5,2,1,1,2085,199698355,95778.58752997602,ns,ok,direct,reset-and-arithmetic,a038f25ac66821574b30392dc1d3b189cc287e2c,true,kotlin-native-2.4.10,1,3,200000000,symm-v1+129x31+uniform+side=L+uplo=L,policy-v1,policy,native/policy-v1,native-calibrated-v1,50000000,1,1,monotonic-batch
4,symm+129x31+uniform+side=L+uplo=L,native/c/c-sparse/packed-4x4,5,2,1,2,2085,199909934,95880.06426858513,ns,ok,direct,reset-and-arithmetic,a038f25ac66821574b30392dc1d3b189cc287e2c,true,kotlin-native-2.4.10,1,3,200000000,symm-v1+129x31+uniform+side=L+uplo=L,policy-v1,policy,native/policy-v1,native-calibrated-v1,50000000,1,1,monotonic-batch
4,symm+129x31+uniform+side=L+uplo=L,native/c/c-sparse/packed-4x4,5,2,1,3,2085,199037371,95461.56882494004,ns,ok,direct,reset-and-arithmetic,a038f25ac66821574b30392dc1d3b189cc287e2c,true,kotlin-native-2.4.10,1,3,200000000,symm-v1+129x31+uniform+side=L+uplo=L,policy-v1,policy,native/policy-v1,native-calibrated-v1,50000000,1,1,monotonic-batch
4,symm+129x31+uniform+side=L+uplo=L,native/c/c-sparse/packed-4x4,5,2,1,4,2085,202014695,96889.54196642686,ns,ok,direct,reset-and-arithmetic,a038f25ac66821574b30392dc1d3b189cc287e2c,true,kotlin-native-2.4.10,1,3,200000000,symm-v1+129x31+uniform+side=L+uplo=L,policy-v1,policy,native/policy-v1,native-calibrated-v1,50000000,1,1,monotonic-batch
4,symm+129x31+uniform+side=L+uplo=L,native/c/c-sparse/packed-4x4,5,2,1,5,2085,200883134,96346.82685851319,ns,ok,direct,reset-and-arithmetic,a038f25ac66821574b30392dc1d3b189cc287e2c,true,kotlin-native-2.4.10,1,3,200000000,symm-v1+129x31+uniform+side=L+uplo=L,policy-v1,policy,native/policy-v1,native-calibrated-v1,50000000,1,1,monotonic-batch
4,symm+31x129+uniform+side=R+uplo=U,native/c/c-sparse/packed-4x4,5,2,1,1,2088,200881178,96207.46072796934,ns,ok,direct,reset-and-arithmetic,a038f25ac66821574b30392dc1d3b189cc287e2c,true,kotlin-native-2.4.10,1,3,200000000,symm-v1+31x129+uniform+side=R+uplo=U,policy-v1,policy,native/policy-v1,native-calibrated-v1,50000000,1,1,monotonic-batch
4,symm+31x129+uniform+side=R+uplo=U,native/c/c-sparse/packed-4x4,5,2,1,2,2088,199663953,95624.4985632184,ns,ok,direct,reset-and-arithmetic,a038f25ac66821574b30392dc1d3b189cc287e2c,true,kotlin-native-2.4.10,1,3,200000000,symm-v1+31x129+uniform+side=R+uplo=U,policy-v1,policy,native/policy-v1,native-calibrated-v1,50000000,1,1,monotonic-batch
4,symm+31x129+uniform+side=R+uplo=U,native/c/c-sparse/packed-4x4,5,2,1,3,2088,198955443,95285.17385057472,ns,ok,direct,reset-and-arithmetic,a038f25ac66821574b30392dc1d3b189cc287e2c,true,kotlin-native-2.4.10,1,3,200000000,symm-v1+31x129+uniform+side=R+uplo=U,policy-v1,policy,native/policy-v1,native-calibrated-v1,50000000,1,1,monotonic-batch
4,symm+31x129+uniform+side=R+uplo=U,native/c/c-sparse/packed-4x4,5,2,1,4,2088,198127452,94888.6264367816,ns,ok,direct,reset-and-arithmetic,a038f25ac66821574b30392dc1d3b189cc287e2c,true,kotlin-native-2.4.10,1,3,200000000,symm-v1+31x129+uniform+side=R+uplo=U,policy-v1,policy,native/policy-v1,native-calibrated-v1,50000000,1,1,monotonic-batch
4,symm+31x129+uniform+side=R+uplo=U,native/c/c-sparse/packed-4x4,5,2,1,5,2088,197777067,94720.81752873563,ns,ok,direct,reset-and-arithmetic,a038f25ac66821574b30392dc1d3b189cc287e2c,true,kotlin-native-2.4.10,1,3,200000000,symm-v1+31x129+uniform+side=R+uplo=U,policy-v1,policy,native/policy-v1,native-calibrated-v1,50000000,1,1,monotonic-batch
4,gemmt+129x31+uniform+uplo=L+transA=N+transB=N,native/c/c-sparse/packed-4x4,5,2,1,1,822,203169648,247165.02189781022,ns,ok,direct,reset-and-arithmetic,a038f25ac66821574b30392dc1d3b189cc287e2c,true,kotlin-native-2.4.10,1,3,200000000,gemmt-v1+129x31+uniform+uplo=L+transA=N+transB=N,policy-v1,policy,native/policy-v1,native-calibrated-v1,50000000,1,1,monotonic-batch
4,gemmt+129x31+uniform+uplo=L+transA=N+transB=N,native/c/c-sparse/packed-4x4,5,2,1,2,822,186670950,227093.61313868614,ns,ok,direct,reset-and-arithmetic,a038f25ac66821574b30392dc1d3b189cc287e2c,true,kotlin-native-2.4.10,1,3,200000000,gemmt-v1+129x31+uniform+uplo=L+transA=N+transB=N,policy-v1,policy,native/policy-v1,native-calibrated-v1,50000000,1,1,monotonic-batch
4,gemmt+129x31+uniform+uplo=L+transA=N+transB=N,native/c/c-sparse/packed-4x4,5,2,1,3,822,184412554,224346.17274939173,ns,ok,direct,reset-and-arithmetic,a038f25ac66821574b30392dc1d3b189cc287e2c,true,kotlin-native-2.4.10,1,3,200000000,gemmt-v1+129x31+uniform+uplo=L+transA=N+transB=N,policy-v1,policy,native/policy-v1,native-calibrated-v1,50000000,1,1,monotonic-batch
4,gemmt+129x31+uniform+uplo=L+transA=N+transB=N,native/c/c-sparse/packed-4x4,5,2,1,4,822,183245445,222926.3321167883,ns,ok,direct,reset-and-arithmetic,a038f25ac66821574b30392dc1d3b189cc287e2c,true,kotlin-native-2.4.10,1,3,200000000,gemmt-v1+129x31+uniform+uplo=L+transA=N+transB=N,policy-v1,policy,native/policy-v1,native-calibrated-v1,50000000,1,1,monotonic-batch
4,gemmt+129x31+uniform+uplo=L+transA=N+transB=N,native/c/c-sparse/packed-4x4,5,2,1,5,822,183138972,222796.80291970802,ns,ok,direct,reset-and-arithmetic,a038f25ac66821574b30392dc1d3b189cc287e2c,true,kotlin-native-2.4.10,1,3,200000000,gemmt-v1+129x31+uniform+uplo=L+transA=N+transB=N,policy-v1,policy,native/policy-v1,native-calibrated-v1,50000000,1,1,monotonic-batch
4,syrk+129x31+uniform+uplo=L+transA=N,native/c/c-sparse/packed-4x4,5,2,1,1,3163,199997088,63230.18906101802,ns,ok,direct,reset-and-arithmetic,a038f25ac66821574b30392dc1d3b189cc287e2c,true,kotlin-native-2.4.10,1,3,200000000,syrk-v1+129x31+uniform+uplo=L+transA=N,policy-v1,policy,native/policy-v1,native-calibrated-v1,50000000,1,1,monotonic-batch
4,syrk+129x31+uniform+uplo=L+transA=N,native/c/c-sparse/packed-4x4,5,2,1,2,3163,200274212,63317.80335124881,ns,ok,direct,reset-and-arithmetic,a038f25ac66821574b30392dc1d3b189cc287e2c,true,kotlin-native-2.4.10,1,3,200000000,syrk-v1+129x31+uniform+uplo=L+transA=N,policy-v1,policy,native/policy-v1,native-calibrated-v1,50000000,1,1,monotonic-batch
4,syrk+129x31+uniform+uplo=L+transA=N,native/c/c-sparse/packed-4x4,5,2,1,3,3163,199328263,63018.73632627253,ns,ok,direct,reset-and-arithmetic,a038f25ac66821574b30392dc1d3b189cc287e2c,true,kotlin-native-2.4.10,1,3,200000000,syrk-v1+129x31+uniform+uplo=L+transA=N,policy-v1,policy,native/policy-v1,native-calibrated-v1,50000000,1,1,monotonic-batch
4,syrk+129x31+uniform+uplo=L+transA=N,native/c/c-sparse/packed-4x4,5,2,1,4,3163,198434369,62736.12677837496,ns,ok,direct,reset-and-arithmetic,a038f25ac66821574b30392dc1d3b189cc287e2c,true,kotlin-native-2.4.10,1,3,200000000,syrk-v1+129x31+uniform+uplo=L+transA=N,policy-v1,policy,native/policy-v1,native-calibrated-v1,50000000,1,1,monotonic-batch
4,syrk+129x31+uniform+uplo=L+transA=N,native/c/c-sparse/packed-4x4,5,2,1,5,3163,200963661,63535.77647802719,ns,ok,direct,reset-and-arithmetic,a038f25ac66821574b30392dc1d3b189cc287e2c,true,kotlin-native-2.4.10,1,3,200000000,syrk-v1+129x31+uniform+uplo=L+transA=N,policy-v1,policy,native/policy-v1,native-calibrated-v1,50000000,1,1,monotonic-batch
4,syr2k+129x31+uniform+uplo=U+transA=T,native/c/c-sparse/packed-4x4,5,2,1,1,1500,197869005,131912.67,ns,ok,direct,reset-and-arithmetic,a038f25ac66821574b30392dc1d3b189cc287e2c,true,kotlin-native-2.4.10,1,3,200000000,syr2k-v1+129x31+uniform+uplo=U+transA=T,policy-v1,policy,native/policy-v1,native-calibrated-v1,50000000,1,1,monotonic-batch
4,syr2k+129x31+uniform+uplo=U+transA=T,native/c/c-sparse/packed-4x4,5,2,1,2,1500,197057726,131371.81733333334,ns,ok,direct,reset-and-arithmetic,a038f25ac66821574b30392dc1d3b189cc287e2c,true,kotlin-native-2.4.10,1,3,200000000,syr2k-v1+129x31+uniform+uplo=U+transA=T,policy-v1,policy,native/policy-v1,native-calibrated-v1,50000000,1,1,monotonic-batch
4,syr2k+129x31+uniform+uplo=U+transA=T,native/c/c-sparse/packed-4x4,5,2,1,3,1500,196698437,131132.29133333333,ns,ok,direct,reset-and-arithmetic,a038f25ac66821574b30392dc1d3b189cc287e2c,true,kotlin-native-2.4.10,1,3,200000000,syr2k-v1+129x31+uniform+uplo=U+transA=T,policy-v1,policy,native/policy-v1,native-calibrated-v1,50000000,1,1,monotonic-batch
4,syr2k+129x31+uniform+uplo=U+transA=T,native/c/c-sparse/packed-4x4,5,2,1,4,1500,197595451,131730.30066666668,ns,ok,direct,reset-and-arithmetic,a038f25ac66821574b30392dc1d3b189cc287e2c,true,kotlin-native-2.4.10,1,3,200000000,syr2k-v1+129x31+uniform+uplo=U+transA=T,policy-v1,policy,native/policy-v1,native-calibrated-v1,50000000,1,1,monotonic-batch
4,syr2k+129x31+uniform+uplo=U+transA=T,native/c/c-sparse/packed-4x4,5,2,1,5,1500,197998052,131998.70133333333,ns,ok,direct,reset-and-arithmetic,a038f25ac66821574b30392dc1d3b189cc287e2c,true,kotlin-native-2.4.10,1,3,200000000,syr2k-v1+129x31+uniform+uplo=U+transA=T,policy-v1,policy,native/policy-v1,native-calibrated-v1,50000000,1,1,monotonic-batch
4,trsm+64x16+triangular+side=L+uplo=L+transA=N+diag=N,native/c/c-sparse/packed-4x4,5,2,1,1,5982,195814360,32733.928452022734,ns,ok,direct,reset-and-arithmetic,a038f25ac66821574b30392dc1d3b189cc287e2c,true,kotlin-native-2.4.10,1,3,200000000,trsm-v1+64x16+triangular+side=L+uplo=L+transA=N+diag=N,policy-v1,policy,native/policy-v1,native-calibrated-v1,50000000,1,1,monotonic-batch
4,trsm+64x16+triangular+side=L+uplo=L+transA=N+diag=N,native/c/c-sparse/packed-4x4,5,2,1,2,5982,194728587,32552.421765295887,ns,ok,direct,reset-and-arithmetic,a038f25ac66821574b30392dc1d3b189cc287e2c,true,kotlin-native-2.4.10,1,3,200000000,trsm-v1+64x16+triangular+side=L+uplo=L+transA=N+diag=N,policy-v1,policy,native/policy-v1,native-calibrated-v1,50000000,1,1,monotonic-batch
4,trsm+64x16+triangular+side=L+uplo=L+transA=N+diag=N,native/c/c-sparse/packed-4x4,5,2,1,3,5982,199248012,33307.925777332,ns,ok,direct,reset-and-arithmetic,a038f25ac66821574b30392dc1d3b189cc287e2c,true,kotlin-native-2.4.10,1,3,200000000,trsm-v1+64x16+triangular+side=L+uplo=L+transA=N+diag=N,policy-v1,policy,native/policy-v1,native-calibrated-v1,50000000,1,1,monotonic-batch
4,trsm+64x16+triangular+side=L+uplo=L+transA=N+diag=N,native/c/c-sparse/packed-4x4,5,2,1,4,5982,206409697,34505.13156135072,ns,ok,direct,reset-and-arithmetic,a038f25ac66821574b30392dc1d3b189cc287e2c,true,kotlin-native-2.4.10,1,3,200000000,trsm-v1+64x16+triangular+side=L+uplo=L+transA=N+diag=N,policy-v1,policy,native/policy-v1,native-calibrated-v1,50000000,1,1,monotonic-batch
4,trsm+64x16+triangular+side=L+uplo=L+transA=N+diag=N,native/c/c-sparse/packed-4x4,5,2,1,5,5982,215237120,35980.79572049482,ns,ok,direct,reset-and-arithmetic,a038f25ac66821574b30392dc1d3b189cc287e2c,true,kotlin-native-2.4.10,1,3,200000000,trsm-v1+64x16+triangular+side=L+uplo=L+transA=N+diag=N,policy-v1,policy,native/policy-v1,native-calibrated-v1,50000000,1,1,monotonic-batch
4,trsm+17x64+triangular+side=R+uplo=U+transA=T+diag=U,native/c/c-sparse/packed-4x4,5,2,1,1,5262,197771967,37584.94241733181,ns,ok,direct,reset-and-arithmetic,a038f25ac66821574b30392dc1d3b189cc287e2c,true,kotlin-native-2.4.10,1,3,200000000,trsm-v1+17x64+triangular+side=R+uplo=U+transA=T+diag=U,policy-v1,policy,native/policy-v1,native-calibrated-v1,50000000,1,1,monotonic-batch
4,trsm+17x64+triangular+side=R+uplo=U+transA=T+diag=U,native/c/c-sparse/packed-4x4,5,2,1,2,5262,198303089,37685.87780311669,ns,ok,direct,reset-and-arithmetic,a038f25ac66821574b30392dc1d3b189cc287e2c,true,kotlin-native-2.4.10,1,3,200000000,trsm-v1+17x64+triangular+side=R+uplo=U+transA=T+diag=U,policy-v1,policy,native/policy-v1,native-calibrated-v1,50000000,1,1,monotonic-batch
4,trsm+17x64+triangular+side=R+uplo=U+transA=T+diag=U,native/c/c-sparse/packed-4x4,5,2,1,3,5262,199255187,37866.816229570504,ns,ok,direct,reset-and-arithmetic,a038f25ac66821574b30392dc1d3b189cc287e2c,true,kotlin-native-2.4.10,1,3,200000000,trsm-v1+17x64+triangular+side=R+uplo=U+transA=T+diag=U,policy-v1,policy,native/policy-v1,native-calibrated-v1,50000000,1,1,monotonic-batch
4,trsm+17x64+triangular+side=R+uplo=U+transA=T+diag=U,native/c/c-sparse/packed-4x4,5,2,1,4,5262,197865649,37602.7459141011,ns,ok,direct,reset-and-arithmetic,a038f25ac66821574b30392dc1d3b189cc287e2c,true,kotlin-native-2.4.10,1,3,200000000,trsm-v1+17x64+triangular+side=R+uplo=U+transA=T+diag=U,policy-v1,policy,native/policy-v1,native-calibrated-v1,50000000,1,1,monotonic-batch
4,trsm+17x64+triangular+side=R+uplo=U+transA=T+diag=U,native/c/c-sparse/packed-4x4,5,2,1,5,5262,196557886,37354.216267578864,ns,ok,direct,reset-and-arithmetic,a038f25ac66821574b30392dc1d3b189cc287e2c,true,kotlin-native-2.4.10,1,3,200000000,trsm-v1+17x64+triangular+side=R+uplo=U+transA=T+diag=U,policy-v1,policy,native/policy-v1,native-calibrated-v1,50000000,1,1,monotonic-batch
4,trmm+64x16+triangular+side=L+uplo=U+transA=T+diag=N,native/c/c-sparse/packed-4x4,5,2,1,1,6318,196324256,31073.798037353594,ns,ok,direct,reset-and-arithmetic,a038f25ac66821574b30392dc1d3b189cc287e2c,true,kotlin-native-2.4.10,1,3,200000000,trmm-v1+64x16+triangular+side=L+uplo=U+transA=T+diag=N,policy-v1,policy,native/policy-v1,native-calibrated-v1,50000000,1,1,monotonic-batch
4,trmm+64x16+triangular+side=L+uplo=U+transA=T+diag=N,native/c/c-sparse/packed-4x4,5,2,1,2,6318,197028449,31185.256251978473,ns,ok,direct,reset-and-arithmetic,a038f25ac66821574b30392dc1d3b189cc287e2c,true,kotlin-native-2.4.10,1,3,200000000,trmm-v1+64x16+triangular+side=L+uplo=U+transA=T+diag=N,policy-v1,policy,native/policy-v1,native-calibrated-v1,50000000,1,1,monotonic-batch
4,trmm+64x16+triangular+side=L+uplo=U+transA=T+diag=N,native/c/c-sparse/packed-4x4,5,2,1,3,6318,197978901,31335.691832858498,ns,ok,direct,reset-and-arithmetic,a038f25ac66821574b30392dc1d3b189cc287e2c,true,kotlin-native-2.4.10,1,3,200000000,trmm-v1+64x16+triangular+side=L+uplo=U+transA=T+diag=N,policy-v1,policy,native/policy-v1,native-calibrated-v1,50000000,1,1,monotonic-batch
4,trmm+64x16+triangular+side=L+uplo=U+transA=T+diag=N,native/c/c-sparse/packed-4x4,5,2,1,4,6318,196863804,31159.196581196582,ns,ok,direct,reset-and-arithmetic,a038f25ac66821574b30392dc1d3b189cc287e2c,true,kotlin-native-2.4.10,1,3,200000000,trmm-v1+64x16+triangular+side=L+uplo=U+transA=T+diag=N,policy-v1,policy,native/policy-v1,native-calibrated-v1,50000000,1,1,monotonic-batch
4,trmm+64x16+triangular+side=L+uplo=U+transA=T+diag=N,native/c/c-sparse/packed-4x4,5,2,1,5,6318,198588657,31432.202754036087,ns,ok,direct,reset-and-arithmetic,a038f25ac66821574b30392dc1d3b189cc287e2c,true,kotlin-native-2.4.10,1,3,200000000,trmm-v1+64x16+triangular+side=L+uplo=U+transA=T+diag=N,policy-v1,policy,native/policy-v1,native-calibrated-v1,50000000,1,1,monotonic-batch
4,trmm+17x64+triangular+side=R+uplo=L+transA=N+diag=U,native/c/c-sparse/packed-4x4,5,2,1,1,5739,198915140,34660.24394493814,ns,ok,direct,reset-and-arithmetic,a038f25ac66821574b30392dc1d3b189cc287e2c,true,kotlin-native-2.4.10,1,3,200000000,trmm-v1+17x64+triangular+side=R+uplo=L+transA=N+diag=U,policy-v1,policy,native/policy-v1,native-calibrated-v1,50000000,1,1,monotonic-batch
4,trmm+17x64+triangular+side=R+uplo=L+transA=N+diag=U,native/c/c-sparse/packed-4x4,5,2,1,2,5739,200970855,35018.44485101934,ns,ok,direct,reset-and-arithmetic,a038f25ac66821574b30392dc1d3b189cc287e2c,true,kotlin-native-2.4.10,1,3,200000000,trmm-v1+17x64+triangular+side=R+uplo=L+transA=N+diag=U,policy-v1,policy,native/policy-v1,native-calibrated-v1,50000000,1,1,monotonic-batch
4,trmm+17x64+triangular+side=R+uplo=L+transA=N+diag=U,native/c/c-sparse/packed-4x4,5,2,1,3,5739,199546369,34770.23331590869,ns,ok,direct,reset-and-arithmetic,a038f25ac66821574b30392dc1d3b189cc287e2c,true,kotlin-native-2.4.10,1,3,200000000,trmm-v1+17x64+triangular+side=R+uplo=L+transA=N+diag=U,policy-v1,policy,native/policy-v1,native-calibrated-v1,50000000,1,1,monotonic-batch
4,trmm+17x64+triangular+side=R+uplo=L+transA=N+diag=U,native/c/c-sparse/packed-4x4,5,2,1,4,5739,198141388,34525.42045652553,ns,ok,direct,reset-and-arithmetic,a038f25ac66821574b30392dc1d3b189cc287e2c,true,kotlin-native-2.4.10,1,3,200000000,trmm-v1+17x64+triangular+side=R+uplo=L+transA=N+diag=U,policy-v1,policy,native/policy-v1,native-calibrated-v1,50000000,1,1,monotonic-batch
4,trmm+17x64+triangular+side=R+uplo=L+transA=N+diag=U,native/c/c-sparse/packed-4x4,5,2,1,5,5739,198087791,34516.08137306151,ns,ok,direct,reset-and-arithmetic,a038f25ac66821574b30392dc1d3b189cc287e2c,true,kotlin-native-2.4.10,1,3,200000000,trmm-v1+17x64+triangular+side=R+uplo=L+transA=N+diag=U,policy-v1,policy,native/policy-v1,native-calibrated-v1,50000000,1,1,monotonic-batch
4,gemm-tile+4x4x32+uniform+physical=4x4+work=gemm-add-v1+leftLayout=depth-rows-v1+rightLayout=depth-columns-v1+leftGroup=4+rightGroup=4+leftStride=4+rightStride=4+padding=zero+alignment=8+block=4x4x32+panel=32+diagonal=0+rhs=0+batch=1+variant=current-tile-v1+timing=raw-tile,native/c/c-sparse/packed-4x4,5,2,1,1,1000000,69547296,69.547296,ns,ok,partial,raw-tile,a038f25ac66821574b30392dc1d3b189cc287e2c,true,kotlin-native-2.4.10,1,3,200000000,gemm-add-v1+4x4x32+uniform,physical=4x4+leftLayout=depth-rows-v1+rightLayout=depth-columns-v1+leftGroup=4+rightGroup=4+leftStride=4+rightStride=4+padding=zero+alignment=8+block=4x4x32+panel=32+diagonal=0+rhs=0+batch=1+variant=current-tile-v1,tiles=1;leftDoubles=128;rightDoubles=128;outputDoubles=16;resetDoubles=16;scratchDoubles=0;triangleDoubles=0,native/c-tile-v1/4x4,native-calibrated-v1,50000000,1,1,monotonic-batch
4,gemm-tile+4x4x32+uniform+physical=4x4+work=gemm-add-v1+leftLayout=depth-rows-v1+rightLayout=depth-columns-v1+leftGroup=4+rightGroup=4+leftStride=4+rightStride=4+padding=zero+alignment=8+block=4x4x32+panel=32+diagonal=0+rhs=0+batch=1+variant=current-tile-v1+timing=raw-tile,native/c/c-sparse/packed-4x4,5,2,1,2,1000000,70732275,70.732275,ns,ok,partial,raw-tile,a038f25ac66821574b30392dc1d3b189cc287e2c,true,kotlin-native-2.4.10,1,3,200000000,gemm-add-v1+4x4x32+uniform,physical=4x4+leftLayout=depth-rows-v1+rightLayout=depth-columns-v1+leftGroup=4+rightGroup=4+leftStride=4+rightStride=4+padding=zero+alignment=8+block=4x4x32+panel=32+diagonal=0+rhs=0+batch=1+variant=current-tile-v1,tiles=1;leftDoubles=128;rightDoubles=128;outputDoubles=16;resetDoubles=16;scratchDoubles=0;triangleDoubles=0,native/c-tile-v1/4x4,native-calibrated-v1,50000000,1,1,monotonic-batch
4,gemm-tile+4x4x32+uniform+physical=4x4+work=gemm-add-v1+leftLayout=depth-rows-v1+rightLayout=depth-columns-v1+leftGroup=4+rightGroup=4+leftStride=4+rightStride=4+padding=zero+alignment=8+block=4x4x32+panel=32+diagonal=0+rhs=0+batch=1+variant=current-tile-v1+timing=raw-tile,native/c/c-sparse/packed-4x4,5,2,1,3,1000000,70419550,70.41955,ns,ok,partial,raw-tile,a038f25ac66821574b30392dc1d3b189cc287e2c,true,kotlin-native-2.4.10,1,3,200000000,gemm-add-v1+4x4x32+uniform,physical=4x4+leftLayout=depth-rows-v1+rightLayout=depth-columns-v1+leftGroup=4+rightGroup=4+leftStride=4+rightStride=4+padding=zero+alignment=8+block=4x4x32+panel=32+diagonal=0+rhs=0+batch=1+variant=current-tile-v1,tiles=1;leftDoubles=128;rightDoubles=128;outputDoubles=16;resetDoubles=16;scratchDoubles=0;triangleDoubles=0,native/c-tile-v1/4x4,native-calibrated-v1,50000000,1,1,monotonic-batch
4,gemm-tile+4x4x32+uniform+physical=4x4+work=gemm-add-v1+leftLayout=depth-rows-v1+rightLayout=depth-columns-v1+leftGroup=4+rightGroup=4+leftStride=4+rightStride=4+padding=zero+alignment=8+block=4x4x32+panel=32+diagonal=0+rhs=0+batch=1+variant=current-tile-v1+timing=raw-tile,native/c/c-sparse/packed-4x4,5,2,1,4,1000000,69571247,69.571247,ns,ok,partial,raw-tile,a038f25ac66821574b30392dc1d3b189cc287e2c,true,kotlin-native-2.4.10,1,3,200000000,gemm-add-v1+4x4x32+uniform,physical=4x4+leftLayout=depth-rows-v1+rightLayout=depth-columns-v1+leftGroup=4+rightGroup=4+leftStride=4+rightStride=4+padding=zero+alignment=8+block=4x4x32+panel=32+diagonal=0+rhs=0+batch=1+variant=current-tile-v1,tiles=1;leftDoubles=128;rightDoubles=128;outputDoubles=16;resetDoubles=16;scratchDoubles=0;triangleDoubles=0,native/c-tile-v1/4x4,native-calibrated-v1,50000000,1,1,monotonic-batch
4,gemm-tile+4x4x32+uniform+physical=4x4+work=gemm-add-v1+leftLayout=depth-rows-v1+rightLayout=depth-columns-v1+leftGroup=4+rightGroup=4+leftStride=4+rightStride=4+padding=zero+alignment=8+block=4x4x32+panel=32+diagonal=0+rhs=0+batch=1+variant=current-tile-v1+timing=raw-tile,native/c/c-sparse/packed-4x4,5,2,1,5,1000000,69804648,69.804648,ns,ok,partial,raw-tile,a038f25ac66821574b30392dc1d3b189cc287e2c,true,kotlin-native-2.4.10,1,3,200000000,gemm-add-v1+4x4x32+uniform,physical=4x4+leftLayout=depth-rows-v1+rightLayout=depth-columns-v1+leftGroup=4+rightGroup=4+leftStride=4+rightStride=4+padding=zero+alignment=8+block=4x4x32+panel=32+diagonal=0+rhs=0+batch=1+variant=current-tile-v1,tiles=1;leftDoubles=128;rightDoubles=128;outputDoubles=16;resetDoubles=16;scratchDoubles=0;triangleDoubles=0,native/c-tile-v1/4x4,native-calibrated-v1,50000000,1,1,monotonic-batch
4,gemm-tile+3x2x31+uniform+physical=4x4+work=gemm-add-v1+leftLayout=depth-rows-v1+rightLayout=depth-columns-v1+leftGroup=4+rightGroup=4+leftStride=4+rightStride=4+padding=zero+alignment=8+block=3x2x31+panel=31+diagonal=0+rhs=0+batch=1+variant=current-tile-v1+timing=raw-tile,native/c/c-sparse/packed-4x4,5,2,1,1,1000000,78857663,78.857663,ns,ok,partial,raw-tile,a038f25ac66821574b30392dc1d3b189cc287e2c,true,kotlin-native-2.4.10,1,3,200000000,gemm-add-v1+3x2x31+uniform,physical=4x4+leftLayout=depth-rows-v1+rightLayout=depth-columns-v1+leftGroup=4+rightGroup=4+leftStride=4+rightStride=4+padding=zero+alignment=8+block=3x2x31+panel=31+diagonal=0+rhs=0+batch=1+variant=current-tile-v1,tiles=1;leftDoubles=124;rightDoubles=124;outputDoubles=16;resetDoubles=16;scratchDoubles=0;triangleDoubles=0,native/c-tile-v1/4x4,native-calibrated-v1,50000000,1,1,monotonic-batch
4,gemm-tile+3x2x31+uniform+physical=4x4+work=gemm-add-v1+leftLayout=depth-rows-v1+rightLayout=depth-columns-v1+leftGroup=4+rightGroup=4+leftStride=4+rightStride=4+padding=zero+alignment=8+block=3x2x31+panel=31+diagonal=0+rhs=0+batch=1+variant=current-tile-v1+timing=raw-tile,native/c/c-sparse/packed-4x4,5,2,1,2,1000000,83082620,83.08262,ns,ok,partial,raw-tile,a038f25ac66821574b30392dc1d3b189cc287e2c,true,kotlin-native-2.4.10,1,3,200000000,gemm-add-v1+3x2x31+uniform,physical=4x4+leftLayout=depth-rows-v1+rightLayout=depth-columns-v1+leftGroup=4+rightGroup=4+leftStride=4+rightStride=4+padding=zero+alignment=8+block=3x2x31+panel=31+diagonal=0+rhs=0+batch=1+variant=current-tile-v1,tiles=1;leftDoubles=124;rightDoubles=124;outputDoubles=16;resetDoubles=16;scratchDoubles=0;triangleDoubles=0,native/c-tile-v1/4x4,native-calibrated-v1,50000000,1,1,monotonic-batch
4,gemm-tile+3x2x31+uniform+physical=4x4+work=gemm-add-v1+leftLayout=depth-rows-v1+rightLayout=depth-columns-v1+leftGroup=4+rightGroup=4+leftStride=4+rightStride=4+padding=zero+alignment=8+block=3x2x31+panel=31+diagonal=0+rhs=0+batch=1+variant=current-tile-v1+timing=raw-tile,native/c/c-sparse/packed-4x4,5,2,1,3,1000000,82808882,82.808882,ns,ok,partial,raw-tile,a038f25ac66821574b30392dc1d3b189cc287e2c,true,kotlin-native-2.4.10,1,3,200000000,gemm-add-v1+3x2x31+uniform,physical=4x4+leftLayout=depth-rows-v1+rightLayout=depth-columns-v1+leftGroup=4+rightGroup=4+leftStride=4+rightStride=4+padding=zero+alignment=8+block=3x2x31+panel=31+diagonal=0+rhs=0+batch=1+variant=current-tile-v1,tiles=1;leftDoubles=124;rightDoubles=124;outputDoubles=16;resetDoubles=16;scratchDoubles=0;triangleDoubles=0,native/c-tile-v1/4x4,native-calibrated-v1,50000000,1,1,monotonic-batch
4,gemm-tile+3x2x31+uniform+physical=4x4+work=gemm-add-v1+leftLayout=depth-rows-v1+rightLayout=depth-columns-v1+leftGroup=4+rightGroup=4+leftStride=4+rightStride=4+padding=zero+alignment=8+block=3x2x31+panel=31+diagonal=0+rhs=0+batch=1+variant=current-tile-v1+timing=raw-tile,native/c/c-sparse/packed-4x4,5,2,1,4,1000000,76559378,76.559378,ns,ok,partial,raw-tile,a038f25ac66821574b30392dc1d3b189cc287e2c,true,kotlin-native-2.4.10,1,3,200000000,gemm-add-v1+3x2x31+uniform,physical=4x4+leftLayout=depth-rows-v1+rightLayout=depth-columns-v1+leftGroup=4+rightGroup=4+leftStride=4+rightStride=4+padding=zero+alignment=8+block=3x2x31+panel=31+diagonal=0+rhs=0+batch=1+variant=current-tile-v1,tiles=1;leftDoubles=124;rightDoubles=124;outputDoubles=16;resetDoubles=16;scratchDoubles=0;triangleDoubles=0,native/c-tile-v1/4x4,native-calibrated-v1,50000000,1,1,monotonic-batch
4,gemm-tile+3x2x31+uniform+physical=4x4+work=gemm-add-v1+leftLayout=depth-rows-v1+rightLayout=depth-columns-v1+leftGroup=4+rightGroup=4+leftStride=4+rightStride=4+padding=zero+alignment=8+block=3x2x31+panel=31+diagonal=0+rhs=0+batch=1+variant=current-tile-v1+timing=raw-tile,native/c/c-sparse/packed-4x4,5,2,1,5,1000000,75815795,75.815795,ns,ok,partial,raw-tile,a038f25ac66821574b30392dc1d3b189cc287e2c,true,kotlin-native-2.4.10,1,3,200000000,gemm-add-v1+3x2x31+uniform,physical=4x4+leftLayout=depth-rows-v1+rightLayout=depth-columns-v1+leftGroup=4+rightGroup=4+leftStride=4+rightStride=4+padding=zero+alignment=8+block=3x2x31+panel=31+diagonal=0+rhs=0+batch=1+variant=current-tile-v1,tiles=1;leftDoubles=124;rightDoubles=124;outputDoubles=16;resetDoubles=16;scratchDoubles=0;triangleDoubles=0,native/c-tile-v1/4x4,native-calibrated-v1,50000000,1,1,monotonic-batch
4,packed-trsm+4x4+triangular+physical=4x4+uplo=L+diag=N+work=right-solve-v1+leftLayout=depth-rows-v1+rightLayout=depth-columns-v1+leftGroup=4+rightGroup=4+leftStride=4+rightStride=4+padding=zero+alignment=8+block=4x4x4+panel=4+diagonal=4+rhs=4+batch=1+variant=current-tile-v1+timing=raw-tile,native/c/c-sparse/packed-4x4,5,2,1,1,1000000,100433914,100.433914,ns,ok,partial,raw-tile,a038f25ac66821574b30392dc1d3b189cc287e2c,true,kotlin-native-2.4.10,1,3,200000000,right-solve-v1+4x4+triangular+uplo=L+diag=N,physical=4x4+leftLayout=depth-rows-v1+rightLayout=depth-columns-v1+leftGroup=4+rightGroup=4+leftStride=4+rightStride=4+padding=zero+alignment=8+block=4x4x4+panel=4+diagonal=4+rhs=4+batch=1+variant=current-tile-v1,tiles=1;leftDoubles=0;rightDoubles=0;outputDoubles=16;resetDoubles=16;scratchDoubles=0;triangleDoubles=16,native/c-tile-v1/4x4,native-calibrated-v1,50000000,1,1,monotonic-batch
4,packed-trsm+4x4+triangular+physical=4x4+uplo=L+diag=N+work=right-solve-v1+leftLayout=depth-rows-v1+rightLayout=depth-columns-v1+leftGroup=4+rightGroup=4+leftStride=4+rightStride=4+padding=zero+alignment=8+block=4x4x4+panel=4+diagonal=4+rhs=4+batch=1+variant=current-tile-v1+timing=raw-tile,native/c/c-sparse/packed-4x4,5,2,1,2,1000000,73746128,73.746128,ns,ok,partial,raw-tile,a038f25ac66821574b30392dc1d3b189cc287e2c,true,kotlin-native-2.4.10,1,3,200000000,right-solve-v1+4x4+triangular+uplo=L+diag=N,physical=4x4+leftLayout=depth-rows-v1+rightLayout=depth-columns-v1+leftGroup=4+rightGroup=4+leftStride=4+rightStride=4+padding=zero+alignment=8+block=4x4x4+panel=4+diagonal=4+rhs=4+batch=1+variant=current-tile-v1,tiles=1;leftDoubles=0;rightDoubles=0;outputDoubles=16;resetDoubles=16;scratchDoubles=0;triangleDoubles=16,native/c-tile-v1/4x4,native-calibrated-v1,50000000,1,1,monotonic-batch
4,packed-trsm+4x4+triangular+physical=4x4+uplo=L+diag=N+work=right-solve-v1+leftLayout=depth-rows-v1+rightLayout=depth-columns-v1+leftGroup=4+rightGroup=4+leftStride=4+rightStride=4+padding=zero+alignment=8+block=4x4x4+panel=4+diagonal=4+rhs=4+batch=1+variant=current-tile-v1+timing=raw-tile,native/c/c-sparse/packed-4x4,5,2,1,3,1000000,104539692,104.539692,ns,ok,partial,raw-tile,a038f25ac66821574b30392dc1d3b189cc287e2c,true,kotlin-native-2.4.10,1,3,200000000,right-solve-v1+4x4+triangular+uplo=L+diag=N,physical=4x4+leftLayout=depth-rows-v1+rightLayout=depth-columns-v1+leftGroup=4+rightGroup=4+leftStride=4+rightStride=4+padding=zero+alignment=8+block=4x4x4+panel=4+diagonal=4+rhs=4+batch=1+variant=current-tile-v1,tiles=1;leftDoubles=0;rightDoubles=0;outputDoubles=16;resetDoubles=16;scratchDoubles=0;triangleDoubles=16,native/c-tile-v1/4x4,native-calibrated-v1,50000000,1,1,monotonic-batch
4,packed-trsm+4x4+triangular+physical=4x4+uplo=L+diag=N+work=right-solve-v1+leftLayout=depth-rows-v1+rightLayout=depth-columns-v1+leftGroup=4+rightGroup=4+leftStride=4+rightStride=4+padding=zero+alignment=8+block=4x4x4+panel=4+diagonal=4+rhs=4+batch=1+variant=current-tile-v1+timing=raw-tile,native/c/c-sparse/packed-4x4,5,2,1,4,1000000,103553891,103.553891,ns,ok,partial,raw-tile,a038f25ac66821574b30392dc1d3b189cc287e2c,true,kotlin-native-2.4.10,1,3,200000000,right-solve-v1+4x4+triangular+uplo=L+diag=N,physical=4x4+leftLayout=depth-rows-v1+rightLayout=depth-columns-v1+leftGroup=4+rightGroup=4+leftStride=4+rightStride=4+padding=zero+alignment=8+block=4x4x4+panel=4+diagonal=4+rhs=4+batch=1+variant=current-tile-v1,tiles=1;leftDoubles=0;rightDoubles=0;outputDoubles=16;resetDoubles=16;scratchDoubles=0;triangleDoubles=16,native/c-tile-v1/4x4,native-calibrated-v1,50000000,1,1,monotonic-batch
4,packed-trsm+4x4+triangular+physical=4x4+uplo=L+diag=N+work=right-solve-v1+leftLayout=depth-rows-v1+rightLayout=depth-columns-v1+leftGroup=4+rightGroup=4+leftStride=4+rightStride=4+padding=zero+alignment=8+block=4x4x4+panel=4+diagonal=4+rhs=4+batch=1+variant=current-tile-v1+timing=raw-tile,native/c/c-sparse/packed-4x4,5,2,1,5,1000000,114538673,114.538673,ns,ok,partial,raw-tile,a038f25ac66821574b30392dc1d3b189cc287e2c,true,kotlin-native-2.4.10,1,3,200000000,right-solve-v1+4x4+triangular+uplo=L+diag=N,physical=4x4+leftLayout=depth-rows-v1+rightLayout=depth-columns-v1+leftGroup=4+rightGroup=4+leftStride=4+rightStride=4+padding=zero+alignment=8+block=4x4x4+panel=4+diagonal=4+rhs=4+batch=1+variant=current-tile-v1,tiles=1;leftDoubles=0;rightDoubles=0;outputDoubles=16;resetDoubles=16;scratchDoubles=0;triangleDoubles=16,native/c-tile-v1/4x4,native-calibrated-v1,50000000,1,1,monotonic-batch
4,packed-trsm+3x2+triangular+physical=4x4+uplo=U+diag=U+work=right-solve-v1+leftLayout=depth-rows-v1+rightLayout=depth-columns-v1+leftGroup=4+rightGroup=4+leftStride=4+rightStride=4+padding=zero+alignment=8+block=3x2x2+panel=2+diagonal=2+rhs=3+batch=1+variant=current-tile-v1+timing=raw-tile,native/c/c-sparse/packed-4x4,5,2,1,1,1000000,73567867,73.567867,ns,ok,partial,raw-tile,a038f25ac66821574b30392dc1d3b189cc287e2c,true,kotlin-native-2.4.10,1,3,200000000,right-solve-v1+3x2+triangular+uplo=U+diag=U,physical=4x4+leftLayout=depth-rows-v1+rightLayout=depth-columns-v1+leftGroup=4+rightGroup=4+leftStride=4+rightStride=4+padding=zero+alignment=8+block=3x2x2+panel=2+diagonal=2+rhs=3+batch=1+variant=current-tile-v1,tiles=1;leftDoubles=0;rightDoubles=0;outputDoubles=16;resetDoubles=16;scratchDoubles=0;triangleDoubles=16,native/c-tile-v1/4x4,native-calibrated-v1,50000000,1,1,monotonic-batch
4,packed-trsm+3x2+triangular+physical=4x4+uplo=U+diag=U+work=right-solve-v1+leftLayout=depth-rows-v1+rightLayout=depth-columns-v1+leftGroup=4+rightGroup=4+leftStride=4+rightStride=4+padding=zero+alignment=8+block=3x2x2+panel=2+diagonal=2+rhs=3+batch=1+variant=current-tile-v1+timing=raw-tile,native/c/c-sparse/packed-4x4,5,2,1,2,1000000,73307325,73.307325,ns,ok,partial,raw-tile,a038f25ac66821574b30392dc1d3b189cc287e2c,true,kotlin-native-2.4.10,1,3,200000000,right-solve-v1+3x2+triangular+uplo=U+diag=U,physical=4x4+leftLayout=depth-rows-v1+rightLayout=depth-columns-v1+leftGroup=4+rightGroup=4+leftStride=4+rightStride=4+padding=zero+alignment=8+block=3x2x2+panel=2+diagonal=2+rhs=3+batch=1+variant=current-tile-v1,tiles=1;leftDoubles=0;rightDoubles=0;outputDoubles=16;resetDoubles=16;scratchDoubles=0;triangleDoubles=16,native/c-tile-v1/4x4,native-calibrated-v1,50000000,1,1,monotonic-batch
4,packed-trsm+3x2+triangular+physical=4x4+uplo=U+diag=U+work=right-solve-v1+leftLayout=depth-rows-v1+rightLayout=depth-columns-v1+leftGroup=4+rightGroup=4+leftStride=4+rightStride=4+padding=zero+alignment=8+block=3x2x2+panel=2+diagonal=2+rhs=3+batch=1+variant=current-tile-v1+timing=raw-tile,native/c/c-sparse/packed-4x4,5,2,1,3,1000000,84241964,84.241964,ns,ok,partial,raw-tile,a038f25ac66821574b30392dc1d3b189cc287e2c,true,kotlin-native-2.4.10,1,3,200000000,right-solve-v1+3x2+triangular+uplo=U+diag=U,physical=4x4+leftLayout=depth-rows-v1+rightLayout=depth-columns-v1+leftGroup=4+rightGroup=4+leftStride=4+rightStride=4+padding=zero+alignment=8+block=3x2x2+panel=2+diagonal=2+rhs=3+batch=1+variant=current-tile-v1,tiles=1;leftDoubles=0;rightDoubles=0;outputDoubles=16;resetDoubles=16;scratchDoubles=0;triangleDoubles=16,native/c-tile-v1/4x4,native-calibrated-v1,50000000,1,1,monotonic-batch
4,packed-trsm+3x2+triangular+physical=4x4+uplo=U+diag=U+work=right-solve-v1+leftLayout=depth-rows-v1+rightLayout=depth-columns-v1+leftGroup=4+rightGroup=4+leftStride=4+rightStride=4+padding=zero+alignment=8+block=3x2x2+panel=2+diagonal=2+rhs=3+batch=1+variant=current-tile-v1+timing=raw-tile,native/c/c-sparse/packed-4x4,5,2,1,4,1000000,76699496,76.699496,ns,ok,partial,raw-tile,a038f25ac66821574b30392dc1d3b189cc287e2c,true,kotlin-native-2.4.10,1,3,200000000,right-solve-v1+3x2+triangular+uplo=U+diag=U,physical=4x4+leftLayout=depth-rows-v1+rightLayout=depth-columns-v1+leftGroup=4+rightGroup=4+leftStride=4+rightStride=4+padding=zero+alignment=8+block=3x2x2+panel=2+diagonal=2+rhs=3+batch=1+variant=current-tile-v1,tiles=1;leftDoubles=0;rightDoubles=0;outputDoubles=16;resetDoubles=16;scratchDoubles=0;triangleDoubles=16,native/c-tile-v1/4x4,native-calibrated-v1,50000000,1,1,monotonic-batch
4,packed-trsm+3x2+triangular+physical=4x4+uplo=U+diag=U+work=right-solve-v1+leftLayout=depth-rows-v1+rightLayout=depth-columns-v1+leftGroup=4+rightGroup=4+leftStride=4+rightStride=4+padding=zero+alignment=8+block=3x2x2+panel=2+diagonal=2+rhs=3+batch=1+variant=current-tile-v1+timing=raw-tile,native/c/c-sparse/packed-4x4,5,2,1,5,1000000,86639704,86.639704,ns,ok,partial,raw-tile,a038f25ac66821574b30392dc1d3b189cc287e2c,true,kotlin-native-2.4.10,1,3,200000000,right-solve-v1+3x2+triangular+uplo=U+diag=U,physical=4x4+leftLayout=depth-rows-v1+rightLayout=depth-columns-v1+leftGroup=4+rightGroup=4+leftStride=4+rightStride=4+padding=zero+alignment=8+block=3x2x2+panel=2+diagonal=2+rhs=3+batch=1+variant=current-tile-v1,tiles=1;leftDoubles=0;rightDoubles=0;outputDoubles=16;resetDoubles=16;scratchDoubles=0;triangleDoubles=16,native/c-tile-v1/4x4,native-calibrated-v1,50000000,1,1,monotonic-batch
4,gemm-trsm+4x4x32+triangular+physical=4x4+uplo=L+diag=N+work=update-solve-v1+leftLayout=depth-rows-v1+rightLayout=depth-columns-v1+leftGroup=4+rightGroup=4+leftStride=4+rightStride=4+padding=zero+alignment=8+block=4x4x32+panel=32+diagonal=4+rhs=4+batch=1+variant=current-tile-v1+timing=raw-tile,native/c/c-sparse/packed-4x4,5,2,1,1,1000000,170433883,170.433883,ns,ok,composed,raw-tile,a038f25ac66821574b30392dc1d3b189cc287e2c,true,kotlin-native-2.4.10,1,3,200000000,update-solve-v1+4x4x32+triangular+uplo=L+diag=N,physical=4x4+leftLayout=depth-rows-v1+rightLayout=depth-columns-v1+leftGroup=4+rightGroup=4+leftStride=4+rightStride=4+padding=zero+alignment=8+block=4x4x32+panel=32+diagonal=4+rhs=4+batch=1+variant=current-tile-v1,tiles=1;leftDoubles=128;rightDoubles=128;outputDoubles=16;resetDoubles=16;scratchDoubles=0;triangleDoubles=16,native/c-tile-v1/4x4,native-calibrated-v1,50000000,1,1,monotonic-batch
4,gemm-trsm+4x4x32+triangular+physical=4x4+uplo=L+diag=N+work=update-solve-v1+leftLayout=depth-rows-v1+rightLayout=depth-columns-v1+leftGroup=4+rightGroup=4+leftStride=4+rightStride=4+padding=zero+alignment=8+block=4x4x32+panel=32+diagonal=4+rhs=4+batch=1+variant=current-tile-v1+timing=raw-tile,native/c/c-sparse/packed-4x4,5,2,1,2,1000000,138892287,138.892287,ns,ok,composed,raw-tile,a038f25ac66821574b30392dc1d3b189cc287e2c,true,kotlin-native-2.4.10,1,3,200000000,update-solve-v1+4x4x32+triangular+uplo=L+diag=N,physical=4x4+leftLayout=depth-rows-v1+rightLayout=depth-columns-v1+leftGroup=4+rightGroup=4+leftStride=4+rightStride=4+padding=zero+alignment=8+block=4x4x32+panel=32+diagonal=4+rhs=4+batch=1+variant=current-tile-v1,tiles=1;leftDoubles=128;rightDoubles=128;outputDoubles=16;resetDoubles=16;scratchDoubles=0;triangleDoubles=16,native/c-tile-v1/4x4,native-calibrated-v1,50000000,1,1,monotonic-batch
4,gemm-trsm+4x4x32+triangular+physical=4x4+uplo=L+diag=N+work=update-solve-v1+leftLayout=depth-rows-v1+rightLayout=depth-columns-v1+leftGroup=4+rightGroup=4+leftStride=4+rightStride=4+padding=zero+alignment=8+block=4x4x32+panel=32+diagonal=4+rhs=4+batch=1+variant=current-tile-v1+timing=raw-tile,native/c/c-sparse/packed-4x4,5,2,1,3,1000000,132294425,132.294425,ns,ok,composed,raw-tile,a038f25ac66821574b30392dc1d3b189cc287e2c,true,kotlin-native-2.4.10,1,3,200000000,update-solve-v1+4x4x32+triangular+uplo=L+diag=N,physical=4x4+leftLayout=depth-rows-v1+rightLayout=depth-columns-v1+leftGroup=4+rightGroup=4+leftStride=4+rightStride=4+padding=zero+alignment=8+block=4x4x32+panel=32+diagonal=4+rhs=4+batch=1+variant=current-tile-v1,tiles=1;leftDoubles=128;rightDoubles=128;outputDoubles=16;resetDoubles=16;scratchDoubles=0;triangleDoubles=16,native/c-tile-v1/4x4,native-calibrated-v1,50000000,1,1,monotonic-batch
4,gemm-trsm+4x4x32+triangular+physical=4x4+uplo=L+diag=N+work=update-solve-v1+leftLayout=depth-rows-v1+rightLayout=depth-columns-v1+leftGroup=4+rightGroup=4+leftStride=4+rightStride=4+padding=zero+alignment=8+block=4x4x32+panel=32+diagonal=4+rhs=4+batch=1+variant=current-tile-v1+timing=raw-tile,native/c/c-sparse/packed-4x4,5,2,1,4,1000000,147207210,147.20721,ns,ok,composed,raw-tile,a038f25ac66821574b30392dc1d3b189cc287e2c,true,kotlin-native-2.4.10,1,3,200000000,update-solve-v1+4x4x32+triangular+uplo=L+diag=N,physical=4x4+leftLayout=depth-rows-v1+rightLayout=depth-columns-v1+leftGroup=4+rightGroup=4+leftStride=4+rightStride=4+padding=zero+alignment=8+block=4x4x32+panel=32+diagonal=4+rhs=4+batch=1+variant=current-tile-v1,tiles=1;leftDoubles=128;rightDoubles=128;outputDoubles=16;resetDoubles=16;scratchDoubles=0;triangleDoubles=16,native/c-tile-v1/4x4,native-calibrated-v1,50000000,1,1,monotonic-batch
4,gemm-trsm+4x4x32+triangular+physical=4x4+uplo=L+diag=N+work=update-solve-v1+leftLayout=depth-rows-v1+rightLayout=depth-columns-v1+leftGroup=4+rightGroup=4+leftStride=4+rightStride=4+padding=zero+alignment=8+block=4x4x32+panel=32+diagonal=4+rhs=4+batch=1+variant=current-tile-v1+timing=raw-tile,native/c/c-sparse/packed-4x4,5,2,1,5,1000000,142460057,142.460057,ns,ok,composed,raw-tile,a038f25ac66821574b30392dc1d3b189cc287e2c,true,kotlin-native-2.4.10,1,3,200000000,update-solve-v1+4x4x32+triangular+uplo=L+diag=N,physical=4x4+leftLayout=depth-rows-v1+rightLayout=depth-columns-v1+leftGroup=4+rightGroup=4+leftStride=4+rightStride=4+padding=zero+alignment=8+block=4x4x32+panel=32+diagonal=4+rhs=4+batch=1+variant=current-tile-v1,tiles=1;leftDoubles=128;rightDoubles=128;outputDoubles=16;resetDoubles=16;scratchDoubles=0;triangleDoubles=16,native/c-tile-v1/4x4,native-calibrated-v1,50000000,1,1,monotonic-batch
4,gemm-trsm+3x2x31+triangular+physical=4x4+uplo=U+diag=U+work=update-solve-v1+leftLayout=depth-rows-v1+rightLayout=depth-columns-v1+leftGroup=4+rightGroup=4+leftStride=4+rightStride=4+padding=zero+alignment=8+block=3x2x31+panel=31+diagonal=2+rhs=3+batch=1+variant=current-tile-v1+timing=raw-tile,native/c/c-sparse/packed-4x4,5,2,1,1,974754,180078633,184.74264583679576,ns,ok,composed,raw-tile,a038f25ac66821574b30392dc1d3b189cc287e2c,true,kotlin-native-2.4.10,1,3,200000000,update-solve-v1+3x2x31+triangular+uplo=U+diag=U,physical=4x4+leftLayout=depth-rows-v1+rightLayout=depth-columns-v1+leftGroup=4+rightGroup=4+leftStride=4+rightStride=4+padding=zero+alignment=8+block=3x2x31+panel=31+diagonal=2+rhs=3+batch=1+variant=current-tile-v1,tiles=1;leftDoubles=124;rightDoubles=124;outputDoubles=16;resetDoubles=16;scratchDoubles=0;triangleDoubles=16,native/c-tile-v1/4x4,native-calibrated-v1,50000000,1,1,monotonic-batch
4,gemm-trsm+3x2x31+triangular+physical=4x4+uplo=U+diag=U+work=update-solve-v1+leftLayout=depth-rows-v1+rightLayout=depth-columns-v1+leftGroup=4+rightGroup=4+leftStride=4+rightStride=4+padding=zero+alignment=8+block=3x2x31+panel=31+diagonal=2+rhs=3+batch=1+variant=current-tile-v1+timing=raw-tile,native/c/c-sparse/packed-4x4,5,2,1,2,974754,192073744,197.04842862917207,ns,ok,composed,raw-tile,a038f25ac66821574b30392dc1d3b189cc287e2c,true,kotlin-native-2.4.10,1,3,200000000,update-solve-v1+3x2x31+triangular+uplo=U+diag=U,physical=4x4+leftLayout=depth-rows-v1+rightLayout=depth-columns-v1+leftGroup=4+rightGroup=4+leftStride=4+rightStride=4+padding=zero+alignment=8+block=3x2x31+panel=31+diagonal=2+rhs=3+batch=1+variant=current-tile-v1,tiles=1;leftDoubles=124;rightDoubles=124;outputDoubles=16;resetDoubles=16;scratchDoubles=0;triangleDoubles=16,native/c-tile-v1/4x4,native-calibrated-v1,50000000,1,1,monotonic-batch
4,gemm-trsm+3x2x31+triangular+physical=4x4+uplo=U+diag=U+work=update-solve-v1+leftLayout=depth-rows-v1+rightLayout=depth-columns-v1+leftGroup=4+rightGroup=4+leftStride=4+rightStride=4+padding=zero+alignment=8+block=3x2x31+panel=31+diagonal=2+rhs=3+batch=1+variant=current-tile-v1+timing=raw-tile,native/c/c-sparse/packed-4x4,5,2,1,3,974754,300811304,308.60227708734715,ns,ok,composed,raw-tile,a038f25ac66821574b30392dc1d3b189cc287e2c,true,kotlin-native-2.4.10,1,3,200000000,update-solve-v1+3x2x31+triangular+uplo=U+diag=U,physical=4x4+leftLayout=depth-rows-v1+rightLayout=depth-columns-v1+leftGroup=4+rightGroup=4+leftStride=4+rightStride=4+padding=zero+alignment=8+block=3x2x31+panel=31+diagonal=2+rhs=3+batch=1+variant=current-tile-v1,tiles=1;leftDoubles=124;rightDoubles=124;outputDoubles=16;resetDoubles=16;scratchDoubles=0;triangleDoubles=16,native/c-tile-v1/4x4,native-calibrated-v1,50000000,1,1,monotonic-batch
4,gemm-trsm+3x2x31+triangular+physical=4x4+uplo=U+diag=U+work=update-solve-v1+leftLayout=depth-rows-v1+rightLayout=depth-columns-v1+leftGroup=4+rightGroup=4+leftStride=4+rightStride=4+padding=zero+alignment=8+block=3x2x31+panel=31+diagonal=2+rhs=3+batch=1+variant=current-tile-v1+timing=raw-tile,native/c/c-sparse/packed-4x4,5,2,1,4,974754,325251422,333.6753909191447,ns,ok,composed,raw-tile,a038f25ac66821574b30392dc1d3b189cc287e2c,true,kotlin-native-2.4.10,1,3,200000000,update-solve-v1+3x2x31+triangular+uplo=U+diag=U,physical=4x4+leftLayout=depth-rows-v1+rightLayout=depth-columns-v1+leftGroup=4+rightGroup=4+leftStride=4+rightStride=4+padding=zero+alignment=8+block=3x2x31+panel=31+diagonal=2+rhs=3+batch=1+variant=current-tile-v1,tiles=1;leftDoubles=124;rightDoubles=124;outputDoubles=16;resetDoubles=16;scratchDoubles=0;triangleDoubles=16,native/c-tile-v1/4x4,native-calibrated-v1,50000000,1,1,monotonic-batch
4,gemm-trsm+3x2x31+triangular+physical=4x4+uplo=U+diag=U+work=update-solve-v1+leftLayout=depth-rows-v1+rightLayout=depth-columns-v1+leftGroup=4+rightGroup=4+leftStride=4+rightStride=4+padding=zero+alignment=8+block=3x2x31+panel=31+diagonal=2+rhs=3+batch=1+variant=current-tile-v1+timing=raw-tile,native/c/c-sparse/packed-4x4,5,2,1,5,974754,304523861,312.4109888238468,ns,ok,composed,raw-tile,a038f25ac66821574b30392dc1d3b189cc287e2c,true,kotlin-native-2.4.10,1,3,200000000,update-solve-v1+3x2x31+triangular+uplo=U+diag=U,physical=4x4+leftLayout=depth-rows-v1+rightLayout=depth-columns-v1+leftGroup=4+rightGroup=4+leftStride=4+rightStride=4+padding=zero+alignment=8+block=3x2x31+panel=31+diagonal=2+rhs=3+batch=1+variant=current-tile-v1,tiles=1;leftDoubles=124;rightDoubles=124;outputDoubles=16;resetDoubles=16;scratchDoubles=0;triangleDoubles=16,native/c-tile-v1/4x4,native-calibrated-v1,50000000,1,1,monotonic-batch
4,gemm-tile+8x4x32+uniform+physical=8x4+work=gemm-add-v1+leftLayout=depth-rows-v1+rightLayout=depth-columns-v1+leftGroup=8+rightGroup=4+leftStride=8+rightStride=4+padding=zero+alignment=8+block=8x4x32+panel=32+diagonal=0+rhs=0+batch=1+variant=current-tile-v1+timing=raw-tile,native/c/c-sparse/packed-4x4,5,2,1,0,0,0,,ns,unsupported,unsupported,arithmetic,a038f25ac66821574b30392dc1d3b189cc287e2c,true,kotlin-native-2.4.10,1,3,200000000,gemm-add-v1+8x4x32+uniform,physical=8x4+leftLayout=depth-rows-v1+rightLayout=depth-columns-v1+leftGroup=8+rightGroup=4+leftStride=8+rightStride=4+padding=zero+alignment=8+block=8x4x32+panel=32+diagonal=0+rhs=0+batch=1+variant=current-tile-v1,tiles=1;leftDoubles=256;rightDoubles=128;outputDoubles=32;resetDoubles=32;scratchDoubles=0;triangleDoubles=0,unavailable,native-calibrated-v1,50000000,0,1,monotonic-batch
4,gemm-tile+7x2x31+uniform+physical=8x4+work=gemm-add-v1+leftLayout=depth-rows-v1+rightLayout=depth-columns-v1+leftGroup=8+rightGroup=4+leftStride=8+rightStride=4+padding=zero+alignment=8+block=7x2x31+panel=31+diagonal=0+rhs=0+batch=1+variant=current-tile-v1+timing=raw-tile,native/c/c-sparse/packed-4x4,5,2,1,0,0,0,,ns,unsupported,unsupported,arithmetic,a038f25ac66821574b30392dc1d3b189cc287e2c,true,kotlin-native-2.4.10,1,3,200000000,gemm-add-v1+7x2x31+uniform,physical=8x4+leftLayout=depth-rows-v1+rightLayout=depth-columns-v1+leftGroup=8+rightGroup=4+leftStride=8+rightStride=4+padding=zero+alignment=8+block=7x2x31+panel=31+diagonal=0+rhs=0+batch=1+variant=current-tile-v1,tiles=1;leftDoubles=248;rightDoubles=124;outputDoubles=32;resetDoubles=32;scratchDoubles=0;triangleDoubles=0,unavailable,native-calibrated-v1,50000000,0,1,monotonic-batch
4,packed-trsm+8x4+triangular+physical=8x4+uplo=L+diag=N+work=right-solve-v1+leftLayout=depth-rows-v1+rightLayout=depth-columns-v1+leftGroup=8+rightGroup=4+leftStride=8+rightStride=4+padding=zero+alignment=8+block=8x4x4+panel=4+diagonal=4+rhs=8+batch=1+variant=current-tile-v1+timing=raw-tile,native/c/c-sparse/packed-4x4,5,2,1,0,0,0,,ns,unsupported,unsupported,arithmetic,a038f25ac66821574b30392dc1d3b189cc287e2c,true,kotlin-native-2.4.10,1,3,200000000,right-solve-v1+8x4+triangular+uplo=L+diag=N,physical=8x4+leftLayout=depth-rows-v1+rightLayout=depth-columns-v1+leftGroup=8+rightGroup=4+leftStride=8+rightStride=4+padding=zero+alignment=8+block=8x4x4+panel=4+diagonal=4+rhs=8+batch=1+variant=current-tile-v1,tiles=1;leftDoubles=0;rightDoubles=0;outputDoubles=32;resetDoubles=32;scratchDoubles=0;triangleDoubles=16,unavailable,native-calibrated-v1,50000000,0,1,monotonic-batch
4,packed-trsm+7x2+triangular+physical=8x4+uplo=U+diag=U+work=right-solve-v1+leftLayout=depth-rows-v1+rightLayout=depth-columns-v1+leftGroup=8+rightGroup=4+leftStride=8+rightStride=4+padding=zero+alignment=8+block=7x2x2+panel=2+diagonal=2+rhs=7+batch=1+variant=current-tile-v1+timing=raw-tile,native/c/c-sparse/packed-4x4,5,2,1,0,0,0,,ns,unsupported,unsupported,arithmetic,a038f25ac66821574b30392dc1d3b189cc287e2c,true,kotlin-native-2.4.10,1,3,200000000,right-solve-v1+7x2+triangular+uplo=U+diag=U,physical=8x4+leftLayout=depth-rows-v1+rightLayout=depth-columns-v1+leftGroup=8+rightGroup=4+leftStride=8+rightStride=4+padding=zero+alignment=8+block=7x2x2+panel=2+diagonal=2+rhs=7+batch=1+variant=current-tile-v1,tiles=1;leftDoubles=0;rightDoubles=0;outputDoubles=32;resetDoubles=32;scratchDoubles=0;triangleDoubles=16,unavailable,native-calibrated-v1,50000000,0,1,monotonic-batch
4,gemm-trsm+8x4x32+triangular+physical=8x4+uplo=L+diag=N+work=update-solve-v1+leftLayout=depth-rows-v1+rightLayout=depth-columns-v1+leftGroup=8+rightGroup=4+leftStride=8+rightStride=4+padding=zero+alignment=8+block=8x4x32+panel=32+diagonal=4+rhs=8+batch=1+variant=current-tile-v1+timing=raw-tile,native/c/c-sparse/packed-4x4,5,2,1,0,0,0,,ns,unsupported,unsupported,arithmetic,a038f25ac66821574b30392dc1d3b189cc287e2c,true,kotlin-native-2.4.10,1,3,200000000,update-solve-v1+8x4x32+triangular+uplo=L+diag=N,physical=8x4+leftLayout=depth-rows-v1+rightLayout=depth-columns-v1+leftGroup=8+rightGroup=4+leftStride=8+rightStride=4+padding=zero+alignment=8+block=8x4x32+panel=32+diagonal=4+rhs=8+batch=1+variant=current-tile-v1,tiles=1;leftDoubles=256;rightDoubles=128;outputDoubles=32;resetDoubles=32;scratchDoubles=0;triangleDoubles=16,unavailable,native-calibrated-v1,50000000,0,1,monotonic-batch
4,gemm-trsm+7x2x31+triangular+physical=8x4+uplo=U+diag=U+work=update-solve-v1+leftLayout=depth-rows-v1+rightLayout=depth-columns-v1+leftGroup=8+rightGroup=4+leftStride=8+rightStride=4+padding=zero+alignment=8+block=7x2x31+panel=31+diagonal=2+rhs=7+batch=1+variant=current-tile-v1+timing=raw-tile,native/c/c-sparse/packed-4x4,5,2,1,0,0,0,,ns,unsupported,unsupported,arithmetic,a038f25ac66821574b30392dc1d3b189cc287e2c,true,kotlin-native-2.4.10,1,3,200000000,update-solve-v1+7x2x31+triangular+uplo=U+diag=U,physical=8x4+leftLayout=depth-rows-v1+rightLayout=depth-columns-v1+leftGroup=8+rightGroup=4+leftStride=8+rightStride=4+padding=zero+alignment=8+block=7x2x31+panel=31+diagonal=2+rhs=7+batch=1+variant=current-tile-v1,tiles=1;leftDoubles=248;rightDoubles=124;outputDoubles=32;resetDoubles=32;scratchDoubles=0;triangleDoubles=16,unavailable,native-calibrated-v1,50000000,0,1,monotonic-batch
4,pack-left+4x32+uniform+physical=4x4+work=pack-left-v1+leftLayout=depth-rows-v1+rightLayout=depth-columns-v1+leftGroup=4+rightGroup=4+leftStride=4+rightStride=4+padding=zero+alignment=8+block=4x32x32+panel=32+diagonal=0+rhs=0+batch=1+variant=current-tile-v1+timing=packing-only,native/c/c-sparse/packed-4x4,5,2,1,1,282841,305636462,1080.594616763482,ns,ok,unsupported,packing-only,a038f25ac66821574b30392dc1d3b189cc287e2c,true,kotlin-native-2.4.10,1,3,200000000,pack-left-v1+4x32+uniform,physical=4x4+leftLayout=depth-rows-v1+rightLayout=depth-columns-v1+leftGroup=4+rightGroup=4+leftStride=4+rightStride=4+padding=zero+alignment=8+block=4x32x32+panel=32+diagonal=0+rhs=0+batch=1+variant=current-tile-v1,panelDoubles=128,native/portable-layout-v1/4x4,native-calibrated-v1,50000000,1,1,monotonic-batch
4,pack-left+4x32+uniform+physical=4x4+work=pack-left-v1+leftLayout=depth-rows-v1+rightLayout=depth-columns-v1+leftGroup=4+rightGroup=4+leftStride=4+rightStride=4+padding=zero+alignment=8+block=4x32x32+panel=32+diagonal=0+rhs=0+batch=1+variant=current-tile-v1+timing=packing-only,native/c/c-sparse/packed-4x4,5,2,1,2,282841,391733232,1384.9945092826006,ns,ok,unsupported,packing-only,a038f25ac66821574b30392dc1d3b189cc287e2c,true,kotlin-native-2.4.10,1,3,200000000,pack-left-v1+4x32+uniform,physical=4x4+leftLayout=depth-rows-v1+rightLayout=depth-columns-v1+leftGroup=4+rightGroup=4+leftStride=4+rightStride=4+padding=zero+alignment=8+block=4x32x32+panel=32+diagonal=0+rhs=0+batch=1+variant=current-tile-v1,panelDoubles=128,native/portable-layout-v1/4x4,native-calibrated-v1,50000000,1,1,monotonic-batch
4,pack-left+4x32+uniform+physical=4x4+work=pack-left-v1+leftLayout=depth-rows-v1+rightLayout=depth-columns-v1+leftGroup=4+rightGroup=4+leftStride=4+rightStride=4+padding=zero+alignment=8+block=4x32x32+panel=32+diagonal=0+rhs=0+batch=1+variant=current-tile-v1+timing=packing-only,native/c/c-sparse/packed-4x4,5,2,1,3,282841,399874553,1413.7785999908076,ns,ok,unsupported,packing-only,a038f25ac66821574b30392dc1d3b189cc287e2c,true,kotlin-native-2.4.10,1,3,200000000,pack-left-v1+4x32+uniform,physical=4x4+leftLayout=depth-rows-v1+rightLayout=depth-columns-v1+leftGroup=4+rightGroup=4+leftStride=4+rightStride=4+padding=zero+alignment=8+block=4x32x32+panel=32+diagonal=0+rhs=0+batch=1+variant=current-tile-v1,panelDoubles=128,native/portable-layout-v1/4x4,native-calibrated-v1,50000000,1,1,monotonic-batch
4,pack-left+4x32+uniform+physical=4x4+work=pack-left-v1+leftLayout=depth-rows-v1+rightLayout=depth-columns-v1+leftGroup=4+rightGroup=4+leftStride=4+rightStride=4+padding=zero+alignment=8+block=4x32x32+panel=32+diagonal=0+rhs=0+batch=1+variant=current-tile-v1+timing=packing-only,native/c/c-sparse/packed-4x4,5,2,1,4,282841,369658955,1306.9496819767996,ns,ok,unsupported,packing-only,a038f25ac66821574b30392dc1d3b189cc287e2c,true,kotlin-native-2.4.10,1,3,200000000,pack-left-v1+4x32+uniform,physical=4x4+leftLayout=depth-rows-v1+rightLayout=depth-columns-v1+leftGroup=4+rightGroup=4+leftStride=4+rightStride=4+padding=zero+alignment=8+block=4x32x32+panel=32+diagonal=0+rhs=0+batch=1+variant=current-tile-v1,panelDoubles=128,native/portable-layout-v1/4x4,native-calibrated-v1,50000000,1,1,monotonic-batch
4,pack-left+4x32+uniform+physical=4x4+work=pack-left-v1+leftLayout=depth-rows-v1+rightLayout=depth-columns-v1+leftGroup=4+rightGroup=4+leftStride=4+rightStride=4+padding=zero+alignment=8+block=4x32x32+panel=32+diagonal=0+rhs=0+batch=1+variant=current-tile-v1+timing=packing-only,native/c/c-sparse/packed-4x4,5,2,1,5,282841,465165391,1644.6179691063178,ns,ok,unsupported,packing-only,a038f25ac66821574b30392dc1d3b189cc287e2c,true,kotlin-native-2.4.10,1,3,200000000,pack-left-v1+4x32+uniform,physical=4x4+leftLayout=depth-rows-v1+rightLayout=depth-columns-v1+leftGroup=4+rightGroup=4+leftStride=4+rightStride=4+padding=zero+alignment=8+block=4x32x32+panel=32+diagonal=0+rhs=0+batch=1+variant=current-tile-v1,panelDoubles=128,native/portable-layout-v1/4x4,native-calibrated-v1,50000000,1,1,monotonic-batch
4,pack-left+3x31+uniform+physical=4x4+work=pack-left-v1+leftLayout=depth-rows-v1+rightLayout=depth-columns-v1+leftGroup=4+rightGroup=4+leftStride=4+rightStride=4+padding=zero+alignment=8+block=3x31x31+panel=31+diagonal=0+rhs=0+batch=1+variant=current-tile-v1+timing=packing-only,native/c/c-sparse/packed-4x4,5,2,1,1,170315,203805895,1196.6409006840267,ns,ok,unsupported,packing-only,a038f25ac66821574b30392dc1d3b189cc287e2c,true,kotlin-native-2.4.10,1,3,200000000,pack-left-v1+3x31+uniform,physical=4x4+leftLayout=depth-rows-v1+rightLayout=depth-columns-v1+leftGroup=4+rightGroup=4+leftStride=4+rightStride=4+padding=zero+alignment=8+block=3x31x31+panel=31+diagonal=0+rhs=0+batch=1+variant=current-tile-v1,panelDoubles=124,native/portable-layout-v1/4x4,native-calibrated-v1,50000000,1,1,monotonic-batch
4,pack-left+3x31+uniform+physical=4x4+work=pack-left-v1+leftLayout=depth-rows-v1+rightLayout=depth-columns-v1+leftGroup=4+rightGroup=4+leftStride=4+rightStride=4+padding=zero+alignment=8+block=3x31x31+panel=31+diagonal=0+rhs=0+batch=1+variant=current-tile-v1+timing=packing-only,native/c/c-sparse/packed-4x4,5,2,1,2,170315,210933952,1238.493098082964,ns,ok,unsupported,packing-only,a038f25ac66821574b30392dc1d3b189cc287e2c,true,kotlin-native-2.4.10,1,3,200000000,pack-left-v1+3x31+uniform,physical=4x4+leftLayout=depth-rows-v1+rightLayout=depth-columns-v1+leftGroup=4+rightGroup=4+leftStride=4+rightStride=4+padding=zero+alignment=8+block=3x31x31+panel=31+diagonal=0+rhs=0+batch=1+variant=current-tile-v1,panelDoubles=124,native/portable-layout-v1/4x4,native-calibrated-v1,50000000,1,1,monotonic-batch
4,pack-left+3x31+uniform+physical=4x4+work=pack-left-v1+leftLayout=depth-rows-v1+rightLayout=depth-columns-v1+leftGroup=4+rightGroup=4+leftStride=4+rightStride=4+padding=zero+alignment=8+block=3x31x31+panel=31+diagonal=0+rhs=0+batch=1+variant=current-tile-v1+timing=packing-only,native/c/c-sparse/packed-4x4,5,2,1,3,170315,216079170,1268.7031089451898,ns,ok,unsupported,packing-only,a038f25ac66821574b30392dc1d3b189cc287e2c,true,kotlin-native-2.4.10,1,3,200000000,pack-left-v1+3x31+uniform,physical=4x4+leftLayout=depth-rows-v1+rightLayout=depth-columns-v1+leftGroup=4+rightGroup=4+leftStride=4+rightStride=4+padding=zero+alignment=8+block=3x31x31+panel=31+diagonal=0+rhs=0+batch=1+variant=current-tile-v1,panelDoubles=124,native/portable-layout-v1/4x4,native-calibrated-v1,50000000,1,1,monotonic-batch
4,pack-left+3x31+uniform+physical=4x4+work=pack-left-v1+leftLayout=depth-rows-v1+rightLayout=depth-columns-v1+leftGroup=4+rightGroup=4+leftStride=4+rightStride=4+padding=zero+alignment=8+block=3x31x31+panel=31+diagonal=0+rhs=0+batch=1+variant=current-tile-v1+timing=packing-only,native/c/c-sparse/packed-4x4,5,2,1,4,170315,178286165,1046.8024836332677,ns,ok,unsupported,packing-only,a038f25ac66821574b30392dc1d3b189cc287e2c,true,kotlin-native-2.4.10,1,3,200000000,pack-left-v1+3x31+uniform,physical=4x4+leftLayout=depth-rows-v1+rightLayout=depth-columns-v1+leftGroup=4+rightGroup=4+leftStride=4+rightStride=4+padding=zero+alignment=8+block=3x31x31+panel=31+diagonal=0+rhs=0+batch=1+variant=current-tile-v1,panelDoubles=124,native/portable-layout-v1/4x4,native-calibrated-v1,50000000,1,1,monotonic-batch
4,pack-left+3x31+uniform+physical=4x4+work=pack-left-v1+leftLayout=depth-rows-v1+rightLayout=depth-columns-v1+leftGroup=4+rightGroup=4+leftStride=4+rightStride=4+padding=zero+alignment=8+block=3x31x31+panel=31+diagonal=0+rhs=0+batch=1+variant=current-tile-v1+timing=packing-only,native/c/c-sparse/packed-4x4,5,2,1,5,170315,113291418,665.187552476294,ns,ok,unsupported,packing-only,a038f25ac66821574b30392dc1d3b189cc287e2c,true,kotlin-native-2.4.10,1,3,200000000,pack-left-v1+3x31+uniform,physical=4x4+leftLayout=depth-rows-v1+rightLayout=depth-columns-v1+leftGroup=4+rightGroup=4+leftStride=4+rightStride=4+padding=zero+alignment=8+block=3x31x31+panel=31+diagonal=0+rhs=0+batch=1+variant=current-tile-v1,panelDoubles=124,native/portable-layout-v1/4x4,native-calibrated-v1,50000000,1,1,monotonic-batch
4,pack-right+32x4+uniform+physical=4x4+work=pack-right-v1+leftLayout=depth-rows-v1+rightLayout=depth-columns-v1+leftGroup=4+rightGroup=4+leftStride=4+rightStride=4+padding=zero+alignment=8+block=32x4x32+panel=32+diagonal=0+rhs=0+batch=1+variant=current-tile-v1+timing=packing-only,native/c/c-sparse/packed-4x4,5,2,1,1,252798,227857807,901.3433927483603,ns,ok,unsupported,packing-only,a038f25ac66821574b30392dc1d3b189cc287e2c,true,kotlin-native-2.4.10,1,3,200000000,pack-right-v1+32x4+uniform,physical=4x4+leftLayout=depth-rows-v1+rightLayout=depth-columns-v1+leftGroup=4+rightGroup=4+leftStride=4+rightStride=4+padding=zero+alignment=8+block=32x4x32+panel=32+diagonal=0+rhs=0+batch=1+variant=current-tile-v1,panelDoubles=128,native/portable-layout-v1/4x4,native-calibrated-v1,50000000,1,1,monotonic-batch
4,pack-right+32x4+uniform+physical=4x4+work=pack-right-v1+leftLayout=depth-rows-v1+rightLayout=depth-columns-v1+leftGroup=4+rightGroup=4+leftStride=4+rightStride=4+padding=zero+alignment=8+block=32x4x32+panel=32+diagonal=0+rhs=0+batch=1+variant=current-tile-v1+timing=packing-only,native/c/c-sparse/packed-4x4,5,2,1,2,252798,325702769,1288.3913994572742,ns,ok,unsupported,packing-only,a038f25ac66821574b30392dc1d3b189cc287e2c,true,kotlin-native-2.4.10,1,3,200000000,pack-right-v1+32x4+uniform,physical=4x4+leftLayout=depth-rows-v1+rightLayout=depth-columns-v1+leftGroup=4+rightGroup=4+leftStride=4+rightStride=4+padding=zero+alignment=8+block=32x4x32+panel=32+diagonal=0+rhs=0+batch=1+variant=current-tile-v1,panelDoubles=128,native/portable-layout-v1/4x4,native-calibrated-v1,50000000,1,1,monotonic-batch
4,pack-right+32x4+uniform+physical=4x4+work=pack-right-v1+leftLayout=depth-rows-v1+rightLayout=depth-columns-v1+leftGroup=4+rightGroup=4+leftStride=4+rightStride=4+padding=zero+alignment=8+block=32x4x32+panel=32+diagonal=0+rhs=0+batch=1+variant=current-tile-v1+timing=packing-only,native/c/c-sparse/packed-4x4,5,2,1,3,252798,321676217,1272.463456989375,ns,ok,unsupported,packing-only,a038f25ac66821574b30392dc1d3b189cc287e2c,true,kotlin-native-2.4.10,1,3,200000000,pack-right-v1+32x4+uniform,physical=4x4+leftLayout=depth-rows-v1+rightLayout=depth-columns-v1+leftGroup=4+rightGroup=4+leftStride=4+rightStride=4+padding=zero+alignment=8+block=32x4x32+panel=32+diagonal=0+rhs=0+batch=1+variant=current-tile-v1,panelDoubles=128,native/portable-layout-v1/4x4,native-calibrated-v1,50000000,1,1,monotonic-batch
4,pack-right+32x4+uniform+physical=4x4+work=pack-right-v1+leftLayout=depth-rows-v1+rightLayout=depth-columns-v1+leftGroup=4+rightGroup=4+leftStride=4+rightStride=4+padding=zero+alignment=8+block=32x4x32+panel=32+diagonal=0+rhs=0+batch=1+variant=current-tile-v1+timing=packing-only,native/c/c-sparse/packed-4x4,5,2,1,4,252798,287006375,1135.3190096440637,ns,ok,unsupported,packing-only,a038f25ac66821574b30392dc1d3b189cc287e2c,true,kotlin-native-2.4.10,1,3,200000000,pack-right-v1+32x4+uniform,physical=4x4+leftLayout=depth-rows-v1+rightLayout=depth-columns-v1+leftGroup=4+rightGroup=4+leftStride=4+rightStride=4+padding=zero+alignment=8+block=32x4x32+panel=32+diagonal=0+rhs=0+batch=1+variant=current-tile-v1,panelDoubles=128,native/portable-layout-v1/4x4,native-calibrated-v1,50000000,1,1,monotonic-batch
4,pack-right+32x4+uniform+physical=4x4+work=pack-right-v1+leftLayout=depth-rows-v1+rightLayout=depth-columns-v1+leftGroup=4+rightGroup=4+leftStride=4+rightStride=4+padding=zero+alignment=8+block=32x4x32+panel=32+diagonal=0+rhs=0+batch=1+variant=current-tile-v1+timing=packing-only,native/c/c-sparse/packed-4x4,5,2,1,5,252798,189647266,750.1929050071599,ns,ok,unsupported,packing-only,a038f25ac66821574b30392dc1d3b189cc287e2c,true,kotlin-native-2.4.10,1,3,200000000,pack-right-v1+32x4+uniform,physical=4x4+leftLayout=depth-rows-v1+rightLayout=depth-columns-v1+leftGroup=4+rightGroup=4+leftStride=4+rightStride=4+padding=zero+alignment=8+block=32x4x32+panel=32+diagonal=0+rhs=0+batch=1+variant=current-tile-v1,panelDoubles=128,native/portable-layout-v1/4x4,native-calibrated-v1,50000000,1,1,monotonic-batch
4,pack-right+31x2+uniform+physical=4x4+work=pack-right-v1+leftLayout=depth-rows-v1+rightLayout=depth-columns-v1+leftGroup=4+rightGroup=4+leftStride=4+rightStride=4+padding=zero+alignment=8+block=31x2x31+panel=31+diagonal=0+rhs=0+batch=1+variant=current-tile-v1+timing=packing-only,native/c/c-sparse/packed-4x4,5,2,1,1,189938,160459270,844.7981446577304,ns,ok,unsupported,packing-only,a038f25ac66821574b30392dc1d3b189cc287e2c,true,kotlin-native-2.4.10,1,3,200000000,pack-right-v1+31x2+uniform,physical=4x4+leftLayout=depth-rows-v1+rightLayout=depth-columns-v1+leftGroup=4+rightGroup=4+leftStride=4+rightStride=4+padding=zero+alignment=8+block=31x2x31+panel=31+diagonal=0+rhs=0+batch=1+variant=current-tile-v1,panelDoubles=124,native/portable-layout-v1/4x4,native-calibrated-v1,50000000,1,1,monotonic-batch
4,pack-right+31x2+uniform+physical=4x4+work=pack-right-v1+leftLayout=depth-rows-v1+rightLayout=depth-columns-v1+leftGroup=4+rightGroup=4+leftStride=4+rightStride=4+padding=zero+alignment=8+block=31x2x31+panel=31+diagonal=0+rhs=0+batch=1+variant=current-tile-v1+timing=packing-only,native/c/c-sparse/packed-4x4,5,2,1,2,189938,148655491,782.6527129905548,ns,ok,unsupported,packing-only,a038f25ac66821574b30392dc1d3b189cc287e2c,true,kotlin-native-2.4.10,1,3,200000000,pack-right-v1+31x2+uniform,physical=4x4+leftLayout=depth-rows-v1+rightLayout=depth-columns-v1+leftGroup=4+rightGroup=4+leftStride=4+rightStride=4+padding=zero+alignment=8+block=31x2x31+panel=31+diagonal=0+rhs=0+batch=1+variant=current-tile-v1,panelDoubles=124,native/portable-layout-v1/4x4,native-calibrated-v1,50000000,1,1,monotonic-batch
4,pack-right+31x2+uniform+physical=4x4+work=pack-right-v1+leftLayout=depth-rows-v1+rightLayout=depth-columns-v1+leftGroup=4+rightGroup=4+leftStride=4+rightStride=4+padding=zero+alignment=8+block=31x2x31+panel=31+diagonal=0+rhs=0+batch=1+variant=current-tile-v1+timing=packing-only,native/c/c-sparse/packed-4x4,5,2,1,3,189938,183922335,968.3282702776695,ns,ok,unsupported,packing-only,a038f25ac66821574b30392dc1d3b189cc287e2c,true,kotlin-native-2.4.10,1,3,200000000,pack-right-v1+31x2+uniform,physical=4x4+leftLayout=depth-rows-v1+rightLayout=depth-columns-v1+leftGroup=4+rightGroup=4+leftStride=4+rightStride=4+padding=zero+alignment=8+block=31x2x31+panel=31+diagonal=0+rhs=0+batch=1+variant=current-tile-v1,panelDoubles=124,native/portable-layout-v1/4x4,native-calibrated-v1,50000000,1,1,monotonic-batch
4,pack-right+31x2+uniform+physical=4x4+work=pack-right-v1+leftLayout=depth-rows-v1+rightLayout=depth-columns-v1+leftGroup=4+rightGroup=4+leftStride=4+rightStride=4+padding=zero+alignment=8+block=31x2x31+panel=31+diagonal=0+rhs=0+batch=1+variant=current-tile-v1+timing=packing-only,native/c/c-sparse/packed-4x4,5,2,1,4,189938,208929366,1099.9871852920426,ns,ok,unsupported,packing-only,a038f25ac66821574b30392dc1d3b189cc287e2c,true,kotlin-native-2.4.10,1,3,200000000,pack-right-v1+31x2+uniform,physical=4x4+leftLayout=depth-rows-v1+rightLayout=depth-columns-v1+leftGroup=4+rightGroup=4+leftStride=4+rightStride=4+padding=zero+alignment=8+block=31x2x31+panel=31+diagonal=0+rhs=0+batch=1+variant=current-tile-v1,panelDoubles=124,native/portable-layout-v1/4x4,native-calibrated-v1,50000000,1,1,monotonic-batch
4,pack-right+31x2+uniform+physical=4x4+work=pack-right-v1+leftLayout=depth-rows-v1+rightLayout=depth-columns-v1+leftGroup=4+rightGroup=4+leftStride=4+rightStride=4+padding=zero+alignment=8+block=31x2x31+panel=31+diagonal=0+rhs=0+batch=1+variant=current-tile-v1+timing=packing-only,native/c/c-sparse/packed-4x4,5,2,1,5,189938,202690404,1067.1398245743349,ns,ok,unsupported,packing-only,a038f25ac66821574b30392dc1d3b189cc287e2c,true,kotlin-native-2.4.10,1,3,200000000,pack-right-v1+31x2+uniform,physical=4x4+leftLayout=depth-rows-v1+rightLayout=depth-columns-v1+leftGroup=4+rightGroup=4+leftStride=4+rightStride=4+padding=zero+alignment=8+block=31x2x31+panel=31+diagonal=0+rhs=0+batch=1+variant=current-tile-v1,panelDoubles=124,native/portable-layout-v1/4x4,native-calibrated-v1,50000000,1,1,monotonic-batch
4,pack-symmetric-left+4x4+uniform+physical=4x4+uplo=L+work=pack-symmetric-left-v1+leftLayout=depth-rows-v1+rightLayout=depth-columns-v1+leftGroup=4+rightGroup=4+leftStride=4+rightStride=4+padding=zero+alignment=8+block=4x4x4+panel=4+diagonal=0+rhs=0+batch=1+variant=current-tile-v1+timing=packing-only,native/c/c-sparse/packed-4x4,5,2,1,1,1000000,195265685,195.265685,ns,ok,unsupported,packing-only,a038f25ac66821574b30392dc1d3b189cc287e2c,true,kotlin-native-2.4.10,1,3,200000000,pack-symmetric-left-v1+4x4+uniform+uplo=L,physical=4x4+leftLayout=depth-rows-v1+rightLayout=depth-columns-v1+leftGroup=4+rightGroup=4+leftStride=4+rightStride=4+padding=zero+alignment=8+block=4x4x4+panel=4+diagonal=0+rhs=0+batch=1+variant=current-tile-v1,panelDoubles=16,native/portable-layout-v1/4x4,native-calibrated-v1,50000000,1,1,monotonic-batch
4,pack-symmetric-left+4x4+uniform+physical=4x4+uplo=L+work=pack-symmetric-left-v1+leftLayout=depth-rows-v1+rightLayout=depth-columns-v1+leftGroup=4+rightGroup=4+leftStride=4+rightStride=4+padding=zero+alignment=8+block=4x4x4+panel=4+diagonal=0+rhs=0+batch=1+variant=current-tile-v1+timing=packing-only,native/c/c-sparse/packed-4x4,5,2,1,2,1000000,183471673,183.471673,ns,ok,unsupported,packing-only,a038f25ac66821574b30392dc1d3b189cc287e2c,true,kotlin-native-2.4.10,1,3,200000000,pack-symmetric-left-v1+4x4+uniform+uplo=L,physical=4x4+leftLayout=depth-rows-v1+rightLayout=depth-columns-v1+leftGroup=4+rightGroup=4+leftStride=4+rightStride=4+padding=zero+alignment=8+block=4x4x4+panel=4+diagonal=0+rhs=0+batch=1+variant=current-tile-v1,panelDoubles=16,native/portable-layout-v1/4x4,native-calibrated-v1,50000000,1,1,monotonic-batch
4,pack-symmetric-left+4x4+uniform+physical=4x4+uplo=L+work=pack-symmetric-left-v1+leftLayout=depth-rows-v1+rightLayout=depth-columns-v1+leftGroup=4+rightGroup=4+leftStride=4+rightStride=4+padding=zero+alignment=8+block=4x4x4+panel=4+diagonal=0+rhs=0+batch=1+variant=current-tile-v1+timing=packing-only,native/c/c-sparse/packed-4x4,5,2,1,3,1000000,232443802,232.443802,ns,ok,unsupported,packing-only,a038f25ac66821574b30392dc1d3b189cc287e2c,true,kotlin-native-2.4.10,1,3,200000000,pack-symmetric-left-v1+4x4+uniform+uplo=L,physical=4x4+leftLayout=depth-rows-v1+rightLayout=depth-columns-v1+leftGroup=4+rightGroup=4+leftStride=4+rightStride=4+padding=zero+alignment=8+block=4x4x4+panel=4+diagonal=0+rhs=0+batch=1+variant=current-tile-v1,panelDoubles=16,native/portable-layout-v1/4x4,native-calibrated-v1,50000000,1,1,monotonic-batch
4,pack-symmetric-left+4x4+uniform+physical=4x4+uplo=L+work=pack-symmetric-left-v1+leftLayout=depth-rows-v1+rightLayout=depth-columns-v1+leftGroup=4+rightGroup=4+leftStride=4+rightStride=4+padding=zero+alignment=8+block=4x4x4+panel=4+diagonal=0+rhs=0+batch=1+variant=current-tile-v1+timing=packing-only,native/c/c-sparse/packed-4x4,5,2,1,4,1000000,293579667,293.579667,ns,ok,unsupported,packing-only,a038f25ac66821574b30392dc1d3b189cc287e2c,true,kotlin-native-2.4.10,1,3,200000000,pack-symmetric-left-v1+4x4+uniform+uplo=L,physical=4x4+leftLayout=depth-rows-v1+rightLayout=depth-columns-v1+leftGroup=4+rightGroup=4+leftStride=4+rightStride=4+padding=zero+alignment=8+block=4x4x4+panel=4+diagonal=0+rhs=0+batch=1+variant=current-tile-v1,panelDoubles=16,native/portable-layout-v1/4x4,native-calibrated-v1,50000000,1,1,monotonic-batch
4,pack-symmetric-left+4x4+uniform+physical=4x4+uplo=L+work=pack-symmetric-left-v1+leftLayout=depth-rows-v1+rightLayout=depth-columns-v1+leftGroup=4+rightGroup=4+leftStride=4+rightStride=4+padding=zero+alignment=8+block=4x4x4+panel=4+diagonal=0+rhs=0+batch=1+variant=current-tile-v1+timing=packing-only,native/c/c-sparse/packed-4x4,5,2,1,5,1000000,258303786,258.303786,ns,ok,unsupported,packing-only,a038f25ac66821574b30392dc1d3b189cc287e2c,true,kotlin-native-2.4.10,1,3,200000000,pack-symmetric-left-v1+4x4+uniform+uplo=L,physical=4x4+leftLayout=depth-rows-v1+rightLayout=depth-columns-v1+leftGroup=4+rightGroup=4+leftStride=4+rightStride=4+padding=zero+alignment=8+block=4x4x4+panel=4+diagonal=0+rhs=0+batch=1+variant=current-tile-v1,panelDoubles=16,native/portable-layout-v1/4x4,native-calibrated-v1,50000000,1,1,monotonic-batch
4,pack-symmetric-right+4x4+uniform+physical=4x4+uplo=U+work=pack-symmetric-right-v1+leftLayout=depth-rows-v1+rightLayout=depth-columns-v1+leftGroup=4+rightGroup=4+leftStride=4+rightStride=4+padding=zero+alignment=8+block=4x4x4+panel=4+diagonal=0+rhs=0+batch=1+variant=current-tile-v1+timing=packing-only,native/c/c-sparse/packed-4x4,5,2,1,1,647298,212598708,328.44023618178954,ns,ok,unsupported,packing-only,a038f25ac66821574b30392dc1d3b189cc287e2c,true,kotlin-native-2.4.10,1,3,200000000,pack-symmetric-right-v1+4x4+uniform+uplo=U,physical=4x4+leftLayout=depth-rows-v1+rightLayout=depth-columns-v1+leftGroup=4+rightGroup=4+leftStride=4+rightStride=4+padding=zero+alignment=8+block=4x4x4+panel=4+diagonal=0+rhs=0+batch=1+variant=current-tile-v1,panelDoubles=16,native/portable-layout-v1/4x4,native-calibrated-v1,50000000,1,1,monotonic-batch
4,pack-symmetric-right+4x4+uniform+physical=4x4+uplo=U+work=pack-symmetric-right-v1+leftLayout=depth-rows-v1+rightLayout=depth-columns-v1+leftGroup=4+rightGroup=4+leftStride=4+rightStride=4+padding=zero+alignment=8+block=4x4x4+panel=4+diagonal=0+rhs=0+batch=1+variant=current-tile-v1+timing=packing-only,native/c/c-sparse/packed-4x4,5,2,1,2,647298,215049540,332.22648610068313,ns,ok,unsupported,packing-only,a038f25ac66821574b30392dc1d3b189cc287e2c,true,kotlin-native-2.4.10,1,3,200000000,pack-symmetric-right-v1+4x4+uniform+uplo=U,physical=4x4+leftLayout=depth-rows-v1+rightLayout=depth-columns-v1+leftGroup=4+rightGroup=4+leftStride=4+rightStride=4+padding=zero+alignment=8+block=4x4x4+panel=4+diagonal=0+rhs=0+batch=1+variant=current-tile-v1,panelDoubles=16,native/portable-layout-v1/4x4,native-calibrated-v1,50000000,1,1,monotonic-batch
4,pack-symmetric-right+4x4+uniform+physical=4x4+uplo=U+work=pack-symmetric-right-v1+leftLayout=depth-rows-v1+rightLayout=depth-columns-v1+leftGroup=4+rightGroup=4+leftStride=4+rightStride=4+padding=zero+alignment=8+block=4x4x4+panel=4+diagonal=0+rhs=0+batch=1+variant=current-tile-v1+timing=packing-only,native/c/c-sparse/packed-4x4,5,2,1,3,647298,163410545,252.4502547512892,ns,ok,unsupported,packing-only,a038f25ac66821574b30392dc1d3b189cc287e2c,true,kotlin-native-2.4.10,1,3,200000000,pack-symmetric-right-v1+4x4+uniform+uplo=U,physical=4x4+leftLayout=depth-rows-v1+rightLayout=depth-columns-v1+leftGroup=4+rightGroup=4+leftStride=4+rightStride=4+padding=zero+alignment=8+block=4x4x4+panel=4+diagonal=0+rhs=0+batch=1+variant=current-tile-v1,panelDoubles=16,native/portable-layout-v1/4x4,native-calibrated-v1,50000000,1,1,monotonic-batch
4,pack-symmetric-right+4x4+uniform+physical=4x4+uplo=U+work=pack-symmetric-right-v1+leftLayout=depth-rows-v1+rightLayout=depth-columns-v1+leftGroup=4+rightGroup=4+leftStride=4+rightStride=4+padding=zero+alignment=8+block=4x4x4+panel=4+diagonal=0+rhs=0+batch=1+variant=current-tile-v1+timing=packing-only,native/c/c-sparse/packed-4x4,5,2,1,4,647298,117623938,181.71528106065523,ns,ok,unsupported,packing-only,a038f25ac66821574b30392dc1d3b189cc287e2c,true,kotlin-native-2.4.10,1,3,200000000,pack-symmetric-right-v1+4x4+uniform+uplo=U,physical=4x4+leftLayout=depth-rows-v1+rightLayout=depth-columns-v1+leftGroup=4+rightGroup=4+leftStride=4+rightStride=4+padding=zero+alignment=8+block=4x4x4+panel=4+diagonal=0+rhs=0+batch=1+variant=current-tile-v1,panelDoubles=16,native/portable-layout-v1/4x4,native-calibrated-v1,50000000,1,1,monotonic-batch
4,pack-symmetric-right+4x4+uniform+physical=4x4+uplo=U+work=pack-symmetric-right-v1+leftLayout=depth-rows-v1+rightLayout=depth-columns-v1+leftGroup=4+rightGroup=4+leftStride=4+rightStride=4+padding=zero+alignment=8+block=4x4x4+panel=4+diagonal=0+rhs=0+batch=1+variant=current-tile-v1+timing=packing-only,native/c/c-sparse/packed-4x4,5,2,1,5,647298,120786607,186.60123621577696,ns,ok,unsupported,packing-only,a038f25ac66821574b30392dc1d3b189cc287e2c,true,kotlin-native-2.4.10,1,3,200000000,pack-symmetric-right-v1+4x4+uniform+uplo=U,physical=4x4+leftLayout=depth-rows-v1+rightLayout=depth-columns-v1+leftGroup=4+rightGroup=4+leftStride=4+rightStride=4+padding=zero+alignment=8+block=4x4x4+panel=4+diagonal=0+rhs=0+batch=1+variant=current-tile-v1,panelDoubles=16,native/portable-layout-v1/4x4,native-calibrated-v1,50000000,1,1,monotonic-batch
4,pack-triangular-left+4x4+triangular+physical=4x4+uplo=L+diag=N+work=pack-triangular-left-v1+leftLayout=depth-rows-v1+rightLayout=depth-columns-v1+leftGroup=4+rightGroup=4+leftStride=4+rightStride=4+padding=zero+alignment=8+block=4x4x4+panel=4+diagonal=0+rhs=0+batch=1+variant=current-tile-v1+timing=packing-only,native/c/c-sparse/packed-4x4,5,2,1,1,546902,188046957,343.84031691235356,ns,ok,unsupported,packing-only,a038f25ac66821574b30392dc1d3b189cc287e2c,true,kotlin-native-2.4.10,1,3,200000000,pack-triangular-left-v1+4x4+triangular+uplo=L+diag=N,physical=4x4+leftLayout=depth-rows-v1+rightLayout=depth-columns-v1+leftGroup=4+rightGroup=4+leftStride=4+rightStride=4+padding=zero+alignment=8+block=4x4x4+panel=4+diagonal=0+rhs=0+batch=1+variant=current-tile-v1,panelDoubles=16,native/portable-layout-v1/4x4,native-calibrated-v1,50000000,1,1,monotonic-batch
4,pack-triangular-left+4x4+triangular+physical=4x4+uplo=L+diag=N+work=pack-triangular-left-v1+leftLayout=depth-rows-v1+rightLayout=depth-columns-v1+leftGroup=4+rightGroup=4+leftStride=4+rightStride=4+padding=zero+alignment=8+block=4x4x4+panel=4+diagonal=0+rhs=0+batch=1+variant=current-tile-v1+timing=packing-only,native/c/c-sparse/packed-4x4,5,2,1,2,546902,201647007,368.7077520286998,ns,ok,unsupported,packing-only,a038f25ac66821574b30392dc1d3b189cc287e2c,true,kotlin-native-2.4.10,1,3,200000000,pack-triangular-left-v1+4x4+triangular+uplo=L+diag=N,physical=4x4+leftLayout=depth-rows-v1+rightLayout=depth-columns-v1+leftGroup=4+rightGroup=4+leftStride=4+rightStride=4+padding=zero+alignment=8+block=4x4x4+panel=4+diagonal=0+rhs=0+batch=1+variant=current-tile-v1,panelDoubles=16,native/portable-layout-v1/4x4,native-calibrated-v1,50000000,1,1,monotonic-batch
4,pack-triangular-left+4x4+triangular+physical=4x4+uplo=L+diag=N+work=pack-triangular-left-v1+leftLayout=depth-rows-v1+rightLayout=depth-columns-v1+leftGroup=4+rightGroup=4+leftStride=4+rightStride=4+padding=zero+alignment=8+block=4x4x4+panel=4+diagonal=0+rhs=0+batch=1+variant=current-tile-v1+timing=packing-only,native/c/c-sparse/packed-4x4,5,2,1,3,546902,142344729,260.27465432563787,ns,ok,unsupported,packing-only,a038f25ac66821574b30392dc1d3b189cc287e2c,true,kotlin-native-2.4.10,1,3,200000000,pack-triangular-left-v1+4x4+triangular+uplo=L+diag=N,physical=4x4+leftLayout=depth-rows-v1+rightLayout=depth-columns-v1+leftGroup=4+rightGroup=4+leftStride=4+rightStride=4+padding=zero+alignment=8+block=4x4x4+panel=4+diagonal=0+rhs=0+batch=1+variant=current-tile-v1,panelDoubles=16,native/portable-layout-v1/4x4,native-calibrated-v1,50000000,1,1,monotonic-batch
4,pack-triangular-left+4x4+triangular+physical=4x4+uplo=L+diag=N+work=pack-triangular-left-v1+leftLayout=depth-rows-v1+rightLayout=depth-columns-v1+leftGroup=4+rightGroup=4+leftStride=4+rightStride=4+padding=zero+alignment=8+block=4x4x4+panel=4+diagonal=0+rhs=0+batch=1+variant=current-tile-v1+timing=packing-only,native/c/c-sparse/packed-4x4,5,2,1,4,546902,111887001,204.5832726887084,ns,ok,unsupported,packing-only,a038f25ac66821574b30392dc1d3b189cc287e2c,true,kotlin-native-2.4.10,1,3,200000000,pack-triangular-left-v1+4x4+triangular+uplo=L+diag=N,physical=4x4+leftLayout=depth-rows-v1+rightLayout=depth-columns-v1+leftGroup=4+rightGroup=4+leftStride=4+rightStride=4+padding=zero+alignment=8+block=4x4x4+panel=4+diagonal=0+rhs=0+batch=1+variant=current-tile-v1,panelDoubles=16,native/portable-layout-v1/4x4,native-calibrated-v1,50000000,1,1,monotonic-batch
4,pack-triangular-left+4x4+triangular+physical=4x4+uplo=L+diag=N+work=pack-triangular-left-v1+leftLayout=depth-rows-v1+rightLayout=depth-columns-v1+leftGroup=4+rightGroup=4+leftStride=4+rightStride=4+padding=zero+alignment=8+block=4x4x4+panel=4+diagonal=0+rhs=0+batch=1+variant=current-tile-v1+timing=packing-only,native/c/c-sparse/packed-4x4,5,2,1,5,546902,150546009,275.2705402430417,ns,ok,unsupported,packing-only,a038f25ac66821574b30392dc1d3b189cc287e2c,true,kotlin-native-2.4.10,1,3,200000000,pack-triangular-left-v1+4x4+triangular+uplo=L+diag=N,physical=4x4+leftLayout=depth-rows-v1+rightLayout=depth-columns-v1+leftGroup=4+rightGroup=4+leftStride=4+rightStride=4+padding=zero+alignment=8+block=4x4x4+panel=4+diagonal=0+rhs=0+batch=1+variant=current-tile-v1,panelDoubles=16,native/portable-layout-v1/4x4,native-calibrated-v1,50000000,1,1,monotonic-batch
4,pack-triangular-right+4x4+triangular+physical=4x4+uplo=U+diag=U+work=pack-triangular-right-v1+leftLayout=depth-rows-v1+rightLayout=depth-columns-v1+leftGroup=4+rightGroup=4+leftStride=4+rightStride=4+padding=zero+alignment=8+block=4x4x4+panel=4+diagonal=0+rhs=0+batch=1+variant=current-tile-v1+timing=packing-only,native/c/c-sparse/packed-4x4,5,2,1,1,545228,170535120,312.77762697440335,ns,ok,unsupported,packing-only,a038f25ac66821574b30392dc1d3b189cc287e2c,true,kotlin-native-2.4.10,1,3,200000000,pack-triangular-right-v1+4x4+triangular+uplo=U+diag=U,physical=4x4+leftLayout=depth-rows-v1+rightLayout=depth-columns-v1+leftGroup=4+rightGroup=4+leftStride=4+rightStride=4+padding=zero+alignment=8+block=4x4x4+panel=4+diagonal=0+rhs=0+batch=1+variant=current-tile-v1,panelDoubles=16,native/portable-layout-v1/4x4,native-calibrated-v1,50000000,1,1,monotonic-batch
4,pack-triangular-right+4x4+triangular+physical=4x4+uplo=U+diag=U+work=pack-triangular-right-v1+leftLayout=depth-rows-v1+rightLayout=depth-columns-v1+leftGroup=4+rightGroup=4+leftStride=4+rightStride=4+padding=zero+alignment=8+block=4x4x4+panel=4+diagonal=0+rhs=0+batch=1+variant=current-tile-v1+timing=packing-only,native/c/c-sparse/packed-4x4,5,2,1,2,545228,111517211,204.53316960977793,ns,ok,unsupported,packing-only,a038f25ac66821574b30392dc1d3b189cc287e2c,true,kotlin-native-2.4.10,1,3,200000000,pack-triangular-right-v1+4x4+triangular+uplo=U+diag=U,physical=4x4+leftLayout=depth-rows-v1+rightLayout=depth-columns-v1+leftGroup=4+rightGroup=4+leftStride=4+rightStride=4+padding=zero+alignment=8+block=4x4x4+panel=4+diagonal=0+rhs=0+batch=1+variant=current-tile-v1,panelDoubles=16,native/portable-layout-v1/4x4,native-calibrated-v1,50000000,1,1,monotonic-batch
4,pack-triangular-right+4x4+triangular+physical=4x4+uplo=U+diag=U+work=pack-triangular-right-v1+leftLayout=depth-rows-v1+rightLayout=depth-columns-v1+leftGroup=4+rightGroup=4+leftStride=4+rightStride=4+padding=zero+alignment=8+block=4x4x4+panel=4+diagonal=0+rhs=0+batch=1+variant=current-tile-v1+timing=packing-only,native/c/c-sparse/packed-4x4,5,2,1,3,545228,144693192,265.3810736059043,ns,ok,unsupported,packing-only,a038f25ac66821574b30392dc1d3b189cc287e2c,true,kotlin-native-2.4.10,1,3,200000000,pack-triangular-right-v1+4x4+triangular+uplo=U+diag=U,physical=4x4+leftLayout=depth-rows-v1+rightLayout=depth-columns-v1+leftGroup=4+rightGroup=4+leftStride=4+rightStride=4+padding=zero+alignment=8+block=4x4x4+panel=4+diagonal=0+rhs=0+batch=1+variant=current-tile-v1,panelDoubles=16,native/portable-layout-v1/4x4,native-calibrated-v1,50000000,1,1,monotonic-batch
4,pack-triangular-right+4x4+triangular+physical=4x4+uplo=U+diag=U+work=pack-triangular-right-v1+leftLayout=depth-rows-v1+rightLayout=depth-columns-v1+leftGroup=4+rightGroup=4+leftStride=4+rightStride=4+padding=zero+alignment=8+block=4x4x4+panel=4+diagonal=0+rhs=0+batch=1+variant=current-tile-v1+timing=packing-only,native/c/c-sparse/packed-4x4,5,2,1,4,545228,193887313,355.6077695936379,ns,ok,unsupported,packing-only,a038f25ac66821574b30392dc1d3b189cc287e2c,true,kotlin-native-2.4.10,1,3,200000000,pack-triangular-right-v1+4x4+triangular+uplo=U+diag=U,physical=4x4+leftLayout=depth-rows-v1+rightLayout=depth-columns-v1+leftGroup=4+rightGroup=4+leftStride=4+rightStride=4+padding=zero+alignment=8+block=4x4x4+panel=4+diagonal=0+rhs=0+batch=1+variant=current-tile-v1,panelDoubles=16,native/portable-layout-v1/4x4,native-calibrated-v1,50000000,1,1,monotonic-batch
4,pack-triangular-right+4x4+triangular+physical=4x4+uplo=U+diag=U+work=pack-triangular-right-v1+leftLayout=depth-rows-v1+rightLayout=depth-columns-v1+leftGroup=4+rightGroup=4+leftStride=4+rightStride=4+padding=zero+alignment=8+block=4x4x4+panel=4+diagonal=0+rhs=0+batch=1+variant=current-tile-v1+timing=packing-only,native/c/c-sparse/packed-4x4,5,2,1,5,545228,199084103,365.13917663803034,ns,ok,unsupported,packing-only,a038f25ac66821574b30392dc1d3b189cc287e2c,true,kotlin-native-2.4.10,1,3,200000000,pack-triangular-right-v1+4x4+triangular+uplo=U+diag=U,physical=4x4+leftLayout=depth-rows-v1+rightLayout=depth-columns-v1+leftGroup=4+rightGroup=4+leftStride=4+rightStride=4+padding=zero+alignment=8+block=4x4x4+panel=4+diagonal=0+rhs=0+batch=1+variant=current-tile-v1,panelDoubles=16,native/portable-layout-v1/4x4,native-calibrated-v1,50000000,1,1,monotonic-batch
4,write-left+3x31+uniform+physical=4x4+work=write-left-v1+leftLayout=depth-rows-v1+rightLayout=depth-columns-v1+leftGroup=4+rightGroup=4+leftStride=4+rightStride=4+padding=zero+alignment=8+block=3x31x31+panel=31+diagonal=0+rhs=0+batch=1+variant=current-tile-v1+timing=layout-only,native/c/c-sparse/packed-4x4,5,2,1,1,406523,236840046,582.5993756810808,ns,ok,unsupported,layout-only,a038f25ac66821574b30392dc1d3b189cc287e2c,true,kotlin-native-2.4.10,1,3,200000000,write-left-v1+3x31+uniform,physical=4x4+leftLayout=depth-rows-v1+rightLayout=depth-columns-v1+leftGroup=4+rightGroup=4+leftStride=4+rightStride=4+padding=zero+alignment=8+block=3x31x31+panel=31+diagonal=0+rhs=0+batch=1+variant=current-tile-v1,panelDoubles=124,native/portable-layout-v1/4x4,native-calibrated-v1,50000000,1,1,monotonic-batch
4,write-left+3x31+uniform+physical=4x4+work=write-left-v1+leftLayout=depth-rows-v1+rightLayout=depth-columns-v1+leftGroup=4+rightGroup=4+leftStride=4+rightStride=4+padding=zero+alignment=8+block=3x31x31+panel=31+diagonal=0+rhs=0+batch=1+variant=current-tile-v1+timing=layout-only,native/c/c-sparse/packed-4x4,5,2,1,2,406523,233343054,573.9971760515396,ns,ok,unsupported,layout-only,a038f25ac66821574b30392dc1d3b189cc287e2c,true,kotlin-native-2.4.10,1,3,200000000,write-left-v1+3x31+uniform,physical=4x4+leftLayout=depth-rows-v1+rightLayout=depth-columns-v1+leftGroup=4+rightGroup=4+leftStride=4+rightStride=4+padding=zero+alignment=8+block=3x31x31+panel=31+diagonal=0+rhs=0+batch=1+variant=current-tile-v1,panelDoubles=124,native/portable-layout-v1/4x4,native-calibrated-v1,50000000,1,1,monotonic-batch
4,write-left+3x31+uniform+physical=4x4+work=write-left-v1+leftLayout=depth-rows-v1+rightLayout=depth-columns-v1+leftGroup=4+rightGroup=4+leftStride=4+rightStride=4+padding=zero+alignment=8+block=3x31x31+panel=31+diagonal=0+rhs=0+batch=1+variant=current-tile-v1+timing=layout-only,native/c/c-sparse/packed-4x4,5,2,1,3,406523,187269659,460.6619035085346,ns,ok,unsupported,layout-only,a038f25ac66821574b30392dc1d3b189cc287e2c,true,kotlin-native-2.4.10,1,3,200000000,write-left-v1+3x31+uniform,physical=4x4+leftLayout=depth-rows-v1+rightLayout=depth-columns-v1+leftGroup=4+rightGroup=4+leftStride=4+rightStride=4+padding=zero+alignment=8+block=3x31x31+panel=31+diagonal=0+rhs=0+batch=1+variant=current-tile-v1,panelDoubles=124,native/portable-layout-v1/4x4,native-calibrated-v1,50000000,1,1,monotonic-batch
4,write-left+3x31+uniform+physical=4x4+work=write-left-v1+leftLayout=depth-rows-v1+rightLayout=depth-columns-v1+leftGroup=4+rightGroup=4+leftStride=4+rightStride=4+padding=zero+alignment=8+block=3x31x31+panel=31+diagonal=0+rhs=0+batch=1+variant=current-tile-v1+timing=layout-only,native/c/c-sparse/packed-4x4,5,2,1,4,406523,123078611,302.7592805327128,ns,ok,unsupported,layout-only,a038f25ac66821574b30392dc1d3b189cc287e2c,true,kotlin-native-2.4.10,1,3,200000000,write-left-v1+3x31+uniform,physical=4x4+leftLayout=depth-rows-v1+rightLayout=depth-columns-v1+leftGroup=4+rightGroup=4+leftStride=4+rightStride=4+padding=zero+alignment=8+block=3x31x31+panel=31+diagonal=0+rhs=0+batch=1+variant=current-tile-v1,panelDoubles=124,native/portable-layout-v1/4x4,native-calibrated-v1,50000000,1,1,monotonic-batch
4,write-left+3x31+uniform+physical=4x4+work=write-left-v1+leftLayout=depth-rows-v1+rightLayout=depth-columns-v1+leftGroup=4+rightGroup=4+leftStride=4+rightStride=4+padding=zero+alignment=8+block=3x31x31+panel=31+diagonal=0+rhs=0+batch=1+variant=current-tile-v1+timing=layout-only,native/c/c-sparse/packed-4x4,5,2,1,5,406523,242998867,597.7493696543615,ns,ok,unsupported,layout-only,a038f25ac66821574b30392dc1d3b189cc287e2c,true,kotlin-native-2.4.10,1,3,200000000,write-left-v1+3x31+uniform,physical=4x4+leftLayout=depth-rows-v1+rightLayout=depth-columns-v1+leftGroup=4+rightGroup=4+leftStride=4+rightStride=4+padding=zero+alignment=8+block=3x31x31+panel=31+diagonal=0+rhs=0+batch=1+variant=current-tile-v1,panelDoubles=124,native/portable-layout-v1/4x4,native-calibrated-v1,50000000,1,1,monotonic-batch
4,write-left+4x32+uniform+physical=4x4+work=write-left-v1+leftLayout=depth-rows-v1+rightLayout=depth-columns-v1+leftGroup=4+rightGroup=4+leftStride=4+rightStride=4+padding=zero+alignment=8+block=4x32x32+panel=32+diagonal=0+rhs=0+batch=1+variant=current-tile-v1+timing=layout-only,native/c/c-sparse/packed-4x4,5,2,1,1,279542,208505654,745.8831016448333,ns,ok,unsupported,layout-only,a038f25ac66821574b30392dc1d3b189cc287e2c,true,kotlin-native-2.4.10,1,3,200000000,write-left-v1+4x32+uniform,physical=4x4+leftLayout=depth-rows-v1+rightLayout=depth-columns-v1+leftGroup=4+rightGroup=4+leftStride=4+rightStride=4+padding=zero+alignment=8+block=4x32x32+panel=32+diagonal=0+rhs=0+batch=1+variant=current-tile-v1,panelDoubles=128,native/portable-layout-v1/4x4,native-calibrated-v1,50000000,1,1,monotonic-batch
4,write-left+4x32+uniform+physical=4x4+work=write-left-v1+leftLayout=depth-rows-v1+rightLayout=depth-columns-v1+leftGroup=4+rightGroup=4+leftStride=4+rightStride=4+padding=zero+alignment=8+block=4x32x32+panel=32+diagonal=0+rhs=0+batch=1+variant=current-tile-v1+timing=layout-only,native/c/c-sparse/packed-4x4,5,2,1,2,279542,191335208,684.4596089317527,ns,ok,unsupported,layout-only,a038f25ac66821574b30392dc1d3b189cc287e2c,true,kotlin-native-2.4.10,1,3,200000000,write-left-v1+4x32+uniform,physical=4x4+leftLayout=depth-rows-v1+rightLayout=depth-columns-v1+leftGroup=4+rightGroup=4+leftStride=4+rightStride=4+padding=zero+alignment=8+block=4x32x32+panel=32+diagonal=0+rhs=0+batch=1+variant=current-tile-v1,panelDoubles=128,native/portable-layout-v1/4x4,native-calibrated-v1,50000000,1,1,monotonic-batch
4,write-left+4x32+uniform+physical=4x4+work=write-left-v1+leftLayout=depth-rows-v1+rightLayout=depth-columns-v1+leftGroup=4+rightGroup=4+leftStride=4+rightStride=4+padding=zero+alignment=8+block=4x32x32+panel=32+diagonal=0+rhs=0+batch=1+variant=current-tile-v1+timing=layout-only,native/c/c-sparse/packed-4x4,5,2,1,3,279542,185690412,664.2665932131845,ns,ok,unsupported,layout-only,a038f25ac66821574b30392dc1d3b189cc287e2c,true,kotlin-native-2.4.10,1,3,200000000,write-left-v1+4x32+uniform,physical=4x4+leftLayout=depth-rows-v1+rightLayout=depth-columns-v1+leftGroup=4+rightGroup=4+leftStride=4+rightStride=4+padding=zero+alignment=8+block=4x32x32+panel=32+diagonal=0+rhs=0+batch=1+variant=current-tile-v1,panelDoubles=128,native/portable-layout-v1/4x4,native-calibrated-v1,50000000,1,1,monotonic-batch
4,write-left+4x32+uniform+physical=4x4+work=write-left-v1+leftLayout=depth-rows-v1+rightLayout=depth-columns-v1+leftGroup=4+rightGroup=4+leftStride=4+rightStride=4+padding=zero+alignment=8+block=4x32x32+panel=32+diagonal=0+rhs=0+batch=1+variant=current-tile-v1+timing=layout-only,native/c/c-sparse/packed-4x4,5,2,1,4,279542,129019112,461.53748631690405,ns,ok,unsupported,layout-only,a038f25ac66821574b30392dc1d3b189cc287e2c,true,kotlin-native-2.4.10,1,3,200000000,write-left-v1+4x32+uniform,physical=4x4+leftLayout=depth-rows-v1+rightLayout=depth-columns-v1+leftGroup=4+rightGroup=4+leftStride=4+rightStride=4+padding=zero+alignment=8+block=4x32x32+panel=32+diagonal=0+rhs=0+batch=1+variant=current-tile-v1,panelDoubles=128,native/portable-layout-v1/4x4,native-calibrated-v1,50000000,1,1,monotonic-batch
4,write-left+4x32+uniform+physical=4x4+work=write-left-v1+leftLayout=depth-rows-v1+rightLayout=depth-columns-v1+leftGroup=4+rightGroup=4+leftStride=4+rightStride=4+padding=zero+alignment=8+block=4x32x32+panel=32+diagonal=0+rhs=0+batch=1+variant=current-tile-v1+timing=layout-only,native/c/c-sparse/packed-4x4,5,2,1,5,279542,172406561,616.7465389816199,ns,ok,unsupported,layout-only,a038f25ac66821574b30392dc1d3b189cc287e2c,true,kotlin-native-2.4.10,1,3,200000000,write-left-v1+4x32+uniform,physical=4x4+leftLayout=depth-rows-v1+rightLayout=depth-columns-v1+leftGroup=4+rightGroup=4+leftStride=4+rightStride=4+padding=zero+alignment=8+block=4x32x32+panel=32+diagonal=0+rhs=0+batch=1+variant=current-tile-v1,panelDoubles=128,native/portable-layout-v1/4x4,native-calibrated-v1,50000000,1,1,monotonic-batch
4,write-right+31x2+uniform+physical=4x4+work=write-right-v1+leftLayout=depth-rows-v1+rightLayout=depth-columns-v1+leftGroup=4+rightGroup=4+leftStride=4+rightStride=4+padding=zero+alignment=8+block=31x2x31+panel=31+diagonal=0+rhs=0+batch=1+variant=current-tile-v1+timing=layout-only,native/c/c-sparse/packed-4x4,5,2,1,1,927291,189450153,204.30496251985622,ns,ok,unsupported,layout-only,a038f25ac66821574b30392dc1d3b189cc287e2c,true,kotlin-native-2.4.10,1,3,200000000,write-right-v1+31x2+uniform,physical=4x4+leftLayout=depth-rows-v1+rightLayout=depth-columns-v1+leftGroup=4+rightGroup=4+leftStride=4+rightStride=4+padding=zero+alignment=8+block=31x2x31+panel=31+diagonal=0+rhs=0+batch=1+variant=current-tile-v1,panelDoubles=124,native/portable-layout-v1/4x4,native-calibrated-v1,50000000,1,1,monotonic-batch
4,write-right+31x2+uniform+physical=4x4+work=write-right-v1+leftLayout=depth-rows-v1+rightLayout=depth-columns-v1+leftGroup=4+rightGroup=4+leftStride=4+rightStride=4+padding=zero+alignment=8+block=31x2x31+panel=31+diagonal=0+rhs=0+batch=1+variant=current-tile-v1+timing=layout-only,native/c/c-sparse/packed-4x4,5,2,1,2,927291,206305099,222.481506884031,ns,ok,unsupported,layout-only,a038f25ac66821574b30392dc1d3b189cc287e2c,true,kotlin-native-2.4.10,1,3,200000000,write-right-v1+31x2+uniform,physical=4x4+leftLayout=depth-rows-v1+rightLayout=depth-columns-v1+leftGroup=4+rightGroup=4+leftStride=4+rightStride=4+padding=zero+alignment=8+block=31x2x31+panel=31+diagonal=0+rhs=0+batch=1+variant=current-tile-v1,panelDoubles=124,native/portable-layout-v1/4x4,native-calibrated-v1,50000000,1,1,monotonic-batch
4,write-right+31x2+uniform+physical=4x4+work=write-right-v1+leftLayout=depth-rows-v1+rightLayout=depth-columns-v1+leftGroup=4+rightGroup=4+leftStride=4+rightStride=4+padding=zero+alignment=8+block=31x2x31+panel=31+diagonal=0+rhs=0+batch=1+variant=current-tile-v1+timing=layout-only,native/c/c-sparse/packed-4x4,5,2,1,3,927291,207179777,223.42476849230715,ns,ok,unsupported,layout-only,a038f25ac66821574b30392dc1d3b189cc287e2c,true,kotlin-native-2.4.10,1,3,200000000,write-right-v1+31x2+uniform,physical=4x4+leftLayout=depth-rows-v1+rightLayout=depth-columns-v1+leftGroup=4+rightGroup=4+leftStride=4+rightStride=4+padding=zero+alignment=8+block=31x2x31+panel=31+diagonal=0+rhs=0+batch=1+variant=current-tile-v1,panelDoubles=124,native/portable-layout-v1/4x4,native-calibrated-v1,50000000,1,1,monotonic-batch
4,write-right+31x2+uniform+physical=4x4+work=write-right-v1+leftLayout=depth-rows-v1+rightLayout=depth-columns-v1+leftGroup=4+rightGroup=4+leftStride=4+rightStride=4+padding=zero+alignment=8+block=31x2x31+panel=31+diagonal=0+rhs=0+batch=1+variant=current-tile-v1+timing=layout-only,native/c/c-sparse/packed-4x4,5,2,1,4,927291,166028512,179.046827802707,ns,ok,unsupported,layout-only,a038f25ac66821574b30392dc1d3b189cc287e2c,true,kotlin-native-2.4.10,1,3,200000000,write-right-v1+31x2+uniform,physical=4x4+leftLayout=depth-rows-v1+rightLayout=depth-columns-v1+leftGroup=4+rightGroup=4+leftStride=4+rightStride=4+padding=zero+alignment=8+block=31x2x31+panel=31+diagonal=0+rhs=0+batch=1+variant=current-tile-v1,panelDoubles=124,native/portable-layout-v1/4x4,native-calibrated-v1,50000000,1,1,monotonic-batch
4,write-right+31x2+uniform+physical=4x4+work=write-right-v1+leftLayout=depth-rows-v1+rightLayout=depth-columns-v1+leftGroup=4+rightGroup=4+leftStride=4+rightStride=4+padding=zero+alignment=8+block=31x2x31+panel=31+diagonal=0+rhs=0+batch=1+variant=current-tile-v1+timing=layout-only,native/c/c-sparse/packed-4x4,5,2,1,5,927291,299260706,322.7257743254275,ns,ok,unsupported,layout-only,a038f25ac66821574b30392dc1d3b189cc287e2c,true,kotlin-native-2.4.10,1,3,200000000,write-right-v1+31x2+uniform,physical=4x4+leftLayout=depth-rows-v1+rightLayout=depth-columns-v1+leftGroup=4+rightGroup=4+leftStride=4+rightStride=4+padding=zero+alignment=8+block=31x2x31+panel=31+diagonal=0+rhs=0+batch=1+variant=current-tile-v1,panelDoubles=124,native/portable-layout-v1/4x4,native-calibrated-v1,50000000,1,1,monotonic-batch
4,write-right+32x4+uniform+physical=4x4+work=write-right-v1+leftLayout=depth-rows-v1+rightLayout=depth-columns-v1+leftGroup=4+rightGroup=4+leftStride=4+rightStride=4+padding=zero+alignment=8+block=32x4x32+panel=32+diagonal=0+rhs=0+batch=1+variant=current-tile-v1+timing=layout-only,native/c/c-sparse/packed-4x4,5,2,1,1,353890,124382379,351.47186696431095,ns,ok,unsupported,layout-only,a038f25ac66821574b30392dc1d3b189cc287e2c,true,kotlin-native-2.4.10,1,3,200000000,write-right-v1+32x4+uniform,physical=4x4+leftLayout=depth-rows-v1+rightLayout=depth-columns-v1+leftGroup=4+rightGroup=4+leftStride=4+rightStride=4+padding=zero+alignment=8+block=32x4x32+panel=32+diagonal=0+rhs=0+batch=1+variant=current-tile-v1,panelDoubles=128,native/portable-layout-v1/4x4,native-calibrated-v1,50000000,1,1,monotonic-batch
4,write-right+32x4+uniform+physical=4x4+work=write-right-v1+leftLayout=depth-rows-v1+rightLayout=depth-columns-v1+leftGroup=4+rightGroup=4+leftStride=4+rightStride=4+padding=zero+alignment=8+block=32x4x32+panel=32+diagonal=0+rhs=0+batch=1+variant=current-tile-v1+timing=layout-only,native/c/c-sparse/packed-4x4,5,2,1,2,353890,237608469,671.4189974285795,ns,ok,unsupported,layout-only,a038f25ac66821574b30392dc1d3b189cc287e2c,true,kotlin-native-2.4.10,1,3,200000000,write-right-v1+32x4+uniform,physical=4x4+leftLayout=depth-rows-v1+rightLayout=depth-columns-v1+leftGroup=4+rightGroup=4+leftStride=4+rightStride=4+padding=zero+alignment=8+block=32x4x32+panel=32+diagonal=0+rhs=0+batch=1+variant=current-tile-v1,panelDoubles=128,native/portable-layout-v1/4x4,native-calibrated-v1,50000000,1,1,monotonic-batch
4,write-right+32x4+uniform+physical=4x4+work=write-right-v1+leftLayout=depth-rows-v1+rightLayout=depth-columns-v1+leftGroup=4+rightGroup=4+leftStride=4+rightStride=4+padding=zero+alignment=8+block=32x4x32+panel=32+diagonal=0+rhs=0+batch=1+variant=current-tile-v1+timing=layout-only,native/c/c-sparse/packed-4x4,5,2,1,3,353890,104543812,295.413297917432,ns,ok,unsupported,layout-only,a038f25ac66821574b30392dc1d3b189cc287e2c,true,kotlin-native-2.4.10,1,3,200000000,write-right-v1+32x4+uniform,physical=4x4+leftLayout=depth-rows-v1+rightLayout=depth-columns-v1+leftGroup=4+rightGroup=4+leftStride=4+rightStride=4+padding=zero+alignment=8+block=32x4x32+panel=32+diagonal=0+rhs=0+batch=1+variant=current-tile-v1,panelDoubles=128,native/portable-layout-v1/4x4,native-calibrated-v1,50000000,1,1,monotonic-batch
4,write-right+32x4+uniform+physical=4x4+work=write-right-v1+leftLayout=depth-rows-v1+rightLayout=depth-columns-v1+leftGroup=4+rightGroup=4+leftStride=4+rightStride=4+padding=zero+alignment=8+block=32x4x32+panel=32+diagonal=0+rhs=0+batch=1+variant=current-tile-v1+timing=layout-only,native/c/c-sparse/packed-4x4,5,2,1,4,353890,114398079,323.2588629235073,ns,ok,unsupported,layout-only,a038f25ac66821574b30392dc1d3b189cc287e2c,true,kotlin-native-2.4.10,1,3,200000000,write-right-v1+32x4+uniform,physical=4x4+leftLayout=depth-rows-v1+rightLayout=depth-columns-v1+leftGroup=4+rightGroup=4+leftStride=4+rightStride=4+padding=zero+alignment=8+block=32x4x32+panel=32+diagonal=0+rhs=0+batch=1+variant=current-tile-v1,panelDoubles=128,native/portable-layout-v1/4x4,native-calibrated-v1,50000000,1,1,monotonic-batch
4,write-right+32x4+uniform+physical=4x4+work=write-right-v1+leftLayout=depth-rows-v1+rightLayout=depth-columns-v1+leftGroup=4+rightGroup=4+leftStride=4+rightStride=4+padding=zero+alignment=8+block=32x4x32+panel=32+diagonal=0+rhs=0+batch=1+variant=current-tile-v1+timing=layout-only,native/c/c-sparse/packed-4x4,5,2,1,5,353890,113815778,321.6134335527989,ns,ok,unsupported,layout-only,a038f25ac66821574b30392dc1d3b189cc287e2c,true,kotlin-native-2.4.10,1,3,200000000,write-right-v1+32x4+uniform,physical=4x4+leftLayout=depth-rows-v1+rightLayout=depth-columns-v1+leftGroup=4+rightGroup=4+leftStride=4+rightStride=4+padding=zero+alignment=8+block=32x4x32+panel=32+diagonal=0+rhs=0+batch=1+variant=current-tile-v1,panelDoubles=128,native/portable-layout-v1/4x4,native-calibrated-v1,50000000,1,1,monotonic-batch
4,clear-left-padding+3x31+uniform+physical=4x4+work=clear-left-padding-v1+leftLayout=depth-rows-v1+rightLayout=depth-columns-v1+leftGroup=4+rightGroup=4+leftStride=4+rightStride=4+padding=zero+alignment=8+block=3x31x31+panel=31+diagonal=0+rhs=0+batch=1+variant=current-tile-v1+timing=layout-only,native/c/c-sparse/packed-4x4,5,2,1,1,522147,249836895,478.4799970123356,ns,ok,unsupported,layout-only,a038f25ac66821574b30392dc1d3b189cc287e2c,true,kotlin-native-2.4.10,1,3,200000000,clear-left-padding-v1+3x31+uniform,physical=4x4+leftLayout=depth-rows-v1+rightLayout=depth-columns-v1+leftGroup=4+rightGroup=4+leftStride=4+rightStride=4+padding=zero+alignment=8+block=3x31x31+panel=31+diagonal=0+rhs=0+batch=1+variant=current-tile-v1,panelDoubles=124,native/portable-layout-v1/4x4,native-calibrated-v1,50000000,1,1,monotonic-batch
4,clear-left-padding+3x31+uniform+physical=4x4+work=clear-left-padding-v1+leftLayout=depth-rows-v1+rightLayout=depth-columns-v1+leftGroup=4+rightGroup=4+leftStride=4+rightStride=4+padding=zero+alignment=8+block=3x31x31+panel=31+diagonal=0+rhs=0+batch=1+variant=current-tile-v1+timing=layout-only,native/c/c-sparse/packed-4x4,5,2,1,2,522147,185984496,356.19183103608754,ns,ok,unsupported,layout-only,a038f25ac66821574b30392dc1d3b189cc287e2c,true,kotlin-native-2.4.10,1,3,200000000,clear-left-padding-v1+3x31+uniform,physical=4x4+leftLayout=depth-rows-v1+rightLayout=depth-columns-v1+leftGroup=4+rightGroup=4+leftStride=4+rightStride=4+padding=zero+alignment=8+block=3x31x31+panel=31+diagonal=0+rhs=0+batch=1+variant=current-tile-v1,panelDoubles=124,native/portable-layout-v1/4x4,native-calibrated-v1,50000000,1,1,monotonic-batch
4,clear-left-padding+3x31+uniform+physical=4x4+work=clear-left-padding-v1+leftLayout=depth-rows-v1+rightLayout=depth-columns-v1+leftGroup=4+rightGroup=4+leftStride=4+rightStride=4+padding=zero+alignment=8+block=3x31x31+panel=31+diagonal=0+rhs=0+batch=1+variant=current-tile-v1+timing=layout-only,native/c/c-sparse/packed-4x4,5,2,1,3,522147,184166083,352.70926195113634,ns,ok,unsupported,layout-only,a038f25ac66821574b30392dc1d3b189cc287e2c,true,kotlin-native-2.4.10,1,3,200000000,clear-left-padding-v1+3x31+uniform,physical=4x4+leftLayout=depth-rows-v1+rightLayout=depth-columns-v1+leftGroup=4+rightGroup=4+leftStride=4+rightStride=4+padding=zero+alignment=8+block=3x31x31+panel=31+diagonal=0+rhs=0+batch=1+variant=current-tile-v1,panelDoubles=124,native/portable-layout-v1/4x4,native-calibrated-v1,50000000,1,1,monotonic-batch
4,clear-left-padding+3x31+uniform+physical=4x4+work=clear-left-padding-v1+leftLayout=depth-rows-v1+rightLayout=depth-columns-v1+leftGroup=4+rightGroup=4+leftStride=4+rightStride=4+padding=zero+alignment=8+block=3x31x31+panel=31+diagonal=0+rhs=0+batch=1+variant=current-tile-v1+timing=layout-only,native/c/c-sparse/packed-4x4,5,2,1,4,522147,214068280,409.9770371178997,ns,ok,unsupported,layout-only,a038f25ac66821574b30392dc1d3b189cc287e2c,true,kotlin-native-2.4.10,1,3,200000000,clear-left-padding-v1+3x31+uniform,physical=4x4+leftLayout=depth-rows-v1+rightLayout=depth-columns-v1+leftGroup=4+rightGroup=4+leftStride=4+rightStride=4+padding=zero+alignment=8+block=3x31x31+panel=31+diagonal=0+rhs=0+batch=1+variant=current-tile-v1,panelDoubles=124,native/portable-layout-v1/4x4,native-calibrated-v1,50000000,1,1,monotonic-batch
4,clear-left-padding+3x31+uniform+physical=4x4+work=clear-left-padding-v1+leftLayout=depth-rows-v1+rightLayout=depth-columns-v1+leftGroup=4+rightGroup=4+leftStride=4+rightStride=4+padding=zero+alignment=8+block=3x31x31+panel=31+diagonal=0+rhs=0+batch=1+variant=current-tile-v1+timing=layout-only,native/c/c-sparse/packed-4x4,5,2,1,5,522147,147602846,282.68446625184095,ns,ok,unsupported,layout-only,a038f25ac66821574b30392dc1d3b189cc287e2c,true,kotlin-native-2.4.10,1,3,200000000,clear-left-padding-v1+3x31+uniform,physical=4x4+leftLayout=depth-rows-v1+rightLayout=depth-columns-v1+leftGroup=4+rightGroup=4+leftStride=4+rightStride=4+padding=zero+alignment=8+block=3x31x31+panel=31+diagonal=0+rhs=0+batch=1+variant=current-tile-v1,panelDoubles=124,native/portable-layout-v1/4x4,native-calibrated-v1,50000000,1,1,monotonic-batch
4,clear-left-padding+4x32+uniform+physical=4x4+work=clear-left-padding-v1+leftLayout=depth-rows-v1+rightLayout=depth-columns-v1+leftGroup=4+rightGroup=4+leftStride=4+rightStride=4+padding=zero+alignment=8+block=4x32x32+panel=32+diagonal=0+rhs=0+batch=1+variant=current-tile-v1+timing=layout-only,native/c/c-sparse/packed-4x4,5,2,1,1,1000000,47293686,47.293686,ns,ok,unsupported,layout-only,a038f25ac66821574b30392dc1d3b189cc287e2c,true,kotlin-native-2.4.10,1,3,200000000,clear-left-padding-v1+4x32+uniform,physical=4x4+leftLayout=depth-rows-v1+rightLayout=depth-columns-v1+leftGroup=4+rightGroup=4+leftStride=4+rightStride=4+padding=zero+alignment=8+block=4x32x32+panel=32+diagonal=0+rhs=0+batch=1+variant=current-tile-v1,panelDoubles=128,native/portable-layout-v1/4x4,native-calibrated-v1,50000000,1,1,monotonic-batch
4,clear-left-padding+4x32+uniform+physical=4x4+work=clear-left-padding-v1+leftLayout=depth-rows-v1+rightLayout=depth-columns-v1+leftGroup=4+rightGroup=4+leftStride=4+rightStride=4+padding=zero+alignment=8+block=4x32x32+panel=32+diagonal=0+rhs=0+batch=1+variant=current-tile-v1+timing=layout-only,native/c/c-sparse/packed-4x4,5,2,1,2,1000000,50235782,50.235782,ns,ok,unsupported,layout-only,a038f25ac66821574b30392dc1d3b189cc287e2c,true,kotlin-native-2.4.10,1,3,200000000,clear-left-padding-v1+4x32+uniform,physical=4x4+leftLayout=depth-rows-v1+rightLayout=depth-columns-v1+leftGroup=4+rightGroup=4+leftStride=4+rightStride=4+padding=zero+alignment=8+block=4x32x32+panel=32+diagonal=0+rhs=0+batch=1+variant=current-tile-v1,panelDoubles=128,native/portable-layout-v1/4x4,native-calibrated-v1,50000000,1,1,monotonic-batch
4,clear-left-padding+4x32+uniform+physical=4x4+work=clear-left-padding-v1+leftLayout=depth-rows-v1+rightLayout=depth-columns-v1+leftGroup=4+rightGroup=4+leftStride=4+rightStride=4+padding=zero+alignment=8+block=4x32x32+panel=32+diagonal=0+rhs=0+batch=1+variant=current-tile-v1+timing=layout-only,native/c/c-sparse/packed-4x4,5,2,1,3,1000000,44663863,44.663863,ns,ok,unsupported,layout-only,a038f25ac66821574b30392dc1d3b189cc287e2c,true,kotlin-native-2.4.10,1,3,200000000,clear-left-padding-v1+4x32+uniform,physical=4x4+leftLayout=depth-rows-v1+rightLayout=depth-columns-v1+leftGroup=4+rightGroup=4+leftStride=4+rightStride=4+padding=zero+alignment=8+block=4x32x32+panel=32+diagonal=0+rhs=0+batch=1+variant=current-tile-v1,panelDoubles=128,native/portable-layout-v1/4x4,native-calibrated-v1,50000000,1,1,monotonic-batch
4,clear-left-padding+4x32+uniform+physical=4x4+work=clear-left-padding-v1+leftLayout=depth-rows-v1+rightLayout=depth-columns-v1+leftGroup=4+rightGroup=4+leftStride=4+rightStride=4+padding=zero+alignment=8+block=4x32x32+panel=32+diagonal=0+rhs=0+batch=1+variant=current-tile-v1+timing=layout-only,native/c/c-sparse/packed-4x4,5,2,1,4,1000000,46241813,46.241813,ns,ok,unsupported,layout-only,a038f25ac66821574b30392dc1d3b189cc287e2c,true,kotlin-native-2.4.10,1,3,200000000,clear-left-padding-v1+4x32+uniform,physical=4x4+leftLayout=depth-rows-v1+rightLayout=depth-columns-v1+leftGroup=4+rightGroup=4+leftStride=4+rightStride=4+padding=zero+alignment=8+block=4x32x32+panel=32+diagonal=0+rhs=0+batch=1+variant=current-tile-v1,panelDoubles=128,native/portable-layout-v1/4x4,native-calibrated-v1,50000000,1,1,monotonic-batch
4,clear-left-padding+4x32+uniform+physical=4x4+work=clear-left-padding-v1+leftLayout=depth-rows-v1+rightLayout=depth-columns-v1+leftGroup=4+rightGroup=4+leftStride=4+rightStride=4+padding=zero+alignment=8+block=4x32x32+panel=32+diagonal=0+rhs=0+batch=1+variant=current-tile-v1+timing=layout-only,native/c/c-sparse/packed-4x4,5,2,1,5,1000000,44791504,44.791504,ns,ok,unsupported,layout-only,a038f25ac66821574b30392dc1d3b189cc287e2c,true,kotlin-native-2.4.10,1,3,200000000,clear-left-padding-v1+4x32+uniform,physical=4x4+leftLayout=depth-rows-v1+rightLayout=depth-columns-v1+leftGroup=4+rightGroup=4+leftStride=4+rightStride=4+padding=zero+alignment=8+block=4x32x32+panel=32+diagonal=0+rhs=0+batch=1+variant=current-tile-v1,panelDoubles=128,native/portable-layout-v1/4x4,native-calibrated-v1,50000000,1,1,monotonic-batch
4,clear-right-padding+31x2+uniform+physical=4x4+work=clear-right-padding-v1+leftLayout=depth-rows-v1+rightLayout=depth-columns-v1+leftGroup=4+rightGroup=4+leftStride=4+rightStride=4+padding=zero+alignment=8+block=31x2x31+panel=31+diagonal=0+rhs=0+batch=1+variant=current-tile-v1+timing=layout-only,native/c/c-sparse/packed-4x4,5,2,1,1,972267,198822858,204.49409267207466,ns,ok,unsupported,layout-only,a038f25ac66821574b30392dc1d3b189cc287e2c,true,kotlin-native-2.4.10,1,3,200000000,clear-right-padding-v1+31x2+uniform,physical=4x4+leftLayout=depth-rows-v1+rightLayout=depth-columns-v1+leftGroup=4+rightGroup=4+leftStride=4+rightStride=4+padding=zero+alignment=8+block=31x2x31+panel=31+diagonal=0+rhs=0+batch=1+variant=current-tile-v1,panelDoubles=124,native/portable-layout-v1/4x4,native-calibrated-v1,50000000,1,1,monotonic-batch
4,clear-right-padding+31x2+uniform+physical=4x4+work=clear-right-padding-v1+leftLayout=depth-rows-v1+rightLayout=depth-columns-v1+leftGroup=4+rightGroup=4+leftStride=4+rightStride=4+padding=zero+alignment=8+block=31x2x31+panel=31+diagonal=0+rhs=0+batch=1+variant=current-tile-v1+timing=layout-only,native/c/c-sparse/packed-4x4,5,2,1,2,972267,198712858,204.38095502572853,ns,ok,unsupported,layout-only,a038f25ac66821574b30392dc1d3b189cc287e2c,true,kotlin-native-2.4.10,1,3,200000000,clear-right-padding-v1+31x2+uniform,physical=4x4+leftLayout=depth-rows-v1+rightLayout=depth-columns-v1+leftGroup=4+rightGroup=4+leftStride=4+rightStride=4+padding=zero+alignment=8+block=31x2x31+panel=31+diagonal=0+rhs=0+batch=1+variant=current-tile-v1,panelDoubles=124,native/portable-layout-v1/4x4,native-calibrated-v1,50000000,1,1,monotonic-batch
4,clear-right-padding+31x2+uniform+physical=4x4+work=clear-right-padding-v1+leftLayout=depth-rows-v1+rightLayout=depth-columns-v1+leftGroup=4+rightGroup=4+leftStride=4+rightStride=4+padding=zero+alignment=8+block=31x2x31+panel=31+diagonal=0+rhs=0+batch=1+variant=current-tile-v1+timing=layout-only,native/c/c-sparse/packed-4x4,5,2,1,3,972267,199730067,205.4271789539293,ns,ok,unsupported,layout-only,a038f25ac66821574b30392dc1d3b189cc287e2c,true,kotlin-native-2.4.10,1,3,200000000,clear-right-padding-v1+31x2+uniform,physical=4x4+leftLayout=depth-rows-v1+rightLayout=depth-columns-v1+leftGroup=4+rightGroup=4+leftStride=4+rightStride=4+padding=zero+alignment=8+block=31x2x31+panel=31+diagonal=0+rhs=0+batch=1+variant=current-tile-v1,panelDoubles=124,native/portable-layout-v1/4x4,native-calibrated-v1,50000000,1,1,monotonic-batch
4,clear-right-padding+31x2+uniform+physical=4x4+work=clear-right-padding-v1+leftLayout=depth-rows-v1+rightLayout=depth-columns-v1+leftGroup=4+rightGroup=4+leftStride=4+rightStride=4+padding=zero+alignment=8+block=31x2x31+panel=31+diagonal=0+rhs=0+batch=1+variant=current-tile-v1+timing=layout-only,native/c/c-sparse/packed-4x4,5,2,1,4,972267,207702467,213.62698415147278,ns,ok,unsupported,layout-only,a038f25ac66821574b30392dc1d3b189cc287e2c,true,kotlin-native-2.4.10,1,3,200000000,clear-right-padding-v1+31x2+uniform,physical=4x4+leftLayout=depth-rows-v1+rightLayout=depth-columns-v1+leftGroup=4+rightGroup=4+leftStride=4+rightStride=4+padding=zero+alignment=8+block=31x2x31+panel=31+diagonal=0+rhs=0+batch=1+variant=current-tile-v1,panelDoubles=124,native/portable-layout-v1/4x4,native-calibrated-v1,50000000,1,1,monotonic-batch
4,clear-right-padding+31x2+uniform+physical=4x4+work=clear-right-padding-v1+leftLayout=depth-rows-v1+rightLayout=depth-columns-v1+leftGroup=4+rightGroup=4+leftStride=4+rightStride=4+padding=zero+alignment=8+block=31x2x31+panel=31+diagonal=0+rhs=0+batch=1+variant=current-tile-v1+timing=layout-only,native/c/c-sparse/packed-4x4,5,2,1,5,972267,216489811,222.664978858688,ns,ok,unsupported,layout-only,a038f25ac66821574b30392dc1d3b189cc287e2c,true,kotlin-native-2.4.10,1,3,200000000,clear-right-padding-v1+31x2+uniform,physical=4x4+leftLayout=depth-rows-v1+rightLayout=depth-columns-v1+leftGroup=4+rightGroup=4+leftStride=4+rightStride=4+padding=zero+alignment=8+block=31x2x31+panel=31+diagonal=0+rhs=0+batch=1+variant=current-tile-v1,panelDoubles=124,native/portable-layout-v1/4x4,native-calibrated-v1,50000000,1,1,monotonic-batch
4,clear-right-padding+32x4+uniform+physical=4x4+work=clear-right-padding-v1+leftLayout=depth-rows-v1+rightLayout=depth-columns-v1+leftGroup=4+rightGroup=4+leftStride=4+rightStride=4+padding=zero+alignment=8+block=32x4x32+panel=32+diagonal=0+rhs=0+batch=1+variant=current-tile-v1+timing=layout-only,native/c/c-sparse/packed-4x4,5,2,1,1,1000000,54395447,54.395447,ns,ok,unsupported,layout-only,a038f25ac66821574b30392dc1d3b189cc287e2c,true,kotlin-native-2.4.10,1,3,200000000,clear-right-padding-v1+32x4+uniform,physical=4x4+leftLayout=depth-rows-v1+rightLayout=depth-columns-v1+leftGroup=4+rightGroup=4+leftStride=4+rightStride=4+padding=zero+alignment=8+block=32x4x32+panel=32+diagonal=0+rhs=0+batch=1+variant=current-tile-v1,panelDoubles=128,native/portable-layout-v1/4x4,native-calibrated-v1,50000000,1,1,monotonic-batch
4,clear-right-padding+32x4+uniform+physical=4x4+work=clear-right-padding-v1+leftLayout=depth-rows-v1+rightLayout=depth-columns-v1+leftGroup=4+rightGroup=4+leftStride=4+rightStride=4+padding=zero+alignment=8+block=32x4x32+panel=32+diagonal=0+rhs=0+batch=1+variant=current-tile-v1+timing=layout-only,native/c/c-sparse/packed-4x4,5,2,1,2,1000000,54797373,54.797373,ns,ok,unsupported,layout-only,a038f25ac66821574b30392dc1d3b189cc287e2c,true,kotlin-native-2.4.10,1,3,200000000,clear-right-padding-v1+32x4+uniform,physical=4x4+leftLayout=depth-rows-v1+rightLayout=depth-columns-v1+leftGroup=4+rightGroup=4+leftStride=4+rightStride=4+padding=zero+alignment=8+block=32x4x32+panel=32+diagonal=0+rhs=0+batch=1+variant=current-tile-v1,panelDoubles=128,native/portable-layout-v1/4x4,native-calibrated-v1,50000000,1,1,monotonic-batch
4,clear-right-padding+32x4+uniform+physical=4x4+work=clear-right-padding-v1+leftLayout=depth-rows-v1+rightLayout=depth-columns-v1+leftGroup=4+rightGroup=4+leftStride=4+rightStride=4+padding=zero+alignment=8+block=32x4x32+panel=32+diagonal=0+rhs=0+batch=1+variant=current-tile-v1+timing=layout-only,native/c/c-sparse/packed-4x4,5,2,1,3,1000000,54948494,54.948494,ns,ok,unsupported,layout-only,a038f25ac66821574b30392dc1d3b189cc287e2c,true,kotlin-native-2.4.10,1,3,200000000,clear-right-padding-v1+32x4+uniform,physical=4x4+leftLayout=depth-rows-v1+rightLayout=depth-columns-v1+leftGroup=4+rightGroup=4+leftStride=4+rightStride=4+padding=zero+alignment=8+block=32x4x32+panel=32+diagonal=0+rhs=0+batch=1+variant=current-tile-v1,panelDoubles=128,native/portable-layout-v1/4x4,native-calibrated-v1,50000000,1,1,monotonic-batch
4,clear-right-padding+32x4+uniform+physical=4x4+work=clear-right-padding-v1+leftLayout=depth-rows-v1+rightLayout=depth-columns-v1+leftGroup=4+rightGroup=4+leftStride=4+rightStride=4+padding=zero+alignment=8+block=32x4x32+panel=32+diagonal=0+rhs=0+batch=1+variant=current-tile-v1+timing=layout-only,native/c/c-sparse/packed-4x4,5,2,1,4,1000000,56452186,56.452186,ns,ok,unsupported,layout-only,a038f25ac66821574b30392dc1d3b189cc287e2c,true,kotlin-native-2.4.10,1,3,200000000,clear-right-padding-v1+32x4+uniform,physical=4x4+leftLayout=depth-rows-v1+rightLayout=depth-columns-v1+leftGroup=4+rightGroup=4+leftStride=4+rightStride=4+padding=zero+alignment=8+block=32x4x32+panel=32+diagonal=0+rhs=0+batch=1+variant=current-tile-v1,panelDoubles=128,native/portable-layout-v1/4x4,native-calibrated-v1,50000000,1,1,monotonic-batch
4,clear-right-padding+32x4+uniform+physical=4x4+work=clear-right-padding-v1+leftLayout=depth-rows-v1+rightLayout=depth-columns-v1+leftGroup=4+rightGroup=4+leftStride=4+rightStride=4+padding=zero+alignment=8+block=32x4x32+panel=32+diagonal=0+rhs=0+batch=1+variant=current-tile-v1+timing=layout-only,native/c/c-sparse/packed-4x4,5,2,1,5,1000000,55319923,55.319923,ns,ok,unsupported,layout-only,a038f25ac66821574b30392dc1d3b189cc287e2c,true,kotlin-native-2.4.10,1,3,200000000,clear-right-padding-v1+32x4+uniform,physical=4x4+leftLayout=depth-rows-v1+rightLayout=depth-columns-v1+leftGroup=4+rightGroup=4+leftStride=4+rightStride=4+padding=zero+alignment=8+block=32x4x32+panel=32+diagonal=0+rhs=0+batch=1+variant=current-tile-v1,panelDoubles=128,native/portable-layout-v1/4x4,native-calibrated-v1,50000000,1,1,monotonic-batch
4,pack-left+7x31+uniform+physical=8x4+work=pack-left-v1+leftLayout=depth-rows-v1+rightLayout=depth-columns-v1+leftGroup=8+rightGroup=4+leftStride=8+rightStride=4+padding=zero+alignment=8+block=7x31x31+panel=31+diagonal=0+rhs=0+batch=1+variant=current-tile-v1+timing=packing-only,native/c/c-sparse/packed-4x4,5,2,1,0,0,0,,ns,unsupported,unsupported,arithmetic,a038f25ac66821574b30392dc1d3b189cc287e2c,true,kotlin-native-2.4.10,1,3,200000000,pack-left-v1+7x31+uniform,physical=8x4+leftLayout=depth-rows-v1+rightLayout=depth-columns-v1+leftGroup=8+rightGroup=4+leftStride=8+rightStride=4+padding=zero+alignment=8+block=7x31x31+panel=31+diagonal=0+rhs=0+batch=1+variant=current-tile-v1,panelDoubles=248,unavailable,native-calibrated-v1,50000000,0,1,monotonic-batch
4,pack-left+8x32+uniform+physical=8x4+work=pack-left-v1+leftLayout=depth-rows-v1+rightLayout=depth-columns-v1+leftGroup=8+rightGroup=4+leftStride=8+rightStride=4+padding=zero+alignment=8+block=8x32x32+panel=32+diagonal=0+rhs=0+batch=1+variant=current-tile-v1+timing=packing-only,native/c/c-sparse/packed-4x4,5,2,1,0,0,0,,ns,unsupported,unsupported,arithmetic,a038f25ac66821574b30392dc1d3b189cc287e2c,true,kotlin-native-2.4.10,1,3,200000000,pack-left-v1+8x32+uniform,physical=8x4+leftLayout=depth-rows-v1+rightLayout=depth-columns-v1+leftGroup=8+rightGroup=4+leftStride=8+rightStride=4+padding=zero+alignment=8+block=8x32x32+panel=32+diagonal=0+rhs=0+batch=1+variant=current-tile-v1,panelDoubles=256,unavailable,native-calibrated-v1,50000000,0,1,monotonic-batch
4,pack-right+31x2+uniform+physical=8x4+work=pack-right-v1+leftLayout=depth-rows-v1+rightLayout=depth-columns-v1+leftGroup=8+rightGroup=4+leftStride=8+rightStride=4+padding=zero+alignment=8+block=31x2x31+panel=31+diagonal=0+rhs=0+batch=1+variant=current-tile-v1+timing=packing-only,native/c/c-sparse/packed-4x4,5,2,1,0,0,0,,ns,unsupported,unsupported,arithmetic,a038f25ac66821574b30392dc1d3b189cc287e2c,true,kotlin-native-2.4.10,1,3,200000000,pack-right-v1+31x2+uniform,physical=8x4+leftLayout=depth-rows-v1+rightLayout=depth-columns-v1+leftGroup=8+rightGroup=4+leftStride=8+rightStride=4+padding=zero+alignment=8+block=31x2x31+panel=31+diagonal=0+rhs=0+batch=1+variant=current-tile-v1,panelDoubles=124,unavailable,native-calibrated-v1,50000000,0,1,monotonic-batch
4,pack-right+32x4+uniform+physical=8x4+work=pack-right-v1+leftLayout=depth-rows-v1+rightLayout=depth-columns-v1+leftGroup=8+rightGroup=4+leftStride=8+rightStride=4+padding=zero+alignment=8+block=32x4x32+panel=32+diagonal=0+rhs=0+batch=1+variant=current-tile-v1+timing=packing-only,native/c/c-sparse/packed-4x4,5,2,1,0,0,0,,ns,unsupported,unsupported,arithmetic,a038f25ac66821574b30392dc1d3b189cc287e2c,true,kotlin-native-2.4.10,1,3,200000000,pack-right-v1+32x4+uniform,physical=8x4+leftLayout=depth-rows-v1+rightLayout=depth-columns-v1+leftGroup=8+rightGroup=4+leftStride=8+rightStride=4+padding=zero+alignment=8+block=32x4x32+panel=32+diagonal=0+rhs=0+batch=1+variant=current-tile-v1,panelDoubles=128,unavailable,native-calibrated-v1,50000000,0,1,monotonic-batch
4,pack-symmetric-left+8x8+uniform+physical=8x4+uplo=L+work=pack-symmetric-left-v1+leftLayout=depth-rows-v1+rightLayout=depth-columns-v1+leftGroup=8+rightGroup=4+leftStride=8+rightStride=4+padding=zero+alignment=8+block=8x8x8+panel=8+diagonal=0+rhs=0+batch=1+variant=current-tile-v1+timing=packing-only,native/c/c-sparse/packed-4x4,5,2,1,0,0,0,,ns,unsupported,unsupported,arithmetic,a038f25ac66821574b30392dc1d3b189cc287e2c,true,kotlin-native-2.4.10,1,3,200000000,pack-symmetric-left-v1+8x8+uniform+uplo=L,physical=8x4+leftLayout=depth-rows-v1+rightLayout=depth-columns-v1+leftGroup=8+rightGroup=4+leftStride=8+rightStride=4+padding=zero+alignment=8+block=8x8x8+panel=8+diagonal=0+rhs=0+batch=1+variant=current-tile-v1,panelDoubles=64,unavailable,native-calibrated-v1,50000000,0,1,monotonic-batch
4,pack-symmetric-right+4x4+uniform+physical=8x4+uplo=U+work=pack-symmetric-right-v1+leftLayout=depth-rows-v1+rightLayout=depth-columns-v1+leftGroup=8+rightGroup=4+leftStride=8+rightStride=4+padding=zero+alignment=8+block=4x4x4+panel=4+diagonal=0+rhs=0+batch=1+variant=current-tile-v1+timing=packing-only,native/c/c-sparse/packed-4x4,5,2,1,0,0,0,,ns,unsupported,unsupported,arithmetic,a038f25ac66821574b30392dc1d3b189cc287e2c,true,kotlin-native-2.4.10,1,3,200000000,pack-symmetric-right-v1+4x4+uniform+uplo=U,physical=8x4+leftLayout=depth-rows-v1+rightLayout=depth-columns-v1+leftGroup=8+rightGroup=4+leftStride=8+rightStride=4+padding=zero+alignment=8+block=4x4x4+panel=4+diagonal=0+rhs=0+batch=1+variant=current-tile-v1,panelDoubles=16,unavailable,native-calibrated-v1,50000000,0,1,monotonic-batch
4,pack-triangular-left+8x8+triangular+physical=8x4+uplo=L+diag=N+work=pack-triangular-left-v1+leftLayout=depth-rows-v1+rightLayout=depth-columns-v1+leftGroup=8+rightGroup=4+leftStride=8+rightStride=4+padding=zero+alignment=8+block=8x8x8+panel=8+diagonal=0+rhs=0+batch=1+variant=current-tile-v1+timing=packing-only,native/c/c-sparse/packed-4x4,5,2,1,0,0,0,,ns,unsupported,unsupported,arithmetic,a038f25ac66821574b30392dc1d3b189cc287e2c,true,kotlin-native-2.4.10,1,3,200000000,pack-triangular-left-v1+8x8+triangular+uplo=L+diag=N,physical=8x4+leftLayout=depth-rows-v1+rightLayout=depth-columns-v1+leftGroup=8+rightGroup=4+leftStride=8+rightStride=4+padding=zero+alignment=8+block=8x8x8+panel=8+diagonal=0+rhs=0+batch=1+variant=current-tile-v1,panelDoubles=64,unavailable,native-calibrated-v1,50000000,0,1,monotonic-batch
4,pack-triangular-right+4x4+triangular+physical=8x4+uplo=U+diag=U+work=pack-triangular-right-v1+leftLayout=depth-rows-v1+rightLayout=depth-columns-v1+leftGroup=8+rightGroup=4+leftStride=8+rightStride=4+padding=zero+alignment=8+block=4x4x4+panel=4+diagonal=0+rhs=0+batch=1+variant=current-tile-v1+timing=packing-only,native/c/c-sparse/packed-4x4,5,2,1,0,0,0,,ns,unsupported,unsupported,arithmetic,a038f25ac66821574b30392dc1d3b189cc287e2c,true,kotlin-native-2.4.10,1,3,200000000,pack-triangular-right-v1+4x4+triangular+uplo=U+diag=U,physical=8x4+leftLayout=depth-rows-v1+rightLayout=depth-columns-v1+leftGroup=8+rightGroup=4+leftStride=8+rightStride=4+padding=zero+alignment=8+block=4x4x4+panel=4+diagonal=0+rhs=0+batch=1+variant=current-tile-v1,panelDoubles=16,unavailable,native-calibrated-v1,50000000,0,1,monotonic-batch
4,write-left+7x31+uniform+physical=8x4+work=write-left-v1+leftLayout=depth-rows-v1+rightLayout=depth-columns-v1+leftGroup=8+rightGroup=4+leftStride=8+rightStride=4+padding=zero+alignment=8+block=7x31x31+panel=31+diagonal=0+rhs=0+batch=1+variant=current-tile-v1+timing=layout-only,native/c/c-sparse/packed-4x4,5,2,1,0,0,0,,ns,unsupported,unsupported,arithmetic,a038f25ac66821574b30392dc1d3b189cc287e2c,true,kotlin-native-2.4.10,1,3,200000000,write-left-v1+7x31+uniform,physical=8x4+leftLayout=depth-rows-v1+rightLayout=depth-columns-v1+leftGroup=8+rightGroup=4+leftStride=8+rightStride=4+padding=zero+alignment=8+block=7x31x31+panel=31+diagonal=0+rhs=0+batch=1+variant=current-tile-v1,panelDoubles=248,unavailable,native-calibrated-v1,50000000,0,1,monotonic-batch
4,write-left+8x32+uniform+physical=8x4+work=write-left-v1+leftLayout=depth-rows-v1+rightLayout=depth-columns-v1+leftGroup=8+rightGroup=4+leftStride=8+rightStride=4+padding=zero+alignment=8+block=8x32x32+panel=32+diagonal=0+rhs=0+batch=1+variant=current-tile-v1+timing=layout-only,native/c/c-sparse/packed-4x4,5,2,1,0,0,0,,ns,unsupported,unsupported,arithmetic,a038f25ac66821574b30392dc1d3b189cc287e2c,true,kotlin-native-2.4.10,1,3,200000000,write-left-v1+8x32+uniform,physical=8x4+leftLayout=depth-rows-v1+rightLayout=depth-columns-v1+leftGroup=8+rightGroup=4+leftStride=8+rightStride=4+padding=zero+alignment=8+block=8x32x32+panel=32+diagonal=0+rhs=0+batch=1+variant=current-tile-v1,panelDoubles=256,unavailable,native-calibrated-v1,50000000,0,1,monotonic-batch
4,write-right+31x2+uniform+physical=8x4+work=write-right-v1+leftLayout=depth-rows-v1+rightLayout=depth-columns-v1+leftGroup=8+rightGroup=4+leftStride=8+rightStride=4+padding=zero+alignment=8+block=31x2x31+panel=31+diagonal=0+rhs=0+batch=1+variant=current-tile-v1+timing=layout-only,native/c/c-sparse/packed-4x4,5,2,1,0,0,0,,ns,unsupported,unsupported,arithmetic,a038f25ac66821574b30392dc1d3b189cc287e2c,true,kotlin-native-2.4.10,1,3,200000000,write-right-v1+31x2+uniform,physical=8x4+leftLayout=depth-rows-v1+rightLayout=depth-columns-v1+leftGroup=8+rightGroup=4+leftStride=8+rightStride=4+padding=zero+alignment=8+block=31x2x31+panel=31+diagonal=0+rhs=0+batch=1+variant=current-tile-v1,panelDoubles=124,unavailable,native-calibrated-v1,50000000,0,1,monotonic-batch
4,write-right+32x4+uniform+physical=8x4+work=write-right-v1+leftLayout=depth-rows-v1+rightLayout=depth-columns-v1+leftGroup=8+rightGroup=4+leftStride=8+rightStride=4+padding=zero+alignment=8+block=32x4x32+panel=32+diagonal=0+rhs=0+batch=1+variant=current-tile-v1+timing=layout-only,native/c/c-sparse/packed-4x4,5,2,1,0,0,0,,ns,unsupported,unsupported,arithmetic,a038f25ac66821574b30392dc1d3b189cc287e2c,true,kotlin-native-2.4.10,1,3,200000000,write-right-v1+32x4+uniform,physical=8x4+leftLayout=depth-rows-v1+rightLayout=depth-columns-v1+leftGroup=8+rightGroup=4+leftStride=8+rightStride=4+padding=zero+alignment=8+block=32x4x32+panel=32+diagonal=0+rhs=0+batch=1+variant=current-tile-v1,panelDoubles=128,unavailable,native-calibrated-v1,50000000,0,1,monotonic-batch
4,clear-left-padding+7x31+uniform+physical=8x4+work=clear-left-padding-v1+leftLayout=depth-rows-v1+rightLayout=depth-columns-v1+leftGroup=8+rightGroup=4+leftStride=8+rightStride=4+padding=zero+alignment=8+block=7x31x31+panel=31+diagonal=0+rhs=0+batch=1+variant=current-tile-v1+timing=layout-only,native/c/c-sparse/packed-4x4,5,2,1,0,0,0,,ns,unsupported,unsupported,arithmetic,a038f25ac66821574b30392dc1d3b189cc287e2c,true,kotlin-native-2.4.10,1,3,200000000,clear-left-padding-v1+7x31+uniform,physical=8x4+leftLayout=depth-rows-v1+rightLayout=depth-columns-v1+leftGroup=8+rightGroup=4+leftStride=8+rightStride=4+padding=zero+alignment=8+block=7x31x31+panel=31+diagonal=0+rhs=0+batch=1+variant=current-tile-v1,panelDoubles=248,unavailable,native-calibrated-v1,50000000,0,1,monotonic-batch
4,clear-left-padding+8x32+uniform+physical=8x4+work=clear-left-padding-v1+leftLayout=depth-rows-v1+rightLayout=depth-columns-v1+leftGroup=8+rightGroup=4+leftStride=8+rightStride=4+padding=zero+alignment=8+block=8x32x32+panel=32+diagonal=0+rhs=0+batch=1+variant=current-tile-v1+timing=layout-only,native/c/c-sparse/packed-4x4,5,2,1,0,0,0,,ns,unsupported,unsupported,arithmetic,a038f25ac66821574b30392dc1d3b189cc287e2c,true,kotlin-native-2.4.10,1,3,200000000,clear-left-padding-v1+8x32+uniform,physical=8x4+leftLayout=depth-rows-v1+rightLayout=depth-columns-v1+leftGroup=8+rightGroup=4+leftStride=8+rightStride=4+padding=zero+alignment=8+block=8x32x32+panel=32+diagonal=0+rhs=0+batch=1+variant=current-tile-v1,panelDoubles=256,unavailable,native-calibrated-v1,50000000,0,1,monotonic-batch
4,clear-right-padding+31x2+uniform+physical=8x4+work=clear-right-padding-v1+leftLayout=depth-rows-v1+rightLayout=depth-columns-v1+leftGroup=8+rightGroup=4+leftStride=8+rightStride=4+padding=zero+alignment=8+block=31x2x31+panel=31+diagonal=0+rhs=0+batch=1+variant=current-tile-v1+timing=layout-only,native/c/c-sparse/packed-4x4,5,2,1,0,0,0,,ns,unsupported,unsupported,arithmetic,a038f25ac66821574b30392dc1d3b189cc287e2c,true,kotlin-native-2.4.10,1,3,200000000,clear-right-padding-v1+31x2+uniform,physical=8x4+leftLayout=depth-rows-v1+rightLayout=depth-columns-v1+leftGroup=8+rightGroup=4+leftStride=8+rightStride=4+padding=zero+alignment=8+block=31x2x31+panel=31+diagonal=0+rhs=0+batch=1+variant=current-tile-v1,panelDoubles=124,unavailable,native-calibrated-v1,50000000,0,1,monotonic-batch
4,clear-right-padding+32x4+uniform+physical=8x4+work=clear-right-padding-v1+leftLayout=depth-rows-v1+rightLayout=depth-columns-v1+leftGroup=8+rightGroup=4+leftStride=8+rightStride=4+padding=zero+alignment=8+block=32x4x32+panel=32+diagonal=0+rhs=0+batch=1+variant=current-tile-v1+timing=layout-only,native/c/c-sparse/packed-4x4,5,2,1,0,0,0,,ns,unsupported,unsupported,arithmetic,a038f25ac66821574b30392dc1d3b189cc287e2c,true,kotlin-native-2.4.10,1,3,200000000,clear-right-padding-v1+32x4+uniform,physical=8x4+leftLayout=depth-rows-v1+rightLayout=depth-columns-v1+leftGroup=8+rightGroup=4+leftStride=8+rightStride=4+padding=zero+alignment=8+block=32x4x32+panel=32+diagonal=0+rhs=0+batch=1+variant=current-tile-v1,panelDoubles=128,unavailable,native-calibrated-v1,50000000,0,1,monotonic-batch
4,spdot+4096+sparse-uniform+density=0.01,native/c/c-sparse/packed-4x4,5,2,1,1,1000000,50789404,50.789404,ns,ok,direct,arithmetic,a038f25ac66821574b30392dc1d3b189cc287e2c,true,kotlin-native-2.4.10,1,3,200000000,spdot-v1+4096+sparse-uniform+density=0.01,policy-v1,policy,native/policy-v1,native-calibrated-v1,50000000,1,1,monotonic-batch
4,spdot+4096+sparse-uniform+density=0.01,native/c/c-sparse/packed-4x4,5,2,1,2,1000000,60147258,60.147258,ns,ok,direct,arithmetic,a038f25ac66821574b30392dc1d3b189cc287e2c,true,kotlin-native-2.4.10,1,3,200000000,spdot-v1+4096+sparse-uniform+density=0.01,policy-v1,policy,native/policy-v1,native-calibrated-v1,50000000,1,1,monotonic-batch
4,spdot+4096+sparse-uniform+density=0.01,native/c/c-sparse/packed-4x4,5,2,1,3,1000000,70438731,70.438731,ns,ok,direct,arithmetic,a038f25ac66821574b30392dc1d3b189cc287e2c,true,kotlin-native-2.4.10,1,3,200000000,spdot-v1+4096+sparse-uniform+density=0.01,policy-v1,policy,native/policy-v1,native-calibrated-v1,50000000,1,1,monotonic-batch
4,spdot+4096+sparse-uniform+density=0.01,native/c/c-sparse/packed-4x4,5,2,1,4,1000000,66843709,66.843709,ns,ok,direct,arithmetic,a038f25ac66821574b30392dc1d3b189cc287e2c,true,kotlin-native-2.4.10,1,3,200000000,spdot-v1+4096+sparse-uniform+density=0.01,policy-v1,policy,native/policy-v1,native-calibrated-v1,50000000,1,1,monotonic-batch
4,spdot+4096+sparse-uniform+density=0.01,native/c/c-sparse/packed-4x4,5,2,1,5,1000000,74001405,74.001405,ns,ok,direct,arithmetic,a038f25ac66821574b30392dc1d3b189cc287e2c,true,kotlin-native-2.4.10,1,3,200000000,spdot-v1+4096+sparse-uniform+density=0.01,policy-v1,policy,native/policy-v1,native-calibrated-v1,50000000,1,1,monotonic-batch
4,spdot-raw+64+sparse-uniform+density=0.125,native/c/c-sparse/packed-4x4,5,2,1,1,1000000,34864613,34.864613,ns,ok,unsupported,arithmetic,a038f25ac66821574b30392dc1d3b189cc287e2c,true,kotlin-native-2.4.10,1,3,200000000,spdot-raw-v1+64+sparse-uniform+density=0.125,policy-v1,policy,native/policy-v1,native-calibrated-v1,50000000,1,1,monotonic-batch
4,spdot-raw+64+sparse-uniform+density=0.125,native/c/c-sparse/packed-4x4,5,2,1,2,1000000,41256704,41.256704,ns,ok,unsupported,arithmetic,a038f25ac66821574b30392dc1d3b189cc287e2c,true,kotlin-native-2.4.10,1,3,200000000,spdot-raw-v1+64+sparse-uniform+density=0.125,policy-v1,policy,native/policy-v1,native-calibrated-v1,50000000,1,1,monotonic-batch
4,spdot-raw+64+sparse-uniform+density=0.125,native/c/c-sparse/packed-4x4,5,2,1,3,1000000,32798109,32.798109,ns,ok,unsupported,arithmetic,a038f25ac66821574b30392dc1d3b189cc287e2c,true,kotlin-native-2.4.10,1,3,200000000,spdot-raw-v1+64+sparse-uniform+density=0.125,policy-v1,policy,native/policy-v1,native-calibrated-v1,50000000,1,1,monotonic-batch
4,spdot-raw+64+sparse-uniform+density=0.125,native/c/c-sparse/packed-4x4,5,2,1,4,1000000,32090781,32.090781,ns,ok,unsupported,arithmetic,a038f25ac66821574b30392dc1d3b189cc287e2c,true,kotlin-native-2.4.10,1,3,200000000,spdot-raw-v1+64+sparse-uniform+density=0.125,policy-v1,policy,native/policy-v1,native-calibrated-v1,50000000,1,1,monotonic-batch
4,spdot-raw+64+sparse-uniform+density=0.125,native/c/c-sparse/packed-4x4,5,2,1,5,1000000,31465980,31.46598,ns,ok,unsupported,arithmetic,a038f25ac66821574b30392dc1d3b189cc287e2c,true,kotlin-native-2.4.10,1,3,200000000,spdot-raw-v1+64+sparse-uniform+density=0.125,policy-v1,policy,native/policy-v1,native-calibrated-v1,50000000,1,1,monotonic-batch
4,spdot-raw+4096+sparse-uniform+density=0.0625,native/c/c-sparse/packed-4x4,5,2,1,1,613389,194802007,317.58314381249096,ns,ok,unsupported,arithmetic,a038f25ac66821574b30392dc1d3b189cc287e2c,true,kotlin-native-2.4.10,1,3,200000000,spdot-raw-v1+4096+sparse-uniform+density=0.0625,policy-v1,policy,native/policy-v1,native-calibrated-v1,50000000,1,1,monotonic-batch
4,spdot-raw+4096+sparse-uniform+density=0.0625,native/c/c-sparse/packed-4x4,5,2,1,2,613389,195872877,319.32896905552593,ns,ok,unsupported,arithmetic,a038f25ac66821574b30392dc1d3b189cc287e2c,true,kotlin-native-2.4.10,1,3,200000000,spdot-raw-v1+4096+sparse-uniform+density=0.0625,policy-v1,policy,native/policy-v1,native-calibrated-v1,50000000,1,1,monotonic-batch
4,spdot-raw+4096+sparse-uniform+density=0.0625,native/c/c-sparse/packed-4x4,5,2,1,3,613389,193767178,315.89607573660436,ns,ok,unsupported,arithmetic,a038f25ac66821574b30392dc1d3b189cc287e2c,true,kotlin-native-2.4.10,1,3,200000000,spdot-raw-v1+4096+sparse-uniform+density=0.0625,policy-v1,policy,native/policy-v1,native-calibrated-v1,50000000,1,1,monotonic-batch
4,spdot-raw+4096+sparse-uniform+density=0.0625,native/c/c-sparse/packed-4x4,5,2,1,4,613389,193803219,315.95483290375273,ns,ok,unsupported,arithmetic,a038f25ac66821574b30392dc1d3b189cc287e2c,true,kotlin-native-2.4.10,1,3,200000000,spdot-raw-v1+4096+sparse-uniform+density=0.0625,policy-v1,policy,native/policy-v1,native-calibrated-v1,50000000,1,1,monotonic-batch
4,spdot-raw+4096+sparse-uniform+density=0.0625,native/c/c-sparse/packed-4x4,5,2,1,5,613389,185024636,301.6432247725342,ns,ok,unsupported,arithmetic,a038f25ac66821574b30392dc1d3b189cc287e2c,true,kotlin-native-2.4.10,1,3,200000000,spdot-raw-v1+4096+sparse-uniform+density=0.0625,policy-v1,policy,native/policy-v1,native-calibrated-v1,50000000,1,1,monotonic-batch
4,spdot-raw+65536+sparse-uniform+density=0.015625,native/c/c-sparse/packed-4x4,5,2,1,1,155977,203846267,1306.8995236477174,ns,ok,unsupported,arithmetic,a038f25ac66821574b30392dc1d3b189cc287e2c,true,kotlin-native-2.4.10,1,3,200000000,spdot-raw-v1+65536+sparse-uniform+density=0.015625,policy-v1,policy,native/policy-v1,native-calibrated-v1,50000000,1,1,monotonic-batch
4,spdot-raw+65536+sparse-uniform+density=0.015625,native/c/c-sparse/packed-4x4,5,2,1,2,155977,200175506,1283.3655346621617,ns,ok,unsupported,arithmetic,a038f25ac66821574b30392dc1d3b189cc287e2c,true,kotlin-native-2.4.10,1,3,200000000,spdot-raw-v1+65536+sparse-uniform+density=0.015625,policy-v1,policy,native/policy-v1,native-calibrated-v1,50000000,1,1,monotonic-batch
4,spdot-raw+65536+sparse-uniform+density=0.015625,native/c/c-sparse/packed-4x4,5,2,1,3,155977,199377940,1278.252178205761,ns,ok,unsupported,arithmetic,a038f25ac66821574b30392dc1d3b189cc287e2c,true,kotlin-native-2.4.10,1,3,200000000,spdot-raw-v1+65536+sparse-uniform+density=0.015625,policy-v1,policy,native/policy-v1,native-calibrated-v1,50000000,1,1,monotonic-batch
4,spdot-raw+65536+sparse-uniform+density=0.015625,native/c/c-sparse/packed-4x4,5,2,1,4,155977,200512024,1285.5230194195299,ns,ok,unsupported,arithmetic,a038f25ac66821574b30392dc1d3b189cc287e2c,true,kotlin-native-2.4.10,1,3,200000000,spdot-raw-v1+65536+sparse-uniform+density=0.015625,policy-v1,policy,native/policy-v1,native-calibrated-v1,50000000,1,1,monotonic-batch
4,spdot-raw+65536+sparse-uniform+density=0.015625,native/c/c-sparse/packed-4x4,5,2,1,5,155977,201165354,1289.711649794521,ns,ok,unsupported,arithmetic,a038f25ac66821574b30392dc1d3b189cc287e2c,true,kotlin-native-2.4.10,1,3,200000000,spdot-raw-v1+65536+sparse-uniform+density=0.015625,policy-v1,policy,native/policy-v1,native-calibrated-v1,50000000,1,1,monotonic-batch
4,spdot-raw+262144+sparse-uniform+density=0.03125,native/c/c-sparse/packed-4x4,5,2,1,1,20021,197240600,9851.685729983517,ns,ok,unsupported,arithmetic,a038f25ac66821574b30392dc1d3b189cc287e2c,true,kotlin-native-2.4.10,1,3,200000000,spdot-raw-v1+262144+sparse-uniform+density=0.03125,policy-v1,policy,native/policy-v1,native-calibrated-v1,50000000,1,1,monotonic-batch
4,spdot-raw+262144+sparse-uniform+density=0.03125,native/c/c-sparse/packed-4x4,5,2,1,2,20021,194626868,9721.136206982668,ns,ok,unsupported,arithmetic,a038f25ac66821574b30392dc1d3b189cc287e2c,true,kotlin-native-2.4.10,1,3,200000000,spdot-raw-v1+262144+sparse-uniform+density=0.03125,policy-v1,policy,native/policy-v1,native-calibrated-v1,50000000,1,1,monotonic-batch
4,spdot-raw+262144+sparse-uniform+density=0.03125,native/c/c-sparse/packed-4x4,5,2,1,3,20021,225331058,11254.73542780081,ns,ok,unsupported,arithmetic,a038f25ac66821574b30392dc1d3b189cc287e2c,true,kotlin-native-2.4.10,1,3,200000000,spdot-raw-v1+262144+sparse-uniform+density=0.03125,policy-v1,policy,native/policy-v1,native-calibrated-v1,50000000,1,1,monotonic-batch
4,spdot-raw+262144+sparse-uniform+density=0.03125,native/c/c-sparse/packed-4x4,5,2,1,4,20021,192913143,9635.539833175166,ns,ok,unsupported,arithmetic,a038f25ac66821574b30392dc1d3b189cc287e2c,true,kotlin-native-2.4.10,1,3,200000000,spdot-raw-v1+262144+sparse-uniform+density=0.03125,policy-v1,policy,native/policy-v1,native-calibrated-v1,50000000,1,1,monotonic-batch
4,spdot-raw+262144+sparse-uniform+density=0.03125,native/c/c-sparse/packed-4x4,5,2,1,5,20021,208159767,10397.071425003745,ns,ok,unsupported,arithmetic,a038f25ac66821574b30392dc1d3b189cc287e2c,true,kotlin-native-2.4.10,1,3,200000000,spdot-raw-v1+262144+sparse-uniform+density=0.03125,policy-v1,policy,native/policy-v1,native-calibrated-v1,50000000,1,1,monotonic-batch
4,spdot-sparse+4096+sparse-uniform+density=0.01,native/c/c-sparse/packed-4x4,5,2,1,1,1000000,106098534,106.098534,ns,ok,unsupported,arithmetic,a038f25ac66821574b30392dc1d3b189cc287e2c,true,kotlin-native-2.4.10,1,3,200000000,spdot-sparse-v1+4096+sparse-uniform+density=0.01,policy-v1,policy,native/policy-v1,native-calibrated-v1,50000000,1,1,monotonic-batch
4,spdot-sparse+4096+sparse-uniform+density=0.01,native/c/c-sparse/packed-4x4,5,2,1,2,1000000,96965126,96.965126,ns,ok,unsupported,arithmetic,a038f25ac66821574b30392dc1d3b189cc287e2c,true,kotlin-native-2.4.10,1,3,200000000,spdot-sparse-v1+4096+sparse-uniform+density=0.01,policy-v1,policy,native/policy-v1,native-calibrated-v1,50000000,1,1,monotonic-batch
4,spdot-sparse+4096+sparse-uniform+density=0.01,native/c/c-sparse/packed-4x4,5,2,1,3,1000000,95509074,95.509074,ns,ok,unsupported,arithmetic,a038f25ac66821574b30392dc1d3b189cc287e2c,true,kotlin-native-2.4.10,1,3,200000000,spdot-sparse-v1+4096+sparse-uniform+density=0.01,policy-v1,policy,native/policy-v1,native-calibrated-v1,50000000,1,1,monotonic-batch
4,spdot-sparse+4096+sparse-uniform+density=0.01,native/c/c-sparse/packed-4x4,5,2,1,4,1000000,104602516,104.602516,ns,ok,unsupported,arithmetic,a038f25ac66821574b30392dc1d3b189cc287e2c,true,kotlin-native-2.4.10,1,3,200000000,spdot-sparse-v1+4096+sparse-uniform+density=0.01,policy-v1,policy,native/policy-v1,native-calibrated-v1,50000000,1,1,monotonic-batch
4,spdot-sparse+4096+sparse-uniform+density=0.01,native/c/c-sparse/packed-4x4,5,2,1,5,1000000,108024244,108.024244,ns,ok,unsupported,arithmetic,a038f25ac66821574b30392dc1d3b189cc287e2c,true,kotlin-native-2.4.10,1,3,200000000,spdot-sparse-v1+4096+sparse-uniform+density=0.01,policy-v1,policy,native/policy-v1,native-calibrated-v1,50000000,1,1,monotonic-batch
4,spaxpy+4096+sparse-uniform+density=0.01,native/c/c-sparse/packed-4x4,5,2,1,1,324934,211672547,651.4324355099805,ns,ok,direct,reset-and-arithmetic,a038f25ac66821574b30392dc1d3b189cc287e2c,true,kotlin-native-2.4.10,1,3,200000000,spaxpy-v1+4096+sparse-uniform+density=0.01,policy-v1,policy,native/policy-v1,native-calibrated-v1,50000000,1,1,monotonic-batch
4,spaxpy+4096+sparse-uniform+density=0.01,native/c/c-sparse/packed-4x4,5,2,1,2,324934,209255767,643.9946789194113,ns,ok,direct,reset-and-arithmetic,a038f25ac66821574b30392dc1d3b189cc287e2c,true,kotlin-native-2.4.10,1,3,200000000,spaxpy-v1+4096+sparse-uniform+density=0.01,policy-v1,policy,native/policy-v1,native-calibrated-v1,50000000,1,1,monotonic-batch
4,spaxpy+4096+sparse-uniform+density=0.01,native/c/c-sparse/packed-4x4,5,2,1,3,324934,207445379,638.4231228495632,ns,ok,direct,reset-and-arithmetic,a038f25ac66821574b30392dc1d3b189cc287e2c,true,kotlin-native-2.4.10,1,3,200000000,spaxpy-v1+4096+sparse-uniform+density=0.01,policy-v1,policy,native/policy-v1,native-calibrated-v1,50000000,1,1,monotonic-batch
4,spaxpy+4096+sparse-uniform+density=0.01,native/c/c-sparse/packed-4x4,5,2,1,4,324934,207553047,638.7544762936474,ns,ok,direct,reset-and-arithmetic,a038f25ac66821574b30392dc1d3b189cc287e2c,true,kotlin-native-2.4.10,1,3,200000000,spaxpy-v1+4096+sparse-uniform+density=0.01,policy-v1,policy,native/policy-v1,native-calibrated-v1,50000000,1,1,monotonic-batch
4,spaxpy+4096+sparse-uniform+density=0.01,native/c/c-sparse/packed-4x4,5,2,1,5,324934,206641357,635.9487065065521,ns,ok,direct,reset-and-arithmetic,a038f25ac66821574b30392dc1d3b189cc287e2c,true,kotlin-native-2.4.10,1,3,200000000,spaxpy-v1+4096+sparse-uniform+density=0.01,policy-v1,policy,native/policy-v1,native-calibrated-v1,50000000,1,1,monotonic-batch
4,spaxpy-raw+64+sparse-uniform+density=0.125,native/c/c-sparse/packed-4x4,5,2,1,1,1000000,99745843,99.745843,ns,ok,unsupported,reset-and-arithmetic,a038f25ac66821574b30392dc1d3b189cc287e2c,true,kotlin-native-2.4.10,1,3,200000000,spaxpy-raw-v1+64+sparse-uniform+density=0.125,policy-v1,policy,native/policy-v1,native-calibrated-v1,50000000,1,1,monotonic-batch
4,spaxpy-raw+64+sparse-uniform+density=0.125,native/c/c-sparse/packed-4x4,5,2,1,2,1000000,96463460,96.46346,ns,ok,unsupported,reset-and-arithmetic,a038f25ac66821574b30392dc1d3b189cc287e2c,true,kotlin-native-2.4.10,1,3,200000000,spaxpy-raw-v1+64+sparse-uniform+density=0.125,policy-v1,policy,native/policy-v1,native-calibrated-v1,50000000,1,1,monotonic-batch
4,spaxpy-raw+64+sparse-uniform+density=0.125,native/c/c-sparse/packed-4x4,5,2,1,3,1000000,119228349,119.228349,ns,ok,unsupported,reset-and-arithmetic,a038f25ac66821574b30392dc1d3b189cc287e2c,true,kotlin-native-2.4.10,1,3,200000000,spaxpy-raw-v1+64+sparse-uniform+density=0.125,policy-v1,policy,native/policy-v1,native-calibrated-v1,50000000,1,1,monotonic-batch
4,spaxpy-raw+64+sparse-uniform+density=0.125,native/c/c-sparse/packed-4x4,5,2,1,4,1000000,113969839,113.969839,ns,ok,unsupported,reset-and-arithmetic,a038f25ac66821574b30392dc1d3b189cc287e2c,true,kotlin-native-2.4.10,1,3,200000000,spaxpy-raw-v1+64+sparse-uniform+density=0.125,policy-v1,policy,native/policy-v1,native-calibrated-v1,50000000,1,1,monotonic-batch
4,spaxpy-raw+64+sparse-uniform+density=0.125,native/c/c-sparse/packed-4x4,5,2,1,5,1000000,104152467,104.152467,ns,ok,unsupported,reset-and-arithmetic,a038f25ac66821574b30392dc1d3b189cc287e2c,true,kotlin-native-2.4.10,1,3,200000000,spaxpy-raw-v1+64+sparse-uniform+density=0.125,policy-v1,policy,native/policy-v1,native-calibrated-v1,50000000,1,1,monotonic-batch
4,spaxpy-raw+4096+sparse-uniform+density=0.0625,native/c/c-sparse/packed-4x4,5,2,1,1,66159,303537273,4587.996689792772,ns,ok,unsupported,reset-and-arithmetic,a038f25ac66821574b30392dc1d3b189cc287e2c,true,kotlin-native-2.4.10,1,3,200000000,spaxpy-raw-v1+4096+sparse-uniform+density=0.0625,policy-v1,policy,native/policy-v1,native-calibrated-v1,50000000,1,1,monotonic-batch
4,spaxpy-raw+4096+sparse-uniform+density=0.0625,native/c/c-sparse/packed-4x4,5,2,1,2,66159,301257094,4553.531552774377,ns,ok,unsupported,reset-and-arithmetic,a038f25ac66821574b30392dc1d3b189cc287e2c,true,kotlin-native-2.4.10,1,3,200000000,spaxpy-raw-v1+4096+sparse-uniform+density=0.0625,policy-v1,policy,native/policy-v1,native-calibrated-v1,50000000,1,1,monotonic-batch
4,spaxpy-raw+4096+sparse-uniform+density=0.0625,native/c/c-sparse/packed-4x4,5,2,1,3,66159,302326389,4569.6940552305805,ns,ok,unsupported,reset-and-arithmetic,a038f25ac66821574b30392dc1d3b189cc287e2c,true,kotlin-native-2.4.10,1,3,200000000,spaxpy-raw-v1+4096+sparse-uniform+density=0.0625,policy-v1,policy,native/policy-v1,native-calibrated-v1,50000000,1,1,monotonic-batch
4,spaxpy-raw+4096+sparse-uniform+density=0.0625,native/c/c-sparse/packed-4x4,5,2,1,4,66159,196403783,2968.6631146178147,ns,ok,unsupported,reset-and-arithmetic,a038f25ac66821574b30392dc1d3b189cc287e2c,true,kotlin-native-2.4.10,1,3,200000000,spaxpy-raw-v1+4096+sparse-uniform+density=0.0625,policy-v1,policy,native/policy-v1,native-calibrated-v1,50000000,1,1,monotonic-batch
4,spaxpy-raw+4096+sparse-uniform+density=0.0625,native/c/c-sparse/packed-4x4,5,2,1,5,66159,154188864,2330.580329206911,ns,ok,unsupported,reset-and-arithmetic,a038f25ac66821574b30392dc1d3b189cc287e2c,true,kotlin-native-2.4.10,1,3,200000000,spaxpy-raw-v1+4096+sparse-uniform+density=0.0625,policy-v1,policy,native/policy-v1,native-calibrated-v1,50000000,1,1,monotonic-batch
4,spaxpy-raw+65536+sparse-uniform+density=0.015625,native/c/c-sparse/packed-4x4,5,2,1,1,9164,209570916,22868.934526407684,ns,ok,unsupported,reset-and-arithmetic,a038f25ac66821574b30392dc1d3b189cc287e2c,true,kotlin-native-2.4.10,1,3,200000000,spaxpy-raw-v1+65536+sparse-uniform+density=0.015625,policy-v1,policy,native/policy-v1,native-calibrated-v1,50000000,1,1,monotonic-batch
4,spaxpy-raw+65536+sparse-uniform+density=0.015625,native/c/c-sparse/packed-4x4,5,2,1,2,9164,205965861,22475.541357485814,ns,ok,unsupported,reset-and-arithmetic,a038f25ac66821574b30392dc1d3b189cc287e2c,true,kotlin-native-2.4.10,1,3,200000000,spaxpy-raw-v1+65536+sparse-uniform+density=0.015625,policy-v1,policy,native/policy-v1,native-calibrated-v1,50000000,1,1,monotonic-batch
4,spaxpy-raw+65536+sparse-uniform+density=0.015625,native/c/c-sparse/packed-4x4,5,2,1,3,9164,193193423,21081.77902662593,ns,ok,unsupported,reset-and-arithmetic,a038f25ac66821574b30392dc1d3b189cc287e2c,true,kotlin-native-2.4.10,1,3,200000000,spaxpy-raw-v1+65536+sparse-uniform+density=0.015625,policy-v1,policy,native/policy-v1,native-calibrated-v1,50000000,1,1,monotonic-batch
4,spaxpy-raw+65536+sparse-uniform+density=0.015625,native/c/c-sparse/packed-4x4,5,2,1,4,9164,200575407,21887.320711479704,ns,ok,unsupported,reset-and-arithmetic,a038f25ac66821574b30392dc1d3b189cc287e2c,true,kotlin-native-2.4.10,1,3,200000000,spaxpy-raw-v1+65536+sparse-uniform+density=0.015625,policy-v1,policy,native/policy-v1,native-calibrated-v1,50000000,1,1,monotonic-batch
4,spaxpy-raw+65536+sparse-uniform+density=0.015625,native/c/c-sparse/packed-4x4,5,2,1,5,9164,191665834,20915.08446093409,ns,ok,unsupported,reset-and-arithmetic,a038f25ac66821574b30392dc1d3b189cc287e2c,true,kotlin-native-2.4.10,1,3,200000000,spaxpy-raw-v1+65536+sparse-uniform+density=0.015625,policy-v1,policy,native/policy-v1,native-calibrated-v1,50000000,1,1,monotonic-batch
4,spaxpy-raw+262144+sparse-uniform+density=0.03125,native/c/c-sparse/packed-4x4,5,2,1,1,452,141827774,313778.2610619469,ns,ok,unsupported,reset-and-arithmetic,a038f25ac66821574b30392dc1d3b189cc287e2c,true,kotlin-native-2.4.10,1,3,200000000,spaxpy-raw-v1+262144+sparse-uniform+density=0.03125,policy-v1,policy,native/policy-v1,native-calibrated-v1,50000000,1,1,monotonic-batch
4,spaxpy-raw+262144+sparse-uniform+density=0.03125,native/c/c-sparse/packed-4x4,5,2,1,2,452,113478767,251059.21902654867,ns,ok,unsupported,reset-and-arithmetic,a038f25ac66821574b30392dc1d3b189cc287e2c,true,kotlin-native-2.4.10,1,3,200000000,spaxpy-raw-v1+262144+sparse-uniform+density=0.03125,policy-v1,policy,native/policy-v1,native-calibrated-v1,50000000,1,1,monotonic-batch
4,spaxpy-raw+262144+sparse-uniform+density=0.03125,native/c/c-sparse/packed-4x4,5,2,1,3,452,113299914,250663.52654867255,ns,ok,unsupported,reset-and-arithmetic,a038f25ac66821574b30392dc1d3b189cc287e2c,true,kotlin-native-2.4.10,1,3,200000000,spaxpy-raw-v1+262144+sparse-uniform+density=0.03125,policy-v1,policy,native/policy-v1,native-calibrated-v1,50000000,1,1,monotonic-batch
4,spaxpy-raw+262144+sparse-uniform+density=0.03125,native/c/c-sparse/packed-4x4,5,2,1,4,452,108302336,239606.93805309734,ns,ok,unsupported,reset-and-arithmetic,a038f25ac66821574b30392dc1d3b189cc287e2c,true,kotlin-native-2.4.10,1,3,200000000,spaxpy-raw-v1+262144+sparse-uniform+density=0.03125,policy-v1,policy,native/policy-v1,native-calibrated-v1,50000000,1,1,monotonic-batch
4,spaxpy-raw+262144+sparse-uniform+density=0.03125,native/c/c-sparse/packed-4x4,5,2,1,5,452,113657240,251454.07079646018,ns,ok,unsupported,reset-and-arithmetic,a038f25ac66821574b30392dc1d3b189cc287e2c,true,kotlin-native-2.4.10,1,3,200000000,spaxpy-raw-v1+262144+sparse-uniform+density=0.03125,policy-v1,policy,native/policy-v1,native-calibrated-v1,50000000,1,1,monotonic-batch
4,spnrm2+4096+sparse-uniform+density=0.01,native/c/c-sparse/packed-4x4,5,2,1,1,1000000,73954539,73.954539,ns,ok,unsupported,arithmetic,a038f25ac66821574b30392dc1d3b189cc287e2c,true,kotlin-native-2.4.10,1,3,200000000,spnrm2-v1+4096+sparse-uniform+density=0.01,policy-v1,policy,native/policy-v1,native-calibrated-v1,50000000,1,1,monotonic-batch
4,spnrm2+4096+sparse-uniform+density=0.01,native/c/c-sparse/packed-4x4,5,2,1,2,1000000,92901081,92.901081,ns,ok,unsupported,arithmetic,a038f25ac66821574b30392dc1d3b189cc287e2c,true,kotlin-native-2.4.10,1,3,200000000,spnrm2-v1+4096+sparse-uniform+density=0.01,policy-v1,policy,native/policy-v1,native-calibrated-v1,50000000,1,1,monotonic-batch
4,spnrm2+4096+sparse-uniform+density=0.01,native/c/c-sparse/packed-4x4,5,2,1,3,1000000,93921203,93.921203,ns,ok,unsupported,arithmetic,a038f25ac66821574b30392dc1d3b189cc287e2c,true,kotlin-native-2.4.10,1,3,200000000,spnrm2-v1+4096+sparse-uniform+density=0.01,policy-v1,policy,native/policy-v1,native-calibrated-v1,50000000,1,1,monotonic-batch
4,spnrm2+4096+sparse-uniform+density=0.01,native/c/c-sparse/packed-4x4,5,2,1,4,1000000,90932032,90.932032,ns,ok,unsupported,arithmetic,a038f25ac66821574b30392dc1d3b189cc287e2c,true,kotlin-native-2.4.10,1,3,200000000,spnrm2-v1+4096+sparse-uniform+density=0.01,policy-v1,policy,native/policy-v1,native-calibrated-v1,50000000,1,1,monotonic-batch
4,spnrm2+4096+sparse-uniform+density=0.01,native/c/c-sparse/packed-4x4,5,2,1,5,1000000,91048927,91.048927,ns,ok,unsupported,arithmetic,a038f25ac66821574b30392dc1d3b189cc287e2c,true,kotlin-native-2.4.10,1,3,200000000,spnrm2-v1+4096+sparse-uniform+density=0.01,policy-v1,policy,native/policy-v1,native-calibrated-v1,50000000,1,1,monotonic-batch
4,spnrm2-indexed+4096+sparse-uniform+density=0.01,native/c/c-sparse/packed-4x4,5,2,1,1,1000000,132604969,132.604969,ns,ok,unsupported,arithmetic,a038f25ac66821574b30392dc1d3b189cc287e2c,true,kotlin-native-2.4.10,1,3,200000000,spnrm2-indexed-v1+4096+sparse-uniform+density=0.01,policy-v1,policy,native/policy-v1,native-calibrated-v1,50000000,1,1,monotonic-batch
4,spnrm2-indexed+4096+sparse-uniform+density=0.01,native/c/c-sparse/packed-4x4,5,2,1,2,1000000,152698108,152.698108,ns,ok,unsupported,arithmetic,a038f25ac66821574b30392dc1d3b189cc287e2c,true,kotlin-native-2.4.10,1,3,200000000,spnrm2-indexed-v1+4096+sparse-uniform+density=0.01,policy-v1,policy,native/policy-v1,native-calibrated-v1,50000000,1,1,monotonic-batch
4,spnrm2-indexed+4096+sparse-uniform+density=0.01,native/c/c-sparse/packed-4x4,5,2,1,3,1000000,144317803,144.317803,ns,ok,unsupported,arithmetic,a038f25ac66821574b30392dc1d3b189cc287e2c,true,kotlin-native-2.4.10,1,3,200000000,spnrm2-indexed-v1+4096+sparse-uniform+density=0.01,policy-v1,policy,native/policy-v1,native-calibrated-v1,50000000,1,1,monotonic-batch
4,spnrm2-indexed+4096+sparse-uniform+density=0.01,native/c/c-sparse/packed-4x4,5,2,1,4,1000000,147750788,147.750788,ns,ok,unsupported,arithmetic,a038f25ac66821574b30392dc1d3b189cc287e2c,true,kotlin-native-2.4.10,1,3,200000000,spnrm2-indexed-v1+4096+sparse-uniform+density=0.01,policy-v1,policy,native/policy-v1,native-calibrated-v1,50000000,1,1,monotonic-batch
4,spnrm2-indexed+4096+sparse-uniform+density=0.01,native/c/c-sparse/packed-4x4,5,2,1,5,1000000,162332007,162.332007,ns,ok,unsupported,arithmetic,a038f25ac66821574b30392dc1d3b189cc287e2c,true,kotlin-native-2.4.10,1,3,200000000,spnrm2-indexed-v1+4096+sparse-uniform+density=0.01,policy-v1,policy,native/policy-v1,native-calibrated-v1,50000000,1,1,monotonic-batch
4,spnrm2-indexed+4096+sparse-uniform+density=0.5,native/c/c-sparse/packed-4x4,5,2,1,1,45725,245119911,5360.741629305631,ns,ok,unsupported,arithmetic,a038f25ac66821574b30392dc1d3b189cc287e2c,true,kotlin-native-2.4.10,1,3,200000000,spnrm2-indexed-v1+4096+sparse-uniform+density=0.5,policy-v1,policy,native/policy-v1,native-calibrated-v1,50000000,1,1,monotonic-batch
4,spnrm2-indexed+4096+sparse-uniform+density=0.5,native/c/c-sparse/packed-4x4,5,2,1,2,45725,232122181,5076.482908693275,ns,ok,unsupported,arithmetic,a038f25ac66821574b30392dc1d3b189cc287e2c,true,kotlin-native-2.4.10,1,3,200000000,spnrm2-indexed-v1+4096+sparse-uniform+density=0.5,policy-v1,policy,native/policy-v1,native-calibrated-v1,50000000,1,1,monotonic-batch
4,spnrm2-indexed+4096+sparse-uniform+density=0.5,native/c/c-sparse/packed-4x4,5,2,1,3,45725,176240217,3854.351383269546,ns,ok,unsupported,arithmetic,a038f25ac66821574b30392dc1d3b189cc287e2c,true,kotlin-native-2.4.10,1,3,200000000,spnrm2-indexed-v1+4096+sparse-uniform+density=0.5,policy-v1,policy,native/policy-v1,native-calibrated-v1,50000000,1,1,monotonic-batch
4,spnrm2-indexed+4096+sparse-uniform+density=0.5,native/c/c-sparse/packed-4x4,5,2,1,4,45725,189375435,4141.6169491525425,ns,ok,unsupported,arithmetic,a038f25ac66821574b30392dc1d3b189cc287e2c,true,kotlin-native-2.4.10,1,3,200000000,spnrm2-indexed-v1+4096+sparse-uniform+density=0.5,policy-v1,policy,native/policy-v1,native-calibrated-v1,50000000,1,1,monotonic-batch
4,spnrm2-indexed+4096+sparse-uniform+density=0.5,native/c/c-sparse/packed-4x4,5,2,1,5,45725,198958661,4351.200896664845,ns,ok,unsupported,arithmetic,a038f25ac66821574b30392dc1d3b189cc287e2c,true,kotlin-native-2.4.10,1,3,200000000,spnrm2-indexed-v1+4096+sparse-uniform+density=0.5,policy-v1,policy,native/policy-v1,native-calibrated-v1,50000000,1,1,monotonic-batch
4,spnrm2-indexed+262144+sparse-uniform+density=0.03125,native/c/c-sparse/packed-4x4,5,2,1,1,18918,197364751,10432.643566973253,ns,ok,unsupported,arithmetic,a038f25ac66821574b30392dc1d3b189cc287e2c,true,kotlin-native-2.4.10,1,3,200000000,spnrm2-indexed-v1+262144+sparse-uniform+density=0.03125,policy-v1,policy,native/policy-v1,native-calibrated-v1,50000000,1,1,monotonic-batch
4,spnrm2-indexed+262144+sparse-uniform+density=0.03125,native/c/c-sparse/packed-4x4,5,2,1,2,18918,194499555,10281.190136378053,ns,ok,unsupported,arithmetic,a038f25ac66821574b30392dc1d3b189cc287e2c,true,kotlin-native-2.4.10,1,3,200000000,spnrm2-indexed-v1+262144+sparse-uniform+density=0.03125,policy-v1,policy,native/policy-v1,native-calibrated-v1,50000000,1,1,monotonic-batch
4,spnrm2-indexed+262144+sparse-uniform+density=0.03125,native/c/c-sparse/packed-4x4,5,2,1,3,18918,193438902,10225.124326038693,ns,ok,unsupported,arithmetic,a038f25ac66821574b30392dc1d3b189cc287e2c,true,kotlin-native-2.4.10,1,3,200000000,spnrm2-indexed-v1+262144+sparse-uniform+density=0.03125,policy-v1,policy,native/policy-v1,native-calibrated-v1,50000000,1,1,monotonic-batch
4,spnrm2-indexed+262144+sparse-uniform+density=0.03125,native/c/c-sparse/packed-4x4,5,2,1,4,18918,191642685,10130.176815731049,ns,ok,unsupported,arithmetic,a038f25ac66821574b30392dc1d3b189cc287e2c,true,kotlin-native-2.4.10,1,3,200000000,spnrm2-indexed-v1+262144+sparse-uniform+density=0.03125,policy-v1,policy,native/policy-v1,native-calibrated-v1,50000000,1,1,monotonic-batch
4,spnrm2-indexed+262144+sparse-uniform+density=0.03125,native/c/c-sparse/packed-4x4,5,2,1,5,18918,195967266,10358.772914684427,ns,ok,unsupported,arithmetic,a038f25ac66821574b30392dc1d3b189cc287e2c,true,kotlin-native-2.4.10,1,3,200000000,spnrm2-indexed-v1+262144+sparse-uniform+density=0.03125,policy-v1,policy,native/policy-v1,native-calibrated-v1,50000000,1,1,monotonic-batch
4,spasum+4096+sparse-uniform+density=0.01,native/c/c-sparse/packed-4x4,5,2,1,1,1000000,30032955,30.032955,ns,ok,unsupported,arithmetic,a038f25ac66821574b30392dc1d3b189cc287e2c,true,kotlin-native-2.4.10,1,3,200000000,spasum-v1+4096+sparse-uniform+density=0.01,policy-v1,policy,native/policy-v1,native-calibrated-v1,50000000,1,1,monotonic-batch
4,spasum+4096+sparse-uniform+density=0.01,native/c/c-sparse/packed-4x4,5,2,1,2,1000000,30187499,30.187499,ns,ok,unsupported,arithmetic,a038f25ac66821574b30392dc1d3b189cc287e2c,true,kotlin-native-2.4.10,1,3,200000000,spasum-v1+4096+sparse-uniform+density=0.01,policy-v1,policy,native/policy-v1,native-calibrated-v1,50000000,1,1,monotonic-batch
4,spasum+4096+sparse-uniform+density=0.01,native/c/c-sparse/packed-4x4,5,2,1,3,1000000,29479001,29.479001,ns,ok,unsupported,arithmetic,a038f25ac66821574b30392dc1d3b189cc287e2c,true,kotlin-native-2.4.10,1,3,200000000,spasum-v1+4096+sparse-uniform+density=0.01,policy-v1,policy,native/policy-v1,native-calibrated-v1,50000000,1,1,monotonic-batch
4,spasum+4096+sparse-uniform+density=0.01,native/c/c-sparse/packed-4x4,5,2,1,4,1000000,29977564,29.977564,ns,ok,unsupported,arithmetic,a038f25ac66821574b30392dc1d3b189cc287e2c,true,kotlin-native-2.4.10,1,3,200000000,spasum-v1+4096+sparse-uniform+density=0.01,policy-v1,policy,native/policy-v1,native-calibrated-v1,50000000,1,1,monotonic-batch
4,spasum+4096+sparse-uniform+density=0.01,native/c/c-sparse/packed-4x4,5,2,1,5,1000000,30084354,30.084354,ns,ok,unsupported,arithmetic,a038f25ac66821574b30392dc1d3b189cc287e2c,true,kotlin-native-2.4.10,1,3,200000000,spasum-v1+4096+sparse-uniform+density=0.01,policy-v1,policy,native/policy-v1,native-calibrated-v1,50000000,1,1,monotonic-batch
4,spscatter+4096+sparse-uniform+density=0.01,native/c/c-sparse/packed-4x4,5,2,1,1,330768,207063659,626.0087402650801,ns,ok,direct,reset-and-arithmetic,a038f25ac66821574b30392dc1d3b189cc287e2c,true,kotlin-native-2.4.10,1,3,200000000,spscatter-v1+4096+sparse-uniform+density=0.01,policy-v1,policy,native/policy-v1,native-calibrated-v1,50000000,1,1,monotonic-batch
4,spscatter+4096+sparse-uniform+density=0.01,native/c/c-sparse/packed-4x4,5,2,1,2,330768,207638582,627.7468860349247,ns,ok,direct,reset-and-arithmetic,a038f25ac66821574b30392dc1d3b189cc287e2c,true,kotlin-native-2.4.10,1,3,200000000,spscatter-v1+4096+sparse-uniform+density=0.01,policy-v1,policy,native/policy-v1,native-calibrated-v1,50000000,1,1,monotonic-batch
4,spscatter+4096+sparse-uniform+density=0.01,native/c/c-sparse/packed-4x4,5,2,1,3,330768,207286200,626.6815411406182,ns,ok,direct,reset-and-arithmetic,a038f25ac66821574b30392dc1d3b189cc287e2c,true,kotlin-native-2.4.10,1,3,200000000,spscatter-v1+4096+sparse-uniform+density=0.01,policy-v1,policy,native/policy-v1,native-calibrated-v1,50000000,1,1,monotonic-batch
4,spscatter+4096+sparse-uniform+density=0.01,native/c/c-sparse/packed-4x4,5,2,1,4,330768,207286943,626.6837874280462,ns,ok,direct,reset-and-arithmetic,a038f25ac66821574b30392dc1d3b189cc287e2c,true,kotlin-native-2.4.10,1,3,200000000,spscatter-v1+4096+sparse-uniform+density=0.01,policy-v1,policy,native/policy-v1,native-calibrated-v1,50000000,1,1,monotonic-batch
4,spscatter+4096+sparse-uniform+density=0.01,native/c/c-sparse/packed-4x4,5,2,1,5,330768,209728862,634.0663607120399,ns,ok,direct,reset-and-arithmetic,a038f25ac66821574b30392dc1d3b189cc287e2c,true,kotlin-native-2.4.10,1,3,200000000,spscatter-v1+4096+sparse-uniform+density=0.01,policy-v1,policy,native/policy-v1,native-calibrated-v1,50000000,1,1,monotonic-batch
4,spscatter-raw+64+sparse-uniform+density=0.125,native/c/c-sparse/packed-4x4,5,2,1,1,1000000,45187892,45.187892,ns,ok,unsupported,reset-and-arithmetic,a038f25ac66821574b30392dc1d3b189cc287e2c,true,kotlin-native-2.4.10,1,3,200000000,spscatter-raw-v1+64+sparse-uniform+density=0.125,policy-v1,policy,native/policy-v1,native-calibrated-v1,50000000,1,1,monotonic-batch
4,spscatter-raw+64+sparse-uniform+density=0.125,native/c/c-sparse/packed-4x4,5,2,1,2,1000000,45432113,45.432113,ns,ok,unsupported,reset-and-arithmetic,a038f25ac66821574b30392dc1d3b189cc287e2c,true,kotlin-native-2.4.10,1,3,200000000,spscatter-raw-v1+64+sparse-uniform+density=0.125,policy-v1,policy,native/policy-v1,native-calibrated-v1,50000000,1,1,monotonic-batch
4,spscatter-raw+64+sparse-uniform+density=0.125,native/c/c-sparse/packed-4x4,5,2,1,3,1000000,47405260,47.40526,ns,ok,unsupported,reset-and-arithmetic,a038f25ac66821574b30392dc1d3b189cc287e2c,true,kotlin-native-2.4.10,1,3,200000000,spscatter-raw-v1+64+sparse-uniform+density=0.125,policy-v1,policy,native/policy-v1,native-calibrated-v1,50000000,1,1,monotonic-batch
4,spscatter-raw+64+sparse-uniform+density=0.125,native/c/c-sparse/packed-4x4,5,2,1,4,1000000,47743128,47.743128,ns,ok,unsupported,reset-and-arithmetic,a038f25ac66821574b30392dc1d3b189cc287e2c,true,kotlin-native-2.4.10,1,3,200000000,spscatter-raw-v1+64+sparse-uniform+density=0.125,policy-v1,policy,native/policy-v1,native-calibrated-v1,50000000,1,1,monotonic-batch
4,spscatter-raw+64+sparse-uniform+density=0.125,native/c/c-sparse/packed-4x4,5,2,1,5,1000000,47096640,47.09664,ns,ok,unsupported,reset-and-arithmetic,a038f25ac66821574b30392dc1d3b189cc287e2c,true,kotlin-native-2.4.10,1,3,200000000,spscatter-raw-v1+64+sparse-uniform+density=0.125,policy-v1,policy,native/policy-v1,native-calibrated-v1,50000000,1,1,monotonic-batch
4,spscatter-raw+4096+sparse-uniform+density=0.0625,native/c/c-sparse/packed-4x4,5,2,1,1,141020,156854787,1112.2875265919727,ns,ok,unsupported,reset-and-arithmetic,a038f25ac66821574b30392dc1d3b189cc287e2c,true,kotlin-native-2.4.10,1,3,200000000,spscatter-raw-v1+4096+sparse-uniform+density=0.0625,policy-v1,policy,native/policy-v1,native-calibrated-v1,50000000,1,1,monotonic-batch
4,spscatter-raw+4096+sparse-uniform+density=0.0625,native/c/c-sparse/packed-4x4,5,2,1,2,141020,155354587,1101.649319245497,ns,ok,unsupported,reset-and-arithmetic,a038f25ac66821574b30392dc1d3b189cc287e2c,true,kotlin-native-2.4.10,1,3,200000000,spscatter-raw-v1+4096+sparse-uniform+density=0.0625,policy-v1,policy,native/policy-v1,native-calibrated-v1,50000000,1,1,monotonic-batch
4,spscatter-raw+4096+sparse-uniform+density=0.0625,native/c/c-sparse/packed-4x4,5,2,1,3,141020,152600476,1082.1193873209475,ns,ok,unsupported,reset-and-arithmetic,a038f25ac66821574b30392dc1d3b189cc287e2c,true,kotlin-native-2.4.10,1,3,200000000,spscatter-raw-v1+4096+sparse-uniform+density=0.0625,policy-v1,policy,native/policy-v1,native-calibrated-v1,50000000,1,1,monotonic-batch
4,spscatter-raw+4096+sparse-uniform+density=0.0625,native/c/c-sparse/packed-4x4,5,2,1,4,141020,158063595,1120.859417103957,ns,ok,unsupported,reset-and-arithmetic,a038f25ac66821574b30392dc1d3b189cc287e2c,true,kotlin-native-2.4.10,1,3,200000000,spscatter-raw-v1+4096+sparse-uniform+density=0.0625,policy-v1,policy,native/policy-v1,native-calibrated-v1,50000000,1,1,monotonic-batch
4,spscatter-raw+4096+sparse-uniform+density=0.0625,native/c/c-sparse/packed-4x4,5,2,1,5,141020,156416568,1109.180031201248,ns,ok,unsupported,reset-and-arithmetic,a038f25ac66821574b30392dc1d3b189cc287e2c,true,kotlin-native-2.4.10,1,3,200000000,spscatter-raw-v1+4096+sparse-uniform+density=0.0625,policy-v1,policy,native/policy-v1,native-calibrated-v1,50000000,1,1,monotonic-batch
4,spscatter-raw+65536+sparse-uniform+density=0.015625,native/c/c-sparse/packed-4x4,5,2,1,1,18355,201783073,10993.357286842822,ns,ok,unsupported,reset-and-arithmetic,a038f25ac66821574b30392dc1d3b189cc287e2c,true,kotlin-native-2.4.10,1,3,200000000,spscatter-raw-v1+65536+sparse-uniform+density=0.015625,policy-v1,policy,native/policy-v1,native-calibrated-v1,50000000,1,1,monotonic-batch
4,spscatter-raw+65536+sparse-uniform+density=0.015625,native/c/c-sparse/packed-4x4,5,2,1,2,18355,203789453,11102.667011713429,ns,ok,unsupported,reset-and-arithmetic,a038f25ac66821574b30392dc1d3b189cc287e2c,true,kotlin-native-2.4.10,1,3,200000000,spscatter-raw-v1+65536+sparse-uniform+density=0.015625,policy-v1,policy,native/policy-v1,native-calibrated-v1,50000000,1,1,monotonic-batch
4,spscatter-raw+65536+sparse-uniform+density=0.015625,native/c/c-sparse/packed-4x4,5,2,1,3,18355,202456479,11030.04516480523,ns,ok,unsupported,reset-and-arithmetic,a038f25ac66821574b30392dc1d3b189cc287e2c,true,kotlin-native-2.4.10,1,3,200000000,spscatter-raw-v1+65536+sparse-uniform+density=0.015625,policy-v1,policy,native/policy-v1,native-calibrated-v1,50000000,1,1,monotonic-batch
4,spscatter-raw+65536+sparse-uniform+density=0.015625,native/c/c-sparse/packed-4x4,5,2,1,4,18355,201884134,10998.863198038682,ns,ok,unsupported,reset-and-arithmetic,a038f25ac66821574b30392dc1d3b189cc287e2c,true,kotlin-native-2.4.10,1,3,200000000,spscatter-raw-v1+65536+sparse-uniform+density=0.015625,policy-v1,policy,native/policy-v1,native-calibrated-v1,50000000,1,1,monotonic-batch
4,spscatter-raw+65536+sparse-uniform+density=0.015625,native/c/c-sparse/packed-4x4,5,2,1,5,18355,202768150,11047.02533369654,ns,ok,unsupported,reset-and-arithmetic,a038f25ac66821574b30392dc1d3b189cc287e2c,true,kotlin-native-2.4.10,1,3,200000000,spscatter-raw-v1+65536+sparse-uniform+density=0.015625,policy-v1,policy,native/policy-v1,native-calibrated-v1,50000000,1,1,monotonic-batch
4,spscatter-raw+262144+sparse-uniform+density=0.03125,native/c/c-sparse/packed-4x4,5,2,1,1,1769,200234103,113190.56133408705,ns,ok,unsupported,reset-and-arithmetic,a038f25ac66821574b30392dc1d3b189cc287e2c,true,kotlin-native-2.4.10,1,3,200000000,spscatter-raw-v1+262144+sparse-uniform+density=0.03125,policy-v1,policy,native/policy-v1,native-calibrated-v1,50000000,1,1,monotonic-batch
4,spscatter-raw+262144+sparse-uniform+density=0.03125,native/c/c-sparse/packed-4x4,5,2,1,2,1769,201536675,113926.89372526851,ns,ok,unsupported,reset-and-arithmetic,a038f25ac66821574b30392dc1d3b189cc287e2c,true,kotlin-native-2.4.10,1,3,200000000,spscatter-raw-v1+262144+sparse-uniform+density=0.03125,policy-v1,policy,native/policy-v1,native-calibrated-v1,50000000,1,1,monotonic-batch
4,spscatter-raw+262144+sparse-uniform+density=0.03125,native/c/c-sparse/packed-4x4,5,2,1,3,1769,201205999,113739.96551724138,ns,ok,unsupported,reset-and-arithmetic,a038f25ac66821574b30392dc1d3b189cc287e2c,true,kotlin-native-2.4.10,1,3,200000000,spscatter-raw-v1+262144+sparse-uniform+density=0.03125,policy-v1,policy,native/policy-v1,native-calibrated-v1,50000000,1,1,monotonic-batch
4,spscatter-raw+262144+sparse-uniform+density=0.03125,native/c/c-sparse/packed-4x4,5,2,1,4,1769,202972031,114738.28773318259,ns,ok,unsupported,reset-and-arithmetic,a038f25ac66821574b30392dc1d3b189cc287e2c,true,kotlin-native-2.4.10,1,3,200000000,spscatter-raw-v1+262144+sparse-uniform+density=0.03125,policy-v1,policy,native/policy-v1,native-calibrated-v1,50000000,1,1,monotonic-batch
4,spscatter-raw+262144+sparse-uniform+density=0.03125,native/c/c-sparse/packed-4x4,5,2,1,5,1769,241514960,136526.26342566422,ns,ok,unsupported,reset-and-arithmetic,a038f25ac66821574b30392dc1d3b189cc287e2c,true,kotlin-native-2.4.10,1,3,200000000,spscatter-raw-v1+262144+sparse-uniform+density=0.03125,policy-v1,policy,native/policy-v1,native-calibrated-v1,50000000,1,1,monotonic-batch
4,spgather+4096+sparse-uniform+density=0.01,native/c/c-sparse/packed-4x4,5,2,1,1,305247,199134673,652.3722526347515,ns,ok,direct,reset-and-arithmetic,a038f25ac66821574b30392dc1d3b189cc287e2c,true,kotlin-native-2.4.10,1,3,200000000,spgather-v1+4096+sparse-uniform+density=0.01,policy-v1,policy,native/policy-v1,native-calibrated-v1,50000000,1,1,monotonic-batch
4,spgather+4096+sparse-uniform+density=0.01,native/c/c-sparse/packed-4x4,5,2,1,2,305247,203882884,667.927560303623,ns,ok,direct,reset-and-arithmetic,a038f25ac66821574b30392dc1d3b189cc287e2c,true,kotlin-native-2.4.10,1,3,200000000,spgather-v1+4096+sparse-uniform+density=0.01,policy-v1,policy,native/policy-v1,native-calibrated-v1,50000000,1,1,monotonic-batch
4,spgather+4096+sparse-uniform+density=0.01,native/c/c-sparse/packed-4x4,5,2,1,3,305247,201355026,659.6462078251383,ns,ok,direct,reset-and-arithmetic,a038f25ac66821574b30392dc1d3b189cc287e2c,true,kotlin-native-2.4.10,1,3,200000000,spgather-v1+4096+sparse-uniform+density=0.01,policy-v1,policy,native/policy-v1,native-calibrated-v1,50000000,1,1,monotonic-batch
4,spgather+4096+sparse-uniform+density=0.01,native/c/c-sparse/packed-4x4,5,2,1,4,305247,200959040,658.3489436423617,ns,ok,direct,reset-and-arithmetic,a038f25ac66821574b30392dc1d3b189cc287e2c,true,kotlin-native-2.4.10,1,3,200000000,spgather-v1+4096+sparse-uniform+density=0.01,policy-v1,policy,native/policy-v1,native-calibrated-v1,50000000,1,1,monotonic-batch
4,spgather+4096+sparse-uniform+density=0.01,native/c/c-sparse/packed-4x4,5,2,1,5,305247,198804031,651.2890577139169,ns,ok,direct,reset-and-arithmetic,a038f25ac66821574b30392dc1d3b189cc287e2c,true,kotlin-native-2.4.10,1,3,200000000,spgather-v1+4096+sparse-uniform+density=0.01,policy-v1,policy,native/policy-v1,native-calibrated-v1,50000000,1,1,monotonic-batch
4,spgather-zero+4096+sparse-uniform+density=0.01,native/c/c-sparse/packed-4x4,5,2,1,1,291027,199940632,687.01746573342,ns,ok,direct,reset-and-arithmetic,a038f25ac66821574b30392dc1d3b189cc287e2c,true,kotlin-native-2.4.10,1,3,200000000,spgather-zero-v1+4096+sparse-uniform+density=0.01,policy-v1,policy,native/policy-v1,native-calibrated-v1,50000000,1,1,monotonic-batch
4,spgather-zero+4096+sparse-uniform+density=0.01,native/c/c-sparse/packed-4x4,5,2,1,2,291027,189473304,651.0506035522477,ns,ok,direct,reset-and-arithmetic,a038f25ac66821574b30392dc1d3b189cc287e2c,true,kotlin-native-2.4.10,1,3,200000000,spgather-zero-v1+4096+sparse-uniform+density=0.01,policy-v1,policy,native/policy-v1,native-calibrated-v1,50000000,1,1,monotonic-batch
4,spgather-zero+4096+sparse-uniform+density=0.01,native/c/c-sparse/packed-4x4,5,2,1,3,291027,196410622,674.8879725936082,ns,ok,direct,reset-and-arithmetic,a038f25ac66821574b30392dc1d3b189cc287e2c,true,kotlin-native-2.4.10,1,3,200000000,spgather-zero-v1+4096+sparse-uniform+density=0.01,policy-v1,policy,native/policy-v1,native-calibrated-v1,50000000,1,1,monotonic-batch
4,spgather-zero+4096+sparse-uniform+density=0.01,native/c/c-sparse/packed-4x4,5,2,1,4,291027,198329792,681.4824466458439,ns,ok,direct,reset-and-arithmetic,a038f25ac66821574b30392dc1d3b189cc287e2c,true,kotlin-native-2.4.10,1,3,200000000,spgather-zero-v1+4096+sparse-uniform+density=0.01,policy-v1,policy,native/policy-v1,native-calibrated-v1,50000000,1,1,monotonic-batch
4,spgather-zero+4096+sparse-uniform+density=0.01,native/c/c-sparse/packed-4x4,5,2,1,5,291027,216992541,745.6096547742993,ns,ok,direct,reset-and-arithmetic,a038f25ac66821574b30392dc1d3b189cc287e2c,true,kotlin-native-2.4.10,1,3,200000000,spgather-zero-v1+4096+sparse-uniform+density=0.01,policy-v1,policy,native/policy-v1,native-calibrated-v1,50000000,1,1,monotonic-batch
4,spgemv+257x129+sparse-uniform+density=0.01+mode=prepared,native/c/c-sparse/packed-4x4,5,2,1,1,185456,199384168,1075.102277629195,ns,ok,direct,prepared,a038f25ac66821574b30392dc1d3b189cc287e2c,true,kotlin-native-2.4.10,1,3,200000000,spgemv-v1+257x129+sparse-uniform+density=0.01+mode=prepared,policy-v1,policy,native/policy-v1,native-calibrated-v1,50000000,1,1,monotonic-batch
4,spgemv+257x129+sparse-uniform+density=0.01+mode=prepared,native/c/c-sparse/packed-4x4,5,2,1,2,185456,198816113,1072.0392599861962,ns,ok,direct,prepared,a038f25ac66821574b30392dc1d3b189cc287e2c,true,kotlin-native-2.4.10,1,3,200000000,spgemv-v1+257x129+sparse-uniform+density=0.01+mode=prepared,policy-v1,policy,native/policy-v1,native-calibrated-v1,50000000,1,1,monotonic-batch
4,spgemv+257x129+sparse-uniform+density=0.01+mode=prepared,native/c/c-sparse/packed-4x4,5,2,1,3,185456,200375472,1080.4475023725304,ns,ok,direct,prepared,a038f25ac66821574b30392dc1d3b189cc287e2c,true,kotlin-native-2.4.10,1,3,200000000,spgemv-v1+257x129+sparse-uniform+density=0.01+mode=prepared,policy-v1,policy,native/policy-v1,native-calibrated-v1,50000000,1,1,monotonic-batch
4,spgemv+257x129+sparse-uniform+density=0.01+mode=prepared,native/c/c-sparse/packed-4x4,5,2,1,4,185456,199296769,1074.6310122077473,ns,ok,direct,prepared,a038f25ac66821574b30392dc1d3b189cc287e2c,true,kotlin-native-2.4.10,1,3,200000000,spgemv-v1+257x129+sparse-uniform+density=0.01+mode=prepared,policy-v1,policy,native/policy-v1,native-calibrated-v1,50000000,1,1,monotonic-batch
4,spgemv+257x129+sparse-uniform+density=0.01+mode=prepared,native/c/c-sparse/packed-4x4,5,2,1,5,185456,198444446,1070.0351889396945,ns,ok,direct,prepared,a038f25ac66821574b30392dc1d3b189cc287e2c,true,kotlin-native-2.4.10,1,3,200000000,spgemv-v1+257x129+sparse-uniform+density=0.01+mode=prepared,policy-v1,policy,native/policy-v1,native-calibrated-v1,50000000,1,1,monotonic-batch
4,spgemv+257x129+sparse-uniform+density=0.01+mode=oneshot,native/c/c-sparse/packed-4x4,5,2,1,1,185874,199363236,1072.571935827496,ns,ok,direct,oneshot,a038f25ac66821574b30392dc1d3b189cc287e2c,true,kotlin-native-2.4.10,1,3,200000000,spgemv-v1+257x129+sparse-uniform+density=0.01+mode=oneshot,policy-v1,policy,native/policy-v1,native-calibrated-v1,50000000,1,1,monotonic-batch
4,spgemv+257x129+sparse-uniform+density=0.01+mode=oneshot,native/c/c-sparse/packed-4x4,5,2,1,2,185874,198714364,1069.0810118682548,ns,ok,direct,oneshot,a038f25ac66821574b30392dc1d3b189cc287e2c,true,kotlin-native-2.4.10,1,3,200000000,spgemv-v1+257x129+sparse-uniform+density=0.01+mode=oneshot,policy-v1,policy,native/policy-v1,native-calibrated-v1,50000000,1,1,monotonic-batch
4,spgemv+257x129+sparse-uniform+density=0.01+mode=oneshot,native/c/c-sparse/packed-4x4,5,2,1,3,185874,198140187,1065.9919461570742,ns,ok,direct,oneshot,a038f25ac66821574b30392dc1d3b189cc287e2c,true,kotlin-native-2.4.10,1,3,200000000,spgemv-v1+257x129+sparse-uniform+density=0.01+mode=oneshot,policy-v1,policy,native/policy-v1,native-calibrated-v1,50000000,1,1,monotonic-batch
4,spgemv+257x129+sparse-uniform+density=0.01+mode=oneshot,native/c/c-sparse/packed-4x4,5,2,1,4,185874,198742647,1069.233174085671,ns,ok,direct,oneshot,a038f25ac66821574b30392dc1d3b189cc287e2c,true,kotlin-native-2.4.10,1,3,200000000,spgemv-v1+257x129+sparse-uniform+density=0.01+mode=oneshot,policy-v1,policy,native/policy-v1,native-calibrated-v1,50000000,1,1,monotonic-batch
4,spgemv+257x129+sparse-uniform+density=0.01+mode=oneshot,native/c/c-sparse/packed-4x4,5,2,1,5,185874,198679301,1068.8923733281686,ns,ok,direct,oneshot,a038f25ac66821574b30392dc1d3b189cc287e2c,true,kotlin-native-2.4.10,1,3,200000000,spgemv-v1+257x129+sparse-uniform+density=0.01+mode=oneshot,policy-v1,policy,native/policy-v1,native-calibrated-v1,50000000,1,1,monotonic-batch
4,spmm+257x8x129+sparse-uniform+density=0.01+mode=prepared,native/c/c-sparse/packed-4x4,5,2,1,1,46230,201772485,4364.535691109669,ns,ok,direct,prepared,a038f25ac66821574b30392dc1d3b189cc287e2c,true,kotlin-native-2.4.10,1,3,200000000,spmm-v1+257x8x129+sparse-uniform+density=0.01+mode=prepared,policy-v1,policy,native/policy-v1,native-calibrated-v1,50000000,1,1,monotonic-batch
4,spmm+257x8x129+sparse-uniform+density=0.01+mode=prepared,native/c/c-sparse/packed-4x4,5,2,1,2,46230,201919496,4367.7156824572785,ns,ok,direct,prepared,a038f25ac66821574b30392dc1d3b189cc287e2c,true,kotlin-native-2.4.10,1,3,200000000,spmm-v1+257x8x129+sparse-uniform+density=0.01+mode=prepared,policy-v1,policy,native/policy-v1,native-calibrated-v1,50000000,1,1,monotonic-batch
4,spmm+257x8x129+sparse-uniform+density=0.01+mode=prepared,native/c/c-sparse/packed-4x4,5,2,1,3,46230,209252993,4526.346376811594,ns,ok,direct,prepared,a038f25ac66821574b30392dc1d3b189cc287e2c,true,kotlin-native-2.4.10,1,3,200000000,spmm-v1+257x8x129+sparse-uniform+density=0.01+mode=prepared,policy-v1,policy,native/policy-v1,native-calibrated-v1,50000000,1,1,monotonic-batch
4,spmm+257x8x129+sparse-uniform+density=0.01+mode=prepared,native/c/c-sparse/packed-4x4,5,2,1,4,46230,217602479,4706.953904391088,ns,ok,direct,prepared,a038f25ac66821574b30392dc1d3b189cc287e2c,true,kotlin-native-2.4.10,1,3,200000000,spmm-v1+257x8x129+sparse-uniform+density=0.01+mode=prepared,policy-v1,policy,native/policy-v1,native-calibrated-v1,50000000,1,1,monotonic-batch
4,spmm+257x8x129+sparse-uniform+density=0.01+mode=prepared,native/c/c-sparse/packed-4x4,5,2,1,5,46230,220330724,4765.968505299589,ns,ok,direct,prepared,a038f25ac66821574b30392dc1d3b189cc287e2c,true,kotlin-native-2.4.10,1,3,200000000,spmm-v1+257x8x129+sparse-uniform+density=0.01+mode=prepared,policy-v1,policy,native/policy-v1,native-calibrated-v1,50000000,1,1,monotonic-batch
4,spmm+257x8x129+sparse-uniform+density=0.01+mode=oneshot,native/c/c-sparse/packed-4x4,5,2,1,1,43835,193027688,4403.5060568039235,ns,ok,direct,oneshot,a038f25ac66821574b30392dc1d3b189cc287e2c,true,kotlin-native-2.4.10,1,3,200000000,spmm-v1+257x8x129+sparse-uniform+density=0.01+mode=oneshot,policy-v1,policy,native/policy-v1,native-calibrated-v1,50000000,1,1,monotonic-batch
4,spmm+257x8x129+sparse-uniform+density=0.01+mode=oneshot,native/c/c-sparse/packed-4x4,5,2,1,2,43835,192492279,4391.291867229383,ns,ok,direct,oneshot,a038f25ac66821574b30392dc1d3b189cc287e2c,true,kotlin-native-2.4.10,1,3,200000000,spmm-v1+257x8x129+sparse-uniform+density=0.01+mode=oneshot,policy-v1,policy,native/policy-v1,native-calibrated-v1,50000000,1,1,monotonic-batch
4,spmm+257x8x129+sparse-uniform+density=0.01+mode=oneshot,native/c/c-sparse/packed-4x4,5,2,1,3,43835,193476552,4413.745910801871,ns,ok,direct,oneshot,a038f25ac66821574b30392dc1d3b189cc287e2c,true,kotlin-native-2.4.10,1,3,200000000,spmm-v1+257x8x129+sparse-uniform+density=0.01+mode=oneshot,policy-v1,policy,native/policy-v1,native-calibrated-v1,50000000,1,1,monotonic-batch
4,spmm+257x8x129+sparse-uniform+density=0.01+mode=oneshot,native/c/c-sparse/packed-4x4,5,2,1,4,43835,192614892,4394.089015626782,ns,ok,direct,oneshot,a038f25ac66821574b30392dc1d3b189cc287e2c,true,kotlin-native-2.4.10,1,3,200000000,spmm-v1+257x8x129+sparse-uniform+density=0.01+mode=oneshot,policy-v1,policy,native/policy-v1,native-calibrated-v1,50000000,1,1,monotonic-batch
4,spmm+257x8x129+sparse-uniform+density=0.01+mode=oneshot,native/c/c-sparse/packed-4x4,5,2,1,5,43835,191731607,4373.93879320178,ns,ok,direct,oneshot,a038f25ac66821574b30392dc1d3b189cc287e2c,true,kotlin-native-2.4.10,1,3,200000000,spmm-v1+257x8x129+sparse-uniform+density=0.01+mode=oneshot,policy-v1,policy,native/policy-v1,native-calibrated-v1,50000000,1,1,monotonic-batch
4,spgemm+129x97x65+sparse-uniform+density=0.01+mode=prepared,native/c/c-sparse/packed-4x4,5,2,1,1,124145,203509391,1639.2878569414797,ns,ok,partial,prepared,a038f25ac66821574b30392dc1d3b189cc287e2c,true,kotlin-native-2.4.10,1,3,200000000,spgemm-v1+129x97x65+sparse-uniform+density=0.01+mode=prepared,policy-v1,policy,native/policy-v1,native-calibrated-v1,50000000,1,1,monotonic-batch
4,spgemm+129x97x65+sparse-uniform+density=0.01+mode=prepared,native/c/c-sparse/packed-4x4,5,2,1,2,124145,206023560,1659.5397317652744,ns,ok,partial,prepared,a038f25ac66821574b30392dc1d3b189cc287e2c,true,kotlin-native-2.4.10,1,3,200000000,spgemm-v1+129x97x65+sparse-uniform+density=0.01+mode=prepared,policy-v1,policy,native/policy-v1,native-calibrated-v1,50000000,1,1,monotonic-batch
4,spgemm+129x97x65+sparse-uniform+density=0.01+mode=prepared,native/c/c-sparse/packed-4x4,5,2,1,3,124145,206709133,1665.0620886866166,ns,ok,partial,prepared,a038f25ac66821574b30392dc1d3b189cc287e2c,true,kotlin-native-2.4.10,1,3,200000000,spgemm-v1+129x97x65+sparse-uniform+density=0.01+mode=prepared,policy-v1,policy,native/policy-v1,native-calibrated-v1,50000000,1,1,monotonic-batch
4,spgemm+129x97x65+sparse-uniform+density=0.01+mode=prepared,native/c/c-sparse/packed-4x4,5,2,1,4,124145,214994797,1731.8039147770753,ns,ok,partial,prepared,a038f25ac66821574b30392dc1d3b189cc287e2c,true,kotlin-native-2.4.10,1,3,200000000,spgemm-v1+129x97x65+sparse-uniform+density=0.01+mode=prepared,policy-v1,policy,native/policy-v1,native-calibrated-v1,50000000,1,1,monotonic-batch
4,spgemm+129x97x65+sparse-uniform+density=0.01+mode=prepared,native/c/c-sparse/packed-4x4,5,2,1,5,124145,202076803,1627.7482218373675,ns,ok,partial,prepared,a038f25ac66821574b30392dc1d3b189cc287e2c,true,kotlin-native-2.4.10,1,3,200000000,spgemm-v1+129x97x65+sparse-uniform+density=0.01+mode=prepared,policy-v1,policy,native/policy-v1,native-calibrated-v1,50000000,1,1,monotonic-batch
4,spgemm+129x97x65+sparse-uniform+density=0.01+mode=oneshot,native/c/c-sparse/packed-4x4,5,2,1,1,119560,194595079,1627.5935011709603,ns,ok,partial,oneshot,a038f25ac66821574b30392dc1d3b189cc287e2c,true,kotlin-native-2.4.10,1,3,200000000,spgemm-v1+129x97x65+sparse-uniform+density=0.01+mode=oneshot,policy-v1,policy,native/policy-v1,native-calibrated-v1,50000000,1,1,monotonic-batch
4,spgemm+129x97x65+sparse-uniform+density=0.01+mode=oneshot,native/c/c-sparse/packed-4x4,5,2,1,2,119560,191550470,1602.128387420542,ns,ok,partial,oneshot,a038f25ac66821574b30392dc1d3b189cc287e2c,true,kotlin-native-2.4.10,1,3,200000000,spgemm-v1+129x97x65+sparse-uniform+density=0.01+mode=oneshot,policy-v1,policy,native/policy-v1,native-calibrated-v1,50000000,1,1,monotonic-batch
4,spgemm+129x97x65+sparse-uniform+density=0.01+mode=oneshot,native/c/c-sparse/packed-4x4,5,2,1,3,119560,196108965,1640.2556457009034,ns,ok,partial,oneshot,a038f25ac66821574b30392dc1d3b189cc287e2c,true,kotlin-native-2.4.10,1,3,200000000,spgemm-v1+129x97x65+sparse-uniform+density=0.01+mode=oneshot,policy-v1,policy,native/policy-v1,native-calibrated-v1,50000000,1,1,monotonic-batch
4,spgemm+129x97x65+sparse-uniform+density=0.01+mode=oneshot,native/c/c-sparse/packed-4x4,5,2,1,4,119560,194139893,1623.786324857812,ns,ok,partial,oneshot,a038f25ac66821574b30392dc1d3b189cc287e2c,true,kotlin-native-2.4.10,1,3,200000000,spgemm-v1+129x97x65+sparse-uniform+density=0.01+mode=oneshot,policy-v1,policy,native/policy-v1,native-calibrated-v1,50000000,1,1,monotonic-batch
4,spgemm+129x97x65+sparse-uniform+density=0.01+mode=oneshot,native/c/c-sparse/packed-4x4,5,2,1,5,119560,199371452,1667.5430913348946,ns,ok,partial,oneshot,a038f25ac66821574b30392dc1d3b189cc287e2c,true,kotlin-native-2.4.10,1,3,200000000,spgemm-v1+129x97x65+sparse-uniform+density=0.01+mode=oneshot,policy-v1,policy,native/policy-v1,native-calibrated-v1,50000000,1,1,monotonic-batch
4,spsymv+129+sparse-triangular+density=0.02+mode=oneshot+uplo=L,native/c/c-sparse/packed-4x4,5,2,1,1,258009,198244978,768.364584181172,ns,ok,direct,oneshot,a038f25ac66821574b30392dc1d3b189cc287e2c,true,kotlin-native-2.4.10,1,3,200000000,spsymv-v1+129+sparse-triangular+density=0.02+mode=oneshot+uplo=L,policy-v1,policy,native/policy-v1,native-calibrated-v1,50000000,1,1,monotonic-batch
4,spsymv+129+sparse-triangular+density=0.02+mode=oneshot+uplo=L,native/c/c-sparse/packed-4x4,5,2,1,2,258009,198194828,768.1702111166665,ns,ok,direct,oneshot,a038f25ac66821574b30392dc1d3b189cc287e2c,true,kotlin-native-2.4.10,1,3,200000000,spsymv-v1+129+sparse-triangular+density=0.02+mode=oneshot+uplo=L,policy-v1,policy,native/policy-v1,native-calibrated-v1,50000000,1,1,monotonic-batch
4,spsymv+129+sparse-triangular+density=0.02+mode=oneshot+uplo=L,native/c/c-sparse/packed-4x4,5,2,1,3,258009,198914818,770.9607726862241,ns,ok,direct,oneshot,a038f25ac66821574b30392dc1d3b189cc287e2c,true,kotlin-native-2.4.10,1,3,200000000,spsymv-v1+129+sparse-triangular+density=0.02+mode=oneshot+uplo=L,policy-v1,policy,native/policy-v1,native-calibrated-v1,50000000,1,1,monotonic-batch
4,spsymv+129+sparse-triangular+density=0.02+mode=oneshot+uplo=L,native/c/c-sparse/packed-4x4,5,2,1,4,258009,203338284,788.1053916723836,ns,ok,direct,oneshot,a038f25ac66821574b30392dc1d3b189cc287e2c,true,kotlin-native-2.4.10,1,3,200000000,spsymv-v1+129+sparse-triangular+density=0.02+mode=oneshot+uplo=L,policy-v1,policy,native/policy-v1,native-calibrated-v1,50000000,1,1,monotonic-batch
4,spsymv+129+sparse-triangular+density=0.02+mode=oneshot+uplo=L,native/c/c-sparse/packed-4x4,5,2,1,5,258009,216203544,837.9690010813576,ns,ok,direct,oneshot,a038f25ac66821574b30392dc1d3b189cc287e2c,true,kotlin-native-2.4.10,1,3,200000000,spsymv-v1+129+sparse-triangular+density=0.02+mode=oneshot+uplo=L,policy-v1,policy,native/policy-v1,native-calibrated-v1,50000000,1,1,monotonic-batch
4,spsymm+129x8+sparse-triangular+density=0.02+mode=oneshot+side=L+uplo=L,native/c/c-sparse/packed-4x4,5,2,1,1,51274,198775468,3876.7302726528064,ns,ok,direct,oneshot,a038f25ac66821574b30392dc1d3b189cc287e2c,true,kotlin-native-2.4.10,1,3,200000000,spsymm-v1+129x8+sparse-triangular+density=0.02+mode=oneshot+side=L+uplo=L,policy-v1,policy,native/policy-v1,native-calibrated-v1,50000000,1,1,monotonic-batch
4,spsymm+129x8+sparse-triangular+density=0.02+mode=oneshot+side=L+uplo=L,native/c/c-sparse/packed-4x4,5,2,1,2,51274,198884806,3878.8626984436555,ns,ok,direct,oneshot,a038f25ac66821574b30392dc1d3b189cc287e2c,true,kotlin-native-2.4.10,1,3,200000000,spsymm-v1+129x8+sparse-triangular+density=0.02+mode=oneshot+side=L+uplo=L,policy-v1,policy,native/policy-v1,native-calibrated-v1,50000000,1,1,monotonic-batch
4,spsymm+129x8+sparse-triangular+density=0.02+mode=oneshot+side=L+uplo=L,native/c/c-sparse/packed-4x4,5,2,1,3,51274,197234845,3846.6834067948666,ns,ok,direct,oneshot,a038f25ac66821574b30392dc1d3b189cc287e2c,true,kotlin-native-2.4.10,1,3,200000000,spsymm-v1+129x8+sparse-triangular+density=0.02+mode=oneshot+side=L+uplo=L,policy-v1,policy,native/policy-v1,native-calibrated-v1,50000000,1,1,monotonic-batch
4,spsymm+129x8+sparse-triangular+density=0.02+mode=oneshot+side=L+uplo=L,native/c/c-sparse/packed-4x4,5,2,1,4,51274,199371099,3888.3469009634514,ns,ok,direct,oneshot,a038f25ac66821574b30392dc1d3b189cc287e2c,true,kotlin-native-2.4.10,1,3,200000000,spsymm-v1+129x8+sparse-triangular+density=0.02+mode=oneshot+side=L+uplo=L,policy-v1,policy,native/policy-v1,native-calibrated-v1,50000000,1,1,monotonic-batch
4,spsymm+129x8+sparse-triangular+density=0.02+mode=oneshot+side=L+uplo=L,native/c/c-sparse/packed-4x4,5,2,1,5,51274,199123541,3883.5187619456256,ns,ok,direct,oneshot,a038f25ac66821574b30392dc1d3b189cc287e2c,true,kotlin-native-2.4.10,1,3,200000000,spsymm-v1+129x8+sparse-triangular+density=0.02+mode=oneshot+side=L+uplo=L,policy-v1,policy,native/policy-v1,native-calibrated-v1,50000000,1,1,monotonic-batch
4,sptrsv+129+sparse-triangular+density=0.02+mode=oneshot+uplo=L+transA=N+diag=N,native/c/c-sparse/packed-4x4,5,2,1,1,145983,199161215,1364.276765102786,ns,ok,direct,oneshot,a038f25ac66821574b30392dc1d3b189cc287e2c,true,kotlin-native-2.4.10,1,3,200000000,sptrsv-v1+129+sparse-triangular+density=0.02+mode=oneshot+uplo=L+transA=N+diag=N,policy-v1,policy,native/policy-v1,native-calibrated-v1,50000000,1,1,monotonic-batch
4,sptrsv+129+sparse-triangular+density=0.02+mode=oneshot+uplo=L+transA=N+diag=N,native/c/c-sparse/packed-4x4,5,2,1,2,145983,206018106,1411.2472411171163,ns,ok,direct,oneshot,a038f25ac66821574b30392dc1d3b189cc287e2c,true,kotlin-native-2.4.10,1,3,200000000,sptrsv-v1+129+sparse-triangular+density=0.02+mode=oneshot+uplo=L+transA=N+diag=N,policy-v1,policy,native/policy-v1,native-calibrated-v1,50000000,1,1,monotonic-batch
4,sptrsv+129+sparse-triangular+density=0.02+mode=oneshot+uplo=L+transA=N+diag=N,native/c/c-sparse/packed-4x4,5,2,1,3,145983,198380255,1358.9271011008132,ns,ok,direct,oneshot,a038f25ac66821574b30392dc1d3b189cc287e2c,true,kotlin-native-2.4.10,1,3,200000000,sptrsv-v1+129+sparse-triangular+density=0.02+mode=oneshot+uplo=L+transA=N+diag=N,policy-v1,policy,native/policy-v1,native-calibrated-v1,50000000,1,1,monotonic-batch
4,sptrsv+129+sparse-triangular+density=0.02+mode=oneshot+uplo=L+transA=N+diag=N,native/c/c-sparse/packed-4x4,5,2,1,4,145983,197577621,1353.4289677565196,ns,ok,direct,oneshot,a038f25ac66821574b30392dc1d3b189cc287e2c,true,kotlin-native-2.4.10,1,3,200000000,sptrsv-v1+129+sparse-triangular+density=0.02+mode=oneshot+uplo=L+transA=N+diag=N,policy-v1,policy,native/policy-v1,native-calibrated-v1,50000000,1,1,monotonic-batch
4,sptrsv+129+sparse-triangular+density=0.02+mode=oneshot+uplo=L+transA=N+diag=N,native/c/c-sparse/packed-4x4,5,2,1,5,145983,198279141,1358.2344588068474,ns,ok,direct,oneshot,a038f25ac66821574b30392dc1d3b189cc287e2c,true,kotlin-native-2.4.10,1,3,200000000,sptrsv-v1+129+sparse-triangular+density=0.02+mode=oneshot+uplo=L+transA=N+diag=N,policy-v1,policy,native/policy-v1,native-calibrated-v1,50000000,1,1,monotonic-batch
4,sptrmv+129+sparse-triangular+density=0.02+mode=oneshot+uplo=U+transA=T+diag=U,native/c/c-sparse/packed-4x4,5,2,1,1,271289,200003484,737.2340345535573,ns,ok,direct,oneshot,a038f25ac66821574b30392dc1d3b189cc287e2c,true,kotlin-native-2.4.10,1,3,200000000,sptrmv-v1+129+sparse-triangular+density=0.02+mode=oneshot+uplo=U+transA=T+diag=U,policy-v1,policy,native/policy-v1,native-calibrated-v1,50000000,1,1,monotonic-batch
4,sptrmv+129+sparse-triangular+density=0.02+mode=oneshot+uplo=U+transA=T+diag=U,native/c/c-sparse/packed-4x4,5,2,1,2,271289,200620834,739.5096520684583,ns,ok,direct,oneshot,a038f25ac66821574b30392dc1d3b189cc287e2c,true,kotlin-native-2.4.10,1,3,200000000,sptrmv-v1+129+sparse-triangular+density=0.02+mode=oneshot+uplo=U+transA=T+diag=U,policy-v1,policy,native/policy-v1,native-calibrated-v1,50000000,1,1,monotonic-batch
4,sptrmv+129+sparse-triangular+density=0.02+mode=oneshot+uplo=U+transA=T+diag=U,native/c/c-sparse/packed-4x4,5,2,1,3,271289,200220619,738.034417171356,ns,ok,direct,oneshot,a038f25ac66821574b30392dc1d3b189cc287e2c,true,kotlin-native-2.4.10,1,3,200000000,sptrmv-v1+129+sparse-triangular+density=0.02+mode=oneshot+uplo=U+transA=T+diag=U,policy-v1,policy,native/policy-v1,native-calibrated-v1,50000000,1,1,monotonic-batch
4,sptrmv+129+sparse-triangular+density=0.02+mode=oneshot+uplo=U+transA=T+diag=U,native/c/c-sparse/packed-4x4,5,2,1,4,271289,201241615,741.797916612911,ns,ok,direct,oneshot,a038f25ac66821574b30392dc1d3b189cc287e2c,true,kotlin-native-2.4.10,1,3,200000000,sptrmv-v1+129+sparse-triangular+density=0.02+mode=oneshot+uplo=U+transA=T+diag=U,policy-v1,policy,native/policy-v1,native-calibrated-v1,50000000,1,1,monotonic-batch
4,sptrmv+129+sparse-triangular+density=0.02+mode=oneshot+uplo=U+transA=T+diag=U,native/c/c-sparse/packed-4x4,5,2,1,5,271289,199157860,734.1169748865601,ns,ok,direct,oneshot,a038f25ac66821574b30392dc1d3b189cc287e2c,true,kotlin-native-2.4.10,1,3,200000000,sptrmv-v1+129+sparse-triangular+density=0.02+mode=oneshot+uplo=U+transA=T+diag=U,policy-v1,policy,native/policy-v1,native-calibrated-v1,50000000,1,1,monotonic-batch
4,sptrsm+129x8+sparse-triangular+density=0.02+mode=oneshot+side=L+uplo=L+transA=N+diag=N,native/c/c-sparse/packed-4x4,5,2,1,1,37459,211676536,5650.885928615286,ns,ok,direct,oneshot,a038f25ac66821574b30392dc1d3b189cc287e2c,true,kotlin-native-2.4.10,1,3,200000000,sptrsm-v1+129x8+sparse-triangular+density=0.02+mode=oneshot+side=L+uplo=L+transA=N+diag=N,policy-v1,policy,native/policy-v1,native-calibrated-v1,50000000,1,1,monotonic-batch
4,sptrsm+129x8+sparse-triangular+density=0.02+mode=oneshot+side=L+uplo=L+transA=N+diag=N,native/c/c-sparse/packed-4x4,5,2,1,2,37459,210395528,5616.688325902987,ns,ok,direct,oneshot,a038f25ac66821574b30392dc1d3b189cc287e2c,true,kotlin-native-2.4.10,1,3,200000000,sptrsm-v1+129x8+sparse-triangular+density=0.02+mode=oneshot+side=L+uplo=L+transA=N+diag=N,policy-v1,policy,native/policy-v1,native-calibrated-v1,50000000,1,1,monotonic-batch
4,sptrsm+129x8+sparse-triangular+density=0.02+mode=oneshot+side=L+uplo=L+transA=N+diag=N,native/c/c-sparse/packed-4x4,5,2,1,3,37459,207244086,5532.557889959689,ns,ok,direct,oneshot,a038f25ac66821574b30392dc1d3b189cc287e2c,true,kotlin-native-2.4.10,1,3,200000000,sptrsm-v1+129x8+sparse-triangular+density=0.02+mode=oneshot+side=L+uplo=L+transA=N+diag=N,policy-v1,policy,native/policy-v1,native-calibrated-v1,50000000,1,1,monotonic-batch
4,sptrsm+129x8+sparse-triangular+density=0.02+mode=oneshot+side=L+uplo=L+transA=N+diag=N,native/c/c-sparse/packed-4x4,5,2,1,4,37459,190566847,5087.344750260285,ns,ok,direct,oneshot,a038f25ac66821574b30392dc1d3b189cc287e2c,true,kotlin-native-2.4.10,1,3,200000000,sptrsm-v1+129x8+sparse-triangular+density=0.02+mode=oneshot+side=L+uplo=L+transA=N+diag=N,policy-v1,policy,native/policy-v1,native-calibrated-v1,50000000,1,1,monotonic-batch
4,sptrsm+129x8+sparse-triangular+density=0.02+mode=oneshot+side=L+uplo=L+transA=N+diag=N,native/c/c-sparse/packed-4x4,5,2,1,5,37459,191970373,5124.813075629355,ns,ok,direct,oneshot,a038f25ac66821574b30392dc1d3b189cc287e2c,true,kotlin-native-2.4.10,1,3,200000000,sptrsm-v1+129x8+sparse-triangular+density=0.02+mode=oneshot+side=L+uplo=L+transA=N+diag=N,policy-v1,policy,native/policy-v1,native-calibrated-v1,50000000,1,1,monotonic-batch
4,sptrmm+129x8+sparse-triangular+density=0.02+mode=oneshot+side=L+uplo=U+transA=T+diag=U,native/c/c-sparse/packed-4x4,5,2,1,1,43788,200302044,4574.359276514114,ns,ok,direct,oneshot,a038f25ac66821574b30392dc1d3b189cc287e2c,true,kotlin-native-2.4.10,1,3,200000000,sptrmm-v1+129x8+sparse-triangular+density=0.02+mode=oneshot+side=L+uplo=U+transA=T+diag=U,policy-v1,policy,native/policy-v1,native-calibrated-v1,50000000,1,1,monotonic-batch
4,sptrmm+129x8+sparse-triangular+density=0.02+mode=oneshot+side=L+uplo=U+transA=T+diag=U,native/c/c-sparse/packed-4x4,5,2,1,2,43788,204905321,4679.4857266831095,ns,ok,direct,oneshot,a038f25ac66821574b30392dc1d3b189cc287e2c,true,kotlin-native-2.4.10,1,3,200000000,sptrmm-v1+129x8+sparse-triangular+density=0.02+mode=oneshot+side=L+uplo=U+transA=T+diag=U,policy-v1,policy,native/policy-v1,native-calibrated-v1,50000000,1,1,monotonic-batch
4,sptrmm+129x8+sparse-triangular+density=0.02+mode=oneshot+side=L+uplo=U+transA=T+diag=U,native/c/c-sparse/packed-4x4,5,2,1,3,43788,201794088,4608.433543436558,ns,ok,direct,oneshot,a038f25ac66821574b30392dc1d3b189cc287e2c,true,kotlin-native-2.4.10,1,3,200000000,sptrmm-v1+129x8+sparse-triangular+density=0.02+mode=oneshot+side=L+uplo=U+transA=T+diag=U,policy-v1,policy,native/policy-v1,native-calibrated-v1,50000000,1,1,monotonic-batch
4,sptrmm+129x8+sparse-triangular+density=0.02+mode=oneshot+side=L+uplo=U+transA=T+diag=U,native/c/c-sparse/packed-4x4,5,2,1,4,43788,201422043,4599.937037544532,ns,ok,direct,oneshot,a038f25ac66821574b30392dc1d3b189cc287e2c,true,kotlin-native-2.4.10,1,3,200000000,sptrmm-v1+129x8+sparse-triangular+density=0.02+mode=oneshot+side=L+uplo=U+transA=T+diag=U,policy-v1,policy,native/policy-v1,native-calibrated-v1,50000000,1,1,monotonic-batch
4,sptrmm+129x8+sparse-triangular+density=0.02+mode=oneshot+side=L+uplo=U+transA=T+diag=U,native/c/c-sparse/packed-4x4,5,2,1,5,43788,201282056,4596.740111446058,ns,ok,direct,oneshot,a038f25ac66821574b30392dc1d3b189cc287e2c,true,kotlin-native-2.4.10,1,3,200000000,sptrmm-v1+129x8+sparse-triangular+density=0.02+mode=oneshot+side=L+uplo=U+transA=T+diag=U,policy-v1,policy,native/policy-v1,native-calibrated-v1,50000000,1,1,monotonic-batch
4,spsyrk-dense+129x65+sparse-uniform+density=0.02+uplo=U,native/c/c-sparse/packed-4x4,5,2,1,1,23722,203488266,8578.040047213557,ns,ok,direct,oneshot,a038f25ac66821574b30392dc1d3b189cc287e2c,true,kotlin-native-2.4.10,1,3,200000000,spsyrk-dense-v1+129x65+sparse-uniform+density=0.02+uplo=U,policy-v1,policy,native/policy-v1,native-calibrated-v1,50000000,1,1,monotonic-batch
4,spsyrk-dense+129x65+sparse-uniform+density=0.02+uplo=U,native/c/c-sparse/packed-4x4,5,2,1,2,23722,195258517,8231.115293820083,ns,ok,direct,oneshot,a038f25ac66821574b30392dc1d3b189cc287e2c,true,kotlin-native-2.4.10,1,3,200000000,spsyrk-dense-v1+129x65+sparse-uniform+density=0.02+uplo=U,policy-v1,policy,native/policy-v1,native-calibrated-v1,50000000,1,1,monotonic-batch
4,spsyrk-dense+129x65+sparse-uniform+density=0.02+uplo=U,native/c/c-sparse/packed-4x4,5,2,1,3,23722,201909671,8511.494435545064,ns,ok,direct,oneshot,a038f25ac66821574b30392dc1d3b189cc287e2c,true,kotlin-native-2.4.10,1,3,200000000,spsyrk-dense-v1+129x65+sparse-uniform+density=0.02+uplo=U,policy-v1,policy,native/policy-v1,native-calibrated-v1,50000000,1,1,monotonic-batch
4,spsyrk-dense+129x65+sparse-uniform+density=0.02+uplo=U,native/c/c-sparse/packed-4x4,5,2,1,4,23722,201222361,8482.520908860974,ns,ok,direct,oneshot,a038f25ac66821574b30392dc1d3b189cc287e2c,true,kotlin-native-2.4.10,1,3,200000000,spsyrk-dense-v1+129x65+sparse-uniform+density=0.02+uplo=U,policy-v1,policy,native/policy-v1,native-calibrated-v1,50000000,1,1,monotonic-batch
4,spsyrk-dense+129x65+sparse-uniform+density=0.02+uplo=U,native/c/c-sparse/packed-4x4,5,2,1,5,23722,206466964,8703.606947137678,ns,ok,direct,oneshot,a038f25ac66821574b30392dc1d3b189cc287e2c,true,kotlin-native-2.4.10,1,3,200000000,spsyrk-dense-v1+129x65+sparse-uniform+density=0.02+uplo=U,policy-v1,policy,native/policy-v1,native-calibrated-v1,50000000,1,1,monotonic-batch
4,spsyrk-sparse+129x65+sparse-uniform+density=0.02+uplo=L,native/c/c-sparse/packed-4x4,5,2,1,1,37143,202865750,5461.749185580055,ns,ok,partial,oneshot,a038f25ac66821574b30392dc1d3b189cc287e2c,true,kotlin-native-2.4.10,1,3,200000000,spsyrk-sparse-v1+129x65+sparse-uniform+density=0.02+uplo=L,policy-v1,policy,native/policy-v1,native-calibrated-v1,50000000,1,1,monotonic-batch
4,spsyrk-sparse+129x65+sparse-uniform+density=0.02+uplo=L,native/c/c-sparse/packed-4x4,5,2,1,2,37143,206274690,5553.527986430821,ns,ok,partial,oneshot,a038f25ac66821574b30392dc1d3b189cc287e2c,true,kotlin-native-2.4.10,1,3,200000000,spsyrk-sparse-v1+129x65+sparse-uniform+density=0.02+uplo=L,policy-v1,policy,native/policy-v1,native-calibrated-v1,50000000,1,1,monotonic-batch
4,spsyrk-sparse+129x65+sparse-uniform+density=0.02+uplo=L,native/c/c-sparse/packed-4x4,5,2,1,3,37143,208675622,5618.168214737636,ns,ok,partial,oneshot,a038f25ac66821574b30392dc1d3b189cc287e2c,true,kotlin-native-2.4.10,1,3,200000000,spsyrk-sparse-v1+129x65+sparse-uniform+density=0.02+uplo=L,policy-v1,policy,native/policy-v1,native-calibrated-v1,50000000,1,1,monotonic-batch
4,spsyrk-sparse+129x65+sparse-uniform+density=0.02+uplo=L,native/c/c-sparse/packed-4x4,5,2,1,4,37143,212297356,5715.676062784374,ns,ok,partial,oneshot,a038f25ac66821574b30392dc1d3b189cc287e2c,true,kotlin-native-2.4.10,1,3,200000000,spsyrk-sparse-v1+129x65+sparse-uniform+density=0.02+uplo=L,policy-v1,policy,native/policy-v1,native-calibrated-v1,50000000,1,1,monotonic-batch
4,spsyrk-sparse+129x65+sparse-uniform+density=0.02+uplo=L,native/c/c-sparse/packed-4x4,5,2,1,5,37143,213962250,5760.49995961554,ns,ok,partial,oneshot,a038f25ac66821574b30392dc1d3b189cc287e2c,true,kotlin-native-2.4.10,1,3,200000000,spsyrk-sparse-v1+129x65+sparse-uniform+density=0.02+uplo=L,policy-v1,policy,native/policy-v1,native-calibrated-v1,50000000,1,1,monotonic-batch
4,spadd+129x65+sparse-uniform+density=0.02,native/c/c-sparse/packed-4x4,5,2,1,1,93967,195109409,2076.3609458639735,ns,ok,partial,oneshot,a038f25ac66821574b30392dc1d3b189cc287e2c,true,kotlin-native-2.4.10,1,3,200000000,spadd-v1+129x65+sparse-uniform+density=0.02,policy-v1,policy,native/policy-v1,native-calibrated-v1,50000000,1,1,monotonic-batch
4,spadd+129x65+sparse-uniform+density=0.02,native/c/c-sparse/packed-4x4,5,2,1,2,93967,190798430,2030.4833611799888,ns,ok,partial,oneshot,a038f25ac66821574b30392dc1d3b189cc287e2c,true,kotlin-native-2.4.10,1,3,200000000,spadd-v1+129x65+sparse-uniform+density=0.02,policy-v1,policy,native/policy-v1,native-calibrated-v1,50000000,1,1,monotonic-batch
4,spadd+129x65+sparse-uniform+density=0.02,native/c/c-sparse/packed-4x4,5,2,1,3,93967,192608942,2049.7508912703397,ns,ok,partial,oneshot,a038f25ac66821574b30392dc1d3b189cc287e2c,true,kotlin-native-2.4.10,1,3,200000000,spadd-v1+129x65+sparse-uniform+density=0.02,policy-v1,policy,native/policy-v1,native-calibrated-v1,50000000,1,1,monotonic-batch
4,spadd+129x65+sparse-uniform+density=0.02,native/c/c-sparse/packed-4x4,5,2,1,4,93967,197052337,2097.037651515958,ns,ok,partial,oneshot,a038f25ac66821574b30392dc1d3b189cc287e2c,true,kotlin-native-2.4.10,1,3,200000000,spadd-v1+129x65+sparse-uniform+density=0.02,policy-v1,policy,native/policy-v1,native-calibrated-v1,50000000,1,1,monotonic-batch
4,spadd+129x65+sparse-uniform+density=0.02,native/c/c-sparse/packed-4x4,5,2,1,5,93967,181077927,1927.0374386752796,ns,ok,partial,oneshot,a038f25ac66821574b30392dc1d3b189cc287e2c,true,kotlin-native-2.4.10,1,3,200000000,spadd-v1+129x65+sparse-uniform+density=0.02,policy-v1,policy,native/policy-v1,native-calibrated-v1,50000000,1,1,monotonic-batch
4,sparse-slices-scatter+512+sparse-uniform+density=0.25,native/c/c-sparse/packed-4x4,5,2,1,1,410157,199161646,485.57417281675066,ns,ok,unsupported,sparse-slices,a038f25ac66821574b30392dc1d3b189cc287e2c,true,kotlin-native-2.4.10,1,3,200000000,sparse-slices-scatter-v1+512+sparse-uniform+density=0.25,policy-v1,policy,native/policy-v1,native-calibrated-v1,50000000,1,1,monotonic-batch
4,sparse-slices-scatter+512+sparse-uniform+density=0.25,native/c/c-sparse/packed-4x4,5,2,1,2,410157,219850955,536.0165863315755,ns,ok,unsupported,sparse-slices,a038f25ac66821574b30392dc1d3b189cc287e2c,true,kotlin-native-2.4.10,1,3,200000000,sparse-slices-scatter-v1+512+sparse-uniform+density=0.25,policy-v1,policy,native/policy-v1,native-calibrated-v1,50000000,1,1,monotonic-batch
4,sparse-slices-scatter+512+sparse-uniform+density=0.25,native/c/c-sparse/packed-4x4,5,2,1,3,410157,204745952,499.1892177873351,ns,ok,unsupported,sparse-slices,a038f25ac66821574b30392dc1d3b189cc287e2c,true,kotlin-native-2.4.10,1,3,200000000,sparse-slices-scatter-v1+512+sparse-uniform+density=0.25,policy-v1,policy,native/policy-v1,native-calibrated-v1,50000000,1,1,monotonic-batch
4,sparse-slices-scatter+512+sparse-uniform+density=0.25,native/c/c-sparse/packed-4x4,5,2,1,4,410157,202358803,493.3691318202542,ns,ok,unsupported,sparse-slices,a038f25ac66821574b30392dc1d3b189cc287e2c,true,kotlin-native-2.4.10,1,3,200000000,sparse-slices-scatter-v1+512+sparse-uniform+density=0.25,policy-v1,policy,native/policy-v1,native-calibrated-v1,50000000,1,1,monotonic-batch
4,sparse-slices-scatter+512+sparse-uniform+density=0.25,native/c/c-sparse/packed-4x4,5,2,1,5,410157,218688581,533.1826129994124,ns,ok,unsupported,sparse-slices,a038f25ac66821574b30392dc1d3b189cc287e2c,true,kotlin-native-2.4.10,1,3,200000000,sparse-slices-scatter-v1+512+sparse-uniform+density=0.25,policy-v1,policy,native/policy-v1,native-calibrated-v1,50000000,1,1,monotonic-batch
4,sparse-slices-scatter-checked+512+sparse-uniform+density=0.25,native/c/c-sparse/packed-4x4,5,2,1,1,294427,198401898,673.8576896819925,ns,ok,unsupported,sparse-slices,a038f25ac66821574b30392dc1d3b189cc287e2c,true,kotlin-native-2.4.10,1,3,200000000,sparse-slices-scatter-checked-v1+512+sparse-uniform+density=0.25,policy-v1,policy,native/policy-v1,native-calibrated-v1,50000000,1,1,monotonic-batch
4,sparse-slices-scatter-checked+512+sparse-uniform+density=0.25,native/c/c-sparse/packed-4x4,5,2,1,2,294427,199545380,677.7414435496745,ns,ok,unsupported,sparse-slices,a038f25ac66821574b30392dc1d3b189cc287e2c,true,kotlin-native-2.4.10,1,3,200000000,sparse-slices-scatter-checked-v1+512+sparse-uniform+density=0.25,policy-v1,policy,native/policy-v1,native-calibrated-v1,50000000,1,1,monotonic-batch
4,sparse-slices-scatter-checked+512+sparse-uniform+density=0.25,native/c/c-sparse/packed-4x4,5,2,1,3,294427,200523829,681.0646747750716,ns,ok,unsupported,sparse-slices,a038f25ac66821574b30392dc1d3b189cc287e2c,true,kotlin-native-2.4.10,1,3,200000000,sparse-slices-scatter-checked-v1+512+sparse-uniform+density=0.25,policy-v1,policy,native/policy-v1,native-calibrated-v1,50000000,1,1,monotonic-batch
4,sparse-slices-scatter-checked+512+sparse-uniform+density=0.25,native/c/c-sparse/packed-4x4,5,2,1,4,294427,201165240,683.243180822411,ns,ok,unsupported,sparse-slices,a038f25ac66821574b30392dc1d3b189cc287e2c,true,kotlin-native-2.4.10,1,3,200000000,sparse-slices-scatter-checked-v1+512+sparse-uniform+density=0.25,policy-v1,policy,native/policy-v1,native-calibrated-v1,50000000,1,1,monotonic-batch
4,sparse-slices-scatter-checked+512+sparse-uniform+density=0.25,native/c/c-sparse/packed-4x4,5,2,1,5,294427,200074894,679.5398995336705,ns,ok,unsupported,sparse-slices,a038f25ac66821574b30392dc1d3b189cc287e2c,true,kotlin-native-2.4.10,1,3,200000000,sparse-slices-scatter-checked-v1+512+sparse-uniform+density=0.25,policy-v1,policy,native/policy-v1,native-calibrated-v1,50000000,1,1,monotonic-batch
4,sparse-slices-gather+512+sparse-uniform+density=0.25,native/c/c-sparse/packed-4x4,5,2,1,1,758678,204005998,268.89668344146,ns,ok,unsupported,sparse-slices,a038f25ac66821574b30392dc1d3b189cc287e2c,true,kotlin-native-2.4.10,1,3,200000000,sparse-slices-gather-v1+512+sparse-uniform+density=0.25,policy-v1,policy,native/policy-v1,native-calibrated-v1,50000000,1,1,monotonic-batch
4,sparse-slices-gather+512+sparse-uniform+density=0.25,native/c/c-sparse/packed-4x4,5,2,1,2,758678,196984507,259.6417808345569,ns,ok,unsupported,sparse-slices,a038f25ac66821574b30392dc1d3b189cc287e2c,true,kotlin-native-2.4.10,1,3,200000000,sparse-slices-gather-v1+512+sparse-uniform+density=0.25,policy-v1,policy,native/policy-v1,native-calibrated-v1,50000000,1,1,monotonic-batch
4,sparse-slices-gather+512+sparse-uniform+density=0.25,native/c/c-sparse/packed-4x4,5,2,1,3,758678,196607552,259.1449231426244,ns,ok,unsupported,sparse-slices,a038f25ac66821574b30392dc1d3b189cc287e2c,true,kotlin-native-2.4.10,1,3,200000000,sparse-slices-gather-v1+512+sparse-uniform+density=0.25,policy-v1,policy,native/policy-v1,native-calibrated-v1,50000000,1,1,monotonic-batch
4,sparse-slices-gather+512+sparse-uniform+density=0.25,native/c/c-sparse/packed-4x4,5,2,1,4,758678,194868853,256.8531748646989,ns,ok,unsupported,sparse-slices,a038f25ac66821574b30392dc1d3b189cc287e2c,true,kotlin-native-2.4.10,1,3,200000000,sparse-slices-gather-v1+512+sparse-uniform+density=0.25,policy-v1,policy,native/policy-v1,native-calibrated-v1,50000000,1,1,monotonic-batch
4,sparse-slices-gather+512+sparse-uniform+density=0.25,native/c/c-sparse/packed-4x4,5,2,1,5,758678,194975979,256.9943757430689,ns,ok,unsupported,sparse-slices,a038f25ac66821574b30392dc1d3b189cc287e2c,true,kotlin-native-2.4.10,1,3,200000000,sparse-slices-gather-v1+512+sparse-uniform+density=0.25,policy-v1,policy,native/policy-v1,native-calibrated-v1,50000000,1,1,monotonic-batch
4,sparse-slices-gather-clear+512+sparse-uniform+density=0.25,native/c/c-sparse/packed-4x4,5,2,1,1,562667,201180225,357.5475814291579,ns,ok,unsupported,sparse-slices,a038f25ac66821574b30392dc1d3b189cc287e2c,true,kotlin-native-2.4.10,1,3,200000000,sparse-slices-gather-clear-v1+512+sparse-uniform+density=0.25,policy-v1,policy,native/policy-v1,native-calibrated-v1,50000000,1,1,monotonic-batch
4,sparse-slices-gather-clear+512+sparse-uniform+density=0.25,native/c/c-sparse/packed-4x4,5,2,1,2,562667,203113347,360.98322275875427,ns,ok,unsupported,sparse-slices,a038f25ac66821574b30392dc1d3b189cc287e2c,true,kotlin-native-2.4.10,1,3,200000000,sparse-slices-gather-clear-v1+512+sparse-uniform+density=0.25,policy-v1,policy,native/policy-v1,native-calibrated-v1,50000000,1,1,monotonic-batch
4,sparse-slices-gather-clear+512+sparse-uniform+density=0.25,native/c/c-sparse/packed-4x4,5,2,1,3,562667,200952598,357.1430313133701,ns,ok,unsupported,sparse-slices,a038f25ac66821574b30392dc1d3b189cc287e2c,true,kotlin-native-2.4.10,1,3,200000000,sparse-slices-gather-clear-v1+512+sparse-uniform+density=0.25,policy-v1,policy,native/policy-v1,native-calibrated-v1,50000000,1,1,monotonic-batch
4,sparse-slices-gather-clear+512+sparse-uniform+density=0.25,native/c/c-sparse/packed-4x4,5,2,1,4,562667,200066507,355.56822596669076,ns,ok,unsupported,sparse-slices,a038f25ac66821574b30392dc1d3b189cc287e2c,true,kotlin-native-2.4.10,1,3,200000000,sparse-slices-gather-clear-v1+512+sparse-uniform+density=0.25,policy-v1,policy,native/policy-v1,native-calibrated-v1,50000000,1,1,monotonic-batch
4,sparse-slices-gather-clear+512+sparse-uniform+density=0.25,native/c/c-sparse/packed-4x4,5,2,1,5,562667,201755333,358.56969219804967,ns,ok,unsupported,sparse-slices,a038f25ac66821574b30392dc1d3b189cc287e2c,true,kotlin-native-2.4.10,1,3,200000000,sparse-slices-gather-clear-v1+512+sparse-uniform+density=0.25,policy-v1,policy,native/policy-v1,native-calibrated-v1,50000000,1,1,monotonic-batch
4,sparse-slices-clear+512+sparse-uniform+density=0.25,native/c/c-sparse/packed-4x4,5,2,1,1,702167,199693179,284.39556259408374,ns,ok,unsupported,sparse-slices,a038f25ac66821574b30392dc1d3b189cc287e2c,true,kotlin-native-2.4.10,1,3,200000000,sparse-slices-clear-v1+512+sparse-uniform+density=0.25,policy-v1,policy,native/policy-v1,native-calibrated-v1,50000000,1,1,monotonic-batch
4,sparse-slices-clear+512+sparse-uniform+density=0.25,native/c/c-sparse/packed-4x4,5,2,1,2,702167,199944045,284.7528365759143,ns,ok,unsupported,sparse-slices,a038f25ac66821574b30392dc1d3b189cc287e2c,true,kotlin-native-2.4.10,1,3,200000000,sparse-slices-clear-v1+512+sparse-uniform+density=0.25,policy-v1,policy,native/policy-v1,native-calibrated-v1,50000000,1,1,monotonic-batch
4,sparse-slices-clear+512+sparse-uniform+density=0.25,native/c/c-sparse/packed-4x4,5,2,1,3,702167,203140821,289.30556548513385,ns,ok,unsupported,sparse-slices,a038f25ac66821574b30392dc1d3b189cc287e2c,true,kotlin-native-2.4.10,1,3,200000000,sparse-slices-clear-v1+512+sparse-uniform+density=0.25,policy-v1,policy,native/policy-v1,native-calibrated-v1,50000000,1,1,monotonic-batch
4,sparse-slices-clear+512+sparse-uniform+density=0.25,native/c/c-sparse/packed-4x4,5,2,1,4,702167,201827690,287.43545338929346,ns,ok,unsupported,sparse-slices,a038f25ac66821574b30392dc1d3b189cc287e2c,true,kotlin-native-2.4.10,1,3,200000000,sparse-slices-clear-v1+512+sparse-uniform+density=0.25,policy-v1,policy,native/policy-v1,native-calibrated-v1,50000000,1,1,monotonic-batch
4,sparse-slices-clear+512+sparse-uniform+density=0.25,native/c/c-sparse/packed-4x4,5,2,1,5,702167,200788881,285.9560204338854,ns,ok,unsupported,sparse-slices,a038f25ac66821574b30392dc1d3b189cc287e2c,true,kotlin-native-2.4.10,1,3,200000000,sparse-slices-clear-v1+512+sparse-uniform+density=0.25,policy-v1,policy,native/policy-v1,native-calibrated-v1,50000000,1,1,monotonic-batch
4,sparse-slices-clear-local+512+sparse-uniform+density=0.25,native/c/c-sparse/packed-4x4,5,2,1,1,943212,200128985,212.1781582507432,ns,ok,unsupported,sparse-slices,a038f25ac66821574b30392dc1d3b189cc287e2c,true,kotlin-native-2.4.10,1,3,200000000,sparse-slices-clear-local-v1+512+sparse-uniform+density=0.25,policy-v1,policy,native/policy-v1,native-calibrated-v1,50000000,1,1,monotonic-batch
4,sparse-slices-clear-local+512+sparse-uniform+density=0.25,native/c/c-sparse/packed-4x4,5,2,1,2,943212,201025850,213.1290208351887,ns,ok,unsupported,sparse-slices,a038f25ac66821574b30392dc1d3b189cc287e2c,true,kotlin-native-2.4.10,1,3,200000000,sparse-slices-clear-local-v1+512+sparse-uniform+density=0.25,policy-v1,policy,native/policy-v1,native-calibrated-v1,50000000,1,1,monotonic-batch
4,sparse-slices-clear-local+512+sparse-uniform+density=0.25,native/c/c-sparse/packed-4x4,5,2,1,3,943212,205446328,217.8156427187101,ns,ok,unsupported,sparse-slices,a038f25ac66821574b30392dc1d3b189cc287e2c,true,kotlin-native-2.4.10,1,3,200000000,sparse-slices-clear-local-v1+512+sparse-uniform+density=0.25,policy-v1,policy,native/policy-v1,native-calibrated-v1,50000000,1,1,monotonic-batch
4,sparse-slices-clear-local+512+sparse-uniform+density=0.25,native/c/c-sparse/packed-4x4,5,2,1,4,943212,202130140,214.29979686433165,ns,ok,unsupported,sparse-slices,a038f25ac66821574b30392dc1d3b189cc287e2c,true,kotlin-native-2.4.10,1,3,200000000,sparse-slices-clear-local-v1+512+sparse-uniform+density=0.25,policy-v1,policy,native/policy-v1,native-calibrated-v1,50000000,1,1,monotonic-batch
4,sparse-slices-clear-local+512+sparse-uniform+density=0.25,native/c/c-sparse/packed-4x4,5,2,1,5,943212,201596885,213.73443616069346,ns,ok,unsupported,sparse-slices,a038f25ac66821574b30392dc1d3b189cc287e2c,true,kotlin-native-2.4.10,1,3,200000000,sparse-slices-clear-local-v1+512+sparse-uniform+density=0.25,policy-v1,policy,native/policy-v1,native-calibrated-v1,50000000,1,1,monotonic-batch
4,sparse-slices-reduce-dot-checked+512+sparse-uniform+density=0.25,native/c/c-sparse/packed-4x4,5,2,1,1,362729,199598496,550.2689225289404,ns,ok,unsupported,sparse-slices,a038f25ac66821574b30392dc1d3b189cc287e2c,true,kotlin-native-2.4.10,1,3,200000000,sparse-slices-reduce-dot-checked-v1+512+sparse-uniform+density=0.25,policy-v1,policy,native/policy-v1,native-calibrated-v1,50000000,1,1,monotonic-batch
4,sparse-slices-reduce-dot-checked+512+sparse-uniform+density=0.25,native/c/c-sparse/packed-4x4,5,2,1,2,362729,200856237,553.7363624082993,ns,ok,unsupported,sparse-slices,a038f25ac66821574b30392dc1d3b189cc287e2c,true,kotlin-native-2.4.10,1,3,200000000,sparse-slices-reduce-dot-checked-v1+512+sparse-uniform+density=0.25,policy-v1,policy,native/policy-v1,native-calibrated-v1,50000000,1,1,monotonic-batch
4,sparse-slices-reduce-dot-checked+512+sparse-uniform+density=0.25,native/c/c-sparse/packed-4x4,5,2,1,3,362729,200608793,553.0541892156403,ns,ok,unsupported,sparse-slices,a038f25ac66821574b30392dc1d3b189cc287e2c,true,kotlin-native-2.4.10,1,3,200000000,sparse-slices-reduce-dot-checked-v1+512+sparse-uniform+density=0.25,policy-v1,policy,native/policy-v1,native-calibrated-v1,50000000,1,1,monotonic-batch
4,sparse-slices-reduce-dot-checked+512+sparse-uniform+density=0.25,native/c/c-sparse/packed-4x4,5,2,1,4,362729,199989565,551.3470524827075,ns,ok,unsupported,sparse-slices,a038f25ac66821574b30392dc1d3b189cc287e2c,true,kotlin-native-2.4.10,1,3,200000000,sparse-slices-reduce-dot-checked-v1+512+sparse-uniform+density=0.25,policy-v1,policy,native/policy-v1,native-calibrated-v1,50000000,1,1,monotonic-batch
4,sparse-slices-reduce-dot-checked+512+sparse-uniform+density=0.25,native/c/c-sparse/packed-4x4,5,2,1,5,362729,199338637,549.5525226822228,ns,ok,unsupported,sparse-slices,a038f25ac66821574b30392dc1d3b189cc287e2c,true,kotlin-native-2.4.10,1,3,200000000,sparse-slices-reduce-dot-checked-v1+512+sparse-uniform+density=0.25,policy-v1,policy,native/policy-v1,native-calibrated-v1,50000000,1,1,monotonic-batch
4,sparse-slices-reduce-dot-local+512+sparse-uniform+density=0.25,native/c/c-sparse/packed-4x4,5,2,1,1,486575,192032069,394.66077994142734,ns,ok,unsupported,sparse-slices,a038f25ac66821574b30392dc1d3b189cc287e2c,true,kotlin-native-2.4.10,1,3,200000000,sparse-slices-reduce-dot-local-v1+512+sparse-uniform+density=0.25,policy-v1,policy,native/policy-v1,native-calibrated-v1,50000000,1,1,monotonic-batch
4,sparse-slices-reduce-dot-local+512+sparse-uniform+density=0.25,native/c/c-sparse/packed-4x4,5,2,1,2,486575,196780728,404.4201366695782,ns,ok,unsupported,sparse-slices,a038f25ac66821574b30392dc1d3b189cc287e2c,true,kotlin-native-2.4.10,1,3,200000000,sparse-slices-reduce-dot-local-v1+512+sparse-uniform+density=0.25,policy-v1,policy,native/policy-v1,native-calibrated-v1,50000000,1,1,monotonic-batch
4,sparse-slices-reduce-dot-local+512+sparse-uniform+density=0.25,native/c/c-sparse/packed-4x4,5,2,1,3,486575,198918563,408.8137758824436,ns,ok,unsupported,sparse-slices,a038f25ac66821574b30392dc1d3b189cc287e2c,true,kotlin-native-2.4.10,1,3,200000000,sparse-slices-reduce-dot-local-v1+512+sparse-uniform+density=0.25,policy-v1,policy,native/policy-v1,native-calibrated-v1,50000000,1,1,monotonic-batch
4,sparse-slices-reduce-dot-local+512+sparse-uniform+density=0.25,native/c/c-sparse/packed-4x4,5,2,1,4,486575,196241896,403.31273904331294,ns,ok,unsupported,sparse-slices,a038f25ac66821574b30392dc1d3b189cc287e2c,true,kotlin-native-2.4.10,1,3,200000000,sparse-slices-reduce-dot-local-v1+512+sparse-uniform+density=0.25,policy-v1,policy,native/policy-v1,native-calibrated-v1,50000000,1,1,monotonic-batch
4,sparse-slices-reduce-dot-local+512+sparse-uniform+density=0.25,native/c/c-sparse/packed-4x4,5,2,1,5,486575,195824416,402.45474181780816,ns,ok,unsupported,sparse-slices,a038f25ac66821574b30392dc1d3b189cc287e2c,true,kotlin-native-2.4.10,1,3,200000000,sparse-slices-reduce-dot-local-v1+512+sparse-uniform+density=0.25,policy-v1,policy,native/policy-v1,native-calibrated-v1,50000000,1,1,monotonic-batch
4,sparse-slices-reduce-dot-unchecked+512+sparse-uniform+density=0.25,native/c/c-sparse/packed-4x4,5,2,1,1,1000000,187267236,187.267236,ns,ok,unsupported,sparse-slices,a038f25ac66821574b30392dc1d3b189cc287e2c,true,kotlin-native-2.4.10,1,3,200000000,sparse-slices-reduce-dot-unchecked-v1+512+sparse-uniform+density=0.25,policy-v1,policy,native/policy-v1,native-calibrated-v1,50000000,1,1,monotonic-batch
4,sparse-slices-reduce-dot-unchecked+512+sparse-uniform+density=0.25,native/c/c-sparse/packed-4x4,5,2,1,2,1000000,191745940,191.74594,ns,ok,unsupported,sparse-slices,a038f25ac66821574b30392dc1d3b189cc287e2c,true,kotlin-native-2.4.10,1,3,200000000,sparse-slices-reduce-dot-unchecked-v1+512+sparse-uniform+density=0.25,policy-v1,policy,native/policy-v1,native-calibrated-v1,50000000,1,1,monotonic-batch
4,sparse-slices-reduce-dot-unchecked+512+sparse-uniform+density=0.25,native/c/c-sparse/packed-4x4,5,2,1,3,1000000,184398251,184.398251,ns,ok,unsupported,sparse-slices,a038f25ac66821574b30392dc1d3b189cc287e2c,true,kotlin-native-2.4.10,1,3,200000000,sparse-slices-reduce-dot-unchecked-v1+512+sparse-uniform+density=0.25,policy-v1,policy,native/policy-v1,native-calibrated-v1,50000000,1,1,monotonic-batch
4,sparse-slices-reduce-dot-unchecked+512+sparse-uniform+density=0.25,native/c/c-sparse/packed-4x4,5,2,1,4,1000000,188135898,188.135898,ns,ok,unsupported,sparse-slices,a038f25ac66821574b30392dc1d3b189cc287e2c,true,kotlin-native-2.4.10,1,3,200000000,sparse-slices-reduce-dot-unchecked-v1+512+sparse-uniform+density=0.25,policy-v1,policy,native/policy-v1,native-calibrated-v1,50000000,1,1,monotonic-batch
4,sparse-slices-reduce-dot-unchecked+512+sparse-uniform+density=0.25,native/c/c-sparse/packed-4x4,5,2,1,5,1000000,197087431,197.087431,ns,ok,unsupported,sparse-slices,a038f25ac66821574b30392dc1d3b189cc287e2c,true,kotlin-native-2.4.10,1,3,200000000,sparse-slices-reduce-dot-unchecked-v1+512+sparse-uniform+density=0.25,policy-v1,policy,native/policy-v1,native-calibrated-v1,50000000,1,1,monotonic-batch
4,sparse-slices-max+512+sparse-uniform+density=0.25,native/c/c-sparse/packed-4x4,5,2,1,1,640697,199641042,311.59977649341266,ns,ok,unsupported,sparse-slices,a038f25ac66821574b30392dc1d3b189cc287e2c,true,kotlin-native-2.4.10,1,3,200000000,sparse-slices-max-v1+512+sparse-uniform+density=0.25,policy-v1,policy,native/policy-v1,native-calibrated-v1,50000000,1,1,monotonic-batch
4,sparse-slices-max+512+sparse-uniform+density=0.25,native/c/c-sparse/packed-4x4,5,2,1,2,640697,199443764,311.29186495332425,ns,ok,unsupported,sparse-slices,a038f25ac66821574b30392dc1d3b189cc287e2c,true,kotlin-native-2.4.10,1,3,200000000,sparse-slices-max-v1+512+sparse-uniform+density=0.25,policy-v1,policy,native/policy-v1,native-calibrated-v1,50000000,1,1,monotonic-batch
4,sparse-slices-max+512+sparse-uniform+density=0.25,native/c/c-sparse/packed-4x4,5,2,1,3,640697,200172532,312.42932618694954,ns,ok,unsupported,sparse-slices,a038f25ac66821574b30392dc1d3b189cc287e2c,true,kotlin-native-2.4.10,1,3,200000000,sparse-slices-max-v1+512+sparse-uniform+density=0.25,policy-v1,policy,native/policy-v1,native-calibrated-v1,50000000,1,1,monotonic-batch
4,sparse-slices-max+512+sparse-uniform+density=0.25,native/c/c-sparse/packed-4x4,5,2,1,4,640697,200083015,312.289608036248,ns,ok,unsupported,sparse-slices,a038f25ac66821574b30392dc1d3b189cc287e2c,true,kotlin-native-2.4.10,1,3,200000000,sparse-slices-max-v1+512+sparse-uniform+density=0.25,policy-v1,policy,native/policy-v1,native-calibrated-v1,50000000,1,1,monotonic-batch
4,sparse-slices-max+512+sparse-uniform+density=0.25,native/c/c-sparse/packed-4x4,5,2,1,5,640697,199501681,311.3822618179888,ns,ok,unsupported,sparse-slices,a038f25ac66821574b30392dc1d3b189cc287e2c,true,kotlin-native-2.4.10,1,3,200000000,sparse-slices-max-v1+512+sparse-uniform+density=0.25,policy-v1,policy,native/policy-v1,native-calibrated-v1,50000000,1,1,monotonic-batch
4,sparse-slices-filter+512+sparse-uniform+density=0.25,native/c/c-sparse/packed-4x4,5,2,1,1,536159,200396619,373.7634153301539,ns,ok,unsupported,sparse-slices,a038f25ac66821574b30392dc1d3b189cc287e2c,true,kotlin-native-2.4.10,1,3,200000000,sparse-slices-filter-v1+512+sparse-uniform+density=0.25,policy-v1,policy,native/policy-v1,native-calibrated-v1,50000000,1,1,monotonic-batch
4,sparse-slices-filter+512+sparse-uniform+density=0.25,native/c/c-sparse/packed-4x4,5,2,1,2,536159,200691235,374.31290904377244,ns,ok,unsupported,sparse-slices,a038f25ac66821574b30392dc1d3b189cc287e2c,true,kotlin-native-2.4.10,1,3,200000000,sparse-slices-filter-v1+512+sparse-uniform+density=0.25,policy-v1,policy,native/policy-v1,native-calibrated-v1,50000000,1,1,monotonic-batch
4,sparse-slices-filter+512+sparse-uniform+density=0.25,native/c/c-sparse/packed-4x4,5,2,1,3,536159,200465613,373.8920973069556,ns,ok,unsupported,sparse-slices,a038f25ac66821574b30392dc1d3b189cc287e2c,true,kotlin-native-2.4.10,1,3,200000000,sparse-slices-filter-v1+512+sparse-uniform+density=0.25,policy-v1,policy,native/policy-v1,native-calibrated-v1,50000000,1,1,monotonic-batch
4,sparse-slices-filter+512+sparse-uniform+density=0.25,native/c/c-sparse/packed-4x4,5,2,1,4,536159,201302338,375.45268847487404,ns,ok,unsupported,sparse-slices,a038f25ac66821574b30392dc1d3b189cc287e2c,true,kotlin-native-2.4.10,1,3,200000000,sparse-slices-filter-v1+512+sparse-uniform+density=0.25,policy-v1,policy,native/policy-v1,native-calibrated-v1,50000000,1,1,monotonic-batch
4,sparse-slices-filter+512+sparse-uniform+density=0.25,native/c/c-sparse/packed-4x4,5,2,1,5,536159,200754261,374.4304599941435,ns,ok,unsupported,sparse-slices,a038f25ac66821574b30392dc1d3b189cc287e2c,true,kotlin-native-2.4.10,1,3,200000000,sparse-slices-filter-v1+512+sparse-uniform+density=0.25,policy-v1,policy,native/policy-v1,native-calibrated-v1,50000000,1,1,monotonic-batch
4,gemm+257x3x1+uniform,native/c/c-sparse/packed-4x4,5,2,1,1,42838,207159498,4835.88164713572,ns,ok,direct,reset-and-arithmetic,a038f25ac66821574b30392dc1d3b189cc287e2c,true,kotlin-native-2.4.10,1,3,200000000,gemm-v1+257x3x1+uniform,policy-v1,policy,native/policy-v1,native-calibrated-v1,50000000,1,1,monotonic-batch
4,gemm+257x3x1+uniform,native/c/c-sparse/packed-4x4,5,2,1,2,42838,214678675,5011.407512022037,ns,ok,direct,reset-and-arithmetic,a038f25ac66821574b30392dc1d3b189cc287e2c,true,kotlin-native-2.4.10,1,3,200000000,gemm-v1+257x3x1+uniform,policy-v1,policy,native/policy-v1,native-calibrated-v1,50000000,1,1,monotonic-batch
4,gemm+257x3x1+uniform,native/c/c-sparse/packed-4x4,5,2,1,3,42838,211047905,4926.651687753863,ns,ok,direct,reset-and-arithmetic,a038f25ac66821574b30392dc1d3b189cc287e2c,true,kotlin-native-2.4.10,1,3,200000000,gemm-v1+257x3x1+uniform,policy-v1,policy,native/policy-v1,native-calibrated-v1,50000000,1,1,monotonic-batch
4,gemm+257x3x1+uniform,native/c/c-sparse/packed-4x4,5,2,1,4,42838,208602897,4869.576007283254,ns,ok,direct,reset-and-arithmetic,a038f25ac66821574b30392dc1d3b189cc287e2c,true,kotlin-native-2.4.10,1,3,200000000,gemm-v1+257x3x1+uniform,policy-v1,policy,native/policy-v1,native-calibrated-v1,50000000,1,1,monotonic-batch
4,gemm+257x3x1+uniform,native/c/c-sparse/packed-4x4,5,2,1,5,42838,208269821,4861.800761006583,ns,ok,direct,reset-and-arithmetic,a038f25ac66821574b30392dc1d3b189cc287e2c,true,kotlin-native-2.4.10,1,3,200000000,gemm-v1+257x3x1+uniform,policy-v1,policy,native/policy-v1,native-calibrated-v1,50000000,1,1,monotonic-batch
4,gemm+3x257x33+uniform,native/c/c-sparse/packed-4x4,5,2,1,1,7272,199860143,27483.51801430143,ns,ok,direct,reset-and-arithmetic,a038f25ac66821574b30392dc1d3b189cc287e2c,true,kotlin-native-2.4.10,1,3,200000000,gemm-v1+3x257x33+uniform,policy-v1,policy,native/policy-v1,native-calibrated-v1,50000000,1,1,monotonic-batch
4,gemm+3x257x33+uniform,native/c/c-sparse/packed-4x4,5,2,1,2,7272,199217306,27395.11908690869,ns,ok,direct,reset-and-arithmetic,a038f25ac66821574b30392dc1d3b189cc287e2c,true,kotlin-native-2.4.10,1,3,200000000,gemm-v1+3x257x33+uniform,policy-v1,policy,native/policy-v1,native-calibrated-v1,50000000,1,1,monotonic-batch
4,gemm+3x257x33+uniform,native/c/c-sparse/packed-4x4,5,2,1,3,7272,199966855,27498.192381738172,ns,ok,direct,reset-and-arithmetic,a038f25ac66821574b30392dc1d3b189cc287e2c,true,kotlin-native-2.4.10,1,3,200000000,gemm-v1+3x257x33+uniform,policy-v1,policy,native/policy-v1,native-calibrated-v1,50000000,1,1,monotonic-batch
4,gemm+3x257x33+uniform,native/c/c-sparse/packed-4x4,5,2,1,4,7272,198347321,27275.48418591859,ns,ok,direct,reset-and-arithmetic,a038f25ac66821574b30392dc1d3b189cc287e2c,true,kotlin-native-2.4.10,1,3,200000000,gemm-v1+3x257x33+uniform,policy-v1,policy,native/policy-v1,native-calibrated-v1,50000000,1,1,monotonic-batch
4,gemm+3x257x33+uniform,native/c/c-sparse/packed-4x4,5,2,1,5,7272,198639099,27315.60767326733,ns,ok,direct,reset-and-arithmetic,a038f25ac66821574b30392dc1d3b189cc287e2c,true,kotlin-native-2.4.10,1,3,200000000,gemm-v1+3x257x33+uniform,policy-v1,policy,native/policy-v1,native-calibrated-v1,50000000,1,1,monotonic-batch
4,gemm+127x5x65+uniform,native/c/c-sparse/packed-4x4,5,2,1,1,7069,196426878,27787.08134106663,ns,ok,direct,reset-and-arithmetic,a038f25ac66821574b30392dc1d3b189cc287e2c,true,kotlin-native-2.4.10,1,3,200000000,gemm-v1+127x5x65+uniform,policy-v1,policy,native/policy-v1,native-calibrated-v1,50000000,1,1,monotonic-batch
4,gemm+127x5x65+uniform,native/c/c-sparse/packed-4x4,5,2,1,2,7069,196229549,27759.166643089546,ns,ok,direct,reset-and-arithmetic,a038f25ac66821574b30392dc1d3b189cc287e2c,true,kotlin-native-2.4.10,1,3,200000000,gemm-v1+127x5x65+uniform,policy-v1,policy,native/policy-v1,native-calibrated-v1,50000000,1,1,monotonic-batch
4,gemm+127x5x65+uniform,native/c/c-sparse/packed-4x4,5,2,1,3,7069,195503023,27656.390295657093,ns,ok,direct,reset-and-arithmetic,a038f25ac66821574b30392dc1d3b189cc287e2c,true,kotlin-native-2.4.10,1,3,200000000,gemm-v1+127x5x65+uniform,policy-v1,policy,native/policy-v1,native-calibrated-v1,50000000,1,1,monotonic-batch
4,gemm+127x5x65+uniform,native/c/c-sparse/packed-4x4,5,2,1,4,7069,197331283,27915.020936483237,ns,ok,direct,reset-and-arithmetic,a038f25ac66821574b30392dc1d3b189cc287e2c,true,kotlin-native-2.4.10,1,3,200000000,gemm-v1+127x5x65+uniform,policy-v1,policy,native/policy-v1,native-calibrated-v1,50000000,1,1,monotonic-batch
4,gemm+127x5x65+uniform,native/c/c-sparse/packed-4x4,5,2,1,5,7069,195572230,27666.180506436554,ns,ok,direct,reset-and-arithmetic,a038f25ac66821574b30392dc1d3b189cc287e2c,true,kotlin-native-2.4.10,1,3,200000000,gemm-v1+127x5x65+uniform,policy-v1,policy,native/policy-v1,native-calibrated-v1,50000000,1,1,monotonic-batch
4,trsm+65x1+triangular+side=L+uplo=L+transA=N+diag=N,native/c/c-sparse/packed-4x4,5,2,1,1,84492,213166430,2522.918501159873,ns,ok,direct,reset-and-arithmetic,a038f25ac66821574b30392dc1d3b189cc287e2c,true,kotlin-native-2.4.10,1,3,200000000,trsm-v1+65x1+triangular+side=L+uplo=L+transA=N+diag=N,policy-v1,policy,native/policy-v1,native-calibrated-v1,50000000,1,1,monotonic-batch
4,trsm+65x1+triangular+side=L+uplo=L+transA=N+diag=N,native/c/c-sparse/packed-4x4,5,2,1,2,84492,211044575,2497.805413530275,ns,ok,direct,reset-and-arithmetic,a038f25ac66821574b30392dc1d3b189cc287e2c,true,kotlin-native-2.4.10,1,3,200000000,trsm-v1+65x1+triangular+side=L+uplo=L+transA=N+diag=N,policy-v1,policy,native/policy-v1,native-calibrated-v1,50000000,1,1,monotonic-batch
4,trsm+65x1+triangular+side=L+uplo=L+transA=N+diag=N,native/c/c-sparse/packed-4x4,5,2,1,3,84492,212138380,2510.7510770250437,ns,ok,direct,reset-and-arithmetic,a038f25ac66821574b30392dc1d3b189cc287e2c,true,kotlin-native-2.4.10,1,3,200000000,trsm-v1+65x1+triangular+side=L+uplo=L+transA=N+diag=N,policy-v1,policy,native/policy-v1,native-calibrated-v1,50000000,1,1,monotonic-batch
4,trsm+65x1+triangular+side=L+uplo=L+transA=N+diag=N,native/c/c-sparse/packed-4x4,5,2,1,4,84492,211267660,2500.4457226719687,ns,ok,direct,reset-and-arithmetic,a038f25ac66821574b30392dc1d3b189cc287e2c,true,kotlin-native-2.4.10,1,3,200000000,trsm-v1+65x1+triangular+side=L+uplo=L+transA=N+diag=N,policy-v1,policy,native/policy-v1,native-calibrated-v1,50000000,1,1,monotonic-batch
4,trsm+65x1+triangular+side=L+uplo=L+transA=N+diag=N,native/c/c-sparse/packed-4x4,5,2,1,5,84492,215651536,2552.3308242200446,ns,ok,direct,reset-and-arithmetic,a038f25ac66821574b30392dc1d3b189cc287e2c,true,kotlin-native-2.4.10,1,3,200000000,trsm-v1+65x1+triangular+side=L+uplo=L+transA=N+diag=N,policy-v1,policy,native/policy-v1,native-calibrated-v1,50000000,1,1,monotonic-batch
4,trsm+65x33+triangular+side=L+uplo=U+transA=T+diag=U,native/c/c-sparse/packed-4x4,5,2,1,1,3710,136547962,36805.38059299191,ns,ok,direct,reset-and-arithmetic,a038f25ac66821574b30392dc1d3b189cc287e2c,true,kotlin-native-2.4.10,1,3,200000000,trsm-v1+65x33+triangular+side=L+uplo=U+transA=T+diag=U,policy-v1,policy,native/policy-v1,native-calibrated-v1,50000000,1,1,monotonic-batch
4,trsm+65x33+triangular+side=L+uplo=U+transA=T+diag=U,native/c/c-sparse/packed-4x4,5,2,1,2,3710,135359014,36484.90943396226,ns,ok,direct,reset-and-arithmetic,a038f25ac66821574b30392dc1d3b189cc287e2c,true,kotlin-native-2.4.10,1,3,200000000,trsm-v1+65x33+triangular+side=L+uplo=U+transA=T+diag=U,policy-v1,policy,native/policy-v1,native-calibrated-v1,50000000,1,1,monotonic-batch
4,trsm+65x33+triangular+side=L+uplo=U+transA=T+diag=U,native/c/c-sparse/packed-4x4,5,2,1,3,3710,136964921,36917.76846361186,ns,ok,direct,reset-and-arithmetic,a038f25ac66821574b30392dc1d3b189cc287e2c,true,kotlin-native-2.4.10,1,3,200000000,trsm-v1+65x33+triangular+side=L+uplo=U+transA=T+diag=U,policy-v1,policy,native/policy-v1,native-calibrated-v1,50000000,1,1,monotonic-batch
4,trsm+65x33+triangular+side=L+uplo=U+transA=T+diag=U,native/c/c-sparse/packed-4x4,5,2,1,4,3710,134791281,36331.881671159026,ns,ok,direct,reset-and-arithmetic,a038f25ac66821574b30392dc1d3b189cc287e2c,true,kotlin-native-2.4.10,1,3,200000000,trsm-v1+65x33+triangular+side=L+uplo=U+transA=T+diag=U,policy-v1,policy,native/policy-v1,native-calibrated-v1,50000000,1,1,monotonic-batch
4,trsm+65x33+triangular+side=L+uplo=U+transA=T+diag=U,native/c/c-sparse/packed-4x4,5,2,1,5,3710,133343482,35941.63935309973,ns,ok,direct,reset-and-arithmetic,a038f25ac66821574b30392dc1d3b189cc287e2c,true,kotlin-native-2.4.10,1,3,200000000,trsm-v1+65x33+triangular+side=L+uplo=U+transA=T+diag=U,policy-v1,policy,native/policy-v1,native-calibrated-v1,50000000,1,1,monotonic-batch
4,gemm-block+15x7x31+uniform+physical=4x4+work=gemm-add-v1+leftLayout=depth-rows-v1+rightLayout=depth-columns-v1+leftGroup=4+rightGroup=4+leftStride=4+rightStride=4+padding=zero+alignment=8+block=15x7x31+panel=31+diagonal=0+rhs=0+batch=1+variant=current-tile-v1+timing=prepacked-compute,native/c/c-sparse/packed-4x4,5,2,1,1,144755,212336983,1466.8714932126697,ns,ok,direct,prepacked-compute,a038f25ac66821574b30392dc1d3b189cc287e2c,true,kotlin-native-2.4.10,1,3,200000000,gemm-add-v1+15x7x31+uniform,physical=4x4+leftLayout=depth-rows-v1+rightLayout=depth-columns-v1+leftGroup=4+rightGroup=4+leftStride=4+rightStride=4+padding=zero+alignment=8+block=15x7x31+panel=31+diagonal=0+rhs=0+batch=1+variant=current-tile-v1,tiles=8;leftDoubles=496;rightDoubles=248;outputDoubles=105;resetDoubles=105;scratchDoubles=16;triangleDoubles=0,native/c-tile-v1/4x4,native-calibrated-v1,50000000,1,1,monotonic-batch
4,gemm-block+15x7x31+uniform+physical=4x4+work=gemm-add-v1+leftLayout=depth-rows-v1+rightLayout=depth-columns-v1+leftGroup=4+rightGroup=4+leftStride=4+rightStride=4+padding=zero+alignment=8+block=15x7x31+panel=31+diagonal=0+rhs=0+batch=1+variant=current-tile-v1+timing=prepacked-compute,native/c/c-sparse/packed-4x4,5,2,1,2,144755,211226096,1459.1972367103035,ns,ok,direct,prepacked-compute,a038f25ac66821574b30392dc1d3b189cc287e2c,true,kotlin-native-2.4.10,1,3,200000000,gemm-add-v1+15x7x31+uniform,physical=4x4+leftLayout=depth-rows-v1+rightLayout=depth-columns-v1+leftGroup=4+rightGroup=4+leftStride=4+rightStride=4+padding=zero+alignment=8+block=15x7x31+panel=31+diagonal=0+rhs=0+batch=1+variant=current-tile-v1,tiles=8;leftDoubles=496;rightDoubles=248;outputDoubles=105;resetDoubles=105;scratchDoubles=16;triangleDoubles=0,native/c-tile-v1/4x4,native-calibrated-v1,50000000,1,1,monotonic-batch
4,gemm-block+15x7x31+uniform+physical=4x4+work=gemm-add-v1+leftLayout=depth-rows-v1+rightLayout=depth-columns-v1+leftGroup=4+rightGroup=4+leftStride=4+rightStride=4+padding=zero+alignment=8+block=15x7x31+panel=31+diagonal=0+rhs=0+batch=1+variant=current-tile-v1+timing=prepacked-compute,native/c/c-sparse/packed-4x4,5,2,1,3,144755,218611580,1510.2178163103174,ns,ok,direct,prepacked-compute,a038f25ac66821574b30392dc1d3b189cc287e2c,true,kotlin-native-2.4.10,1,3,200000000,gemm-add-v1+15x7x31+uniform,physical=4x4+leftLayout=depth-rows-v1+rightLayout=depth-columns-v1+leftGroup=4+rightGroup=4+leftStride=4+rightStride=4+padding=zero+alignment=8+block=15x7x31+panel=31+diagonal=0+rhs=0+batch=1+variant=current-tile-v1,tiles=8;leftDoubles=496;rightDoubles=248;outputDoubles=105;resetDoubles=105;scratchDoubles=16;triangleDoubles=0,native/c-tile-v1/4x4,native-calibrated-v1,50000000,1,1,monotonic-batch
4,gemm-block+15x7x31+uniform+physical=4x4+work=gemm-add-v1+leftLayout=depth-rows-v1+rightLayout=depth-columns-v1+leftGroup=4+rightGroup=4+leftStride=4+rightStride=4+padding=zero+alignment=8+block=15x7x31+panel=31+diagonal=0+rhs=0+batch=1+variant=current-tile-v1+timing=prepacked-compute,native/c/c-sparse/packed-4x4,5,2,1,4,144755,231340843,1598.1544195364581,ns,ok,direct,prepacked-compute,a038f25ac66821574b30392dc1d3b189cc287e2c,true,kotlin-native-2.4.10,1,3,200000000,gemm-add-v1+15x7x31+uniform,physical=4x4+leftLayout=depth-rows-v1+rightLayout=depth-columns-v1+leftGroup=4+rightGroup=4+leftStride=4+rightStride=4+padding=zero+alignment=8+block=15x7x31+panel=31+diagonal=0+rhs=0+batch=1+variant=current-tile-v1,tiles=8;leftDoubles=496;rightDoubles=248;outputDoubles=105;resetDoubles=105;scratchDoubles=16;triangleDoubles=0,native/c-tile-v1/4x4,native-calibrated-v1,50000000,1,1,monotonic-batch
4,gemm-block+15x7x31+uniform+physical=4x4+work=gemm-add-v1+leftLayout=depth-rows-v1+rightLayout=depth-columns-v1+leftGroup=4+rightGroup=4+leftStride=4+rightStride=4+padding=zero+alignment=8+block=15x7x31+panel=31+diagonal=0+rhs=0+batch=1+variant=current-tile-v1+timing=prepacked-compute,native/c/c-sparse/packed-4x4,5,2,1,5,144755,234287126,1618.5080031777832,ns,ok,direct,prepacked-compute,a038f25ac66821574b30392dc1d3b189cc287e2c,true,kotlin-native-2.4.10,1,3,200000000,gemm-add-v1+15x7x31+uniform,physical=4x4+leftLayout=depth-rows-v1+rightLayout=depth-columns-v1+leftGroup=4+rightGroup=4+leftStride=4+rightStride=4+padding=zero+alignment=8+block=15x7x31+panel=31+diagonal=0+rhs=0+batch=1+variant=current-tile-v1,tiles=8;leftDoubles=496;rightDoubles=248;outputDoubles=105;resetDoubles=105;scratchDoubles=16;triangleDoubles=0,native/c-tile-v1/4x4,native-calibrated-v1,50000000,1,1,monotonic-batch
4,gemm-block+15x7x31+uniform+physical=4x4+work=gemm-add-v1+leftLayout=depth-rows-v1+rightLayout=depth-columns-v1+leftGroup=4+rightGroup=4+leftStride=4+rightStride=4+padding=zero+alignment=8+block=15x7x31+panel=31+diagonal=0+rhs=0+batch=1+variant=current-tile-v1+timing=pack-plus-compute,native/c/c-sparse/packed-4x4,5,2,1,1,56176,197294525,3512.0785566790087,ns,ok,direct,pack-plus-compute,a038f25ac66821574b30392dc1d3b189cc287e2c,true,kotlin-native-2.4.10,1,3,200000000,gemm-add-v1+15x7x31+uniform,physical=4x4+leftLayout=depth-rows-v1+rightLayout=depth-columns-v1+leftGroup=4+rightGroup=4+leftStride=4+rightStride=4+padding=zero+alignment=8+block=15x7x31+panel=31+diagonal=0+rhs=0+batch=1+variant=current-tile-v1,tiles=8;leftDoubles=496;rightDoubles=248;outputDoubles=105;resetDoubles=105;scratchDoubles=16;triangleDoubles=0,native/c-tile-v1/4x4,native-calibrated-v1,50000000,1,1,monotonic-batch
4,gemm-block+15x7x31+uniform+physical=4x4+work=gemm-add-v1+leftLayout=depth-rows-v1+rightLayout=depth-columns-v1+leftGroup=4+rightGroup=4+leftStride=4+rightStride=4+padding=zero+alignment=8+block=15x7x31+panel=31+diagonal=0+rhs=0+batch=1+variant=current-tile-v1+timing=pack-plus-compute,native/c/c-sparse/packed-4x4,5,2,1,2,56176,196061831,3490.135128880661,ns,ok,direct,pack-plus-compute,a038f25ac66821574b30392dc1d3b189cc287e2c,true,kotlin-native-2.4.10,1,3,200000000,gemm-add-v1+15x7x31+uniform,physical=4x4+leftLayout=depth-rows-v1+rightLayout=depth-columns-v1+leftGroup=4+rightGroup=4+leftStride=4+rightStride=4+padding=zero+alignment=8+block=15x7x31+panel=31+diagonal=0+rhs=0+batch=1+variant=current-tile-v1,tiles=8;leftDoubles=496;rightDoubles=248;outputDoubles=105;resetDoubles=105;scratchDoubles=16;triangleDoubles=0,native/c-tile-v1/4x4,native-calibrated-v1,50000000,1,1,monotonic-batch
4,gemm-block+15x7x31+uniform+physical=4x4+work=gemm-add-v1+leftLayout=depth-rows-v1+rightLayout=depth-columns-v1+leftGroup=4+rightGroup=4+leftStride=4+rightStride=4+padding=zero+alignment=8+block=15x7x31+panel=31+diagonal=0+rhs=0+batch=1+variant=current-tile-v1+timing=pack-plus-compute,native/c/c-sparse/packed-4x4,5,2,1,3,56176,196181139,3492.258954001709,ns,ok,direct,pack-plus-compute,a038f25ac66821574b30392dc1d3b189cc287e2c,true,kotlin-native-2.4.10,1,3,200000000,gemm-add-v1+15x7x31+uniform,physical=4x4+leftLayout=depth-rows-v1+rightLayout=depth-columns-v1+leftGroup=4+rightGroup=4+leftStride=4+rightStride=4+padding=zero+alignment=8+block=15x7x31+panel=31+diagonal=0+rhs=0+batch=1+variant=current-tile-v1,tiles=8;leftDoubles=496;rightDoubles=248;outputDoubles=105;resetDoubles=105;scratchDoubles=16;triangleDoubles=0,native/c-tile-v1/4x4,native-calibrated-v1,50000000,1,1,monotonic-batch
4,gemm-block+15x7x31+uniform+physical=4x4+work=gemm-add-v1+leftLayout=depth-rows-v1+rightLayout=depth-columns-v1+leftGroup=4+rightGroup=4+leftStride=4+rightStride=4+padding=zero+alignment=8+block=15x7x31+panel=31+diagonal=0+rhs=0+batch=1+variant=current-tile-v1+timing=pack-plus-compute,native/c/c-sparse/packed-4x4,5,2,1,4,56176,198643521,3536.092299202506,ns,ok,direct,pack-plus-compute,a038f25ac66821574b30392dc1d3b189cc287e2c,true,kotlin-native-2.4.10,1,3,200000000,gemm-add-v1+15x7x31+uniform,physical=4x4+leftLayout=depth-rows-v1+rightLayout=depth-columns-v1+leftGroup=4+rightGroup=4+leftStride=4+rightStride=4+padding=zero+alignment=8+block=15x7x31+panel=31+diagonal=0+rhs=0+batch=1+variant=current-tile-v1,tiles=8;leftDoubles=496;rightDoubles=248;outputDoubles=105;resetDoubles=105;scratchDoubles=16;triangleDoubles=0,native/c-tile-v1/4x4,native-calibrated-v1,50000000,1,1,monotonic-batch
4,gemm-block+15x7x31+uniform+physical=4x4+work=gemm-add-v1+leftLayout=depth-rows-v1+rightLayout=depth-columns-v1+leftGroup=4+rightGroup=4+leftStride=4+rightStride=4+padding=zero+alignment=8+block=15x7x31+panel=31+diagonal=0+rhs=0+batch=1+variant=current-tile-v1+timing=pack-plus-compute,native/c/c-sparse/packed-4x4,5,2,1,5,56176,195444654,3479.148639988607,ns,ok,direct,pack-plus-compute,a038f25ac66821574b30392dc1d3b189cc287e2c,true,kotlin-native-2.4.10,1,3,200000000,gemm-add-v1+15x7x31+uniform,physical=4x4+leftLayout=depth-rows-v1+rightLayout=depth-columns-v1+leftGroup=4+rightGroup=4+leftStride=4+rightStride=4+padding=zero+alignment=8+block=15x7x31+panel=31+diagonal=0+rhs=0+batch=1+variant=current-tile-v1,tiles=8;leftDoubles=496;rightDoubles=248;outputDoubles=105;resetDoubles=105;scratchDoubles=16;triangleDoubles=0,native/c-tile-v1/4x4,native-calibrated-v1,50000000,1,1,monotonic-batch
4,gemm-block+32x16x65+uniform+physical=4x4+work=gemm-add-v1+leftLayout=depth-rows-v1+rightLayout=depth-columns-v1+leftGroup=4+rightGroup=4+leftStride=4+rightStride=4+padding=zero+alignment=8+block=32x16x65+panel=65+diagonal=0+rhs=0+batch=1+variant=current-tile-v1+timing=prepacked-compute,native/c/c-sparse/packed-4x4,5,2,1,1,25302,211256204,8349.387558295786,ns,ok,direct,prepacked-compute,a038f25ac66821574b30392dc1d3b189cc287e2c,true,kotlin-native-2.4.10,1,3,200000000,gemm-add-v1+32x16x65+uniform,physical=4x4+leftLayout=depth-rows-v1+rightLayout=depth-columns-v1+leftGroup=4+rightGroup=4+leftStride=4+rightStride=4+padding=zero+alignment=8+block=32x16x65+panel=65+diagonal=0+rhs=0+batch=1+variant=current-tile-v1,tiles=32;leftDoubles=2080;rightDoubles=1040;outputDoubles=512;resetDoubles=512;scratchDoubles=16;triangleDoubles=0,native/c-tile-v1/4x4,native-calibrated-v1,50000000,1,1,monotonic-batch
4,gemm-block+32x16x65+uniform+physical=4x4+work=gemm-add-v1+leftLayout=depth-rows-v1+rightLayout=depth-columns-v1+leftGroup=4+rightGroup=4+leftStride=4+rightStride=4+padding=zero+alignment=8+block=32x16x65+panel=65+diagonal=0+rhs=0+batch=1+variant=current-tile-v1+timing=prepacked-compute,native/c/c-sparse/packed-4x4,5,2,1,2,25302,214709254,8485.860959607937,ns,ok,direct,prepacked-compute,a038f25ac66821574b30392dc1d3b189cc287e2c,true,kotlin-native-2.4.10,1,3,200000000,gemm-add-v1+32x16x65+uniform,physical=4x4+leftLayout=depth-rows-v1+rightLayout=depth-columns-v1+leftGroup=4+rightGroup=4+leftStride=4+rightStride=4+padding=zero+alignment=8+block=32x16x65+panel=65+diagonal=0+rhs=0+batch=1+variant=current-tile-v1,tiles=32;leftDoubles=2080;rightDoubles=1040;outputDoubles=512;resetDoubles=512;scratchDoubles=16;triangleDoubles=0,native/c-tile-v1/4x4,native-calibrated-v1,50000000,1,1,monotonic-batch
4,gemm-block+32x16x65+uniform+physical=4x4+work=gemm-add-v1+leftLayout=depth-rows-v1+rightLayout=depth-columns-v1+leftGroup=4+rightGroup=4+leftStride=4+rightStride=4+padding=zero+alignment=8+block=32x16x65+panel=65+diagonal=0+rhs=0+batch=1+variant=current-tile-v1+timing=prepacked-compute,native/c/c-sparse/packed-4x4,5,2,1,3,25302,201321791,7956.754051063157,ns,ok,direct,prepacked-compute,a038f25ac66821574b30392dc1d3b189cc287e2c,true,kotlin-native-2.4.10,1,3,200000000,gemm-add-v1+32x16x65+uniform,physical=4x4+leftLayout=depth-rows-v1+rightLayout=depth-columns-v1+leftGroup=4+rightGroup=4+leftStride=4+rightStride=4+padding=zero+alignment=8+block=32x16x65+panel=65+diagonal=0+rhs=0+batch=1+variant=current-tile-v1,tiles=32;leftDoubles=2080;rightDoubles=1040;outputDoubles=512;resetDoubles=512;scratchDoubles=16;triangleDoubles=0,native/c-tile-v1/4x4,native-calibrated-v1,50000000,1,1,monotonic-batch
4,gemm-block+32x16x65+uniform+physical=4x4+work=gemm-add-v1+leftLayout=depth-rows-v1+rightLayout=depth-columns-v1+leftGroup=4+rightGroup=4+leftStride=4+rightStride=4+padding=zero+alignment=8+block=32x16x65+panel=65+diagonal=0+rhs=0+batch=1+variant=current-tile-v1+timing=prepacked-compute,native/c/c-sparse/packed-4x4,5,2,1,4,25302,182647978,7218.717018417517,ns,ok,direct,prepacked-compute,a038f25ac66821574b30392dc1d3b189cc287e2c,true,kotlin-native-2.4.10,1,3,200000000,gemm-add-v1+32x16x65+uniform,physical=4x4+leftLayout=depth-rows-v1+rightLayout=depth-columns-v1+leftGroup=4+rightGroup=4+leftStride=4+rightStride=4+padding=zero+alignment=8+block=32x16x65+panel=65+diagonal=0+rhs=0+batch=1+variant=current-tile-v1,tiles=32;leftDoubles=2080;rightDoubles=1040;outputDoubles=512;resetDoubles=512;scratchDoubles=16;triangleDoubles=0,native/c-tile-v1/4x4,native-calibrated-v1,50000000,1,1,monotonic-batch
4,gemm-block+32x16x65+uniform+physical=4x4+work=gemm-add-v1+leftLayout=depth-rows-v1+rightLayout=depth-columns-v1+leftGroup=4+rightGroup=4+leftStride=4+rightStride=4+padding=zero+alignment=8+block=32x16x65+panel=65+diagonal=0+rhs=0+batch=1+variant=current-tile-v1+timing=prepacked-compute,native/c/c-sparse/packed-4x4,5,2,1,5,25302,184489630,7291.503833689037,ns,ok,direct,prepacked-compute,a038f25ac66821574b30392dc1d3b189cc287e2c,true,kotlin-native-2.4.10,1,3,200000000,gemm-add-v1+32x16x65+uniform,physical=4x4+leftLayout=depth-rows-v1+rightLayout=depth-columns-v1+leftGroup=4+rightGroup=4+leftStride=4+rightStride=4+padding=zero+alignment=8+block=32x16x65+panel=65+diagonal=0+rhs=0+batch=1+variant=current-tile-v1,tiles=32;leftDoubles=2080;rightDoubles=1040;outputDoubles=512;resetDoubles=512;scratchDoubles=16;triangleDoubles=0,native/c-tile-v1/4x4,native-calibrated-v1,50000000,1,1,monotonic-batch
4,gemm-block+32x16x65+uniform+physical=4x4+work=gemm-add-v1+leftLayout=depth-rows-v1+rightLayout=depth-columns-v1+leftGroup=4+rightGroup=4+leftStride=4+rightStride=4+padding=zero+alignment=8+block=32x16x65+panel=65+diagonal=0+rhs=0+batch=1+variant=current-tile-v1+timing=pack-plus-compute,native/c/c-sparse/packed-4x4,5,2,1,1,14329,203811389,14223.699420755112,ns,ok,direct,pack-plus-compute,a038f25ac66821574b30392dc1d3b189cc287e2c,true,kotlin-native-2.4.10,1,3,200000000,gemm-add-v1+32x16x65+uniform,physical=4x4+leftLayout=depth-rows-v1+rightLayout=depth-columns-v1+leftGroup=4+rightGroup=4+leftStride=4+rightStride=4+padding=zero+alignment=8+block=32x16x65+panel=65+diagonal=0+rhs=0+batch=1+variant=current-tile-v1,tiles=32;leftDoubles=2080;rightDoubles=1040;outputDoubles=512;resetDoubles=512;scratchDoubles=16;triangleDoubles=0,native/c-tile-v1/4x4,native-calibrated-v1,50000000,1,1,monotonic-batch
4,gemm-block+32x16x65+uniform+physical=4x4+work=gemm-add-v1+leftLayout=depth-rows-v1+rightLayout=depth-columns-v1+leftGroup=4+rightGroup=4+leftStride=4+rightStride=4+padding=zero+alignment=8+block=32x16x65+panel=65+diagonal=0+rhs=0+batch=1+variant=current-tile-v1+timing=pack-plus-compute,native/c/c-sparse/packed-4x4,5,2,1,2,14329,205376711,14332.94095889455,ns,ok,direct,pack-plus-compute,a038f25ac66821574b30392dc1d3b189cc287e2c,true,kotlin-native-2.4.10,1,3,200000000,gemm-add-v1+32x16x65+uniform,physical=4x4+leftLayout=depth-rows-v1+rightLayout=depth-columns-v1+leftGroup=4+rightGroup=4+leftStride=4+rightStride=4+padding=zero+alignment=8+block=32x16x65+panel=65+diagonal=0+rhs=0+batch=1+variant=current-tile-v1,tiles=32;leftDoubles=2080;rightDoubles=1040;outputDoubles=512;resetDoubles=512;scratchDoubles=16;triangleDoubles=0,native/c-tile-v1/4x4,native-calibrated-v1,50000000,1,1,monotonic-batch
4,gemm-block+32x16x65+uniform+physical=4x4+work=gemm-add-v1+leftLayout=depth-rows-v1+rightLayout=depth-columns-v1+leftGroup=4+rightGroup=4+leftStride=4+rightStride=4+padding=zero+alignment=8+block=32x16x65+panel=65+diagonal=0+rhs=0+batch=1+variant=current-tile-v1+timing=pack-plus-compute,native/c/c-sparse/packed-4x4,5,2,1,3,14329,482488546,33672.171540233096,ns,ok,direct,pack-plus-compute,a038f25ac66821574b30392dc1d3b189cc287e2c,true,kotlin-native-2.4.10,1,3,200000000,gemm-add-v1+32x16x65+uniform,physical=4x4+leftLayout=depth-rows-v1+rightLayout=depth-columns-v1+leftGroup=4+rightGroup=4+leftStride=4+rightStride=4+padding=zero+alignment=8+block=32x16x65+panel=65+diagonal=0+rhs=0+batch=1+variant=current-tile-v1,tiles=32;leftDoubles=2080;rightDoubles=1040;outputDoubles=512;resetDoubles=512;scratchDoubles=16;triangleDoubles=0,native/c-tile-v1/4x4,native-calibrated-v1,50000000,1,1,monotonic-batch
4,gemm-block+32x16x65+uniform+physical=4x4+work=gemm-add-v1+leftLayout=depth-rows-v1+rightLayout=depth-columns-v1+leftGroup=4+rightGroup=4+leftStride=4+rightStride=4+padding=zero+alignment=8+block=32x16x65+panel=65+diagonal=0+rhs=0+batch=1+variant=current-tile-v1+timing=pack-plus-compute,native/c/c-sparse/packed-4x4,5,2,1,4,14329,534998296,37336.75036638984,ns,ok,direct,pack-plus-compute,a038f25ac66821574b30392dc1d3b189cc287e2c,true,kotlin-native-2.4.10,1,3,200000000,gemm-add-v1+32x16x65+uniform,physical=4x4+leftLayout=depth-rows-v1+rightLayout=depth-columns-v1+leftGroup=4+rightGroup=4+leftStride=4+rightStride=4+padding=zero+alignment=8+block=32x16x65+panel=65+diagonal=0+rhs=0+batch=1+variant=current-tile-v1,tiles=32;leftDoubles=2080;rightDoubles=1040;outputDoubles=512;resetDoubles=512;scratchDoubles=16;triangleDoubles=0,native/c-tile-v1/4x4,native-calibrated-v1,50000000,1,1,monotonic-batch
4,gemm-block+32x16x65+uniform+physical=4x4+work=gemm-add-v1+leftLayout=depth-rows-v1+rightLayout=depth-columns-v1+leftGroup=4+rightGroup=4+leftStride=4+rightStride=4+padding=zero+alignment=8+block=32x16x65+panel=65+diagonal=0+rhs=0+batch=1+variant=current-tile-v1+timing=pack-plus-compute,native/c/c-sparse/packed-4x4,5,2,1,5,14329,528662295,36894.570102589154,ns,ok,direct,pack-plus-compute,a038f25ac66821574b30392dc1d3b189cc287e2c,true,kotlin-native-2.4.10,1,3,200000000,gemm-add-v1+32x16x65+uniform,physical=4x4+leftLayout=depth-rows-v1+rightLayout=depth-columns-v1+leftGroup=4+rightGroup=4+leftStride=4+rightStride=4+padding=zero+alignment=8+block=32x16x65+panel=65+diagonal=0+rhs=0+batch=1+variant=current-tile-v1,tiles=32;leftDoubles=2080;rightDoubles=1040;outputDoubles=512;resetDoubles=512;scratchDoubles=16;triangleDoubles=0,native/c-tile-v1/4x4,native-calibrated-v1,50000000,1,1,monotonic-batch
4,gemm-block+15x7x31+uniform+physical=8x4+work=gemm-add-v1+leftLayout=depth-rows-v1+rightLayout=depth-columns-v1+leftGroup=8+rightGroup=4+leftStride=8+rightStride=4+padding=zero+alignment=8+block=15x7x31+panel=31+diagonal=0+rhs=0+batch=1+variant=current-tile-v1+timing=prepacked-compute,native/c/c-sparse/packed-4x4,5,2,1,0,0,0,,ns,unsupported,unsupported,arithmetic,a038f25ac66821574b30392dc1d3b189cc287e2c,true,kotlin-native-2.4.10,1,3,200000000,gemm-add-v1+15x7x31+uniform,physical=8x4+leftLayout=depth-rows-v1+rightLayout=depth-columns-v1+leftGroup=8+rightGroup=4+leftStride=8+rightStride=4+padding=zero+alignment=8+block=15x7x31+panel=31+diagonal=0+rhs=0+batch=1+variant=current-tile-v1,tiles=4;leftDoubles=496;rightDoubles=248;outputDoubles=105;resetDoubles=105;scratchDoubles=32;triangleDoubles=0,unavailable,native-calibrated-v1,50000000,0,1,monotonic-batch
4,gemm-block+15x7x31+uniform+physical=8x4+work=gemm-add-v1+leftLayout=depth-rows-v1+rightLayout=depth-columns-v1+leftGroup=8+rightGroup=4+leftStride=8+rightStride=4+padding=zero+alignment=8+block=15x7x31+panel=31+diagonal=0+rhs=0+batch=1+variant=current-tile-v1+timing=pack-plus-compute,native/c/c-sparse/packed-4x4,5,2,1,0,0,0,,ns,unsupported,unsupported,arithmetic,a038f25ac66821574b30392dc1d3b189cc287e2c,true,kotlin-native-2.4.10,1,3,200000000,gemm-add-v1+15x7x31+uniform,physical=8x4+leftLayout=depth-rows-v1+rightLayout=depth-columns-v1+leftGroup=8+rightGroup=4+leftStride=8+rightStride=4+padding=zero+alignment=8+block=15x7x31+panel=31+diagonal=0+rhs=0+batch=1+variant=current-tile-v1,tiles=4;leftDoubles=496;rightDoubles=248;outputDoubles=105;resetDoubles=105;scratchDoubles=32;triangleDoubles=0,unavailable,native-calibrated-v1,50000000,0,1,monotonic-batch
4,gemm-block+32x16x65+uniform+physical=8x4+work=gemm-add-v1+leftLayout=depth-rows-v1+rightLayout=depth-columns-v1+leftGroup=8+rightGroup=4+leftStride=8+rightStride=4+padding=zero+alignment=8+block=32x16x65+panel=65+diagonal=0+rhs=0+batch=1+variant=current-tile-v1+timing=prepacked-compute,native/c/c-sparse/packed-4x4,5,2,1,0,0,0,,ns,unsupported,unsupported,arithmetic,a038f25ac66821574b30392dc1d3b189cc287e2c,true,kotlin-native-2.4.10,1,3,200000000,gemm-add-v1+32x16x65+uniform,physical=8x4+leftLayout=depth-rows-v1+rightLayout=depth-columns-v1+leftGroup=8+rightGroup=4+leftStride=8+rightStride=4+padding=zero+alignment=8+block=32x16x65+panel=65+diagonal=0+rhs=0+batch=1+variant=current-tile-v1,tiles=16;leftDoubles=2080;rightDoubles=1040;outputDoubles=512;resetDoubles=512;scratchDoubles=32;triangleDoubles=0,unavailable,native-calibrated-v1,50000000,0,1,monotonic-batch
4,gemm-block+32x16x65+uniform+physical=8x4+work=gemm-add-v1+leftLayout=depth-rows-v1+rightLayout=depth-columns-v1+leftGroup=8+rightGroup=4+leftStride=8+rightStride=4+padding=zero+alignment=8+block=32x16x65+panel=65+diagonal=0+rhs=0+batch=1+variant=current-tile-v1+timing=pack-plus-compute,native/c/c-sparse/packed-4x4,5,2,1,0,0,0,,ns,unsupported,unsupported,arithmetic,a038f25ac66821574b30392dc1d3b189cc287e2c,true,kotlin-native-2.4.10,1,3,200000000,gemm-add-v1+32x16x65+uniform,physical=8x4+leftLayout=depth-rows-v1+rightLayout=depth-columns-v1+leftGroup=8+rightGroup=4+leftStride=8+rightStride=4+padding=zero+alignment=8+block=32x16x65+panel=65+diagonal=0+rhs=0+batch=1+variant=current-tile-v1,tiles=16;leftDoubles=2080;rightDoubles=1040;outputDoubles=512;resetDoubles=512;scratchDoubles=32;triangleDoubles=0,unavailable,native-calibrated-v1,50000000,0,1,monotonic-batch
