n,offset_bytes,mode,implementation,sample,operations,cpu_ns,wall_ns,cpu_ns_per_op,wall_ns_per_op
64,0,negate,current,1,131072,596814,601950,4.5533294677734375,4.5925140380859375
64,0,negate,pointers,1,131072,716421,721344,5.4658584594726562,5.50341796875
64,0,negate,pipeline,1,131072,693020,697891,5.287322998046875,5.3244857788085938
64,0,negate,blocks,1,131072,728727,733853,5.5597457885742188,5.5988540649414062
64,0,negate,openblas-leaf,1,131072,633246,640808,4.8312835693359375,4.88897705078125
64,0,negate,openblas-aligned,1,131072,667728,672841,5.0943603515625,5.1333694458007812
64,0,negate,openblas,1,131072,898172,903159,6.852508544921875,6.8905563354492188
64,0,negate,onemkl,1,131072,1421487,1426739,10.845085144042969,10.885154724121094
64,0,negate,current,2,131072,590709,595819,4.5067520141601562,4.5457382202148438
64,0,negate,pointers,2,131072,663667,668555,5.0633773803710938,5.1006698608398438
64,0,negate,pipeline,2,131072,672371,699003,5.1297836303710938,5.3329696655273438
64,0,negate,blocks,2,131072,705840,710861,5.3851318359375,5.4234390258789062
64,0,negate,openblas-leaf,2,131072,623923,628838,4.7601547241210938,4.7976531982421875
64,0,negate,openblas-aligned,2,131072,657015,662183,5.0126266479492188,5.0520553588867188
64,0,negate,openblas,2,131072,863601,868722,6.5887527465820312,6.6278228759765625
64,0,negate,onemkl,2,131072,1418087,1436637,10.819145202636719,10.960670471191406
64,0,negate,current,3,131072,593076,598339,4.524810791015625,4.5649642944335938
64,0,negate,pointers,3,131072,695655,701989,5.3074264526367188,5.3557510375976562
64,0,negate,pipeline,3,131072,687245,697985,5.2432632446289062,5.3252029418945312
64,0,negate,blocks,3,131072,717441,722684,5.4736404418945312,5.513641357421875
64,0,negate,openblas-leaf,3,131072,630707,635721,4.8119125366210938,4.8501663208007812
64,0,negate,openblas-aligned,3,131072,663394,673168,5.0612945556640625,5.1358642578125
64,0,negate,openblas,3,131072,896071,911718,6.8364791870117188,6.9558563232421875
64,0,negate,onemkl,3,131072,1438998,1444328,10.978683471679688,11.01934814453125
64,0,negate,current,4,131072,602892,607925,4.599700927734375,4.6380996704101562
64,0,negate,pointers,4,131072,693346,698269,5.2898101806640625,5.3273696899414062
64,0,negate,pipeline,4,131072,693499,698570,5.2909774780273438,5.3296661376953125
64,0,negate,blocks,4,131072,699235,704371,5.3347396850585938,5.3739242553710938
64,0,negate,openblas-leaf,4,131072,635221,640131,4.8463516235351562,4.8838119506835938
64,0,negate,openblas-aligned,4,131072,657078,662076,5.0131072998046875,5.051239013671875
64,0,negate,openblas,4,131072,900690,905750,6.8717193603515625,6.9103240966796875
64,0,negate,onemkl,4,131072,1419375,1424486,10.828971862792969,10.867965698242188
64,0,negate,current,5,131072,608354,613417,4.6413726806640625,4.6800003051757812
64,0,negate,pointers,5,131072,679317,684347,5.1827774047851562,5.2211532592773438
64,0,negate,pipeline,5,131072,673158,678164,5.1357879638671875,5.173980712890625
64,0,negate,blocks,5,131072,707761,712914,5.3997879028320312,5.4391021728515625
64,0,negate,openblas-leaf,5,131072,637075,641989,4.8604965209960938,4.8979873657226562
64,0,negate,openblas-aligned,5,131072,670713,675925,5.1171340942382812,5.1568984985351562
64,0,negate,openblas,5,131072,904174,909466,6.8983001708984375,6.9386749267578125
64,0,negate,onemkl,5,131072,1450760,1456357,11.06842041015625,11.111122131347656
64,0,negate,current,6,131072,605286,610632,4.6179656982421875,4.65875244140625
64,0,negate,pointers,6,131072,661094,666267,5.0437469482421875,5.0832138061523438
64,0,negate,pipeline,6,131072,693153,698593,5.2883377075195312,5.3298416137695312
64,0,negate,blocks,6,131072,741933,747440,5.6604995727539062,5.7025146484375
64,0,negate,openblas-leaf,6,131072,643664,648861,4.9107666015625,4.9504165649414062
64,0,negate,openblas-aligned,6,131072,673784,679100,5.14056396484375,5.181121826171875
64,0,negate,openblas,6,131072,919082,924471,7.0120391845703125,7.0531539916992188
64,0,negate,onemkl,6,131072,1485928,1491704,11.33673095703125,11.38079833984375
64,0,negate,current,7,131072,603880,608975,4.60723876953125,4.6461105346679688
64,0,negate,pointers,7,131072,674301,679277,5.1445083618164062,5.1824722290039062
64,0,negate,pipeline,7,131072,811156,816059,6.188629150390625,6.2260360717773438
64,0,negate,blocks,7,131072,714550,719752,5.4515838623046875,5.49127197265625
64,0,negate,openblas-leaf,7,131072,641880,646788,4.89715576171875,4.934600830078125
64,0,negate,openblas-aligned,7,131072,691546,696749,5.2760772705078125,5.3157730102539062
64,0,negate,openblas,7,131072,901626,906736,6.8788604736328125,6.9178466796875
64,0,negate,onemkl,7,131072,1448745,1453990,11.053047180175781,11.093063354492188
64,0,powers-two,current,1,131072,574303,579412,4.3815841674804688,4.420562744140625
64,0,powers-two,pointers,1,131072,697938,702949,5.3248443603515625,5.3630752563476562
64,0,powers-two,pipeline,1,131072,699605,704585,5.3375625610351562,5.3755569458007812
64,0,powers-two,blocks,1,131072,723242,728723,5.5178985595703125,5.5597152709960938
64,0,powers-two,openblas-leaf,1,131072,758486,763546,5.7867889404296875,5.8253936767578125
64,0,powers-two,openblas-aligned,1,131072,673117,678147,5.1354751586914062,5.1738510131835938
64,0,powers-two,openblas,1,131072,970226,978210,7.4022369384765625,7.4631500244140625
64,0,powers-two,onemkl,1,131072,1486005,1491356,11.337318420410156,11.378143310546875
64,0,powers-two,current,2,131072,570209,575416,4.3503494262695312,4.39007568359375
64,0,powers-two,pointers,2,131072,664906,670199,5.0728302001953125,5.1132125854492188
64,0,powers-two,pipeline,2,131072,672189,677777,5.1283950805664062,5.1710281372070312
64,0,powers-two,blocks,2,131072,725283,730680,5.5334701538085938,5.57464599609375
64,0,powers-two,openblas-leaf,2,131072,660367,665479,5.0382003784179688,5.0772018432617188
64,0,powers-two,openblas-aligned,2,131072,682333,703107,5.2057876586914062,5.3642807006835938
64,0,powers-two,openblas,2,131072,940853,946169,7.1781387329101562,7.2186965942382812
64,0,powers-two,onemkl,2,131072,1460052,1465887,11.139312744140625,11.183830261230469
64,0,powers-two,current,3,131072,571945,576995,4.3635940551757812,4.4021224975585938
64,0,powers-two,pointers,3,131072,669647,674659,5.1090011596679688,5.1472396850585938
64,0,powers-two,pipeline,3,131072,735670,740629,5.6127166748046875,5.6505508422851562
64,0,powers-two,blocks,3,131072,712798,718036,5.4382171630859375,5.478179931640625
64,0,powers-two,openblas-leaf,3,131072,671127,676118,5.1202926635742188,5.1583709716796875
64,0,powers-two,openblas-aligned,3,131072,701468,706456,5.351776123046875,5.38983154296875
64,0,powers-two,openblas,3,131072,949716,958481,7.245758056640625,7.3126296997070312
64,0,powers-two,onemkl,3,131072,1463716,1468759,11.167266845703125,11.205741882324219
64,0,powers-two,current,4,131072,572349,577543,4.3666763305664062,4.4063034057617188
64,0,powers-two,pointers,4,131072,658432,663634,5.0234375,5.0631256103515625
64,0,powers-two,pipeline,4,131072,723137,728399,5.5170974731445312,5.5572433471679688
64,0,powers-two,blocks,4,131072,723737,729028,5.5216751098632812,5.562042236328125
64,0,powers-two,openblas-leaf,4,131072,653020,658411,4.982147216796875,5.0232772827148438
64,0,powers-two,openblas-aligned,4,131072,679616,685216,5.18505859375,5.227783203125
64,0,powers-two,openblas,4,131072,974727,979937,7.4365768432617188,7.4763259887695312
64,0,powers-two,onemkl,4,131072,1463324,1468884,11.164276123046875,11.206695556640625
64,0,powers-two,current,5,131072,568467,573424,4.3370590209960938,4.3748779296875
64,0,powers-two,pointers,5,131072,700192,705149,5.342041015625,5.3798599243164062
64,0,powers-two,pipeline,5,131072,708967,713904,5.4089889526367188,5.4466552734375
64,0,powers-two,blocks,5,131072,708366,713522,5.4044036865234375,5.4437408447265625
64,0,powers-two,openblas-leaf,5,131072,640426,645610,4.8860626220703125,4.9256134033203125
64,0,powers-two,openblas-aligned,5,131072,669272,674461,5.10614013671875,5.1457290649414062
64,0,powers-two,openblas,5,131072,952599,957730,7.2677536010742188,7.3069000244140625
64,0,powers-two,onemkl,5,131072,1451881,1457055,11.076972961425781,11.116447448730469
64,0,powers-two,current,6,131072,574396,579420,4.382293701171875,4.420623779296875
64,0,powers-two,pointers,6,131072,666501,671520,5.0849990844726562,5.123291015625
64,0,powers-two,pipeline,6,131072,715550,720573,5.4592132568359375,5.4975357055664062
64,0,powers-two,blocks,6,131072,726645,731886,5.5438613891601562,5.5838470458984375
64,0,powers-two,openblas-leaf,6,131072,650082,655519,4.9597320556640625,5.0012130737304688
64,0,powers-two,openblas-aligned,6,131072,661932,667081,5.050140380859375,5.0894241333007812
64,0,powers-two,openblas,6,131072,953365,958478,7.2735977172851562,7.3126068115234375
64,0,powers-two,onemkl,6,131072,1480066,1485244,11.292007446289062,11.331512451171875
64,0,powers-two,current,7,131072,584272,589566,4.4576416015625,4.4980316162109375
64,0,powers-two,pointers,7,131072,684271,689795,5.2205734252929688,5.2627182006835938
64,0,powers-two,pipeline,7,131072,749218,754354,5.7160797119140625,5.7552642822265625
64,0,powers-two,blocks,7,131072,734610,740048,5.6046295166015625,5.6461181640625
64,0,powers-two,openblas-leaf,7,131072,666274,671688,5.0832672119140625,5.12457275390625
64,0,powers-two,openblas-aligned,7,131072,663023,668284,5.0584640502929688,5.098602294921875
64,0,powers-two,openblas,7,131072,964776,970022,7.36065673828125,7.4006805419921875
64,0,powers-two,onemkl,7,131072,1471482,1476899,11.226516723632812,11.267845153808594
64,0,reset,current,1,131072,1057846,1063415,8.0707244873046875,8.1132125854492188
64,0,reset,pointers,1,131072,1206496,1212038,9.204833984375,9.2471160888671875
64,0,reset,pipeline,1,131072,1218412,1223961,9.295745849609375,9.3380813598632812
64,0,reset,blocks,1,131072,1259766,1265145,9.6112518310546875,9.6522903442382812
64,0,reset,openblas-leaf,1,131072,1137962,1143462,8.6819610595703125,8.7239227294921875
64,0,reset,openblas-aligned,1,131072,1152386,1158068,8.7920074462890625,8.835357666015625
64,0,reset,openblas,1,131072,1391366,1399339,10.615280151367188,10.676109313964844
64,0,reset,onemkl,1,131072,1999401,2005038,15.254219055175781,15.297225952148438
64,0,reset,current,2,131072,1052051,1057418,8.0265121459960938,8.0674591064453125
64,0,reset,pointers,2,131072,1188445,1193753,9.0671157836914062,9.1076126098632812
64,0,reset,pipeline,2,131072,1173204,1178582,8.950836181640625,8.9918670654296875
64,0,reset,blocks,2,131072,1259708,1264812,9.610809326171875,9.649749755859375
64,0,reset,openblas-leaf,2,131072,1116723,1122126,8.5199203491210938,8.5611419677734375
64,0,reset,openblas-aligned,2,131072,1134912,1140353,8.65869140625,8.7002029418945312
64,0,reset,openblas,2,131072,1425927,1431294,10.878959655761719,10.919906616210938
64,0,reset,onemkl,2,131072,2127643,2132822,16.232627868652344,16.272140502929688
64,0,reset,current,3,131072,1029892,1035268,7.857452392578125,7.898468017578125
64,0,reset,pointers,3,131072,1171581,1181887,8.9384536743164062,9.0170822143554688
64,0,reset,pipeline,3,131072,1176345,1181648,8.9748001098632812,9.0152587890625
64,0,reset,blocks,3,131072,1250898,1256049,9.5435943603515625,9.5828933715820312
64,0,reset,openblas-leaf,3,131072,1126477,1131901,8.5943374633789062,8.6357192993164062
64,0,reset,openblas-aligned,3,131072,1145070,1150322,8.7361907958984375,8.7762603759765625
64,0,reset,openblas,3,131072,1408542,1413903,10.746322631835938,10.787223815917969
64,0,reset,onemkl,3,131072,1990611,1995959,15.187156677246094,15.227958679199219
64,0,reset,current,4,131072,1047480,1052880,7.99163818359375,8.0328369140625
64,0,reset,pointers,4,131072,1210852,1216428,9.238067626953125,9.280609130859375
64,0,reset,pipeline,4,131072,1279002,1284481,9.7580108642578125,9.7998123168945312
64,0,reset,blocks,4,131072,1256499,1261968,9.5863265991210938,9.6280517578125
64,0,reset,openblas-leaf,4,131072,1159287,1164838,8.8446578979492188,8.8870086669921875
64,0,reset,openblas-aligned,4,131072,1197252,1204310,9.134307861328125,9.1881561279296875
64,0,reset,openblas,4,131072,1432029,1437618,10.925514221191406,10.968154907226562
64,0,reset,onemkl,4,131072,2025763,2031577,15.455345153808594,15.499702453613281
64,0,reset,current,5,131072,1064883,1070261,8.1244125366210938,8.1654434204101562
64,0,reset,pointers,5,131072,1211769,1217106,9.2450637817382812,9.2857818603515625
64,0,reset,pipeline,5,131072,1173460,1178771,8.952789306640625,8.9933090209960938
64,0,reset,blocks,5,131072,1225915,1231925,9.3529891967773438,9.3988418579101562
64,0,reset,openblas-leaf,5,131072,1107037,1112345,8.4460220336914062,8.4865188598632812
64,0,reset,openblas-aligned,5,131072,1148102,1153429,8.7593231201171875,8.7999649047851562
64,0,reset,openblas,5,131072,1443577,1448657,11.013618469238281,11.052375793457031
64,0,reset,onemkl,5,131072,2136435,2141598,16.299705505371094,16.339096069335938
64,0,reset,current,6,131072,1058174,1063683,8.0732269287109375,8.1152572631835938
64,0,reset,pointers,6,131072,1182383,1187967,9.0208663940429688,9.0634689331054688
64,0,reset,pipeline,6,131072,1194343,1199845,9.1121139526367188,9.1540908813476562
64,0,reset,blocks,6,131072,1252868,1258183,9.558624267578125,9.5991744995117188
64,0,reset,openblas-leaf,6,131072,1138711,1144470,8.6876754760742188,8.7316131591796875
64,0,reset,openblas-aligned,6,131072,1174085,1179930,8.9575576782226562,9.0021514892578125
64,0,reset,openblas,6,131072,1449286,1454954,11.057174682617188,11.100418090820312
64,0,reset,onemkl,6,131072,2025559,2030994,15.453788757324219,15.495254516601562
64,0,reset,current,7,131072,1007809,1013117,7.6889724731445312,7.7294692993164062
64,0,reset,pointers,7,131072,1193298,1198587,9.1041412353515625,9.1444931030273438
64,0,reset,pipeline,7,131072,1154443,1159718,8.8077011108398438,8.8479461669921875
64,0,reset,blocks,7,131072,1384571,1389677,10.563438415527344,10.602394104003906
64,0,reset,openblas-leaf,7,131072,1133255,1138561,8.6460494995117188,8.6865310668945312
64,0,reset,openblas-aligned,7,131072,1169541,1174820,8.9228897094726562,8.963165283203125
64,0,reset,openblas,7,131072,1423324,1428408,10.859100341796875,10.89788818359375
64,0,reset,onemkl,7,131072,1975112,1980412,15.06890869140625,15.109344482421875
64,8,negate,current,1,131072,769194,774374,5.8684844970703125,5.9080047607421875
64,8,negate,pointers,1,131072,766577,786822,5.8485183715820312,6.0029754638671875
64,8,negate,pipeline,1,131072,776210,781328,5.9220123291015625,5.9610595703125
64,8,negate,blocks,1,131072,765766,771145,5.8423309326171875,5.8833694458007812
64,8,negate,openblas-leaf,1,131072,830892,836156,6.339202880859375,6.379364013671875
64,8,negate,openblas-aligned,1,131072,861838,867401,6.5753021240234375,6.6177444458007812
64,8,negate,openblas,1,131072,926065,931062,7.0653152465820312,7.1034393310546875
64,8,negate,onemkl,1,131072,1625566,1630857,12.402084350585938,12.442451477050781
64,8,negate,current,2,131072,768213,773435,5.8610000610351562,5.9008407592773438
64,8,negate,pointers,2,131072,768945,774040,5.8665847778320312,5.90545654296875
64,8,negate,pipeline,2,131072,769528,774600,5.87103271484375,5.90972900390625
64,8,negate,blocks,2,131072,768996,774158,5.866973876953125,5.9063568115234375
64,8,negate,openblas-leaf,2,131072,827573,832676,6.3138809204101562,6.352813720703125
64,8,negate,openblas-aligned,2,131072,862934,868098,6.5836639404296875,6.6230621337890625
64,8,negate,openblas,2,131072,919565,924546,7.0157241821289062,7.0537261962890625
64,8,negate,onemkl,2,131072,1623831,1629056,12.388847351074219,12.4287109375
64,8,negate,current,3,131072,776527,781900,5.9244308471679688,5.965423583984375
64,8,negate,pointers,3,131072,773671,779062,5.9026412963867188,5.9437713623046875
64,8,negate,pipeline,3,131072,773575,778970,5.9019088745117188,5.9430694580078125
64,8,negate,blocks,3,131072,774828,780452,5.911468505859375,5.954376220703125
64,8,negate,openblas-leaf,3,131072,839296,844875,6.4033203125,6.4458847045898438
64,8,negate,openblas-aligned,3,131072,866825,872497,6.6133499145507812,6.6566238403320312
64,8,negate,openblas,3,131072,924161,929378,7.0507888793945312,7.0905914306640625
64,8,negate,onemkl,3,131072,1638344,1644157,12.49957275390625,12.543922424316406
64,8,negate,current,4,131072,783758,789027,5.9795989990234375,6.0197982788085938
64,8,negate,pointers,4,131072,899183,904430,6.8602218627929688,6.9002532958984375
64,8,negate,pipeline,4,131072,786043,791265,5.9970321655273438,6.0368728637695312
64,8,negate,blocks,4,131072,788470,793699,6.0155487060546875,6.0554428100585938
64,8,negate,openblas-leaf,4,131072,858252,863505,6.547943115234375,6.5880203247070312
64,8,negate,openblas-aligned,4,131072,876537,881773,6.6874465942382812,6.7273941040039062
64,8,negate,openblas,4,131072,951006,956029,7.2555999755859375,7.2939224243164062
64,8,negate,onemkl,4,131072,1653074,1658413,12.611953735351562,12.652687072753906
64,8,negate,current,5,131072,781971,787476,5.9659652709960938,6.007965087890625
64,8,negate,pointers,5,131072,777246,782956,5.9299163818359375,5.973480224609375
64,8,negate,pipeline,5,131072,782927,788349,5.9732589721679688,6.0146255493164062
64,8,negate,blocks,5,131072,776186,781529,5.9218292236328125,5.9625930786132812
64,8,negate,openblas-leaf,5,131072,838858,844143,6.3999786376953125,6.4402999877929688
64,8,negate,openblas-aligned,5,131072,869022,874539,6.6301116943359375,6.6722030639648438
64,8,negate,openblas,5,131072,934990,940162,7.1334075927734375,7.1728668212890625
64,8,negate,onemkl,5,131072,1648389,1654082,12.576210021972656,12.619644165039062
64,8,negate,current,6,131072,783680,788938,5.97900390625,6.0191192626953125
64,8,negate,pointers,6,131072,782266,787462,5.9682159423828125,6.0078582763671875
64,8,negate,pipeline,6,131072,790703,795993,6.0325851440429688,6.0729446411132812
64,8,negate,blocks,6,131072,781158,786423,5.9597625732421875,5.9999313354492188
64,8,negate,openblas-leaf,6,131072,847317,852490,6.4645156860351562,6.5039825439453125
64,8,negate,openblas-aligned,6,131072,881503,886784,6.7253341674804688,6.765625
64,8,negate,openblas,6,131072,941872,946881,7.1859130859375,7.2241287231445312
64,8,negate,onemkl,6,131072,1777061,1782440,13.557899475097656,13.59893798828125
64,8,negate,current,7,131072,775107,780374,5.9135971069335938,5.9537811279296875
64,8,negate,pointers,7,131072,770640,775753,5.8795166015625,5.9185256958007812
64,8,negate,pipeline,7,131072,775952,781376,5.9200439453125,5.96142578125
64,8,negate,blocks,7,131072,774764,779975,5.910980224609375,5.9507369995117188
64,8,negate,openblas-leaf,7,131072,833120,838535,6.356201171875,6.3975143432617188
64,8,negate,openblas-aligned,7,131072,865500,870920,6.603240966796875,6.64459228515625
64,8,negate,openblas,7,131072,928061,933341,7.0805435180664062,7.1208267211914062
64,8,negate,onemkl,7,131072,1633485,1639074,12.462501525878906,12.505142211914062
64,8,powers-two,current,1,131072,782790,787745,5.9722137451171875,6.0100173950195312
64,8,powers-two,pointers,1,131072,770374,775446,5.8774871826171875,5.9161834716796875
64,8,powers-two,pipeline,1,131072,772840,777709,5.89630126953125,5.9334487915039062
64,8,powers-two,blocks,1,131072,768102,773061,5.8601531982421875,5.8979873657226562
64,8,powers-two,openblas-leaf,1,131072,834851,840034,6.3694076538085938,6.4089508056640625
64,8,powers-two,openblas-aligned,1,131072,864749,869732,6.5975112915039062,6.635528564453125
64,8,powers-two,openblas,1,131072,927328,933764,7.074951171875,7.124053955078125
64,8,powers-two,onemkl,1,131072,1675068,1680635,12.779754638671875,12.822227478027344
64,8,powers-two,current,2,131072,781123,785980,5.9594955444335938,5.996551513671875
64,8,powers-two,pointers,2,131072,789648,794691,6.0245361328125,6.0630111694335938
64,8,powers-two,pipeline,2,131072,779070,783933,5.9438323974609375,5.9809341430664062
64,8,powers-two,blocks,2,131072,900328,905330,6.86895751953125,6.9071197509765625
64,8,powers-two,openblas-leaf,2,131072,840953,846007,6.4159622192382812,6.4545211791992188
64,8,powers-two,openblas-aligned,2,131072,871470,876301,6.6487884521484375,6.6856460571289062
64,8,powers-two,openblas,2,131072,945315,950133,7.2121810913085938,7.2489395141601562
64,8,powers-two,onemkl,2,131072,1682541,1687517,12.836769104003906,12.874732971191406
64,8,powers-two,current,3,131072,786274,791358,5.9987945556640625,6.0375823974609375
64,8,powers-two,pointers,3,131072,785445,790589,5.9924697875976562,6.0317153930664062
64,8,powers-two,pipeline,3,131072,787080,792013,6.00494384765625,6.0425796508789062
64,8,powers-two,blocks,3,131072,786668,792012,6.001800537109375,6.042572021484375
64,8,powers-two,openblas-leaf,3,131072,847746,853063,6.4677886962890625,6.5083541870117188
64,8,powers-two,openblas-aligned,3,131072,880607,885663,6.7184982299804688,6.7570724487304688
64,8,powers-two,openblas,3,131072,940332,945618,7.174163818359375,7.2144927978515625
64,8,powers-two,onemkl,3,131072,1726251,1731491,13.170249938964844,13.210227966308594
64,8,powers-two,current,4,131072,784238,789288,5.9832611083984375,6.02178955078125
64,8,powers-two,pointers,4,131072,779028,783927,5.943511962890625,5.9808883666992188
64,8,powers-two,pipeline,4,131072,885340,890129,6.754608154296875,6.7911453247070312
64,8,powers-two,blocks,4,131072,778984,783960,5.94317626953125,5.98114013671875
64,8,powers-two,openblas-leaf,4,131072,843625,848643,6.4363479614257812,6.4746322631835938
64,8,powers-two,openblas-aligned,4,131072,871807,876637,6.6513595581054688,6.6882095336914062
64,8,powers-two,openblas,4,131072,938706,943559,7.1617584228515625,7.1987838745117188
64,8,powers-two,onemkl,4,131072,1687341,1692304,12.873390197753906,12.9112548828125
64,8,powers-two,current,5,131072,791503,797191,6.0386886596679688,6.0820846557617188
64,8,powers-two,pointers,5,131072,790301,796004,6.0295181274414062,6.073028564453125
64,8,powers-two,pipeline,5,131072,791751,796700,6.0405807495117188,6.078338623046875
64,8,powers-two,blocks,5,131072,792059,797287,6.0429306030273438,6.0828170776367188
64,8,powers-two,openblas-leaf,5,131072,854828,860239,6.521820068359375,6.5631027221679688
64,8,powers-two,openblas-aligned,5,131072,889009,894189,6.7826004028320312,6.8221206665039062
64,8,powers-two,openblas,5,131072,958120,963267,7.30987548828125,7.3491439819335938
64,8,powers-two,onemkl,5,131072,1706047,1711590,13.016105651855469,13.058395385742188
64,8,powers-two,current,6,131072,789092,793960,6.020294189453125,6.05743408203125
64,8,powers-two,pointers,6,131072,790314,795256,6.0296173095703125,6.06732177734375
64,8,powers-two,pipeline,6,131072,788292,793124,6.014190673828125,6.051055908203125
64,8,powers-two,blocks,6,131072,791440,796472,6.0382080078125,6.07659912109375
64,8,powers-two,openblas-leaf,6,131072,855473,860560,6.5267410278320312,6.5655517578125
64,8,powers-two,openblas-aligned,6,131072,998272,1003205,7.6162109375,7.6538467407226562
64,8,powers-two,openblas,6,131072,961290,966236,7.3340606689453125,7.371795654296875
64,8,powers-two,onemkl,6,131072,1729932,1734982,13.198333740234375,13.236862182617188
64,8,powers-two,current,7,131072,820466,825578,6.2596588134765625,6.2986602783203125
64,8,powers-two,pointers,7,131072,788853,793973,6.0184707641601562,6.0575332641601562
64,8,powers-two,pipeline,7,131072,801983,806936,6.1186447143554688,6.15643310546875
64,8,powers-two,blocks,7,131072,788729,794010,6.0175247192382812,6.0578155517578125
64,8,powers-two,openblas-leaf,7,131072,853684,858880,6.513092041015625,6.552734375
64,8,powers-two,openblas-aligned,7,131072,883886,888954,6.7435150146484375,6.7821807861328125
64,8,powers-two,openblas,7,131072,957610,962708,7.3059844970703125,7.344879150390625
64,8,powers-two,onemkl,7,131072,1703272,1708550,12.99493408203125,13.035202026367188
64,8,reset,current,1,131072,1607238,1612992,12.262252807617188,12.30615234375
64,8,reset,pointers,1,131072,1601651,1606760,12.219627380371094,12.25860595703125
64,8,reset,pipeline,1,131072,1699153,1704440,12.963508605957031,13.00384521484375
64,8,reset,blocks,1,131072,1556753,1561781,11.877082824707031,11.915443420410156
64,8,reset,openblas-leaf,1,131072,1667574,1672969,12.722579956054688,12.763740539550781
64,8,reset,openblas-aligned,1,131072,1600371,1631057,12.209861755371094,12.443977355957031
64,8,reset,openblas,1,131072,1654690,1660957,12.624282836914062,12.672096252441406
64,8,reset,onemkl,1,131072,2259152,2264579,17.2359619140625,17.277366638183594
64,8,reset,current,2,131072,1575607,1580868,12.020927429199219,12.061065673828125
64,8,reset,pointers,2,131072,1545308,1550325,11.789764404296875,11.828041076660156
64,8,reset,pipeline,2,131072,1669909,1675553,12.740394592285156,12.783454895019531
64,8,reset,blocks,2,131072,1504126,1509311,11.475570678710938,11.515129089355469
64,8,reset,openblas-leaf,2,131072,1633235,1638276,12.460594177246094,12.499053955078125
64,8,reset,openblas-aligned,2,131072,1556041,1561467,11.871650695800781,11.913047790527344
64,8,reset,openblas,2,131072,1614921,1619930,12.320869445800781,12.359085083007812
64,8,reset,onemkl,2,131072,2180441,2185336,16.635444641113281,16.67279052734375
64,8,reset,current,3,131072,1578612,1590832,12.043853759765625,12.1370849609375
64,8,reset,pointers,3,131072,1563287,1568230,11.926933288574219,11.964645385742188
64,8,reset,pipeline,3,131072,1670479,1675644,12.744743347167969,12.784149169921875
64,8,reset,blocks,3,131072,1668469,1673393,12.729408264160156,12.766975402832031
64,8,reset,openblas-leaf,3,131072,1649827,1655007,12.587181091308594,12.626701354980469
64,8,reset,openblas-aligned,3,131072,1568782,1573804,11.968856811523438,12.007171630859375
64,8,reset,openblas,3,131072,1620124,1625215,12.360565185546875,12.399406433105469
64,8,reset,onemkl,3,131072,2209761,2215402,16.859138488769531,16.902175903320312
64,8,reset,current,4,131072,1581945,1587237,12.069282531738281,12.109657287597656
64,8,reset,pointers,4,131072,1554839,1559763,11.862480163574219,11.900047302246094
64,8,reset,pipeline,4,131072,1675314,1680440,12.781631469726562,12.82073974609375
64,8,reset,blocks,4,131072,1525278,1530132,11.636947631835938,11.673980712890625
64,8,reset,openblas-leaf,4,131072,1758671,1763666,13.417594909667969,13.455703735351562
64,8,reset,openblas-aligned,4,131072,1598774,1610100,12.197677612304688,12.284088134765625
64,8,reset,openblas,4,131072,1632335,1637238,12.453727722167969,12.491134643554688
64,8,reset,onemkl,4,131072,2203138,2208303,16.808609008789062,16.848014831542969
64,8,reset,current,5,131072,1565916,1571009,11.946990966796875,11.985847473144531
64,8,reset,pointers,5,131072,1541133,1545955,11.757911682128906,11.794700622558594
64,8,reset,pipeline,5,131072,1663476,1668635,12.691314697265625,12.730674743652344
64,8,reset,blocks,5,131072,1509020,1513849,11.512908935546875,11.549751281738281
64,8,reset,openblas-leaf,5,131072,1632741,1637686,12.456825256347656,12.494552612304688
64,8,reset,openblas-aligned,5,131072,1579567,1584965,12.051139831542969,12.092323303222656
64,8,reset,openblas,5,131072,1611374,1616551,12.293807983398438,12.333305358886719
64,8,reset,onemkl,5,131072,2181460,2186535,16.643218994140625,16.681938171386719
64,8,reset,current,6,131072,1574594,1579664,12.013198852539062,12.0518798828125
64,8,reset,pointers,6,131072,1550937,1555886,11.832710266113281,11.870468139648438
64,8,reset,pipeline,6,131072,1674664,1679940,12.77667236328125,12.816925048828125
64,8,reset,blocks,6,131072,1514373,1519350,11.553749084472656,11.591720581054688
64,8,reset,openblas-leaf,6,131072,1640119,1645103,12.513114929199219,12.551139831542969
64,8,reset,openblas-aligned,6,131072,1567839,1572737,11.961662292480469,11.999031066894531
64,8,reset,openblas,6,131072,1737395,1742505,13.255271911621094,13.294258117675781
64,8,reset,onemkl,6,131072,2197869,2202959,16.768409729003906,16.807243347167969
64,8,reset,current,7,131072,1581312,1586764,12.064453125,12.106048583984375
64,8,reset,pointers,7,131072,1553345,1558309,11.851081848144531,11.888954162597656
64,8,reset,pipeline,7,131072,1680708,1686004,12.822784423828125,12.863189697265625
64,8,reset,blocks,7,131072,1514938,1520052,11.558059692382812,11.597076416015625
64,8,reset,openblas-leaf,7,131072,1636921,1642163,12.488716125488281,12.528709411621094
64,8,reset,openblas-aligned,7,131072,1562063,1567171,11.917594909667969,11.956565856933594
64,8,reset,openblas,7,131072,1617580,1622717,12.341156005859375,12.380348205566406
64,8,reset,onemkl,7,131072,2191228,2196245,16.717742919921875,16.756019592285156
64,16,negate,current,1,131072,770263,775483,5.8766403198242188,5.9164657592773438
64,16,negate,pointers,1,131072,771579,776745,5.8866806030273438,5.9260940551757812
64,16,negate,pipeline,1,131072,775643,780826,5.9176864624023438,5.9572296142578125
64,16,negate,blocks,1,131072,772613,777508,5.8945693969726562,5.931915283203125
64,16,negate,openblas-leaf,1,131072,832471,837193,6.3512496948242188,6.3872756958007812
64,16,negate,openblas-aligned,1,131072,864667,869446,6.5968856811523438,6.6333465576171875
64,16,negate,openblas,1,131072,924924,929791,7.056610107421875,7.0937423706054688
64,16,negate,onemkl,1,131072,1649906,1655193,12.587783813476562,12.628120422363281
64,16,negate,current,2,131072,787864,793406,6.01092529296875,6.0532073974609375
64,16,negate,pointers,2,131072,784015,789513,5.9815597534179688,6.0235061645507812
64,16,negate,pipeline,2,131072,784863,790709,5.9880294799804688,6.0326309204101562
64,16,negate,blocks,2,131072,785553,790813,5.9932937622070312,6.0334243774414062
64,16,negate,openblas-leaf,2,131072,848525,853758,6.4737319946289062,6.5136566162109375
64,16,negate,openblas-aligned,2,131072,888604,893903,6.779510498046875,6.8199386596679688
64,16,negate,openblas,2,131072,947234,952689,7.2268218994140625,7.2684402465820312
64,16,negate,onemkl,2,131072,1679495,1685448,12.813529968261719,12.85894775390625
64,16,negate,current,3,131072,787741,804734,6.0099868774414062,6.1396331787109375
64,16,negate,pointers,3,131072,788347,830226,6.0146102905273438,6.3341217041015625
64,16,negate,pipeline,3,131072,778773,786267,5.9415664672851562,5.9987411499023438
64,16,negate,blocks,3,131072,786995,792180,6.0042953491210938,6.043853759765625
64,16,negate,openblas-leaf,3,131072,844273,849185,6.4412918090820312,6.4787673950195312
64,16,negate,openblas-aligned,3,131072,870218,875280,6.6392364501953125,6.6778564453125
64,16,negate,openblas,3,131072,937278,942260,7.1508636474609375,7.188873291015625
64,16,negate,onemkl,3,131072,1657748,1663288,12.647613525390625,12.68988037109375
64,16,negate,current,4,131072,772444,778080,5.893280029296875,5.936279296875
64,16,negate,pointers,4,131072,782959,788437,5.9735031127929688,6.0152969360351562
64,16,negate,pipeline,4,131072,771635,777000,5.8871078491210938,5.92803955078125
64,16,negate,blocks,4,131072,791577,796655,6.0392532348632812,6.0779953002929688
64,16,negate,openblas-leaf,4,131072,833353,838234,6.3579788208007812,6.3952178955078125
64,16,negate,openblas-aligned,4,131072,866154,871130,6.6082305908203125,6.6461944580078125
64,16,negate,openblas,4,131072,929449,935168,7.0911331176757812,7.134765625
64,16,negate,onemkl,4,131072,1649932,1655547,12.587982177734375,12.630821228027344
64,16,negate,current,5,131072,787587,825430,6.0088119506835938,6.2975311279296875
64,16,negate,pointers,5,131072,787053,792274,6.0047378540039062,6.0445709228515625
64,16,negate,pipeline,5,131072,786661,804093,6.0017471313476562,6.1347427368164062
64,16,negate,blocks,5,131072,798544,803492,6.0924072265625,6.130157470703125
64,16,negate,openblas-leaf,5,131072,844108,849023,6.440032958984375,6.4775314331054688
64,16,negate,openblas-aligned,5,131072,879623,884642,6.7109909057617188,6.7492828369140625
64,16,negate,openblas,5,131072,950518,955722,7.2518768310546875,7.2915802001953125
64,16,negate,onemkl,5,131072,1674124,1679601,12.772552490234375,12.814338684082031
64,16,negate,current,6,131072,788478,794030,6.0156097412109375,6.0579681396484375
64,16,negate,pointers,6,131072,789715,795039,6.0250473022460938,6.0656661987304688
64,16,negate,pipeline,6,131072,789018,794562,6.0197296142578125,6.0620269775390625
64,16,negate,blocks,6,131072,786177,791429,5.9980545043945312,6.0381240844726562
64,16,negate,openblas-leaf,6,131072,856192,861495,6.5322265625,6.5726852416992188
64,16,negate,openblas-aligned,6,131072,886405,892064,6.7627334594726562,6.805908203125
64,16,negate,openblas,6,131072,946911,952044,7.2243576049804688,7.263519287109375
64,16,negate,onemkl,6,131072,1663744,1669594,12.693359375,12.737991333007812
64,16,negate,current,7,131072,777762,782946,5.9338531494140625,5.9734039306640625
64,16,negate,pointers,7,131072,772790,777929,5.8959197998046875,5.9351272583007812
64,16,negate,pipeline,7,131072,771185,776476,5.8836746215820312,5.924041748046875
64,16,negate,blocks,7,131072,772482,777232,5.8935699462890625,5.9298095703125
64,16,negate,openblas-leaf,7,131072,835962,841077,6.3778839111328125,6.4169082641601562
64,16,negate,openblas-aligned,7,131072,864791,870433,6.5978317260742188,6.6408767700195312
64,16,negate,openblas,7,131072,929854,934744,7.0942230224609375,7.13153076171875
64,16,negate,onemkl,7,131072,1644340,1649759,12.545318603515625,12.586662292480469
64,16,powers-two,current,1,131072,795672,800623,6.07049560546875,6.1082687377929688
64,16,powers-two,pointers,1,131072,790851,795859,6.0337142944335938,6.0719223022460938
64,16,powers-two,pipeline,1,131072,787711,792548,6.0097579956054688,6.046661376953125
64,16,powers-two,blocks,1,131072,788728,793790,6.01751708984375,6.0561370849609375
64,16,powers-two,openblas-leaf,1,131072,852657,857720,6.5052566528320312,6.54388427734375
64,16,powers-two,openblas-aligned,1,131072,885305,890228,6.7543411254882812,6.791900634765625
64,16,powers-two,openblas,1,131072,956769,961770,7.2995681762695312,7.3377227783203125
64,16,powers-two,onemkl,1,131072,1707303,1712342,13.025688171386719,13.064132690429688
64,16,powers-two,current,2,131072,786164,791304,5.997955322265625,6.03717041015625
64,16,powers-two,pointers,2,131072,790295,795677,6.0294723510742188,6.0705337524414062
64,16,powers-two,pipeline,2,131072,802324,807303,6.121246337890625,6.1592330932617188
64,16,powers-two,blocks,2,131072,790696,796052,6.03253173828125,6.073394775390625
64,16,powers-two,openblas-leaf,2,131072,850620,855814,6.489715576171875,6.5293426513671875
64,16,powers-two,openblas-aligned,2,131072,877640,883012,6.69586181640625,6.736846923828125
64,16,powers-two,openblas,2,131072,947791,952949,7.2310714721679688,7.2704238891601562
64,16,powers-two,onemkl,2,131072,1699328,1705052,12.96484375,13.008514404296875
64,16,powers-two,current,3,131072,794080,799039,6.058349609375,6.0961837768554688
64,16,powers-two,pointers,3,131072,792116,797084,6.043365478515625,6.081268310546875
64,16,powers-two,pipeline,3,131072,788280,793212,6.01409912109375,6.051727294921875
64,16,powers-two,blocks,3,131072,790337,795344,6.0297927856445312,6.0679931640625
64,16,powers-two,openblas-leaf,3,131072,849584,854620,6.4818115234375,6.520233154296875
64,16,powers-two,openblas-aligned,3,131072,992685,997647,7.5735855102539062,7.6114425659179688
64,16,powers-two,openblas,3,131072,950529,955542,7.2519607543945312,7.2902069091796875
64,16,powers-two,onemkl,3,131072,1710157,1715389,13.047462463378906,13.087379455566406
64,16,powers-two,current,4,131072,789969,795153,6.0269851684570312,6.0665359497070312
64,16,powers-two,pointers,4,131072,789726,794825,6.0251312255859375,6.0640335083007812
64,16,powers-two,pipeline,4,131072,786453,791506,6.0001602172851562,6.0387115478515625
64,16,powers-two,blocks,4,131072,791141,796459,6.0359268188476562,6.0764999389648438
64,16,powers-two,openblas-leaf,4,131072,860832,866646,6.567626953125,6.6119842529296875
64,16,powers-two,openblas-aligned,4,131072,882440,887787,6.73248291015625,6.7732772827148438
64,16,powers-two,openblas,4,131072,949486,954903,7.2440032958984375,7.2853317260742188
64,16,powers-two,onemkl,4,131072,1697054,1702495,12.947494506835938,12.989006042480469
64,16,powers-two,current,5,131072,798483,803492,6.0919418334960938,6.130157470703125
64,16,powers-two,pointers,5,131072,930858,935826,7.1018829345703125,7.1397857666015625
64,16,powers-two,pipeline,5,131072,794279,799185,6.0598678588867188,6.0972976684570312
64,16,powers-two,blocks,5,131072,786469,791517,6.0002822875976562,6.0387954711914062
64,16,powers-two,openblas-leaf,5,131072,854066,859289,6.5160064697265625,6.5558547973632812
64,16,powers-two,openblas-aligned,5,131072,880989,886058,6.7214126586914062,6.7600860595703125
64,16,powers-two,openblas,5,131072,948149,953210,7.2338027954101562,7.2724151611328125
64,16,powers-two,onemkl,5,131072,1702580,1707611,12.989654541015625,13.028038024902344
64,16,powers-two,current,6,131072,784826,789916,5.9877471923828125,6.026580810546875
64,16,powers-two,pointers,6,131072,787986,792981,6.0118560791015625,6.0499649047851562
64,16,powers-two,pipeline,6,131072,787012,792093,6.004425048828125,6.0431900024414062
64,16,powers-two,blocks,6,131072,783026,788249,5.9740142822265625,6.0138626098632812
64,16,powers-two,openblas-leaf,6,131072,869618,874699,6.6346588134765625,6.6734237670898438
64,16,powers-two,openblas-aligned,6,131072,882229,887118,6.7308731079101562,6.7681732177734375
64,16,powers-two,openblas,6,131072,942805,948170,7.1930313110351562,7.2339630126953125
64,16,powers-two,onemkl,6,131072,1694707,1700356,12.929588317871094,12.972686767578125
64,16,powers-two,current,7,131072,790969,795846,6.0346145629882812,6.0718231201171875
64,16,powers-two,pointers,7,131072,906213,911262,6.9138565063476562,6.9523773193359375
64,16,powers-two,pipeline,7,131072,792684,797587,6.047698974609375,6.0851058959960938
64,16,powers-two,blocks,7,131072,791901,797018,6.0417251586914062,6.0807647705078125
64,16,powers-two,openblas-leaf,7,131072,853427,858481,6.5111312866210938,6.5496902465820312
64,16,powers-two,openblas-aligned,7,131072,883725,888710,6.7422866821289062,6.7803192138671875
64,16,powers-two,openblas,7,131072,954870,959916,7.2850799560546875,7.323577880859375
64,16,powers-two,onemkl,7,131072,1708084,1713208,13.031646728515625,13.07073974609375
64,16,reset,current,1,131072,1578581,1583665,12.043617248535156,12.082405090332031
64,16,reset,pointers,1,131072,1536441,1541375,11.722114562988281,11.759757995605469
64,16,reset,pipeline,1,131072,1539524,1544736,11.745635986328125,11.785400390625
64,16,reset,blocks,1,131072,1505118,1510141,11.483139038085938,11.521461486816406
64,16,reset,openblas-leaf,1,131072,1630617,1635519,12.440620422363281,12.478019714355469
64,16,reset,openblas-aligned,1,131072,1508442,1513247,11.508499145507812,11.545158386230469
64,16,reset,openblas,1,131072,1679644,1684514,12.814666748046875,12.851821899414062
64,16,reset,onemkl,1,131072,2185674,2190533,16.675369262695312,16.712440490722656
64,16,reset,current,2,131072,1587178,1592276,12.109207153320312,12.148101806640625
64,16,reset,pointers,2,131072,1546889,1551773,11.801826477050781,11.839088439941406
64,16,reset,pipeline,2,131072,1558508,1563610,11.890472412109375,11.929397583007812
64,16,reset,blocks,2,131072,1521908,1526749,11.611236572265625,11.648170471191406
64,16,reset,openblas-leaf,2,131072,1658406,1663519,12.652633666992188,12.691642761230469
64,16,reset,openblas-aligned,2,131072,1528236,1533213,11.659515380859375,11.697486877441406
64,16,reset,openblas,2,131072,1537751,1542704,11.732109069824219,11.7698974609375
64,16,reset,onemkl,2,131072,2193533,2198688,16.735328674316406,16.774658203125
64,16,reset,current,3,131072,1630464,1635726,12.439453125,12.479598999023438
64,16,reset,pointers,3,131072,1584329,1589434,12.087471008300781,12.126419067382812
64,16,reset,pipeline,3,131072,1583662,1588852,12.082382202148438,12.121978759765625
64,16,reset,blocks,3,131072,1556081,1561531,11.871955871582031,11.913536071777344
64,16,reset,openblas-leaf,3,131072,1694458,1699807,12.927688598632812,12.968498229980469
64,16,reset,openblas-aligned,3,131072,1569170,1574596,11.971817016601562,12.013214111328125
64,16,reset,openblas,3,131072,1575662,1581018,12.021347045898438,12.062210083007812
64,16,reset,onemkl,3,131072,2285065,2290458,17.433662414550781,17.474807739257812
64,16,reset,current,4,131072,1610866,1616224,12.289932250976562,12.330810546875
64,16,reset,pointers,4,131072,1579093,1588883,12.047523498535156,12.122215270996094
64,16,reset,pipeline,4,131072,1574677,1580390,12.013832092285156,12.057418823242188
64,16,reset,blocks,4,131072,1539900,1544929,11.748504638671875,11.786872863769531
64,16,reset,openblas-leaf,4,131072,1672390,1677597,12.759323120117188,12.799049377441406
64,16,reset,openblas-aligned,4,131072,1558154,1563101,11.887771606445312,11.925514221191406
64,16,reset,openblas,4,131072,1571056,1576546,11.9862060546875,12.028091430664062
64,16,reset,onemkl,4,131072,2230065,2235609,17.014045715332031,17.056343078613281
64,16,reset,current,5,131072,1564769,1570023,11.938240051269531,11.978324890136719
64,16,reset,pointers,5,131072,1647604,1652884,12.570220947265625,12.610504150390625
64,16,reset,pipeline,5,131072,1539569,1548708,11.745979309082031,11.815704345703125
64,16,reset,blocks,5,131072,1505590,1510485,11.486740112304688,11.524085998535156
64,16,reset,openblas-leaf,5,131072,1633847,1638986,12.465263366699219,12.504470825195312
64,16,reset,openblas-aligned,5,131072,1518533,1523498,11.585487365722656,11.623367309570312
64,16,reset,openblas,5,131072,1521778,1526652,11.610244750976562,11.647430419921875
64,16,reset,onemkl,5,131072,2184904,2193615,16.66949462890625,16.735954284667969
64,16,reset,current,6,131072,1576384,1581600,12.02685546875,12.066650390625
64,16,reset,pointers,6,131072,1539814,1544847,11.747848510742188,11.786247253417969
64,16,reset,pipeline,6,131072,1540630,1545607,11.754074096679688,11.792045593261719
64,16,reset,blocks,6,131072,1511188,1516053,11.529449462890625,11.566566467285156
64,16,reset,openblas-leaf,6,131072,1639640,1644666,12.50946044921875,12.547805786132812
64,16,reset,openblas-aligned,6,131072,1519427,1524363,11.592308044433594,11.629966735839844
64,16,reset,openblas,6,131072,1671607,1676708,12.753349304199219,12.792266845703125
64,16,reset,onemkl,6,131072,2191830,2196764,16.722335815429688,16.759979248046875
64,16,reset,current,7,131072,1565626,1570944,11.944778442382812,11.9853515625
64,16,reset,pointers,7,131072,1536889,1542077,11.725532531738281,11.765113830566406
64,16,reset,pipeline,7,131072,1533147,1538433,11.696983337402344,11.737312316894531
64,16,reset,blocks,7,131072,1508001,1512917,11.505134582519531,11.542640686035156
64,16,reset,openblas-leaf,7,131072,1629919,1635329,12.435295104980469,12.476570129394531
64,16,reset,openblas-aligned,7,131072,1505906,1511069,11.489151000976562,11.528541564941406
64,16,reset,openblas,7,131072,1521922,1526871,11.611343383789062,11.649101257324219
64,16,reset,onemkl,7,131072,2177952,2182844,16.616455078125,16.653778076171875
64,24,negate,current,1,131072,773653,779003,5.9025039672851562,5.9433212280273438
64,24,negate,pointers,1,131072,769124,774513,5.867950439453125,5.9090652465820312
64,24,negate,pipeline,1,131072,770688,776083,5.8798828125,5.9210433959960938
64,24,negate,blocks,1,131072,776281,781621,5.9225540161132812,5.9632949829101562
64,24,negate,openblas-leaf,1,131072,838578,845064,6.3978424072265625,6.44732666015625
64,24,negate,openblas-aligned,1,131072,866942,872515,6.6142425537109375,6.6567611694335938
64,24,negate,openblas,1,131072,939489,944801,7.1677322387695312,7.2082595825195312
64,24,negate,onemkl,1,131072,1652971,1658796,12.611167907714844,12.655609130859375
64,24,negate,current,2,131072,756581,761669,5.7722549438476562,5.8110733032226562
64,24,negate,pointers,2,131072,757219,762294,5.7771224975585938,5.8158416748046875
64,24,negate,pipeline,2,131072,777396,782420,5.931060791015625,5.969390869140625
64,24,negate,blocks,2,131072,756925,761965,5.7748794555664062,5.8133316040039062
64,24,negate,openblas-leaf,2,131072,817509,822505,6.2370986938476562,6.2752151489257812
64,24,negate,openblas-aligned,2,131072,853000,858059,6.50787353515625,6.5464706420898438
64,24,negate,openblas,2,131072,918914,923654,7.0107574462890625,7.0469207763671875
64,24,negate,onemkl,2,131072,1609760,1614981,12.281494140625,12.321327209472656
64,24,negate,current,3,131072,777403,782573,5.9311141967773438,5.9705581665039062
64,24,negate,pointers,3,131072,794188,799510,6.059173583984375,6.0997772216796875
64,24,negate,pipeline,3,131072,780806,786015,5.9570770263671875,5.9968185424804688
64,24,negate,blocks,3,131072,778983,784112,5.9431686401367188,5.9822998046875
64,24,negate,openblas-leaf,3,131072,843864,849128,6.43817138671875,6.47833251953125
64,24,negate,openblas-aligned,3,131072,873362,878680,6.6632232666015625,6.70379638671875
64,24,negate,openblas,3,131072,935704,940580,7.13885498046875,7.176055908203125
64,24,negate,onemkl,3,131072,1643114,1648553,12.535964965820312,12.577461242675781
64,24,negate,current,4,131072,774142,779422,5.9062347412109375,5.9465179443359375
64,24,negate,pointers,4,131072,774243,779576,5.9070053100585938,5.94769287109375
64,24,negate,pipeline,4,131072,786754,791982,6.0024566650390625,6.0423431396484375
64,24,negate,blocks,4,131072,774471,779382,5.9087448120117188,5.9462127685546875
64,24,negate,openblas-leaf,4,131072,838175,843715,6.3947677612304688,6.4370346069335938
64,24,negate,openblas-aligned,4,131072,865198,870536,6.6009368896484375,6.64166259765625
64,24,negate,openblas,4,131072,929309,934386,7.0900650024414062,7.1287994384765625
64,24,negate,onemkl,4,131072,1636316,1641886,12.484100341796875,12.526596069335938
64,24,negate,current,5,131072,787662,792890,6.0093841552734375,6.0492706298828125
64,24,negate,pointers,5,131072,786681,791886,6.0018997192382812,6.0416107177734375
64,24,negate,pipeline,5,131072,788873,794175,6.0186233520507812,6.0590744018554688
64,24,negate,blocks,5,131072,786914,791841,6.0036773681640625,6.0412673950195312
64,24,negate,openblas-leaf,5,131072,843903,849156,6.4384689331054688,6.478546142578125
64,24,negate,openblas-aligned,5,131072,876283,881495,6.6855087280273438,6.7252731323242188
64,24,negate,openblas,5,131072,1056768,1061608,8.0625,8.09942626953125
64,24,negate,onemkl,5,131072,1659571,1664945,12.661521911621094,12.702522277832031
64,24,negate,current,6,131072,782082,787518,5.9668121337890625,6.0082855224609375
64,24,negate,pointers,6,131072,786621,792020,6.0014419555664062,6.042633056640625
64,24,negate,pipeline,6,131072,781416,786933,5.96173095703125,6.0038223266601562
64,24,negate,blocks,6,131072,792090,797083,6.0431671142578125,6.0812606811523438
64,24,negate,openblas-leaf,6,131072,849093,854735,6.4780654907226562,6.5211105346679688
64,24,negate,openblas-aligned,6,131072,878165,883531,6.6998672485351562,6.7408065795898438
64,24,negate,openblas,6,131072,951537,956743,7.2596511840820312,7.2993698120117188
64,24,negate,onemkl,6,131072,1663463,1668865,12.691215515136719,12.732429504394531
64,24,negate,current,7,131072,782957,788166,5.9734878540039062,6.0132293701171875
64,24,negate,pointers,7,131072,781139,786297,5.9596176147460938,5.9989700317382812
64,24,negate,pipeline,7,131072,780870,786029,5.9575653076171875,5.9969253540039062
64,24,negate,blocks,7,131072,911129,915943,6.9513626098632812,6.9880905151367188
64,24,negate,openblas-leaf,7,131072,844475,849658,6.4428329467773438,6.4823760986328125
64,24,negate,openblas-aligned,7,131072,874483,879706,6.6717758178710938,6.7116241455078125
64,24,negate,openblas,7,131072,936197,941132,7.1426162719726562,7.180267333984375
64,24,negate,onemkl,7,131072,1661208,1666497,12.67401123046875,12.714363098144531
64,24,powers-two,current,1,131072,771307,776251,5.8846054077148438,5.9223251342773438
64,24,powers-two,pointers,1,131072,791565,796610,6.0391616821289062,6.0776519775390625
64,24,powers-two,pipeline,1,131072,769330,774281,5.8695220947265625,5.9072952270507812
64,24,powers-two,blocks,1,131072,773238,778405,5.8993377685546875,5.9387588500976562
64,24,powers-two,openblas-leaf,1,131072,833218,838430,6.3569488525390625,6.3967132568359375
64,24,powers-two,openblas-aligned,1,131072,861246,866377,6.5707855224609375,6.6099319458007812
64,24,powers-two,openblas,1,131072,926339,931735,7.0674057006835938,7.1085739135742188
64,24,powers-two,onemkl,1,131072,1672775,1678173,12.762260437011719,12.803443908691406
64,24,powers-two,current,2,131072,776493,781325,5.9241714477539062,5.9610366821289062
64,24,powers-two,pointers,2,131072,772936,777792,5.89703369140625,5.93408203125
64,24,powers-two,pipeline,2,131072,780413,785215,5.9540786743164062,5.9907150268554688
64,24,powers-two,blocks,2,131072,773528,778491,5.90155029296875,5.9394149780273438
64,24,powers-two,openblas-leaf,2,131072,834179,839210,6.3642807006835938,6.4026641845703125
64,24,powers-two,openblas-aligned,2,131072,865541,870464,6.6035537719726562,6.64111328125
64,24,powers-two,openblas,2,131072,929689,934616,7.0929641723632812,7.13055419921875
64,24,powers-two,onemkl,2,131072,1769634,1774609,13.501235961914062,13.539192199707031
64,24,powers-two,current,3,131072,790909,796205,6.0341567993164062,6.0745620727539062
64,24,powers-two,pointers,3,131072,793844,798964,6.056549072265625,6.095611572265625
64,24,powers-two,pipeline,3,131072,792975,798128,6.0499191284179688,6.0892333984375
64,24,powers-two,blocks,3,131072,822579,827611,6.2757797241210938,6.3141708374023438
64,24,powers-two,openblas-leaf,3,131072,850071,855089,6.4855270385742188,6.5238113403320312
64,24,powers-two,openblas-aligned,3,131072,883277,896142,6.7388687133789062,6.8370208740234375
64,24,powers-two,openblas,3,131072,950825,956334,7.2542190551757812,7.2962493896484375
64,24,powers-two,onemkl,3,131072,1697653,1703225,12.952064514160156,12.994575500488281
64,24,powers-two,current,4,131072,781703,786599,5.9639205932617188,6.0012741088867188
64,24,powers-two,pointers,4,131072,782841,787983,5.9726028442382812,6.0118331909179688
64,24,powers-two,pipeline,4,131072,780999,785809,5.9585494995117188,5.9952468872070312
64,24,powers-two,blocks,4,131072,783577,788553,5.9782180786132812,6.0161819458007812
64,24,powers-two,openblas-leaf,4,131072,842938,847922,6.4311065673828125,6.4691314697265625
64,24,powers-two,openblas-aligned,4,131072,875488,880393,6.679443359375,6.7168655395507812
64,24,powers-two,openblas,4,131072,940974,946083,7.1790618896484375,7.2180404663085938
64,24,powers-two,onemkl,4,131072,1684366,1689437,12.850692749023438,12.889381408691406
64,24,powers-two,current,5,131072,765422,770261,5.8397064208984375,5.8766250610351562
64,24,powers-two,pointers,5,131072,763018,767828,5.8213653564453125,5.858062744140625
64,24,powers-two,pipeline,5,131072,766011,770704,5.8442001342773438,5.8800048828125
64,24,powers-two,blocks,5,131072,762394,767242,5.8166046142578125,5.8535919189453125
64,24,powers-two,openblas-leaf,5,131072,825012,830032,6.294342041015625,6.3326416015625
64,24,powers-two,openblas-aligned,5,131072,855252,860012,6.525054931640625,6.561370849609375
64,24,powers-two,openblas,5,131072,914932,919865,6.980377197265625,7.0180130004882812
64,24,powers-two,onemkl,5,131072,1649045,1654038,12.581214904785156,12.619308471679688
64,24,powers-two,current,6,131072,765962,770900,5.8438262939453125,5.881500244140625
64,24,powers-two,pointers,6,131072,768987,773960,5.8669052124023438,5.90484619140625
64,24,powers-two,pipeline,6,131072,764395,769288,5.8318710327148438,5.86920166015625
64,24,powers-two,blocks,6,131072,769749,774987,5.8727188110351562,5.9126815795898438
64,24,powers-two,openblas-leaf,6,131072,831179,836523,6.3413925170898438,6.3821640014648438
64,24,powers-two,openblas-aligned,6,131072,855832,860746,6.52947998046875,6.5669708251953125
64,24,powers-two,openblas,6,131072,922629,927922,7.0391006469726562,7.0794830322265625
64,24,powers-two,onemkl,6,131072,1655869,1661310,12.633277893066406,12.674789428710938
64,24,powers-two,current,7,131072,760886,765674,5.8050994873046875,5.8416290283203125
64,24,powers-two,pointers,7,131072,758736,763488,5.7886962890625,5.824951171875
64,24,powers-two,pipeline,7,131072,785837,790526,5.9954605102539062,6.0312347412109375
64,24,powers-two,blocks,7,131072,755915,760799,5.7671737670898438,5.8044357299804688
64,24,powers-two,openblas-leaf,7,131072,816437,821266,6.2289199829101562,6.2657623291015625
64,24,powers-two,openblas-aligned,7,131072,844631,849305,6.4440231323242188,6.4796829223632812
64,24,powers-two,openblas,7,131072,909812,914788,6.941314697265625,6.979278564453125
64,24,powers-two,onemkl,7,131072,1737331,1742165,13.254783630371094,13.291664123535156
64,24,reset,current,1,131072,1575366,1580594,12.019088745117188,12.058975219726562
64,24,reset,pointers,1,131072,1543365,1548477,11.774940490722656,11.813941955566406
64,24,reset,pipeline,1,131072,1634362,1639479,12.469192504882812,12.508232116699219
64,24,reset,blocks,1,131072,1509491,1514505,11.516502380371094,11.554756164550781
64,24,reset,openblas-leaf,1,131072,1634748,1639793,12.472137451171875,12.510627746582031
64,24,reset,openblas-aligned,1,131072,1557492,1562528,11.882720947265625,11.921142578125
64,24,reset,openblas,1,131072,1606251,1611668,12.254722595214844,12.296051025390625
64,24,reset,onemkl,1,131072,2219159,2224545,16.930839538574219,16.971931457519531
64,24,reset,current,2,131072,1670316,1675549,12.743499755859375,12.783424377441406
64,24,reset,pointers,2,131072,1535922,1540863,11.718154907226562,11.755851745605469
64,24,reset,pipeline,2,131072,1631299,1636643,12.445823669433594,12.486595153808594
64,24,reset,blocks,2,131072,1505323,1510357,11.484703063964844,11.523109436035156
64,24,reset,openblas-leaf,2,131072,1642021,1647096,12.527626037597656,12.56634521484375
64,24,reset,openblas-aligned,2,131072,1554711,1559589,11.861503601074219,11.898719787597656
64,24,reset,openblas,2,131072,1600168,1605272,12.20831298828125,12.24725341796875
64,24,reset,onemkl,2,131072,2193528,2198853,16.73529052734375,16.775917053222656
64,24,reset,current,3,131072,1566385,1571515,11.950569152832031,11.989707946777344
64,24,reset,pointers,3,131072,1569393,1574289,11.973518371582031,12.010871887207031
64,24,reset,pipeline,3,131072,1639344,1644382,12.5072021484375,12.545639038085938
64,24,reset,blocks,3,131072,1506434,1511239,11.493179321289062,11.529838562011719
64,24,reset,openblas-leaf,3,131072,1636823,1641810,12.487968444824219,12.526016235351562
64,24,reset,openblas-aligned,3,131072,1550440,1555298,11.82891845703125,11.865982055664062
64,24,reset,openblas,3,131072,1605376,1610218,12.248046875,12.284988403320312
64,24,reset,onemkl,3,131072,2195351,2200328,16.749198913574219,16.78717041015625
64,24,reset,current,4,131072,1599338,1604524,12.201980590820312,12.241546630859375
64,24,reset,pointers,4,131072,1541136,1546267,11.7579345703125,11.797080993652344
64,24,reset,pipeline,4,131072,1641800,1647189,12.52593994140625,12.567054748535156
64,24,reset,blocks,4,131072,1510440,1515433,11.52374267578125,11.561836242675781
64,24,reset,openblas-leaf,4,131072,1635258,1640274,12.476028442382812,12.514297485351562
64,24,reset,openblas-aligned,4,131072,1566406,1583323,11.950729370117188,12.079795837402344
64,24,reset,openblas,4,131072,1601412,1606417,12.217803955078125,12.255989074707031
64,24,reset,onemkl,4,131072,2195479,2200701,16.750175476074219,16.790016174316406
64,24,reset,current,5,131072,1541878,1547136,11.763595581054688,11.8037109375
64,24,reset,pointers,5,131072,1521340,1526462,11.606903076171875,11.645980834960938
64,24,reset,pipeline,5,131072,1606854,1612174,12.259323120117188,12.299911499023438
64,24,reset,blocks,5,131072,1489001,1494018,11.360176086425781,11.398452758789062
64,24,reset,openblas-leaf,5,131072,1613904,1619233,12.3131103515625,12.353767395019531
64,24,reset,openblas-aligned,5,131072,1525386,1530451,11.637771606445312,11.676414489746094
64,24,reset,openblas,5,131072,1586227,1591307,12.101951599121094,12.140708923339844
64,24,reset,onemkl,5,131072,2158133,2163549,16.465248107910156,16.506568908691406
64,24,reset,current,6,131072,1566173,1571225,11.948951721191406,11.987495422363281
64,24,reset,pointers,6,131072,1528532,1533760,11.661773681640625,11.70166015625
64,24,reset,pipeline,6,131072,1627186,1632158,12.414443969726562,12.452377319335938
64,24,reset,blocks,6,131072,1598766,1603815,12.197616577148438,12.236137390136719
64,24,reset,openblas-leaf,6,131072,1626822,1631794,12.411666870117188,12.449600219726562
64,24,reset,openblas-aligned,6,131072,1542875,1548206,11.771202087402344,11.811874389648438
64,24,reset,openblas,6,131072,1594890,1600127,12.168045043945312,12.208000183105469
64,24,reset,onemkl,6,131072,2178799,2184244,16.622917175292969,16.664459228515625
64,24,reset,current,7,131072,1568918,1574198,11.969894409179688,12.010177612304688
64,24,reset,pointers,7,131072,1540498,1545522,11.753067016601562,11.791397094726562
64,24,reset,pipeline,7,131072,1639456,1644685,12.508056640625,12.547950744628906
64,24,reset,blocks,7,131072,1614987,1620056,12.321372985839844,12.36004638671875
64,24,reset,openblas-leaf,7,131072,1642051,1647134,12.527854919433594,12.566635131835938
64,24,reset,openblas-aligned,7,131072,1545424,1550394,11.7906494140625,11.828567504882812
64,24,reset,openblas,7,131072,1601594,1606852,12.219192504882812,12.259307861328125
64,24,reset,onemkl,7,131072,2192354,2197872,16.726333618164062,16.7684326171875
128,0,negate,current,1,65536,527972,533361,8.05621337890625,8.1384429931640625
128,0,negate,pointers,1,65536,456172,461365,6.96063232421875,7.0398712158203125
128,0,negate,pipeline,1,65536,592387,597627,9.0391082763671875,9.1190643310546875
128,0,negate,blocks,1,65536,441561,446780,6.7376861572265625,6.81732177734375
128,0,negate,openblas-leaf,1,65536,488291,493596,7.4507293701171875,7.53167724609375
128,0,negate,openblas-aligned,1,65536,502657,508018,7.6699371337890625,7.751739501953125
128,0,negate,openblas,1,65536,561988,567217,8.57525634765625,8.6550445556640625
128,0,negate,onemkl,1,65536,864743,870025,13.194931030273438,13.275527954101562
128,0,negate,current,2,65536,518943,524687,7.9184417724609375,8.0060882568359375
128,0,negate,pointers,2,65536,442277,447533,6.7486114501953125,6.8288116455078125
128,0,negate,pipeline,2,65536,469355,474944,7.1617889404296875,7.2470703125
128,0,negate,blocks,2,65536,433750,439680,6.618499755859375,6.708984375
128,0,negate,openblas-leaf,2,65536,482997,488329,7.3699493408203125,7.4513092041015625
128,0,negate,openblas-aligned,2,65536,496836,502240,7.58111572265625,7.66357421875
128,0,negate,openblas,2,65536,558823,564247,8.5269622802734375,8.6097259521484375
128,0,negate,onemkl,2,65536,867926,873768,13.243499755859375,13.3326416015625
128,0,negate,current,3,65536,515671,521037,7.8685150146484375,7.9503936767578125
128,0,negate,pointers,3,65536,433985,439163,6.6220855712890625,6.7010955810546875
128,0,negate,pipeline,3,65536,461127,466428,7.0362396240234375,7.11712646484375
128,0,negate,blocks,3,65536,436189,441600,6.6557159423828125,6.73828125
128,0,negate,openblas-leaf,3,65536,485567,490819,7.4091644287109375,7.4893035888671875
128,0,negate,openblas-aligned,3,65536,499517,504711,7.6220245361328125,7.7012786865234375
128,0,negate,openblas,3,65536,571665,576931,8.7229156494140625,8.8032684326171875
128,0,negate,onemkl,3,65536,860656,865913,13.132568359375,13.212783813476562
128,0,negate,current,4,65536,523921,529310,7.9944000244140625,8.076629638671875
128,0,negate,pointers,4,65536,432749,437881,6.6032257080078125,6.6815338134765625
128,0,negate,pipeline,4,65536,454613,459721,6.9368438720703125,7.0147857666015625
128,0,negate,blocks,4,65536,434885,440357,6.6358184814453125,6.7193145751953125
128,0,negate,openblas-leaf,4,65536,484362,489604,7.390777587890625,7.47076416015625
128,0,negate,openblas-aligned,4,65536,502641,508117,7.6696929931640625,7.7532501220703125
128,0,negate,openblas,4,65536,566351,571549,8.6418304443359375,8.7211456298828125
128,0,negate,onemkl,4,65536,860559,865899,13.131088256835938,13.212570190429688
128,0,negate,current,5,65536,502431,507819,7.6664886474609375,7.7487030029296875
128,0,negate,pointers,5,65536,430966,436072,6.576019287109375,6.6539306640625
128,0,negate,pipeline,5,65536,449585,454705,6.8601226806640625,6.9382476806640625
128,0,negate,blocks,5,65536,437119,442657,6.6699066162109375,6.7544097900390625
128,0,negate,openblas-leaf,5,65536,479845,485119,7.3218536376953125,7.4023284912109375
128,0,negate,openblas-aligned,5,65536,492814,498118,7.519744873046875,7.600677490234375
128,0,negate,openblas,5,65536,552371,557626,8.4285125732421875,8.508697509765625
128,0,negate,onemkl,5,65536,847859,853072,12.937301635742188,13.016845703125
128,0,negate,current,6,65536,516631,522157,7.8831634521484375,7.9674835205078125
128,0,negate,pointers,6,65536,446219,451548,6.8087615966796875,6.89007568359375
128,0,negate,pipeline,6,65536,466106,471485,7.112213134765625,7.1942901611328125
128,0,negate,blocks,6,65536,442982,448434,6.759368896484375,6.842559814453125
128,0,negate,openblas-leaf,6,65536,492862,498289,7.520477294921875,7.6032867431640625
128,0,negate,openblas-aligned,6,65536,510380,516128,7.78778076171875,7.87548828125
128,0,negate,openblas,6,65536,568073,573433,8.6681060791015625,8.7498931884765625
128,0,negate,onemkl,6,65536,864347,870262,13.188888549804688,13.279144287109375
128,0,negate,current,7,65536,512317,517706,7.8173370361328125,7.899566650390625
128,0,negate,pointers,7,65536,433880,438979,6.6204833984375,6.6982879638671875
128,0,negate,pipeline,7,65536,462850,467955,7.062530517578125,7.1404266357421875
128,0,negate,blocks,7,65536,434669,440078,6.6325225830078125,6.715057373046875
128,0,negate,openblas-leaf,7,65536,484811,490037,7.3976287841796875,7.4773712158203125
128,0,negate,openblas-aligned,7,65536,503042,508388,7.675811767578125,7.75738525390625
128,0,negate,openblas,7,65536,571510,576798,8.720550537109375,8.801239013671875
128,0,negate,onemkl,7,65536,855421,860678,13.052688598632812,13.132904052734375
128,0,powers-two,current,1,65536,522802,529164,7.977325439453125,8.07440185546875
128,0,powers-two,pointers,1,65536,436587,441945,6.6617889404296875,6.7435455322265625
128,0,powers-two,pipeline,1,65536,456581,461847,6.9668731689453125,7.0472259521484375
128,0,powers-two,blocks,1,65536,432841,438074,6.6046295166015625,6.684478759765625
128,0,powers-two,openblas-leaf,1,65536,485913,491517,7.4144439697265625,7.4999542236328125
128,0,powers-two,openblas-aligned,1,65536,496607,501882,7.5776214599609375,7.658111572265625
128,0,powers-two,openblas,1,65536,559742,565354,8.540985107421875,8.626617431640625
128,0,powers-two,onemkl,1,65536,863319,868937,13.173202514648438,13.258926391601562
128,0,powers-two,current,2,65536,531059,536727,8.1033172607421875,8.1898040771484375
128,0,powers-two,pointers,2,65536,442831,447976,6.7570648193359375,6.8355712890625
128,0,powers-two,pipeline,2,65536,453297,458390,6.9167633056640625,6.994476318359375
128,0,powers-two,blocks,2,65536,439131,444308,6.7006072998046875,6.77960205078125
128,0,powers-two,openblas-leaf,2,65536,479410,484630,7.315216064453125,7.394866943359375
128,0,powers-two,openblas-aligned,2,65536,489796,495020,7.47369384765625,7.55340576171875
128,0,powers-two,openblas,2,65536,560571,565962,8.5536346435546875,8.635894775390625
128,0,powers-two,onemkl,2,65536,856175,861367,13.064193725585938,13.143417358398438
128,0,powers-two,current,3,65536,526493,531951,8.0336456298828125,8.1169281005859375
128,0,powers-two,pointers,3,65536,578803,584007,8.8318328857421875,8.9112396240234375
128,0,powers-two,pipeline,3,65536,460335,465453,7.0241546630859375,7.1022491455078125
128,0,powers-two,blocks,3,65536,437054,442261,6.668914794921875,6.7483673095703125
128,0,powers-two,openblas-leaf,3,65536,481801,487001,7.3516998291015625,7.4310455322265625
128,0,powers-two,openblas-aligned,3,65536,503380,508655,7.68096923828125,7.7614593505859375
128,0,powers-two,openblas,3,65536,566749,572235,8.6479034423828125,8.7316131591796875
128,0,powers-two,onemkl,3,65536,867372,872631,13.23504638671875,13.315292358398438
128,0,powers-two,current,4,65536,525319,530712,8.0157318115234375,8.0980224609375
128,0,powers-two,pointers,4,65536,441835,446946,6.7418670654296875,6.819854736328125
128,0,powers-two,pipeline,4,65536,449866,454989,6.864410400390625,6.9425811767578125
128,0,powers-two,blocks,4,65536,432455,437640,6.5987396240234375,6.6778564453125
128,0,powers-two,openblas-leaf,4,65536,480818,485986,7.336700439453125,7.415557861328125
128,0,powers-two,openblas-aligned,4,65536,490305,495668,7.4814605712890625,7.56329345703125
128,0,powers-two,openblas,4,65536,555348,560809,8.47393798828125,8.5572662353515625
128,0,powers-two,onemkl,4,65536,864160,869391,13.18603515625,13.265853881835938
128,0,powers-two,current,5,65536,528060,533629,8.05755615234375,8.1425323486328125
128,0,powers-two,pointers,5,65536,442093,447422,6.7458038330078125,6.827117919921875
128,0,powers-two,pipeline,5,65536,461006,466424,7.034393310546875,7.1170654296875
128,0,powers-two,blocks,5,65536,440375,445682,6.7195892333984375,6.800567626953125
128,0,powers-two,openblas-leaf,5,65536,487235,492616,7.4346160888671875,7.5167236328125
128,0,powers-two,openblas-aligned,5,65536,503599,508904,7.6843109130859375,7.7652587890625
128,0,powers-two,openblas,5,65536,574795,580664,8.7706756591796875,8.8602294921875
128,0,powers-two,onemkl,5,65536,858662,864328,13.102142333984375,13.1885986328125
128,0,powers-two,current,6,65536,529779,535243,8.0837860107421875,8.1671600341796875
128,0,powers-two,pointers,6,65536,448932,454048,6.85015869140625,6.92822265625
128,0,powers-two,pipeline,6,65536,449036,454078,6.85174560546875,6.928680419921875
128,0,powers-two,blocks,6,65536,433655,438719,6.6170501708984375,6.6943206787109375
128,0,powers-two,openblas-leaf,6,65536,481661,486763,7.3495635986328125,7.4274139404296875
128,0,powers-two,openblas-aligned,6,65536,497077,502309,7.5847930908203125,7.6646270751953125
128,0,powers-two,openblas,6,65536,566387,571839,8.6423797607421875,8.7255706787109375
128,0,powers-two,onemkl,6,65536,851473,856707,12.992446899414062,13.072311401367188
128,0,powers-two,current,7,65536,523655,529084,7.9903411865234375,8.07318115234375
128,0,powers-two,pointers,7,65536,449203,454342,6.8542938232421875,6.932708740234375
128,0,powers-two,pipeline,7,65536,561296,566406,8.564697265625,8.642669677734375
128,0,powers-two,blocks,7,65536,438114,443309,6.685089111328125,6.7643585205078125
128,0,powers-two,openblas-leaf,7,65536,483149,488370,7.3722686767578125,7.451934814453125
128,0,powers-two,openblas-aligned,7,65536,501469,506790,7.6518096923828125,7.733001708984375
128,0,powers-two,openblas,7,65536,577411,582971,8.8105926513671875,8.8954315185546875
128,0,powers-two,onemkl,7,65536,855983,861277,13.061264038085938,13.142044067382812
128,0,reset,current,1,65536,888699,894065,13.560470581054688,13.642349243164062
128,0,reset,pointers,1,65536,812961,818289,12.404800415039062,12.486099243164062
128,0,reset,pipeline,1,65536,829377,834721,12.655288696289062,12.736831665039062
128,0,reset,blocks,1,65536,809433,814993,12.350967407226562,12.435806274414062
128,0,reset,openblas-leaf,1,65536,871934,877243,13.304656982421875,13.385665893554688
128,0,reset,openblas-aligned,1,65536,877635,883173,13.391647338867188,13.476150512695312
128,0,reset,openblas,1,65536,974087,979650,14.863388061523438,14.948272705078125
128,0,reset,onemkl,1,65536,1265526,1271119,19.310394287109375,19.395736694335938
128,0,reset,current,2,65536,896043,901401,13.672531127929688,13.754287719726562
128,0,reset,pointers,2,65536,828545,833854,12.642593383789062,12.723602294921875
128,0,reset,pipeline,2,65536,834466,839608,12.732940673828125,12.8114013671875
128,0,reset,blocks,2,65536,820702,825947,12.522918701171875,12.602951049804688
128,0,reset,openblas-leaf,2,65536,874049,879721,13.336929321289062,13.423477172851562
128,0,reset,openblas-aligned,2,65536,887362,892761,13.540069580078125,13.622451782226562
128,0,reset,openblas,2,65536,989027,994483,15.091354370117188,15.174606323242188
128,0,reset,onemkl,2,65536,1272932,1278300,19.42340087890625,19.50531005859375
128,0,reset,current,3,65536,885140,890226,13.50616455078125,13.583770751953125
128,0,reset,pointers,3,65536,812003,817091,12.390182495117188,12.467819213867188
128,0,reset,pipeline,3,65536,854268,859456,13.03509521484375,13.1142578125
128,0,reset,blocks,3,65536,808779,813968,12.340988159179688,12.420166015625
128,0,reset,openblas-leaf,3,65536,861040,866159,13.138427734375,13.216537475585938
128,0,reset,openblas-aligned,3,65536,871457,876771,13.297378540039062,13.378463745117188
128,0,reset,openblas,3,65536,973317,978486,14.851638793945312,14.930511474609375
128,0,reset,onemkl,3,65536,1339121,1344319,20.433364868164062,20.512680053710938
128,0,reset,current,4,65536,890511,895814,13.588119506835938,13.669036865234375
128,0,reset,pointers,4,65536,819012,824408,12.49713134765625,12.5794677734375
128,0,reset,pipeline,4,65536,857845,866317,13.089675903320312,13.218948364257812
128,0,reset,blocks,4,65536,810687,815886,12.370101928710938,12.449432373046875
128,0,reset,openblas-leaf,4,65536,863275,868522,13.172531127929688,13.252593994140625
128,0,reset,openblas-aligned,4,65536,871789,877163,13.302444458007812,13.384445190429688
128,0,reset,openblas,4,65536,981360,986796,14.974365234375,15.05731201171875
128,0,reset,onemkl,4,65536,1250752,1256239,19.0849609375,19.168685913085938
128,0,reset,current,5,65536,886831,891970,13.531967163085938,13.610382080078125
128,0,reset,pointers,5,65536,814678,819905,12.430999755859375,12.510757446289062
128,0,reset,pipeline,5,65536,845816,850929,12.9061279296875,12.984146118164062
128,0,reset,blocks,5,65536,809809,815621,12.356704711914062,12.445388793945312
128,0,reset,openblas-leaf,5,65536,868013,873617,13.244827270507812,13.330337524414062
128,0,reset,openblas-aligned,5,65536,985077,990533,15.031082153320312,15.114334106445312
128,0,reset,openblas,5,65536,989864,995162,15.1041259765625,15.184967041015625
128,0,reset,onemkl,5,65536,1251756,1257107,19.10028076171875,19.181930541992188
128,0,reset,current,6,65536,890411,895947,13.586593627929688,13.671066284179688
128,0,reset,pointers,6,65536,812861,818024,12.403274536132812,12.4820556640625
128,0,reset,pipeline,6,65536,847705,852997,12.934951782226562,13.015701293945312
128,0,reset,blocks,6,65536,812266,817544,12.394195556640625,12.4747314453125
128,0,reset,openblas-leaf,6,65536,863369,868832,13.173965454101562,13.25732421875
128,0,reset,openblas-aligned,6,65536,868131,873581,13.246627807617188,13.329788208007812
128,0,reset,openblas,6,65536,976216,981606,14.8958740234375,14.978118896484375
128,0,reset,onemkl,6,65536,1248551,1254257,19.051376342773438,19.138442993164062
128,0,reset,current,7,65536,889003,894161,13.565109252929688,13.643814086914062
128,0,reset,pointers,7,65536,809858,815017,12.357452392578125,12.436172485351562
128,0,reset,pipeline,7,65536,969629,986600,14.795364379882812,15.0543212890625
128,0,reset,blocks,7,65536,812939,818080,12.404464721679688,12.48291015625
128,0,reset,openblas-leaf,7,65536,868358,873497,13.250091552734375,13.328506469726562
128,0,reset,openblas-aligned,7,65536,882837,888256,13.471023559570312,13.5537109375
128,0,reset,openblas,7,65536,996099,1001393,15.199264526367188,15.280044555664062
128,0,reset,onemkl,7,65536,1253697,1258935,19.129898071289062,19.209823608398438
128,8,negate,current,1,65536,580920,586021,8.8641357421875,8.9419708251953125
128,8,negate,pointers,1,65536,560266,565258,8.548980712890625,8.625152587890625
128,8,negate,pipeline,1,65536,576732,581630,8.80023193359375,8.874969482421875
128,8,negate,blocks,1,65536,565734,570737,8.632415771484375,8.7087554931640625
128,8,negate,openblas-leaf,1,65536,820590,825670,12.521209716796875,12.598724365234375
128,8,negate,openblas-aligned,1,65536,546617,551640,8.3407135009765625,8.4173583984375
128,8,negate,openblas,1,65536,868730,873786,13.255767822265625,13.332916259765625
128,8,negate,onemkl,1,65536,1048930,1054215,16.005401611328125,16.086044311523438
128,8,negate,current,2,65536,570166,575893,8.700042724609375,8.7874298095703125
128,8,negate,pointers,2,65536,576680,581713,8.7994384765625,8.8762359619140625
128,8,negate,pipeline,2,65536,546018,551151,8.331573486328125,8.4098968505859375
128,8,negate,blocks,2,65536,553365,558381,8.4436798095703125,8.5202178955078125
128,8,negate,openblas-leaf,2,65536,808902,814160,12.342864990234375,12.423095703125
128,8,negate,openblas-aligned,2,65536,538228,543595,8.21270751953125,8.2946014404296875
128,8,negate,openblas,2,65536,849187,854482,12.957565307617188,13.038360595703125
128,8,negate,onemkl,2,65536,924940,930254,14.11346435546875,14.194549560546875
128,8,negate,current,3,65536,572370,577317,8.733673095703125,8.8091583251953125
128,8,negate,pointers,3,65536,570883,576045,8.7109832763671875,8.7897491455078125
128,8,negate,pipeline,3,65536,555016,559948,8.4688720703125,8.54412841796875
128,8,negate,blocks,3,65536,555019,559883,8.4689178466796875,8.5431365966796875
128,8,negate,openblas-leaf,3,65536,809651,814793,12.354293823242188,12.432754516601562
128,8,negate,openblas-aligned,3,65536,548212,553199,8.36505126953125,8.4411468505859375
128,8,negate,openblas,3,65536,856686,861788,13.071990966796875,13.14984130859375
128,8,negate,onemkl,3,65536,930966,935970,14.205413818359375,14.281768798828125
128,8,negate,current,4,65536,571302,576286,8.717376708984375,8.793426513671875
128,8,negate,pointers,4,65536,574767,579944,8.7702484130859375,8.8492431640625
128,8,negate,pipeline,4,65536,555371,560303,8.4742889404296875,8.5495452880859375
128,8,negate,blocks,4,65536,559888,564895,8.543212890625,8.6196136474609375
128,8,negate,openblas-leaf,4,65536,806948,811831,12.31304931640625,12.387557983398438
128,8,negate,openblas-aligned,4,65536,544198,549114,8.303802490234375,8.378814697265625
128,8,negate,openblas,4,65536,857644,862767,13.08660888671875,13.164779663085938
128,8,negate,onemkl,4,65536,924231,929306,14.102645874023438,14.180084228515625
128,8,negate,current,5,65536,581556,586951,8.87384033203125,8.9561614990234375
128,8,negate,pointers,5,65536,587022,592079,8.957244873046875,9.0344085693359375
128,8,negate,pipeline,5,65536,575157,580232,8.7761993408203125,8.8536376953125
128,8,negate,blocks,5,65536,559343,564640,8.5348968505859375,8.61572265625
128,8,negate,openblas-leaf,5,65536,812325,817495,12.395095825195312,12.473983764648438
128,8,negate,openblas-aligned,5,65536,544752,549880,8.312255859375,8.3905029296875
128,8,negate,openblas,5,65536,859608,864981,13.1165771484375,13.198562622070312
128,8,negate,onemkl,5,65536,937740,942980,14.30877685546875,14.38873291015625
128,8,negate,current,6,65536,574779,579701,8.7704315185546875,8.8455352783203125
128,8,negate,pointers,6,65536,573091,578092,8.7446746826171875,8.82098388671875
128,8,negate,pipeline,6,65536,554954,559854,8.467926025390625,8.542694091796875
128,8,negate,blocks,6,65536,554522,559526,8.461334228515625,8.537689208984375
128,8,negate,openblas-leaf,6,65536,812148,817090,12.39239501953125,12.467803955078125
128,8,negate,openblas-aligned,6,65536,540499,545473,8.2473602294921875,8.3232574462890625
128,8,negate,openblas,6,65536,860564,865574,13.13116455078125,13.207611083984375
128,8,negate,onemkl,6,65536,936406,941490,14.288421630859375,14.365997314453125
128,8,negate,current,7,65536,584465,589495,8.9182281494140625,8.9949798583984375
128,8,negate,pointers,7,65536,588457,593503,8.9791412353515625,9.0561370849609375
128,8,negate,pipeline,7,65536,572408,577499,8.7342529296875,8.8119354248046875
128,8,negate,blocks,7,65536,565294,570263,8.625701904296875,8.7015228271484375
128,8,negate,openblas-leaf,7,65536,962632,967821,14.6885986328125,14.767776489257812
128,8,negate,openblas-aligned,7,65536,551068,556037,8.40863037109375,8.4844512939453125
128,8,negate,openblas,7,65536,868533,873541,13.252761840820312,13.329177856445312
128,8,negate,onemkl,7,65536,939391,944459,14.333969116210938,14.411300659179688
128,8,powers-two,current,1,65536,589771,594680,8.9991912841796875,9.0740966796875
128,8,powers-two,pointers,1,65536,533978,538852,8.147857666015625,8.22222900390625
128,8,powers-two,pipeline,1,65536,565362,570207,8.626739501953125,8.7006683349609375
128,8,powers-two,blocks,1,65536,558409,563367,8.5206451416015625,8.5962982177734375
128,8,powers-two,openblas-leaf,1,65536,808998,813916,12.344329833984375,12.41937255859375
128,8,powers-two,openblas-aligned,1,65536,540977,545880,8.2546539306640625,8.3294677734375
128,8,powers-two,openblas,1,65536,851946,856809,12.999664306640625,13.073867797851562
128,8,powers-two,onemkl,1,65536,1054300,1114352,16.08734130859375,17.003662109375
128,8,powers-two,current,2,65536,595583,600788,9.0878753662109375,9.16729736328125
128,8,powers-two,pointers,2,65536,537284,542312,8.19830322265625,8.2750244140625
128,8,powers-two,pipeline,2,65536,555387,560273,8.4745330810546875,8.5490875244140625
128,8,powers-two,blocks,2,65536,555371,560437,8.4742889404296875,8.5515899658203125
128,8,powers-two,openblas-leaf,2,65536,809309,814354,12.349075317382812,12.426055908203125
128,8,powers-two,openblas-aligned,2,65536,538653,543688,8.2191925048828125,8.2960205078125
128,8,powers-two,openblas,2,65536,861433,866531,13.144424438476562,13.222213745117188
128,8,powers-two,onemkl,2,65536,944624,950378,14.413818359375,14.501617431640625
128,8,powers-two,current,3,65536,597121,602190,9.1113433837890625,9.188690185546875
128,8,powers-two,pointers,3,65536,536471,541433,8.1858978271484375,8.2616119384765625
128,8,powers-two,pipeline,3,65536,575061,580038,8.7747344970703125,8.850677490234375
128,8,powers-two,blocks,3,65536,564154,569113,8.608306884765625,8.6839752197265625
128,8,powers-two,openblas-leaf,3,65536,824988,830075,12.58831787109375,12.665939331054688
128,8,powers-two,openblas-aligned,3,65536,543056,547989,8.286376953125,8.3616485595703125
128,8,powers-two,openblas,3,65536,874357,879553,13.341629028320312,13.420913696289062
128,8,powers-two,onemkl,3,65536,954803,960241,14.569137573242188,14.652114868164062
128,8,powers-two,current,4,65536,590778,595771,9.014556884765625,9.0907440185546875
128,8,powers-two,pointers,4,65536,532679,537577,8.1280364990234375,8.2027740478515625
128,8,powers-two,pipeline,4,65536,555029,559885,8.4690704345703125,8.5431671142578125
128,8,powers-two,blocks,4,65536,554368,559210,8.458984375,8.532867431640625
128,8,powers-two,openblas-leaf,4,65536,805391,810466,12.289291381835938,12.366729736328125
128,8,powers-two,openblas-aligned,4,65536,529217,534180,8.0752105712890625,8.15093994140625
128,8,powers-two,openblas,4,65536,854709,859667,13.041824340820312,13.117477416992188
128,8,powers-two,onemkl,4,65536,932419,937449,14.227584838867188,14.304336547851562
128,8,powers-two,current,5,65536,581930,586921,8.879547119140625,8.9557037353515625
128,8,powers-two,pointers,5,65536,524853,529730,8.0086212158203125,8.083038330078125
128,8,powers-two,pipeline,5,65536,552004,557225,8.42291259765625,8.5025787353515625
128,8,powers-two,blocks,5,65536,546413,551377,8.3376007080078125,8.4133453369140625
128,8,powers-two,openblas-leaf,5,65536,801881,807010,12.235733032226562,12.313995361328125
128,8,powers-two,openblas-aligned,5,65536,531829,536672,8.1150665283203125,8.18896484375
128,8,powers-two,openblas,5,65536,852116,857099,13.00225830078125,13.078292846679688
128,8,powers-two,onemkl,5,65536,927027,932196,14.145309448242188,14.22418212890625
128,8,powers-two,current,6,65536,590897,606010,9.0163726806640625,9.246978759765625
128,8,powers-two,pointers,6,65536,536776,542005,8.1905517578125,8.2703399658203125
128,8,powers-two,pipeline,6,65536,564092,569009,8.60736083984375,8.6823883056640625
128,8,powers-two,blocks,6,65536,543485,548395,8.2929229736328125,8.3678436279296875
128,8,powers-two,openblas-leaf,6,65536,806182,811164,12.301361083984375,12.37738037109375
128,8,powers-two,openblas-aligned,6,65536,536821,541821,8.1912384033203125,8.2675323486328125
128,8,powers-two,openblas,6,65536,853440,858485,13.0224609375,13.099441528320312
128,8,powers-two,onemkl,6,65536,930786,935758,14.202667236328125,14.278533935546875
128,8,powers-two,current,7,65536,592994,597908,9.048370361328125,9.12335205078125
128,8,powers-two,pointers,7,65536,525393,530253,8.0168609619140625,8.0910186767578125
128,8,powers-two,pipeline,7,65536,573781,578613,8.7552032470703125,8.8289337158203125
128,8,powers-two,blocks,7,65536,553618,558494,8.447540283203125,8.521942138671875
128,8,powers-two,openblas-leaf,7,65536,808034,813048,12.329620361328125,12.4061279296875
128,8,powers-two,openblas-aligned,7,65536,539359,544274,8.2299652099609375,8.304962158203125
128,8,powers-two,openblas,7,65536,855796,860815,13.05841064453125,13.134994506835938
128,8,powers-two,onemkl,7,65536,934064,939043,14.252685546875,14.328659057617188
128,8,reset,current,1,65536,1077391,1090730,16.439682006835938,16.643218994140625
128,8,reset,pointers,1,65536,1045646,1050846,15.955291748046875,16.034637451171875
128,8,reset,pipeline,1,65536,1075769,1081041,16.414932250976562,16.495376586914062
128,8,reset,blocks,1,65536,1077483,1082880,16.441085815429688,16.5234375
128,8,reset,openblas-leaf,1,65536,1195852,1201032,18.24725341796875,18.3262939453125
128,8,reset,openblas-aligned,1,65536,1078518,1083607,16.456878662109375,16.534530639648438
128,8,reset,openblas,1,65536,1232854,1238147,18.811859130859375,18.892623901367188
128,8,reset,onemkl,1,65536,1322675,1328213,20.182418823242188,20.266921997070312
128,8,reset,current,2,65536,1077844,1082806,16.44659423828125,16.522308349609375
128,8,reset,pointers,2,65536,1042803,1047681,15.911911010742188,15.986343383789062
128,8,reset,pipeline,2,65536,1075577,1080439,16.412002563476562,16.486190795898438
128,8,reset,blocks,2,65536,1076307,1081332,16.423141479492188,16.49981689453125
128,8,reset,openblas-leaf,2,65536,1196787,1201808,18.261520385742188,18.338134765625
128,8,reset,openblas-aligned,2,65536,1082583,1087563,16.518905639648438,16.594894409179688
128,8,reset,openblas,2,65536,1234215,1239170,18.832626342773438,18.908233642578125
128,8,reset,onemkl,2,65536,1330085,1335070,20.295486450195312,20.371551513671875
128,8,reset,current,3,65536,1071193,1076707,16.345108032226562,16.429244995117188
128,8,reset,pointers,3,65536,1036661,1041761,15.818191528320312,15.896011352539062
128,8,reset,pipeline,3,65536,1070919,1075874,16.340927124023438,16.416534423828125
128,8,reset,blocks,3,65536,1069158,1074079,16.314056396484375,16.389144897460938
128,8,reset,openblas-leaf,3,65536,1193749,1211184,18.215164184570312,18.481201171875
128,8,reset,openblas-aligned,3,65536,1063942,1069129,16.234466552734375,16.313613891601562
128,8,reset,openblas,3,65536,1225976,1231047,18.7069091796875,18.784286499023438
128,8,reset,onemkl,3,65536,1316304,1321419,20.085205078125,20.163253784179688
128,8,reset,current,4,65536,1079655,1084722,16.474227905273438,16.551544189453125
128,8,reset,pointers,4,65536,1075171,1080041,16.405807495117188,16.480117797851562
128,8,reset,pipeline,4,65536,1075240,1080179,16.4068603515625,16.482223510742188
128,8,reset,blocks,4,65536,1077801,1082758,16.445938110351562,16.521575927734375
128,8,reset,openblas-leaf,4,65536,1199523,1204602,18.303268432617188,18.380767822265625
128,8,reset,openblas-aligned,4,65536,1073999,1078891,16.387924194335938,16.462570190429688
128,8,reset,openblas,4,65536,1240403,1245342,18.927047729492188,19.002410888671875
128,8,reset,onemkl,4,65536,1454984,1460140,22.2012939453125,22.27996826171875
128,8,reset,current,5,65536,1085514,1090886,16.563629150390625,16.645599365234375
128,8,reset,pointers,5,65536,1057580,1062666,16.13739013671875,16.214996337890625
128,8,reset,pipeline,5,65536,1093010,1098213,16.678009033203125,16.757400512695312
128,8,reset,blocks,5,65536,1086212,1091697,16.57427978515625,16.657974243164062
128,8,reset,openblas-leaf,5,65536,1220921,1226072,18.629776000976562,18.7083740234375
128,8,reset,openblas-aligned,5,65536,1086237,1091261,16.574661254882812,16.651321411132812
128,8,reset,openblas,5,65536,1257989,1263258,19.195388793945312,19.275787353515625
128,8,reset,onemkl,5,65536,1359092,1364418,20.73809814453125,20.819366455078125
128,8,reset,current,6,65536,1081724,1087235,16.50579833984375,16.589889526367188
128,8,reset,pointers,6,65536,1051968,1056922,16.0517578125,16.127349853515625
128,8,reset,pipeline,6,65536,1078628,1083700,16.45855712890625,16.53594970703125
128,8,reset,blocks,6,65536,1080100,1085085,16.48101806640625,16.557083129882812
128,8,reset,openblas-leaf,6,65536,1201741,1206996,18.337112426757812,18.41729736328125
128,8,reset,openblas-aligned,6,65536,1101989,1107608,16.815017700195312,16.9007568359375
128,8,reset,openblas,6,65536,1239906,1245109,18.919464111328125,18.998855590820312
128,8,reset,onemkl,6,65536,1480404,1486005,22.58917236328125,22.674636840820312
128,8,reset,current,7,65536,1089884,1094879,16.63031005859375,16.706527709960938
128,8,reset,pointers,7,65536,1067220,1072148,16.28448486328125,16.35968017578125
128,8,reset,pipeline,7,65536,1094109,1099024,16.694778442382812,16.769775390625
128,8,reset,blocks,7,65536,1098481,1103639,16.761489868164062,16.840194702148438
128,8,reset,openblas-leaf,7,65536,1221358,1226416,18.636444091796875,18.713623046875
128,8,reset,openblas-aligned,7,65536,1092839,1097807,16.675399780273438,16.751205444335938
128,8,reset,openblas,7,65536,1253879,1258892,19.132675170898438,19.20916748046875
128,8,reset,onemkl,7,65536,1348880,1354012,20.582275390625,20.66058349609375
128,16,negate,current,1,65536,580243,585288,8.8538055419921875,8.9307861328125
128,16,negate,pointers,1,65536,516498,521329,7.881134033203125,7.9548492431640625
128,16,negate,pipeline,1,65536,586927,591882,8.9557952880859375,9.031402587890625
128,16,negate,blocks,1,65536,603768,608619,9.2127685546875,9.2867889404296875
128,16,negate,openblas-leaf,1,65536,937439,942351,14.304183959960938,14.379135131835938
128,16,negate,openblas-aligned,1,65536,542754,547840,8.281768798828125,8.359375
128,16,negate,openblas,1,65536,855963,860937,13.060958862304688,13.136856079101562
128,16,negate,onemkl,1,65536,931431,936429,14.212509155273438,14.288772583007812
128,16,negate,current,2,65536,579409,584529,8.8410797119140625,8.9192047119140625
128,16,negate,pointers,2,65536,520952,526000,7.9490966796875,8.026123046875
128,16,negate,pipeline,2,65536,616153,621084,9.4017486572265625,9.47698974609375
128,16,negate,blocks,2,65536,611877,616888,9.3365020751953125,9.4129638671875
128,16,negate,openblas-leaf,2,65536,820439,825442,12.518905639648438,12.595245361328125
128,16,negate,openblas-aligned,2,65536,546046,551204,8.332000732421875,8.41070556640625
128,16,negate,openblas,2,65536,863087,868019,13.169662475585938,13.244918823242188
128,16,negate,onemkl,2,65536,937467,942540,14.304611206054688,14.38201904296875
128,16,negate,current,3,65536,601793,607310,9.1826324462890625,9.266815185546875
128,16,negate,pointers,3,65536,549917,554969,8.3910675048828125,8.4681549072265625
128,16,negate,pipeline,3,65536,615107,620109,9.3857879638671875,9.4621124267578125
128,16,negate,blocks,3,65536,615844,620975,9.39703369140625,9.4753265380859375
128,16,negate,openblas-leaf,3,65536,830031,835418,12.665267944335938,12.747467041015625
128,16,negate,openblas-aligned,3,65536,565924,571278,8.63531494140625,8.717010498046875
128,16,negate,openblas,3,65536,875583,881559,13.360336303710938,13.451522827148438
128,16,negate,onemkl,3,65536,943349,948611,14.394363403320312,14.474655151367188
128,16,negate,current,4,65536,584968,589908,8.9259033203125,9.00128173828125
128,16,negate,pointers,4,65536,533817,538746,8.1454010009765625,8.220611572265625
128,16,negate,pipeline,4,65536,621281,626184,9.4799957275390625,9.5548095703125
128,16,negate,blocks,4,65536,609169,614079,9.2951812744140625,9.3701019287109375
128,16,negate,openblas-leaf,4,65536,821524,826453,12.53546142578125,12.610671997070312
128,16,negate,openblas-aligned,4,65536,548569,553687,8.3704986572265625,8.4485931396484375
128,16,negate,openblas,4,65536,985839,990840,15.042709350585938,15.1190185546875
128,16,negate,onemkl,4,65536,938776,943725,14.3245849609375,14.400100708007812
128,16,negate,current,5,65536,582317,587482,8.8854522705078125,8.964263916015625
128,16,negate,pointers,5,65536,539534,544567,8.232635498046875,8.3094329833984375
128,16,negate,pipeline,5,65536,628118,633308,9.584320068359375,9.66351318359375
128,16,negate,blocks,5,65536,608686,613764,9.287811279296875,9.36529541015625
128,16,negate,openblas-leaf,5,65536,817590,822825,12.475433349609375,12.555313110351562
128,16,negate,openblas-aligned,5,65536,553972,559254,8.45294189453125,8.533538818359375
128,16,negate,openblas,5,65536,872477,877759,13.312942504882812,13.393539428710938
128,16,negate,onemkl,5,65536,932460,937558,14.22821044921875,14.305999755859375
128,16,negate,current,6,65536,583408,588840,8.902099609375,8.9849853515625
128,16,negate,pointers,6,65536,533955,539063,8.1475067138671875,8.2254486083984375
128,16,negate,pipeline,6,65536,614696,620061,9.3795166015625,9.4613800048828125
128,16,negate,blocks,6,65536,611137,616269,9.3252105712890625,9.4035186767578125
128,16,negate,openblas-leaf,6,65536,819371,824597,12.502609252929688,12.582351684570312
128,16,negate,openblas-aligned,6,65536,538396,543631,8.21527099609375,8.2951507568359375
128,16,negate,openblas,6,65536,868072,873271,13.2457275390625,13.325057983398438
128,16,negate,onemkl,6,65536,940842,946397,14.356109619140625,14.440872192382812
128,16,negate,current,7,65536,583391,588360,8.9018402099609375,8.9776611328125
128,16,negate,pointers,7,65536,511460,516376,7.80426025390625,7.8792724609375
128,16,negate,pipeline,7,65536,587764,592709,8.96856689453125,9.0440216064453125
128,16,negate,blocks,7,65536,605274,610195,9.235748291015625,9.3108367919921875
128,16,negate,openblas-leaf,7,65536,811845,816780,12.387771606445312,12.46307373046875
128,16,negate,openblas-aligned,7,65536,549954,555092,8.391632080078125,8.47003173828125
128,16,negate,openblas,7,65536,964070,969192,14.710540771484375,14.7886962890625
128,16,negate,onemkl,7,65536,931884,936935,14.21942138671875,14.296493530273438
128,16,powers-two,current,1,65536,592404,597430,9.03936767578125,9.116058349609375
128,16,powers-two,pointers,1,65536,533557,538583,8.1414337158203125,8.2181243896484375
128,16,powers-two,pipeline,1,65536,601847,606786,9.1834564208984375,9.258819580078125
128,16,powers-two,blocks,1,65536,607894,612862,9.275726318359375,9.351531982421875
128,16,powers-two,openblas-leaf,1,65536,819783,824799,12.508895874023438,12.585433959960938
128,16,powers-two,openblas-aligned,1,65536,550007,554947,8.3924407958984375,8.4678192138671875
128,16,powers-two,openblas,1,65536,863939,869015,13.182662963867188,13.260116577148438
128,16,powers-two,onemkl,1,65536,1092431,1099386,16.669174194335938,16.775299072265625
128,16,powers-two,current,2,65536,601195,606625,9.1735076904296875,9.2563629150390625
128,16,powers-two,pointers,2,65536,549446,554828,8.383880615234375,8.46600341796875
128,16,powers-two,pipeline,2,65536,615113,620290,9.3858795166015625,9.464874267578125
128,16,powers-two,blocks,2,65536,617090,622301,9.416046142578125,9.4955596923828125
128,16,powers-two,openblas-leaf,2,65536,825426,830552,12.595001220703125,12.6732177734375
128,16,powers-two,openblas-aligned,2,65536,556579,561922,8.4927215576171875,8.574249267578125
128,16,powers-two,openblas,2,65536,872409,878042,13.311904907226562,13.397857666015625
128,16,powers-two,onemkl,2,65536,954859,960682,14.569992065429688,14.658843994140625
128,16,powers-two,current,3,65536,596783,601870,9.1061859130859375,9.183807373046875
128,16,powers-two,pointers,3,65536,523390,528635,7.986297607421875,8.0663299560546875
128,16,powers-two,pipeline,3,65536,604732,609715,9.22747802734375,9.3035125732421875
128,16,powers-two,blocks,3,65536,610405,615703,9.3140411376953125,9.3948822021484375
128,16,powers-two,openblas-leaf,3,65536,817748,822775,12.47784423828125,12.554550170898438
128,16,powers-two,openblas-aligned,3,65536,546708,551668,8.34210205078125,8.41778564453125
128,16,powers-two,openblas,3,65536,869956,875135,13.27447509765625,13.353500366210938
128,16,powers-two,onemkl,3,65536,952655,957774,14.536361694335938,14.614471435546875
128,16,powers-two,current,4,65536,594737,599860,9.0749664306640625,9.15313720703125
128,16,powers-two,pointers,4,65536,533588,538650,8.14190673828125,8.219146728515625
128,16,powers-two,pipeline,4,65536,649125,654061,9.9048614501953125,9.9801788330078125
128,16,powers-two,blocks,4,65536,609360,614381,9.298095703125,9.3747100830078125
128,16,powers-two,openblas-leaf,4,65536,818515,823595,12.489547729492188,12.567062377929688
128,16,powers-two,openblas-aligned,4,65536,662193,667166,10.104263305664062,10.180145263671875
128,16,powers-two,openblas,4,65536,862706,867808,13.163848876953125,13.24169921875
128,16,powers-two,onemkl,4,65536,951117,956171,14.512893676757812,14.590011596679688
128,16,powers-two,current,5,65536,607529,612890,9.2701568603515625,9.351959228515625
128,16,powers-two,pointers,5,65536,524641,530060,8.0053863525390625,8.08807373046875
128,16,powers-two,pipeline,5,65536,618679,623630,9.4402923583984375,9.515838623046875
128,16,powers-two,blocks,5,65536,608418,643129,9.283721923828125,9.8133697509765625
128,16,powers-two,openblas-leaf,5,65536,822720,827786,12.5537109375,12.631011962890625
128,16,powers-two,openblas-aligned,5,65536,545616,550693,8.325439453125,8.4029083251953125
128,16,powers-two,openblas,5,65536,864493,869739,13.191116333007812,13.271163940429688
128,16,powers-two,onemkl,5,65536,949156,954364,14.48297119140625,14.56243896484375
128,16,powers-two,current,6,65536,599621,604782,9.1494903564453125,9.228240966796875
128,16,powers-two,pointers,6,65536,563770,569020,8.602447509765625,8.68255615234375
128,16,powers-two,pipeline,6,65536,619555,624703,9.4536590576171875,9.5322113037109375
128,16,powers-two,blocks,6,65536,608524,613658,9.28533935546875,9.363677978515625
128,16,powers-two,openblas-leaf,6,65536,819009,824078,12.497085571289062,12.574432373046875
128,16,powers-two,openblas-aligned,6,65536,548641,553967,8.3715972900390625,8.4528656005859375
128,16,powers-two,openblas,6,65536,868315,873598,13.249435424804688,13.330047607421875
128,16,powers-two,onemkl,6,65536,950377,955595,14.501602172851562,14.581222534179688
128,16,powers-two,current,7,65536,591958,596920,9.032562255859375,9.1082763671875
128,16,powers-two,pointers,7,65536,554769,559883,8.4651031494140625,8.5431365966796875
128,16,powers-two,pipeline,7,65536,610686,615572,9.318328857421875,9.39288330078125
128,16,powers-two,blocks,7,65536,599024,603981,9.140380859375,9.2160186767578125
128,16,powers-two,openblas-leaf,7,65536,805738,810773,12.294586181640625,12.371414184570312
128,16,powers-two,openblas-aligned,7,65536,544188,549055,8.30364990234375,8.3779144287109375
128,16,powers-two,openblas,7,65536,857550,862643,13.085174560546875,13.162887573242188
128,16,powers-two,onemkl,7,65536,940324,945286,14.34820556640625,14.423919677734375
128,16,reset,current,1,65536,1101594,1106921,16.808990478515625,16.890274047851562
128,16,reset,pointers,1,65536,1049155,1054271,16.008834838867188,16.086898803710938
128,16,reset,pipeline,1,65536,1092768,1097889,16.67431640625,16.752456665039062
128,16,reset,blocks,1,65536,1097164,1102514,16.74139404296875,16.823028564453125
128,16,reset,openblas-leaf,1,65536,1204174,1209270,18.374237060546875,18.451995849609375
128,16,reset,openblas-aligned,1,65536,1096871,1101829,16.736923217773438,16.812576293945312
128,16,reset,openblas,1,65536,1221458,1226678,18.637969970703125,18.717620849609375
128,16,reset,onemkl,1,65536,1328323,1334079,20.268600463867188,20.356430053710938
128,16,reset,current,2,65536,1096362,1111603,16.729156494140625,16.961715698242188
128,16,reset,pointers,2,65536,1047977,1052861,15.990859985351562,16.065383911132812
128,16,reset,pipeline,2,65536,1099640,1104553,16.7791748046875,16.854141235351562
128,16,reset,blocks,2,65536,1093368,1098561,16.6834716796875,16.762710571289062
128,16,reset,openblas-leaf,2,65536,1298626,1303696,19.815460205078125,19.892822265625
128,16,reset,openblas-aligned,2,65536,1100499,1105511,16.792282104492188,16.868759155273438
128,16,reset,openblas,2,65536,1222256,1227221,18.650146484375,18.725906372070312
128,16,reset,onemkl,2,65536,1334017,1339202,20.355484008789062,20.434600830078125
128,16,reset,current,3,65536,1101166,1106282,16.802459716796875,16.880523681640625
128,16,reset,pointers,3,65536,1051966,1057051,16.051727294921875,16.129318237304688
128,16,reset,pipeline,3,65536,1100455,1105591,16.791610717773438,16.869979858398438
128,16,reset,blocks,3,65536,1104899,1110140,16.859420776367188,16.93939208984375
128,16,reset,openblas-leaf,3,65536,1187145,1192135,18.114395141601562,18.190536499023438
128,16,reset,openblas-aligned,3,65536,1102340,1107368,16.82037353515625,16.8970947265625
128,16,reset,openblas,3,65536,1238536,1243731,18.8985595703125,18.977828979492188
128,16,reset,onemkl,3,65536,1343933,1349238,20.506790161132812,20.587738037109375
128,16,reset,current,4,65536,1102658,1107860,16.825225830078125,16.90460205078125
128,16,reset,pointers,4,65536,1054067,1058978,16.083786010742188,16.158721923828125
128,16,reset,pipeline,4,65536,1101863,1106790,16.813095092773438,16.888275146484375
128,16,reset,blocks,4,65536,1223861,1228852,18.674636840820312,18.75079345703125
128,16,reset,openblas-leaf,4,65536,1186084,1191612,18.09820556640625,18.18255615234375
128,16,reset,openblas-aligned,4,65536,1104885,1109962,16.859207153320312,16.936676025390625
128,16,reset,openblas,4,65536,1229828,1234810,18.76568603515625,18.841705322265625
128,16,reset,onemkl,4,65536,1340629,1345723,20.456375122070312,20.534103393554688
128,16,reset,current,5,65536,1091056,1096167,16.648193359375,16.726181030273438
128,16,reset,pointers,5,65536,1044603,1049525,15.939376831054688,16.014480590820312
128,16,reset,pipeline,5,65536,1085424,1090397,16.562255859375,16.638137817382812
128,16,reset,blocks,5,65536,1084661,1089630,16.550613403320312,16.626434326171875
128,16,reset,openblas-leaf,5,65536,1179448,1184538,17.9969482421875,18.074615478515625
128,16,reset,openblas-aligned,5,65536,1090857,1095827,16.645156860351562,16.720993041992188
128,16,reset,openblas,5,65536,1221662,1226709,18.641082763671875,18.718093872070312
128,16,reset,onemkl,5,65536,1331208,1336162,20.3126220703125,20.388214111328125
128,16,reset,current,6,65536,1096394,1101463,16.729644775390625,16.806991577148438
128,16,reset,pointers,6,65536,1045288,1050729,15.9498291015625,16.032852172851562
128,16,reset,pipeline,6,65536,1097937,1103144,16.753189086914062,16.8326416015625
128,16,reset,blocks,6,65536,1098617,1103838,16.763565063476562,16.843231201171875
128,16,reset,openblas-leaf,6,65536,1175054,1180362,17.929901123046875,18.010894775390625
128,16,reset,openblas-aligned,6,65536,1088298,1093532,16.606109619140625,16.68597412109375
128,16,reset,openblas,6,65536,1215844,1220904,18.55230712890625,18.6295166015625
128,16,reset,onemkl,6,65536,1326715,1332189,20.244064331054688,20.327590942382812
128,16,reset,current,7,65536,1107650,1112699,16.901397705078125,16.978439331054688
128,16,reset,pointers,7,65536,1059865,1064838,16.172256469726562,16.248138427734375
128,16,reset,pipeline,7,65536,1106844,1111776,16.88909912109375,16.96435546875
128,16,reset,blocks,7,65536,1109467,1114432,16.929122924804688,17.0048828125
128,16,reset,openblas-leaf,7,65536,1185883,1190841,18.095138549804688,18.170791625976562
128,16,reset,openblas-aligned,7,65536,1106331,1111236,16.881271362304688,16.95611572265625
128,16,reset,openblas,7,65536,1244472,1249694,18.9891357421875,19.068817138671875
128,16,reset,onemkl,7,65536,1352329,1357475,20.634902954101562,20.713424682617188
128,24,negate,current,1,65536,613491,618572,9.3611297607421875,9.43865966796875
128,24,negate,pointers,1,65536,574066,579310,8.759552001953125,8.839569091796875
128,24,negate,pipeline,1,65536,654026,659045,9.979644775390625,10.056228637695312
128,24,negate,blocks,1,65536,626016,630993,9.55224609375,9.6281890869140625
128,24,negate,openblas-leaf,1,65536,829306,834467,12.654205322265625,12.732955932617188
128,24,negate,openblas-aligned,1,65536,592550,597492,9.041595458984375,9.11700439453125
128,24,negate,openblas,1,65536,869388,881774,13.26580810546875,13.454803466796875
128,24,negate,onemkl,1,65536,920495,925634,14.045639038085938,14.124053955078125
128,24,negate,current,2,65536,623429,628554,9.5127716064453125,9.590972900390625
128,24,negate,pointers,2,65536,604950,610230,9.230804443359375,9.311370849609375
128,24,negate,pipeline,2,65536,630612,635712,9.62237548828125,9.7001953125
128,24,negate,blocks,2,65536,612760,617645,9.3499755859375,9.4245147705078125
128,24,negate,openblas-leaf,2,65536,813199,818449,12.408432006835938,12.488540649414062
128,24,negate,openblas-aligned,2,65536,597341,602725,9.1147003173828125,9.1968536376953125
128,24,negate,openblas,2,65536,854568,859778,13.0396728515625,13.119171142578125
128,24,negate,onemkl,2,65536,920321,925483,14.042984008789062,14.121749877929688
128,24,negate,current,3,65536,611597,616563,9.3322296142578125,9.4080047607421875
128,24,negate,pointers,3,65536,606447,611591,9.2536468505859375,9.3321380615234375
128,24,negate,pipeline,3,65536,640198,645272,9.768646240234375,9.8460693359375
128,24,negate,blocks,3,65536,639583,644537,9.7592620849609375,9.8348541259765625
128,24,negate,openblas-leaf,3,65536,810177,815253,12.362319946289062,12.439773559570312
128,24,negate,openblas-aligned,3,65536,590371,595289,9.0083465576171875,9.0833892822265625
128,24,negate,openblas,3,65536,855585,860662,13.055191040039062,13.132659912109375
128,24,negate,onemkl,3,65536,926338,931352,14.134796142578125,14.2113037109375
128,24,negate,current,4,65536,622939,627855,9.5052947998046875,9.5803070068359375
128,24,negate,pointers,4,65536,602832,608057,9.198486328125,9.2782135009765625
128,24,negate,pipeline,4,65536,635165,640202,9.6918487548828125,9.768707275390625
128,24,negate,blocks,4,65536,632700,637606,9.65423583984375,9.729095458984375
128,24,negate,openblas-leaf,4,65536,803236,808245,12.25640869140625,12.332839965820312
128,24,negate,openblas-aligned,4,65536,600732,605650,9.16644287109375,9.241485595703125
128,24,negate,openblas,4,65536,852323,857266,13.005416870117188,13.080841064453125
128,24,negate,onemkl,4,65536,918746,923806,14.018951416015625,14.096160888671875
128,24,negate,current,5,65536,629307,634452,9.6024627685546875,9.68096923828125
128,24,negate,pointers,5,65536,614610,620194,9.378204345703125,9.463409423828125
128,24,negate,pipeline,5,65536,638139,643302,9.7372283935546875,9.816009521484375
128,24,negate,blocks,5,65536,634287,639321,9.6784515380859375,9.7552642822265625
128,24,negate,openblas-leaf,5,65536,805442,810840,12.290069580078125,12.3724365234375
128,24,negate,openblas-aligned,5,65536,603798,609039,9.213226318359375,9.2931976318359375
128,24,negate,openblas,5,65536,851663,857283,12.995346069335938,13.081100463867188
128,24,negate,onemkl,5,65536,921220,926601,14.05670166015625,14.138809204101562
128,24,negate,current,6,65536,612690,617779,9.348907470703125,9.4265594482421875
128,24,negate,pointers,6,65536,604055,609215,9.2171478271484375,9.2958831787109375
128,24,negate,pipeline,6,65536,638982,643974,9.750091552734375,9.826263427734375
128,24,negate,blocks,6,65536,630204,635120,9.61614990234375,9.691162109375
128,24,negate,openblas-leaf,6,65536,816199,821292,12.454208374023438,12.53192138671875
128,24,negate,openblas-aligned,6,65536,593310,598252,9.053192138671875,9.12860107421875
128,24,negate,openblas,6,65536,863332,868786,13.17340087890625,13.256622314453125
128,24,negate,onemkl,6,65536,917765,922714,14.003982543945312,14.079498291015625
128,24,negate,current,7,65536,593368,598533,9.0540771484375,9.1328887939453125
128,24,negate,pointers,7,65536,588905,594197,8.9859771728515625,9.0667266845703125
128,24,negate,pipeline,7,65536,628813,633910,9.5949249267578125,9.672698974609375
128,24,negate,blocks,7,65536,635366,640342,9.694915771484375,9.770843505859375
128,24,negate,openblas-leaf,7,65536,804989,810010,12.283157348632812,12.359771728515625
128,24,negate,openblas-aligned,7,65536,597739,602684,9.1207733154296875,9.19622802734375
128,24,negate,openblas,7,65536,857162,862172,13.079254150390625,13.15570068359375
128,24,negate,onemkl,7,65536,920792,925791,14.0501708984375,14.126449584960938
128,24,powers-two,current,1,65536,772989,778032,11.794876098632812,11.871826171875
128,24,powers-two,pointers,1,65536,599518,604667,9.147918701171875,9.2264862060546875
128,24,powers-two,pipeline,1,65536,656667,661570,10.019943237304688,10.094757080078125
128,24,powers-two,blocks,1,65536,635614,640486,9.698699951171875,9.773040771484375
128,24,powers-two,openblas-leaf,1,65536,810035,814921,12.360153198242188,12.434707641601562
128,24,powers-two,openblas-aligned,1,65536,599355,604413,9.1454315185546875,9.2226104736328125
128,24,powers-two,openblas,1,65536,859274,864433,13.111480712890625,13.190200805664062
128,24,powers-two,onemkl,1,65536,942258,947259,14.377716064453125,14.454025268554688
128,24,powers-two,current,2,65536,701449,706728,10.703262329101562,10.7838134765625
128,24,powers-two,pointers,2,65536,616479,621892,9.4067230224609375,9.48931884765625
128,24,powers-two,pipeline,2,65536,686639,691944,10.477279663085938,10.5582275390625
128,24,powers-two,blocks,2,65536,664796,671642,10.14398193359375,10.248443603515625
128,24,powers-two,openblas-leaf,2,65536,831392,857319,12.68603515625,13.081649780273438
128,24,powers-two,openblas-aligned,2,65536,610653,615863,9.3178253173828125,9.3973236083984375
128,24,powers-two,openblas,2,65536,875047,880778,13.352157592773438,13.439605712890625
128,24,powers-two,onemkl,2,65536,960289,965761,14.652847290039062,14.736343383789062
128,24,powers-two,current,3,65536,687076,692088,10.48394775390625,10.5604248046875
128,24,powers-two,pointers,3,65536,703250,708352,10.730743408203125,10.80859375
128,24,powers-two,pipeline,3,65536,655201,660175,9.9975738525390625,10.073471069335938
128,24,powers-two,blocks,3,65536,635938,640837,9.703643798828125,9.7783966064453125
128,24,powers-two,openblas-leaf,3,65536,807830,817255,12.326507568359375,12.470321655273438
128,24,powers-two,openblas-aligned,3,65536,594203,599119,9.0668182373046875,9.1418304443359375
128,24,powers-two,openblas,3,65536,859345,864451,13.112564086914062,13.190475463867188
128,24,powers-two,onemkl,3,65536,941257,946248,14.362442016601562,14.4385986328125
128,24,powers-two,current,4,65536,678481,683532,10.352798461914062,10.42987060546875
128,24,powers-two,pointers,4,65536,604290,609524,9.220733642578125,9.30059814453125
128,24,powers-two,pipeline,4,65536,647180,652142,9.87518310546875,9.950897216796875
128,24,powers-two,blocks,4,65536,639661,644531,9.7604522705078125,9.8347625732421875
128,24,powers-two,openblas-leaf,4,65536,811005,816020,12.374954223632812,12.45147705078125
128,24,powers-two,openblas-aligned,4,65536,594996,599982,9.07891845703125,9.154998779296875
128,24,powers-two,openblas,4,65536,860029,865193,13.123001098632812,13.201797485351562
128,24,powers-two,onemkl,4,65536,943317,948428,14.393875122070312,14.47186279296875
128,24,powers-two,current,5,65536,678422,683667,10.351898193359375,10.431930541992188
128,24,powers-two,pointers,5,65536,599664,604854,9.150146484375,9.229339599609375
128,24,powers-two,pipeline,5,65536,671671,676797,10.248886108398438,10.327102661132812
128,24,powers-two,blocks,5,65536,646305,651719,9.8618316650390625,9.9444427490234375
128,24,powers-two,openblas-leaf,5,65536,827829,833127,12.631668090820312,12.712509155273438
128,24,powers-two,openblas-aligned,5,65536,595686,600884,9.089447021484375,9.16876220703125
128,24,powers-two,openblas,5,65536,870851,877003,13.288131713867188,13.382003784179688
128,24,powers-two,onemkl,5,65536,959077,964478,14.634353637695312,14.716766357421875
128,24,powers-two,current,6,65536,669052,674004,10.20892333984375,10.28448486328125
128,24,powers-two,pointers,6,65536,609016,614058,9.2928466796875,9.369781494140625
128,24,powers-two,pipeline,6,65536,666207,671160,10.165512084960938,10.2410888671875
128,24,powers-two,blocks,6,65536,636443,641340,9.7113494873046875,9.78607177734375
128,24,powers-two,openblas-leaf,6,65536,921229,926173,14.056838989257812,14.132278442382812
128,24,powers-two,openblas-aligned,6,65536,597156,602078,9.11187744140625,9.186981201171875
128,24,powers-two,openblas,6,65536,861049,866092,13.138565063476562,13.21551513671875
128,24,powers-two,onemkl,6,65536,946542,951567,14.443084716796875,14.519760131835938
128,24,powers-two,current,7,65536,670542,675536,10.231658935546875,10.307861328125
128,24,powers-two,pointers,7,65536,608672,613776,9.28759765625,9.365478515625
128,24,powers-two,pipeline,7,65536,653378,658335,9.969757080078125,10.045394897460938
128,24,powers-two,blocks,7,65536,630560,635608,9.62158203125,9.6986083984375
128,24,powers-two,openblas-leaf,7,65536,803461,808453,12.259841918945312,12.336013793945312
128,24,powers-two,openblas-aligned,7,65536,590220,595133,9.00604248046875,9.0810089111328125
128,24,powers-two,openblas,7,65536,875725,880699,13.362503051757812,13.438400268554688
128,24,powers-two,onemkl,7,65536,933921,938894,14.250503540039062,14.326385498046875
128,24,reset,current,1,65536,1100070,1105101,16.785736083984375,16.862503051757812
128,24,reset,pointers,1,65536,1078004,1082950,16.44903564453125,16.524505615234375
128,24,reset,pipeline,1,65536,1114483,1119466,17.005661010742188,17.081695556640625
128,24,reset,blocks,1,65536,1102282,1107281,16.819488525390625,16.895767211914062
128,24,reset,openblas-leaf,1,65536,1204849,1209875,18.384536743164062,18.461227416992188
128,24,reset,openblas-aligned,1,65536,1115310,1120282,17.018280029296875,17.094146728515625
128,24,reset,openblas,1,65536,1248422,1253357,19.049407958984375,19.124710083007812
128,24,reset,onemkl,1,65536,1360967,1366008,20.766708374023438,20.8436279296875
128,24,reset,current,2,65536,1087452,1092718,16.59320068359375,16.673553466796875
128,24,reset,pointers,2,65536,1053920,1058917,16.08154296875,16.157791137695312
128,24,reset,pipeline,2,65536,1105938,1111058,16.875274658203125,16.953399658203125
128,24,reset,blocks,2,65536,1087900,1093007,16.60003662109375,16.677963256835938
128,24,reset,openblas-leaf,2,65536,1209622,1215129,18.457366943359375,18.541397094726562
128,24,reset,openblas-aligned,2,65536,1104897,1110120,16.859390258789062,16.9390869140625
128,24,reset,openblas,2,65536,1240080,1245441,18.922119140625,19.003921508789062
128,24,reset,onemkl,2,65536,1343359,1348490,20.498031616210938,20.576324462890625
128,24,reset,current,3,65536,1090417,1095351,16.638442993164062,16.713729858398438
128,24,reset,pointers,3,65536,1061099,1066000,16.191085815429688,16.265869140625
128,24,reset,pipeline,3,65536,1108414,1113400,16.913055419921875,16.9891357421875
128,24,reset,blocks,3,65536,1099386,1104360,16.775299072265625,16.8511962890625
128,24,reset,openblas-leaf,3,65536,1335572,1340557,20.37921142578125,20.455276489257812
128,24,reset,openblas-aligned,3,65536,1106258,1111152,16.880157470703125,16.954833984375
128,24,reset,openblas,3,65536,1237309,1242246,18.879837036132812,18.955169677734375
128,24,reset,onemkl,3,65536,1336300,1341319,20.39031982421875,20.466903686523438
128,24,reset,current,4,65536,1090152,1095449,16.6343994140625,16.715225219726562
128,24,reset,pointers,4,65536,1079285,1084141,16.468582153320312,16.542678833007812
128,24,reset,pipeline,4,65536,1107739,1112638,16.902755737304688,16.977508544921875
128,24,reset,blocks,4,65536,1090835,1096050,16.644821166992188,16.724395751953125
128,24,reset,openblas-leaf,4,65536,1185848,1190865,18.0946044921875,18.171157836914062
128,24,reset,openblas-aligned,4,65536,1108191,1113148,16.909652709960938,16.98529052734375
128,24,reset,openblas,4,65536,1236124,1241247,18.86175537109375,18.939926147460938
128,24,reset,onemkl,4,65536,1338197,1343568,20.419265747070312,20.501220703125
128,24,reset,current,5,65536,1234968,1239979,18.8441162109375,18.920578002929688
128,24,reset,pointers,5,65536,1067900,1073113,16.29486083984375,16.374404907226562
128,24,reset,pipeline,5,65536,1114785,1119769,17.010269165039062,17.086318969726562
128,24,reset,blocks,5,65536,1092600,1097552,16.6717529296875,16.747314453125
128,24,reset,openblas-leaf,5,65536,1190008,1194924,18.1580810546875,18.23309326171875
128,24,reset,openblas-aligned,5,65536,1103804,1108687,16.84271240234375,16.917221069335938
128,24,reset,openblas,5,65536,1234376,1239280,18.8350830078125,18.909912109375
128,24,reset,onemkl,5,65536,1339361,1344287,20.437026977539062,20.512191772460938
128,24,reset,current,6,65536,1096443,1101697,16.730392456054688,16.810562133789062
128,24,reset,pointers,6,65536,1066377,1071346,16.271621704101562,16.347442626953125
128,24,reset,pipeline,6,65536,1117624,1122647,17.0535888671875,17.130233764648438
128,24,reset,blocks,6,65536,1102594,1107946,16.824249267578125,16.905914306640625
128,24,reset,openblas-leaf,6,65536,1197833,1203310,18.277481079101562,18.361053466796875
128,24,reset,openblas-aligned,6,65536,1113329,1118477,16.988052368164062,17.066604614257812
128,24,reset,openblas,6,65536,1252276,1257673,19.10821533203125,19.190567016601562
128,24,reset,onemkl,6,65536,1358426,1363744,20.727935791015625,20.80908203125
128,24,reset,current,7,65536,1109689,1114879,16.932510375976562,17.011703491210938
128,24,reset,pointers,7,65536,1077948,1083008,16.44818115234375,16.525390625
128,24,reset,pipeline,7,65536,1232051,1237100,18.799606323242188,18.87664794921875
128,24,reset,blocks,7,65536,1109993,1115137,16.937149047851562,17.015640258789062
128,24,reset,openblas-leaf,7,65536,1212992,1218342,18.5087890625,18.590423583984375
128,24,reset,openblas-aligned,7,65536,1123539,1128610,17.143844604492188,17.221221923828125
128,24,reset,openblas,7,65536,1307783,1313288,19.955184936523438,20.0391845703125
128,24,reset,onemkl,7,65536,1357863,1363241,20.719345092773438,20.801406860351562
256,0,negate,current,1,32768,449650,454893,13.72222900390625,13.882232666015625
256,0,negate,pointers,1,32768,365694,370772,11.16009521484375,11.3150634765625
256,0,negate,pipeline,1,32768,372766,377855,11.37591552734375,11.531219482421875
256,0,negate,blocks,1,32768,364485,369513,11.123199462890625,11.276641845703125
256,0,negate,openblas-leaf,1,32768,406006,411092,12.39031982421875,12.5455322265625
256,0,negate,openblas-aligned,1,32768,413872,419016,12.63037109375,12.787353515625
256,0,negate,openblas,1,32768,430478,435665,13.13714599609375,13.295440673828125
256,0,negate,onemkl,1,32768,634028,639226,19.3489990234375,19.50762939453125
256,0,negate,current,2,32768,449065,454541,13.704376220703125,13.871490478515625
256,0,negate,pointers,2,32768,365762,370895,11.16217041015625,11.318817138671875
256,0,negate,pipeline,2,32768,377606,382785,11.52362060546875,11.681671142578125
256,0,negate,blocks,2,32768,368328,373423,11.240478515625,11.395965576171875
256,0,negate,openblas-leaf,2,32768,411712,416858,12.564453125,12.72149658203125
256,0,negate,openblas-aligned,2,32768,416604,421769,12.7137451171875,12.871368408203125
256,0,negate,openblas,2,32768,432890,438075,13.21075439453125,13.368988037109375
256,0,negate,onemkl,2,32768,517053,522210,15.779205322265625,15.93658447265625
256,0,negate,current,3,32768,454244,459667,13.8624267578125,14.027923583984375
256,0,negate,pointers,3,32768,371292,376576,11.3309326171875,11.4921875
256,0,negate,pipeline,3,32768,380124,385492,11.6004638671875,11.7642822265625
256,0,negate,blocks,3,32768,374638,379886,11.43304443359375,11.59320068359375
256,0,negate,openblas-leaf,3,32768,409698,415139,12.50299072265625,12.669036865234375
256,0,negate,openblas-aligned,3,32768,421481,426983,12.862579345703125,13.030487060546875
256,0,negate,openblas,3,32768,439120,444658,13.40087890625,13.56988525390625
256,0,negate,onemkl,3,32768,539228,544701,16.4559326171875,16.622955322265625
256,0,negate,current,4,32768,451057,456449,13.765167236328125,13.929718017578125
256,0,negate,pointers,4,32768,369418,374854,11.27374267578125,11.43963623046875
256,0,negate,pipeline,4,32768,387097,392197,11.813262939453125,11.968902587890625
256,0,negate,blocks,4,32768,367330,372445,11.21002197265625,11.366119384765625
256,0,negate,openblas-leaf,4,32768,407746,412897,12.44342041015625,12.600616455078125
256,0,negate,openblas-aligned,4,32768,424612,434447,12.9581298828125,13.258270263671875
256,0,negate,openblas,4,32768,438027,443197,13.367523193359375,13.525299072265625
256,0,negate,onemkl,4,32768,524124,529362,15.9949951171875,16.15484619140625
256,0,negate,current,5,32768,457714,463190,13.96832275390625,14.13543701171875
256,0,negate,pointers,5,32768,371644,376854,11.3416748046875,11.50067138671875
256,0,negate,pipeline,5,32768,394369,399514,12.035186767578125,12.19219970703125
256,0,negate,blocks,5,32768,371654,376802,11.34197998046875,11.49908447265625
256,0,negate,openblas-leaf,5,32768,414440,419729,12.647705078125,12.809112548828125
256,0,negate,openblas-aligned,5,32768,423408,428626,12.92138671875,13.08062744140625
256,0,negate,openblas,5,32768,442677,448006,13.509429931640625,13.67205810546875
256,0,negate,onemkl,5,32768,533710,539021,16.28753662109375,16.449615478515625
256,0,negate,current,6,32768,450146,455265,13.73736572265625,13.893585205078125
256,0,negate,pointers,6,32768,366573,371618,11.186920166015625,11.34088134765625
256,0,negate,pipeline,6,32768,376161,381233,11.479522705078125,11.634307861328125
256,0,negate,blocks,6,32768,365886,370960,11.16595458984375,11.32080078125
256,0,negate,openblas-leaf,6,32768,401272,406434,12.245849609375,12.40338134765625
256,0,negate,openblas-aligned,6,32768,409997,415131,12.512115478515625,12.668792724609375
256,0,negate,openblas,6,32768,431738,436793,13.17559814453125,13.329864501953125
256,0,negate,onemkl,6,32768,519086,524171,15.84124755859375,15.996429443359375
256,0,negate,current,7,32768,456875,462118,13.942718505859375,14.10272216796875
256,0,negate,pointers,7,32768,367381,372527,11.211578369140625,11.368621826171875
256,0,negate,pipeline,7,32768,396173,401315,12.090240478515625,12.247161865234375
256,0,negate,blocks,7,32768,365665,370741,11.159210205078125,11.314117431640625
256,0,negate,openblas-leaf,7,32768,403957,409091,12.327789306640625,12.484466552734375
256,0,negate,openblas-aligned,7,32768,412807,417995,12.597869873046875,12.756195068359375
256,0,negate,openblas,7,32768,434831,440029,13.269989013671875,13.428619384765625
256,0,negate,onemkl,7,32768,520781,526414,15.892974853515625,16.06488037109375
256,0,powers-two,current,1,32768,450020,455060,13.7335205078125,13.8873291015625
256,0,powers-two,pointers,1,32768,352288,357252,10.7509765625,10.9024658203125
256,0,powers-two,pipeline,1,32768,365396,370569,11.1510009765625,11.308868408203125
256,0,powers-two,blocks,1,32768,355030,359990,10.83465576171875,10.98602294921875
256,0,powers-two,openblas-leaf,1,32768,393718,398737,12.01531982421875,12.168487548828125
256,0,powers-two,openblas-aligned,1,32768,398638,403638,12.16546630859375,12.31805419921875
256,0,powers-two,openblas,1,32768,455562,460541,13.90264892578125,14.054595947265625
256,0,powers-two,onemkl,1,32768,522520,527597,15.946044921875,16.100982666015625
256,0,powers-two,current,2,32768,463520,468805,14.1455078125,14.306793212890625
256,0,powers-two,pointers,2,32768,359414,364531,10.96844482421875,11.124603271484375
256,0,powers-two,pipeline,2,32768,386461,391886,11.793853759765625,11.95941162109375
256,0,powers-two,blocks,2,32768,365056,370256,11.140625,11.29931640625
256,0,powers-two,openblas-leaf,2,32768,409993,415208,12.511993408203125,12.671142578125
256,0,powers-two,openblas-aligned,2,32768,524787,529980,16.015228271484375,16.1737060546875
256,0,powers-two,openblas,2,32768,473625,478811,14.453887939453125,14.612152099609375
256,0,powers-two,onemkl,2,32768,529671,534895,16.164276123046875,16.323699951171875
256,0,powers-two,current,3,32768,451905,457046,13.791046142578125,13.94793701171875
256,0,powers-two,pointers,3,32768,352007,356997,10.742401123046875,10.894683837890625
256,0,powers-two,pipeline,3,32768,367186,372489,11.20562744140625,11.367462158203125
256,0,powers-two,blocks,3,32768,355762,360808,10.85699462890625,11.010986328125
256,0,powers-two,openblas-leaf,3,32768,397586,402758,12.13336181640625,12.29119873046875
256,0,powers-two,openblas-aligned,3,32768,412121,417200,12.576934814453125,12.73193359375
256,0,powers-two,openblas,3,32768,456364,461436,13.9271240234375,14.0819091796875
256,0,powers-two,onemkl,3,32768,517074,522189,15.77984619140625,15.935943603515625
256,0,powers-two,current,4,32768,469410,474705,14.32525634765625,14.486846923828125
256,0,powers-two,pointers,4,32768,358839,364111,10.950897216796875,11.111785888671875
256,0,powers-two,pipeline,4,32768,386680,392557,11.800537109375,11.979888916015625
256,0,powers-two,blocks,4,32768,363168,368586,11.0830078125,11.24835205078125
256,0,powers-two,openblas-leaf,4,32768,410402,415840,12.52447509765625,12.6904296875
256,0,powers-two,openblas-aligned,4,32768,412969,418473,12.602813720703125,12.770782470703125
256,0,powers-two,openblas,4,32768,463084,468968,14.1322021484375,14.311767578125
256,0,powers-two,onemkl,4,32768,521458,526701,15.91363525390625,16.073638916015625
256,0,powers-two,current,5,32768,461052,466312,14.0701904296875,14.230712890625
256,0,powers-two,pointers,5,32768,357442,362988,10.90826416015625,11.0775146484375
256,0,powers-two,pipeline,5,32768,382544,387957,11.67431640625,11.839508056640625
256,0,powers-two,blocks,5,32768,362525,367664,11.063385009765625,11.22021484375
256,0,powers-two,openblas-leaf,5,32768,408793,414229,12.475372314453125,12.641265869140625
256,0,powers-two,openblas-aligned,5,32768,423045,428238,12.910308837890625,13.06878662109375
256,0,powers-two,openblas,5,32768,467704,472864,14.273193359375,14.4306640625
256,0,powers-two,onemkl,5,32768,517950,523212,15.80657958984375,15.9671630859375
256,0,powers-two,current,6,32768,461257,466447,14.076446533203125,14.234832763671875
256,0,powers-two,pointers,6,32768,359609,364681,10.974395751953125,11.129180908203125
256,0,powers-two,pipeline,6,32768,375807,381128,11.468719482421875,11.631103515625
256,0,powers-two,blocks,6,32768,362757,367911,11.070465087890625,11.227752685546875
256,0,powers-two,openblas-leaf,6,32768,407656,412748,12.440673828125,12.5960693359375
256,0,powers-two,openblas-aligned,6,32768,418120,423257,12.760009765625,12.916778564453125
256,0,powers-two,openblas,6,32768,465728,470920,14.212890625,14.371337890625
256,0,powers-two,onemkl,6,32768,526561,531714,16.069366455078125,16.22662353515625
256,0,powers-two,current,7,32768,464333,469678,14.170318603515625,14.33343505859375
256,0,powers-two,pointers,7,32768,369224,374307,11.267822265625,11.422943115234375
256,0,powers-two,pipeline,7,32768,380560,385933,11.61376953125,11.777740478515625
256,0,powers-two,blocks,7,32768,367304,372475,11.209228515625,11.367034912109375
256,0,powers-two,openblas-leaf,7,32768,411004,416162,12.5428466796875,12.70025634765625
256,0,powers-two,openblas-aligned,7,32768,418882,424022,12.78326416015625,12.94012451171875
256,0,powers-two,openblas,7,32768,469146,474243,14.31719970703125,14.472747802734375
256,0,powers-two,onemkl,7,32768,533534,538857,16.28216552734375,16.444610595703125
256,0,reset,current,1,32768,816065,821169,24.904327392578125,25.060089111328125
256,0,reset,pointers,1,32768,736271,741323,22.469207763671875,22.623382568359375
256,0,reset,pipeline,1,32768,739515,744606,22.568206787109375,22.72357177734375
256,0,reset,blocks,1,32768,731989,736997,22.338531494140625,22.491363525390625
256,0,reset,openblas-leaf,1,32768,771432,776570,23.542236328125,23.69903564453125
256,0,reset,openblas-aligned,1,32768,776904,781937,23.709228515625,23.862823486328125
256,0,reset,openblas,1,32768,865454,870533,26.41156005859375,26.566558837890625
256,0,reset,onemkl,1,32768,895715,900854,27.335052490234375,27.49188232421875
256,0,reset,current,2,32768,824095,829687,25.149383544921875,25.320037841796875
256,0,reset,pointers,2,32768,742425,747598,22.657012939453125,22.81488037109375
256,0,reset,pipeline,2,32768,767587,779291,23.424896240234375,23.782073974609375
256,0,reset,blocks,2,32768,738618,744173,22.54083251953125,22.710357666015625
256,0,reset,openblas-leaf,2,32768,772463,777554,23.573699951171875,23.72906494140625
256,0,reset,openblas-aligned,2,32768,788076,793135,24.0501708984375,24.204559326171875
256,0,reset,openblas,2,32768,879878,885264,26.85174560546875,27.01611328125
256,0,reset,onemkl,2,32768,898773,904072,27.428375244140625,27.590087890625
256,0,reset,current,3,32768,823806,828911,25.14056396484375,25.296356201171875
256,0,reset,pointers,3,32768,734139,739086,22.404144287109375,22.55511474609375
256,0,reset,pipeline,3,32768,740761,745795,22.606231689453125,22.759857177734375
256,0,reset,blocks,3,32768,736389,741342,22.472808837890625,22.62396240234375
256,0,reset,openblas-leaf,3,32768,769821,774826,23.493072509765625,23.64581298828125
256,0,reset,openblas-aligned,3,32768,785620,790710,23.9752197265625,24.13055419921875
256,0,reset,openblas,3,32768,865684,870748,26.4185791015625,26.5731201171875
256,0,reset,onemkl,3,32768,894805,899894,27.307281494140625,27.46258544921875
256,0,reset,current,4,32768,821837,827033,25.080474853515625,25.239044189453125
256,0,reset,pointers,4,32768,743678,749061,22.69525146484375,22.859527587890625
256,0,reset,pipeline,4,32768,749522,755042,22.87359619140625,23.04205322265625
256,0,reset,blocks,4,32768,738667,744369,22.542327880859375,22.716339111328125
256,0,reset,openblas-leaf,4,32768,781140,786336,23.8385009765625,23.9970703125
256,0,reset,openblas-aligned,4,32768,784850,790214,23.95172119140625,24.11541748046875
256,0,reset,openblas,4,32768,875880,881141,26.729736328125,26.890289306640625
256,0,reset,onemkl,4,32768,906764,912170,27.6722412109375,27.83721923828125
256,0,reset,current,5,32768,817348,822298,24.9434814453125,25.09454345703125
256,0,reset,pointers,5,32768,740286,745506,22.59173583984375,22.75103759765625
256,0,reset,pipeline,5,32768,738204,743843,22.5281982421875,22.700286865234375
256,0,reset,blocks,5,32768,737218,742224,22.49810791015625,22.65087890625
256,0,reset,openblas-leaf,5,32768,779183,784173,23.778778076171875,23.931060791015625
256,0,reset,openblas-aligned,5,32768,785030,790074,23.95721435546875,24.11114501953125
256,0,reset,openblas,5,32768,865691,870700,26.418792724609375,26.5716552734375
256,0,reset,onemkl,5,32768,901156,906405,27.5010986328125,27.661285400390625
256,0,reset,current,6,32768,824126,829284,25.15032958984375,25.3077392578125
256,0,reset,pointers,6,32768,751020,756022,22.9193115234375,23.07196044921875
256,0,reset,pipeline,6,32768,741000,746002,22.613525390625,22.76617431640625
256,0,reset,blocks,6,32768,844528,849636,25.77294921875,25.9288330078125
256,0,reset,openblas-leaf,6,32768,772922,777999,23.58770751953125,23.742645263671875
256,0,reset,openblas-aligned,6,32768,783931,789036,23.923675537109375,24.0794677734375
256,0,reset,openblas,6,32768,871256,876458,26.588623046875,26.74737548828125
256,0,reset,onemkl,6,32768,899546,904940,27.45196533203125,27.6165771484375
256,0,reset,current,7,32768,824488,829762,25.161376953125,25.32232666015625
256,0,reset,pointers,7,32768,735325,740880,22.440338134765625,22.60986328125
256,0,reset,pipeline,7,32768,764520,769591,23.331298828125,23.486053466796875
256,0,reset,blocks,7,32768,740507,745761,22.598480224609375,22.758819580078125
256,0,reset,openblas-leaf,7,32768,776138,781270,23.68585205078125,23.84246826171875
256,0,reset,openblas-aligned,7,32768,779835,785329,23.798675537109375,23.966339111328125
256,0,reset,openblas,7,32768,866681,871834,26.449005126953125,26.60626220703125
256,0,reset,onemkl,7,32768,893744,899166,27.27490234375,27.44036865234375
256,8,negate,current,1,32768,478918,484045,14.61541748046875,14.771881103515625
256,8,negate,pointers,1,32768,372611,377602,11.371185302734375,11.52349853515625
256,8,negate,pipeline,1,32768,412374,417540,12.58465576171875,12.7423095703125
256,8,negate,blocks,1,32768,403866,408898,12.32501220703125,12.47857666015625
256,8,negate,openblas-leaf,1,32768,781327,786701,23.844207763671875,24.008209228515625
256,8,negate,openblas-aligned,1,32768,411928,416875,12.571044921875,12.722015380859375
256,8,negate,openblas,1,32768,806546,811699,24.61383056640625,24.771087646484375
256,8,negate,onemkl,1,32768,577877,582858,17.635406494140625,17.78741455078125
256,8,negate,current,2,32768,478656,483782,14.607421875,14.76385498046875
256,8,negate,pointers,2,32768,402841,407700,12.293731689453125,12.4420166015625
256,8,negate,pipeline,2,32768,422748,427704,12.9012451171875,13.052490234375
256,8,negate,blocks,2,32768,404598,409430,12.34735107421875,12.49481201171875
256,8,negate,openblas-leaf,2,32768,781743,787181,23.856903076171875,24.022857666015625
256,8,negate,openblas-aligned,2,32768,413565,418447,12.621002197265625,12.769989013671875
256,8,negate,openblas,2,32768,809807,814811,24.713348388671875,24.866058349609375
256,8,negate,onemkl,2,32768,579317,584290,17.679351806640625,17.83111572265625
256,8,negate,current,3,32768,477999,482835,14.587371826171875,14.734954833984375
256,8,negate,pointers,3,32768,375701,380502,11.465484619140625,11.61199951171875
256,8,negate,pipeline,3,32768,418736,423593,12.77880859375,12.927032470703125
256,8,negate,blocks,3,32768,407222,412105,12.42742919921875,12.576446533203125
256,8,negate,openblas-leaf,3,32768,778863,783701,23.769012451171875,23.916656494140625
256,8,negate,openblas-aligned,3,32768,416502,421348,12.71063232421875,12.8585205078125
256,8,negate,openblas,3,32768,907435,912354,27.692718505859375,27.84283447265625
256,8,negate,onemkl,3,32768,582596,587451,17.7794189453125,17.927581787109375
256,8,negate,current,4,32768,476191,481021,14.532196044921875,14.679595947265625
256,8,negate,pointers,4,32768,381722,386591,11.64923095703125,11.797821044921875
256,8,negate,pipeline,4,32768,422750,427627,12.90130615234375,13.050140380859375
256,8,negate,blocks,4,32768,402193,407019,12.273956298828125,12.421234130859375
256,8,negate,openblas-leaf,4,32768,782836,787917,23.8902587890625,24.045318603515625
256,8,negate,openblas-aligned,4,32768,410512,415427,12.52783203125,12.677825927734375
256,8,negate,openblas,4,32768,810926,822554,24.74749755859375,25.10235595703125
256,8,negate,onemkl,4,32768,576789,581614,17.602203369140625,17.74945068359375
256,8,negate,current,5,32768,476475,481448,14.540863037109375,14.692626953125
256,8,negate,pointers,5,32768,386493,391295,11.794830322265625,11.941375732421875
256,8,negate,pipeline,5,32768,437064,442078,13.338134765625,13.49114990234375
256,8,negate,blocks,5,32768,409668,414762,12.5020751953125,12.65753173828125
256,8,negate,openblas-leaf,5,32768,789765,795004,24.101715087890625,24.2615966796875
256,8,negate,openblas-aligned,5,32768,409748,414782,12.5045166015625,12.65814208984375
256,8,negate,openblas,5,32768,807013,812501,24.628082275390625,24.795562744140625
256,8,negate,onemkl,5,32768,575679,580618,17.568328857421875,17.71905517578125
256,8,negate,current,6,32768,477067,481915,14.558929443359375,14.706878662109375
256,8,negate,pointers,6,32768,388710,393745,11.86248779296875,12.016143798828125
256,8,negate,pipeline,6,32768,426610,431448,13.01910400390625,13.166748046875
256,8,negate,blocks,6,32768,407440,412337,12.43408203125,12.583526611328125
256,8,negate,openblas-leaf,6,32768,784599,789616,23.944061279296875,24.09716796875
256,8,negate,openblas-aligned,6,32768,413935,418865,12.632293701171875,12.782745361328125
256,8,negate,openblas,6,32768,804496,809424,24.55126953125,24.70166015625
256,8,negate,onemkl,6,32768,581238,586601,17.73797607421875,17.901641845703125
256,8,negate,current,7,32768,484076,489054,14.7728271484375,14.92474365234375
256,8,negate,pointers,7,32768,384900,389825,11.7462158203125,11.896514892578125
256,8,negate,pipeline,7,32768,425485,430359,12.984771728515625,13.133514404296875
256,8,negate,blocks,7,32768,406543,411361,12.406707763671875,12.553741455078125
256,8,negate,openblas-leaf,7,32768,797184,802139,24.328125,24.479339599609375
256,8,negate,openblas-aligned,7,32768,411143,416005,12.547088623046875,12.695465087890625
256,8,negate,openblas,7,32768,812518,819273,24.79608154296875,25.002227783203125
256,8,negate,onemkl,7,32768,709139,714095,21.641204833984375,21.792449951171875
256,8,powers-two,current,1,32768,485809,490800,14.825714111328125,14.97802734375
256,8,powers-two,pointers,1,32768,371843,376746,11.347747802734375,11.49737548828125
256,8,powers-two,pipeline,1,32768,420394,425227,12.82940673828125,12.976898193359375
256,8,powers-two,blocks,1,32768,407246,412153,12.42816162109375,12.577911376953125
256,8,powers-two,openblas-leaf,1,32768,783170,788277,23.90045166015625,24.056304931640625
256,8,powers-two,openblas-aligned,1,32768,442097,446963,13.491729736328125,13.640228271484375
256,8,powers-two,openblas,1,32768,807953,813142,24.656768798828125,24.81512451171875
256,8,powers-two,onemkl,1,32768,585922,590762,17.88092041015625,18.02862548828125
256,8,powers-two,current,2,32768,486132,491030,14.8355712890625,14.98504638671875
256,8,powers-two,pointers,2,32768,382306,387146,11.66705322265625,11.81475830078125
256,8,powers-two,pipeline,2,32768,428153,433097,13.066192626953125,13.217071533203125
256,8,powers-two,blocks,2,32768,413361,418258,12.614776611328125,12.76422119140625
256,8,powers-two,openblas-leaf,2,32768,900994,906020,27.49615478515625,27.6495361328125
256,8,powers-two,openblas-aligned,2,32768,441936,446827,13.48681640625,13.636077880859375
256,8,powers-two,openblas,2,32768,814139,819067,24.845550537109375,24.995941162109375
256,8,powers-two,onemkl,2,32768,595840,600749,18.18359375,18.333404541015625
256,8,powers-two,current,3,32768,500696,505952,15.280029296875,15.4404296875
256,8,powers-two,pointers,3,32768,386978,392032,11.80963134765625,11.9638671875
256,8,powers-two,pipeline,3,32768,435270,440502,13.28338623046875,13.44305419921875
256,8,powers-two,blocks,3,32768,423344,428421,12.91943359375,13.074371337890625
256,8,powers-two,openblas-leaf,3,32768,807668,812889,24.6480712890625,24.807403564453125
256,8,powers-two,openblas-aligned,3,32768,451656,456820,13.783447265625,13.9410400390625
256,8,powers-two,openblas,3,32768,837022,842288,25.54388427734375,25.70458984375
256,8,powers-two,onemkl,3,32768,615875,622145,18.795013427734375,18.986358642578125
256,8,powers-two,current,4,32768,492209,497346,15.021026611328125,15.17779541015625
256,8,powers-two,pointers,4,32768,376709,381763,11.496246337890625,11.650482177734375
256,8,powers-two,pipeline,4,32768,428073,433283,13.063751220703125,13.222747802734375
256,8,powers-two,blocks,4,32768,410661,415837,12.532379150390625,12.690338134765625
256,8,powers-two,openblas-leaf,4,32768,793754,799044,24.22344970703125,24.3848876953125
256,8,powers-two,openblas-aligned,4,32768,440596,445779,13.4459228515625,13.604095458984375
256,8,powers-two,openblas,4,32768,817398,822463,24.94500732421875,25.099578857421875
256,8,powers-two,onemkl,4,32768,593823,599487,18.122039794921875,18.294891357421875
256,8,powers-two,current,5,32768,486057,491017,14.833282470703125,14.984649658203125
256,8,powers-two,pointers,5,32768,366095,370956,11.172332763671875,11.3206787109375
256,8,powers-two,pipeline,5,32768,427542,432406,13.04754638671875,13.19598388671875
256,8,powers-two,blocks,5,32768,406115,410946,12.393646240234375,12.54107666015625
256,8,powers-two,openblas-leaf,5,32768,780160,785213,23.80859375,23.962799072265625
256,8,powers-two,openblas-aligned,5,32768,436752,441684,13.32861328125,13.4791259765625
256,8,powers-two,openblas,5,32768,810356,815236,24.7301025390625,24.8790283203125
256,8,powers-two,onemkl,5,32768,583349,588235,17.802398681640625,17.951507568359375
256,8,powers-two,current,6,32768,488405,493383,14.904937744140625,15.056854248046875
256,8,powers-two,pointers,6,32768,369517,374318,11.276763916015625,11.42327880859375
256,8,powers-two,pipeline,6,32768,420527,425390,12.833465576171875,12.98187255859375
256,8,powers-two,blocks,6,32768,409887,414764,12.508758544921875,12.6575927734375
256,8,powers-two,openblas-leaf,6,32768,782416,787396,23.87744140625,24.0294189453125
256,8,powers-two,openblas-aligned,6,32768,436337,441209,13.315948486328125,13.464630126953125
256,8,powers-two,openblas,6,32768,918167,923052,28.020233154296875,28.1693115234375
256,8,powers-two,onemkl,6,32768,592700,597547,18.0877685546875,18.235687255859375
256,8,powers-two,current,7,32768,484714,489687,14.79229736328125,14.944061279296875
256,8,powers-two,pointers,7,32768,366946,371961,11.19830322265625,11.351348876953125
256,8,powers-two,pipeline,7,32768,425422,430564,12.98284912109375,13.1397705078125
256,8,powers-two,blocks,7,32768,405621,410607,12.378570556640625,12.530731201171875
256,8,powers-two,openblas-leaf,7,32768,780801,785874,23.828155517578125,23.98297119140625
256,8,powers-two,openblas-aligned,7,32768,435252,440419,13.2828369140625,13.440521240234375
256,8,powers-two,openblas,7,32768,809432,814458,24.701904296875,24.85528564453125
256,8,powers-two,onemkl,7,32768,593196,598129,18.1029052734375,18.253448486328125
256,8,reset,current,1,32768,849353,854313,25.920196533203125,26.071563720703125
256,8,reset,pointers,1,32768,783507,788467,23.910736083984375,24.062103271484375
256,8,reset,pipeline,1,32768,815857,821029,24.897979736328125,25.055816650390625
256,8,reset,blocks,1,32768,803727,808959,24.527801513671875,24.687469482421875
256,8,reset,openblas-leaf,1,32768,1106052,1111333,33.7540283203125,33.915191650390625
256,8,reset,openblas-aligned,1,32768,835303,840508,25.491424560546875,25.6502685546875
256,8,reset,openblas,1,32768,1117611,1123257,34.106781005859375,34.279083251953125
256,8,reset,onemkl,1,32768,990608,995929,30.23095703125,30.393341064453125
256,8,reset,current,2,32768,865099,870147,26.400726318359375,26.554779052734375
256,8,reset,pointers,2,32768,798118,803075,24.35662841796875,24.507904052734375
256,8,reset,pipeline,2,32768,810775,815817,24.742889404296875,24.896759033203125
256,8,reset,blocks,2,32768,927380,932359,28.3013916015625,28.453338623046875
256,8,reset,openblas-leaf,2,32768,1122812,1127846,34.2655029296875,34.41912841796875
256,8,reset,openblas-aligned,2,32768,854889,859869,26.089141845703125,26.241119384765625
256,8,reset,openblas,2,32768,1138369,1143356,34.740264892578125,34.8924560546875
256,8,reset,onemkl,2,32768,1000318,1005486,30.52728271484375,30.68499755859375
256,8,reset,current,3,32768,847410,852481,25.86090087890625,26.015655517578125
256,8,reset,pointers,3,32768,803051,808204,24.507171630859375,24.6644287109375
256,8,reset,pipeline,3,32768,794422,799721,24.24383544921875,24.405548095703125
256,8,reset,blocks,3,32768,803862,808947,24.53192138671875,24.687103271484375
256,8,reset,openblas-leaf,3,32768,1101154,1106187,33.60455322265625,33.758148193359375
256,8,reset,openblas-aligned,3,32768,832802,837737,25.41510009765625,25.565704345703125
256,8,reset,openblas,3,32768,1124673,1133186,34.322296142578125,34.58209228515625
256,8,reset,onemkl,3,32768,983865,988994,30.025177001953125,30.18170166015625
256,8,reset,current,4,32768,844670,849657,25.77728271484375,25.929473876953125
256,8,reset,pointers,4,32768,783309,788137,23.904693603515625,24.052032470703125
256,8,reset,pipeline,4,32768,796349,801193,24.302642822265625,24.450469970703125
256,8,reset,blocks,4,32768,797358,802321,24.33343505859375,24.484893798828125
256,8,reset,openblas-leaf,4,32768,1097425,1102317,33.490753173828125,33.640045166015625
256,8,reset,openblas-aligned,4,32768,830597,835435,25.347808837890625,25.495452880859375
256,8,reset,openblas,4,32768,1112655,1117615,33.955535888671875,34.106903076171875
256,8,reset,onemkl,4,32768,976769,981751,29.808624267578125,29.960662841796875
256,8,reset,current,5,32768,837897,842921,25.570587158203125,25.723907470703125
256,8,reset,pointers,5,32768,786985,792138,24.016876220703125,24.17413330078125
256,8,reset,pipeline,5,32768,796203,801165,24.298187255859375,24.449615478515625
256,8,reset,blocks,5,32768,787359,792427,24.028289794921875,24.182952880859375
256,8,reset,openblas-leaf,5,32768,1088150,1093328,33.20770263671875,33.36572265625
256,8,reset,openblas-aligned,5,32768,822744,827918,25.108154296875,25.26605224609375
256,8,reset,openblas,5,32768,1105757,1111080,33.745025634765625,33.907470703125
256,8,reset,onemkl,5,32768,970947,976411,29.630950927734375,29.797698974609375
256,8,reset,current,6,32768,843101,848454,25.729400634765625,25.89276123046875
256,8,reset,pointers,6,32768,775655,780503,23.671112060546875,23.819061279296875
256,8,reset,pipeline,6,32768,791451,796347,24.153167724609375,24.302581787109375
256,8,reset,blocks,6,32768,784533,789392,23.942047119140625,24.09033203125
256,8,reset,openblas-leaf,6,32768,1086482,1091310,33.15679931640625,33.30413818359375
256,8,reset,openblas-aligned,6,32768,824749,829610,25.169342041015625,25.31768798828125
256,8,reset,openblas,6,32768,1101416,1106311,33.612548828125,33.761932373046875
256,8,reset,onemkl,6,32768,980839,985935,29.932830810546875,30.088348388671875
256,8,reset,current,7,32768,972786,977930,29.68707275390625,29.84405517578125
256,8,reset,pointers,7,32768,798219,803218,24.359710693359375,24.51226806640625
256,8,reset,pipeline,7,32768,795519,800639,24.277313232421875,24.433563232421875
256,8,reset,blocks,7,32768,796840,801791,24.317626953125,24.468719482421875
256,8,reset,openblas-leaf,7,32768,1096311,1101242,33.456756591796875,33.60723876953125
256,8,reset,openblas-aligned,7,32768,834612,839507,25.4703369140625,25.619720458984375
256,8,reset,openblas,7,32768,1113410,1118350,33.97857666015625,34.12933349609375
256,8,reset,onemkl,7,32768,983996,989003,30.0291748046875,30.181976318359375
256,16,negate,current,1,32768,476675,481665,14.546966552734375,14.699249267578125
256,16,negate,pointers,1,32768,376260,381149,11.4825439453125,11.631744384765625
256,16,negate,pipeline,1,32768,401098,405973,12.24053955078125,12.389312744140625
256,16,negate,blocks,1,32768,438824,443690,13.391845703125,13.54034423828125
256,16,negate,openblas-leaf,1,32768,888676,893726,27.1202392578125,27.27435302734375
256,16,negate,openblas-aligned,1,32768,423796,428785,12.9332275390625,13.085479736328125
256,16,negate,openblas,1,32768,807596,812502,24.6458740234375,24.79559326171875
256,16,negate,onemkl,1,32768,580937,585794,17.728790283203125,17.87701416015625
256,16,negate,current,2,32768,476679,481745,14.547088623046875,14.701690673828125
256,16,negate,pointers,2,32768,366662,371910,11.18963623046875,11.34979248046875
256,16,negate,pipeline,2,32768,403210,408133,12.30499267578125,12.455230712890625
256,16,negate,blocks,2,32768,437110,442139,13.33953857421875,13.493011474609375
256,16,negate,openblas-leaf,2,32768,785224,793230,23.963134765625,24.20745849609375
256,16,negate,openblas-aligned,2,32768,416522,421568,12.71124267578125,12.865234375
256,16,negate,openblas,2,32768,808393,839364,24.670196533203125,25.6153564453125
256,16,negate,onemkl,2,32768,581633,586581,17.750030517578125,17.901031494140625
256,16,negate,current,3,32768,476409,481332,14.538848876953125,14.6890869140625
256,16,negate,pointers,3,32768,365647,370486,11.158660888671875,11.30633544921875
256,16,negate,pipeline,3,32768,456697,461609,13.937286376953125,14.087188720703125
256,16,negate,blocks,3,32768,447891,452737,13.668548583984375,13.816436767578125
256,16,negate,openblas-leaf,3,32768,780658,785707,23.82379150390625,23.977874755859375
256,16,negate,openblas-aligned,3,32768,408466,413281,12.46539306640625,12.612335205078125
256,16,negate,openblas,3,32768,812674,817586,24.80084228515625,24.95074462890625
256,16,negate,onemkl,3,32768,590413,595458,18.017974853515625,18.17193603515625
256,16,negate,current,4,32768,482650,487498,14.72930908203125,14.87725830078125
256,16,negate,pointers,4,32768,488784,493620,14.91650390625,15.0640869140625
256,16,negate,pipeline,4,32768,421804,426684,12.8724365234375,13.0213623046875
256,16,negate,blocks,4,32768,448465,453329,13.686065673828125,13.834503173828125
256,16,negate,openblas-leaf,4,32768,779841,784695,23.798858642578125,23.946990966796875
256,16,negate,openblas-aligned,4,32768,415473,420315,12.679229736328125,12.826995849609375
256,16,negate,openblas,4,32768,805553,810449,24.583526611328125,24.732940673828125
256,16,negate,onemkl,4,32768,578894,583710,17.66644287109375,17.81341552734375
256,16,negate,current,5,32768,475072,479991,14.498046875,14.648162841796875
256,16,negate,pointers,5,32768,380642,385547,11.61627197265625,11.765960693359375
256,16,negate,pipeline,5,32768,418543,423416,12.772918701171875,12.921630859375
256,16,negate,blocks,5,32768,445207,450032,13.586639404296875,13.73388671875
256,16,negate,openblas-leaf,5,32768,781904,786846,23.86181640625,24.01263427734375
256,16,negate,openblas-aligned,5,32768,408854,413765,12.47723388671875,12.627105712890625
256,16,negate,openblas,5,32768,807122,812161,24.63140869140625,24.785186767578125
256,16,negate,onemkl,5,32768,578420,583299,17.6519775390625,17.800872802734375
256,16,negate,current,6,32768,480530,485487,14.66461181640625,14.815887451171875
256,16,negate,pointers,6,32768,360051,365206,10.987884521484375,11.14520263671875
256,16,negate,pipeline,6,32768,436485,441647,13.320465087890625,13.477996826171875
256,16,negate,blocks,6,32768,445571,450586,13.597747802734375,13.75079345703125
256,16,negate,openblas-leaf,6,32768,787060,792185,24.0191650390625,24.175567626953125
256,16,negate,openblas-aligned,6,32768,407933,412951,12.449127197265625,12.602264404296875
256,16,negate,openblas,6,32768,813489,818495,24.825714111328125,24.978485107421875
256,16,negate,onemkl,6,32768,576931,581998,17.606536865234375,17.76116943359375
256,16,negate,current,7,32768,479522,484411,14.63385009765625,14.783050537109375
256,16,negate,pointers,7,32768,370477,375866,11.306060791015625,11.47052001953125
256,16,negate,pipeline,7,32768,447892,452736,13.6685791015625,13.81640625
256,16,negate,blocks,7,32768,451745,456699,13.786163330078125,13.937347412109375
256,16,negate,openblas-leaf,7,32768,780680,785575,23.824462890625,23.973846435546875
256,16,negate,openblas-aligned,7,32768,420593,425509,12.835479736328125,12.985504150390625
256,16,negate,openblas,7,32768,808732,813761,24.6805419921875,24.834014892578125
256,16,negate,onemkl,7,32768,579989,584810,17.699859619140625,17.84698486328125
256,16,powers-two,current,1,32768,482995,488111,14.739837646484375,14.895965576171875
256,16,powers-two,pointers,1,32768,374574,379701,11.43109130859375,11.587554931640625
256,16,powers-two,pipeline,1,32768,446971,452516,13.640472412109375,13.8096923828125
256,16,powers-two,blocks,1,32768,459230,464450,14.01458740234375,14.17388916015625
256,16,powers-two,openblas-leaf,1,32768,788208,793183,24.05419921875,24.206024169921875
256,16,powers-two,openblas-aligned,1,32768,438566,443817,13.38397216796875,13.544219970703125
256,16,powers-two,openblas,1,32768,807820,813245,24.6527099609375,24.818267822265625
256,16,powers-two,onemkl,1,32768,582938,588084,17.78985595703125,17.9468994140625
256,16,powers-two,current,2,32768,485404,490248,14.8133544921875,14.961181640625
256,16,powers-two,pointers,2,32768,386070,390944,11.78192138671875,11.9306640625
256,16,powers-two,pipeline,2,32768,443673,448752,13.539825439453125,13.69482421875
256,16,powers-two,blocks,2,32768,460630,465502,14.05731201171875,14.20599365234375
256,16,powers-two,openblas-leaf,2,32768,778882,783789,23.76959228515625,23.919342041015625
256,16,powers-two,openblas-aligned,2,32768,445211,450086,13.586761474609375,13.73553466796875
256,16,powers-two,openblas,2,32768,808192,813154,24.6640625,24.81549072265625
256,16,powers-two,onemkl,2,32768,590942,595799,18.03411865234375,18.182342529296875
256,16,powers-two,current,3,32768,485426,490329,14.81402587890625,14.963653564453125
256,16,powers-two,pointers,3,32768,391267,396170,11.940521240234375,12.09014892578125
256,16,powers-two,pipeline,3,32768,450275,455310,13.741302490234375,13.89495849609375
256,16,powers-two,blocks,3,32768,460391,465297,14.050018310546875,14.199737548828125
256,16,powers-two,openblas-leaf,3,32768,886254,891246,27.04632568359375,27.19866943359375
256,16,powers-two,openblas-aligned,3,32768,451156,456048,13.7681884765625,13.91748046875
256,16,powers-two,openblas,3,32768,821372,826328,25.0662841796875,25.217529296875
256,16,powers-two,onemkl,3,32768,592489,597359,18.081329345703125,18.229949951171875
256,16,powers-two,current,4,32768,488601,493697,14.910919189453125,15.066436767578125
256,16,powers-two,pointers,4,32768,389996,394841,11.9017333984375,12.049591064453125
256,16,powers-two,pipeline,4,32768,449657,454760,13.722442626953125,13.878173828125
256,16,powers-two,blocks,4,32768,460666,465541,14.05841064453125,14.207183837890625
256,16,powers-two,openblas-leaf,4,32768,778919,783923,23.770721435546875,23.923431396484375
256,16,powers-two,openblas-aligned,4,32768,444090,448952,13.55255126953125,13.700927734375
256,16,powers-two,openblas,4,32768,806395,811274,24.609222412109375,24.75811767578125
256,16,powers-two,onemkl,4,32768,588943,593826,17.973114013671875,18.12213134765625
256,16,powers-two,current,5,32768,484379,489847,14.782073974609375,14.948944091796875
256,16,powers-two,pointers,5,32768,398289,403213,12.154815673828125,12.305084228515625
256,16,powers-two,pipeline,5,32768,445316,450419,13.5899658203125,13.745697021484375
256,16,powers-two,blocks,5,32768,462282,467333,14.10772705078125,14.261871337890625
256,16,powers-two,openblas-leaf,5,32768,787431,792778,24.030487060546875,24.19366455078125
256,16,powers-two,openblas-aligned,5,32768,448768,453700,13.6953125,13.8458251953125
256,16,powers-two,openblas,5,32768,804962,810064,24.56549072265625,24.72119140625
256,16,powers-two,onemkl,5,32768,587624,592769,17.932861328125,18.089874267578125
256,16,powers-two,current,6,32768,482347,487236,14.720062255859375,14.8692626953125
256,16,powers-two,pointers,6,32768,401368,406209,12.248779296875,12.396514892578125
256,16,powers-two,pipeline,6,32768,446481,451524,13.625518798828125,13.7794189453125
256,16,powers-two,blocks,6,32768,458821,463693,14.002105712890625,14.150787353515625
256,16,powers-two,openblas-leaf,6,32768,781843,786905,23.859954833984375,24.014434814453125
256,16,powers-two,openblas-aligned,6,32768,438800,443734,13.39111328125,13.54168701171875
256,16,powers-two,openblas,6,32768,811559,816529,24.766815185546875,24.918487548828125
256,16,powers-two,onemkl,6,32768,585505,590368,17.868194580078125,18.0166015625
256,16,powers-two,current,7,32768,485923,490818,14.829193115234375,14.97857666015625
256,16,powers-two,pointers,7,32768,507717,512668,15.494293212890625,15.6453857421875
256,16,powers-two,pipeline,7,32768,461789,466993,14.092681884765625,14.251495361328125
256,16,powers-two,blocks,7,32768,464582,469516,14.17791748046875,14.3284912109375
256,16,powers-two,openblas-leaf,7,32768,781239,786180,23.841522216796875,23.9923095703125
256,16,powers-two,openblas-aligned,7,32768,446390,451313,13.62274169921875,13.772979736328125
256,16,powers-two,openblas,7,32768,808700,813641,24.6795654296875,24.830352783203125
256,16,powers-two,onemkl,7,32768,591474,596351,18.05035400390625,18.199188232421875
256,16,reset,current,1,32768,820938,826484,25.05303955078125,25.2222900390625
256,16,reset,pointers,1,32768,776109,781322,23.684967041015625,23.84405517578125
256,16,reset,pipeline,1,32768,836793,841908,25.536895751953125,25.6929931640625
256,16,reset,blocks,1,32768,838377,843924,25.585235595703125,25.7545166015625
256,16,reset,openblas-leaf,1,32768,1154927,1160338,35.245574951171875,35.41070556640625
256,16,reset,openblas-aligned,1,32768,784119,789398,23.929412841796875,24.09051513671875
256,16,reset,openblas,1,32768,1170550,1176240,35.72235107421875,35.89599609375
256,16,reset,onemkl,1,32768,924237,929611,28.205474853515625,28.369476318359375
256,16,reset,current,2,32768,806785,811932,24.621124267578125,24.7781982421875
256,16,reset,pointers,2,32768,770212,775301,23.5050048828125,23.660308837890625
256,16,reset,pipeline,2,32768,818465,823597,24.977569580078125,25.134185791015625
256,16,reset,blocks,2,32768,822063,827116,25.087371826171875,25.2415771484375
256,16,reset,openblas-leaf,2,32768,1133739,1138848,34.598968505859375,34.7548828125
256,16,reset,openblas-aligned,2,32768,784487,789478,23.940643310546875,24.09295654296875
256,16,reset,openblas,2,32768,1159462,1164725,35.38397216796875,35.544586181640625
256,16,reset,onemkl,2,32768,915910,921111,27.95135498046875,28.110076904296875
256,16,reset,current,3,32768,801588,806629,24.4625244140625,24.616363525390625
256,16,reset,pointers,3,32768,760882,765895,23.22027587890625,23.373260498046875
256,16,reset,pipeline,3,32768,813959,819104,24.840057373046875,24.9970703125
256,16,reset,blocks,3,32768,822555,827620,25.102386474609375,25.2569580078125
256,16,reset,openblas-leaf,3,32768,1133119,1138482,34.580047607421875,34.74371337890625
256,16,reset,openblas-aligned,3,32768,775906,780873,23.67877197265625,23.830352783203125
256,16,reset,openblas,3,32768,1138897,1143990,34.756378173828125,34.91180419921875
256,16,reset,onemkl,3,32768,1014692,1019813,30.9659423828125,31.122222900390625
256,16,reset,current,4,32768,798791,803970,24.377166748046875,24.53521728515625
256,16,reset,pointers,4,32768,758905,764323,23.159942626953125,23.325286865234375
256,16,reset,pipeline,4,32768,813678,818768,24.83148193359375,24.98681640625
256,16,reset,blocks,4,32768,816214,821500,24.90887451171875,25.0701904296875
256,16,reset,openblas-leaf,4,32768,1133914,1139155,34.60430908203125,34.764251708984375
256,16,reset,openblas-aligned,4,32768,770843,775867,23.524261474609375,23.677581787109375
256,16,reset,openblas,4,32768,1138408,1143562,34.741455078125,34.89874267578125
256,16,reset,onemkl,4,32768,903887,909215,27.584442138671875,27.747039794921875
256,16,reset,current,5,32768,795405,800433,24.273834228515625,24.427276611328125
256,16,reset,pointers,5,32768,754354,759309,23.02105712890625,23.172271728515625
256,16,reset,pipeline,5,32768,803122,808048,24.50933837890625,24.65966796875
256,16,reset,blocks,5,32768,808681,813626,24.678985595703125,24.82989501953125
256,16,reset,openblas-leaf,5,32768,1110609,1115578,33.893096923828125,34.04473876953125
256,16,reset,openblas-aligned,5,32768,760850,765736,23.21929931640625,23.368408203125
256,16,reset,openblas,5,32768,1263254,1268314,38.55145263671875,38.70587158203125
256,16,reset,onemkl,5,32768,895657,900655,27.333282470703125,27.485809326171875
256,16,reset,current,6,32768,792420,797645,24.1827392578125,24.342193603515625
256,16,reset,pointers,6,32768,758830,764207,23.15765380859375,23.321746826171875
256,16,reset,pipeline,6,32768,814994,820235,24.87164306640625,25.031585693359375
256,16,reset,blocks,6,32768,806614,811666,24.61590576171875,24.77008056640625
256,16,reset,openblas-leaf,6,32768,1118389,1123886,34.130523681640625,34.29827880859375
256,16,reset,openblas-aligned,6,32768,763930,769144,23.31329345703125,23.472412109375
256,16,reset,openblas,6,32768,1138410,1144209,34.74151611328125,34.918487548828125
256,16,reset,onemkl,6,32768,909020,914324,27.7410888671875,27.9029541015625
256,16,reset,current,7,32768,802659,807713,24.495208740234375,24.649444580078125
256,16,reset,pointers,7,32768,760014,765040,23.19378662109375,23.34716796875
256,16,reset,pipeline,7,32768,811158,816200,24.75457763671875,24.908447265625
256,16,reset,blocks,7,32768,812960,817908,24.8095703125,24.9605712890625
256,16,reset,openblas-leaf,7,32768,1123949,1129048,34.300201416015625,34.455810546875
256,16,reset,openblas-aligned,7,32768,766715,771695,23.398284912109375,23.550262451171875
256,16,reset,openblas,7,32768,1137309,1142350,34.707916259765625,34.86175537109375
256,16,reset,onemkl,7,32768,934603,939810,28.521820068359375,28.68072509765625
256,24,negate,current,1,32768,477244,482096,14.5643310546875,14.71240234375
256,24,negate,pointers,1,32768,385735,390583,11.771697998046875,11.919647216796875
256,24,negate,pipeline,1,32768,464953,469814,14.189239501953125,14.33758544921875
256,24,negate,blocks,1,32768,476650,481483,14.54620361328125,14.693695068359375
256,24,negate,openblas-leaf,1,32768,779794,784675,23.79742431640625,23.946380615234375
256,24,negate,openblas-aligned,1,32768,433964,438865,13.2435302734375,13.393096923828125
256,24,negate,openblas,1,32768,806213,811158,24.603668212890625,24.75457763671875
256,24,negate,onemkl,1,32768,577961,582869,17.637969970703125,17.787750244140625
256,24,negate,current,2,32768,476458,481329,14.54034423828125,14.688995361328125
256,24,negate,pointers,2,32768,393362,398219,12.00445556640625,12.152679443359375
256,24,negate,pipeline,2,32768,479660,484526,14.6380615234375,14.78656005859375
256,24,negate,blocks,2,32768,473555,478389,14.451751708984375,14.599273681640625
256,24,negate,openblas-leaf,2,32768,781857,786822,23.860382080078125,24.01190185546875
256,24,negate,openblas-aligned,2,32768,444413,449291,13.562408447265625,13.711273193359375
256,24,negate,openblas,2,32768,834004,839045,25.4517822265625,25.605621337890625
256,24,negate,onemkl,2,32768,579624,584470,17.688720703125,17.83660888671875
256,24,negate,current,3,32768,475364,480294,14.5069580078125,14.65740966796875
256,24,negate,pointers,3,32768,384733,389763,11.741119384765625,11.894622802734375
256,24,negate,pipeline,3,32768,464708,469642,14.1817626953125,14.33233642578125
256,24,negate,blocks,3,32768,475083,480028,14.498382568359375,14.6492919921875
256,24,negate,openblas-leaf,3,32768,779143,784335,23.777557373046875,23.936004638671875
256,24,negate,openblas-aligned,3,32768,442690,453307,13.50982666015625,13.833831787109375
256,24,negate,openblas,3,32768,806153,818938,24.601837158203125,24.99200439453125
256,24,negate,onemkl,3,32768,584673,589689,17.842803955078125,17.995880126953125
256,24,negate,current,4,32768,480300,485172,14.6575927734375,14.8062744140625
256,24,negate,pointers,4,32768,392470,397292,11.97723388671875,12.1243896484375
256,24,negate,pipeline,4,32768,480126,485208,14.65228271484375,14.807373046875
256,24,negate,blocks,4,32768,496892,501966,15.1639404296875,15.31878662109375
256,24,negate,openblas-leaf,4,32768,779154,784229,23.77789306640625,23.932769775390625
256,24,negate,openblas-aligned,4,32768,442713,447806,13.510528564453125,13.66595458984375
256,24,negate,openblas,4,32768,805259,810242,24.574554443359375,24.72662353515625
256,24,negate,onemkl,4,32768,582863,587910,17.787567138671875,17.94158935546875
256,24,negate,current,5,32768,476448,481353,14.5400390625,14.689727783203125
256,24,negate,pointers,5,32768,382782,387644,11.68157958984375,11.8299560546875
256,24,negate,pipeline,5,32768,462620,467504,14.1180419921875,14.26708984375
256,24,negate,blocks,5,32768,480899,485869,14.675872802734375,14.827545166015625
256,24,negate,openblas-leaf,5,32768,784680,789609,23.946533203125,24.096954345703125
256,24,negate,openblas-aligned,5,32768,434684,439603,13.2655029296875,13.415618896484375
256,24,negate,openblas,5,32768,808673,813534,24.678741455078125,24.82708740234375
256,24,negate,onemkl,5,32768,581036,585937,17.7318115234375,17.881378173828125
256,24,negate,current,6,32768,477214,482110,14.56341552734375,14.71282958984375
256,24,negate,pointers,6,32768,402385,407188,12.279815673828125,12.4263916015625
256,24,negate,pipeline,6,32768,472626,477512,14.42340087890625,14.572509765625
256,24,negate,blocks,6,32768,476669,481490,14.546783447265625,14.69390869140625
256,24,negate,openblas-leaf,6,32768,814770,819743,24.86480712890625,25.016571044921875
256,24,negate,openblas-aligned,6,32768,439603,444484,13.415618896484375,13.5645751953125
256,24,negate,openblas,6,32768,804955,809851,24.565277099609375,24.714691162109375
256,24,negate,onemkl,6,32768,581396,586271,17.7427978515625,17.891571044921875
256,24,negate,current,7,32768,476407,481535,14.538787841796875,14.695281982421875
256,24,negate,pointers,7,32768,407110,412225,12.42401123046875,12.580108642578125
256,24,negate,pipeline,7,32768,459095,464142,14.010467529296875,14.16448974609375
256,24,negate,blocks,7,32768,479175,484172,14.623260498046875,14.7757568359375
256,24,negate,openblas-leaf,7,32768,807484,813017,24.6424560546875,24.811309814453125
256,24,negate,openblas-aligned,7,32768,446784,451851,13.634765625,13.789398193359375
256,24,negate,openblas,7,32768,805083,810174,24.569183349609375,24.72454833984375
256,24,negate,onemkl,7,32768,577323,582499,17.618499755859375,17.776458740234375
256,24,powers-two,current,1,32768,477540,482433,14.5733642578125,14.722686767578125
256,24,powers-two,pointers,1,32768,395435,400341,12.067718505859375,12.217437744140625
256,24,powers-two,pipeline,1,32768,476200,481003,14.532470703125,14.679046630859375
256,24,powers-two,blocks,1,32768,478264,483154,14.595458984375,14.74468994140625
256,24,powers-two,openblas-leaf,1,32768,784017,789041,23.926300048828125,24.079620361328125
256,24,powers-two,openblas-aligned,1,32768,469494,474405,14.32781982421875,14.477691650390625
256,24,powers-two,openblas,1,32768,805740,810626,24.5892333984375,24.73834228515625
256,24,powers-two,onemkl,1,32768,581896,586853,17.758056640625,17.909332275390625
256,24,powers-two,current,2,32768,500224,510087,15.265625,15.566619873046875
256,24,powers-two,pointers,2,32768,393655,398637,12.013397216796875,12.165435791015625
256,24,powers-two,pipeline,2,32768,491505,496755,14.999542236328125,15.159759521484375
256,24,powers-two,blocks,2,32768,470658,475739,14.36334228515625,14.518402099609375
256,24,powers-two,openblas-leaf,2,32768,797741,802949,24.345123291015625,24.504058837890625
256,24,powers-two,openblas-aligned,2,32768,483280,488524,14.74853515625,14.9085693359375
256,24,powers-two,openblas,2,32768,828206,833623,25.27484130859375,25.440155029296875
256,24,powers-two,onemkl,2,32768,620488,625700,18.935791015625,19.0948486328125
256,24,powers-two,current,3,32768,484814,489817,14.79534912109375,14.948028564453125
256,24,powers-two,pointers,3,32768,396267,401214,12.093109130859375,12.24407958984375
256,24,powers-two,pipeline,3,32768,487175,492138,14.867401123046875,15.01885986328125
256,24,powers-two,blocks,3,32768,483650,488645,14.75982666015625,14.912261962890625
256,24,powers-two,openblas-leaf,3,32768,800152,805174,24.418701171875,24.57196044921875
256,24,powers-two,openblas-aligned,3,32768,451999,456983,13.793914794921875,13.946014404296875
256,24,powers-two,openblas,3,32768,825089,830124,25.179718017578125,25.3333740234375
256,24,powers-two,onemkl,3,32768,594555,599508,18.144378662109375,18.2955322265625
256,24,powers-two,current,4,32768,484460,489533,14.7845458984375,14.939361572265625
256,24,powers-two,pointers,4,32768,393209,398094,11.999786376953125,12.14886474609375
256,24,powers-two,pipeline,4,32768,492261,497156,15.022613525390625,15.1719970703125
256,24,powers-two,blocks,4,32768,482979,487922,14.739349365234375,14.89019775390625
256,24,powers-two,openblas-leaf,4,32768,783271,788237,23.903533935546875,24.055084228515625
256,24,powers-two,openblas-aligned,4,32768,449402,454330,13.71466064453125,13.86505126953125
256,24,powers-two,openblas,4,32768,811259,816239,24.757659912109375,24.909637451171875
256,24,powers-two,onemkl,4,32768,710873,715791,21.694122314453125,21.844207763671875
256,24,powers-two,current,5,32768,476462,481449,14.54046630859375,14.692657470703125
256,24,powers-two,pointers,5,32768,393601,398650,12.011749267578125,12.16583251953125
256,24,powers-two,pipeline,5,32768,477163,482318,14.561859130859375,14.71917724609375
256,24,powers-two,blocks,5,32768,473473,478414,14.449249267578125,14.60003662109375
256,24,powers-two,openblas-leaf,5,32768,780685,786018,23.824615478515625,23.98736572265625
256,24,powers-two,openblas-aligned,5,32768,444543,449667,13.566375732421875,13.722747802734375
256,24,powers-two,openblas,5,32768,807177,812085,24.633087158203125,24.782867431640625
256,24,powers-two,onemkl,5,32768,588283,593497,17.952972412109375,18.112091064453125
256,24,powers-two,current,6,32768,482991,487945,14.739715576171875,14.890899658203125
256,24,powers-two,pointers,6,32768,388465,393423,11.855010986328125,12.006317138671875
256,24,powers-two,pipeline,6,32768,471124,476246,14.3775634765625,14.53387451171875
256,24,powers-two,blocks,6,32768,485599,490611,14.819305419921875,14.972259521484375
256,24,powers-two,openblas-leaf,6,32768,794019,818103,24.231536865234375,24.966522216796875
256,24,powers-two,openblas-aligned,6,32768,457290,462506,13.95538330078125,14.11456298828125
256,24,powers-two,openblas,6,32768,821631,826770,25.074188232421875,25.23101806640625
256,24,powers-two,onemkl,6,32768,598808,603709,18.274169921875,18.423736572265625
256,24,powers-two,current,7,32768,478965,483905,14.616851806640625,14.767608642578125
256,24,powers-two,pointers,7,32768,378568,383455,11.552978515625,11.702117919921875
256,24,powers-two,pipeline,7,32768,491471,496370,14.998504638671875,15.14801025390625
256,24,powers-two,blocks,7,32768,481098,485991,14.68194580078125,14.831268310546875
256,24,powers-two,openblas-leaf,7,32768,787099,792080,24.020355224609375,24.17236328125
256,24,powers-two,openblas-aligned,7,32768,454162,459149,13.85992431640625,14.012115478515625
256,24,powers-two,openblas,7,32768,914678,919706,27.91375732421875,28.06719970703125
256,24,powers-two,onemkl,7,32768,590976,595884,18.03515625,18.1849365234375
256,24,reset,current,1,32768,855709,860768,26.114166259765625,26.2685546875
256,24,reset,pointers,1,32768,784733,789620,23.948150634765625,24.0972900390625
256,24,reset,pipeline,1,32768,845795,850747,25.811614990234375,25.962738037109375
256,24,reset,blocks,1,32768,823221,828220,25.122711181640625,25.2752685546875
256,24,reset,openblas-leaf,1,32768,1110729,1115720,33.896759033203125,34.049072265625
256,24,reset,openblas-aligned,1,32768,863596,868555,26.3548583984375,26.506195068359375
256,24,reset,openblas,1,32768,1130668,1135673,34.5052490234375,34.657989501953125
256,24,reset,onemkl,1,32768,994226,999300,30.34136962890625,30.4962158203125
256,24,reset,current,2,32768,841083,846286,25.667816162109375,25.82659912109375
256,24,reset,pointers,2,32768,782563,787777,23.881927490234375,24.041046142578125
256,24,reset,pipeline,2,32768,851650,856645,25.99029541015625,26.142730712890625
256,24,reset,blocks,2,32768,822465,827629,25.099639892578125,25.257232666015625
256,24,reset,openblas-leaf,2,32768,1116207,1122105,34.063934326171875,34.243927001953125
256,24,reset,openblas-aligned,2,32768,863308,868910,26.3460693359375,26.51702880859375
256,24,reset,openblas,2,32768,1130063,1134983,34.486785888671875,34.636932373046875
256,24,reset,onemkl,2,32768,1001616,1006843,30.56689453125,30.726409912109375
256,24,reset,current,3,32768,842962,847984,25.72515869140625,25.87841796875
256,24,reset,pointers,3,32768,915810,920826,27.94830322265625,28.10137939453125
256,24,reset,pipeline,3,32768,826724,831712,25.2296142578125,25.3818359375
256,24,reset,blocks,3,32768,828174,833112,25.27386474609375,25.424560546875
256,24,reset,openblas-leaf,3,32768,1110577,1115588,33.892120361328125,34.0450439453125
256,24,reset,openblas-aligned,3,32768,864089,869009,26.369903564453125,26.520050048828125
256,24,reset,openblas,3,32768,1142807,1147881,34.875701904296875,35.030548095703125
256,24,reset,onemkl,3,32768,989594,994613,30.20001220703125,30.353179931640625
256,24,reset,current,4,32768,846326,851553,25.82781982421875,25.987335205078125
256,24,reset,pointers,4,32768,784888,789915,23.952880859375,24.106292724609375
256,24,reset,pipeline,4,32768,829282,834399,25.30767822265625,25.463836669921875
256,24,reset,blocks,4,32768,823485,828733,25.130767822265625,25.290924072265625
256,24,reset,openblas-leaf,4,32768,1115861,1171719,34.053375244140625,35.758026123046875
256,24,reset,openblas-aligned,4,32768,865296,870335,26.40673828125,26.560516357421875
256,24,reset,openblas,4,32768,1147944,1153107,35.032470703125,35.190032958984375
256,24,reset,onemkl,4,32768,999035,1004310,30.488128662109375,30.64910888671875
256,24,reset,current,5,32768,845210,850240,25.79376220703125,25.947265625
256,24,reset,pointers,5,32768,790739,795625,24.131439208984375,24.280548095703125
256,24,reset,pipeline,5,32768,833972,838876,25.4508056640625,25.6004638671875
256,24,reset,blocks,5,32768,831579,836462,25.377777099609375,25.52679443359375
256,24,reset,openblas-leaf,5,32768,1111771,1116810,33.928558349609375,34.08233642578125
256,24,reset,openblas-aligned,5,32768,864796,869691,26.3914794921875,26.540863037109375
256,24,reset,openblas,5,32768,1130663,1135642,34.505096435546875,34.65704345703125
256,24,reset,onemkl,5,32768,1002032,1007156,30.57958984375,30.7359619140625
256,24,reset,current,6,32768,850303,855309,25.949188232421875,26.101959228515625
256,24,reset,pointers,6,32768,791964,796989,24.1688232421875,24.322174072265625
256,24,reset,pipeline,6,32768,839038,844506,25.60540771484375,25.77227783203125
256,24,reset,blocks,6,32768,830790,836086,25.35369873046875,25.51531982421875
256,24,reset,openblas-leaf,6,32768,1119822,1125292,34.17425537109375,34.3411865234375
256,24,reset,openblas-aligned,6,32768,894343,899499,27.293182373046875,27.450531005859375
256,24,reset,openblas,6,32768,1137833,1143426,34.723907470703125,34.89459228515625
256,24,reset,onemkl,6,32768,1011972,1017440,30.8829345703125,31.0498046875
256,24,reset,current,7,32768,838622,844184,25.59271240234375,25.762451171875
256,24,reset,pointers,7,32768,784206,789116,23.93206787109375,24.0819091796875
256,24,reset,pipeline,7,32768,820891,825755,25.051605224609375,25.200042724609375
256,24,reset,blocks,7,32768,824090,829030,25.14923095703125,25.29998779296875
256,24,reset,openblas-leaf,7,32768,1106535,1111518,33.768768310546875,33.92083740234375
256,24,reset,openblas-aligned,7,32768,860609,865531,26.263702392578125,26.413909912109375
256,24,reset,openblas,7,32768,1122971,1127994,34.270355224609375,34.42364501953125
256,24,reset,onemkl,7,32768,992724,997813,30.2955322265625,30.450836181640625
4096,0,negate,current,1,2048,399721,405118,195.17626953125,197.8115234375
4096,0,negate,pointers,1,2048,341410,346832,166.7041015625,169.3515625
4096,0,negate,pipeline,1,2048,351713,356935,171.73486328125,174.28466796875
4096,0,negate,blocks,1,2048,348633,354433,170.23095703125,173.06298828125
4096,0,negate,openblas-leaf,1,2048,335588,341227,163.861328125,166.61474609375
4096,0,negate,openblas-aligned,1,2048,333875,339516,163.02490234375,165.779296875
4096,0,negate,openblas,1,2048,339804,345049,165.919921875,168.48095703125
4096,0,negate,onemkl,1,2048,335855,341524,163.99169921875,166.759765625
4096,0,negate,current,2,2048,390342,395302,190.5966796875,193.0185546875
4096,0,negate,pointers,2,2048,328906,333876,160.5986328125,163.025390625
4096,0,negate,pipeline,2,2048,343214,348181,167.5849609375,170.01025390625
4096,0,negate,blocks,2,2048,339381,344356,165.71337890625,168.142578125
4096,0,negate,openblas-leaf,2,2048,324815,329824,158.60107421875,161.046875
4096,0,negate,openblas-aligned,2,2048,331406,336532,161.8193359375,164.322265625
4096,0,negate,openblas,2,2048,332445,337383,162.32666015625,164.73779296875
4096,0,negate,onemkl,2,2048,327329,332353,159.82861328125,162.28173828125
4096,0,negate,current,3,2048,393243,398267,192.01318359375,194.46630859375
4096,0,negate,pointers,3,2048,330237,335305,161.24853515625,163.72314453125
4096,0,negate,pipeline,3,2048,342688,347656,167.328125,169.75390625
4096,0,negate,blocks,3,2048,335763,340733,163.94677734375,166.37353515625
4096,0,negate,openblas-leaf,3,2048,323937,328967,158.17236328125,160.62841796875
4096,0,negate,openblas-aligned,3,2048,325057,330240,158.71923828125,161.25
4096,0,negate,openblas,3,2048,328471,333431,160.38623046875,162.80810546875
4096,0,negate,onemkl,3,2048,326619,331582,159.48193359375,161.9052734375
4096,0,negate,current,4,2048,388084,393052,189.494140625,191.919921875
4096,0,negate,pointers,4,2048,328018,332963,160.1650390625,162.57958984375
4096,0,negate,pipeline,4,2048,340425,345408,166.22314453125,168.65625
4096,0,negate,blocks,4,2048,453555,458532,221.46240234375,223.892578125
4096,0,negate,openblas-leaf,4,2048,325102,330059,158.7412109375,161.16162109375
4096,0,negate,openblas-aligned,4,2048,324578,329714,158.4853515625,160.9931640625
4096,0,negate,openblas,4,2048,328315,333374,160.31005859375,162.7802734375
4096,0,negate,onemkl,4,2048,323784,328681,158.09765625,160.48876953125
4096,0,negate,current,5,2048,382217,389030,186.62939453125,189.9560546875
4096,0,negate,pointers,5,2048,322904,327803,157.66796875,160.06005859375
4096,0,negate,pipeline,5,2048,327545,332423,159.93408203125,162.31591796875
4096,0,negate,blocks,5,2048,326518,331402,159.4326171875,161.8173828125
4096,0,negate,openblas-leaf,5,2048,326328,331322,159.33984375,161.7783203125
4096,0,negate,openblas-aligned,5,2048,320192,325289,156.34375,158.83251953125
4096,0,negate,openblas,5,2048,325004,329892,158.693359375,161.080078125
4096,0,negate,onemkl,5,2048,322269,327157,157.35791015625,159.74462890625
4096,0,negate,current,6,2048,400566,405653,195.5888671875,198.07275390625
4096,0,negate,pointers,6,2048,332123,337130,162.16943359375,164.6142578125
4096,0,negate,pipeline,6,2048,341900,347055,166.943359375,169.46044921875
4096,0,negate,blocks,6,2048,335518,340725,163.8271484375,166.36962890625
4096,0,negate,openblas-leaf,6,2048,328141,333179,160.22509765625,162.68505859375
4096,0,negate,openblas-aligned,6,2048,330377,335635,161.31689453125,163.88427734375
4096,0,negate,openblas,6,2048,334207,339222,163.18701171875,165.6357421875
4096,0,negate,onemkl,6,2048,332558,337570,162.3818359375,164.8291015625
4096,0,negate,current,7,2048,392467,397922,191.63427734375,194.2978515625
4096,0,negate,pointers,7,2048,325791,331138,159.07763671875,161.6884765625
4096,0,negate,pipeline,7,2048,330674,335755,161.4619140625,163.94287109375
4096,0,negate,blocks,7,2048,332959,337923,162.57763671875,165.00146484375
4096,0,negate,openblas-leaf,7,2048,324414,329447,158.4052734375,160.86279296875
4096,0,negate,openblas-aligned,7,2048,322111,327504,157.28076171875,159.9140625
4096,0,negate,openblas,7,2048,325566,330583,158.9677734375,161.41748046875
4096,0,negate,onemkl,7,2048,327518,332495,159.9208984375,162.35107421875
4096,0,powers-two,current,1,2048,390738,395778,190.7900390625,193.2509765625
4096,0,powers-two,pointers,1,2048,331641,336737,161.93408203125,164.42236328125
4096,0,powers-two,pipeline,1,2048,337920,343044,165,167.501953125
4096,0,powers-two,blocks,1,2048,438265,443368,213.99658203125,216.48828125
4096,0,powers-two,openblas-leaf,1,2048,334511,339545,163.33544921875,165.79345703125
4096,0,powers-two,openblas-aligned,1,2048,327804,332929,160.060546875,162.56298828125
4096,0,powers-two,openblas,1,2048,332316,337290,162.263671875,164.6923828125
4096,0,powers-two,onemkl,1,2048,332226,337304,162.2197265625,164.69921875
4096,0,powers-two,current,2,2048,388647,393690,189.76904296875,192.2314453125
4096,0,powers-two,pointers,2,2048,328685,333636,160.49072265625,162.908203125
4096,0,powers-two,pipeline,2,2048,334239,339282,163.20263671875,165.6650390625
4096,0,powers-two,blocks,2,2048,339258,344273,165.6533203125,168.10205078125
4096,0,powers-two,openblas-leaf,2,2048,342285,347344,167.13134765625,169.6015625
4096,0,powers-two,openblas-aligned,2,2048,326132,331129,159.244140625,161.68408203125
4096,0,powers-two,openblas,2,2048,334180,339176,163.173828125,165.61328125
4096,0,powers-two,onemkl,2,2048,327834,332918,160.0751953125,162.5576171875
4096,0,powers-two,current,3,2048,389064,394179,189.97265625,192.47021484375
4096,0,powers-two,pointers,3,2048,328739,333698,160.51708984375,162.9384765625
4096,0,powers-two,pipeline,3,2048,337157,342188,164.62744140625,167.083984375
4096,0,powers-two,blocks,3,2048,340591,345506,166.30419921875,168.7041015625
4096,0,powers-two,openblas-leaf,3,2048,329466,334497,160.8720703125,163.32861328125
4096,0,powers-two,openblas-aligned,3,2048,326383,331402,159.36669921875,161.8173828125
4096,0,powers-two,openblas,3,2048,331081,336135,161.66064453125,164.12841796875
4096,0,powers-two,onemkl,3,2048,328467,333508,160.38427734375,162.845703125
4096,0,powers-two,current,4,2048,389919,395309,190.39013671875,193.02197265625
4096,0,powers-two,pointers,4,2048,332424,337609,162.31640625,164.84814453125
4096,0,powers-two,pipeline,4,2048,370391,375409,180.85498046875,183.30517578125
4096,0,powers-two,blocks,4,2048,367632,372717,179.5078125,181.99072265625
4096,0,powers-two,openblas-leaf,4,2048,327053,332403,159.69384765625,162.30615234375
4096,0,powers-two,openblas-aligned,4,2048,326742,332159,159.5419921875,162.18701171875
4096,0,powers-two,openblas,4,2048,335631,342677,163.88232421875,167.32275390625
4096,0,powers-two,onemkl,4,2048,334815,340226,163.48388671875,166.1259765625
4096,0,powers-two,current,5,2048,394821,399795,192.78369140625,195.21240234375
4096,0,powers-two,pointers,5,2048,328695,333625,160.49560546875,162.90283203125
4096,0,powers-two,pipeline,5,2048,331347,336253,161.79052734375,164.18603515625
4096,0,powers-two,blocks,5,2048,342975,347866,167.46826171875,169.8564453125
4096,0,powers-two,openblas-leaf,5,2048,326068,330982,159.212890625,161.6123046875
4096,0,powers-two,openblas-aligned,5,2048,326690,331593,159.5166015625,161.91064453125
4096,0,powers-two,openblas,5,2048,330763,336008,161.50537109375,164.06640625
4096,0,powers-two,onemkl,5,2048,326736,331763,159.5390625,161.99365234375
4096,0,powers-two,current,6,2048,388781,393713,189.83447265625,192.24267578125
4096,0,powers-two,pointers,6,2048,330664,335584,161.45703125,163.859375
4096,0,powers-two,pipeline,6,2048,335672,340617,163.90234375,166.31689453125
4096,0,powers-two,blocks,6,2048,338613,343572,165.33837890625,167.759765625
4096,0,powers-two,openblas-leaf,6,2048,325361,330364,158.86767578125,161.310546875
4096,0,powers-two,openblas-aligned,6,2048,326334,331330,159.3427734375,161.7822265625
4096,0,powers-two,openblas,6,2048,330760,335709,161.50390625,163.92041015625
4096,0,powers-two,onemkl,6,2048,326905,331885,159.62158203125,162.05322265625
4096,0,powers-two,current,7,2048,388964,393942,189.923828125,192.3544921875
4096,0,powers-two,pointers,7,2048,328924,333801,160.607421875,162.98876953125
4096,0,powers-two,pipeline,7,2048,341153,346063,166.57861328125,168.97607421875
4096,0,powers-two,blocks,7,2048,340948,345878,166.478515625,168.8857421875
4096,0,powers-two,openblas-leaf,7,2048,465038,469989,227.0693359375,229.48681640625
4096,0,powers-two,openblas-aligned,7,2048,326556,331489,159.451171875,161.85986328125
4096,0,powers-two,openblas,7,2048,332754,337683,162.4775390625,164.88427734375
4096,0,powers-two,onemkl,7,2048,327027,332014,159.68115234375,162.1162109375
4096,0,reset,current,1,2048,1314967,1320136,642.07373046875,644.59765625
4096,0,reset,pointers,1,2048,1295467,1300697,632.55224609375,635.10595703125
4096,0,reset,pipeline,1,2048,1328223,1333647,648.54638671875,651.19482421875
4096,0,reset,blocks,1,2048,1311734,1316850,640.4951171875,642.9931640625
4096,0,reset,openblas-leaf,1,2048,1297185,1302375,633.39111328125,635.92529296875
4096,0,reset,openblas-aligned,1,2048,1301151,1306226,635.32763671875,637.8056640625
4096,0,reset,openblas,1,2048,1420077,1425279,693.39697265625,695.93701171875
4096,0,reset,onemkl,1,2048,1315384,1320774,642.27734375,644.9091796875
4096,0,reset,current,2,2048,1321663,1326954,645.34326171875,647.9267578125
4096,0,reset,pointers,2,2048,1289885,1295046,629.82666015625,632.3466796875
4096,0,reset,pipeline,2,2048,1311711,1317130,640.48388671875,643.1298828125
4096,0,reset,blocks,2,2048,1302601,1307950,636.03564453125,638.6474609375
4096,0,reset,openblas-leaf,2,2048,1299390,1304391,634.4677734375,636.90966796875
4096,0,reset,openblas-aligned,2,2048,1308151,1314020,638.74560546875,641.611328125
4096,0,reset,openblas,2,2048,1336056,1341264,652.37109375,654.9140625
4096,0,reset,onemkl,2,2048,1358550,1363750,663.3544921875,665.8935546875
4096,0,reset,current,3,2048,1324577,1329942,646.76611328125,649.3857421875
4096,0,reset,pointers,3,2048,1300221,1305203,634.87353515625,637.30615234375
4096,0,reset,pipeline,3,2048,1325490,1330510,647.2119140625,649.6630859375
4096,0,reset,blocks,3,2048,1318593,1323575,643.84423828125,646.27685546875
4096,0,reset,openblas-leaf,3,2048,1317255,1322273,643.19091796875,645.64111328125
4096,0,reset,openblas-aligned,3,2048,1425903,1430854,696.24169921875,698.6591796875
4096,0,reset,openblas,3,2048,1331419,1336488,650.10693359375,652.58203125
4096,0,reset,onemkl,3,2048,1336867,1341840,652.76708984375,655.1953125
4096,0,reset,current,4,2048,1315400,1320652,642.28515625,644.849609375
4096,0,reset,pointers,4,2048,1283683,1288822,626.79833984375,629.3076171875
4096,0,reset,pipeline,4,2048,1308668,1313631,638.998046875,641.42138671875
4096,0,reset,blocks,4,2048,1296621,1301674,633.11572265625,635.5830078125
4096,0,reset,openblas-leaf,4,2048,1302358,1307384,635.9169921875,638.37109375
4096,0,reset,openblas-aligned,4,2048,1300487,1305596,635.00341796875,637.498046875
4096,0,reset,openblas,4,2048,1353850,1359358,661.0595703125,663.7490234375
4096,0,reset,onemkl,4,2048,1353022,1363046,660.6552734375,665.5498046875
4096,0,reset,current,5,2048,1328490,1333588,648.6767578125,651.166015625
4096,0,reset,pointers,5,2048,1305052,1310066,637.232421875,639.6806640625
4096,0,reset,pipeline,5,2048,1427885,1435765,697.20947265625,701.05712890625
4096,0,reset,blocks,5,2048,1308805,1313925,639.06494140625,641.56494140625
4096,0,reset,openblas-leaf,5,2048,1309138,1314170,639.2275390625,641.6845703125
4096,0,reset,openblas-aligned,5,2048,1323809,1328891,646.39111328125,648.87255859375
4096,0,reset,openblas,5,2048,1359869,1365195,663.99853515625,666.59912109375
4096,0,reset,onemkl,5,2048,1359911,1364993,664.01904296875,666.50048828125
4096,0,reset,current,6,2048,1351948,1357350,660.130859375,662.7685546875
4096,0,reset,pointers,6,2048,1328345,1333477,648.60595703125,651.11181640625
4096,0,reset,pipeline,6,2048,1349335,1354495,658.85498046875,661.37451171875
4096,0,reset,blocks,6,2048,1339893,1344993,654.24462890625,656.73486328125
4096,0,reset,openblas-leaf,6,2048,1332296,1337364,650.53515625,653.009765625
4096,0,reset,openblas-aligned,6,2048,1345324,1350496,656.896484375,659.421875
4096,0,reset,openblas,6,2048,1363736,1368880,665.88671875,668.3984375
4096,0,reset,onemkl,6,2048,1362273,1367512,665.17236328125,667.73046875
4096,0,reset,current,7,2048,1343911,1349199,656.20654296875,658.78857421875
4096,0,reset,pointers,7,2048,1307020,1312171,638.193359375,640.70849609375
4096,0,reset,pipeline,7,2048,1340434,1345484,654.5087890625,656.974609375
4096,0,reset,blocks,7,2048,1333890,1339351,651.3134765625,653.97998046875
4096,0,reset,openblas-leaf,7,2048,1344899,1350324,656.68896484375,659.337890625
4096,0,reset,openblas-aligned,7,2048,1336979,1342122,652.82177734375,655.3330078125
4096,0,reset,openblas,7,2048,1349740,1354968,659.052734375,661.60546875
4096,0,reset,onemkl,7,2048,1344778,1350235,656.6298828125,659.29443359375
4096,8,negate,current,1,2048,374463,379323,182.84326171875,185.21630859375
4096,8,negate,pointers,1,2048,321547,326412,157.00537109375,159.380859375
4096,8,negate,pipeline,1,2048,334021,339132,163.09619140625,165.591796875
4096,8,negate,blocks,1,2048,328476,333599,160.388671875,162.89013671875
4096,8,negate,openblas-leaf,1,2048,792834,797891,387.1259765625,389.59521484375
4096,8,negate,openblas-aligned,1,2048,315140,320134,153.876953125,156.3154296875
4096,8,negate,openblas,1,2048,792820,798131,387.119140625,389.71240234375
4096,8,negate,onemkl,1,2048,330728,335754,161.48828125,163.9423828125
4096,8,negate,current,2,2048,385620,390540,188.291015625,190.693359375
4096,8,negate,pointers,2,2048,326465,331306,159.40673828125,161.7705078125
4096,8,negate,pipeline,2,2048,342695,347648,167.33154296875,169.75
4096,8,negate,blocks,2,2048,336116,340904,164.119140625,166.45703125
4096,8,negate,openblas-leaf,2,2048,809824,814684,395.421875,397.794921875
4096,8,negate,openblas-aligned,2,2048,321541,326465,157.00244140625,159.40673828125
4096,8,negate,openblas,2,2048,808112,813039,394.5859375,396.99169921875
4096,8,negate,onemkl,2,2048,336812,341765,164.458984375,166.87744140625
4096,8,negate,current,3,2048,382239,387147,186.64013671875,189.03662109375
4096,8,negate,pointers,3,2048,323234,328040,157.8291015625,160.17578125
4096,8,negate,pipeline,3,2048,340931,345752,166.47021484375,168.82421875
4096,8,negate,blocks,3,2048,335962,340760,164.0439453125,166.38671875
4096,8,negate,openblas-leaf,3,2048,810030,821422,395.5224609375,401.0849609375
4096,8,negate,openblas-aligned,3,2048,320038,324949,156.2685546875,158.66650390625
4096,8,negate,openblas,3,2048,807691,812560,394.38037109375,396.7578125
4096,8,negate,onemkl,3,2048,331270,336317,161.7529296875,164.21728515625
4096,8,negate,current,4,2048,382143,387040,186.59326171875,188.984375
4096,8,negate,pointers,4,2048,324139,329036,158.27099609375,160.662109375
4096,8,negate,pipeline,4,2048,339206,344126,165.6279296875,168.0302734375
4096,8,negate,blocks,4,2048,335369,340217,163.75439453125,166.12158203125
4096,8,negate,openblas-leaf,4,2048,806881,811718,393.98486328125,396.3466796875
4096,8,negate,openblas-aligned,4,2048,320161,325067,156.32861328125,158.72412109375
4096,8,negate,openblas,4,2048,809870,814802,395.4443359375,397.8525390625
4096,8,negate,onemkl,4,2048,339958,345024,165.9951171875,168.46875
4096,8,negate,current,5,2048,384933,389770,187.95556640625,190.3173828125
4096,8,negate,pointers,5,2048,326161,330999,159.25830078125,161.62060546875
4096,8,negate,pipeline,5,2048,339992,344859,166.01171875,168.38818359375
4096,8,negate,blocks,5,2048,336094,340915,164.1083984375,166.46240234375
4096,8,negate,openblas-leaf,5,2048,806031,810915,393.56982421875,395.95458984375
4096,8,negate,openblas-aligned,5,2048,320822,325785,156.6513671875,159.07470703125
4096,8,negate,openblas,5,2048,810121,838370,395.56689453125,409.3603515625
4096,8,negate,onemkl,5,2048,338632,343654,165.34765625,167.7998046875
4096,8,negate,current,6,2048,386137,391265,188.54345703125,191.04736328125
4096,8,negate,pointers,6,2048,324710,329682,158.5498046875,160.9775390625
4096,8,negate,pipeline,6,2048,337212,342094,164.654296875,167.0380859375
4096,8,negate,blocks,6,2048,336163,341296,164.14208984375,166.6484375
4096,8,negate,openblas-leaf,6,2048,808256,813704,394.65625,397.31640625
4096,8,negate,openblas-aligned,6,2048,322363,327514,157.40380859375,159.9189453125
4096,8,negate,openblas,6,2048,832155,837421,406.32568359375,408.89697265625
4096,8,negate,onemkl,6,2048,336347,341399,164.23193359375,166.69873046875
4096,8,negate,current,7,2048,375836,380607,183.513671875,185.84326171875
4096,8,negate,pointers,7,2048,321158,325899,156.8154296875,159.13037109375
4096,8,negate,pipeline,7,2048,329884,334713,161.076171875,163.43408203125
4096,8,negate,blocks,7,2048,329413,334188,160.84619140625,163.177734375
4096,8,negate,openblas-leaf,7,2048,794041,798805,387.71533203125,390.04150390625
4096,8,negate,openblas-aligned,7,2048,318260,323143,155.400390625,157.78466796875
4096,8,negate,openblas,7,2048,794457,799263,387.91845703125,390.26513671875
4096,8,negate,onemkl,7,2048,330307,335314,161.28271484375,163.7275390625
4096,8,powers-two,current,1,2048,377214,382103,184.1865234375,186.57373046875
4096,8,powers-two,pointers,1,2048,319362,324414,155.9384765625,158.4052734375
4096,8,powers-two,pipeline,1,2048,330012,335052,161.138671875,163.599609375
4096,8,powers-two,blocks,1,2048,331619,336432,161.92333984375,164.2734375
4096,8,powers-two,openblas-leaf,1,2048,794641,799736,388.00830078125,390.49609375
4096,8,powers-two,openblas-aligned,1,2048,317170,322352,154.8681640625,157.3984375
4096,8,powers-two,openblas,1,2048,799727,804913,390.49169921875,393.02392578125
4096,8,powers-two,onemkl,1,2048,325765,330771,159.06494140625,161.50927734375
4096,8,powers-two,current,2,2048,378298,383575,184.7158203125,187.29248046875
4096,8,powers-two,pointers,2,2048,337273,342144,164.68408203125,167.0625
4096,8,powers-two,pipeline,2,2048,338373,343374,165.22119140625,167.6630859375
4096,8,powers-two,blocks,2,2048,337253,342240,164.67431640625,167.109375
4096,8,powers-two,openblas-leaf,2,2048,798130,803360,389.7119140625,392.265625
4096,8,powers-two,openblas-aligned,2,2048,323440,328468,157.9296875,160.384765625
4096,8,powers-two,openblas,2,2048,805574,810570,393.3466796875,395.7861328125
4096,8,powers-two,onemkl,2,2048,330746,335685,161.4970703125,163.90869140625
4096,8,powers-two,current,3,2048,383759,388634,187.38232421875,189.7626953125
4096,8,powers-two,pointers,3,2048,324278,329133,158.3388671875,160.70947265625
4096,8,powers-two,pipeline,3,2048,340367,345270,166.19482421875,168.5888671875
4096,8,powers-two,blocks,3,2048,338247,343100,165.15966796875,167.529296875
4096,8,powers-two,openblas-leaf,3,2048,806552,811610,393.82421875,396.2939453125
4096,8,powers-two,openblas-aligned,3,2048,321956,327027,157.205078125,159.68115234375
4096,8,powers-two,openblas,3,2048,808655,813499,394.85107421875,397.21630859375
4096,8,powers-two,onemkl,3,2048,337224,342192,164.66015625,167.0859375
4096,8,powers-two,current,4,2048,381696,386603,186.375,188.77099609375
4096,8,powers-two,pointers,4,2048,325229,330075,158.80322265625,161.16943359375
4096,8,powers-two,pipeline,4,2048,339292,344165,165.669921875,168.04931640625
4096,8,powers-two,blocks,4,2048,335525,340418,163.83056640625,166.2197265625
4096,8,powers-two,openblas-leaf,4,2048,806399,811440,393.74951171875,396.2109375
4096,8,powers-two,openblas-aligned,4,2048,325205,330173,158.79150390625,161.21728515625
4096,8,powers-two,openblas,4,2048,808277,813169,394.66650390625,397.05517578125
4096,8,powers-two,onemkl,4,2048,335372,340367,163.755859375,166.19482421875
4096,8,powers-two,current,5,2048,386484,391481,188.712890625,191.15283203125
4096,8,powers-two,pointers,5,2048,329727,334861,160.99951171875,163.50634765625
4096,8,powers-two,pipeline,5,2048,336164,341254,164.142578125,166.6279296875
4096,8,powers-two,blocks,5,2048,338627,343593,165.34521484375,167.77001953125
4096,8,powers-two,openblas-leaf,5,2048,825193,830285,402.92626953125,405.41259765625
4096,8,powers-two,openblas-aligned,5,2048,325903,330926,159.13232421875,161.5849609375
4096,8,powers-two,openblas,5,2048,821836,826814,401.287109375,403.7177734375
4096,8,powers-two,onemkl,5,2048,338870,344050,165.4638671875,167.9931640625
4096,8,powers-two,current,6,2048,380709,385568,185.89306640625,188.265625
4096,8,powers-two,pointers,6,2048,319615,324508,156.06201171875,158.451171875
4096,8,powers-two,pipeline,6,2048,334276,339166,163.220703125,165.6083984375
4096,8,powers-two,blocks,6,2048,334200,338970,163.18359375,165.5126953125
4096,8,powers-two,openblas-leaf,6,2048,802296,807589,391.74609375,394.33056640625
4096,8,powers-two,openblas-aligned,6,2048,319113,323994,155.81689453125,158.2001953125
4096,8,powers-two,openblas,6,2048,803789,808841,392.47509765625,394.94189453125
4096,8,powers-two,onemkl,6,2048,328634,333949,160.4658203125,163.06103515625
4096,8,powers-two,current,7,2048,381527,386482,186.29248046875,188.7119140625
4096,8,powers-two,pointers,7,2048,325026,329976,158.7041015625,161.12109375
4096,8,powers-two,pipeline,7,2048,339911,344882,165.97216796875,168.3994140625
4096,8,powers-two,blocks,7,2048,333180,338187,162.685546875,165.13037109375
4096,8,powers-two,openblas-leaf,7,2048,804586,809587,392.8642578125,395.30615234375
4096,8,powers-two,openblas-aligned,7,2048,323939,328998,158.17333984375,160.6435546875
4096,8,powers-two,openblas,7,2048,807925,812821,394.49462890625,396.88525390625
4096,8,powers-two,onemkl,7,2048,333435,338493,162.81005859375,165.27978515625
4096,8,reset,current,1,2048,1330990,1336170,649.8974609375,652.4267578125
4096,8,reset,pointers,1,2048,1302078,1307243,635.7802734375,638.30224609375
4096,8,reset,pipeline,1,2048,1338198,1343654,653.4169921875,656.0810546875
4096,8,reset,blocks,1,2048,1339053,1344363,653.83447265625,656.42724609375
4096,8,reset,openblas-leaf,1,2048,1715521,1720858,837.65673828125,840.2626953125
4096,8,reset,openblas-aligned,1,2048,1347716,1352979,658.064453125,660.63427734375
4096,8,reset,openblas,1,2048,1736990,1742204,848.1396484375,850.685546875
4096,8,reset,onemkl,1,2048,1342964,1347983,655.744140625,658.19482421875
4096,8,reset,current,2,2048,1322384,1327649,645.6953125,648.26611328125
4096,8,reset,pointers,2,2048,1306917,1312192,638.14306640625,640.71875
4096,8,reset,pipeline,2,2048,1336620,1341602,652.646484375,655.0791015625
4096,8,reset,blocks,2,2048,1327439,1332765,648.16357421875,650.76416015625
4096,8,reset,openblas-leaf,2,2048,1698395,1703491,829.29443359375,831.78271484375
4096,8,reset,openblas-aligned,2,2048,1324044,1329313,646.505859375,649.07861328125
4096,8,reset,openblas,2,2048,1720279,1725655,839.97998046875,842.60498046875
4096,8,reset,onemkl,2,2048,1340338,1345676,654.4619140625,657.068359375
4096,8,reset,current,3,2048,1321117,1326276,645.07666015625,647.595703125
4096,8,reset,pointers,3,2048,1297264,1302237,633.4296875,635.85791015625
4096,8,reset,pipeline,3,2048,1339234,1344347,653.9228515625,656.41943359375
4096,8,reset,blocks,3,2048,1324419,1329601,646.68896484375,649.21923828125
4096,8,reset,openblas-leaf,3,2048,1707471,1712502,833.72607421875,836.1826171875
4096,8,reset,openblas-aligned,3,2048,1335426,1340451,652.0634765625,654.51708984375
4096,8,reset,openblas,3,2048,1735182,1740205,847.2568359375,849.70947265625
4096,8,reset,onemkl,3,2048,1464588,1469623,715.130859375,717.58935546875
4096,8,reset,current,4,2048,1328342,1333489,648.6044921875,651.11767578125
4096,8,reset,pointers,4,2048,1303056,1308914,636.2578125,639.1181640625
4096,8,reset,pipeline,4,2048,1339344,1344643,653.9765625,656.56396484375
4096,8,reset,blocks,4,2048,1330788,1335903,649.798828125,652.29638671875
4096,8,reset,openblas-leaf,4,2048,1697290,1702556,828.7548828125,831.326171875
4096,8,reset,openblas-aligned,4,2048,1335891,1341206,652.29052734375,654.8857421875
4096,8,reset,openblas,4,2048,1726983,1732177,843.25341796875,845.78955078125
4096,8,reset,onemkl,4,2048,1342512,1347619,655.5234375,658.01708984375
4096,8,reset,current,5,2048,1334630,1340114,651.6748046875,654.3525390625
4096,8,reset,pointers,5,2048,1310950,1316182,640.1123046875,642.6669921875
4096,8,reset,pipeline,5,2048,1346415,1351554,657.42919921875,659.9384765625
4096,8,reset,blocks,5,2048,1340903,1346098,654.73779296875,657.2744140625
4096,8,reset,openblas-leaf,5,2048,1718297,1723573,839.01220703125,841.58837890625
4096,8,reset,openblas-aligned,5,2048,1344145,1349463,656.32080078125,658.91748046875
4096,8,reset,openblas,5,2048,1750608,1755983,854.7890625,857.41357421875
4096,8,reset,onemkl,5,2048,1358464,1371691,663.3125,669.77099609375
4096,8,reset,current,6,2048,1341551,1346819,655.05419921875,657.62646484375
4096,8,reset,pointers,6,2048,1313915,1319063,641.56005859375,644.07373046875
4096,8,reset,pipeline,6,2048,1346518,1351663,657.4794921875,659.99169921875
4096,8,reset,blocks,6,2048,1338382,1343539,653.5068359375,656.02490234375
4096,8,reset,openblas-leaf,6,2048,1708123,1713331,834.04443359375,836.58740234375
4096,8,reset,openblas-aligned,6,2048,1351392,1356631,659.859375,662.41748046875
4096,8,reset,openblas,6,2048,1758846,1764047,858.8115234375,861.35107421875
4096,8,reset,onemkl,6,2048,1357678,1362805,662.9287109375,665.43212890625
4096,8,reset,current,7,2048,1342510,1348195,655.5224609375,658.29833984375
4096,8,reset,pointers,7,2048,1315954,1321180,642.5556640625,645.107421875
4096,8,reset,pipeline,7,2048,1346220,1351189,657.333984375,659.76025390625
4096,8,reset,blocks,7,2048,1454071,1459442,709.99560546875,712.6181640625
4096,8,reset,openblas-leaf,7,2048,1695811,1701144,828.03271484375,830.63671875
4096,8,reset,openblas-aligned,7,2048,1339935,1345166,654.26513671875,656.8193359375
4096,8,reset,openblas,7,2048,1721815,1727281,840.72998046875,843.39892578125
4096,8,reset,onemkl,7,2048,1345626,1350681,657.0439453125,659.51220703125
4096,16,negate,current,1,2048,373245,378004,182.24853515625,184.572265625
4096,16,negate,pointers,1,2048,316065,320800,154.32861328125,156.640625
4096,16,negate,pipeline,1,2048,355119,359819,173.39794921875,175.69287109375
4096,16,negate,blocks,1,2048,316878,321571,154.7255859375,157.01708984375
4096,16,negate,openblas-leaf,1,2048,782556,787274,382.107421875,384.4111328125
4096,16,negate,openblas-aligned,1,2048,311664,317174,152.1796875,154.8701171875
4096,16,negate,openblas,1,2048,784000,788828,382.8125,385.169921875
4096,16,negate,onemkl,1,2048,318652,323548,155.591796875,157.982421875
4096,16,negate,current,2,2048,378287,383173,184.71044921875,187.09619140625
4096,16,negate,pointers,2,2048,319354,324174,155.9345703125,158.2880859375
4096,16,negate,pipeline,2,2048,333622,338409,162.9013671875,165.23876953125
4096,16,negate,blocks,2,2048,323243,328071,157.83349609375,160.19091796875
4096,16,negate,openblas-leaf,2,2048,795799,800588,388.57373046875,390.912109375
4096,16,negate,openblas-aligned,2,2048,318714,323552,155.6220703125,157.984375
4096,16,negate,openblas,2,2048,798834,803662,390.0556640625,392.4130859375
4096,16,negate,onemkl,2,2048,331207,336106,161.72216796875,164.1142578125
4096,16,negate,current,3,2048,383803,388718,187.40380859375,189.8037109375
4096,16,negate,pointers,3,2048,322249,327084,157.34814453125,159.708984375
4096,16,negate,pipeline,3,2048,338549,343371,165.30712890625,167.66162109375
4096,16,negate,blocks,3,2048,325697,330567,159.03173828125,161.40966796875
4096,16,negate,openblas-leaf,3,2048,804724,809697,392.931640625,395.35986328125
4096,16,negate,openblas-aligned,3,2048,452635,457536,221.01318359375,223.40625
4096,16,negate,openblas,3,2048,807314,812152,394.1962890625,396.55859375
4096,16,negate,onemkl,3,2048,328333,333244,160.31884765625,162.716796875
4096,16,negate,current,4,2048,382215,387166,186.62841796875,189.0458984375
4096,16,negate,pointers,4,2048,324705,329629,158.54736328125,160.95166015625
4096,16,negate,pipeline,4,2048,339874,344780,165.9541015625,168.349609375
4096,16,negate,blocks,4,2048,328591,333551,160.44482421875,162.86669921875
4096,16,negate,openblas-leaf,4,2048,806126,810966,393.6162109375,395.9794921875
4096,16,negate,openblas-aligned,4,2048,323003,328041,157.71630859375,160.17626953125
4096,16,negate,openblas,4,2048,808158,813021,394.6083984375,396.98291015625
4096,16,negate,onemkl,4,2048,332238,337221,162.2255859375,164.65869140625
4096,16,negate,current,5,2048,382418,387441,186.7275390625,189.18017578125
4096,16,negate,pointers,5,2048,323101,328231,157.76416015625,160.26904296875
4096,16,negate,pipeline,5,2048,339240,344064,165.64453125,168
4096,16,negate,blocks,5,2048,326250,331242,159.3017578125,161.7392578125
4096,16,negate,openblas-leaf,5,2048,810384,815493,395.6953125,398.18994140625
4096,16,negate,openblas-aligned,5,2048,322349,327547,157.39697265625,159.93505859375
4096,16,negate,openblas,5,2048,807289,825963,394.18408203125,403.30224609375
4096,16,negate,onemkl,5,2048,329610,334934,160.9423828125,163.5419921875
4096,16,negate,current,6,2048,375281,380010,183.24267578125,185.5517578125
4096,16,negate,pointers,6,2048,315861,320744,154.22900390625,156.61328125
4096,16,negate,pipeline,6,2048,330820,335559,161.533203125,163.84716796875
4096,16,negate,blocks,6,2048,321091,325828,156.78271484375,159.095703125
4096,16,negate,openblas-leaf,6,2048,790697,795464,386.08251953125,388.41015625
4096,16,negate,openblas-aligned,6,2048,319082,323930,155.8017578125,158.1689453125
4096,16,negate,openblas,6,2048,804833,809950,392.98486328125,395.4833984375
4096,16,negate,onemkl,6,2048,322488,327299,157.46484375,159.81396484375
4096,16,negate,current,7,2048,386900,391893,188.916015625,191.35400390625
4096,16,negate,pointers,7,2048,443377,448226,216.49267578125,218.8603515625
4096,16,negate,pipeline,7,2048,340401,345246,166.21142578125,168.5771484375
4096,16,negate,blocks,7,2048,325084,329967,158.732421875,161.11669921875
4096,16,negate,openblas-leaf,7,2048,805138,809997,393.1337890625,395.50634765625
4096,16,negate,openblas-aligned,7,2048,323879,329719,158.14404296875,160.99560546875
4096,16,negate,openblas,7,2048,809314,814206,395.1728515625,397.5615234375
4096,16,negate,onemkl,7,2048,332467,337459,162.33740234375,164.77490234375
4096,16,powers-two,current,1,2048,374073,378865,182.65283203125,184.99267578125
4096,16,powers-two,pointers,1,2048,315272,320017,153.94140625,156.25830078125
4096,16,powers-two,pipeline,1,2048,330410,335142,161.3330078125,163.6435546875
4096,16,powers-two,blocks,1,2048,323470,328190,157.9443359375,160.2490234375
4096,16,powers-two,openblas-leaf,1,2048,803462,808271,392.3154296875,394.66357421875
4096,16,powers-two,openblas-aligned,1,2048,314910,319716,153.7646484375,156.111328125
4096,16,powers-two,openblas,1,2048,788328,793104,384.92578125,387.2578125
4096,16,powers-two,onemkl,1,2048,322149,326997,157.29931640625,159.66650390625
4096,16,powers-two,current,2,2048,375520,380318,183.359375,185.7021484375
4096,16,powers-two,pointers,2,2048,316842,321556,154.7080078125,157.009765625
4096,16,powers-two,pipeline,2,2048,329332,334056,160.806640625,163.11328125
4096,16,powers-two,blocks,2,2048,321743,326519,157.10107421875,159.43310546875
4096,16,powers-two,openblas-leaf,2,2048,798921,803752,390.09814453125,392.45703125
4096,16,powers-two,openblas-aligned,2,2048,317627,322464,155.09130859375,157.453125
4096,16,powers-two,openblas,2,2048,793465,798319,387.43408203125,389.80419921875
4096,16,powers-two,onemkl,2,2048,327021,331976,159.67822265625,162.09765625
4096,16,powers-two,current,3,2048,375471,380346,183.33544921875,185.7158203125
4096,16,powers-two,pointers,3,2048,450627,455461,220.03271484375,222.39306640625
4096,16,powers-two,pipeline,3,2048,333896,338717,163.03515625,165.38916015625
4096,16,powers-two,blocks,3,2048,323600,328449,158.0078125,160.37548828125
4096,16,powers-two,openblas-leaf,3,2048,791077,795972,386.26806640625,388.658203125
4096,16,powers-two,openblas-aligned,3,2048,315771,320634,154.18505859375,156.5595703125
4096,16,powers-two,openblas,3,2048,795737,800512,388.54345703125,390.875
4096,16,powers-two,onemkl,3,2048,325696,330632,159.03125,161.44140625
4096,16,powers-two,current,4,2048,375797,380892,183.49462890625,185.982421875
4096,16,powers-two,pointers,4,2048,317477,322285,155.01806640625,157.36572265625
4096,16,powers-two,pipeline,4,2048,333781,338575,162.97900390625,165.31982421875
4096,16,powers-two,blocks,4,2048,320623,325468,156.55419921875,158.919921875
4096,16,powers-two,openblas-leaf,4,2048,793325,799755,387.36572265625,390.50537109375
4096,16,powers-two,openblas-aligned,4,2048,317206,322137,154.8857421875,157.29345703125
4096,16,powers-two,openblas,4,2048,793070,797913,387.2412109375,389.60595703125
4096,16,powers-two,onemkl,4,2048,325924,330955,159.142578125,161.59912109375
4096,16,powers-two,current,5,2048,374354,399558,182.7900390625,195.0966796875
4096,16,powers-two,pointers,5,2048,317278,322127,154.9208984375,157.28857421875
4096,16,powers-two,pipeline,5,2048,327774,332919,160.0458984375,162.55810546875
4096,16,powers-two,blocks,5,2048,318901,323807,155.71337890625,158.10888671875
4096,16,powers-two,openblas-leaf,5,2048,792905,798163,387.16064453125,389.72802734375
4096,16,powers-two,openblas-aligned,5,2048,315515,320446,154.06005859375,156.4677734375
4096,16,powers-two,openblas,5,2048,789093,794322,385.29931640625,387.8525390625
4096,16,powers-two,onemkl,5,2048,321448,326339,156.95703125,159.34521484375
4096,16,powers-two,current,6,2048,373651,378479,182.44677734375,184.80419921875
4096,16,powers-two,pointers,6,2048,317644,322435,155.099609375,157.43896484375
4096,16,powers-two,pipeline,6,2048,333046,337834,162.6201171875,164.9580078125
4096,16,powers-two,blocks,6,2048,318778,323553,155.6533203125,157.98486328125
4096,16,powers-two,openblas-leaf,6,2048,808003,812833,394.53271484375,396.89111328125
4096,16,powers-two,openblas-aligned,6,2048,314646,319551,153.6357421875,156.03076171875
4096,16,powers-two,openblas,6,2048,788279,793026,384.90185546875,387.2197265625
4096,16,powers-two,onemkl,6,2048,320873,325729,156.67626953125,159.04736328125
4096,16,powers-two,current,7,2048,374587,379378,182.90380859375,185.2431640625
4096,16,powers-two,pointers,7,2048,428311,433061,209.13623046875,211.45556640625
4096,16,powers-two,pipeline,7,2048,335320,340071,163.73046875,166.05029296875
4096,16,powers-two,blocks,7,2048,321468,326254,156.966796875,159.3037109375
4096,16,powers-two,openblas-leaf,7,2048,794071,798868,387.72998046875,390.072265625
4096,16,powers-two,openblas-aligned,7,2048,316720,321506,154.6484375,156.9853515625
4096,16,powers-two,openblas,7,2048,792858,797646,387.1376953125,389.4755859375
4096,16,powers-two,onemkl,7,2048,324724,329564,158.556640625,160.919921875
4096,16,reset,current,1,2048,1330978,1335818,649.8916015625,652.2548828125
4096,16,reset,pointers,1,2048,1280855,1285625,625.41748046875,627.74658203125
4096,16,reset,pipeline,1,2048,1280521,1285466,625.25439453125,627.6689453125
4096,16,reset,blocks,1,2048,1281749,1286741,625.85400390625,628.29150390625
4096,16,reset,openblas-leaf,1,2048,1683954,1688903,822.2431640625,824.65966796875
4096,16,reset,openblas-aligned,1,2048,1264873,1269726,617.61376953125,619.9833984375
4096,16,reset,openblas,1,2048,1669853,1674843,815.35791015625,817.79443359375
4096,16,reset,onemkl,1,2048,1265334,1270252,617.8388671875,620.240234375
4096,16,reset,current,2,2048,1335560,1340868,652.12890625,654.720703125
4096,16,reset,pointers,2,2048,1314542,1319646,641.8662109375,644.3583984375
4096,16,reset,pipeline,2,2048,1314989,1326925,642.08447265625,647.91259765625
4096,16,reset,blocks,2,2048,1306224,1311363,637.8046875,640.31396484375
4096,16,reset,openblas-leaf,2,2048,1727620,1732781,843.564453125,846.08447265625
4096,16,reset,openblas-aligned,2,2048,1296560,1301559,633.0859375,635.52685546875
4096,16,reset,openblas,2,2048,1723851,1729114,841.72412109375,844.2939453125
4096,16,reset,onemkl,2,2048,1293262,1298199,631.4755859375,633.88623046875
4096,16,reset,current,3,2048,1321229,1326198,645.13134765625,647.5576171875
4096,16,reset,pointers,3,2048,1301311,1306121,635.40576171875,637.75439453125
4096,16,reset,pipeline,3,2048,1294221,1298999,631.94384765625,634.27685546875
4096,16,reset,blocks,3,2048,1297550,1302486,633.5693359375,635.9794921875
4096,16,reset,openblas-leaf,3,2048,1723535,1728414,841.56982421875,843.9521484375
4096,16,reset,openblas-aligned,3,2048,1292941,1297883,631.31884765625,633.73193359375
4096,16,reset,openblas,3,2048,1706991,1712073,833.49169921875,835.97314453125
4096,16,reset,onemkl,3,2048,1393717,1398675,680.52587890625,682.94677734375
4096,16,reset,current,4,2048,1491732,1496933,728.384765625,730.92431640625
4096,16,reset,pointers,4,2048,1300064,1305090,634.796875,637.2509765625
4096,16,reset,pipeline,4,2048,1315403,1320468,642.28662109375,644.759765625
4096,16,reset,blocks,4,2048,1313826,1319032,641.5166015625,644.05859375
4096,16,reset,openblas-leaf,4,2048,1724736,1730191,842.15625,844.81982421875
4096,16,reset,openblas-aligned,4,2048,1307754,1312955,638.5517578125,641.09130859375
4096,16,reset,openblas,4,2048,1757370,1762516,858.0908203125,860.603515625
4096,16,reset,onemkl,4,2048,1318691,1323746,643.89208984375,646.3603515625
4096,16,reset,current,5,2048,1334586,1339542,651.6533203125,654.0732421875
4096,16,reset,pointers,5,2048,1317513,1322609,643.31689453125,645.80517578125
4096,16,reset,pipeline,5,2048,1307917,1312857,638.63134765625,641.04345703125
4096,16,reset,blocks,5,2048,1299454,1304459,634.4990234375,636.94287109375
4096,16,reset,openblas-leaf,5,2048,1717277,1722428,838.51416015625,841.029296875
4096,16,reset,openblas-aligned,5,2048,1287754,1292667,628.7861328125,631.18505859375
4096,16,reset,openblas,5,2048,1702664,1707658,831.37890625,833.8173828125
4096,16,reset,onemkl,5,2048,1287118,1292197,628.4755859375,630.95556640625
4096,16,reset,current,6,2048,1356724,1361702,662.462890625,664.8935546875
4096,16,reset,pointers,6,2048,1314716,1319781,641.951171875,644.42431640625
4096,16,reset,pipeline,6,2048,1306117,1311113,637.75244140625,640.19189453125
4096,16,reset,blocks,6,2048,1320270,1330874,644.6630859375,649.8408203125
4096,16,reset,openblas-leaf,6,2048,1726548,1731425,843.041015625,845.42236328125
4096,16,reset,openblas-aligned,6,2048,1294827,1300978,632.23974609375,635.2431640625
4096,16,reset,openblas,6,2048,1737964,1743611,848.615234375,851.37255859375
4096,16,reset,onemkl,6,2048,1312289,1317545,640.76611328125,643.33251953125
4096,16,reset,current,7,2048,1337932,1342858,653.287109375,655.6923828125
4096,16,reset,pointers,7,2048,1299839,1304728,634.68701171875,637.07421875
4096,16,reset,pipeline,7,2048,1290717,1295526,630.23291015625,632.5810546875
4096,16,reset,blocks,7,2048,1298760,1303667,634.16015625,636.55615234375
4096,16,reset,openblas-leaf,7,2048,1714985,1719897,837.39501953125,839.79345703125
4096,16,reset,openblas-aligned,7,2048,1276945,1281788,623.50830078125,625.873046875
4096,16,reset,openblas,7,2048,1726603,1735837,843.06787109375,847.57666015625
4096,16,reset,onemkl,7,2048,1404490,1409521,685.7861328125,688.24267578125
4096,24,negate,current,1,2048,376695,381492,183.93310546875,186.275390625
4096,24,negate,pointers,1,2048,321730,326980,157.0947265625,159.658203125
4096,24,negate,pipeline,1,2048,334921,339858,163.53564453125,165.9462890625
4096,24,negate,blocks,1,2048,323819,328634,158.11474609375,160.4658203125
4096,24,negate,openblas-leaf,1,2048,794582,799367,387.9794921875,390.31591796875
4096,24,negate,openblas-aligned,1,2048,317981,322901,155.26416015625,157.66650390625
4096,24,negate,openblas,1,2048,798796,803594,390.037109375,392.3798828125
4096,24,negate,onemkl,1,2048,323005,327902,157.71728515625,160.1083984375
4096,24,negate,current,2,2048,380792,385646,185.93359375,188.3037109375
4096,24,negate,pointers,2,2048,320759,325492,156.62060546875,158.931640625
4096,24,negate,pipeline,2,2048,334692,339420,163.423828125,165.732421875
4096,24,negate,blocks,2,2048,322105,326842,157.27783203125,159.5908203125
4096,24,negate,openblas-leaf,2,2048,788914,793742,385.2119140625,387.5693359375
4096,24,negate,openblas-aligned,2,2048,315544,325175,154.07421875,158.77685546875
4096,24,negate,openblas,2,2048,795861,800644,388.60400390625,390.939453125
4096,24,negate,onemkl,2,2048,322632,327561,157.53515625,159.94189453125
4096,24,negate,current,3,2048,374988,379772,183.099609375,185.435546875
4096,24,negate,pointers,3,2048,319016,323830,155.76953125,158.1201171875
4096,24,negate,pipeline,3,2048,340979,345821,166.49365234375,168.85791015625
4096,24,negate,blocks,3,2048,326661,331445,159.50244140625,161.83837890625
4096,24,negate,openblas-leaf,3,2048,791840,796717,386.640625,389.02197265625
4096,24,negate,openblas-aligned,3,2048,320327,325168,156.40966796875,158.7734375
4096,24,negate,openblas,3,2048,797251,802193,389.28271484375,391.69580078125
4096,24,negate,onemkl,3,2048,319866,324731,156.1845703125,158.56005859375
4096,24,negate,current,4,2048,387098,392168,189.0126953125,191.48828125
4096,24,negate,pointers,4,2048,330178,335421,161.2197265625,163.77978515625
4096,24,negate,pipeline,4,2048,339916,344857,165.974609375,168.38720703125
4096,24,negate,blocks,4,2048,331239,336108,161.73779296875,164.115234375
4096,24,negate,openblas-leaf,4,2048,810050,815375,395.5322265625,398.13232421875
4096,24,negate,openblas-aligned,4,2048,321387,326399,156.92724609375,159.37451171875
4096,24,negate,openblas,4,2048,809171,814941,395.10302734375,397.92041015625
4096,24,negate,onemkl,4,2048,325540,330721,158.955078125,161.48486328125
4096,24,negate,current,5,2048,377528,382492,184.33984375,186.763671875
4096,24,negate,pointers,5,2048,322031,326826,157.24169921875,159.5830078125
4096,24,negate,pipeline,5,2048,342605,347483,167.28759765625,169.66943359375
4096,24,negate,blocks,5,2048,327415,332308,159.87060546875,162.259765625
4096,24,negate,openblas-leaf,5,2048,802915,807942,392.04833984375,394.5029296875
4096,24,negate,openblas-aligned,5,2048,318514,323448,155.5244140625,157.93359375
4096,24,negate,openblas,5,2048,797306,802115,389.3095703125,391.65771484375
4096,24,negate,onemkl,5,2048,323681,328666,158.04736328125,160.4814453125
4096,24,negate,current,6,2048,381835,386723,186.44287109375,188.82958984375
4096,24,negate,pointers,6,2048,320531,325352,156.50927734375,158.86328125
4096,24,negate,pipeline,6,2048,334467,339329,163.31396484375,165.68798828125
4096,24,negate,blocks,6,2048,326610,331628,159.4775390625,161.927734375
4096,24,negate,openblas-leaf,6,2048,796988,801969,389.154296875,391.58642578125
4096,24,negate,openblas-aligned,6,2048,322616,327551,157.52734375,159.93701171875
4096,24,negate,openblas,6,2048,802375,807258,391.78466796875,394.1689453125
4096,24,negate,onemkl,6,2048,322600,327667,157.51953125,159.99365234375
4096,24,negate,current,7,2048,374851,379767,183.03271484375,185.43310546875
4096,24,negate,pointers,7,2048,322482,327255,157.4619140625,159.79248046875
4096,24,negate,pipeline,7,2048,335017,339861,163.58251953125,165.94775390625
4096,24,negate,blocks,7,2048,326727,331561,159.53466796875,161.89501953125
4096,24,negate,openblas-leaf,7,2048,794152,798954,387.76953125,390.1142578125
4096,24,negate,openblas-aligned,7,2048,319007,323898,155.76513671875,158.1533203125
4096,24,negate,openblas,7,2048,795851,800645,388.59912109375,390.93994140625
4096,24,negate,onemkl,7,2048,322261,327248,157.35400390625,159.7890625
4096,24,powers-two,current,1,2048,379920,384797,185.5078125,187.88916015625
4096,24,powers-two,pointers,1,2048,320692,325462,156.587890625,158.9169921875
4096,24,powers-two,pipeline,1,2048,336752,341555,164.4296875,166.77490234375
4096,24,powers-two,blocks,1,2048,325947,330802,159.15380859375,161.5244140625
4096,24,powers-two,openblas-leaf,1,2048,795880,800704,388.61328125,390.96875
4096,24,powers-two,openblas-aligned,1,2048,318180,323153,155.361328125,157.78955078125
4096,24,powers-two,openblas,1,2048,802718,807506,391.9521484375,394.2900390625
4096,24,powers-two,onemkl,1,2048,325891,330786,159.12646484375,161.5166015625
4096,24,powers-two,current,2,2048,378395,383249,184.76318359375,187.13330078125
4096,24,powers-two,pointers,2,2048,325275,330031,158.82568359375,161.14794921875
4096,24,powers-two,pipeline,2,2048,341331,346258,166.66552734375,169.0712890625
4096,24,powers-two,blocks,2,2048,327252,332048,159.791015625,162.1328125
4096,24,powers-two,openblas-leaf,2,2048,794923,799700,388.14599609375,390.478515625
4096,24,powers-two,openblas-aligned,2,2048,324346,329111,158.3720703125,160.69873046875
4096,24,powers-two,openblas,2,2048,796397,801205,388.86572265625,391.21337890625
4096,24,powers-two,onemkl,2,2048,322832,327698,157.6328125,160.0087890625
4096,24,powers-two,current,3,2048,384915,389917,187.94677734375,190.38916015625
4096,24,powers-two,pointers,3,2048,326171,331060,159.26318359375,161.650390625
4096,24,powers-two,pipeline,3,2048,365862,370708,178.6435546875,181.009765625
4096,24,powers-two,blocks,3,2048,335672,340517,163.90234375,166.26806640625
4096,24,powers-two,openblas-leaf,3,2048,809717,814575,395.36962890625,397.74169921875
4096,24,powers-two,openblas-aligned,3,2048,324519,329416,158.45654296875,160.84765625
4096,24,powers-two,openblas,3,2048,812310,817213,396.6357421875,399.02978515625
4096,24,powers-two,onemkl,3,2048,329040,334000,160.6640625,163.0859375
4096,24,powers-two,current,4,2048,383800,388795,187.40234375,189.84130859375
4096,24,powers-two,pointers,4,2048,328411,333304,160.35693359375,162.74609375
4096,24,powers-two,pipeline,4,2048,339748,344690,165.892578125,168.3056640625
4096,24,powers-two,blocks,4,2048,331267,336364,161.75146484375,164.240234375
4096,24,powers-two,openblas-leaf,4,2048,809715,815046,395.36865234375,397.9716796875
4096,24,powers-two,openblas-aligned,4,2048,323548,328612,157.982421875,160.455078125
4096,24,powers-two,openblas,4,2048,809752,814875,395.38671875,397.88818359375
4096,24,powers-two,onemkl,4,2048,328923,337422,160.60693359375,164.7568359375
4096,24,powers-two,current,5,2048,382114,387101,186.5791015625,189.01416015625
4096,24,powers-two,pointers,5,2048,328229,333423,160.26806640625,162.80419921875
4096,24,powers-two,pipeline,5,2048,340291,345330,166.15771484375,168.6181640625
4096,24,powers-two,blocks,5,2048,329057,333949,160.67236328125,163.06103515625
4096,24,powers-two,openblas-leaf,5,2048,813503,818547,397.21826171875,399.68115234375
4096,24,powers-two,openblas-aligned,5,2048,329115,334016,160.70068359375,163.09375
4096,24,powers-two,openblas,5,2048,804063,809614,392.60888671875,395.3193359375
4096,24,powers-two,onemkl,5,2048,329899,334948,161.08349609375,163.548828125
4096,24,powers-two,current,6,2048,386771,391793,188.85302734375,191.30517578125
4096,24,powers-two,pointers,6,2048,340241,358182,166.13330078125,174.8935546875
4096,24,powers-two,pipeline,6,2048,337295,342230,164.69482421875,167.1044921875
4096,24,powers-two,blocks,6,2048,330256,335212,161.2578125,163.677734375
4096,24,powers-two,openblas-leaf,6,2048,807703,812601,394.38623046875,396.77783203125
4096,24,powers-two,openblas-aligned,6,2048,325561,330569,158.96533203125,161.41064453125
4096,24,powers-two,openblas,6,2048,807959,812949,394.51123046875,396.94775390625
4096,24,powers-two,onemkl,6,2048,330378,335393,161.3173828125,163.76611328125
4096,24,powers-two,current,7,2048,385595,390582,188.27880859375,190.7138671875
4096,24,powers-two,pointers,7,2048,326206,331042,159.2802734375,161.6416015625
4096,24,powers-two,pipeline,7,2048,339544,344476,165.79296875,168.201171875
4096,24,powers-two,blocks,7,2048,334956,339852,163.552734375,165.943359375
4096,24,powers-two,openblas-leaf,7,2048,806450,811341,393.7744140625,396.16259765625
4096,24,powers-two,openblas-aligned,7,2048,323339,328304,157.88037109375,160.3046875
4096,24,powers-two,openblas,7,2048,810126,814995,395.5693359375,397.94677734375
4096,24,powers-two,onemkl,7,2048,328759,333725,160.52685546875,162.95166015625
4096,24,reset,current,1,2048,1327704,1333009,648.29296875,650.88330078125
4096,24,reset,pointers,1,2048,1305892,1310968,637.642578125,640.12109375
4096,24,reset,pipeline,1,2048,1343710,1348745,656.1083984375,658.56689453125
4096,24,reset,blocks,1,2048,1331005,1336151,649.90478515625,652.41748046875
4096,24,reset,openblas-leaf,1,2048,1695516,1700580,827.888671875,830.361328125
4096,24,reset,openblas-aligned,1,2048,1328625,1333669,648.74267578125,651.20556640625
4096,24,reset,openblas,1,2048,1716362,1721557,838.0673828125,840.60400390625
4096,24,reset,onemkl,1,2048,1342821,1347825,655.67431640625,658.11767578125
4096,24,reset,current,2,2048,1355025,1360216,661.63330078125,664.16796875
4096,24,reset,pointers,2,2048,1324996,1330225,646.970703125,649.52392578125
4096,24,reset,pipeline,2,2048,1354950,1378552,661.5966796875,673.12109375
4096,24,reset,blocks,2,2048,1367800,1372841,667.87109375,670.33251953125
4096,24,reset,openblas-leaf,2,2048,1705175,1710267,832.60498046875,835.09130859375
4096,24,reset,openblas-aligned,2,2048,1347387,1352409,657.90380859375,660.35595703125
4096,24,reset,openblas,2,2048,1749093,1754728,854.04931640625,856.80078125
4096,24,reset,onemkl,2,2048,1347232,1352976,657.828125,660.6328125
4096,24,reset,current,3,2048,1340423,1345574,654.50341796875,657.0185546875
4096,24,reset,pointers,3,2048,1324222,1329514,646.5927734375,649.1767578125
4096,24,reset,pipeline,3,2048,1350486,1355646,659.4169921875,661.9365234375
4096,24,reset,blocks,3,2048,1343659,1349155,656.08349609375,658.76708984375
4096,24,reset,openblas-leaf,3,2048,1830900,1836166,893.994140625,896.5654296875
4096,24,reset,openblas-aligned,3,2048,1336827,1342104,652.74755859375,655.32421875
4096,24,reset,openblas,3,2048,1727766,1733094,843.6357421875,846.2373046875
4096,24,reset,onemkl,3,2048,1368408,1373504,668.16796875,670.65625
4096,24,reset,current,4,2048,1321364,1326465,645.197265625,647.68798828125
4096,24,reset,pointers,4,2048,1298246,1303253,633.9091796875,636.35400390625
4096,24,reset,pipeline,4,2048,1439900,1444963,703.076171875,705.54833984375
4096,24,reset,blocks,4,2048,1328832,1333923,648.84375,651.32958984375
4096,24,reset,openblas-leaf,4,2048,1704713,1709687,832.37939453125,834.80810546875
4096,24,reset,openblas-aligned,4,2048,1326023,1331010,647.47216796875,649.9072265625
4096,24,reset,openblas,4,2048,1719895,1724883,839.79248046875,842.22802734375
4096,24,reset,onemkl,4,2048,1347957,1352994,658.18212890625,660.6416015625
4096,24,reset,current,5,2048,1324258,1329387,646.6103515625,649.11474609375
4096,24,reset,pointers,5,2048,1306162,1311218,637.7744140625,640.2431640625
4096,24,reset,pipeline,5,2048,1331093,1336047,649.94775390625,652.36669921875
4096,24,reset,blocks,5,2048,1330024,1335007,649.42578125,651.85888671875
4096,24,reset,openblas-leaf,5,2048,1685509,1690489,823.00244140625,825.43408203125
4096,24,reset,openblas-aligned,5,2048,1337160,1342158,652.91015625,655.3505859375
4096,24,reset,openblas,5,2048,1722802,1727861,841.2119140625,843.68212890625
4096,24,reset,onemkl,5,2048,1352360,1357358,660.33203125,662.7724609375
4096,24,reset,current,6,2048,1364282,1369522,666.1533203125,668.7119140625
4096,24,reset,pointers,6,2048,1342612,1347904,655.572265625,658.15625
4096,24,reset,pipeline,6,2048,1347103,1352417,657.76513671875,660.35986328125
4096,24,reset,blocks,6,2048,1356569,1380103,662.38720703125,673.87841796875
4096,24,reset,openblas-leaf,6,2048,1723881,1729188,841.73876953125,844.330078125
4096,24,reset,openblas-aligned,6,2048,1372788,1378163,670.306640625,672.93115234375
4096,24,reset,openblas,6,2048,1758338,1764298,858.5634765625,861.4736328125
4096,24,reset,onemkl,6,2048,1367779,1373218,667.86083984375,670.5166015625
4096,24,reset,current,7,2048,1334233,1339428,651.48095703125,654.017578125
4096,24,reset,pointers,7,2048,1317050,1322127,643.0908203125,645.56982421875
4096,24,reset,pipeline,7,2048,1349116,1354092,658.748046875,661.177734375
4096,24,reset,blocks,7,2048,1354728,1361050,661.48828125,664.5751953125
4096,24,reset,openblas-leaf,7,2048,1821892,1827024,889.595703125,892.1015625
4096,24,reset,openblas-aligned,7,2048,1357345,1362479,662.76611328125,665.27294921875
4096,24,reset,openblas,7,2048,1745523,1750635,852.30615234375,854.80224609375
4096,24,reset,onemkl,7,2048,1358728,1363907,663.44140625,665.97021484375
65536,0,negate,current,1,128,893853,899623,6983.2265625,7028.3046875
65536,0,negate,pointers,1,128,880341,886424,6877.6640625,6925.1875
65536,0,negate,pipeline,1,128,883062,888554,6898.921875,6941.828125
65536,0,negate,blocks,1,128,881296,887106,6885.125,6930.515625
65536,0,negate,openblas-leaf,1,128,875176,880875,6837.3125,6881.8359375
65536,0,negate,openblas-aligned,1,128,872391,877906,6815.5546875,6858.640625
65536,0,negate,openblas,1,128,891186,904321,6962.390625,7065.0078125
65536,0,negate,onemkl,1,128,884808,890379,6912.5625,6956.0859375
65536,0,negate,current,2,128,859715,865257,6716.5234375,6759.8203125
65536,0,negate,pointers,2,128,878963,884414,6866.8984375,6909.484375
65536,0,negate,pipeline,2,128,861808,867353,6732.875,6776.1953125
65536,0,negate,blocks,2,128,862754,868188,6740.265625,6782.71875
65536,0,negate,openblas-leaf,2,128,862992,868527,6742.125,6785.3671875
65536,0,negate,openblas-aligned,2,128,876744,882175,6849.5625,6891.9921875
65536,0,negate,openblas,2,128,865469,871348,6761.4765625,6807.40625
65536,0,negate,onemkl,2,128,865653,871088,6762.9140625,6805.375
65536,0,negate,current,3,128,870894,877424,6803.859375,6854.875
65536,0,negate,pointers,3,128,869794,875227,6795.265625,6837.7109375
65536,0,negate,pipeline,3,128,873051,878607,6820.7109375,6864.1171875
65536,0,negate,blocks,3,128,868136,873772,6782.3125,6826.34375
65536,0,negate,openblas-leaf,3,128,873160,878500,6821.5625,6863.28125
65536,0,negate,openblas-aligned,3,128,864785,870204,6756.1328125,6798.46875
65536,0,negate,openblas,3,128,870329,875769,6799.4453125,6841.9453125
65536,0,negate,onemkl,3,128,899241,904721,7025.3203125,7068.1328125
65536,0,negate,current,4,128,863605,869164,6746.9140625,6790.34375
65536,0,negate,pointers,4,128,874277,879685,6830.2890625,6872.5390625
65536,0,negate,pipeline,4,128,872983,878398,6820.1796875,6862.484375
65536,0,negate,blocks,4,128,868131,873608,6782.2734375,6825.0625
65536,0,negate,openblas-leaf,4,128,862091,867543,6735.0859375,6777.6796875
65536,0,negate,openblas-aligned,4,128,872321,877731,6815.0078125,6857.2734375
65536,0,negate,openblas,4,128,872515,877905,6816.5234375,6858.6328125
65536,0,negate,onemkl,4,128,868372,873734,6784.15625,6826.046875
65536,0,negate,current,5,128,887237,893024,6931.5390625,6976.75
65536,0,negate,pointers,5,128,876833,883364,6850.2578125,6901.28125
65536,0,negate,pipeline,5,128,880330,886180,6877.578125,6923.28125
65536,0,negate,blocks,5,128,881545,887389,6887.0703125,6932.7265625
65536,0,negate,openblas-leaf,5,128,883818,889431,6904.828125,6948.6796875
65536,0,negate,openblas-aligned,5,128,883716,889195,6904.03125,6946.8359375
65536,0,negate,openblas,5,128,879074,884677,6867.765625,6911.5390625
65536,0,negate,onemkl,5,128,886099,891571,6922.6484375,6965.3984375
65536,0,negate,current,6,128,866128,871718,6766.625,6810.296875
65536,0,negate,pointers,6,128,887893,893668,6936.6640625,6981.78125
65536,0,negate,pipeline,6,128,866706,872131,6771.140625,6813.5234375
65536,0,negate,blocks,6,128,883169,888653,6899.7578125,6942.6015625
65536,0,negate,openblas-leaf,6,128,871105,876491,6805.5078125,6847.5859375
65536,0,negate,openblas-aligned,6,128,864795,870136,6756.2109375,6797.9375
65536,0,negate,openblas,6,128,862953,868412,6741.8203125,6784.46875
65536,0,negate,onemkl,6,128,869211,874617,6790.7109375,6832.9453125
65536,0,negate,current,7,128,862721,868161,6740.0078125,6782.5078125
65536,0,negate,pointers,7,128,864982,870381,6757.671875,6799.8515625
65536,0,negate,pipeline,7,128,869138,874532,6790.140625,6832.28125
65536,0,negate,blocks,7,128,872498,877875,6816.390625,6858.3984375
65536,0,negate,openblas-leaf,7,128,1022119,1027492,7985.3046875,8027.28125
65536,0,negate,openblas-aligned,7,128,863388,868849,6745.21875,6787.8828125
65536,0,negate,openblas,7,128,863747,869229,6748.0234375,6790.8515625
65536,0,negate,onemkl,7,128,871921,877354,6811.8828125,6854.328125
65536,0,powers-two,current,1,128,863402,869091,6745.328125,6789.7734375
65536,0,powers-two,pointers,1,128,869763,875202,6795.0234375,6837.515625
65536,0,powers-two,pipeline,1,128,861082,866962,6727.203125,6773.140625
65536,0,powers-two,blocks,1,128,860744,866287,6724.5625,6767.8671875
65536,0,powers-two,openblas-leaf,1,128,863674,869278,6747.453125,6791.234375
65536,0,powers-two,openblas-aligned,1,128,860459,866204,6722.3359375,6767.21875
65536,0,powers-two,openblas,1,128,875804,898271,6842.21875,7017.7421875
65536,0,powers-two,onemkl,1,128,872202,886927,6814.078125,6929.1171875
65536,0,powers-two,current,2,128,860266,865697,6720.828125,6763.2578125
65536,0,powers-two,pointers,2,128,858111,863535,6703.9921875,6746.3671875
65536,0,powers-two,pipeline,2,128,861908,867263,6733.65625,6775.4921875
65536,0,powers-two,blocks,2,128,977653,983050,7637.9140625,7680.078125
65536,0,powers-two,openblas-leaf,2,128,864448,869826,6753.5,6795.515625
65536,0,powers-two,openblas-aligned,2,128,860085,865545,6719.4140625,6762.0703125
65536,0,powers-two,openblas,2,128,862429,867912,6737.7265625,6780.5625
65536,0,powers-two,onemkl,2,128,864364,870243,6752.84375,6798.7734375
65536,0,powers-two,current,3,128,858486,864013,6706.921875,6750.1015625
65536,0,powers-two,pointers,3,128,858976,864667,6710.75,6755.2109375
65536,0,powers-two,pipeline,3,128,859466,864868,6714.578125,6756.78125
65536,0,powers-two,blocks,3,128,858954,864371,6710.578125,6752.8984375
65536,0,powers-two,openblas-leaf,3,128,857357,862789,6698.1015625,6740.5390625
65536,0,powers-two,openblas-aligned,3,128,858290,863805,6705.390625,6748.4765625
65536,0,powers-two,openblas,3,128,859341,865138,6713.6015625,6758.890625
65536,0,powers-two,onemkl,3,128,862429,867905,6737.7265625,6780.5078125
65536,0,powers-two,current,4,128,849934,864741,6640.109375,6755.7890625
65536,0,powers-two,pointers,4,128,847643,853290,6622.2109375,6666.328125
65536,0,powers-two,pipeline,4,128,869395,874675,6792.1484375,6833.3984375
65536,0,powers-two,blocks,4,128,847464,852866,6620.8125,6663.015625
65536,0,powers-two,openblas-leaf,4,128,849728,855045,6638.5,6680.0390625
65536,0,powers-two,openblas-aligned,4,128,850814,856358,6646.984375,6690.296875
65536,0,powers-two,openblas,4,128,851137,856709,6649.5078125,6693.0390625
65536,0,powers-two,onemkl,4,128,850980,856401,6648.28125,6690.6328125
65536,0,powers-two,current,5,128,860125,865593,6719.7265625,6762.4453125
65536,0,powers-two,pointers,5,128,859790,865205,6717.109375,6759.4140625
65536,0,powers-two,pipeline,5,128,861062,866390,6727.046875,6768.671875
65536,0,powers-two,blocks,5,128,859072,864424,6711.5,6753.3125
65536,0,powers-two,openblas-leaf,5,128,861537,866995,6730.7578125,6773.3984375
65536,0,powers-two,openblas-aligned,5,128,860440,865958,6722.1875,6765.296875
65536,0,powers-two,openblas,5,128,859667,864959,6716.1484375,6757.4921875
65536,0,powers-two,onemkl,5,128,863435,868786,6745.5859375,6787.390625
65536,0,powers-two,current,6,128,864471,870016,6753.6796875,6797
65536,0,powers-two,pointers,6,128,869217,874757,6790.7578125,6834.0390625
65536,0,powers-two,pipeline,6,128,867903,873384,6780.4921875,6823.3125
65536,0,powers-two,blocks,6,128,866436,872067,6769.03125,6813.0234375
65536,0,powers-two,openblas-leaf,6,128,870574,891103,6801.359375,6961.7421875
65536,0,powers-two,openblas-aligned,6,128,870481,876012,6800.6328125,6843.84375
65536,0,powers-two,openblas,6,128,865793,871398,6764.0078125,6807.796875
65536,0,powers-two,onemkl,6,128,872206,877763,6814.109375,6857.5234375
65536,0,powers-two,current,7,128,852945,858235,6663.6328125,6704.9609375
65536,0,powers-two,pointers,7,128,848180,853398,6626.40625,6667.171875
65536,0,powers-two,pipeline,7,128,877842,883042,6858.140625,6898.765625
65536,0,powers-two,blocks,7,128,848693,854058,6630.4140625,6672.328125
65536,0,powers-two,openblas-leaf,7,128,849508,854799,6636.78125,6678.1171875
65536,0,powers-two,openblas-aligned,7,128,849395,854708,6635.8984375,6677.40625
65536,0,powers-two,openblas,7,128,850299,855522,6642.9609375,6683.765625
65536,0,powers-two,onemkl,7,128,962133,967433,7516.6640625,7558.0703125
65536,0,reset,current,1,128,2068278,2074546,16158.421875,16207.390625
65536,0,reset,pointers,1,128,2066208,2072485,16142.25,16191.2890625
65536,0,reset,pipeline,1,128,2082057,2088321,16266.0703125,16315.0078125
65536,0,reset,blocks,1,128,2184429,2190758,17065.8515625,17115.296875
65536,0,reset,openblas-leaf,1,128,2057504,2063898,16074.25,16124.203125
65536,0,reset,openblas-aligned,1,128,2081717,2088220,16263.4140625,16314.21875
65536,0,reset,openblas,1,128,2073870,2080488,16202.109375,16253.8125
65536,0,reset,onemkl,1,128,2096839,2103039,16381.5546875,16429.9921875
65536,0,reset,current,2,128,2078314,2084782,16236.828125,16287.359375
65536,0,reset,pointers,2,128,2065281,2071936,16135.0078125,16187
65536,0,reset,pipeline,2,128,2073417,2079895,16198.5703125,16249.1796875
65536,0,reset,blocks,2,128,2064797,2071150,16131.2265625,16180.859375
65536,0,reset,openblas-leaf,2,128,2126632,2132969,16614.3125,16663.8203125
65536,0,reset,openblas-aligned,2,128,2115909,2122350,16530.5390625,16580.859375
65536,0,reset,openblas,2,128,2132378,2138694,16659.203125,16708.546875
65536,0,reset,onemkl,2,128,2105015,2111378,16445.4296875,16495.140625
65536,0,reset,current,3,128,2068307,2074658,16158.6484375,16208.265625
65536,0,reset,pointers,3,128,2089492,2108365,16324.15625,16471.6015625
65536,0,reset,pipeline,3,128,2253832,2260263,17608.0625,17658.3046875
65536,0,reset,blocks,3,128,2060793,2067049,16099.9453125,16148.8203125
65536,0,reset,openblas-leaf,3,128,2058746,2065125,16083.953125,16133.7890625
65536,0,reset,openblas-aligned,3,128,2078914,2085340,16241.515625,16291.71875
65536,0,reset,openblas,3,128,2076521,2082843,16222.8203125,16272.2109375
65536,0,reset,onemkl,3,128,2083124,2089401,16274.40625,16323.4453125
65536,0,reset,current,4,128,2124554,2135757,16598.078125,16685.6015625
65536,0,reset,pointers,4,128,2092611,2100330,16348.5234375,16408.828125
65536,0,reset,pipeline,4,128,2078184,2084434,16235.8125,16284.640625
65536,0,reset,blocks,4,128,2125466,2131764,16605.203125,16654.40625
65536,0,reset,openblas-leaf,4,128,2072075,2078429,16188.0859375,16237.7265625
65536,0,reset,openblas-aligned,4,128,2078260,2084384,16236.40625,16284.25
65536,0,reset,openblas,4,128,2062460,2068651,16112.96875,16161.3359375
65536,0,reset,onemkl,4,128,2071366,2077667,16182.546875,16231.7734375
65536,0,reset,current,5,128,2089160,2095712,16321.5625,16372.75
65536,0,reset,pointers,5,128,2181457,2187952,17042.6328125,17093.375
65536,0,reset,pipeline,5,128,2132641,2138975,16661.2578125,16710.7421875
65536,0,reset,blocks,5,128,2108755,2115100,16474.6484375,16524.21875
65536,0,reset,openblas-leaf,5,128,2078298,2085472,16236.703125,16292.75
65536,0,reset,openblas-aligned,5,128,2085298,2091598,16291.390625,16340.609375
65536,0,reset,openblas,5,128,2094715,2101105,16364.9609375,16414.8828125
65536,0,reset,onemkl,5,128,2094674,2101129,16364.640625,16415.0703125
65536,0,reset,current,6,128,2112585,2118950,16504.5703125,16554.296875
65536,0,reset,pointers,6,128,2196872,2203233,17163.0625,17212.7578125
65536,0,reset,pipeline,6,128,2139526,2145916,16715.046875,16764.96875
65536,0,reset,blocks,6,128,2076790,2083341,16224.921875,16276.1015625
65536,0,reset,openblas-leaf,6,128,2093045,2099341,16351.9140625,16401.1015625
65536,0,reset,openblas-aligned,6,128,2063872,2070170,16124,16173.203125
65536,0,reset,openblas,6,128,2081399,2087999,16260.9296875,16312.4921875
65536,0,reset,onemkl,6,128,2100803,2107295,16412.5234375,16463.2421875
65536,0,reset,current,7,128,2068261,2074614,16158.2890625,16207.921875
65536,0,reset,pointers,7,128,2075470,2081802,16214.609375,16264.078125
65536,0,reset,pipeline,7,128,2072305,2078737,16189.8828125,16240.1328125
65536,0,reset,blocks,7,128,2084525,2090819,16285.3515625,16334.5234375
65536,0,reset,openblas-leaf,7,128,2095088,2106544,16367.875,16457.375
65536,0,reset,openblas-aligned,7,128,2078613,2084948,16239.1640625,16288.65625
65536,0,reset,openblas,7,128,2171452,2178075,16964.46875,17016.2109375
65536,0,reset,onemkl,7,128,2061890,2068201,16108.515625,16157.8203125
65536,8,negate,current,1,128,878867,884452,6866.1484375,6909.78125
65536,8,negate,pointers,1,128,903407,908752,7057.8671875,7099.625
65536,8,negate,pipeline,1,128,878398,883779,6862.484375,6904.5234375
65536,8,negate,blocks,1,128,877636,883597,6856.53125,6903.1015625
65536,8,negate,openblas-leaf,1,128,993417,998858,7761.0703125,7803.578125
65536,8,negate,openblas-aligned,1,128,873669,879077,6825.5390625,6867.7890625
65536,8,negate,openblas,1,128,985890,991289,7702.265625,7744.4453125
65536,8,negate,onemkl,1,128,881452,887164,6886.34375,6930.96875
65536,8,negate,current,2,128,849442,854708,6636.265625,6677.40625
65536,8,negate,pointers,2,128,849244,854508,6634.71875,6675.84375
65536,8,negate,pipeline,2,128,848687,853900,6630.3671875,6671.09375
65536,8,negate,blocks,2,128,846325,851629,6611.9140625,6653.3515625
65536,8,negate,openblas-leaf,2,128,963995,969405,7531.2109375,7573.4765625
65536,8,negate,openblas-aligned,2,128,848726,853947,6630.671875,6671.4609375
65536,8,negate,openblas,2,128,972967,978439,7601.3046875,7644.0546875
65536,8,negate,onemkl,2,128,855184,860530,6681.125,6722.890625
65536,8,negate,current,3,128,872068,877541,6813.03125,6855.7890625
65536,8,negate,pointers,3,128,866202,871701,6767.203125,6810.1640625
65536,8,negate,pipeline,3,128,867647,873092,6778.4921875,6821.03125
65536,8,negate,blocks,3,128,981527,986969,7668.1796875,7710.6953125
65536,8,negate,openblas-leaf,3,128,981699,987174,7669.5234375,7712.296875
65536,8,negate,openblas-aligned,3,128,866022,871379,6765.796875,6807.6484375
65536,8,negate,openblas,3,128,976509,981864,7628.9765625,7670.8125
65536,8,negate,onemkl,3,128,872697,878182,6817.9453125,6860.796875
65536,8,negate,current,4,128,864189,869919,6751.4765625,6796.2421875
65536,8,negate,pointers,4,128,864640,870320,6755,6799.375
65536,8,negate,pipeline,4,128,859365,864829,6713.7890625,6756.4765625
65536,8,negate,blocks,4,128,862939,868394,6741.7109375,6784.328125
65536,8,negate,openblas-leaf,4,128,972707,978277,7599.2734375,7642.7890625
65536,8,negate,openblas-aligned,4,128,862049,867523,6734.7578125,6777.5234375
65536,8,negate,openblas,4,128,985691,991044,7700.7109375,7742.53125
65536,8,negate,onemkl,4,128,865674,871173,6763.078125,6806.0390625
65536,8,negate,current,5,128,853327,858566,6666.6171875,6707.546875
65536,8,negate,pointers,5,128,848960,854322,6632.5,6674.390625
65536,8,negate,pipeline,5,128,849906,855208,6639.890625,6681.3125
65536,8,negate,blocks,5,128,857258,862566,6697.328125,6738.796875
65536,8,negate,openblas-leaf,5,128,959780,965110,7498.28125,7539.921875
65536,8,negate,openblas-aligned,5,128,858303,863617,6705.4921875,6747.0078125
65536,8,negate,openblas,5,128,962297,967704,7517.9453125,7560.1875
65536,8,negate,onemkl,5,128,852245,857530,6658.1640625,6699.453125
65536,8,negate,current,6,128,855550,861233,6683.984375,6728.3828125
65536,8,negate,pointers,6,128,861240,866731,6728.4375,6771.3359375
65536,8,negate,pipeline,6,128,863581,868856,6746.7265625,6787.9375
65536,8,negate,blocks,6,128,880583,886191,6879.5546875,6923.3671875
65536,8,negate,openblas-leaf,6,128,987334,992885,7713.546875,7756.9140625
65536,8,negate,openblas-aligned,6,128,870023,875645,6797.0546875,6840.9765625
65536,8,negate,openblas,6,128,979384,985207,7651.4375,7696.9296875
65536,8,negate,onemkl,6,128,860525,866087,6722.8515625,6766.3046875
65536,8,negate,current,7,128,969706,975018,7575.828125,7617.328125
65536,8,negate,pointers,7,128,845633,851015,6606.5078125,6648.5546875
65536,8,negate,pipeline,7,128,843912,849214,6593.0625,6634.484375
65536,8,negate,blocks,7,128,847219,852547,6618.8984375,6660.5234375
65536,8,negate,openblas-leaf,7,128,952337,957686,7440.1328125,7481.921875
65536,8,negate,openblas-aligned,7,128,843061,848312,6586.4140625,6627.4375
65536,8,negate,openblas,7,128,959569,1021779,7496.6328125,7982.6484375
65536,8,negate,onemkl,7,128,844701,850049,6599.2265625,6641.0078125
65536,8,powers-two,current,1,128,869446,874908,6792.546875,6835.21875
65536,8,powers-two,pointers,1,128,869411,874748,6792.2734375,6833.96875
65536,8,powers-two,pipeline,1,128,869835,875228,6795.5859375,6837.71875
65536,8,powers-two,blocks,1,128,870846,876190,6803.484375,6845.234375
65536,8,powers-two,openblas-leaf,1,128,993455,1000629,7761.3671875,7817.4140625
65536,8,powers-two,openblas-aligned,1,128,872669,878084,6817.7265625,6860.03125
65536,8,powers-two,openblas,1,128,1008796,1014139,7881.21875,7922.9609375
65536,8,powers-two,onemkl,1,128,868728,874097,6786.9375,6828.8828125
65536,8,powers-two,current,2,128,853323,858679,6666.5859375,6708.4296875
65536,8,powers-two,pointers,2,128,853663,859152,6669.2421875,6712.125
65536,8,powers-two,pipeline,2,128,851138,856684,6649.515625,6692.84375
65536,8,powers-two,blocks,2,128,882092,887777,6891.34375,6935.7578125
65536,8,powers-two,openblas-leaf,2,128,997223,1002985,7790.8046875,7835.8203125
65536,8,powers-two,openblas-aligned,2,128,861696,867322,6732,6775.953125
65536,8,powers-two,openblas,2,128,965646,971148,7544.109375,7587.09375
65536,8,powers-two,onemkl,2,128,856025,861329,6687.6953125,6729.1328125
65536,8,powers-two,current,3,128,863327,868620,6744.7421875,6786.09375
65536,8,powers-two,pointers,3,128,863939,869290,6749.5234375,6791.328125
65536,8,powers-two,pipeline,3,128,868252,873678,6783.21875,6825.609375
65536,8,powers-two,blocks,3,128,864180,869729,6751.40625,6794.7578125
65536,8,powers-two,openblas-leaf,3,128,976700,982031,7630.46875,7672.1171875
65536,8,powers-two,openblas-aligned,3,128,855979,861321,6687.3359375,6729.0703125
65536,8,powers-two,openblas,3,128,973419,978699,7604.8359375,7646.0859375
65536,8,powers-two,onemkl,3,128,863580,868958,6746.71875,6788.734375
65536,8,powers-two,current,4,128,885190,891019,6915.546875,6961.0859375
65536,8,powers-two,pointers,4,128,860955,866778,6726.2109375,6771.703125
65536,8,powers-two,pipeline,4,128,865109,870477,6758.6640625,6800.6015625
65536,8,powers-two,blocks,4,128,871462,908329,6808.296875,7096.3203125
65536,8,powers-two,openblas-leaf,4,128,975740,981469,7622.96875,7667.7265625
65536,8,powers-two,openblas-aligned,4,128,861364,866903,6729.40625,6772.6796875
65536,8,powers-two,openblas,4,128,1000310,1006341,7814.921875,7862.0390625
65536,8,powers-two,onemkl,4,128,866069,871897,6766.1640625,6811.6953125
65536,8,powers-two,current,5,128,855272,860716,6681.8125,6724.34375
65536,8,powers-two,pointers,5,128,859273,864585,6713.0703125,6754.5703125
65536,8,powers-two,pipeline,5,128,851558,856840,6652.796875,6694.0625
65536,8,powers-two,blocks,5,128,856092,861974,6688.21875,6734.171875
65536,8,powers-two,openblas-leaf,5,128,959024,964352,7492.375,7534
65536,8,powers-two,openblas-aligned,5,128,851828,857237,6654.90625,6697.1640625
65536,8,powers-two,openblas,5,128,964839,970107,7537.8046875,7578.9609375
65536,8,powers-two,onemkl,5,128,889266,894653,6947.390625,6989.4765625
65536,8,powers-two,current,6,128,872565,878227,6816.9140625,6861.1484375
65536,8,powers-two,pointers,6,128,868267,873899,6783.3359375,6827.3359375
65536,8,powers-two,pipeline,6,128,870081,875720,6797.5078125,6841.5625
65536,8,powers-two,blocks,6,128,870090,875555,6797.578125,6840.2734375
65536,8,powers-two,openblas-leaf,6,128,977190,982687,7634.296875,7677.2421875
65536,8,powers-two,openblas-aligned,6,128,869917,875740,6796.2265625,6841.71875
65536,8,powers-two,openblas,6,128,977500,983064,7636.71875,7680.1875
65536,8,powers-two,onemkl,6,128,896717,907407,7005.6015625,7089.1171875
65536,8,powers-two,current,7,128,851519,856821,6652.4921875,6693.9140625
65536,8,powers-two,pointers,7,128,852526,857801,6660.359375,6701.5703125
65536,8,powers-two,pipeline,7,128,860912,866245,6725.875,6767.5390625
65536,8,powers-two,blocks,7,128,849731,855126,6638.5234375,6680.671875
65536,8,powers-two,openblas-leaf,7,128,965985,971238,7546.7578125,7587.796875
65536,8,powers-two,openblas-aligned,7,128,962409,967756,7518.8203125,7560.59375
65536,8,powers-two,openblas,7,128,964128,969402,7532.25,7573.453125
65536,8,powers-two,onemkl,7,128,851015,856236,6648.5546875,6689.34375
65536,8,reset,current,1,128,2065507,2071948,16136.7734375,16187.09375
65536,8,reset,pointers,1,128,2055022,2061328,16054.859375,16104.125
65536,8,reset,pipeline,1,128,2078685,2084789,16239.7265625,16287.4140625
65536,8,reset,blocks,1,128,2039110,2045321,15930.546875,15979.0703125
65536,8,reset,openblas-leaf,1,128,2214718,2221056,17302.484375,17352
65536,8,reset,openblas-aligned,1,128,2051515,2057729,16027.4609375,16076.0078125
65536,8,reset,openblas,1,128,2195009,2201420,17148.5078125,17198.59375
65536,8,reset,onemkl,1,128,2168002,2174349,16937.515625,16987.1015625
65536,8,reset,current,2,128,2045065,2051403,15977.0703125,16026.5859375
65536,8,reset,pointers,2,128,2086603,2092853,16301.5859375,16350.4140625
65536,8,reset,pipeline,2,128,2059920,2066058,16093.125,16141.078125
65536,8,reset,blocks,2,128,2051317,2057548,16025.9140625,16074.59375
65536,8,reset,openblas-leaf,2,128,2192600,2198755,17129.6875,17177.7734375
65536,8,reset,openblas-aligned,2,128,2058372,2064565,16081.03125,16129.4140625
65536,8,reset,openblas,2,128,2193462,2199645,17136.421875,17184.7265625
65536,8,reset,onemkl,2,128,2092530,2101842,16347.890625,16420.640625
65536,8,reset,current,3,128,2082557,2089465,16269.9765625,16323.9453125
65536,8,reset,pointers,3,128,2069349,2075502,16166.7890625,16214.859375
65536,8,reset,pipeline,3,128,2190396,2196673,17112.46875,17161.5078125
65536,8,reset,blocks,3,128,2052093,2058238,16031.9765625,16079.984375
65536,8,reset,openblas-leaf,3,128,2221224,2227396,17353.3125,17401.53125
65536,8,reset,openblas-aligned,3,128,2056546,2062800,16066.765625,16115.625
65536,8,reset,openblas,3,128,2235117,2241450,17461.8515625,17511.328125
65536,8,reset,onemkl,3,128,2070816,2077199,16178.25,16228.1171875
65536,8,reset,current,4,128,2052549,2058893,16035.5390625,16085.1015625
65536,8,reset,pointers,4,128,2067593,2074051,16153.0703125,16203.5234375
65536,8,reset,pipeline,4,128,2049069,2055282,16008.3515625,16056.890625
65536,8,reset,blocks,4,128,2049379,2055673,16010.7734375,16059.9453125
65536,8,reset,openblas-leaf,4,128,2187526,2193617,17090.046875,17137.6328125
65536,8,reset,openblas-aligned,4,128,2051404,2057511,16026.59375,16074.3046875
65536,8,reset,openblas,4,128,2216692,2222881,17317.90625,17366.2578125
65536,8,reset,onemkl,4,128,2087406,2093879,16307.859375,16358.4296875
65536,8,reset,current,5,128,2067696,2073994,16153.875,16203.078125
65536,8,reset,pointers,5,128,2040313,2046549,15939.9453125,15988.6640625
65536,8,reset,pipeline,5,128,2050914,2057097,16022.765625,16071.0703125
65536,8,reset,blocks,5,128,2039722,2045868,15935.328125,15983.34375
65536,8,reset,openblas-leaf,5,128,2229587,2235882,17418.6484375,17467.828125
65536,8,reset,openblas-aligned,5,128,2074727,2081017,16208.8046875,16257.9453125
65536,8,reset,openblas,5,128,2238649,2244782,17489.4453125,17537.359375
65536,8,reset,onemkl,5,128,2060211,2066442,16095.3984375,16144.078125
65536,8,reset,current,6,128,2096454,2102622,16378.546875,16426.734375
65536,8,reset,pointers,6,128,2064924,2071111,16132.21875,16180.5546875
65536,8,reset,pipeline,6,128,2056821,2063120,16068.9140625,16118.125
65536,8,reset,blocks,6,128,2043952,2050091,15968.375,16016.3359375
65536,8,reset,openblas-leaf,6,128,2186117,2192235,17079.0390625,17126.8359375
65536,8,reset,openblas-aligned,6,128,2052580,2058948,16035.78125,16085.53125
65536,8,reset,openblas,6,128,2225035,2231343,17383.0859375,17432.3671875
65536,8,reset,onemkl,6,128,2069177,2075549,16165.4453125,16215.2265625
65536,8,reset,current,7,128,2064401,2070651,16128.1328125,16176.9609375
65536,8,reset,pointers,7,128,2046869,2052993,15991.1640625,16039.0078125
65536,8,reset,pipeline,7,128,2051834,2058049,16029.953125,16078.5078125
65536,8,reset,blocks,7,128,2056845,2063065,16069.1015625,16117.6953125
65536,8,reset,openblas-leaf,7,128,2218979,2225165,17335.7734375,17384.1015625
65536,8,reset,openblas-aligned,7,128,2223730,2229996,17372.890625,17421.84375
65536,8,reset,openblas,7,128,2215534,2221757,17308.859375,17357.4765625
65536,8,reset,onemkl,7,128,2063993,2070555,16124.9453125,16176.2109375
65536,16,negate,current,1,128,851598,857617,6653.109375,6700.1328125
65536,16,negate,pointers,1,128,846212,851560,6611.03125,6652.8125
65536,16,negate,pipeline,1,128,874500,879830,6832.03125,6873.671875
65536,16,negate,blocks,1,128,852271,859214,6658.3671875,6712.609375
65536,16,negate,openblas-leaf,1,128,962268,967899,7517.71875,7561.7109375
65536,16,negate,openblas-aligned,1,128,851452,857083,6651.96875,6695.9609375
65536,16,negate,openblas,1,128,968995,974438,7570.2734375,7612.796875
65536,16,negate,onemkl,1,128,850438,856024,6644.046875,6687.6875
65536,16,negate,current,2,128,861750,867066,6732.421875,6773.953125
65536,16,negate,pointers,2,128,857863,863182,6702.0546875,6743.609375
65536,16,negate,pipeline,2,128,859031,864441,6711.1796875,6753.4453125
65536,16,negate,blocks,2,128,860478,865983,6722.484375,6765.4921875
65536,16,negate,openblas-leaf,2,128,973732,979083,7607.28125,7649.0859375
65536,16,negate,openblas-aligned,2,128,865954,871504,6765.265625,6808.625
65536,16,negate,openblas,2,128,982938,988380,7679.203125,7721.71875
65536,16,negate,onemkl,2,128,862856,868446,6741.0625,6784.734375
65536,16,negate,current,3,128,848544,853812,6629.25,6670.40625
65536,16,negate,pointers,3,128,959114,964429,7493.078125,7534.6015625
65536,16,negate,pipeline,3,128,853112,858394,6664.9375,6706.203125
65536,16,negate,blocks,3,128,851393,856636,6651.5078125,6692.46875
65536,16,negate,openblas-leaf,3,128,959785,965139,7498.3203125,7540.1484375
65536,16,negate,openblas-aligned,3,128,851518,856783,6652.484375,6693.6171875
65536,16,negate,openblas,3,128,1007507,1043274,7871.1484375,8150.578125
65536,16,negate,onemkl,3,128,851163,856404,6649.7109375,6690.65625
65536,16,negate,current,4,128,855143,860799,6680.8046875,6724.9921875
65536,16,negate,pointers,4,128,852413,857905,6659.4765625,6702.3828125
65536,16,negate,pipeline,4,128,857377,862793,6698.2578125,6740.5703125
65536,16,negate,blocks,4,128,851950,857371,6655.859375,6698.2109375
65536,16,negate,openblas-leaf,4,128,962984,968524,7523.3125,7566.59375
65536,16,negate,openblas-aligned,4,128,851582,857126,6652.984375,6696.296875
65536,16,negate,openblas,4,128,978888,984259,7647.5625,7689.5234375
65536,16,negate,onemkl,4,128,865469,871220,6761.4765625,6806.40625
65536,16,negate,current,5,128,849071,854460,6633.3671875,6675.46875
65536,16,negate,pointers,5,128,853216,866013,6665.75,6765.7265625
65536,16,negate,pipeline,5,128,968856,974162,7569.1875,7610.640625
65536,16,negate,blocks,5,128,880754,886009,6880.890625,6921.9453125
65536,16,negate,openblas-leaf,5,128,961331,966655,7510.3984375,7551.9921875
65536,16,negate,openblas-aligned,5,128,852501,857825,6660.1640625,6701.7578125
65536,16,negate,openblas,5,128,962814,968040,7521.984375,7562.8125
65536,16,negate,onemkl,5,128,849833,855051,6639.3203125,6680.0859375
65536,16,negate,current,6,128,863392,869237,6745.25,6790.9140625
65536,16,negate,pointers,6,128,863998,869377,6749.984375,6792.0078125
65536,16,negate,pipeline,6,128,864765,870433,6755.9765625,6800.2578125
65536,16,negate,blocks,6,128,863392,868975,6745.25,6788.8671875
65536,16,negate,openblas-leaf,6,128,970911,976526,7585.2421875,7629.109375
65536,16,negate,openblas-aligned,6,128,860888,874977,6725.6875,6835.7578125
65536,16,negate,openblas,6,128,969894,975253,7577.296875,7619.1640625
65536,16,negate,onemkl,6,128,856979,862312,6695.1484375,6736.8125
65536,16,negate,current,7,128,851784,857145,6654.5625,6696.4453125
65536,16,negate,pointers,7,128,846442,851699,6612.828125,6653.8984375
65536,16,negate,pipeline,7,128,855714,861015,6685.265625,6726.6796875
65536,16,negate,blocks,7,128,851642,856913,6653.453125,6694.6328125
65536,16,negate,openblas-leaf,7,128,967407,972724,7557.8671875,7599.40625
65536,16,negate,openblas-aligned,7,128,857899,863165,6702.3359375,6743.4765625
65536,16,negate,openblas,7,128,1109322,1114625,8666.578125,8708.0078125
65536,16,negate,onemkl,7,128,850216,855464,6642.3125,6683.3125
65536,16,powers-two,current,1,128,855866,861301,6686.453125,6728.9140625
65536,16,powers-two,pointers,1,128,852378,857808,6659.203125,6701.625
65536,16,powers-two,pipeline,1,128,854962,860268,6679.390625,6720.84375
65536,16,powers-two,blocks,1,128,851882,857317,6655.328125,6697.7890625
65536,16,powers-two,openblas-leaf,1,128,969462,974839,7573.921875,7615.9296875
65536,16,powers-two,openblas-aligned,1,128,855764,861096,6685.65625,6727.3125
65536,16,powers-two,openblas,1,128,966028,971451,7547.09375,7589.4609375
65536,16,powers-two,onemkl,1,128,857031,862360,6695.5546875,6737.1875
65536,16,powers-two,current,2,128,862235,867840,6736.2109375,6780
65536,16,powers-two,pointers,2,128,862633,868056,6739.3203125,6781.6875
65536,16,powers-two,pipeline,2,128,861665,867345,6731.7578125,6776.1328125
65536,16,powers-two,blocks,2,128,865504,871270,6761.75,6806.796875
65536,16,powers-two,openblas-leaf,2,128,972895,978309,7600.7421875,7643.0390625
65536,16,powers-two,openblas-aligned,2,128,860845,871048,6725.3515625,6805.0625
65536,16,powers-two,openblas,2,128,977550,983450,7637.109375,7683.203125
65536,16,powers-two,onemkl,2,128,869067,874587,6789.5859375,6832.7109375
65536,16,powers-two,current,3,128,849463,854865,6636.4296875,6678.6328125
65536,16,powers-two,pointers,3,128,856419,861890,6690.7734375,6733.515625
65536,16,powers-two,pipeline,3,128,1024291,1037041,8002.2734375,8101.8828125
65536,16,powers-two,blocks,3,128,847101,852456,6617.9765625,6659.8125
65536,16,powers-two,openblas-leaf,3,128,959632,965021,7497.125,7539.2265625
65536,16,powers-two,openblas-aligned,3,128,854452,860952,6675.40625,6726.1875
65536,16,powers-two,openblas,3,128,967251,972635,7556.6484375,7598.7109375
65536,16,powers-two,onemkl,3,128,853593,858930,6668.6953125,6710.390625
65536,16,powers-two,current,4,128,882354,887977,6893.390625,6937.3203125
65536,16,powers-two,pointers,4,128,863891,869395,6749.1484375,6792.1484375
65536,16,powers-two,pipeline,4,128,860334,865934,6721.359375,6765.109375
65536,16,powers-two,blocks,4,128,859383,868646,6713.9296875,6786.296875
65536,16,powers-two,openblas-leaf,4,128,971133,976754,7586.9765625,7630.890625
65536,16,powers-two,openblas-aligned,4,128,865259,870825,6759.8359375,6803.3203125
65536,16,powers-two,openblas,4,128,991146,997221,7743.328125,7790.7890625
65536,16,powers-two,onemkl,4,128,865464,871018,6761.4375,6804.828125
65536,16,powers-two,current,5,128,856057,861477,6687.9453125,6730.2890625
65536,16,powers-two,pointers,5,128,852540,857948,6660.46875,6702.71875
65536,16,powers-two,pipeline,5,128,856712,862072,6693.0625,6734.9375
65536,16,powers-two,blocks,5,128,854897,860249,6678.8828125,6720.6953125
65536,16,powers-two,openblas-leaf,5,128,960347,965674,7502.7109375,7544.328125
65536,16,powers-two,openblas-aligned,5,128,854727,859973,6677.5546875,6718.5390625
65536,16,powers-two,openblas,5,128,963353,968751,7526.1953125,7568.3671875
65536,16,powers-two,onemkl,5,128,853866,859183,6670.828125,6712.3671875
65536,16,powers-two,current,6,128,860558,866208,6723.109375,6767.25
65536,16,powers-two,pointers,6,128,858814,864521,6709.484375,6754.0703125
65536,16,powers-two,pipeline,6,128,861102,866966,6727.359375,6773.171875
65536,16,powers-two,blocks,6,128,862615,868147,6739.1796875,6782.3984375
65536,16,powers-two,openblas-leaf,6,128,983721,991974,7685.3203125,7749.796875
65536,16,powers-two,openblas-aligned,6,128,867393,876693,6776.5078125,6849.1640625
65536,16,powers-two,openblas,6,128,978506,984231,7644.578125,7689.3046875
65536,16,powers-two,onemkl,6,128,861045,866452,6726.9140625,6769.15625
65536,16,powers-two,current,7,128,858222,863524,6704.859375,6746.28125
65536,16,powers-two,pointers,7,128,856847,862209,6694.1171875,6736.0078125
65536,16,powers-two,pipeline,7,128,853625,858898,6668.9453125,6710.140625
65536,16,powers-two,blocks,7,128,852416,857686,6659.5,6700.671875
65536,16,powers-two,openblas-leaf,7,128,966774,972372,7552.921875,7596.65625
65536,16,powers-two,openblas-aligned,7,128,884360,889609,6909.0625,6950.0703125
65536,16,powers-two,openblas,7,128,973035,978419,7601.8359375,7643.8984375
65536,16,powers-two,onemkl,7,128,879314,884566,6869.640625,6910.671875
65536,16,reset,current,1,128,2016595,2022705,15754.6484375,15802.3828125
65536,16,reset,pointers,1,128,2014043,2020188,15734.7109375,15782.71875
65536,16,reset,pipeline,1,128,2034838,2041170,15897.171875,15946.640625
65536,16,reset,blocks,1,128,2046746,2052840,15990.203125,16037.8125
65536,16,reset,openblas-leaf,1,128,2141684,2147970,16731.90625,16781.015625
65536,16,reset,openblas-aligned,1,128,2023097,2029456,15805.4453125,15855.125
65536,16,reset,openblas,1,128,2149968,2156547,16796.625,16848.0234375
65536,16,reset,onemkl,1,128,2016383,2022508,15752.9921875,15800.84375
65536,16,reset,current,2,128,2079456,2085640,16245.75,16294.0625
65536,16,reset,pointers,2,128,2010109,2016223,15703.9765625,15751.7421875
65536,16,reset,pipeline,2,128,2033645,2039633,15887.8515625,15934.6328125
65536,16,reset,blocks,2,128,2215054,2221351,17305.109375,17354.3046875
65536,16,reset,openblas-leaf,2,128,2179545,2186005,17027.6953125,17078.1640625
65536,16,reset,openblas-aligned,2,128,2046928,2053124,15991.625,16040.03125
65536,16,reset,openblas,2,128,2271350,2277713,17744.921875,17794.6328125
65536,16,reset,onemkl,2,128,2069691,2075951,16169.4609375,16218.3671875
65536,16,reset,current,3,128,2017541,2023942,15762.0390625,15812.046875
65536,16,reset,pointers,3,128,2023301,2029366,15807.0390625,15854.421875
65536,16,reset,pipeline,3,128,2020000,2026577,15781.25,15832.6328125
65536,16,reset,blocks,3,128,1995581,2001730,15590.4765625,15638.515625
65536,16,reset,openblas-leaf,3,128,2206997,2213104,17242.1640625,17289.875
65536,16,reset,openblas-aligned,3,128,2007351,2013542,15682.4296875,15730.796875
65536,16,reset,openblas,3,128,2188295,2194555,17096.0546875,17144.9609375
65536,16,reset,onemkl,3,128,2013010,2020062,15726.640625,15781.734375
65536,16,reset,current,4,128,2030252,2036534,15861.34375,15910.421875
65536,16,reset,pointers,4,128,2035570,2041836,15902.890625,15951.84375
65536,16,reset,pipeline,4,128,2039442,2045934,15933.140625,15983.859375
65536,16,reset,blocks,4,128,2050023,2056281,16015.8046875,16064.6953125
65536,16,reset,openblas-leaf,4,128,2182583,2188854,17051.4296875,17100.421875
65536,16,reset,openblas-aligned,4,128,1988015,1994087,15531.3671875,15578.8046875
65536,16,reset,openblas,4,128,2171955,2178096,16968.3984375,17016.375
65536,16,reset,onemkl,4,128,2026516,2032794,15832.15625,15881.203125
65536,16,reset,current,5,128,2056513,2062751,16066.5078125,16115.2421875
65536,16,reset,pointers,5,128,2103802,2109865,16435.953125,16483.3203125
65536,16,reset,pipeline,5,128,1999860,2006000,15623.90625,15671.875
65536,16,reset,blocks,5,128,2024858,2030976,15819.203125,15867
65536,16,reset,openblas-leaf,5,128,2177615,2183908,17012.6171875,17061.78125
65536,16,reset,openblas-aligned,5,128,2071488,2077524,16183.5,16230.65625
65536,16,reset,openblas,5,128,2184305,2190497,17064.8828125,17113.2578125
65536,16,reset,onemkl,5,128,2013995,2020269,15734.3359375,15783.3515625
65536,16,reset,current,6,128,2014807,2021066,15740.6796875,15789.578125
65536,16,reset,pointers,6,128,2039716,2046098,15935.28125,15985.140625
65536,16,reset,pipeline,6,128,2041980,2048188,15952.96875,16001.46875
65536,16,reset,blocks,6,128,2024472,2030582,15816.1875,15863.921875
65536,16,reset,openblas-leaf,6,128,2178757,2184991,17021.5390625,17070.2421875
65536,16,reset,openblas-aligned,6,128,2012286,2018443,15720.984375,15769.0859375
65536,16,reset,openblas,6,128,2165271,2171486,16916.1796875,16964.734375
65536,16,reset,onemkl,6,128,2036463,2042914,15909.8671875,15960.265625
65536,16,reset,current,7,128,2057420,2063690,16073.59375,16122.578125
65536,16,reset,pointers,7,128,2064347,2070680,16127.7109375,16177.1875
65536,16,reset,pipeline,7,128,2070803,2079344,16178.1484375,16244.875
65536,16,reset,blocks,7,128,2082797,2089158,16271.8515625,16321.546875
65536,16,reset,openblas-leaf,7,128,2185361,2191613,17073.1328125,17121.9765625
65536,16,reset,openblas-aligned,7,128,2033865,2040464,15889.5703125,15941.125
65536,16,reset,openblas,7,128,2206659,2212955,17239.5234375,17288.7109375
65536,16,reset,onemkl,7,128,2051674,2058072,16028.703125,16078.6875
65536,24,negate,current,1,128,881255,886905,6884.8046875,6928.9453125
65536,24,negate,pointers,1,128,874738,880264,6833.890625,6877.0625
65536,24,negate,pipeline,1,128,868371,873762,6784.1484375,6826.265625
65536,24,negate,blocks,1,128,876836,882330,6850.28125,6893.203125
65536,24,negate,openblas-leaf,1,128,987297,992842,7713.2578125,7756.578125
65536,24,negate,openblas-aligned,1,128,878320,883774,6861.875,6904.484375
65536,24,negate,openblas,1,128,1037785,1043236,8107.6953125,8150.28125
65536,24,negate,onemkl,1,128,886432,891869,6925.25,6967.7265625
65536,24,negate,current,2,128,860089,865498,6719.4453125,6761.703125
65536,24,negate,pointers,2,128,862610,868345,6739.140625,6783.9453125
65536,24,negate,pipeline,2,128,862242,867901,6736.265625,6780.4765625
65536,24,negate,blocks,2,128,861143,866553,6727.6796875,6769.9453125
65536,24,negate,openblas-leaf,2,128,986901,992314,7710.1640625,7752.453125
65536,24,negate,openblas-aligned,2,128,876475,882112,6847.4609375,6891.5
65536,24,negate,openblas,2,128,973756,979335,7607.46875,7651.0546875
65536,24,negate,onemkl,2,128,868534,874015,6785.421875,6828.2421875
65536,24,negate,current,3,128,857075,862490,6695.8984375,6738.203125
65536,24,negate,pointers,3,128,857413,862726,6698.5390625,6740.046875
65536,24,negate,pipeline,3,128,855302,860717,6682.046875,6724.3515625
65536,24,negate,blocks,3,128,856523,861925,6691.5859375,6733.7890625
65536,24,negate,openblas-leaf,3,128,986774,992145,7709.171875,7751.1328125
65536,24,negate,openblas-aligned,3,128,866104,871436,6766.4375,6808.09375
65536,24,negate,openblas,3,128,1083900,1089313,8467.96875,8510.2578125
65536,24,negate,onemkl,3,128,860935,866286,6726.0546875,6767.859375
65536,24,negate,current,4,128,865351,871256,6760.5546875,6806.6875
65536,24,negate,pointers,4,128,873381,879105,6823.2890625,6868.0078125
65536,24,negate,pipeline,4,128,875367,880889,6838.8046875,6881.9453125
65536,24,negate,blocks,4,128,869519,875345,6793.1171875,6838.6328125
65536,24,negate,openblas-leaf,4,128,976811,982293,7631.3359375,7674.1640625
65536,24,negate,openblas-aligned,4,128,863365,869097,6745.0390625,6789.8203125
65536,24,negate,openblas,4,128,980574,985963,7660.734375,7702.8359375
65536,24,negate,onemkl,4,128,869870,875368,6795.859375,6838.8125
65536,24,negate,current,5,128,856157,861599,6688.7265625,6731.2421875
65536,24,negate,pointers,5,128,859224,864628,6712.6875,6754.90625
65536,24,negate,pipeline,5,128,854037,859330,6672.1640625,6713.515625
65536,24,negate,blocks,5,128,859304,866368,6713.3125,6768.5
65536,24,negate,openblas-leaf,5,128,1085143,1090785,8477.6796875,8521.7578125
65536,24,negate,openblas-aligned,5,128,858644,863966,6708.15625,6749.734375
65536,24,negate,openblas,5,128,969002,974334,7570.328125,7611.984375
65536,24,negate,onemkl,5,128,858966,864347,6710.671875,6752.7109375
65536,24,negate,current,6,128,902781,923625,7052.9765625,7215.8203125
65536,24,negate,pointers,6,128,871126,876655,6805.671875,6848.8671875
65536,24,negate,pipeline,6,128,871312,876738,6807.125,6849.515625
65536,24,negate,blocks,6,128,869164,874903,6790.34375,6835.1796875
65536,24,negate,openblas-leaf,6,128,981913,987644,7671.1953125,7715.96875
65536,24,negate,openblas-aligned,6,128,876571,882046,6848.2109375,6890.984375
65536,24,negate,openblas,6,128,982714,988258,7677.453125,7720.765625
65536,24,negate,onemkl,6,128,873410,878969,6823.515625,6866.9453125
65536,24,negate,current,7,128,852554,857965,6660.578125,6702.8515625
65536,24,negate,pointers,7,128,851814,857207,6654.796875,6696.9296875
65536,24,negate,pipeline,7,128,853997,859501,6671.8515625,6714.8515625
65536,24,negate,blocks,7,128,851856,857266,6655.125,6697.390625
65536,24,negate,openblas-leaf,7,128,966188,971841,7548.34375,7592.5078125
65536,24,negate,openblas-aligned,7,128,854373,859704,6674.7890625,6716.4375
65536,24,negate,openblas,7,128,967505,972875,7558.6328125,7600.5859375
65536,24,negate,onemkl,7,128,852741,858068,6662.0390625,6703.65625
65536,24,powers-two,current,1,128,866008,871393,6765.6875,6807.7578125
65536,24,powers-two,pointers,1,128,863275,868556,6744.3359375,6785.59375
65536,24,powers-two,pipeline,1,128,866355,871733,6768.3984375,6810.4140625
65536,24,powers-two,blocks,1,128,977925,983260,7640.0390625,7681.71875
65536,24,powers-two,openblas-leaf,1,128,988586,993959,7723.328125,7765.3046875
65536,24,powers-two,openblas-aligned,1,128,870586,875906,6801.453125,6843.015625
65536,24,powers-two,openblas,1,128,990390,995638,7737.421875,7778.421875
65536,24,powers-two,onemkl,1,128,866038,871439,6765.921875,6808.1171875
65536,24,powers-two,current,2,128,881488,887040,6886.625,6930
65536,24,powers-two,pointers,2,128,888947,939456,6944.8984375,7339.5
65536,24,powers-two,pipeline,2,128,886747,892297,6927.7109375,6971.0703125
65536,24,powers-two,blocks,2,128,889941,895292,6952.6640625,6994.46875
65536,24,powers-two,openblas-leaf,2,128,991324,997155,7744.71875,7790.2734375
65536,24,powers-two,openblas-aligned,2,128,869696,875549,6794.5,6840.2265625
65536,24,powers-two,openblas,2,128,987105,992525,7711.7578125,7754.1015625
65536,24,powers-two,onemkl,2,128,870855,876240,6803.5546875,6845.625
65536,24,powers-two,current,3,128,858891,864171,6710.0859375,6751.3359375
65536,24,powers-two,pointers,3,128,854020,859422,6672.03125,6714.234375
65536,24,powers-two,pipeline,3,128,853550,858846,6668.359375,6709.734375
65536,24,powers-two,blocks,3,128,853066,858312,6664.578125,6705.5625
65536,24,powers-two,openblas-leaf,3,128,1071936,1077215,8374.5,8415.7421875
65536,24,powers-two,openblas-aligned,3,128,851665,856882,6653.6328125,6694.390625
65536,24,powers-two,openblas,3,128,972413,977677,7596.9765625,7638.1015625
65536,24,powers-two,onemkl,3,128,852094,857360,6656.984375,6698.125
65536,24,powers-two,current,4,128,875684,881689,6841.28125,6888.1953125
65536,24,powers-two,pointers,4,128,877399,882917,6854.6796875,6897.7890625
65536,24,powers-two,pipeline,4,128,882079,887554,6891.2421875,6934.015625
65536,24,powers-two,blocks,4,128,898291,929323,7017.8984375,7260.3359375
65536,24,powers-two,openblas-leaf,4,128,996954,1011453,7788.703125,7901.9765625
65536,24,powers-two,openblas-aligned,4,128,875899,881325,6842.9609375,6885.3515625
65536,24,powers-two,openblas,4,128,992990,998372,7757.734375,7799.78125
65536,24,powers-two,onemkl,4,128,870371,876062,6799.7734375,6844.234375
65536,24,powers-two,current,5,128,854363,859687,6674.7109375,6716.3046875
65536,24,powers-two,pointers,5,128,849119,854434,6633.7421875,6675.265625
65536,24,powers-two,pipeline,5,128,853578,858870,6668.578125,6709.921875
65536,24,powers-two,blocks,5,128,867238,872434,6775.296875,6815.890625
65536,24,powers-two,openblas-leaf,5,128,983404,988682,7682.84375,7724.078125
65536,24,powers-two,openblas-aligned,5,128,854736,860008,6677.625,6718.8125
65536,24,powers-two,openblas,5,128,967887,973256,7561.6171875,7603.5625
65536,24,powers-two,onemkl,5,128,854840,860176,6678.4375,6720.125
65536,24,powers-two,current,6,128,867242,872627,6775.328125,6817.3984375
65536,24,powers-two,pointers,6,128,869650,875270,6794.140625,6838.046875
65536,24,powers-two,pipeline,6,128,871132,876483,6805.71875,6847.5234375
65536,24,powers-two,blocks,6,128,881058,886527,6883.265625,6925.9921875
65536,24,powers-two,openblas-leaf,6,128,1005188,1010704,7853.03125,7896.125
65536,24,powers-two,openblas-aligned,6,128,868645,873978,6786.2890625,6827.953125
65536,24,powers-two,openblas,6,128,984360,989774,7690.3125,7732.609375
65536,24,powers-two,onemkl,6,128,974900,980183,7616.40625,7657.6796875
65536,24,powers-two,current,7,128,869157,874784,6790.2890625,6834.25
65536,24,powers-two,pointers,7,128,856198,861953,6689.046875,6734.0078125
65536,24,powers-two,pipeline,7,128,882419,888625,6893.8984375,6942.3828125
65536,24,powers-two,blocks,7,128,856068,861522,6688.03125,6730.640625
65536,24,powers-two,openblas-leaf,7,128,977801,983353,7639.0703125,7682.4453125
65536,24,powers-two,openblas-aligned,7,128,858577,864121,6707.6328125,6750.9453125
65536,24,powers-two,openblas,7,128,1001886,1007329,7827.234375,7869.7578125
65536,24,powers-two,onemkl,7,128,861339,867221,6729.2109375,6775.1640625
65536,24,reset,current,1,128,2110189,2116623,16485.8515625,16536.1171875
65536,24,reset,pointers,1,128,2097593,2103925,16387.4453125,16436.9140625
65536,24,reset,pipeline,1,128,2095458,2101858,16370.765625,16420.765625
65536,24,reset,blocks,1,128,2123258,2129547,16587.953125,16637.0859375
65536,24,reset,openblas-leaf,1,128,2234375,2240575,17456.0546875,17504.4921875
65536,24,reset,openblas-aligned,1,128,2094955,2101215,16366.8359375,16415.7421875
65536,24,reset,openblas,1,128,2247091,2253482,17555.3984375,17605.328125
65536,24,reset,onemkl,1,128,2089310,2095751,16322.734375,16373.0546875
65536,24,reset,current,2,128,2071271,2083131,16181.8046875,16274.4609375
65536,24,reset,pointers,2,128,2075338,2081537,16213.578125,16262.0078125
65536,24,reset,pipeline,2,128,2074047,2080356,16203.4921875,16252.78125
65536,24,reset,blocks,2,128,2076691,2083389,16224.1484375,16276.4765625
65536,24,reset,openblas-leaf,2,128,2265309,2271731,17697.7265625,17747.8984375
65536,24,reset,openblas-aligned,2,128,2108519,2118499,16472.8046875,16550.7734375
65536,24,reset,openblas,2,128,2264976,2271542,17695.125,17746.421875
65536,24,reset,onemkl,2,128,2076269,2082445,16220.8515625,16269.1015625
65536,24,reset,current,3,128,2072286,2078552,16189.734375,16238.6875
65536,24,reset,pointers,3,128,2068589,2076642,16160.8515625,16223.765625
65536,24,reset,pipeline,3,128,2084298,2090639,16283.578125,16333.1171875
65536,24,reset,blocks,3,128,2095837,2102136,16373.7265625,16422.9375
65536,24,reset,openblas-leaf,3,128,2222862,2229079,17366.109375,17414.6796875
65536,24,reset,openblas-aligned,3,128,2064532,2070776,16129.15625,16177.9375
65536,24,reset,openblas,3,128,2240781,2247014,17506.1015625,17554.796875
65536,24,reset,onemkl,3,128,2082225,2088498,16267.3828125,16316.390625
65536,24,reset,current,4,128,2204127,2210517,17219.7421875,17269.6640625
65536,24,reset,pointers,4,128,2146929,2153274,16772.8828125,16822.453125
65536,24,reset,pipeline,4,128,2077873,2084111,16233.3828125,16282.1171875
65536,24,reset,blocks,4,128,2096010,2104925,16375.078125,16444.7265625
65536,24,reset,openblas-leaf,4,128,2224273,2230599,17377.1328125,17426.5546875
65536,24,reset,openblas-aligned,4,128,2093829,2100194,16358.0390625,16407.765625
65536,24,reset,openblas,4,128,2204874,2211423,17225.578125,17276.7421875
65536,24,reset,onemkl,4,128,2070573,2078088,16176.3515625,16235.0625
65536,24,reset,current,5,128,2068757,2075129,16162.1640625,16211.9453125
65536,24,reset,pointers,5,128,2115336,2122120,16526.0625,16579.0625
65536,24,reset,pipeline,5,128,2068374,2074779,16159.171875,16209.2109375
65536,24,reset,blocks,5,128,2076931,2083169,16226.0234375,16274.7578125
65536,24,reset,openblas-leaf,5,128,2296526,2302722,17941.609375,17990.015625
65536,24,reset,openblas-aligned,5,128,2069043,2075404,16164.3984375,16214.09375
65536,24,reset,openblas,5,128,2259966,2266308,17655.984375,17705.53125
65536,24,reset,onemkl,5,128,2069011,2075215,16164.1484375,16212.6171875
65536,24,reset,current,6,128,2051674,2057801,16028.703125,16076.5703125
65536,24,reset,pointers,6,128,2043432,2049696,15964.3125,16013.25
65536,24,reset,pipeline,6,128,2075851,2082072,16217.5859375,16266.1875
65536,24,reset,blocks,6,128,2093001,2099262,16351.5703125,16400.484375
65536,24,reset,openblas-leaf,6,128,2308787,2343768,18037.3984375,18310.6875
65536,24,reset,openblas-aligned,6,128,2057894,2064206,16077.296875,16126.609375
65536,24,reset,openblas,6,128,2352317,2358596,18377.4765625,18426.53125
65536,24,reset,onemkl,6,128,2052896,2059070,16038.25,16086.484375
65536,24,reset,current,7,128,2091584,2097999,16340.5,16390.6171875
65536,24,reset,pointers,7,128,2117344,2123599,16541.75,16590.6171875
65536,24,reset,pipeline,7,128,2067717,2074024,16154.0390625,16203.3125
65536,24,reset,blocks,7,128,2253920,2260235,17608.75,17658.0859375
65536,24,reset,openblas-leaf,7,128,2233827,2240115,17451.7734375,17500.8984375
65536,24,reset,openblas-aligned,7,128,2077710,2084121,16232.109375,16282.1953125
65536,24,reset,openblas,7,128,2266120,2272380,17704.0625,17752.96875
65536,24,reset,onemkl,7,128,2081265,2087521,16259.8828125,16308.7578125
