n,offset_bytes,mode,implementation,sample,operations,cpu_ns,wall_ns,cpu_ns_per_op,wall_ns_per_op
64,0,negate,current,1,131072,565660,570882,4.315643310546875,4.3554840087890625
64,0,negate,pointers,1,131072,648752,653890,4.9495849609375,4.9887847900390625
64,0,negate,pipeline,1,131072,620020,625308,4.730377197265625,4.770721435546875
64,0,negate,openblas-leaf,1,131072,628300,633363,4.793548583984375,4.8321762084960938
64,0,negate,openblas-aligned,1,131072,661308,666359,5.045379638671875,5.0839157104492188
64,0,negate,openblas,1,131072,869192,874349,6.63140869140625,6.6707534790039062
64,0,negate,onemkl,1,131072,1417939,1423153,10.818016052246094,10.857795715332031
64,0,negate,current,2,131072,586770,592011,4.4766998291015625,4.5166854858398438
64,0,negate,pointers,2,131072,676717,681925,5.1629409790039062,5.2026748657226562
64,0,negate,pipeline,2,131072,619461,624593,4.7261123657226562,4.7652664184570312
64,0,negate,openblas-leaf,2,131072,655911,661207,5.0042037963867188,5.0446090698242188
64,0,negate,openblas-aligned,2,131072,690085,702359,5.2649307250976562,5.3585739135742188
64,0,negate,openblas,2,131072,907821,913024,6.9261245727539062,6.9658203125
64,0,negate,onemkl,2,131072,1454067,1459238,11.093650817871094,11.133102416992188
64,0,negate,current,3,131072,587092,592601,4.479156494140625,4.5211868286132812
64,0,negate,pointers,3,131072,677657,683065,5.1701126098632812,5.2113723754882812
64,0,negate,pipeline,3,131072,619499,624995,4.7264022827148438,4.7683334350585938
64,0,negate,openblas-leaf,3,131072,659300,665011,5.030059814453125,5.0736312866210938
64,0,negate,openblas-aligned,3,131072,687190,692539,5.2428436279296875,5.2836532592773438
64,0,negate,openblas,3,131072,895738,901028,6.8339385986328125,6.874298095703125
64,0,negate,onemkl,3,131072,1494620,1500205,11.403045654296875,11.445655822753906
64,0,negate,current,4,131072,598421,603779,4.5655899047851562,4.6064682006835938
64,0,negate,pointers,4,131072,680493,685781,5.1917495727539062,5.2320938110351562
64,0,negate,pipeline,4,131072,663418,668871,5.0614776611328125,5.1030807495117188
64,0,negate,openblas-leaf,4,131072,656880,662262,5.0115966796875,5.0526580810546875
64,0,negate,openblas-aligned,4,131072,696300,701628,5.312347412109375,5.352996826171875
64,0,negate,openblas,4,131072,1031984,1037403,7.8734130859375,7.9147567749023438
64,0,negate,onemkl,4,131072,1490950,1496223,11.375045776367188,11.415275573730469
64,0,negate,current,5,131072,583826,589082,4.4542388916015625,4.4943389892578125
64,0,negate,pointers,5,131072,665027,670204,5.0737533569335938,5.113250732421875
64,0,negate,pipeline,5,131072,668816,674077,5.1026611328125,5.1427993774414062
64,0,negate,openblas-leaf,5,131072,652450,657780,4.9777984619140625,5.018463134765625
64,0,negate,openblas-aligned,5,131072,683185,688515,5.2122879028320312,5.2529525756835938
64,0,negate,openblas,5,131072,893759,899075,6.8188400268554688,6.8593978881835938
64,0,negate,onemkl,5,131072,1524720,1530028,11.6326904296875,11.673187255859375
64,0,negate,current,6,131072,595115,600577,4.5403671264648438,4.5820388793945312
64,0,negate,pointers,6,131072,685358,690867,5.2288665771484375,5.2708969116210938
64,0,negate,pipeline,6,131072,664514,669976,5.0698394775390625,5.11151123046875
64,0,negate,openblas-leaf,6,131072,646491,651896,4.9323348999023438,4.97357177734375
64,0,negate,openblas-aligned,6,131072,692660,698065,5.284576416015625,5.3258132934570312
64,0,negate,openblas,6,131072,904280,909954,6.89910888671875,6.9423980712890625
64,0,negate,onemkl,6,131072,1488622,1494615,11.357284545898438,11.403007507324219
64,0,negate,current,7,131072,599488,604854,4.57373046875,4.6146697998046875
64,0,negate,pointers,7,131072,668346,673659,5.0990753173828125,5.1396102905273438
64,0,negate,pipeline,7,131072,677646,683039,5.1700286865234375,5.2111740112304688
64,0,negate,openblas-leaf,7,131072,671108,676564,5.120147705078125,5.161773681640625
64,0,negate,openblas-aligned,7,131072,703538,708881,5.3675689697265625,5.4083328247070312
64,0,negate,openblas,7,131072,924471,930124,7.0531539916992188,7.096282958984375
64,0,negate,onemkl,7,131072,1506434,1512042,11.493179321289062,11.535964965820312
64,0,powers-two,current,1,131072,645745,651050,4.9266433715820312,4.9671173095703125
64,0,powers-two,pointers,1,131072,721224,726647,5.50250244140625,5.5438766479492188
64,0,powers-two,pipeline,1,131072,720106,725382,5.4939727783203125,5.5342254638671875
64,0,powers-two,openblas-leaf,1,131072,704175,709552,5.3724288940429688,5.4134521484375
64,0,powers-two,openblas-aligned,1,131072,722810,728139,5.5146026611328125,5.5552597045898438
64,0,powers-two,openblas,1,131072,937253,942719,7.1506729125976562,7.1923751831054688
64,0,powers-two,onemkl,1,131072,1531119,1536463,11.681510925292969,11.722282409667969
64,0,powers-two,current,2,131072,645835,651122,4.9273300170898438,4.9676666259765625
64,0,powers-two,pointers,2,131072,751853,757290,5.7361831665039062,5.7776641845703125
64,0,powers-two,pipeline,2,131072,708175,715483,5.4029464721679688,5.4587020874023438
64,0,powers-two,openblas-leaf,2,131072,713783,719177,5.4457321166992188,5.4868850708007812
64,0,powers-two,openblas-aligned,2,131072,726541,731892,5.5430679321289062,5.583892822265625
64,0,powers-two,openblas,2,131072,938678,944234,7.1615447998046875,7.2039337158203125
64,0,powers-two,onemkl,2,131072,1530035,1535445,11.673240661621094,11.714515686035156
64,0,powers-two,current,3,131072,657004,662525,5.012542724609375,5.0546646118164062
64,0,powers-two,pointers,3,131072,731159,736756,5.5783004760742188,5.621002197265625
64,0,powers-two,pipeline,3,131072,698382,703774,5.3282318115234375,5.3693695068359375
64,0,powers-two,openblas-leaf,3,131072,687207,692585,5.2429733276367188,5.2840042114257812
64,0,powers-two,openblas-aligned,3,131072,712615,717969,5.4368209838867188,5.4776687622070312
64,0,powers-two,openblas,3,131072,934997,940634,7.1334609985351562,7.1764678955078125
64,0,powers-two,onemkl,3,131072,1526227,1672154,11.644187927246094,12.757522583007812
64,0,powers-two,current,4,131072,645139,650427,4.9220199584960938,4.9623641967773438
64,0,powers-two,pointers,4,131072,720568,725970,5.49749755859375,5.5387115478515625
64,0,powers-two,pipeline,4,131072,695523,700763,5.3064193725585938,5.3463973999023438
64,0,powers-two,openblas-leaf,4,131072,688741,694057,5.2546768188476562,5.2952346801757812
64,0,powers-two,openblas-aligned,4,131072,730760,746718,5.57525634765625,5.6970062255859375
64,0,powers-two,openblas,4,131072,999577,1010625,7.6261672973632812,7.7104568481445312
64,0,powers-two,onemkl,4,131072,1526833,1532094,11.648811340332031,11.688949584960938
64,0,powers-two,current,5,131072,643919,649327,4.9127120971679688,4.9539718627929688
64,0,powers-two,pointers,5,131072,694482,712105,5.2984771728515625,5.4329299926757812
64,0,powers-two,pipeline,5,131072,665140,676796,5.074615478515625,5.163543701171875
64,0,powers-two,openblas-leaf,5,131072,693727,699118,5.2927169799804688,5.3338470458984375
64,0,powers-two,openblas-aligned,5,131072,711084,716336,5.425140380859375,5.4652099609375
64,0,powers-two,openblas,5,131072,922310,927747,7.0366668701171875,7.0781478881835938
64,0,powers-two,onemkl,5,131072,1529643,1554664,11.670249938964844,11.86114501953125
64,0,powers-two,current,6,131072,641517,646909,4.8943862915039062,4.9355239868164062
64,0,powers-two,pointers,6,131072,665884,671317,5.080291748046875,5.1217422485351562
64,0,powers-two,pipeline,6,131072,711038,716535,5.4247894287109375,5.4667282104492188
64,0,powers-two,openblas-leaf,6,131072,692147,697677,5.2806625366210938,5.3228530883789062
64,0,powers-two,openblas-aligned,6,131072,722288,727620,5.5106201171875,5.551300048828125
64,0,powers-two,openblas,6,131072,914632,920191,6.97808837890625,7.0205001831054688
64,0,powers-two,onemkl,6,131072,1535248,1540692,11.7130126953125,11.754547119140625
64,0,powers-two,current,7,131072,662386,667755,5.0536041259765625,5.0945663452148438
64,0,powers-two,pointers,7,131072,686110,691521,5.2346038818359375,5.2758865356445312
64,0,powers-two,pipeline,7,131072,716433,721744,5.4659500122070312,5.5064697265625
64,0,powers-two,openblas-leaf,7,131072,693890,699581,5.2939605712890625,5.3373794555664062
64,0,powers-two,openblas-aligned,7,131072,804277,809596,6.1361465454101562,6.176727294921875
64,0,powers-two,openblas,7,131072,908851,914207,6.9339828491210938,6.9748458862304688
64,0,powers-two,onemkl,7,131072,1530865,1536104,11.679573059082031,11.71954345703125
64,0,reset,current,1,131072,1105058,1110753,8.4309234619140625,8.4743728637695312
64,0,reset,pointers,1,131072,1165603,1171252,8.8928451538085938,8.935943603515625
64,0,reset,pipeline,1,131072,1159337,1164896,8.8450393676757812,8.887451171875
64,0,reset,openblas-leaf,1,131072,1124580,1130222,8.579864501953125,8.6229095458984375
64,0,reset,openblas-aligned,1,131072,1116242,1121918,8.5162506103515625,8.5595550537109375
64,0,reset,openblas,1,131072,1454745,1460358,11.098823547363281,11.141647338867188
64,0,reset,onemkl,1,131072,2019479,2025139,15.407402038574219,15.450584411621094
64,0,reset,current,2,131072,1079659,1085441,8.2371444702148438,8.2812576293945312
64,0,reset,pointers,2,131072,1172233,1177956,8.9434280395507812,8.987091064453125
64,0,reset,pipeline,2,131072,1141597,1147328,8.7096939086914062,8.75341796875
64,0,reset,openblas-leaf,2,131072,1107386,1112903,8.4486846923828125,8.4907760620117188
64,0,reset,openblas-aligned,2,131072,1121855,1127546,8.5590744018554688,8.6024932861328125
64,0,reset,openblas,2,131072,1462775,1468264,11.160087585449219,11.20196533203125
64,0,reset,onemkl,2,131072,2104780,2110690,16.058197021484375,16.103286743164062
64,0,reset,current,3,131072,1111116,1116722,8.477142333984375,8.5199127197265625
64,0,reset,pointers,3,131072,1183344,1188914,9.0281982421875,9.0706939697265625
64,0,reset,pipeline,3,131072,1161161,1166604,8.8589553833007812,8.900482177734375
64,0,reset,openblas-leaf,3,131072,1114916,1120399,8.506134033203125,8.5479660034179688
64,0,reset,openblas-aligned,3,131072,1130377,1135990,8.6240921020507812,8.6669158935546875
64,0,reset,openblas,3,131072,1468424,1474006,11.20318603515625,11.245773315429688
64,0,reset,onemkl,3,131072,2117814,2123465,16.157638549804688,16.200752258300781
64,0,reset,current,4,131072,1094896,1100585,8.3533935546875,8.3967971801757812
64,0,reset,pointers,4,131072,1179840,1185694,9.00146484375,9.0461273193359375
64,0,reset,pipeline,4,131072,1146139,1151512,8.7443466186523438,8.78533935546875
64,0,reset,openblas-leaf,4,131072,1127042,1132877,8.5986480712890625,8.6431655883789062
64,0,reset,openblas-aligned,4,131072,1140351,1145931,8.7001876831054688,8.7427597045898438
64,0,reset,openblas,4,131072,1456190,1462029,11.109848022460938,11.154396057128906
64,0,reset,onemkl,4,131072,2018169,2023647,15.397407531738281,15.439201354980469
64,0,reset,current,5,131072,1122228,1127716,8.561920166015625,8.603790283203125
64,0,reset,pointers,5,131072,1195132,1212733,9.118133544921875,9.2524185180664062
64,0,reset,pipeline,5,131072,1145476,1182217,8.739288330078125,9.0195999145507812
64,0,reset,openblas-leaf,5,131072,1156292,1161749,8.821807861328125,8.8634414672851562
64,0,reset,openblas-aligned,5,131072,1151410,1156958,8.7845611572265625,8.8268890380859375
64,0,reset,openblas,5,131072,1475115,1480614,11.254234313964844,11.296188354492188
64,0,reset,onemkl,5,131072,2071347,2101035,15.803123474121094,16.029624938964844
64,0,reset,current,6,131072,1098750,1104229,8.3827972412109375,8.4245986938476562
64,0,reset,pointers,6,131072,1177230,1182646,8.9815521240234375,9.0228729248046875
64,0,reset,pipeline,6,131072,1126863,1132466,8.5972824096679688,8.6400299072265625
64,0,reset,openblas-leaf,6,131072,1183929,1189885,9.0326614379882812,9.0781021118164062
64,0,reset,openblas-aligned,6,131072,1150588,1156205,8.778289794921875,8.8211441040039062
64,0,reset,openblas,6,131072,1449570,1455345,11.059341430664062,11.103401184082031
64,0,reset,onemkl,6,131072,2016384,2022593,15.3837890625,15.431159973144531
64,0,reset,current,7,131072,1099257,1111058,8.3866653442382812,8.4766998291015625
64,0,reset,pointers,7,131072,1165196,1170750,8.889739990234375,8.9321136474609375
64,0,reset,pipeline,7,131072,1121309,1126742,8.5549087524414062,8.5963592529296875
64,0,reset,openblas-leaf,7,131072,1146300,1151730,8.745574951171875,8.7870025634765625
64,0,reset,openblas-aligned,7,131072,1147567,1212932,8.7552413940429688,9.253936767578125
64,0,reset,openblas,7,131072,1476011,1481596,11.261070251464844,11.303680419921875
64,0,reset,onemkl,7,131072,2150112,2180176,16.404052734375,16.6334228515625
64,8,negate,current,1,131072,770773,776159,5.8805313110351562,5.9216232299804688
64,8,negate,pointers,1,131072,768959,774105,5.8666915893554688,5.9059524536132812
64,8,negate,pipeline,1,131072,770732,775835,5.880218505859375,5.9191513061523438
64,8,negate,openblas-leaf,1,131072,836496,841470,6.3819580078125,6.4199066162109375
64,8,negate,openblas-aligned,1,131072,862940,867954,6.583709716796875,6.6219635009765625
64,8,negate,openblas,1,131072,1031514,1036797,7.8698272705078125,7.9101333618164062
64,8,negate,onemkl,1,131072,1638212,1643247,12.498565673828125,12.536979675292969
64,8,negate,current,2,131072,779923,785012,5.9503402709960938,5.989166259765625
64,8,negate,pointers,2,131072,782425,787390,5.9694290161132812,6.0073089599609375
64,8,negate,pipeline,2,131072,787963,793068,6.0116806030273438,6.050628662109375
64,8,negate,openblas-leaf,2,131072,850409,881436,6.4881057739257812,6.724822998046875
64,8,negate,openblas-aligned,2,131072,873036,878162,6.660736083984375,6.6998443603515625
64,8,negate,openblas,2,131072,1039662,1044710,7.9319915771484375,7.9705047607421875
64,8,negate,onemkl,2,131072,1658209,1663367,12.651130676269531,12.690483093261719
64,8,negate,current,3,131072,786329,791404,5.9992141723632812,6.037933349609375
64,8,negate,pointers,3,131072,785781,790739,5.9950332641601562,6.0328598022460938
64,8,negate,pipeline,3,131072,787469,792507,6.0079116821289062,6.0463485717773438
64,8,negate,openblas-leaf,3,131072,851813,859337,6.4988174438476562,6.5562210083007812
64,8,negate,openblas-aligned,3,131072,971714,976764,7.4135894775390625,7.452117919921875
64,8,negate,openblas,3,131072,1047507,1052584,7.9918441772460938,8.03057861328125
64,8,negate,onemkl,3,131072,1664690,1669709,12.700576782226562,12.738868713378906
64,8,negate,current,4,131072,795813,800929,6.0715713500976562,6.1106033325195312
64,8,negate,pointers,4,131072,797517,803055,6.0845718383789062,6.1268234252929688
64,8,negate,pipeline,4,131072,798822,804461,6.0945281982421875,6.1375503540039062
64,8,negate,openblas-leaf,4,131072,861684,867065,6.574127197265625,6.6151809692382812
64,8,negate,openblas-aligned,4,131072,888136,893409,6.77593994140625,6.8161697387695312
64,8,negate,openblas,4,131072,1055477,1060915,8.0526504516601562,8.0941390991210938
64,8,negate,onemkl,4,131072,1685686,1691193,12.860763549804688,12.902778625488281
64,8,negate,current,5,131072,790908,795995,6.034149169921875,6.0729598999023438
64,8,negate,pointers,5,131072,787087,792042,6.0049972534179688,6.0428009033203125
64,8,negate,pipeline,5,131072,791235,796343,6.0366439819335938,6.0756149291992188
64,8,negate,openblas-leaf,5,131072,854582,859632,6.5199432373046875,6.5584716796875
64,8,negate,openblas-aligned,5,131072,889749,894800,6.7882461547851562,6.8267822265625
64,8,negate,openblas,5,131072,1050024,1055047,8.01104736328125,8.0493698120117188
64,8,negate,onemkl,5,131072,1680298,1685431,12.819656372070312,12.858818054199219
64,8,negate,current,6,131072,789978,795352,6.0270538330078125,6.06805419921875
64,8,negate,pointers,6,131072,797270,802423,6.0826873779296875,6.1220016479492188
64,8,negate,pipeline,6,131072,790760,796118,6.03302001953125,6.0738983154296875
64,8,negate,openblas-leaf,6,131072,861289,866754,6.5711135864257812,6.6128082275390625
64,8,negate,openblas-aligned,6,131072,893152,898860,6.814208984375,6.857757568359375
64,8,negate,openblas,6,131072,1059213,1064676,8.0811538696289062,8.122833251953125
64,8,negate,onemkl,6,131072,1671866,1677212,12.755325317382812,12.796112060546875
64,8,negate,current,7,131072,789250,794354,6.0214996337890625,6.0604400634765625
64,8,negate,pointers,7,131072,878658,883648,6.7036285400390625,6.74169921875
64,8,negate,pipeline,7,131072,789943,795046,6.0267868041992188,6.0657196044921875
64,8,negate,openblas-leaf,7,131072,859814,864854,6.5598602294921875,6.5983123779296875
64,8,negate,openblas-aligned,7,131072,887439,892547,6.7706222534179688,6.8095932006835938
64,8,negate,openblas,7,131072,1060621,1065776,8.0918960571289062,8.1312255859375
64,8,negate,onemkl,7,131072,1677101,1682268,12.795265197753906,12.834686279296875
64,8,powers-two,current,1,131072,789212,794441,6.021209716796875,6.0611038208007812
64,8,powers-two,pointers,1,131072,787992,793049,6.01190185546875,6.0504837036132812
64,8,powers-two,pipeline,1,131072,783518,788604,5.9777679443359375,6.016571044921875
64,8,powers-two,openblas-leaf,1,131072,847223,852439,6.4637985229492188,6.5035934448242188
64,8,powers-two,openblas-aligned,1,131072,898317,903558,6.8536148071289062,6.8936004638671875
64,8,powers-two,openblas,1,131072,1045021,1050213,7.9728775024414062,8.0124893188476562
64,8,powers-two,onemkl,1,131072,1690559,1695707,12.897941589355469,12.937217712402344
64,8,powers-two,current,2,131072,788468,793700,6.015533447265625,6.055450439453125
64,8,powers-two,pointers,2,131072,801972,807573,6.118560791015625,6.1612930297851562
64,8,powers-two,pipeline,2,131072,816105,821569,6.2263870239257812,6.2680740356445312
64,8,powers-two,openblas-leaf,2,131072,852347,868924,6.5028915405273438,6.629364013671875
64,8,powers-two,openblas-aligned,2,131072,889590,895061,6.7870330810546875,6.8287734985351562
64,8,powers-two,openblas,2,131072,1065481,1070834,8.1289749145507812,8.1698150634765625
64,8,powers-two,onemkl,2,131072,1735962,1748955,13.244338989257812,13.343467712402344
64,8,powers-two,current,3,131072,791131,796366,6.0358505249023438,6.0757904052734375
64,8,powers-two,pointers,3,131072,791510,796737,6.0387420654296875,6.0786209106445312
64,8,powers-two,pipeline,3,131072,793807,799099,6.0562667846679688,6.0966415405273438
64,8,powers-two,openblas-leaf,3,131072,862103,867409,6.5773239135742188,6.6178054809570312
64,8,powers-two,openblas-aligned,3,131072,890097,895426,6.7909011840820312,6.8315582275390625
64,8,powers-two,openblas,3,131072,1057448,1062707,8.06768798828125,8.1078109741210938
64,8,powers-two,onemkl,3,131072,1707153,1712413,13.024543762207031,13.064674377441406
64,8,powers-two,current,4,131072,788054,793599,6.0123748779296875,6.0546798706054688
64,8,powers-two,pointers,4,131072,796890,802319,6.0797882080078125,6.1212081909179688
64,8,powers-two,pipeline,4,131072,789572,794915,6.023956298828125,6.0647201538085938
64,8,powers-two,openblas-leaf,4,131072,852849,858284,6.5067214965820312,6.548187255859375
64,8,powers-two,openblas-aligned,4,131072,894370,899944,6.8235015869140625,6.86602783203125
64,8,powers-two,openblas,4,131072,1058702,1064265,8.0772552490234375,8.1196975708007812
64,8,powers-two,onemkl,4,131072,1715550,1721095,13.088607788085938,13.130912780761719
64,8,powers-two,current,5,131072,820185,825779,6.2575149536132812,6.3001937866210938
64,8,powers-two,pointers,5,131072,816198,821459,6.2270965576171875,6.2672348022460938
64,8,powers-two,pipeline,5,131072,810370,815705,6.1826324462890625,6.2233352661132812
64,8,powers-two,openblas-leaf,5,131072,880468,886059,6.717437744140625,6.7600936889648438
64,8,powers-two,openblas-aligned,5,131072,911269,916926,6.9524307250976562,6.9955902099609375
64,8,powers-two,openblas,5,131072,1093237,1098680,8.3407363891601562,8.38226318359375
64,8,powers-two,onemkl,5,131072,1777012,1782642,13.557525634765625,13.600479125976562
64,8,powers-two,current,6,131072,791053,796360,6.0352554321289062,6.07574462890625
64,8,powers-two,pointers,6,131072,796733,801867,6.0785903930664062,6.1177597045898438
64,8,powers-two,pipeline,6,131072,791571,796766,6.0392074584960938,6.0788421630859375
64,8,powers-two,openblas-leaf,6,131072,864316,872727,6.594207763671875,6.6583786010742188
64,8,powers-two,openblas-aligned,6,131072,894129,899483,6.8216629028320312,6.8625106811523438
64,8,powers-two,openblas,6,131072,1078081,1083418,8.2251052856445312,8.2658233642578125
64,8,powers-two,onemkl,6,131072,1712971,1718262,13.068931579589844,13.109298706054688
64,8,powers-two,current,7,131072,787012,792211,6.004425048828125,6.0440902709960938
64,8,powers-two,pointers,7,131072,787544,809830,6.00848388671875,6.1785125732421875
64,8,powers-two,pipeline,7,131072,796569,801731,6.0773391723632812,6.1167221069335938
64,8,powers-two,openblas-leaf,7,131072,852867,858136,6.5068588256835938,6.54705810546875
64,8,powers-two,openblas-aligned,7,131072,888459,893669,6.7784042358398438,6.8181533813476562
64,8,powers-two,openblas,7,131072,1074979,1080164,8.2014389038085938,8.240997314453125
64,8,powers-two,onemkl,7,131072,1708827,1714331,13.037315368652344,13.079307556152344
64,8,reset,current,1,131072,1593910,1599028,12.160568237304688,12.199615478515625
64,8,reset,pointers,1,131072,1550222,1555302,11.827255249023438,11.866012573242188
64,8,reset,pipeline,1,131072,1676279,1715352,12.788993835449219,13.08709716796875
64,8,reset,openblas-leaf,1,131072,1603015,1607978,12.230033874511719,12.267898559570312
64,8,reset,openblas-aligned,1,131072,1564874,1570187,11.939041137695312,11.979576110839844
64,8,reset,openblas,1,131072,1792720,1798112,13.6773681640625,13.718505859375
64,8,reset,onemkl,1,131072,2202165,2207646,16.801185607910156,16.843002319335938
64,8,reset,current,2,131072,1624721,1630138,12.395637512207031,12.436965942382812
64,8,reset,pointers,2,131072,1587029,1592418,12.108070373535156,12.149185180664062
64,8,reset,pipeline,2,131072,1723060,1728980,13.145904541015625,13.191070556640625
64,8,reset,openblas-leaf,2,131072,1634226,1639877,12.468154907226562,12.511268615722656
64,8,reset,openblas-aligned,2,131072,1571971,1577680,11.993186950683594,12.0367431640625
64,8,reset,openblas,2,131072,1808302,1813775,13.796249389648438,13.838005065917969
64,8,reset,onemkl,2,131072,2236742,2242017,17.064987182617188,17.105232238769531
64,8,reset,current,3,131072,1598875,1603966,12.198448181152344,12.237289428710938
64,8,reset,pointers,3,131072,1551799,1556910,11.839286804199219,11.878280639648438
64,8,reset,pipeline,3,131072,1685509,1690555,12.859413146972656,12.897911071777344
64,8,reset,openblas-leaf,3,131072,1613138,1618140,12.307266235351562,12.345428466796875
64,8,reset,openblas-aligned,3,131072,1564572,1569795,11.936737060546875,11.976585388183594
64,8,reset,openblas,3,131072,1807061,1812359,13.786781311035156,13.827201843261719
64,8,reset,onemkl,3,131072,2231331,2236545,17.023704528808594,17.063484191894531
64,8,reset,current,4,131072,1576952,1582509,12.03118896484375,12.073585510253906
64,8,reset,pointers,4,131072,1538257,1543728,11.735969543457031,11.7777099609375
64,8,reset,pipeline,4,131072,1661067,1666661,12.672935485839844,12.715614318847656
64,8,reset,openblas-leaf,4,131072,1596233,1601332,12.178291320800781,12.217193603515625
64,8,reset,openblas-aligned,4,131072,1543929,1549229,11.779243469238281,11.819679260253906
64,8,reset,openblas,4,131072,1772414,1777621,13.522445678710938,13.562171936035156
64,8,reset,onemkl,4,131072,2192480,2197879,16.727294921875,16.768486022949219
64,8,reset,current,5,131072,1622774,1628529,12.380783081054688,12.424690246582031
64,8,reset,pointers,5,131072,1572494,1577728,11.997177124023438,12.037109375
64,8,reset,pipeline,5,131072,1702273,1707705,12.987312316894531,13.028755187988281
64,8,reset,openblas-leaf,5,131072,1645166,1650478,12.551620483398438,12.592147827148438
64,8,reset,openblas-aligned,5,131072,1580181,1585591,12.055824279785156,12.097099304199219
64,8,reset,openblas,5,131072,1847145,1852863,14.092597961425781,14.136222839355469
64,8,reset,onemkl,5,131072,2267241,2272957,17.297676086425781,17.341285705566406
64,8,reset,current,6,131072,1575499,1580683,12.020103454589844,12.059654235839844
64,8,reset,pointers,6,131072,1632808,1638196,12.45733642578125,12.498443603515625
64,8,reset,pipeline,6,131072,1670625,1727366,12.745857238769531,13.178756713867188
64,8,reset,openblas-leaf,6,131072,1612688,1617779,12.3038330078125,12.342674255371094
64,8,reset,openblas-aligned,6,131072,1541433,1546547,11.760200500488281,11.799217224121094
64,8,reset,openblas,6,131072,1762349,1767607,13.445655822753906,13.485771179199219
64,8,reset,onemkl,6,131072,2180416,2185878,16.63525390625,16.676925659179688
64,8,reset,current,7,131072,1601443,1606516,12.218040466308594,12.256744384765625
64,8,reset,pointers,7,131072,1588161,1593634,12.116706848144531,12.158462524414062
64,8,reset,pipeline,7,131072,1687667,1692809,12.875877380371094,12.915107727050781
64,8,reset,openblas-leaf,7,131072,1611840,1616912,12.29736328125,12.3360595703125
64,8,reset,openblas-aligned,7,131072,1644820,1649876,12.548980712890625,12.587554931640625
64,8,reset,openblas,7,131072,1792498,1797791,13.675674438476562,13.716056823730469
64,8,reset,onemkl,7,131072,2216127,2221235,16.907707214355469,16.946678161621094
64,16,negate,current,1,131072,787156,792670,6.005523681640625,6.0475921630859375
64,16,negate,pointers,1,131072,790233,795497,6.0289993286132812,6.0691604614257812
64,16,negate,pipeline,1,131072,788972,794312,6.019378662109375,6.06011962890625
64,16,negate,openblas-leaf,1,131072,850636,855968,6.489837646484375,6.530517578125
64,16,negate,openblas-aligned,1,131072,881777,887074,6.7274246215820312,6.7678375244140625
64,16,negate,openblas,1,131072,1066168,1071593,8.13421630859375,8.1756057739257812
64,16,negate,onemkl,1,131072,1671835,1677519,12.755088806152344,12.798454284667969
64,16,negate,current,2,131072,787345,792347,6.0069656372070312,6.0451278686523438
64,16,negate,pointers,2,131072,788398,793407,6.0149993896484375,6.0532150268554688
64,16,negate,pipeline,2,131072,929473,934584,7.0913162231445312,7.13031005859375
64,16,negate,openblas-leaf,2,131072,857537,862588,6.5424880981445312,6.581024169921875
64,16,negate,openblas-aligned,2,131072,883106,888238,6.7375640869140625,6.7767181396484375
64,16,negate,openblas,2,131072,1059215,1065715,8.0811691284179688,8.1307601928710938
64,16,negate,onemkl,2,131072,1669696,1674773,12.73876953125,12.777503967285156
64,16,negate,current,3,131072,787162,792200,6.0055694580078125,6.04400634765625
64,16,negate,pointers,3,131072,791354,796399,6.0375518798828125,6.0760421752929688
64,16,negate,pipeline,3,131072,790356,797207,6.029937744140625,6.0822067260742188
64,16,negate,openblas-leaf,3,131072,854200,859551,6.51702880859375,6.5578536987304688
64,16,negate,openblas-aligned,3,131072,885047,890040,6.7523727416992188,6.79046630859375
64,16,negate,openblas,3,131072,1058081,1083120,8.0725173950195312,8.2635498046875
64,16,negate,onemkl,3,131072,1669499,1674632,12.737266540527344,12.77642822265625
64,16,negate,current,4,131072,772992,778087,5.8974609375,5.9363327026367188
64,16,negate,pointers,4,131072,774992,780219,5.9127197265625,5.9525985717773438
64,16,negate,pipeline,4,131072,772823,778513,5.8961715698242188,5.9395828247070312
64,16,negate,openblas-leaf,4,131072,842819,848218,6.4301986694335938,6.4713897705078125
64,16,negate,openblas-aligned,4,131072,868368,873534,6.6251220703125,6.6645355224609375
64,16,negate,openblas,4,131072,1041631,1046927,7.9470138549804688,7.9874191284179688
64,16,negate,onemkl,4,131072,1639293,1645009,12.506813049316406,12.550422668457031
64,16,negate,current,5,131072,784662,789804,5.9864959716796875,6.025726318359375
64,16,negate,pointers,5,131072,780573,786830,5.9552993774414062,6.0030364990234375
64,16,negate,pipeline,5,131072,874140,884669,6.669158935546875,6.7494888305664062
64,16,negate,openblas-leaf,5,131072,847016,852035,6.46221923828125,6.5005111694335938
64,16,negate,openblas-aligned,5,131072,876312,881324,6.68572998046875,6.723968505859375
64,16,negate,openblas,5,131072,1056274,1061448,8.0587310791015625,8.09820556640625
64,16,negate,onemkl,5,131072,1655095,1660171,12.627372741699219,12.666099548339844
64,16,negate,current,6,131072,788280,793475,6.01409912109375,6.0537338256835938
64,16,negate,pointers,6,131072,783103,788327,5.9746017456054688,6.0144577026367188
64,16,negate,pipeline,6,131072,784085,789486,5.9820938110351562,6.0233001708984375
64,16,negate,openblas-leaf,6,131072,863089,868468,6.5848464965820312,6.625885009765625
64,16,negate,openblas-aligned,6,131072,879508,884566,6.710113525390625,6.7487030029296875
64,16,negate,openblas,6,131072,1043701,1049191,7.9628067016601562,8.0046920776367188
64,16,negate,onemkl,6,131072,1667893,1673839,12.725013732910156,12.770378112792969
64,16,negate,current,7,131072,786650,791760,6.0016632080078125,6.0406494140625
64,16,negate,pointers,7,131072,788262,793263,6.0139617919921875,6.0521163940429688
64,16,negate,pipeline,7,131072,785984,791087,5.99658203125,6.0355148315429688
64,16,negate,openblas-leaf,7,131072,856188,861217,6.532196044921875,6.5705642700195312
64,16,negate,openblas-aligned,7,131072,884323,889451,6.7468490600585938,6.7859725952148438
64,16,negate,openblas,7,131072,1050574,1055704,8.0152435302734375,8.05438232421875
64,16,negate,onemkl,7,131072,1781350,1786595,13.590621948242188,13.630638122558594
64,16,powers-two,current,1,131072,781624,786733,5.96331787109375,6.0022964477539062
64,16,powers-two,pointers,1,131072,780271,785303,5.9529953002929688,5.9913864135742188
64,16,powers-two,pipeline,1,131072,781477,786798,5.9621963500976562,6.0027923583984375
64,16,powers-two,openblas-leaf,1,131072,841138,846263,6.4173736572265625,6.4564743041992188
64,16,powers-two,openblas-aligned,1,131072,879705,884919,6.7116165161132812,6.7513961791992188
64,16,powers-two,openblas,1,131072,1045738,1050845,7.9783477783203125,8.0173110961914062
64,16,powers-two,onemkl,1,131072,1684600,1689706,12.85247802734375,12.891433715820312
64,16,powers-two,current,2,131072,770145,775358,5.8757400512695312,5.9155120849609375
64,16,powers-two,pointers,2,131072,768668,773623,5.864471435546875,5.9022750854492188
64,16,powers-two,pipeline,2,131072,773379,778424,5.9004135131835938,5.93890380859375
64,16,powers-two,openblas-leaf,2,131072,833602,839005,6.3598785400390625,6.4011001586914062
64,16,powers-two,openblas-aligned,2,131072,864534,869674,6.5958709716796875,6.6350860595703125
64,16,powers-two,openblas,2,131072,1029734,1035207,7.8562469482421875,7.8980026245117188
64,16,powers-two,onemkl,2,131072,1660129,1665620,12.665779113769531,12.707672119140625
64,16,powers-two,current,3,131072,793955,799181,6.0573959350585938,6.0972671508789062
64,16,powers-two,pointers,3,131072,793285,798435,6.0522842407226562,6.0915756225585938
64,16,powers-two,pipeline,3,131072,791228,796417,6.036590576171875,6.0761795043945312
64,16,powers-two,openblas-leaf,3,131072,952292,957795,7.265411376953125,7.3073959350585938
64,16,powers-two,openblas-aligned,3,131072,886832,892083,6.7659912109375,6.8060531616210938
64,16,powers-two,openblas,3,131072,1072453,1080720,8.1821670532226562,8.2452392578125
64,16,powers-two,onemkl,3,131072,1712413,1717651,13.064674377441406,13.104637145996094
64,16,powers-two,current,4,131072,788364,793978,6.014739990234375,6.0575714111328125
64,16,powers-two,pointers,4,131072,789344,794743,6.022216796875,6.0634078979492188
64,16,powers-two,pipeline,4,131072,787439,792730,6.0076828002929688,6.0480499267578125
64,16,powers-two,openblas-leaf,4,131072,859114,864383,6.5545196533203125,6.5947189331054688
64,16,powers-two,openblas-aligned,4,131072,883563,888838,6.7410507202148438,6.7812957763671875
64,16,powers-two,openblas,4,131072,1055891,1061424,8.0558090209960938,8.0980224609375
64,16,powers-two,onemkl,4,131072,1699520,1705250,12.96630859375,13.010025024414062
64,16,powers-two,current,5,131072,793444,798707,6.053497314453125,6.0936508178710938
64,16,powers-two,pointers,5,131072,791132,796308,6.035858154296875,6.075347900390625
64,16,powers-two,pipeline,5,131072,787912,793156,6.01129150390625,6.051300048828125
64,16,powers-two,openblas-leaf,5,131072,859285,864601,6.5558242797851562,6.5963821411132812
64,16,powers-two,openblas-aligned,5,131072,887692,892947,6.772552490234375,6.8126449584960938
64,16,powers-two,openblas,5,131072,1066462,1071569,8.1364593505859375,8.1754226684570312
64,16,powers-two,onemkl,5,131072,1709469,1720494,13.042213439941406,13.126327514648438
64,16,powers-two,current,6,131072,796183,801518,6.0743942260742188,6.1150970458984375
64,16,powers-two,pointers,6,131072,796957,802149,6.0802993774414062,6.1199111938476562
64,16,powers-two,pipeline,6,131072,795725,800972,6.0708999633789062,6.110931396484375
64,16,powers-two,openblas-leaf,6,131072,864180,869618,6.593170166015625,6.6346588134765625
64,16,powers-two,openblas-aligned,6,131072,892956,898235,6.812713623046875,6.8529891967773438
64,16,powers-two,openblas,6,131072,1079444,1084926,8.235504150390625,8.2773284912109375
64,16,powers-two,onemkl,6,131072,1717908,1723150,13.106597900390625,13.146591186523438
64,16,powers-two,current,7,131072,807263,813064,6.1589279174804688,6.20318603515625
64,16,powers-two,pointers,7,131072,804962,810388,6.1413726806640625,6.182769775390625
64,16,powers-two,pipeline,7,131072,815192,820651,6.21942138671875,6.2610702514648438
64,16,powers-two,openblas-leaf,7,131072,868809,874668,6.6284866333007812,6.673187255859375
64,16,powers-two,openblas-aligned,7,131072,902879,908593,6.8884201049804688,6.9320144653320312
64,16,powers-two,openblas,7,131072,1079569,1085146,8.2364578247070312,8.2790069580078125
64,16,powers-two,onemkl,7,131072,1734981,1740518,13.236854553222656,13.279098510742188
64,16,reset,current,1,131072,1737652,1743290,13.257232666015625,13.300247192382812
64,16,reset,pointers,1,131072,1530201,1535439,11.674507141113281,11.714469909667969
64,16,reset,pipeline,1,131072,1545698,1550767,11.792739868164062,11.831413269042969
64,16,reset,openblas-leaf,1,131072,1637291,1642631,12.491539001464844,12.532279968261719
64,16,reset,openblas-aligned,1,131072,1522418,1527857,11.615127563476562,11.656623840332031
64,16,reset,openblas,1,131072,1754162,1759769,13.383193969726562,13.425971984863281
64,16,reset,onemkl,1,131072,2189878,2195399,16.707443237304688,16.749565124511719
64,16,reset,current,2,131072,1719506,1724958,13.118789672851562,13.160385131835938
64,16,reset,pointers,2,131072,1526798,1531910,11.648544311523438,11.687545776367188
64,16,reset,pipeline,2,131072,1642522,1647934,12.531448364257812,12.572738647460938
64,16,reset,openblas-leaf,2,131072,1642826,1648476,12.533767700195312,12.576873779296875
64,16,reset,openblas-aligned,2,131072,1520854,1526364,11.603195190429688,11.645233154296875
64,16,reset,openblas,2,131072,1738980,1744438,13.267364501953125,13.309005737304688
64,16,reset,onemkl,2,131072,2210380,2216374,16.863861083984375,16.909591674804688
64,16,reset,current,3,131072,1742687,1747892,13.295646667480469,13.335357666015625
64,16,reset,pointers,3,131072,1541165,1546256,11.758155822753906,11.7969970703125
64,16,reset,pipeline,3,131072,1570068,1580732,11.978668212890625,12.060028076171875
64,16,reset,openblas-leaf,3,131072,1663207,1668444,12.689262390136719,12.729217529296875
64,16,reset,openblas-aligned,3,131072,1535871,1541050,11.717765808105469,11.757278442382812
64,16,reset,openblas,3,131072,1757451,1762664,13.408287048339844,13.44805908203125
64,16,reset,onemkl,3,131072,2211805,2217169,16.874732971191406,16.915657043457031
64,16,reset,current,4,131072,1719879,1725147,13.121635437011719,13.161827087402344
64,16,reset,pointers,4,131072,1533083,1538272,11.696495056152344,11.736083984375
64,16,reset,pipeline,4,131072,1554299,1559758,11.858360290527344,11.900009155273438
64,16,reset,openblas-leaf,4,131072,1651994,1657093,12.603713989257812,12.642616271972656
64,16,reset,openblas-aligned,4,131072,1520147,1525307,11.597801208496094,11.637168884277344
64,16,reset,openblas,4,131072,1756417,1761675,13.400398254394531,13.440513610839844
64,16,reset,onemkl,4,131072,2202547,2208221,16.804100036621094,16.847389221191406
64,16,reset,current,5,131072,1728957,1734370,13.190895080566406,13.232192993164062
64,16,reset,pointers,5,131072,1521223,1526578,11.606010437011719,11.646865844726562
64,16,reset,pipeline,5,131072,1544488,1549654,11.78350830078125,11.822921752929688
64,16,reset,openblas-leaf,5,131072,1638849,1644281,12.503425598144531,12.544868469238281
64,16,reset,openblas-aligned,5,131072,1515540,1520743,11.562652587890625,11.602348327636719
64,16,reset,openblas,5,131072,1733109,1738385,13.222572326660156,13.262825012207031
64,16,reset,onemkl,5,131072,2189189,2194588,16.702186584472656,16.743377685546875
64,16,reset,current,6,131072,1761856,1767363,13.44189453125,13.483909606933594
64,16,reset,pointers,6,131072,1561249,1566603,11.911384582519531,11.952232360839844
64,16,reset,pipeline,6,131072,1576653,1582092,12.028907775878906,12.070404052734375
64,16,reset,openblas-leaf,6,131072,1687812,1692880,12.876983642578125,12.9156494140625
64,16,reset,openblas-aligned,6,131072,1569187,1574743,11.971946716308594,12.014335632324219
64,16,reset,openblas,6,131072,1796920,1802843,13.70941162109375,13.754600524902344
64,16,reset,onemkl,6,131072,2248523,2253996,17.154869079589844,17.196624755859375
64,16,reset,current,7,131072,1783439,1788637,13.606559753417969,13.646217346191406
64,16,reset,pointers,7,131072,1538434,1543481,11.737319946289062,11.775825500488281
64,16,reset,pipeline,7,131072,1554686,1559862,11.861312866210938,11.900802612304688
64,16,reset,openblas-leaf,7,131072,1656200,1661229,12.63580322265625,12.674171447753906
64,16,reset,openblas-aligned,7,131072,1539976,1544970,11.74908447265625,11.787185668945312
64,16,reset,openblas,7,131072,1768834,1774360,13.495132446289062,13.53729248046875
64,16,reset,onemkl,7,131072,2234751,2239980,17.049797058105469,17.089691162109375
64,24,negate,current,1,131072,786155,791582,5.9978866577148438,6.0392913818359375
64,24,negate,pointers,1,131072,784458,789834,5.9849395751953125,6.0259552001953125
64,24,negate,pipeline,1,131072,781329,786595,5.9610671997070312,6.0012435913085938
64,24,negate,openblas-leaf,1,131072,841798,846977,6.4224090576171875,6.4619216918945312
64,24,negate,openblas-aligned,1,131072,874878,880396,6.6747894287109375,6.716888427734375
64,24,negate,openblas,1,131072,1045908,1051534,7.979644775390625,8.0225677490234375
64,24,negate,onemkl,1,131072,1650625,1656302,12.593269348144531,12.636581420898438
64,24,negate,current,2,131072,783643,788726,5.9787216186523438,6.0175018310546875
64,24,negate,pointers,2,131072,790279,795358,6.0293502807617188,6.0680999755859375
64,24,negate,pipeline,2,131072,793490,798580,6.0538482666015625,6.092681884765625
64,24,negate,openblas-leaf,2,131072,849796,854777,6.483428955078125,6.5214309692382812
64,24,negate,openblas-aligned,2,131072,875435,880684,6.6790390014648438,6.719085693359375
64,24,negate,openblas,2,131072,1052429,1057494,8.0293960571289062,8.0680389404296875
64,24,negate,onemkl,2,131072,1671207,1676281,12.750297546386719,12.789009094238281
64,24,negate,current,3,131072,787650,792798,6.0092926025390625,6.0485687255859375
64,24,negate,pointers,3,131072,785530,790573,5.9931182861328125,6.0315933227539062
64,24,negate,pipeline,3,131072,788594,793937,6.0164947509765625,6.0572586059570312
64,24,negate,openblas-leaf,3,131072,855237,860353,6.5249404907226562,6.5639724731445312
64,24,negate,openblas-aligned,3,131072,879607,884713,6.7108688354492188,6.7498245239257812
64,24,negate,openblas,3,131072,1052835,1058034,8.0324935913085938,8.0721588134765625
64,24,negate,onemkl,3,131072,1661920,1667088,12.679443359375,12.7188720703125
64,24,negate,current,4,131072,771254,776527,5.8842010498046875,5.9244308471679688
64,24,negate,pointers,4,131072,772784,777926,5.8958740234375,5.9351043701171875
64,24,negate,pipeline,4,131072,771394,776792,5.8852691650390625,5.92645263671875
64,24,negate,openblas-leaf,4,131072,832834,837731,6.3540191650390625,6.3913803100585938
64,24,negate,openblas-aligned,4,131072,861070,866190,6.5694427490234375,6.6085052490234375
64,24,negate,openblas,4,131072,1026400,1031765,7.830810546875,7.8717422485351562
64,24,negate,onemkl,4,131072,1627792,1633016,12.4190673828125,12.45892333984375
64,24,negate,current,5,131072,775817,780853,5.9190139770507812,5.9574356079101562
64,24,negate,pointers,5,131072,770817,775694,5.8808670043945312,5.9180755615234375
64,24,negate,pipeline,5,131072,907245,914040,6.9217300415039062,6.97357177734375
64,24,negate,openblas-leaf,5,131072,835012,840070,6.370635986328125,6.4092254638671875
64,24,negate,openblas-aligned,5,131072,867756,872741,6.620452880859375,6.6584854125976562
64,24,negate,openblas,5,131072,1028368,1033324,7.8458251953125,7.883636474609375
64,24,negate,onemkl,5,131072,1641888,1646961,12.526611328125,12.565315246582031
64,24,negate,current,6,131072,771897,777189,5.8891067504882812,5.9294815063476562
64,24,negate,pointers,6,131072,776169,781389,5.9216995239257812,5.9615249633789062
64,24,negate,pipeline,6,131072,770434,775593,5.8779449462890625,5.9173049926757812
64,24,negate,openblas-leaf,6,131072,834085,839324,6.3635635375976562,6.403533935546875
64,24,negate,openblas-aligned,6,131072,862975,868153,6.5839767456054688,6.6234817504882812
64,24,negate,openblas,6,131072,1027182,1032414,7.8367767333984375,7.8766937255859375
64,24,negate,onemkl,6,131072,1636372,1641724,12.484527587890625,12.525360107421875
64,24,negate,current,7,131072,789950,794980,6.0268402099609375,6.065216064453125
64,24,negate,pointers,7,131072,794009,799036,6.0578079223632812,6.096160888671875
64,24,negate,pipeline,7,131072,792439,797511,6.0458297729492188,6.0845260620117188
64,24,negate,openblas-leaf,7,131072,854081,859074,6.5161209106445312,6.5542144775390625
64,24,negate,openblas-aligned,7,131072,887262,892363,6.7692718505859375,6.8081893920898438
64,24,negate,openblas,7,131072,1056790,1061904,8.0626678466796875,8.1016845703125
64,24,negate,onemkl,7,131072,1682155,1687487,12.833824157714844,12.874504089355469
64,24,powers-two,current,1,131072,790877,796087,6.0339126586914062,6.0736618041992188
64,24,powers-two,pointers,1,131072,912951,918082,6.9652633666992188,7.0044097900390625
64,24,powers-two,pipeline,1,131072,793442,800896,6.0534820556640625,6.1103515625
64,24,powers-two,openblas-leaf,1,131072,854919,860260,6.5225143432617188,6.563262939453125
64,24,powers-two,openblas-aligned,1,131072,885418,890592,6.7552032470703125,6.794677734375
64,24,powers-two,openblas,1,131072,1058145,1063258,8.0730056762695312,8.1120147705078125
64,24,powers-two,onemkl,1,131072,1713261,1718574,13.071144104003906,13.111679077148438
64,24,powers-two,current,2,131072,786802,792072,6.0028228759765625,6.04302978515625
64,24,powers-two,pointers,2,131072,791688,797233,6.04010009765625,6.0824050903320312
64,24,powers-two,pipeline,2,131072,793138,798795,6.0511627197265625,6.0943222045898438
64,24,powers-two,openblas-leaf,2,131072,850054,855456,6.4853973388671875,6.526611328125
64,24,powers-two,openblas-aligned,2,131072,881778,887063,6.7274322509765625,6.7677536010742188
64,24,powers-two,openblas,2,131072,1059831,1065305,8.0858688354492188,8.1276321411132812
64,24,powers-two,onemkl,2,131072,1698866,1704381,12.961318969726562,13.003395080566406
64,24,powers-two,current,3,131072,788547,793775,6.0161361694335938,6.0560226440429688
64,24,powers-two,pointers,3,131072,808338,813570,6.1671295166015625,6.2070465087890625
64,24,powers-two,pipeline,3,131072,883751,888924,6.7424850463867188,6.781951904296875
64,24,powers-two,openblas-leaf,3,131072,853691,858945,6.5131454467773438,6.5532302856445312
64,24,powers-two,openblas-aligned,3,131072,893938,899157,6.8202056884765625,6.8600234985351562
64,24,powers-two,openblas,3,131072,1079905,1085053,8.2390213012695312,8.2782974243164062
64,24,powers-two,onemkl,3,131072,1704564,1709815,13.004791259765625,13.044853210449219
64,24,powers-two,current,4,131072,798465,803772,6.0918045043945312,6.132293701171875
64,24,powers-two,pointers,4,131072,796975,802371,6.0804367065429688,6.1216049194335938
64,24,powers-two,pipeline,4,131072,795159,800623,6.0665817260742188,6.1082687377929688
64,24,powers-two,openblas-leaf,4,131072,862731,868073,6.5821151733398438,6.6228713989257812
64,24,powers-two,openblas-aligned,4,131072,896601,902063,6.8405227661132812,6.8821945190429688
64,24,powers-two,openblas,4,131072,1067013,1072314,8.1406631469726562,8.1811065673828125
64,24,powers-two,onemkl,4,131072,1721259,1728559,13.132164001464844,13.187858581542969
64,24,powers-two,current,5,131072,801250,806580,6.1130523681640625,6.153717041015625
64,24,powers-two,pointers,5,131072,800741,805911,6.1091690063476562,6.1486129760742188
64,24,powers-two,pipeline,5,131072,804852,810063,6.140533447265625,6.1802902221679688
64,24,powers-two,openblas-leaf,5,131072,864563,870099,6.5960922241210938,6.6383285522460938
64,24,powers-two,openblas-aligned,5,131072,899936,905389,6.865966796875,6.9075698852539062
64,24,powers-two,openblas,5,131072,1072259,1077399,8.1806869506835938,8.2199020385742188
64,24,powers-two,onemkl,5,131072,1725345,1730662,13.163337707519531,13.203903198242188
64,24,powers-two,current,6,131072,789203,794558,6.0211410522460938,6.0619964599609375
64,24,powers-two,pointers,6,131072,790317,795513,6.0296401977539062,6.0692825317382812
64,24,powers-two,pipeline,6,131072,787872,793112,6.010986328125,6.05096435546875
64,24,powers-two,openblas-leaf,6,131072,852454,859288,6.5037078857421875,6.55584716796875
64,24,powers-two,openblas-aligned,6,131072,991489,996777,7.5644607543945312,7.6048049926757812
64,24,powers-two,openblas,6,131072,1063570,1068709,8.1143951416015625,8.1536026000976562
64,24,powers-two,onemkl,6,131072,1701187,1706674,12.979026794433594,13.020889282226562
64,24,powers-two,current,7,131072,795362,800718,6.0681304931640625,6.1089935302734375
64,24,powers-two,pointers,7,131072,789983,795144,6.0270919799804688,6.06646728515625
64,24,powers-two,pipeline,7,131072,786918,792210,6.0037078857421875,6.0440826416015625
64,24,powers-two,openblas-leaf,7,131072,852146,857944,6.5013580322265625,6.54559326171875
64,24,powers-two,openblas-aligned,7,131072,885976,891223,6.75946044921875,6.7994918823242188
64,24,powers-two,openblas,7,131072,1052206,1057468,8.0276947021484375,8.067840576171875
64,24,powers-two,onemkl,7,131072,1702230,1707972,12.986984252929688,13.030792236328125
64,24,reset,current,1,131072,1711306,1716490,13.056228637695312,13.095779418945312
64,24,reset,pointers,1,131072,1523862,1528832,11.626144409179688,11.6640625
64,24,reset,pipeline,1,131072,1638130,1643386,12.497940063476562,12.538040161132812
64,24,reset,openblas-leaf,1,131072,1653124,1658370,12.612335205078125,12.652359008789062
64,24,reset,openblas-aligned,1,131072,1549164,1554328,11.819183349609375,11.85858154296875
64,24,reset,openblas,1,131072,1830227,1835573,13.963523864746094,14.004310607910156
64,24,reset,onemkl,1,131072,2194252,2199527,16.740814208984375,16.781059265136719
64,24,reset,current,2,131072,1816739,1822103,13.860618591308594,13.901542663574219
64,24,reset,pointers,2,131072,1532390,1537487,11.691207885742188,11.730094909667969
64,24,reset,pipeline,2,131072,1655932,1671517,12.633758544921875,12.752662658691406
64,24,reset,openblas-leaf,2,131072,1653747,1658994,12.617088317871094,12.657119750976562
64,24,reset,openblas-aligned,2,131072,1549410,1554681,11.821060180664062,11.861274719238281
64,24,reset,openblas,2,131072,1866164,1871847,14.237701416015625,14.281059265136719
64,24,reset,onemkl,2,131072,2222160,2227679,16.9537353515625,16.995841979980469
64,24,reset,current,3,131072,1713137,1718293,13.070198059082031,13.109535217285156
64,24,reset,pointers,3,131072,1543498,1548710,11.775955200195312,11.815719604492188
64,24,reset,pipeline,3,131072,1664176,1669465,12.6966552734375,12.737007141113281
64,24,reset,openblas-leaf,3,131072,1651036,1656351,12.596405029296875,12.636955261230469
64,24,reset,openblas-aligned,3,131072,1548184,1554603,11.81170654296875,11.860679626464844
64,24,reset,openblas,3,131072,1860567,1866247,14.194999694824219,14.238334655761719
64,24,reset,onemkl,3,131072,2316500,2321903,17.673492431640625,17.714714050292969
64,24,reset,current,4,131072,1729962,1735287,13.198562622070312,13.239189147949219
64,24,reset,pointers,4,131072,1633040,1638244,12.4591064453125,12.498809814453125
64,24,reset,pipeline,4,131072,1661501,1666739,12.676246643066406,12.716209411621094
64,24,reset,openblas-leaf,4,131072,1654078,1659395,12.619613647460938,12.660179138183594
64,24,reset,openblas-aligned,4,131072,1548781,1553928,11.816261291503906,11.85552978515625
64,24,reset,openblas,4,131072,1845652,1850771,14.081207275390625,14.120262145996094
64,24,reset,onemkl,4,131072,2220356,2230981,16.939971923828125,17.021034240722656
64,24,reset,current,5,131072,1728725,1734037,13.189125061035156,13.229652404785156
64,24,reset,pointers,5,131072,1548535,1554045,11.814384460449219,11.856422424316406
64,24,reset,pipeline,5,131072,1683133,1688359,12.841285705566406,12.881156921386719
64,24,reset,openblas-leaf,5,131072,1671892,1677464,12.755523681640625,12.79803466796875
64,24,reset,openblas-aligned,5,131072,1565275,1570548,11.942100524902344,11.982330322265625
64,24,reset,openblas,5,131072,1854310,1859738,14.147262573242188,14.188674926757812
64,24,reset,onemkl,5,131072,2223841,2229027,16.966560363769531,17.006126403808594
64,24,reset,current,6,131072,1731416,1736788,13.20965576171875,13.250640869140625
64,24,reset,pointers,6,131072,1562419,1568136,11.920310974121094,11.96392822265625
64,24,reset,pipeline,6,131072,1675029,1680444,12.779457092285156,12.820770263671875
64,24,reset,openblas-leaf,6,131072,1679280,1684447,12.8118896484375,12.851310729980469
64,24,reset,openblas-aligned,6,131072,1567034,1572318,11.955520629882812,11.995834350585938
64,24,reset,openblas,6,131072,1878189,1883404,14.329444885253906,14.369232177734375
64,24,reset,onemkl,6,131072,2235977,2241526,17.059150695800781,17.101486206054688
64,24,reset,current,7,131072,1718965,1724154,13.114662170410156,13.154251098632812
64,24,reset,pointers,7,131072,1538786,1543840,11.740005493164062,11.778564453125
64,24,reset,pipeline,7,131072,1756930,1762082,13.404312133789062,13.443618774414062
64,24,reset,openblas-leaf,7,131072,1662823,1667883,12.686332702636719,12.724937438964844
64,24,reset,openblas-aligned,7,131072,1555822,1560883,11.869979858398438,11.908592224121094
64,24,reset,openblas,7,131072,1842248,1847539,14.05523681640625,14.095603942871094
64,24,reset,onemkl,7,131072,2219238,2224368,16.931442260742188,16.9705810546875
256,0,negate,current,1,32768,450014,455348,13.73333740234375,13.8961181640625
256,0,negate,pointers,1,32768,363265,368480,11.085968017578125,11.2451171875
256,0,negate,pipeline,1,32768,435797,441270,13.299468994140625,13.46649169921875
256,0,negate,openblas-leaf,1,32768,400205,405416,12.213287353515625,12.372314453125
256,0,negate,openblas-aligned,1,32768,400550,405837,12.22381591796875,12.385162353515625
256,0,negate,openblas,1,32768,434098,439442,13.24761962890625,13.41070556640625
256,0,negate,onemkl,1,32768,533037,538354,16.266998291015625,16.42926025390625
256,0,negate,current,2,32768,455445,460819,13.899078369140625,14.063079833984375
256,0,negate,pointers,2,32768,365726,371031,11.16107177734375,11.322967529296875
256,0,negate,pipeline,2,32768,417775,423315,12.749481201171875,12.918548583984375
256,0,negate,openblas-leaf,2,32768,409996,415344,12.5120849609375,12.67529296875
256,0,negate,openblas-aligned,2,32768,405510,410878,12.37518310546875,12.53900146484375
256,0,negate,openblas,2,32768,441240,446628,13.465576171875,13.6300048828125
256,0,negate,onemkl,2,32768,616699,622091,18.820159912109375,18.984710693359375
256,0,negate,current,3,32768,450277,455849,13.741363525390625,13.911407470703125
256,0,negate,pointers,3,32768,364514,369999,11.12408447265625,11.291473388671875
256,0,negate,pipeline,3,32768,426708,432111,13.0220947265625,13.186981201171875
256,0,negate,openblas-leaf,3,32768,401675,406885,12.258148193359375,12.417144775390625
256,0,negate,openblas-aligned,3,32768,406403,411763,12.402435302734375,12.566009521484375
256,0,negate,openblas,3,32768,437335,442773,13.346405029296875,13.512359619140625
256,0,negate,onemkl,3,32768,527346,532771,16.09332275390625,16.258880615234375
256,0,negate,current,4,32768,449882,455635,13.72930908203125,13.904876708984375
256,0,negate,pointers,4,32768,364145,369698,11.112823486328125,11.28228759765625
256,0,negate,pipeline,4,32768,423017,428731,12.909454345703125,13.083831787109375
256,0,negate,openblas-leaf,4,32768,399903,405502,12.204071044921875,12.37493896484375
256,0,negate,openblas-aligned,4,32768,399991,405394,12.206756591796875,12.37164306640625
256,0,negate,openblas,4,32768,441608,447277,13.476806640625,13.649810791015625
256,0,negate,onemkl,4,32768,531293,537101,16.213775634765625,16.391021728515625
256,0,negate,current,5,32768,449230,454556,13.70941162109375,13.8719482421875
256,0,negate,pointers,5,32768,362917,368171,11.075347900390625,11.235687255859375
256,0,negate,pipeline,5,32768,403308,408777,12.3079833984375,12.474884033203125
256,0,negate,openblas-leaf,5,32768,402410,407688,12.28057861328125,12.441650390625
256,0,negate,openblas-aligned,5,32768,401981,407260,12.267486572265625,12.4285888671875
256,0,negate,openblas,5,32768,432544,437926,13.2001953125,13.36444091796875
256,0,negate,onemkl,5,32768,525344,530732,16.0322265625,16.1966552734375
256,0,negate,current,6,32768,449522,454954,13.71832275390625,13.88409423828125
256,0,negate,pointers,6,32768,364634,369912,11.12774658203125,11.288818359375
256,0,negate,pipeline,6,32768,402316,407818,12.2777099609375,12.44561767578125
256,0,negate,openblas-leaf,6,32768,399955,405239,12.205657958984375,12.366912841796875
256,0,negate,openblas-aligned,6,32768,408423,413790,12.464080810546875,12.62786865234375
256,0,negate,openblas,6,32768,432563,437930,13.200775146484375,13.36456298828125
256,0,negate,onemkl,6,32768,529764,535258,16.1671142578125,16.33477783203125
256,0,negate,current,7,32768,458092,463625,13.9798583984375,14.148712158203125
256,0,negate,pointers,7,32768,370268,375778,11.2996826171875,11.46783447265625
256,0,negate,pipeline,7,32768,420784,426432,12.84130859375,13.013671875
256,0,negate,openblas-leaf,7,32768,412435,417955,12.586517333984375,12.754974365234375
256,0,negate,openblas-aligned,7,32768,526051,531579,16.053802490234375,16.222503662109375
256,0,negate,openblas,7,32768,440334,445786,13.43792724609375,13.60430908203125
256,0,negate,onemkl,7,32768,540646,553381,16.49920654296875,16.887847900390625
256,0,powers-two,current,1,32768,458527,464122,13.993133544921875,14.16387939453125
256,0,powers-two,pointers,1,32768,361380,366937,11.0284423828125,11.198028564453125
256,0,powers-two,pipeline,1,32768,430834,436796,13.14801025390625,13.3299560546875
256,0,powers-two,openblas-leaf,1,32768,411833,417337,12.568145751953125,12.736114501953125
256,0,powers-two,openblas-aligned,1,32768,408112,414111,12.45458984375,12.637664794921875
256,0,powers-two,openblas,1,32768,438886,444567,13.39373779296875,13.567108154296875
256,0,powers-two,onemkl,1,32768,534702,540487,16.31781005859375,16.494354248046875
256,0,powers-two,current,2,32768,459502,464884,14.02288818359375,14.1871337890625
256,0,powers-two,pointers,2,32768,359257,364550,10.963653564453125,11.12518310546875
256,0,powers-two,pipeline,2,32768,408540,413895,12.4676513671875,12.631072998046875
256,0,powers-two,openblas-leaf,2,32768,407319,412640,12.430389404296875,12.5927734375
256,0,powers-two,openblas-aligned,2,32768,416955,422366,12.724456787109375,12.88958740234375
256,0,powers-two,openblas,2,32768,438013,443331,13.367095947265625,13.529388427734375
256,0,powers-two,onemkl,2,32768,535553,541118,16.343780517578125,16.51361083984375
256,0,powers-two,current,3,32768,465773,471163,14.214263916015625,14.378753662109375
256,0,powers-two,pointers,3,32768,364858,370193,11.13458251953125,11.297393798828125
256,0,powers-two,pipeline,3,32768,416943,422267,12.724090576171875,12.886566162109375
256,0,powers-two,openblas-leaf,3,32768,411511,416814,12.558319091796875,12.72015380859375
256,0,powers-two,openblas-aligned,3,32768,411876,417267,12.5694580078125,12.733978271484375
256,0,powers-two,openblas,3,32768,441695,447081,13.479461669921875,13.643829345703125
256,0,powers-two,onemkl,3,32768,542784,548482,16.564453125,16.73834228515625
256,0,powers-two,current,4,32768,460429,465782,14.051177978515625,14.21453857421875
256,0,powers-two,pointers,4,32768,358118,363358,10.92889404296875,11.08880615234375
256,0,powers-two,pipeline,4,32768,435909,441224,13.302886962890625,13.465087890625
256,0,powers-two,openblas-leaf,4,32768,503392,508715,15.3623046875,15.524749755859375
256,0,powers-two,openblas-aligned,4,32768,415183,420539,12.670379638671875,12.833831787109375
256,0,powers-two,openblas,4,32768,443261,448636,13.527252197265625,13.6912841796875
256,0,powers-two,onemkl,4,32768,538271,543769,16.426727294921875,16.594512939453125
256,0,powers-two,current,5,32768,460475,465793,14.052581787109375,14.214874267578125
256,0,powers-two,pointers,5,32768,358227,363559,10.932220458984375,11.094940185546875
256,0,powers-two,pipeline,5,32768,438101,443412,13.369781494140625,13.5318603515625
256,0,powers-two,openblas-leaf,5,32768,408956,414239,12.4803466796875,12.641571044921875
256,0,powers-two,openblas-aligned,5,32768,408423,413731,12.464080810546875,12.626068115234375
256,0,powers-two,openblas,5,32768,437903,443278,13.363739013671875,13.52777099609375
256,0,powers-two,onemkl,5,32768,533311,538851,16.275360107421875,16.444427490234375
256,0,powers-two,current,6,32768,466646,472401,14.24090576171875,14.416534423828125
256,0,powers-two,pointers,6,32768,361628,367143,11.0360107421875,11.204315185546875
256,0,powers-two,pipeline,6,32768,416567,422276,12.712615966796875,12.8868408203125
256,0,powers-two,openblas-leaf,6,32768,408975,414636,12.480926513671875,12.6536865234375
256,0,powers-two,openblas-aligned,6,32768,411975,417492,12.572479248046875,12.7408447265625
256,0,powers-two,openblas,6,32768,442291,447978,13.497650146484375,13.67120361328125
256,0,powers-two,onemkl,6,32768,534761,540477,16.319610595703125,16.494049072265625
256,0,powers-two,current,7,32768,457475,462848,13.961029052734375,14.125
256,0,powers-two,pointers,7,32768,359110,364372,10.95916748046875,11.1197509765625
256,0,powers-two,pipeline,7,32768,404695,409994,12.350311279296875,12.51202392578125
256,0,powers-two,openblas-leaf,7,32768,410891,416148,12.539398193359375,12.6998291015625
256,0,powers-two,openblas-aligned,7,32768,407421,412810,12.433502197265625,12.59796142578125
256,0,powers-two,openblas,7,32768,437525,442995,13.352203369140625,13.519134521484375
256,0,powers-two,onemkl,7,32768,534547,540298,16.313079833984375,16.48858642578125
256,0,reset,current,1,32768,819202,834334,25.00006103515625,25.46185302734375
256,0,reset,pointers,1,32768,731525,736820,22.324371337890625,22.4859619140625
256,0,reset,pipeline,1,32768,735039,740658,22.431610107421875,22.60308837890625
256,0,reset,openblas-leaf,1,32768,776107,781516,23.684906005859375,23.8499755859375
256,0,reset,openblas-aligned,1,32768,780507,786172,23.819183349609375,23.9920654296875
256,0,reset,openblas,1,32768,853603,859580,26.049896240234375,26.2322998046875
256,0,reset,onemkl,1,32768,892781,898326,27.245513916015625,27.41473388671875
256,0,reset,current,2,32768,832545,837779,25.407257080078125,25.566986083984375
256,0,reset,pointers,2,32768,737039,742294,22.492645263671875,22.65301513671875
256,0,reset,pipeline,2,32768,750656,755993,22.908203125,23.071075439453125
256,0,reset,openblas-leaf,2,32768,782349,787597,23.875396728515625,24.035552978515625
256,0,reset,openblas-aligned,2,32768,878373,883736,26.805816650390625,26.969482421875
256,0,reset,openblas,2,32768,866904,872419,26.455810546875,26.624114990234375
256,0,reset,onemkl,2,32768,910769,916079,27.794464111328125,27.956512451171875
256,0,reset,current,3,32768,815705,820871,24.893341064453125,25.050994873046875
256,0,reset,pointers,3,32768,723567,728825,22.081512451171875,22.241973876953125
256,0,reset,pipeline,3,32768,729743,735210,22.269989013671875,22.43682861328125
256,0,reset,openblas-leaf,3,32768,772424,777686,23.572509765625,23.73309326171875
256,0,reset,openblas-aligned,3,32768,774512,779691,23.63623046875,23.794281005859375
256,0,reset,openblas,3,32768,840602,846023,25.65313720703125,25.818572998046875
256,0,reset,onemkl,3,32768,886235,891530,27.045745849609375,27.20733642578125
256,0,reset,current,4,32768,824481,829920,25.161163330078125,25.3271484375
256,0,reset,pointers,4,32768,728889,734324,22.243927001953125,22.4097900390625
256,0,reset,pipeline,4,32768,746832,752379,22.79150390625,22.960784912109375
256,0,reset,openblas-leaf,4,32768,778022,783687,23.74334716796875,23.916229248046875
256,0,reset,openblas-aligned,4,32768,788341,793895,24.058258056640625,24.227752685546875
256,0,reset,openblas,4,32768,853512,859076,26.047119140625,26.2169189453125
256,0,reset,onemkl,4,32768,904847,910553,27.613739013671875,27.787872314453125
256,0,reset,current,5,32768,831191,836565,25.365936279296875,25.529937744140625
256,0,reset,pointers,5,32768,737727,742939,22.513641357421875,22.672698974609375
256,0,reset,pipeline,5,32768,746938,752199,22.79473876953125,22.955291748046875
256,0,reset,openblas-leaf,5,32768,792875,798166,24.196624755859375,24.35809326171875
256,0,reset,openblas-aligned,5,32768,792257,797636,24.177764892578125,24.3419189453125
256,0,reset,openblas,5,32768,862193,867602,26.312042236328125,26.47711181640625
256,0,reset,onemkl,5,32768,1000478,1005893,30.53216552734375,30.697418212890625
256,0,reset,current,6,32768,817485,823063,24.947662353515625,25.117889404296875
256,0,reset,pointers,6,32768,723109,728451,22.067535400390625,22.230560302734375
256,0,reset,pipeline,6,32768,729952,735067,22.2763671875,22.432464599609375
256,0,reset,openblas-leaf,6,32768,766681,771787,23.397247314453125,23.553070068359375
256,0,reset,openblas-aligned,6,32768,778061,783678,23.744537353515625,23.91595458984375
256,0,reset,openblas,6,32768,841927,847315,25.693572998046875,25.858001708984375
256,0,reset,onemkl,6,32768,886628,892479,27.0577392578125,27.236297607421875
256,0,reset,current,7,32768,814591,820139,24.859344482421875,25.028656005859375
256,0,reset,pointers,7,32768,720667,725840,21.993011474609375,22.15087890625
256,0,reset,pipeline,7,32768,738316,743603,22.5316162109375,22.692962646484375
256,0,reset,openblas-leaf,7,32768,766493,771692,23.391510009765625,23.5501708984375
256,0,reset,openblas-aligned,7,32768,779531,784813,23.789398193359375,23.950592041015625
256,0,reset,openblas,7,32768,843493,849092,25.741363525390625,25.9122314453125
256,0,reset,onemkl,7,32768,894683,900317,27.303558349609375,27.475494384765625
256,8,negate,current,1,32768,471219,476455,14.380462646484375,14.540252685546875
256,8,negate,pointers,1,32768,351120,356635,10.71533203125,10.883636474609375
256,8,negate,pipeline,1,32768,408865,414173,12.477569580078125,12.639556884765625
256,8,negate,openblas-leaf,1,32768,940936,946355,28.715087890625,28.880462646484375
256,8,negate,openblas-aligned,1,32768,404946,410191,12.35797119140625,12.518035888671875
256,8,negate,openblas,1,32768,965166,970894,29.45452880859375,29.62933349609375
256,8,negate,onemkl,1,32768,574384,579517,17.52880859375,17.685455322265625
256,8,negate,current,2,32768,471671,477005,14.394256591796875,14.557037353515625
256,8,negate,pointers,2,32768,357704,363086,10.916259765625,11.08050537109375
256,8,negate,pipeline,2,32768,419085,424230,12.789459228515625,12.94647216796875
256,8,negate,openblas-leaf,2,32768,929313,934364,28.360382080078125,28.5145263671875
256,8,negate,openblas-aligned,2,32768,419344,424314,12.79736328125,12.94903564453125
256,8,negate,openblas,2,32768,951459,956446,29.036224365234375,29.18841552734375
256,8,negate,onemkl,2,32768,578033,582972,17.640167236328125,17.7908935546875
256,8,negate,current,3,32768,465934,471036,14.21917724609375,14.3748779296875
256,8,negate,pointers,3,32768,348424,353763,10.633056640625,10.795989990234375
256,8,negate,pipeline,3,32768,412666,417616,12.59356689453125,12.74462890625
256,8,negate,openblas-leaf,3,32768,937089,942194,28.597686767578125,28.75347900390625
256,8,negate,openblas-aligned,3,32768,410149,415115,12.516754150390625,12.668304443359375
256,8,negate,openblas,3,32768,949306,954268,28.97052001953125,29.1219482421875
256,8,negate,onemkl,3,32768,566902,571881,17.30047607421875,17.452423095703125
256,8,negate,current,4,32768,464887,470073,14.187225341796875,14.345489501953125
256,8,negate,pointers,4,32768,347942,353319,10.61834716796875,10.782440185546875
256,8,negate,pipeline,4,32768,409250,414216,12.48931884765625,12.640869140625
256,8,negate,openblas-leaf,4,32768,930620,937456,28.4002685546875,28.60888671875
256,8,negate,openblas-aligned,4,32768,410488,415450,12.527099609375,12.67852783203125
256,8,negate,openblas,4,32768,949062,954085,28.96307373046875,29.116363525390625
256,8,negate,onemkl,4,32768,568010,572919,17.33428955078125,17.484100341796875
256,8,negate,current,5,32768,467075,472197,14.253997802734375,14.410308837890625
256,8,negate,pointers,5,32768,352163,361983,10.747161865234375,11.046844482421875
256,8,negate,pipeline,5,32768,412381,417649,12.584869384765625,12.745635986328125
256,8,negate,openblas-leaf,5,32768,935253,944283,28.541656494140625,28.817230224609375
256,8,negate,openblas-aligned,5,32768,407089,412349,12.423370361328125,12.583892822265625
256,8,negate,openblas,5,32768,949767,954897,28.984588623046875,29.141143798828125
256,8,negate,onemkl,5,32768,565629,570504,17.261627197265625,17.410400390625
256,8,negate,current,6,32768,466144,471226,14.2255859375,14.38067626953125
256,8,negate,pointers,6,32768,348974,353982,10.64984130859375,10.80267333984375
256,8,negate,pipeline,6,32768,403889,408771,12.325714111328125,12.474700927734375
256,8,negate,openblas-leaf,6,32768,931061,936098,28.413726806640625,28.56744384765625
256,8,negate,openblas-aligned,6,32768,413041,418010,12.605010986328125,12.75665283203125
256,8,negate,openblas,6,32768,947596,952557,28.9183349609375,29.069732666015625
256,8,negate,onemkl,6,32768,566135,571016,17.277069091796875,17.426025390625
256,8,negate,current,7,32768,478090,483277,14.59014892578125,14.748443603515625
256,8,negate,pointers,7,32768,364207,369405,11.114715576171875,11.273345947265625
256,8,negate,pipeline,7,32768,427891,432970,13.058197021484375,13.21319580078125
256,8,negate,openblas-leaf,7,32768,952835,957947,29.078216552734375,29.234222412109375
256,8,negate,openblas-aligned,7,32768,424646,432900,12.95916748046875,13.2110595703125
256,8,negate,openblas,7,32768,978810,983927,29.87091064453125,30.027069091796875
256,8,negate,onemkl,7,32768,584849,589947,17.848175048828125,18.003753662109375
256,8,powers-two,current,1,32768,483560,488688,14.757080078125,14.91357421875
256,8,powers-two,pointers,1,32768,357639,363015,10.914276123046875,11.078338623046875
256,8,powers-two,pipeline,1,32768,442179,447565,13.494232177734375,13.658599853515625
256,8,powers-two,openblas-leaf,1,32768,954557,959679,29.130767822265625,29.287078857421875
256,8,powers-two,openblas-aligned,1,32768,435127,440445,13.279022216796875,13.441314697265625
256,8,powers-two,openblas,1,32768,969962,975342,29.60089111328125,29.76507568359375
256,8,powers-two,onemkl,1,32768,584857,590147,17.848419189453125,18.009857177734375
256,8,powers-two,current,2,32768,474676,479713,14.4859619140625,14.639678955078125
256,8,powers-two,pointers,2,32768,357186,362101,10.90045166015625,11.050445556640625
256,8,powers-two,pipeline,2,32768,439327,444308,13.407196044921875,13.5592041015625
256,8,powers-two,openblas-leaf,2,32768,938214,943189,28.63201904296875,28.783843994140625
256,8,powers-two,openblas-aligned,2,32768,425849,430767,12.995880126953125,13.145965576171875
256,8,powers-two,openblas,2,32768,951766,956789,29.04559326171875,29.198883056640625
256,8,powers-two,onemkl,2,32768,578522,583546,17.65509033203125,17.80841064453125
256,8,powers-two,current,3,32768,478008,484510,14.587646484375,14.78607177734375
256,8,powers-two,pointers,3,32768,358221,363142,10.932037353515625,11.08221435546875
256,8,powers-two,pipeline,3,32768,429590,434565,13.11004638671875,13.261871337890625
256,8,powers-two,openblas-leaf,3,32768,938713,943681,28.647247314453125,28.798858642578125
256,8,powers-two,openblas-aligned,3,32768,518319,523296,15.817840576171875,15.9697265625
256,8,powers-two,openblas,3,32768,962106,967514,29.36114501953125,29.52618408203125
256,8,powers-two,onemkl,3,32768,576074,581118,17.58038330078125,17.73431396484375
256,8,powers-two,current,4,32768,475160,480283,14.500732421875,14.657073974609375
256,8,powers-two,pointers,4,32768,351715,356648,10.733489990234375,10.884033203125
256,8,powers-two,pipeline,4,32768,426529,431524,13.016632080078125,13.1690673828125
256,8,powers-two,openblas-leaf,4,32768,942459,947733,28.761566162109375,28.922515869140625
256,8,powers-two,openblas-aligned,4,32768,430779,435972,13.146331787109375,13.3048095703125
256,8,powers-two,openblas,4,32768,957757,962935,29.228424072265625,29.386444091796875
256,8,powers-two,onemkl,4,32768,581613,586766,17.749420166015625,17.90667724609375
256,8,powers-two,current,5,32768,509836,514983,15.5589599609375,15.716033935546875
256,8,powers-two,pointers,5,32768,360550,365539,11.00311279296875,11.155364990234375
256,8,powers-two,pipeline,5,32768,439245,444417,13.404693603515625,13.562530517578125
256,8,powers-two,openblas-leaf,5,32768,958456,963529,29.249755859375,29.404571533203125
256,8,powers-two,openblas-aligned,5,32768,441530,446796,13.47442626953125,13.6351318359375
256,8,powers-two,openblas,5,32768,977722,982796,29.83770751953125,29.9925537109375
256,8,powers-two,onemkl,5,32768,589218,594254,17.98150634765625,18.13519287109375
256,8,powers-two,current,6,32768,488401,493476,14.904815673828125,15.0596923828125
256,8,powers-two,pointers,6,32768,366887,371849,11.196502685546875,11.347930908203125
256,8,powers-two,pipeline,6,32768,432348,437453,13.1942138671875,13.350006103515625
256,8,powers-two,openblas-leaf,6,32768,956142,961192,29.17913818359375,29.333251953125
256,8,powers-two,openblas-aligned,6,32768,433716,438686,13.2359619140625,13.38763427734375
256,8,powers-two,openblas,6,32768,970848,975915,29.6279296875,29.782562255859375
256,8,powers-two,onemkl,6,32768,593588,598609,18.1148681640625,18.268096923828125
256,8,powers-two,current,7,32768,481594,486757,14.69708251953125,14.854644775390625
256,8,powers-two,pointers,7,32768,364551,369538,11.125213623046875,11.27740478515625
256,8,powers-two,pipeline,7,32768,432844,437971,13.2093505859375,13.365814208984375
256,8,powers-two,openblas-leaf,7,32768,944335,949526,28.818817138671875,28.97723388671875
256,8,powers-two,openblas-aligned,7,32768,436271,441307,13.313934326171875,13.467620849609375
256,8,powers-two,openblas,7,32768,971428,976426,29.6456298828125,29.79815673828125
256,8,powers-two,onemkl,7,32768,585560,590601,17.869873046875,18.023712158203125
256,8,reset,current,1,32768,835101,840492,25.485260009765625,25.6497802734375
256,8,reset,pointers,1,32768,771746,777170,23.55181884765625,23.71734619140625
256,8,reset,pipeline,1,32768,792545,797729,24.186553955078125,24.344757080078125
256,8,reset,openblas-leaf,1,32768,1311505,1316797,40.023956298828125,40.185455322265625
256,8,reset,openblas-aligned,1,32768,811947,817165,24.778656005859375,24.937896728515625
256,8,reset,openblas,1,32768,1283819,1289165,39.179046630859375,39.342193603515625
256,8,reset,onemkl,1,32768,973043,978347,29.694915771484375,29.856781005859375
256,8,reset,current,2,32768,838318,843633,25.58343505859375,25.745635986328125
256,8,reset,pointers,2,32768,769963,775031,23.497406005859375,23.652069091796875
256,8,reset,pipeline,2,32768,782411,787439,23.877288818359375,24.030731201171875
256,8,reset,openblas-leaf,2,32768,1310116,1315294,39.9815673828125,40.13958740234375
256,8,reset,openblas-aligned,2,32768,818306,823394,24.97271728515625,25.12799072265625
256,8,reset,openblas,2,32768,1296277,1301532,39.559234619140625,39.7196044921875
256,8,reset,onemkl,2,32768,970885,976095,29.629058837890625,29.788055419921875
256,8,reset,current,3,32768,839030,844131,25.60516357421875,25.760833740234375
256,8,reset,pointers,3,32768,767717,772793,23.428863525390625,23.583770751953125
256,8,reset,pipeline,3,32768,793820,798826,24.2254638671875,24.37823486328125
256,8,reset,openblas-leaf,3,32768,1311189,1316507,40.014312744140625,40.176605224609375
256,8,reset,openblas-aligned,3,32768,817466,822540,24.94708251953125,25.1019287109375
256,8,reset,openblas,3,32768,1279466,1284536,39.04620361328125,39.200927734375
256,8,reset,onemkl,3,32768,1005922,1011194,30.69830322265625,30.85919189453125
256,8,reset,current,4,32768,834634,839954,25.47100830078125,25.63336181640625
256,8,reset,pointers,4,32768,774309,779495,23.630035400390625,23.788299560546875
256,8,reset,pipeline,4,32768,788819,793945,24.072845458984375,24.229278564453125
256,8,reset,openblas-leaf,4,32768,1319340,1324717,40.2630615234375,40.427154541015625
256,8,reset,openblas-aligned,4,32768,814198,819307,24.84735107421875,25.003265380859375
256,8,reset,openblas,4,32768,1279498,1285045,39.04718017578125,39.216461181640625
256,8,reset,onemkl,4,32768,978748,992208,29.8690185546875,30.27978515625
256,8,reset,current,5,32768,930744,935876,28.404052734375,28.5606689453125
256,8,reset,pointers,5,32768,773851,778918,23.616058349609375,23.77069091796875
256,8,reset,pipeline,5,32768,785421,790398,23.969146728515625,24.12103271484375
256,8,reset,openblas-leaf,5,32768,1302867,1307930,39.760345458984375,39.91485595703125
256,8,reset,openblas-aligned,5,32768,806284,811400,24.6058349609375,24.761962890625
256,8,reset,openblas,5,32768,1277232,1282388,38.97802734375,39.1353759765625
256,8,reset,onemkl,5,32768,968244,973424,29.5484619140625,29.70654296875
256,8,reset,current,6,32768,835454,840567,25.49603271484375,25.652069091796875
256,8,reset,pointers,6,32768,777979,783276,23.742034912109375,23.9036865234375
256,8,reset,pipeline,6,32768,795298,800354,24.27056884765625,24.42486572265625
256,8,reset,openblas-leaf,6,32768,1304679,1310527,39.815643310546875,39.994110107421875
256,8,reset,openblas-aligned,6,32768,811474,816997,24.76422119140625,24.932769775390625
256,8,reset,openblas,6,32768,1280999,1286454,39.092987060546875,39.25946044921875
256,8,reset,onemkl,6,32768,976243,981726,29.792572021484375,29.95989990234375
256,8,reset,current,7,32768,836472,841624,25.527099609375,25.684326171875
256,8,reset,pointers,7,32768,776413,781467,23.694244384765625,23.848480224609375
256,8,reset,pipeline,7,32768,788688,793778,24.06884765625,24.22418212890625
256,8,reset,openblas-leaf,7,32768,1311198,1316321,40.01458740234375,40.170928955078125
256,8,reset,openblas-aligned,7,32768,811724,816743,24.7718505859375,24.925018310546875
256,8,reset,openblas,7,32768,1283370,1288477,39.16534423828125,39.321197509765625
256,8,reset,onemkl,7,32768,969651,974909,29.591400146484375,29.751861572265625
256,16,negate,current,1,32768,479827,484966,14.643157958984375,14.79998779296875
256,16,negate,pointers,1,32768,353412,358386,10.7852783203125,10.93707275390625
256,16,negate,pipeline,1,32768,440761,445720,13.450958251953125,13.602294921875
256,16,negate,openblas-leaf,1,32768,947997,952933,28.930572509765625,29.081207275390625
256,16,negate,openblas-aligned,1,32768,402793,407760,12.292266845703125,12.44384765625
256,16,negate,openblas,1,32768,964637,969627,29.438385009765625,29.590667724609375
256,16,negate,onemkl,1,32768,585653,590860,17.872711181640625,18.0316162109375
256,16,negate,current,2,32768,469003,473969,14.312835693359375,14.464385986328125
256,16,negate,pointers,2,32768,355637,360526,10.853179931640625,11.00238037109375
256,16,negate,pipeline,2,32768,440622,445544,13.44671630859375,13.596923828125
256,16,negate,openblas-leaf,2,32768,936899,941846,28.591888427734375,28.74285888671875
256,16,negate,openblas-aligned,2,32768,401764,406760,12.2608642578125,12.413330078125
256,16,negate,openblas,2,32768,1046702,1051732,31.94281005859375,32.0963134765625
256,16,negate,onemkl,2,32768,573703,578778,17.508026123046875,17.66290283203125
256,16,negate,current,3,32768,482291,487446,14.718353271484375,14.87567138671875
256,16,negate,pointers,3,32768,359053,364019,10.957427978515625,11.108978271484375
256,16,negate,pipeline,3,32768,448726,454029,13.69403076171875,13.855865478515625
256,16,negate,openblas-leaf,3,32768,949278,954576,28.96966552734375,29.13134765625
256,16,negate,openblas-aligned,3,32768,412683,417813,12.594085693359375,12.750640869140625
256,16,negate,openblas,3,32768,971488,976600,29.6474609375,29.803466796875
256,16,negate,onemkl,3,32768,589955,595067,18.003997802734375,18.160003662109375
256,16,negate,current,4,32768,466828,472227,14.2464599609375,14.411224365234375
256,16,negate,pointers,4,32768,348646,354030,10.63983154296875,10.80413818359375
256,16,negate,pipeline,4,32768,433077,438215,13.216461181640625,13.373260498046875
256,16,negate,openblas-leaf,4,32768,940809,946304,28.711212158203125,28.87890625
256,16,negate,openblas-aligned,4,32768,403315,408487,12.308197021484375,12.466033935546875
256,16,negate,openblas,4,32768,949149,954761,28.965728759765625,29.136993408203125
256,16,negate,onemkl,4,32768,568059,573210,17.335784912109375,17.49298095703125
256,16,negate,current,5,32768,466626,471579,14.24029541015625,14.391448974609375
256,16,negate,pointers,5,32768,355008,359994,10.833984375,10.98614501953125
256,16,negate,pipeline,5,32768,436671,441587,13.326141357421875,13.476165771484375
256,16,negate,openblas-leaf,5,32768,930894,935861,28.40863037109375,28.560211181640625
256,16,negate,openblas-aligned,5,32768,399134,404046,12.18060302734375,12.33050537109375
256,16,negate,openblas,5,32768,947567,952511,28.917449951171875,29.068328857421875
256,16,negate,onemkl,5,32768,570285,575308,17.403717041015625,17.5570068359375
256,16,negate,current,6,32768,470469,475416,14.357574462890625,14.508544921875
256,16,negate,pointers,6,32768,351083,355937,10.714202880859375,10.862335205078125
256,16,negate,pipeline,6,32768,437195,442130,13.342132568359375,13.49273681640625
256,16,negate,openblas-leaf,6,32768,931119,936079,28.415496826171875,28.566864013671875
256,16,negate,openblas-aligned,6,32768,400290,405179,12.21588134765625,12.365081787109375
256,16,negate,openblas,6,32768,947569,952522,28.917510986328125,29.06866455078125
256,16,negate,onemkl,6,32768,656584,661612,20.037353515625,20.1907958984375
256,16,negate,current,7,32768,464934,469800,14.18865966796875,14.337158203125
256,16,negate,pointers,7,32768,356258,361149,10.87213134765625,11.021392822265625
256,16,negate,pipeline,7,32768,440013,444908,13.428131103515625,13.5775146484375
256,16,negate,openblas-leaf,7,32768,933461,938379,28.486968994140625,28.637054443359375
256,16,negate,openblas-aligned,7,32768,401910,406814,12.26531982421875,12.41497802734375
256,16,negate,openblas,7,32768,952271,957222,29.061004638671875,29.21209716796875
256,16,negate,onemkl,7,32768,572719,577806,17.477996826171875,17.63323974609375
256,16,powers-two,current,1,32768,475534,480441,14.51214599609375,14.661895751953125
256,16,powers-two,pointers,1,32768,356529,361380,10.880401611328125,11.0284423828125
256,16,powers-two,pipeline,1,32768,457411,462353,13.959075927734375,14.109893798828125
256,16,powers-two,openblas-leaf,1,32768,1022080,1027080,31.19140625,31.343994140625
256,16,powers-two,openblas-aligned,1,32768,433416,438354,13.226806640625,13.37750244140625
256,16,powers-two,openblas,1,32768,951394,956361,29.03424072265625,29.185821533203125
256,16,powers-two,onemkl,1,32768,574931,580020,17.545501708984375,17.7008056640625
256,16,powers-two,current,2,32768,473564,478487,14.4520263671875,14.602264404296875
256,16,powers-two,pointers,2,32768,355293,360260,10.842681884765625,10.9942626953125
256,16,powers-two,pipeline,2,32768,449962,455011,13.73175048828125,13.885833740234375
256,16,powers-two,openblas-leaf,2,32768,932681,937767,28.463165283203125,28.618377685546875
256,16,powers-two,openblas-aligned,2,32768,435655,440602,13.295135498046875,13.44610595703125
256,16,powers-two,openblas,2,32768,948284,953462,28.9393310546875,29.09735107421875
256,16,powers-two,onemkl,2,32768,576767,581882,17.601531982421875,17.75762939453125
256,16,powers-two,current,3,32768,475341,480550,14.506256103515625,14.66522216796875
256,16,powers-two,pointers,3,32768,355570,361080,10.85113525390625,11.019287109375
256,16,powers-two,pipeline,3,32768,443566,448539,13.53656005859375,13.688323974609375
256,16,powers-two,openblas-leaf,3,32768,934127,939597,28.507293701171875,28.674224853515625
256,16,powers-two,openblas-aligned,3,32768,429065,434118,13.094024658203125,13.24822998046875
256,16,powers-two,openblas,3,32768,950438,955917,29.00506591796875,29.172271728515625
256,16,powers-two,onemkl,3,32768,583559,588633,17.808807373046875,17.963653564453125
256,16,powers-two,current,4,32768,471935,476963,14.402313232421875,14.555755615234375
256,16,powers-two,pointers,4,32768,356958,361829,10.89349365234375,11.042144775390625
256,16,powers-two,pipeline,4,32768,450096,455066,13.73583984375,13.88751220703125
256,16,powers-two,openblas-leaf,4,32768,933796,938731,28.4971923828125,28.647796630859375
256,16,powers-two,openblas-aligned,4,32768,426569,431677,13.017852783203125,13.173736572265625
256,16,powers-two,openblas,4,32768,951219,956203,29.028900146484375,29.180999755859375
256,16,powers-two,onemkl,4,32768,574385,598299,17.528839111328125,18.258636474609375
256,16,powers-two,current,5,32768,474766,479729,14.48870849609375,14.640167236328125
256,16,powers-two,pointers,5,32768,450066,454948,13.73492431640625,13.8839111328125
256,16,powers-two,pipeline,5,32768,458931,463902,14.005462646484375,14.15716552734375
256,16,powers-two,openblas-leaf,5,32768,929111,934070,28.354217529296875,28.50555419921875
256,16,powers-two,openblas-aligned,5,32768,428773,433774,13.085113525390625,13.23773193359375
256,16,powers-two,openblas,5,32768,948189,953256,28.936431884765625,29.091064453125
256,16,powers-two,onemkl,5,32768,576193,581238,17.584014892578125,17.73797607421875
256,16,powers-two,current,6,32768,471721,476787,14.395782470703125,14.550384521484375
256,16,powers-two,pointers,6,32768,359168,364027,10.9609375,11.109222412109375
256,16,powers-two,pipeline,6,32768,448275,453206,13.680267333984375,13.83074951171875
256,16,powers-two,openblas-leaf,6,32768,932101,937010,28.445465087890625,28.59527587890625
256,16,powers-two,openblas-aligned,6,32768,426524,431493,13.0164794921875,13.168121337890625
256,16,powers-two,openblas,6,32768,950537,955544,29.008087158203125,29.160888671875
256,16,powers-two,onemkl,6,32768,573589,578655,17.504547119140625,17.659149169921875
256,16,powers-two,current,7,32768,467129,472317,14.255645751953125,14.413970947265625
256,16,powers-two,pointers,7,32768,350718,355737,10.70306396484375,10.856231689453125
256,16,powers-two,pipeline,7,32768,440953,446016,13.456817626953125,13.611328125
256,16,powers-two,openblas-leaf,7,32768,916412,921764,27.9666748046875,28.1300048828125
256,16,powers-two,openblas-aligned,7,32768,425866,430927,12.99639892578125,13.150848388671875
256,16,powers-two,openblas,7,32768,929501,934810,28.366119384765625,28.52813720703125
256,16,powers-two,onemkl,7,32768,564919,570060,17.239959716796875,17.3968505859375
256,16,reset,current,1,32768,780257,785790,23.811553955078125,23.98040771484375
256,16,reset,pointers,1,32768,737860,743633,22.5177001953125,22.693878173828125
256,16,reset,pipeline,1,32768,794088,799772,24.233642578125,24.4071044921875
256,16,reset,openblas-leaf,1,32768,1308784,1314040,39.94091796875,40.101318359375
256,16,reset,openblas-aligned,1,32768,749865,755279,22.884063720703125,23.049285888671875
256,16,reset,openblas,1,32768,1273437,1278863,38.862213134765625,39.027801513671875
256,16,reset,onemkl,1,32768,885591,891148,27.026092529296875,27.1956787109375
256,16,reset,current,2,32768,789659,794739,24.098480224609375,24.253509521484375
256,16,reset,pointers,2,32768,747727,752728,22.818817138671875,22.971435546875
256,16,reset,pipeline,2,32768,800000,805113,24.4140625,24.570098876953125
256,16,reset,openblas-leaf,2,32768,1316125,1321127,40.164947509765625,40.317596435546875
256,16,reset,openblas-aligned,2,32768,753939,758969,23.008392333984375,23.161895751953125
256,16,reset,openblas,2,32768,1278704,1283801,39.02294921875,39.178497314453125
256,16,reset,onemkl,2,32768,885765,890938,27.031402587890625,27.18927001953125
256,16,reset,current,3,32768,781802,786882,23.85870361328125,24.01373291015625
256,16,reset,pointers,3,32768,743188,748352,22.6802978515625,22.837890625
256,16,reset,pipeline,3,32768,786842,791926,24.01251220703125,24.16766357421875
256,16,reset,openblas-leaf,3,32768,1318677,1324055,40.242828369140625,40.406951904296875
256,16,reset,openblas-aligned,3,32768,750015,755198,22.888641357421875,23.04681396484375
256,16,reset,openblas,3,32768,1281536,1286899,39.109375,39.273040771484375
256,16,reset,onemkl,3,32768,888088,893288,27.102294921875,27.260986328125
256,16,reset,current,4,32768,788487,793588,24.062713623046875,24.2183837890625
256,16,reset,pointers,4,32768,748629,753680,22.846343994140625,23.00048828125
256,16,reset,pipeline,4,32768,798362,803406,24.36407470703125,24.51800537109375
256,16,reset,openblas-leaf,4,32768,1331215,1336498,40.625457763671875,40.78668212890625
256,16,reset,openblas-aligned,4,32768,758612,763721,23.1510009765625,23.306915283203125
256,16,reset,openblas,4,32768,1284405,1289530,39.196929931640625,39.35333251953125
256,16,reset,onemkl,4,32768,898484,903737,27.4195556640625,27.579864501953125
256,16,reset,current,5,32768,795891,801005,24.288665771484375,24.444732666015625
256,16,reset,pointers,5,32768,755721,760883,23.062774658203125,23.220306396484375
256,16,reset,pipeline,5,32768,806075,811369,24.599456787109375,24.761016845703125
256,16,reset,openblas-leaf,5,32768,1427568,1432839,43.56591796875,43.726776123046875
256,16,reset,openblas-aligned,5,32768,765863,771212,23.372283935546875,23.5355224609375
256,16,reset,openblas,5,32768,1302328,1307494,39.743896484375,39.90155029296875
256,16,reset,onemkl,5,32768,901020,906399,27.4969482421875,27.661102294921875
256,16,reset,current,6,32768,786671,792152,24.007293701171875,24.174560546875
256,16,reset,pointers,6,32768,756316,761648,23.0809326171875,23.24365234375
256,16,reset,pipeline,6,32768,791231,796433,24.146453857421875,24.305206298828125
256,16,reset,openblas-leaf,6,32768,1330812,1336975,40.6131591796875,40.801239013671875
256,16,reset,openblas-aligned,6,32768,757788,763022,23.1258544921875,23.28558349609375
256,16,reset,openblas,6,32768,1289185,1297537,39.342803955078125,39.597686767578125
256,16,reset,onemkl,6,32768,894713,899951,27.304473876953125,27.464324951171875
256,16,reset,current,7,32768,787931,793048,24.045745849609375,24.201904296875
256,16,reset,pointers,7,32768,755862,761004,23.06707763671875,23.2239990234375
256,16,reset,pipeline,7,32768,797818,802857,24.34747314453125,24.501251220703125
256,16,reset,openblas-leaf,7,32768,1324038,1329233,40.40643310546875,40.564971923828125
256,16,reset,openblas-aligned,7,32768,847686,852840,25.86932373046875,26.026611328125
256,16,reset,openblas,7,32768,1290676,1295969,39.3883056640625,39.549835205078125
256,16,reset,onemkl,7,32768,894409,899619,27.295196533203125,27.454193115234375
256,24,negate,current,1,32768,471188,476304,14.3795166015625,14.53564453125
256,24,negate,pointers,1,32768,389757,394726,11.894439697265625,12.04608154296875
256,24,negate,pipeline,1,32768,454493,459521,13.870025634765625,14.023468017578125
256,24,negate,openblas-leaf,1,32768,940350,945402,28.69720458984375,28.85137939453125
256,24,negate,openblas-aligned,1,32768,446209,451266,13.617218017578125,13.77154541015625
256,24,negate,openblas,1,32768,959792,964924,29.29052734375,29.4471435546875
256,24,negate,onemkl,1,32768,575542,580514,17.56414794921875,17.71588134765625
256,24,negate,current,2,32768,468645,473597,14.301910400390625,14.453033447265625
256,24,negate,pointers,2,32768,385028,389955,11.7501220703125,11.900482177734375
256,24,negate,pipeline,2,32768,446298,451183,13.61993408203125,13.769012451171875
256,24,negate,openblas-leaf,2,32768,1027183,1032129,31.347137451171875,31.498077392578125
256,24,negate,openblas-aligned,2,32768,445824,450719,13.60546875,13.754852294921875
256,24,negate,openblas,2,32768,953937,959041,29.111846923828125,29.267608642578125
256,24,negate,onemkl,2,32768,571474,576463,17.44000244140625,17.592254638671875
256,24,negate,current,3,32768,467288,472250,14.260498046875,14.41192626953125
256,24,negate,pointers,3,32768,386821,392002,11.804840087890625,11.96295166015625
256,24,negate,pipeline,3,32768,447266,452270,13.64947509765625,13.80218505859375
256,24,negate,openblas-leaf,3,32768,935143,940231,28.538299560546875,28.693572998046875
256,24,negate,openblas-aligned,3,32768,450576,455739,13.75048828125,13.908050537109375
256,24,negate,openblas,3,32768,965715,971134,29.471282958984375,29.63665771484375
256,24,negate,onemkl,3,32768,564137,569229,17.216094970703125,17.371490478515625
256,24,negate,current,4,32768,466678,471652,14.24188232421875,14.3936767578125
256,24,negate,pointers,4,32768,379521,384436,11.582061767578125,11.7320556640625
256,24,negate,pipeline,4,32768,444764,449709,13.5731201171875,13.724029541015625
256,24,negate,openblas-leaf,4,32768,929631,935023,28.370086669921875,28.534637451171875
256,24,negate,openblas-aligned,4,32768,444438,449322,13.56317138671875,13.71221923828125
256,24,negate,openblas,4,32768,947484,952660,28.9149169921875,29.0728759765625
256,24,negate,onemkl,4,32768,581142,586283,17.73504638671875,17.891937255859375
256,24,negate,current,5,32768,471361,476399,14.384796142578125,14.538543701171875
256,24,negate,pointers,5,32768,380067,385040,11.598724365234375,11.75048828125
256,24,negate,pipeline,5,32768,429745,434695,13.114776611328125,13.265838623046875
256,24,negate,openblas-leaf,5,32768,937897,943043,28.622344970703125,28.779388427734375
256,24,negate,openblas-aligned,5,32768,465560,470744,14.207763671875,14.365966796875
256,24,negate,openblas,5,32768,962014,967081,29.35833740234375,29.512969970703125
256,24,negate,onemkl,5,32768,582523,587609,17.777191162109375,17.932403564453125
256,24,negate,current,6,32768,480198,485392,14.65447998046875,14.81298828125
256,24,negate,pointers,6,32768,392727,398051,11.985076904296875,12.147552490234375
256,24,negate,pipeline,6,32768,460875,466079,14.064788818359375,14.223602294921875
256,24,negate,openblas-leaf,6,32768,949360,954618,28.97216796875,29.13262939453125
256,24,negate,openblas-aligned,6,32768,456204,461513,13.9222412109375,14.084259033203125
256,24,negate,openblas,6,32768,961949,967322,29.356353759765625,29.52032470703125
256,24,negate,onemkl,6,32768,581351,586452,17.741424560546875,17.8970947265625
256,24,negate,current,7,32768,467855,472859,14.277801513671875,14.430511474609375
256,24,negate,pointers,7,32768,380816,385845,11.62158203125,11.775054931640625
256,24,negate,pipeline,7,32768,442461,447678,13.502838134765625,13.66204833984375
256,24,negate,openblas-leaf,7,32768,944636,950202,28.8280029296875,28.99786376953125
256,24,negate,openblas-aligned,7,32768,446629,451605,13.630035400390625,13.781890869140625
256,24,negate,openblas,7,32768,956089,961785,29.177520751953125,29.351348876953125
256,24,negate,onemkl,7,32768,575851,581069,17.573577880859375,17.732818603515625
256,24,powers-two,current,1,32768,471579,476773,14.391448974609375,14.549957275390625
256,24,powers-two,pointers,1,32768,395383,400286,12.066131591796875,12.21575927734375
256,24,powers-two,pipeline,1,32768,455581,460506,13.903228759765625,14.05352783203125
256,24,powers-two,openblas-leaf,1,32768,940281,945205,28.695098876953125,28.845367431640625
256,24,powers-two,openblas-aligned,1,32768,456866,461889,13.94244384765625,14.095733642578125
256,24,powers-two,openblas,1,32768,951509,956674,29.037750244140625,29.19537353515625
256,24,powers-two,onemkl,1,32768,578636,583593,17.6585693359375,17.809844970703125
256,24,powers-two,current,2,32768,469848,475183,14.338623046875,14.501434326171875
256,24,powers-two,pointers,2,32768,395335,400284,12.064666748046875,12.2156982421875
256,24,powers-two,pipeline,2,32768,456404,461569,13.9283447265625,14.085968017578125
256,24,powers-two,openblas-leaf,2,32768,933750,939331,28.49578857421875,28.666107177734375
256,24,powers-two,openblas-aligned,2,32768,458458,463673,13.99102783203125,14.150177001953125
256,24,powers-two,openblas,2,32768,958928,964790,29.26416015625,29.44305419921875
256,24,powers-two,onemkl,2,32768,573551,578848,17.503387451171875,17.6650390625
256,24,powers-two,current,3,32768,464917,469881,14.188140869140625,14.339630126953125
256,24,powers-two,pointers,3,32768,393486,398338,12.00823974609375,12.15631103515625
256,24,powers-two,pipeline,3,32768,449431,454360,13.715545654296875,13.865966796875
256,24,powers-two,openblas-leaf,3,32768,932328,937379,28.452392578125,28.606536865234375
256,24,powers-two,openblas-aligned,3,32768,460531,465493,14.054290771484375,14.205718994140625
256,24,powers-two,openblas,3,32768,952992,958215,29.0830078125,29.242401123046875
256,24,powers-two,onemkl,3,32768,572564,577483,17.4732666015625,17.623382568359375
256,24,powers-two,current,4,32768,463202,468145,14.13580322265625,14.286651611328125
256,24,powers-two,pointers,4,32768,393536,398426,12.009765625,12.15899658203125
256,24,powers-two,pipeline,4,32768,455539,460439,13.901947021484375,14.051483154296875
256,24,powers-two,openblas-leaf,4,32768,927728,932626,28.31201171875,28.46148681640625
256,24,powers-two,openblas-aligned,4,32768,453911,458994,13.852264404296875,14.00738525390625
256,24,powers-two,openblas,4,32768,946888,951865,28.896728515625,29.048614501953125
256,24,powers-two,onemkl,4,32768,566622,571503,17.29193115234375,17.440887451171875
256,24,powers-two,current,5,32768,463536,468429,14.14599609375,14.295318603515625
256,24,powers-two,pointers,5,32768,384210,389009,11.72515869140625,11.871612548828125
256,24,powers-two,pipeline,5,32768,463654,468588,14.14959716796875,14.3001708984375
256,24,powers-two,openblas-leaf,5,32768,914054,918864,27.89471435546875,28.04150390625
256,24,powers-two,openblas-aligned,5,32768,446117,451053,13.614410400390625,13.765045166015625
256,24,powers-two,openblas,5,32768,932627,937509,28.461517333984375,28.610504150390625
256,24,powers-two,onemkl,5,32768,562638,567404,17.17034912109375,17.3157958984375
256,24,powers-two,current,6,32768,489659,495097,14.943206787109375,15.109161376953125
256,24,powers-two,pointers,6,32768,385509,390909,11.764801025390625,11.929595947265625
256,24,powers-two,pipeline,6,32768,487736,492828,14.884521484375,15.0399169921875
256,24,powers-two,openblas-leaf,6,32768,937552,943372,28.61181640625,28.7894287109375
256,24,powers-two,openblas-aligned,6,32768,459115,464174,14.011077880859375,14.16546630859375
256,24,powers-two,openblas,6,32768,957016,962233,29.205810546875,29.365020751953125
256,24,powers-two,onemkl,6,32768,576245,581250,17.585601806640625,17.73834228515625
256,24,powers-two,current,7,32768,478476,483583,14.6019287109375,14.757781982421875
256,24,powers-two,pointers,7,32768,401619,406603,12.256439208984375,12.408538818359375
256,24,powers-two,pipeline,7,32768,482514,487679,14.72515869140625,14.882781982421875
256,24,powers-two,openblas-leaf,7,32768,950185,955203,28.997344970703125,29.150482177734375
256,24,powers-two,openblas-aligned,7,32768,467430,472546,14.26483154296875,14.42095947265625
256,24,powers-two,openblas,7,32768,969410,974689,29.58404541015625,29.745147705078125
256,24,powers-two,onemkl,7,32768,590299,595328,18.014495849609375,18.16796875
256,24,reset,current,1,32768,836420,841544,25.5255126953125,25.681884765625
256,24,reset,pointers,1,32768,771948,776992,23.5579833984375,23.7119140625
256,24,reset,pipeline,1,32768,812347,817498,24.790863037109375,24.94805908203125
256,24,reset,openblas-leaf,1,32768,1304973,1310101,39.824615478515625,39.981109619140625
256,24,reset,openblas-aligned,1,32768,841111,846105,25.668670654296875,25.821075439453125
256,24,reset,openblas,1,32768,1287309,1292457,39.285552978515625,39.442657470703125
256,24,reset,onemkl,1,32768,981696,986882,29.958984375,30.11724853515625
256,24,reset,current,2,32768,819715,825038,25.015716552734375,25.17816162109375
256,24,reset,pointers,2,32768,764084,769117,23.3179931640625,23.471588134765625
256,24,reset,pipeline,2,32768,804611,837735,24.554779052734375,25.565643310546875
256,24,reset,openblas-leaf,2,32768,1304798,1310482,39.81927490234375,39.99273681640625
256,24,reset,openblas-aligned,2,32768,839471,844547,25.618621826171875,25.773529052734375
256,24,reset,openblas,2,32768,1276979,1282859,38.970306396484375,39.149749755859375
256,24,reset,onemkl,2,32768,966592,971939,29.498046875,29.661224365234375
256,24,reset,current,3,32768,840189,845425,25.640533447265625,25.800323486328125
256,24,reset,pointers,3,32768,771030,776108,23.52996826171875,23.6849365234375
256,24,reset,pipeline,3,32768,814788,819946,24.8653564453125,25.02276611328125
256,24,reset,openblas-leaf,3,32768,1321654,1326935,40.33367919921875,40.494842529296875
256,24,reset,openblas-aligned,3,32768,848082,853178,25.88140869140625,26.03692626953125
256,24,reset,openblas,3,32768,1300458,1305654,39.68682861328125,39.84539794921875
256,24,reset,onemkl,3,32768,987243,992566,30.128265380859375,30.29071044921875
256,24,reset,current,4,32768,825781,830901,25.200836181640625,25.357086181640625
256,24,reset,pointers,4,32768,765390,770384,23.35784912109375,23.51025390625
256,24,reset,pipeline,4,32768,817498,822549,24.94805908203125,25.102203369140625
256,24,reset,openblas-leaf,4,32768,1293977,1298995,39.489044189453125,39.642181396484375
256,24,reset,openblas-aligned,4,32768,841648,846734,25.68505859375,25.84027099609375
256,24,reset,openblas,4,32768,1277257,1282284,38.978790283203125,39.1322021484375
256,24,reset,onemkl,4,32768,978289,983536,29.855010986328125,30.01513671875
256,24,reset,current,5,32768,834375,839820,25.463104248046875,25.6292724609375
256,24,reset,pointers,5,32768,775858,781100,23.67730712890625,23.8372802734375
256,24,reset,pipeline,5,32768,818861,824289,24.989654541015625,25.155303955078125
256,24,reset,openblas-leaf,5,32768,1316206,1321699,40.16741943359375,40.335052490234375
256,24,reset,openblas-aligned,5,32768,853523,858940,26.047454833984375,26.2127685546875
256,24,reset,openblas,5,32768,1296261,1301956,39.558746337890625,39.7325439453125
256,24,reset,onemkl,5,32768,993591,999178,30.321990966796875,30.49249267578125
256,24,reset,current,6,32768,835766,841138,25.50555419921875,25.66949462890625
256,24,reset,pointers,6,32768,777165,782262,23.717193603515625,23.87274169921875
256,24,reset,pipeline,6,32768,821529,826660,25.071075439453125,25.2276611328125
256,24,reset,openblas-leaf,6,32768,1317716,1322843,40.2135009765625,40.369964599609375
256,24,reset,openblas-aligned,6,32768,851762,856857,25.99371337890625,26.149200439453125
256,24,reset,openblas,6,32768,1292000,1297136,39.4287109375,39.58544921875
256,24,reset,onemkl,6,32768,985650,990777,30.07965087890625,30.236114501953125
256,24,reset,current,7,32768,823439,828641,25.129364013671875,25.288116455078125
256,24,reset,pointers,7,32768,765881,771158,23.372833251953125,23.53387451171875
256,24,reset,pipeline,7,32768,799277,804536,24.391998291015625,24.552490234375
256,24,reset,openblas-leaf,7,32768,1292835,1298212,39.454193115234375,39.6182861328125
256,24,reset,openblas-aligned,7,32768,838660,843773,25.5938720703125,25.749908447265625
256,24,reset,openblas,7,32768,1303783,1309126,39.788299560546875,39.95135498046875
256,24,reset,onemkl,7,32768,970552,975786,29.618896484375,29.77862548828125
4096,0,negate,current,1,2048,396444,401759,193.576171875,196.17138671875
4096,0,negate,pointers,1,2048,334219,339446,163.19287109375,165.7451171875
4096,0,negate,pipeline,1,2048,342102,347451,167.0419921875,169.65380859375
4096,0,negate,openblas-leaf,1,2048,342351,347659,167.16357421875,169.75537109375
4096,0,negate,openblas-aligned,1,2048,342552,348060,167.26171875,169.951171875
4096,0,negate,openblas,1,2048,334631,340122,163.39404296875,166.0751953125
4096,0,negate,onemkl,1,2048,333032,338459,162.61328125,165.26318359375
4096,0,negate,current,2,2048,392620,397887,191.708984375,194.28076171875
4096,0,negate,pointers,2,2048,328607,333827,160.45263671875,163.00146484375
4096,0,negate,pipeline,2,2048,343349,349847,167.65087890625,170.82373046875
4096,0,negate,openblas-leaf,2,2048,340094,345294,166.0615234375,168.6005859375
4096,0,negate,openblas-aligned,2,2048,341308,346678,166.654296875,169.2763671875
4096,0,negate,openblas,2,2048,330778,335983,161.5126953125,164.05419921875
4096,0,negate,onemkl,2,2048,426916,432435,208.455078125,211.14990234375
4096,0,negate,current,3,2048,390932,396183,190.884765625,193.44873046875
4096,0,negate,pointers,3,2048,327191,332325,159.76123046875,162.26806640625
4096,0,negate,pipeline,3,2048,336490,341765,164.3017578125,166.87744140625
4096,0,negate,openblas-leaf,3,2048,330709,335888,161.47900390625,164.0078125
4096,0,negate,openblas-aligned,3,2048,332801,338194,162.50048828125,165.1337890625
4096,0,negate,openblas,3,2048,328794,334039,160.5439453125,163.10498046875
4096,0,negate,onemkl,3,2048,329602,334931,160.9384765625,163.54052734375
4096,0,negate,current,4,2048,391926,397390,191.3701171875,194.0380859375
4096,0,negate,pointers,4,2048,334235,339730,163.20068359375,165.8837890625
4096,0,negate,pipeline,4,2048,337725,343245,164.90478515625,167.60009765625
4096,0,negate,openblas-leaf,4,2048,337807,343295,164.94482421875,167.62451171875
4096,0,negate,openblas-aligned,4,2048,342886,348371,167.4248046875,170.10302734375
4096,0,negate,openblas,4,2048,332285,337597,162.24853515625,164.84228515625
4096,0,negate,onemkl,4,2048,330004,335646,161.134765625,163.8896484375
4096,0,negate,current,5,2048,390571,396083,190.70849609375,193.39990234375
4096,0,negate,pointers,5,2048,333638,338881,162.9091796875,165.46923828125
4096,0,negate,pipeline,5,2048,337577,343037,164.83251953125,167.49853515625
4096,0,negate,openblas-leaf,5,2048,336792,342187,164.44921875,167.08349609375
4096,0,negate,openblas-aligned,5,2048,335834,341477,163.9814453125,166.73681640625
4096,0,negate,openblas,5,2048,329529,334926,160.90283203125,163.5380859375
4096,0,negate,onemkl,5,2048,328118,333791,160.2138671875,162.98388671875
4096,0,negate,current,6,2048,396003,401299,193.36083984375,195.94677734375
4096,0,negate,pointers,6,2048,332828,337999,162.513671875,165.03857421875
4096,0,negate,pipeline,6,2048,357214,419891,174.4208984375,205.02490234375
4096,0,negate,openblas-leaf,6,2048,336917,342105,164.51025390625,167.04345703125
4096,0,negate,openblas-aligned,6,2048,336522,345281,164.3173828125,168.59423828125
4096,0,negate,openblas,6,2048,331982,337288,162.1005859375,164.69140625
4096,0,negate,onemkl,6,2048,331120,336912,161.6796875,164.5078125
4096,0,negate,current,7,2048,396776,402023,193.73828125,196.30029296875
4096,0,negate,pointers,7,2048,330433,335608,161.34423828125,163.87109375
4096,0,negate,pipeline,7,2048,334615,339924,163.38623046875,165.978515625
4096,0,negate,openblas-leaf,7,2048,332042,337220,162.1298828125,164.658203125
4096,0,negate,openblas-aligned,7,2048,333255,338558,162.72216796875,165.3115234375
4096,0,negate,openblas,7,2048,334970,340280,163.5595703125,166.15234375
4096,0,negate,onemkl,7,2048,336419,341814,164.26708984375,166.9013671875
4096,0,powers-two,current,1,2048,399001,404427,194.82470703125,197.47412109375
4096,0,powers-two,pointers,1,2048,333330,338632,162.7587890625,165.34765625
4096,0,powers-two,pipeline,1,2048,354560,359933,173.125,175.74853515625
4096,0,powers-two,openblas-leaf,1,2048,344534,349926,168.2294921875,170.8623046875
4096,0,powers-two,openblas-aligned,1,2048,345204,350548,168.556640625,171.166015625
4096,0,powers-two,openblas,1,2048,339274,344591,165.6611328125,168.25732421875
4096,0,powers-two,onemkl,1,2048,335547,340976,163.84130859375,166.4921875
4096,0,powers-two,current,2,2048,406942,412921,198.7021484375,201.62158203125
4096,0,powers-two,pointers,2,2048,337398,343280,164.7451171875,167.6171875
4096,0,powers-two,pipeline,2,2048,342407,348298,167.19091796875,170.0673828125
4096,0,powers-two,openblas-leaf,2,2048,345612,351757,168.755859375,171.75634765625
4096,0,powers-two,openblas-aligned,2,2048,343521,349150,167.73486328125,170.4833984375
4096,0,powers-two,openblas,2,2048,339552,345176,165.796875,168.54296875
4096,0,powers-two,onemkl,2,2048,339369,345196,165.70751953125,168.552734375
4096,0,powers-two,current,3,2048,399385,404735,195.01220703125,197.62451171875
4096,0,powers-two,pointers,3,2048,336041,341386,164.08251953125,166.6923828125
4096,0,powers-two,pipeline,3,2048,348585,354009,170.20751953125,172.85595703125
4096,0,powers-two,openblas-leaf,3,2048,344066,349383,168.0009765625,170.59716796875
4096,0,powers-two,openblas-aligned,3,2048,344275,349614,168.10302734375,170.7099609375
4096,0,powers-two,openblas,3,2048,337178,342455,164.6376953125,167.21435546875
4096,0,powers-two,onemkl,3,2048,342833,348291,167.39892578125,170.06396484375
4096,0,powers-two,current,4,2048,400411,405783,195.51318359375,198.13623046875
4096,0,powers-two,pointers,4,2048,337068,342367,164.583984375,167.17138671875
4096,0,powers-two,pipeline,4,2048,359786,365147,175.6767578125,178.29443359375
4096,0,powers-two,openblas-leaf,4,2048,344896,350251,168.40625,171.02099609375
4096,0,powers-two,openblas-aligned,4,2048,344535,349806,168.22998046875,170.8037109375
4096,0,powers-two,openblas,4,2048,338025,343268,165.05126953125,167.611328125
4096,0,powers-two,onemkl,4,2048,337501,342926,164.79541015625,167.4443359375
4096,0,powers-two,current,5,2048,399200,404509,194.921875,197.51416015625
4096,0,powers-two,pointers,5,2048,335712,341001,163.921875,166.50439453125
4096,0,powers-two,pipeline,5,2048,430825,436125,210.36376953125,212.95166015625
4096,0,powers-two,openblas-leaf,5,2048,339077,344376,165.56494140625,168.15234375
4096,0,powers-two,openblas-aligned,5,2048,341943,347257,166.96435546875,169.55908203125
4096,0,powers-two,openblas,5,2048,338809,344103,165.43408203125,168.01904296875
4096,0,powers-two,onemkl,5,2048,337988,343332,165.033203125,167.642578125
4096,0,powers-two,current,6,2048,399333,404605,194.98681640625,197.56103515625
4096,0,powers-two,pointers,6,2048,335696,341093,163.9140625,166.54931640625
4096,0,powers-two,pipeline,6,2048,344463,349752,168.19482421875,170.77734375
4096,0,powers-two,openblas-leaf,6,2048,339867,345163,165.95068359375,168.53662109375
4096,0,powers-two,openblas-aligned,6,2048,341971,347248,166.97802734375,169.5546875
4096,0,powers-two,openblas,6,2048,337092,342419,164.595703125,167.19677734375
4096,0,powers-two,onemkl,6,2048,336423,341804,164.26904296875,166.896484375
4096,0,powers-two,current,7,2048,401045,406559,195.82275390625,198.51513671875
4096,0,powers-two,pointers,7,2048,336440,341863,164.27734375,166.92529296875
4096,0,powers-two,pipeline,7,2048,353146,358493,172.4345703125,175.04541015625
4096,0,powers-two,openblas-leaf,7,2048,342248,347566,167.11328125,169.7099609375
4096,0,powers-two,openblas-aligned,7,2048,343667,349059,167.80615234375,170.43896484375
4096,0,powers-two,openblas,7,2048,337245,342625,164.67041015625,167.29736328125
4096,0,powers-two,onemkl,7,2048,336117,341517,164.11962890625,166.75634765625
4096,0,reset,current,1,2048,1302988,1308483,636.224609375,638.90771484375
4096,0,reset,pointers,1,2048,1295999,1301673,632.81201171875,635.58251953125
4096,0,reset,pipeline,1,2048,1319978,1325330,644.5205078125,647.1337890625
4096,0,reset,openblas-leaf,1,2048,1321043,1326208,645.04052734375,647.5625
4096,0,reset,openblas-aligned,1,2048,1308077,1313406,638.70947265625,641.3115234375
4096,0,reset,openblas,1,2048,1311819,1317032,640.53662109375,643.08203125
4096,0,reset,onemkl,1,2048,1322281,1329954,645.64501953125,649.3916015625
4096,0,reset,current,2,2048,1328694,1334206,648.7763671875,651.4677734375
4096,0,reset,pointers,2,2048,1312683,1318162,640.95849609375,643.6337890625
4096,0,reset,pipeline,2,2048,1333207,1338607,650.97998046875,653.61669921875
4096,0,reset,openblas-leaf,2,2048,1329745,1335283,649.28955078125,651.99365234375
4096,0,reset,openblas-aligned,2,2048,1427139,1432535,696.84521484375,699.47998046875
4096,0,reset,openblas,2,2048,1343119,1348668,655.81982421875,658.529296875
4096,0,reset,onemkl,2,2048,1360706,1366430,664.4072265625,667.2021484375
4096,0,reset,current,3,2048,1322662,1328089,645.8310546875,648.48095703125
4096,0,reset,pointers,3,2048,1306393,1311582,637.88720703125,640.4208984375
4096,0,reset,pipeline,3,2048,1322138,1327334,645.5751953125,648.1123046875
4096,0,reset,openblas-leaf,3,2048,1310712,1315782,639.99609375,642.4716796875
4096,0,reset,openblas-aligned,3,2048,1317131,1323185,643.13037109375,646.08642578125
4096,0,reset,openblas,3,2048,1319426,1324575,644.2509765625,646.76513671875
4096,0,reset,onemkl,3,2048,1344523,1349774,656.50537109375,659.0693359375
4096,0,reset,current,4,2048,1334017,1339686,651.37548828125,654.1435546875
4096,0,reset,pointers,4,2048,1309429,1314878,639.36962890625,642.0302734375
4096,0,reset,pipeline,4,2048,1324898,1330361,646.9228515625,649.59033203125
4096,0,reset,openblas-leaf,4,2048,1327870,1333283,648.3740234375,651.01708984375
4096,0,reset,openblas-aligned,4,2048,1336323,1341810,652.50146484375,655.1806640625
4096,0,reset,openblas,4,2048,1362748,1368698,665.404296875,668.3095703125
4096,0,reset,onemkl,4,2048,1366435,1372095,667.20458984375,669.96826171875
4096,0,reset,current,5,2048,1304418,1309678,636.9228515625,639.4912109375
4096,0,reset,pointers,5,2048,1397950,1403026,682.5927734375,685.0712890625
4096,0,reset,pipeline,5,2048,1311746,1316850,640.5009765625,642.9931640625
4096,0,reset,openblas-leaf,5,2048,1310229,1315304,639.76025390625,642.23828125
4096,0,reset,openblas-aligned,5,2048,1323474,1328804,646.2275390625,648.830078125
4096,0,reset,openblas,5,2048,1327979,1333133,648.42724609375,650.94384765625
4096,0,reset,onemkl,5,2048,1342105,1347304,655.32470703125,657.86328125
4096,0,reset,current,6,2048,1324205,1329794,646.58447265625,649.3134765625
4096,0,reset,pointers,6,2048,1304582,1310334,637.0029296875,639.8115234375
4096,0,reset,pipeline,6,2048,1322075,1327408,645.54443359375,648.1484375
4096,0,reset,openblas-leaf,6,2048,1356114,1361805,662.1650390625,664.94384765625
4096,0,reset,openblas-aligned,6,2048,1335927,1341223,652.30810546875,654.89404296875
4096,0,reset,openblas,6,2048,1341909,1347436,655.22900390625,657.927734375
4096,0,reset,onemkl,6,2048,1353261,1358694,660.77197265625,663.4248046875
4096,0,reset,current,7,2048,1333007,1338336,650.88232421875,653.484375
4096,0,reset,pointers,7,2048,1310738,1315858,640.0087890625,642.5087890625
4096,0,reset,pipeline,7,2048,1327105,1332299,648.00048828125,650.53662109375
4096,0,reset,openblas-leaf,7,2048,1417726,1422858,692.2490234375,694.7548828125
4096,0,reset,openblas-aligned,7,2048,1333466,1338704,651.1064453125,653.6640625
4096,0,reset,openblas,7,2048,1332646,1337890,650.7060546875,653.2666015625
4096,0,reset,onemkl,7,2048,1342054,1347217,655.2998046875,657.82080078125
4096,8,negate,current,1,2048,387219,392350,189.07177734375,191.5771484375
4096,8,negate,pointers,1,2048,323402,328443,157.9111328125,160.37255859375
4096,8,negate,pipeline,1,2048,347133,352287,169.49853515625,172.01513671875
4096,8,negate,openblas-leaf,1,2048,807748,812914,394.408203125,396.9306640625
4096,8,negate,openblas-aligned,1,2048,329057,334108,160.67236328125,163.138671875
4096,8,negate,openblas,1,2048,808223,813319,394.64013671875,397.12841796875
4096,8,negate,onemkl,1,2048,336646,341768,164.3779296875,166.87890625
4096,8,negate,current,2,2048,405804,410902,198.146484375,200.6357421875
4096,8,negate,pointers,2,2048,326409,331502,159.37939453125,161.8662109375
4096,8,negate,pipeline,2,2048,341563,346643,166.77880859375,169.25927734375
4096,8,negate,openblas-leaf,2,2048,812509,817912,396.73291015625,399.37109375
4096,8,negate,openblas-aligned,2,2048,341169,346331,166.58642578125,169.10693359375
4096,8,negate,openblas,2,2048,850366,855531,415.2177734375,417.73974609375
4096,8,negate,onemkl,2,2048,338923,344145,165.48974609375,168.03955078125
4096,8,negate,current,3,2048,385090,390238,188.0322265625,190.5458984375
4096,8,negate,pointers,3,2048,324105,329219,158.25439453125,160.75146484375
4096,8,negate,pipeline,3,2048,350421,355523,171.10400390625,173.59521484375
4096,8,negate,openblas-leaf,3,2048,813312,818487,397.125,399.65185546875
4096,8,negate,openblas-aligned,3,2048,338716,343923,165.388671875,167.93115234375
4096,8,negate,openblas,3,2048,812148,817256,396.556640625,399.05078125
4096,8,negate,onemkl,3,2048,338842,344071,165.4501953125,168.00341796875
4096,8,negate,current,4,2048,384713,391787,187.84814453125,191.30224609375
4096,8,negate,pointers,4,2048,338549,343583,165.30712890625,167.76513671875
4096,8,negate,pipeline,4,2048,352329,357444,172.03564453125,174.533203125
4096,8,negate,openblas-leaf,4,2048,834411,839670,407.42724609375,409.9951171875
4096,8,negate,openblas-aligned,4,2048,328594,333627,160.4462890625,162.90380859375
4096,8,negate,openblas,4,2048,806164,811303,393.634765625,396.14404296875
4096,8,negate,onemkl,4,2048,334735,339852,163.44482421875,165.943359375
4096,8,negate,current,5,2048,393389,398577,192.08447265625,194.61767578125
4096,8,negate,pointers,5,2048,325262,330450,158.8193359375,161.3525390625
4096,8,negate,pipeline,5,2048,339144,344236,165.59765625,168.083984375
4096,8,negate,openblas-leaf,5,2048,813516,818641,397.224609375,399.72705078125
4096,8,negate,openblas-aligned,5,2048,331140,336219,161.689453125,164.16943359375
4096,8,negate,openblas,5,2048,817233,822478,399.03955078125,401.6005859375
4096,8,negate,onemkl,5,2048,337433,342612,164.76220703125,167.291015625
4096,8,negate,current,6,2048,384440,389508,187.71484375,190.189453125
4096,8,negate,pointers,6,2048,332653,337727,162.42822265625,164.90576171875
4096,8,negate,pipeline,6,2048,337759,342890,164.92138671875,167.4267578125
4096,8,negate,openblas-leaf,6,2048,807952,813032,394.5078125,396.98828125
4096,8,negate,openblas-aligned,6,2048,327476,332488,159.900390625,162.34765625
4096,8,negate,openblas,6,2048,814610,819724,397.7587890625,400.255859375
4096,8,negate,onemkl,6,2048,336368,341484,164.2421875,166.740234375
4096,8,negate,current,7,2048,379419,384459,185.26318359375,187.72412109375
4096,8,negate,pointers,7,2048,320805,325816,156.64306640625,159.08984375
4096,8,negate,pipeline,7,2048,333185,338188,162.68798828125,165.130859375
4096,8,negate,openblas-leaf,7,2048,800255,805334,390.74951171875,393.2294921875
4096,8,negate,openblas-aligned,7,2048,323780,328802,158.095703125,160.5478515625
4096,8,negate,openblas,7,2048,799610,804701,390.4345703125,392.92041015625
4096,8,negate,onemkl,7,2048,332430,337520,162.3193359375,164.8046875
4096,8,powers-two,current,1,2048,387564,392631,189.240234375,191.71435546875
4096,8,powers-two,pointers,1,2048,322167,327244,157.30810546875,159.787109375
4096,8,powers-two,pipeline,1,2048,348630,353657,170.2294921875,172.68408203125
4096,8,powers-two,openblas-leaf,1,2048,807653,812732,394.36181640625,396.841796875
4096,8,powers-two,openblas-aligned,1,2048,334865,339892,163.50830078125,165.962890625
4096,8,powers-two,openblas,1,2048,812820,817904,396.884765625,399.3671875
4096,8,powers-two,onemkl,1,2048,337245,342432,164.67041015625,167.203125
4096,8,powers-two,current,2,2048,390146,395279,190.5009765625,193.00732421875
4096,8,powers-two,pointers,2,2048,328331,333440,160.31787109375,162.8125
4096,8,powers-two,pipeline,2,2048,439713,444862,214.70361328125,217.2177734375
4096,8,powers-two,openblas-leaf,2,2048,816868,822030,398.861328125,401.3818359375
4096,8,powers-two,openblas-aligned,2,2048,335643,340744,163.88818359375,166.37890625
4096,8,powers-two,openblas,2,2048,822407,827654,401.56591796875,404.1279296875
4096,8,powers-two,onemkl,2,2048,341179,346369,166.59130859375,169.12548828125
4096,8,powers-two,current,3,2048,384773,389824,187.87744140625,190.34375
4096,8,powers-two,pointers,3,2048,321686,326710,157.0732421875,159.5263671875
4096,8,powers-two,pipeline,3,2048,358452,363460,175.025390625,177.470703125
4096,8,powers-two,openblas-leaf,3,2048,806525,811605,393.81103515625,396.29150390625
4096,8,powers-two,openblas-aligned,3,2048,328739,333784,160.51708984375,162.98046875
4096,8,powers-two,openblas,3,2048,805843,810987,393.47802734375,395.98974609375
4096,8,powers-two,onemkl,3,2048,333655,338841,162.91748046875,165.44970703125
4096,8,powers-two,current,4,2048,388060,393180,189.482421875,191.982421875
4096,8,powers-two,pointers,4,2048,323770,328835,158.0908203125,160.56396484375
4096,8,powers-two,pipeline,4,2048,357328,362393,174.4765625,176.94970703125
4096,8,powers-two,openblas-leaf,4,2048,819064,824232,399.93359375,402.45703125
4096,8,powers-two,openblas-aligned,4,2048,332296,337365,162.25390625,164.72900390625
4096,8,powers-two,openblas,4,2048,809086,814185,395.0615234375,397.55126953125
4096,8,powers-two,onemkl,4,2048,340208,345356,166.1171875,168.630859375
4096,8,powers-two,current,5,2048,387600,393595,189.2578125,192.18505859375
4096,8,powers-two,pointers,5,2048,321818,327070,157.1376953125,159.7021484375
4096,8,powers-two,pipeline,5,2048,350613,358630,171.19775390625,175.1123046875
4096,8,powers-two,openblas-leaf,5,2048,809950,815292,395.4833984375,398.091796875
4096,8,powers-two,openblas-aligned,5,2048,337490,342679,164.7900390625,167.32373046875
4096,8,powers-two,openblas,5,2048,813948,819394,397.435546875,400.0947265625
4096,8,powers-two,onemkl,5,2048,335020,340165,163.583984375,166.09619140625
4096,8,powers-two,current,6,2048,389386,394471,190.1298828125,192.61279296875
4096,8,powers-two,pointers,6,2048,332476,337560,162.341796875,164.82421875
4096,8,powers-two,pipeline,6,2048,357888,362964,174.75,177.228515625
4096,8,powers-two,openblas-leaf,6,2048,813235,818333,397.08740234375,399.57666015625
4096,8,powers-two,openblas-aligned,6,2048,332421,337498,162.31494140625,164.7939453125
4096,8,powers-two,openblas,6,2048,816525,821584,398.69384765625,401.1640625
4096,8,powers-two,onemkl,6,2048,335011,340211,163.57958984375,166.11865234375
4096,8,powers-two,current,7,2048,390604,395777,190.724609375,193.25048828125
4096,8,powers-two,pointers,7,2048,330773,335873,161.51025390625,164.00048828125
4096,8,powers-two,pipeline,7,2048,355708,360844,173.685546875,176.193359375
4096,8,powers-two,openblas-leaf,7,2048,821899,827000,401.31787109375,403.80859375
4096,8,powers-two,openblas-aligned,7,2048,332848,337970,162.5234375,165.0244140625
4096,8,powers-two,openblas,7,2048,821469,826646,401.10791015625,403.6357421875
4096,8,powers-two,onemkl,7,2048,343549,348735,167.74853515625,170.28076171875
4096,8,reset,current,1,2048,1357756,1363192,662.966796875,665.62109375
4096,8,reset,pointers,1,2048,1327913,1333429,648.39501953125,651.08837890625
4096,8,reset,pipeline,1,2048,1342470,1347964,655.5029296875,658.185546875
4096,8,reset,openblas-leaf,1,2048,1720696,1726289,840.18359375,842.91455078125
4096,8,reset,openblas-aligned,1,2048,1370441,1375830,669.16064453125,671.7919921875
4096,8,reset,openblas,1,2048,1723105,1730183,841.35986328125,844.81591796875
4096,8,reset,onemkl,1,2048,1379939,1385252,673.79833984375,676.392578125
4096,8,reset,current,2,2048,1363343,1368822,665.69482421875,668.3701171875
4096,8,reset,pointers,2,2048,1347742,1353274,658.0771484375,660.7783203125
4096,8,reset,pipeline,2,2048,1363455,1368698,665.74951171875,668.3095703125
4096,8,reset,openblas-leaf,2,2048,1718861,1724236,839.28759765625,841.912109375
4096,8,reset,openblas-aligned,2,2048,1347885,1353129,658.14697265625,660.70751953125
4096,8,reset,openblas,2,2048,1731261,1736555,845.34228515625,847.92724609375
4096,8,reset,onemkl,2,2048,1478020,1484446,721.689453125,724.8271484375
4096,8,reset,current,3,2048,1349728,1354984,659.046875,661.61328125
4096,8,reset,pointers,3,2048,1435555,1440801,700.95458984375,703.51611328125
4096,8,reset,pipeline,3,2048,1347077,1352249,657.75244140625,660.27783203125
4096,8,reset,openblas-leaf,3,2048,1709315,1714682,834.62646484375,837.2470703125
4096,8,reset,openblas-aligned,3,2048,1348996,1354221,658.689453125,661.24072265625
4096,8,reset,openblas,3,2048,1698996,1704293,829.587890625,832.17431640625
4096,8,reset,onemkl,3,2048,1375875,1381051,671.81396484375,674.34130859375
4096,8,reset,current,4,2048,1377685,1383226,672.69775390625,675.4033203125
4096,8,reset,pointers,4,2048,1338631,1344110,653.62841796875,656.3037109375
4096,8,reset,pipeline,4,2048,1363661,1369350,665.85009765625,668.6279296875
4096,8,reset,openblas-leaf,4,2048,1731856,1737410,845.6328125,848.3447265625
4096,8,reset,openblas-aligned,4,2048,1351727,1357310,660.02294921875,662.7490234375
4096,8,reset,openblas,4,2048,1710896,1716346,835.3984375,838.0595703125
4096,8,reset,onemkl,4,2048,1400233,1405709,683.70751953125,686.38134765625
4096,8,reset,current,5,2048,1447181,1452451,706.63134765625,709.20458984375
4096,8,reset,pointers,5,2048,1347214,1352511,657.8193359375,660.40576171875
4096,8,reset,pipeline,5,2048,1371303,1376686,669.58154296875,672.2099609375
4096,8,reset,openblas-leaf,5,2048,1728026,1734944,843.7626953125,847.140625
4096,8,reset,openblas-aligned,5,2048,1363336,1368790,665.69140625,668.3544921875
4096,8,reset,openblas,5,2048,1717559,1723036,838.65185546875,841.326171875
4096,8,reset,onemkl,5,2048,1378397,1383843,673.04541015625,675.70458984375
4096,8,reset,current,6,2048,1330485,1335657,649.65087890625,652.17626953125
4096,8,reset,pointers,6,2048,1432587,1437918,699.50537109375,702.1083984375
4096,8,reset,pipeline,6,2048,1371229,1376570,669.54541015625,672.1533203125
4096,8,reset,openblas-leaf,6,2048,1711201,1724787,835.54736328125,842.18115234375
4096,8,reset,openblas-aligned,6,2048,1343259,1348478,655.88818359375,658.4365234375
4096,8,reset,openblas,6,2048,1700027,1705277,830.09130859375,832.65478515625
4096,8,reset,onemkl,6,2048,1365926,1371094,666.9560546875,669.4794921875
4096,8,reset,current,7,2048,1355544,1361055,661.88671875,664.57763671875
4096,8,reset,pointers,7,2048,1347828,1353213,658.119140625,660.74853515625
4096,8,reset,pipeline,7,2048,1380210,1385982,673.9306640625,676.7490234375
4096,8,reset,openblas-leaf,7,2048,1725604,1731194,842.580078125,845.3095703125
4096,8,reset,openblas-aligned,7,2048,1349876,1355210,659.119140625,661.7236328125
4096,8,reset,openblas,7,2048,1725404,1731045,842.482421875,845.23681640625
4096,8,reset,onemkl,7,2048,1414817,1420349,690.82861328125,693.52978515625
4096,16,negate,current,1,2048,365786,370621,178.6064453125,180.96728515625
4096,16,negate,pointers,1,2048,306914,311729,149.8603515625,152.21142578125
4096,16,negate,pipeline,1,2048,317527,322365,155.04248046875,157.40478515625
4096,16,negate,openblas-leaf,1,2048,771039,776092,376.48388671875,378.951171875
4096,16,negate,openblas-aligned,1,2048,313138,317899,152.8994140625,155.22412109375
4096,16,negate,openblas,1,2048,771934,776828,376.9208984375,379.310546875
4096,16,negate,onemkl,1,2048,312938,317788,152.8017578125,155.169921875
4096,16,negate,current,2,2048,383486,390955,187.2490234375,190.89599609375
4096,16,negate,pointers,2,2048,322050,327044,157.2509765625,159.689453125
4096,16,negate,pipeline,2,2048,331694,337087,161.9599609375,164.59326171875
4096,16,negate,openblas-leaf,2,2048,802171,807294,391.68505859375,394.1865234375
4096,16,negate,openblas-aligned,2,2048,326013,330918,159.18603515625,161.5810546875
4096,16,negate,openblas,2,2048,802208,807677,391.703125,394.37353515625
4096,16,negate,onemkl,2,2048,326252,331426,159.302734375,161.8291015625
4096,16,negate,current,3,2048,395494,400849,193.1123046875,195.72705078125
4096,16,negate,pointers,3,2048,329349,334644,160.81494140625,163.400390625
4096,16,negate,pipeline,3,2048,341062,346450,166.5341796875,169.1650390625
4096,16,negate,openblas-leaf,3,2048,821274,826567,401.0126953125,403.59716796875
4096,16,negate,openblas-aligned,3,2048,330627,335987,161.43896484375,164.05615234375
4096,16,negate,openblas,3,2048,822505,828008,401.61376953125,404.30078125
4096,16,negate,onemkl,3,2048,334408,339771,163.28515625,165.90380859375
4096,16,negate,current,4,2048,391886,397074,191.3505859375,193.8837890625
4096,16,negate,pointers,4,2048,329426,334580,160.8525390625,163.369140625
4096,16,negate,pipeline,4,2048,339516,344757,165.779296875,168.33837890625
4096,16,negate,openblas-leaf,4,2048,826254,831578,403.4443359375,406.0439453125
4096,16,negate,openblas-aligned,4,2048,336632,341932,164.37109375,166.958984375
4096,16,negate,openblas,4,2048,822651,827904,401.68505859375,404.25
4096,16,negate,onemkl,4,2048,334702,340029,163.4287109375,166.02978515625
4096,16,negate,current,5,2048,387975,393150,189.44091796875,191.9677734375
4096,16,negate,pointers,5,2048,324727,329824,158.55810546875,161.046875
4096,16,negate,pipeline,5,2048,431413,436544,210.65087890625,213.15625
4096,16,negate,openblas-leaf,5,2048,817469,822579,399.15478515625,401.64990234375
4096,16,negate,openblas-aligned,5,2048,333521,338644,162.85205078125,165.353515625
4096,16,negate,openblas,5,2048,817909,823008,399.36962890625,401.859375
4096,16,negate,onemkl,5,2048,336954,342167,164.5283203125,167.07373046875
4096,16,negate,current,6,2048,384626,389686,187.8056640625,190.2763671875
4096,16,negate,pointers,6,2048,321958,326981,157.2060546875,159.65869140625
4096,16,negate,pipeline,6,2048,335600,340712,163.8671875,166.36328125
4096,16,negate,openblas-leaf,6,2048,807739,812836,394.40380859375,396.892578125
4096,16,negate,openblas-aligned,6,2048,327109,332277,159.72119140625,162.24462890625
4096,16,negate,openblas,6,2048,807750,812916,394.4091796875,396.931640625
4096,16,negate,onemkl,6,2048,334066,339287,163.1181640625,165.66748046875
4096,16,negate,current,7,2048,388103,393274,189.50341796875,192.0283203125
4096,16,negate,pointers,7,2048,323456,328573,157.9375,160.43603515625
4096,16,negate,pipeline,7,2048,346025,351438,168.95751953125,171.6005859375
4096,16,negate,openblas-leaf,7,2048,814739,828065,397.82177734375,404.32861328125
4096,16,negate,openblas-aligned,7,2048,336319,341583,164.21826171875,166.78857421875
4096,16,negate,openblas,7,2048,823710,828925,402.2021484375,404.74853515625
4096,16,negate,onemkl,7,2048,332591,344976,162.39794921875,168.4453125
4096,16,powers-two,current,1,2048,383556,388662,187.283203125,189.7763671875
4096,16,powers-two,pointers,1,2048,319378,324439,155.9462890625,158.41748046875
4096,16,powers-two,pipeline,1,2048,336804,341839,164.455078125,166.91357421875
4096,16,powers-two,openblas-leaf,1,2048,805274,810362,393.2001953125,395.6845703125
4096,16,powers-two,openblas-aligned,1,2048,332612,337704,162.408203125,164.89453125
4096,16,powers-two,openblas,1,2048,901926,907107,440.3935546875,442.92333984375
4096,16,powers-two,onemkl,1,2048,329061,334226,160.67431640625,163.1962890625
4096,16,powers-two,current,2,2048,384100,389208,187.548828125,190.04296875
4096,16,powers-two,pointers,2,2048,322018,327107,157.2353515625,159.72021484375
4096,16,powers-two,pipeline,2,2048,337733,342751,164.90869140625,167.35888671875
4096,16,powers-two,openblas-leaf,2,2048,826370,831477,403.5009765625,405.99462890625
4096,16,powers-two,openblas-aligned,2,2048,334972,340094,163.560546875,166.0615234375
4096,16,powers-two,openblas,2,2048,811737,816954,396.35595703125,398.9033203125
4096,16,powers-two,onemkl,2,2048,332673,337840,162.43798828125,164.9609375
4096,16,powers-two,current,3,2048,387336,392899,189.12890625,191.84521484375
4096,16,powers-two,pointers,3,2048,328262,333650,160.2841796875,162.9150390625
4096,16,powers-two,pipeline,3,2048,345654,350939,168.7763671875,171.35693359375
4096,16,powers-two,openblas-leaf,3,2048,822847,838362,401.78076171875,409.3564453125
4096,16,powers-two,openblas-aligned,3,2048,336798,342012,164.4521484375,166.998046875
4096,16,powers-two,openblas,3,2048,817866,823442,399.3486328125,402.0712890625
4096,16,powers-two,onemkl,3,2048,354780,360148,173.232421875,175.853515625
4096,16,powers-two,current,4,2048,389719,395459,190.29248046875,193.09521484375
4096,16,powers-two,pointers,4,2048,323865,329068,158.13720703125,160.677734375
4096,16,powers-two,pipeline,4,2048,339526,344738,165.7841796875,168.3291015625
4096,16,powers-two,openblas-leaf,4,2048,825220,830620,402.939453125,405.576171875
4096,16,powers-two,openblas-aligned,4,2048,339098,344366,165.5751953125,168.1474609375
4096,16,powers-two,openblas,4,2048,820831,826223,400.79638671875,403.42919921875
4096,16,powers-two,onemkl,4,2048,340585,347894,166.30126953125,169.8701171875
4096,16,powers-two,current,5,2048,387636,392718,189.275390625,191.7568359375
4096,16,powers-two,pointers,5,2048,328027,333182,160.16943359375,162.6865234375
4096,16,powers-two,pipeline,5,2048,339015,344163,165.53466796875,168.04833984375
4096,16,powers-two,openblas-leaf,5,2048,810472,815607,395.73828125,398.24560546875
4096,16,powers-two,openblas-aligned,5,2048,333024,338124,162.609375,165.099609375
4096,16,powers-two,openblas,5,2048,811758,816945,396.3662109375,398.89892578125
4096,16,powers-two,onemkl,5,2048,345954,361750,168.9228515625,176.6357421875
4096,16,powers-two,current,6,2048,383637,388721,187.32275390625,189.80517578125
4096,16,powers-two,pointers,6,2048,321781,326850,157.11962890625,159.5947265625
4096,16,powers-two,pipeline,6,2048,343419,348436,167.68505859375,170.134765625
4096,16,powers-two,openblas-leaf,6,2048,805449,810422,393.28564453125,395.7138671875
4096,16,powers-two,openblas-aligned,6,2048,329790,334791,161.0302734375,163.47216796875
4096,16,powers-two,openblas,6,2048,807809,812864,394.43798828125,396.90625
4096,16,powers-two,onemkl,6,2048,415180,420358,202.724609375,205.2529296875
4096,16,powers-two,current,7,2048,389339,394425,190.10693359375,192.59033203125
4096,16,powers-two,pointers,7,2048,320690,326008,156.5869140625,159.18359375
4096,16,powers-two,pipeline,7,2048,334351,339419,163.25732421875,165.73193359375
4096,16,powers-two,openblas-leaf,7,2048,810679,815876,395.83935546875,398.376953125
4096,16,powers-two,openblas-aligned,7,2048,332863,337929,162.53076171875,165.00439453125
4096,16,powers-two,openblas,7,2048,810531,815652,395.76708984375,398.267578125
4096,16,powers-two,onemkl,7,2048,329461,334623,160.86962890625,163.39013671875
4096,16,reset,current,1,2048,1309526,1314409,639.4169921875,641.80126953125
4096,16,reset,pointers,1,2048,1271094,1276021,620.6513671875,623.05712890625
4096,16,reset,pipeline,1,2048,1293788,1298776,631.732421875,634.16796875
4096,16,reset,openblas-leaf,1,2048,1687480,1692357,823.96484375,826.34619140625
4096,16,reset,openblas-aligned,1,2048,1283749,1288631,626.83056640625,629.21435546875
4096,16,reset,openblas,1,2048,1677927,1682866,819.30029296875,821.7119140625
4096,16,reset,onemkl,1,2048,1282903,1287834,626.41748046875,628.8251953125
4096,16,reset,current,2,2048,1356755,1362147,662.47802734375,665.11083984375
4096,16,reset,pointers,2,2048,1321194,1326522,645.1142578125,647.7158203125
4096,16,reset,pipeline,2,2048,1324465,1329843,646.71142578125,649.33740234375
4096,16,reset,openblas-leaf,2,2048,1739975,1746195,849.59716796875,852.63427734375
4096,16,reset,openblas-aligned,2,2048,1318362,1323905,643.7314453125,646.43798828125
4096,16,reset,openblas,2,2048,1729079,1734524,844.27685546875,846.935546875
4096,16,reset,onemkl,2,2048,1329869,1335441,649.35009765625,652.07080078125
4096,16,reset,current,3,2048,1338825,1343883,653.72314453125,656.19287109375
4096,16,reset,pointers,3,2048,1295972,1301074,632.798828125,635.2900390625
4096,16,reset,pipeline,3,2048,1321615,1326647,645.31982421875,647.77685546875
4096,16,reset,openblas-leaf,3,2048,1722600,1727689,841.11328125,843.59814453125
4096,16,reset,openblas-aligned,3,2048,1304479,1309496,636.95263671875,639.40234375
4096,16,reset,openblas,3,2048,1687678,1692839,824.0615234375,826.58154296875
4096,16,reset,onemkl,3,2048,1302507,1307605,635.98974609375,638.47900390625
4096,16,reset,current,4,2048,1344213,1349537,656.35400390625,658.95361328125
4096,16,reset,pointers,4,2048,1307436,1318979,638.396484375,644.03271484375
4096,16,reset,pipeline,4,2048,1306738,1312132,638.0556640625,640.689453125
4096,16,reset,openblas-leaf,4,2048,1720653,1725923,840.16259765625,842.73583984375
4096,16,reset,openblas-aligned,4,2048,1295139,1300384,632.39208984375,634.953125
4096,16,reset,openblas,4,2048,1698138,1703374,829.1689453125,831.7255859375
4096,16,reset,onemkl,4,2048,1311260,1318292,640.263671875,643.697265625
4096,16,reset,current,5,2048,1335709,1340811,652.20166015625,654.69287109375
4096,16,reset,pointers,5,2048,1414774,1420096,690.8076171875,693.40625
4096,16,reset,pipeline,5,2048,1307023,1312290,638.19482421875,640.7666015625
4096,16,reset,openblas-leaf,5,2048,1690032,1695564,825.2109375,827.912109375
4096,16,reset,openblas-aligned,5,2048,1278316,1283553,624.177734375,626.73486328125
4096,16,reset,openblas,5,2048,1686616,1692144,823.54296875,826.2421875
4096,16,reset,onemkl,5,2048,1300849,1306157,635.18017578125,637.77197265625
4096,16,reset,current,6,2048,1344251,1349351,656.37255859375,658.86279296875
4096,16,reset,pointers,6,2048,1298427,1303418,633.99755859375,636.4345703125
4096,16,reset,pipeline,6,2048,1301324,1306377,635.412109375,637.87939453125
4096,16,reset,openblas-leaf,6,2048,1716333,1721440,838.05322265625,840.546875
4096,16,reset,openblas-aligned,6,2048,1411556,1416539,689.236328125,691.66943359375
4096,16,reset,openblas,6,2048,1706099,1711153,833.05615234375,835.52392578125
4096,16,reset,onemkl,6,2048,1316957,1321989,643.04541015625,645.50244140625
4096,16,reset,current,7,2048,1359330,1364708,663.7353515625,666.361328125
4096,16,reset,pointers,7,2048,1309882,1315150,639.5908203125,642.1630859375
4096,16,reset,pipeline,7,2048,1324875,1330399,646.91162109375,649.60888671875
4096,16,reset,openblas-leaf,7,2048,1731362,1736794,845.3916015625,848.0439453125
4096,16,reset,openblas-aligned,7,2048,1307262,1312618,638.3115234375,640.9267578125
4096,16,reset,openblas,7,2048,1727979,1733416,843.73974609375,846.39453125
4096,16,reset,onemkl,7,2048,1326326,1331527,647.6201171875,650.15966796875
4096,24,negate,current,1,2048,386242,391361,188.5947265625,191.09423828125
4096,24,negate,pointers,1,2048,322704,327774,157.5703125,160.0458984375
4096,24,negate,pipeline,1,2048,344964,350030,168.439453125,170.9130859375
4096,24,negate,openblas-leaf,1,2048,808137,813303,394.59814453125,397.12060546875
4096,24,negate,openblas-aligned,1,2048,335336,340435,163.73828125,166.22802734375
4096,24,negate,openblas,1,2048,809024,814086,395.03125,397.5029296875
4096,24,negate,onemkl,1,2048,330072,335172,161.16796875,163.658203125
4096,24,negate,current,2,2048,385847,391065,188.40185546875,190.94970703125
4096,24,negate,pointers,2,2048,328969,334605,160.62939453125,163.38134765625
4096,24,negate,pipeline,2,2048,339687,345372,165.86279296875,168.638671875
4096,24,negate,openblas-leaf,2,2048,813814,819779,397.3701171875,400.28271484375
4096,24,negate,openblas-aligned,2,2048,331929,337059,162.07470703125,164.57958984375
4096,24,negate,openblas,2,2048,813914,819445,397.4189453125,400.11962890625
4096,24,negate,onemkl,2,2048,332732,338202,162.466796875,165.1376953125
4096,24,negate,current,3,2048,384465,389515,187.72705078125,190.19287109375
4096,24,negate,pointers,3,2048,322091,327091,157.27099609375,159.71240234375
4096,24,negate,pipeline,3,2048,351949,357013,171.85009765625,174.32275390625
4096,24,negate,openblas-leaf,3,2048,808566,813720,394.8076171875,397.32421875
4096,24,negate,openblas-aligned,3,2048,331668,336724,161.947265625,164.416015625
4096,24,negate,openblas,3,2048,807198,812304,394.1396484375,396.6328125
4096,24,negate,onemkl,3,2048,327298,332356,159.8134765625,162.283203125
4096,24,negate,current,4,2048,385764,390820,188.361328125,190.830078125
4096,24,negate,pointers,4,2048,322750,327746,157.5927734375,160.0322265625
4096,24,negate,pipeline,4,2048,346262,351406,169.0732421875,171.5849609375
4096,24,negate,openblas-leaf,4,2048,807315,812427,394.19677734375,396.69287109375
4096,24,negate,openblas-aligned,4,2048,331036,336082,161.638671875,164.1025390625
4096,24,negate,openblas,4,2048,808384,813522,394.71875,397.2275390625
4096,24,negate,onemkl,4,2048,327480,332604,159.90234375,162.404296875
4096,24,negate,current,5,2048,385676,390773,188.318359375,190.80712890625
4096,24,negate,pointers,5,2048,323568,328623,157.9921875,160.46044921875
4096,24,negate,pipeline,5,2048,336772,341923,164.439453125,166.95458984375
4096,24,negate,openblas-leaf,5,2048,811920,816987,396.4453125,398.91943359375
4096,24,negate,openblas-aligned,5,2048,337950,343039,165.0146484375,167.49951171875
4096,24,negate,openblas,5,2048,902756,907871,440.798828125,443.29638671875
4096,24,negate,onemkl,5,2048,330861,335984,161.55322265625,164.0546875
4096,24,negate,current,6,2048,386032,391114,188.4921875,190.9736328125
4096,24,negate,pointers,6,2048,324863,329886,158.62451171875,161.0771484375
4096,24,negate,pipeline,6,2048,339354,344436,165.7001953125,168.181640625
4096,24,negate,openblas-leaf,6,2048,807241,812378,394.16064453125,396.6689453125
4096,24,negate,openblas-aligned,6,2048,331044,336117,161.642578125,164.11962890625
4096,24,negate,openblas,6,2048,807430,812626,394.2529296875,396.7900390625
4096,24,negate,onemkl,6,2048,327732,332857,160.025390625,162.52783203125
4096,24,negate,current,7,2048,382804,388110,186.916015625,189.5068359375
4096,24,negate,pointers,7,2048,323409,328647,157.91455078125,160.47216796875
4096,24,negate,pipeline,7,2048,346156,351401,169.021484375,171.58251953125
4096,24,negate,openblas-leaf,7,2048,804224,809641,392.6875,395.33251953125
4096,24,negate,openblas-aligned,7,2048,335644,341231,163.888671875,166.61669921875
4096,24,negate,openblas,7,2048,802707,808399,391.94677734375,394.72607421875
4096,24,negate,onemkl,7,2048,328315,333568,160.31005859375,162.875
4096,24,powers-two,current,1,2048,378929,383908,185.02392578125,187.455078125
4096,24,powers-two,pointers,1,2048,318906,323822,155.7158203125,158.1162109375
4096,24,powers-two,pipeline,1,2048,344836,349788,168.376953125,170.794921875
4096,24,powers-two,openblas-leaf,1,2048,885499,890485,432.37255859375,434.80712890625
4096,24,powers-two,openblas-aligned,1,2048,331212,336675,161.724609375,164.39208984375
4096,24,powers-two,openblas,1,2048,789737,794693,385.61376953125,388.03369140625
4096,24,powers-two,onemkl,1,2048,329038,334162,160.6630859375,163.1650390625
4096,24,powers-two,current,2,2048,378181,383192,184.65869140625,187.10546875
4096,24,powers-two,pointers,2,2048,320115,325031,156.30615234375,158.70654296875
4096,24,powers-two,pipeline,2,2048,330673,335623,161.46142578125,163.87841796875
4096,24,powers-two,openblas-leaf,2,2048,787399,792379,384.47216796875,386.90380859375
4096,24,powers-two,openblas-aligned,2,2048,326724,331637,159.533203125,161.93212890625
4096,24,powers-two,openblas,2,2048,787677,792638,384.60791015625,387.0302734375
4096,24,powers-two,onemkl,2,2048,322309,327406,157.37744140625,159.8662109375
4096,24,powers-two,current,3,2048,376766,382114,183.9677734375,186.5791015625
4096,24,powers-two,pointers,3,2048,317355,322505,154.95849609375,157.47314453125
4096,24,powers-two,pipeline,3,2048,324840,330154,158.61328125,161.2080078125
4096,24,powers-two,openblas-leaf,3,2048,787980,793481,384.755859375,387.44189453125
4096,24,powers-two,openblas-aligned,3,2048,324822,330111,158.6044921875,161.18701171875
4096,24,powers-two,openblas,3,2048,798008,804015,389.65234375,392.58544921875
4096,24,powers-two,onemkl,3,2048,321049,326181,156.76220703125,159.26806640625
4096,24,powers-two,current,4,2048,379870,384896,185.4833984375,187.9375
4096,24,powers-two,pointers,4,2048,318312,323215,155.42578125,157.81982421875
4096,24,powers-two,pipeline,4,2048,329942,334926,161.1044921875,163.5380859375
4096,24,powers-two,openblas-leaf,4,2048,793726,798827,387.5615234375,390.05224609375
4096,24,powers-two,openblas-aligned,4,2048,328508,333705,160.404296875,162.94189453125
4096,24,powers-two,openblas,4,2048,794432,799457,387.90625,390.35986328125
4096,24,powers-two,onemkl,4,2048,324617,329714,158.50439453125,160.9931640625
4096,24,powers-two,current,5,2048,377516,382488,184.333984375,186.76171875
4096,24,powers-two,pointers,5,2048,317305,322180,154.93408203125,157.314453125
4096,24,powers-two,pipeline,5,2048,332765,337738,162.48291015625,164.9111328125
4096,24,powers-two,openblas-leaf,5,2048,793446,798470,387.4248046875,389.8779296875
4096,24,powers-two,openblas-aligned,5,2048,326665,331653,159.50439453125,161.93994140625
4096,24,powers-two,openblas,5,2048,790181,795241,385.83056640625,388.30126953125
4096,24,powers-two,onemkl,5,2048,322297,327347,157.37158203125,159.83740234375
4096,24,powers-two,current,6,2048,471116,476076,230.037109375,232.458984375
4096,24,powers-two,pointers,6,2048,319167,324076,155.84326171875,158.240234375
4096,24,powers-two,pipeline,6,2048,328331,333281,160.31787109375,162.73486328125
4096,24,powers-two,openblas-leaf,6,2048,795549,800815,388.45166015625,391.02294921875
4096,24,powers-two,openblas-aligned,6,2048,326152,331136,159.25390625,161.6875
4096,24,powers-two,openblas,6,2048,793388,798471,387.396484375,389.87841796875
4096,24,powers-two,onemkl,6,2048,321175,326193,156.82373046875,159.27392578125
4096,24,powers-two,current,7,2048,379763,384804,185.43115234375,187.892578125
4096,24,powers-two,pointers,7,2048,322035,327009,157.24365234375,159.67236328125
4096,24,powers-two,pipeline,7,2048,328069,333020,160.18994140625,162.607421875
4096,24,powers-two,openblas-leaf,7,2048,798212,803556,389.751953125,392.361328125
4096,24,powers-two,openblas-aligned,7,2048,325115,330071,158.74755859375,161.16748046875
4096,24,powers-two,openblas,7,2048,790091,795038,385.78662109375,388.2021484375
4096,24,powers-two,onemkl,7,2048,325007,330016,158.69482421875,161.140625
4096,24,reset,current,1,2048,1337197,1342450,652.92822265625,655.4931640625
4096,24,reset,pointers,1,2048,1314901,1320134,642.04150390625,644.5966796875
4096,24,reset,pipeline,1,2048,1342770,1347900,655.6494140625,658.154296875
4096,24,reset,openblas-leaf,1,2048,1693570,1698773,826.9384765625,829.47900390625
4096,24,reset,openblas-aligned,1,2048,1327224,1332336,648.05859375,650.5546875
4096,24,reset,openblas,1,2048,1695750,1700928,828.0029296875,830.53125
4096,24,reset,onemkl,1,2048,1352841,1357973,660.56689453125,663.07275390625
4096,24,reset,current,2,2048,1350835,1356212,659.58740234375,662.212890625
4096,24,reset,pointers,2,2048,1335322,1341017,652.0126953125,654.79345703125
4096,24,reset,pipeline,2,2048,1358797,1364084,663.47509765625,666.056640625
4096,24,reset,openblas-leaf,2,2048,1714447,1721592,837.13232421875,840.62109375
4096,24,reset,openblas-aligned,2,2048,1352301,1357698,660.30322265625,662.9384765625
4096,24,reset,openblas,2,2048,1728549,1734413,844.01806640625,846.88134765625
4096,24,reset,onemkl,2,2048,1372115,1377313,669.97802734375,672.51611328125
4096,24,reset,current,3,2048,1358146,1363612,663.1572265625,665.826171875
4096,24,reset,pointers,3,2048,1334675,1340637,651.69677734375,654.60791015625
4096,24,reset,pipeline,3,2048,1360133,1365409,664.12744140625,666.70361328125
4096,24,reset,openblas-leaf,3,2048,1701669,1707000,830.89306640625,833.49609375
4096,24,reset,openblas-aligned,3,2048,1423619,1428884,695.12646484375,697.697265625
4096,24,reset,openblas,3,2048,1694870,1700450,827.5732421875,830.2978515625
4096,24,reset,onemkl,3,2048,1369222,1374722,668.5654296875,671.2509765625
4096,24,reset,current,4,2048,1344024,1349262,656.26171875,658.8193359375
4096,24,reset,pointers,4,2048,1417818,1423068,692.2939453125,694.857421875
4096,24,reset,pipeline,4,2048,1347487,1352623,657.95263671875,660.46044921875
4096,24,reset,openblas-leaf,4,2048,1701561,1706772,830.84033203125,833.384765625
4096,24,reset,openblas-aligned,4,2048,1345569,1350739,657.01611328125,659.54052734375
4096,24,reset,openblas,4,2048,1708599,1713745,834.27685546875,836.78955078125
4096,24,reset,onemkl,4,2048,1361653,1366836,664.86962890625,667.400390625
4096,24,reset,current,5,2048,1353631,1359089,660.95263671875,663.61767578125
4096,24,reset,pointers,5,2048,1330834,1336087,649.8212890625,652.38623046875
4096,24,reset,pipeline,5,2048,1343350,1348644,655.9326171875,658.517578125
4096,24,reset,openblas-leaf,5,2048,1697857,1703274,829.03173828125,831.6767578125
4096,24,reset,openblas-aligned,5,2048,1345866,1351389,657.1611328125,659.85791015625
4096,24,reset,openblas,5,2048,1709692,1715140,834.810546875,837.470703125
4096,24,reset,onemkl,5,2048,1368919,1374231,668.41748046875,671.01123046875
4096,24,reset,current,6,2048,1466778,1472134,716.2001953125,718.8154296875
4096,24,reset,pointers,6,2048,1382456,1387749,675.02734375,677.61181640625
4096,24,reset,pipeline,6,2048,1369279,1374899,668.59326171875,671.33740234375
4096,24,reset,openblas-leaf,6,2048,1725639,1731198,842.59716796875,845.3115234375
4096,24,reset,openblas-aligned,6,2048,1362316,1367621,665.193359375,667.78369140625
4096,24,reset,openblas,6,2048,1744506,1751572,851.8095703125,855.259765625
4096,24,reset,onemkl,6,2048,1390667,1396024,679.03662109375,681.65234375
4096,24,reset,current,7,2048,1413851,1419553,690.35693359375,693.14111328125
4096,24,reset,pointers,7,2048,1392292,1397751,679.830078125,682.49560546875
4096,24,reset,pipeline,7,2048,1420697,1426476,693.69970703125,696.521484375
4096,24,reset,openblas-leaf,7,2048,1795442,1800984,876.6806640625,879.38671875
4096,24,reset,openblas-aligned,7,2048,1424640,1430537,695.625,698.50439453125
4096,24,reset,openblas,7,2048,1797615,1803175,877.74169921875,880.45654296875
4096,24,reset,onemkl,7,2048,1424750,1430706,695.6787109375,698.5869140625
65536,0,negate,current,1,128,865125,872336,6758.7890625,6815.125
65536,0,negate,pointers,1,128,869310,874924,6791.484375,6835.34375
65536,0,negate,pipeline,1,128,863826,869452,6748.640625,6792.59375
65536,0,negate,openblas-leaf,1,128,866877,872451,6772.4765625,6816.0234375
65536,0,negate,openblas-aligned,1,128,860199,865812,6720.3046875,6764.15625
65536,0,negate,openblas,1,128,866056,871665,6766.0625,6809.8828125
65536,0,negate,onemkl,1,128,862918,868386,6741.546875,6784.265625
65536,0,negate,current,2,128,864104,869802,6750.8125,6795.328125
65536,0,negate,pointers,2,128,864620,870613,6754.84375,6801.6640625
65536,0,negate,pipeline,2,128,873348,879234,6823.03125,6869.015625
65536,0,negate,openblas-leaf,2,128,873613,879388,6825.1015625,6870.21875
65536,0,negate,openblas-aligned,2,128,875340,881353,6838.59375,6885.5703125
65536,0,negate,openblas,2,128,866319,871997,6768.1171875,6812.4765625
65536,0,negate,onemkl,2,128,861121,866852,6727.5078125,6772.28125
65536,0,negate,current,3,128,852767,858409,6662.2421875,6706.3203125
65536,0,negate,pointers,3,128,876264,881869,6845.8125,6889.6015625
65536,0,negate,pipeline,3,128,871528,877141,6808.8125,6852.6640625
65536,0,negate,openblas-leaf,3,128,855549,861165,6683.9765625,6727.8515625
65536,0,negate,openblas-aligned,3,128,860165,865770,6720.0390625,6763.828125
65536,0,negate,openblas,3,128,859438,865088,6714.359375,6758.5
65536,0,negate,onemkl,3,128,859284,864856,6713.15625,6756.6875
65536,0,negate,current,4,128,859272,864861,6713.0625,6756.7265625
65536,0,negate,pointers,4,128,855193,860855,6681.1953125,6725.4296875
65536,0,negate,pipeline,4,128,858325,863982,6705.6640625,6749.859375
65536,0,negate,openblas-leaf,4,128,859318,864852,6713.421875,6756.65625
65536,0,negate,openblas-aligned,4,128,857767,863601,6701.3046875,6746.8828125
65536,0,negate,openblas,4,128,884624,890163,6911.125,6954.3984375
65536,0,negate,onemkl,4,128,862150,867699,6735.546875,6778.8984375
65536,0,negate,current,5,128,875027,880903,6836.1484375,6882.0546875
65536,0,negate,pointers,5,128,878097,884107,6860.1328125,6907.0859375
65536,0,negate,pipeline,5,128,884082,890016,6906.890625,6953.25
65536,0,negate,openblas-leaf,5,128,876260,881983,6845.78125,6890.4921875
65536,0,negate,openblas-aligned,5,128,872181,878191,6813.9140625,6860.8671875
65536,0,negate,openblas,5,128,878970,884934,6866.953125,6913.546875
65536,0,negate,onemkl,5,128,884133,889997,6907.2890625,6953.1015625
65536,0,negate,current,6,128,857943,863552,6702.6796875,6746.5
65536,0,negate,pointers,6,128,861832,867354,6733.0625,6776.203125
65536,0,negate,pipeline,6,128,865486,871035,6761.609375,6804.9609375
65536,0,negate,openblas-leaf,6,128,864639,870138,6754.9921875,6797.953125
65536,0,negate,openblas-aligned,6,128,861511,868013,6730.5546875,6781.3515625
65536,0,negate,openblas,6,128,858069,863636,6703.6640625,6747.15625
65536,0,negate,onemkl,6,128,860171,865728,6720.0859375,6763.5
65536,0,negate,current,7,128,857450,863050,6698.828125,6742.578125
65536,0,negate,pointers,7,128,946481,952127,7394.3828125,7438.4921875
65536,0,negate,pipeline,7,128,853347,859261,6666.7734375,6712.9765625
65536,0,negate,openblas-leaf,7,128,853788,859340,6670.21875,6713.59375
65536,0,negate,openblas-aligned,7,128,851727,857403,6654.1171875,6698.4609375
65536,0,negate,openblas,7,128,859795,865361,6717.1484375,6760.6328125
65536,0,negate,onemkl,7,128,862932,868605,6741.65625,6785.9765625
65536,0,powers-two,current,1,128,883307,889104,6900.8359375,6946.125
65536,0,powers-two,pointers,1,128,880010,885941,6875.078125,6921.4140625
65536,0,powers-two,pipeline,1,128,875421,881252,6839.2265625,6884.78125
65536,0,powers-two,openblas-leaf,1,128,878164,886175,6860.65625,6923.2421875
65536,0,powers-two,openblas-aligned,1,128,884773,890526,6912.2890625,6957.234375
65536,0,powers-two,openblas,1,128,882217,888254,6892.3203125,6939.484375
65536,0,powers-two,onemkl,1,128,887690,893473,6935.078125,6980.2578125
65536,0,powers-two,current,2,128,860402,866134,6721.890625,6766.671875
65536,0,powers-two,pointers,2,128,861918,867739,6733.734375,6779.2109375
65536,0,powers-two,pipeline,2,128,857902,863766,6702.359375,6748.171875
65536,0,powers-two,openblas-leaf,2,128,861620,867294,6731.40625,6775.734375
65536,0,powers-two,openblas-aligned,2,128,860820,866720,6725.15625,6771.25
65536,0,powers-two,openblas,2,128,874115,879752,6829.0234375,6873.0625
65536,0,powers-two,onemkl,2,128,877648,883513,6856.625,6902.4453125
65536,0,powers-two,current,3,128,858448,864058,6706.625,6750.453125
65536,0,powers-two,pointers,3,128,857750,863365,6701.171875,6745.0390625
65536,0,powers-two,pipeline,3,128,855828,861304,6686.15625,6728.9375
65536,0,powers-two,openblas-leaf,3,128,857143,862621,6696.4296875,6739.2265625
65536,0,powers-two,openblas-aligned,3,128,859217,864728,6712.6328125,6755.6875
65536,0,powers-two,openblas,3,128,860612,866214,6723.53125,6767.296875
65536,0,powers-two,onemkl,3,128,860571,866296,6723.2109375,6767.9375
65536,0,powers-two,current,4,128,873947,879941,6827.7109375,6874.5390625
65536,0,powers-two,pointers,4,128,876620,882599,6848.59375,6895.3046875
65536,0,powers-two,pipeline,4,128,874284,880775,6830.34375,6881.0546875
65536,0,powers-two,openblas-leaf,4,128,866823,872378,6772.0546875,6815.453125
65536,0,powers-two,openblas-aligned,4,128,879396,885028,6870.28125,6914.28125
65536,0,powers-two,openblas,4,128,882138,887901,6891.703125,6936.7265625
65536,0,powers-two,onemkl,4,128,876119,881941,6844.6796875,6890.1640625
65536,0,powers-two,current,5,128,868842,874691,6787.828125,6833.5234375
65536,0,powers-two,pointers,5,128,874855,880648,6834.8046875,6880.0625
65536,0,powers-two,pipeline,5,128,875992,881734,6843.6875,6888.546875
65536,0,powers-two,openblas-leaf,5,128,871709,877516,6810.2265625,6855.59375
65536,0,powers-two,openblas-aligned,5,128,875696,881425,6841.375,6886.1328125
65536,0,powers-two,openblas,5,128,871693,877509,6810.1015625,6855.5390625
65536,0,powers-two,onemkl,5,128,881589,887318,6887.4140625,6932.171875
65536,0,powers-two,current,6,128,872338,878327,6815.140625,6861.9296875
65536,0,powers-two,pointers,6,128,874211,880054,6829.7734375,6875.421875
65536,0,powers-two,pipeline,6,128,875538,881162,6840.140625,6884.078125
65536,0,powers-two,openblas-leaf,6,128,876610,882282,6848.515625,6892.828125
65536,0,powers-two,openblas-aligned,6,128,875880,881543,6842.8125,6887.0546875
65536,0,powers-two,openblas,6,128,876841,882596,6850.3203125,6895.28125
65536,0,powers-two,onemkl,6,128,874035,879718,6828.3984375,6872.796875
65536,0,powers-two,current,7,128,873117,881039,6821.2265625,6883.1171875
65536,0,powers-two,pointers,7,128,881879,887619,6889.6796875,6934.5234375
65536,0,powers-two,pipeline,7,128,878751,884666,6865.2421875,6911.453125
65536,0,powers-two,openblas-leaf,7,128,873536,879473,6824.5,6870.8828125
65536,0,powers-two,openblas-aligned,7,128,869806,875687,6795.359375,6841.3046875
65536,0,powers-two,openblas,7,128,871016,876865,6804.8125,6850.5078125
65536,0,powers-two,onemkl,7,128,874465,880279,6831.7578125,6877.1796875
65536,0,reset,current,1,128,1977644,1984450,15450.34375,15503.515625
65536,0,reset,pointers,1,128,1962914,1969756,15335.265625,15388.71875
65536,0,reset,pipeline,1,128,2007404,2016728,15682.84375,15755.6875
65536,0,reset,openblas-leaf,1,128,1960702,1967427,15317.984375,15370.5234375
65536,0,reset,openblas-aligned,1,128,2101620,2108409,16418.90625,16471.9453125
65536,0,reset,openblas,1,128,1995067,2001970,15586.4609375,15640.390625
65536,0,reset,onemkl,1,128,1991395,1998297,15557.7734375,15611.6953125
65536,0,reset,current,2,128,1992367,1999324,15565.3671875,15619.71875
65536,0,reset,pointers,2,128,1986701,1993567,15521.1015625,15574.7421875
65536,0,reset,pipeline,2,128,1992757,1999954,15568.4140625,15624.640625
65536,0,reset,openblas-leaf,2,128,1995535,2002383,15590.1171875,15643.6171875
65536,0,reset,openblas-aligned,2,128,2107536,2114362,16465.125,16518.453125
65536,0,reset,openblas,2,128,2005699,2012627,15669.5234375,15723.6484375
65536,0,reset,onemkl,2,128,1977489,1984415,15449.1328125,15503.2421875
65536,0,reset,current,3,128,2071339,2078222,16182.3359375,16236.109375
65536,0,reset,pointers,3,128,1997611,2004497,15606.3359375,15660.1328125
65536,0,reset,pipeline,3,128,2044128,2051110,15969.75,16024.296875
65536,0,reset,openblas-leaf,3,128,2049150,2056076,16008.984375,16063.09375
65536,0,reset,openblas-aligned,3,128,2027675,2034609,15841.2109375,15895.3828125
65536,0,reset,openblas,3,128,1994902,2001776,15585.171875,15638.875
65536,0,reset,onemkl,3,128,2009582,2016396,15699.859375,15753.09375
65536,0,reset,current,4,128,1986629,1993409,15520.5390625,15573.5078125
65536,0,reset,pointers,4,128,2015041,2029558,15742.5078125,15855.921875
65536,0,reset,pipeline,4,128,2074984,2081841,16210.8125,16264.3828125
65536,0,reset,openblas-leaf,4,128,2008212,2015132,15689.15625,15743.21875
65536,0,reset,openblas-aligned,4,128,2043071,2052111,15961.4921875,16032.1171875
65536,0,reset,openblas,4,128,1984148,1991175,15501.15625,15556.0546875
65536,0,reset,onemkl,4,128,1982181,1988932,15485.7890625,15538.53125
65536,0,reset,current,5,128,2028876,2035847,15850.59375,15905.0546875
65536,0,reset,pointers,5,128,2002372,2009271,15643.53125,15697.4296875
65536,0,reset,pipeline,5,128,2092382,2112502,16346.734375,16503.921875
65536,0,reset,openblas-leaf,5,128,2034470,2041293,15894.296875,15947.6015625
65536,0,reset,openblas-aligned,5,128,2049395,2056267,16010.8984375,16064.5859375
65536,0,reset,openblas,5,128,2002774,2010063,15646.671875,15703.6171875
65536,0,reset,onemkl,5,128,2031754,2038635,15873.078125,15926.8359375
65536,0,reset,current,6,128,1989089,1996020,15539.7578125,15593.90625
65536,0,reset,pointers,6,128,2081480,2088343,16261.5625,16315.1796875
65536,0,reset,pipeline,6,128,2048284,2055129,16002.21875,16055.6953125
65536,0,reset,openblas-leaf,6,128,1999808,2008344,15623.5,15690.1875
65536,0,reset,openblas-aligned,6,128,1992710,1999429,15568.046875,15620.5390625
65536,0,reset,openblas,6,128,1996641,2003468,15598.7578125,15652.09375
65536,0,reset,onemkl,6,128,2020674,2027607,15786.515625,15840.6796875
65536,0,reset,current,7,128,2055014,2061909,16054.796875,16108.6640625
65536,0,reset,pointers,7,128,1999241,2005950,15619.0703125,15671.484375
65536,0,reset,pipeline,7,128,1995059,2002011,15586.3984375,15640.7109375
65536,0,reset,openblas-leaf,7,128,2009834,2016657,15701.828125,15755.1328125
65536,0,reset,openblas-aligned,7,128,1968741,1975432,15380.7890625,15433.0625
65536,0,reset,openblas,7,128,2004406,2011209,15659.421875,15712.5703125
65536,0,reset,onemkl,7,128,2085954,2092713,16296.515625,16349.3203125
65536,8,negate,current,1,128,874173,879954,6829.4765625,6874.640625
65536,8,negate,pointers,1,128,865464,871071,6761.4375,6805.2421875
65536,8,negate,pipeline,1,128,865866,871884,6764.578125,6811.59375
65536,8,negate,openblas-leaf,1,128,978033,983719,7640.8828125,7685.3046875
65536,8,negate,openblas-aligned,1,128,864689,870421,6755.3828125,6800.1640625
65536,8,negate,openblas,1,128,976205,981970,7626.6015625,7671.640625
65536,8,negate,onemkl,1,128,876133,881895,6844.7890625,6889.8046875
65536,8,negate,current,2,128,859431,865015,6714.3046875,6757.9296875
65536,8,negate,pointers,2,128,857709,863439,6700.8515625,6745.6171875
65536,8,negate,pipeline,2,128,867450,881353,6776.953125,6885.5703125
65536,8,negate,openblas-leaf,2,128,969963,975469,7577.8359375,7620.8515625
65536,8,negate,openblas-aligned,2,128,859182,864721,6712.359375,6755.6328125
65536,8,negate,openblas,2,128,969717,975236,7575.9140625,7619.03125
65536,8,negate,onemkl,2,128,862819,868547,6740.7734375,6785.5234375
65536,8,negate,current,3,128,863149,868727,6743.3515625,6786.9296875
65536,8,negate,pointers,3,128,866741,872370,6771.4140625,6815.390625
65536,8,negate,pipeline,3,128,866959,872473,6773.1171875,6816.1953125
65536,8,negate,openblas-leaf,3,128,980517,986093,7660.2890625,7703.8515625
65536,8,negate,openblas-aligned,3,128,878763,884304,6865.3359375,6908.625
65536,8,negate,openblas,3,128,981803,987385,7670.3359375,7713.9453125
65536,8,negate,onemkl,3,128,868209,873756,6782.8828125,6826.21875
65536,8,negate,current,4,128,873851,879708,6826.9609375,6872.71875
65536,8,negate,pointers,4,128,872170,877783,6813.828125,6857.6796875
65536,8,negate,pipeline,4,128,872195,877983,6814.0234375,6859.2421875
65536,8,negate,openblas-leaf,4,128,991508,1008221,7746.15625,7876.7265625
65536,8,negate,openblas-aligned,4,128,876067,881790,6844.2734375,6888.984375
65536,8,negate,openblas,4,128,982362,988165,7674.703125,7720.0390625
65536,8,negate,onemkl,4,128,874884,880659,6835.03125,6880.1484375
65536,8,negate,current,5,128,863780,869358,6748.28125,6791.859375
65536,8,negate,pointers,5,128,866594,872146,6770.265625,6813.640625
65536,8,negate,pipeline,5,128,861395,866904,6729.6484375,6772.6875
65536,8,negate,openblas-leaf,5,128,970971,976566,7585.7109375,7629.421875
65536,8,negate,openblas-aligned,5,128,987313,992928,7713.3828125,7757.25
65536,8,negate,openblas,5,128,975527,981113,7621.3046875,7664.9453125
65536,8,negate,onemkl,5,128,858670,864314,6708.359375,6752.453125
65536,8,negate,current,6,128,866675,872262,6770.8984375,6814.546875
65536,8,negate,pointers,6,128,862221,867843,6736.1015625,6780.0234375
65536,8,negate,pipeline,6,128,865794,871368,6764.015625,6807.5625
65536,8,negate,openblas-leaf,6,128,981899,987964,7671.0859375,7718.46875
65536,8,negate,openblas-aligned,6,128,864388,869937,6753.03125,6796.3828125
65536,8,negate,openblas,6,128,976736,982351,7630.75,7674.6171875
65536,8,negate,onemkl,6,128,872271,877894,6814.6171875,6858.546875
65536,8,negate,current,7,128,860765,866361,6724.7265625,6768.4453125
65536,8,negate,pointers,7,128,861326,867039,6729.109375,6773.7421875
65536,8,negate,pipeline,7,128,883242,888996,6900.328125,6945.28125
65536,8,negate,openblas-leaf,7,128,973762,979622,7607.515625,7653.296875
65536,8,negate,openblas-aligned,7,128,865745,882641,6763.6328125,6895.6328125
65536,8,negate,openblas,7,128,981551,987148,7668.3671875,7712.09375
65536,8,negate,onemkl,7,128,860756,866469,6724.65625,6769.2890625
65536,8,powers-two,current,1,128,862291,867803,6736.6484375,6779.7109375
65536,8,powers-two,pointers,1,128,865652,871330,6762.90625,6807.265625
65536,8,powers-two,pipeline,1,128,865404,870941,6760.96875,6804.2265625
65536,8,powers-two,openblas-leaf,1,128,981350,986859,7666.796875,7709.8359375
65536,8,powers-two,openblas-aligned,1,128,868190,873676,6782.734375,6825.59375
65536,8,powers-two,openblas,1,128,976577,982228,7629.5078125,7673.65625
65536,8,powers-two,onemkl,1,128,863290,868840,6744.453125,6787.8125
65536,8,powers-two,current,2,128,874870,880689,6834.921875,6880.3828125
65536,8,powers-two,pointers,2,128,876841,882593,6850.3203125,6895.2578125
65536,8,powers-two,pipeline,2,128,872834,878530,6819.015625,6863.515625
65536,8,powers-two,openblas-leaf,2,128,994270,999950,7767.734375,7812.109375
65536,8,powers-two,openblas-aligned,2,128,880276,886081,6877.15625,6922.5078125
65536,8,powers-two,openblas,2,128,991919,997608,7749.3671875,7793.8125
65536,8,powers-two,onemkl,2,128,875690,881512,6841.328125,6886.8125
65536,8,powers-two,current,3,128,866045,871998,6765.9765625,6812.484375
65536,8,powers-two,pointers,3,128,872593,878490,6817.1328125,6863.203125
65536,8,powers-two,pipeline,3,128,877779,883718,6857.6484375,6904.046875
65536,8,powers-two,openblas-leaf,3,128,987390,996669,7713.984375,7786.4765625
65536,8,powers-two,openblas-aligned,3,128,871258,877121,6806.703125,6852.5078125
65536,8,powers-two,openblas,3,128,986665,992654,7708.3203125,7755.109375
65536,8,powers-two,onemkl,3,128,869102,874809,6789.859375,6834.4453125
65536,8,powers-two,current,4,128,862133,867735,6735.4140625,6779.1796875
65536,8,powers-two,pointers,4,128,861884,867378,6733.46875,6776.390625
65536,8,powers-two,pipeline,4,128,867524,872952,6777.53125,6819.9375
65536,8,powers-two,openblas-leaf,4,128,976757,982206,7630.9140625,7673.484375
65536,8,powers-two,openblas-aligned,4,128,863522,868989,6746.265625,6788.9765625
65536,8,powers-two,openblas,4,128,1067864,1073357,8342.6875,8385.6015625
65536,8,powers-two,onemkl,4,128,864978,870456,6757.640625,6800.4375
65536,8,powers-two,current,5,128,860527,866299,6722.8671875,6767.9609375
65536,8,powers-two,pointers,5,128,863331,869081,6744.7734375,6789.6953125
65536,8,powers-two,pipeline,5,128,864435,870118,6753.3984375,6797.796875
65536,8,powers-two,openblas-leaf,5,128,972650,978369,7598.828125,7643.5078125
65536,8,powers-two,openblas-aligned,5,128,858939,864848,6710.4609375,6756.625
65536,8,powers-two,openblas,5,128,975676,981719,7622.46875,7669.6796875
65536,8,powers-two,onemkl,5,128,873847,881915,6826.9296875,6889.9609375
65536,8,powers-two,current,6,128,861139,866786,6727.6484375,6771.765625
65536,8,powers-two,pointers,6,128,865060,870857,6758.28125,6803.5703125
65536,8,powers-two,pipeline,6,128,865698,871196,6763.265625,6806.21875
65536,8,powers-two,openblas-leaf,6,128,976003,981467,7625.0234375,7667.7109375
65536,8,powers-two,openblas-aligned,6,128,860489,866096,6722.5703125,6766.375
65536,8,powers-two,openblas,6,128,977162,984347,7634.078125,7690.2109375
65536,8,powers-two,onemkl,6,128,864108,869658,6750.84375,6794.203125
65536,8,powers-two,current,7,128,855013,860741,6679.7890625,6724.5390625
65536,8,powers-two,pointers,7,128,852506,858071,6660.203125,6703.6796875
65536,8,powers-two,pipeline,7,128,845631,851043,6606.4921875,6648.7734375
65536,8,powers-two,openblas-leaf,7,128,961910,967384,7514.921875,7557.6875
65536,8,powers-two,openblas-aligned,7,128,945968,951428,7390.375,7433.03125
65536,8,powers-two,openblas,7,128,964950,970447,7538.671875,7581.6171875
65536,8,powers-two,onemkl,7,128,853821,859283,6670.4765625,6713.1484375
65536,8,reset,current,1,128,1962301,1969425,15330.4765625,15386.1328125
65536,8,reset,pointers,1,128,1968346,1975318,15377.703125,15432.171875
65536,8,reset,pipeline,1,128,1945621,1952505,15200.1640625,15253.9453125
65536,8,reset,openblas-leaf,1,128,2112590,2119256,16504.609375,16556.6875
65536,8,reset,openblas-aligned,1,128,1998475,2005322,15613.0859375,15666.578125
65536,8,reset,openblas,1,128,2155895,2162659,16842.9296875,16895.7734375
65536,8,reset,onemkl,1,128,1990641,1997335,15551.8828125,15604.1796875
65536,8,reset,current,2,128,1965145,1972201,15352.6953125,15407.8203125
65536,8,reset,pointers,2,128,1957992,1965182,15296.8125,15352.984375
65536,8,reset,pipeline,2,128,1965855,1972578,15358.2421875,15410.765625
65536,8,reset,openblas-leaf,2,128,2108271,2115304,16470.8671875,16525.8125
65536,8,reset,openblas-aligned,2,128,1974174,1981054,15423.234375,15476.984375
65536,8,reset,openblas,2,128,2246864,2253667,17553.625,17606.7734375
65536,8,reset,onemkl,2,128,1969470,1976389,15386.484375,15440.5390625
65536,8,reset,current,3,128,1965259,1972057,15353.5859375,15406.6953125
65536,8,reset,pointers,3,128,1987992,1995040,15531.1875,15586.25
65536,8,reset,pipeline,3,128,1947479,1954638,15214.6796875,15270.609375
65536,8,reset,openblas-leaf,3,128,2080844,2087791,16256.59375,16310.8671875
65536,8,reset,openblas-aligned,3,128,1951404,1958247,15245.34375,15298.8046875
65536,8,reset,openblas,3,128,2086764,2093533,16302.84375,16355.7265625
65536,8,reset,onemkl,3,128,2045476,2052451,15980.28125,16034.7734375
65536,8,reset,current,4,128,1984529,1991430,15504.1328125,15558.046875
65536,8,reset,pointers,4,128,1964593,1971280,15348.3828125,15400.625
65536,8,reset,pipeline,4,128,2051455,2058043,16026.9921875,16078.4609375
65536,8,reset,openblas-leaf,4,128,2134352,2141202,16674.625,16728.140625
65536,8,reset,openblas-aligned,4,128,1996783,2003589,15599.8671875,15653.0390625
65536,8,reset,openblas,4,128,2161493,2168529,16886.6640625,16941.6328125
65536,8,reset,onemkl,4,128,1973241,1982425,15415.9453125,15487.6953125
65536,8,reset,current,5,128,2023802,2097712,15810.953125,16388.375
65536,8,reset,pointers,5,128,1977667,1984633,15450.5234375,15504.9453125
65536,8,reset,pipeline,5,128,1993610,2000686,15575.078125,15630.359375
65536,8,reset,openblas-leaf,5,128,2172649,2179402,16973.8203125,17026.578125
65536,8,reset,openblas-aligned,5,128,2007408,2014371,15682.875,15737.2734375
65536,8,reset,openblas,5,128,2126686,2133580,16614.734375,16668.59375
65536,8,reset,onemkl,5,128,1974952,1981710,15429.3125,15482.109375
65536,8,reset,current,6,128,1969807,1976827,15389.1171875,15443.9609375
65536,8,reset,pointers,6,128,1978337,1985043,15455.7578125,15508.1484375
65536,8,reset,pipeline,6,128,1958754,1965414,15302.765625,15354.796875
65536,8,reset,openblas-leaf,6,128,2122511,2129369,16582.1171875,16635.6953125
65536,8,reset,openblas-aligned,6,128,1972189,1978972,15407.7265625,15460.71875
65536,8,reset,openblas,6,128,2204111,2233906,17219.6171875,17452.390625
65536,8,reset,onemkl,6,128,1957357,1964212,15291.8515625,15345.40625
65536,8,reset,current,7,128,1985437,1992413,15511.2265625,15565.7265625
65536,8,reset,pointers,7,128,1998800,2005586,15615.625,15668.640625
65536,8,reset,pipeline,7,128,1963874,1970813,15342.765625,15396.9765625
65536,8,reset,openblas-leaf,7,128,2133072,2140050,16664.625,16719.140625
65536,8,reset,openblas-aligned,7,128,1978814,1986132,15459.484375,15516.65625
65536,8,reset,openblas,7,128,2266787,2273458,17709.2734375,17761.390625
65536,8,reset,onemkl,7,128,1974226,1981128,15423.640625,15477.5625
65536,16,negate,current,1,128,867521,873133,6777.5078125,6821.3515625
65536,16,negate,pointers,1,128,868766,874773,6787.234375,6834.1640625
65536,16,negate,pipeline,1,128,865958,871508,6765.296875,6808.65625
65536,16,negate,openblas-leaf,1,128,982108,987742,7672.71875,7716.734375
65536,16,negate,openblas-aligned,1,128,863498,869334,6746.078125,6791.671875
65536,16,negate,openblas,1,128,976717,982747,7630.6015625,7677.7109375
65536,16,negate,onemkl,1,128,872019,882372,6812.6484375,6893.53125
65536,16,negate,current,2,128,867698,873647,6778.890625,6825.3671875
65536,16,negate,pointers,2,128,865074,870826,6758.390625,6803.328125
65536,16,negate,pipeline,2,128,872158,878767,6813.734375,6865.3671875
65536,16,negate,openblas-leaf,2,128,976890,982963,7631.953125,7679.3984375
65536,16,negate,openblas-aligned,2,128,865298,870832,6760.140625,6803.375
65536,16,negate,openblas,2,128,983263,988932,7681.7421875,7726.03125
65536,16,negate,onemkl,2,128,872244,877954,6814.40625,6859.015625
65536,16,negate,current,3,128,861932,876895,6733.84375,6850.7421875
65536,16,negate,pointers,3,128,861937,867721,6733.8828125,6779.0703125
65536,16,negate,pipeline,3,128,858621,864214,6707.9765625,6751.671875
65536,16,negate,openblas-leaf,3,128,966305,971848,7549.2578125,7592.5625
65536,16,negate,openblas-aligned,3,128,861454,866963,6730.109375,6773.1484375
65536,16,negate,openblas,3,128,968259,973930,7564.5234375,7608.828125
65536,16,negate,onemkl,3,128,862582,868056,6738.921875,6781.6875
65536,16,negate,current,4,128,851038,856681,6648.734375,6692.8203125
65536,16,negate,pointers,4,128,855972,861499,6687.28125,6730.4609375
65536,16,negate,pipeline,4,128,853503,858918,6667.9921875,6710.296875
65536,16,negate,openblas-leaf,4,128,1066055,1071497,8328.5546875,8371.0703125
65536,16,negate,openblas-aligned,4,128,863879,869437,6749.0546875,6792.4765625
65536,16,negate,openblas,4,128,963547,968993,7527.7109375,7570.2578125
65536,16,negate,onemkl,4,128,860553,865989,6723.0703125,6765.5390625
65536,16,negate,current,5,128,868474,874216,6784.953125,6829.8125
65536,16,negate,pointers,5,128,869671,875454,6794.3046875,6839.484375
65536,16,negate,pipeline,5,128,868596,874324,6785.90625,6830.65625
65536,16,negate,openblas-leaf,5,128,976565,982561,7629.4140625,7676.2578125
65536,16,negate,openblas-aligned,5,128,869210,874785,6790.703125,6834.2578125
65536,16,negate,openblas,5,128,973748,979789,7607.40625,7654.6015625
65536,16,negate,onemkl,5,128,867418,873112,6776.703125,6821.1875
65536,16,negate,current,6,128,867782,873300,6779.546875,6822.65625
65536,16,negate,pointers,6,128,861128,866713,6727.5625,6771.1953125
65536,16,negate,pipeline,6,128,865016,871349,6757.9375,6807.4140625
65536,16,negate,openblas-leaf,6,128,1082593,1088113,8457.7578125,8500.8828125
65536,16,negate,openblas-aligned,6,128,864874,872064,6756.828125,6813
65536,16,negate,openblas,6,128,975676,981191,7622.46875,7665.5546875
65536,16,negate,onemkl,6,128,865201,870675,6759.3828125,6802.1484375
65536,16,negate,current,7,128,906159,912047,7079.3671875,7125.3671875
65536,16,negate,pointers,7,128,898358,904253,7018.421875,7064.4765625
65536,16,negate,pipeline,7,128,884739,890391,6912.0234375,6956.1796875
65536,16,negate,openblas-leaf,7,128,1014449,1020237,7925.3828125,7970.6015625
65536,16,negate,openblas-aligned,7,128,917210,923005,7165.703125,7210.9765625
65536,16,negate,openblas,7,128,1005726,1011352,7857.234375,7901.1875
65536,16,negate,onemkl,7,128,883956,889801,6905.90625,6951.5703125
65536,16,powers-two,current,1,128,864762,870552,6755.953125,6801.1875
65536,16,powers-two,pointers,1,128,870802,876811,6803.140625,6850.0859375
65536,16,powers-two,pipeline,1,128,869395,874982,6792.1484375,6835.796875
65536,16,powers-two,openblas-leaf,1,128,978876,984476,7647.46875,7691.21875
65536,16,powers-two,openblas-aligned,1,128,868327,874005,6783.8046875,6828.1640625
65536,16,powers-two,openblas,1,128,967618,973160,7559.515625,7602.8125
65536,16,powers-two,onemkl,1,128,866563,872384,6770.0234375,6815.5
65536,16,powers-two,current,2,128,872838,878603,6819.046875,6864.0859375
65536,16,powers-two,pointers,2,128,877634,883264,6856.515625,6900.5
65536,16,powers-two,pipeline,2,128,868935,874663,6788.5546875,6833.3046875
65536,16,powers-two,openblas-leaf,2,128,986107,991678,7703.9609375,7747.484375
65536,16,powers-two,openblas-aligned,2,128,866057,871585,6766.0703125,6809.2578125
65536,16,powers-two,openblas,2,128,979888,985414,7655.375,7698.546875
65536,16,powers-two,onemkl,2,128,895747,901367,6998.0234375,7041.9296875
65536,16,powers-two,current,3,128,889213,896498,6946.9765625,7003.890625
65536,16,powers-two,pointers,3,128,865492,871144,6761.65625,6805.8125
65536,16,powers-two,pipeline,3,128,859993,865607,6718.6953125,6762.5546875
65536,16,powers-two,openblas-leaf,3,128,975741,981227,7622.9765625,7665.8359375
65536,16,powers-two,openblas-aligned,3,128,858875,864394,6709.9609375,6753.078125
65536,16,powers-two,openblas,3,128,976422,981950,7628.296875,7671.484375
65536,16,powers-two,onemkl,3,128,857997,863529,6703.1015625,6746.3203125
65536,16,powers-two,current,4,128,860685,866463,6724.1015625,6769.2421875
65536,16,powers-two,pointers,4,128,869017,874672,6789.1953125,6833.375
65536,16,powers-two,pipeline,4,128,868831,874591,6787.7421875,6832.7421875
65536,16,powers-two,openblas-leaf,4,128,981831,987794,7670.5546875,7717.140625
65536,16,powers-two,openblas-aligned,4,128,860391,865936,6721.8046875,6765.125
65536,16,powers-two,openblas,4,128,975409,981190,7620.3828125,7665.546875
65536,16,powers-two,onemkl,4,128,866649,872297,6770.6953125,6814.8203125
65536,16,powers-two,current,5,128,857998,863659,6703.109375,6747.3359375
65536,16,powers-two,pointers,5,128,857343,862988,6697.9921875,6742.09375
65536,16,powers-two,pipeline,5,128,863662,869315,6747.359375,6791.5234375
65536,16,powers-two,openblas-leaf,5,128,968055,973531,7562.9296875,7605.7109375
65536,16,powers-two,openblas-aligned,5,128,859365,864858,6713.7890625,6756.703125
65536,16,powers-two,openblas,5,128,968814,974348,7568.859375,7612.09375
65536,16,powers-two,onemkl,5,128,859032,864493,6711.1875,6753.8515625
65536,16,powers-two,current,6,128,863082,868981,6742.828125,6788.9140625
65536,16,powers-two,pointers,6,128,867221,872929,6775.1640625,6819.7578125
65536,16,powers-two,pipeline,6,128,871030,876729,6804.921875,6849.4453125
65536,16,powers-two,openblas-leaf,6,128,983257,989261,7681.6953125,7728.6015625
65536,16,powers-two,openblas-aligned,6,128,864653,870611,6755.1015625,6801.6484375
65536,16,powers-two,openblas,6,128,982473,988431,7675.5703125,7722.1171875
65536,16,powers-two,onemkl,6,128,867408,873073,6776.625,6820.8828125
65536,16,powers-two,current,7,128,863269,868844,6744.2890625,6787.84375
65536,16,powers-two,pointers,7,128,863309,869009,6744.6015625,6789.1328125
65536,16,powers-two,pipeline,7,128,855985,861639,6687.3828125,6731.5546875
65536,16,powers-two,openblas-leaf,7,128,968622,974179,7567.359375,7610.7734375
65536,16,powers-two,openblas-aligned,7,128,855840,861441,6686.25,6730.0078125
65536,16,powers-two,openblas,7,128,966321,971888,7549.3828125,7592.875
65536,16,powers-two,onemkl,7,128,854923,860421,6679.0859375,6722.0390625
65536,16,reset,current,1,128,1934411,1941252,15112.5859375,15166.03125
65536,16,reset,pointers,1,128,1930528,1937275,15082.25,15134.9609375
65536,16,reset,pipeline,1,128,1944503,1951292,15191.4296875,15244.46875
65536,16,reset,openblas-leaf,1,128,2179182,2185915,17024.859375,17077.4609375
65536,16,reset,openblas-aligned,1,128,1955123,1961902,15274.3984375,15327.359375
65536,16,reset,openblas,1,128,2093357,2099985,16354.3515625,16406.1328125
65536,16,reset,onemkl,1,128,1936305,1942947,15127.3828125,15179.2734375
65536,16,reset,current,2,128,2071038,2091008,16179.984375,16336
65536,16,reset,pointers,2,128,1959557,1966534,15309.0390625,15363.546875
65536,16,reset,pipeline,2,128,1942658,1949599,15177.015625,15231.2421875
65536,16,reset,openblas-leaf,2,128,2101312,2107952,16416.5,16468.375
65536,16,reset,openblas-aligned,2,128,1925631,1932631,15043.9921875,15098.6796875
65536,16,reset,openblas,2,128,2058441,2065346,16081.5703125,16135.515625
65536,16,reset,onemkl,2,128,1933204,1939970,15103.15625,15156.015625
65536,16,reset,current,3,128,2001390,2008056,15635.859375,15687.9375
65536,16,reset,pointers,3,128,1974010,1980685,15421.953125,15474.1015625
65536,16,reset,pipeline,3,128,1936487,1953735,15128.8046875,15263.5546875
65536,16,reset,openblas-leaf,3,128,2076408,2083206,16221.9375,16275.046875
65536,16,reset,openblas-aligned,3,128,2010283,2017158,15705.3359375,15759.046875
65536,16,reset,openblas,3,128,2055327,2061980,16057.2421875,16109.21875
65536,16,reset,onemkl,3,128,1933142,1939797,15102.671875,15154.6640625
65536,16,reset,current,4,128,1921861,1928439,15014.5390625,15065.9296875
65536,16,reset,pointers,4,128,1923594,1930205,15028.078125,15079.7265625
65536,16,reset,pipeline,4,128,2003362,2010095,15651.265625,15703.8671875
65536,16,reset,openblas-leaf,4,128,2080352,2087275,16252.75,16306.8359375
65536,16,reset,openblas-aligned,4,128,1939452,1950843,15151.96875,15240.9609375
65536,16,reset,openblas,4,128,2095406,2102128,16370.359375,16422.875
65536,16,reset,onemkl,4,128,1958581,1965266,15301.4140625,15353.640625
65536,16,reset,current,5,128,2037390,2044294,15917.109375,15971.046875
65536,16,reset,pointers,5,128,1950028,1956794,15234.59375,15287.453125
65536,16,reset,pipeline,5,128,1948504,1955699,15222.6875,15278.8984375
65536,16,reset,openblas-leaf,5,128,2076736,2083577,16224.5,16277.9453125
65536,16,reset,openblas-aligned,5,128,1915991,1922726,14968.6796875,15021.296875
65536,16,reset,openblas,5,128,2058906,2065704,16085.203125,16138.3125
65536,16,reset,onemkl,5,128,2012997,2019686,15726.5390625,15778.796875
65536,16,reset,current,6,128,2012613,2019260,15723.5390625,15775.46875
65536,16,reset,pointers,6,128,1914836,1921535,14959.65625,15011.9921875
65536,16,reset,pipeline,6,128,1976356,1993322,15440.28125,15572.828125
65536,16,reset,openblas-leaf,6,128,2052919,2059864,16038.4296875,16092.6875
65536,16,reset,openblas-aligned,6,128,1933588,1940184,15106.15625,15157.6875
65536,16,reset,openblas,6,128,2052921,2059757,16038.4453125,16091.8515625
65536,16,reset,onemkl,6,128,1918763,1925411,14990.3359375,15042.2734375
65536,16,reset,current,7,128,1958315,1965223,15299.3359375,15353.3046875
65536,16,reset,pointers,7,128,1949177,1956333,15227.9453125,15283.8515625
65536,16,reset,pipeline,7,128,1941641,1948399,15169.0703125,15221.8671875
65536,16,reset,openblas-leaf,7,128,2193637,2200391,17137.7890625,17190.5546875
65536,16,reset,openblas-aligned,7,128,1929616,1936309,15075.125,15127.4140625
65536,16,reset,openblas,7,128,2096953,2103789,16382.4453125,16435.8515625
65536,16,reset,onemkl,7,128,1985292,1992443,15510.09375,15565.9609375
65536,24,negate,current,1,128,860741,866567,6724.5390625,6770.0546875
65536,24,negate,pointers,1,128,860222,866062,6720.484375,6766.109375
65536,24,negate,pipeline,1,128,860080,866037,6719.375,6765.9140625
65536,24,negate,openblas-leaf,1,128,979649,985402,7653.5078125,7698.453125
65536,24,negate,openblas-aligned,1,128,860816,866503,6725.125,6769.5546875
65536,24,negate,openblas,1,128,974364,980050,7612.21875,7656.640625
65536,24,negate,onemkl,1,128,860373,866159,6721.6640625,6766.8671875
65536,24,negate,current,2,128,861973,867448,6734.1640625,6776.9375
65536,24,negate,pointers,2,128,858042,863572,6703.453125,6746.65625
65536,24,negate,pipeline,2,128,860188,865676,6720.21875,6763.09375
65536,24,negate,openblas-leaf,2,128,967087,972526,7555.3671875,7597.859375
65536,24,negate,openblas-aligned,2,128,860332,865814,6721.34375,6764.171875
65536,24,negate,openblas,2,128,977155,982696,7634.0234375,7677.3125
65536,24,negate,onemkl,2,128,862745,868231,6740.1953125,6783.0546875
65536,24,negate,current,3,128,856778,862375,6693.578125,6737.3046875
65536,24,negate,pointers,3,128,856917,862483,6694.6640625,6738.1484375
65536,24,negate,pipeline,3,128,859468,865304,6714.59375,6760.1875
65536,24,negate,openblas-leaf,3,128,965592,971071,7543.6875,7586.4921875
65536,24,negate,openblas-aligned,3,128,861308,866828,6728.96875,6772.09375
65536,24,negate,openblas,3,128,967179,972761,7556.0859375,7599.6953125
65536,24,negate,onemkl,3,128,858114,863629,6704.015625,6747.1015625
65536,24,negate,current,4,128,873807,879666,6826.6171875,6872.390625
65536,24,negate,pointers,4,128,860844,866458,6725.34375,6769.203125
65536,24,negate,pipeline,4,128,863903,869461,6749.2421875,6792.6640625
65536,24,negate,openblas-leaf,4,128,979636,985666,7653.40625,7700.515625
65536,24,negate,openblas-aligned,4,128,865449,871066,6761.3203125,6805.203125
65536,24,negate,openblas,4,128,974046,980080,7609.734375,7656.875
65536,24,negate,onemkl,4,128,892524,898139,6972.84375,7016.7109375
65536,24,negate,current,5,128,851111,856739,6649.3046875,6693.2734375
65536,24,negate,pointers,5,128,855701,861216,6685.1640625,6728.25
65536,24,negate,pipeline,5,128,856023,861578,6687.6796875,6731.078125
65536,24,negate,openblas-leaf,5,128,1061638,1067064,8294.046875,8336.4375
65536,24,negate,openblas-aligned,5,128,856120,861604,6688.4375,6731.28125
65536,24,negate,openblas,5,128,968407,973937,7565.6796875,7608.8828125
65536,24,negate,onemkl,5,128,862569,868036,6738.8203125,6781.53125
65536,24,negate,current,6,128,859938,866169,6718.265625,6766.9453125
65536,24,negate,pointers,6,128,862372,868235,6737.28125,6783.0859375
65536,24,negate,pipeline,6,128,866139,872203,6766.7109375,6814.0859375
65536,24,negate,openblas-leaf,6,128,976355,982215,7627.7734375,7673.5546875
65536,24,negate,openblas-aligned,6,128,874777,885820,6834.1953125,6920.46875
65536,24,negate,openblas,6,128,982236,988220,7673.71875,7720.46875
65536,24,negate,onemkl,6,128,867507,873282,6777.3984375,6822.515625
65536,24,negate,current,7,128,858191,863722,6704.6171875,6747.828125
65536,24,negate,pointers,7,128,861988,867538,6734.28125,6777.640625
65536,24,negate,pipeline,7,128,860341,865896,6721.4140625,6764.8125
65536,24,negate,openblas-leaf,7,128,971386,976899,7588.953125,7632.0234375
65536,24,negate,openblas-aligned,7,128,864416,869933,6753.25,6796.3515625
65536,24,negate,openblas,7,128,975506,980968,7621.140625,7663.8125
65536,24,negate,onemkl,7,128,889207,894688,6946.9296875,6989.75
65536,24,powers-two,current,1,128,879460,885064,6870.78125,6914.5625
65536,24,powers-two,pointers,1,128,864549,870150,6754.2890625,6798.046875
65536,24,powers-two,pipeline,1,128,861418,866882,6729.828125,6772.515625
65536,24,powers-two,openblas-leaf,1,128,1064589,1070085,8317.1015625,8360.0390625
65536,24,powers-two,openblas-aligned,1,128,864499,870024,6753.8984375,6797.0625
65536,24,powers-two,openblas,1,128,968396,974067,7565.59375,7609.8984375
65536,24,powers-two,onemkl,1,128,862814,868383,6740.734375,6784.2421875
65536,24,powers-two,current,2,128,854387,860632,6674.8984375,6723.6875
65536,24,powers-two,pointers,2,128,853255,858951,6666.0546875,6710.5546875
65536,24,powers-two,pipeline,2,128,853878,859466,6670.921875,6714.578125
65536,24,powers-two,openblas-leaf,2,128,998902,1004764,7803.921875,7849.71875
65536,24,powers-two,openblas-aligned,2,128,855407,861059,6682.8671875,6727.0234375
65536,24,powers-two,openblas,2,128,970831,976412,7584.6171875,7628.21875
65536,24,powers-two,onemkl,2,128,859265,864891,6713.0078125,6756.9609375
65536,24,powers-two,current,3,128,874305,879951,6830.5078125,6874.6171875
65536,24,powers-two,pointers,3,128,874355,880019,6830.8984375,6875.1484375
65536,24,powers-two,pipeline,3,128,871283,876972,6806.8984375,6851.34375
65536,24,powers-two,openblas-leaf,3,128,977239,982992,7634.6796875,7679.625
65536,24,powers-two,openblas-aligned,3,128,870798,876355,6803.109375,6846.5234375
65536,24,powers-two,openblas,3,128,980766,986351,7662.234375,7705.8671875
65536,24,powers-two,onemkl,3,128,891463,896992,6964.5546875,7007.75
65536,24,powers-two,current,4,128,858176,863784,6704.5,6748.3125
65536,24,powers-two,pointers,4,128,858010,863610,6703.203125,6746.953125
65536,24,powers-two,pipeline,4,128,856100,861694,6688.28125,6731.984375
65536,24,powers-two,openblas-leaf,4,128,966548,972030,7551.15625,7593.984375
65536,24,powers-two,openblas-aligned,4,128,857196,862672,6696.84375,6739.625
65536,24,powers-two,openblas,4,128,1059454,1064897,8276.984375,8319.5078125
65536,24,powers-two,onemkl,4,128,858311,863784,6705.5546875,6748.3125
65536,24,powers-two,current,5,128,867427,873048,6776.7734375,6820.6875
65536,24,powers-two,pointers,5,128,862619,868310,6739.2109375,6783.671875
65536,24,powers-two,pipeline,5,128,860372,866405,6721.65625,6768.7890625
65536,24,powers-two,openblas-leaf,5,128,981976,987573,7671.6875,7715.4140625
65536,24,powers-two,openblas-aligned,5,128,865140,870832,6758.90625,6803.375
65536,24,powers-two,openblas,5,128,979353,985196,7651.1953125,7696.84375
65536,24,powers-two,onemkl,5,128,866329,871957,6768.1953125,6812.1640625
65536,24,powers-two,current,6,128,857975,863546,6702.9296875,6746.453125
65536,24,powers-two,pointers,6,128,860147,865683,6719.8984375,6763.1484375
65536,24,powers-two,pipeline,6,128,862887,868423,6741.3046875,6784.5546875
65536,24,powers-two,openblas-leaf,6,128,971900,977479,7592.96875,7636.5546875
65536,24,powers-two,openblas-aligned,6,128,859707,865205,6716.4609375,6759.4140625
65536,24,powers-two,openblas,6,128,972978,978524,7601.390625,7644.71875
65536,24,powers-two,onemkl,6,128,861634,867224,6731.515625,6775.1875
65536,24,powers-two,current,7,128,857588,863113,6699.90625,6743.0703125
65536,24,powers-two,pointers,7,128,859291,864889,6713.2109375,6756.9453125
65536,24,powers-two,pipeline,7,128,858306,863822,6705.515625,6748.609375
65536,24,powers-two,openblas-leaf,7,128,1069686,1075241,8356.921875,8400.3203125
65536,24,powers-two,openblas-aligned,7,128,859531,864994,6715.0859375,6757.765625
65536,24,powers-two,openblas,7,128,973980,984551,7609.21875,7691.8046875
65536,24,powers-two,onemkl,7,128,857021,862474,6695.4765625,6738.078125
65536,24,reset,current,1,128,2009548,2016483,15699.59375,15753.7734375
65536,24,reset,pointers,1,128,2043518,2050413,15964.984375,16018.8515625
65536,24,reset,pipeline,1,128,2014989,2021998,15742.1015625,15796.859375
65536,24,reset,openblas-leaf,1,128,2125855,2132585,16608.2421875,16660.8203125
65536,24,reset,openblas-aligned,1,128,2004820,2014144,15662.65625,15735.5
65536,24,reset,openblas,1,128,2194293,2201049,17142.9140625,17195.6953125
65536,24,reset,onemkl,1,128,2023881,2030608,15811.5703125,15864.125
65536,24,reset,current,2,128,2003324,2010482,15650.96875,15706.890625
65536,24,reset,pointers,2,128,1974377,1981470,15424.8203125,15480.234375
65536,24,reset,pipeline,2,128,1993031,1999788,15570.5546875,15623.34375
65536,24,reset,openblas-leaf,2,128,2221741,2228480,17357.3515625,17410
65536,24,reset,openblas-aligned,2,128,2040894,2047803,15944.484375,15998.4609375
65536,24,reset,openblas,2,128,2146950,2153759,16773.046875,16826.2421875
65536,24,reset,onemkl,2,128,2011041,2017827,15711.2578125,15764.2734375
65536,24,reset,current,3,128,2026398,2033420,15831.234375,15886.09375
65536,24,reset,pointers,3,128,2023770,2030572,15810.703125,15863.84375
65536,24,reset,pipeline,3,128,2062030,2068907,16109.609375,16163.3359375
65536,24,reset,openblas-leaf,3,128,2279963,2297930,17812.2109375,17952.578125
65536,24,reset,openblas-aligned,3,128,2017462,2024493,15761.421875,15816.3515625
65536,24,reset,openblas,3,128,2160480,2167491,16878.75,16933.5234375
65536,24,reset,onemkl,3,128,1997421,2004389,15604.8515625,15659.2890625
65536,24,reset,current,4,128,1998571,2005364,15613.8359375,15666.90625
65536,24,reset,pointers,4,128,1982995,1989675,15492.1484375,15544.3359375
65536,24,reset,pipeline,4,128,1979535,1989040,15465.1171875,15539.375
65536,24,reset,openblas-leaf,4,128,2139776,2146562,16717,16770.015625
65536,24,reset,openblas-aligned,4,128,1993133,1999975,15571.3515625,15624.8046875
65536,24,reset,openblas,4,128,2140208,2146940,16720.375,16772.96875
65536,24,reset,onemkl,4,128,2092507,2099372,16347.7109375,16401.34375
65536,24,reset,current,5,128,2049254,2056151,16009.796875,16063.6796875
65536,24,reset,pointers,5,128,2008874,2015762,15694.328125,15748.140625
65536,24,reset,pipeline,5,128,1987531,1994233,15527.5859375,15579.9453125
65536,24,reset,openblas-leaf,5,128,2116263,2123029,16533.3046875,16586.1640625
65536,24,reset,openblas-aligned,5,128,2010980,2017884,15710.78125,15764.71875
65536,24,reset,openblas,5,128,2151974,2158684,16812.296875,16864.71875
65536,24,reset,onemkl,5,128,2020474,2027228,15784.953125,15837.71875
65536,24,reset,current,6,128,1989568,1996442,15543.5,15597.203125
65536,24,reset,pointers,6,128,2068883,2075676,16163.1484375,16216.21875
65536,24,reset,pipeline,6,128,2067114,2074017,16149.328125,16203.2578125
65536,24,reset,openblas-leaf,6,128,2126023,2133051,16609.5546875,16664.4609375
65536,24,reset,openblas-aligned,6,128,1995470,2002214,15589.609375,15642.296875
65536,24,reset,openblas,6,128,2117026,2123688,16539.265625,16591.3125
65536,24,reset,onemkl,6,128,1990975,1997992,15554.4921875,15609.3125
65536,24,reset,current,7,128,2099389,2106482,16401.4765625,16456.890625
65536,24,reset,pointers,7,128,2062182,2069150,16110.796875,16165.234375
65536,24,reset,pipeline,7,128,2034034,2040767,15890.890625,15943.4921875
65536,24,reset,openblas-leaf,7,128,2121514,2128189,16574.328125,16626.4765625
65536,24,reset,openblas-aligned,7,128,2010940,2017811,15710.46875,15764.1484375
65536,24,reset,openblas,7,128,2135700,2142422,16685.15625,16737.671875
65536,24,reset,onemkl,7,128,1991908,1999043,15561.78125,15617.5234375
