run,id,implementation,pass,unit,source_commit,dirty,runtime,threads,warmups,target_ns,harness,warmup_target_ns,forks
case,id,run_id,case,status,comparison_kind,timing_mode,actual_kernel
sample,case_id,fork,sample,operations,elapsed_ns,ns_per_op
run,1,jvm-c/c/c-sparse/packed-4x4,1,ns,4651056efd0b86423730c3545912091ec2f5f3db,true,kotlin-2.4.10/jvm/Eclipse Adoptium/25.0.1/JMH 1.37/forks=2,1,5,200000000,jmh-average-time,200000000,2
case,1,1,dot+4096+uniform,ok,direct,arithmetic,policy
sample,1,1,1,322217,200238308,621.4393033266401
sample,1,1,2,304846,200225263,656.807906287109
sample,1,1,3,294816,200223804,679.148363725171
sample,1,1,4,296243,200222712,675.8732256964721
sample,1,1,5,299424,200255879,668.8036997702255
sample,1,1,6,297122,200188939,673.760068254791
sample,1,1,7,310934,200293651,644.1677365614568
sample,1,1,8,303843,200274414,659.1378244685578
sample,1,1,9,297960,200144832,671.7171163914619
sample,1,1,10,299225,200194866,669.0445851783775
sample,1,2,11,293063,200183306,683.0726021367419
sample,1,2,12,313673,200234124,638.3530746988106
sample,1,2,13,307711,200173830,650.5254280802441
sample,1,2,14,299875,200236332,667.732661942476
sample,1,2,15,315127,200098006,634.975758979713
sample,1,2,16,311730,200185694,642.1765438039329
sample,1,2,17,304074,200147344,658.2191966429225
sample,1,2,18,307524,200172334,650.9161366267348
sample,1,2,19,300952,200187773,665.1817332996624
sample,1,2,20,311349,200287109,643.2881075577567
case,2,1,axpy+4096+uniform,ok,direct,reset-and-arithmetic,policy
sample,2,1,1,157127,200128713,1273.6748808288837
sample,2,1,2,151751,200152050,1318.950451726842
sample,2,1,3,147969,200114073,1352.405388966608
sample,2,1,4,160495,200195342,1247.3618617402412
sample,2,1,5,157775,200178304,1268.7580668673745
sample,2,1,6,159029,200249777,1259.2028938118206
sample,2,1,7,157974,200186420,1267.2111866509679
sample,2,1,8,157954,200150077,1267.1415538701142
sample,2,1,9,157167,200114463,1273.2600545916127
sample,2,1,10,158056,200131675,1266.2073885205243
sample,2,2,11,148353,200263306,1349.9107264430108
sample,2,2,12,151671,200105133,1319.336807959333
sample,2,2,13,152539,200141450,1312.0674057126375
sample,2,2,14,152903,200141451,1308.9439121534567
sample,2,2,15,164933,200206594,1213.8662002146325
sample,2,2,16,161846,200155822,1236.7053989595047
sample,2,2,17,156060,200232830,1283.050301166218
sample,2,2,18,166255,200275928,1204.631006586268
sample,2,2,19,163297,200153809,1225.7041403087626
sample,2,2,20,163060,200232670,1227.969275113455
case,3,1,axpy-arithmetic+4096+uniform,ok,direct,reset-and-arithmetic,policy
sample,3,1,1,171676,200252591,1166.456528577087
sample,3,1,2,172742,200285202,1159.4470481990484
sample,3,1,3,173744,200187650,1152.198924854959
sample,3,1,4,171931,200166360,1164.2249507069696
sample,3,1,5,169286,200201843,1182.6249246836715
sample,3,1,6,170087,200167724,1176.8549271843233
sample,3,1,7,170472,200270414,1174.799462668356
sample,3,1,8,170934,200209864,1171.2699872465396
sample,3,1,9,164832,200191933,1214.5210456707434
sample,3,1,10,160960,200243896,1244.0599900596421
sample,3,2,11,172598,200244495,1160.1785362518685
sample,3,2,12,171711,200182925,1165.8130521632277
sample,3,2,13,171027,200182188,1170.4712589240296
sample,3,2,14,171962,200119155,1163.7405647759388
sample,3,2,15,164361,200195561,1218.023503142473
sample,3,2,16,161002,200259714,1243.8337039291437
sample,3,2,17,160586,200146766,1246.3525213904077
sample,3,2,18,160850,200193318,1244.596319552378
sample,3,2,19,174884,200254913,1145.0728082614762
sample,3,2,20,172404,200157657,1160.9803542841235
case,4,1,scal+4096+uniform,ok,direct,reset-and-arithmetic,policy
sample,4,1,1,216919,200186836,922.8644609278118
sample,4,1,2,215499,200269534,929.3292961916296
sample,4,1,3,213725,200239134,936.9008492221312
sample,4,1,4,213684,200129143,936.565877651111
sample,4,1,5,216116,200191336,926.3142756667716
sample,4,1,6,214423,200162507,933.493641073952
sample,4,1,7,212689,200165714,941.1192586358486
sample,4,1,8,212209,200240436,943.6001112111173
sample,4,1,9,213788,200221466,936.5421164892323
sample,4,1,10,213496,200255300,937.9815078502642
sample,4,2,11,208868,200138873,958.2074468085107
sample,4,2,12,208554,200180177,959.8481784094288
sample,4,2,13,207381,200193127,965.3397707600985
sample,4,2,14,206653,200179627,968.6751559377313
sample,4,2,15,207838,200194464,963.2235876018823
sample,4,2,16,207234,200188223,966.0008637578776
sample,4,2,17,208224,200283570,961.8659232365145
sample,4,2,18,207782,200153849,963.2877198217362
sample,4,2,19,207154,200218298,966.5191017310793
sample,4,2,20,207545,200144224,964.3413428413115
case,5,1,nrm2+4096+uniform,ok,direct,arithmetic,policy
sample,5,1,1,731926,200261704,273.6092227902821
sample,5,1,2,788926,200181358,253.73908072493492
sample,5,1,3,758296,200145610,263.9412709548778
sample,5,1,4,754711,200197992,265.26444162069987
sample,5,1,5,775513,200160935,258.1013277662657
sample,5,1,6,765645,200135636,261.3948187475919
sample,5,1,7,753503,200199189,265.6912965177312
sample,5,1,8,702415,200123279,284.9074678074927
sample,5,1,9,773107,200192917,258.94593762571026
sample,5,1,10,737520,200092661,271.30472529558523
sample,5,2,11,732913,200278024,273.26302576158423
sample,5,2,12,764203,200176878,261.9420206411124
sample,5,2,13,736158,200146436,271.87972690645216
sample,5,2,14,727732,200220767,275.1298101498903
sample,5,2,15,776541,200268666,257.898380124166
sample,5,2,16,767586,200127737,260.72353716717083
sample,5,2,17,760485,200197130,263.2492817083835
sample,5,2,18,754878,200152230,265.14513603522687
sample,5,2,19,773284,200245671,258.9548872083219
sample,5,2,20,743810,200209594,269.1676557185303
case,6,1,asum+4096+uniform,ok,direct,arithmetic,policy
sample,6,1,1,925515,200169593,216.2791451246063
sample,6,1,2,923172,200265742,216.9322098157223
sample,6,1,3,922216,200114855,216.99347549814794
sample,6,1,4,920920,200176901,217.3662218216566
sample,6,1,5,919582,200191697,217.69858152943402
sample,6,1,6,921705,200176062,217.18018454928637
sample,6,1,7,911782,200228922,219.60174910230734
sample,6,1,8,903246,200205494,221.65112715694283
sample,6,1,9,900750,200170696,222.22669553150152
sample,6,1,10,901082,200171554,222.14576919747591
sample,6,2,11,1071457,200152514,186.80405653236667
sample,6,2,12,1074223,200192194,186.35999601572485
sample,6,2,13,1077182,200097263,185.7599393602938
sample,6,2,14,1059805,200162091,188.86690570435127
sample,6,2,15,1057751,200156025,189.2279232068795
sample,6,2,16,1068264,200232234,187.4370324189526
sample,6,2,17,1067362,200168099,187.53534321064456
sample,6,2,18,1065342,200248262,187.966176119969
sample,6,2,19,1064201,200222926,188.14389950770578
sample,6,2,20,1071638,200265126,186.87758926055253
case,7,1,sum+4096+uniform,ok,direct,arithmetic,policy
sample,7,1,1,1392025,200142661,143.77806504911908
sample,7,1,2,1386192,200181767,144.41128429539341
sample,7,1,3,1381786,200251253,144.92204509236598
sample,7,1,4,1408606,200139517,142.08339095531326
sample,7,1,5,1421865,200357436,140.9117152472281
sample,7,1,6,1423934,200180876,140.58297364905957
sample,7,1,7,1411363,200247164,141.88211253943882
sample,7,1,8,1416520,200259496,141.37428063140655
sample,7,1,9,1410844,200192522,141.89557598146925
sample,7,1,10,1420737,200161936,140.8859880470488
sample,7,2,11,1214019,200218747,164.92225162868127
sample,7,2,12,1215272,200177733,164.71846055862392
sample,7,2,13,1218611,200187985,164.27554404153582
sample,7,2,14,1231720,200163585,162.50737586464456
sample,7,2,15,1230516,200248934,162.73574175386585
sample,7,2,16,1225517,200185110,163.34747702398252
sample,7,2,17,1227371,200308051,163.20089932058033
sample,7,2,18,1211883,200183640,165.1839657788747
sample,7,2,19,1214040,200223158,164.92303219004316
sample,7,2,20,1212515,200197403,165.1092176179264
case,8,1,compensated-sum+4096+uniform,ok,unsupported,arithmetic,policy
sample,8,1,1,70139,200121043,2853.206390168095
sample,8,1,2,71540,200217815,2798.6834637964776
sample,8,1,3,68504,200207420,2922.5653976410135
sample,8,1,4,68117,200239502,2939.6406477090886
sample,8,1,5,68787,200233635,2910.9226307296435
sample,8,1,6,67640,200152116,2959.0791839148433
sample,8,1,7,67851,200245559,2951.254351446552
sample,8,1,8,67884,200207042,2949.2522833068174
sample,8,1,9,68755,200151501,2911.0828448840084
sample,8,1,10,68550,200186671,2920.301546316557
sample,8,2,11,71638,200239652,2795.159719701834
sample,8,2,12,70436,200123743,2841.2139105003125
sample,8,2,13,71551,200159804,2797.4424396584254
sample,8,2,14,70890,200121696,2822.9890816758357
sample,8,2,15,69786,200106124,2867.425042272089
sample,8,2,16,68166,200214154,2937.1556787841446
sample,8,2,17,68054,200232562,2942.2599994122315
sample,8,2,18,68556,200181256,2919.9669759029116
sample,8,2,19,67198,200135340,2978.2931039614273
sample,8,2,20,67969,200153663,2944.778693227795
case,9,1,iamax+4096+uniform,ok,direct,arithmetic,policy
sample,9,1,1,162135,200253702,1235.104709038764
sample,9,1,2,174637,200166330,1146.1851154108235
sample,9,1,3,162037,200149390,1235.2079463332448
sample,9,1,4,155020,200088564,1290.7274158173138
sample,9,1,5,159241,200103452,1256.6076073373063
sample,9,1,6,160951,200089650,1243.17121359917
sample,9,1,7,161580,200132449,1238.5966641911127
sample,9,1,8,161802,200093534,1236.6567409549943
sample,9,1,9,162336,200098579,1232.6198686674552
sample,9,1,10,162572,200082636,1230.7324508525453
sample,9,2,11,169324,200168203,1182.1608454796722
sample,9,2,12,166651,200253936,1201.6365698375648
sample,9,2,13,162127,200173350,1234.6700426209084
sample,9,2,14,171868,200188838,1164.7824958689228
sample,9,2,15,168783,200111399,1185.6134741058045
sample,9,2,16,166418,200155067,1202.7248675023134
sample,9,2,17,171416,200218760,1168.0284220842861
sample,9,2,18,165992,200167492,1205.8863800665092
sample,9,2,19,163280,200138871,1225.7402682508575
sample,9,2,20,162897,200151617,1228.7004487498234
case,10,1,swap+4096+uniform,ok,direct,reset-and-arithmetic,policy
sample,10,1,1,84079,200196278,2381.0497032552717
sample,10,1,2,85156,200197599,2350.951183709897
sample,10,1,3,85272,200196489,2347.7400436251055
sample,10,1,4,86218,200186698,2321.8666403767193
sample,10,1,5,85963,200214404,2329.076509661133
sample,10,1,6,85560,200165332,2339.4732585320244
sample,10,1,7,85891,200200120,2330.8626049295035
sample,10,1,8,85721,200139529,2334.778280701345
sample,10,1,9,85878,200176397,2330.9392044528286
sample,10,1,10,85963,200213240,2329.062968951758
sample,10,2,11,86464,200349495,2317.1434932457437
sample,10,2,12,81429,200201443,2458.6012722740056
sample,10,2,13,80186,200147182,2496.036490160377
sample,10,2,14,81041,200103821,2469.1677175750547
sample,10,2,15,82074,200190557,2439.1470745912225
sample,10,2,16,86967,200226079,2302.322478641324
sample,10,2,17,86774,200101268,2306.0048862562517
sample,10,2,18,82086,200196251,2438.859866481495
sample,10,2,19,80454,200162645,2487.91414970045
sample,10,2,20,86585,200305658,2313.3990645030894
case,11,1,rot+4096+uniform,ok,direct,reset-and-arithmetic,policy
sample,11,1,1,80097,200306147,2500.794624018378
sample,11,1,2,80483,200210505,2487.61235291925
sample,11,1,3,80978,200257561,2472.987243448838
sample,11,1,4,79919,200155931,2504.484928490096
sample,11,1,5,79389,200145435,2521.0726297094056
sample,11,1,6,79219,200131868,2526.3114656837374
sample,11,1,7,80397,200141352,2489.4131870592187
sample,11,1,8,80684,200164689,2480.847367507808
sample,11,1,9,80692,200229353,2481.4027784662667
sample,11,1,10,80347,200098193,2490.425193224389
sample,11,2,11,77248,200158795,2591.119446458161
sample,11,2,12,77521,200218723,2582.7675468582706
sample,11,2,13,76820,200211528,2606.242228586306
sample,11,2,14,76970,200215132,2601.209977913473
sample,11,2,15,76680,200141597,2610.0886411058946
sample,11,2,16,76931,200106158,2601.1121394496367
sample,11,2,17,77053,200238501,2598.7112896318117
sample,11,2,18,77296,200154118,2589.4498809770234
sample,11,2,19,77117,200354364,2598.0570302267984
sample,11,2,20,77275,200139220,2589.9607893885473
case,12,1,rotm+4096+uniform,ok,direct,reset-and-arithmetic,policy
sample,12,1,1,56946,200204754,3515.69476346012
sample,12,1,2,58421,200211413,3427.0452919326954
sample,12,1,3,57256,200174171,3496.125663685902
sample,12,1,4,57508,200139134,3480.1963900674687
sample,12,1,5,57500,200131901,3480.5548
sample,12,1,6,57436,200169511,3485.087941360819
sample,12,1,7,57320,200170139,3492.151762037683
sample,12,1,8,57311,200085907,3491.2304269686447
sample,12,1,9,57539,200094901,3477.552633865726
sample,12,1,10,57571,200083045,3475.413749978288
sample,12,2,11,62464,200264276,3206.0751152663934
sample,12,2,12,62624,200173240,3196.430122636689
sample,12,2,13,62752,200188583,3190.1546245537993
sample,12,2,14,62059,200214858,3226.2018079569443
sample,12,2,15,60213,200137695,3323.828658263166
sample,12,2,16,59304,200247542,3376.6279171725346
sample,12,2,17,63372,200366264,3161.7475225651706
sample,12,2,18,62017,200173390,3227.7180450521632
sample,12,2,19,61938,200198311,3232.2372533824146
sample,12,2,20,61889,200103571,3233.265539918241
case,13,1,rotmg+1+uniform,ok,direct,arithmetic,policy
sample,13,1,1,26269017,200143899,7.6190098396144785
sample,13,1,2,18213024,200153857,10.989600463931744
sample,13,1,3,26733139,200172545,7.487805491154631
sample,13,1,4,26637689,200192608,7.515389491933779
sample,13,1,5,26764852,200152106,7.4781697279701005
sample,13,1,6,26720872,200244854,7.493949074715825
sample,13,1,7,27330611,200194298,7.324911177433977
sample,13,1,8,27420180,200179392,7.300440478508894
sample,13,1,9,27547211,200168386,7.266375750343656
sample,13,1,10,27445353,200191710,7.294193301139177
sample,13,2,11,25900058,200153298,7.727909257963824
sample,13,2,12,19202975,200272708,10.429254217120004
sample,13,2,13,26578967,200147036,7.530278960803857
sample,13,2,14,27158275,200285284,7.374742467995482
sample,13,2,15,25944729,200195504,7.7162302986475595
sample,13,2,16,26569834,200211302,7.535286144429807
sample,13,2,17,26660046,200308632,7.513439099092327
sample,13,2,18,26424075,200178541,7.57561205075296
sample,13,2,19,26643006,200117162,7.511057948941647
sample,13,2,20,27395820,200186246,7.30718211756392
case,14,1,ssqd+4096+uniform,ok,unsupported,arithmetic,policy
sample,14,1,1,292472,200202563,684.518733417216
sample,14,1,2,293729,200143914,681.3896959442206
sample,14,1,3,291100,200186751,687.6906595671591
sample,14,1,4,292477,200165888,684.381636846658
sample,14,1,5,291850,200213633,686.0155319513449
sample,14,1,6,295511,200199862,677.470084023945
sample,14,1,7,295168,200249690,678.4261505312229
sample,14,1,8,290783,200300648,688.8320431386979
sample,14,1,9,297062,200168644,673.8278339201918
sample,14,1,10,308547,200239950,648.9771412459041
sample,14,2,11,302179,200164387,662.403366878572
sample,14,2,12,286031,200189292,699.8866975957152
sample,14,2,13,281070,200129897,712.0286654570036
sample,14,2,14,281852,200175226,710.2139633566553
sample,14,2,15,281457,200150364,711.122352615142
sample,14,2,16,304745,200248565,657.1020525357266
sample,14,2,17,295004,200218916,678.6989871323779
sample,14,2,18,294482,200250966,680.0108869132919
sample,14,2,19,285511,200221130,701.2729106759459
sample,14,2,20,283733,200161725,705.4580362523922
case,15,1,dot4+4096+uniform,ok,composed,arithmetic,policy
sample,15,1,1,121225,200106372,1650.702181893174
sample,15,1,2,129812,200139495,1541.7642051582288
sample,15,1,3,127860,200246893,1566.141819177225
sample,15,1,4,128954,200192467,1552.4331699675854
sample,15,1,5,119101,200189391,1680.8371970008648
sample,15,1,6,119521,200098424,1674.169593627898
sample,15,1,7,118863,200138712,1683.7763812119836
sample,15,1,8,117702,200191678,1700.8349730675775
sample,15,1,9,118843,200253462,1685.0253022895754
sample,15,1,10,118309,200161485,1691.8534092926152
sample,15,2,11,119733,200202217,1672.0721689091563
sample,15,2,12,120697,200400058,1660.3565788710573
sample,15,2,13,120619,200235841,1660.068820003482
sample,15,2,14,121198,200175452,1651.639895047773
sample,15,2,15,108737,200155093,1840.7266431849325
sample,15,2,16,118915,200139159,1683.0438464449396
sample,15,2,17,118763,200230937,1685.9706895245151
sample,15,2,18,119900,200189606,1669.638081734779
sample,15,2,19,119410,200216635,1676.7158110710996
sample,15,2,20,119299,200182478,1677.9895724188802
case,16,1,axpy4+4096+uniform,ok,composed,reset-and-arithmetic,policy
sample,16,1,1,81797,200150395,2446.9160849419904
sample,16,1,2,82885,200133124,2414.5879712855162
sample,16,1,3,82533,200183286,2425.493875177202
sample,16,1,4,82922,200139527,2413.5877933479655
sample,16,1,5,82626,200143452,2422.2817515067895
sample,16,1,6,83388,200281558,2401.8031131577686
sample,16,1,7,83187,200220109,2406.8677678002573
sample,16,1,8,83893,200165365,2385.960270821165
sample,16,1,9,83363,200207334,2401.6330266425152
sample,16,1,10,77706,200253602,2577.0674336602065
sample,16,2,11,97460,200162975,2053.7961727888364
sample,16,2,12,107126,200259349,1869.3813733360716
sample,16,2,13,102975,200176873,1943.9366156834183
sample,16,2,14,102886,200069824,1944.5777268044244
sample,16,2,15,102873,200100285,1945.1195649004112
sample,16,2,16,103133,200205436,1941.2354532496872
sample,16,2,17,103166,200213484,1940.6925149758642
sample,16,2,18,102796,200132234,1946.887369158333
sample,16,2,19,103041,200218995,1943.1002707660057
sample,16,2,20,102668,200180133,1949.781168426384
case,17,1,dot-axpy+4096+uniform,ok,composed,reset-and-arithmetic,policy
sample,17,1,1,109815,200214372,1823.196940308701
sample,17,1,2,110071,200232436,1819.12071299434
sample,17,1,3,110322,200155325,1814.282962600388
sample,17,1,4,110496,200193257,1811.7692676657978
sample,17,1,5,110458,200134668,1811.8621376450778
sample,17,1,6,107032,200162378,1870.1171425368113
sample,17,1,7,105705,200132216,1893.3088879428599
sample,17,1,8,106289,200102263,1882.6243825795707
sample,17,1,9,107353,200201846,1864.89288608609
sample,17,1,10,107481,200167347,1862.350992268401
sample,17,2,11,128826,200137636,1553.5500287209104
sample,17,2,12,131194,200143666,1525.5550253822582
sample,17,2,13,131396,200186621,1523.53664495114
sample,17,2,14,133414,200256951,1501.019015995323
sample,17,2,15,112741,200191184,1775.6733042992346
sample,17,2,16,112816,200131806,1773.9665118422918
sample,17,2,17,113016,200144001,1770.9350976852836
sample,17,2,18,111730,200237403,1792.154327396402
sample,17,2,19,116981,200282369,1712.093151879365
sample,17,2,20,109514,200322780,1829.1979107693994
case,18,1,gemv+32x21+uniform,ok,direct,reset-and-arithmetic,policy
sample,18,1,1,921228,200208288,217.32761922130027
sample,18,1,2,919650,200102445,217.58543467623554
sample,18,1,3,918180,200191875,218.0311866954192
sample,18,1,4,920744,200106709,217.3315373219918
sample,18,1,5,918899,200204728,217.87457381061466
sample,18,1,6,913301,200094476,219.08929914672163
sample,18,1,7,918549,200239635,217.99559413814615
sample,18,1,8,921355,200150666,217.2351221841744
sample,18,1,9,917773,200161576,218.0948622371763
sample,18,1,10,917604,200144865,218.11681836609256
sample,18,2,11,948674,200125173,210.95252215197212
sample,18,2,12,949549,200194737,210.8313915342968
sample,18,2,13,940105,200268666,213.02797666218135
sample,18,2,14,974880,200150896,205.30823896274413
sample,18,2,15,944478,200102055,211.86523667041476
sample,18,2,16,946006,200129759,211.55231467876524
sample,18,2,17,950337,200150669,210.6102035383238
sample,18,2,18,978427,200200895,204.6150555943366
sample,18,2,19,947107,200193502,211.37369061784995
sample,18,2,20,944180,200212576,212.04916011777416
case,19,1,gemv+129x31+uniform+transA=T,ok,direct,reset-and-arithmetic,policy
sample,19,1,1,196057,200138857,1020.8197462982704
sample,19,1,2,198333,200167986,1009.2520458017576
sample,19,1,3,197880,200149155,1011.4673286840509
sample,19,1,4,197596,200147460,1012.9125083503715
sample,19,1,5,197737,200139273,1012.1488290001365
sample,19,1,6,198723,200112981,1006.9945652994369
sample,19,1,7,199151,200212582,1005.3305381343804
sample,19,1,8,197008,200225563,1016.3321438723301
sample,19,1,9,203863,200186239,981.9645497221173
sample,19,1,10,198576,200071376,1007.5304971396342
sample,19,2,11,184662,200361781,1085.019013115855
sample,19,2,12,196500,200090737,1018.2734707379135
sample,19,2,13,192785,200149050,1038.1982519386881
sample,19,2,14,190993,200113164,1047.751299785856
sample,19,2,15,186685,200137001,1072.0572140236227
sample,19,2,16,196774,200192220,1017.3712990537367
sample,19,2,17,190568,200285891,1050.9943484740354
sample,19,2,18,187956,200187848,1065.0782523569346
sample,19,2,19,189014,200232389,1059.352159099326
sample,19,2,20,191418,200186157,1045.8063348274457
case,20,1,symv+129+uniform+uplo=U,ok,direct,reset-and-arithmetic,policy
sample,20,1,1,47033,200222474,4257.063636170348
sample,20,1,2,45752,200192473,4375.600476481903
sample,20,1,3,45790,200180202,4371.701288490937
sample,20,1,4,45530,200171603,4396.477113990775
sample,20,1,5,45878,200158432,4362.8412746850345
sample,20,1,6,45753,200218114,4376.065263479991
sample,20,1,7,45791,200152514,4371.001157432684
sample,20,1,8,45664,200161827,4383.361663454801
sample,20,1,9,45381,200105318,4409.451488508406
sample,20,1,10,45600,200145274,4389.150745614035
sample,20,2,11,47125,200212825,4248.5480106100795
sample,20,2,12,47204,200097765,4239.000190661808
sample,20,2,13,47382,200205835,4225.356358954878
sample,20,2,14,45828,200202645,4368.566051322336
sample,20,2,15,45817,200186151,4369.254883558505
sample,20,2,16,46074,200185481,4344.868711203716
sample,20,2,17,48434,200320580,4135.949539579634
sample,20,2,18,46348,200184143,4319.153857771641
sample,20,2,19,46756,200147365,4280.677667037386
sample,20,2,20,47275,200206476,4234.933389740878
case,21,1,ger+129x31+uniform,ok,direct,reset-and-arithmetic,policy
sample,21,1,1,109989,200224032,1820.4005127785506
sample,21,1,2,110036,200181659,1819.2378766948998
sample,21,1,3,109879,200136914,1821.4300639794683
sample,21,1,4,109793,200221550,1823.6276447496653
sample,21,1,5,110582,200111036,1809.616718814997
sample,21,1,6,113740,200324810,1761.2520661157025
sample,21,1,7,111469,200353710,1797.393983977608
sample,21,1,8,112424,200147610,1780.2925531914893
sample,21,1,9,109326,200113434,1830.4285714285713
sample,21,1,10,113371,200179650,1765.704192430163
sample,21,2,11,108770,200172636,1840.3294658453617
sample,21,2,12,107742,200207199,1858.2094169404688
sample,21,2,13,109602,200202317,1826.630143610518
sample,21,2,14,109346,200191039,1830.8034953267609
sample,21,2,15,111839,200202706,1790.0974257638213
sample,21,2,16,110371,200334263,1815.0987397051763
sample,21,2,17,109811,200376260,1824.7375945943484
sample,21,2,18,109977,200134310,1819.7833183301964
sample,21,2,19,110963,200281714,1804.9414129034003
sample,21,2,20,108855,200145228,1838.6406504065042
case,22,1,syr+129+uniform+uplo=L,ok,direct,reset-and-arithmetic,policy
sample,22,1,1,35569,200185624,5628.092552503585
sample,22,1,2,35230,200176354,5681.985637240988
sample,22,1,3,35383,200174049,5657.350959500325
sample,22,1,4,35726,200195450,5603.634607848626
sample,22,1,5,35505,200156812,5637.4260526686385
sample,22,1,6,35613,200166958,5620.614887821863
sample,22,1,7,35754,200118126,5597.083571068972
sample,22,1,8,36276,200118612,5516.556731723454
sample,22,1,9,35969,200122800,5563.757680224638
sample,22,1,10,35825,200127454,5586.251332868109
sample,22,2,11,35431,200197127,5650.338037311958
sample,22,2,12,35857,200252151,5584.743592603954
sample,22,2,13,35385,200162846,5656.714596580472
sample,22,2,14,35759,200195010,5598.451019323807
sample,22,2,15,35050,200186285,5711.4489300998575
sample,22,2,16,35248,200206677,5679.944308896958
sample,22,2,17,35056,200180878,5710.317149703332
sample,22,2,18,35215,200152463,5683.7274740877465
sample,22,2,19,35359,200235718,5662.934981192907
sample,22,2,20,35273,200133417,5673.8416635953845
case,23,1,syr2+129+uniform+uplo=U,ok,direct,reset-and-arithmetic,policy
sample,23,1,1,24262,200158040,8249.857390157447
sample,23,1,2,24398,200140623,8203.15693909337
sample,23,1,3,24427,200137054,8193.271953166577
sample,23,1,4,23779,200201675,8419.263846250893
sample,23,1,5,23186,200154828,8632.572586905892
sample,23,1,6,24444,200184614,8189.519473081329
sample,23,1,7,24508,200291644,8172.500571242043
sample,23,1,8,24999,200199463,8008.298851954079
sample,23,1,9,24447,200134898,8186.480876999223
sample,23,1,10,24946,200203370,8025.469814799968
sample,23,2,11,24198,200215008,8274.031242251425
sample,23,2,12,24213,200159016,8266.59298723826
sample,23,2,13,23848,200186742,8394.278010734653
sample,23,2,14,24123,200216659,8299.824192679185
sample,23,2,15,23983,200162637,8346.021640328567
sample,23,2,16,24014,200196701,8336.66615307737
sample,23,2,17,24074,200242761,8317.801819390213
sample,23,2,18,23981,200229100,8349.489178933321
sample,23,2,19,24064,200231344,8320.783909574468
sample,23,2,20,24142,200149120,8290.49457377185
case,24,1,trsv+129+triangular+uplo=L+transA=N+diag=N,ok,direct,reset-and-arithmetic,policy
sample,24,1,1,56438,200212916,3547.4842482015665
sample,24,1,2,55432,200098512,3609.8014143455043
sample,24,1,3,56926,200190375,3516.677353054843
sample,24,1,4,54973,200218849,3642.130664144216
sample,24,1,5,55036,200233852,3638.2341013155024
sample,24,1,6,55110,200170152,3632.1929232444204
sample,24,1,7,55334,200206064,3618.138287490512
sample,24,1,8,53843,200205466,3718.319298701781
sample,24,1,9,52935,200203889,3782.070255974308
sample,24,1,10,58046,200253577,3449.911742411191
sample,24,2,11,57773,200110281,3463.733595278071
sample,24,2,12,61351,200268348,3264.30454271324
sample,24,2,13,59904,200164493,3341.421157184829
sample,24,2,14,60445,200159420,3311.430556704442
sample,24,2,15,57031,200125473,3509.0647717907805
sample,24,2,16,59112,200143395,3385.833587088916
sample,24,2,17,61835,200204676,3237.7242015040024
sample,24,2,18,59808,200208145,3347.5144629481006
sample,24,2,19,61280,200163459,3266.3749836814623
sample,24,2,20,61522,200152226,3253.343942004486
case,25,1,trmv+129+triangular+uplo=U+transA=T+diag=U,ok,direct,reset-and-arithmetic,policy
sample,25,1,1,66054,200145997,3030.035985708663
sample,25,1,2,66038,200151547,3030.8541597262183
sample,25,1,3,66135,200178074,3026.8099191048614
sample,25,1,4,66095,200132082,3027.945865799228
sample,25,1,5,65873,200166152,3038.667617992197
sample,25,1,6,66126,200220899,3027.8695066993314
sample,25,1,7,66108,200187286,3028.1854843589276
sample,25,1,8,66189,200121830,3023.4907613047485
sample,25,1,9,65958,200105344,3033.8297704599895
sample,25,1,10,66012,200084302,3031.0292371084047
sample,25,2,11,65996,200294134,3034.9435420328505
sample,25,2,12,70370,200237919,2845.501193690493
sample,25,2,13,67624,200227960,2960.9008635987225
sample,25,2,14,70448,200244295,2842.441162275721
sample,25,2,15,68089,200150172,2939.5375464465624
sample,25,2,16,66277,200245527,3021.342652805649
sample,25,2,17,65757,200252452,3045.34045044634
sample,25,2,18,67226,200255214,2978.835777824056
sample,25,2,19,68522,200245881,2922.3589650039403
sample,25,2,20,69228,200150844,2891.1833940024267
case,26,1,gemm+32x21x48+uniform,ok,direct,reset-and-arithmetic,policy
sample,26,1,1,28661,200116734,6982.1965039600855
sample,26,1,2,28219,200220358,7095.232219426627
sample,26,1,3,28384,200091179,7049.435562288613
sample,26,1,4,28364,200122965,7055.52690029615
sample,26,1,5,28362,200158784,7057.287356321839
sample,26,1,6,28367,200172976,7056.5437303909475
sample,26,1,7,28363,200189396,7058.117829566689
sample,26,1,8,28116,200142694,7118.462583582302
sample,26,1,9,28198,200212030,7100.220937655153
sample,26,1,10,28236,200145482,7088.308613118005
sample,26,2,11,27617,200244040,7250.752797190136
sample,26,2,12,27592,200160145,7254.2818570600175
sample,26,2,13,26755,200118905,7479.682489254345
sample,26,2,14,27469,200154312,7286.5525501474385
sample,26,2,15,27360,200194956,7317.067105263158
sample,26,2,16,27415,200207934,7302.8609885099395
sample,26,2,17,27402,200152211,7304.292058973798
sample,26,2,18,27382,200110427,7308.101197867212
sample,26,2,19,27528,200246701,7274.291666666667
sample,26,2,20,27479,200238017,7286.947014083482
case,27,1,gemm+129x31x257+uniform+transA=T,ok,direct,reset-and-arithmetic,policy
sample,27,1,1,1406,200307892,142466.49502133712
sample,27,1,2,1371,200247694,146059.587162655
sample,27,1,3,1368,200224650,146363.04824561405
sample,27,1,4,1358,200241437,147453.19366715758
sample,27,1,5,1328,200229131,150774.94804216866
sample,27,1,6,1354,200277622,147915.5258493353
sample,27,1,7,1358,200216693,147434.97275405008
sample,27,1,8,1360,200217600,147218.82352941178
sample,27,1,9,1365,200181492,146653.1076923077
sample,27,1,10,1362,200112408,146925.40969162996
sample,27,2,11,1412,200266141,141831.54461756375
sample,27,2,12,1419,200236000,141110.6412966878
sample,27,2,13,1417,200288612,141346.9386026817
sample,27,2,14,1426,200207042,140397.64516129033
sample,27,2,15,1398,200277853,143260.26680972817
sample,27,2,16,1412,200195928,141781.81869688386
sample,27,2,17,1420,200182324,140973.4676056338
sample,27,2,18,1420,200146397,140948.16690140846
sample,27,2,19,1417,200295594,141351.8659139026
sample,27,2,20,1409,200254099,142124.9815471966
case,28,1,gemm+65x127x33+uniform+transB=T,ok,direct,reset-and-arithmetic,policy
sample,28,1,1,4459,200289721,44918.08051132541
sample,28,1,2,4445,200238248,45047.974803149606
sample,28,1,3,4251,200262841,47109.58386262056
sample,28,1,4,4206,200189455,47596.161436043745
sample,28,1,5,4272,200148632,46851.27153558053
sample,28,1,6,4234,200213238,47287.01889466226
sample,28,1,7,4249,200247702,47128.19534008002
sample,28,1,8,4187,200202037,47815.15094339623
sample,28,1,9,4189,200174495,47785.747195034615
sample,28,1,10,4205,200146164,47597.18525564804
sample,28,2,11,4206,200162990,47589.86923442701
sample,28,2,12,4212,200255203,47543.97032288699
sample,28,2,13,4233,200185908,47291.73352232459
sample,28,2,14,4223,200238888,47416.26521430263
sample,28,2,15,4248,200300279,47151.66643126177
sample,28,2,16,4245,200195220,47160.24028268551
sample,28,2,17,4229,200185831,47336.44620477654
sample,28,2,18,4242,200174371,47188.67774634606
sample,28,2,19,4316,200305051,46409.88206672845
sample,28,2,20,4526,200212264,44236.02828104286
case,29,1,symm+129x31+uniform+side=L+uplo=L,ok,direct,reset-and-arithmetic,policy
sample,29,1,1,2495,200202746,80241.58156312625
sample,29,1,2,2566,200204309,78021.94427123928
sample,29,1,3,2730,200191929,73330.37692307692
sample,29,1,4,2696,200145579,74237.97440652818
sample,29,1,5,2689,200319872,74496.04760133878
sample,29,1,6,2655,200201950,75405.63088512242
sample,29,1,7,2661,200201646,75235.49267192784
sample,29,1,8,2702,200242521,74109.00111028868
sample,29,1,9,2720,200288419,73635.44816176471
sample,29,1,10,2631,200183751,76086.56442417332
sample,29,2,11,2638,200118721,75860.01554207734
sample,29,2,12,2632,200201565,76064.42439209727
sample,29,2,13,2644,200282086,75749.65431164902
sample,29,2,14,2656,200240458,75391.73870481928
sample,29,2,15,2655,200195206,75403.09077212807
sample,29,2,16,2649,200280276,75605.99320498301
sample,29,2,17,2658,200203635,75321.15688487585
sample,29,2,18,2660,200195069,75261.30413533835
sample,29,2,19,2672,200311537,74966.89258982036
sample,29,2,20,2645,200248317,75708.2483931947
case,30,1,symm+31x129+uniform+side=R+uplo=U,ok,direct,reset-and-arithmetic,policy
sample,30,1,1,2689,200186605,74446.48754183711
sample,30,1,2,2713,200225674,73802.31256911169
sample,30,1,3,2661,200221878,75243.09582863585
sample,30,1,4,2664,200262309,75173.53941441441
sample,30,1,5,2666,200191407,75090.55026256564
sample,30,1,6,2645,200185895,75684.6483931947
sample,30,1,7,2654,200232247,75445.45855312735
sample,30,1,8,2670,200183986,74975.27565543071
sample,30,1,9,2655,200233826,75417.63691148776
sample,30,1,10,2669,200238447,75023.77182465344
sample,30,2,11,2603,200205549,76913.38801383019
sample,30,2,12,2726,200215831,73446.74651504036
sample,30,2,13,2665,200177953,75113.67842401502
sample,30,2,14,2753,200318836,72763.83436251362
sample,30,2,15,2634,200149695,75986.97608200456
sample,30,2,16,2747,200258170,72900.68074262832
sample,30,2,17,2693,200695433,74524.85443743037
sample,30,2,18,2544,200268464,78721.88050314465
sample,30,2,19,2569,200216563,77935.60256909303
sample,30,2,20,2607,200298893,76831.18258534714
case,31,1,gemmt+129x31+uniform+uplo=L+transA=N+transB=N,ok,direct,reset-and-arithmetic,policy
sample,31,1,1,1308,200268650,153110.5886850153
sample,31,1,2,1301,200210191,153889.46272098387
sample,31,1,3,1304,200401969,153682.49156441717
sample,31,1,4,1385,200245709,144581.7393501805
sample,31,1,5,1342,200282410,149241.73621460507
sample,31,1,6,1312,200252222,152631.26676829267
sample,31,1,7,1303,200303726,153725.03914044512
sample,31,1,8,1308,200245118,153092.59785932722
sample,31,1,9,1382,200321013,144950.08176555717
sample,31,1,10,1352,200272772,148130.74852071007
sample,31,2,11,1358,200272783,147476.27614138438
sample,31,2,12,1386,200334626,144541.5772005772
sample,31,2,13,1355,200189706,147741.48044280443
sample,31,2,14,1385,200389092,144685.26498194947
sample,31,2,15,1361,200167961,147074.1814842028
sample,31,2,16,1313,200242401,152507.54074638232
sample,31,2,17,1304,200179022,153511.5199386503
sample,31,2,18,1314,200180113,152344.07382039574
sample,31,2,19,1309,200236105,152968.75859434684
sample,31,2,20,1309,200160991,152911.3758594347
case,32,1,syrk+129x31+uniform+uplo=L+transA=N,ok,direct,reset-and-arithmetic,policy
sample,32,1,1,3637,200123582,55024.35578773715
sample,32,1,2,3891,200217827,51456.65047545618
sample,32,1,3,3808,200262975,52590.06696428572
sample,32,1,4,3758,200191893,53270.860298030864
sample,32,1,5,3598,200234752,55651.68204558088
sample,32,1,6,3627,200104134,55170.70140612076
sample,32,1,7,3636,200272337,55080.400715071504
sample,32,1,8,3780,200268568,52981.102645502644
sample,32,1,9,3827,200231704,52320.80062712307
sample,32,1,10,3808,200255144,52588.01050420168
sample,32,2,11,3847,200244946,52052.23446841695
sample,32,2,12,3890,200147561,51451.81516709512
sample,32,2,13,3814,200205034,52492.14315679077
sample,32,2,14,3684,200262715,54360.128935939196
sample,32,2,15,3699,200284960,54145.70424439038
sample,32,2,16,3704,200292480,54074.64362850972
sample,32,2,17,3692,200268172,54243.81690140845
sample,32,2,18,3938,200210462,50840.64550533266
sample,32,2,19,3858,200220399,51897.45956454121
sample,32,2,20,3844,200165357,52072.153225806454
case,33,1,syr2k+129x31+uniform+uplo=U+transA=T,ok,direct,reset-and-arithmetic,policy
sample,33,1,1,1699,200224183,117848.25367863449
sample,33,1,2,1653,200302537,121175.15849969751
sample,33,1,3,1647,200300752,121615.51426836672
sample,33,1,4,1678,200210384,119314.88915375447
sample,33,1,5,1646,200283539,121678.94228432563
sample,33,1,6,1599,200209335,125209.09005628517
sample,33,1,7,1602,200376374,125078.88514357054
sample,33,1,8,1595,200207771,125522.11347962382
sample,33,1,9,1602,200209403,124974.65855181024
sample,33,1,10,1598,200191116,125276.0425531915
sample,33,2,11,1637,200248476,122326.49725106903
sample,33,2,12,1637,200347372,122386.91020158827
sample,33,2,13,1737,200353715,115344.6833621186
sample,33,2,14,1690,200174506,118446.45325443787
sample,33,2,15,1707,200156647,117256.38371411833
sample,33,2,16,1689,200293948,118587.29899348727
sample,33,2,17,1626,200258727,123160.34870848709
sample,33,2,18,1638,200235633,122243.97619047618
sample,33,2,19,1620,200180207,123568.02901234568
sample,33,2,20,1634,200180452,122509.45654834762
case,34,1,trsm+64x16+triangular+side=L+uplo=L+transA=N+diag=N,ok,direct,reset-and-arithmetic,policy
sample,34,1,1,13048,200213952,15344.41692213366
sample,34,1,2,13043,200190908,15348.532392854404
sample,34,1,3,13022,200208250,15374.616034403318
sample,34,1,4,13091,200233450,15295.504545107326
sample,34,1,5,13082,200280677,15309.637440758293
sample,34,1,6,13038,200166636,15352.556833870225
sample,34,1,7,13943,200166712,14356.07200745894
sample,34,1,8,13372,200114047,14965.154576727491
sample,34,1,9,13842,200255505,14467.23775465973
sample,34,1,10,13557,200163123,14764.558751936269
sample,34,2,11,12966,200121907,15434.35963288601
sample,34,2,12,12997,200101039,15395.940524736478
sample,34,2,13,12985,200103592,15410.365190604543
sample,34,2,14,13313,200146699,15033.929166979644
sample,34,2,15,13796,200246537,14514.825819077994
sample,34,2,16,13570,200189885,14752.386514369933
sample,34,2,17,13429,200232919,14910.486186611066
sample,34,2,18,13331,200207248,15018.171780061512
sample,34,2,19,13059,200223506,15332.22344743089
sample,34,2,20,12999,200142301,15396.745980460035
case,35,1,trsm+17x64+triangular+side=R+uplo=U+transA=T+diag=U,ok,direct,reset-and-arithmetic,policy
sample,35,1,1,11627,200203810,17218.87073191709
sample,35,1,2,11654,200215871,17180.01295692466
sample,35,1,3,11625,200158860,17217.9664516129
sample,35,1,4,11613,200200220,17239.319727891158
sample,35,1,5,11654,200168868,17175.979749442253
sample,35,1,6,12409,200227534,16135.670400515755
sample,35,1,7,12163,200199548,16459.71783277152
sample,35,1,8,12099,200189337,16545.940738904043
sample,35,1,9,12014,200193185,16663.32487098385
sample,35,1,10,11662,200189513,17165.967501286228
sample,35,2,11,11650,200108243,17176.67321888412
sample,35,2,12,12443,200205810,16089.834445069517
sample,35,2,13,11791,200226335,16981.28530234925
sample,35,2,14,11652,200222529,17183.533213182287
sample,35,2,15,11556,200170481,17321.779248875042
sample,35,2,16,11592,200166709,17267.659506556247
sample,35,2,17,11581,200159489,17283.437440635524
sample,35,2,18,11589,200129174,17268.890672189144
sample,35,2,19,11520,200218214,17380.05329861111
sample,35,2,20,11520,200163776,17375.327777777777
case,36,1,trmm+64x16+triangular+side=L+uplo=U+transA=T+diag=N,ok,direct,reset-and-arithmetic,policy
sample,36,1,1,15372,200133801,13019.372950819672
sample,36,1,2,15381,200211247,13016.790000650153
sample,36,1,3,15451,200148160,12953.735033331175
sample,36,1,4,15508,200189930,12908.816739747228
sample,36,1,5,15549,200257386,12879.116727763843
sample,36,1,6,15470,200319174,12948.880025856497
sample,36,1,7,15563,200186767,12862.993445993703
sample,36,1,8,15604,200194987,12829.722314791079
sample,36,1,9,15507,200242058,12913.01076932998
sample,36,1,10,15579,200133552,12846.367032543809
sample,36,2,11,16079,200187402,12450.23956713726
sample,36,2,12,15815,200174351,12657.246348403414
sample,36,2,13,16395,200125153,12206.4747179018
sample,36,2,14,16200,200153924,12355.18049382716
sample,36,2,15,16127,200232073,12415.952936069945
sample,36,2,16,16147,200156234,12395.877500464483
sample,36,2,17,16179,200263963,12378.01860436368
sample,36,2,18,16103,200259090,12436.13550270136
sample,36,2,19,16196,200207547,12361.5427883428
sample,36,2,20,16194,200273551,12367.145300728665
case,37,1,trmm+17x64+triangular+side=R+uplo=L+transA=N+diag=U,ok,direct,reset-and-arithmetic,policy
sample,37,1,1,12161,200217556,16463.90559986843
sample,37,1,2,12934,200191882,15477.955930106695
sample,37,1,3,12745,200184703,15706.920596312279
sample,37,1,4,12451,200248108,16082.893582844752
sample,37,1,5,12474,200262915,16054.426406926406
sample,37,1,6,12186,200184395,16427.408091252255
sample,37,1,7,12181,200249517,16439.497331910352
sample,37,1,8,12213,200207085,16392.948906902482
sample,37,1,9,12123,200154716,16510.328796502516
sample,37,1,10,12157,200214209,16469.047380110223
sample,37,2,11,13322,200132439,15022.702221888605
sample,37,2,12,13548,200141258,14772.753026276941
sample,37,2,13,13604,200259600,14720.640987944722
sample,37,2,14,13300,200218578,15054.028421052632
sample,37,2,15,12888,200170781,15531.562771570452
sample,37,2,16,12811,200165242,15624.482241823433
sample,37,2,17,12827,200166933,15605.124580962034
sample,37,2,18,12581,200099382,15904.88689293379
sample,37,2,19,12818,200112979,15611.872288968638
sample,37,2,20,12857,200099590,15563.474371937466
case,38,1,gemm-tile+4x4x32+uniform+packed=4x4,ok,partial,raw-tile,c-tile
sample,38,1,1,2408684,200143873,83.09262360691564
sample,38,1,2,2303382,200179229,86.90665682027557
sample,38,1,3,2420351,200206997,82.71816649733861
sample,38,1,4,2337972,200235534,85.64496666341599
sample,38,1,5,2208211,200201649,90.66237284389943
sample,38,1,6,2106731,200192909,95.02537770602892
sample,38,1,7,2137039,200270295,93.71391677924456
sample,38,1,8,2135933,200144766,93.70367235301856
sample,38,1,9,2245755,200213198,89.15184336670741
sample,38,1,10,2179567,200131177,91.82153014796059
sample,38,2,11,2311911,200155610,86.57582839477817
sample,38,2,12,2461825,200210000,81.32584566327826
sample,38,2,13,2398957,200209424,83.45686229473893
sample,38,2,14,2264079,200132759,88.39477730238211
sample,38,2,15,2125342,200182506,94.1883734476616
sample,38,2,16,2129430,200095047,93.9664825798453
sample,38,2,17,2126635,200141691,94.11191436236119
sample,38,2,18,2126062,200100194,94.11776044160518
sample,38,2,19,2124009,200107109,94.21198733150378
sample,38,2,20,2115868,200092262,94.5674597848259
case,39,1,gemm-tile+3x2x31+uniform+packed=4x4,ok,partial,raw-tile,c-tile
sample,39,1,1,2338271,200109195,85.5799840993623
sample,39,1,2,2344362,200099090,85.3533242732991
sample,39,1,3,2345563,200098416,85.30933340950553
sample,39,1,4,2341742,200094640,85.44691943006531
sample,39,1,5,2225556,200109387,89.91433466513537
sample,39,1,6,2169900,200090292,92.2117572238352
sample,39,1,7,2187600,200164246,91.499472481258
sample,39,1,8,2191624,200100994,91.30261121433239
sample,39,1,9,2193883,200152349,91.23200690282937
sample,39,1,10,2288024,200162544,87.48271171980713
sample,39,2,11,2361660,200232316,84.78456509404403
sample,39,2,12,2367011,200154523,84.56003077298753
sample,39,2,13,2360459,200205538,84.81635902169874
sample,39,2,14,2387352,200164850,83.84387807076627
sample,39,2,15,2276111,200275326,87.99014019966513
sample,39,2,16,2290381,200208522,87.41275883794006
sample,39,2,17,2286955,200227547,87.55202747758483
sample,39,2,18,2271366,200184909,88.13414878975911
sample,39,2,19,2267924,200097933,88.22955839790046
sample,39,2,20,2272586,200230655,88.10696492893999
case,40,1,packed-trsm+4x4+triangular+packed=4x4+uplo=L+diag=N,ok,partial,raw-tile,portable-solve
sample,40,1,1,4889972,200164296,40.933628249814106
sample,40,1,2,4982799,200263664,40.190997870875385
sample,40,1,3,4868910,200168524,41.111567886857635
sample,40,1,4,4752863,200196010,42.121140457867185
sample,40,1,5,4777735,200198188,41.902321497529684
sample,40,1,6,4962868,200176111,40.33476429354962
sample,40,1,7,4596258,200192914,43.555630254002274
sample,40,1,8,4957536,200186313,40.38020359307527
sample,40,1,9,4814310,200210639,41.586569830359906
sample,40,1,10,4850631,200188243,41.27055696465058
sample,40,2,11,4781616,200236055,41.87623075546008
sample,40,2,12,5086516,200245507,39.36791056982815
sample,40,2,13,4919673,200163191,40.686279555572085
sample,40,2,14,4929236,200152314,40.605139214271745
sample,40,2,15,4974815,200129395,40.22851000489465
sample,40,2,16,5021308,200158524,39.86182962686217
sample,40,2,17,4640015,200193441,43.144998669185334
sample,40,2,18,4914686,200207530,40.73658622341285
sample,40,2,19,4875077,200119844,41.04957603746566
sample,40,2,20,4874936,200191269,41.06541480749696
case,41,1,packed-trsm+3x2+triangular+packed=4x4+uplo=U+diag=U,ok,partial,raw-tile,portable-solve
sample,41,1,1,17983455,200179873,11.131335608202095
sample,41,1,2,18034069,200199989,11.10121010405361
sample,41,1,3,17965778,200107260,11.13824628134668
sample,41,1,4,17981189,200107285,11.128701500217812
sample,41,1,5,19088353,200150506,10.485478029455972
sample,41,1,6,18599336,200197289,10.76367935930616
sample,41,1,7,18611211,200222477,10.758164903938814
sample,41,1,8,18504083,200137291,10.815844859753385
sample,41,1,9,18077188,200286640,11.079524094123489
sample,41,1,10,18019899,200232244,11.111729538550687
sample,41,2,11,18623407,200240286,10.752075922520515
sample,41,2,12,18587701,200182972,10.76964666044499
sample,41,2,13,18560375,200190372,10.785901254689088
sample,41,2,14,18579733,200135209,10.771694566332036
sample,41,2,15,18357955,200159726,10.903160292091357
sample,41,2,16,18054084,200210748,11.089499085082355
sample,41,2,17,17966836,200292344,11.14789181578771
sample,41,2,18,18060143,200176063,11.083858139993687
sample,41,2,19,18057691,200276546,11.09092773821415
sample,41,2,20,18022629,200121571,11.10390559557099
case,42,1,gemm-trsm+4x4x32+triangular+packed=4x4+uplo=L+diag=N,ok,composed,raw-tile,c-tile
sample,42,1,1,2183026,200326498,91.7655117254673
sample,42,1,2,2190629,200191595,91.38543998093698
sample,42,1,3,2184024,200160184,91.64742878283388
sample,42,1,4,2181739,200209547,91.76603938417932
sample,42,1,5,2183747,200124667,91.64278966382095
sample,42,1,6,2179294,200082906,91.81088279048168
sample,42,1,7,2201131,200114244,90.91428179422306
sample,42,1,8,2176133,200083959,91.9447290216177
sample,42,1,9,2183880,200091468,91.62200670366504
sample,42,1,10,2196547,200081327,91.08902609413775
sample,42,2,11,1685682,200169570,118.74693447518571
sample,42,2,12,1633065,200164625,122.5699068928671
sample,42,2,13,1638843,200129448,122.11630278190162
sample,42,2,14,1585444,200126090,126.22715781825154
sample,42,2,15,1450613,200135933,137.9664548711476
sample,42,2,16,1508626,200104472,132.640211689312
sample,42,2,17,1264801,200180895,158.2706647132632
sample,42,2,18,743210,200125580,269.27191507111047
sample,42,2,19,832000,200174755,240.59465745192307
sample,42,2,20,585784,200103109,341.59879580186555
case,43,1,gemm-trsm+3x2x31+triangular+packed=4x4+uplo=U+diag=U,ok,composed,raw-tile,c-tile
sample,43,1,1,1685429,200161431,118.75993055773931
sample,43,1,2,1714500,200147912,116.73835637212015
sample,43,1,3,1539232,200272910,130.1122312945677
sample,43,1,4,1704911,200099172,117.36634463617162
sample,43,1,5,1695400,200223398,118.09802878376784
sample,43,1,6,1729641,200170486,115.72949878038276
sample,43,1,7,1544116,200173127,129.63606814513935
sample,43,1,8,1567496,200132828,127.67677110499804
sample,43,1,9,1517615,200220037,131.93071826517266
sample,43,1,10,1567765,200141357,127.66030431856815
sample,43,2,11,1699543,200195208,117.79355273741236
sample,43,2,12,1660869,200189333,120.53288549548459
sample,43,2,13,1697914,200179429,117.89727218221888
sample,43,2,14,1693853,200179595,118.18002801896033
sample,43,2,15,1703760,200273648,117.54803962999483
sample,43,2,16,1640231,200251057,122.08710663315107
sample,43,2,17,1658654,200223804,120.7146300554546
sample,43,2,18,1536456,200213152,130.30841885481914
sample,43,2,19,1498059,200166592,133.61729544697505
sample,43,2,20,1523494,200183626,131.39771210126196
run,2,jvm-c/c/c-sparse/packed-4x4,1,ns,4651056efd0b86423730c3545912091ec2f5f3db,true,kotlin-2.4.10/jvm/Eclipse Adoptium/25.0.1,1,5,200000000,jmh-average-time,200000000,2
case,44,2,gemm-tile+8x4x32+uniform+packed=8x4,unsupported,unsupported,arithmetic,unavailable
case,45,2,gemm-tile+7x2x31+uniform+packed=8x4,unsupported,unsupported,arithmetic,unavailable
case,46,2,packed-trsm+8x4+triangular+packed=8x4+uplo=L+diag=N,unsupported,unsupported,arithmetic,unavailable
case,47,2,packed-trsm+7x2+triangular+packed=8x4+uplo=U+diag=U,unsupported,unsupported,arithmetic,unavailable
case,48,2,gemm-trsm+8x4x32+triangular+packed=8x4+uplo=L+diag=N,unsupported,unsupported,arithmetic,unavailable
case,49,2,gemm-trsm+7x2x31+triangular+packed=8x4+uplo=U+diag=U,unsupported,unsupported,arithmetic,unavailable
case,50,1,pack-left+4x32+uniform+packed=4x4,ok,unsupported,packing-only,portable-layout
sample,50,1,1,1449036,200084277,138.0809565807889
sample,50,1,2,1418763,200101013,141.03906924553291
sample,50,1,3,1438744,200156756,139.11908998404164
sample,50,1,4,1434620,200090132,139.47256555742985
sample,50,1,5,1440261,200191672,138.99680127421348
sample,50,1,6,1430235,200156275,139.94642488821768
sample,50,1,7,1427615,200239210,140.26135197514736
sample,50,1,8,1443275,200178850,138.69764944310683
sample,50,1,9,1398038,200177058,143.18427539165603
sample,50,1,10,1445905,200178979,138.44545734332476
sample,50,2,11,1412899,200232098,141.7172055468933
sample,50,2,12,1411510,200160216,141.80573711840512
sample,50,2,13,1458146,200093450,137.22456461835785
sample,50,2,14,1448388,200087249,138.14478509902042
sample,50,2,15,1464388,200088564,136.63630403963975
sample,50,2,16,1461825,200075065,136.8666324628461
sample,50,2,17,1463760,200128273,136.72205347871235
sample,50,2,18,1464435,200101219,136.64056035262746
sample,50,2,19,1471361,200091657,135.9908662795874
sample,50,2,20,1473783,200080863,135.7600562633712
case,51,1,pack-left+3x31+uniform+packed=4x4,ok,unsupported,packing-only,portable-layout
sample,51,1,1,1329253,200094426,150.5314834722961
sample,51,1,2,1326615,200089049,150.82676511271168
sample,51,1,3,1329217,200085460,150.52881508436923
sample,51,1,4,1331606,200076339,150.25190559369665
sample,51,1,5,1328871,200089613,150.57113369168263
sample,51,1,6,1323221,200088586,151.21327880981332
sample,51,1,7,1322616,200206887,151.3718925220926
sample,51,1,8,1304489,200200153,153.4701733782347
sample,51,1,9,1281930,200189613,156.16267112868877
sample,51,1,10,1323111,200227643,151.33094880172564
sample,51,2,11,1408224,200167284,142.14165076010636
sample,51,2,12,1384664,200171129,144.56296184489523
sample,51,2,13,1376203,200191099,145.46625679496412
sample,51,2,14,1377179,200148170,145.3319938802436
sample,51,2,15,1373054,200305621,145.88327990013502
sample,51,2,16,1338828,200186675,149.52381859357587
sample,51,2,17,1341176,200221035,149.28766619742674
sample,51,2,18,1414237,200235186,141.58531137284626
sample,51,2,19,1384549,200238115,144.62335027507152
sample,51,2,20,1385184,200184643,144.51844881257654
case,52,1,pack-right+32x4+uniform+packed=4x4,ok,unsupported,packing-only,portable-layout
sample,52,1,1,1461985,200097367,136.86690834721287
sample,52,1,2,1459788,200184401,137.13251581736526
sample,52,1,3,1471449,200164115,136.03197596382884
sample,52,1,4,1465373,200163336,136.59548524505365
sample,52,1,5,1441373,200208085,138.90095415967969
sample,52,1,6,1462332,200165915,136.88130670736876
sample,52,1,7,1466360,200232187,136.55049714940395
sample,52,1,8,1470498,200160574,136.11754249240732
sample,52,1,9,1467718,200227601,136.42102978910117
sample,52,1,10,1472501,200098944,135.89053182306836
sample,52,2,11,1465246,200257526,136.67160736149424
sample,52,2,12,1487517,200203419,134.58899562156265
sample,52,2,13,1466885,200253592,136.51621769941065
sample,52,2,14,1471788,200191029,136.01893003611934
sample,52,2,15,1459567,200201244,137.1648194293239
sample,52,2,16,1473509,200175664,135.8496378372986
sample,52,2,17,1472045,200246049,136.0325594665924
sample,52,2,18,1464744,200169395,136.6582795355366
sample,52,2,19,1461224,200142758,136.9692518053358
sample,52,2,20,1474456,200167613,135.75692526599641
case,53,1,pack-right+31x2+uniform+packed=4x4,ok,unsupported,packing-only,portable-layout
sample,53,1,1,1524405,200170815,131.31078355161523
sample,53,1,2,1521959,200143205,131.50367716870164
sample,53,1,3,1514976,200260645,132.1873382812665
sample,53,1,4,1581463,200136522,126.5515045246079
sample,53,1,5,1512567,200198917,132.35705724110073
sample,53,1,6,1479817,200211215,135.29457696458414
sample,53,1,7,1473240,200273602,135.94092069180854
sample,53,1,8,1477555,200163155,135.46917373634145
sample,53,1,9,1476603,200143292,135.54306201463766
sample,53,1,10,1465470,200253650,136.64807194961344
sample,53,2,11,1492297,200208627,134.16138141402146
sample,53,2,12,1466974,200197632,136.46978883061323
sample,53,2,13,1511798,200154927,132.39528495209015
sample,53,2,14,1485660,200232986,134.7771266642435
sample,53,2,15,1489322,200182875,134.41208482786126
sample,53,2,16,1468834,200134908,136.25427243650407
sample,53,2,17,1485779,200265498,134.78821412874996
sample,53,2,18,1512601,200146091,132.3191581917505
sample,53,2,19,1489387,200206479,134.4220669308917
sample,53,2,20,1486663,200161627,134.63819776237116
case,54,1,pack-symmetric-left+4x4+uniform+packed=4x4+uplo=L,ok,unsupported,packing-only,portable-layout
sample,54,1,1,6473847,200204894,30.925181580596515
sample,54,1,2,6438526,200181798,31.091246350484568
sample,54,1,3,6469558,200113229,30.931514795910324
sample,54,1,4,6485827,200085327,30.849624419522755
sample,54,1,5,6474344,200093876,30.90566024913103
sample,54,1,6,6513473,200081919,30.71816203122359
sample,54,1,7,6461082,200133339,30.975204926976627
sample,54,1,8,6468047,200100006,30.9366963474446
sample,54,1,9,6470653,200093662,30.923256431769715
sample,54,1,10,6489475,200086308,30.83243374849275
sample,54,2,11,6639664,200202403,30.15249009588437
sample,54,2,12,6664826,200116259,30.025728953764133
sample,54,2,13,6653702,200188011,30.0867112774212
sample,54,2,14,6528147,200232851,30.67223379007856
sample,54,2,15,6435376,200154819,31.10227265664042
sample,54,2,16,6281799,200260232,31.87943963186342
sample,54,2,17,6384935,200285779,31.368491456843334
sample,54,2,18,6771114,200161882,29.561144886941793
sample,54,2,19,6668135,200211977,30.02518350333339
sample,54,2,20,6591402,200180386,30.369925245038917
case,55,1,pack-symmetric-right+4x4+uniform+packed=4x4+uplo=U,ok,unsupported,packing-only,portable-layout
sample,55,1,1,5572201,200204487,35.9291574370702
sample,55,1,2,5941237,200190365,33.69506468097469
sample,55,1,3,6109250,200204181,32.77066432049761
sample,55,1,4,6419105,200162137,31.182250017720538
sample,55,1,5,5960774,200177317,33.58243694526919
sample,55,1,6,6341292,200092176,31.55384990945063
sample,55,1,7,6354854,200215265,31.505879600066343
sample,55,1,8,6371912,200199652,31.419086139293825
sample,55,1,9,5985209,200165986,33.44344132343582
sample,55,1,10,6368560,200110549,31.421632048689187
sample,55,2,11,6142592,200228990,32.596823946633606
sample,55,2,12,6270553,200254875,31.93575989230934
sample,55,2,13,6265533,200255946,31.9615180384494
sample,55,2,14,5945663,200236454,33.67773350087282
sample,55,2,15,6222077,200280859,32.18874645877896
sample,55,2,16,6134755,200177514,32.63007471366012
sample,55,2,17,6204778,200216579,32.26812933516719
sample,55,2,18,5779856,200167440,34.6319077845538
sample,55,2,19,6202576,200255360,32.28583736821604
sample,55,2,20,6180685,200249252,32.39920041225204
case,56,1,pack-triangular-left+4x4+triangular+packed=4x4+uplo=L+diag=N,ok,unsupported,packing-only,portable-layout
sample,56,1,1,6550946,200128295,30.549525976858916
sample,56,1,2,6673756,200093215,29.98209928561967
sample,56,1,3,6650713,200089125,30.085364531592326
sample,56,1,4,6708294,200088494,29.82703113489063
sample,56,1,5,6596965,200108396,30.33340270866982
sample,56,1,6,6668277,200083198,30.005231936225805
sample,56,1,7,6625135,200129692,30.207639844320152
sample,56,1,8,6638059,200094663,30.143549944343672
sample,56,1,9,6649799,200094838,30.090358821371893
sample,56,1,10,6633091,200080974,30.164062878076
sample,56,2,11,6261252,200190412,31.972904460641416
sample,56,2,12,6551852,200187555,30.554346313073005
sample,56,2,13,6540904,200201341,30.60759506637003
sample,56,2,14,6744323,200276661,29.695591536763587
sample,56,2,15,6544579,200275109,30.601679496878255
sample,56,2,16,6725569,200261672,29.77616793463869
sample,56,2,17,6665046,200288638,30.050601001103367
sample,56,2,18,6559780,200232082,30.52420690937806
sample,56,2,19,5991825,200244026,33.41953845447756
sample,56,2,20,6469321,200255341,30.954615020648998
case,57,1,pack-triangular-right+4x4+triangular+packed=4x4+uplo=U+diag=U,ok,unsupported,packing-only,portable-layout
sample,57,1,1,6248601,200119489,32.026287004082995
sample,57,1,2,6362511,200261640,31.47525245928848
sample,57,1,3,6313306,200164186,31.705129768777248
sample,57,1,4,6346670,200241693,31.55067035153868
sample,57,1,5,6270199,200198702,31.92860417986734
sample,57,1,6,6389453,200190949,31.331469063157677
sample,57,1,7,6339094,200184344,31.579330421665937
sample,57,1,8,6403021,200162429,31.260623540044612
sample,57,1,9,6384475,200208389,31.358629957827386
sample,57,1,10,6506628,200273952,30.77999111060291
sample,57,2,11,6146590,200218870,32.57397516346462
sample,57,2,12,6311208,200214204,31.72359459551959
sample,57,2,13,6327840,200150039,31.630072663025615
sample,57,2,14,6324779,200198814,31.653092384729966
sample,57,2,15,6295524,200137898,31.7905067155649
sample,57,2,16,6363623,200209063,31.46149025484382
sample,57,2,17,6148121,200249134,32.57078609871211
sample,57,2,18,6289787,200187821,31.827440420478467
sample,57,2,19,6010645,200120935,33.29441931772713
sample,57,2,20,6120977,200159199,32.700531140698615
case,58,1,write-left+3x31+uniform+packed=4x4,ok,unsupported,layout-only,portable-layout
sample,58,1,1,2612769,200205801,76.62590952357442
sample,58,1,2,2317890,200158352,86.35368891534974
sample,58,1,3,2663731,200138369,75.1346021801751
sample,58,1,4,2502574,200219001,80.00522701826199
sample,58,1,5,2694324,200230120,74.31553146540654
sample,58,1,6,2911324,200164931,68.75391780509486
sample,58,1,7,2770540,200169947,72.24943404534856
sample,58,1,8,2975420,200196622,67.28348334016711
sample,58,1,9,3007925,200169476,66.54736271682306
sample,58,1,10,2970164,200188258,67.39973213600327
sample,58,2,11,2871432,200236960,69.73418141192269
sample,58,2,12,2893523,200207270,69.19152534816554
sample,58,2,13,2729302,200193660,73.34976488494128
sample,58,2,14,2837684,200198313,70.54989667630363
sample,58,2,15,2883444,200154718,69.41515701362675
sample,58,2,16,2879100,200183740,69.52997117154666
sample,58,2,17,2830597,200222743,70.73516399543983
sample,58,2,18,2910179,200155957,68.77788514039858
sample,58,2,19,2880391,200167861,69.49329483393053
sample,58,2,20,2899279,200166027,69.0399326867128
case,59,1,write-left+4x32+uniform+packed=4x4,ok,unsupported,layout-only,portable-layout
sample,59,1,1,2471805,200159081,80.97688976274424
sample,59,1,2,2406305,200133025,83.17026519913311
sample,59,1,3,2307741,200156298,86.73256574286283
sample,59,1,4,2392525,200249568,83.6980044095673
sample,59,1,5,2375718,200211855,84.274250984334
sample,59,1,6,2386977,200206211,83.87437792655732
sample,59,1,7,2391278,200283465,83.75582638237796
sample,59,1,8,2370171,200134035,84.43864809754233
sample,59,1,9,2381476,200243274,84.08368339634748
sample,59,1,10,2348718,200146348,85.21514630534615
sample,59,2,11,2537490,200260203,78.92058806143078
sample,59,2,12,2483156,200197682,80.62227342945832
sample,59,2,13,2391257,200246817,83.74123609465649
sample,59,2,14,2461589,200242350,81.34678453632999
sample,59,2,15,2470431,200195989,81.0368672510991
sample,59,2,16,2487055,200133828,80.47020592628631
sample,59,2,17,2465127,200262377,81.23815811518027
sample,59,2,18,2485261,200127440,80.5257234552025
sample,59,2,19,2502851,200194715,79.98666920244153
sample,59,2,20,2498531,200140941,80.10344518439035
case,60,1,write-right+31x2+uniform+packed=4x4,ok,unsupported,layout-only,portable-layout
sample,60,1,1,2291704,200103598,87.31651120738105
sample,60,1,2,2234021,200280350,89.65016443444354
sample,60,1,3,2106162,200157908,95.03443134953531
sample,60,1,4,2244242,200164653,89.19031592849612
sample,60,1,5,2273797,200278383,88.08103054054517
sample,60,1,6,2265462,200148370,88.347705677694
sample,60,1,7,2268350,200284789,88.29536403112394
sample,60,1,8,2184550,200157418,91.62409558032547
sample,60,1,9,2173784,200157052,92.07770965284499
sample,60,1,10,2245667,200157880,89.13070370629305
sample,60,2,11,2254270,200256396,88.83425499163809
sample,60,2,12,2219500,200154576,90.18002973642713
sample,60,2,13,2251719,200186951,88.90405552380204
sample,60,2,14,2231927,200168753,89.68427417204953
sample,60,2,15,2194843,200155078,91.19334640336461
sample,60,2,16,2234781,200192585,89.58040407538815
sample,60,2,17,2261784,200248917,88.53582702857567
sample,60,2,18,2199408,200147219,91.00049604257146
sample,60,2,19,1603550,200666262,125.13876212154283
sample,60,2,20,1490177,200203388,134.34873038571928
case,61,1,write-right+32x4+uniform+packed=4x4,ok,unsupported,layout-only,portable-layout
sample,61,1,1,981008,200211773,204.0878086621108
sample,61,1,2,1047602,200146540,191.05207893837544
sample,61,1,3,945529,200192436,211.72532624594274
sample,61,1,4,941140,200103925,212.61865928554732
sample,61,1,5,991439,200153031,201.88133712714549
sample,61,1,6,1146407,200178919,174.61418065311884
sample,61,1,7,1135294,200126119,176.27691065045707
sample,61,1,8,1029126,200105634,194.4423073559506
sample,61,1,9,945902,200159298,211.60680281889668
sample,61,1,10,867040,200133631,230.8239885126407
sample,61,2,11,1637046,200173979,122.27755298262846
sample,61,2,12,1406285,200170364,142.33982727541004
sample,61,2,13,1376641,200156830,145.3950812157999
sample,61,2,14,1439200,200167203,139.0822700111173
sample,61,2,15,1440606,200145254,138.93129280316757
sample,61,2,16,1681765,200188660,119.03485921041288
sample,61,2,17,1755911,200275150,114.05768857305411
sample,61,2,18,1710918,200193888,117.00963342486314
sample,61,2,19,1722389,200273015,116.27629705020179
sample,61,2,20,1722685,200151052,116.18551969744904
case,62,1,clear-left-padding+3x31+uniform+packed=4x4,ok,unsupported,layout-only,portable-layout
sample,62,1,1,2692394,200153405,74.34031014777183
sample,62,1,2,2693753,200209600,74.32366664649655
sample,62,1,3,2678779,200097605,74.69731732255629
sample,62,1,4,2857646,200221670,70.0652460101776
sample,62,1,5,2809261,200155866,71.24858316831366
sample,62,1,6,2804673,200172803,71.37117339525855
sample,62,1,7,2818334,200229406,71.04530761790477
sample,62,1,8,2764056,200255251,72.4497806846171
sample,62,1,9,2698547,200167347,74.17597210647062
sample,62,1,10,2690667,200154185,74.38831523930683
sample,62,2,11,2690946,200286959,74.42994359604391
sample,62,2,12,2700554,200215949,74.13884299295626
sample,62,2,13,2699077,200186856,74.16863468511643
sample,62,2,14,2679665,200147090,74.69108638579823
sample,62,2,15,2716474,200190618,73.69502450603245
sample,62,2,16,2703510,200185171,74.0463956116308
sample,62,2,17,2699533,200190434,74.15743167429329
sample,62,2,18,2697897,200141549,74.1842809417854
sample,62,2,19,2677108,200108466,74.74799896007184
sample,62,2,20,2701760,200077991,74.05468694480635
case,63,1,clear-left-padding+4x32+uniform+packed=4x4,ok,unsupported,layout-only,portable-layout
sample,63,1,1,26622811,200181916,7.519187812286238
sample,63,1,2,27401684,200162457,7.304750211702317
sample,63,1,3,27268926,200189949,7.341321363371627
sample,63,1,4,27666251,200285454,7.239342041681036
sample,63,1,5,27509898,200151843,7.27563013865046
sample,63,1,6,26616282,200269360,7.524317633845328
sample,63,1,7,26609859,200203897,7.523673725591706
sample,63,1,8,26741803,200183703,7.485796787897959
sample,63,1,9,26761557,200197937,7.480803041467281
sample,63,1,10,28030369,200214749,7.142779640182404
sample,63,2,11,27724147,200085390,7.217007975033461
sample,63,2,12,27819936,200086066,7.192182828889326
sample,63,2,13,27866770,200050480,7.178818356056335
sample,63,2,14,27723416,200106006,7.217941901531904
sample,63,2,15,27998301,200089303,7.146480173921982
sample,63,2,16,26985782,200093427,7.414772230799167
sample,63,2,17,27629109,200132713,7.243545674961867
sample,63,2,18,27819492,200124718,7.193687001904995
sample,63,2,19,27666679,200128234,7.233547401912604
sample,63,2,20,28020876,200154096,7.143034928672465
case,64,1,clear-right-padding+31x2+uniform+packed=4x4,ok,unsupported,layout-only,portable-layout
sample,64,1,1,2589344,200138317,77.29305839625789
sample,64,1,2,2738587,200205864,73.10553362007488
sample,64,1,3,2689338,200162844,74.42829573672034
sample,64,1,4,2681064,200146940,74.65205604938934
sample,64,1,5,2672306,200268753,74.94229814998731
sample,64,1,6,2683278,200173832,74.6004819478265
sample,64,1,7,2688593,200172627,74.45255827118497
sample,64,1,8,2613403,200189605,76.60112313332463
sample,64,1,9,2685817,200271621,74.56636881812871
sample,64,1,10,2685248,200221191,74.56338893092928
sample,64,2,11,2585066,200178804,77.43663179199294
sample,64,2,12,2604696,200168804,76.84920006019897
sample,64,2,13,2615773,200161212,76.52086476922882
sample,64,2,14,2596425,200209198,77.10956334190281
sample,64,2,15,2594453,200164965,77.15112395560837
sample,64,2,16,2596643,200133160,77.07380644932708
sample,64,2,17,2619038,200229314,76.45147340359323
sample,64,2,18,2603648,200160994,76.87713316085738
sample,64,2,19,2595068,200185554,77.14077396045113
sample,64,2,20,2594787,200225226,77.16441696370454
case,65,1,clear-right-padding+32x4+uniform+packed=4x4,ok,unsupported,layout-only,portable-layout
sample,65,1,1,26727678,200163655,7.489002785801295
sample,65,1,2,26820925,200214001,7.464843252050405
sample,65,1,3,26446267,200133976,7.5675699712174875
sample,65,1,4,28192122,200202593,7.101366580351773
sample,65,1,5,27592335,200201267,7.255684123869908
sample,65,1,6,27457206,200185573,7.290820959714546
sample,65,1,7,27607215,200176467,7.2508750701582905
sample,65,1,8,27427397,200165070,7.297997327270976
sample,65,1,9,27675805,200211305,7.234163739771978
sample,65,1,10,27088348,200169279,7.389497469539301
sample,65,2,11,26863584,200177478,7.451629611298329
sample,65,2,12,26662348,200198174,7.508647550470799
sample,65,2,13,26871288,200126636,7.447601171927449
sample,65,2,14,26835256,200163713,7.458982802325418
sample,65,2,15,26813843,200130906,7.46371588734968
sample,65,2,16,27043907,200151883,7.400997311520114
sample,65,2,17,26901486,200260245,7.444207543033125
sample,65,2,18,26967767,200172748,7.42266677103818
sample,65,2,19,26857629,200206029,7.454344871619159
sample,65,2,20,26930629,200231229,7.435074353443434
case,66,2,pack-left+7x31+uniform+packed=8x4,unsupported,unsupported,arithmetic,unavailable
case,67,2,pack-left+8x32+uniform+packed=8x4,unsupported,unsupported,arithmetic,unavailable
case,68,2,pack-right+31x2+uniform+packed=8x4,unsupported,unsupported,arithmetic,unavailable
case,69,2,pack-right+32x4+uniform+packed=8x4,unsupported,unsupported,arithmetic,unavailable
case,70,2,pack-symmetric-left+8x8+uniform+packed=8x4+uplo=L,unsupported,unsupported,arithmetic,unavailable
case,71,2,pack-symmetric-right+4x4+uniform+packed=8x4+uplo=U,unsupported,unsupported,arithmetic,unavailable
case,72,2,pack-triangular-left+8x8+triangular+packed=8x4+uplo=L+diag=N,unsupported,unsupported,arithmetic,unavailable
case,73,2,pack-triangular-right+4x4+triangular+packed=8x4+uplo=U+diag=U,unsupported,unsupported,arithmetic,unavailable
case,74,2,write-left+7x31+uniform+packed=8x4,unsupported,unsupported,arithmetic,unavailable
case,75,2,write-left+8x32+uniform+packed=8x4,unsupported,unsupported,arithmetic,unavailable
case,76,2,write-right+31x2+uniform+packed=8x4,unsupported,unsupported,arithmetic,unavailable
case,77,2,write-right+32x4+uniform+packed=8x4,unsupported,unsupported,arithmetic,unavailable
case,78,2,clear-left-padding+7x31+uniform+packed=8x4,unsupported,unsupported,arithmetic,unavailable
case,79,2,clear-left-padding+8x32+uniform+packed=8x4,unsupported,unsupported,arithmetic,unavailable
case,80,2,clear-right-padding+31x2+uniform+packed=8x4,unsupported,unsupported,arithmetic,unavailable
case,81,2,clear-right-padding+32x4+uniform+packed=8x4,unsupported,unsupported,arithmetic,unavailable
case,82,1,spdot+4096+sparse-uniform+density=0.01,ok,direct,arithmetic,policy
sample,82,1,1,9640689,200095795,20.75534176032439
sample,82,1,2,9626275,200087346,20.785542278815015
sample,82,1,3,9755407,200148235,20.516646307017226
sample,82,1,4,9917700,200163655,20.182467205097957
sample,82,1,5,9668831,200087466,20.694070048385374
sample,82,1,6,9729400,200087468,20.56524225543199
sample,82,1,7,9597435,200115168,20.850901100137694
sample,82,1,8,9610111,200078618,20.819594903742527
sample,82,1,9,9584472,200094715,20.876967974866012
sample,82,1,10,9573982,200081842,20.898497824625114
sample,82,2,11,10211022,200155885,19.601944349938723
sample,82,2,12,9892999,200208224,20.23736422090005
sample,82,2,13,10201347,200194771,19.62434676518699
sample,82,2,14,10045654,200162133,19.925246579267014
sample,82,2,15,10002435,200100168,20.005145547059293
sample,82,2,16,10022594,200145132,19.969394350404695
sample,82,2,17,9988651,200340835,20.056846014541904
sample,82,2,18,9914613,200256088,20.198074095277345
sample,82,2,19,9898670,200218610,20.226819360580766
sample,82,2,20,9934903,200244648,20.15567217918484
case,83,1,spdot-raw+64+sparse-uniform+density=0.125,ok,unsupported,arithmetic,policy
sample,83,1,1,20784873,200190956,9.631569844088054
sample,83,1,2,20686748,200185548,9.676994566763225
sample,83,1,3,20840281,200160415,9.604496935525965
sample,83,1,4,20877611,200148741,9.58676454887487
sample,83,1,5,20885148,200186278,9.585102197982987
sample,83,1,6,20697186,200195359,9.672588292920594
sample,83,1,7,20654443,200306805,9.698000812706496
sample,83,1,8,20586570,200208368,9.725193074902716
sample,83,1,9,20890350,200193342,9.583053515139765
sample,83,1,10,20786467,200195941,9.631071071385051
sample,83,2,11,19935592,200106009,10.037625619545183
sample,83,2,12,20035524,200181194,9.99131312961917
sample,83,2,13,21317090,200198620,9.391461029624587
sample,83,2,14,20902569,200160842,9.575896723508006
sample,83,2,15,20835371,200117761,9.604713110220116
sample,83,2,16,21087734,200270147,9.496997022060313
sample,83,2,17,20865270,200165617,9.593243557356315
sample,83,2,18,19976141,200095928,10.01674587699396
sample,83,2,19,19911060,200091834,10.049280851948616
sample,83,2,20,19892189,200085334,10.058487479683608
case,84,1,spdot-raw+4096+sparse-uniform+density=0.0625,ok,unsupported,arithmetic,policy
sample,84,1,1,1406865,200105473,142.23502112853757
sample,84,1,2,1387842,200193953,144.24837481500055
sample,84,1,3,1400368,200160779,142.93441366840716
sample,84,1,4,1409298,200201862,142.05786285086617
sample,84,1,5,1408715,200211142,142.12324139375247
sample,84,1,6,1389755,200178248,144.03851614133427
sample,84,1,7,1373160,200223735,145.81238530105742
sample,84,1,8,1392792,200205545,143.74403715701985
sample,84,1,9,1364709,200212796,146.70731709104285
sample,84,1,10,1364642,200186313,146.6951134436724
sample,84,2,11,1374317,200302255,145.7467636651515
sample,84,2,12,1414203,200145965,141.52562609469786
sample,84,2,13,1377710,200166176,145.28904921935677
sample,84,2,14,1378660,200201657,145.21467004192476
sample,84,2,15,1334508,200176231,150.00002322953478
sample,84,2,16,1317544,200129722,151.8960444584773
sample,84,2,17,1338904,200250586,149.56306501436995
sample,84,2,18,1345970,200148072,148.7017333224366
sample,84,2,19,1340732,200143520,149.2792892240955
sample,84,2,20,1316492,200136024,152.02221054134776
case,85,1,spdot-raw+65536+sparse-uniform+density=0.015625,ok,unsupported,arithmetic,policy
sample,85,1,1,312447,200103484,640.4397673845484
sample,85,1,2,314127,200102851,637.0125808988084
sample,85,1,3,313109,200126376,639.158810510078
sample,85,1,4,314382,200110361,636.5197784860457
sample,85,1,5,314493,200101673,636.2674940300737
sample,85,1,6,308912,200104373,647.771446237116
sample,85,1,7,311604,200149693,642.3206794521251
sample,85,1,8,311155,200097495,643.0797994568624
sample,85,1,9,315182,200115442,634.9202746349728
sample,85,1,10,312606,200092811,640.0798801046685
sample,85,2,11,322859,200258509,620.2661502389589
sample,85,2,12,320006,200191167,625.585667143741
sample,85,2,13,315900,200169218,633.6474137385248
sample,85,2,14,313496,200284858,638.8753221731697
sample,85,2,15,314095,200151166,637.2313026313695
sample,85,2,16,312200,200181668,641.1968866111467
sample,85,2,17,311729,200101960,641.9099923330842
sample,85,2,18,316705,200155456,631.9933565936755
sample,85,2,19,334900,200198133,597.7848103911615
sample,85,2,20,324679,200292663,616.8944187951793
case,86,1,spdot-raw+262144+sparse-uniform+density=0.03125,ok,unsupported,arithmetic,policy
sample,86,1,1,38783,200176208,5161.442075136013
sample,86,1,2,39205,200152226,5105.272949878842
sample,86,1,3,39179,200185430,5109.508410117665
sample,86,1,4,39421,200183968,5078.104766495016
sample,86,1,5,39246,200203565,5101.247643071905
sample,86,1,6,39075,200148681,5122.167140115163
sample,86,1,7,38878,200268464,5151.2028396522455
sample,86,1,8,40101,200206572,4992.5580908206775
sample,86,1,9,40324,200160669,4963.809865092749
sample,86,1,10,40358,200151259,4959.394890727985
sample,86,2,11,36342,200171332,5507.988883385615
sample,86,2,12,35434,200310656,5653.063611220861
sample,86,2,13,36608,200139138,5467.08746722028
sample,86,2,14,36004,200187469,5560.145233862904
sample,86,2,15,35145,200198808,5696.366709346991
sample,86,2,16,36941,200078645,5416.1675374245415
sample,86,2,17,36203,200154262,5528.665083004171
sample,86,2,18,36112,200208375,5544.095453035002
sample,86,2,19,31156,200185221,6425.2542367441265
sample,86,2,20,32125,200292539,6234.787206225681
case,87,1,spdot-sparse+4096+sparse-uniform+density=0.01,ok,unsupported,arithmetic,policy
sample,87,1,1,3302115,200116293,60.602460241390744
sample,87,1,2,3322038,200254684,60.28067228610871
sample,87,1,3,3325798,200184824,60.19151614138922
sample,87,1,4,3304606,200097872,60.55120398619381
sample,87,1,5,3272522,200173690,61.168019649676914
sample,87,1,6,3234608,200148387,61.87716935096927
sample,87,1,7,3233675,200188368,61.907386487510344
sample,87,1,8,3209152,200179897,62.37781725515027
sample,87,1,9,3226499,200135988,62.02883930848886
sample,87,1,10,3232931,200164679,61.91430593476941
sample,87,2,11,3333358,200217607,60.06483762020161
sample,87,2,12,3343495,200116819,59.85258509433991
sample,87,2,13,3334957,200158525,60.01832257507368
sample,87,2,14,3314979,200148564,60.37702320286192
sample,87,2,15,3226413,200209138,62.05316492339945
sample,87,2,16,3230110,200227989,61.987978427979236
sample,87,2,17,3207913,200223844,62.41560915149507
sample,87,2,18,3202382,200152842,62.50123876539401
sample,87,2,19,3218562,200134703,62.18140368276268
sample,87,2,20,3195526,200213143,62.65420559870269
case,88,1,spaxpy+4096+sparse-uniform+density=0.01,ok,direct,reset-and-arithmetic,policy
sample,88,1,1,261647,200206095,765.1763444641063
sample,88,1,2,266451,200160142,751.2080720282529
sample,88,1,3,267001,200183551,749.7483192946843
sample,88,1,4,257858,200259579,776.62736467358
sample,88,1,5,252806,200135932,791.6581568475432
sample,88,1,6,270135,200169436,740.9977825901864
sample,88,1,7,264622,200279367,756.850779602603
sample,88,1,8,250336,200201431,799.7308856896332
sample,88,1,9,249102,200192110,803.6551693683712
sample,88,1,10,249990,200214225,800.8889355574223
sample,88,2,11,250709,200220579,798.6174369488132
sample,88,2,12,257292,200264067,778.3532601091367
sample,88,2,13,273111,200192476,733.0077367810158
sample,88,2,14,267814,200175119,747.4408320700187
sample,88,2,15,265222,200164287,754.7046889021273
sample,88,2,16,267072,200148801,749.4188870416966
sample,88,2,17,266780,200216643,750.4934515330984
sample,88,2,18,267180,200177131,749.2219889213264
sample,88,2,19,266658,200214256,750.8278619055119
sample,88,2,20,265563,200196544,753.8570659316246
case,89,1,spaxpy-raw+64+sparse-uniform+density=0.125,ok,unsupported,reset-and-arithmetic,policy
sample,89,1,1,12227061,200215748,16.374805687155728
sample,89,1,2,12250468,200167111,16.339548089101577
sample,89,1,3,12299813,200202414,16.276866485693727
sample,89,1,4,12186199,200160621,16.425188937091868
sample,89,1,5,12805499,200162072,15.630946673768824
sample,89,1,6,12661876,200077703,15.80158445715311
sample,89,1,7,12576513,200128823,15.912902328332185
sample,89,1,8,12676954,200086982,15.783521972234023
sample,89,1,9,12562840,200094879,15.927519493999764
sample,89,1,10,12608677,200080224,15.868455032990376
sample,89,2,11,12874987,200199715,15.549508127658692
sample,89,2,12,12897840,200150044,15.518105667305534
sample,89,2,13,12856486,200175640,15.570011899052353
sample,89,2,14,12880172,200132401,15.538022395974215
sample,89,2,15,12911499,200188157,15.50464101805685
sample,89,2,16,12892092,200169148,15.526506326513958
sample,89,2,17,12890813,200194074,15.529980459727405
sample,89,2,18,12565696,200143068,15.927734365052283
sample,89,2,19,12872247,200161173,15.549823818638657
sample,89,2,20,12805428,200257628,15.638495488007116
case,90,1,spaxpy-raw+4096+sparse-uniform+density=0.0625,ok,unsupported,reset-and-arithmetic,policy
sample,90,1,1,154789,200110835,1292.7975179114794
sample,90,1,2,152717,200111299,1310.3406889868188
sample,90,1,3,154448,200087711,1295.5021172174454
sample,90,1,4,154381,200084133,1296.0411773469534
sample,90,1,5,154526,200087062,1294.8439874195928
sample,90,1,6,154322,200079764,1296.5083656251215
sample,90,1,7,153349,200116363,1304.973380980639
sample,90,1,8,153882,200089101,1300.2761921472297
sample,90,1,9,153906,200087436,1300.0626096448482
sample,90,1,10,154403,200076235,1295.8053599994819
sample,90,2,11,198188,200225919,1010.2827567763941
sample,90,2,12,199402,200228352,1004.1441510115245
sample,90,2,13,213894,200189504,935.9285627460331
sample,90,2,14,210527,200225994,951.0703805212634
sample,90,2,15,209643,200148186,954.7096063307623
sample,90,2,16,209840,200159158,953.8656023637056
sample,90,2,17,209864,200222834,954.0599340525292
sample,90,2,18,210469,200174144,951.0861171954065
sample,90,2,19,209092,200214312,957.5417136954068
sample,90,2,20,207575,200197275,964.4575454654944
case,91,1,spaxpy-raw+65536+sparse-uniform+density=0.015625,ok,unsupported,reset-and-arithmetic,policy
sample,91,1,1,16124,200207110,12416.71483502853
sample,91,1,2,15449,200201554,12958.868146805618
sample,91,1,3,15462,200189613,12947.200426852929
sample,91,1,4,15512,200115797,12900.70893501805
sample,91,1,5,15423,200159418,12977.982104648901
sample,91,1,6,16629,200247085,12042.040110650069
sample,91,1,7,16400,200187745,12206.56981707317
sample,91,1,8,16261,200196440,12311.447020478445
sample,91,1,9,16396,200232956,12212.305196389363
sample,91,1,10,16413,200181150,12196.499725827089
sample,91,2,11,15416,200195588,12986.22132848988
sample,91,2,12,15405,200315439,13003.274196689386
sample,91,2,13,15499,200207915,12917.473062778245
sample,91,2,14,16172,200206465,12379.820986890923
sample,91,2,15,15933,200272550,12569.669867570452
sample,91,2,16,15918,200104061,12570.929827867823
sample,91,2,17,15633,200192517,12805.764536557283
sample,91,2,18,16590,200174293,12065.961000602772
sample,91,2,19,16194,200112035,12357.171483265407
sample,91,2,20,16147,200168757,12396.653062488387
case,92,1,spaxpy-raw+262144+sparse-uniform+density=0.03125,ok,unsupported,reset-and-arithmetic,policy
sample,92,1,1,1564,200362033,128108.71675191815
sample,92,1,2,1583,200361796,126570.93872394189
sample,92,1,3,1583,200212967,126476.92166771952
sample,92,1,4,1544,200274679,129711.57966321244
sample,92,1,5,1537,200236341,130277.38516590762
sample,92,1,6,1576,200287477,127085.96256345177
sample,92,1,7,1587,200316333,126223.27221172022
sample,92,1,8,1569,200311334,127668.15423836838
sample,92,1,9,1572,200257846,127390.48727735369
sample,92,1,10,1572,200276728,127402.49872773536
sample,92,2,11,1430,200261872,140043.26713286713
sample,92,2,12,1430,200151160,139965.84615384616
sample,92,2,13,1438,200290801,139284.28442280946
sample,92,2,14,1431,200313347,139981.37456324248
sample,92,2,15,1442,200362857,138947.8897364771
sample,92,2,16,1424,200317352,140672.29775280898
sample,92,2,17,1419,200349390,141190.54968287525
sample,92,2,18,1484,200306272,134977.27223719677
sample,92,2,19,1434,200250384,139644.61924686193
sample,92,2,20,1428,200287786,140257.55322128852
case,93,1,spnrm2+4096+sparse-uniform+density=0.01,ok,unsupported,arithmetic,policy
sample,93,1,1,12514813,200366279,16.010329439201367
sample,93,1,2,12518573,200198823,15.992144072651092
sample,93,1,3,12591696,200189330,15.898519945208335
sample,93,1,4,12901761,200214641,15.518396364651306
sample,93,1,5,12521705,200202118,15.988407169790376
sample,93,1,6,12554036,200181357,15.945577740895438
sample,93,1,7,12490038,200228205,16.03103249165455
sample,93,1,8,12561614,200133316,15.932133880248191
sample,93,1,9,13030503,200266627,15.369063419884865
sample,93,1,10,12571897,200204445,15.924760201264773
sample,93,2,11,13434960,200087295,14.893032431804784
sample,93,2,12,13359156,200094902,14.978109545243726
sample,93,2,13,13339433,200088448,14.99977157949667
sample,93,2,14,13439243,200082486,14.887928285841696
sample,93,2,15,13395945,200104170,14.937667331420068
sample,93,2,16,13496120,200078040,14.824856329078283
sample,93,2,17,13612631,200218488,14.70828732520554
sample,93,2,18,13681517,200201775,14.633009994432635
sample,93,2,19,13699567,200193099,14.6130968226952
sample,93,2,20,13607224,200145007,14.70873170016162
case,94,1,spnrm2-indexed+4096+sparse-uniform+density=0.01,ok,unsupported,arithmetic,policy
sample,94,1,1,7872524,200187956,25.428687927785294
sample,94,1,2,7845425,200138323,25.510195177444178
sample,94,1,3,7821643,200177768,25.592802944343024
sample,94,1,4,7854650,200108037,25.476378578294387
sample,94,1,5,7877322,200262159,25.42261938765484
sample,94,1,6,7886988,200196857,25.383182654772646
sample,94,1,7,7845380,200254648,25.525168698010805
sample,94,1,8,7904561,200216212,25.32920069817919
sample,94,1,9,7887272,200256779,25.389865976474503
sample,94,1,10,7866405,200121857,25.4400653157319
sample,94,2,11,7878435,200187398,25.409538569525548
sample,94,2,12,7849910,200152119,25.497377549551523
sample,94,2,13,7908803,200164732,25.309105815380658
sample,94,2,14,7814392,200143192,25.61212593378986
sample,94,2,15,7889267,200197719,25.37595938887605
sample,94,2,16,7889278,200193471,25.375385554926574
sample,94,2,17,7936811,200237167,25.22891965047423
sample,94,2,18,7917592,200214055,25.287240741882126
sample,94,2,19,7942141,200293682,25.21910426923924
sample,94,2,20,7908753,200207037,25.31461495889428
case,95,1,spnrm2-indexed+4096+sparse-uniform+density=0.5,ok,unsupported,arithmetic,policy
sample,95,1,1,160937,200198724,1243.9571012259455
sample,95,1,2,161689,200172110,1238.0069763558436
sample,95,1,3,161748,200236082,1237.9508989291985
sample,95,1,4,163173,200194834,1226.887009492992
sample,95,1,5,163188,200265870,1227.2095374659903
sample,95,1,6,163631,200168486,1223.2919556807694
sample,95,1,7,162366,200284293,1233.5359188500056
sample,95,1,8,160288,200124864,1248.5330405270513
sample,95,1,9,163639,200349041,1224.3355251498726
sample,95,1,10,164919,200162764,1213.7034786774113
sample,95,2,11,162157,200086374,1233.9052523171988
sample,95,2,12,163132,200183967,1227.1287484981488
sample,95,2,13,162458,200096628,1231.6822070935257
sample,95,2,14,163536,200256269,1224.5393613638587
sample,95,2,15,160825,200207208,1244.8761573138504
sample,95,2,16,161445,200199159,1240.0455820867787
sample,95,2,17,160768,200206337,1245.3121081309714
sample,95,2,18,159196,200170734,1257.3854493831502
sample,95,2,19,165979,200276050,1206.6348754962978
sample,95,2,20,162787,200192171,1229.7798411421059
case,96,1,spnrm2-indexed+262144+sparse-uniform+density=0.03125,ok,unsupported,arithmetic,policy
sample,96,1,1,38672,200198734,5176.839418700869
sample,96,1,2,38374,200208591,5217.297936102569
sample,96,1,3,38216,200178697,5238.08606342893
sample,96,1,4,38310,200193619,5225.62304881232
sample,96,1,5,38346,200245272,5222.064152714755
sample,96,1,6,38375,200253640,5218.335895765473
sample,96,1,7,38309,200203652,5226.021352684747
sample,96,1,8,39865,200220166,5022.454935406999
sample,96,1,9,41218,200224566,4857.697268183803
sample,96,1,10,40408,200197060,4954.391704612948
sample,96,2,11,38334,200222599,5223.107398132206
sample,96,2,12,38689,200283894,5176.765850758614
sample,96,2,13,37900,200209269,5282.566464379947
sample,96,2,14,40859,200186832,4899.455003793534
sample,96,2,15,39885,200159500,5018.415444402658
sample,96,2,16,39677,200206870,5045.917534087758
sample,96,2,17,38838,200288924,5157.034965755188
sample,96,2,18,38620,200211327,5184.13586224754
sample,96,2,19,38133,200304742,5252.79264678887
sample,96,2,20,38277,200144114,5228.834913916974
case,97,1,spasum+4096+sparse-uniform+density=0.01,ok,unsupported,arithmetic,policy
sample,97,1,1,14308071,200192569,13.991583421692553
sample,97,1,2,14039265,200199443,14.25996610221404
sample,97,1,3,14593393,200255945,13.722370459015254
sample,97,1,4,14369513,200174852,13.930524437397427
sample,97,1,5,14330923,200172271,13.967856152740476
sample,97,1,6,13896216,200209569,14.407488268748844
sample,97,1,7,13777674,200283594,14.536821962836397
sample,97,1,8,13726110,200163528,14.582684241930162
sample,97,1,9,13705775,200102295,14.599852616871356
sample,97,1,10,13667042,200085358,14.639989984665299
sample,97,2,11,14121696,200198460,14.176658384375362
sample,97,2,12,14233485,200136387,14.060954643223356
sample,97,2,13,14172658,200193552,14.125335699203353
sample,97,2,14,14211091,200174730,14.085810160528844
sample,97,2,15,14182285,200147123,14.112473624666265
sample,97,2,16,14128311,200095826,14.162756326640885
sample,97,2,17,14130681,200217899,14.169019808740995
sample,97,2,18,14094584,200167741,14.201748771017293
sample,97,2,19,14170281,200200158,14.128171346778515
sample,97,2,20,14162464,200134450,14.131329830741317
case,98,1,spscatter+4096+sparse-uniform+density=0.01,ok,direct,reset-and-arithmetic,policy
sample,98,1,1,265753,200243446,753.4945833160867
sample,98,1,2,266952,200247667,750.1261163055531
sample,98,1,3,265514,200164238,753.874515091483
sample,98,1,4,267902,200256027,747.4973199154915
sample,98,1,5,256433,200254768,780.9243272121763
sample,98,1,6,251878,200278542,795.1410682949682
sample,98,1,7,247551,200190341,808.6832248708347
sample,98,1,8,253851,200157730,788.485095587569
sample,98,1,9,251564,200102082,795.4321047526673
sample,98,1,10,253949,200084154,787.8910883681369
sample,98,2,11,257439,200177668,777.5732037492377
sample,98,2,12,249239,200252850,803.457123483885
sample,98,2,13,271322,200190418,737.8333419332012
sample,98,2,14,269482,200201095,742.9108252128157
sample,98,2,15,261509,200130505,765.2910798481123
sample,98,2,16,259952,200090227,769.7198982889149
sample,98,2,17,264970,200157221,755.3957844284258
sample,98,2,18,270081,200098150,740.881994660861
sample,98,2,19,268355,200167088,745.9040748262563
sample,98,2,20,267964,200252023,747.3094258930304
case,99,1,spscatter-raw+64+sparse-uniform+density=0.125,ok,unsupported,reset-and-arithmetic,policy
sample,99,1,1,14077143,200220521,14.223093492763411
sample,99,1,2,14093191,200211134,14.206231505696616
sample,99,1,3,14130139,200102898,14.161424597450882
sample,99,1,4,14154961,200100381,14.136413445434432
sample,99,1,5,13898432,200088631,14.396489546446679
sample,99,1,6,14114464,200083477,14.17577578574716
sample,99,1,7,14022096,200123924,14.272040642140803
sample,99,1,8,14154786,200079967,14.135146020575656
sample,99,1,9,14153730,200097139,14.137413883124802
sample,99,1,10,14098131,200092979,14.192872729016349
sample,99,2,11,14821770,200215875,13.508229786321067
sample,99,2,12,14475893,200191563,13.829306627231908
sample,99,2,13,14503004,200177427,13.802480299943378
sample,99,2,14,14504551,200163778,13.800067165126311
sample,99,2,15,14484736,200118072,13.81579008412718
sample,99,2,16,14509717,200211576,13.798448033135312
sample,99,2,17,14481489,200219729,13.825907612124693
sample,99,2,18,14051518,200235027,14.250063729769268
sample,99,2,19,14116130,200194325,14.181955323449133
sample,99,2,20,14039757,200153697,14.25620806684902
case,100,1,spscatter-raw+4096+sparse-uniform+density=0.0625,ok,unsupported,reset-and-arithmetic,policy
sample,100,1,1,212749,200188936,940.9629939506178
sample,100,1,2,214739,200146969,932.0475973158112
sample,100,1,3,213081,200138637,939.2608303884439
sample,100,1,4,213616,200183717,937.1194901131001
sample,100,1,5,213103,200178823,939.3524398999544
sample,100,1,6,203877,200159168,981.7643383020154
sample,100,1,7,198116,200209439,1010.5667336308021
sample,100,1,8,201054,200149851,995.5029544301531
sample,100,1,9,216181,200243190,926.2756208917527
sample,100,1,10,209730,200098560,954.0769560863968
sample,100,2,11,199263,200227616,1004.8409187857254
sample,100,2,12,201144,200163030,995.123046175874
sample,100,2,13,198927,200156123,1006.1787640692314
sample,100,2,14,198857,200164017,1006.5726476814998
sample,100,2,15,198542,200150477,1008.1014445306283
sample,100,2,16,199788,200159440,1001.8591707209642
sample,100,2,17,199095,200179233,1005.4458072779327
sample,100,2,18,198875,200216157,1006.7437184160905
sample,100,2,19,198225,200226517,1010.097197628957
sample,100,2,20,198622,200177288,1007.8303913967234
case,101,1,spscatter-raw+65536+sparse-uniform+density=0.015625,ok,unsupported,reset-and-arithmetic,policy
sample,101,1,1,14549,200213375,13761.3152106674
sample,101,1,2,14532,200120163,13770.999380677127
sample,101,1,3,14542,200112385,13760.994704992436
sample,101,1,4,14464,200119274,13835.679894911504
sample,101,1,5,14586,200188045,13724.670574523516
sample,101,1,6,14735,200120173,13581.280827960638
sample,101,1,7,14684,200109400,13627.717243257968
sample,101,1,8,14652,200104763,13657.163731913732
sample,101,1,9,14569,200108969,13735.257670396046
sample,101,1,10,14492,200105565,13808.002001104058
sample,101,2,11,13924,200228459,14380.096164895145
sample,101,2,12,13955,200162111,14343.397420279469
sample,101,2,13,13835,200260427,14474.91340802313
sample,101,2,14,13979,200245561,14324.741469346878
sample,101,2,15,13991,200166894,14306.832535201202
sample,101,2,16,13817,200189975,14488.671564015343
sample,101,2,17,13917,200346203,14395.789537975139
sample,101,2,18,13727,200225104,14586.224521016973
sample,101,2,19,13850,200268999,14459.855523465703
sample,101,2,20,13781,200214625,14528.308903562876
case,102,1,spscatter-raw+262144+sparse-uniform+density=0.03125,ok,unsupported,reset-and-arithmetic,policy
sample,102,1,1,1984,200285093,100950.1476814516
sample,102,1,2,1884,200394478,106366.4957537155
sample,102,1,3,1932,200258974,103653.7132505176
sample,102,1,4,1858,200186253,107742.8702906351
sample,102,1,5,1925,200244189,104022.95532467532
sample,102,1,6,1810,200220323,110618.96298342542
sample,102,1,7,1768,200273533,113276.88518099548
sample,102,1,8,1943,200241580,103057.94132784354
sample,102,1,9,1929,200217344,103793.3354069466
sample,102,1,10,1923,200151066,104082.71762870516
sample,102,2,11,1977,200264479,101297.15680323723
sample,102,2,12,1986,200233856,100822.68680765358
sample,102,2,13,1981,200235632,101078.05754669358
sample,102,2,14,1956,200351441,102429.16206543967
sample,102,2,15,1965,200308727,101938.2834605598
sample,102,2,16,1958,200213202,102253.93360572013
sample,102,2,17,1855,200128033,107885.7320754717
sample,102,2,18,1828,200222734,109531.03610503282
sample,102,2,19,1816,200270158,110280.92400881057
sample,102,2,20,1806,200168479,110835.25968992247
case,103,1,spgather+4096+sparse-uniform+density=0.01,ok,direct,reset-and-arithmetic,policy
sample,103,1,1,164919,200113177,1213.4028038006536
sample,103,1,2,165846,200197863,1207.131091494519
sample,103,1,3,166041,200190316,1205.6679735727923
sample,103,1,4,166249,200191308,1204.1654867096945
sample,103,1,5,165999,200146412,1205.708540412894
sample,103,1,6,164420,200138805,1217.2412419413697
sample,103,1,7,167251,200222795,1197.1395985674226
sample,103,1,8,164774,200235870,1215.215203854977
sample,103,1,9,174560,200201775,1146.8937614573786
sample,103,1,10,174004,200158740,1150.3111422725915
sample,103,2,11,307631,200181773,650.720418293345
sample,103,2,12,308039,200204671,649.9328688899782
sample,103,2,13,307439,200160382,651.0572243599544
sample,103,2,14,307088,200150013,651.7676138435888
sample,103,2,15,306468,200159350,653.1166386050094
sample,103,2,16,308528,200196245,648.8754505263704
sample,103,2,17,306589,200219300,653.0544148681133
sample,103,2,18,306538,200170441,653.0036765425493
sample,103,2,19,308023,200220154,650.0168948422682
sample,103,2,20,309255,200184299,647.3114387802946
case,104,1,spgather-zero+4096+sparse-uniform+density=0.01,ok,direct,reset-and-arithmetic,policy
sample,104,1,1,259217,200096694,771.92735815938
sample,104,1,2,262322,200088278,762.7582818063296
sample,104,1,3,262545,200088642,762.1117979774896
sample,104,1,4,262819,200089721,761.3213694595901
sample,104,1,5,264994,200087126,755.0628542533038
sample,104,1,6,264010,200084375,757.8666527783039
sample,104,1,7,264926,200124645,755.3982810294195
sample,104,1,8,265613,200084307,753.2925986303381
sample,104,1,9,262427,200090035,762.4597888174616
sample,104,1,10,263455,200079624,759.4451576170503
sample,104,2,11,319426,200209041,626.7775353289964
sample,104,2,12,317778,200147678,629.8349099056574
sample,104,2,13,307119,200277162,652.1158313227121
sample,104,2,14,301813,200226902,663.4137760798906
sample,104,2,15,302976,200194566,660.760476077313
sample,104,2,16,299369,200250479,668.9085342837769
sample,104,2,17,302851,200242674,661.1920515368944
sample,104,2,18,326993,200261911,612.434856403654
sample,104,2,19,308382,200247896,649.3501436530019
sample,104,2,20,302423,200155530,661.8396418261839
case,105,1,spgemv+257x129+sparse-uniform+density=0.01+mode=prepared,ok,direct,prepared,policy
sample,105,1,1,451991,200214997,442.9623532326971
sample,105,1,2,452820,200179015,442.07193807694006
sample,105,1,3,437370,200178100,457.6859409653154
sample,105,1,4,434548,200195316,460.69781934331763
sample,105,1,5,433843,200150372,461.3428636626614
sample,105,1,6,435565,200197240,459.62655401604815
sample,105,1,7,432679,200271066,462.8629214729626
sample,105,1,8,435297,200248937,460.0282956234479
sample,105,1,9,433756,200216407,461.5876368280785
sample,105,1,10,432078,200160393,463.2506005860053
sample,105,2,11,436471,200117402,458.4895720448781
sample,105,2,12,436840,200149364,458.17545096602873
sample,105,2,13,434662,200189573,460.5637782920982
sample,105,2,14,442244,200161984,452.6053129041886
sample,105,2,15,429828,200163348,465.68243111197967
sample,105,2,16,431372,200153597,463.99301994566173
sample,105,2,17,457354,200194345,437.7229563970141
sample,105,2,18,446867,200193811,447.9941705250108
sample,105,2,19,445776,200200771,449.10621253723843
sample,105,2,20,450876,200201137,444.02704291202014
case,106,1,spgemv+257x129+sparse-uniform+density=0.01+mode=oneshot,ok,direct,oneshot,policy
sample,106,1,1,451531,200213762,443.41088873189216
sample,106,1,2,448485,200189453,446.3682241323567
sample,106,1,3,435119,200159712,460.0114267591165
sample,106,1,4,437855,200120407,457.0472119765676
sample,106,1,5,438506,200213505,456.5809931905151
sample,106,1,6,440625,200172685,454.2926184397163
sample,106,1,7,438261,200144846,456.6795722183813
sample,106,1,8,437190,200093836,457.68163956174664
sample,106,1,9,439931,200101266,454.8469328144641
sample,106,1,10,437303,200080303,457.5324271729213
sample,106,2,11,414625,200197290,482.8394091046126
sample,106,2,12,420042,200188804,476.59235028878066
sample,106,2,13,419823,200145640,476.73814917238934
sample,106,2,14,426500,200270522,469.56746072684643
sample,106,2,15,416547,200171839,480.5504276828305
sample,106,2,16,421825,200179026,474.5546755170983
sample,106,2,17,418049,200214637,478.926243095905
sample,106,2,18,444044,200146089,450.73481231589665
sample,106,2,19,431870,200155112,463.46148609535277
sample,106,2,20,433450,200138231,461.7331433844734
case,107,1,spmm+257x8x129+sparse-uniform+density=0.01+mode=prepared,ok,direct,prepared,policy
sample,107,1,1,58392,200219639,3428.888186737909
sample,107,1,2,58402,200211385,3428.1597376802165
sample,107,1,3,58392,200166687,3427.9813501849567
sample,107,1,4,58279,200141444,3434.194890097634
sample,107,1,5,57668,200134225,3470.455451897066
sample,107,1,6,59470,200173529,3365.9581133344545
sample,107,1,7,59568,200238216,3361.506446414182
sample,107,1,8,59613,200185061,3358.0772818009495
sample,107,1,9,59685,200163539,3353.6657284074727
sample,107,1,10,59496,200181600,3364.622831787011
sample,107,2,11,61405,200247985,3261.1022718019703
sample,107,2,12,61762,200208805,3241.6179042129465
sample,107,2,13,61856,200158191,3235.8734965080184
sample,107,2,14,61669,200278789,3247.6412622225107
sample,107,2,15,61209,200197805,3270.7249750853634
sample,107,2,16,61404,200165536,3259.812650641652
sample,107,2,17,61366,200169667,3261.898559462895
sample,107,2,18,61330,200203807,3264.369916843307
sample,107,2,19,60941,200232425,3285.676720106332
sample,107,2,20,61041,200187464,3279.557412231123
case,108,1,spmm+257x8x129+sparse-uniform+density=0.01+mode=oneshot,ok,direct,oneshot,policy
sample,108,1,1,60248,200262465,3323.9686794582394
sample,108,1,2,59573,200162711,3359.956876437312
sample,108,1,3,59542,200203117,3362.384820798764
sample,108,1,4,58858,200143802,3400.4519691460805
sample,108,1,5,59759,200167051,3349.5716293780015
sample,108,1,6,59835,200183265,3345.588117322637
sample,108,1,7,59933,200231482,3340.922062970317
sample,108,1,8,59707,200098644,3351.343125596664
sample,108,1,9,59960,200239765,3339.555787191461
sample,108,1,10,59670,200177243,3354.738444779621
sample,108,2,11,59180,200167107,3382.343815478202
sample,108,2,12,59329,200152524,3373.6035328422863
sample,108,2,13,59143,200175055,3384.594203878735
sample,108,2,14,58172,200175801,3441.102265694836
sample,108,2,15,59745,200154233,3350.141986777136
sample,108,2,16,59139,200191056,3385.093694516309
sample,108,2,17,58946,200168127,3395.78812811726
sample,108,2,18,59758,200251565,3351.0419525419193
sample,108,2,19,59518,200210138,3363.8586310023857
sample,108,2,20,59680,200166753,3354.000552949062
case,109,1,spgemm+129x97x65+sparse-uniform+density=0.01+mode=prepared,ok,partial,prepared,policy
sample,109,1,1,119251,200160974,1678.484658409573
sample,109,1,2,150640,200182957,1328.8831452469465
sample,109,1,3,150646,200155520,1328.6480888971496
sample,109,1,4,150396,200203511,1331.175769302375
sample,109,1,5,146670,200241890,1365.2545851230655
sample,109,1,6,144809,200188039,1382.4281570896837
sample,109,1,7,146209,200169931,1369.067095732821
sample,109,1,8,144911,200258595,1381.9419850804977
sample,109,1,9,146808,200182508,1363.5667538553757
sample,109,1,10,146442,200184365,1366.987373840838
sample,109,2,11,144283,200282519,1388.1227795374368
sample,109,2,12,144333,200156533,1386.7690202517788
sample,109,2,13,142179,200178929,1407.9359750736746
sample,109,2,14,142953,200167096,1400.2301175910964
sample,109,2,15,139629,200111036,1433.1624232788317
sample,109,2,16,143268,200150122,1397.0329871290169
sample,109,2,17,143673,200194441,1393.4033604087058
sample,109,2,18,143613,200207019,1394.0730922688058
sample,109,2,19,143693,200184410,1393.1396101410646
sample,109,2,20,143964,200162975,1390.3682517851685
case,110,1,spgemm+129x97x65+sparse-uniform+density=0.01+mode=oneshot,ok,partial,oneshot,policy
sample,110,1,1,148913,200295024,1345.0472692108815
sample,110,1,2,147127,200187507,1360.6442529243443
sample,110,1,3,146414,200257144,1367.7458712964608
sample,110,1,4,151430,200144871,1321.6989434061943
sample,110,1,5,152641,200184402,1311.4720291402703
sample,110,1,6,150839,200211670,1327.3203216674733
sample,110,1,7,147316,200210875,1359.0572307149257
sample,110,1,8,154195,200183673,1298.250092415448
sample,110,1,9,150658,200176348,1328.680508170824
sample,110,1,10,147967,200206278,1353.0468144924207
sample,110,2,11,148356,200112420,1348.8663754752083
sample,110,2,12,147161,200134268,1359.9681165526192
sample,110,2,13,148712,200206567,1346.2704220237774
sample,110,2,14,148493,200185905,1348.1167799155517
sample,110,2,15,147289,200191339,1359.1737264833084
sample,110,2,16,148176,200141238,1350.6994250080984
sample,110,2,17,148446,200237877,1348.893718928095
sample,110,2,18,149886,200161062,1335.4220007205477
sample,110,2,19,151637,200158379,1319.9837704518027
sample,110,2,20,149699,200202262,1337.3653932223997
case,111,1,spsymv+129+sparse-triangular+density=0.02+mode=oneshot+uplo=L,ok,direct,oneshot,policy
sample,111,1,1,388056,200212811,515.9379342156802
sample,111,1,2,412395,200242676,485.56038749257385
sample,111,1,3,397703,200164288,503.30092556505736
sample,111,1,4,383709,200102119,521.4944632520999
sample,111,1,5,386122,200076510,518.1691537907708
sample,111,1,6,383923,200101888,521.2031787624081
sample,111,1,7,385768,200167831,518.8813768897369
sample,111,1,8,386961,200193239,517.347326991609
sample,111,1,9,386292,200210289,518.2874328228387
sample,111,1,10,387313,200169424,516.8156607188502
sample,111,2,11,390323,200211380,512.937695190906
sample,111,2,12,411928,200187872,485.97782136684083
sample,111,2,13,403656,200162640,495.87430881740886
sample,111,2,14,399921,200097076,500.3415074477209
sample,111,2,15,385420,200144551,519.2894790099112
sample,111,2,16,385418,200153921,519.3164849591872
sample,111,2,17,384365,200187500,520.8265580893161
sample,111,2,18,387387,200168386,516.7142573189085
sample,111,2,19,384880,200122329,519.9603226979838
sample,111,2,20,385681,200198211,519.077193328165
case,112,1,spsymm+129x8+sparse-triangular+density=0.02+mode=oneshot+side=L+uplo=L,ok,direct,oneshot,policy
sample,112,1,1,61736,200159004,3242.1764286639886
sample,112,1,2,61691,200231140,3245.7107195539056
sample,112,1,3,61800,200292509,3240.9791100323623
sample,112,1,4,62029,200255156,3228.411807380419
sample,112,1,5,61754,200148279,3241.0577290539886
sample,112,1,6,61260,200270329,3269.185912504081
sample,112,1,7,61737,200258055,3243.728315272851
sample,112,1,8,61502,200163600,3254.5868427043024
sample,112,1,9,61540,200210017,3253.331442963926
sample,112,1,10,61667,200169676,3245.9772001232427
sample,112,2,11,61494,200224176,3255.9953166162554
sample,112,2,12,62921,200205784,3181.859538151015
sample,112,2,13,64773,200209203,3090.9360844796443
sample,112,2,14,64002,200224880,3128.4159870004064
sample,112,2,15,63707,200221031,3142.841932597674
sample,112,2,16,64031,200214203,3126.8323624494387
sample,112,2,17,63855,200279186,3136.46834233811
sample,112,2,18,63875,200131941,3133.181072407045
sample,112,2,19,63848,200169034,3135.0869878461344
sample,112,2,20,64908,200279223,3085.5861064891847
case,113,1,sptrsv+129+sparse-triangular+density=0.02+mode=oneshot+uplo=L+transA=N+diag=N,ok,direct,oneshot,policy
sample,113,1,1,317587,200227408,630.464748242214
sample,113,1,2,309911,200196139,645.9794553920319
sample,113,1,3,310620,200174747,644.4361180864079
sample,113,1,4,310057,200187174,645.646361797992
sample,113,1,5,328477,200280102,609.7233657151033
sample,113,1,6,321552,200152866,622.4587811613674
sample,113,1,7,322304,200224751,621.2294945144956
sample,113,1,8,323101,200153493,619.4765506761044
sample,113,1,9,319669,200125109,626.0385242234937
sample,113,1,10,322589,200148076,620.4429661271773
sample,113,2,11,310139,200103326,645.2052982694856
sample,113,2,12,312667,200101352,639.982319848273
sample,113,2,13,312496,200100114,640.3285610055809
sample,113,2,14,313196,200100495,638.8986289735501
sample,113,2,15,312490,200099699,640.3395276648853
sample,113,2,16,314117,200096450,637.012482609983
sample,113,2,17,315567,200144161,634.2366628956767
sample,113,2,18,314068,200098556,637.118573047875
sample,113,2,19,316411,200101184,632.4090628960435
sample,113,2,20,315825,200094578,633.5615546584343
case,114,1,sptrmv+129+sparse-triangular+density=0.02+mode=oneshot+uplo=U+transA=T+diag=U,ok,direct,oneshot,policy
sample,114,1,1,560256,200246150,357.4190191626685
sample,114,1,2,561107,200281570,356.94006668959753
sample,114,1,3,561315,200178138,356.6235322412549
sample,114,1,4,559681,200189858,357.6856423569855
sample,114,1,5,558094,200102106,358.5455245890477
sample,114,1,6,559427,200088372,357.666633895039
sample,114,1,7,560846,200130088,356.836079779476
sample,114,1,8,560618,200087965,356.906066162699
sample,114,1,9,559448,200094160,357.6635540747308
sample,114,1,10,560151,200268799,357.5264509034171
sample,114,2,11,592305,200276454,338.1306151391597
sample,114,2,12,580930,200249910,344.70574768044344
sample,114,2,13,563815,200168251,355.024699591178
sample,114,2,14,569365,200196694,351.6139804870338
sample,114,2,15,562503,200154682,355.8286480249883
sample,114,2,16,560931,200174909,356.86191171463156
sample,114,2,17,560121,200168188,357.3659762801252
sample,114,2,18,561315,200150788,356.5748073719747
sample,114,2,19,562601,200207259,355.8601193385721
sample,114,2,20,564897,200145889,354.3051016379977
case,115,1,sptrsm+129x8+sparse-triangular+density=0.02+mode=oneshot+side=L+uplo=L+transA=N+diag=N,ok,direct,oneshot,policy
sample,115,1,1,37817,200215610,5294.328212179707
sample,115,1,2,38030,200182698,5263.810097291612
sample,115,1,3,37919,200110365,5277.311242385084
sample,115,1,4,38101,200136146,5252.77934962337
sample,115,1,5,37887,200184494,5283.725129991818
sample,115,1,6,38009,200153226,5265.942960877687
sample,115,1,7,39005,200108576,5130.331393411101
sample,115,1,8,39513,200112959,5064.484068534406
sample,115,1,9,40063,200109855,4994.879439882186
sample,115,1,10,40107,200098468,4989.1158151943555
sample,115,2,11,37659,200157506,5314.997902227887
sample,115,2,12,37996,200163334,5268.010685335298
sample,115,2,13,39889,200210397,5019.188172177794
sample,115,2,14,39647,200197873,5049.50873962721
sample,115,2,15,39479,200103355,5068.602421540566
sample,115,2,16,39491,200238237,5070.477754425059
sample,115,2,17,41478,200170853,4825.952384396547
sample,115,2,18,41063,200204411,4875.542727029199
sample,115,2,19,40354,200216748,4961.5093423204635
sample,115,2,20,39893,200188726,5018.141678991302
case,116,1,sptrmm+129x8+sparse-triangular+density=0.02+mode=oneshot+side=L+uplo=U+transA=T+diag=U,ok,direct,oneshot,policy
sample,116,1,1,45841,200166323,4366.534826901682
sample,116,1,2,45491,200191862,4400.6916093293175
sample,116,1,3,44713,200225964,4478.025719589381
sample,116,1,4,44033,200113868,4544.633979061158
sample,116,1,5,44020,200153105,4546.867446615175
sample,116,1,6,44528,200153683,4495.007253862738
sample,116,1,7,44955,200228162,4453.968679790902
sample,116,1,8,44910,200183267,4457.431908260966
sample,116,1,9,44634,200248680,4486.460545772281
sample,116,1,10,44547,200163220,4493.304150672324
sample,116,2,11,41503,200258412,4825.155097221887
sample,116,2,12,41613,200245443,4812.08860211953
sample,116,2,13,44143,200254005,4536.48381396824
sample,116,2,14,42936,200106590,4660.578302589901
sample,116,2,15,42144,200149595,4749.183632308276
sample,116,2,16,42307,200151193,4730.923795116647
sample,116,2,17,42230,200159436,4739.745110111296
sample,116,2,18,42354,200135728,4725.308778391652
sample,116,2,19,42210,200221270,4743.455816157309
sample,116,2,20,42223,200155782,4740.444354972408
case,117,1,spsyrk-dense+129x65+sparse-uniform+density=0.02+uplo=U,ok,direct,oneshot,policy
sample,117,1,1,31092,200131326,6436.7466229255115
sample,117,1,2,30775,200113651,6502.474443541836
sample,117,1,3,26628,200112214,7515.104927144359
sample,117,1,4,30983,200114820,6458.858728980408
sample,117,1,5,31643,200112631,6324.072654299529
sample,117,1,6,31738,200103184,6304.845421891739
sample,117,1,7,31442,200103493,6364.210069334012
sample,117,1,8,31467,200110716,6359.383353989894
sample,117,1,9,31629,200110823,6326.814726991052
sample,117,1,10,31658,200103798,6320.797207656832
sample,117,2,11,30782,200209786,6504.118835683192
sample,117,2,12,30346,200220114,6597.907928557306
sample,117,2,13,26341,200213083,7600.815572681371
sample,117,2,14,30981,200202787,6462.1150705270975
sample,117,2,15,30970,200214526,6464.789344526962
sample,117,2,16,30823,200181455,6494.548064756837
sample,117,2,17,30705,200179653,6519.448070346849
sample,117,2,18,31004,200167861,6456.1947168107345
sample,117,2,19,30630,200195932,6535.9429317662425
sample,117,2,20,30513,200142667,6559.258906040049
case,118,1,spsyrk-sparse+129x65+sparse-uniform+density=0.02+uplo=L,ok,partial,oneshot,policy
sample,118,1,1,55293,200173026,3620.2236449460147
sample,118,1,2,55289,200158369,3620.220459765957
sample,118,1,3,55431,200194321,3611.5949739315547
sample,118,1,4,55710,200219823,3593.9655896607433
sample,118,1,5,55389,200191954,3614.290815865966
sample,118,1,6,55453,200181768,3609.9357654229707
sample,118,1,7,55617,200119169,3598.165470989086
sample,118,1,8,55565,200103774,3601.25571852785
sample,118,1,9,55644,200118828,3596.4134138451586
sample,118,1,10,56077,200173566,3569.619737147137
sample,118,2,11,55794,200270348,3589.460300390723
sample,118,2,12,43384,200202343,4614.658468559837
sample,118,2,13,53384,200183809,3749.8840289225236
sample,118,2,14,53242,200210752,3760.3912700499604
sample,118,2,15,55562,200252611,3604.128919045391
sample,118,2,16,54909,200130644,3644.769418492415
sample,118,2,17,54810,200163965,3651.960682357234
sample,118,2,18,55394,200254122,3615.0868686139293
sample,118,2,19,54517,200307538,3674.221582258745
sample,118,2,20,56545,200248356,3541.39810770183
case,119,1,spadd+129x65+sparse-uniform+density=0.02,ok,partial,oneshot,policy
sample,119,1,1,156771,200270382,1277.4708460110608
sample,119,1,2,128024,200199321,1563.7639895644566
sample,119,1,3,143806,200186263,1392.0577931379776
sample,119,1,4,150525,200180476,1329.8819199468526
sample,119,1,5,151735,200218688,1319.5287046495534
sample,119,1,6,152659,200124403,1310.9243673808946
sample,119,1,7,152079,200249739,1316.7481309056477
sample,119,1,8,156763,200161809,1276.843445200717
sample,119,1,9,156123,200154717,1282.0322245921484
sample,119,1,10,159799,200246853,1253.1170595560673
sample,119,2,11,131411,200154396,1523.1175167984416
sample,119,2,12,143177,200198939,1398.2618646849703
sample,119,2,13,154475,200190621,1295.9418740896585
sample,119,2,14,155557,200104923,1286.3768457864319
sample,119,2,15,155846,200100114,1283.9605379669674
sample,119,2,16,158295,200225398,1264.8876970213842
sample,119,2,17,157205,200272878,1273.959975827741
sample,119,2,18,155759,200133737,1284.8935663428758
sample,119,2,19,155821,200266132,1285.2319777180226
sample,119,2,20,155150,200149550,1290.0389945214308
case,120,1,sparse-slices-scatter+512+sparse-uniform+density=0.25,ok,unsupported,sparse-slices,policy
sample,120,1,1,953974,200176799,209.8346485333982
sample,120,1,2,1026819,200158016,194.93018341109777
sample,120,1,3,1000549,200182267,200.07242723744665
sample,120,1,4,984921,200252083,203.31791382252993
sample,120,1,5,961735,200158639,208.12244433237845
sample,120,1,6,961208,200219861,208.30024406788124
sample,120,1,7,954346,200220976,209.79914622160098
sample,120,1,8,1016866,200185322,196.86499696125153
sample,120,1,9,1001098,200154550,199.93502134656148
sample,120,1,10,997428,200166353,200.68250841163473
sample,120,2,11,986837,200186668,202.85687301955642
sample,120,2,12,988898,200264384,202.5126797708156
sample,120,2,13,986145,200153528,202.9656166182458
sample,120,2,14,979420,200157091,204.36287905086684
sample,120,2,15,976198,200190311,205.07142096173112
sample,120,2,16,976265,200199490,205.0667492945051
sample,120,2,17,947661,200281161,211.34262252007838
sample,120,2,18,997280,200237191,200.78332163484677
sample,120,2,19,986701,200239283,202.93815755735525
sample,120,2,20,974919,200122801,205.2712081721661
case,121,1,sparse-slices-scatter-checked+512+sparse-uniform+density=0.25,ok,unsupported,sparse-slices,policy
sample,121,1,1,521029,200081659,384.0125194566905
sample,121,1,2,516729,200084431,387.21347360028176
sample,121,1,3,517764,200110953,386.490665631446
sample,121,1,4,519461,200086043,385.18010591747986
sample,121,1,5,519838,200085198,384.8991378083172
sample,121,1,6,522339,200078026,383.0424800752002
sample,121,1,7,521038,200131012,384.1006068655261
sample,121,1,8,516191,200084156,387.6165140422828
sample,121,1,9,521260,200118722,383.91344434639143
sample,121,1,10,520067,200213208,384.9757973491877
sample,121,2,11,500150,200194994,400.26990702789163
sample,121,2,12,499461,200189551,400.8111764482112
sample,121,2,13,499205,200196331,401.0303001772819
sample,121,2,14,499005,200186817,401.1719662127634
sample,121,2,15,498266,200160084,401.71330975824156
sample,121,2,16,501585,200222359,399.1793195570043
sample,121,2,17,500968,200191479,399.60931436738474
sample,121,2,18,501681,200164004,398.9866150003688
sample,121,2,19,502751,200157181,398.1238843880967
sample,121,2,20,500177,200259096,400.37645873360833
case,122,1,sparse-slices-gather+512+sparse-uniform+density=0.25,ok,unsupported,sparse-slices,policy
sample,122,1,1,2713845,200147134,73.75039252425987
sample,122,1,2,2737513,200192378,73.12928851844721
sample,122,1,3,2739728,200161647,73.05894855255704
sample,122,1,4,2717871,200150521,73.64239178386318
sample,122,1,5,2722161,200177818,73.53636247084577
sample,122,1,6,2719079,200188482,73.62363579726812
sample,122,1,7,2626034,200183587,76.23038658296123
sample,122,1,8,2623425,200135177,76.28774483737861
sample,122,1,9,2787747,200251342,71.83268137316621
sample,122,1,10,2728125,200171520,73.37329484536083
sample,122,2,11,2732240,200169807,73.26216108394577
sample,122,2,12,2720952,200197335,73.57620972365554
sample,122,2,13,2734115,200222898,73.23133737973714
sample,122,2,14,2743873,200221264,72.97031021479492
sample,122,2,15,2707958,200169175,73.91886247866474
sample,122,2,16,2718893,200156913,73.61706142904484
sample,122,2,17,2748895,200205934,72.8314228080738
sample,122,2,18,2721820,200207812,73.55659521937527
sample,122,2,19,2718416,200256388,73.66657200369627
sample,122,2,20,2715807,200182052,73.70996981744284
case,123,1,sparse-slices-gather-clear+512+sparse-uniform+density=0.25,ok,unsupported,sparse-slices,policy
sample,123,1,1,1074040,200100940,186.3067855945775
sample,123,1,2,1072076,200182193,186.72388244863237
sample,123,1,3,1085724,200209438,184.4017798261805
sample,123,1,4,1078973,200247317,185.5906653827297
sample,123,1,5,1060354,200149955,188.75767432385788
sample,123,1,6,1063834,200101112,188.0943004265703
sample,123,1,7,1068888,200208977,187.3058515017476
sample,123,1,8,1070040,200207708,187.1030129714777
sample,123,1,9,1061325,200203840,188.6357524792123
sample,123,1,10,1091667,200257943,183.44233452142458
sample,123,2,11,1012920,200170564,197.61734786557676
sample,123,2,12,1000082,200208129,200.19171327951108
sample,123,2,13,1004344,200193814,199.32793345706253
sample,123,2,14,1010712,200285769,198.16304644646547
sample,123,2,15,1008838,200114369,198.36125225259158
sample,123,2,16,992768,200256534,201.71533933406394
sample,123,2,17,993529,200182070,201.48588516288905
sample,123,2,18,985651,200166897,203.0809049044743
sample,123,2,19,1000959,200160622,199.96885187105565
sample,123,2,20,995925,200099648,200.91839044104728
case,124,1,sparse-slices-clear+512+sparse-uniform+density=0.25,ok,unsupported,sparse-slices,policy
sample,124,1,1,1599195,200228811,125.20600114432574
sample,124,1,2,1586850,200195470,126.15903834640956
sample,124,1,3,1555706,200191156,128.68186919636486
sample,124,1,4,1558815,200169132,128.4110891927522
sample,124,1,5,1552565,200203747,128.95031576777785
sample,124,1,6,1539173,200142688,130.03261361783242
sample,124,1,7,1517771,200212749,131.91235634361178
sample,124,1,8,1527581,200125388,131.00803688969685
sample,124,1,9,1560604,200152249,128.25306676133087
sample,124,1,10,1552037,200191880,128.98653833639275
sample,124,2,11,1519562,200164709,131.7252662280315
sample,124,2,12,1506957,200100624,132.78456120513061
sample,124,2,13,1510468,200188917,132.53436484586234
sample,124,2,14,1488873,200182703,134.45250400806515
sample,124,2,15,1511248,200194125,132.46940608027273
sample,124,2,16,1520363,200183628,131.66831079156754
sample,124,2,17,1508711,200212136,132.70410038768193
sample,124,2,18,1517408,200175477,131.91934997047596
sample,124,2,19,1511271,200102735,132.40691775333477
sample,124,2,20,1512879,200111059,132.27168795389454
case,125,1,sparse-slices-clear-local+512+sparse-uniform+density=0.25,ok,unsupported,sparse-slices,policy
sample,125,1,1,1636453,200132786,122.29669046407076
sample,125,1,2,1646628,200223001,121.59577087235247
sample,125,1,3,1632469,200219688,122.64838597241356
sample,125,1,4,1643063,200193119,121.8414138715314
sample,125,1,5,1632560,200209923,122.63556806487969
sample,125,1,6,1645910,200171801,121.61770752957331
sample,125,1,7,1639357,200337101,122.20468207962024
sample,125,1,8,1637873,200205558,122.23509270865324
sample,125,1,9,1620166,200198222,123.5664876315143
sample,125,1,10,1599085,200153787,125.1676971518087
sample,125,2,11,1599039,200262350,125.23919053881738
sample,125,2,12,1590441,200181170,125.86519713714624
sample,125,2,13,1552749,200165492,128.91039826784626
sample,125,2,14,1604543,200189491,124.76417958259766
sample,125,2,15,1633280,200166970,122.55520792515674
sample,125,2,16,1608301,200150467,124.44838808158423
sample,125,2,17,1617176,200218730,123.80763132769717
sample,125,2,18,1617597,200229534,123.78208787479205
sample,125,2,19,1634657,200159281,122.44726630724367
sample,125,2,20,1637275,200184061,122.2666082362462
case,126,1,sparse-slices-reduce-dot-checked+512+sparse-uniform+density=0.25,ok,unsupported,sparse-slices,policy
sample,126,1,1,556609,200101004,359.50012306664104
sample,126,1,2,552859,200154056,362.034544070007
sample,126,1,3,534192,200113885,374.6104116123042
sample,126,1,4,534218,200200293,374.7539262997503
sample,126,1,5,545843,200185723,366.74597457510674
sample,126,1,6,547199,200178015,365.8230643696352
sample,126,1,7,527634,200205492,379.44008915270814
sample,126,1,8,527429,200155119,379.49206243873584
sample,126,1,9,566134,200195348,353.6183094461735
sample,126,1,10,557491,200177484,359.0685481918094
sample,126,2,11,540012,200191988,370.7176655333585
sample,126,2,12,528313,200140240,378.82891392034645
sample,126,2,13,519451,200206919,385.4202205790344
sample,126,2,14,566703,200143004,353.1708919839846
sample,126,2,15,561295,200178431,356.6367614177928
sample,126,2,16,554226,200212998,361.24793495794137
sample,126,2,17,552731,200209651,362.21896546421317
sample,126,2,18,540982,200193011,370.05484655681704
sample,126,2,19,535437,200208713,373.9164700982562
sample,126,2,20,526106,200097067,380.3360292412556
case,127,1,sparse-slices-reduce-dot-local+512+sparse-uniform+density=0.25,ok,unsupported,sparse-slices,policy
sample,127,1,1,681701,200131431,293.57655482388907
sample,127,1,2,676817,200168062,295.7491641019655
sample,127,1,3,673170,200096220,297.2447078746825
sample,127,1,4,672411,200085562,297.5643795238329
sample,127,1,5,673941,200088453,296.89313011079605
sample,127,1,6,675931,200081806,296.00921691711136
sample,127,1,7,672099,200182873,297.84730076967827
sample,127,1,8,674337,200275762,296.9965492031432
sample,127,1,9,677343,200223360,295.6011356137142
sample,127,1,10,675428,200163925,296.3512395103549
sample,127,2,11,690911,200170857,289.7201766942486
sample,127,2,12,677693,200197126,295.4097592862845
sample,127,2,13,674709,200150498,296.64714417623003
sample,127,2,14,679854,200206732,294.4848923445328
sample,127,2,15,674619,200186589,296.74021781183154
sample,127,2,16,673642,200127713,297.08318810287955
sample,127,2,17,674316,200231045,296.9394838621655
sample,127,2,18,669367,200178832,299.056917953828
sample,127,2,19,649813,200137136,307.9918930523089
sample,127,2,20,653203,200223752,306.52607535482844
case,128,1,sparse-slices-reduce-dot-unchecked+512+sparse-uniform+density=0.25,ok,unsupported,sparse-slices,policy
sample,128,1,1,2387350,200091757,83.81333151821057
sample,128,1,2,2388552,200089603,83.77025201879633
sample,128,1,3,2374377,200083820,84.26792375431535
sample,128,1,4,2381402,200084275,84.01952925209604
sample,128,1,5,2389657,200096714,83.73449160276976
sample,128,1,6,2376158,200076826,84.20181907095403
sample,128,1,7,2383335,200117325,83.96525247185141
sample,128,1,8,2377295,200078181,84.16211744861282
sample,128,1,9,2376004,200087806,84.21189779141785
sample,128,1,10,2395036,200078466,83.53881361282252
sample,128,2,11,2571763,200255260,77.8669185302067
sample,128,2,12,2405091,200103445,83.19994752797295
sample,128,2,13,2533474,200238620,79.0371718833507
sample,128,2,14,2486505,200151487,80.49510738968955
sample,128,2,15,2483964,200168623,80.58434945111927
sample,128,2,16,2481526,200214505,80.68200977946634
sample,128,2,17,2487173,200288100,80.52841519267055
sample,128,2,18,2472108,200162950,80.96852969206847
sample,128,2,19,2467528,200237833,81.14916345427488
sample,128,2,20,2483178,200249256,80.64232850001088
case,129,1,sparse-slices-max+512+sparse-uniform+density=0.25,ok,unsupported,sparse-slices,policy
sample,129,1,1,833041,200228237,240.3582020572817
sample,129,1,2,827789,200199280,241.84820044721542
sample,129,1,3,881962,200270279,227.07359160598756
sample,129,1,4,863295,200250940,231.96119518820333
sample,129,1,5,852003,200245199,235.02874872506317
sample,129,1,6,822057,200188930,243.52195772312626
sample,129,1,7,824248,200185415,242.87036789898187
sample,129,1,8,828366,200199242,241.6796947243127
sample,129,1,9,821271,200250357,243.82981622387737
sample,129,1,10,841504,200253358,237.97077375746284
sample,129,2,11,868562,200265513,230.57135011662956
sample,129,2,12,871237,200205549,229.79458976145412
sample,129,2,13,870572,200254259,230.02607366191424
sample,129,2,14,869936,200086437,230.0013299828953
sample,129,2,15,865682,200082632,231.1271714093628
sample,129,2,16,859177,200086138,232.88116185605526
sample,129,2,17,865569,200073971,231.14733891809897
sample,129,2,18,867469,200084584,230.6532959679251
sample,129,2,19,865998,200093544,231.05543430816238
sample,129,2,20,861490,200079400,232.24808181174475
case,130,1,sparse-slices-filter+512+sparse-uniform+density=0.25,ok,unsupported,sparse-slices,policy
sample,130,1,1,1173437,200132431,170.552344096871
sample,130,1,2,1167697,200103223,171.36570788483655
sample,130,1,3,1172053,200184916,170.79851849703041
sample,130,1,4,1169061,200236448,171.2797262076145
sample,130,1,5,1172877,200244515,170.72933905260314
sample,130,1,6,1177821,200136540,169.92101516274545
sample,130,1,7,1162069,200173702,172.25629631286955
sample,130,1,8,1163709,200242906,172.0730062240646
sample,130,1,9,1160415,200205937,172.52960104790097
sample,130,1,10,1159220,200122701,172.6356524214558
sample,130,2,11,1171594,200197975,170.87657925868518
sample,130,2,12,1176603,200146544,170.10541703531268
sample,130,2,13,1166597,200086472,171.5129320579429
sample,130,2,14,1167754,200080351,171.33775692483178
sample,130,2,15,1170552,200084310,170.93158612346994
sample,130,2,16,1163438,200077815,171.9711879790758
sample,130,2,17,1161099,200122179,172.35582753925377
sample,130,2,18,1165529,200087366,171.67086018451707
sample,130,2,19,1168330,200111819,171.2802196297279
sample,130,2,20,1168765,200083379,171.19213785491525
case,131,1,gemm+257x3x1+uniform,ok,direct,reset-and-arithmetic,policy
sample,131,1,1,86676,200216724,2309.9442060085835
sample,131,1,2,83688,200187256,2392.0664372430933
sample,131,1,3,81042,200175627,2470.0232842229957
sample,131,1,4,80224,200261997,2496.2853634822495
sample,131,1,5,81265,200195001,2463.4836768596565
sample,131,1,6,81339,200251781,2461.940532831729
sample,131,1,7,81711,200222497,2450.3738419551837
sample,131,1,8,81541,200188372,2455.063980083639
sample,131,1,9,81036,200197150,2470.4717656350263
sample,131,1,10,81798,200192742,2447.403872955329
sample,131,2,11,84003,200090503,2381.9447281644702
sample,131,2,12,83840,200097065,2386.6539241412215
sample,131,2,13,83861,200103837,2386.1370243617416
sample,131,2,14,84280,200095145,2374.171155671571
sample,131,2,15,83776,200145838,2389.0593726126813
sample,131,2,16,81791,200210108,2447.825653189226
sample,131,2,17,81626,200219609,2452.8901207948447
sample,131,2,18,81754,200273149,2449.70458937789
sample,131,2,19,81633,200219956,2452.6840370928426
sample,131,2,20,81474,200167300,2456.824262955053
case,132,1,gemm+3x257x33+uniform,ok,direct,reset-and-arithmetic,policy
sample,132,1,1,13311,200221230,15041.787243633085
sample,132,1,2,14315,200162595,13982.717079986029
sample,132,1,3,13702,200177630,14609.37308422128
sample,132,1,4,13450,200267394,14889.76907063197
sample,132,1,5,13510,200331194,14828.363730569949
sample,132,1,6,14363,200157048,13935.60175450811
sample,132,1,7,14079,200166979,14217.414518076568
sample,132,1,8,13877,200271893,14431.930028104058
sample,132,1,9,13488,200186807,14841.84512158956
sample,132,1,10,13492,200180569,14836.982582270975
sample,132,2,11,13997,200196461,14302.812102593412
sample,132,2,12,14012,200204471,14288.072437910363
sample,132,2,13,13909,200167125,14391.194550291179
sample,132,2,14,14338,200192875,13962.398870135305
sample,132,2,15,14034,200207112,14265.86233433091
sample,132,2,16,14019,200142920,14276.547542620729
sample,132,2,17,14118,200244679,14183.643504745714
sample,132,2,18,14083,200177910,14214.152524320103
sample,132,2,19,14138,200294527,14167.104753147545
sample,132,2,20,14043,200153221,14252.881934059675
case,133,1,gemm+127x5x65+uniform,ok,direct,reset-and-arithmetic,policy
sample,133,1,1,13081,200219824,15306.155798486354
sample,133,1,2,12879,200101656,15537.04914977871
sample,133,1,3,12472,200161464,16048.866581141758
sample,133,1,4,11732,200144825,17059.736191612683
sample,133,1,5,12737,200112937,15711.151527047185
sample,133,1,6,13193,200110461,15167.927006746002
sample,133,1,7,13009,200104869,15382.03313090937
sample,133,1,8,13204,200097128,15154.281126931233
sample,133,1,9,13154,200119081,15213.553367796869
sample,133,1,10,13135,200120516,15235.669280548154
sample,133,2,11,13391,200263253,14955.063326114554
sample,133,2,12,13105,200220922,15278.2084700496
sample,133,2,13,13020,200216009,15377.573655913979
sample,133,2,14,13385,200240054,14960.03391856556
sample,133,2,15,13325,200263723,15029.172457786117
sample,133,2,16,13011,200204164,15387.30028437476
sample,133,2,17,13067,200177281,15319.299074003215
sample,133,2,18,13114,200167392,15263.641299374714
sample,133,2,19,13002,200175440,15395.742193508691
sample,133,2,20,12974,200191290,15430.190380761524
case,134,1,trsm+65x1+triangular+side=L+uplo=L+transA=N+diag=N,ok,direct,reset-and-arithmetic,policy
sample,134,1,1,157550,200158232,1270.4426023484607
sample,134,1,2,168538,200165939,1187.6605809965706
sample,134,1,3,164546,200171476,1216.5076999744751
sample,134,1,4,164964,200176065,1213.4530261147886
sample,134,1,5,164624,200151068,1215.8073427932743
sample,134,1,6,163287,200192726,1226.0175396694165
sample,134,1,7,163706,200264977,1223.3209350909558
sample,134,1,8,164229,200186253,1218.9458195568384
sample,134,1,9,165472,200259634,1210.2327523689808
sample,134,1,10,166062,200204386,1205.6002336476738
sample,134,2,11,164236,200216290,1219.0767554007648
sample,134,2,12,164386,200192853,1217.8217913934277
sample,134,2,13,164737,200180917,1215.1545615131997
sample,134,2,14,164929,200174404,1213.7004650485967
sample,134,2,15,164599,200190635,1216.2323890181592
sample,134,2,16,165794,200181196,1207.4091704162997
sample,134,2,17,158715,200102172,1260.7640865702674
sample,134,2,18,162747,200176516,1229.9859045020798
sample,134,2,19,162631,200213086,1231.0880828378354
sample,134,2,20,159169,200185297,1257.690234907551
case,135,1,trsm+65x33+triangular+side=L+uplo=U+transA=T+diag=U,ok,direct,reset-and-arithmetic,policy
sample,135,1,1,6191,200309764,32354.993377483443
sample,135,1,2,6263,200260534,31975.177071690883
sample,135,1,3,6538,200242806,30627.53227286632
sample,135,1,4,6405,200290244,31270.920218579235
sample,135,1,5,6421,200167342,31173.8579660489
sample,135,1,6,6363,200161354,31457.0727644193
sample,135,1,7,6375,200178149,31400.493960784315
sample,135,1,8,6401,200180898,31273.378847055148
sample,135,1,9,6410,200334794,31253.478003120126
sample,135,1,10,6385,200315050,31372.75646045419
sample,135,2,11,6384,200156062,31352.766604010027
sample,135,2,12,6375,200274032,31415.534431372547
sample,135,2,13,6363,200167595,31458.053591073392
sample,135,2,14,6386,200147812,31341.655496398373
sample,135,2,15,6374,200194127,31407.92704737998
sample,135,2,16,6332,200256884,31626.16614024005
sample,135,2,17,6340,200191575,31575.958201892743
sample,135,2,18,6227,200210868,32152.058455114824
sample,135,2,19,6139,200203541,32611.75126242059
sample,135,2,20,6169,200175196,32448.56475928027
case,136,1,gemm-block+15x7x31+uniform+packed=4x4+timing=prepacked-compute,ok,direct,prepacked-compute,c-tile
sample,136,1,1,233027,200152589,858.9244551060607
sample,136,1,2,233448,200163165,857.4207746478874
sample,136,1,3,232323,200219651,861.8158813376205
sample,136,1,4,233878,200196287,855.9859713183797
sample,136,1,5,232972,200239345,859.499617979843
sample,136,1,6,230822,200259485,867.5927121331589
sample,136,1,7,231266,200247023,865.8731633703181
sample,136,1,8,232826,200135631,859.5931339283413
sample,136,1,9,232500,200171032,860.9506752688172
sample,136,1,10,231916,200303107,863.6881758912709
sample,136,2,11,231830,200118821,863.2136522451797
sample,136,2,12,231833,200101628,863.12832081714
sample,136,2,13,231713,200205951,864.0255445313815
sample,136,2,14,232360,200247394,861.7980461353072
sample,136,2,15,232369,200161205,861.3937530393468
sample,136,2,16,232391,200181955,861.4014957549991
sample,136,2,17,232085,200195093,862.5938470818882
sample,136,2,18,232021,200158283,862.6731330353718
sample,136,2,19,232641,200154591,860.358195674881
sample,136,2,20,232281,200181311,861.806652287531
case,137,1,gemm-block+15x7x31+uniform+packed=4x4+timing=pack-plus-compute,ok,direct,pack-plus-compute,c-tile
sample,137,1,1,119728,200197736,1672.1045703594814
sample,137,1,2,128552,200246856,1557.710934096708
sample,137,1,3,126581,200126684,1581.0167718693958
sample,137,1,4,119892,200161851,1669.517991192073
sample,137,1,5,128522,200197941,1557.6939434493706
sample,137,1,6,122575,200205863,1633.3335753620233
sample,137,1,7,120402,200242872,1663.1191508446705
sample,137,1,8,123192,200204460,1625.1417299824664
sample,137,1,9,119602,200145195,1673.4268239661544
sample,137,1,10,119343,200198731,1677.5071097592654
sample,137,2,11,126070,200169444,1587.7642896803363
sample,137,2,12,126347,200213005,1584.6280877266574
sample,137,2,13,124360,200150724,1609.4461563203602
sample,137,2,14,124974,200181055,1601.7816105749996
sample,137,2,15,124925,200171366,1602.332327396438
sample,137,2,16,125091,200144975,1599.995003637352
sample,137,2,17,125169,200264272,1599.9510421909579
sample,137,2,18,122824,200233931,1630.250854881782
sample,137,2,19,123369,200188880,1622.6838184633093
sample,137,2,20,125918,200208969,1589.9948299687098
case,138,1,gemm-block+32x16x65+uniform+packed=4x4+timing=prepacked-compute,ok,direct,prepacked-compute,c-tile
sample,138,1,1,40648,200178228,4924.675949616218
sample,138,1,2,40565,200198794,4935.259312214964
sample,138,1,3,40391,200110008,4954.321705330395
sample,138,1,4,40858,200205689,4900.036443291399
sample,138,1,5,40657,200167484,4923.32154364562
sample,138,1,6,41250,200262398,4854.846012121212
sample,138,1,7,40836,200285480,4904.630228229993
sample,138,1,8,37889,200290691,5286.249069650822
sample,138,1,9,40479,200271796,4947.548012549717
sample,138,1,10,40631,200161046,4926.313553690532
sample,138,2,11,38768,200172474,5163.342808501857
sample,138,2,12,38567,200110259,5188.63948453341
sample,138,2,13,38758,200158698,5164.319572733371
sample,138,2,14,38772,200133845,5161.813808934283
sample,138,2,15,38707,200170074,5171.417934740486
sample,138,2,16,38745,200209871,5167.373106207253
sample,138,2,17,38631,200122384,5180.357329605757
sample,138,2,18,38837,200208277,5155.091201689111
sample,138,2,19,38813,200183436,5157.638832349986
sample,138,2,20,38933,200190598,5141.925821282716
case,139,1,gemm-block+32x16x65+uniform+packed=4x4+timing=pack-plus-compute,ok,direct,pack-plus-compute,c-tile
sample,139,1,1,25891,200184448,7731.815997837086
sample,139,1,2,25777,200177000,7765.721379524382
sample,139,1,3,25730,200185701,7780.244889234356
sample,139,1,4,25832,200098358,7746.1426912356765
sample,139,1,5,25671,200197425,7798.583031436251
sample,139,1,6,25893,200180379,7731.0616382806165
sample,139,1,7,25783,200160741,7763.283597719427
sample,139,1,8,25722,200188312,7782.766192364513
sample,139,1,9,25655,200164040,7802.145390762034
sample,139,1,10,25785,200124152,7761.262439402753
sample,139,2,11,24292,200165422,8239.972912893134
sample,139,2,12,25938,200209371,7718.766712930835
sample,139,2,13,25600,200183854,7819.681796875
sample,139,2,14,24874,200284015,8051.942389643805
sample,139,2,15,25319,200201191,7907.152375686243
sample,139,2,16,24393,200248689,8209.268601648013
sample,139,2,17,24284,200159301,8242.43538955691
sample,139,2,18,25825,200230169,7753.34633107454
sample,139,2,19,24858,200167750,8052.447904095261
sample,139,2,20,24278,200191981,8245.818477634071
case,140,2,gemm-block+15x7x31+uniform+packed=8x4+timing=prepacked-compute,unsupported,unsupported,arithmetic,unavailable
case,141,2,gemm-block+15x7x31+uniform+packed=8x4+timing=pack-plus-compute,unsupported,unsupported,arithmetic,unavailable
case,142,2,gemm-block+32x16x65+uniform+packed=8x4+timing=prepacked-compute,unsupported,unsupported,arithmetic,unavailable
case,143,2,gemm-block+32x16x65+uniform+packed=8x4+timing=pack-plus-compute,unsupported,unsupported,arithmetic,unavailable
case,144,1,gemm-block+64x64x31+uniform+packed=4x4+timing=prepacked-compute,ok,direct,prepacked-compute,c-tile
sample,144,1,1,7041,200229571,28437.660985655446
sample,144,1,2,6925,200198355,28909.509747292417
sample,144,1,3,6779,200205564,29533.200177017257
sample,144,1,4,7114,200166568,28136.992971605287
sample,144,1,5,6934,200095618,28857.170175944622
sample,144,1,6,6984,200113677,28653.161082474227
sample,144,1,7,6931,200110421,28871.796421872747
sample,144,1,8,6959,200091069,28752.847966661877
sample,144,1,9,6976,200112939,28685.91442087156
sample,144,1,10,6938,200111747,28842.857739982705
sample,144,2,11,6656,200204027,30078.730018028848
sample,144,2,12,6649,200224071,30113.41118965258
sample,144,2,13,6665,200142730,30028.916729182296
sample,144,2,14,6649,200232654,30114.70206046022
sample,144,2,15,6662,200247832,30058.21555088562
sample,144,2,16,6668,200207927,30025.184013197362
sample,144,2,17,6668,200216084,30026.407318536294
sample,144,2,18,6663,200175030,30042.778027915352
sample,144,2,19,6662,200244955,30057.783698589014
sample,144,2,20,6671,200247325,30017.587318243142
case,145,1,gemm-block+64x64x31+uniform+packed=4x4+timing=pack-plus-compute,ok,direct,pack-plus-compute,c-tile
sample,145,1,1,5696,200208171,35148.9064255618
sample,145,1,2,5698,200410521,35172.08160758161
sample,145,1,3,5706,200289738,35101.60147213459
sample,145,1,4,5723,200181713,34978.457627118645
sample,145,1,5,6142,200211822,32597.170628459786
sample,145,1,6,6017,200216225,33275.09140767824
sample,145,1,7,5988,200261793,33443.85320641282
sample,145,1,8,5978,200302338,33506.58046169287
sample,145,1,9,6004,200191123,33342.95852764823
sample,145,1,10,6010,200189440,33309.391014975045
sample,145,2,11,5667,200370184,35357.36439032998
sample,145,2,12,5668,200204014,35321.8091037403
sample,145,2,13,5760,200243871,34764.5609375
sample,145,2,14,5739,200190037,34882.39013765464
sample,145,2,15,6139,200172399,32606.678449258838
sample,145,2,16,5802,200204836,34506.17649086522
sample,145,2,17,6031,200281372,33208.65063836843
sample,145,2,18,5963,200229368,33578.62954888479
sample,145,2,19,5683,200244504,35235.70367763505
sample,145,2,20,5644,200178148,35467.425230333094
case,146,2,gemm-block+64x64x31+uniform+packed=8x4+timing=prepacked-compute,unsupported,unsupported,arithmetic,unavailable
case,147,2,gemm-block+64x64x31+uniform+packed=8x4+timing=pack-plus-compute,unsupported,unsupported,arithmetic,unavailable
case,148,1,gemm-block+64x64x32+uniform+packed=4x4+timing=prepacked-compute,ok,direct,prepacked-compute,c-tile
sample,148,1,1,6540,200135082,30601.694495412845
sample,148,1,2,6543,200230643,30602.268531254776
sample,148,1,3,6536,200181471,30627.520042839657
sample,148,1,4,6553,200190425,30549.431558065007
sample,148,1,5,6529,200195495,30662.504977791392
sample,148,1,6,6565,200146466,30486.89504950495
sample,148,1,7,6571,200204384,30467.871556840662
sample,148,1,8,6563,200202523,30504.726954136826
sample,148,1,9,6540,200217175,30614.246941896025
sample,148,1,10,6566,200195661,30489.74428876028
sample,148,2,11,6830,200249978,29319.176866764275
sample,148,2,12,6911,200176419,28964.899290985384
sample,148,2,13,6906,200224698,28992.860990443092
sample,148,2,14,6828,200192108,29319.289396602227
sample,148,2,15,6849,200188785,29228.907139728428
sample,148,2,16,6840,200284521,29281.362719298246
sample,148,2,17,6840,200229075,29273.25657894737
sample,148,2,18,6851,200271539,29232.453510436433
sample,148,2,19,6704,200260601,29871.808025059665
sample,148,2,20,6545,200161979,30582.426126814364
case,149,1,gemm-block+64x64x32+uniform+packed=4x4+timing=pack-plus-compute,ok,direct,pack-plus-compute,c-tile
sample,149,1,1,5828,200249909,34359.97065888812
sample,149,1,2,5760,200238522,34763.63229166667
sample,149,1,3,5842,200111973,34254.01797329682
sample,149,1,4,5756,200295869,34797.75347463517
sample,149,1,5,5966,200226115,33561.19929601073
sample,149,1,6,5848,200212088,34235.99316005472
sample,149,1,7,5821,200227156,34397.38120597835
sample,149,1,8,5822,200189008,34384.920645826176
sample,149,1,9,5840,200221812,34284.55684931507
sample,149,1,10,5803,200188358,34497.390660003446
sample,149,2,11,5610,200209196,35687.913725490194
sample,149,2,12,5606,200201739,35712.04762754192
sample,149,2,13,5619,200151051,35620.40416444207
sample,149,2,14,5705,200141672,35081.800525854516
sample,149,2,15,5866,200235279,34134.89243095806
sample,149,2,16,5800,200254843,34526.69706896551
sample,149,2,17,5858,200120351,34161.88989416183
sample,149,2,18,5907,200196841,33891.45776197731
sample,149,2,19,5996,200216805,33391.728652434955
sample,149,2,20,5899,200195447,33937.18375995931
case,150,2,gemm-block+64x64x32+uniform+packed=8x4+timing=prepacked-compute,unsupported,unsupported,arithmetic,unavailable
case,151,2,gemm-block+64x64x32+uniform+packed=8x4+timing=pack-plus-compute,unsupported,unsupported,arithmetic,unavailable
case,152,1,gemm-block+64x64x33+uniform+packed=4x4+timing=prepacked-compute,ok,direct,prepacked-compute,c-tile
sample,152,1,1,6461,200121160,30973.713047515863
sample,152,1,2,6912,200265346,28973.574363425927
sample,152,1,3,6625,200202654,30219.268528301887
sample,152,1,4,6480,200159370,30888.791666666668
sample,152,1,5,6368,200192034,31437.19126884422
sample,152,1,6,6403,200106485,31251.98891144776
sample,152,1,7,6452,200177789,31025.695753254804
sample,152,1,8,6442,200277429,31089.324588637068
sample,152,1,9,6460,200211009,30992.416253869967
sample,152,1,10,6411,200180999,31224.6137888005
sample,152,2,11,6658,200188253,30067.32547311505
sample,152,2,12,6640,200198059,30150.310090361447
sample,152,2,13,6998,200193581,28607.256501857675
sample,152,2,14,7017,200217487,28533.20322074961
sample,152,2,15,6997,200188342,28610.596255538087
sample,152,2,16,7007,200170969,28567.285428856856
sample,152,2,17,7002,200257396,28600.027992002284
sample,152,2,18,6834,200138014,29285.632718759145
sample,152,2,19,6604,200195927,30314.343882495457
sample,152,2,20,6584,200184240,30404.653705953828
case,153,1,gemm-block+64x64x33+uniform+packed=4x4+timing=pack-plus-compute,ok,direct,pack-plus-compute,c-tile
sample,153,1,1,6044,200267036,33134.85043017869
sample,153,1,2,6034,200224425,33182.70218760358
sample,153,1,3,6038,200145689,33147.679529645575
sample,153,1,4,6042,200253293,33143.544025157236
sample,153,1,5,5987,200172826,33434.57925505262
sample,153,1,6,5934,200298663,33754.408998988874
sample,153,1,7,5749,200228604,34828.42303009219
sample,153,1,8,5739,200197439,34883.67990939188
sample,153,1,9,5752,200278134,34818.86891515995
sample,153,1,10,5752,200216749,34808.19697496523
sample,153,2,11,5719,200203154,35006.671446057
sample,153,2,12,5725,200130485,34957.28995633188
sample,153,2,13,5715,200132066,35018.73420822397
sample,153,2,14,5606,200111267,35695.909204423835
sample,153,2,15,5729,200129243,34932.66591028103
sample,153,2,16,5764,200154004,34724.84455239417
sample,153,2,17,5748,200117774,34815.20076548365
sample,153,2,18,5729,200120913,34931.21190434631
sample,153,2,19,5751,200114110,34796.40236480612
sample,153,2,20,5747,200127961,34823.03132068906
case,154,2,gemm-block+64x64x33+uniform+packed=8x4+timing=prepacked-compute,unsupported,unsupported,arithmetic,unavailable
case,155,2,gemm-block+64x64x33+uniform+packed=8x4+timing=pack-plus-compute,unsupported,unsupported,arithmetic,unavailable
case,156,1,gemm-block+64x64x63+uniform+packed=4x4+timing=prepacked-compute,ok,direct,prepacked-compute,c-tile
sample,156,1,1,5023,200140494,39844.812661755925
sample,156,1,2,5005,200175355,39995.07592407592
sample,156,1,3,5017,200191680,39902.66693242974
sample,156,1,4,5027,200227169,39830.34991048339
sample,156,1,5,5367,200197614,37301.586361095586
sample,156,1,6,5288,200188487,37857.12689107413
sample,156,1,7,5270,200116858,37972.83833017078
sample,156,1,8,5253,200198007,38111.17589948601
sample,156,1,9,5244,200163041,38169.916285278414
sample,156,1,10,5254,200212834,38106.744194899125
sample,156,2,11,5200,200198613,38499.73326923077
sample,156,2,12,5158,200220332,38817.43544009306
sample,156,2,13,4953,200141940,40408.2253179891
sample,156,2,14,4958,200170873,40373.310407422345
sample,156,2,15,5376,200159805,37232.10658482143
sample,156,2,16,5249,200251501,38150.4097923414
sample,156,2,17,5225,200212537,38318.188899521534
sample,156,2,18,5166,200191758,38751.79210220674
sample,156,2,19,5182,200252705,38643.90293323041
sample,156,2,20,5202,200180285,38481.408112264515
case,157,1,gemm-block+64x64x63+uniform+packed=4x4+timing=pack-plus-compute,ok,direct,pack-plus-compute,c-tile
sample,157,1,1,4285,200258916,46734.86954492416
sample,157,1,2,4316,200170248,46378.64874884152
sample,157,1,3,4213,200201422,47519.91977213387
sample,157,1,4,4082,200234984,49053.15629593337
sample,157,1,5,4060,200130800,49293.30049261084
sample,157,1,6,4103,200191979,48791.61077260541
sample,157,1,7,4108,200241030,48744.165043816945
sample,157,1,8,4116,200183192,48635.37220602527
sample,157,1,9,4121,200240083,48590.16816306722
sample,157,1,10,4114,200189742,48660.60816723383
sample,157,2,11,4316,200165862,46377.632530120485
sample,157,2,12,4288,200167322,46680.81203358209
sample,157,2,13,4273,200156664,46842.18675403698
sample,157,2,14,4288,200178291,46683.37010261194
sample,157,2,15,4303,200186666,46522.58099000697
sample,157,2,16,4296,200304559,46625.82844506518
sample,157,2,17,4185,200201925,47837.97491039427
sample,157,2,18,4073,200098427,49128.02037809968
sample,157,2,19,4298,200179526,46575.04094927874
sample,157,2,20,4205,200227886,47616.61973840666
case,158,2,gemm-block+64x64x63+uniform+packed=8x4+timing=prepacked-compute,unsupported,unsupported,arithmetic,unavailable
case,159,2,gemm-block+64x64x63+uniform+packed=8x4+timing=pack-plus-compute,unsupported,unsupported,arithmetic,unavailable
case,160,1,gemm-block+64x64x64+uniform+packed=4x4+timing=prepacked-compute,ok,direct,prepacked-compute,c-tile
sample,160,1,1,5104,200178495,39219.924568965514
sample,160,1,2,5050,200151507,39633.961782178216
sample,160,1,3,4998,200165950,40049.20968387355
sample,160,1,4,5174,200186411,38690.84093544646
sample,160,1,5,4901,200171860,40843.06468067741
sample,160,1,6,4826,200249779,41493.94508910071
sample,160,1,7,4875,200221440,41071.06461538462
sample,160,1,8,5212,200223201,38415.809861857255
sample,160,1,9,5066,200335970,39545.197394393996
sample,160,1,10,4911,200230558,40771.850539604966
sample,160,2,11,4887,200257272,40977.54696132597
sample,160,2,12,5100,200216479,39258.1331372549
sample,160,2,13,5333,200260856,37551.25745359085
sample,160,2,14,4841,200251200,41365.668250361494
sample,160,2,15,4649,200196398,43062.24951602495
sample,160,2,16,4890,200192650,40939.192229038854
sample,160,2,17,4846,200143894,41300.84482047049
sample,160,2,18,4856,200197721,41226.878294892915
sample,160,2,19,4861,200251675,41195.57189878626
sample,160,2,20,4861,200242773,41193.740588356304
case,161,1,gemm-block+64x64x64+uniform+packed=4x4+timing=pack-plus-compute,ok,direct,pack-plus-compute,c-tile
sample,161,1,1,4084,200276137,49039.210822722824
sample,161,1,2,4351,200226885,46018.5899793151
sample,161,1,3,4302,200224961,46542.296838679686
sample,161,1,4,4363,200208130,45887.7217510887
sample,161,1,5,4205,200291688,47631.79262782402
sample,161,1,6,4070,200192699,49187.395331695334
sample,161,1,7,4085,200246804,49020.02545899633
sample,161,1,8,4085,200155133,48997.58457772338
sample,161,1,9,4082,200251240,49057.13865752082
sample,161,1,10,4068,200245532,49224.56538839725
sample,161,2,11,4033,200121734,49621.05975700471
sample,161,2,12,4055,200220407,49376.17928483354
sample,161,2,13,4045,200204251,49494.25241038319
sample,161,2,14,4033,200161070,49630.81329035458
sample,161,2,15,4298,200145080,46567.02652396463
sample,161,2,16,4192,200181276,47753.16698473282
sample,161,2,17,4218,200183033,47459.230203888095
sample,161,2,18,4211,200198663,47541.83400617431
sample,161,2,19,4172,200240492,47996.2828379674
sample,161,2,20,4196,200115394,47691.94327931363
case,162,2,gemm-block+64x64x64+uniform+packed=8x4+timing=prepacked-compute,unsupported,unsupported,arithmetic,unavailable
case,163,2,gemm-block+64x64x64+uniform+packed=8x4+timing=pack-plus-compute,unsupported,unsupported,arithmetic,unavailable
case,164,1,gemm-block+64x64x65+uniform+packed=4x4+timing=prepacked-compute,ok,direct,prepacked-compute,c-tile
sample,164,1,1,4967,200158037,40297.57137104892
sample,164,1,2,4957,200229615,40393.30542666936
sample,164,1,3,5020,200169089,39874.32051792829
sample,164,1,4,5053,200232061,39626.37264991095
sample,164,1,5,4987,200254618,40155.327451373574
sample,164,1,6,4932,200283046,40608.8901054339
sample,164,1,7,4766,200206206,42007.17708770457
sample,164,1,8,4738,200188000,42251.58294639088
sample,164,1,9,4758,200143506,42064.62925598991
sample,164,1,10,4749,200161609,42148.15940197936
sample,164,2,11,5048,200137791,39646.947503961965
sample,164,2,12,4974,200105017,40230.20044229996
sample,164,2,13,5039,200218513,39733.779122841835
sample,164,2,14,5024,200198851,39848.49741242038
sample,164,2,15,5012,200229096,39949.93934557063
sample,164,2,16,5008,200259989,39988.01697284345
sample,164,2,17,5015,200278490,39935.89032901296
sample,164,2,18,4993,200124885,40081.09052673743
sample,164,2,19,4985,200246267,40169.76268806419
sample,164,2,20,4968,200153152,40288.47665056361
case,165,1,gemm-block+64x64x65+uniform+packed=4x4+timing=pack-plus-compute,ok,direct,pack-plus-compute,c-tile
sample,165,1,1,4213,200161049,47510.33681462141
sample,165,1,2,4226,200215930,47377.17226691907
sample,165,1,3,4189,200140986,47777.74791119599
sample,165,1,4,4194,200130201,47718.21673819742
sample,165,1,5,4239,200137248,47213.31634819533
sample,165,1,6,4205,200116062,47590.02663495838
sample,165,1,7,4188,200069247,47772.026504297995
sample,165,1,8,4213,200099200,47495.65630192262
sample,165,1,9,4199,200129861,47661.314836865924
sample,165,1,10,4157,200128545,48142.54149627135
sample,165,2,11,4006,200190569,49972.683225162255
sample,165,2,12,4012,200174796,49894.016949152545
sample,165,2,13,4027,200189174,49711.73925999503
sample,165,2,14,4027,200219356,49719.23416935684
sample,165,2,15,4009,200160866,49927.87877276129
sample,165,2,16,4008,200187946,49947.092315369264
sample,165,2,17,4010,200169407,49917.55785536159
sample,165,2,18,4007,200232204,49970.60244571999
sample,165,2,19,3998,200256126,50089.07603801901
sample,165,2,20,4003,200293272,50035.79115663253
case,166,2,gemm-block+64x64x65+uniform+packed=8x4+timing=prepacked-compute,unsupported,unsupported,arithmetic,unavailable
case,167,2,gemm-block+64x64x65+uniform+packed=8x4+timing=pack-plus-compute,unsupported,unsupported,arithmetic,unavailable
case,168,1,gemm-block+128x128x64+uniform+packed=4x4+timing=prepacked-compute,ok,direct,prepacked-compute,c-tile
sample,168,1,1,1227,200343096,163278.80684596577
sample,168,1,2,1324,200369323,151336.34667673716
sample,168,1,3,1282,200260068,156209.10140405616
sample,168,1,4,1277,200164036,156745.5254502741
sample,168,1,5,1310,200210215,152832.2251908397
sample,168,1,6,1284,200246670,155955.3504672897
sample,168,1,7,1280,200289155,156475.90234375
sample,168,1,8,1286,200221447,155693.19362363918
sample,168,1,9,1286,200229921,155699.7830482115
sample,168,1,10,1279,200297857,156605.04847537138
sample,168,2,11,1229,200234761,162924.9479251424
sample,168,2,12,1226,200168771,163269.7969004894
sample,168,2,13,1229,200153748,162859.03010577706
sample,168,2,14,1219,200153119,164194.5192780968
sample,168,2,15,1217,200297454,164582.95316351685
sample,168,2,16,1222,200289471,163903.00409165304
sample,168,2,17,1228,200204127,163032.67671009773
sample,168,2,18,1228,200405118,163196.35016286644
sample,168,2,19,1267,200286964,158079.68745067087
sample,168,2,20,1277,200250584,156813.29992169148
case,169,1,gemm-block+128x128x64+uniform+packed=4x4+timing=pack-plus-compute,ok,direct,pack-plus-compute,c-tile
sample,169,1,1,1098,200252174,182379.029143898
sample,169,1,2,1189,200193740,168371.52228763668
sample,169,1,3,1135,200364523,176532.6193832599
sample,169,1,4,1108,200196196,180682.48736462093
sample,169,1,5,1110,200324883,180472.86756756756
sample,169,1,6,1105,200391919,181350.15294117646
sample,169,1,7,1109,200222345,180543.14247069432
sample,169,1,8,1108,200261667,180741.57671480146
sample,169,1,9,1115,200310644,179650.80179372197
sample,169,1,10,1109,200397350,180700.94679891795
sample,169,2,11,1156,200323547,173290.26557093425
sample,169,2,12,1163,200296111,172223.65520206362
sample,169,2,13,1135,200266233,176446.0202643172
sample,169,2,14,1152,200252662,173830.43576388888
sample,169,2,15,1150,200215353,174100.30695652173
sample,169,2,16,1130,200222318,177187.89203539822
sample,169,2,17,1147,200363215,174684.5815170009
sample,169,2,18,1153,200293983,173715.50997398092
sample,169,2,19,1145,200315880,174948.36681222706
sample,169,2,20,1158,200203980,172887.72020725388
case,170,2,gemm-block+128x128x64+uniform+packed=8x4+timing=prepacked-compute,unsupported,unsupported,arithmetic,unavailable
case,171,2,gemm-block+128x128x64+uniform+packed=8x4+timing=pack-plus-compute,unsupported,unsupported,arithmetic,unavailable
case,172,1,gemm-block+128x8x64+uniform+packed=4x4+timing=prepacked-compute,ok,direct,prepacked-compute,c-tile
sample,172,1,1,20528,200194307,9752.25579696025
sample,172,1,2,18422,200169010,10865.758875257843
sample,172,1,3,19328,200158483,10355.881777731787
sample,172,1,4,20658,200125204,9687.540129731822
sample,172,1,5,19727,200199475,10148.500785725148
sample,172,1,6,19218,200230312,10418.894369861588
sample,172,1,7,19172,200191292,10441.857500521593
sample,172,1,8,19276,200120942,10381.87082382237
sample,172,1,9,19286,200185477,10379.833920978948
sample,172,1,10,20738,200154300,9651.57199344199
sample,172,2,11,19380,200161328,10328.24189886481
sample,172,2,12,19412,200183572,10312.362044096435
sample,172,2,13,19402,200135034,10315.175445830328
sample,172,2,14,19438,200138554,10296.252392221422
sample,172,2,15,19363,200101711,10334.23080101224
sample,172,2,16,19354,200207724,10344.514002273432
sample,172,2,17,19360,200329441,10347.595092975207
sample,172,2,18,19397,200188378,10320.584523379905
sample,172,2,19,19460,200182437,10286.86726618705
sample,172,2,20,19345,200147960,10346.23727061256
case,173,1,gemm-block+128x8x64+uniform+packed=4x4+timing=pack-plus-compute,ok,direct,pack-plus-compute,c-tile
sample,173,1,1,10848,200215938,18456.483960176993
sample,173,1,2,11110,200265421,18025.690459045905
sample,173,1,3,11261,200218774,17779.839623479264
sample,173,1,4,10959,200217959,18269.728898622136
sample,173,1,5,11577,200266092,17298.617258357088
sample,173,1,6,11375,200189524,17599.079032967034
sample,173,1,7,11378,200155663,17591.46273510283
sample,173,1,8,11461,200151600,17463.711718000173
sample,173,1,9,11227,200187334,17830.88394050058
sample,173,1,10,11324,200199531,17679.22386082656
sample,173,2,11,11408,200136069,17543.484309256663
sample,173,2,12,11492,200140980,17415.678733031673
sample,173,2,13,11186,200135140,17891.573395315572
sample,173,2,14,11191,200203422,17889.681172370656
sample,173,2,15,11724,200195399,17075.690805185943
sample,173,2,16,11359,200104933,17616.42160401444
sample,173,2,17,11417,200237455,17538.53507926776
sample,173,2,18,11373,200259555,17608.33157478238
sample,173,2,19,11314,200204558,17695.294148842142
sample,173,2,20,11347,200228750,17645.963690843393
case,174,2,gemm-block+128x8x64+uniform+packed=8x4+timing=prepacked-compute,unsupported,unsupported,arithmetic,unavailable
case,175,2,gemm-block+128x8x64+uniform+packed=8x4+timing=pack-plus-compute,unsupported,unsupported,arithmetic,unavailable
