run,id,implementation,pass,unit,source_commit,dirty,runtime,threads,warmups,target_ns,harness,warmup_target_ns,forks
case,id,run_id,case,status,comparison_kind,timing_mode,actual_kernel
sample,case_id,fork,sample,operations,elapsed_ns,ns_per_op
run,1,jvm-simd/simd(4 lanes)/simd-sparse/packed-8x4,1,ns,4651056efd0b86423730c3545912091ec2f5f3db,true,kotlin-2.4.10/jvm/Eclipse Adoptium/25.0.1/JMH 1.37/forks=2,1,5,200000000,jmh-average-time,200000000,2
case,1,1,dot+4096+uniform,ok,direct,arithmetic,policy
sample,1,1,1,354246,200159691,565.0302078216832
sample,1,1,2,354401,200146949,564.747133896349
sample,1,1,3,353978,200204288,565.5839854454232
sample,1,1,4,354679,200107211,564.192441616222
sample,1,1,5,354954,200192352,563.9951993779475
sample,1,1,6,355148,200152623,563.5752503181772
sample,1,1,7,355001,200099396,563.6586826515982
sample,1,1,8,351607,200186268,569.3466512327684
sample,1,1,9,351243,200175846,569.9070045524039
sample,1,1,10,353334,200191631,566.5790187188326
sample,1,2,11,356265,200158628,561.825124556159
sample,1,2,12,384552,200201317,520.6092205995548
sample,1,2,13,362847,200233090,551.8389017960739
sample,1,2,14,382094,200305736,524.2315660544264
sample,1,2,15,377751,200246317,530.1013551254663
sample,1,2,16,374325,200147134,534.6881292994055
sample,1,2,17,372066,200245163,538.197962189504
sample,1,2,18,374241,200159479,534.8411291119893
sample,1,2,19,373877,200202384,535.4765979185668
sample,1,2,20,374548,200148121,534.3724195563719
case,2,1,axpy+4096+uniform,ok,direct,reset-and-arithmetic,policy
sample,2,1,1,166637,200207586,1201.459375768887
sample,2,1,2,163309,200436353,1227.3441941350445
sample,2,1,3,166227,200195087,1204.3475909449128
sample,2,1,4,162934,200214137,1228.805141959321
sample,2,1,5,180032,200250487,1112.3049624511198
sample,2,1,6,175796,200143567,1138.4989817743294
sample,2,1,7,175103,200197849,1143.3147861544348
sample,2,1,8,169691,200267735,1180.1906701003588
sample,2,1,9,157663,200214638,1269.8898156193907
sample,2,1,10,178734,200245039,1120.3522497118622
sample,2,2,11,177425,200203446,1128.3835197970973
sample,2,2,12,177548,200153403,1127.3199529141416
sample,2,2,13,176882,200183508,1131.7347610271254
sample,2,2,14,169390,200181728,1181.7800814687998
sample,2,2,15,165127,200168030,1212.2065440539707
sample,2,2,16,165136,200179710,1212.2112077318088
sample,2,2,17,165619,200173720,1208.6398299711989
sample,2,2,18,164978,200102549,1212.9044418043618
sample,2,2,19,165120,200189866,1212.3901768410853
sample,2,2,20,165080,200169661,1212.5615519748
case,3,1,axpy-arithmetic+4096+uniform,ok,direct,reset-and-arithmetic,policy
sample,3,1,1,178233,200095606,1122.6630646401059
sample,3,1,2,177933,200099219,1124.5762112705345
sample,3,1,3,177756,200088040,1125.6331150565945
sample,3,1,4,176651,200091315,1132.6927953988372
sample,3,1,5,176949,200096958,1130.817116796365
sample,3,1,6,177291,200089633,1128.5944182163787
sample,3,1,7,177234,200132909,1129.2015583917307
sample,3,1,8,174967,200159482,1143.984191304646
sample,3,1,9,177113,200249188,1130.629530299865
sample,3,1,10,175474,200186514,1140.8329097188187
sample,3,2,11,175911,200131405,1137.6855625856256
sample,3,2,12,175502,200231028,1140.9045367004364
sample,3,2,13,169198,200185694,1183.1445643565526
sample,3,2,14,163811,200145807,1221.809322939241
sample,3,2,15,165296,200151612,1210.867849191753
sample,3,2,16,165843,200174016,1207.009135145891
sample,3,2,17,164739,200099115,1214.6432538743102
sample,3,2,18,165031,200113959,1212.584053905024
sample,3,2,19,164547,200236005,1216.89246841328
sample,3,2,20,165832,200193761,1207.2082649910753
case,4,1,scal+4096+uniform,ok,direct,reset-and-arithmetic,policy
sample,4,1,1,162219,200147099,1233.8079941313904
sample,4,1,2,162224,200194207,1234.0603548180293
sample,4,1,3,161035,200175711,1243.0571676964635
sample,4,1,4,162966,200149877,1228.1695384313293
sample,4,1,5,161459,200241146,1240.1981060207236
sample,4,1,6,162501,200142548,1231.6388699146466
sample,4,1,7,163230,200186699,1226.408742265515
sample,4,1,8,163458,200311982,1225.464535232292
sample,4,1,9,163842,200187056,1221.829909302865
sample,4,1,10,160724,200168794,1245.4194395360992
sample,4,2,11,166146,200253543,1205.2865732548482
sample,4,2,12,166424,200152223,1202.6644173917223
sample,4,2,13,179578,200211518,1114.900032297943
sample,4,2,14,178521,200165503,1121.2434559519609
sample,4,2,15,169859,200241824,1178.8708517064154
sample,4,2,16,166322,200192949,1203.646835656137
sample,4,2,17,165616,200146338,1208.4963892377548
sample,4,2,18,163712,200143301,1222.532868696247
sample,4,2,19,165044,200300674,1213.6198468287243
sample,4,2,20,168919,200188772,1185.1169613838586
case,5,1,nrm2+4096+uniform,ok,direct,arithmetic,policy
sample,5,1,1,609252,200200371,328.6002688542672
sample,5,1,2,602335,200146891,332.2850091726365
sample,5,1,3,598821,200163919,334.2633591674307
sample,5,1,4,508415,200176865,393.7272995485971
sample,5,1,5,602694,200185316,332.1508360793371
sample,5,1,6,602915,200153572,331.9764344891071
sample,5,1,7,599995,200223963,333.70938591154925
sample,5,1,8,582040,200223659,344.00326266236
sample,5,1,9,580766,200213230,344.739929679079
sample,5,1,10,579008,200206642,345.7752604454515
sample,5,2,11,605608,200269964,330.6924016855788
sample,5,2,12,604496,200184724,331.1597165241788
sample,5,2,13,590519,200183244,338.99543283111973
sample,5,2,14,589049,200161991,339.80533198426616
sample,5,2,15,588402,200192024,340.2300196124418
sample,5,2,16,586612,200182728,341.25235760604966
sample,5,2,17,585733,200161896,341.72890378380595
sample,5,2,18,585112,200146628,342.0654985712137
sample,5,2,19,579708,200240108,345.41546433721805
sample,5,2,20,580844,200191131,344.65558910826314
case,6,1,asum+4096+uniform,ok,direct,arithmetic,policy
sample,6,1,1,836381,200167933,239.32625561795402
sample,6,1,2,823084,200097807,243.10739487099738
sample,6,1,3,807055,200137500,247.98495765468277
sample,6,1,4,633729,200132854,315.80195004489303
sample,6,1,5,815448,200162149,245.46279958991866
sample,6,1,6,815240,200189012,245.55837790098622
sample,6,1,7,812360,200115277,246.33817150032004
sample,6,1,8,813616,200185524,246.04423216849227
sample,6,1,9,814098,200152157,245.85757120150154
sample,6,1,10,814345,200203721,245.84631943463765
sample,6,2,11,781578,200178277,256.1206648600652
sample,6,2,12,800441,200255540,250.18151244126676
sample,6,2,13,783110,200183636,255.62645860734762
sample,6,2,14,785083,200161567,254.9559307741984
sample,6,2,15,783357,200210728,255.5804416121896
sample,6,2,16,783985,200147181,255.29465614775793
sample,6,2,17,777632,200156818,257.392723036089
sample,6,2,18,776514,200177293,257.78967668322787
sample,6,2,19,778614,200182911,257.10160747173825
sample,6,2,20,779083,200255586,257.0401176768072
case,7,1,sum+4096+uniform,ok,direct,arithmetic,policy
sample,7,1,1,1279780,200169902,156.40961884073826
sample,7,1,2,1340244,200210831,149.3838666690543
sample,7,1,3,1280777,200310249,156.39744389538538
sample,7,1,4,1282761,200157978,156.03684396391844
sample,7,1,5,1282081,200200979,156.15314399012232
sample,7,1,6,1279812,200182712,156.41571730847969
sample,7,1,7,1276469,200186457,156.8282950858971
sample,7,1,8,1280338,200184709,156.3530169377149
sample,7,1,9,1289716,200185783,155.21694931287198
sample,7,1,10,1282405,200153194,156.0764298330091
sample,7,2,11,1279525,200243658,156.49843340302064
sample,7,2,12,1286051,200212358,155.67995203922706
sample,7,2,13,1058256,200195751,189.17516272055155
sample,7,2,14,1279917,200190807,156.40921012846925
sample,7,2,15,1284972,200200891,155.80175365688902
sample,7,2,16,1299665,200205391,154.04384283642324
sample,7,2,17,1280157,200188334,156.377955203932
sample,7,2,18,1278487,200178251,156.57433434989952
sample,7,2,19,1309854,200131402,152.789090997928
sample,7,2,20,1287222,200187048,155.5186657779311
case,8,1,compensated-sum+4096+uniform,ok,unsupported,arithmetic,policy
sample,8,1,1,71071,200153744,2816.2505663350735
sample,8,1,2,70721,200177501,2830.524186592384
sample,8,1,3,69331,200151667,2886.9000447130434
sample,8,1,4,68893,200159454,2905.36707648092
sample,8,1,5,69243,200114266,2890.0288260185143
sample,8,1,6,73048,200106577,2739.384747015661
sample,8,1,7,70760,200098937,2827.8538298473713
sample,8,1,8,71046,200102491,2816.5201559552966
sample,8,1,9,69779,200109105,2867.755413519827
sample,8,1,10,71716,200225531,2791.9227369066875
sample,8,2,11,68579,200222038,2919.5823502821563
sample,8,2,12,68963,200102148,2901.5870539274683
sample,8,2,13,68117,200225096,2939.4291586534932
sample,8,2,14,69070,200212727,2898.693021572318
sample,8,2,15,68807,200139927,2908.714622058802
sample,8,2,16,69493,200105615,2879.5075043529564
sample,8,2,17,69332,200178644,2887.2475047597068
sample,8,2,18,69379,200322924,2887.3711641851282
sample,8,2,19,68640,200190983,2916.53530011655
sample,8,2,20,68738,200164553,2911.9926823591027
case,9,1,iamax+4096+uniform,ok,direct,arithmetic,policy
sample,9,1,1,175654,200227008,1139.8943832762134
sample,9,1,2,171378,200170170,1168.0038861464132
sample,9,1,3,170983,200148328,1170.5744313762186
sample,9,1,4,171586,200176310,1166.6237921508748
sample,9,1,5,168216,200182475,1190.0323096494983
sample,9,1,6,163703,200147280,1222.6243868469119
sample,9,1,7,163995,200180209,1220.6482453733345
sample,9,1,8,163893,200166399,1221.323662389486
sample,9,1,9,164263,200199621,1218.7748975727948
sample,9,1,10,164585,200161380,1216.1580946015736
sample,9,2,11,172233,200088115,1161.7292562981543
sample,9,2,12,168478,200087721,1187.619279668562
sample,9,2,13,170808,200081795,1171.3842150250573
sample,9,2,14,168732,200083393,1185.8058518834603
sample,9,2,15,172207,200089111,1161.9104391807534
sample,9,2,16,171572,200081121,1166.1641818012263
sample,9,2,17,172323,200077816,1161.0627484433303
sample,9,2,18,173417,200080650,1153.7545338692285
sample,9,2,19,172082,200090706,1162.7637172975674
sample,9,2,20,171387,200089441,1167.4715176763698
case,10,1,swap+4096+uniform,ok,direct,reset-and-arithmetic,policy
sample,10,1,1,78892,200173667,2537.3126172488974
sample,10,1,2,79162,200164284,2528.540006568808
sample,10,1,3,85810,200144662,2332.4165248805502
sample,10,1,4,83738,200128572,2389.937328333612
sample,10,1,5,83662,200116591,2391.9651813248547
sample,10,1,6,80306,200150655,2492.3499489452843
sample,10,1,7,79308,200159158,2523.820522519796
sample,10,1,8,79241,200216257,2526.675041960601
sample,10,1,9,78871,200176380,2538.0225938557896
sample,10,1,10,79366,200189899,2522.3634679837714
sample,10,2,11,74517,200187861,2686.472362011353
sample,10,2,12,78727,200262992,2543.765061541784
sample,10,2,13,77913,200184859,2569.3383517513125
sample,10,2,14,77333,200263163,2589.621028538916
sample,10,2,15,77817,200150945,2572.072233573641
sample,10,2,16,77051,200182052,2598.0461252936366
sample,10,2,17,77411,200140765,2585.4305589644882
sample,10,2,18,77685,200184819,2576.878663834717
sample,10,2,19,76714,200241348,2610.2321349427743
sample,10,2,20,76956,200159847,2600.9647980664276
case,11,1,rot+4096+uniform,ok,direct,reset-and-arithmetic,policy
sample,11,1,1,80904,200304421,2475.8284015623453
sample,11,1,2,80357,200204371,2491.4366016650697
sample,11,1,3,80836,200157390,2476.0922113909646
sample,11,1,4,80688,200184857,2480.974333234186
sample,11,1,5,78137,200192062,2562.064860437437
sample,11,1,6,80394,200153260,2489.654203049979
sample,11,1,7,80418,200193330,2489.4094605685295
sample,11,1,8,80550,200212185,2485.5640595903164
sample,11,1,9,80387,200201152,2490.466767014567
sample,11,1,10,81037,200116343,2469.444118118884
sample,11,2,11,83593,200175277,2394.641620709868
sample,11,2,12,83750,200213935,2390.6141492537313
sample,11,2,13,83308,200237747,2403.5836534306427
sample,11,2,14,83159,200161305,2406.9710434228405
sample,11,2,15,82895,200189090,2414.9718318354544
sample,11,2,16,82891,200197495,2415.1897672847476
sample,11,2,17,83211,200196625,2405.8913484995974
sample,11,2,18,82943,200162700,2413.2560915327394
sample,11,2,19,82936,200153533,2413.3492452011187
sample,11,2,20,82886,200186836,2415.2068624375647
case,12,1,rotm+4096+uniform,ok,direct,reset-and-arithmetic,policy
sample,12,1,1,83118,200226632,2408.9442960610218
sample,12,1,2,80591,200206488,2484.228859301907
sample,12,1,3,83615,200240697,2394.7939604138014
sample,12,1,4,82508,200196752,2426.3920104717117
sample,12,1,5,82971,200233104,2413.290233937159
sample,12,1,6,84196,200256507,2378.4563043374983
sample,12,1,7,83174,200225694,2407.311106836271
sample,12,1,8,83291,200187004,2403.465008224178
sample,12,1,9,83298,200225616,2403.7265720665564
sample,12,1,10,82898,200197954,2414.9913628796835
sample,12,2,11,84164,200155685,2378.1626942635808
sample,12,2,12,84481,200098558,2368.5628484511312
sample,12,2,13,84184,200136660,2377.3717095885204
sample,12,2,14,84185,200088981,2376.7771099364495
sample,12,2,15,83881,200106375,2385.5983476591837
sample,12,2,16,83710,200086992,2390.2400191136066
sample,12,2,17,83958,200091416,2383.2322828080705
sample,12,2,18,84415,200087935,2370.288870461411
sample,12,2,19,84400,200095511,2370.7998933649287
sample,12,2,20,84050,200088271,2380.586210588935
case,13,1,rotmg+1+uniform,ok,direct,arithmetic,policy
sample,13,1,1,27252892,200243852,7.3476184472458925
sample,13,1,2,27286849,200216142,7.3374592280699025
sample,13,1,3,27530768,200172360,7.270860006520705
sample,13,1,4,27645570,200189318,7.241280176172891
sample,13,1,5,27624075,200163016,7.245962661193181
sample,13,1,6,27237943,200210380,7.3504221666078084
sample,13,1,7,27217794,200154588,7.353813758749148
sample,13,1,8,27320412,200153489,7.326151926259384
sample,13,1,9,27314868,200306369,7.333235840641807
sample,13,1,10,27347330,200178965,7.319872360482724
sample,13,2,11,25522112,200129271,7.841407129629397
sample,13,2,12,17060094,200113788,11.729934665072772
sample,13,2,13,24093899,200116289,8.305683069394455
sample,13,2,14,22514777,200116976,8.888250414383407
sample,13,2,15,22065407,200133678,9.070019782549219
sample,13,2,16,20547453,200107003,9.738774095261345
sample,13,2,17,24028528,200822215,8.357657822401771
sample,13,2,18,25121685,200160713,7.967646795985222
sample,13,2,19,24611961,200217586,8.134970878590291
sample,13,2,20,25755353,200250126,7.775087609942679
case,14,1,ssqd+4096+uniform,ok,unsupported,arithmetic,policy
sample,14,1,1,365669,200194429,547.4744345295883
sample,14,1,2,393044,200205316,509.37125614435024
sample,14,1,3,404288,200243205,495.2984135072028
sample,14,1,4,402762,200147520,496.9374469289556
sample,14,1,5,386824,200137368,517.3861187516803
sample,14,1,6,390167,200173860,513.046618499258
sample,14,1,7,401330,200204592,498.85279445842576
sample,14,1,8,396335,200136495,504.96800686288117
sample,14,1,9,370575,200230420,540.3236052081226
sample,14,1,10,403130,200196369,496.60498846525934
sample,14,2,11,385139,200324597,520.13583926842
sample,14,2,12,371348,200255381,539.2660819500845
sample,14,2,13,357744,200252380,559.7644684467105
sample,14,2,14,383626,200197387,521.8556276164807
sample,14,2,15,344718,200269528,580.966262278152
sample,14,2,16,386082,200191387,518.520384270699
sample,14,2,17,343853,200111414,581.9679165224675
sample,14,2,18,331592,200115100,603.4979734131101
sample,14,2,19,384472,200104046,520.4645487837865
sample,14,2,20,376809,200088311,531.0072503576082
case,15,1,dot4+4096+uniform,ok,composed,arithmetic,policy
sample,15,1,1,113039,200120776,1770.3693061686674
sample,15,1,2,114575,200151755,1746.9060004363953
sample,15,1,3,135659,200174504,1475.5711305552893
sample,15,1,4,112012,200103323,1786.4454076348964
sample,15,1,5,108517,200302604,1845.8177428421354
sample,15,1,6,109798,200191532,1823.271207125813
sample,15,1,7,125240,200152971,1598.155309805174
sample,15,1,8,107997,200150345,1853.2954156133967
sample,15,1,9,119434,200176399,1676.0419897181707
sample,15,1,10,134988,200201119,1483.1030832370284
sample,15,2,11,135797,200155919,1473.9347629181793
sample,15,2,12,135230,200222504,1480.6071433853435
sample,15,2,13,131879,200184110,1517.9377307986867
sample,15,2,14,135093,200091984,1481.1425018320713
sample,15,2,15,134716,200197236,1486.068737195285
sample,15,2,16,120971,200218044,1655.0912532755785
sample,15,2,17,135171,200233182,1481.3324011807267
sample,15,2,18,132344,200193765,1512.6773030889199
sample,15,2,19,135820,200206124,1474.0548078338977
sample,15,2,20,117754,200205131,1700.1981333967424
case,16,1,axpy4+4096+uniform,ok,composed,reset-and-arithmetic,policy
sample,16,1,1,82789,200297412,2419.372283757504
sample,16,1,2,83707,200200178,2391.677852509348
sample,16,1,3,83956,200257709,2385.269772261661
sample,16,1,4,83291,200158077,2403.1177077955604
sample,16,1,5,80676,200208013,2481.630385740493
sample,16,1,6,76723,200152269,2608.76489449057
sample,16,1,7,83619,200184366,2394.0057403221754
sample,16,1,8,83885,200169307,2386.234809560708
sample,16,1,9,83038,200242355,2411.4544545870567
sample,16,1,10,83755,200165200,2389.8895588323085
sample,16,2,11,74487,200176060,2687.395921435955
sample,16,2,12,79469,200266332,2520.056021844996
sample,16,2,13,82815,200301418,2418.6610879671557
sample,16,2,14,83142,200228959,2408.2769117894686
sample,16,2,15,84409,200189052,2371.655297420891
sample,16,2,16,84170,200265851,2379.302019721991
sample,16,2,17,80750,200157880,2478.7353560371516
sample,16,2,18,76435,200183358,2619.001216720089
sample,16,2,19,77224,200221211,2592.732971615042
sample,16,2,20,80970,200161435,2472.044399160183
case,17,1,dot-axpy+4096+uniform,ok,composed,reset-and-arithmetic,policy
sample,17,1,1,120682,200274027,1659.5186274672278
sample,17,1,2,116402,200179343,1719.7242573151664
sample,17,1,3,121429,200267266,1649.2540167505292
sample,17,1,4,109796,200145471,1822.884904732413
sample,17,1,5,116464,200169697,1718.7259324769886
sample,17,1,6,119066,200262269,1681.9433675440512
sample,17,1,7,122392,200186672,1635.618929341787
sample,17,1,8,115670,200202563,1730.8080141782657
sample,17,1,9,121219,200171505,1651.321203771686
sample,17,1,10,122277,200180690,1637.1082869223158
sample,17,2,11,121530,200168292,1647.068970624537
sample,17,2,12,112542,200157395,1778.5128663076896
sample,17,2,13,117527,200107103,1702.6479277102283
sample,17,2,14,122796,200134933,1629.8163865272484
sample,17,2,15,116785,200167643,1713.98418461275
sample,17,2,16,119549,200136381,1674.0949819739187
sample,17,2,17,121476,200185138,1647.9398235042313
sample,17,2,18,121097,200205307,1653.263970205703
sample,17,2,19,121033,200149158,1653.674270653458
sample,17,2,20,120838,200244515,1657.1319866267233
case,18,1,gemv+32x21+uniform,ok,direct,reset-and-arithmetic,policy
sample,18,1,1,2510670,200153173,79.72101988712177
sample,18,1,2,2535738,200128861,78.92331975937577
sample,18,1,3,2533001,200132604,79.01007697983538
sample,18,1,4,2373803,200234408,84.35173769685184
sample,18,1,5,2534741,200213359,78.98769894044402
sample,18,1,6,2530214,200154377,79.10571082129812
sample,18,1,7,2517822,200201314,79.51368841800571
sample,18,1,8,2539740,200222068,78.83565561829164
sample,18,1,9,2566056,200243392,78.03547233575573
sample,18,1,10,2519994,200155431,79.42694744511296
sample,18,2,11,2642001,200392516,75.84876614354044
sample,18,2,12,2650072,200200430,75.54527952448085
sample,18,2,13,2642713,200206866,75.75808118399539
sample,18,2,14,2647710,200278402,75.64212168251055
sample,18,2,15,2653610,200197096,75.4433002588926
sample,18,2,16,2479032,200165390,80.74336676573759
sample,18,2,17,2638760,200260758,75.89199396686323
sample,18,2,18,2642514,200117395,75.72992801551855
sample,18,2,19,2633974,200188650,76.00251559051077
sample,18,2,20,2613713,200209626,76.59969782451249
case,19,1,gemv+129x31+uniform+transA=T,ok,direct,reset-and-arithmetic,policy
sample,19,1,1,313482,200156401,638.4940794048781
sample,19,1,2,315891,200206739,633.784245198502
sample,19,1,3,319173,200291369,627.5323069307241
sample,19,1,4,312601,200145708,640.2593337833213
sample,19,1,5,315552,200177435,634.3722587719299
sample,19,1,6,305054,200202339,656.2849167688344
sample,19,1,7,315193,200166939,635.0614988277024
sample,19,1,8,314143,200171803,637.1996288314557
sample,19,1,9,312616,200108151,640.1084749341045
sample,19,1,10,314770,200278094,636.2680496870731
sample,19,2,11,176732,200235154,1132.9875404567367
sample,19,2,12,163583,200133757,1223.4386030333226
sample,19,2,13,95620,200186387,2093.561880359757
sample,19,2,14,205550,200235543,974.1451860861105
sample,19,2,15,245498,200276231,815.7957743036603
sample,19,2,16,257998,200266111,776.2312537306491
sample,19,2,17,263623,200182000,759.3495256483691
sample,19,2,18,253556,200102313,789.1839002035053
sample,19,2,19,265075,200147065,755.058247665755
sample,19,2,20,278076,200108722,719.6188164386714
case,20,1,symv+129+uniform+uplo=U,ok,direct,reset-and-arithmetic,policy
sample,20,1,1,68325,200189164,2929.9548335162826
sample,20,1,2,52056,200147676,3844.8531581373904
sample,20,1,3,74674,200183875,2680.7707501941773
sample,20,1,4,71332,200156634,2805.986569842427
sample,20,1,5,73076,200156731,2739.021443428759
sample,20,1,6,86509,200179686,2313.975262689431
sample,20,1,7,84612,200208553,2366.1957287382406
sample,20,1,8,82641,200256951,2423.215486259847
sample,20,1,9,85278,200129591,2346.79039142569
sample,20,1,10,80783,200144070,2477.551836401223
sample,20,2,11,89441,200133138,2237.599512527812
sample,20,2,12,88991,200270644,2250.4595296153543
sample,20,2,13,92848,200273516,2157.004092710667
sample,20,2,14,90638,200216475,2208.96836867539
sample,20,2,15,89515,200182069,2236.296363737921
sample,20,2,16,92125,200243742,2173.6091397557666
sample,20,2,17,90117,200297907,2222.642864276441
sample,20,2,18,88782,200191277,2254.8633394156473
sample,20,2,19,92714,200266033,2160.0409107578143
sample,20,2,20,90758,200263755,2206.568622049847
case,21,1,ger+129x31+uniform,ok,direct,reset-and-arithmetic,policy
sample,21,1,1,168012,200233136,1191.7787777063543
sample,21,1,2,178941,200255202,1119.113014904354
sample,21,1,3,175170,200101139,1142.3253924758806
sample,21,1,4,169013,200270569,1184.9418032932379
sample,21,1,5,165972,200248362,1206.5189429542334
sample,21,1,6,168475,200150785,1188.0147499629024
sample,21,1,7,166262,200146890,1203.8041765406406
sample,21,1,8,166074,200205547,1205.5201115165528
sample,21,1,9,166678,200206379,1201.156595351516
sample,21,1,10,164529,200126632,1216.3608360836083
sample,21,2,11,177013,200098218,1130.415381921102
sample,21,2,12,173054,200155717,1156.608440140072
sample,21,2,13,168914,200165401,1185.0136815184057
sample,21,2,14,169341,200229473,1182.4039836779043
sample,21,2,15,168866,200226804,1185.7141402058437
sample,21,2,16,169356,200126242,1181.689706889629
sample,21,2,17,169372,200161187,1181.7843976572278
sample,21,2,18,169873,200122243,1178.0697521089285
sample,21,2,19,168519,200107334,1187.4467211412364
sample,21,2,20,169054,200185685,1184.1523122789167
case,22,1,syr+129+uniform+uplo=L,ok,direct,reset-and-arithmetic,policy
sample,22,1,1,48297,200163914,4144.437832577592
sample,22,1,2,48815,200212764,4101.459879135512
sample,22,1,3,50949,200118657,3927.82305835247
sample,22,1,4,49188,200252524,4071.1662194031064
sample,22,1,5,48372,200318212,4141.201769618788
sample,22,1,6,48356,200131890,4138.718876664737
sample,22,1,7,48474,200136267,4128.734311177126
sample,22,1,8,51684,200203272,3873.6025075458556
sample,22,1,9,52392,200158012,3820.392655367232
sample,22,1,10,52176,200133453,3835.7377529898804
sample,22,2,11,48645,200166937,4114.851207729469
sample,22,2,12,48798,200230411,4103.250358621255
sample,22,2,13,48698,200262389,4112.332929483757
sample,22,2,14,48793,200205148,4103.153075236202
sample,22,2,15,48591,200180358,4119.700314873125
sample,22,2,16,48434,200220809,4133.88960234546
sample,22,2,17,52489,200287175,3815.793309074282
sample,22,2,18,52486,200216315,3814.6613382616315
sample,22,2,19,52450,200161303,3816.230753098189
sample,22,2,20,52380,200097359,3820.1099465444827
case,23,1,syr2+129+uniform+uplo=U,ok,direct,reset-and-arithmetic,policy
sample,23,1,1,38752,200105310,5163.741484310487
sample,23,1,2,38870,200095411,5147.810933882171
sample,23,1,3,39104,200092855,5116.940850040916
sample,23,1,4,38648,200100533,5177.513273649348
sample,23,1,5,38394,200102391,5211.814111579934
sample,23,1,6,38897,200094075,5144.203280458647
sample,23,1,7,39141,200154826,5113.687080043944
sample,23,1,8,38908,200103181,5142.982959802612
sample,23,1,9,38224,200141469,5236.015827752198
sample,23,1,10,38435,200110722,5206.471237153636
sample,23,2,11,38200,200185171,5240.449502617801
sample,23,2,12,38270,200244495,5232.414293180037
sample,23,2,13,38119,200221627,5252.541436029277
sample,23,2,14,38357,200149503,5218.069791693823
sample,23,2,15,38125,200136452,5249.480708196721
sample,23,2,16,38741,200292557,5170.040964353011
sample,23,2,17,38243,200118514,5232.814214366028
sample,23,2,18,38053,200214776,5261.471526555068
sample,23,2,19,37079,200177467,5398.6749103266
sample,23,2,20,36299,200105014,5512.686685583625
case,24,1,trsv+129+triangular+uplo=L+transA=N+diag=N,ok,direct,reset-and-arithmetic,policy
sample,24,1,1,127273,200228374,1573.2195673866413
sample,24,1,2,127294,200272682,1573.3081056451992
sample,24,1,3,127074,200234259,1575.729567023939
sample,24,1,4,127210,200194498,1573.7323952519455
sample,24,1,5,127374,200225557,1571.9499819429398
sample,24,1,6,127451,200229525,1571.0314159951668
sample,24,1,7,127258,200184890,1573.0633044680885
sample,24,1,8,127419,200318458,1572.1239218640862
sample,24,1,9,127444,200186883,1570.7831125827815
sample,24,1,10,127658,200189233,1568.1683325761019
sample,24,2,11,107710,200096088,1857.729904372853
sample,24,2,12,111584,200159260,1793.798931746487
sample,24,2,13,109242,200116657,1831.8655553724757
sample,24,2,14,110327,200119463,1813.8756877282985
sample,24,2,15,106529,200098970,1878.3520919186326
sample,24,2,16,106830,200091040,1872.9854909669568
sample,24,2,17,107624,200086352,1859.1239128818852
sample,24,2,18,107646,200083139,1858.7141092098173
sample,24,2,19,107485,200098264,1861.638963576313
sample,24,2,20,107870,200084780,1854.8695652173913
case,25,1,trmv+129+triangular+uplo=U+transA=T+diag=U,ok,direct,reset-and-arithmetic,policy
sample,25,1,1,130121,200166131,1538.3076597935767
sample,25,1,2,136681,200194655,1464.6853256853549
sample,25,1,3,133437,200159303,1500.028500340985
sample,25,1,4,136225,200277425,1470.1958157460085
sample,25,1,5,131567,200224320,1521.8430153457934
sample,25,1,6,131388,200151708,1523.3636861813864
sample,25,1,7,131044,200198562,1527.7201703244712
sample,25,1,8,130788,200184936,1530.6062941554271
sample,25,1,9,130675,200141200,1531.595178878898
sample,25,1,10,131086,200166335,1526.984842012114
sample,25,2,11,133306,200103862,1501.086687770993
sample,25,2,12,133162,200226811,1503.6332512278277
sample,25,2,13,133511,200148000,1499.1124326834492
sample,25,2,14,133191,200284697,1503.7404704522078
sample,25,2,15,132987,200241067,1505.7191078827254
sample,25,2,16,132844,200198892,1507.0224624371442
sample,25,2,17,133415,200205416,1500.6214893377805
sample,25,2,18,133277,200219094,1502.27791742011
sample,25,2,19,133231,200198564,1502.6425081249859
sample,25,2,20,135741,200275787,1475.4258993229753
case,26,1,gemm+32x21x48+uniform,ok,direct,reset-and-arithmetic,policy
sample,26,1,1,50429,200105166,3968.0573876142694
sample,26,1,2,50452,200100476,3966.155474510426
sample,26,1,3,50309,200098182,3977.383410522968
sample,26,1,4,49484,200099633,4043.723890550481
sample,26,1,5,50398,200104257,3970.480118258661
sample,26,1,6,50041,200104899,3998.818948462261
sample,26,1,7,49620,200153074,4033.7177347843613
sample,26,1,8,50261,200100188,3981.2217822964126
sample,26,1,9,50359,200096134,3973.3937131396574
sample,26,1,10,50437,200163509,3968.584749291195
sample,26,2,11,50009,200159515,4002.4698554260235
sample,26,2,12,53201,200251392,3764.053156895547
sample,26,2,13,53066,200210584,3772.8599103003808
sample,26,2,14,52688,200160165,3798.970638475554
sample,26,2,15,51035,200199425,3922.7868129714902
sample,26,2,16,51197,200153741,3909.48182510694
sample,26,2,17,53207,200205166,3762.7599000131563
sample,26,2,18,52699,200206628,3799.0593369893168
sample,26,2,19,52767,200205408,3794.140428677014
sample,26,2,20,52569,200223925,3808.783218246495
case,27,1,gemm+129x31x257+uniform+transA=T,ok,direct,reset-and-arithmetic,policy
sample,27,1,1,2520,200190555,79440.69642857143
sample,27,1,2,2541,200264587,78813.29673356946
sample,27,1,3,2429,200223153,82430.28118567311
sample,27,1,4,2492,200207166,80339.95425361156
sample,27,1,5,2617,200231816,76511.96637371035
sample,27,1,6,2617,200177694,76491.28544134506
sample,27,1,7,2522,200234225,79395.0138778747
sample,27,1,8,2439,200218208,82090.28618286183
sample,27,1,9,2445,200293855,81919.77709611451
sample,27,1,10,2442,200208364,81985.40704340705
sample,27,2,11,2445,200257639,81904.96482617587
sample,27,2,12,2447,200174921,81804.217817736
sample,27,2,13,2453,200210174,81618.49735018345
sample,27,2,14,2445,200190870,81877.65644171779
sample,27,2,15,2434,200256995,82274.85414954807
sample,27,2,16,2439,200173078,82071.78269782697
sample,27,2,17,2442,200175464,81971.93447993448
sample,27,2,18,2609,200224269,76743.6830203143
sample,27,2,19,2623,200217893,76331.64048799085
sample,27,2,20,2569,200164334,77915.27209030751
case,28,1,gemm+65x127x33+uniform+transB=T,ok,direct,reset-and-arithmetic,policy
sample,28,1,1,9145,200213802,21893.253362493164
sample,28,1,2,9115,200267092,21971.15655512891
sample,28,1,3,9189,200277736,21795.37882250517
sample,28,1,4,9756,200295515,20530.495592455925
sample,28,1,5,9380,200287395,21352.600746268658
sample,28,1,6,9185,200281471,21805.2771910724
sample,28,1,7,9168,200286163,21846.221967713787
sample,28,1,8,9972,200184196,20074.62855996791
sample,28,1,9,9675,200180962,20690.538708010336
sample,28,1,10,9494,200256030,21092.903939330103
sample,28,2,11,9614,200160724,20819.7133347202
sample,28,2,12,9726,200269453,20591.142607443966
sample,28,2,13,9615,200196174,20821.234945397817
sample,28,2,14,9593,200242523,20873.81663713124
sample,28,2,15,9591,200206706,20874.434991137525
sample,28,2,16,9610,200185637,20830.97159209157
sample,28,2,17,9576,200155494,20901.785087719298
sample,28,2,18,9497,200199742,21080.313993892807
sample,28,2,19,9718,200194734,20600.404815805723
sample,28,2,20,9534,200250549,21003.833543108874
case,29,1,symm+129x31+uniform+side=L+uplo=L,ok,direct,reset-and-arithmetic,policy
sample,29,1,1,4847,200183279,41300.449556426654
sample,29,1,2,4869,200209147,41119.15116040254
sample,29,1,3,4892,200224724,40929.01144726083
sample,29,1,4,4669,200235053,42886.068322981366
sample,29,1,5,4674,200241455,42841.56076166025
sample,29,1,6,4679,200207110,42788.43983757213
sample,29,1,7,4661,200196916,42951.49452907102
sample,29,1,8,4647,200303756,43103.8855175382
sample,29,1,9,4629,200161090,43240.676171959385
sample,29,1,10,4679,200139214,42773.92904466766
sample,29,2,11,4797,200139468,41721.79862414009
sample,29,2,12,4734,200162164,42281.82594000845
sample,29,2,13,4680,200188107,42775.23653846154
sample,29,2,14,4688,200259808,42717.53583617748
sample,29,2,15,4670,200176589,42864.365952890796
sample,29,2,16,4656,200274617,43014.30777491409
sample,29,2,17,4688,200290585,42724.100895904434
sample,29,2,18,4670,200221837,42874.05503211991
sample,29,2,19,4672,200207411,42852.613655821915
sample,29,2,20,4679,200299725,42808.23359692242
case,30,1,symm+31x129+uniform+side=R+uplo=U,ok,direct,reset-and-arithmetic,policy
sample,30,1,1,4319,200290066,46374.17596665895
sample,30,1,2,4637,200191249,43172.57903817123
sample,30,1,3,4503,200192315,44457.54274927826
sample,30,1,4,4496,200229824,44535.10320284698
sample,30,1,5,4451,200275216,44995.555156144685
sample,30,1,6,4323,200152968,46299.55308813324
sample,30,1,7,4306,200164515,46485.02438457966
sample,30,1,8,4306,200128150,46476.57919182536
sample,30,1,9,4314,200143898,46394.04218822438
sample,30,1,10,4310,200161978,46441.294199535965
sample,30,2,11,4314,200244268,46417.30829856282
sample,30,2,12,4605,200193457,43473.06340933768
sample,30,2,13,4417,200322947,45352.716096898344
sample,30,2,14,4294,200222627,46628.46460176991
sample,30,2,15,4277,200109053,46787.246434416644
sample,30,2,16,4285,200159247,46711.609568261374
sample,30,2,17,4283,200223671,46748.46392715386
sample,30,2,18,4290,200189062,46664.11701631702
sample,30,2,19,4273,200234219,46860.33676573836
sample,30,2,20,4289,200164343,46669.23362089065
case,31,1,gemmt+129x31+uniform+uplo=L+transA=N+transB=N,ok,direct,reset-and-arithmetic,policy
sample,31,1,1,1386,200285090,144505.83694083695
sample,31,1,2,1379,200300331,145250.42131979697
sample,31,1,3,1380,200297051,145142.79057971016
sample,31,1,4,1378,200263517,145329.11248185777
sample,31,1,5,1374,200281718,145765.442503639
sample,31,1,6,1406,200219879,142403.89687055477
sample,31,1,7,1367,200378313,146582.5259692758
sample,31,1,8,1399,200178476,143086.8305932809
sample,31,1,9,1349,200321804,148496.51890289102
sample,31,1,10,1315,200286648,152309.2380228137
sample,31,2,11,1372,200307388,145996.638483965
sample,31,2,12,1370,200247301,146165.91313868613
sample,31,2,13,1374,200245999,145739.4461426492
sample,31,2,14,1373,200176319,145794.8426802622
sample,31,2,15,1373,200232496,145835.75819373634
sample,31,2,16,1349,200341389,148511.0370644922
sample,31,2,17,1321,200318441,151641.5147615443
sample,31,2,18,1319,200349029,151894.63912054588
sample,31,2,19,1317,200345672,152122.7577828398
sample,31,2,20,1315,200173239,152222.99543726235
case,32,1,syrk+129x31+uniform+uplo=L+transA=N,ok,direct,reset-and-arithmetic,policy
sample,32,1,1,7394,200187589,27074.329050581553
sample,32,1,2,7346,200171845,27249.09406479717
sample,32,1,3,7272,200279128,27541.13421342134
sample,32,1,4,7486,200206784,26744.16029922522
sample,32,1,5,7288,200173714,27466.20664105379
sample,32,1,6,7318,200249619,27363.98182563542
sample,32,1,7,7292,200251764,27461.843664289634
sample,32,1,8,7303,200256489,27421.126797206627
sample,32,1,9,7279,200231447,27508.09822777854
sample,32,1,10,7301,200158265,27415.184906177237
sample,32,2,11,6928,200281535,28908.997546189377
sample,32,2,12,6684,200263703,29961.655146618792
sample,32,2,13,6963,200206622,28752.925750394945
sample,32,2,14,6940,200193607,28846.34106628242
sample,32,2,15,6950,200225979,28809.493381294964
sample,32,2,16,6961,200194204,28759.402959344923
sample,32,2,17,6960,200293687,28777.82859195402
sample,32,2,18,6940,200192257,28846.146541786744
sample,32,2,19,6926,200237473,28910.983684666473
sample,32,2,20,6918,200197803,28938.682133564613
case,33,1,syr2k+129x31+uniform+uplo=U+transA=T,ok,direct,reset-and-arithmetic,policy
sample,33,1,1,3014,200221483,66430.48540145985
sample,33,1,2,3236,200278926,61890.89184177997
sample,33,1,3,3156,200260560,63453.916349809886
sample,33,1,4,3164,200223626,63281.80341340076
sample,33,1,5,3171,200274141,63158.038789025544
sample,33,1,6,3154,200260048,63493.99112238427
sample,33,1,7,3156,200242076,63448.05956907478
sample,33,1,8,3146,200252970,63653.20089001907
sample,33,1,9,3144,200213082,63681.00572519084
sample,33,1,10,3164,200233213,63284.83343868521
sample,33,2,11,3071,200118971,65164.10647997395
sample,33,2,12,3081,200333810,65022.33365790328
sample,33,2,13,3075,200201873,65106.30016260163
sample,33,2,14,3072,200166027,65158.2119140625
sample,33,2,15,3066,200158487,65283.26386170907
sample,33,2,16,3076,200241091,65097.88394018205
sample,33,2,17,3296,200259429,60758.321905339806
sample,33,2,18,3141,200166794,63727.091372174466
sample,33,2,19,3058,200248257,65483.40647482014
sample,33,2,20,3315,200162362,60380.80301659125
case,34,1,trsm+64x16+triangular+side=L+uplo=L+transA=N+diag=N,ok,direct,reset-and-arithmetic,policy
sample,34,1,1,20528,200400702,9762.310113016369
sample,34,1,2,22114,200212333,9053.646242199511
sample,34,1,3,21575,200201657,9279.335202780996
sample,34,1,4,21664,200159325,9239.25983197932
sample,34,1,5,21350,200156857,9375.02843091335
sample,34,1,6,21278,200224334,9409.922643105556
sample,34,1,7,21444,200115864,9332.021264689423
sample,34,1,8,21451,200205459,9333.152720152906
sample,34,1,9,21457,200230063,9331.689565176865
sample,34,1,10,21296,200178560,9399.819684447784
sample,34,2,11,20582,200250643,9729.406423088136
sample,34,2,12,20522,200375979,9763.959604327063
sample,34,2,13,20395,200144396,9813.405050257415
sample,34,2,14,21936,200257359,9129.164797592997
sample,34,2,15,21339,200195879,9381.68981676742
sample,34,2,16,21471,200193345,9323.894788319129
sample,34,2,17,21424,200201707,9344.739871172516
sample,34,2,18,21101,200188228,9487.144116392588
sample,34,2,19,20961,200150543,9548.711559562998
sample,34,2,20,20417,200185899,9804.863545084978
case,35,1,trsm+17x64+triangular+side=R+uplo=U+transA=T+diag=U,ok,direct,reset-and-arithmetic,policy
sample,35,1,1,13740,200290815,14577.20633187773
sample,35,1,2,13756,200202486,14553.830037801687
sample,35,1,3,13755,200152235,14551.234823700472
sample,35,1,4,13728,200158680,14580.323426573426
sample,35,1,5,13668,200159230,14644.368598185543
sample,35,1,6,13688,200164074,14623.325102279368
sample,35,1,7,13660,200278686,14661.690043923865
sample,35,1,8,13577,200213723,14746.536274582013
sample,35,1,9,13766,200226348,14544.991137585355
sample,35,1,10,13728,200206652,14583.81789044289
sample,35,2,11,19979,200223511,10021.698333249913
sample,35,2,12,20173,200232892,9925.786546373865
sample,35,2,13,21491,200153248,9313.352007817226
sample,35,2,14,19010,200131228,10527.681641241452
sample,35,2,15,18889,200237317,10600.736778018952
sample,35,2,16,20956,200193299,9553.03011070815
sample,35,2,17,21271,200178303,9410.855295942833
sample,35,2,18,20671,200266306,9688.273716801315
sample,35,2,19,20133,200173721,9942.567972979685
sample,35,2,20,20070,200328154,9981.47254608869
case,36,1,trmm+64x16+triangular+side=L+uplo=U+transA=T+diag=N,ok,direct,reset-and-arithmetic,policy
sample,36,1,1,26768,200113751,7475.857404363419
sample,36,1,2,26647,200155255,7511.361691747664
sample,36,1,3,26802,200174286,7468.632415491381
sample,36,1,4,26734,200136463,7486.214670457096
sample,36,1,5,26402,200134363,7580.272820240891
sample,36,1,6,26812,200250638,7468.694539758317
sample,36,1,7,28431,200178556,7040.855263620696
sample,36,1,8,27231,200211564,7352.339759832544
sample,36,1,9,26718,200197912,7492.997679467026
sample,36,1,10,26683,200190387,7502.544204174943
sample,36,2,11,27083,200194197,7391.876712328767
sample,36,2,12,29000,200161468,6902.119586206896
sample,36,2,13,27706,200171186,7224.8316610120555
sample,36,2,14,27138,200251815,7379.018903382711
sample,36,2,15,27922,200250975,7171.799118974285
sample,36,2,16,27191,200251571,7364.626935383031
sample,36,2,17,27195,200115023,7358.522632836919
sample,36,2,18,27174,200239846,7368.802752631192
sample,36,2,19,27248,200265063,7349.716052554316
sample,36,2,20,27184,200220041,7365.363485874043
case,37,1,trmm+17x64+triangular+side=R+uplo=L+transA=N+diag=U,ok,direct,reset-and-arithmetic,policy
sample,37,1,1,17990,200169751,11126.723235130628
sample,37,1,2,18237,200229323,10979.290617974448
sample,37,1,3,17984,200168746,11130.37955960854
sample,37,1,4,18588,200223315,10771.643802453196
sample,37,1,5,18096,200180497,11062.140638815208
sample,37,1,6,18249,200248548,10973.124445175077
sample,37,1,7,17978,200240958,11138.110913338525
sample,37,1,8,17447,200220714,11475.939359202155
sample,37,1,9,17413,200153192,11494.469189685868
sample,37,1,10,17446,200204071,11475.643184684168
sample,37,2,11,17076,200312265,11730.631588193957
sample,37,2,12,14940,200197129,13400.075568942437
sample,37,2,13,17492,200120105,11440.664589526641
sample,37,2,14,17592,200196859,11379.994258753979
sample,37,2,15,16988,200109792,11779.479161761243
sample,37,2,16,17344,200171994,11541.281941881918
sample,37,2,17,15352,200167544,13038.532047941637
sample,37,2,18,14577,200142758,13730.037593469164
sample,37,2,19,13808,200179299,14497.342048088065
sample,37,2,20,17098,200198223,11708.867879284127
run,2,jvm-simd/simd(4 lanes)/simd-sparse/packed-8x4,1,ns,4651056efd0b86423730c3545912091ec2f5f3db,true,kotlin-2.4.10/jvm/Eclipse Adoptium/25.0.1,1,5,200000000,jmh-average-time,200000000,2
case,38,2,gemm-tile+4x4x32+uniform+packed=4x4,unsupported,unsupported,arithmetic,unavailable
case,39,2,gemm-tile+3x2x31+uniform+packed=4x4,unsupported,unsupported,arithmetic,unavailable
case,40,2,packed-trsm+4x4+triangular+packed=4x4+uplo=L+diag=N,unsupported,unsupported,arithmetic,unavailable
case,41,2,packed-trsm+3x2+triangular+packed=4x4+uplo=U+diag=U,unsupported,unsupported,arithmetic,unavailable
case,42,2,gemm-trsm+4x4x32+triangular+packed=4x4+uplo=L+diag=N,unsupported,unsupported,arithmetic,unavailable
case,43,2,gemm-trsm+3x2x31+triangular+packed=4x4+uplo=U+diag=U,unsupported,unsupported,arithmetic,unavailable
case,44,1,gemm-tile+8x4x32+uniform+packed=8x4,ok,partial,raw-tile,vector-tile
sample,44,1,1,3799378,200200175,52.69288157166778
sample,44,1,2,4184939,200188146,47.83537967936928
sample,44,1,3,4180515,200144986,47.87567703979055
sample,44,1,4,4161722,200146941,48.09233797932683
sample,44,1,5,4165338,200141644,48.04931652605383
sample,44,1,6,4021010,200227656,49.795363851370674
sample,44,1,7,4083725,200303879,49.04930645427888
sample,44,1,8,4222078,200273500,47.43481764192893
sample,44,1,9,4198612,200280438,47.7015828087949
sample,44,1,10,4128620,200191786,48.48878947444909
sample,44,2,11,4144174,200166347,48.300661844797055
sample,44,2,12,4183900,200187751,47.84716436817324
sample,44,2,13,4161894,200196734,48.10231447509235
sample,44,2,14,4102374,200131537,48.78432268730252
sample,44,2,15,4177560,200104411,47.899829326209556
sample,44,2,16,4133716,200136940,48.41574505844137
sample,44,2,17,4151871,200363530,48.25861159944517
sample,44,2,18,4119808,200223377,48.600171901214814
sample,44,2,19,4180840,200218157,47.8894569033974
sample,44,2,20,4203313,200207799,47.630951823002476
case,45,1,gemm-tile+7x2x31+uniform+packed=8x4,ok,partial,raw-tile,vector-tile
sample,45,1,1,4136326,200159284,48.39059687268363
sample,45,1,2,4303006,200189760,46.523235152356285
sample,45,1,3,4222368,200150229,47.40236497624082
sample,45,1,4,4351137,200185922,46.00772671602848
sample,45,1,5,4172653,200098514,47.95474581758895
sample,45,1,6,4140722,200188330,48.34623768511868
sample,45,1,7,4325764,200159599,46.27150232883717
sample,45,1,8,4341928,200185611,46.10523504765625
sample,45,1,9,4345112,200143747,46.06181543766881
sample,45,1,10,4265731,200227851,46.93869608749356
sample,45,2,11,4481750,200209852,44.672249009873376
sample,45,2,12,4474178,200269775,44.76124441182269
sample,45,2,13,4534835,200184280,44.14367446665645
sample,45,2,14,4482203,200137024,44.651485887631594
sample,45,2,15,4491833,200192612,44.56813332107405
sample,45,2,16,4523842,200284083,44.273005776948004
sample,45,2,17,4500937,200230803,44.486470928164515
sample,45,2,18,4506921,200176804,44.415423301185
sample,45,2,19,4500802,200189698,44.478672467706865
sample,45,2,20,4251597,200151049,47.076674717759
case,46,1,packed-trsm+8x4+triangular+packed=8x4+uplo=L+diag=N,ok,partial,raw-tile,portable-solve
sample,46,1,1,3307163,200199099,60.53499600715175
sample,46,1,2,3228700,200228312,62.015149131229286
sample,46,1,3,3189326,200175307,62.76414107557522
sample,46,1,4,3335127,200157836,60.01505669799081
sample,46,1,5,3312279,200088894,60.408224669479836
sample,46,1,6,3329457,200079860,60.093841127847575
sample,46,1,7,3251475,200142278,61.554303200854996
sample,46,1,8,3311383,200086961,60.42398629213232
sample,46,1,9,3325749,200111843,60.170458744782
sample,46,1,10,3315875,200083824,60.34118415199608
sample,46,2,11,3267642,200169432,61.258066826170065
sample,46,2,12,3315310,200102106,60.3569820016831
sample,46,2,13,3330611,200267391,60.12932491966189
sample,46,2,14,3346938,200206327,59.817757902895124
sample,46,2,15,3274806,200181849,61.12784971079203
sample,46,2,16,3152401,200053505,63.46067806728903
sample,46,2,17,3094470,200151196,64.68028321489625
sample,46,2,18,2582168,200140582,77.50873761893106
sample,46,2,19,2274040,200146968,88.01382913229318
sample,46,2,20,1827462,200131637,109.51343283745435
case,47,1,packed-trsm+7x2+triangular+packed=8x4+uplo=U+diag=U,ok,partial,raw-tile,portable-solve
sample,47,1,1,11625663,200122998,17.21389980081136
sample,47,1,2,13073991,200099520,15.305159686892855
sample,47,1,3,12521498,200086511,15.979438801970819
sample,47,1,4,12979987,200090317,15.415294098522596
sample,47,1,5,11670991,200105411,17.14553725557667
sample,47,1,6,10551442,200093041,18.96357303579928
sample,47,1,7,10244377,200133410,19.535927855837404
sample,47,1,8,10736768,200097069,18.636620349811043
sample,47,1,9,13083036,200120149,15.296155189055506
sample,47,1,10,13312076,200086710,15.030466322457894
sample,47,2,11,12572477,200191462,15.922992899489893
sample,47,2,12,10889664,200285584,18.3922648118436
sample,47,2,13,13124619,200217636,15.255119862908021
sample,47,2,14,13417104,200184065,14.92006509005222
sample,47,2,15,13672363,200254707,14.646678631923391
sample,47,2,16,13651704,200247995,14.668351657785724
sample,47,2,17,13077863,200275384,15.314075701817645
sample,47,2,18,12981335,200214014,15.423222187856641
sample,47,2,19,13035033,200258261,15.36308047704981
sample,47,2,20,12979219,200220538,15.426239282964561
case,48,1,gemm-trsm+8x4x32+triangular+packed=8x4+uplo=L+diag=N,ok,composed,raw-tile,vector-update-portable-solve
sample,48,1,1,2145754,200103010,93.25533588659277
sample,48,1,2,2136545,200164961,93.68628369634152
sample,48,1,3,2292913,200201846,87.31331978143086
sample,48,1,4,2232765,200165068,89.64896350489191
sample,48,1,5,2278172,200150498,87.85574486913191
sample,48,1,6,2246479,200153595,89.09657958075726
sample,48,1,7,2245772,200238730,89.16253742588295
sample,48,1,8,2231227,200274797,89.75993791756733
sample,48,1,9,2152200,200141849,92.99407536474305
sample,48,1,10,2164002,200176435,92.50288816738616
sample,48,2,11,2180656,200173189,91.79494106360654
sample,48,2,12,2310931,200156115,86.61276126375041
sample,48,2,13,2263230,200175496,88.44681981062463
sample,48,2,14,2254427,200168009,88.78886253580178
sample,48,2,15,2254912,200203836,88.7856537195243
sample,48,2,16,2143548,200102496,93.35106841554283
sample,48,2,17,2127731,200135813,94.06067449315726
sample,48,2,18,1915195,200173560,104.5186312620908
sample,48,2,19,1801542,200128360,111.08725747165484
sample,48,2,20,1713694,200129033,116.78224525498717
case,49,1,gemm-trsm+7x2x31+triangular+packed=8x4+uplo=U+diag=U,ok,composed,raw-tile,vector-update-portable-solve
sample,49,1,1,2200089,200168579,90.9820370903177
sample,49,1,2,1953783,200311492,102.52494366058052
sample,49,1,3,1846834,200166625,108.38365819559311
sample,49,1,4,1137421,200496733,176.2731064399198
sample,49,1,5,2148317,203261399,94.6142487351727
sample,49,1,6,1398659,200170938,143.11632642409623
sample,49,1,7,1419096,200468503,141.26493415526505
sample,49,1,8,1517018,200238728,131.99495853048546
sample,49,1,9,1137039,200238017,176.10479235980472
sample,49,1,10,994081,200184992,201.37694212041072
sample,49,2,11,1000130,200852992,200.82688450501433
sample,49,2,12,925085,199974940,216.16926012204283
sample,49,2,13,974600,200185076,205.4022942745742
sample,49,2,14,1559103,200148486,128.37412666129177
sample,49,2,15,982721,200372542,203.8956550231449
sample,49,2,16,1353142,200180922,147.937852790025
sample,49,2,17,1062249,200175063,188.4445765540848
sample,49,2,18,1417801,200157663,141.17472268675223
sample,49,2,19,1003022,200148878,199.54585043997042
sample,49,2,20,1017259,200179369,196.78308965563343
case,50,2,pack-left+4x32+uniform+packed=4x4,unsupported,unsupported,arithmetic,unavailable
case,51,2,pack-left+3x31+uniform+packed=4x4,unsupported,unsupported,arithmetic,unavailable
case,52,2,pack-right+32x4+uniform+packed=4x4,unsupported,unsupported,arithmetic,unavailable
case,53,2,pack-right+31x2+uniform+packed=4x4,unsupported,unsupported,arithmetic,unavailable
case,54,2,pack-symmetric-left+4x4+uniform+packed=4x4+uplo=L,unsupported,unsupported,arithmetic,unavailable
case,55,2,pack-symmetric-right+4x4+uniform+packed=4x4+uplo=U,unsupported,unsupported,arithmetic,unavailable
case,56,2,pack-triangular-left+4x4+triangular+packed=4x4+uplo=L+diag=N,unsupported,unsupported,arithmetic,unavailable
case,57,2,pack-triangular-right+4x4+triangular+packed=4x4+uplo=U+diag=U,unsupported,unsupported,arithmetic,unavailable
case,58,2,write-left+3x31+uniform+packed=4x4,unsupported,unsupported,arithmetic,unavailable
case,59,2,write-left+4x32+uniform+packed=4x4,unsupported,unsupported,arithmetic,unavailable
case,60,2,write-right+31x2+uniform+packed=4x4,unsupported,unsupported,arithmetic,unavailable
case,61,2,write-right+32x4+uniform+packed=4x4,unsupported,unsupported,arithmetic,unavailable
case,62,2,clear-left-padding+3x31+uniform+packed=4x4,unsupported,unsupported,arithmetic,unavailable
case,63,2,clear-left-padding+4x32+uniform+packed=4x4,unsupported,unsupported,arithmetic,unavailable
case,64,2,clear-right-padding+31x2+uniform+packed=4x4,unsupported,unsupported,arithmetic,unavailable
case,65,2,clear-right-padding+32x4+uniform+packed=4x4,unsupported,unsupported,arithmetic,unavailable
case,66,1,pack-left+7x31+uniform+packed=8x4,ok,unsupported,packing-only,portable-layout
sample,66,1,1,332634,203222272,610.9485861337085
sample,66,1,2,341840,200149829,585.5073396910835
sample,66,1,3,352100,200276745,568.8064328315819
sample,66,1,4,356497,200156986,561.4548958336255
sample,66,1,5,337913,200191631,592.4354227271517
sample,66,1,6,335563,200152753,596.4684813283943
sample,66,1,7,328151,200223861,610.1577048371024
sample,66,1,8,279826,200176175,715.3594555187867
sample,66,1,9,322526,200167599,620.6246907226084
sample,66,1,10,325968,200103428,613.8744539341285
sample,66,2,11,322916,200236583,620.0887630219623
sample,66,2,12,401053,200204692,499.1975923381698
sample,66,2,13,353372,200097375,566.2513583419174
sample,66,2,14,329634,201155427,610.2387102058647
sample,66,2,15,318416,204096093,640.9731075071604
sample,66,2,16,361600,200975027,555.7937693584071
sample,66,2,17,333060,200168203,600.9974268900498
sample,66,2,18,348181,200135106,574.8019162447118
sample,66,2,19,437553,200140449,457.40847165943325
sample,66,2,20,572638,200123515,349.47648427104036
case,67,1,pack-left+8x32+uniform+packed=8x4,ok,unsupported,packing-only,portable-layout
sample,67,1,1,439446,200393952,456.0149642959544
sample,67,1,2,739293,200132306,270.7076977598868
sample,67,1,3,695586,200176270,287.7807632701061
sample,67,1,4,687793,200189988,291.0613920176565
sample,67,1,5,797526,200193278,251.01787026379077
sample,67,1,6,674357,200126498,296.7663982134092
sample,67,1,7,460181,200185848,435.0154569614999
sample,67,1,8,433793,200179079,461.462215849495
sample,67,1,9,597470,200315032,335.2721174284901
sample,67,1,10,659454,200132793,303.48256739666454
sample,67,2,11,818928,200132728,244.38378953949552
sample,67,2,12,560445,200191324,357.2006601896707
sample,67,2,13,345525,200136777,579.2251703928804
sample,67,2,14,428454,200169848,467.190988997652
sample,67,2,15,497151,200193128,402.6807308041219
sample,67,2,16,834682,200121453,239.7577197064271
sample,67,2,17,790309,200274164,253.4124804348679
sample,67,2,18,592658,200178737,337.76433794869894
sample,67,2,19,526725,200152097,379.9935393231762
sample,67,2,20,534795,200129410,374.2170551332754
case,68,1,pack-right+31x2+uniform+packed=8x4,ok,unsupported,packing-only,portable-layout
sample,68,1,1,801599,200160430,249.70144673334173
sample,68,1,2,1020462,200114005,196.10137859126553
sample,68,1,3,922184,200124079,217.01100756465087
sample,68,1,4,1059068,200123669,188.96205814924065
sample,68,1,5,473026,201020226,424.9665472933834
sample,68,1,6,401714,200105935,498.13034895472896
sample,68,1,7,533637,200483149,375.6919947454918
sample,68,1,8,618720,200197205,323.5667264675459
sample,68,1,9,630763,200152464,317.31801643406476
sample,68,1,10,736464,200144437,271.76404685089835
sample,68,2,11,730320,200135499,274.0380915215248
sample,68,2,12,662670,200131743,302.0081533795102
sample,68,2,13,866186,200142707,231.0620432562983
sample,68,2,14,858411,200167044,233.1832234209487
sample,68,2,15,732668,200161319,273.19511565948017
sample,68,2,16,754484,200218077,265.3708720131905
sample,68,2,17,808884,200286745,247.6087362341201
sample,68,2,18,895549,200193419,223.54267494017637
sample,68,2,19,822793,200148520,243.25501067704758
sample,68,2,20,928243,200158388,215.63145426359262
case,69,1,pack-right+32x4+uniform+packed=8x4,ok,unsupported,packing-only,portable-layout
sample,69,1,1,677035,201237641,297.23373385423207
sample,69,1,2,444277,200121963,450.44412157280254
sample,69,1,3,722000,200131524,277.1904764542936
sample,69,1,4,882858,200146696,226.70315724612564
sample,69,1,5,651344,200156078,307.29703198309954
sample,69,1,6,666531,200156381,300.2956816712201
sample,69,1,7,841753,200247659,237.8936089327867
sample,69,1,8,749793,200188954,266.9922952068104
sample,69,1,9,800216,200312163,250.32261664350625
sample,69,1,10,590807,200589615,339.51800672639285
sample,69,2,11,719236,200147283,278.27762097559076
sample,69,2,12,860982,200147915,232.46469148019355
sample,69,2,13,797847,200184741,250.9061775001974
sample,69,2,14,721385,200166566,277.4753647497522
sample,69,2,15,733041,200143874,273.0323051507351
sample,69,2,16,788831,200150048,253.72994722570488
sample,69,2,17,864214,200257979,231.72267401361236
sample,69,2,18,829162,200196099,241.44389033747325
sample,69,2,19,785211,200187370,254.9472307443477
sample,69,2,20,768323,200195902,260.5621620073849
case,70,1,pack-symmetric-left+8x8+uniform+packed=8x4+uplo=L,ok,unsupported,packing-only,portable-layout
sample,70,1,1,1637188,200239315,122.30685480225851
sample,70,1,2,1576476,200159867,126.9666439577894
sample,70,1,3,1552209,200361564,129.08156311424557
sample,70,1,4,971357,200157034,206.059187301888
sample,70,1,5,1203878,200126678,166.23501550821595
sample,70,1,6,1835652,200165409,109.0432222447392
sample,70,1,7,1763316,200138114,113.50099131409232
sample,70,1,8,1517449,200136856,131.89033437038083
sample,70,1,9,1673095,200118872,119.6099874782962
sample,70,1,10,1511451,200168495,132.43465716056954
sample,70,2,11,1660601,200165422,120.537938975106
sample,70,2,12,1312782,200168534,152.47659855177784
sample,70,2,13,1080942,200844367,185.8049432809531
sample,70,2,14,1661200,201815454,121.48775222730556
sample,70,2,15,1604159,200100876,124.73880456987119
sample,70,2,16,1129743,200188908,177.1986265902953
sample,70,2,17,1121612,200250259,178.5379070480701
sample,70,2,18,1736919,200157693,115.2372062255062
sample,70,2,19,1746387,200180228,114.62535394503051
sample,70,2,20,1667405,200235611,120.08816754177899
case,71,1,pack-symmetric-right+4x4+uniform+packed=8x4+uplo=U,ok,unsupported,packing-only,portable-layout
sample,71,1,1,2876795,200164701,69.5790631588278
sample,71,1,2,3317146,200139563,60.33486708152128
sample,71,1,3,2960561,200132476,67.59951103861734
sample,71,1,4,2454828,200594808,81.71440443077886
sample,71,1,5,3912698,200121291,51.14662337854851
sample,71,1,6,3872957,200138890,51.67599072233438
sample,71,1,7,3804470,200217108,52.62680688768738
sample,71,1,8,3812316,200133656,52.496607311670914
sample,71,1,9,3386586,200139675,59.097768372041934
sample,71,1,10,3826535,200107619,52.29473113404163
sample,71,2,11,3185611,199755106,62.705429507871486
sample,71,2,12,3665792,200202079,54.613594824801844
sample,71,2,13,2910031,200246773,68.8125909998897
sample,71,2,14,2983526,200152466,67.0858795934743
sample,71,2,15,2340318,200186060,85.53797389927352
sample,71,2,16,2801531,200139194,71.439221625604
sample,71,2,17,3664485,200120127,54.61070982689245
sample,71,2,18,3620846,200127532,55.270931710434525
sample,71,2,19,3779442,200135129,52.9536182854506
sample,71,2,20,3897643,200130908,51.34664924417142
case,72,1,pack-triangular-left+8x8+triangular+packed=8x4+uplo=L+diag=N,ok,unsupported,packing-only,portable-layout
sample,72,1,1,1887949,200149802,106.01441140624031
sample,72,1,2,1971129,200137834,101.53462000711268
sample,72,1,3,2096813,200131153,95.44539880284985
sample,72,1,4,2038483,200158878,98.19011392295153
sample,72,1,5,2511349,200180074,79.71017727922325
sample,72,1,6,1923218,200125158,104.05744850557763
sample,72,1,7,2383970,200226631,83.98873769384682
sample,72,1,8,2416881,200168817,82.8211306224841
sample,72,1,9,1939190,200189085,103.2333525853578
sample,72,1,10,1777615,200126811,112.58163944386158
sample,72,2,11,1938139,200290064,103.34143423149733
sample,72,2,12,1927581,200180903,103.85083843428629
sample,72,2,13,1518242,200203539,131.86536731298435
sample,72,2,14,2129920,200184783,93.98699622521033
sample,72,2,15,1728178,200181215,115.83367859097848
sample,72,2,16,2269942,200186868,88.19030089755597
sample,72,2,17,2222677,200170796,90.05842774276245
sample,72,2,18,2055502,200190299,97.392412656373
sample,72,2,19,2441165,200212847,82.0152865537561
sample,72,2,20,2272972,200165597,88.06338001523996
case,73,1,pack-triangular-right+4x4+triangular+packed=8x4+uplo=U+diag=U,ok,unsupported,packing-only,portable-layout
sample,73,1,1,3022123,200223779,66.2526902445731
sample,73,1,2,4152400,200180821,48.208462816684325
sample,73,1,3,4566220,200127389,43.82780264639023
sample,73,1,4,4858449,200127687,41.19168216029436
sample,73,1,5,5279300,200124152,37.9073271077605
sample,73,1,6,5383833,200123228,37.17114330998008
sample,73,1,7,4998630,200185858,40.04814479167292
sample,73,1,8,5335301,200128082,37.510176464270714
sample,73,1,9,4822770,200132133,41.497341361914415
sample,73,1,10,4128574,200208533,48.493386094084784
sample,73,2,11,3475090,200276984,57.63217182864329
sample,73,2,12,4617179,200173284,43.354022878471895
sample,73,2,13,4112425,200147295,48.668922837498556
sample,73,2,14,2098398,200137515,95.37633709143833
sample,73,2,15,2017592,200189456,99.22197153834868
sample,73,2,16,2040061,200202421,98.13550722257814
sample,73,2,17,2166375,200224676,92.42383059257978
sample,73,2,18,3964081,200195800,50.50244936972781
sample,73,2,19,3346738,200166220,59.80934868519735
sample,73,2,20,3485593,200157698,57.42428849266108
case,74,1,write-left+7x31+uniform+packed=8x4,ok,unsupported,layout-only,portable-layout
sample,74,1,1,639301,200137355,313.0565336203134
sample,74,1,2,1421777,200164324,140.7846124954898
sample,74,1,3,1380075,200179835,145.04996829882433
sample,74,1,4,828524,200167299,241.59505216505497
sample,74,1,5,672420,200182648,297.704779750751
sample,74,1,6,1014950,200194488,197.24566530370953
sample,74,1,7,904745,200286464,221.37338587115707
sample,74,1,8,1421549,200233448,140.85581854723264
sample,74,1,9,1247556,200175820,160.45437639673088
sample,74,1,10,1393384,200197688,143.6773265661153
sample,74,2,11,1301037,200145775,153.8355750067062
sample,74,2,12,1439519,200145101,139.03609539019632
sample,74,2,13,1456869,200092314,137.34406731147413
sample,74,2,14,999746,200169681,200.22053701640218
sample,74,2,15,709456,200137743,282.1002895176022
sample,74,2,16,679683,200138188,294.4581341596009
sample,74,2,17,634826,200206763,315.37265801967783
sample,74,2,18,1079375,200129636,185.41251742906775
sample,74,2,19,650998,200151848,307.45386007330285
sample,74,2,20,654634,200187676,305.8009147095934
case,75,1,write-left+8x32+uniform+packed=8x4,ok,unsupported,layout-only,portable-layout
sample,75,1,1,888716,200143015,225.20469418801957
sample,75,1,2,1286987,200143323,155.51308832179345
sample,75,1,3,1237148,200133668,161.77019079366414
sample,75,1,4,1222816,200179658,163.70382625022899
sample,75,1,5,926227,200229945,216.1780481458649
sample,75,1,6,1521514,200264409,131.62179841920613
sample,75,1,7,1357591,200204271,147.4702403006502
sample,75,1,8,1353615,200133136,147.8508556716644
sample,75,1,9,1632439,200098967,122.57668862358716
sample,75,1,10,1688681,200120256,118.5068440990335
sample,75,2,11,1622408,200232340,123.41676076547947
sample,75,2,12,1766698,200217596,113.32870473618016
sample,75,2,13,1702905,200190872,117.55844982544534
sample,75,2,14,1211277,200139293,165.2299952859668
sample,75,2,15,1176014,200328667,170.34547803002346
sample,75,2,16,1192729,200134703,167.79562079902476
sample,75,2,17,1251780,200222116,159.94992410807012
sample,75,2,18,494514,200195590,404.8330077611554
sample,75,2,19,492687,200650372,407.2572891105306
sample,75,2,20,1011964,200126252,197.76024838828258
case,76,1,write-right+31x2+uniform+packed=8x4,ok,unsupported,layout-only,portable-layout
sample,76,1,1,1682930,200146185,118.92721919509427
sample,76,1,2,944990,200219333,211.87455211166255
sample,76,1,3,1582640,200205160,126.50075822676035
sample,76,1,4,1464719,200171582,136.66210515464059
sample,76,1,5,1309297,200206456,152.91141429331924
sample,76,1,6,1396823,200189317,143.31759786315087
sample,76,1,7,1366219,200254193,146.57547069686484
sample,76,1,8,1339326,200176748,149.4608093921868
sample,76,1,9,1581855,200951167,127.03513722812774
sample,76,1,10,1655940,200220136,120.9102600335761
sample,76,2,11,1747299,200137559,114.54110544331566
sample,76,2,12,1340975,200128926,149.24135498424653
sample,76,2,13,1790875,200124342,111.74668360438334
sample,76,2,14,1896643,200117258,105.5112944291572
sample,76,2,15,1495300,200220729,133.90003945696515
sample,76,2,16,1406276,200216312,142.37341176269808
sample,76,2,17,1240282,200192410,161.40878445385806
sample,76,2,18,1900065,200165401,105.34660708975746
sample,76,2,19,2195234,200232681,91.21245434427492
sample,76,2,20,2215339,200197467,90.36877290563656
case,77,1,write-right+32x4+uniform+packed=8x4,ok,unsupported,layout-only,portable-layout
sample,77,1,1,1192194,200141900,167.8769562671847
sample,77,1,2,1353195,200244858,147.97930675179853
sample,77,1,3,1615122,200264890,123.99366115996192
sample,77,1,4,1729784,200197535,115.73556871840645
sample,77,1,5,1549881,200104872,129.10982972241095
sample,77,1,6,1614772,200159390,123.95520234435574
sample,77,1,7,1592840,200255462,125.72227091233269
sample,77,1,8,1640259,200283693,122.10491940602063
sample,77,1,9,1194328,200174624,167.6043967821235
sample,77,1,10,1250966,200189136,160.0276394402406
sample,77,2,11,1622446,200213883,123.40249413539803
sample,77,2,12,1615433,200201513,123.93055793709797
sample,77,2,13,1698077,200196174,117.89581626746019
sample,77,2,14,1643996,200125722,121.73127063569498
sample,77,2,15,1325033,200246996,151.1260444079506
sample,77,2,16,1341057,200196589,149.28268447948147
sample,77,2,17,1340591,200161774,149.30860642806047
sample,77,2,18,1280328,200195226,156.36245243406378
sample,77,2,19,1394194,200166191,143.57126124484827
sample,77,2,20,1609756,200253004,124.39960093330915
case,78,1,clear-left-padding+7x31+uniform+packed=8x4,ok,unsupported,layout-only,portable-layout
sample,78,1,1,2440007,200205558,82.05122280386901
sample,78,1,2,2503169,200184276,79.97233746502933
sample,78,1,3,2526474,200163301,79.2263450959717
sample,78,1,4,2432211,200211092,82.31649803409326
sample,78,1,5,3161390,200191688,63.323945479678244
sample,78,1,6,3127553,200172746,64.00299083660613
sample,78,1,7,2914025,200271677,68.72682183577697
sample,78,1,8,1167917,200232012,171.44370019444875
sample,78,1,9,1119352,200204851,178.8578132705351
sample,78,1,10,1803419,200138478,110.9772482157502
sample,78,2,11,2172040,200152340,92.14947238540726
sample,78,2,12,2150638,200176468,93.07771368310242
sample,78,2,13,2477748,200222626,80.80830899671798
sample,78,2,14,2946151,200259727,67.97334114918074
sample,78,2,15,3043304,200170358,65.77402651854695
sample,78,2,16,2526973,200208104,79.22843022066321
sample,78,2,17,1375096,200259629,145.63319870030892
sample,78,2,18,1036214,200167273,193.1717512019718
sample,78,2,19,1027119,200343253,195.05359456888638
sample,78,2,20,1823340,200130188,109.76021367380741
case,79,1,clear-left-padding+8x32+uniform+packed=8x4,ok,unsupported,layout-only,portable-layout
sample,79,1,1,22679101,200175996,8.82645198325983
sample,79,1,2,24301811,200098126,8.233877137798496
sample,79,1,3,25634162,200093308,7.80572846500697
sample,79,1,4,25883740,200092410,7.730428832927545
sample,79,1,5,21574051,200105319,9.275277925318708
sample,79,1,6,18342229,200136210,10.911226220106618
sample,79,1,7,13444671,200169404,14.888382467670649
sample,79,1,8,18413327,200106030,10.867456489530653
sample,79,1,9,21015609,200117520,9.522327903987936
sample,79,1,10,24846617,200219418,8.058216456590449
sample,79,2,11,13039230,200148308,15.349703011604213
sample,79,2,12,16690961,200213574,11.995329328251382
sample,79,2,13,10944667,200192223,18.291303243853832
sample,79,2,14,15174679,200214207,13.193966541236227
sample,79,2,15,22542797,200168309,8.879479729156945
sample,79,2,16,24784464,200179119,8.076798392735062
sample,79,2,17,24691489,200211596,8.108526626320511
sample,79,2,18,25024904,200171702,7.99889989587972
sample,79,2,19,25747828,200199969,7.7754119298917175
sample,79,2,20,24540284,200210911,8.158459413102147
case,80,1,clear-right-padding+31x2+uniform+packed=8x4,ok,unsupported,layout-only,portable-layout
sample,80,1,1,1965813,200117370,101.7987824884666
sample,80,1,2,2061825,200121942,97.06058564621149
sample,80,1,3,2490472,200097365,80.34515746412728
sample,80,1,4,2576925,200120831,77.65877198599105
sample,80,1,5,2597608,200102621,77.03341728236131
sample,80,1,6,2600066,200096301,76.95816221588221
sample,80,1,7,2589677,200180899,77.2995624550861
sample,80,1,8,2568132,200107634,77.91952827969902
sample,80,1,9,2518498,200151671,79.47263448293387
sample,80,1,10,2594674,200090455,77.11583613201505
sample,80,2,11,1975775,200143611,101.29878705824297
sample,80,2,12,1934264,200110482,103.45562032897267
sample,80,2,13,2285147,200144589,87.58499518849334
sample,80,2,14,2454905,200158124,81.53395915524226
sample,80,2,15,2474368,200112547,80.87420585781905
sample,80,2,16,2554118,200139240,78.35943366751262
sample,80,2,17,2591262,200264524,77.28455246902861
sample,80,2,18,2559146,200126686,78.20057394146329
sample,80,2,19,2604644,200154748,76.84533778896463
sample,80,2,20,2603453,200258304,76.92026858176429
case,81,1,clear-right-padding+32x4+uniform+packed=8x4,ok,unsupported,layout-only,portable-layout
sample,81,1,1,25779518,200290141,7.769351661268454
sample,81,1,2,25036927,200258200,7.998513555597298
sample,81,1,3,17373145,200193101,11.523135333297454
sample,81,1,4,10861022,200126502,18.426120672621785
sample,81,1,5,18941235,200137066,10.566209964661756
sample,81,1,6,19399353,200122957,10.315960382802457
sample,81,1,7,19501462,200117051,10.261643511650563
sample,81,1,8,23815004,200112873,8.402806608808463
sample,81,1,9,25739335,200155773,7.776260458943481
sample,81,1,10,25865730,200234754,7.741314627501331
sample,81,2,11,25513101,200220057,7.847735051885696
sample,81,2,12,23197076,200173815,8.629269266523075
sample,81,2,13,25315078,200287783,7.911797980634308
sample,81,2,14,25513438,200164945,7.845471276744435
sample,81,2,15,25419799,200208105,7.87606955507398
sample,81,2,16,25678684,200204171,7.796512118767457
sample,81,2,17,25169938,200203632,7.954077280603552
sample,81,2,18,25481514,200164665,7.855289328569723
sample,81,2,19,25238275,200282341,7.9356588752598975
sample,81,2,20,22204015,200173366,9.015187838776004
case,82,1,spdot+4096+sparse-uniform+density=0.01,ok,direct,arithmetic,policy
sample,82,1,1,8565046,200197461,23.373775342245683
sample,82,1,2,8520362,200179717,23.4942737174782
sample,82,1,3,8281893,200232601,24.177153822199827
sample,82,1,4,8444746,200161442,23.70248222977932
sample,82,1,5,8319913,200156027,24.057466346102416
sample,82,1,6,8211708,200201744,24.38003689366451
sample,82,1,7,8558830,200299643,23.402689736798138
sample,82,1,8,8507184,200194624,23.532419658490987
sample,82,1,9,8557607,200172437,23.39116963422134
sample,82,1,10,8049369,200194926,24.870884413424207
sample,82,2,11,8285632,200183628,24.160332971582616
sample,82,2,12,5760474,200125752,34.74119525580707
sample,82,2,13,6183853,200177923,32.371067520524825
sample,82,2,14,6439209,200174254,31.086776962822608
sample,82,2,15,6475360,200184585,30.91481940772405
sample,82,2,16,7272324,200159946,27.523518754114917
sample,82,2,17,8456406,200204923,23.674942168103094
sample,82,2,18,8529846,200233676,23.47447726488849
sample,82,2,19,8547895,200222975,23.42365869023894
sample,82,2,20,8171543,200161705,24.494970533716828
case,83,1,spdot-raw+64+sparse-uniform+density=0.125,ok,unsupported,arithmetic,policy
sample,83,1,1,18686769,200169502,10.711830493543319
sample,83,1,2,17801511,200115400,11.241483939200442
sample,83,1,3,18596626,200283210,10.7698681470499
sample,83,1,4,18491909,200202692,10.82650212046793
sample,83,1,5,17933593,200181412,11.1623706415106
sample,83,1,6,18648836,200124886,10.731226656720022
sample,83,1,7,18513534,200122251,10.809511085241748
sample,83,1,8,18620434,200193799,10.751296076127979
sample,83,1,9,18690008,200181395,10.710610450246998
sample,83,1,10,14983905,200166701,13.35878070502983
sample,83,2,11,18418457,200130589,10.865763022385643
sample,83,2,12,17614798,200187532,11.364736172393235
sample,83,2,13,18281246,200187772,10.950444625054551
sample,83,2,14,18641601,200167522,10.737678700450674
sample,83,2,15,18278547,200140930,10.949498885223207
sample,83,2,16,18058078,200203431,11.086641169674868
sample,83,2,17,18144913,200104649,11.028140449061398
sample,83,2,18,17863704,200189265,11.206481309811224
sample,83,2,19,17691056,200174564,11.31501499966989
sample,83,2,20,17956199,200183694,11.148444835123513
case,84,1,spdot-raw+4096+sparse-uniform+density=0.0625,ok,unsupported,arithmetic,policy
sample,84,1,1,182471,200241146,1097.3861380712551
sample,84,1,2,971805,200184906,205.99287511383457
sample,84,1,3,612981,200162969,326.54025002406274
sample,84,1,4,181379,200168425,1103.5920641309083
sample,84,1,5,1263094,200174774,158.47971251545806
sample,84,1,6,1423755,200173345,140.59535875203247
sample,84,1,7,1216421,200196376,164.57819784433187
sample,84,1,8,1240204,200124010,161.36378370010095
sample,84,1,9,1249317,200129115,160.19082026419235
sample,84,1,10,1408036,200220883,142.19869591402494
sample,84,2,11,1396729,200158584,143.3052395990919
sample,84,2,12,1359695,200215058,147.24997738463406
sample,84,2,13,1381900,200191074,144.8665417179246
sample,84,2,14,1361157,200157705,147.0496827331454
sample,84,2,15,1184360,200314384,169.13302036542942
sample,84,2,16,900648,200122442,222.1982861228804
sample,84,2,17,1136201,200210955,176.21085969824
sample,84,2,18,1419366,200192976,141.04394215445487
sample,84,2,19,1062596,200208993,188.41496956510284
sample,84,2,20,1058807,200712434,189.56470253785628
case,85,1,spdot-raw+65536+sparse-uniform+density=0.015625,ok,unsupported,arithmetic,policy
sample,85,1,1,307203,200287771,651.9720543093655
sample,85,1,2,314018,200250503,637.7038991395398
sample,85,1,3,311638,200216865,642.4661466188334
sample,85,1,4,312938,200265560,639.9528341077146
sample,85,1,5,278031,200120085,719.7761580543176
sample,85,1,6,253722,200135235,788.7973254191595
sample,85,1,7,307159,200229760,651.8765850911092
sample,85,1,8,307961,200191978,650.0562668649602
sample,85,1,9,297459,200168922,672.9294524623562
sample,85,1,10,317048,200168502,631.3507796926648
sample,85,2,11,276820,200328403,723.6774907882378
sample,85,2,12,289154,200248980,692.5340130172849
sample,85,2,13,306066,200235003,654.2216482719414
sample,85,2,14,299196,200322937,669.5374837898902
sample,85,2,15,307558,200183611,650.8808452389468
sample,85,2,16,307126,200261943,652.0514153800069
sample,85,2,17,305846,200201828,654.5837709173898
sample,85,2,18,307468,200229769,651.221489716003
sample,85,2,19,305932,200112820,654.1088215681916
sample,85,2,20,300427,200202815,666.3942155665103
case,86,1,spdot-raw+262144+sparse-uniform+density=0.03125,ok,unsupported,arithmetic,policy
sample,86,1,1,36243,200240531,5524.943602902629
sample,86,1,2,36258,200260308,5523.203375806718
sample,86,1,3,36160,200218927,5537.027848451327
sample,86,1,4,36120,200263550,5544.3950719822815
sample,86,1,5,36241,200209880,5524.402748268536
sample,86,1,6,36440,200208094,5494.1847969264545
sample,86,1,7,36508,200201553,5483.772132135422
sample,86,1,8,36182,200194275,5532.979796583937
sample,86,1,9,36322,200201521,5511.852899069435
sample,86,1,10,35325,200228913,5668.192866242038
sample,86,2,11,39573,200192349,5058.8115381699645
sample,86,2,12,39879,200233576,5021.028009729432
sample,86,2,13,37296,200192899,5367.677472114972
sample,86,2,14,38669,200235911,5178.202461920401
sample,86,2,15,39328,200206287,5090.680609235151
sample,86,2,16,36952,200173518,5417.122699718554
sample,86,2,17,37663,200275937,5317.577914664259
sample,86,2,18,39103,200223132,5120.403345011891
sample,86,2,19,36908,200203108,5424.3824645063405
sample,86,2,20,39553,200224836,5062.190883118853
case,87,1,spdot-sparse+4096+sparse-uniform+density=0.01,ok,unsupported,arithmetic,policy
sample,87,1,1,2938295,200170144,68.12459062143182
sample,87,1,2,2945911,200159488,67.94485237334054
sample,87,1,3,2933078,200212552,68.26022083285886
sample,87,1,4,2758485,200202143,72.57684671114761
sample,87,1,5,2854883,200169890,70.11491889510008
sample,87,1,6,2953716,200199686,67.77892187332837
sample,87,1,7,2942948,200251744,68.04460833150976
sample,87,1,8,2936784,200123651,68.14381003165367
sample,87,1,9,2959603,200157715,67.6299202967425
sample,87,1,10,2992981,200143978,66.87111545312182
sample,87,2,11,2850071,200160649,70.2300570757711
sample,87,2,12,2918827,200221298,68.5964937284738
sample,87,2,13,2898274,200193282,69.07327671572806
sample,87,2,14,2914173,200250830,68.71617779726873
sample,87,2,15,2927794,200234762,68.3910008695967
sample,87,2,16,2918550,200193504,68.59348100940535
sample,87,2,17,2930641,200201369,68.31316732414513
sample,87,2,18,2901829,200154752,68.97537794266995
sample,87,2,19,2884986,200197121,69.39275303242373
sample,87,2,20,2924421,200098070,68.4231408542067
case,88,1,spaxpy+4096+sparse-uniform+density=0.01,ok,direct,reset-and-arithmetic,policy
sample,88,1,1,281379,200194316,711.4756822648457
sample,88,1,2,240389,200192964,832.7875401952668
sample,88,1,3,269914,200176001,741.628818808954
sample,88,1,4,267452,200154314,748.3747139673661
sample,88,1,5,261027,200156935,766.8054837239059
sample,88,1,6,260592,200164328,768.1138638177688
sample,88,1,7,264133,200230552,758.0671555617814
sample,88,1,8,282766,200202591,708.015076069966
sample,88,1,9,272482,200150642,734.5462892961737
sample,88,1,10,269936,200204609,741.6743561436786
sample,88,2,11,211660,200211474,945.9107719928187
sample,88,2,12,212073,200115626,943.6167074545086
sample,88,2,13,212080,200184342,943.9095718596756
sample,88,2,14,212266,200102682,942.6977565884315
sample,88,2,15,209960,200169232,953.3684130310535
sample,88,2,16,212225,200175608,943.223503357286
sample,88,2,17,214744,200172043,932.1426582349216
sample,88,2,18,212504,200253739,942.3527980649776
sample,88,2,19,210797,200163827,949.5572849708487
sample,88,2,20,211423,200175910,946.8029022386401
case,89,1,spaxpy-raw+64+sparse-uniform+density=0.125,ok,unsupported,reset-and-arithmetic,policy
sample,89,1,1,11362569,200294254,17.627550072523213
sample,89,1,2,11361794,200227780,17.622901805823975
sample,89,1,3,11412705,200245094,17.545804785105723
sample,89,1,4,11287496,200260515,17.741801636075884
sample,89,1,5,11467810,200171131,17.455044249948333
sample,89,1,6,11560997,200121823,17.310083464254856
sample,89,1,7,11362731,200242185,17.62271631705441
sample,89,1,8,11569828,200162241,17.300364447941664
sample,89,1,9,10833974,200238265,18.48243913083048
sample,89,1,10,8947718,200230763,22.37785801921786
sample,89,2,11,11197821,200108311,17.87029021092586
sample,89,2,12,10801851,200166288,18.530739592686476
sample,89,2,13,10952574,200191756,18.27805555114259
sample,89,2,14,11106775,200266339,18.031007110524882
sample,89,2,15,11182564,200167018,17.899921520681662
sample,89,2,16,11398592,200165038,17.560505543140767
sample,89,2,17,11384748,200162366,17.581624643777797
sample,89,2,18,11402271,200328008,17.569132324604457
sample,89,2,19,11474461,200189302,17.44651029795648
sample,89,2,20,11071000,200129338,18.07689802185891
case,90,1,spaxpy-raw+4096+sparse-uniform+density=0.0625,ok,unsupported,reset-and-arithmetic,policy
sample,90,1,1,211414,200095502,946.4628737926532
sample,90,1,2,213144,200103747,938.8195163832902
sample,90,1,3,211513,200092725,946.0067466302307
sample,90,1,4,213281,200095435,938.1774982300345
sample,90,1,5,213846,200103340,935.7357163566305
sample,90,1,6,193711,200111593,1033.0419697384248
sample,90,1,7,164006,200117054,1220.181298245186
sample,90,1,8,172081,200104264,1162.8492628471477
sample,90,1,9,208489,200105898,959.7911544493954
sample,90,1,10,214142,200112391,934.4845523064135
sample,90,2,11,168864,200154585,1185.3005081011938
sample,90,2,12,163983,200185342,1220.768872383113
sample,90,2,13,169896,200189269,1178.3047805716437
sample,90,2,14,168535,200200702,1187.8879876583499
sample,90,2,15,159343,200210545,1256.4753079834068
sample,90,2,16,157781,200205834,1268.8843016586281
sample,90,2,17,165756,200172519,1207.6336241222036
sample,90,2,18,164055,200209664,1220.3813599097864
sample,90,2,19,161632,200264221,1239.0134441199762
sample,90,2,20,168717,200259753,1186.9565781752876
case,91,1,spaxpy-raw+65536+sparse-uniform+density=0.015625,ok,unsupported,reset-and-arithmetic,policy
sample,91,1,1,11964,200231346,16736.15396188566
sample,91,1,2,9490,200179137,21093.691991570075
sample,91,1,3,9394,200178326,21309.168192463276
sample,91,1,4,11476,200206578,17445.676019518996
sample,91,1,5,12146,200202538,16483.001646632638
sample,91,1,6,12327,200220456,16242.431735215381
sample,91,1,7,12508,200231118,16008.24416373521
sample,91,1,8,12438,200211976,16096.798199067374
sample,91,1,9,12592,200209146,15899.709815756036
sample,91,1,10,12621,200201852,15862.59820933365
sample,91,2,11,14282,200114205,14011.637375717686
sample,91,2,12,14198,200260502,14104.83885054233
sample,91,2,13,14200,200213299,14099.528098591549
sample,91,2,14,13847,200142907,14453.882212753666
sample,91,2,15,14241,200275530,14063.305245418158
sample,91,2,16,14428,200285042,13881.69129470474
sample,91,2,17,14197,200155955,14098.468338381348
sample,91,2,18,14497,200207060,13810.240739463337
sample,91,2,19,14321,200188919,13978.696948537114
sample,91,2,20,14388,200127352,13909.323881011955
case,92,1,spaxpy-raw+262144+sparse-uniform+density=0.03125,ok,unsupported,reset-and-arithmetic,policy
sample,92,1,1,1635,200203622,122448.69847094802
sample,92,1,2,1643,200360305,121947.84236153378
sample,92,1,3,1638,200399868,122344.24175824175
sample,92,1,4,1630,200157539,122796.03619631902
sample,92,1,5,1618,200189546,123726.54264524103
sample,92,1,6,1617,200152183,123779.95238095238
sample,92,1,7,1624,200243896,123302.89162561577
sample,92,1,8,1615,200169991,123944.26687306502
sample,92,1,9,1595,200234762,125539.03573667712
sample,92,1,10,1592,200272384,125799.23618090453
sample,92,2,11,1625,200137377,123161.46276923077
sample,92,2,12,1434,200119341,139553.23640167364
sample,92,2,13,1436,200215281,139425.6831476323
sample,92,2,14,1627,200410639,123178.02028272895
sample,92,2,15,1578,200262664,126909.1660329531
sample,92,2,16,1607,200294095,124638.51586807716
sample,92,2,17,1610,200192361,124343.08136645962
sample,92,2,18,1616,200213610,123894.56064356436
sample,92,2,19,1614,200164348,124017.56381660471
sample,92,2,20,1622,200240878,123453.06905055487
case,93,1,spnrm2+4096+sparse-uniform+density=0.01,ok,unsupported,arithmetic,policy
sample,93,1,1,17352090,200114315,11.532577055559301
sample,93,1,2,17358549,200140652,11.529803095869362
sample,93,1,3,17370009,200168252,11.52378516326618
sample,93,1,4,17411068,200197644,11.498297749454542
sample,93,1,5,17363361,200157227,11.527562376892353
sample,93,1,6,17546812,200167759,11.40764253928292
sample,93,1,7,17551304,200190856,11.406038890329745
sample,93,1,8,16976955,200181900,11.791390152120918
sample,93,1,9,17442497,200261225,11.481224563203307
sample,93,1,10,17584051,200194374,11.38499734788076
sample,93,2,11,16944989,200134155,11.810816460252644
sample,93,2,12,16975535,200159734,11.79107073797674
sample,93,2,13,17469625,200112563,11.454886009287549
sample,93,2,14,16406609,200176461,12.200964928218866
sample,93,2,15,16671190,200104424,12.003007823676654
sample,93,2,16,17441208,200198144,11.478456308760265
sample,93,2,17,17383024,200203954,11.517210929467739
sample,93,2,18,17402637,200182988,11.503026121845787
sample,93,2,19,17154904,200141253,11.666707840510211
sample,93,2,20,16265816,200142438,12.304481865527066
case,94,1,spnrm2-indexed+4096+sparse-uniform+density=0.01,ok,unsupported,arithmetic,policy
sample,94,1,1,7499983,200190478,26.6921242354816
sample,94,1,2,7451823,200137229,26.85748561123902
sample,94,1,3,7484156,200254468,26.75712104344164
sample,94,1,4,7476368,200289802,26.78971955366563
sample,94,1,5,7477378,200156785,26.768311699635888
sample,94,1,6,7408159,200200604,27.02433951539107
sample,94,1,7,7291493,200162292,27.451482433021607
sample,94,1,8,7623506,200149362,26.254240765338153
sample,94,1,9,7658211,200249829,26.14838230495347
sample,94,1,10,7511312,200107788,26.64085688359104
sample,94,2,11,7209725,200203581,27.768546095724872
sample,94,2,12,7257704,200213055,27.586280041181066
sample,94,2,13,7204396,200120549,27.777560950286464
sample,94,2,14,7117003,200115075,28.11788543576559
sample,94,2,15,7070153,200141260,28.30791073403928
sample,94,2,16,7211494,200289815,27.773692247403936
sample,94,2,17,7165177,200154350,27.93432039431824
sample,94,2,18,7232143,200130961,27.672428628692767
sample,94,2,19,7295793,200195434,27.43984567544611
sample,94,2,20,7289842,200130587,27.453350429268564
case,95,1,spnrm2-indexed+4096+sparse-uniform+density=0.5,ok,unsupported,arithmetic,policy
sample,95,1,1,219406,200170477,912.329093096816
sample,95,1,2,217188,200203303,921.7972585962392
sample,95,1,3,218208,200179841,917.380852214401
sample,95,1,4,216640,200201265,924.1195762555392
sample,95,1,5,217245,200189162,921.4903081774034
sample,95,1,6,216540,200187088,924.4808718943382
sample,95,1,7,213971,200163421,935.4698580648779
sample,95,1,8,213110,200150076,939.186692318521
sample,95,1,9,213213,200189808,938.9193341869399
sample,95,1,10,213629,200203617,937.1556155765369
sample,95,2,11,217607,200191135,919.9664303078486
sample,95,2,12,198264,200260236,1010.0685752330227
sample,95,2,13,215167,200271692,930.7732691351368
sample,95,2,14,219461,200119714,911.8691430368038
sample,95,2,15,218356,200155023,916.6454001721959
sample,95,2,16,213826,200190613,936.2313890733587
sample,95,2,17,212929,200148289,939.9766541898942
sample,95,2,18,211873,200244857,945.1173910786179
sample,95,2,19,212688,200171200,941.1494771684345
sample,95,2,20,213620,200181578,937.0919295946072
case,96,1,spnrm2-indexed+262144+sparse-uniform+density=0.03125,ok,unsupported,arithmetic,policy
sample,96,1,1,45038,200196399,4445.055264443359
sample,96,1,2,42612,200211733,4698.4824227917015
sample,96,1,3,46199,200188093,4333.169397606009
sample,96,1,4,46146,200150604,4337.333766740346
sample,96,1,5,45245,200186465,4424.499171179135
sample,96,1,6,44775,200206820,4471.397431602457
sample,96,1,7,45196,200187474,4429.318391008053
sample,96,1,8,45631,200185415,4387.048607306437
sample,96,1,9,45960,200189685,4355.73727154047
sample,96,1,10,45684,200130283,4380.7521889501795
sample,96,2,11,45916,200191999,4359.961647356042
sample,96,2,12,43692,200156291,4581.074132564314
sample,96,2,13,39563,200148218,5058.974749134292
sample,96,2,14,42013,200195564,4765.086140004284
sample,96,2,15,44667,200241549,4482.986298609712
sample,96,2,16,45324,200285822,4418.979392816168
sample,96,2,17,46256,200145672,4326.912659979246
sample,96,2,18,46341,200137314,4318.79575322069
sample,96,2,19,46327,200116341,4319.648174930386
sample,96,2,20,46186,200135669,4333.2539947170135
case,97,1,spasum+4096+sparse-uniform+density=0.01,ok,unsupported,arithmetic,policy
sample,97,1,1,21629048,200225433,9.25724668972948
sample,97,1,2,21585967,200116960,9.270697022746306
sample,97,1,3,21876935,200127293,9.14786705724545
sample,97,1,4,21423455,200181983,9.3440569226579
sample,97,1,5,20778020,200122370,9.631445633414542
sample,97,1,6,21391258,200118014,9.355130680018913
sample,97,1,7,20840256,200122608,9.602694323908498
sample,97,1,8,20325939,200214548,9.850199196209337
sample,97,1,9,20795110,200226939,9.62855878136735
sample,97,1,10,21418847,200197615,9.346797005459724
sample,97,2,11,21204743,200092597,9.436218915739747
sample,97,2,12,20841299,200087595,9.600533776709408
sample,97,2,13,21049144,200085646,9.505642889801125
sample,97,2,14,20702405,200089964,9.66505891465267
sample,97,2,15,20934831,200090562,9.557782529985554
sample,97,2,16,21283329,200081558,9.400858202210754
sample,97,2,17,21415131,200081981,9.343019241862214
sample,97,2,18,21338664,200085408,9.376660506955824
sample,97,2,19,21158453,200091101,9.456792564182267
sample,97,2,20,20859892,200083603,9.591785182780429
case,98,1,spscatter+4096+sparse-uniform+density=0.01,ok,direct,reset-and-arithmetic,policy
sample,98,1,1,300585,200202555,666.0430660212586
sample,98,1,2,297393,200271443,673.4235271173161
sample,98,1,3,306111,200183275,653.9564896393791
sample,98,1,4,285770,200161022,700.4269937362214
sample,98,1,5,289905,200127382,690.3205601835084
sample,98,1,6,293434,200143804,682.0743472126611
sample,98,1,7,294127,200198674,680.6538468076715
sample,98,1,8,297984,200200688,671.8504617697595
sample,98,1,9,298913,200213984,669.8068802628189
sample,98,1,10,299866,200164302,667.5124955813596
sample,98,2,11,225223,200185573,888.8327257873308
sample,98,2,12,220066,200192587,909.6933965264966
sample,98,2,13,224987,200262936,890.1089218488179
sample,98,2,14,227049,200167887,881.6065562940158
sample,98,2,15,228843,200201603,874.8425907718392
sample,98,2,16,227464,200203712,880.155593852214
sample,98,2,17,227016,200210451,881.9222037213236
sample,98,2,18,228896,200208986,874.6722791136586
sample,98,2,19,227697,200118173,878.8792693799215
sample,98,2,20,227361,200210822,880.5855973539877
case,99,1,spscatter-raw+64+sparse-uniform+density=0.125,ok,unsupported,reset-and-arithmetic,policy
sample,99,1,1,13178700,200178713,15.189564448693725
sample,99,1,2,12931394,200140251,15.477082439835952
sample,99,1,3,13285376,200164327,15.066515768917643
sample,99,1,4,13292453,200085456,15.052560727504547
sample,99,1,5,12814547,200141991,15.618343044042057
sample,99,1,6,13186611,200202731,15.182273216370756
sample,99,1,7,12541019,200218356,15.965078754764665
sample,99,1,8,13122434,200169929,15.254024443940812
sample,99,1,9,13217074,200138338,15.142408826643477
sample,99,1,10,13225306,200110488,15.130877727895294
sample,99,2,11,14187485,200199142,14.110967659172855
sample,99,2,12,14200278,200112181,14.092131224473212
sample,99,2,13,14204501,200095765,14.086785942005283
sample,99,2,14,14318070,200158505,13.979433331447604
sample,99,2,15,14144785,200162923,14.151004981694667
sample,99,2,16,14252822,200100494,14.039359644005938
sample,99,2,17,14191611,200252467,14.11062260655256
sample,99,2,18,14096382,200151704,14.198799663630002
sample,99,2,19,14172245,200159519,14.123345948365978
sample,99,2,20,14216739,200195149,14.081650440371734
case,100,1,spscatter-raw+4096+sparse-uniform+density=0.0625,ok,unsupported,reset-and-arithmetic,policy
sample,100,1,1,223957,200217642,894.0003750720005
sample,100,1,2,225633,200092956,886.8071425722301
sample,100,1,3,226820,200090774,882.1566616700468
sample,100,1,4,226105,200090435,884.9447601777935
sample,100,1,5,222264,200093465,900.2513452470936
sample,100,1,6,224251,200086736,892.2445652416266
sample,100,1,7,233283,200298909,858.6091099651496
sample,100,1,8,228769,200411794,876.0443678994968
sample,100,1,9,231505,200196649,864.7616638949482
sample,100,1,10,227169,200184182,881.2125862243528
sample,100,2,11,128884,201818711,1565.894222711896
sample,100,2,12,83267,202965463,2437.52582655794
sample,100,2,13,124684,200172377,1605.4375621571332
sample,100,2,14,133227,200138482,1502.23664872736
sample,100,2,15,138859,200149104,1441.3837345796815
sample,100,2,16,137078,200221162,1460.6367323713507
sample,100,2,17,75537,200169359,2649.9511365291182
sample,100,2,18,143719,200173281,1392.8101434048385
sample,100,2,19,178149,200225256,1123.9201791758585
sample,100,2,20,247102,200194416,810.1691447256599
case,101,1,spscatter-raw+65536+sparse-uniform+density=0.015625,ok,unsupported,reset-and-arithmetic,policy
sample,101,1,1,16609,200329069,12061.476849900657
sample,101,1,2,16533,200156268,12106.469969152604
sample,101,1,3,16456,200187748,12165.03087019932
sample,101,1,4,16448,200224627,12173.189871108949
sample,101,1,5,16362,200188082,12234.939616183841
sample,101,1,6,16295,200248404,12288.947775391225
sample,101,1,7,16372,200161666,12225.853041778646
sample,101,1,8,15751,200170928,12708.458383594692
sample,101,1,9,15447,200114167,12954.888780993073
sample,101,1,10,15506,200118413,12905.86953437379
sample,101,2,11,13242,200292795,15125.569777979157
sample,101,2,12,13121,200120157,15251.898254706197
sample,101,2,13,13162,200249272,15214.19784227321
sample,101,2,14,13256,200169457,15100.290962582982
sample,101,2,15,13370,200141990,14969.483171278982
sample,101,2,16,13283,200184276,15070.712640216818
sample,101,2,17,13358,200190099,14986.532340170685
sample,101,2,18,13294,200293111,15066.429291409659
sample,101,2,19,13264,200200169,15093.498869119421
sample,101,2,20,14485,200278276,13826.59827407663
case,102,1,spscatter-raw+262144+sparse-uniform+density=0.03125,ok,unsupported,reset-and-arithmetic,policy
sample,102,1,1,1820,200249231,110027.05
sample,102,1,2,1936,200353104,103488.17355371901
sample,102,1,3,1876,200213438,106723.58102345416
sample,102,1,4,1922,200235293,104180.69354838709
sample,102,1,5,1911,200219552,104772.13605442178
sample,102,1,6,1919,200138901,104293.33038040646
sample,102,1,7,1915,200115445,104498.92689295039
sample,102,1,8,1879,200326901,106613.57158062799
sample,102,1,9,1796,200301795,111526.61191536748
sample,102,1,10,1782,200378371,112445.77497194163
sample,102,2,11,1874,200272713,106869.11045891143
sample,102,2,12,1929,200196295,103782.42353551062
sample,102,2,13,1944,200246334,103007.37345679013
sample,102,2,14,1959,200270949,102231.21439509954
sample,102,2,15,1948,200271720,102808.8911704312
sample,102,2,16,1908,200183719,104918.09171907757
sample,102,2,17,1923,200229239,104123.3692147686
sample,102,2,18,1895,200191936,105642.18258575197
sample,102,2,19,1905,200283103,105135.48713910762
sample,102,2,20,1918,200216694,104388.26590198123
case,103,1,spgather+4096+sparse-uniform+density=0.01,ok,direct,reset-and-arithmetic,policy
sample,103,1,1,266187,200177802,752.0194524901667
sample,103,1,2,267904,200252324,747.4779174629718
sample,103,1,3,267803,200187569,747.5180225762967
sample,103,1,4,270346,200240486,740.6822590310195
sample,103,1,5,267410,200171078,748.5549455891702
sample,103,1,6,267724,200194592,747.7648324393779
sample,103,1,7,268553,200238566,745.6202909667738
sample,103,1,8,267501,200086370,747.9836337060423
sample,103,1,9,267692,200099794,747.5000896552755
sample,103,1,10,268944,200097972,744.0135195431019
sample,103,2,11,258327,200223826,775.0789735490289
sample,103,2,12,250578,200276929,799.2598272793302
sample,103,2,13,264841,200158444,755.7683440252831
sample,103,2,14,260468,200188278,768.57148670854
sample,103,2,15,258709,200234508,773.9758106598533
sample,103,2,16,258126,200198610,775.5848306640943
sample,103,2,17,259587,200221217,771.3067950244041
sample,103,2,18,258955,200176816,773.0177675657933
sample,103,2,19,260657,200183102,767.9943450588321
sample,103,2,20,259794,200208008,770.6413850974234
case,104,1,spgather-zero+4096+sparse-uniform+density=0.01,ok,direct,reset-and-arithmetic,policy
sample,104,1,1,264603,200164694,756.4717482417055
sample,104,1,2,260898,200152092,767.166064898926
sample,104,1,3,260864,200243906,767.6180155176644
sample,104,1,4,259730,200146986,770.5963346552189
sample,104,1,5,259298,200227058,772.1889794753527
sample,104,1,6,260982,200200973,767.1064402909013
sample,104,1,7,258041,200113271,775.509593436702
sample,104,1,8,259182,200130158,772.1607133211411
sample,104,1,9,262039,200218956,764.0807513385412
sample,104,1,10,258447,200205467,774.6480593700062
sample,104,2,11,317689,200103041,629.8708516819909
sample,104,2,12,309222,200156807,647.2916124984639
sample,104,2,13,301081,200233014,665.0469939982928
sample,104,2,14,301467,200099783,663.7535219443588
sample,104,2,15,302947,200097109,660.5020317085167
sample,104,2,16,299757,200167168,667.7647828074073
sample,104,2,17,297981,200127540,671.6117470576983
sample,104,2,18,299500,200132779,668.2229682804674
sample,104,2,19,302138,200198830,662.6072523151672
sample,104,2,20,299776,200150628,667.6672849060632
case,105,1,spgemv+257x129+sparse-uniform+density=0.01+mode=prepared,ok,direct,prepared,policy
sample,105,1,1,433534,200089862,461.5321105149769
sample,105,1,2,434671,200090298,460.3258510459635
sample,105,1,3,434858,200086082,460.11820410340846
sample,105,1,4,431812,200085168,463.3617592841329
sample,105,1,5,434526,200084032,460.46504006664736
sample,105,1,6,433683,200086781,461.3664381587473
sample,105,1,7,434245,200087330,460.7706018491865
sample,105,1,8,433831,200082716,461.19967452763865
sample,105,1,9,436815,200097524,458.0829962341037
sample,105,1,10,433956,200100512,461.10783581745613
sample,105,2,11,437984,200140270,456.957948235552
sample,105,2,12,437011,200134868,457.96299864305473
sample,105,2,13,438120,200221034,457.0004428010591
sample,105,2,14,437356,200198524,457.74729053677095
sample,105,2,15,454609,200184874,440.345162546276
sample,105,2,16,447565,200186785,447.2798029336521
sample,105,2,17,448871,200110739,445.80901639892085
sample,105,2,18,430842,200252405,464.7931376235372
sample,105,2,19,447615,200178050,447.21032583805277
sample,105,2,20,448115,200255291,446.883703959921
case,106,1,spgemv+257x129+sparse-uniform+density=0.01+mode=oneshot,ok,direct,oneshot,policy
sample,106,1,1,422938,200189604,473.3308522762201
sample,106,1,2,420629,200184089,475.91604240316286
sample,106,1,3,421859,200218060,474.6089570211848
sample,106,1,4,421397,200244136,475.19117601691516
sample,106,1,5,423983,200167100,472.11114596575806
sample,106,1,6,423504,200232706,472.80003494654125
sample,106,1,7,424599,200148615,471.38268107084565
sample,106,1,8,424420,200214462,471.7366335233966
sample,106,1,9,422433,200173204,473.8578756867953
sample,106,1,10,424640,200155096,471.352430293896
sample,106,2,11,446004,200196725,448.86755499950675
sample,106,2,12,473210,200204845,423.07822108577585
sample,106,2,13,455938,200199993,439.0947738508306
sample,106,2,14,446905,200203997,447.97887022969087
sample,106,2,15,446817,200158245,447.9647036706303
sample,106,2,16,446243,200199915,448.63429790495314
sample,106,2,17,447423,200210017,447.473681504974
sample,106,2,18,447408,200159903,447.37667408718664
sample,106,2,19,446944,200199537,447.92980104890097
sample,106,2,20,451390,200202353,443.5241210483174
case,107,1,spmm+257x8x129+sparse-uniform+density=0.01+mode=prepared,ok,direct,prepared,policy
sample,107,1,1,57215,200203140,3499.13728917242
sample,107,1,2,59273,200229266,3378.0855701584196
sample,107,1,3,60247,200267578,3324.1087191063457
sample,107,1,4,59026,200151633,3390.90626164741
sample,107,1,5,58853,200125269,3400.425959594243
sample,107,1,6,59009,200288248,3394.198308732566
sample,107,1,7,58545,200237422,3420.2309676317363
sample,107,1,8,58864,200163153,3400.434102337592
sample,107,1,9,58860,200171080,3400.799864084268
sample,107,1,10,61022,200205876,3280.8802726885388
sample,107,2,11,56956,200105304,3513.331413722874
sample,107,2,12,57128,200105395,3502.7551288334967
sample,107,2,13,57051,200107297,3507.516029517449
sample,107,2,14,57083,200105739,3505.5224672844806
sample,107,2,15,57085,200107147,3505.4243146185513
sample,107,2,16,57252,200093098,3494.9538531405015
sample,107,2,17,57132,200140048,3503.116432122103
sample,107,2,18,57138,200108963,3502.2045398858904
sample,107,2,19,56868,200110825,3518.865179011043
sample,107,2,20,57010,200095389,3509.829661462901
case,108,1,spmm+257x8x129+sparse-uniform+density=0.01+mode=oneshot,ok,direct,oneshot,policy
sample,108,1,1,59208,200227697,3381.7676158627214
sample,108,1,2,58468,200212207,3424.3040124512554
sample,108,1,3,59720,200192899,3352.1918787675822
sample,108,1,4,58362,200270464,3431.5216065247937
sample,108,1,5,57025,200148350,3509.835160017536
sample,108,1,6,57253,200152051,3495.922501877631
sample,108,1,7,61007,200242429,3282.286114708148
sample,108,1,8,59320,200200175,3374.918661496966
sample,108,1,9,59060,200150579,3388.9363189976293
sample,108,1,10,58803,200197346,3404.5430675305684
sample,108,2,11,53749,200162084,3724.0150328378204
sample,108,2,12,53675,200222040,3730.2662319515603
sample,108,2,13,53840,200161132,3717.7030460624073
sample,108,2,14,53832,200268965,3720.2586751374647
sample,108,2,15,56852,200202621,3521.470150566383
sample,108,2,16,55690,200117738,3593.4231998563478
sample,108,2,17,55428,200224387,3612.3328822977555
sample,108,2,18,55364,200198267,3616.03690123546
sample,108,2,19,55696,200210343,3594.698775495547
sample,108,2,20,55640,200213644,3598.37606038821
case,109,1,spgemm+129x97x65+sparse-uniform+density=0.01+mode=prepared,ok,partial,prepared,policy
sample,109,1,1,144485,200110258,1384.989846696889
sample,109,1,2,144727,200162240,1383.0331589820835
sample,109,1,3,144217,200199255,1388.1806929834902
sample,109,1,4,145566,200205688,1375.360235219763
sample,109,1,5,145811,200156695,1372.7132726611846
sample,109,1,6,143489,200193990,1395.1870178201814
sample,109,1,7,145198,200218171,1378.9320169699308
sample,109,1,8,145027,200264065,1380.8743544305544
sample,109,1,9,145064,200119775,1379.5274844206695
sample,109,1,10,145416,200147015,1376.3754676239203
sample,109,2,11,144062,200154540,1389.363884993961
sample,109,2,12,142930,200112379,1400.0726159658575
sample,109,2,13,145050,200199093,1380.2074663908998
sample,109,2,14,149234,200171118,1341.323813608159
sample,109,2,15,147224,200208809,1359.892469977721
sample,109,2,16,147763,200155856,1354.5735806663374
sample,109,2,17,148992,200222905,1343.8500389282647
sample,109,2,18,149720,200209161,1337.2238912636922
sample,109,2,19,148291,200148904,1349.7036502552414
sample,109,2,20,145702,200150712,1373.6991393391993
case,110,1,spgemm+129x97x65+sparse-uniform+density=0.01+mode=oneshot,ok,partial,oneshot,policy
sample,110,1,1,139529,200136712,1434.3735854195186
sample,110,1,2,144198,200262947,1388.805302431379
sample,110,1,3,144088,200118483,1388.8629379268225
sample,110,1,4,143453,200148504,1395.2200651084327
sample,110,1,5,139708,200139850,1432.5582643799926
sample,110,1,6,138878,200199249,1441.5476101326344
sample,110,1,7,139930,200100003,1430.000736082327
sample,110,1,8,139832,200169164,1431.4975399050288
sample,110,1,9,139966,200178235,1430.1918680250917
sample,110,1,10,140482,200149359,1424.7331259520793
sample,110,2,11,140603,200193531,1423.821191581972
sample,110,2,12,140348,200151928,1426.111722290307
sample,110,2,13,141689,200112890,1412.338925392938
sample,110,2,14,140530,200106916,1423.9444673735145
sample,110,2,15,141010,200113794,1419.1461172966456
sample,110,2,16,142697,200104927,1402.3064745579795
sample,110,2,17,141344,200143363,1416.0018324088749
sample,110,2,18,141751,200202078,1412.350374953263
sample,110,2,19,142203,200191837,1407.7891254052306
sample,110,2,20,142697,200197994,1402.9586746743098
case,111,1,spsymv+129+sparse-triangular+density=0.02+mode=oneshot+uplo=L,ok,direct,oneshot,policy
sample,111,1,1,400916,200116016,499.146993385148
sample,111,1,2,397643,200156535,503.3573708074831
sample,111,1,3,396943,200201436,504.35814713951373
sample,111,1,4,375748,200151161,532.6739224160874
sample,111,1,5,419233,200233504,477.61866074474096
sample,111,1,6,404266,200150114,495.09509580325823
sample,111,1,7,397854,200159435,503.0977066964263
sample,111,1,8,396587,200110623,504.58190258379625
sample,111,1,9,397049,200215336,504.2585071363988
sample,111,1,10,397736,200156254,503.23896755636906
sample,111,2,11,397625,200274212,503.6761068846275
sample,111,2,12,434008,200269057,461.44093426849275
sample,111,2,13,412675,200184131,485.089067668262
sample,111,2,14,412376,200201868,485.483801191146
sample,111,2,15,407509,200153963,491.1645215197701
sample,111,2,16,396826,200139538,504.3508691466789
sample,111,2,17,398428,200195432,502.4632606142139
sample,111,2,18,398401,200168000,502.4284577598952
sample,111,2,19,397395,200184715,503.74240994476526
sample,111,2,20,397601,200196795,503.51179951760685
case,112,1,spsymm+129x8+sparse-triangular+density=0.02+mode=oneshot+side=L+uplo=L,ok,direct,oneshot,policy
sample,112,1,1,52798,200191959,3791.657998409031
sample,112,1,2,52999,201646773,3804.7278816581443
sample,112,1,3,52384,200188385,3821.555914019548
sample,112,1,4,52677,200149546,3799.562351690491
sample,112,1,5,51977,200147955,3850.7023298766762
sample,112,1,6,52791,200151481,3791.3940065541474
sample,112,1,7,52676,200243114,3801.410775305642
sample,112,1,8,52740,200280599,3797.5085134622677
sample,112,1,9,52138,200188189,3839.5832022708964
sample,112,1,10,52309,200185131,3826.973006557189
sample,112,2,11,52797,200134756,3790.646362482717
sample,112,2,12,52317,200153580,3825.7847353632665
sample,112,2,13,52414,200189600,3819.39176555882
sample,112,2,14,51741,200158917,3868.4779381921494
sample,112,2,15,50498,200110220,3962.735553883322
sample,112,2,16,50444,200096925,3966.7140789786695
sample,112,2,17,50608,200254058,3956.964472020234
sample,112,2,18,50604,200139151,3955.0065409849026
sample,112,2,19,50678,200201444,3950.460633805596
sample,112,2,20,54226,200154581,3691.118301183934
case,113,1,sptrsv+129+sparse-triangular+density=0.02+mode=oneshot+uplo=L+transA=N+diag=N,ok,direct,oneshot,policy
sample,113,1,1,310356,200139172,644.8696722473546
sample,113,1,2,310151,200186028,645.446985500611
sample,113,1,3,311029,200148999,643.5059078092396
sample,113,1,4,310969,200178920,643.7262878293335
sample,113,1,5,308954,200188415,647.9554076011316
sample,113,1,6,298859,200102791,669.555847406302
sample,113,1,7,297270,200172245,673.3684697413127
sample,113,1,8,227301,200134473,880.482149220637
sample,113,1,9,221773,200122750,902.3765291536841
sample,113,1,10,238740,200121631,838.2408938594286
sample,113,2,11,243600,200164030,821.691420361248
sample,113,2,12,155670,200118011,1285.527147170296
sample,113,2,13,228282,200156614,876.7954284612891
sample,113,2,14,274254,200115470,729.6720193689061
sample,113,2,15,270166,200179302,740.9492756305383
sample,113,2,16,276289,200115470,724.2976376185806
sample,113,2,17,159795,200116350,1252.3317375387214
sample,113,2,18,178130,200171594,1123.7388087351933
sample,113,2,19,115264,200428427,1738.8640598972793
sample,113,2,20,108027,201405747,1864.4019272959538
case,114,1,sptrmv+129+sparse-triangular+density=0.02+mode=oneshot+uplo=U+transA=T+diag=U,ok,direct,oneshot,policy
sample,114,1,1,338078,200197309,592.1630777512881
sample,114,1,2,222538,200137947,899.342795387754
sample,114,1,3,338647,200146780,591.0189075940433
sample,114,1,4,345424,200151627,579.4375231599425
sample,114,1,5,341548,200145137,585.994170658297
sample,114,1,6,305037,200144153,656.1307415166029
sample,114,1,7,314005,200232086,637.6716485406283
sample,114,1,8,342115,200137640,585.0010668927115
sample,114,1,9,349626,200173872,572.5371454068061
sample,114,1,10,313906,200159960,637.6429886653966
sample,114,2,11,168611,200226839,1187.5075706804419
sample,114,2,12,177355,201836478,1138.0365819965605
sample,114,2,13,231068,200131078,866.1133432582617
sample,114,2,14,296297,200600539,677.0252111901234
sample,114,2,15,309430,200142180,646.8092298742849
sample,114,2,16,312003,200131692,641.4415630618936
sample,114,2,17,166349,200165193,1203.2846184828284
sample,114,2,18,167687,200154823,1193.6215866465498
sample,114,2,19,163831,200199103,1221.9854789386625
sample,114,2,20,164616,200245701,1216.4412997521504
case,115,1,sptrsm+129x8+sparse-triangular+density=0.02+mode=oneshot+side=L+uplo=L+transA=N+diag=N,ok,direct,oneshot,policy
sample,115,1,1,27299,200167586,7332.41459394117
sample,115,1,2,25730,200267620,7783.428682471823
sample,115,1,3,23852,200164019,8391.917616971323
sample,115,1,4,23466,200203308,8531.633341856303
sample,115,1,5,24666,200206966,8116.717992378172
sample,115,1,6,14996,200214891,13351.219725260069
sample,115,1,7,26396,200282644,7587.613426276708
sample,115,1,8,18033,200189953,11101.311650862308
sample,115,1,9,15656,200231341,12789.431591722023
sample,115,1,10,25024,200134161,7997.688658887468
sample,115,2,11,30193,200150049,6629.0215944093
sample,115,2,12,31862,200225116,6284.135208084866
sample,115,2,13,34207,200272079,5854.710410149969
sample,115,2,14,33395,200191584,5994.657403802965
sample,115,2,15,26723,200229707,7492.785503124649
sample,115,2,16,32449,200179700,6169.056057197448
sample,115,2,17,28185,200243066,7104.59698421146
sample,115,2,18,12454,200197371,16074.94547936406
sample,115,2,19,18442,200204895,10855.920995553628
sample,115,2,20,14044,200145726,14251.33338080319
case,116,1,sptrmm+129x8+sparse-triangular+density=0.02+mode=oneshot+side=L+uplo=U+transA=T+diag=U,ok,direct,oneshot,policy
sample,116,1,1,30334,200170255,6598.874365398563
sample,116,1,2,28771,200171967,6957.421257516249
sample,116,1,3,27056,200126518,7396.751848018924
sample,116,1,4,30081,200179618,6654.686280376317
sample,116,1,5,33063,200190525,6054.82034298158
sample,116,1,6,39480,200148715,5069.622973657548
sample,116,1,7,39465,200168966,5072.062992525022
sample,116,1,8,35819,200182291,5588.718026745582
sample,116,1,9,38479,200330317,5206.224616024325
sample,116,1,10,40306,200214811,4967.369895300948
sample,116,2,11,32893,200221953,6087.068768430973
sample,116,2,12,28627,200196315,6993.2691165682745
sample,116,2,13,26103,200146891,7667.581925449182
sample,116,2,14,25119,200193399,7969.799713364386
sample,116,2,15,26074,200197240,7678.040960343637
sample,116,2,16,11817,200121252,16935.03021071338
sample,116,2,17,24294,201698802,8302.412200543344
sample,116,2,18,28571,200220748,7007.831297469462
sample,116,2,19,31640,200225250,6328.231668773704
sample,116,2,20,34807,200179019,5751.11382767834
case,117,1,spsyrk-dense+129x65+sparse-uniform+density=0.02+uplo=U,ok,direct,oneshot,policy
sample,117,1,1,10494,200160748,19073.827711072994
sample,117,1,2,7565,201158099,26590.627759418374
sample,117,1,3,8675,200133556,23070.15054755043
sample,117,1,4,6390,200137775,31320.465571205008
sample,117,1,5,6693,200248493,29919.09353055431
sample,117,1,6,12998,200221479,15404.02208032005
sample,117,1,7,17948,200205350,11154.74426119902
sample,117,1,8,22076,200254244,9071.12900887842
sample,117,1,9,19336,200196152,10353.545304095987
sample,117,1,10,18649,200146279,10732.27942517025
sample,117,2,11,9357,200165710,21392.08186384525
sample,117,2,12,16092,200167347,12438.935309470544
sample,117,2,13,10207,200185228,19612.543156657197
sample,117,2,14,13040,200153588,15349.20153374233
sample,117,2,15,7352,200177517,27227.627448313386
sample,117,2,16,7833,200231665,25562.57691816673
sample,117,2,17,7882,200179328,25397.022075615325
sample,117,2,18,7926,200150216,25252.36134241736
sample,117,2,19,8169,200154838,24501.755171991677
sample,117,2,20,7750,200161207,25827.252516129032
case,118,1,spsyrk-sparse+129x65+sparse-uniform+density=0.02+uplo=L,ok,partial,oneshot,policy
sample,118,1,1,26730,200167561,7488.498353909465
sample,118,1,2,16708,200138100,11978.579123773043
sample,118,1,3,22627,200138582,8845.122287532593
sample,118,1,4,21615,201039605,9300.930141105713
sample,118,1,5,16938,201780434,11912.884283858779
sample,118,1,6,23588,200184192,8486.696286247245
sample,118,1,7,17491,200194632,11445.579555199816
sample,118,1,8,17332,200149719,11547.98747980614
sample,118,1,9,17016,200179129,11764.17072167372
sample,118,1,10,17067,200245237,11732.890197457082
sample,118,2,11,28052,200259119,7138.853522030515
sample,118,2,12,24883,200164138,8044.212434192019
sample,118,2,13,14512,200150055,13792.037968577728
sample,118,2,14,15230,200230332,13147.099934340118
sample,118,2,15,17268,200192571,11593.269110493398
sample,118,2,16,26152,200125596,7652.40119302539
sample,118,2,17,19826,200629921,10119.536013315848
sample,118,2,18,23398,200144312,8553.90682964356
sample,118,2,19,27854,200164026,7186.186041502118
sample,118,2,20,28775,200137864,6955.268948740226
case,119,1,spadd+129x65+sparse-uniform+density=0.02,ok,partial,oneshot,policy
sample,119,1,1,107343,200176446,1864.8299935720074
sample,119,1,2,124081,200250859,1613.8720593805658
sample,119,1,3,115685,200203811,1730.594381294031
sample,119,1,4,72990,200211244,2742.9955336347443
sample,119,1,5,120284,200211547,1664.4902647068604
sample,119,1,6,123837,200140730,1616.1626169884607
sample,119,1,7,120847,200251913,1657.0697907271178
sample,119,1,8,117060,200175690,1710.026396719631
sample,119,1,9,122577,200226072,1633.4717932401675
sample,119,1,10,125464,200229741,1595.9138956194606
sample,119,2,11,89259,200222241,2243.160252747622
sample,119,2,12,113451,200205577,1764.6876360719605
sample,119,2,13,121802,200114356,1642.9480304100098
sample,119,2,14,119846,200290106,1671.2289604993075
sample,119,2,15,105094,200181878,1904.7888366605134
sample,119,2,16,57155,200142488,3501.749418248622
sample,119,2,17,50087,200201605,3997.077185696887
sample,119,2,18,53127,200142958,3767.2550303988555
sample,119,2,19,84425,200159414,2370.8547705063665
sample,119,2,20,89717,200133745,2230.722661257064
case,120,1,sparse-slices-scatter+512+sparse-uniform+density=0.25,ok,unsupported,sparse-slices,policy
sample,120,1,1,471827,200252128,424.41854323724584
sample,120,1,2,518234,200126776,386.1706796543646
sample,120,1,3,545188,200123893,367.0731802607541
sample,120,1,4,466796,200136431,428.74495711188615
sample,120,1,5,394062,200133147,507.87223076571706
sample,120,1,6,311733,200087171,641.8543144293353
sample,120,1,7,380962,200133183,525.336340632399
sample,120,1,8,440051,200217018,454.9859402660146
sample,120,1,9,400664,200189494,499.6443254198031
sample,120,1,10,376952,200138359,530.9385783866381
sample,120,2,11,647837,200189856,309.0126930076547
sample,120,2,12,734334,200214852,272.6482118491041
sample,120,2,13,671118,200240467,298.36849406512715
sample,120,2,14,599010,200145374,334.1269327724078
sample,120,2,15,527410,200199688,379.5902390929258
sample,120,2,16,766769,200222057,261.12435035845215
sample,120,2,17,778604,200201535,257.1288292893435
sample,120,2,18,738839,200184291,270.94440196037294
sample,120,2,19,635868,200289738,314.98634622280093
sample,120,2,20,605301,200210159,330.7613220529951
case,121,1,sparse-slices-scatter-checked+512+sparse-uniform+density=0.25,ok,unsupported,sparse-slices,policy
sample,121,1,1,328448,200134232,609.333081644583
sample,121,1,2,334277,200128064,598.6893025843837
sample,121,1,3,351581,200123506,569.2102417366126
sample,121,1,4,320469,200136424,624.5110260274785
sample,121,1,5,355164,200140920,563.5169104976856
sample,121,1,6,419402,200169821,477.27435968354945
sample,121,1,7,402626,200319841,497.5332964090744
sample,121,1,8,285119,200267345,702.3991561418214
sample,121,1,9,412637,200184136,485.13375194177934
sample,121,1,10,471292,200141216,424.6649974962444
sample,121,2,11,460428,200205784,434.82538855152166
sample,121,2,12,434995,200218131,460.2768560558167
sample,121,2,13,472477,200230621,423.78913894221307
sample,121,2,14,489711,200194772,408.80186885734645
sample,121,2,15,487656,200179862,410.49399986875994
sample,121,2,16,352870,200123071,567.1297389973645
sample,121,2,17,372478,200108873,537.2367576071607
sample,121,2,18,489577,200258062,409.043035109901
sample,121,2,19,521666,200160844,383.6953989717559
sample,121,2,20,448421,200135926,446.3125634169675
case,122,1,sparse-slices-gather+512+sparse-uniform+density=0.25,ok,unsupported,sparse-slices,policy
sample,122,1,1,1507826,200177416,132.75896290420778
sample,122,1,2,1508128,200156741,132.71866910500967
sample,122,1,3,1537197,200142330,130.19953200533178
sample,122,1,4,1557056,200141333,128.53830112725555
sample,122,1,5,1614942,200157348,123.94088951801365
sample,122,1,6,1628460,200130521,122.8955706618523
sample,122,1,7,1766790,200127867,113.27201704786647
sample,122,1,8,1896980,200211057,105.5419967527333
sample,122,1,9,1989976,200188459,100.59842882527226
sample,122,1,10,1635079,200184358,122.43100058162328
sample,122,2,11,940378,200270946,212.96855732482044
sample,122,2,12,942356,200154429,212.3978931529061
sample,122,2,13,866178,200208204,231.13979343737662
sample,122,2,14,962385,200243473,208.0700270681692
sample,122,2,15,929073,200135701,215.41439800747628
sample,122,2,16,979321,200084508,204.30942254888848
sample,122,2,17,925362,200128802,216.27082374249213
sample,122,2,18,1314127,200177893,152.32766163392122
sample,122,2,19,1241470,200138168,161.21063577855284
sample,122,2,20,1243102,200270526,161.10546519915502
case,123,1,sparse-slices-gather-clear+512+sparse-uniform+density=0.25,ok,unsupported,sparse-slices,policy
sample,123,1,1,699065,200162476,286.3288478181571
sample,123,1,2,772639,200164760,259.0663427551547
sample,123,1,3,760210,200129440,263.2554688835979
sample,123,1,4,699482,200123809,286.1028718394469
sample,123,1,5,669419,200141988,298.9786486490524
sample,123,1,6,664774,200135746,301.05832358064544
sample,123,1,7,571949,200162366,349.9654095032949
sample,123,1,8,466972,200139255,428.58941221315195
sample,123,1,9,412013,200130545,485.73842330217735
sample,123,1,10,529653,200122344,377.83670440835795
sample,123,2,11,376949,200246062,531.2285269360046
sample,123,2,12,350412,200867278,573.2317329315206
sample,123,2,13,324101,200915902,619.9175627350734
sample,123,2,14,471369,199824261,423.9232130241912
sample,123,2,15,564158,200436223,355.2838442422158
sample,123,2,16,510319,200157766,392.22087752954525
sample,123,2,17,386554,200177539,517.8514230870719
sample,123,2,18,695680,200234269,287.8252486775529
sample,123,2,19,698778,200135065,286.4072208913274
sample,123,2,20,471078,200148773,424.8739550562752
case,124,1,sparse-slices-clear+512+sparse-uniform+density=0.25,ok,unsupported,sparse-slices,policy
sample,124,1,1,994984,200144321,201.15330598280977
sample,124,1,2,1254078,200218392,159.65385885088486
sample,124,1,3,915747,200173858,218.5907876302079
sample,124,1,4,624188,200139642,320.6400026914968
sample,124,1,5,930214,200158954,215.1751682946075
sample,124,1,6,854719,200150375,234.17096730036423
sample,124,1,7,1017420,200164622,196.7374555247587
sample,124,1,8,914314,200108595,218.86200473797842
sample,124,1,9,742904,200167397,269.4391159557628
sample,124,1,10,1106454,200188153,180.9276779694411
sample,124,2,11,582444,200199674,343.72347212779255
sample,124,2,12,832067,200216017,240.62487395846728
sample,124,2,13,932675,200138701,214.5856820435843
sample,124,2,14,778844,200191689,257.0369534849084
sample,124,2,15,982537,200168811,203.72648663612668
sample,124,2,16,1086181,200175336,184.29279834576374
sample,124,2,17,1177124,200118951,170.00668663624222
sample,124,2,18,1264800,200123429,158.22535499683744
sample,124,2,19,1238730,200187447,161.60700636942676
sample,124,2,20,1349937,200166953,148.2787367114169
case,125,1,sparse-slices-clear-local+512+sparse-uniform+density=0.25,ok,unsupported,sparse-slices,policy
sample,125,1,1,1031627,200157344,194.02104055050904
sample,125,1,2,1043823,200172452,191.76857762283453
sample,125,1,3,1128202,200128399,177.3870273231212
sample,125,1,4,748148,200881211,268.5046421296321
sample,125,1,5,561599,200405549,356.84812294893686
sample,125,1,6,1046877,200186017,191.2220986801697
sample,125,1,7,1067145,200163847,187.56949336781787
sample,125,1,8,582596,200200805,343.6357355697602
sample,125,1,9,612939,201082990,328.06362460212193
sample,125,1,10,647338,200170005,309.2202296172942
sample,125,2,11,685470,200145528,291.9829139130815
sample,125,2,12,492801,200176820,406.2021383885179
sample,125,2,13,490200,200107802,408.2166503467972
sample,125,2,14,494709,202210073,408.7454907834707
sample,125,2,15,549744,200138175,364.0570429145202
sample,125,2,16,1043467,200148905,191.8114372567604
sample,125,2,17,1126105,200139326,177.72705564756396
sample,125,2,18,1195295,200124424,167.42680593493657
sample,125,2,19,1225862,200130798,163.25720023950493
sample,125,2,20,865344,200131351,231.27374893683898
case,126,1,sparse-slices-reduce-dot-checked+512+sparse-uniform+density=0.25,ok,unsupported,sparse-slices,policy
sample,126,1,1,305044,200240947,656.4329965513172
sample,126,1,2,282791,200192838,707.9179959758267
sample,126,1,3,353110,200125122,566.7500835433717
sample,126,1,4,346472,200178702,577.7629996074719
sample,126,1,5,409186,200164986,489.178481179708
sample,126,1,6,434880,200112572,460.15584069168506
sample,126,1,7,406153,200118822,492.71782308637387
sample,126,1,8,409426,200195422,488.9660695705695
sample,126,1,9,381540,200185061,524.6764716674529
sample,126,1,10,346306,200160589,577.9876438756476
sample,126,2,11,384191,200197184,521.0876465091582
sample,126,2,12,386927,200311395,517.6981575335916
sample,126,2,13,406911,200175684,491.93972146243283
sample,126,2,14,205148,200135129,975.5646118899526
sample,126,2,15,227347,200145089,880.3506929935297
sample,126,2,16,178491,200194328,1121.5934024684718
sample,126,2,17,194943,200189393,1026.9124462022232
sample,126,2,18,243198,200138393,822.9442388506484
sample,126,2,19,388330,200143110,515.3944068189427
sample,126,2,20,371123,200133420,539.2643948232796
case,127,1,sparse-slices-reduce-dot-local+512+sparse-uniform+density=0.25,ok,unsupported,sparse-slices,policy
sample,127,1,1,317188,200142375,630.9897442526199
sample,127,1,2,335086,200134332,597.262589305432
sample,127,1,3,325818,200182195,614.3988208140742
sample,127,1,4,350562,200168425,570.9929342027943
sample,127,1,5,314032,200149498,637.3538301829113
sample,127,1,6,324883,200158808,616.0950496024723
sample,127,1,7,341057,200207079,587.0194102452083
sample,127,1,8,356857,200212302,561.0435048212589
sample,127,1,9,292288,200190663,684.9089357072477
sample,127,1,10,309689,200137384,646.2528020045917
sample,127,2,11,361113,200165656,554.3019941126462
sample,127,2,12,354761,200243553,564.4463540242585
sample,127,2,13,365546,200320997,548.0048940489022
sample,127,2,14,362045,200150566,552.8333936389123
sample,127,2,15,358502,200177362,558.3716743560706
sample,127,2,16,362441,200174947,552.2966413843908
sample,127,2,17,362684,200234935,552.0920001985199
sample,127,2,18,363781,200147206,550.1859800264444
sample,127,2,19,368069,200211592,543.9512482713839
sample,127,2,20,357890,200140291,559.2229204504177
case,128,1,sparse-slices-reduce-dot-unchecked+512+sparse-uniform+density=0.25,ok,unsupported,sparse-slices,policy
sample,128,1,1,1806091,200130300,110.80853622547258
sample,128,1,2,1821826,200157429,109.86638076303664
sample,128,1,3,1174768,200200466,170.41702361657792
sample,128,1,4,1453543,200199059,137.73177608092777
sample,128,1,5,984535,200174134,203.31845388939956
sample,128,1,6,1193059,200197457,167.80180778989137
sample,128,1,7,2212996,200174004,90.45384808648546
sample,128,1,8,1913781,200189094,104.60397192782246
sample,128,1,9,1878397,200221851,106.59187115396799
sample,128,1,10,1204472,200185748,166.20207692665335
sample,128,2,11,2070344,200181596,96.69001673151901
sample,128,2,12,2269360,200195956,88.21692283286917
sample,128,2,13,2373472,200170545,84.33659423831416
sample,128,2,14,2532974,200160090,79.02177045638842
sample,128,2,15,2596092,200253216,77.13640964958098
sample,128,2,16,2588889,200184765,77.32458402040412
sample,128,2,17,2573844,200206968,77.78519910297594
sample,128,2,18,2545537,200196179,78.64595132579099
sample,128,2,19,2674926,200223345,74.85191926804704
sample,128,2,20,2486162,200171073,80.51409079537054
case,129,1,sparse-slices-max+512+sparse-uniform+density=0.25,ok,unsupported,sparse-slices,policy
sample,129,1,1,674249,200194657,296.91502249169076
sample,129,1,2,684433,200192737,292.49427920629194
sample,129,1,3,682325,200197943,293.40555160663905
sample,129,1,4,630361,200099619,317.4365466772215
sample,129,1,5,496242,200113928,403.25874875564745
sample,129,1,6,274349,200120201,729.436597180963
sample,129,1,7,491144,200127857,407.4728735360709
sample,129,1,8,405499,200228119,493.7820290555587
sample,129,1,9,545261,200220815,367.201789601677
sample,129,1,10,672910,200165796,297.4629534410248
sample,129,2,11,682875,200197068,293.16795606809444
sample,129,2,12,672258,200249869,297.8765131839264
sample,129,2,13,665570,200153837,300.7254488633803
sample,129,2,14,653553,200129565,306.2178048299067
sample,129,2,15,561328,200267094,356.773747256506
sample,129,2,16,649603,200267985,308.29288811781964
sample,129,2,17,687172,200197996,291.33607888563563
sample,129,2,18,685920,200169723,291.82663138558434
sample,129,2,19,668114,200188449,299.6321720544697
sample,129,2,20,660201,200101049,303.09110255816034
case,130,1,sparse-slices-filter+512+sparse-uniform+density=0.25,ok,unsupported,sparse-slices,policy
sample,130,1,1,1027597,200284064,194.90526344471616
sample,130,1,2,979018,200193252,204.48372961477725
sample,130,1,3,1044024,200227738,191.78461223113644
sample,130,1,4,1040872,200197236,192.33607590558685
sample,130,1,5,1009818,200231395,198.2846364394376
sample,130,1,6,1046031,200165823,191.3574482974214
sample,130,1,7,1046125,200166760,191.34114948022463
sample,130,1,8,996019,200275027,201.07550859973554
sample,130,1,9,943416,200210204,212.21836814300372
sample,130,1,10,1005760,200165659,199.01930778714603
sample,130,2,11,958418,200180266,208.8653030306192
sample,130,2,12,1005688,200118721,198.9868836060488
sample,130,2,13,1054562,200174084,189.81727390139224
sample,130,2,14,770641,200177457,259.7544862004487
sample,130,2,15,584122,200146619,342.64523335878465
sample,130,2,16,588017,200117333,340.32576098990336
sample,130,2,17,585472,200125441,341.81897853355923
sample,130,2,18,920375,200115804,217.42855249219068
sample,130,2,19,1049427,200158808,190.7315211062799
sample,130,2,20,1037212,200228886,193.04528485979722
case,131,1,gemm+257x3x1+uniform,ok,direct,reset-and-arithmetic,policy
sample,131,1,1,117146,200256152,1709.457873081454
sample,131,1,2,118105,200179122,1694.92504127683
sample,131,1,3,116867,200204962,1713.100892467506
sample,131,1,4,116868,200158797,1712.6912157305678
sample,131,1,5,112220,200224471,1784.2137854214934
sample,131,1,6,112760,200209015,1775.5322366087264
sample,131,1,7,112809,200166103,1774.3806167947594
sample,131,1,8,114777,200151571,1743.8299572213946
sample,131,1,9,115710,200228604,1730.4347420274826
sample,131,1,10,116466,200182592,1718.8071368468052
sample,131,2,11,53146,200187673,3766.7495766379407
sample,131,2,12,91174,200155817,2195.3168337464626
sample,131,2,13,116622,200162893,1716.3390526658777
sample,131,2,14,115722,200102201,1729.1630027133995
sample,131,2,15,113859,200103318,1757.4659710694807
sample,131,2,16,122623,200098269,1631.8167798863183
sample,131,2,17,109903,200157004,1821.215107867847
sample,131,2,18,117165,200095580,1707.8101822216531
sample,131,2,19,119256,200108404,1677.9734688401422
sample,131,2,20,116176,200098217,1722.371376187853
case,132,1,gemm+3x257x33+uniform,ok,direct,reset-and-arithmetic,policy
sample,132,1,1,12874,200178047,15549.017166381855
sample,132,1,2,13451,200270165,14888.868113894878
sample,132,1,3,13353,200210408,14993.664944207294
sample,132,1,4,13752,200194254,14557.464659685864
sample,132,1,5,13072,200124451,15309.39802631579
sample,132,1,6,10783,200131658,18559.923768895485
sample,132,1,7,12111,200209872,16531.2420113946
sample,132,1,8,13590,200273964,14736.862693156732
sample,132,1,9,13856,200199234,14448.559035796767
sample,132,1,10,13855,200257039,14453.774016600506
sample,132,2,11,8594,200205461,23295.957761228765
sample,132,2,12,10570,200192791,18939.71532639546
sample,132,2,13,12792,200253861,15654.617026266416
sample,132,2,14,13104,200159217,15274.665521978022
sample,132,2,15,10871,200217300,18417.560482016375
sample,132,2,16,12829,200280182,15611.519370176942
sample,132,2,17,13150,200214269,15225.41969581749
sample,132,2,18,13122,200196201,15256.531092821217
sample,132,2,19,12783,200201757,15661.562778690448
sample,132,2,20,12903,200222000,15517.476555839727
case,133,1,gemm+127x5x65+uniform,ok,direct,reset-and-arithmetic,policy
sample,133,1,1,19942,200208969,10039.56318323137
sample,133,1,2,19805,200154158,10106.243776824034
sample,133,1,3,19463,200166786,10284.47752145096
sample,133,1,4,16765,200163142,11939.346376379362
sample,133,1,5,18317,200168143,10927.998198394933
sample,133,1,6,19938,200168187,10039.531898886547
sample,133,1,7,20132,200168255,9942.79033379694
sample,133,1,8,19273,200301880,10392.875006485758
sample,133,1,9,18365,200214147,10901.9410291315
sample,133,1,10,19659,200232720,10185.295284602473
sample,133,2,11,19667,200139252,10176.399654243149
sample,133,2,12,18528,200122314,10801.074805699482
sample,133,2,13,18529,200112315,10799.952237033838
sample,133,2,14,19086,200087649,10483.4773656083
sample,133,2,15,19298,200106461,10369.284951808477
sample,133,2,16,19174,200115391,10436.809794513403
sample,133,2,17,18940,200107126,10565.318162618796
sample,133,2,18,19049,200110436,10505.036274870072
sample,133,2,19,19077,200120483,10490.144309901976
sample,133,2,20,19249,200120764,10396.423918125616
case,134,1,trsm+65x1+triangular+side=L+uplo=L+transA=N+diag=N,ok,direct,reset-and-arithmetic,policy
sample,134,1,1,204170,200172475,980.4206053778714
sample,134,1,2,205088,200207381,976.2023180293337
sample,134,1,3,209208,200230794,957.0895663645749
sample,134,1,4,209557,200249463,955.5847001054606
sample,134,1,5,209924,200240614,953.8719441321621
sample,134,1,6,210294,200256484,952.269127982729
sample,134,1,7,124693,200202876,1605.5662787806853
sample,134,1,8,117690,200143471,1700.5987849434957
sample,134,1,9,205200,200134522,975.3144346978557
sample,134,1,10,210111,200290890,953.262275654297
sample,134,2,11,201122,200207362,995.452322470938
sample,134,2,12,199976,200211356,1001.1769212305477
sample,134,2,13,203535,200210182,983.6646375316285
sample,134,2,14,202465,200218940,988.9064282715531
sample,134,2,15,200975,200198548,996.1365742007713
sample,134,2,16,202862,200207498,986.914740069604
sample,134,2,17,199661,200161153,1002.5050109936342
sample,134,2,18,206822,200161190,967.7944802777267
sample,134,2,19,216358,200169043,925.1751402767635
sample,134,2,20,214005,200169517,935.3497208009159
case,135,1,trsm+65x33+triangular+side=L+uplo=U+transA=T+diag=U,ok,direct,reset-and-arithmetic,policy
sample,135,1,1,7359,200228731,27208.68745753499
sample,135,1,2,7431,200221567,26944.094603687256
sample,135,1,3,7304,200215077,27411.702765607886
sample,135,1,4,7362,200173490,27190.09644118446
sample,135,1,5,6947,200273997,28828.84655246869
sample,135,1,6,7267,200206977,27550.155084629147
sample,135,1,7,7445,200137616,26882.151242444594
sample,135,1,8,7442,200220047,26904.064364418165
sample,135,1,9,7388,200181326,27095.46913914456
sample,135,1,10,6994,200197533,28624.18258507292
sample,135,2,11,7197,200304822,27831.710712796998
sample,135,2,12,6878,200200635,29107.39095667345
sample,135,2,13,7184,200187136,27865.692650334076
sample,135,2,14,7239,200278986,27666.664732697885
sample,135,2,15,7291,200228584,27462.43094225758
sample,135,2,16,7299,200192032,27427.323194958215
sample,135,2,17,6983,200200646,28669.718745524846
sample,135,2,18,7181,200106332,27866.081604233394
sample,135,2,19,7294,200240201,27452.728406909788
sample,135,2,20,7308,200270285,27404.253557744938
case,136,2,gemm-block+15x7x31+uniform+packed=4x4+timing=prepacked-compute,unsupported,unsupported,arithmetic,unavailable
case,137,2,gemm-block+15x7x31+uniform+packed=4x4+timing=pack-plus-compute,unsupported,unsupported,arithmetic,unavailable
case,138,2,gemm-block+32x16x65+uniform+packed=4x4+timing=prepacked-compute,unsupported,unsupported,arithmetic,unavailable
case,139,2,gemm-block+32x16x65+uniform+packed=4x4+timing=pack-plus-compute,unsupported,unsupported,arithmetic,unavailable
case,140,1,gemm-block+15x7x31+uniform+packed=8x4+timing=prepacked-compute,ok,direct,prepacked-compute,vector-tile
sample,140,1,1,359126,200133610,557.2796455840012
sample,140,1,2,303484,200285925,659.9554671745462
sample,140,1,3,455042,200197811,439.9545778191903
sample,140,1,4,460505,200237779,434.8221604542839
sample,140,1,5,461918,200279785,433.5829844258072
sample,140,1,6,446115,200193335,448.74827118568084
sample,140,1,7,457064,200138574,437.87866469465985
sample,140,1,8,457232,200156849,437.75774442733666
sample,140,1,9,454256,200214263,440.7520495051249
sample,140,1,10,424144,200133825,471.85348608019916
sample,140,2,11,443782,200168355,451.05109040024155
sample,140,2,12,469225,200277298,426.82571900474187
sample,140,2,13,440343,200386121,455.06825588234625
sample,140,2,14,432126,200202307,463.29613816340606
sample,140,2,15,459746,200219354,435.4999369216915
sample,140,2,16,465967,200267562,429.78915245071005
sample,140,2,17,470600,200293682,425.61343391415215
sample,140,2,18,478691,200196295,418.21612480702584
sample,140,2,19,471388,200319817,424.95739603044626
sample,140,2,20,468056,200246539,427.82602722751125
case,141,1,gemm-block+15x7x31+uniform+packed=8x4+timing=pack-plus-compute,ok,direct,pack-plus-compute,vector-tile
sample,141,1,1,174320,200203136,1148.4805874254246
sample,141,1,2,176076,200130355,1136.61347940662
sample,141,1,3,165215,200104440,1211.1759828102774
sample,141,1,4,164307,200160585,1218.2109404955359
sample,141,1,5,174878,200196638,1144.7788629787624
sample,141,1,6,173442,200232250,1154.4622986358552
sample,141,1,7,153986,200227470,1300.296585403868
sample,141,1,8,148785,200097317,1344.875605739826
sample,141,1,9,173219,200103351,1155.2044002101386
sample,141,1,10,175497,200088896,1140.1271588688126
sample,141,2,11,178593,200137560,1120.6349632964339
sample,141,2,12,174440,200164262,1147.4676794313232
sample,141,2,13,177113,200188921,1130.2892560116989
sample,141,2,14,176794,200213692,1132.4688168150503
sample,141,2,15,147487,200172587,1357.2219043034302
sample,141,2,16,128787,200135879,1554.0068407525605
sample,141,2,17,156663,200187435,1277.8220447712606
sample,141,2,18,177892,200160134,1125.1778269961549
sample,141,2,19,179281,200284886,1117.1562296060374
sample,141,2,20,179874,200219145,1113.1077587644684
case,142,1,gemm-block+32x16x65+uniform+packed=8x4+timing=prepacked-compute,ok,direct,prepacked-compute,vector-tile
sample,142,1,1,76581,200216512,2614.441075462582
sample,142,1,2,76134,200193114,2629.4837260619433
sample,142,1,3,75109,200201036,2665.473325433703
sample,142,1,4,73881,200281731,2710.8692491980346
sample,142,1,5,73345,200117795,2728.4449519394643
sample,142,1,6,74939,200097593,2670.139620224449
sample,142,1,7,70395,200107547,2842.6386391078913
sample,142,1,8,72669,200262747,2755.8208727242704
sample,142,1,9,72382,200172566,2765.5020032604793
sample,142,1,10,76644,200215381,2612.2772950263557
sample,142,2,11,65493,200243029,3057.4722336738278
sample,142,2,12,75688,200163410,2644.585799598351
sample,142,2,13,73284,200173798,2731.4802412532067
sample,142,2,14,73266,200107542,2731.246990418475
sample,142,2,15,72881,200124274,2745.904611627173
sample,142,2,16,73304,200237472,2731.6036232674887
sample,142,2,17,73103,200151054,2737.9321505273383
sample,142,2,18,73461,200163268,2724.7555573705777
sample,142,2,19,68263,200177604,2932.446625551177
sample,142,2,20,72549,200122074,2758.4401439027415
case,143,1,gemm-block+32x16x65+uniform+packed=8x4+timing=pack-plus-compute,ok,direct,pack-plus-compute,vector-tile
sample,143,1,1,34532,200121437,5795.2460616240005
sample,143,1,2,35367,200111939,5658.154183278197
sample,143,1,3,37603,200195252,5323.91702789671
sample,143,1,4,37418,200197844,5350.308514618633
sample,143,1,5,37386,200314312,5358.003316749586
sample,143,1,6,21874,200174164,9151.237267989394
sample,143,1,7,13461,200203191,14872.831958992645
sample,143,1,8,14212,200189588,14085.954686180692
sample,143,1,9,33978,200225002,5892.783624698334
sample,143,1,10,37471,200185405,5342.408929572202
sample,143,2,11,37704,200207926,5309.991671971144
sample,143,2,12,35398,200159572,5654.544663540313
sample,143,2,13,28971,200215357,6910.888716302509
sample,143,2,14,29190,200208627,6858.808735868448
sample,143,2,15,34049,200216527,5880.246908866633
sample,143,2,16,37159,200123700,5385.605102397804
sample,143,2,17,37690,200265690,5313.496683470416
sample,143,2,18,38329,200236177,5224.142998773775
sample,143,2,19,37848,200180020,5289.051469034031
sample,143,2,20,38183,200314359,5246.166068669303
case,144,2,gemm-block+64x64x31+uniform+packed=4x4+timing=prepacked-compute,unsupported,unsupported,arithmetic,unavailable
case,145,2,gemm-block+64x64x31+uniform+packed=4x4+timing=pack-plus-compute,unsupported,unsupported,arithmetic,unavailable
case,146,1,gemm-block+64x64x31+uniform+packed=8x4+timing=prepacked-compute,ok,direct,prepacked-compute,vector-tile
sample,146,1,1,12567,200181811,15929.164557969285
sample,146,1,2,12500,200106176,16008.49408
sample,146,1,3,12584,200148027,15904.960823267642
sample,146,1,4,12607,200147150,15875.8745141588
sample,146,1,5,12614,200145157,15866.906373870303
sample,146,1,6,12691,200201322,15775.06280040974
sample,146,1,7,13019,200211196,15378.385129426224
sample,146,1,8,12666,200166633,15803.460682141165
sample,146,1,9,12555,200150466,15941.892951015532
sample,146,1,10,12900,200190606,15518.651627906977
sample,146,2,11,12903,200225331,15517.734712857475
sample,146,2,12,12980,200116572,15417.301386748844
sample,146,2,13,12987,200146436,15411.290983290983
sample,146,2,14,12908,200179931,15508.20661605206
sample,146,2,15,12885,200171274,15535.217229336438
sample,146,2,16,12534,200174605,15970.528562310516
sample,146,2,17,12601,200252784,15891.816839933339
sample,146,2,18,12471,200230839,16055.716382006254
sample,146,2,19,12732,200240181,15727.315504241282
sample,146,2,20,12957,200271953,15456.66072393301
case,147,1,gemm-block+64x64x31+uniform+packed=8x4+timing=pack-plus-compute,ok,direct,pack-plus-compute,vector-tile
sample,147,1,1,9002,200157975,22234.833925794268
sample,147,1,2,5407,200159511,37018.58905122989
sample,147,1,3,9908,200190410,20204.92632216391
sample,147,1,4,10358,200201007,19328.152828731414
sample,147,1,5,10250,200205710,19532.2643902439
sample,147,1,6,9052,200241376,22121.23022536456
sample,147,1,7,7873,200221717,25431.438714594184
sample,147,1,8,9091,200219206,22023.89242107579
sample,147,1,9,10260,200163381,19509.101461988303
sample,147,1,10,10317,200209134,19405.751090433267
sample,147,2,11,10223,200184673,19581.793309204735
sample,147,2,12,10055,200268631,19917.317851815016
sample,147,2,13,10355,200164784,19330.254369869628
sample,147,2,14,10006,200275537,20015.544373375975
sample,147,2,15,10057,200283155,19914.80113353883
sample,147,2,16,10164,200179171,19694.920405352223
sample,147,2,17,10191,200188131,19643.619958787163
sample,147,2,18,9958,200271578,20111.626631853786
sample,147,2,19,10170,200292999,19694.493510324482
sample,147,2,20,9675,200275312,20700.29064599483
case,148,2,gemm-block+64x64x32+uniform+packed=4x4+timing=prepacked-compute,unsupported,unsupported,arithmetic,unavailable
case,149,2,gemm-block+64x64x32+uniform+packed=4x4+timing=pack-plus-compute,unsupported,unsupported,arithmetic,unavailable
case,150,1,gemm-block+64x64x32+uniform+packed=8x4+timing=prepacked-compute,ok,direct,prepacked-compute,vector-tile
sample,150,1,1,6167,200217642,32465.97081238852
sample,150,1,2,9948,200231608,20127.82549256132
sample,150,1,3,12047,200158182,16614.773968622892
sample,150,1,4,12676,200165595,15790.911565162512
sample,150,1,5,12640,200252914,15842.793829113923
sample,150,1,6,12732,200286760,15730.973923971096
sample,150,1,7,12672,200320033,15808.083412247475
sample,150,1,8,11777,200176301,16997.223486456653
sample,150,1,9,11667,200288195,17167.069083740465
sample,150,1,10,12778,200271556,15673.153545155736
sample,150,2,11,12269,200179087,16315.843752547069
sample,150,2,12,12780,200204124,15665.42441314554
sample,150,2,13,12819,200195697,15617.107184647788
sample,150,2,14,12878,200125570,15540.112595123466
sample,150,2,15,12781,200116398,15657.334950316877
sample,150,2,16,12186,200156218,16425.095847694076
sample,150,2,17,11744,200152664,17042.972070844688
sample,150,2,18,9581,200228225,20898.468322722056
sample,150,2,19,10866,200136843,18418.63086692435
sample,150,2,20,9682,200176917,20675.16184672588
case,151,1,gemm-block+64x64x32+uniform+packed=8x4+timing=pack-plus-compute,ok,direct,pack-plus-compute,vector-tile
sample,151,1,1,10129,200253375,19770.300621976505
sample,151,1,2,9341,200159829,21428.09431538379
sample,151,1,3,10105,200171830,19809.18654131618
sample,151,1,4,10092,200327805,19850.15903686088
sample,151,1,5,9921,200194915,20178.904848301583
sample,151,1,6,9831,200224013,20366.596785677957
sample,151,1,7,10071,200197279,19878.589911627445
sample,151,1,8,9983,200230011,20057.0981668837
sample,151,1,9,9164,200190657,21845.335770405934
sample,151,1,10,9958,200193816,20103.817634063063
sample,151,2,11,10124,200191366,19773.93974713552
sample,151,2,12,7966,200173401,25128.471127290988
sample,151,2,13,7748,200284853,25849.877774909655
sample,151,2,14,9915,200278767,20199.573071104387
sample,151,2,15,10389,200268240,19276.950620848977
sample,151,2,16,10409,200171555,19230.623018541646
sample,151,2,17,10337,200211248,19368.409403115023
sample,151,2,18,10304,200192289,19428.599475931678
sample,151,2,19,10361,200235604,19325.895569925684
sample,151,2,20,10374,200175180,19295.853094274145
case,152,2,gemm-block+64x64x33+uniform+packed=4x4+timing=prepacked-compute,unsupported,unsupported,arithmetic,unavailable
case,153,2,gemm-block+64x64x33+uniform+packed=4x4+timing=pack-plus-compute,unsupported,unsupported,arithmetic,unavailable
case,154,1,gemm-block+64x64x33+uniform+packed=8x4+timing=prepacked-compute,ok,direct,prepacked-compute,vector-tile
sample,154,1,1,11964,200198050,16733.37094617185
sample,154,1,2,11100,200212620,18037.172972972974
sample,154,1,3,12548,200213022,15955.771597067262
sample,154,1,4,12660,200220378,15815.195734597157
sample,154,1,5,12470,200276076,16060.631595829993
sample,154,1,6,12516,200261748,16000.45925215724
sample,154,1,7,12461,200196229,16065.823689912528
sample,154,1,8,12765,200206840,15684.04543674109
sample,154,1,9,12622,200185293,15860.029551576612
sample,154,1,10,10188,200199354,19650.505889281507
sample,154,2,11,12720,200198484,15738.874528301887
sample,154,2,12,12790,200121466,15646.713526192338
sample,154,2,13,13004,200197985,15395.108043678869
sample,154,2,14,12988,200114766,15407.665999384048
sample,154,2,15,12726,200119970,15725.284457017131
sample,154,2,16,12862,200247627,15568.93383610636
sample,154,2,17,12936,200235696,15478.949907235621
sample,154,2,18,12710,200245579,15754.96294256491
sample,154,2,19,12887,200208645,15535.706137968495
sample,154,2,20,11512,200155169,17386.654708130645
case,155,1,gemm-block+64x64x33+uniform+packed=8x4+timing=pack-plus-compute,ok,direct,pack-plus-compute,vector-tile
sample,155,1,1,5449,200219110,36744.19342998715
sample,155,1,2,7752,200173442,25822.167440660476
sample,155,1,3,9257,200184970,21625.25332181052
sample,155,1,4,9913,200204935,20196.200443861595
sample,155,1,5,9884,200280154,20263.066976932416
sample,155,1,6,10072,200193263,19876.21753375695
sample,155,1,7,9034,200189183,22159.528780163826
sample,155,1,8,8311,200163892,24084.212730116713
sample,155,1,9,9561,200232359,20942.616776487816
sample,155,1,10,9962,200124587,20088.79612527605
sample,155,2,11,10004,200134290,20005.426829268294
sample,155,2,12,9784,200142330,20456.08442354865
sample,155,2,13,8906,200122934,22470.57421962722
sample,155,2,14,9300,200200336,21526.917849462367
sample,155,2,15,9913,200248922,20200.637748411176
sample,155,2,16,9937,200141394,20141.027875616383
sample,155,2,17,9777,200130560,20469.52643960315
sample,155,2,18,9935,200180044,20148.972722697534
sample,155,2,19,7805,200143278,25642.956822549648
sample,155,2,20,7558,200128547,26479.035062185765
case,156,2,gemm-block+64x64x63+uniform+packed=4x4+timing=prepacked-compute,unsupported,unsupported,arithmetic,unavailable
case,157,2,gemm-block+64x64x63+uniform+packed=4x4+timing=pack-plus-compute,unsupported,unsupported,arithmetic,unavailable
case,158,1,gemm-block+64x64x63+uniform+packed=8x4+timing=prepacked-compute,ok,direct,prepacked-compute,vector-tile
sample,158,1,1,9255,200141889,21625.271636953
sample,158,1,2,9559,200213178,20944.991944764097
sample,158,1,3,9511,200256433,21055.244769214594
sample,158,1,4,9098,200193385,22004.109144867005
sample,158,1,5,9412,200105971,21260.727900552487
sample,158,1,6,6085,200194716,32899.7068200493
sample,158,1,7,6084,200146395,32897.172090729786
sample,158,1,8,5685,200137765,35204.532102022866
sample,158,1,9,7086,200167050,28248.243014394582
sample,158,1,10,7662,200146634,26121.983033150613
sample,158,2,11,9619,200147007,20807.46512111446
sample,158,2,12,9569,200149675,20916.467237955898
sample,158,2,13,9467,200131710,21139.92922784409
sample,158,2,14,9538,200123953,20981.75225414133
sample,158,2,15,9207,200145601,21738.416530900402
sample,158,2,16,9318,200235711,21489.129748873147
sample,158,2,17,9538,200155443,20985.053784860556
sample,158,2,18,7429,200297221,26961.531969309464
sample,158,2,19,6874,200171004,29120.018038987488
sample,158,2,20,8043,200185935,24889.461022006715
case,159,1,gemm-block+64x64x63+uniform+packed=8x4+timing=pack-plus-compute,ok,direct,pack-plus-compute,vector-tile
sample,159,1,1,6798,200175037,29446.166078258313
sample,159,1,2,6104,200174620,32794.00720838794
sample,159,1,3,6750,200197756,29658.926814814815
sample,159,1,4,6743,200136596,29680.646003262642
sample,159,1,5,6764,200198441,29597.640597279715
sample,159,1,6,6832,200162337,29297.765954332554
sample,159,1,7,6724,200180046,29770.976502082092
sample,159,1,8,6524,200157171,30680.130441446967
sample,159,1,9,6664,200248989,30049.368097238894
sample,159,1,10,6612,200207820,30279.46460980036
sample,159,2,11,6925,200224577,28913.296317689532
sample,159,2,12,7019,200242940,28528.699244906682
sample,159,2,13,5917,200253199,33843.7044110191
sample,159,2,14,5877,200193054,34063.817253700865
sample,159,2,15,6907,200204245,28985.702186187926
sample,159,2,16,6952,200144814,28789.530207134638
sample,159,2,17,7013,200223502,28550.33537715671
sample,159,2,18,7037,200276253,28460.459428733837
sample,159,2,19,7044,200246989,28428.022288472457
sample,159,2,20,6830,200220773,29314.900878477307
case,160,2,gemm-block+64x64x64+uniform+packed=4x4+timing=prepacked-compute,unsupported,unsupported,arithmetic,unavailable
case,161,2,gemm-block+64x64x64+uniform+packed=4x4+timing=pack-plus-compute,unsupported,unsupported,arithmetic,unavailable
case,162,1,gemm-block+64x64x64+uniform+packed=8x4+timing=prepacked-compute,ok,direct,prepacked-compute,vector-tile
sample,162,1,1,9243,200196303,21659.234339500163
sample,162,1,2,9460,200205085,21163.32822410148
sample,162,1,3,9472,200181410,21134.01710304054
sample,162,1,4,9280,200215327,21574.927478448277
sample,162,1,5,9037,200144738,22147.254398583602
sample,162,1,6,8625,200176525,23208.872463768115
sample,162,1,7,9448,200189445,21188.552603725657
sample,162,1,8,9428,200197145,21234.317458633857
sample,162,1,9,9373,200207855,21360.06134642057
sample,162,1,10,9499,200252934,21081.475313190862
sample,162,2,11,9292,200184042,21543.69801980198
sample,162,2,12,9457,200252973,21175.10553029502
sample,162,2,13,9406,200244644,21289.032957686584
sample,162,2,14,9552,200252240,20964.430485762143
sample,162,2,15,9431,200203248,21228.20994592302
sample,162,2,16,9472,200123334,21127.88576858108
sample,162,2,17,9412,200134149,21263.721738206546
sample,162,2,18,9106,200112508,21975.895892817924
sample,162,2,19,8960,200146773,22337.809486607144
sample,162,2,20,9609,200132464,20827.605786242064
case,163,1,gemm-block+64x64x64+uniform+packed=8x4+timing=pack-plus-compute,ok,direct,pack-plus-compute,vector-tile
sample,163,1,1,6603,200149600,30311.918824776618
sample,163,1,2,6829,200228947,29320.390540342658
sample,163,1,3,6911,200157840,28962.210968021995
sample,163,1,4,6967,200204385,28736.09659824889
sample,163,1,5,6962,200155181,28749.666906061477
sample,163,1,6,6793,200211017,29473.13661121743
sample,163,1,7,6876,200281029,29127.54930191972
sample,163,1,8,7001,200154227,28589.37680331381
sample,163,1,9,7010,200161027,28553.641512125534
sample,163,1,10,6844,200203123,29252.355786090007
sample,163,2,11,6780,200229791,29532.41755162242
sample,163,2,12,6796,200246565,29465.356827545616
sample,163,2,13,6738,200153440,29705.170673790442
sample,163,2,14,6695,200208660,29904.206123973116
sample,163,2,15,6591,200184267,30372.366408739188
sample,163,2,16,6793,200339804,29492.09539231562
sample,163,2,17,6525,200299892,30697.301455938697
sample,163,2,18,6616,200210567,30261.57300483676
sample,163,2,19,6597,200212522,30349.025617705018
sample,163,2,20,6720,200271096,29802.246428571427
case,164,2,gemm-block+64x64x65+uniform+packed=4x4+timing=prepacked-compute,unsupported,unsupported,arithmetic,unavailable
case,165,2,gemm-block+64x64x65+uniform+packed=4x4+timing=pack-plus-compute,unsupported,unsupported,arithmetic,unavailable
case,166,1,gemm-block+64x64x65+uniform+packed=8x4+timing=prepacked-compute,ok,direct,prepacked-compute,vector-tile
sample,166,1,1,2616,203944172,77960.31039755352
sample,166,1,2,2696,203304943,75409.8453264095
sample,166,1,3,5226,200257807,38319.51913509376
sample,166,1,4,5126,200154034,39046.82676550917
sample,166,1,5,5376,200257829,37250.34021577381
sample,166,1,6,6122,200261368,32711.755635413265
sample,166,1,7,2868,200212004,69808.92747559275
sample,166,1,8,5767,200212557,34716.93376105427
sample,166,1,9,5566,200216352,35971.31728350701
sample,166,1,10,6295,200149992,31795.074185861795
sample,166,2,11,8689,200264507,23048.050063298422
sample,166,2,12,8729,200184009,22933.212166342077
sample,166,2,13,8756,200125786,22855.845820009137
sample,166,2,14,8766,200198599,22838.078827287245
sample,166,2,15,8542,200239392,23441.74572699602
sample,166,2,16,9780,200228683,20473.280470347647
sample,166,2,17,8744,200209424,22896.777676120768
sample,166,2,18,8645,200140836,23151.05101214575
sample,166,2,19,8480,200243681,23613.64162735849
sample,166,2,20,9570,200178122,20917.254127481712
case,167,1,gemm-block+64x64x65+uniform+packed=8x4+timing=pack-plus-compute,ok,direct,pack-plus-compute,vector-tile
sample,167,1,1,6766,200142768,29580.663316582915
sample,167,1,2,6538,200141279,30612.00351789538
sample,167,1,3,6872,200105364,29118.941210710127
sample,167,1,4,6857,200121124,29184.93860288756
sample,167,1,5,6884,200234945,29087.005374782104
sample,167,1,6,6797,200205718,29455.012211269677
sample,167,1,7,6761,200144653,29602.81807424937
sample,167,1,8,6975,200162814,28697.177634408603
sample,167,1,9,6857,200217446,29198.985853871956
sample,167,1,10,6867,200274984,29164.844036697246
sample,167,2,11,7047,200164982,28404.28295728679
sample,167,2,12,6957,200211536,28778.429782952422
sample,167,2,13,6835,200257504,29298.830138990492
sample,167,2,14,6256,200138227,31991.404571611252
sample,167,2,15,7129,200196744,28082.023285173236
sample,167,2,16,7379,200229502,27135.045670145006
sample,167,2,17,7391,200143373,27079.336084427006
sample,167,2,18,7432,200183787,26935.385764262646
sample,167,2,19,7433,200207069,26934.894255347772
sample,167,2,20,7226,200163773,27700.49446443399
case,168,2,gemm-block+128x128x64+uniform+packed=4x4+timing=prepacked-compute,unsupported,unsupported,arithmetic,unavailable
case,169,2,gemm-block+128x128x64+uniform+packed=4x4+timing=pack-plus-compute,unsupported,unsupported,arithmetic,unavailable
case,170,1,gemm-block+128x128x64+uniform+packed=8x4+timing=prepacked-compute,ok,direct,prepacked-compute,vector-tile
sample,170,1,1,2552,200164089,78434.20415360501
sample,170,1,2,2584,200308117,77518.62113003097
sample,170,1,3,2517,200218565,79546.50973381009
sample,170,1,4,2604,200233458,76894.56912442396
sample,170,1,5,2587,200227789,77397.67645921918
sample,170,1,6,2585,200290074,77481.65338491296
sample,170,1,7,2558,200265527,78289.88545738859
sample,170,1,8,2564,200229008,78092.4368174727
sample,170,1,9,2508,200243223,79841.79545454546
sample,170,1,10,2559,200195538,78231.94138335287
sample,170,2,11,2575,200298864,77785.96660194175
sample,170,2,12,2269,200257986,88258.25738210666
sample,170,2,13,2346,200263676,85363.88576300086
sample,170,2,14,2531,200268150,79126.09640458316
sample,170,2,15,2559,200222548,78242.49628761235
sample,170,2,16,2560,200263275,78227.841796875
sample,170,2,17,2562,200248709,78161.08860265417
sample,170,2,18,2535,200284332,79007.62603550295
sample,170,2,19,2423,200263626,82651.1044160132
sample,170,2,20,2536,200275119,78972.83872239747
case,171,1,gemm-block+128x128x64+uniform+packed=8x4+timing=pack-plus-compute,ok,direct,pack-plus-compute,vector-tile
sample,171,1,1,2078,200212426,96348.61693936477
sample,171,1,2,2116,200362705,94689.3690926276
sample,171,1,3,2132,200269872,93935.21200750468
sample,171,1,4,2132,200186412,93896.06566604128
sample,171,1,5,2143,200255511,93446.34204386374
sample,171,1,6,2140,200185207,93544.48925233645
sample,171,1,7,2151,200234842,93089.18735471874
sample,171,1,8,2150,200169760,93102.21395348838
sample,171,1,9,2120,200224711,94445.61839622642
sample,171,1,10,2112,200213952,94798.27272727272
sample,171,2,11,2081,200336436,96269.3109082172
sample,171,2,12,2133,200236911,93875.72011251758
sample,171,2,13,2114,200214008,94708.61305581835
sample,171,2,14,2140,200269747,93583.99392523365
sample,171,2,15,2155,200326039,92958.71879350347
sample,171,2,16,2090,200278074,95826.82966507177
sample,171,2,17,2134,200163417,93797.2900656045
sample,171,2,18,2128,200281759,94117.36795112782
sample,171,2,19,2137,200337570,93747.10809546092
sample,171,2,20,2148,200301815,93250.3794227188
case,172,2,gemm-block+128x8x64+uniform+packed=4x4+timing=prepacked-compute,unsupported,unsupported,arithmetic,unavailable
case,173,2,gemm-block+128x8x64+uniform+packed=4x4+timing=pack-plus-compute,unsupported,unsupported,arithmetic,unavailable
case,174,1,gemm-block+128x8x64+uniform+packed=8x4+timing=prepacked-compute,ok,direct,prepacked-compute,vector-tile
sample,174,1,1,40312,200265670,4967.892190910895
sample,174,1,2,40697,200262952,4920.828365727203
sample,174,1,3,40379,200160610,4957.047227519255
sample,174,1,4,40469,200159193,4945.988114359139
sample,174,1,5,37689,200168484,5311.058505134124
sample,174,1,6,38594,200096943,5184.664533347152
sample,174,1,7,40256,200087817,4970.384961248013
sample,174,1,8,40245,200097814,4971.991899614859
sample,174,1,9,39841,200108395,5022.6750081574255
sample,174,1,10,39949,200093800,5008.731132193547
sample,174,2,11,40487,200192389,4944.6091090967475
sample,174,2,12,40613,200193145,4929.287297170857
sample,174,2,13,40539,200196398,4938.3654752213915
sample,174,2,14,40720,200178768,4915.981532416503
sample,174,2,15,40861,200149702,4898.306502532978
sample,174,2,16,40556,200264362,4937.971249630141
sample,174,2,17,40354,200204991,4961.217995737721
sample,174,2,18,40937,200155481,4889.3539096660725
sample,174,2,19,40569,200146631,4933.486923513027
sample,174,2,20,40253,200191144,4973.322336223387
case,175,1,gemm-block+128x8x64+uniform+packed=8x4+timing=pack-plus-compute,ok,direct,pack-plus-compute,vector-tile
sample,175,1,1,18036,200152829,11097.40679751608
sample,175,1,2,17775,200151788,11260.297496483825
sample,175,1,3,18056,200154555,11085.210179441738
sample,175,1,4,17759,200185004,11272.312855453572
sample,175,1,5,18210,200261255,10997.323174080177
sample,175,1,6,18115,200192534,11051.202539332045
sample,175,1,7,18120,200179513,11047.434492273731
sample,175,1,8,17979,200117840,11130.643528561099
sample,175,1,9,17955,200107056,11144.92096908939
sample,175,1,10,18090,200091351,11060.88175787728
sample,175,2,11,18192,200229173,11006.440908091468
sample,175,2,12,18320,200192477,10927.536954148472
sample,175,2,13,17502,200198079,11438.582961947206
sample,175,2,14,18267,200197289,10959.505611211474
sample,175,2,15,18737,200275548,10688.773442920425
sample,175,2,16,18485,200223760,10831.688395996754
sample,175,2,17,18427,200212719,10865.182558202638
sample,175,2,18,18172,200154231,11014.430497468633
sample,175,2,19,17846,200209988,11218.759834136501
sample,175,2,20,17816,200234908,11239.04961832061
