run,id,implementation,pass,unit,source_commit,dirty,runtime,threads,warmups,target_ns,harness,warmup_target_ns,forks
case,id,run_id,case,status,comparison_kind,timing_mode,actual_kernel
sample,case_id,fork,sample,operations,elapsed_ns,ns_per_op
run,1,jvm-scalar/scalar/scalar/packed-4x4,1,ns,db65fbb3fdf9fcb1ea032284c73b78082bdec4bc,true,kotlin-2.4.10/jvm/Eclipse Adoptium/25.0.1/JMH 1.37/forks=2,1,5,200000000,jmh-average-time,200000000,2
case,1,1,dot+4096+uniform,ok,direct,arithmetic,policy
sample,1,1,1,114621,200249065,1747.0538993727153
sample,1,1,2,115321,200111755,1735.2585825651877
sample,1,1,3,116156,200171072,1723.2951547918317
sample,1,1,4,117629,200214675,1702.0860077021823
sample,1,1,5,115687,200169648,1730.2691572951153
sample,1,1,6,116233,200220235,1722.5765058116026
sample,1,1,7,112965,200136344,1771.666834860355
sample,1,1,8,110579,200178786,1810.2784977256078
sample,1,1,9,106408,200098883,1880.4872096083002
sample,1,1,10,113959,200263389,1757.32841636027
sample,1,2,11,113628,200235570,1762.2027141197593
sample,1,2,12,114190,200223938,1753.4279534109817
sample,1,2,13,114508,200127862,1747.7194781150663
sample,1,2,14,114004,200174448,1755.8546015929267
sample,1,2,15,114214,200197395,1752.8271052585496
sample,1,2,16,113521,200178204,1763.358356603624
sample,1,2,17,114571,200277837,1748.067460352096
sample,1,2,18,114894,200187213,1742.3643793409578
sample,1,2,19,112950,200253311,1772.937680389553
sample,1,2,20,110975,200231012,1804.2893624690246
case,2,1,axpy+4096+uniform,ok,direct,reset-and-arithmetic,policy
sample,2,1,1,146419,200250272,1367.6522309263141
sample,2,1,2,149124,200250165,1342.8433049006196
sample,2,1,3,159482,200176956,1255.1695865364115
sample,2,1,4,149197,200150942,1341.521223617097
sample,2,1,5,150371,200179609,1331.2381310226042
sample,2,1,6,147057,200194484,1361.3393718082104
sample,2,1,7,161730,200175460,1237.7138440610895
sample,2,1,8,158104,200164268,1266.0291200728634
sample,2,1,9,157331,200177693,1272.334714709752
sample,2,1,10,156006,200110303,1282.7090176018871
sample,2,2,11,143878,200112326,1390.847287285061
sample,2,2,12,158071,200176667,1266.371864541883
sample,2,2,13,130475,200162347,1534.1049779651273
sample,2,2,14,136051,200153563,1471.1656878670499
sample,2,2,15,139239,200146757,1437.4331688679179
sample,2,2,16,143055,200192646,1399.410338680927
sample,2,2,17,146446,200197311,1367.0384373762342
sample,2,2,18,146175,200163722,1369.343061399008
sample,2,2,19,144943,200181272,1381.1034130658259
sample,2,2,20,146833,200249429,1363.7903536670913
case,3,1,axpy-arithmetic+4096+uniform,ok,direct,reset-and-arithmetic,policy
sample,3,1,1,147503,200161962,1357.0026507935431
sample,3,1,2,149184,200208152,1342.0216108966108
sample,3,1,3,146160,200165722,1369.4972769567596
sample,3,1,4,146875,200173743,1362.8850587234042
sample,3,1,5,148688,200186237,1346.3509967179598
sample,3,1,6,146052,200210655,1370.8176197518692
sample,3,1,7,159629,200223590,1254.3058592110456
sample,3,1,8,155445,200142140,1287.5431181446813
sample,3,1,9,149413,200211915,1339.989927248633
sample,3,1,10,146592,200166322,1365.4655233573455
sample,3,2,11,146542,200370595,1367.325374295424
sample,3,2,12,145575,200194318,1375.1971011506096
sample,3,2,13,146613,200182935,1365.3832538724396
sample,3,2,14,147365,200268921,1358.9992264106131
sample,3,2,15,145481,200225960,1376.3031598628
sample,3,2,16,146391,200189871,1367.5012193372543
sample,3,2,17,146635,200204189,1365.3233470863026
sample,3,2,18,146999,200211408,1361.99163259614
sample,3,2,19,147274,200198239,1359.3590110949658
sample,3,2,20,146947,200189456,1362.3242121309042
case,4,1,scal+4096+uniform,ok,direct,reset-and-arithmetic,policy
sample,4,1,1,205061,200193845,976.2648431442351
sample,4,1,2,202914,200169426,986.4742008929892
sample,4,1,3,203032,200101805,985.5678168958588
sample,4,1,4,198254,200100083,1009.311706195083
sample,4,1,5,205955,200097484,971.5592435240708
sample,4,1,6,187849,200095134,1065.191371793302
sample,4,1,7,189098,200124596,1058.3115421633227
sample,4,1,8,201263,200093160,994.18750590024
sample,4,1,9,204000,200104139,980.9026421568627
sample,4,1,10,199220,200101400,1004.4242545929123
sample,4,2,11,192587,200260649,1039.8451037712825
sample,4,2,12,199800,200203510,1002.0195695695696
sample,4,2,13,212473,200163778,942.066888498774
sample,4,2,14,210944,200142749,948.7956471859831
sample,4,2,15,198186,200166377,1009.9925171303724
sample,4,2,16,196376,200158853,1019.2633162911965
sample,4,2,17,195684,200243567,1023.3006633143231
sample,4,2,18,198789,200201718,1007.1066205876583
sample,4,2,19,198004,200269822,1011.4433142764792
sample,4,2,20,198012,200228610,1011.1943215562693
case,5,1,nrm2+4096+uniform,ok,direct,arithmetic,policy
sample,5,1,1,119083,200246808,1681.5734235785126
sample,5,1,2,118254,200166649,1692.6839599506147
sample,5,1,3,117703,200179735,1700.7190555890675
sample,5,1,4,116238,200147863,1721.8797897417369
sample,5,1,5,116329,200160939,1720.645230338093
sample,5,1,6,115377,200156196,1734.8015289009074
sample,5,1,7,116326,200176866,1720.8265220157145
sample,5,1,8,117695,200162761,1700.6904371468627
sample,5,1,9,115892,200119948,1726.7796569219618
sample,5,1,10,117920,200079951,1696.7431394165535
sample,5,2,11,117464,200351981,1705.6458234012123
sample,5,2,12,121538,200180818,1647.0636179631063
sample,5,2,13,119247,200203138,1678.894546613332
sample,5,2,14,118792,200156217,1684.9301047208567
sample,5,2,15,116253,200281379,1722.8061125304293
sample,5,2,16,118760,200160057,1685.4164449309533
sample,5,2,17,119062,200165276,1681.185231224068
sample,5,2,18,118041,200203643,1696.0517362611297
sample,5,2,19,118894,200188810,1683.7587262603663
sample,5,2,20,119858,200170776,1670.0660448197034
case,6,1,asum+4096+uniform,ok,direct,arithmetic,policy
sample,6,1,1,116034,200114196,1724.6168881534722
sample,6,1,2,98907,200271878,2024.8503948153316
sample,6,1,3,116987,200145199,1710.8328190311745
sample,6,1,4,117802,200155993,1699.088241286226
sample,6,1,5,116705,200190018,1715.3508247290176
sample,6,1,6,116965,200142205,1711.1290129525926
sample,6,1,7,116216,200141769,1722.1533093549942
sample,6,1,8,114929,200147603,1741.4891193693497
sample,6,1,9,117447,200152925,1704.197850945533
sample,6,1,10,116791,200096241,1713.2847650932006
sample,6,2,11,115414,200168818,1734.3547403261302
sample,6,2,12,112651,200104853,1776.3255807760252
sample,6,2,13,115279,200131805,1736.0647212415097
sample,6,2,14,117034,200085093,1709.6321838098331
sample,6,2,15,117538,200104873,1702.469609828311
sample,6,2,16,115397,200152460,1734.4684870490566
sample,6,2,17,115670,200128037,1730.163715743062
sample,6,2,18,116264,200095848,1721.0473405353334
sample,6,2,19,115679,200103962,1729.820987387512
sample,6,2,20,116028,200220553,1725.6227203778399
case,7,1,sum+4096+uniform,ok,direct,arithmetic,policy
sample,7,1,1,119175,200123478,1679.2404279421019
sample,7,1,2,121293,200164543,1650.2563462029962
sample,7,1,3,119675,200357335,1674.178692291623
sample,7,1,4,121764,200087466,1643.2399231299892
sample,7,1,5,121126,200092743,1651.9388322903424
sample,7,1,6,122448,200084626,1634.0375179668104
sample,7,1,7,121649,200087932,1644.797178768424
sample,7,1,8,121282,200086054,1649.7588595174882
sample,7,1,9,119620,200204131,1673.667706069219
sample,7,1,10,119082,200190868,1681.11778438387
sample,7,2,11,121637,200194138,1645.8325838355106
sample,7,2,12,120706,200177287,1658.3872135602207
sample,7,2,13,118411,200206829,1690.7789732372837
sample,7,2,14,117911,200204542,1697.9293026095954
sample,7,2,15,121040,200193492,1653.944910773298
sample,7,2,16,120697,200109684,1657.9507692817551
sample,7,2,17,116218,200180652,1722.4582422688395
sample,7,2,18,109274,200152720,1831.6591320899756
sample,7,2,19,114161,200205077,1753.7081577771744
sample,7,2,20,120199,200201762,1665.5859200159734
case,8,1,compensated-sum+4096+uniform,ok,unsupported,arithmetic,policy
sample,8,1,1,67131,200131375,2981.2065215772145
sample,8,1,2,66024,200109056,3030.8532654792198
sample,8,1,3,65662,200103527,3047.478404556669
sample,8,1,4,66110,200100538,3026.781697171381
sample,8,1,5,64168,200105160,3118.457174915846
sample,8,1,6,65729,200102820,3044.361240852592
sample,8,1,7,64928,200096700,3081.8244825036963
sample,8,1,8,65946,200102626,3034.3406120158916
sample,8,1,9,65388,200114995,3060.423854529883
sample,8,1,10,64752,200098737,3090.232533358043
sample,8,2,11,66917,200135540,2990.802636101439
sample,8,2,12,65150,200225700,3073.3031465848044
sample,8,2,13,65282,200208075,3066.8189546888884
sample,8,2,14,65437,200126776,3058.3122086892736
sample,8,2,15,65955,200142025,3034.523917822758
sample,8,2,16,66376,200214236,3016.3648909244307
sample,8,2,17,65472,200253542,3058.6134836265883
sample,8,2,18,65821,200205491,3041.6658969022046
sample,8,2,19,66062,200176903,3030.1368865611093
sample,8,2,20,66484,200190306,3011.1050177486313
case,9,1,iamax+4096+uniform,ok,direct,arithmetic,policy
sample,9,1,1,164248,200275265,1219.3467500365302
sample,9,1,2,167846,200197467,1192.7449388129594
sample,9,1,3,165169,200198398,1212.0821582742524
sample,9,1,4,161858,200152676,1236.5942739932534
sample,9,1,5,161421,200132667,1239.8180348281821
sample,9,1,6,159903,200133060,1251.590401681019
sample,9,1,7,160182,200109962,1249.266222172279
sample,9,1,8,161166,200154916,1241.9177494012386
sample,9,1,9,161645,200212034,1238.5909493024838
sample,9,1,10,153990,200168660,1299.880901357231
sample,9,2,11,160439,200089391,1247.1368619849288
sample,9,2,12,161288,200087172,1240.5583304399584
sample,9,2,13,161478,200083969,1239.078815690063
sample,9,2,14,161153,200084734,1241.5824340843794
sample,9,2,15,160930,200086432,1243.3134406263594
sample,9,2,16,159625,200087856,1253.4869600626469
sample,9,2,17,159290,200082163,1256.0874066168624
sample,9,2,18,160148,200084894,1249.3749157029747
sample,9,2,19,159626,200098738,1253.5472792652827
sample,9,2,20,160402,200091483,1247.437581825663
case,10,1,swap+4096+uniform,ok,direct,reset-and-arithmetic,policy
sample,10,1,1,80241,200191294,2494.875362969056
sample,10,1,2,80242,200168589,2494.561314523566
sample,10,1,3,80156,200255107,2498.3171191177203
sample,10,1,4,80116,200157911,2498.3512781466875
sample,10,1,5,79754,200170807,2509.8528851217493
sample,10,1,6,78331,200124881,2554.8618171605112
sample,10,1,7,80195,200191367,2496.3073383627407
sample,10,1,8,80046,200150363,2500.4417834745022
sample,10,1,9,79931,200117769,2503.631494664148
sample,10,1,10,79729,200157560,2510.4737297595607
sample,10,2,11,72288,200088817,2767.939588866755
sample,10,2,12,72399,200094961,2763.7807290155943
sample,10,2,13,70023,200107525,2857.7399568713136
sample,10,2,14,72125,200173053,2775.362953206239
sample,10,2,15,72690,200197848,2754.1319026000824
sample,10,2,16,71357,200182858,2805.370993735723
sample,10,2,17,72533,200148082,2759.407193966884
sample,10,2,18,72071,200237161,2778.331936562556
sample,10,2,19,72124,200212635,2775.9502384781763
sample,10,2,20,72402,200158960,2764.5501505483276
case,11,1,rot+4096+uniform,ok,direct,reset-and-arithmetic,policy
sample,11,1,1,79477,200160693,2518.4731809202663
sample,11,1,2,79374,200103108,2521.015798624235
sample,11,1,3,78901,200174439,2537.0329780357665
sample,11,1,4,78935,200193223,2536.1781592449483
sample,11,1,5,79419,200168940,2520.416273183999
sample,11,1,6,79687,200151436,2511.7200547140687
sample,11,1,7,79180,200179435,2528.1565420560746
sample,11,1,8,77583,200182421,2580.2356315172137
sample,11,1,9,78446,200142808,2551.344976161946
sample,11,1,10,78277,200191744,2557.4784930439337
sample,11,2,11,80329,200200312,2492.2545033549527
sample,11,2,12,81360,200236921,2461.122431170108
sample,11,2,13,81605,200195116,2453.221199681392
sample,11,2,14,74644,200156558,2681.48220888484
sample,11,2,15,75211,200141611,2661.0683410671313
sample,11,2,16,77561,200152125,2580.576900761981
sample,11,2,17,75751,200112170,2641.709944423176
sample,11,2,18,75339,200288940,2658.502767490941
sample,11,2,19,80959,200226530,2473.1843278696624
sample,11,2,20,76735,200233287,2609.412745161921
case,12,1,rotm+4096+uniform,ok,direct,reset-and-arithmetic,policy
sample,12,1,1,58072,200156786,3446.700406392065
sample,12,1,2,59724,200239930,3352.754838925725
sample,12,1,3,59624,200140450,3356.709546491346
sample,12,1,4,60044,200136373,3333.16189794151
sample,12,1,5,59872,200167244,3343.2530064136827
sample,12,1,6,60469,200148901,3309.9423010137425
sample,12,1,7,60555,200178706,3305.7337296672445
sample,12,1,8,59845,200170908,3344.822591695213
sample,12,1,9,59772,200132300,3348.2617278993507
sample,12,1,10,59982,200202643,3337.7120302757494
sample,12,2,11,62072,200202504,3225.3271040082486
sample,12,2,12,62634,200166003,3195.8042437015038
sample,12,2,13,60184,200091679,3324.665675262528
sample,12,2,14,60214,200092334,3323.0201282093867
sample,12,2,15,60799,200089610,3291.0016612115332
sample,12,2,16,60279,200090065,3319.399210338592
sample,12,2,17,60155,200126440,3326.8463136896353
sample,12,2,18,60219,200088809,3322.6856805991465
sample,12,2,19,59414,200097179,3367.8456087790755
sample,12,2,20,55445,200112444,3609.2063125619984
case,13,1,rotmg+1+uniform,ok,direct,arithmetic,policy
sample,13,1,1,26639666,200146404,7.513097348893188
sample,13,1,2,22306764,200204087,8.975039454400468
sample,13,1,3,22068080,200304235,9.076649849012691
sample,13,1,4,26778859,200205436,7.47624967889782
sample,13,1,5,26584218,200209260,7.531132192791979
sample,13,1,6,26692960,200189065,7.499695237995336
sample,13,1,7,26876415,200110367,7.445575125998017
sample,13,1,8,22713467,200127519,8.810963073140705
sample,13,1,9,22400768,200121071,8.933670086668457
sample,13,1,10,26599356,200110129,7.52311931912938
sample,13,2,11,24662986,200161076,8.115849232530076
sample,13,2,12,25559429,200101247,7.828862178415645
sample,13,2,13,26338218,200182223,7.600446734855031
sample,13,2,14,27230147,200206471,7.352383040752589
sample,13,2,15,27041739,200587189,7.417688226337811
sample,13,2,16,26599247,200133249,7.5240193453596635
sample,13,2,17,25770062,200224480,7.769654570485706
sample,13,2,18,26504876,200192851,7.553057444977294
sample,13,2,19,26923657,200162501,7.434446999529076
sample,13,2,20,27003144,200203818,7.4140928922943194
case,14,1,ssqd+4096+uniform,ok,unsupported,arithmetic,policy
sample,14,1,1,113774,200225915,1759.856513790497
sample,14,1,2,114339,200188012,1750.828781080821
sample,14,1,3,113047,200131180,1770.3360549152123
sample,14,1,4,114588,200154993,1746.7360718399832
sample,14,1,5,114455,200185747,1749.0345288541348
sample,14,1,6,113218,200099022,1767.3781730820187
sample,14,1,7,113607,200284814,1762.961912558205
sample,14,1,8,112486,200280367,1780.4915011645894
sample,14,1,9,114859,200171087,1742.75491689811
sample,14,1,10,113970,200117752,1755.8809511274897
sample,14,2,11,116401,200163506,1719.602975919451
sample,14,2,12,112702,200135463,1775.7933577043887
sample,14,2,13,113152,200141849,1768.7875512584842
sample,14,2,14,104281,200100457,1918.858248386571
sample,14,2,15,101742,200143433,1967.1662931729277
sample,14,2,16,111040,200189840,1802.8623919308357
sample,14,2,17,110840,200152831,1805.781586070011
sample,14,2,18,112074,200166656,1786.0222353088138
sample,14,2,19,109448,200155416,1828.7718003069951
sample,14,2,20,108607,200097016,1842.395204728977
case,15,1,dot4+4096+uniform,ok,composed,arithmetic,policy
sample,15,1,1,55945,200207094,3578.6414156761107
sample,15,1,2,56367,200151769,3550.867865949935
sample,15,1,3,56793,200151416,3524.226858943884
sample,15,1,4,57002,200153980,3511.350128065682
sample,15,1,5,57129,200200752,3504.3629680197446
sample,15,1,6,56894,200242891,3519.5783562414313
sample,15,1,7,58058,200304045,3450.067949292087
sample,15,1,8,57632,200223849,3474.1783904775125
sample,15,1,9,56709,200153072,3529.4763088751342
sample,15,1,10,57267,200205605,3496.0030209370143
sample,15,2,11,58575,200271190,3419.055740503628
sample,15,2,12,59143,200278675,3386.346228632298
sample,15,2,13,58859,200148731,3400.477938802902
sample,15,2,14,59003,200204374,3393.1219429520534
sample,15,2,15,58793,200279087,3406.5124589662037
sample,15,2,16,58620,200203361,3415.2739849880586
sample,15,2,17,58644,200148136,3412.934588363686
sample,15,2,18,58820,200199280,3403.591975518531
sample,15,2,19,58622,200206146,3415.204974241752
sample,15,2,20,58294,200163378,3433.6874807012728
case,16,1,axpy4+4096+uniform,ok,composed,reset-and-arithmetic,policy
sample,16,1,1,41887,200103023,4777.210662019243
sample,16,1,2,42139,200103722,4748.6585348489525
sample,16,1,3,42411,200094738,4717.991511636132
sample,16,1,4,42222,200095039,4739.117971673535
sample,16,1,5,42351,200103691,4724.887039267078
sample,16,1,6,42642,200092415,4692.378758031988
sample,16,1,7,44769,200168339,4471.137148473274
sample,16,1,8,47593,200148603,4205.421028302481
sample,16,1,9,47137,200162398,4246.396631096591
sample,16,1,10,47079,200213631,4252.716306633531
sample,16,2,11,47170,200196323,4244.145071019716
sample,16,2,12,47202,200251463,4242.4359772890975
sample,16,2,13,47624,200182602,4203.3974886611795
sample,16,2,14,47411,200238921,4223.46968003206
sample,16,2,15,48592,200170746,4119.417723081989
sample,16,2,16,47278,200147618,4233.419730107026
sample,16,2,17,47368,200178103,4226.019739064347
sample,16,2,18,46993,200186094,4259.913050879918
sample,16,2,19,47288,200208349,4233.808767552022
sample,16,2,20,47116,200123470,4247.463069870108
case,17,1,dot-axpy+4096+uniform,ok,composed,reset-and-arithmetic,policy
sample,17,1,1,66778,200211711,2998.1687232322024
sample,17,1,2,70941,200186491,2821.872978954342
sample,17,1,3,70490,200182851,2839.8758831039863
sample,17,1,4,67892,200193512,2948.7054733989276
sample,17,1,5,66416,200190398,3014.1893218501564
sample,17,1,6,65681,200171274,3047.628294331694
sample,17,1,7,66127,200194695,3027.4274502094454
sample,17,1,8,63904,200183431,3132.5649568102153
sample,17,1,9,62545,200268645,3201.992885122712
sample,17,1,10,63952,200100052,3128.9099949962474
sample,17,2,11,80560,200170586,2484.7391509433965
sample,17,2,12,85420,200165956,2343.3148677124796
sample,17,2,13,82788,200150384,2417.6255495965597
sample,17,2,14,82929,200112487,2413.058001422904
sample,17,2,15,84421,200194216,2371.379348740242
sample,17,2,16,82580,200154476,2423.7645434729957
sample,17,2,17,87246,200195384,2294.608165417326
sample,17,2,18,84488,200171223,2369.2266712432533
sample,17,2,19,84192,200165109,2377.4837157924744
sample,17,2,20,84752,200169768,2361.829431753823
case,18,1,gemv+32x21+uniform,ok,direct,reset-and-arithmetic,policy
sample,18,1,1,892053,200161562,224.3830377791454
sample,18,1,2,938485,200265930,213.39278731146476
sample,18,1,3,924705,200213103,216.51564877447402
sample,18,1,4,926132,200253102,216.22522707346252
sample,18,1,5,925376,200155765,216.29668912960787
sample,18,1,6,912425,200201778,219.41724306107352
sample,18,1,7,915798,200093747,218.49113778365972
sample,18,1,8,913754,200168522,219.06171901846668
sample,18,1,9,917766,200176096,218.11234672018793
sample,18,1,10,940144,200259788,213.00969638693647
sample,18,2,11,903578,200157073,221.51609822284297
sample,18,2,12,875759,200129994,228.52176683311276
sample,18,2,13,903149,200100385,221.55855235404124
sample,18,2,14,911202,200130132,219.6331131845628
sample,18,2,15,846706,200137801,236.37224845459934
sample,18,2,16,888356,200115172,225.26461463647456
sample,18,2,17,869426,200142811,230.20108784416385
sample,18,2,18,887569,200146733,225.49991380951792
sample,18,2,19,921553,200194311,217.23580846679465
sample,18,2,20,922107,200094896,216.9974807695853
case,19,1,gemv+129x31+uniform+transA=T,ok,direct,reset-and-arithmetic,policy
sample,19,1,1,177461,200222474,1128.2618378122518
sample,19,1,2,176842,200152961,1131.8180126892933
sample,19,1,3,178567,200172891,1120.9959903005595
sample,19,1,4,177849,200200685,1125.677878424956
sample,19,1,5,176191,200155865,1136.0163969782793
sample,19,1,6,176226,200171644,1135.88031278018
sample,19,1,7,178673,200224085,1120.6174687837558
sample,19,1,8,181095,200150624,1105.2244622987935
sample,19,1,9,180753,200187938,1107.5220770886237
sample,19,1,10,179544,200161680,1114.83357839861
sample,19,2,11,189692,200244028,1055.6271640343293
sample,19,2,12,194812,200157558,1027.4395725109337
sample,19,2,13,189644,200137790,1055.3341524118875
sample,19,2,14,199397,200170896,1003.8811817630155
sample,19,2,15,194780,200084538,1027.2334839305884
sample,19,2,16,194850,200072259,1026.8014318706698
sample,19,2,17,194876,200077756,1026.6926455797534
sample,19,2,18,194016,200076812,1031.238722579581
sample,19,2,19,195189,200094806,1025.133619210099
sample,19,2,20,192249,200090407,1040.7877648258248
case,20,1,symv+129+uniform+uplo=U,ok,direct,reset-and-arithmetic,policy
sample,20,1,1,46199,200108617,4331.449100629884
sample,20,1,2,46539,200085476,4299.307591482413
sample,20,1,3,46599,200087369,4293.812506706153
sample,20,1,4,45809,200100550,4368.149271977122
sample,20,1,5,46307,200084592,4320.828211717451
sample,20,1,6,46667,200085392,4287.513489189363
sample,20,1,7,46609,200137428,4293.965285674441
sample,20,1,8,46472,200102439,4305.871040626614
sample,20,1,9,43357,200117504,4615.575431879512
sample,20,1,10,44375,200109452,4509.508777464789
sample,20,2,11,37066,200139856,5399.553661037069
sample,20,2,12,37129,200233864,5392.923698456732
sample,20,2,13,36730,200144550,5449.075687448952
sample,20,2,14,36543,200166937,5477.572640450976
sample,20,2,15,36664,200156948,5459.222888937377
sample,20,2,16,35925,200192333,5572.507529575504
sample,20,2,17,37002,200170871,5409.73112264202
sample,20,2,18,37583,200193286,5326.6978687172395
sample,20,2,19,36737,200105655,5446.978659117511
sample,20,2,20,36265,200221896,5521.078064249276
case,21,1,ger+129x31+uniform,ok,direct,reset-and-arithmetic,policy
sample,21,1,1,105383,200218605,1899.9136957573803
sample,21,1,2,109158,200146193,1833.545805163158
sample,21,1,3,108757,200198338,1840.7857701113492
sample,21,1,4,107961,200097128,1853.420475912598
sample,21,1,5,107147,200197728,1868.4398816579092
sample,21,1,6,109400,200128304,1829.326361974406
sample,21,1,7,108396,200191834,1846.8562862098233
sample,21,1,8,108273,200220128,1849.215667802684
sample,21,1,9,108764,200177104,1840.4720679636644
sample,21,1,10,109192,200179543,1833.280304417906
sample,21,2,11,108166,200223300,1851.0742747258844
sample,21,2,12,112067,200267147,1787.0304996118393
sample,21,2,13,108565,200185080,1843.919126790402
sample,21,2,14,108576,200166658,1843.5626473622162
sample,21,2,15,107907,200241423,1855.6852011454307
sample,21,2,16,108541,200149002,1843.9944537087367
sample,21,2,17,108123,200212384,1851.709479019265
sample,21,2,18,107555,200151710,1860.9242713030542
sample,21,2,19,107874,200120723,1855.1339803845226
sample,21,2,20,107633,200111120,1859.198572928377
case,22,1,syr+129+uniform+uplo=L,ok,direct,reset-and-arithmetic,policy
sample,22,1,1,35626,200243490,5620.712120361533
sample,22,1,2,35365,200162853,5659.913841368585
sample,22,1,3,34677,200189703,5772.982178389134
sample,22,1,4,34679,200131669,5770.975777848265
sample,22,1,5,34832,200098129,5744.6637861736335
sample,22,1,6,35102,200103728,5700.636089111732
sample,22,1,7,35095,200095992,5701.552699814789
sample,22,1,8,34747,200095706,5758.646962327683
sample,22,1,9,34397,200108517,5817.615402506032
sample,22,1,10,34556,200099094,5790.5745456650075
sample,22,2,11,36556,200246147,5477.791525330999
sample,22,2,12,36089,200189612,5547.108869738701
sample,22,2,13,35284,200192168,5673.737898197483
sample,22,2,14,35251,200204008,5679.385208930243
sample,22,2,15,33268,200190193,6017.500090176746
sample,22,2,16,35254,200214554,5679.20105519941
sample,22,2,17,35163,200222507,5694.12470494554
sample,22,2,18,34871,200141622,5739.486163287545
sample,22,2,19,36740,200247746,5450.401360914535
sample,22,2,20,36610,200153100,5467.17017208413
case,23,1,syr2+129+uniform+uplo=U,ok,direct,reset-and-arithmetic,policy
sample,23,1,1,24061,200171085,8319.3169444329
sample,23,1,2,24237,200199164,8260.063704253827
sample,23,1,3,23942,200234147,8363.300768523934
sample,23,1,4,25023,200162279,7999.13195859809
sample,23,1,5,24123,200296874,8303.149442440825
sample,23,1,6,24045,200197731,8325.960948222084
sample,23,1,7,24868,200196207,8050.354149911533
sample,23,1,8,24613,200169906,8132.690285621419
sample,23,1,9,24173,200183210,8281.272907789682
sample,23,1,10,24381,200150778,8209.29322013043
sample,23,2,11,24237,200284946,8263.603003672071
sample,23,2,12,22980,200103923,8707.742515230635
sample,23,2,13,24098,200234775,8309.18644700805
sample,23,2,14,24248,200265234,8259.04132299571
sample,23,2,15,23410,200160125,8550.197565143102
sample,23,2,16,23471,200144684,8527.318137275786
sample,23,2,17,23385,200166335,8559.603805858456
sample,23,2,18,23422,200174568,8546.433609427035
sample,23,2,19,23431,200143368,8541.819299218983
sample,23,2,20,24044,200188331,8325.916278489436
case,24,1,trsv+129+triangular+uplo=L+transA=N+diag=N,ok,direct,reset-and-arithmetic,policy
sample,24,1,1,59023,200307760,3393.7238025854326
sample,24,1,2,58031,200165270,3449.2817631955336
sample,24,1,3,55545,200186016,3604.033054280313
sample,24,1,4,58056,200193021,3448.274441918148
sample,24,1,5,57634,200117643,3472.2150640247078
sample,24,1,6,54057,200168919,3702.923192186026
sample,24,1,7,54313,200164961,3685.396884723731
sample,24,1,8,55191,200145951,3626.423710387563
sample,24,1,9,57883,200200356,3458.7073233937426
sample,24,1,10,58195,200145122,3439.2150872068046
sample,24,2,11,59216,200190960,3380.6903539583896
sample,24,2,12,60150,200226032,3328.778586866168
sample,24,2,13,58464,200281733,3425.727507525999
sample,24,2,14,57750,200183896,3466.3878095238097
sample,24,2,15,57753,200213732,3466.724360639274
sample,24,2,16,57700,200211397,3469.8682322357017
sample,24,2,17,57850,200223824,3461.085980985307
sample,24,2,18,58015,200112037,3449.3154701370336
sample,24,2,19,58301,200292971,3435.49803605427
sample,24,2,20,57829,200157422,3461.194590949178
case,25,1,trmv+129+triangular+uplo=U+transA=T+diag=U,ok,direct,reset-and-arithmetic,policy
sample,25,1,1,67763,200131834,2953.408703864941
sample,25,1,2,67710,200195532,2956.6612317235267
sample,25,1,3,67506,200107732,2964.2954996592894
sample,25,1,4,67200,200186360,2978.9636904761905
sample,25,1,5,67832,200220850,2951.7167413610096
sample,25,1,6,67597,200170965,2961.2403656967026
sample,25,1,7,67540,200105151,2962.7650429375185
sample,25,1,8,67718,200191758,2956.2562095750022
sample,25,1,9,67007,200224371,2988.1112570328473
sample,25,1,10,68017,200217169,2943.634223796992
sample,25,2,11,66939,200164950,2990.259041814189
sample,25,2,12,67962,200191429,2945.637694594038
sample,25,2,13,67017,200189061,2987.1385021710907
sample,25,2,14,65911,200151116,3036.687593876591
sample,25,2,15,67382,200149248,2970.366685464961
sample,25,2,16,67442,200196796,2968.429109457015
sample,25,2,17,67611,200146331,2960.262841845262
sample,25,2,18,67374,200152311,2970.7648499421143
sample,25,2,19,67725,200172041,2955.659520118125
sample,25,2,20,67509,200137544,2964.6053711357004
case,26,1,gemm+32x21x48+uniform,ok,direct,reset-and-arithmetic,policy
sample,26,1,1,19201,200304095,10431.96161658247
sample,26,1,2,19723,200243003,10152.765958525579
sample,26,1,3,19655,200200963,10185.752378529636
sample,26,1,4,19785,200110314,10114.243821076574
sample,26,1,5,19413,200228404,10314.14021531963
sample,26,1,6,19028,200246334,10523.772020180786
sample,26,1,7,19005,200124512,10530.097974217311
sample,26,1,8,19092,200129739,10482.387335009427
sample,26,1,9,19461,200213366,10287.927958481065
sample,26,1,10,19442,200144159,10294.422333093304
sample,26,2,11,19188,200136000,10430.268918073796
sample,26,2,12,19640,200177937,10192.359317718941
sample,26,2,13,19080,200186877,10491.974685534591
sample,26,2,14,19883,200138096,10065.789669566966
sample,26,2,15,19380,200161694,10328.260784313725
sample,26,2,16,19352,200266716,10348.631459280694
sample,26,2,17,19429,200185405,10303.433269854342
sample,26,2,18,19719,200204971,10152.89674932806
sample,26,2,19,19004,200343615,10542.181382866765
sample,26,2,20,19088,200169349,10486.659105196983
case,27,1,gemm+129x31x257+uniform+transA=T,ok,direct,reset-and-arithmetic,policy
sample,27,1,1,766,200160351,261305.9412532637
sample,27,1,2,799,200195810,250557.95994993742
sample,27,1,3,787,200405312,254644.61499364677
sample,27,1,4,773,200501062,259380.4165588616
sample,27,1,5,770,200452006,260327.28051948053
sample,27,1,6,772,200287166,259439.3341968912
sample,27,1,7,772,200290596,259443.77720207255
sample,27,1,8,768,200154199,260617.44661458334
sample,27,1,9,770,200257628,260074.84155844155
sample,27,1,10,771,200462356,260003.05577172502
sample,27,2,11,775,200361086,258530.4335483871
sample,27,2,12,800,200260100,250325.125
sample,27,2,13,769,200267647,260426.0689206762
sample,27,2,14,768,200261084,260756.61979166666
sample,27,2,15,773,200334458,259164.8874514877
sample,27,2,16,775,200442763,258635.82322580644
sample,27,2,17,766,200392078,261608.45691906006
sample,27,2,18,741,200098013,270037.8043184885
sample,27,2,19,766,200267465,261445.7767624021
sample,27,2,20,763,200336991,262564.8636959371
case,28,1,gemm+65x127x33+uniform+transB=T,ok,direct,reset-and-arithmetic,policy
sample,28,1,1,2887,200209227,69348.537235885
sample,28,1,2,2913,200211001,68730.17542052867
sample,28,1,3,2867,200187052,69824.57342169515
sample,28,1,4,2894,200154874,69162.01589495508
sample,28,1,5,2895,200240804,69167.8079447323
sample,28,1,6,2886,200359003,69424.46396396396
sample,28,1,7,2884,200211371,69421.41851595006
sample,28,1,8,2888,200180077,69314.43109418283
sample,28,1,9,2894,200169004,69166.8984105045
sample,28,1,10,2905,200208715,68918.6626506024
sample,28,2,11,2816,200218570,71100.34446022728
sample,28,2,12,2797,200163202,71563.53307114766
sample,28,2,13,2828,200224881,70800.87729844413
sample,28,2,14,2836,200164596,70579.89985895628
sample,28,2,15,2827,200253336,70835.98726565264
sample,28,2,16,2805,200109833,71340.40392156862
sample,28,2,17,2933,200210696,68261.40334128878
sample,28,2,18,2908,200167469,68833.37998624484
sample,28,2,19,2882,200285045,69495.15787647467
sample,28,2,20,2811,200174606,71211.1725364639
case,29,1,symm+129x31+uniform+side=L+uplo=L,ok,direct,reset-and-arithmetic,policy
sample,29,1,1,1485,200169138,134794.03232323233
sample,29,1,2,1493,200298340,134158.29872739452
sample,29,1,3,1495,200163102,133888.362541806
sample,29,1,4,1487,200139668,134592.9172831204
sample,29,1,5,1492,200208684,134188.12600536193
sample,29,1,6,1487,200173502,134615.67047747143
sample,29,1,7,1494,200172778,133984.45649263723
sample,29,1,8,1494,200255203,134039.62717536814
sample,29,1,9,1488,200238136,134568.63978494622
sample,29,1,10,1480,200211391,135277.9668918919
sample,29,2,11,1485,200181504,134802.3595959596
sample,29,2,12,1570,200288652,127572.3898089172
sample,29,2,13,1525,200254250,131314.26229508198
sample,29,2,14,1523,200243252,131479.48260013133
sample,29,2,15,1457,200322369,137489.6149622512
sample,29,2,16,1518,200270330,131930.38866930173
sample,29,2,17,1510,200108326,132522.0701986755
sample,29,2,18,1529,200177521,130920.55003270111
sample,29,2,19,1533,200190251,130587.2478799739
sample,29,2,20,1530,200278136,130900.74248366013
case,30,1,symm+31x129+uniform+side=R+uplo=U,ok,direct,reset-and-arithmetic,policy
sample,30,1,1,1501,200175869,133361.67155229847
sample,30,1,2,1584,200270476,126433.3813131313
sample,30,1,3,1529,200219492,130948.0
sample,30,1,4,1534,200209622,130514.74706649283
sample,30,1,5,1545,200221915,129593.47249190939
sample,30,1,6,1517,200258398,132009.49110085695
sample,30,1,7,1476,200248912,135669.9945799458
sample,30,1,8,1494,200213260,134011.55287817938
sample,30,1,9,1550,200217880,129172.82580645161
sample,30,1,10,1499,200195083,133552.42361574384
sample,30,2,11,1554,200232315,128849.62355212355
sample,30,2,12,1541,200288707,129973.20376378974
sample,30,2,13,1460,200199327,137122.82671232877
sample,30,2,14,1560,200152724,128303.02820512821
sample,30,2,15,1521,200233356,131645.86193293886
sample,30,2,16,1563,200170256,128067.98208573257
sample,30,2,17,1483,200391600,135125.82602832097
sample,30,2,18,1416,200309628,141461.60169491524
sample,30,2,19,1492,200311650,134257.1380697051
sample,30,2,20,1495,200264870,133956.4347826087
case,31,1,gemmt+129x31+uniform+uplo=L+transA=N+transB=N,ok,direct,reset-and-arithmetic,policy
sample,31,1,1,1326,200186180,150969.96983408747
sample,31,1,2,1319,200201027,151782.43138741472
sample,31,1,3,1295,200310434,154679.87181467182
sample,31,1,4,1303,200193484,153640.43284727552
sample,31,1,5,1301,200337214,153987.0976172175
sample,31,1,6,1292,200203696,154956.42105263157
sample,31,1,7,1298,200263747,154286.3998459168
sample,31,1,8,1301,200194832,153877.6571867794
sample,31,1,9,1290,200299092,155270.61395348838
sample,31,1,10,1294,200204766,154717.74806800619
sample,31,2,11,1335,200309401,150044.49513108615
sample,31,2,12,1336,200287897,149916.09056886227
sample,31,2,13,1344,200288875,149024.46056547618
sample,31,2,14,1326,200189728,150972.6455505279
sample,31,2,15,1318,200219807,151911.84142640364
sample,31,2,16,1326,200227378,151001.03921568627
sample,31,2,17,1334,200356880,150192.56371814094
sample,31,2,18,1321,200155986,151518.53595760788
sample,31,2,19,1333,200219787,150202.39084771194
sample,31,2,20,1330,200358206,150645.26766917293
case,32,1,syrk+129x31+uniform+uplo=L+transA=N,ok,direct,reset-and-arithmetic,policy
sample,32,1,1,2654,200217690,75439.9736247174
sample,32,1,2,2793,200210488,71682.95309702828
sample,32,1,3,2712,200207050,73822.65855457228
sample,32,1,4,2656,200228472,75387.22590361445
sample,32,1,5,2651,200301166,75556.83364768012
sample,32,1,6,2651,200253509,75538.85665786496
sample,32,1,7,2681,200289211,74706.90451324133
sample,32,1,8,2655,200160858,75390.15367231639
sample,32,1,9,2659,200312927,75333.93268145919
sample,32,1,10,2643,200231845,75759.3057132047
sample,32,2,11,2730,200254088,73353.14578754579
sample,32,2,12,2737,200296185,73180.92254293022
sample,32,2,13,2686,200168858,74523.02978406553
sample,32,2,14,2837,200290905,70599.5435318999
sample,32,2,15,2697,200126600,74203.41119762699
sample,32,2,16,2663,200184640,75172.60232820128
sample,32,2,17,2725,200230630,73479.13027522936
sample,32,2,18,2713,200167090,73780.71876151861
sample,32,2,19,2725,200159329,73452.9647706422
sample,32,2,20,2742,200183428,73006.355944566
case,33,1,syr2k+129x31+uniform+uplo=U+transA=T,ok,direct,reset-and-arithmetic,policy
sample,33,1,1,1271,200163167,157484.78914240756
sample,33,1,2,1277,200180833,156758.6789350039
sample,33,1,3,1275,200267017,157072.17019607843
sample,33,1,4,1296,200318464,154566.71604938273
sample,33,1,5,1316,200224745,152146.46276595743
sample,33,1,6,1278,200408349,156814.04460093897
sample,33,1,7,1245,200230694,160827.86666666667
sample,33,1,8,1245,200317400,160897.51004016065
sample,33,1,9,1251,200303357,160114.59392486012
sample,33,1,10,1250,200272331,160217.8648
sample,33,2,11,1233,200245659,162405.2384428224
sample,33,2,12,1248,200184975,160404.62740384616
sample,33,2,13,1243,200265325,161114.50120675785
sample,33,2,14,1241,200285392,161390.32393231266
sample,33,2,15,1240,200309370,161539.81451612903
sample,33,2,16,1247,200192586,160539.36327185243
sample,33,2,17,1246,200319926,160770.40609951847
sample,33,2,18,1254,200190425,159641.48724082936
sample,33,2,19,1241,200267455,161375.8702659146
sample,33,2,20,1156,200165901,173153.89359861592
case,34,1,trsm+64x16+triangular+side=L+uplo=L+transA=N+diag=N,ok,direct,reset-and-arithmetic,policy
sample,34,1,1,12690,200200262,15776.222379826635
sample,34,1,2,12942,200145662,15464.817029825375
sample,34,1,3,12949,200135945,15455.70661827168
sample,34,1,4,13052,200188235,15337.744023904383
sample,34,1,5,12958,200245982,15453.463651798116
sample,34,1,6,12892,200189116,15528.165994415142
sample,34,1,7,12984,200190866,15418.273721503389
sample,34,1,8,12831,200262228,15607.68669628244
sample,34,1,9,12141,200250399,16493.731900172967
sample,34,1,10,12480,200257774,16046.295993589743
sample,34,2,11,12986,200176874,15414.821654089019
sample,34,2,12,13248,200165216,15109.089371980675
sample,34,2,13,12863,200208076,15564.648682266967
sample,34,2,14,12887,200158146,15531.787537828819
sample,34,2,15,12813,200143222,15620.32482634824
sample,34,2,16,13023,200105189,15365.521692390386
sample,34,2,17,13020,200344449,15387.438479262673
sample,34,2,18,12978,200213737,15427.164200955463
sample,34,2,19,13560,200191382,14763.376253687316
sample,34,2,20,13286,200195327,15068.141427066084
case,35,1,trsm+17x64+triangular+side=R+uplo=U+transA=T+diag=U,ok,direct,reset-and-arithmetic,policy
sample,35,1,1,11653,200105116,17171.982837037674
sample,35,1,2,11584,200160297,17279.031163674033
sample,35,1,3,11615,200133576,17230.613517003876
sample,35,1,4,11640,200108959,17191.491323024056
sample,35,1,5,11701,200208634,17110.38663362106
sample,35,1,6,11729,200218734,17070.40105720863
sample,35,1,7,11432,200183164,17510.773617914627
sample,35,1,8,11493,200228463,17421.77525450274
sample,35,1,9,11439,200240074,17505.033132266806
sample,35,1,10,11511,200218891,17393.700894796282
sample,35,2,11,11735,200180147,17058.384916915213
sample,35,2,12,11733,200166835,17060.158101082416
sample,35,2,13,11723,200149728,17073.251556768744
sample,35,2,14,11678,200190116,17142.5000856311
sample,35,2,15,11720,200155567,17078.12005119454
sample,35,2,16,11825,200214384,16931.448964059196
sample,35,2,17,11785,200202972,16987.948408994485
sample,35,2,18,11746,200159145,17040.62191384301
sample,35,2,19,11711,200144352,17090.287080522587
sample,35,2,20,11777,200095402,16990.35424980895
case,36,1,trmm+64x16+triangular+side=L+uplo=U+transA=T+diag=N,ok,direct,reset-and-arithmetic,policy
sample,36,1,1,17179,200215126,11654.643809302055
sample,36,1,2,16939,200213476,11819.67506936655
sample,36,1,3,16173,200127636,12374.18141346689
sample,36,1,4,16565,200153211,12082.898339873227
sample,36,1,5,16199,200125543,12354.191184641028
sample,36,1,6,16348,200203562,12246.364203572302
sample,36,1,7,16920,200280108,11836.885815602836
sample,36,1,8,16539,200216031,12105.691456557228
sample,36,1,9,16404,200144139,12200.935076810534
sample,36,1,10,16285,200175387,12292.010254835739
sample,36,2,11,16331,200221804,12260.22925724083
sample,36,2,12,16335,200188848,12255.209550045915
sample,36,2,13,16140,200263289,12407.886555142502
sample,36,2,14,16322,200136329,12261.752787648573
sample,36,2,15,16382,200103312,12214.827981931388
sample,36,2,16,16454,200195243,12166.965054090191
sample,36,2,17,16470,200192461,12154.976381299331
sample,36,2,18,16533,200168188,12107.190951430472
sample,36,2,19,16490,200171703,12138.975318374773
sample,36,2,20,16502,200197260,12131.696764028602
case,37,1,trmm+17x64+triangular+side=R+uplo=L+transA=N+diag=U,ok,direct,reset-and-arithmetic,policy
sample,37,1,1,13258,200278487,15106.236762709308
sample,37,1,2,13275,200215190,15082.123540489642
sample,37,1,3,13238,200199976,15123.128569270282
sample,37,1,4,12959,200256477,15453.08102477043
sample,37,1,5,13039,200191301,15353.271033054682
sample,37,1,6,12951,200209104,15458.96872828353
sample,37,1,7,13064,200219025,15326.012323943662
sample,37,1,8,13754,200270820,14560.914643012942
sample,37,1,9,13372,200123202,14965.839216272809
sample,37,1,10,13338,200147858,15005.83730694257
sample,37,2,11,12736,200226699,15721.31744660804
sample,37,2,12,12768,200170829,15677.539865288221
sample,37,2,13,12764,200145572,15680.474146035725
sample,37,2,14,12746,200134500,15701.749568492076
sample,37,2,15,12806,200148573,15629.281040137435
sample,37,2,16,12837,200200899,15595.614162187427
sample,37,2,17,12761,200168712,15685.973826502624
sample,37,2,18,12804,200220137,15637.31154326773
sample,37,2,19,12764,200202746,15684.953462864305
sample,37,2,20,12812,200158283,15622.7195597877
case,38,1,gemm-tile+4x4x32+uniform+packed=4x4,ok,partial,raw-tile,portable-tile
sample,38,1,1,1673064,200262104,119.6978143095542
sample,38,1,2,1673763,200183041,119.6005892112563
sample,38,1,3,1667979,200325640,120.10081661699577
sample,38,1,4,1671392,200149110,119.74995093909747
sample,38,1,5,1767964,200187673,113.23062743359027
sample,38,1,6,1764614,200145272,113.42155961587066
sample,38,1,7,1718896,200203945,116.47240147164226
sample,38,1,8,1665894,200178411,120.16275405277887
sample,38,1,9,1665380,200174075,120.19723726717025
sample,38,1,10,1658972,200161782,120.65410507229778
sample,38,2,11,1646651,200193119,121.57592531750808
sample,38,2,12,1653924,200183539,121.03551251448071
sample,38,2,13,1657082,200181183,120.80342614306353
sample,38,2,14,1653417,200194232,121.0790937797301
sample,38,2,15,1662025,200184141,120.4459265053173
sample,38,2,16,1658654,200195180,120.69737268893934
sample,38,2,17,1651287,200251598,121.2700142373797
sample,38,2,18,1661167,200154329,120.49019093203754
sample,38,2,19,1653341,200219492,121.0999376414182
sample,38,2,20,1655439,200165324,120.91374191377635
case,39,1,gemm-tile+3x2x31+uniform+packed=4x4,ok,partial,raw-tile,portable-tile
sample,39,1,1,1733062,200290087,115.57006442931643
sample,39,1,2,1794014,200249032,111.62066293797038
sample,39,1,3,1705871,200139352,117.32384922423795
sample,39,1,4,1699966,200157155,117.74185777833203
sample,39,1,5,1694409,200207764,118.15787333518648
sample,39,1,6,1668296,200197110,120.00095306828045
sample,39,1,7,1698056,200226542,117.91515827510989
sample,39,1,8,1699663,200206558,117.79191404413699
sample,39,1,9,1695967,200276482,118.08984608780713
sample,39,1,10,1816020,200231265,110.25829286021079
sample,39,2,11,1701089,200159935,117.66576293186306
sample,39,2,12,1801703,200209042,111.12211169099457
sample,39,2,13,1752853,200139491,114.17927858183202
sample,39,2,14,1763309,200231949,113.55465718146961
sample,39,2,15,1746072,200251980,114.68712630406993
sample,39,2,16,1729821,200129435,115.69372495766903
sample,39,2,17,1732549,200209656,115.55786070119807
sample,39,2,18,1754607,200137080,114.06376470628466
sample,39,2,19,1773759,200217060,112.8772623563855
sample,39,2,20,1759706,200145520,113.7380448779512
case,40,1,packed-trsm+4x4+triangular+packed=4x4+uplo=L+diag=N,ok,partial,raw-tile,portable-solve
sample,40,1,1,4651185,200176888,43.03782541438365
sample,40,1,2,4656528,200190926,42.99145758384788
sample,40,1,3,4223272,200193520,47.40246898613208
sample,40,1,4,4640067,200208412,43.147741616662
sample,40,1,5,4646825,200186382,43.0802498480145
sample,40,1,6,4658860,200153677,42.96194283580103
sample,40,1,7,4655008,200194441,43.00625068743169
sample,40,1,8,4621998,200124815,43.298334399971615
sample,40,1,9,4618442,200154436,43.33808587398088
sample,40,1,10,4563516,200133745,43.855164526650064
sample,40,2,11,4483319,200202125,44.654891833483184
sample,40,2,12,4423283,200146440,45.24839129669071
sample,40,2,13,4660948,200160974,42.9442624118527
sample,40,2,14,4630883,200254617,43.24329010255712
sample,40,2,15,4522048,200132917,44.25714123335268
sample,40,2,16,4657492,200131917,42.969889588645565
sample,40,2,17,4526118,200204351,44.2331267103509
sample,40,2,18,4531238,200094337,44.1588671793448
sample,40,2,19,4569357,200097612,43.79119687956096
sample,40,2,20,4567824,200080798,43.80221260714073
case,41,1,packed-trsm+3x2+triangular+packed=4x4+uplo=U+diag=U,ok,partial,raw-tile,portable-solve
sample,41,1,1,18296902,200168602,10.940027005664675
sample,41,1,2,17970104,200091174,11.134669782656795
sample,41,1,3,17987707,200096195,11.124052387555567
sample,41,1,4,18010734,200091166,11.109550893372807
sample,41,1,5,17989068,200087975,11.122753830270696
sample,41,1,6,17969245,200087127,11.134976845159605
sample,41,1,7,17984330,200145146,11.12886307135156
sample,41,1,8,18032202,200109937,11.097365535279607
sample,41,1,9,17989268,200096423,11.12309978371549
sample,41,1,10,17991177,200133789,11.12399644559108
sample,41,2,11,16891536,200100754,11.846214222318206
sample,41,2,12,16800100,200169086,11.914755626454605
sample,41,2,13,16816988,200210958,11.905280422391929
sample,41,2,14,16982766,200186727,11.787639716639799
sample,41,2,15,17078393,200139267,11.718858267285453
sample,41,2,16,16860855,200153234,11.87088282296479
sample,41,2,17,17837608,200196241,11.223267211612677
sample,41,2,18,16977121,200258092,11.795762779802299
sample,41,2,19,16912430,200193126,11.837040921972774
sample,41,2,20,16937030,200103733,11.814570382174443
case,42,1,gemm-trsm+4x4x32+triangular+packed=4x4+uplo=L+diag=N,ok,composed,raw-tile,portable-tile
sample,42,1,1,791067,200192238,253.06609680343132
sample,42,1,2,803783,200263036,249.15062398682232
sample,42,1,3,789144,200195166,253.68648307533226
sample,42,1,4,788155,200182507,253.98875475001745
sample,42,1,5,789512,200144075,253.50352496225517
sample,42,1,6,793155,200191438,252.3988854637492
sample,42,1,7,792265,200215854,252.7132386259648
sample,42,1,8,791464,200296288,253.07062355331385
sample,42,1,9,789233,200199567,253.66345173098438
sample,42,1,10,790428,200200334,253.28092375270106
sample,42,2,11,829221,200162131,241.3857475871933
sample,42,2,12,830500,200144842,240.99318723660446
sample,42,2,13,790768,200169482,253.13300740545898
sample,42,2,14,829480,200218474,241.37830206876598
sample,42,2,15,821866,200190555,243.58052894267436
sample,42,2,16,831195,200156412,240.80560157363794
sample,42,2,17,830882,200190433,240.937260645916
sample,42,2,18,830306,200204233,241.12102405619135
sample,42,2,19,832803,200213724,240.40946538377023
sample,42,2,20,836727,200210691,239.27839187692044
case,43,1,gemm-trsm+3x2x31+triangular+packed=4x4+uplo=U+diag=U,ok,composed,raw-tile,portable-tile
sample,43,1,1,2174897,200162794,92.03322915981768
sample,43,1,2,2148009,200119754,93.16523068571873
sample,43,1,3,2164587,200153585,92.46733210538547
sample,43,1,4,2167394,200170560,92.3554093072141
sample,43,1,5,2235646,200213812,89.55523906736576
sample,43,1,6,2293863,200152880,87.25581257468296
sample,43,1,7,2301850,200240501,86.99111627603884
sample,43,1,8,2302533,200232971,86.96204180352682
sample,43,1,9,2311394,200118471,86.57912541089922
sample,43,1,10,2272330,200100853,88.05976816747568
sample,43,2,11,2164408,200096010,92.44837849425801
sample,43,2,12,2165234,200289634,92.50253506087564
sample,43,2,13,2155836,200159740,92.84553184936145
sample,43,2,14,2169676,200159466,92.25315945790985
sample,43,2,15,2231472,200125448,89.6831544379674
sample,43,2,16,2273802,200259704,88.0726219785188
sample,43,2,17,2303067,200229212,86.9402462021296
sample,43,2,18,2300826,200298647,87.05510412347566
sample,43,2,19,2302431,200172305,86.93954563676392
sample,43,2,20,2299323,200214436,87.0753852329577
run,2,jvm-scalar/scalar/scalar/packed-4x4,1,ns,db65fbb3fdf9fcb1ea032284c73b78082bdec4bc,true,kotlin-2.4.10/jvm/Eclipse Adoptium/25.0.1,1,5,200000000,jmh-average-time,200000000,2
case,44,2,gemm-tile+8x4x32+uniform+packed=8x4,unsupported,unsupported,arithmetic,unavailable
case,45,2,gemm-tile+7x2x31+uniform+packed=8x4,unsupported,unsupported,arithmetic,unavailable
case,46,2,packed-trsm+8x4+triangular+packed=8x4+uplo=L+diag=N,unsupported,unsupported,arithmetic,unavailable
case,47,2,packed-trsm+7x2+triangular+packed=8x4+uplo=U+diag=U,unsupported,unsupported,arithmetic,unavailable
case,48,2,gemm-trsm+8x4x32+triangular+packed=8x4+uplo=L+diag=N,unsupported,unsupported,arithmetic,unavailable
case,49,2,gemm-trsm+7x2x31+triangular+packed=8x4+uplo=U+diag=U,unsupported,unsupported,arithmetic,unavailable
case,50,1,pack-left+4x32+uniform+packed=4x4,ok,unsupported,packing-only,portable-layout
sample,50,1,1,1476981,200117306,135.4907788251846
sample,50,1,2,1492270,200222581,134.1731596828992
sample,50,1,3,1472498,200182688,135.94768074387878
sample,50,1,4,1464497,200203980,136.70494374519032
sample,50,1,5,1467939,200106770,136.31817807143213
sample,50,1,6,1448739,200126030,138.1380842235903
sample,50,1,7,1285179,200245361,155.81126131068123
sample,50,1,8,1450268,200182810,138.03159829769393
sample,50,1,9,1455688,200132324,137.48297986931266
sample,50,1,10,1441079,200205016,138.9271622166446
sample,50,2,11,1543034,200287648,129.80118908591774
sample,50,2,12,1494874,200192429,133.91926610537075
sample,50,2,13,1529111,200169892,130.90605717962922
sample,50,2,14,1460097,200157303,137.08493545291853
sample,50,2,15,1467898,200195551,136.38246731039897
sample,50,2,16,1467385,200153460,136.40146246554244
sample,50,2,17,1463076,200076666,136.7506992117976
sample,50,2,18,1472651,200185062,135.93516861768336
sample,50,2,19,1469859,200160938,136.17696527353985
sample,50,2,20,1463927,200141305,136.71535875764297
case,51,1,pack-left+3x31+uniform+packed=4x4,ok,unsupported,packing-only,portable-layout
sample,51,1,1,1383411,200186208,144.70479705597253
sample,51,1,2,1383565,200153194,144.66482890214772
sample,51,1,3,1387794,200104861,144.18916712422737
sample,51,1,4,1383129,200152436,144.70988317069487
sample,51,1,5,1378562,200112541,145.16034897233493
sample,51,1,6,1380245,200137414,145.00136859760406
sample,51,1,7,1379173,200237531,145.1866669373603
sample,51,1,8,1335923,200204522,149.86232140624872
sample,51,1,9,1340222,200244957,149.41178177943655
sample,51,1,10,1335147,200186019,149.9355643985269
sample,51,2,11,1335810,200195152,149.86798421931263
sample,51,2,12,1407546,200137712,142.18910927245005
sample,51,2,13,1372693,200157678,145.81386952508683
sample,51,2,14,1339366,200213556,149.4838274228254
sample,51,2,15,1333247,200224022,150.17774050869795
sample,51,2,16,1408648,200265707,142.16873697332477
sample,51,2,17,1379109,200245070,145.1988711552169
sample,51,2,18,1350793,200188394,148.20064510254346
sample,51,2,19,1357666,200164678,147.43293122167012
sample,51,2,20,1362399,200103535,146.87586749549874
case,52,1,pack-right+32x4+uniform+packed=4x4,ok,unsupported,packing-only,portable-layout
sample,52,1,1,1415397,200190648,141.4378072017957
sample,52,1,2,1425037,200168135,140.46521949956386
sample,52,1,3,1421195,200169337,140.84579315294522
sample,52,1,4,1434771,200161236,139.5074447420529
sample,52,1,5,1441364,200129316,138.84717253934468
sample,52,1,6,1424453,200215291,140.55591233968408
sample,52,1,7,1422990,200168337,140.66742352370713
sample,52,1,8,1434817,200174563,139.512260448545
sample,52,1,9,1435570,200194277,139.45281456146338
sample,52,1,10,1438674,200123857,139.10299136566033
sample,52,2,11,1451966,200243379,137.91189256497742
sample,52,2,12,1448628,200126477,138.14897751527653
sample,52,2,13,1439031,200147248,139.08473688197128
sample,52,2,14,1490248,200196568,134.3377531793366
sample,52,2,15,1448185,200206845,138.24673297955718
sample,52,2,16,1446682,200185283,138.37545708040884
sample,52,2,17,1446325,200247526,138.45264791799906
sample,52,2,18,1438461,200133445,139.13025448726103
sample,52,2,19,1536570,200222256,130.30467599914095
sample,52,2,20,1496801,200086413,133.67602840992222
case,53,1,pack-right+31x2+uniform+packed=4x4,ok,unsupported,packing-only,portable-layout
sample,53,1,1,1467588,200165242,136.39062325393775
sample,53,1,2,1458222,200168054,137.26857364653668
sample,53,1,3,1454194,200114795,137.61217210358453
sample,53,1,4,1467161,200250029,136.48810798542218
sample,53,1,5,1540310,200154644,129.94439041491648
sample,53,1,6,1526967,200194568,131.10602128271273
sample,53,1,7,1525824,200155513,131.1786372478084
sample,53,1,8,1523217,200094064,131.36280910730383
sample,53,1,9,1518035,200175427,131.86482986228907
sample,53,1,10,1523135,200143806,131.40253884258453
sample,53,2,11,1450583,200276835,138.06644294052805
sample,53,2,12,1556544,200181784,128.60656942559928
sample,53,2,13,1494621,200199064,133.94637436514006
sample,53,2,14,1455761,200190840,137.51628186220128
sample,53,2,15,1450856,200218484,138.00024537238707
sample,53,2,16,1450803,200244729,138.023376709312
sample,53,2,17,1567395,200137479,127.68796570105175
sample,53,2,18,1479734,200169826,135.27419522698
sample,53,2,19,1461599,200198010,136.97191226868657
sample,53,2,20,1477432,200271983,135.5541121351101
case,54,1,pack-symmetric-left+4x4+uniform+packed=4x4+uplo=L,ok,unsupported,packing-only,portable-layout
sample,54,1,1,6350850,200209466,31.524829904658432
sample,54,1,2,6356636,200253667,31.503088583332442
sample,54,1,3,6298061,200186831,31.785470321738707
sample,54,1,4,6327384,200192286,31.639029020524124
sample,54,1,5,6257524,200245771,32.000799517508845
sample,54,1,6,6273871,200184882,31.90771407317747
sample,54,1,7,6281070,200139970,31.86399291840403
sample,54,1,8,6262031,200196409,31.969884690765664
sample,54,1,9,6049502,200217250,33.09648463625601
sample,54,1,10,5987250,200149637,33.42931011733266
sample,54,2,11,5978105,200109126,33.4736720081029
sample,54,2,12,6286711,200106438,31.830067900369524
sample,54,2,13,6180842,200170040,32.38556170825917
sample,54,2,14,6201783,200171857,32.276501290032236
sample,54,2,15,6287386,200232168,31.84664787560363
sample,54,2,16,6292269,200132921,31.80616102077009
sample,54,2,17,6309697,200262011,31.738768279998233
sample,54,2,18,6313339,200101509,31.695036334972666
sample,54,2,19,6288182,200172733,31.833164657129835
sample,54,2,20,6302580,200194260,31.763858610283407
case,55,1,pack-symmetric-right+4x4+uniform+packed=4x4+uplo=U,ok,unsupported,packing-only,portable-layout
sample,55,1,1,6232798,200167282,32.1151563070069
sample,55,1,2,6128109,200184021,32.66652420836509
sample,55,1,3,6163473,200146030,32.472930440354
sample,55,1,4,6087153,200183098,32.886161724536905
sample,55,1,5,6203046,200295957,32.289935783162015
sample,55,1,6,6221657,200152152,32.170232463795415
sample,55,1,7,6186408,200135275,32.350804376303664
sample,55,1,8,6140929,200100522,32.58473139813211
sample,55,1,9,6016595,200289429,33.289498295963085
sample,55,1,10,6430510,200224967,31.136716527927025
sample,55,2,11,6387598,200151563,31.334401914459864
sample,55,2,12,6328934,200180042,31.629345795042262
sample,55,2,13,6374143,200157461,31.401470127042963
sample,55,2,14,6341266,200204553,31.57170082440951
sample,55,2,15,6368927,200184398,31.43141662637992
sample,55,2,16,6394028,200191451,31.309129550261588
sample,55,2,17,6371842,200352159,31.443365827338468
sample,55,2,18,6387488,200163508,31.3368115916617
sample,55,2,19,6373003,200215239,31.416153264010703
sample,55,2,20,6370720,200204480,31.425722681266794
case,56,1,pack-triangular-left+4x4+triangular+packed=4x4+uplo=L+diag=N,ok,unsupported,packing-only,portable-layout
sample,56,1,1,6520918,200158476,30.694831003855594
sample,56,1,2,6776907,200184398,29.53919804418151
sample,56,1,3,6787782,200208226,29.49538243862281
sample,56,1,4,6775635,200163048,29.541592485427564
sample,56,1,5,6798832,200103852,29.43209245352731
sample,56,1,6,6748352,200100555,29.651766090446973
sample,56,1,7,7051907,200185696,28.387455478355005
sample,56,1,8,7029013,200156127,28.475708751712368
sample,56,1,9,7048726,200159252,28.396514774442927
sample,56,1,10,7033813,200134922,28.45326169461713
sample,56,2,11,6965770,200271518,28.75080830977767
sample,56,2,12,6966899,200199988,28.735882061732198
sample,56,2,13,6901611,200182877,29.005239066646904
sample,56,2,14,6779595,200205863,29.53065234722723
sample,56,2,15,6582181,200185944,30.413314978728174
sample,56,2,16,6798179,200144435,29.44088924401667
sample,56,2,17,6814982,200180810,29.373637377178692
sample,56,2,18,6748535,200138307,29.656556126626
sample,56,2,19,6757772,200269091,29.6353725754583
sample,56,2,20,6756301,200143695,29.62326500847135
case,57,1,pack-triangular-right+4x4+triangular+packed=4x4+uplo=U+diag=U,ok,unsupported,packing-only,portable-layout
sample,57,1,1,5924832,200089245,33.7712942746731
sample,57,1,2,5971329,200083314,33.507333794537196
sample,57,1,3,5950900,200085857,33.62278932598431
sample,57,1,4,5984387,200095997,33.436339762117655
sample,57,1,5,5934187,200107004,33.72104788743597
sample,57,1,6,5968191,200087888,33.525717926922916
sample,57,1,7,5992205,200125256,33.397598379895214
sample,57,1,8,5990640,200084164,33.39946383024184
sample,57,1,9,5990177,200095756,33.403980550157364
sample,57,1,10,5971942,200108444,33.508102389473976
sample,57,2,11,6343431,200138780,31.550556788589645
sample,57,2,12,6226344,200143436,32.144615845189406
sample,57,2,13,6678143,200254098,29.986494449130543
sample,57,2,14,6445342,200224183,31.064943179120675
sample,57,2,15,6339677,200257403,31.587950458674786
sample,57,2,16,6231945,200154857,32.11755832248198
sample,57,2,17,6218994,200125483,32.17971958165581
sample,57,2,18,6225140,200083508,32.14120614154862
sample,57,2,19,6219763,200093466,32.17059331681931
sample,57,2,20,6227698,200088194,32.128756725197654
case,58,1,write-left+3x31+uniform+packed=4x4,ok,unsupported,layout-only,portable-layout
sample,58,1,1,3011908,200336992,66.5149772170996
sample,58,1,2,3137532,200210817,63.811561762557325
sample,58,1,3,3051524,200204767,65.60812466164448
sample,58,1,4,3005716,200148392,66.58925593768673
sample,58,1,5,2941320,200090334,68.02739382318143
sample,58,1,6,2946580,200080998,67.90278831730345
sample,58,1,7,2941319,200133862,68.04221575422456
sample,58,1,8,2939960,200083358,68.0564898842161
sample,58,1,9,2961796,200095063,67.55869175324702
sample,58,1,10,2964722,200080926,67.48724703361732
sample,58,2,11,2999225,200141491,66.73106919287483
sample,58,2,12,2994101,200201971,66.86547013611097
sample,58,2,13,2986510,200166452,67.02353315408286
sample,58,2,14,2997877,200263533,66.80178439609097
sample,58,2,15,3011256,200134394,66.46209887170005
sample,58,2,16,2996146,200179427,66.81230721066329
sample,58,2,17,2979306,200180259,67.19023121492052
sample,58,2,18,2999438,200149080,66.72886053987447
sample,58,2,19,2970577,200126788,67.36966858627129
sample,58,2,20,2894372,200138000,69.14729689203737
case,59,1,write-left+4x32+uniform+packed=4x4,ok,unsupported,layout-only,portable-layout
sample,59,1,1,2490994,200184142,80.36315703690977
sample,59,1,2,2589055,200189598,77.32149297716734
sample,59,1,3,2547799,200243950,78.59487738239947
sample,59,1,4,2573358,200189663,77.79316480645134
sample,59,1,5,2529645,200205441,79.14369051783946
sample,59,1,6,2516866,200146436,79.52208659499553
sample,59,1,7,2526954,200199586,79.22565507721946
sample,59,1,8,2573717,200251260,77.80624676295024
sample,59,1,9,2528208,200160457,79.17088190528628
sample,59,1,10,2523692,200309228,79.37150333717426
sample,59,2,11,2458805,200195802,81.41995888246527
sample,59,2,12,2609206,200182015,76.72142981428067
sample,59,2,13,2539496,200195385,78.83272310726223
sample,59,2,14,2542814,200274316,78.76089875232715
sample,59,2,15,2545235,200212080,78.66153027127162
sample,59,2,16,2559004,200201049,78.23397267061716
sample,59,2,17,2517640,200247976,79.53797048029107
sample,59,2,18,2470061,200224026,81.06035680900189
sample,59,2,19,2463988,200152502,81.23111882038387
sample,59,2,20,2456127,200200365,81.51059167543046
case,60,1,write-right+31x2+uniform+packed=4x4,ok,unsupported,layout-only,portable-layout
sample,60,1,1,2355295,200207580,85.00318643736772
sample,60,1,2,2351426,200196594,85.13837730806753
sample,60,1,3,2367920,200259281,84.57181028075273
sample,60,1,4,2287357,200182236,87.51683099752246
sample,60,1,5,2210060,200137205,90.5573626960354
sample,60,1,6,2235122,200108620,89.52917111459688
sample,60,1,7,2234036,200169235,89.59982515948714
sample,60,1,8,2182946,200208922,91.71501356423842
sample,60,1,9,2202731,200187455,90.8814807618361
sample,60,1,10,2232722,200223324,89.67678197285645
sample,60,2,11,2242622,200209683,89.27482339868243
sample,60,2,12,2242415,200167776,89.26437613019891
sample,60,2,13,2374419,200190879,84.31152168172508
sample,60,2,14,2289902,200172078,87.41512868236282
sample,60,2,15,2228032,200192404,89.85167358458047
sample,60,2,16,2241533,200168681,89.29990368198906
sample,60,2,17,2236704,200225366,89.51804351402778
sample,60,2,18,2225246,200146941,89.9437370070545
sample,60,2,19,2251248,200162128,88.91162946063695
sample,60,2,20,2348737,200228712,85.24952431881475
case,61,1,write-right+32x4+uniform+packed=4x4,ok,unsupported,layout-only,portable-layout
sample,61,1,1,1778702,200224294,112.56764427093465
sample,61,1,2,1766860,200254573,113.33924193201499
sample,61,1,3,1775622,200193487,112.74555451554441
sample,61,1,4,1766337,200155586,113.31676005201726
sample,61,1,5,1781642,200240075,112.39074685037735
sample,61,1,6,1778736,200109457,112.50093156038895
sample,61,1,7,1760019,200129340,113.7086247364375
sample,61,1,8,1757879,200155413,113.86188298512013
sample,61,1,9,1773693,200141741,112.83899806787308
sample,61,1,10,1757760,200090569,113.83270127890042
sample,61,2,11,1676738,200201750,119.39954244491388
sample,61,2,12,1688787,200121471,118.50012523781862
sample,61,2,13,1660191,200231342,120.60741324341596
sample,61,2,14,1693199,200206965,118.24183985461839
sample,61,2,15,1695832,200158583,118.02972405285429
sample,61,2,16,1686977,200208157,118.6786524060494
sample,61,2,17,1689702,200258664,118.517149177784
sample,61,2,18,1687998,200196588,118.60001492892764
sample,61,2,19,1654575,200159932,120.97362283365818
sample,61,2,20,1669008,200180970,119.94009016134135
case,62,1,clear-left-padding+3x31+uniform+packed=4x4,ok,unsupported,layout-only,portable-layout
sample,62,1,1,2890820,200325836,69.29723607834455
sample,62,1,2,2796194,200156473,71.58175469942357
sample,62,1,3,2806360,200114437,71.30747195655583
sample,62,1,4,2756301,200291451,72.66675555391085
sample,62,1,5,2895972,200272445,69.15551842352068
sample,62,1,6,2847475,200259683,70.32886434472647
sample,62,1,7,2810811,200234346,71.23721445518748
sample,62,1,8,2762186,200182669,72.4725521742562
sample,62,1,9,2700709,200214100,74.13390335648899
sample,62,1,10,2872084,200199997,69.70548110709854
sample,62,2,11,2673420,200118701,74.85494273252986
sample,62,2,12,2895934,200189762,69.12787446122736
sample,62,2,13,2847929,200212695,70.30115392623904
sample,62,2,14,2847126,200253965,70.33547689845831
sample,62,2,15,2871169,200186190,69.7228863922674
sample,62,2,16,2806221,200208688,71.34459046525559
sample,62,2,17,2913705,200288628,68.74018749324314
sample,62,2,18,2759564,200294763,72.58203216160234
sample,62,2,19,2701698,200151506,74.08359705636974
sample,62,2,20,2723566,200241272,73.52172556126784
case,63,1,clear-left-padding+4x32+uniform+packed=4x4,ok,unsupported,layout-only,portable-layout
sample,63,1,1,27805118,200188943,7.199715642278519
sample,63,1,2,27877812,200189817,7.180973062017923
sample,63,1,3,27561586,200167910,7.262568634475534
sample,63,1,4,29676523,200277329,6.748679048418172
sample,63,1,5,28560106,200202955,7.009881370888469
sample,63,1,6,28084717,200172690,7.127459749727939
sample,63,1,7,27875155,200199943,7.182020799525599
sample,63,1,8,29536715,200180755,6.777353371896638
sample,63,1,9,29339572,200297167,6.826860562246784
sample,63,1,10,28421982,200171264,7.042832691963565
sample,63,2,11,26635233,200318847,7.5208220254728015
sample,63,2,12,27880358,200151230,7.17893328342484
sample,63,2,13,27477559,200106401,7.282539216820534
sample,63,2,14,27373211,200098113,7.309997829629852
sample,63,2,15,26271856,200101158,7.616559637050385
sample,63,2,16,25764543,200114129,7.767035844571355
sample,63,2,17,26020063,200299829,7.697899463194997
sample,63,2,18,26862690,200283993,7.455842769283344
sample,63,2,19,27216382,200167320,7.354663084902321
sample,63,2,20,27587760,200175636,7.255958294548017
case,64,1,clear-right-padding+31x2+uniform+packed=4x4,ok,unsupported,layout-only,portable-layout
sample,64,1,1,2507569,200173739,79.82780892569656
sample,64,1,2,2566511,200117997,77.97277977768262
sample,64,1,3,2578199,200158116,77.63485906246957
sample,64,1,4,2524413,200112762,79.27100755700434
sample,64,1,5,2543843,200241175,78.7160115620343
sample,64,1,6,2559072,200185051,78.22564234222406
sample,64,1,7,2544581,200191132,78.67351520741529
sample,64,1,8,2568670,200213989,77.9446129709149
sample,64,1,9,2556477,200140867,78.2877635902846
sample,64,1,10,2570664,200205988,77.88104085170212
sample,64,2,11,2667591,200149469,75.03004358614196
sample,64,2,12,2698380,200166590,74.18028224342012
sample,64,2,13,2622414,200127070,76.31406406463663
sample,64,2,14,2557780,200256633,78.29314209978966
sample,64,2,15,2672061,200181674,74.91658087146962
sample,64,2,16,2664307,200155214,75.12468120227886
sample,64,2,17,2672010,200233812,74.93752343741228
sample,64,2,18,2668216,200210238,75.03524377336767
sample,64,2,19,2695648,200242870,74.28376034259666
sample,64,2,20,2661858,200126254,75.18291884841341
case,65,1,clear-right-padding+32x4+uniform+packed=4x4,ok,unsupported,layout-only,portable-layout
sample,65,1,1,27880423,200202825,7.180767128246225
sample,65,1,2,27112858,200253626,7.385928329650825
sample,65,1,3,26486518,200248642,7.560398916913125
sample,65,1,4,26504912,200100579,7.549565869149085
sample,65,1,5,27491672,200231894,7.283365449726012
sample,65,1,6,27672477,200107637,7.231287499127744
sample,65,1,7,27274380,200249570,7.342039305751404
sample,65,1,8,27338088,200167526,7.321928512337805
sample,65,1,9,27731004,200242777,7.220898925981908
sample,65,1,10,27437392,200183238,7.296000946445639
sample,65,2,11,26673309,200163182,7.5042501101007
sample,65,2,12,27972251,200218366,7.1577495139736875
sample,65,2,13,26619801,200274024,7.52349816589538
sample,65,2,14,26654438,200149965,7.509067157971967
sample,65,2,15,26581632,200124830,7.5286886072307375
sample,65,2,16,27939108,200160405,7.164165906799888
sample,65,2,17,27392916,200268104,7.31094506331491
sample,65,2,18,27189484,200200639,7.363164339565988
sample,65,2,19,26626154,200156830,7.5173015975194915
sample,65,2,20,27257771,200246211,7.346389805681469
case,66,2,pack-left+7x31+uniform+packed=8x4,unsupported,unsupported,arithmetic,unavailable
case,67,2,pack-left+8x32+uniform+packed=8x4,unsupported,unsupported,arithmetic,unavailable
case,68,2,pack-right+31x2+uniform+packed=8x4,unsupported,unsupported,arithmetic,unavailable
case,69,2,pack-right+32x4+uniform+packed=8x4,unsupported,unsupported,arithmetic,unavailable
case,70,2,pack-symmetric-left+8x8+uniform+packed=8x4+uplo=L,unsupported,unsupported,arithmetic,unavailable
case,71,2,pack-symmetric-right+4x4+uniform+packed=8x4+uplo=U,unsupported,unsupported,arithmetic,unavailable
case,72,2,pack-triangular-left+8x8+triangular+packed=8x4+uplo=L+diag=N,unsupported,unsupported,arithmetic,unavailable
case,73,2,pack-triangular-right+4x4+triangular+packed=8x4+uplo=U+diag=U,unsupported,unsupported,arithmetic,unavailable
case,74,2,write-left+7x31+uniform+packed=8x4,unsupported,unsupported,arithmetic,unavailable
case,75,2,write-left+8x32+uniform+packed=8x4,unsupported,unsupported,arithmetic,unavailable
case,76,2,write-right+31x2+uniform+packed=8x4,unsupported,unsupported,arithmetic,unavailable
case,77,2,write-right+32x4+uniform+packed=8x4,unsupported,unsupported,arithmetic,unavailable
case,78,2,clear-left-padding+7x31+uniform+packed=8x4,unsupported,unsupported,arithmetic,unavailable
case,79,2,clear-left-padding+8x32+uniform+packed=8x4,unsupported,unsupported,arithmetic,unavailable
case,80,2,clear-right-padding+31x2+uniform+packed=8x4,unsupported,unsupported,arithmetic,unavailable
case,81,2,clear-right-padding+32x4+uniform+packed=8x4,unsupported,unsupported,arithmetic,unavailable
case,82,1,spdot+4096+sparse-uniform+density=0.01,ok,direct,arithmetic,policy
sample,82,1,1,9789118,200151398,20.44631579678578
sample,82,1,2,9665716,200094521,20.701469089304922
sample,82,1,3,9749653,200141796,20.52809428191957
sample,82,1,4,9862058,200194195,20.29943395181817
sample,82,1,5,9867166,200176605,20.2871427317631
sample,82,1,6,9859914,200190074,20.303430029917095
sample,82,1,7,9850062,200129838,20.317622163190446
sample,82,1,8,9757055,200142798,20.512623737387973
sample,82,1,9,9841839,200134708,20.335092659004076
sample,82,1,10,9811670,200085796,20.39263407758312
sample,82,2,11,9826639,200152167,20.36832400172633
sample,82,2,12,9818950,200190731,20.38820148793914
sample,82,2,13,9744784,200121921,20.53631163091968
sample,82,2,14,9795557,200203255,20.438169570142872
sample,82,2,15,9797872,200206130,20.433633956434623
sample,82,2,16,9780414,200188601,20.46831565616752
sample,82,2,17,9717783,200201329,20.60154347961876
sample,82,2,18,9804547,200157333,20.414745627717426
sample,82,2,19,9873621,200204754,20.276730694848425
sample,82,2,20,9870937,200233211,20.285127035052497
case,83,1,spdot-raw+64+sparse-uniform+density=0.125,ok,unsupported,arithmetic,policy
sample,83,1,1,20185364,200319712,9.924007909889562
sample,83,1,2,20017298,200209463,10.001822573656044
sample,83,1,3,20006128,200160667,10.004967827857545
sample,83,1,4,19960346,200205033,10.03013840541642
sample,83,1,5,20565763,200144935,9.73194794669179
sample,83,1,6,20264735,200189839,9.878729674974778
sample,83,1,7,20633494,200145462,9.700027634679808
sample,83,1,8,20542096,200158845,9.743837483769914
sample,83,1,9,20575415,200172023,9.728699178121072
sample,83,1,10,20151404,200156839,9.93264980445035
sample,83,2,11,20712067,200075415,9.659847807560684
sample,83,2,12,20797424,200088832,9.620846889499392
sample,83,2,13,20545224,200093500,9.739173444884319
sample,83,2,14,20523732,200114680,9.750404068811656
sample,83,2,15,20101987,200178996,9.958169607810412
sample,83,2,16,21338545,200153595,9.379908283343593
sample,83,2,17,21008586,200193133,9.529110288526796
sample,83,2,18,20842170,200183309,9.604724891889855
sample,83,2,19,20910783,200164144,9.572293108297284
sample,83,2,20,20709463,200174720,9.665857584042618
case,84,1,spdot-raw+4096+sparse-uniform+density=0.0625,ok,unsupported,arithmetic,policy
sample,84,1,1,1261938,200173664,158.62400846951277
sample,84,1,2,1277021,200146069,156.7288783817964
sample,84,1,3,1276784,200161856,156.770335467863
sample,84,1,4,1261341,200210426,158.72823130303382
sample,84,1,5,1268140,200245668,157.90501679625277
sample,84,1,6,1271782,200197690,157.41509944314356
sample,84,1,7,1265435,200161386,158.175952142939
sample,84,1,8,1271735,200157691,157.3894647862959
sample,84,1,9,1266027,200207388,158.13832406417873
sample,84,1,10,1282235,200169517,156.1098527181055
sample,84,2,11,1260780,200206404,158.79566934754675
sample,84,2,12,1256662,200152781,159.2733614925891
sample,84,2,13,1258310,200265614,159.15443253252377
sample,84,2,14,1251276,200261044,160.04546079362188
sample,84,2,15,1250776,200227775,160.08284057257254
sample,84,2,16,1249383,200215818,160.25175466610318
sample,84,2,17,1249253,200143223,160.21032008728417
sample,84,2,18,1260499,200247907,158.8639951320866
sample,84,2,19,1246857,200150483,160.52400796562878
sample,84,2,20,1244772,200169581,160.80822913754486
case,85,1,spdot-raw+65536+sparse-uniform+density=0.015625,ok,unsupported,arithmetic,policy
sample,85,1,1,261923,200109851,764.0025923649317
sample,85,1,2,261025,200089909,766.5545790633081
sample,85,1,3,261183,200102047,766.1373328279406
sample,85,1,4,261832,200106115,764.2538536160591
sample,85,1,5,263721,200090067,758.7187482225534
sample,85,1,6,266083,200085121,751.9650672910333
sample,85,1,7,263941,200092344,758.0949681936494
sample,85,1,8,261125,200090154,766.261958831977
sample,85,1,9,262392,200090748,762.564209274673
sample,85,1,10,262163,200083229,763.2016302834496
sample,85,2,11,260460,200185764,768.5854411425938
sample,85,2,12,266355,200240322,751.7798501999212
sample,85,2,13,263845,200144421,758.568178286494
sample,85,2,14,267952,200197164,747.1381590732668
sample,85,2,15,261124,200200983,766.6893238461421
sample,85,2,16,265834,200178757,753.0216488485295
sample,85,2,17,260285,200161212,769.0078644562691
sample,85,2,18,260897,200149376,767.1585951544096
sample,85,2,19,259664,200190172,770.9585156201861
sample,85,2,20,260187,200132431,769.1868963476269
case,86,1,spdot-raw+262144+sparse-uniform+density=0.03125,ok,unsupported,arithmetic,policy
sample,86,1,1,29342,200107273,6819.823904301002
sample,86,1,2,29422,200109722,6801.363673441642
sample,86,1,3,29395,200196216,6810.5533594148665
sample,86,1,4,29265,200082002,6836.90422005809
sample,86,1,5,29250,200163913,6843.210700854701
sample,86,1,6,29309,200239723,6832.0216656999555
sample,86,1,7,29093,200211359,6881.770838345994
sample,86,1,8,29304,200168894,6830.770338520339
sample,86,1,9,29152,200182039,6866.837232436883
sample,86,1,10,29068,200160412,6885.936837759736
sample,86,2,11,28936,200110547,6915.62576029859
sample,86,2,12,28788,200110738,6951.185841322774
sample,86,2,13,29941,200201336,6686.528038475669
sample,86,2,14,29277,200110406,6835.07210438228
sample,86,2,15,28819,200111568,6943.737395468267
sample,86,2,16,28701,200157859,6973.898435594579
sample,86,2,17,28658,200146904,6983.980180054435
sample,86,2,18,28931,200117891,6917.074798658878
sample,86,2,19,28625,200124778,6991.258620087337
sample,86,2,20,28717,200158175,6970.023853466588
case,87,1,spdot-sparse+4096+sparse-uniform+density=0.01,ok,unsupported,arithmetic,policy
sample,87,1,1,3334942,200164296,60.020322992124
sample,87,1,2,3292738,200190045,60.79744121761282
sample,87,1,3,3413813,200210115,58.647065612556986
sample,87,1,4,3340039,200172343,59.93113942681508
sample,87,1,5,3336969,200206129,59.996400625837396
sample,87,1,6,3318354,200197513,60.330366500982116
sample,87,1,7,3322686,200153524,60.238470923824885
sample,87,1,8,3306659,200193548,60.54254399985
sample,87,1,9,3399702,200296269,58.91583115225981
sample,87,1,10,3358572,200101350,59.57929441441184
sample,87,2,11,3321772,200115254,60.24352484156047
sample,87,2,12,3363324,200182973,59.519384097398884
sample,87,2,13,3295827,200229441,60.75241236873173
sample,87,2,14,3224581,200294554,62.11490857261765
sample,87,2,15,3221150,200186682,62.1475814538286
sample,87,2,16,3212027,200169146,62.31863742116738
sample,87,2,17,3212734,200150305,62.29905899461331
sample,87,2,18,3205064,200285482,62.490322190134115
sample,87,2,19,3228625,200179564,62.00149103720624
sample,87,2,20,3208554,200161117,62.38358992867192
case,88,1,spaxpy+4096+sparse-uniform+density=0.01,ok,direct,reset-and-arithmetic,policy
sample,88,1,1,250389,200259364,799.7929781260359
sample,88,1,2,268295,200250170,746.3805512588755
sample,88,1,3,267010,200216032,749.8446949552451
sample,88,1,4,269498,200157936,742.7065729615804
sample,88,1,5,268841,200260632,744.9036121722505
sample,88,1,6,266747,200218355,750.5927151945476
sample,88,1,7,269254,200277300,743.8229329926389
sample,88,1,8,270146,200092333,740.6821977745367
sample,88,1,9,265772,200169147,753.1611569315052
sample,88,1,10,265831,200252090,753.306010209494
sample,88,2,11,273105,200202678,733.0611962432032
sample,88,2,12,262937,200183643,761.3369096019198
sample,88,2,13,266275,200175143,751.7609351234626
sample,88,2,14,260921,200197517,767.272534598595
sample,88,2,15,277939,200263720,720.5311956940192
sample,88,2,16,272564,200284005,734.8145940036102
sample,88,2,17,273367,200149424,732.163809091807
sample,88,2,18,260193,200104934,769.0634798015319
sample,88,2,19,259869,200172914,770.2839276712498
sample,88,2,20,259986,200245574,770.2167578254214
case,89,1,spaxpy-raw+64+sparse-uniform+density=0.125,ok,unsupported,reset-and-arithmetic,policy
sample,89,1,1,12899387,200097450,15.512167361131192
sample,89,1,2,12764024,200147037,15.680559437995417
sample,89,1,3,12797878,200173796,15.64117082535089
sample,89,1,4,12937183,200165279,15.47209149008714
sample,89,1,5,12966163,200198034,15.440036809656025
sample,89,1,6,12891323,200158844,15.526633224534052
sample,89,1,7,12884062,200148489,15.53457977771296
sample,89,1,8,12921700,200231440,15.495750559136956
sample,89,1,9,12917499,200188064,15.49743212676076
sample,89,1,10,12737497,200173069,15.71525936375098
sample,89,2,11,12925380,200211533,15.489798597797511
sample,89,2,12,12967349,200109480,15.431795658464965
sample,89,2,13,12998047,200192957,15.401772050831944
sample,89,2,14,12941941,200196096,15.468784473673617
sample,89,2,15,12960650,200159314,15.443616948224047
sample,89,2,16,12900604,200152350,15.514959609643084
sample,89,2,17,12883281,200170853,15.53725739584505
sample,89,2,18,12911958,200165540,15.502338220121224
sample,89,2,19,12941307,200202759,15.470057158832565
sample,89,2,20,13005899,200178587,15.391368716610824
case,90,1,spaxpy-raw+4096+sparse-uniform+density=0.0625,ok,unsupported,reset-and-arithmetic,policy
sample,90,1,1,211334,200086784,946.7799029025146
sample,90,1,2,212692,200084312,940.7232618058036
sample,90,1,3,214011,200093873,934.9700389232329
sample,90,1,4,209655,200102302,954.436106937588
sample,90,1,5,207001,200161450,966.9588552712306
sample,90,1,6,211670,200084024,945.2639674965749
sample,90,1,7,212366,200088308,942.1861691607885
sample,90,1,8,212095,200082686,943.3635210636743
sample,90,1,9,212313,200096123,942.4581773136831
sample,90,1,10,212854,200083710,940.0044631531472
sample,90,2,11,202098,200249630,990.8540905897139
sample,90,2,12,204469,200150448,978.8791846196734
sample,90,2,13,201120,200216726,995.5087808273668
sample,90,2,14,201885,200221633,991.760819278302
sample,90,2,15,200408,200212433,999.0241557223264
sample,90,2,16,201857,200151446,991.5506819183878
sample,90,2,17,202139,200299954,990.9020723363626
sample,90,2,18,217294,200133534,921.0265078649203
sample,90,2,19,216208,200122286,925.600745578332
sample,90,2,20,216243,200166119,925.6536350309606
case,91,1,spaxpy-raw+65536+sparse-uniform+density=0.015625,ok,unsupported,reset-and-arithmetic,policy
sample,91,1,1,13297,200207927,15056.623824922915
sample,91,1,2,13464,200146281,14865.291221033867
sample,91,1,3,14480,200298590,13832.775552486188
sample,91,1,4,14070,200194039,14228.432054015637
sample,91,1,5,13924,200222249,14379.650172364263
sample,91,1,6,13542,200236632,14786.341160832964
sample,91,1,7,13639,200188108,14677.623579441308
sample,91,1,8,13515,200158801,14810.122160562338
sample,91,1,9,13465,200243583,14871.413516524322
sample,91,1,10,14140,200241953,14161.382814710043
sample,91,2,11,13262,200188947,15094.928894586035
sample,91,2,12,12664,200163913,15805.741708780795
sample,91,2,13,12460,200191626,16066.743659711075
sample,91,2,14,12439,200194954,16094.135702226868
sample,91,2,15,10980,200274228,18239.911475409837
sample,91,2,16,13388,200128218,14948.328204362115
sample,91,2,17,13411,200106800,14921.09462381627
sample,91,2,18,13130,200120453,15241.466336633663
sample,91,2,19,13347,200160215,14996.64456432157
sample,91,2,20,13257,200203409,15101.712981820925
case,92,1,spaxpy-raw+262144+sparse-uniform+density=0.03125,ok,unsupported,reset-and-arithmetic,policy
sample,92,1,1,1790,200294334,111896.27597765363
sample,92,1,2,1808,200171721,110714.44745575222
sample,92,1,3,1822,200187507,109872.39681668497
sample,92,1,4,1817,200212055,110188.25261419923
sample,92,1,5,1815,200211874,110309.57245179063
sample,92,1,6,1833,200184983,109211.6655755592
sample,92,1,7,1851,200182887,108148.50729335494
sample,92,1,8,1848,200197434,108331.9448051948
sample,92,1,9,1828,200195118,109515.92888402626
sample,92,1,10,1810,200121752,110564.50386740331
sample,92,2,11,1912,200217718,104716.37970711297
sample,92,2,12,1924,200168792,104037.83367983368
sample,92,2,13,1911,200289604,104808.79330193617
sample,92,2,14,1884,200221718,106274.79723991507
sample,92,2,15,1882,200235864,106395.25185972369
sample,92,2,16,1862,200371089,107610.68152524167
sample,92,2,17,1880,200204957,106491.99840425533
sample,92,2,18,1909,200218265,104881.22839182818
sample,92,2,19,1890,200229203,105941.37724867725
sample,92,2,20,1883,200205265,106322.49867233139
case,93,1,spnrm2+4096+sparse-uniform+density=0.01,ok,unsupported,arithmetic,policy
sample,93,1,1,13691080,200148909,14.618927725205024
sample,93,1,2,13747643,200176310,14.560773072154987
sample,93,1,3,13991419,200163632,14.30617094663522
sample,93,1,4,13977705,200143163,14.318742812214165
sample,93,1,5,14042791,200149376,14.252820254890926
sample,93,1,6,13933556,200180379,14.366783253320257
sample,93,1,7,14461593,200099213,13.836595525817938
sample,93,1,8,13993476,200241824,14.309655728140742
sample,93,1,9,13963993,200180274,14.33546078116768
sample,93,1,10,13952434,200181509,14.347425617637754
sample,93,2,11,13390432,200168310,14.94860733395308
sample,93,2,12,13405229,200189311,14.933673344931295
sample,93,2,13,13399809,200106462,14.933530918239208
sample,93,2,14,13348617,200191721,14.99718817312685
sample,93,2,15,13551761,200189769,14.772232848557469
sample,93,2,16,13414789,200216756,14.925076793977155
sample,93,2,17,13467219,200170213,14.863515102858281
sample,93,2,18,13335410,200214931,15.013781428542504
sample,93,2,19,13423543,200188993,14.91327535509813
sample,93,2,20,13332581,200159699,15.012824523623745
case,94,1,spnrm2-indexed+4096+sparse-uniform+density=0.01,ok,unsupported,arithmetic,policy
sample,94,1,1,7774887,200183462,25.74744327473827
sample,94,1,2,7825521,200227916,25.58652848800738
sample,94,1,3,7820560,200100908,25.586519123950204
sample,94,1,4,7866075,200181966,25.448774134495284
sample,94,1,5,7867415,200104195,25.43455442480154
sample,94,1,6,8209960,200242034,24.390135152911828
sample,94,1,7,8349593,200246264,23.982757482909648
sample,94,1,8,8143852,200239560,24.58781913030836
sample,94,1,9,8189032,200195119,24.44673790504177
sample,94,1,10,8191542,200136273,24.432063340455315
sample,94,2,11,7938033,200181231,25.217989267618314
sample,94,2,12,7923103,200190501,25.26667910287169
sample,94,2,13,7933596,200150438,25.22821151971943
sample,94,2,14,7935021,200126204,25.220626889330223
sample,94,2,15,7945631,200170593,25.192535747003603
sample,94,2,16,7919696,200107473,25.267064922694
sample,94,2,17,7912274,200106965,25.29070214201379
sample,94,2,18,7924797,200164873,25.25804421236279
sample,94,2,19,7918572,200167182,25.27819182549581
sample,94,2,20,7904207,200164804,25.32383122051333
case,95,1,spnrm2-indexed+4096+sparse-uniform+density=0.5,ok,unsupported,arithmetic,policy
sample,95,1,1,161290,200196022,1241.2178188356377
sample,95,1,2,161918,200198322,1236.4179522968416
sample,95,1,3,161315,200274351,1241.511025013173
sample,95,1,4,163327,200180565,1225.6428208440736
sample,95,1,5,160886,200199762,1244.3578807354277
sample,95,1,6,159647,200137974,1253.6281546161217
sample,95,1,7,167549,200100564,1194.2808611212242
sample,95,1,8,165600,200175352,1208.7883574879227
sample,95,1,9,166346,200190445,1203.4581234294783
sample,95,1,10,163793,200183230,1222.1720708455184
sample,95,2,11,160295,200300272,1249.572800149724
sample,95,2,12,167482,200184053,1195.2571201681374
sample,95,2,13,164936,200161579,1213.571197312897
sample,95,2,14,163476,200133292,1224.2365362499695
sample,95,2,15,164195,200181543,1219.1695423124943
sample,95,2,16,163155,200130058,1226.6253439980387
sample,95,2,17,162352,200178376,1232.9898984921651
sample,95,2,18,163569,200196717,1223.9282321222236
sample,95,2,19,165315,200320441,1211.7499379971568
sample,95,2,20,159533,200153599,1254.6219214833295
case,96,1,spnrm2-indexed+262144+sparse-uniform+density=0.03125,ok,unsupported,arithmetic,policy
sample,96,1,1,33197,200169058,6029.733349399042
sample,96,1,2,32989,200110559,6065.978326108703
sample,96,1,3,33012,200099305,6061.411153519932
sample,96,1,4,32871,200104341,6087.5647531258555
sample,96,1,5,32892,200103934,6083.665754590782
sample,96,1,6,32672,200096797,6124.412249020568
sample,96,1,7,32885,200103188,6084.938056864832
sample,96,1,8,32939,200100196,6074.871611160023
sample,96,1,9,32940,200110889,6075.011809350334
sample,96,1,10,33196,200189386,6030.527352693096
sample,96,2,11,33377,200219353,5998.722263834377
sample,96,2,12,33058,200127719,6053.8362574868415
sample,96,2,13,33266,200185242,6017.713040341489
sample,96,2,14,32988,200202056,6068.935855462592
sample,96,2,15,32794,200103284,6101.826065743734
sample,96,2,16,33009,200218020,6065.558484049805
sample,96,2,17,33757,200135283,5928.7046538495715
sample,96,2,18,33984,200145730,5889.410604990584
sample,96,2,19,33706,200172393,5938.776271287011
sample,96,2,20,33177,200104041,6031.408536034
case,97,1,spasum+4096+sparse-uniform+density=0.01,ok,unsupported,arithmetic,policy
sample,97,1,1,13717504,200101069,14.587279799590362
sample,97,1,2,13926386,200100814,14.368466736452659
sample,97,1,3,14780110,200240556,13.547974676778454
sample,97,1,4,14445271,200176690,13.857593256644337
sample,97,1,5,14433733,200153438,13.867059755088999
sample,97,1,6,13887283,200314855,14.424337359582864
sample,97,1,7,13986427,200155319,14.310682706884325
sample,97,1,8,13972289,200145984,14.324495005793253
sample,97,1,9,13914238,200222270,14.389740207117343
sample,97,1,10,13962606,200196516,14.33804806925011
sample,97,2,11,13444914,200258404,14.894732982300965
sample,97,2,12,13446064,200205779,14.889545297419378
sample,97,2,13,13487884,200203707,14.843225742451521
sample,97,2,14,13478626,200179336,14.851612916628149
sample,97,2,15,13472326,200103107,14.852899714570446
sample,97,2,16,13532496,200204177,14.794327447057809
sample,97,2,17,13457284,200188871,14.875874730740616
sample,97,2,18,13477167,200107751,14.84790913401904
sample,97,2,19,13454885,200195294,14.879004465664329
sample,97,2,20,13445894,200097934,14.881712885732998
case,98,1,spscatter+4096+sparse-uniform+density=0.01,ok,direct,reset-and-arithmetic,policy
sample,98,1,1,267258,200209642,749.1249728726549
sample,98,1,2,266011,200153863,752.4270161760228
sample,98,1,3,260585,200181645,768.200951704818
sample,98,1,4,263482,200096593,759.4317372723754
sample,98,1,5,265379,200166507,754.2665659302356
sample,98,1,6,265172,200176884,754.8944986650174
sample,98,1,7,266519,200239453,751.3139888713375
sample,98,1,8,264535,200183408,756.736945961782
sample,98,1,9,262635,200206013,762.2975346012527
sample,98,1,10,264165,200195426,757.8423561031931
sample,98,2,11,323578,200172704,618.6227246598966
sample,98,2,12,322260,200099111,620.9244429963384
sample,98,2,13,324330,200161604,617.154145469121
sample,98,2,14,323997,200288425,618.1798751223005
sample,98,2,15,316044,200191795,633.4301394742504
sample,98,2,16,309562,200153345,646.5694917334815
sample,98,2,17,306967,200154216,652.0382190919545
sample,98,2,18,304684,200175934,656.9952278426173
sample,98,2,19,308900,200174944,648.0250696018129
sample,98,2,20,301479,200099780,663.7270921026009
case,99,1,spscatter-raw+64+sparse-uniform+density=0.125,ok,unsupported,reset-and-arithmetic,policy
sample,99,1,1,14490380,200149217,13.812558193780978
sample,99,1,2,14424170,200098453,13.87244139524146
sample,99,1,3,14381845,200083865,13.91225291330841
sample,99,1,4,14395389,200083577,13.899143468787123
sample,99,1,5,14431236,200089703,13.865042675485315
sample,99,1,6,14513073,200081749,13.786311761816398
sample,99,1,7,14439919,200080538,13.856070660784178
sample,99,1,8,14431902,200098023,13.864979335364112
sample,99,1,9,14426197,200092494,13.870079134507868
sample,99,1,10,14420834,200083116,13.874587003775233
sample,99,2,11,14349362,200105128,13.94522822687169
sample,99,2,12,13841237,200098836,14.456716260259109
sample,99,2,13,14112927,200195222,14.185237548525548
sample,99,2,14,14179259,200169951,14.117095329170587
sample,99,2,15,14174031,200273538,14.129610553271684
sample,99,2,16,14218790,200194747,14.079590949722164
sample,99,2,17,14229142,200269616,14.074609417770938
sample,99,2,18,14318416,200308235,13.989552685157353
sample,99,2,19,14384880,200213139,13.918304427982715
sample,99,2,20,14230309,200159545,14.065720217319244
case,100,1,spscatter-raw+4096+sparse-uniform+density=0.0625,ok,unsupported,reset-and-arithmetic,policy
sample,100,1,1,201414,200307329,994.5054911773759
sample,100,1,2,213727,200103015,936.2551993898759
sample,100,1,3,211894,200220680,944.9096246236326
sample,100,1,4,204691,200166988,977.8983345628288
sample,100,1,5,210335,200119714,951.4332564718187
sample,100,1,6,212599,200214600,941.7476093490562
sample,100,1,7,210599,200259358,950.9036510144872
sample,100,1,8,210349,200215826,951.8268496641297
sample,100,1,9,193179,200194073,1036.3138488137945
sample,100,1,10,200884,200093168,996.0632404770913
sample,100,2,11,216178,200188989,926.0377512975418
sample,100,2,12,214077,200105991,934.7383931949719
sample,100,2,13,214121,200107247,934.5521784411618
sample,100,2,14,214247,200096572,933.9527367944476
sample,100,2,15,214621,200136561,932.5115482641494
sample,100,2,16,213523,200160497,937.4189056916586
sample,100,2,17,211702,200125193,945.3155520495791
sample,100,2,18,214319,200181870,934.0369729235392
sample,100,2,19,212843,200148862,940.3591473527435
sample,100,2,20,214234,200193101,934.4599876770261
case,101,1,spscatter-raw+65536+sparse-uniform+density=0.015625,ok,unsupported,reset-and-arithmetic,policy
sample,101,1,1,14197,200290921,14107.974994717193
sample,101,1,2,14402,200198027,13900.710109706984
sample,101,1,3,15315,200228387,13074.00502775057
sample,101,1,4,15229,200144331,13142.316041762428
sample,101,1,5,14868,200303688,13472.133979015334
sample,101,1,6,15643,200259221,12801.842421530397
sample,101,1,7,15334,200173804,13054.245728446589
sample,101,1,8,15242,200115228,13129.197480645584
sample,101,1,9,15186,200106778,13177.056367707099
sample,101,1,10,15247,200121025,13125.27218469207
sample,101,2,11,14218,200186798,14079.814179209452
sample,101,2,12,14111,200113026,14181.349727163206
sample,101,2,13,14114,200115278,14178.494969533796
sample,101,2,14,14157,200118396,14135.649925831744
sample,101,2,15,14214,200104896,14078.014352047277
sample,101,2,16,14223,200106991,14069.253392392604
sample,101,2,17,14191,200158922,14104.638291875131
sample,101,2,18,14061,200148985,14234.335040182064
sample,101,2,19,14235,200304866,14071.293712680013
sample,101,2,20,14134,200236297,14166.994269138248
case,102,1,spscatter-raw+262144+sparse-uniform+density=0.03125,ok,unsupported,reset-and-arithmetic,policy
sample,102,1,1,1812,200144009,110454.75110375276
sample,102,1,2,1829,200167377,109440.88408966649
sample,102,1,3,1829,200195589,109456.30891197376
sample,102,1,4,1857,200112743,107761.30479267635
sample,102,1,5,1862,200186781,107511.69763694951
sample,102,1,6,1817,200217608,110191.30875068795
sample,102,1,7,1830,200236008,109418.58360655738
sample,102,1,8,1842,200193568,108682.71878393051
sample,102,1,9,1832,200214665,109287.48089519651
sample,102,1,10,1839,200164875,108844.41272430669
sample,102,2,11,1876,200286618,106762.5895522388
sample,102,2,12,1889,200175334,105968.94335627316
sample,102,2,13,1879,200231091,106562.58169238956
sample,102,2,14,1881,200212149,106439.20733652312
sample,102,2,15,1894,200179363,105691.32154171067
sample,102,2,16,1882,200133896,106341.07120085016
sample,102,2,17,1879,200166825,106528.37945715807
sample,102,2,18,1880,200228588,106504.56808510638
sample,102,2,19,1862,200175696,107505.74436090226
sample,102,2,20,1881,200151383,106406.90217969165
case,103,1,spgather+4096+sparse-uniform+density=0.01,ok,direct,reset-and-arithmetic,policy
sample,103,1,1,272813,200237457,733.9732967270621
sample,103,1,2,258044,200193732,775.8123885848925
sample,103,1,3,254576,200166924,786.2757054867701
sample,103,1,4,254230,200215292,787.5360579003265
sample,103,1,5,252793,200201353,791.9576610111831
sample,103,1,6,253833,200194829,788.6871643954884
sample,103,1,7,267839,200179485,747.3873670376607
sample,103,1,8,257812,200194545,776.5136805113804
sample,103,1,9,254667,200152038,785.936293277103
sample,103,1,10,254736,200185177,785.8534993090886
sample,103,2,11,332663,200187461,601.77254759321
sample,103,2,12,326685,200251239,612.9795950227283
sample,103,2,13,327773,200282947,611.0416263694691
sample,103,2,14,328062,200191382,610.2242320049259
sample,103,2,15,327326,200203393,611.6330294568718
sample,103,2,16,326011,200188102,614.0532129283981
sample,103,2,17,326013,200226394,614.166901319886
sample,103,2,18,324989,200245757,616.1616454710775
sample,103,2,19,326994,200180779,612.1848688355138
sample,103,2,20,324839,200137878,616.1140688156287
case,104,1,spgather-zero+4096+sparse-uniform+density=0.01,ok,direct,reset-and-arithmetic,policy
sample,104,1,1,260163,200105360,769.1537997332441
sample,104,1,2,264542,200170197,756.6669829365469
sample,104,1,3,248613,200166641,805.1334443492497
sample,104,1,4,247093,200163084,810.0718514891155
sample,104,1,5,251378,200206870,796.4375164095505
sample,104,1,6,251757,200087094,794.7627831599518
sample,104,1,7,249848,200084610,800.8253418078192
sample,104,1,8,248799,200087306,804.2126616264535
sample,104,1,9,249692,200260430,802.0298207391506
sample,104,1,10,250744,200231117,798.5479891841878
sample,104,2,11,259495,200091689,771.0810959748743
sample,104,2,12,256159,200100913,781.1590184221519
sample,104,2,13,256362,200083520,780.4726129457564
sample,104,2,14,255128,200194180,784.6813364272052
sample,104,2,15,255981,200188265,782.0434524437361
sample,104,2,16,254979,200180067,785.0845246079089
sample,104,2,17,253516,200160651,789.538534057022
sample,104,2,18,255098,200183002,784.7297979599997
sample,104,2,19,258159,200205069,775.5107085168443
sample,104,2,20,260232,200100126,768.9297473024071
case,105,1,spgemv+257x129+sparse-uniform+density=0.01+mode=prepared,ok,direct,prepared,policy
sample,105,1,1,431856,200104079,463.3583393538587
sample,105,1,2,433241,200088339,461.8407283705836
sample,105,1,3,424111,200103697,471.8191629078237
sample,105,1,4,434490,200116779,460.5785610716012
sample,105,1,5,434822,200101194,460.1910528906081
sample,105,1,6,434192,200192574,461.06923665106683
sample,105,1,7,437362,200174268,457.68555109954684
sample,105,1,8,434687,200164140,460.47878128400436
sample,105,1,9,436917,200218725,458.2534554617925
sample,105,1,10,437784,200159412,457.2104325420755
sample,105,2,11,430200,200157238,465.2655462575546
sample,105,2,12,428728,200109253,466.7510706088709
sample,105,2,13,430987,200208520,464.5349395689429
sample,105,2,14,428731,200156671,466.8584053870609
sample,105,2,15,431138,200163431,464.2676613984386
sample,105,2,16,431992,200180284,463.38886831237613
sample,105,2,17,430392,200154755,465.05221983679996
sample,105,2,18,431732,200206496,463.7286464751281
sample,105,2,19,428743,200180462,466.9008287015765
sample,105,2,20,430506,200102793,464.8083720087525
case,106,1,spgemv+257x129+sparse-uniform+density=0.01+mode=oneshot,ok,direct,oneshot,policy
sample,106,1,1,439527,200179491,455.4429898504529
sample,106,1,2,440445,200262375,454.6819126111092
sample,106,1,3,438176,200155765,456.7930808624845
sample,106,1,4,438775,200187492,456.24179135092015
sample,106,1,5,440310,200103464,454.4604119824669
sample,106,1,6,438901,200205919,456.152797555713
sample,106,1,7,437913,200100193,456.94051786542076
sample,106,1,8,438147,200165341,456.8451706847245
sample,106,1,9,438117,200156718,456.8567711364772
sample,106,1,10,463868,200178837,431.5426737778851
sample,106,2,11,454784,200109266,440.00946823107233
sample,106,2,12,452173,200104997,442.5407908035199
sample,106,2,13,450901,200087895,443.75127799672214
sample,106,2,14,449210,200086688,445.41904231873735
sample,106,2,15,452836,200115775,441.91666519446335
sample,106,2,16,453885,200214666,441.11320268349914
sample,106,2,17,452652,200122671,442.1115360144217
sample,106,2,18,452373,200185275,442.52259750250346
sample,106,2,19,449203,200175199,445.6230234437437
sample,106,2,20,440740,200220521,454.282617869946
case,107,1,spmm+257x8x129+sparse-uniform+density=0.01+mode=prepared,ok,direct,prepared,policy
sample,107,1,1,59443,200229124,3368.4222532510134
sample,107,1,2,62541,200250520,3201.9078684383044
sample,107,1,3,61041,200212921,3279.974459789322
sample,107,1,4,59207,200250569,3382.2110392352256
sample,107,1,5,55511,200189120,3606.296409720596
sample,107,1,6,55980,200109903,3574.667792068596
sample,107,1,7,57302,200304462,3495.592858887997
sample,107,1,8,56280,200264657,3558.362775408671
sample,107,1,9,56435,200114062,3545.921183662621
sample,107,1,10,56274,200160766,3556.896008814017
sample,107,2,11,60667,200239648,3300.6354031021806
sample,107,2,12,59531,200172668,3362.4946330483276
sample,107,2,13,59469,200167366,3365.9110797222083
sample,107,2,14,58759,200200853,3407.152146905155
sample,107,2,15,58922,200184692,3397.452428634466
sample,107,2,16,57847,200121412,3459.495081853856
sample,107,2,17,59330,200256824,3375.304635091859
sample,107,2,18,62048,200181310,3226.2330776173285
sample,107,2,19,62154,200238845,3221.656610998488
sample,107,2,20,60452,200254399,3312.6182591146694
case,108,1,spmm+257x8x129+sparse-uniform+density=0.01+mode=oneshot,ok,direct,oneshot,policy
sample,108,1,1,56694,200106496,3529.5885984407523
sample,108,1,2,55246,200110846,3622.1780038373818
sample,108,1,3,56871,200107428,3518.6198238117845
sample,108,1,4,56114,200114514,3566.2136721673737
sample,108,1,5,56360,200103352,3550.449822569198
sample,108,1,6,59403,200139030,3369.1737791020655
sample,108,1,7,60327,200148617,3317.7286621247536
sample,108,1,8,59623,200097083,3356.038491857169
sample,108,1,9,59347,200120738,3372.044720036396
sample,108,1,10,59812,200098019,3345.4493914264694
sample,108,2,11,59798,200153744,3347.164520552527
sample,108,2,12,59153,200233819,3385.015451456393
sample,108,2,13,61698,200225559,3245.2520178936106
sample,108,2,14,59213,200195123,3380.9319406211475
sample,108,2,15,61330,200220911,3264.6488015653026
sample,108,2,16,60853,200174306,3289.473090891164
sample,108,2,17,61578,200255717,3252.065948877846
sample,108,2,18,60685,200156055,3298.2788992337482
sample,108,2,19,59911,200170458,3341.1303099597735
sample,108,2,20,59834,200233670,3346.4864458334728
case,109,1,spgemm+129x97x65+sparse-uniform+density=0.01+mode=prepared,ok,partial,prepared,policy
sample,109,1,1,146890,200132426,1362.4646061678807
sample,109,1,2,146238,200186031,1368.905694826242
sample,109,1,3,145285,200248400,1378.314347661493
sample,109,1,4,148915,200250588,1344.7308061645906
sample,109,1,5,146319,200173935,1368.0652205113486
sample,109,1,6,142725,200186283,1402.601387283237
sample,109,1,7,147661,200252320,1356.1625615429937
sample,109,1,8,113624,200157012,1761.5733647820882
sample,109,1,9,144185,200160767,1388.22184693276
sample,109,1,10,148962,200181480,1343.8425907278365
sample,109,2,11,144440,200169580,1385.8320409858766
sample,109,2,12,143746,200326509,1393.614493620692
sample,109,2,13,144159,200196821,1388.7223204933441
sample,109,2,14,146383,200210040,1367.7137372509103
sample,109,2,15,144844,200190102,1382.1083510535473
sample,109,2,16,143516,200183799,1394.853528526436
sample,109,2,17,142662,200188921,1403.2392718453407
sample,109,2,18,144998,200366596,1381.8576532090099
sample,109,2,19,147102,200174059,1360.7840749955812
sample,109,2,20,143704,200298061,1393.8238392807436
case,110,1,spgemm+129x97x65+sparse-uniform+density=0.01+mode=oneshot,ok,partial,oneshot,policy
sample,110,1,1,144533,200124332,1384.627261594238
sample,110,1,2,144608,200188166,1384.350561518035
sample,110,1,3,144645,200198967,1384.071118946386
sample,110,1,4,140736,200319700,1423.3721293769895
sample,110,1,5,145976,200145647,1371.0859798871047
sample,110,1,6,141491,200200110,1414.9317624442544
sample,110,1,7,141321,200268810,1417.1199609399878
sample,110,1,8,142088,200219449,1409.1228604808289
sample,110,1,9,146603,200174586,1365.4194388927922
sample,110,1,10,144206,200195203,1388.258484390386
sample,110,2,11,146095,200116614,1369.7704507341114
sample,110,2,12,147027,200176197,1361.4927666346998
sample,110,2,13,145341,200184060,1377.3405990050983
sample,110,2,14,115380,200152268,1734.7223782284625
sample,110,2,15,148431,200232417,1348.993249388605
sample,110,2,16,148537,200272828,1348.3026316675307
sample,110,2,17,143535,200100660,1394.0896645417495
sample,110,2,18,143484,200204678,1395.3101251707508
sample,110,2,19,146664,200217238,1365.142352588229
sample,110,2,20,144358,200194327,1386.7906662602695
case,111,1,spsymv+129+sparse-triangular+density=0.02+mode=oneshot+uplo=L,ok,direct,oneshot,policy
sample,111,1,1,390287,200198512,512.9520378593189
sample,111,1,2,406886,200221844,492.0833943659895
sample,111,1,3,397017,200159663,504.15892266578004
sample,111,1,4,388186,200188537,515.7026193628827
sample,111,1,5,381997,200266048,524.2607873883826
sample,111,1,6,383901,200099094,521.2257691436073
sample,111,1,7,389633,200270262,513.9971768305046
sample,111,1,8,384663,200214041,520.4920696817734
sample,111,1,9,386370,200198929,518.1533995910655
sample,111,1,10,383536,200216324,522.0274602644863
sample,111,2,11,401630,200211985,498.498580783308
sample,111,2,12,401629,200186435,498.4362060508579
sample,111,2,13,390759,200173858,512.2693476029983
sample,111,2,14,388160,200228477,515.840058223413
sample,111,2,15,409635,200284804,488.934793169529
sample,111,2,16,398701,200187641,502.09967118216406
sample,111,2,17,395827,200147033,505.64269996741
sample,111,2,18,387546,200202495,516.5902757350095
sample,111,2,19,386452,200179296,517.992651092503
sample,111,2,20,395581,200225419,506.1552981563826
case,112,1,spsymm+129x8+sparse-triangular+density=0.02+mode=oneshot+side=L+uplo=L,ok,direct,oneshot,policy
sample,112,1,1,62598,200236159,3198.7628837982043
sample,112,1,2,62691,200224538,3193.832256623758
sample,112,1,3,62181,200160076,3218.990945787298
sample,112,1,4,60702,200181937,3297.781572271095
sample,112,1,5,63042,200185527,3175.4310935566764
sample,112,1,6,62375,200201446,3209.6424208416834
sample,112,1,7,62223,200222333,3217.8187004805295
sample,112,1,8,61616,200229552,3249.6356790444042
sample,112,1,9,62239,200252634,3217.4783335207826
sample,112,1,10,61823,200184289,3238.022887921971
sample,112,2,11,60530,200297606,3309.063373533785
sample,112,2,12,63435,200150377,3155.2041775045323
sample,112,2,13,62314,200258861,3213.7057643547196
sample,112,2,14,61938,200247438,3233.0304175142883
sample,112,2,15,61721,200153095,3242.8686346624327
sample,112,2,16,62113,200149923,3222.35156891472
sample,112,2,17,61977,200287517,3231.642657760137
sample,112,2,18,61990,200270739,3230.6942894015165
sample,112,2,19,62990,200177405,3177.9235592951263
sample,112,2,20,61631,200130112,3247.2312959387323
case,113,1,sptrsv+129+sparse-triangular+density=0.02+mode=oneshot+uplo=L+transA=N+diag=N,ok,direct,oneshot,policy
sample,113,1,1,310041,200206186,645.7410019965101
sample,113,1,2,310602,200102389,644.2405039246366
sample,113,1,3,311443,200163700,642.6977007028573
sample,113,1,4,311549,200191410,642.5679748610972
sample,113,1,5,315757,200185255,633.9851689748763
sample,113,1,6,310877,200165716,643.8743168520026
sample,113,1,7,312361,200134505,640.7154062126834
sample,113,1,8,312462,200215187,640.7665156082979
sample,113,1,9,312683,200206307,640.2852313685106
sample,113,1,10,313761,200265529,638.2741290345199
sample,113,2,11,321368,200168650,622.8642864255308
sample,113,2,12,321030,200180787,623.5578824408934
sample,113,2,13,318486,200167790,628.4979245555535
sample,113,2,14,320060,200156525,625.371883396863
sample,113,2,15,319690,200243990,626.3692639744753
sample,113,2,16,322096,200093921,621.224482762903
sample,113,2,17,322663,200179085,620.3967762030354
sample,113,2,18,323114,200160700,619.47393180116
sample,113,2,19,322429,200189337,620.8788198332036
sample,113,2,20,320739,200100313,623.8727220574984
case,114,1,sptrmv+129+sparse-triangular+density=0.02+mode=oneshot+uplo=U+transA=T+diag=U,ok,direct,oneshot,policy
sample,114,1,1,574865,200204268,348.2631017717203
sample,114,1,2,585359,200218007,342.0431000462964
sample,114,1,3,575567,200164952,347.7700285110161
sample,114,1,4,571642,200205348,350.22854863708403
sample,114,1,5,561920,200143559,356.17803068052393
sample,114,1,6,587416,200173378,340.76936617320604
sample,114,1,7,574588,200196374,348.4172554943716
sample,114,1,8,574308,200157367,348.519203981139
sample,114,1,9,571834,200202834,350.10655889646296
sample,114,1,10,559719,200233587,357.7394853488983
sample,114,2,11,562057,200201288,356.19392339211146
sample,114,2,12,572805,200194177,349.497956547167
sample,114,2,13,568684,200146065,351.94601043813435
sample,114,2,14,571453,200129166,350.21106897680124
sample,114,2,15,569919,200191195,351.2625390625685
sample,114,2,16,571302,200184015,350.3996397702091
sample,114,2,17,549688,200163218,364.1396901515041
sample,114,2,18,556979,200250436,359.5295980638408
sample,114,2,19,560021,200202018,357.49019768901525
sample,114,2,20,557889,200148755,358.76089150350697
case,115,1,sptrsm+129x8+sparse-triangular+density=0.02+mode=oneshot+side=L+uplo=L+transA=N+diag=N,ok,direct,oneshot,policy
sample,115,1,1,37404,200155896,5351.189605389798
sample,115,1,2,37115,200290576,5396.485949077192
sample,115,1,3,36778,200159022,5442.357441948991
sample,115,1,4,36595,200153746,5469.428774422735
sample,115,1,5,36832,200191870,5435.27014552563
sample,115,1,6,36840,200212459,5434.648724212812
sample,115,1,7,39335,200289505,5091.8903012584215
sample,115,1,8,41078,200243235,4874.707507668339
sample,115,1,9,41306,200193808,4846.603592698398
sample,115,1,10,39574,200145545,5057.501010764643
sample,115,2,11,39385,200155779,5082.0306969658495
sample,115,2,12,39573,200183727,5058.593662345538
sample,115,2,13,39122,200222079,5117.889652880732
sample,115,2,14,39501,200186892,5067.894281157439
sample,115,2,15,39472,200128434,5070.136653830564
sample,115,2,16,39320,200163038,5090.6164292980675
sample,115,2,17,41557,200216827,4817.884520056789
sample,115,2,18,41152,200175506,4864.295927293934
sample,115,2,19,41257,200183667,4852.113992776984
sample,115,2,20,41267,200141488,4849.916107301234
case,116,1,sptrmm+129x8+sparse-triangular+density=0.02+mode=oneshot+side=L+uplo=U+transA=T+diag=U,ok,direct,oneshot,policy
sample,116,1,1,45045,200110179,4442.450416250416
sample,116,1,2,44945,200193583,4454.190299254645
sample,116,1,3,42544,200121171,4703.863553027454
sample,116,1,4,47137,201849136,4282.180367863886
sample,116,1,5,42337,200209131,4728.939957956398
sample,116,1,6,42151,200228381,4750.264074399184
sample,116,1,7,46122,200199706,4340.655348857378
sample,116,1,8,45071,200165701,4441.119589092765
sample,116,1,9,45047,200215407,4444.589140231314
sample,116,1,10,45210,200190924,4428.023092236231
sample,116,2,11,41336,200165490,4842.40105477066
sample,116,2,12,41175,200255869,4863.530516089861
sample,116,2,13,42699,200202927,4688.702943862854
sample,116,2,14,41331,200205906,4843.964723815054
sample,116,2,15,41370,200232500,4840.041092579164
sample,116,2,16,43943,200102859,4553.691350158159
sample,116,2,17,43315,200251163,4623.136627034514
sample,116,2,18,43141,200183479,4640.214158225354
sample,116,2,19,43413,200262807,4612.968626908991
sample,116,2,20,43483,200195030,4603.983855759722
case,117,1,spsyrk-dense+129x65+sparse-uniform+density=0.02+uplo=U,ok,direct,oneshot,policy
sample,117,1,1,31391,200278314,6380.118951291772
sample,117,1,2,31460,200181233,6363.039828353465
sample,117,1,3,26695,200288500,7502.846975088968
sample,117,1,4,30385,200164553,6587.61076188909
sample,117,1,5,31221,200187486,6411.949841452868
sample,117,1,6,32450,200171422,6168.610847457627
sample,117,1,7,31019,200251029,6455.75386053709
sample,117,1,8,30250,200218984,6618.809388429752
sample,117,1,9,30613,200203288,6539.812759285271
sample,117,1,10,31301,200260465,6397.8935177789845
sample,117,2,11,31213,200224379,6414.775221862686
sample,117,2,12,30657,200205149,6530.487294908177
sample,117,2,13,27204,200245181,7360.872702543744
sample,117,2,14,30255,200238572,6618.362981325401
sample,117,2,15,30872,200266144,6486.983156258098
sample,117,2,16,30543,200151773,6553.114396097306
sample,117,2,17,30576,200128916,6545.294217687075
sample,117,2,18,31464,200154872,6361.393084159675
sample,117,2,19,31270,200206283,6402.503453789574
sample,117,2,20,31465,200137823,6360.649070395678
case,118,1,spsyrk-sparse+129x65+sparse-uniform+density=0.02+uplo=L,ok,partial,oneshot,policy
sample,118,1,1,53785,200206775,3722.353351306126
sample,118,1,2,53942,200139215,3710.2668607022356
sample,118,1,3,54933,200203235,3644.498479966505
sample,118,1,4,54365,200184861,3682.237855237745
sample,118,1,5,55261,200249130,3623.69718246141
sample,118,1,6,53732,200202339,3725.942436536887
sample,118,1,7,47756,200190931,4191.9534927548375
sample,118,1,8,50551,200252786,3961.4010800973274
sample,118,1,9,55552,200271427,3605.1164134504606
sample,118,1,10,55504,200268554,3608.182365234938
sample,118,2,11,54667,200115512,3660.6272888579947
sample,118,2,12,53883,200163901,3714.7876139042
sample,118,2,13,54576,200185891,3668.0205768103197
sample,118,2,14,53525,200172455,3739.7936478281176
sample,118,2,15,54010,200181316,3706.375041658952
sample,118,2,16,55579,200254832,3603.066481944619
sample,118,2,17,54541,200218103,3670.9650171430667
sample,118,2,18,53712,200127964,3725.9451146857314
sample,118,2,19,55412,200170961,3612.4117700137153
sample,118,2,20,54761,200183350,3655.5824400577053
case,119,1,spadd+129x65+sparse-uniform+density=0.02,ok,partial,oneshot,policy
sample,119,1,1,117187,200332586,1709.512027784652
sample,119,1,2,150652,200260948,1329.2949844675145
sample,119,1,3,152622,200176258,1311.581934452438
sample,119,1,4,153736,200106974,1301.627296144039
sample,119,1,5,152813,200196734,1310.0765903424447
sample,119,1,6,152987,200225378,1308.7738043101701
sample,119,1,7,153533,200133094,1303.5184227495067
sample,119,1,8,155551,200239665,1287.2926885715938
sample,119,1,9,155153,200257182,1290.7077658827093
sample,119,1,10,152717,200168773,1310.7170321575202
sample,119,2,11,126757,200105116,1578.6514038672422
sample,119,2,12,143245,200124555,1397.0788160145205
sample,119,2,13,154634,200151413,1294.3557885070554
sample,119,2,14,151717,200160884,1319.304257268467
sample,119,2,15,157496,200180669,1271.0206544928126
sample,119,2,16,156862,200161076,1276.032920656373
sample,119,2,17,154795,200245949,1293.6202655124519
sample,119,2,18,157823,200148479,1268.1832115724578
sample,119,2,19,154042,200230756,1299.845211046338
sample,119,2,20,152596,200175640,1311.801357833757
case,120,1,sparse-slices-scatter+512+sparse-uniform+density=0.25,ok,unsupported,sparse-slices,policy
sample,120,1,1,969846,200245107,206.4710345766235
sample,120,1,2,980619,200250357,204.20811446647474
sample,120,1,3,976772,200155862,204.9156425450361
sample,120,1,4,973441,200190645,205.6525716504647
sample,120,1,5,973407,200191130,205.6602531109803
sample,120,1,6,981824,200201746,203.90797739717098
sample,120,1,7,978284,200113153,204.5552753597115
sample,120,1,8,977526,200157231,204.75898441575978
sample,120,1,9,976144,200171914,205.0639188480388
sample,120,1,10,976908,200214765,204.94741060570698
sample,120,2,11,977646,200093763,204.6689323129231
sample,120,2,12,972002,200184423,205.95062870241009
sample,120,2,13,975346,200187179,205.2473470952872
sample,120,2,14,978812,200197749,204.5313594438973
sample,120,2,15,972657,200158473,205.78525934630605
sample,120,2,16,975047,200175049,205.29784615510843
sample,120,2,17,975314,200218191,205.285878188973
sample,120,2,18,971566,200167513,206.02564622475467
sample,120,2,19,972698,200152076,205.77000877970346
sample,120,2,20,969582,200131320,206.40989622332097
case,121,1,sparse-slices-scatter-checked+512+sparse-uniform+density=0.25,ok,unsupported,sparse-slices,policy
sample,121,1,1,502326,200191757,398.52955451240825
sample,121,1,2,492658,200174507,406.3153485785271
sample,121,1,3,502255,200208142,398.61851449960676
sample,121,1,4,512600,200186309,390.5312309793211
sample,121,1,5,516387,200197757,387.6893821881651
sample,121,1,6,505335,200145837,396.0656534773962
sample,121,1,7,493949,200179843,405.2641932669162
sample,121,1,8,495118,200129880,404.2064315981241
sample,121,1,9,524491,200136934,381.5831615795123
sample,121,1,10,506109,200179182,395.52582941619295
sample,121,2,11,526073,200196351,380.54861397562695
sample,121,2,12,518408,200180077,386.14388088146785
sample,121,2,13,516559,200134148,387.4371523872394
sample,121,2,14,517296,200144846,386.9058450094337
sample,121,2,15,526155,200192192,380.4814018682708
sample,121,2,16,513383,200242284,390.0446333439167
sample,121,2,17,504457,200248580,396.9586704119479
sample,121,2,18,496178,200187125,403.45828513154555
sample,121,2,19,495063,200207902,404.40893785235414
sample,121,2,20,498036,200246379,402.0720971977929
case,122,1,sparse-slices-gather+512+sparse-uniform+density=0.25,ok,unsupported,sparse-slices,policy
sample,122,1,1,2735346,200193809,73.18774626683425
sample,122,1,2,2723811,200245355,73.51661146827001
sample,122,1,3,2686292,200182491,74.52000415442551
sample,122,1,4,2679506,200181693,74.70843244986203
sample,122,1,5,2730242,200150026,73.30852942706177
sample,122,1,6,2689375,200108756,74.40716002788751
sample,122,1,7,2696049,200146063,74.23680467231864
sample,122,1,8,2702398,200167832,74.07044854236867
sample,122,1,9,2703234,200231538,74.0711081615576
sample,122,1,10,2705382,200175469,73.9915727242955
sample,122,2,11,2599544,200182888,77.00692429133726
sample,122,2,12,2760523,200186884,72.51773812426124
sample,122,2,13,2671785,200183942,74.92516875422237
sample,122,2,14,2598956,200148385,77.01107098388738
sample,122,2,15,2592715,200158388,77.20030469989953
sample,122,2,16,2753739,200148865,72.68258357091939
sample,122,2,17,2705079,200187279,74.00422649393974
sample,122,2,18,2714540,200171662,73.74054609620782
sample,122,2,19,2743088,200267424,73.00802015830334
sample,122,2,20,2688362,200177698,74.46084195506408
case,123,1,sparse-slices-gather-clear+512+sparse-uniform+density=0.25,ok,unsupported,sparse-slices,policy
sample,123,1,1,969810,200239443,206.4728586011693
sample,123,1,2,1012065,200270971,197.8835064941481
sample,123,1,3,979585,200192594,204.36469933696412
sample,123,1,4,986836,200179754,202.85007235244763
sample,123,1,5,988698,200304764,202.59448689084027
sample,123,1,6,964183,200145135,207.58002889492968
sample,123,1,7,958962,200180491,208.74705254222795
sample,123,1,8,968286,200236372,206.79465777673124
sample,123,1,9,959164,200186340,208.70918841824755
sample,123,1,10,961432,200182840,208.2132069662753
sample,123,2,11,959597,200238981,208.6698697474044
sample,123,2,12,944491,200183180,211.94821337630535
sample,123,2,13,940731,200124341,212.73280140656576
sample,123,2,14,943255,200248189,212.29486088067384
sample,123,2,15,944988,200115544,211.76516950479794
sample,123,2,16,937270,200212854,213.6127839363257
sample,123,2,17,939387,200190031,213.10709111367308
sample,123,2,18,940785,200279062,212.8850502505886
sample,123,2,19,943497,200174504,212.16231106193237
sample,123,2,20,945609,200155416,211.66826457870008
case,124,1,sparse-slices-clear+512+sparse-uniform+density=0.25,ok,unsupported,sparse-slices,policy
sample,124,1,1,1374899,200103499,145.5405080664107
sample,124,1,2,1383739,200193669,144.6758882997444
sample,124,1,3,1375064,200099768,145.52033069006242
sample,124,1,4,1381471,200171749,144.8975396515743
sample,124,1,5,1362601,200113585,146.86146935162972
sample,124,1,6,1376599,200081105,145.34450845889035
sample,124,1,7,1373960,200089115,145.62950522577077
sample,124,1,8,1374416,200085408,145.5784915193071
sample,124,1,9,1375456,200101343,145.48000299537026
sample,124,1,10,1367952,200082803,146.26449100553236
sample,124,2,11,1503277,200173653,133.15819572839868
sample,124,2,12,1577978,200187342,126.86320214857241
sample,124,2,13,1543626,200126846,129.64723708981322
sample,124,2,14,1500201,200213260,133.45762334513842
sample,124,2,15,1523310,200202518,131.42598551837773
sample,124,2,16,1578623,200181454,126.80763804910988
sample,124,2,17,1575365,200194266,127.07802064918289
sample,124,2,18,1547682,200276069,129.4038885249037
sample,124,2,19,1501229,200104156,133.29355881081435
sample,124,2,20,1503334,200153599,133.1398072550744
case,125,1,sparse-slices-clear-local+512+sparse-uniform+density=0.25,ok,unsupported,sparse-slices,policy
sample,125,1,1,1485007,200278006,134.86670837241846
sample,125,1,2,1499282,200232702,133.5523950797782
sample,125,1,3,1494438,200148440,133.92890170084004
sample,125,1,4,1466229,200200963,136.54140178648765
sample,125,1,5,1426249,200109708,140.30488925846748
sample,125,1,6,1435544,200095506,139.3865363931722
sample,125,1,7,1432634,200083338,139.66116816995827
sample,125,1,8,1427531,200101038,140.17281446077178
sample,125,1,9,1392686,200085131,143.66851609048987
sample,125,1,10,1393538,200095911,143.58841380715847
sample,125,2,11,1692104,200277619,118.36011202621116
sample,125,2,12,1660402,200203731,120.57545763014016
sample,125,2,13,1654435,200202899,121.00983054637989
sample,125,2,14,1651874,200179342,121.1831786201611
sample,125,2,15,1615408,200194662,123.92823484840982
sample,125,2,16,1610472,200106665,124.25342694564078
sample,125,2,17,1640421,200149077,122.01079905707132
sample,125,2,18,1644145,200197836,121.76409988170143
sample,125,2,19,1647952,200158992,121.45923667679641
sample,125,2,20,1627014,200140358,123.01083948878129
case,126,1,sparse-slices-reduce-dot-checked+512+sparse-uniform+density=0.25,ok,unsupported,sparse-slices,policy
sample,126,1,1,551218,200201552,363.19850222597955
sample,126,1,2,543054,200158887,368.58008043398996
sample,126,1,3,524027,200207149,382.0550257906558
sample,126,1,4,524271,200189769,381.84406347099116
sample,126,1,5,521483,200212486,383.9290753485732
sample,126,1,6,521616,200161734,383.73388469678844
sample,126,1,7,526832,200190212,379.9887098733562
sample,126,1,8,525298,200190585,381.0990809026495
sample,126,1,9,523657,200162974,382.2406155174093
sample,126,1,10,521601,200145202,383.71322524304975
sample,126,2,11,522383,200136306,383.1217822938342
sample,126,2,12,526851,200159254,379.91624576967683
sample,126,2,13,550089,200180564,363.90577524727814
sample,126,2,14,540435,200141328,370.3337644675123
sample,126,2,15,531622,200125568,376.4433526076799
sample,126,2,16,525773,200131191,380.6418188077364
sample,126,2,17,526095,200213534,380.5653617692622
sample,126,2,18,521476,200265840,384.0365424295653
sample,126,2,19,524786,200185259,381.4607459040447
sample,126,2,20,521162,200185816,384.11437518468347
case,127,1,sparse-slices-reduce-dot-local+512+sparse-uniform+density=0.25,ok,unsupported,sparse-slices,policy
sample,127,1,1,664112,200188484,301.43783578673475
sample,127,1,2,635241,200194999,315.1481075686236
sample,127,1,3,650954,200199346,307.54760858678185
sample,127,1,4,654407,200135228,305.82684476174614
sample,127,1,5,647588,200175777,309.1097688653897
sample,127,1,6,652454,200160883,306.781601461559
sample,127,1,7,648007,200164293,308.8921770906796
sample,127,1,8,649970,200164843,307.9601258519624
sample,127,1,9,648668,200099859,308.4780796956224
sample,127,1,10,650108,200163542,307.892753204083
sample,127,2,11,648688,200245998,308.69385282292876
sample,127,2,12,651821,200239803,307.2006010852673
sample,127,2,13,649954,200147614,307.9411989156156
sample,127,2,14,661791,200181527,302.4845109709863
sample,127,2,15,661652,200160311,302.51599179024623
sample,127,2,16,653270,200159816,306.396767033539
sample,127,2,17,651042,200209878,307.52221515662586
sample,127,2,18,653099,200112272,306.40419293246504
sample,127,2,19,690653,200199903,289.87046027455176
sample,127,2,20,672651,200151320,297.55596884565693
case,128,1,sparse-slices-reduce-dot-unchecked+512+sparse-uniform+density=0.25,ok,unsupported,sparse-slices,policy
sample,128,1,1,2397390,200148086,83.48582666983678
sample,128,1,2,2382721,200183897,84.01482884483748
sample,128,1,3,2406245,200150104,83.17943684038823
sample,128,1,4,2387990,200147808,83.81434093107593
sample,128,1,5,2379128,200147903,84.1265804109741
sample,128,1,6,2377856,200156827,84.17533568054584
sample,128,1,7,2384207,200181192,83.96133053883325
sample,128,1,8,2397209,200202514,83.51483496015575
sample,128,1,9,2404479,200195381,83.25935930403219
sample,128,1,10,2386522,200194843,83.88560549619908
sample,128,2,11,2406731,200108458,83.14533614267651
sample,128,2,12,2424156,200191088,82.5817678400235
sample,128,2,13,2406049,200103440,83.16681829838046
sample,128,2,14,2397978,200182593,83.47974543552944
sample,128,2,15,2369853,200102887,84.43683511171368
sample,128,2,16,2413094,200117448,82.92981873064207
sample,128,2,17,2419675,200130294,82.70957628607148
sample,128,2,18,2410634,200155216,83.03011406957671
sample,128,2,19,2385227,200378166,84.00800678509844
sample,128,2,20,2432410,200211592,82.30996912527083
case,129,1,sparse-slices-max+512+sparse-uniform+density=0.25,ok,unsupported,sparse-slices,policy
sample,129,1,1,853112,200134663,234.59365593263252
sample,129,1,2,854122,200263929,234.46759245166382
sample,129,1,3,851600,200173637,235.05593823391263
sample,129,1,4,853586,200149122,234.48032418526077
sample,129,1,5,851317,200098294,235.0455752674973
sample,129,1,6,853557,200229524,234.58248716840234
sample,129,1,7,840428,200189843,238.19987315986617
sample,129,1,8,809653,200131612,247.18195572671254
sample,129,1,9,824931,200206744,242.69513935104877
sample,129,1,10,813851,200102650,245.87135728775905
sample,129,2,11,849028,200130085,235.7167078117565
sample,129,2,12,864301,200215529,231.6502341198263
sample,129,2,13,835296,200119141,239.57871341416694
sample,129,2,14,862878,200160376,231.96833851367168
sample,129,2,15,832408,200176355,240.4786534968429
sample,129,2,16,812512,200159976,246.34710133511874
sample,129,2,17,811434,200178354,246.69702526638025
sample,129,2,18,815072,200195664,245.61715284048526
sample,129,2,19,812995,200162390,246.20371589001164
sample,129,2,20,812501,200209838,246.41180503162457
case,130,1,sparse-slices-filter+512+sparse-uniform+density=0.25,ok,unsupported,sparse-slices,policy
sample,130,1,1,1170613,200111043,170.94551572552157
sample,130,1,2,1178415,200099769,169.80415982484948
sample,130,1,3,1175660,200137235,170.23394093530442
sample,130,1,4,1191653,200164687,167.97229310881607
sample,130,1,5,1182921,200264750,169.29680849355114
sample,130,1,6,1145417,200175548,174.76215910886603
sample,130,1,7,1149106,200187602,174.21160623998134
sample,130,1,8,1220798,200199410,163.9906110593235
sample,130,1,9,1196827,200164737,167.24617425910344
sample,130,1,10,1191584,200098962,167.92686205924215
sample,130,2,11,1202503,200104255,166.40644971363898
sample,130,2,12,1202651,200143421,166.41853788006662
sample,130,2,13,1187953,200257054,168.5732129133055
sample,130,2,14,1157539,200160235,172.91878286606325
sample,130,2,15,1153151,200202339,173.61329002012747
sample,130,2,16,1157743,200177297,172.9030510225499
sample,130,2,17,1159770,200153332,172.58019434887953
sample,130,2,18,1155007,200201069,173.33320837016572
sample,130,2,19,1211267,200178854,165.26402023666128
sample,130,2,20,1205754,200186824,166.02625742896146
case,131,1,gemm+257x3x1+uniform,ok,direct,reset-and-arithmetic,policy
sample,131,1,1,79683,200198778,2512.440269568164
sample,131,1,2,84009,200152603,2382.5138139961196
sample,131,1,3,81620,200114583,2451.783668218574
sample,131,1,4,82073,200083990,2437.8783521986525
sample,131,1,5,82211,200090888,2433.870017394266
sample,131,1,6,81843,200096924,2444.8874552496854
sample,131,1,7,82027,200084508,2439.2518073317324
sample,131,1,8,82137,200092345,2436.0805118278
sample,131,1,9,81980,200094206,2440.7685533056842
sample,131,1,10,82015,200086867,2439.6374687557154
sample,131,2,11,78848,200192083,2538.962091619318
sample,131,2,12,78443,200152621,2551.567647846207
sample,131,2,13,78192,200126535,2559.42468538981
sample,131,2,14,83278,200176891,2403.718761257475
sample,131,2,15,81311,200195166,2462.0920416671793
sample,131,2,16,81185,200168567,2465.585600788323
sample,131,2,17,79656,200149220,2512.6697298383046
sample,131,2,18,80946,200177621,2472.9773058582264
sample,131,2,19,82475,200202034,2427.4269051227643
sample,131,2,20,83470,200171849,2398.129256020127
case,132,1,gemm+3x257x33+uniform,ok,direct,reset-and-arithmetic,policy
sample,132,1,1,11464,200233293,17466.26770760642
sample,132,1,2,11367,200150653,17608.04548253717
sample,132,1,3,11120,200147761,17998.899370503597
sample,132,1,4,11733,200199109,17062.908804227394
sample,132,1,5,11402,200183711,17556.89449219435
sample,132,1,6,11239,200211705,17814.01414716612
sample,132,1,7,11085,200207078,18061.08055931439
sample,132,1,8,11168,200110895,17918.23916547278
sample,132,1,9,11680,200215853,17141.76823630137
sample,132,1,10,11554,200250808,17331.72996364895
sample,132,2,11,11394,200307653,17580.09943830086
sample,132,2,12,11458,200274635,17479.022080642346
sample,132,2,13,10981,200133078,18225.396411984337
sample,132,2,14,11176,200165384,17910.288475304224
sample,132,2,15,11397,200181308,17564.38606650873
sample,132,2,16,11183,200161171,17898.700795850844
sample,132,2,17,11136,200166990,17974.765625
sample,132,2,18,11124,200180139,17995.337918015102
sample,132,2,19,11158,200180362,17940.523570532354
sample,132,2,20,11123,200209674,17999.61107614852
case,133,1,gemm+127x5x65+uniform,ok,direct,reset-and-arithmetic,policy
sample,133,1,1,9398,200222308,21304.778463502873
sample,133,1,2,9180,200207921,21809.1417211329
sample,133,1,3,8993,200224569,22264.49115979095
sample,133,1,4,8974,200263970,22316.02072654335
sample,133,1,5,8912,200140685,22457.437724416515
sample,133,1,6,8983,200208191,22287.45307803629
sample,133,1,7,8861,200305984,22605.34747771132
sample,133,1,8,8924,200172669,22430.823509636935
sample,133,1,9,8983,200161899,22282.29978848937
sample,133,1,10,8927,200216490,22428.194242186626
sample,133,2,11,9234,200144551,21674.74019926359
sample,133,2,12,9199,200156245,21758.4786389825
sample,133,2,13,9208,200152525,21736.807667245874
sample,133,2,14,9208,200202210,21742.20351867941
sample,133,2,15,8930,200161205,22414.468645016797
sample,133,2,16,8957,200166302,22347.47147482416
sample,133,2,17,8875,200164435,22553.73915492958
sample,133,2,18,8994,200193078,22258.514342895265
sample,133,2,19,8999,200261055,22253.700966774086
sample,133,2,20,8974,200189980,22307.775796746155
case,134,1,trsm+65x1+triangular+side=L+uplo=L+transA=N+diag=N,ok,direct,reset-and-arithmetic,policy
sample,134,1,1,156365,200166173,1280.1213378953091
sample,134,1,2,156626,200193243,1278.1609885970402
sample,134,1,3,156529,200144726,1278.6431012783573
sample,134,1,4,156507,200231355,1279.3763537733137
sample,134,1,5,155565,200157258,1286.64711213962
sample,134,1,6,154870,200205196,1292.7306515141731
sample,134,1,7,153907,200172502,1300.6068729817357
sample,134,1,8,156289,200189502,1280.8931018817702
sample,134,1,9,156527,200191605,1278.9589336025094
sample,134,1,10,156291,200156853,1280.66781196614
sample,134,2,11,162569,200184632,1231.3825637114087
sample,134,2,12,162369,200195124,1232.9639524786135
sample,134,2,13,166198,200214860,1204.676710911082
sample,134,2,14,161471,200193311,1239.809693381474
sample,134,2,15,162692,200119574,1230.0517173554938
sample,134,2,16,162377,200086458,1232.23398634043
sample,134,2,17,162258,200105721,1233.256424952853
sample,134,2,18,163508,200089376,1223.7283557991045
sample,134,2,19,162301,200092236,1232.846599836107
sample,134,2,20,164009,200086933,1219.9753245248737
case,135,1,trsm+65x33+triangular+side=L+uplo=U+transA=T+diag=U,ok,direct,reset-and-arithmetic,policy
sample,135,1,1,2982,200193832,67134.08182427901
sample,135,1,2,2905,200236513,68928.23166953528
sample,135,1,3,2880,200261434,69535.2201388889
sample,135,1,4,2841,200223356,70476.36606828582
sample,135,1,5,2979,200166638,67192.56059080228
sample,135,1,6,2581,200224155,77576.19333591631
sample,135,1,7,2786,200142465,71838.64501076813
sample,135,1,8,2822,200155004,70926.64918497519
sample,135,1,9,2824,200247775,70909.26876770538
sample,135,1,10,2797,200229812,71587.34787272077
sample,135,2,11,2931,200177071,68296.5100648243
sample,135,2,12,2924,200296365,68500.80882352941
sample,135,2,13,2847,200202232,70320.41868633649
sample,135,2,14,2841,200214725,70473.3280535023
sample,135,2,15,2873,200251373,69701.13922728854
sample,135,2,16,2856,200220093,70105.07457983193
sample,135,2,17,2845,200274898,70395.39472759227
sample,135,2,18,2844,200211089,70397.7106188467
sample,135,2,19,2845,200237089,70382.1050966608
sample,135,2,20,2851,200282707,70249.98491757279
case,136,1,gemm-block+15x7x31+uniform+packed=4x4+timing=prepacked-compute,ok,direct,prepacked-compute,portable-tile
sample,136,1,1,166634,200220434,1201.5581093894402
sample,136,1,2,169259,200165315,1182.5977643729432
sample,136,1,3,166448,200192021,1202.730107901567
sample,136,1,4,167263,200168637,1196.729922337875
sample,136,1,5,166560,200160523,1201.7322466378482
sample,136,1,6,165544,200109999,1208.8024875561784
sample,136,1,7,167329,200286487,1196.96219424009
sample,136,1,8,167357,200212992,1196.3227830326787
sample,136,1,9,172964,200166402,1157.272045049837
sample,136,1,10,169817,200109980,1178.3860273117532
sample,136,2,11,165410,200204487,1210.3529834955566
sample,136,2,12,166146,200137302,1204.586941605576
sample,136,2,13,165746,200183012,1207.7697923328467
sample,136,2,14,167542,200204055,1194.948460684485
sample,136,2,15,165973,200183213,1206.119145885174
sample,136,2,16,167290,200156648,1196.4651084942316
sample,136,2,17,167460,200245929,1195.783643855249
sample,136,2,18,167738,200299950,1194.1238717523756
sample,136,2,19,169940,200205013,1178.0923443568317
sample,136,2,20,170959,200120571,1170.5764013593903
case,137,1,gemm-block+15x7x31+uniform+packed=4x4+timing=pack-plus-compute,ok,direct,pack-plus-compute,portable-tile
sample,137,1,1,98539,200180951,2031.4895726565117
sample,137,1,2,98499,200266360,2033.1816566665652
sample,137,1,3,98233,200236200,2038.3801777406777
sample,137,1,4,97687,200171329,2049.1091854596825
sample,137,1,5,97196,200173981,2059.48784929421
sample,137,1,6,98188,200192713,2038.8714812400701
sample,137,1,7,97962,200213826,2043.7907147669505
sample,137,1,8,97990,200178753,2042.8487906929279
sample,137,1,9,98086,200172865,2040.7893583182106
sample,137,1,10,98638,200151465,2029.1516961008942
sample,137,2,11,97650,200150514,2049.6724423963133
sample,137,2,12,104204,200166034,1920.905473878162
sample,137,2,13,101995,200144699,1962.2991225060052
sample,137,2,14,101243,200168286,1977.1074148336181
sample,137,2,15,100352,200165379,1994.6326829559948
sample,137,2,16,100680,200185366,1988.332995629718
sample,137,2,17,101604,200308525,1971.4629837407977
sample,137,2,18,101044,200143112,1980.752068405843
sample,137,2,19,101600,200200151,1970.4739271653543
sample,137,2,20,101936,200166062,1963.6444631925915
case,138,1,gemm-block+32x16x65+uniform+packed=4x4+timing=prepacked-compute,ok,direct,prepacked-compute,portable-tile
sample,138,1,1,23836,200200288,8399.072327571741
sample,138,1,2,24088,200184400,8310.544669545001
sample,138,1,3,23814,200150473,8404.739774922315
sample,138,1,4,23823,200215192,8404.281240817698
sample,138,1,5,23385,200158455,8559.266837716485
sample,138,1,6,23785,200155433,8415.195837712845
sample,138,1,7,23828,200161440,8400.261876783616
sample,138,1,8,25274,200210358,7921.593653557015
sample,138,1,9,22289,200146438,8979.605993988065
sample,138,1,10,24665,200102815,8112.824447597811
sample,138,2,11,23670,200189273,8457.510477397549
sample,138,2,12,23672,200151021,8455.18000168976
sample,138,2,13,23697,200236507,8449.86736717728
sample,138,2,14,23601,200196081,8482.525359094954
sample,138,2,15,23702,200189506,8446.101847945321
sample,138,2,16,23685,200167625,8451.240236436563
sample,138,2,17,23683,200205011,8453.532533885065
sample,138,2,18,23691,200164805,8448.980836604618
sample,138,2,19,23476,200188675,8527.375830635543
sample,138,2,20,23542,200120794,8500.585931526633
case,139,1,gemm-block+32x16x65+uniform+packed=4x4+timing=pack-plus-compute,ok,direct,pack-plus-compute,portable-tile
sample,139,1,1,18227,200228594,10985.274263455314
sample,139,1,2,17614,200216388,11366.889292608153
sample,139,1,3,18320,200144354,10924.910152838427
sample,139,1,4,17861,200194425,11208.466771177425
sample,139,1,5,16382,200250294,12223.800146502259
sample,139,1,6,17579,200171951,11386.993059901019
sample,139,1,7,17004,200153232,11770.949894142555
sample,139,1,8,17127,200098884,11683.241898756349
sample,139,1,9,17137,200113433,11677.273326719962
sample,139,1,10,17248,200097779,11601.216314935065
sample,139,2,11,17878,200171447,11196.52349256069
sample,139,2,12,18019,200189528,11109.913313724403
sample,139,2,13,17992,200169941,11125.496943085816
sample,139,2,14,18023,200177278,11106.767907673528
sample,139,2,15,18023,200228479,11109.608777672973
sample,139,2,16,18038,200201644,11098.88258121743
sample,139,2,17,18056,200230692,11089.426894107222
sample,139,2,18,18105,200190915,11057.217067108533
sample,139,2,19,18505,200201452,10818.776114563632
sample,139,2,20,18054,200193329,11088.58585355046
case,140,2,gemm-block+15x7x31+uniform+packed=8x4+timing=prepacked-compute,unsupported,unsupported,arithmetic,unavailable
case,141,2,gemm-block+15x7x31+uniform+packed=8x4+timing=pack-plus-compute,unsupported,unsupported,arithmetic,unavailable
case,142,2,gemm-block+32x16x65+uniform+packed=8x4+timing=prepacked-compute,unsupported,unsupported,arithmetic,unavailable
case,143,2,gemm-block+32x16x65+uniform+packed=8x4+timing=pack-plus-compute,unsupported,unsupported,arithmetic,unavailable
case,144,1,gemm-block+64x64x31+uniform+packed=4x4+timing=prepacked-compute,ok,direct,prepacked-compute,portable-tile
sample,144,1,1,4840,200251502,41374.277272727275
sample,144,1,2,4951,200227785,40441.887497475254
sample,144,1,3,4540,200266824,44111.63524229075
sample,144,1,4,4856,200185239,41224.30786655684
sample,144,1,5,4845,200282278,41337.93147574819
sample,144,1,6,4856,200163563,41219.844110378916
sample,144,1,7,4854,200194577,41243.21734651834
sample,144,1,8,4840,200214988,41366.73305785124
sample,144,1,9,4951,200276388,40451.70430216118
sample,144,1,10,4848,200171706,41289.54331683168
sample,144,2,11,4689,200213272,42698.501172957986
sample,144,2,12,4656,200278971,43015.24291237113
sample,144,2,13,4911,200170628,40759.64732233761
sample,144,2,14,4745,200311272,42215.23119072708
sample,144,2,15,4658,200129555,42964.69622155432
sample,144,2,16,4688,200236475,42712.55866040956
sample,144,2,17,4683,200119046,42733.08691010036
sample,144,2,18,4661,200135751,42938.37180862476
sample,144,2,19,4681,200260620,42781.58940397351
sample,144,2,20,4693,200238480,42667.47922437673
case,145,1,gemm-block+64x64x31+uniform+packed=4x4+timing=pack-plus-compute,ok,direct,pack-plus-compute,portable-tile
sample,145,1,1,4405,200190561,45446.211350737794
sample,145,1,2,4415,200252687,45357.3469988675
sample,145,1,3,4419,200150259,45293.111337406655
sample,145,1,4,4429,200190986,45200.04199593588
sample,145,1,5,4276,200129339,46802.93241347053
sample,145,1,6,4281,200250301,46776.52441018454
sample,145,1,7,4284,200103631,46709.53104575163
sample,145,1,8,4536,200183664,44132.201058201055
sample,145,1,9,4401,200185458,45486.35719154737
sample,145,1,10,4383,200116249,45657.3691535478
sample,145,2,11,4298,200107942,46558.38576081899
sample,145,2,12,4313,200122842,46399.916995130996
sample,145,2,13,4311,200133415,46423.89584783113
sample,145,2,14,4276,200064760,46787.8297474275
sample,145,2,15,4296,200140809,46587.71159217877
sample,145,2,16,4319,200115806,46333.8286640426
sample,145,2,17,4295,200105677,46590.37881257276
sample,145,2,18,4319,200128676,46336.80852049086
sample,145,2,19,4286,200136298,46695.35650956603
sample,145,2,20,4312,200100224,46405.43228200371
case,146,2,gemm-block+64x64x31+uniform+packed=8x4+timing=prepacked-compute,unsupported,unsupported,arithmetic,unavailable
case,147,2,gemm-block+64x64x31+uniform+packed=8x4+timing=pack-plus-compute,unsupported,unsupported,arithmetic,unavailable
case,148,1,gemm-block+64x64x32+uniform+packed=4x4+timing=prepacked-compute,ok,direct,prepacked-compute,portable-tile
sample,148,1,1,4740,200173995,42230.80063291139
sample,148,1,2,4775,200258586,41938.970890052355
sample,148,1,3,4703,200320568,42594.20965341271
sample,148,1,4,4613,200206119,43400.41599826577
sample,148,1,5,4602,200208674,43504.709691438504
sample,148,1,6,4583,200238157,43691.50272747109
sample,148,1,7,4621,200090070,43300.16663059944
sample,148,1,8,4603,200110826,43474.00086899848
sample,148,1,9,4611,200175191,43412.533289958796
sample,148,1,10,4415,200151621,45334.45549263873
sample,148,2,11,4639,200194099,43154.580513041605
sample,148,2,12,4632,200138475,43207.78821243523
sample,148,2,13,4641,200236099,43145.03318250377
sample,148,2,14,4617,200146919,43349.99328568335
sample,148,2,15,4635,200173821,43187.44789644013
sample,148,2,16,4653,200180012,43021.70900494305
sample,148,2,17,4945,200194899,40484.30717896866
sample,148,2,18,4864,200213968,41162.41118421053
sample,148,2,19,4855,200207710,41237.427394438724
sample,148,2,20,4882,200211158,41010.06923392053
case,149,1,gemm-block+64x64x32+uniform+packed=4x4+timing=pack-plus-compute,ok,direct,pack-plus-compute,portable-tile
sample,149,1,1,4399,200150989,45499.201864060014
sample,149,1,2,4373,200104564,45759.10450491653
sample,149,1,3,4348,200142721,46030.984590616375
sample,149,1,4,4351,200131430,45996.651344518505
sample,149,1,5,4365,200146355,45852.54410080183
sample,149,1,6,4347,200112428,46034.60501495284
sample,149,1,7,4364,200133659,45860.14184234647
sample,149,1,8,4355,200096358,45946.35086107922
sample,149,1,9,4340,200142993,46115.8970046083
sample,149,1,10,4329,200136106,46231.48671748672
sample,149,2,11,4175,200203955,47953.04311377245
sample,149,2,12,4158,200153389,48136.93819143819
sample,149,2,13,4110,200177099,48704.8902676399
sample,149,2,14,4164,200137489,48063.75816522574
sample,149,2,15,4158,200154719,48137.25805675806
sample,149,2,16,4124,200152374,48533.55334626576
sample,149,2,17,4079,200141942,49066.423633243445
sample,149,2,18,4148,200206301,48265.742767598844
sample,149,2,19,4162,200319709,48130.63647284959
sample,149,2,20,4162,200202518,48102.47909658818
case,150,2,gemm-block+64x64x32+uniform+packed=8x4+timing=prepacked-compute,unsupported,unsupported,arithmetic,unavailable
case,151,2,gemm-block+64x64x32+uniform+packed=8x4+timing=pack-plus-compute,unsupported,unsupported,arithmetic,unavailable
case,152,1,gemm-block+64x64x33+uniform+packed=4x4+timing=prepacked-compute,ok,direct,prepacked-compute,portable-tile
sample,152,1,1,4820,200349795,41566.347510373445
sample,152,1,2,4769,200214716,41982.53638079262
sample,152,1,3,4809,200199451,41630.16240382616
sample,152,1,4,4761,200222796,42054.77756773787
sample,152,1,5,4795,200184329,41748.55662148071
sample,152,1,6,4788,200213100,41815.6015037594
sample,152,1,7,4796,200166860,41736.209341117596
sample,152,1,8,4813,200138118,41582.82110949512
sample,152,1,9,4802,200234977,41698.245939192006
sample,152,1,10,4805,200184707,41661.74963579605
sample,152,2,11,4844,200197541,41328.97213047068
sample,152,2,12,4851,200134480,41256.33477633478
sample,152,2,13,4818,200279601,41569.03300124533
sample,152,2,14,4646,200197104,43090.20749031425
sample,152,2,15,4681,200171899,42762.63597521897
sample,152,2,16,4722,200139025,42384.3763235917
sample,152,2,17,4699,200221105,42609.300915088315
sample,152,2,18,4665,200146581,42903.87588424437
sample,152,2,19,4689,200150279,42685.06696523779
sample,152,2,20,4690,200112765,42667.96695095949
case,153,1,gemm-block+64x64x33+uniform+packed=4x4+timing=pack-plus-compute,ok,direct,pack-plus-compute,portable-tile
sample,153,1,1,4366,200231414,45861.5240494732
sample,153,1,2,4446,200253805,45041.341655420605
sample,153,1,3,4331,200226038,46230.90233202494
sample,153,1,4,4234,200249758,47295.64430798299
sample,153,1,5,3851,200220157,51991.73123863932
sample,153,1,6,4217,200201594,47474.885937870524
sample,153,1,7,4203,200092365,47607.03426124197
sample,153,1,8,4222,200158855,47408.53979156798
sample,153,1,9,4213,200239222,47528.89200094944
sample,153,1,10,4216,200244900,47496.41840607211
sample,153,2,11,4212,200191330,47528.80579297246
sample,153,2,12,4205,200195971,47609.02996432818
sample,153,2,13,4178,200193359,47916.07443752992
sample,153,2,14,4419,200166730,45296.83865127857
sample,153,2,15,4379,200214446,45721.4994290934
sample,153,2,16,4363,200249701,45897.24982809993
sample,153,2,17,4360,200198676,45917.12752293578
sample,153,2,18,4333,200147933,46191.53773367182
sample,153,2,19,4142,200297546,48357.688556253015
sample,153,2,20,4152,200136585,48202.45303468208
case,154,2,gemm-block+64x64x33+uniform+packed=8x4+timing=prepacked-compute,unsupported,unsupported,arithmetic,unavailable
case,155,2,gemm-block+64x64x33+uniform+packed=8x4+timing=pack-plus-compute,unsupported,unsupported,arithmetic,unavailable
case,156,1,gemm-block+64x64x63+uniform+packed=4x4+timing=prepacked-compute,ok,direct,prepacked-compute,portable-tile
sample,156,1,1,2958,200270829,67704.81034482758
sample,156,1,2,2958,200120989,67654.15449628128
sample,156,1,3,3168,200195213,63192.93339646464
sample,156,1,4,3088,200173457,64823.0106865285
sample,156,1,5,3031,200255251,66069.03695150116
sample,156,1,6,2963,200246668,67582.40566992912
sample,156,1,7,2973,200239330,67352.61688530105
sample,156,1,8,2969,200220292,67436.94577298754
sample,156,1,9,2961,200290142,67642.73623775752
sample,156,1,10,2982,200194177,67134.197518444
sample,156,2,11,3038,200209385,65901.70671494404
sample,156,2,12,3028,200129960,66093.1175693527
sample,156,2,13,3019,200136676,66292.37363365352
sample,156,2,14,3024,200249683,66220.13326719576
sample,156,2,15,3098,200194099,64620.43221433183
sample,156,2,16,3039,200188915,65873.28562026983
sample,156,2,17,3030,200217245,66078.29867986799
sample,156,2,18,3079,200197282,65020.22799610263
sample,156,2,19,3035,200280683,65990.34036243822
sample,156,2,20,3050,200182013,65633.4468852459
case,157,1,gemm-block+64x64x63+uniform+packed=4x4+timing=pack-plus-compute,ok,direct,pack-plus-compute,portable-tile
sample,157,1,1,2697,200247445,74248.2183908046
sample,157,1,2,2646,200203342,75662.63869992441
sample,157,1,3,2673,200211071,74901.26112981669
sample,157,1,4,2845,200300132,70404.26432337434
sample,157,1,5,2769,200261231,72322.58252076562
sample,157,1,6,2752,200270694,72772.78125
sample,157,1,7,2750,200247813,72817.38654545454
sample,157,1,8,2747,200192855,72876.90389515835
sample,157,1,9,2751,200197768,72772.72555434388
sample,157,1,10,2749,200229480,72837.20625682066
sample,157,2,11,2649,200308793,75616.758399396
sample,157,2,12,2848,200310801,70333.84866573034
sample,157,2,13,2754,200201352,72694.75381263616
sample,157,2,14,2714,200145164,73745.45467943994
sample,157,2,15,2757,200186586,72610.29597388465
sample,157,2,16,2717,200370250,73746.87154950314
sample,157,2,17,2820,200124576,70966.16170212766
sample,157,2,18,2754,200183310,72688.20261437909
sample,157,2,19,2739,200158276,73077.13618108799
sample,157,2,20,2733,200265972,73276.97475301866
case,158,2,gemm-block+64x64x63+uniform+packed=8x4+timing=prepacked-compute,unsupported,unsupported,arithmetic,unavailable
case,159,2,gemm-block+64x64x63+uniform+packed=8x4+timing=pack-plus-compute,unsupported,unsupported,arithmetic,unavailable
case,160,1,gemm-block+64x64x64+uniform+packed=4x4+timing=prepacked-compute,ok,direct,prepacked-compute,portable-tile
sample,160,1,1,2945,200234418,67991.31341256367
sample,160,1,2,2937,200242034,68179.10589036431
sample,160,1,3,2946,200210561,67960.1361167685
sample,160,1,4,2931,200194790,68302.55544182872
sample,160,1,5,2926,200200890,68421.35680109364
sample,160,1,6,2942,200193301,68046.66927260367
sample,160,1,7,2938,200215902,68147.00544588156
sample,160,1,8,2923,200204891,68492.9493670886
sample,160,1,9,2919,200145338,68566.40561836245
sample,160,1,10,2922,200103749,68481.7758384668
sample,160,2,11,3112,200245093,64346.10957583548
sample,160,2,12,3047,200237639,65716.3239251723
sample,160,2,13,3054,200192583,65550.94400785855
sample,160,2,14,2932,200238472,68294.15825375171
sample,160,2,15,3120,200178601,64159.80801282051
sample,160,2,16,3049,200157872,65647.05542800919
sample,160,2,17,2994,200214835,66872.02237808952
sample,160,2,18,2939,200210162,68121.86526029262
sample,160,2,19,2920,200106998,68529.79383561644
sample,160,2,20,2931,200194439,68302.43568747868
case,161,1,gemm-block+64x64x64+uniform+packed=4x4+timing=pack-plus-compute,ok,direct,pack-plus-compute,portable-tile
sample,161,1,1,2832,200198658,70691.61652542373
sample,161,1,2,2695,200300169,74322.8827458256
sample,161,1,3,2582,200177905,77528.23586367157
sample,161,1,4,2632,200181123,76056.65767477204
sample,161,1,5,2643,200139921,75724.52553916005
sample,161,1,6,2622,200221091,76361.97215865752
sample,161,1,7,2665,200350753,75178.51894934334
sample,161,1,8,2629,200238588,76165.30543933055
sample,161,1,9,2624,200226793,76305.9424542683
sample,161,1,10,2620,200206799,76414.80877862596
sample,161,2,11,2729,200177824,73352.07914987174
sample,161,2,12,2766,200197025,72377.81091829356
sample,161,2,13,2713,200180224,73785.55989679322
sample,161,2,14,2786,200126637,71832.96374730796
sample,161,2,15,2699,200152457,74158.00555761393
sample,161,2,16,2714,200260643,73788.00405305822
sample,161,2,17,2685,200206915,74564.95903165736
sample,161,2,18,2620,200209702,76415.91679389314
sample,161,2,19,2623,200158674,76309.06366755623
sample,161,2,20,2626,200260905,76260.81683168317
case,162,2,gemm-block+64x64x64+uniform+packed=8x4+timing=prepacked-compute,unsupported,unsupported,arithmetic,unavailable
case,163,2,gemm-block+64x64x64+uniform+packed=8x4+timing=pack-plus-compute,unsupported,unsupported,arithmetic,unavailable
case,164,1,gemm-block+64x64x65+uniform+packed=4x4+timing=prepacked-compute,ok,direct,prepacked-compute,portable-tile
sample,164,1,1,2922,200182593,68508.75872689938
sample,164,1,2,3132,200235123,63932.0316091954
sample,164,1,3,3038,200183637,65893.23140223832
sample,164,1,4,3013,200303850,66479.87056090275
sample,164,1,5,2931,200279668,68331.5141589901
sample,164,1,6,2916,200194151,68653.68689986282
sample,164,1,7,2921,200220576,68545.21602191031
sample,164,1,8,2913,200203051,68727.44627531755
sample,164,1,9,2915,200221605,68686.65694682676
sample,164,1,10,2924,200194660,68466.02599179206
sample,164,2,11,2721,200342683,73628.32892319
sample,164,2,12,3093,200197493,64725.99191723246
sample,164,2,13,3024,200121344,66177.69312169313
sample,164,2,14,3033,200192367,66004.73689416419
sample,164,2,15,3016,200202548,66380.1551724138
sample,164,2,16,2918,200241213,68622.75976696367
sample,164,2,17,2913,200100553,68692.2598695503
sample,164,2,18,2907,200215529,68873.5909872721
sample,164,2,19,2918,200276214,68634.75462645647
sample,164,2,20,2914,200246436,68718.74948524365
case,165,1,gemm-block+64x64x65+uniform+packed=4x4+timing=pack-plus-compute,ok,direct,pack-plus-compute,portable-tile
sample,165,1,1,2595,200183621,77142.05048169557
sample,165,1,2,2591,200167970,77255.10227711308
sample,165,1,3,2583,200138296,77482.88656600851
sample,165,1,4,2581,200111597,77532.58310732275
sample,165,1,5,2592,200147087,77217.24035493827
sample,165,1,6,2582,200340376,77591.16034082106
sample,165,1,7,2593,200171471,77196.86502121095
sample,165,1,8,2592,200231643,77249.86226851853
sample,165,1,9,2594,200233327,77190.95104086353
sample,165,1,10,2599,200122395,76999.76721816084
sample,165,2,11,2638,200227311,75901.1793025019
sample,165,2,12,2741,200277281,73067.23130244436
sample,165,2,13,2677,200199874,74785.16025401569
sample,165,2,14,2424,200248459,82610.75041254125
sample,165,2,15,2644,200237559,75732.81354009078
sample,165,2,16,2669,200234494,75022.29074559761
sample,165,2,17,2677,200188229,74780.81023533807
sample,165,2,18,2672,200267508,74950.41467065868
sample,165,2,19,2701,200230967,74132.16105146242
sample,165,2,20,2723,200268755,73547.10062431142
case,166,2,gemm-block+64x64x65+uniform+packed=8x4+timing=prepacked-compute,unsupported,unsupported,arithmetic,unavailable
case,167,2,gemm-block+64x64x65+uniform+packed=8x4+timing=pack-plus-compute,unsupported,unsupported,arithmetic,unavailable
case,168,1,gemm-block+128x128x64+uniform+packed=4x4+timing=prepacked-compute,ok,direct,prepacked-compute,portable-tile
sample,168,1,1,777,200193271,257648.99742599743
sample,168,1,2,758,200531360,264553.24538258574
sample,168,1,3,773,200360180,259198.16300129367
sample,168,1,4,773,200493583,259370.74126778785
sample,168,1,5,766,200349842,261553.318537859
sample,168,1,6,747,200383798,268251.4029451138
sample,168,1,7,750,200416312,267221.74933333334
sample,168,1,8,791,200395497,253344.49683944375
sample,168,1,9,776,200549182,258439.6675257732
sample,168,1,10,773,200473140,259344.29495472187
sample,168,2,11,749,200212506,267306.4165554072
sample,168,2,12,761,200478057,263440.28515111696
sample,168,2,13,756,200338192,264997.60846560844
sample,168,2,14,745,200199428,268724.0644295302
sample,168,2,15,749,200285103,267403.34178905206
sample,168,2,16,747,200241775,268061.27844712185
sample,168,2,17,750,200108538,266811.384
sample,168,2,18,749,200248606,267354.61415220296
sample,168,2,19,747,200103933,267876.7510040161
sample,168,2,20,747,200347505,268202.81793842034
case,169,1,gemm-block+128x128x64+uniform+packed=4x4+timing=pack-plus-compute,ok,direct,pack-plus-compute,portable-tile
sample,169,1,1,727,200434957,275701.4539202201
sample,169,1,2,724,200279238,276628.7817679558
sample,169,1,3,722,200387240,277544.6537396122
sample,169,1,4,727,200403181,275657.7455295736
sample,169,1,5,715,200210931,280015.2881118881
sample,169,1,6,717,200252890,279292.73361227335
sample,169,1,7,715,200405706,280287.7006993007
sample,169,1,8,718,200316696,278992.6128133705
sample,169,1,9,719,200259314,278524.77607788594
sample,169,1,10,720,200369355,278290.7708333333
sample,169,2,11,715,200170884,279959.27832167834
sample,169,2,12,706,200204270,283575.45325779036
sample,169,2,13,678,200305786,295436.26253687317
sample,169,2,14,683,200168540,293072.532942899
sample,169,2,15,687,200378985,291672.4672489083
sample,169,2,16,693,200386163,289157.52236652235
sample,169,2,17,687,200313795,291577.57641921396
sample,169,2,18,689,200414960,290878.0261248186
sample,169,2,19,688,200212938,291007.1773255814
sample,169,2,20,691,200339466,289926.8683068017
case,170,2,gemm-block+128x128x64+uniform+packed=8x4+timing=prepacked-compute,unsupported,unsupported,arithmetic,unavailable
case,171,2,gemm-block+128x128x64+uniform+packed=8x4+timing=pack-plus-compute,unsupported,unsupported,arithmetic,unavailable
case,172,1,gemm-block+128x8x64+uniform+packed=4x4+timing=prepacked-compute,ok,direct,prepacked-compute,portable-tile
sample,172,1,1,11825,200205559,16930.70266384778
sample,172,1,2,12605,200164217,15879.74748115827
sample,172,1,3,12382,200252324,16172.857696656436
sample,172,1,4,12264,200179918,16322.56343770385
sample,172,1,5,12250,200252521,16347.144571428571
sample,172,1,6,12257,200194436,16333.069756057763
sample,172,1,7,12203,200229948,16408.256002622307
sample,172,1,8,12215,200226596,16391.86213671715
sample,172,1,9,12176,200210046,16443.00640604468
sample,172,1,10,12194,200167424,16415.23896998524
sample,172,2,11,12118,200208588,16521.586730483577
sample,172,2,12,11819,200277045,16945.346052965564
sample,172,2,13,12630,200285518,15857.919081551861
sample,172,2,14,12145,200180745,16482.564429806505
sample,172,2,15,12105,200173781,16536.45444031392
sample,172,2,16,12212,200211606,16394.66148051097
sample,172,2,17,12178,200271086,16445.318278863524
sample,172,2,18,12075,200244520,16583.397101449274
sample,172,2,19,12181,200175059,16433.38469747968
sample,172,2,20,12168,200212046,16453.981426692964
case,173,1,gemm-block+128x8x64+uniform+packed=4x4+timing=pack-plus-compute,ok,direct,pack-plus-compute,portable-tile
sample,173,1,1,7865,200191771,25453.49917355372
sample,173,1,2,7841,200166485,25528.183267440378
sample,173,1,3,7917,200157800,25282.026019957055
sample,173,1,4,7901,200111606,25327.3770408809
sample,173,1,5,8463,200178754,23653.403521209973
sample,173,1,6,8227,200099239,24322.260726874923
sample,173,1,7,8119,200093456,24645.08634068235
sample,173,1,8,8138,200124457,24591.35623003195
sample,173,1,9,8131,200127289,24612.875292091994
sample,173,1,10,8166,200108679,24505.10396767083
sample,173,2,11,8172,200181261,24495.99375917768
sample,173,2,12,8204,200192217,24401.78169185763
sample,173,2,13,8182,200186950,24466.75018332926
sample,173,2,14,8204,200230272,24406.420282788884
sample,173,2,15,8397,200209430,23842.97129927355
sample,173,2,16,8187,200249665,24459.468059118113
sample,173,2,17,8193,200218075,24437.699865739047
sample,173,2,18,8159,200219545,24539.71626424807
sample,173,2,19,8151,200248331,24567.332965280333
sample,173,2,20,8151,200188588,24560.00343516133
case,174,2,gemm-block+128x8x64+uniform+packed=8x4+timing=prepacked-compute,unsupported,unsupported,arithmetic,unavailable
case,175,2,gemm-block+128x8x64+uniform+packed=8x4+timing=pack-plus-compute,unsupported,unsupported,arithmetic,unavailable
