n,offset_bytes,mode,implementation,sample,operations,cpu_ns,wall_ns,cpu_ns_per_op,wall_ns_per_op
96,0,negate,baseline,1,87360,606036,611426,6.9372252747252743,6.9989239926739923
96,0,negate,aligned,1,87360,602757,608112,6.8996909340659345,6.9609890109890111
96,0,negate,unrolled,1,87360,482148,487532,5.5190934065934067,5.5807234432234436
96,0,negate,aligned-unrolled,1,87360,503565,508776,5.7642513736263732,5.8239010989010991
96,0,negate,openblas,1,87360,775804,781124,8.8805402930402924,8.9414377289377285
96,0,negate,onemkl,1,87360,1149523,1155257,13.158459249084249,13.224095695970696
96,0,negate,baseline,2,87360,609029,614455,6.971485805860806,7.0335966117216113
96,0,negate,aligned,2,87360,608648,614076,6.9671245421245418,7.0292582417582414
96,0,negate,unrolled,2,87360,486069,491379,5.5639766483516482,5.6247596153846153
96,0,negate,aligned-unrolled,2,87360,503197,508505,5.760038919413919,5.8207989926739927
96,0,negate,openblas,2,87360,783101,788489,8.9640682234432241,9.0257440476190478
96,0,negate,onemkl,2,87360,1160091,1165455,13.279429945054945,13.340831043956044
96,0,negate,baseline,3,87360,611995,617381,7.005437271062271,7.0670902014652013
96,0,negate,aligned,3,87360,612593,618057,7.0122825091575089,7.0748282967032967
96,0,negate,unrolled,3,87360,479674,485167,5.4907738095238097,5.5536515567765568
96,0,negate,aligned-unrolled,3,87360,503518,508946,5.7637133699633702,5.8258470695970699
96,0,negate,openblas,3,87360,774633,780193,8.8671359890109898,8.9307806776556777
96,0,negate,onemkl,3,87360,1126424,1136148,12.894047619047619,13.005357142857143
96,0,negate,baseline,4,87360,605836,611263,6.9349358974358974,6.9970581501831504
96,0,negate,aligned,4,87360,607191,612648,6.9504464285714285,7.0129120879120883
96,0,negate,unrolled,4,87360,477753,482910,5.468784340659341,5.5278159340659343
96,0,negate,aligned-unrolled,4,87360,484052,489406,5.5408882783882785,5.6021749084249084
96,0,negate,openblas,4,87360,775938,781234,8.8820741758241759,8.9426968864468872
96,0,negate,onemkl,4,87360,1156586,1162027,13.239308608058607,13.301591117216118
96,0,negate,baseline,5,87360,631751,637135,7.2315819597069595,7.2932119963369964
96,0,negate,aligned,5,87360,625385,631069,7.1587110805860803,7.2237751831501829
96,0,negate,unrolled,5,87360,503240,508604,5.7605311355311359,5.8219322344322348
96,0,negate,aligned-unrolled,5,87360,509379,514921,5.8308035714285715,5.8942422161172159
96,0,negate,openblas,5,87360,809470,815049,9.2659111721611715,9.3297733516483525
96,0,negate,onemkl,5,87360,1185531,1191306,13.570638736263737,13.636744505494505
96,0,powers-two,baseline,1,87360,613440,618881,7.0219780219780219,7.0842605311355316
96,0,powers-two,aligned,1,87360,608921,617139,6.9702495421245425,7.0643200549450551
96,0,powers-two,unrolled,1,87360,493809,499319,5.6525755494505496,5.7156478937728936
96,0,powers-two,aligned-unrolled,1,87360,517443,522824,5.9231112637362635,5.9847069597069593
96,0,powers-two,openblas,1,87360,778259,783686,8.9086423992674,8.9707646520146529
96,0,powers-two,onemkl,1,87360,1136562,1142519,13.010096153846154,13.078285256410256
96,0,powers-two,baseline,2,87360,601480,607075,6.88507326007326,6.9491185897435894
96,0,powers-two,aligned,2,87360,599482,604839,6.8622023809523807,6.9235233516483516
96,0,powers-two,unrolled,2,87360,486587,492074,5.5699061355311352,5.6327152014652011
96,0,powers-two,aligned-unrolled,2,87360,520418,525738,5.9571657509157507,6.0180631868131869
96,0,powers-two,openblas,2,87360,768381,773983,8.7955700549450544,8.8596955128205135
96,0,powers-two,onemkl,2,87360,1116771,1122552,12.783550824175824,12.849725274725275
96,0,powers-two,baseline,3,87360,610933,616568,6.9932806776556777,7.057783882783883
96,0,powers-two,aligned,3,87360,598288,603781,6.8485347985347982,6.9114125457875462
96,0,powers-two,unrolled,3,87360,513284,518863,5.8755036630036628,5.9393658424908429
96,0,powers-two,aligned-unrolled,3,87360,520883,526292,5.9624885531135527,6.024404761904762
96,0,powers-two,openblas,3,87360,779701,785462,8.9251488095238098,8.9910943223443223
96,0,powers-two,onemkl,3,87360,1130590,1136411,12.941735347985349,13.008367673992675
96,0,powers-two,baseline,4,87360,611897,617476,7.0043154761904765,7.0681776556776557
96,0,powers-two,aligned,4,87360,602922,608264,6.9015796703296699,6.9627289377289374
96,0,powers-two,unrolled,4,87360,504564,510441,5.7756868131868133,5.8429601648351648
96,0,powers-two,aligned-unrolled,4,87360,521152,526632,5.9655677655677657,6.0282967032967036
96,0,powers-two,openblas,4,87360,784252,789892,8.9772435897435905,9.0418040293040285
96,0,powers-two,onemkl,4,87360,1125530,1131401,12.883814102564102,12.951018772893773
96,0,powers-two,baseline,5,87360,601124,606482,6.8809981684981683,6.942330586080586
96,0,powers-two,aligned,5,87360,585689,591020,6.7043154761904766,6.7653388278388276
96,0,powers-two,unrolled,5,87360,489974,495380,5.6086767399267403,5.6705586080586077
96,0,powers-two,aligned-unrolled,5,87360,516330,521705,5.9103708791208796,5.9718978937728942
96,0,powers-two,openblas,5,87360,766195,771661,8.7705471611721606,8.8331158424908427
96,0,powers-two,onemkl,5,87360,1118165,1123670,12.799507783882785,12.862522893772894
96,0,reset,baseline,1,87360,1050428,1055883,12.024130036630037,12.086572802197802
96,0,reset,aligned,1,87360,994438,999820,11.383218864468864,11.444826007326007
96,0,reset,unrolled,1,87360,893628,898998,10.229258241758242,10.290728021978023
96,0,reset,aligned-unrolled,1,87360,963501,968892,11.029086538461538,11.090796703296704
96,0,reset,openblas,1,87360,1257237,1263075,14.391449175824176,14.458276098901099
96,0,reset,onemkl,1,87360,1606795,1612433,18.392799908424909,18.457337454212453
96,0,reset,baseline,2,87360,1054922,1060475,12.075572344322344,12.139136904761905
96,0,reset,aligned,2,87360,1007478,1013058,11.532486263736264,11.596359890109889
96,0,reset,unrolled,2,87360,898675,904002,10.287030677655677,10.348008241758242
96,0,reset,aligned-unrolled,2,87360,965903,971282,11.056581959706961,11.118154761904762
96,0,reset,openblas,2,87360,1232709,1238566,14.110679945054946,14.177724358974359
96,0,reset,onemkl,2,87360,1596197,1601955,18.271485805860806,18.337396978021978
96,0,reset,baseline,3,87360,1071592,1077122,12.266391941391941,12.329693223443224
96,0,reset,aligned,3,87360,1013935,1019353,11.60639880952381,11.668418040293041
96,0,reset,unrolled,3,87360,903843,909309,10.346188186813187,10.408756868131869
96,0,reset,aligned-unrolled,3,87360,974633,980041,11.156513278388278,11.21841804029304
96,0,reset,openblas,3,87360,1250370,1256059,14.312843406593407,14.377964743589743
96,0,reset,onemkl,3,87360,1588906,1594568,18.188026556776556,18.252838827838829
96,0,reset,baseline,4,87360,1065729,1071289,12.199278846153845,12.262923534798535
96,0,reset,aligned,4,87360,1003144,1008789,11.482875457875458,11.547493131868132
96,0,reset,unrolled,4,87360,907815,913270,10.391655219780219,10.454097985347985
96,0,reset,aligned-unrolled,4,87360,967965,973596,11.08018543956044,11.144642857142857
96,0,reset,openblas,4,87360,1247355,1253169,14.278331043956044,14.344883241758241
96,0,reset,onemkl,4,87360,1601742,1607560,18.334958791208791,18.401556776556777
96,0,reset,baseline,5,87360,1076492,1082375,12.322481684981685,12.389823717948717
96,0,reset,aligned,5,87360,1020495,1026175,11.681490384615385,11.746508699633699
96,0,reset,unrolled,5,87360,906208,911863,10.373260073260074,10.437992216117216
96,0,reset,aligned-unrolled,5,87360,976429,984409,11.177071886446887,11.268418040293041
96,0,reset,openblas,5,87360,1245477,1251300,14.256833791208791,14.323489010989011
96,0,reset,onemkl,5,87360,1586945,1593022,18.165579212454212,18.235141941391941
96,8,negate,baseline,1,87360,1279744,1284817,14.649084249084249,14.707154304029304
96,8,negate,aligned,1,87360,770144,775169,8.8157509157509164,8.8732715201465204
96,8,negate,unrolled,1,87360,1265078,1270048,14.481204212454212,14.538095238095238
96,8,negate,aligned-unrolled,1,87360,709785,714719,8.1248282967032974,8.181307234432234
96,8,negate,openblas,1,87360,1408187,1413158,16.119356684981685,16.176259157509158
96,8,negate,onemkl,1,87360,1177085,1182152,13.473958333333334,13.531959706959707
96,8,negate,baseline,2,87360,1256180,1261431,14.379349816849818,14.439457417582418
96,8,negate,aligned,2,87360,728407,733461,8.3379922161172164,8.3958447802197806
96,8,negate,unrolled,2,87360,1236952,1241771,14.159249084249085,14.214411630036629
96,8,negate,aligned-unrolled,2,87360,704954,709803,8.069528388278389,8.1250343406593402
96,8,negate,openblas,2,87360,1383432,1388360,15.83598901098901,15.892399267399268
96,8,negate,onemkl,2,87360,1157289,1162608,13.247355769230769,13.308241758241758
96,8,negate,baseline,3,87360,1252491,1257329,14.337122252747253,14.392502289377289
96,8,negate,aligned,3,87360,738272,743313,8.4509157509157511,8.5086195054945062
96,8,negate,unrolled,3,87360,1218565,1223352,13.948775183150182,14.003571428571428
96,8,negate,aligned-unrolled,3,87360,698519,703264,7.9958676739926737,8.05018315018315
96,8,negate,openblas,3,87360,1374978,1380120,15.739217032967034,15.798076923076923
96,8,negate,onemkl,3,87360,1142804,1147851,13.081547619047619,13.139320054945054
96,8,negate,baseline,4,87360,1251072,1256033,14.320879120879122,14.377667124542125
96,8,negate,aligned,4,87360,764851,769832,8.7551625457875453,8.8121794871794865
96,8,negate,unrolled,4,87360,1226216,1231070,14.036355311355312,14.091918498168498
96,8,negate,aligned-unrolled,4,87360,700640,705372,8.0201465201465201,8.0743131868131872
96,8,negate,openblas,4,87360,1371393,1376274,15.698179945054944,15.754052197802197
96,8,negate,onemkl,4,87360,1157791,1163016,13.253102106227105,13.312912087912087
96,8,negate,baseline,5,87360,1242469,1247468,14.222401556776557,14.279624542124543
96,8,negate,aligned,5,87360,749623,754699,8.5808493589743584,8.638953754578754
96,8,negate,unrolled,5,87360,1219526,1224577,13.95977564102564,14.017593864468864
96,8,negate,aligned-unrolled,5,87360,703832,711359,8.056684981684981,8.1428456959706956
96,8,negate,openblas,5,87360,1366840,1371774,15.646062271062272,15.702541208791208
96,8,negate,onemkl,5,87360,1168146,1173176,13.371634615384615,13.429212454212454
96,8,powers-two,baseline,1,87360,1281557,1286607,14.669837454212454,14.727644230769231
96,8,powers-two,aligned,1,87360,727248,732162,8.3247252747252745,8.3809752747252748
96,8,powers-two,unrolled,1,87360,1243186,1248352,14.230608974358974,14.28974358974359
96,8,powers-two,aligned-unrolled,1,87360,730403,735318,8.3608402014652015,8.4171016483516485
96,8,powers-two,openblas,1,87360,1407065,1412511,16.106513278388277,16.168853021978023
96,8,powers-two,onemkl,1,87360,1122979,1128033,12.854613095238095,12.912465659340659
96,8,powers-two,baseline,2,87360,1279523,1284483,14.646554487179488,14.703331043956045
96,8,powers-two,aligned,2,87360,724095,729041,8.2886332417582409,8.3452495421245416
96,8,powers-two,unrolled,2,87360,1237153,1242161,14.161549908424908,14.218875915750916
96,8,powers-two,aligned-unrolled,2,87360,735251,740374,8.4163347069597076,8.4749771062271062
96,8,powers-two,openblas,2,87360,1407753,1412816,16.114388736263738,16.172344322344323
96,8,powers-two,onemkl,2,87360,1127538,1132612,12.906799450549451,12.964880952380952
96,8,powers-two,baseline,3,87360,1280973,1285960,14.663152472527473,14.720238095238095
96,8,powers-two,aligned,3,87360,721948,726905,8.2640567765567763,8.3207989926739927
96,8,powers-two,unrolled,3,87360,1225949,1231339,14.033298992673993,14.09499771062271
96,8,powers-two,aligned-unrolled,3,87360,739959,744958,8.4702266483516482,8.5274496336996339
96,8,powers-two,openblas,3,87360,1391998,1397246,15.934043040293041,15.994116300366301
96,8,powers-two,onemkl,3,87360,1110564,1115711,12.7125,12.771417124542124
96,8,powers-two,baseline,4,87360,1263959,1268943,14.468395146520146,14.525446428571428
96,8,powers-two,aligned,4,87360,734811,739794,8.4112980769230763,8.4683379120879128
96,8,powers-two,unrolled,4,87360,1224820,1229652,14.020375457875458,14.075686813186813
96,8,powers-two,aligned-unrolled,4,87360,735393,740419,8.417960164835165,8.4754922161172157
96,8,powers-two,openblas,4,87360,1397219,1402189,15.993807234432234,16.050698260073261
96,8,powers-two,onemkl,4,87360,1112336,1117317,12.732783882783883,12.789800824175824
96,8,powers-two,baseline,5,87360,1283876,1289084,14.696382783882784,14.755998168498168
96,8,powers-two,aligned,5,87360,730923,735890,8.3667925824175828,8.4236492673992682
96,8,powers-two,unrolled,5,87360,1243465,1248440,14.233802655677655,14.290750915750916
96,8,powers-two,aligned-unrolled,5,87360,730401,735447,8.360817307692308,8.4185782967032967
96,8,powers-two,openblas,5,87360,1408122,1413358,16.118612637362638,16.178548534798534
96,8,powers-two,onemkl,5,87360,1131504,1136455,12.952197802197801,13.008871336996338
96,8,reset,baseline,1,87360,2109522,2114617,24.147458791208791,24.205780677655678
96,8,reset,aligned,1,87360,1639769,1644828,18.770249542124542,18.82815934065934
96,8,reset,unrolled,1,87360,2147351,2152321,24.58048305860806,24.637374084249085
96,8,reset,aligned-unrolled,1,87360,1635902,1641154,18.725984432234434,18.78610347985348
96,8,reset,openblas,1,87360,2279915,2284715,26.097928113553113,26.152873168498168
96,8,reset,onemkl,1,87360,1982049,1987211,22.688289835164834,22.747378663003662
96,8,reset,baseline,2,87360,2092193,2097059,23.949095695970694,24.004796245421247
96,8,reset,aligned,2,87360,1624677,1629491,18.597493131868131,18.652598443223443
96,8,reset,unrolled,2,87360,2119984,2124888,24.267216117216119,24.323351648351647
96,8,reset,aligned-unrolled,2,87360,1626674,1631391,18.620352564102564,18.674347527472527
96,8,reset,openblas,2,87360,2257954,2262799,25.846543040293039,25.902003205128207
96,8,reset,onemkl,2,87360,1969040,1973916,22.539377289377288,22.595192307692308
96,8,reset,baseline,3,87360,2117917,2122787,24.243555402930404,24.29930173992674
96,8,reset,aligned,3,87360,1653646,1658539,18.929097985347987,18.985107600732601
96,8,reset,unrolled,3,87360,2150355,2155506,24.614869505494507,24.673832417582418
96,8,reset,aligned-unrolled,3,87360,1648596,1653376,18.871291208791209,18.926007326007326
96,8,reset,openblas,3,87360,2289838,2295008,26.211515567765566,26.270695970695972
96,8,reset,onemkl,3,87360,1983683,1989136,22.706994047619048,22.769413919413921
96,8,reset,baseline,4,87360,2158550,2163574,24.708676739926741,24.766185897435896
96,8,reset,aligned,4,87360,1676573,1681685,19.191540750915753,19.250057234432234
96,8,reset,unrolled,4,87360,2194742,2199901,25.122962454212455,25.182016941391943
96,8,reset,aligned-unrolled,4,87360,1680651,1685558,19.238221153846155,19.294391025641026
96,8,reset,openblas,4,87360,2330309,2335500,26.674782509157509,26.734203296703296
96,8,reset,onemkl,4,87360,2016876,2022137,23.086950549450549,23.14717261904762
96,8,reset,baseline,5,87360,2120027,2125027,24.267708333333335,24.324942765567766
96,8,reset,aligned,5,87360,1648889,1653701,18.874645146520148,18.929727564102564
96,8,reset,unrolled,5,87360,2150135,2155047,24.61235119047619,24.668578296703295
96,8,reset,aligned-unrolled,5,87360,1649674,1654460,18.883630952380951,18.938415750915752
96,8,reset,openblas,5,87360,2288003,2292990,26.19051053113553,26.247596153846153
96,8,reset,onemkl,5,87360,1979337,1984270,22.657245879120879,22.713713369963369
96,16,negate,baseline,1,87360,1671465,1676536,19.133070054945055,19.191117216117217
96,16,negate,aligned,1,87360,711361,716238,8.1428685897435891,8.1986950549450555
96,16,negate,unrolled,1,87360,1569922,1575074,17.970718864468864,18.029693223443225
96,16,negate,aligned-unrolled,1,87360,712350,717430,8.1541895604395602,8.2123397435897427
96,16,negate,openblas,1,87360,1378306,1383301,15.777312271062272,15.834489468864469
96,16,negate,onemkl,1,87360,1119158,1124635,12.810874542124543,12.873569139194139
96,16,negate,baseline,2,87360,1664197,1669151,19.049874084249083,19.106581959706961
96,16,negate,aligned,2,87360,695202,700028,7.9578983516483515,8.0131410256410263
96,16,negate,unrolled,2,87360,1554600,1559457,17.795329670329672,17.850927197802196
96,16,negate,aligned-unrolled,2,87360,711386,716148,8.1431547619047624,8.1976648351648347
96,16,negate,openblas,2,87360,1372967,1377854,15.716197344322344,15.772138278388278
96,16,negate,onemkl,2,87360,1104172,1109117,12.639331501831501,12.695936355311355
96,16,negate,baseline,3,87360,1650430,1655511,18.892284798534799,18.950446428571428
96,16,negate,aligned,3,87360,683816,688907,7.8275641025641027,7.8858402014652018
96,16,negate,unrolled,3,87360,1544454,1549477,17.679189560439561,17.736687271062269
96,16,negate,aligned-unrolled,3,87360,703982,708943,8.0584020146520139,8.115190018315019
96,16,negate,openblas,3,87360,1360430,1365485,15.572687728937728,15.630551739926739
96,16,negate,onemkl,3,87360,1097498,1102566,12.562934981684982,12.620947802197803
96,16,negate,baseline,4,87360,1639135,1643943,18.762992216117215,18.818028846153847
96,16,negate,aligned,4,87360,691875,696930,7.9198145604395602,7.9776785714285712
96,16,negate,unrolled,4,87360,1539219,1543957,17.619265109890112,17.673500457875459
96,16,negate,aligned-unrolled,4,87360,699090,703913,8.0024038461538467,8.0576121794871796
96,16,negate,openblas,4,87360,1353016,1357837,15.487820512820512,15.543005952380952
96,16,negate,onemkl,4,87360,1096427,1101303,12.550675366300366,12.606490384615384
96,16,negate,baseline,5,87360,1685179,1690089,19.290052655677655,19.346256868131867
96,16,negate,aligned,5,87360,694085,699072,7.9451121794871797,8.0021978021978022
96,16,negate,unrolled,5,87360,1562015,1567028,17.880208333333332,17.937591575091574
96,16,negate,aligned-unrolled,5,87360,709061,714040,8.1165407509157514,8.1735347985347993
96,16,negate,openblas,5,87360,1370574,1375492,15.688804945054946,15.745100732600733
96,16,negate,onemkl,5,87360,1108899,1114201,12.693440934065935,12.754132326007326
96,16,powers-two,baseline,1,87360,1652174,1657232,18.91224816849817,18.970146520146521
96,16,powers-two,aligned,1,87360,684419,689380,7.8344665750915752,7.8912545787545785
96,16,powers-two,unrolled,1,87360,1556830,1562019,17.820856227106226,17.880254120879123
96,16,powers-two,aligned-unrolled,1,87360,685667,690588,7.8487522893772894,7.9050824175824177
96,16,powers-two,openblas,1,87360,1375349,1381689,15.743463827838827,15.816037087912088
96,16,powers-two,onemkl,1,87360,1113319,1118439,12.744036172161172,12.80264423076923
96,16,powers-two,baseline,2,87360,1647995,1652822,18.864411630036631,18.919665750915751
96,16,powers-two,aligned,2,87360,680941,685846,7.7946543040293044,7.8508012820512825
96,16,powers-two,unrolled,2,87360,1535763,1540629,17.579704670329669,17.635405219780221
96,16,powers-two,aligned-unrolled,2,87360,682677,687539,7.8145260989010987,7.8701808608058608
96,16,powers-two,openblas,2,87360,1374181,1379028,15.730093864468865,15.785576923076922
96,16,powers-two,onemkl,2,87360,1096528,1101363,12.551831501831503,12.607177197802198
96,16,powers-two,baseline,3,87360,1652341,1663727,18.914159798534797,19.044494047619047
96,16,powers-two,aligned,3,87360,686557,691429,7.8589400183150184,7.9147092490842494
96,16,powers-two,unrolled,3,87360,1538869,1543757,17.615258699633699,17.67121108058608
96,16,powers-two,aligned-unrolled,3,87360,681731,686631,7.8036973443223445,7.8597870879120881
96,16,powers-two,openblas,3,87360,1378767,1383981,15.782589285714286,15.842273351648352
96,16,powers-two,onemkl,3,87360,1092630,1097723,12.507211538461538,12.565510531135532
96,16,powers-two,baseline,4,87360,1693136,1698106,19.381135531135531,19.438026556776556
96,16,powers-two,aligned,4,87360,704512,709507,8.0644688644688642,8.1216460622710631
96,16,powers-two,unrolled,4,87360,1571082,1575976,17.983997252747251,18.040018315018315
96,16,powers-two,aligned-unrolled,4,87360,698946,703950,8.0007554945054942,8.0580357142857135
96,16,powers-two,openblas,4,87360,1402409,1407356,16.053216575091575,16.109844322344323
96,16,powers-two,onemkl,4,87360,1120584,1125636,12.827197802197801,12.885027472527472
96,16,powers-two,baseline,5,87360,1675802,1680675,19.1827152014652,19.23849587912088
96,16,powers-two,aligned,5,87360,709847,715132,8.1255380036630029,8.1860347985347985
96,16,powers-two,unrolled,5,87360,1565029,1570264,17.91470924908425,17.974633699633699
96,16,powers-two,aligned-unrolled,5,87360,694500,699867,7.9498626373626378,8.0112980769230777
96,16,powers-two,openblas,5,87360,1397338,1402482,15.995169413919413,16.054052197802196
96,16,powers-two,onemkl,5,87360,1114297,1119337,12.755231227106227,12.812923534798534
96,16,reset,baseline,1,87360,2518419,2523330,28.82805631868132,28.884271978021978
96,16,reset,aligned,1,87360,1654062,1658833,18.93385989010989,18.988472985347986
96,16,reset,unrolled,1,87360,2408451,2413371,27.569265109890111,27.62558379120879
96,16,reset,aligned-unrolled,1,87360,1691632,1696516,19.363919413919415,19.419826007326009
96,16,reset,openblas,1,87360,2233621,2238431,25.568005952380954,25.623065476190476
96,16,reset,onemkl,1,87360,2172647,2177807,24.870043498168499,24.929109432234434
96,16,reset,baseline,2,87360,2531842,2536752,28.981707875457875,29.037912087912087
96,16,reset,aligned,2,87360,1651814,1656642,18.90812728937729,18.963392857142857
96,16,reset,unrolled,2,87360,2425302,2430327,27.762156593406594,27.819677197802196
96,16,reset,aligned-unrolled,2,87360,1698127,1702949,19.438266941391941,19.493463827838827
96,16,reset,openblas,2,87360,2239263,2244311,25.632589285714285,25.690373168498169
96,16,reset,onemkl,2,87360,2167633,2172475,24.812648809523811,24.868074633699635
96,16,reset,baseline,3,87360,2509672,2514625,28.727930402930404,28.784626831501832
96,16,reset,aligned,3,87360,1642950,1647725,18.806662087912088,18.861320970695971
96,16,reset,unrolled,3,87360,2389705,2394516,27.354681776556777,27.409752747252746
96,16,reset,aligned-unrolled,3,87360,1694957,1699808,19.401980311355313,19.457509157509158
96,16,reset,openblas,3,87360,2217106,2222195,25.378960622710622,25.437213827838828
96,16,reset,onemkl,3,87360,2152991,2157845,24.645043498168498,24.700606684981686
96,16,reset,baseline,4,87360,2497104,2502815,28.584065934065933,28.649439102564102
96,16,reset,aligned,4,87360,1630098,1634906,18.659546703296705,18.714583333333334
96,16,reset,unrolled,4,87360,2372924,2377959,27.162591575091575,27.220226648351648
96,16,reset,aligned-unrolled,4,87360,1682390,1687656,19.258127289377288,19.318406593406593
96,16,reset,openblas,4,87360,2192792,2197723,25.100641025641025,25.157085622710621
96,16,reset,onemkl,4,87360,2149011,2153903,24.599484890109888,24.655483058608059
96,16,reset,baseline,5,87360,2514411,2519395,28.782177197802199,28.839228479853478
96,16,reset,aligned,5,87360,1649935,1654845,18.886618589743591,18.942822802197803
96,16,reset,unrolled,5,87360,2395716,2400712,27.423489010989012,27.480677655677656
96,16,reset,aligned-unrolled,5,87360,1683211,1700215,19.267525183150184,19.46216804029304
96,16,reset,openblas,5,87360,2208864,2213875,25.284615384615385,25.341975732600734
96,16,reset,onemkl,5,87360,2154991,2159815,24.667937271062272,24.723157051282051
96,24,negate,baseline,1,87360,1665675,1670584,19.066792582417584,19.122985347985349
96,24,negate,aligned,1,87360,726752,731550,8.3190476190476197,8.373969780219781
96,24,negate,unrolled,1,87360,1565418,1570473,17.919162087912088,17.977026098901099
96,24,negate,aligned-unrolled,1,87360,699643,704640,8.0087339743589752,8.0659340659340657
96,24,negate,openblas,1,87360,1397840,1402953,16.000915750915752,16.05944368131868
96,24,negate,onemkl,1,87360,1134009,1139091,12.980872252747252,13.03904532967033
96,24,negate,baseline,2,87360,1642196,1647210,18.798031135531136,18.855425824175825
96,24,negate,aligned,2,87360,716193,720991,8.1981799450549442,8.2531021062271055
96,24,negate,unrolled,2,87360,1539922,1544701,17.627312271062269,17.682016941391943
96,24,negate,aligned-unrolled,2,87360,687246,692123,7.866826923076923,7.9226533882783885
96,24,negate,openblas,2,87360,1354908,1359940,15.509478021978023,15.567078754578755
96,24,negate,onemkl,2,87360,1120061,1125160,12.82121108058608,12.879578754578755
96,24,negate,baseline,3,87360,1638176,1643082,18.752014652014651,18.808173076923076
96,24,negate,aligned,3,87360,716621,721487,8.2030792124542131,8.258779761904762
96,24,negate,unrolled,3,87360,1536404,1541614,17.587042124542126,17.646680402930404
96,24,negate,aligned-unrolled,3,87360,712847,717778,8.1598786630036635,8.2163232600732599
96,24,negate,openblas,3,87360,1352286,1357303,15.479464285714286,15.536893315018315
96,24,negate,onemkl,3,87360,1106911,1111801,12.670684523809523,12.726659798534799
96,24,negate,baseline,4,87360,1639667,1644506,18.769081959706959,18.824473443223443
96,24,negate,aligned,4,87360,710291,715044,8.1306204212454212,8.185027472527473
96,24,negate,unrolled,4,87360,1535954,1540745,17.581891025641024,17.636733058608058
96,24,negate,aligned-unrolled,4,87360,679594,684548,7.779235347985348,7.8359432234432234
96,24,negate,openblas,4,87360,1354972,1359968,15.510210622710623,15.567399267399267
96,24,negate,onemkl,4,87360,1112898,1117948,12.739217032967034,12.797023809523809
96,24,negate,baseline,5,87360,1637572,1642726,18.745100732600733,18.804097985347987
96,24,negate,aligned,5,87360,709261,714129,8.1188301282051274,8.1745535714285715
96,24,negate,unrolled,5,87360,1533548,1538415,17.554349816849818,17.610061813186814
96,24,negate,aligned-unrolled,5,87360,692006,696862,7.9213141025641027,7.9769001831501836
96,24,negate,openblas,5,87360,1344497,1349520,15.390304487179487,15.447802197802197
96,24,negate,onemkl,5,87360,1115452,1120441,12.768452380952381,12.825560897435897
96,24,powers-two,baseline,1,87360,1656544,1661471,18.962271062271061,19.01866987179487
96,24,powers-two,aligned,1,87360,699812,704610,8.0106684981684975,8.0655906593406588
96,24,powers-two,unrolled,1,87360,1534511,1539365,17.565373168498169,17.620936355311354
96,24,powers-two,aligned-unrolled,1,87360,697442,702648,7.983539377289377,8.0431318681318675
96,24,powers-two,openblas,1,87360,1373155,1378473,15.718349358974359,15.7792239010989
96,24,powers-two,onemkl,1,87360,1096297,1101747,12.549187271062271,12.611572802197802
96,24,powers-two,baseline,2,87360,1648698,1653701,18.872458791208793,18.929727564102564
96,24,powers-two,aligned,2,87360,688269,692969,7.878537087912088,7.9323374542124538
96,24,powers-two,unrolled,2,87360,1540523,1545408,17.634191849816851,17.690109890109891
96,24,powers-two,aligned-unrolled,2,87360,682913,688057,7.8172275641025637,7.8761103479853478
96,24,powers-two,openblas,2,87360,1372007,1377291,15.705208333333333,15.765693681318682
96,24,powers-two,onemkl,2,87360,1098112,1103434,12.56996336996337,12.630883699633699
96,24,powers-two,baseline,3,87360,1641377,1646240,18.788656135531134,18.844322344322343
96,24,powers-two,aligned,3,87360,672296,676984,7.6956959706959704,7.7493589743589739
96,24,powers-two,unrolled,3,87360,1521447,1526268,17.415831043956043,17.471016483516483
96,24,powers-two,aligned-unrolled,3,87360,690263,695405,7.9013621794871796,7.9602220695970693
96,24,powers-two,openblas,3,87360,1377795,1383496,15.771462912087912,15.836721611721611
96,24,powers-two,onemkl,3,87360,1092672,1098008,12.507692307692308,12.568772893772893
96,24,powers-two,baseline,4,87360,1651368,1656178,18.903021978021979,18.958081501831501
96,24,powers-two,aligned,4,87360,695703,700403,7.9636332417582416,8.0174336080586084
96,24,powers-two,unrolled,4,87360,1529304,1534164,17.505769230769232,17.561401098901097
96,24,powers-two,aligned-unrolled,4,87360,694720,699836,7.9523809523809526,8.0109432234432241
96,24,powers-two,openblas,4,87360,1366141,1371509,15.638060897435897,15.699507783882783
96,24,powers-two,onemkl,4,87360,1093190,1098388,12.513621794871796,12.573122710622711
96,24,powers-two,baseline,5,87360,1661448,1666450,19.018406593406592,19.07566391941392
96,24,powers-two,aligned,5,87360,697367,702258,7.9826808608058606,8.0386675824175828
96,24,powers-two,unrolled,5,87360,1539556,1544847,17.62312271062271,17.683688186813185
96,24,powers-two,aligned-unrolled,5,87360,688898,694146,7.8857371794871796,7.9458104395604394
96,24,powers-two,openblas,5,87360,1392626,1398175,15.941231684981686,16.004750457875456
96,24,powers-two,onemkl,5,87360,1099104,1104369,12.581318681318681,12.641586538461539
96,24,reset,baseline,1,87360,2510115,2515269,28.733001373626372,28.791998626373626
96,24,reset,aligned,1,87360,1650939,1655981,18.898111263736265,18.955826465201465
96,24,reset,unrolled,1,87360,2398280,2403193,27.452838827838828,27.50907738095238
96,24,reset,aligned-unrolled,1,87360,1661257,1666055,19.016220238095237,19.071142399267398
96,24,reset,openblas,1,87360,2248456,2253462,25.737820512820512,25.795123626373627
96,24,reset,onemkl,1,87360,2066104,2071154,23.650457875457874,23.708264652014652
96,24,reset,baseline,2,87360,2511097,2516072,28.744242216117215,28.801190476190477
96,24,reset,aligned,2,87360,1660079,1665153,19.002735805860805,19.060817307692307
96,24,reset,unrolled,2,87360,2399431,2404521,27.466014194139195,27.524278846153845
96,24,reset,aligned-unrolled,2,87360,1662095,1666831,19.02581272893773,19.080025183150184
96,24,reset,openblas,2,87360,2223122,2227904,25.447825091575091,25.502564102564104
96,24,reset,onemkl,2,87360,2056265,2061404,23.53783195970696,23.596657509157509
96,24,reset,baseline,3,87360,2522264,2527360,28.872069597069597,28.930402930402931
96,24,reset,aligned,3,87360,1664789,1669665,19.056650641025641,19.112465659340661
96,24,reset,unrolled,3,87360,2415337,2420598,27.648088369963371,27.708310439560439
96,24,reset,aligned-unrolled,3,87360,1691808,1696835,19.365934065934066,19.423477564102566
96,24,reset,openblas,3,87360,2247483,2252480,25.726682692307691,25.783882783882785
96,24,reset,onemkl,3,87360,2077480,2086902,23.780677655677657,23.888530219780218
96,24,reset,baseline,4,87360,2536435,2541493,29.034283424908423,29.092181776556778
96,24,reset,aligned,4,87360,1662053,1667122,19.025331959706961,19.083356227106226
96,24,reset,unrolled,4,87360,2423509,2428624,27.741632326007327,27.800183150183152
96,24,reset,aligned-unrolled,4,87360,1677743,1682889,19.204933608058607,19.263839285714287
96,24,reset,openblas,4,87360,2257467,2262338,25.840968406593408,25.896726190476191
96,24,reset,onemkl,4,87360,2088082,2093032,23.902037545787547,23.958699633699634
96,24,reset,baseline,5,87360,2559384,2564936,29.29697802197802,29.360531135531136
96,24,reset,aligned,5,87360,1675835,1680835,19.183092948717949,19.24032738095238
96,24,reset,unrolled,5,87360,2434447,2440406,27.866838369963371,27.935050366300366
96,24,reset,aligned-unrolled,5,87360,1697608,1702773,19.432326007326008,19.491449175824176
96,24,reset,openblas,5,87360,2269121,2274145,25.974370421245421,26.03187957875458
96,24,reset,onemkl,5,87360,2098328,2103307,24.019322344322344,24.076316391941393
128,0,negate,baseline,1,65536,560269,565919,8.5490264892578125,8.6352386474609375
128,0,negate,aligned,1,65536,540178,545853,8.242462158203125,8.3290557861328125
128,0,negate,unrolled,1,65536,471467,477242,7.1940155029296875,7.282135009765625
128,0,negate,aligned-unrolled,1,65536,488072,493929,7.4473876953125,7.5367584228515625
128,0,negate,openblas,1,65536,598762,604556,9.136383056640625,9.22479248046875
128,0,negate,onemkl,1,65536,962250,968280,14.682769775390625,14.7747802734375
128,0,negate,baseline,2,65536,541813,547220,8.2674102783203125,8.34991455078125
128,0,negate,aligned,2,65536,535927,541327,8.1775970458984375,8.2599945068359375
128,0,negate,unrolled,2,65536,465742,471261,7.106658935546875,7.1908721923828125
128,0,negate,aligned-unrolled,2,65536,472851,478213,7.2151336669921875,7.2969512939453125
128,0,negate,openblas,2,65536,600899,606429,9.1689910888671875,9.2533721923828125
128,0,negate,onemkl,2,65536,931123,936618,14.207809448242188,14.291656494140625
128,0,negate,baseline,3,65536,545436,550886,8.32269287109375,8.405853271484375
128,0,negate,aligned,3,65536,533136,538467,8.135009765625,8.2163543701171875
128,0,negate,unrolled,3,65536,456037,461533,6.9585723876953125,7.0424346923828125
128,0,negate,aligned-unrolled,3,65536,472768,478111,7.2138671875,7.2953948974609375
128,0,negate,openblas,3,65536,578614,584128,8.828948974609375,8.9130859375
128,0,negate,onemkl,3,65536,938835,944395,14.325485229492188,14.410324096679688
128,0,negate,baseline,4,65536,554123,560082,8.4552459716796875,8.546173095703125
128,0,negate,aligned,4,65536,544335,549835,8.3058929443359375,8.3898162841796875
128,0,negate,unrolled,4,65536,462285,467971,7.0539093017578125,7.1406707763671875
128,0,negate,aligned-unrolled,4,65536,476646,482040,7.273040771484375,7.3553466796875
128,0,negate,openblas,4,65536,613939,619873,9.3679656982421875,9.4585113525390625
128,0,negate,onemkl,4,65536,953299,959042,14.546188354492188,14.633819580078125
128,0,negate,baseline,5,65536,542246,547708,8.274017333984375,8.35736083984375
128,0,negate,aligned,5,65536,541004,546793,8.25506591796875,8.3433990478515625
128,0,negate,unrolled,5,65536,458692,464051,6.99908447265625,7.0808563232421875
128,0,negate,aligned-unrolled,5,65536,473260,478664,7.22137451171875,7.3038330078125
128,0,negate,openblas,5,65536,591585,597388,9.0268707275390625,9.11541748046875
128,0,negate,onemkl,5,65536,892767,898289,13.622543334960938,13.706802368164062
128,0,powers-two,baseline,1,65536,558828,564235,8.52703857421875,8.6095428466796875
128,0,powers-two,aligned,1,65536,508685,514031,7.7619171142578125,7.8434906005859375
128,0,powers-two,unrolled,1,65536,474459,480152,7.2396697998046875,7.3265380859375
128,0,powers-two,aligned-unrolled,1,65536,490137,495570,7.4788970947265625,7.561798095703125
128,0,powers-two,openblas,1,65536,612638,618533,9.348114013671875,9.4380645751953125
128,0,powers-two,onemkl,1,65536,900489,906061,13.740371704101562,13.825393676757812
128,0,powers-two,baseline,2,65536,558984,564609,8.5294189453125,8.6152496337890625
128,0,powers-two,aligned,2,65536,519208,524630,7.9224853515625,8.005218505859375
128,0,powers-two,unrolled,2,65536,474777,480488,7.2445220947265625,7.3316650390625
128,0,powers-two,aligned-unrolled,2,65536,493865,499247,7.5357818603515625,7.6179046630859375
128,0,powers-two,openblas,2,65536,603540,609604,9.20928955078125,9.30181884765625
128,0,powers-two,onemkl,2,65536,909631,915409,13.879867553710938,13.968032836914062
128,0,powers-two,baseline,3,65536,559153,564553,8.5319976806640625,8.6143951416015625
128,0,powers-two,aligned,3,65536,524235,529903,7.9991912841796875,8.0856781005859375
128,0,powers-two,unrolled,3,65536,472930,478658,7.216339111328125,7.303741455078125
128,0,powers-two,aligned-unrolled,3,65536,490810,496242,7.489166259765625,7.572052001953125
128,0,powers-two,openblas,3,65536,606775,612762,9.2586517333984375,9.350006103515625
128,0,powers-two,onemkl,3,65536,904267,910022,13.798019409179688,13.885833740234375
128,0,powers-two,baseline,4,65536,554080,559504,8.45458984375,8.537353515625
128,0,powers-two,aligned,4,65536,518525,523795,7.9120635986328125,7.9924774169921875
128,0,powers-two,unrolled,4,65536,467499,473148,7.1334686279296875,7.21966552734375
128,0,powers-two,aligned-unrolled,4,65536,491803,497142,7.5043182373046875,7.585784912109375
128,0,powers-two,openblas,4,65536,599436,605444,9.14666748046875,9.23834228515625
128,0,powers-two,onemkl,4,65536,886703,892447,13.530014038085938,13.617660522460938
128,0,powers-two,baseline,5,65536,553425,558759,8.4445953369140625,8.5259857177734375
128,0,powers-two,aligned,5,65536,500524,505730,7.63739013671875,7.716827392578125
128,0,powers-two,unrolled,5,65536,463992,469628,7.0799560546875,7.16595458984375
128,0,powers-two,aligned-unrolled,5,65536,483752,489015,7.3814697265625,7.4617767333984375
128,0,powers-two,openblas,5,65536,595882,601710,9.092437744140625,9.181365966796875
128,0,powers-two,onemkl,5,65536,885754,891133,13.515533447265625,13.597610473632812
128,0,reset,baseline,1,65536,967290,972841,14.759674072265625,14.844375610351562
128,0,reset,aligned,1,65536,942136,947591,14.3758544921875,14.459091186523438
128,0,reset,unrolled,1,65536,909194,914597,13.873199462890625,13.955642700195312
128,0,reset,aligned-unrolled,1,65536,910950,916461,13.899993896484375,13.984085083007812
128,0,reset,openblas,1,65536,1032077,1037648,15.748245239257812,15.833251953125
128,0,reset,onemkl,1,65536,1365560,1371152,20.8367919921875,20.922119140625
128,0,reset,baseline,2,65536,954835,960260,14.569625854492188,14.65240478515625
128,0,reset,aligned,2,65536,930801,936231,14.202896118164062,14.285751342773438
128,0,reset,unrolled,2,65536,912329,917839,13.921035766601562,14.005111694335938
128,0,reset,aligned-unrolled,2,65536,920952,926506,14.0526123046875,14.137359619140625
128,0,reset,openblas,2,65536,1031831,1037524,15.744491577148438,15.83135986328125
128,0,reset,onemkl,2,65536,1361152,1366700,20.76953125,20.85418701171875
128,0,reset,baseline,3,65536,951903,957511,14.524887084960938,14.610458374023438
128,0,reset,aligned,3,65536,924659,930070,14.109176635742188,14.191741943359375
128,0,reset,unrolled,3,65536,914105,919727,13.948135375976562,14.033920288085938
128,0,reset,aligned-unrolled,3,65536,911625,917335,13.910293579101562,13.997421264648438
128,0,reset,openblas,3,65536,1039544,1045257,15.8621826171875,15.949356079101562
128,0,reset,onemkl,3,65536,1379804,1385376,21.05413818359375,21.13916015625
128,0,reset,baseline,4,65536,949799,955161,14.492782592773438,14.574600219726562
128,0,reset,aligned,4,65536,926818,932217,14.142120361328125,14.224502563476562
128,0,reset,unrolled,4,65536,900656,906368,13.742919921875,13.830078125
128,0,reset,aligned-unrolled,4,65536,906313,911772,13.829238891601562,13.91253662109375
128,0,reset,openblas,4,65536,1027592,1033056,15.6798095703125,15.76318359375
128,0,reset,onemkl,4,65536,1356781,1362184,20.702835083007812,20.7852783203125
128,0,reset,baseline,5,65536,963214,968959,14.697479248046875,14.785140991210938
128,0,reset,aligned,5,65536,940845,999882,14.356155395507812,15.256988525390625
128,0,reset,unrolled,5,65536,907403,912996,13.845870971679688,13.93121337890625
128,0,reset,aligned-unrolled,5,65536,916435,921995,13.983688354492188,14.068527221679688
128,0,reset,openblas,5,65536,1045203,1051071,15.948532104492188,16.038070678710938
128,0,reset,onemkl,5,65536,1384127,1389640,21.120101928710938,21.2042236328125
128,8,negate,baseline,1,65536,812915,818089,12.404098510742188,12.483047485351562
128,8,negate,aligned,1,65536,675814,680935,10.312103271484375,10.390243530273438
128,8,negate,unrolled,1,65536,814153,819280,12.422988891601562,12.501220703125
128,8,negate,aligned-unrolled,1,65536,656167,661407,10.012313842773438,10.092269897460938
128,8,negate,openblas,1,65536,897394,902688,13.693145751953125,13.77392578125
128,8,negate,onemkl,1,65536,962900,968250,14.69268798828125,14.774322509765625
128,8,negate,baseline,2,65536,814747,819945,12.432052612304688,12.511367797851562
128,8,negate,aligned,2,65536,671802,676950,10.250885009765625,10.329437255859375
128,8,negate,unrolled,2,65536,815408,820628,12.442138671875,12.52178955078125
128,8,negate,aligned-unrolled,2,65536,655972,661127,10.00933837890625,10.087997436523438
128,8,negate,openblas,2,65536,893616,898868,13.635498046875,13.71563720703125
128,8,negate,onemkl,2,65536,957395,962682,14.608688354492188,14.689361572265625
128,8,negate,baseline,3,65536,818553,823747,12.490127563476562,12.569381713867188
128,8,negate,aligned,3,65536,673634,678723,10.278839111328125,10.356491088867188
128,8,negate,unrolled,3,65536,812289,817424,12.394546508789062,12.472900390625
128,8,negate,aligned-unrolled,3,65536,654923,660003,9.9933319091796875,10.070846557617188
128,8,negate,openblas,3,65536,896558,901825,13.680389404296875,13.760757446289062
128,8,negate,onemkl,3,65536,955867,961054,14.585372924804688,14.664520263671875
128,8,negate,baseline,4,65536,809739,814968,12.355636596679688,12.4354248046875
128,8,negate,aligned,4,65536,677407,682441,10.336410522460938,10.413223266601562
128,8,negate,unrolled,4,65536,799770,805093,12.203521728515625,12.284744262695312
128,8,negate,aligned-unrolled,4,65536,647049,652164,9.8731842041015625,9.95123291015625
128,8,negate,openblas,4,65536,889953,895194,13.579605102539062,13.659576416015625
128,8,negate,onemkl,4,65536,953075,958226,14.542770385742188,14.621368408203125
128,8,negate,baseline,5,65536,819269,824733,12.501052856445312,12.584426879882812
128,8,negate,aligned,5,65536,679744,684832,10.3720703125,10.44970703125
128,8,negate,unrolled,5,65536,811282,816484,12.379180908203125,12.45855712890625
128,8,negate,aligned-unrolled,5,65536,656137,661260,10.011856079101562,10.09002685546875
128,8,negate,openblas,5,65536,891973,897228,13.610427856445312,13.69061279296875
128,8,negate,onemkl,5,65536,955973,961547,14.586990356445312,14.672042846679688
128,8,powers-two,baseline,1,65536,811863,817152,12.388046264648438,12.46875
128,8,powers-two,aligned,1,65536,665388,670452,10.15301513671875,10.23028564453125
128,8,powers-two,unrolled,1,65536,812544,818193,12.3984375,12.484634399414062
128,8,powers-two,aligned-unrolled,1,65536,664659,670103,10.141891479492188,10.224960327148438
128,8,powers-two,openblas,1,65536,894344,899827,13.6466064453125,13.730270385742188
128,8,powers-two,onemkl,1,65536,927969,933372,14.159683227539062,14.24212646484375
128,8,powers-two,baseline,2,65536,831354,836598,12.685455322265625,12.765472412109375
128,8,powers-two,aligned,2,65536,672313,677456,10.258682250976562,10.337158203125
128,8,powers-two,unrolled,2,65536,825607,831272,12.597763061523438,12.6842041015625
128,8,powers-two,aligned-unrolled,2,65536,669803,675468,10.220382690429688,10.30682373046875
128,8,powers-two,openblas,2,65536,910873,916455,13.898818969726562,13.983993530273438
128,8,powers-two,onemkl,2,65536,939452,945095,14.33489990234375,14.421005249023438
128,8,powers-two,baseline,3,65536,809004,814126,12.34442138671875,12.422576904296875
128,8,powers-two,aligned,3,65536,666609,671683,10.171646118164062,10.249069213867188
128,8,powers-two,unrolled,3,65536,815095,820592,12.437362670898438,12.521240234375
128,8,powers-two,aligned-unrolled,3,65536,669596,675060,10.21722412109375,10.30059814453125
128,8,powers-two,openblas,3,65536,896819,902351,13.684371948242188,13.768783569335938
128,8,powers-two,onemkl,3,65536,932773,938058,14.232986450195312,14.313629150390625
128,8,powers-two,baseline,4,65536,810910,816028,12.373504638671875,12.45159912109375
128,8,powers-two,aligned,4,65536,666981,672216,10.177322387695312,10.2572021484375
128,8,powers-two,unrolled,4,65536,812455,817918,12.397079467773438,12.480438232421875
128,8,powers-two,aligned-unrolled,4,65536,666953,672624,10.176895141601562,10.263427734375
128,8,powers-two,openblas,4,65536,896570,902143,13.680572509765625,13.765609741210938
128,8,powers-two,onemkl,4,65536,936572,941703,14.29095458984375,14.369247436523438
128,8,powers-two,baseline,5,65536,826236,831477,12.60736083984375,12.687332153320312
128,8,powers-two,aligned,5,65536,676384,681551,10.32080078125,10.399642944335938
128,8,powers-two,unrolled,5,65536,820292,826027,12.51666259765625,12.604171752929688
128,8,powers-two,aligned-unrolled,5,65536,669298,674872,10.212677001953125,10.2977294921875
128,8,powers-two,openblas,5,65536,903927,909576,13.792831420898438,13.8790283203125
128,8,powers-two,onemkl,5,65536,927035,932484,14.145431518554688,14.22857666015625
128,8,reset,baseline,1,65536,1284243,1289628,19.595993041992188,19.67816162109375
128,8,reset,aligned,1,65536,1100571,1105759,16.793380737304688,16.872543334960938
128,8,reset,unrolled,1,65536,1314510,1319956,20.057830810546875,20.14093017578125
128,8,reset,aligned-unrolled,1,65536,1104712,1109926,16.8565673828125,16.936126708984375
128,8,reset,openblas,1,65536,1340354,1345739,20.452178955078125,20.534347534179688
128,8,reset,onemkl,1,65536,1385778,1391213,21.145294189453125,21.228225708007812
128,8,reset,baseline,2,65536,1269780,1278060,19.37530517578125,19.50164794921875
128,8,reset,aligned,2,65536,1092061,1097518,16.663528442382812,16.746795654296875
128,8,reset,unrolled,2,65536,1293551,1298798,19.738021850585938,19.818084716796875
128,8,reset,aligned-unrolled,2,65536,1088049,1093343,16.602310180664062,16.683090209960938
128,8,reset,openblas,2,65536,1318832,1324126,20.123779296875,20.204559326171875
128,8,reset,onemkl,2,65536,1367921,1373388,20.872817993164062,20.95623779296875
128,8,reset,baseline,3,65536,1284797,1290089,19.604446411132812,19.685195922851562
128,8,reset,aligned,3,65536,1100769,1106024,16.796401977539062,16.8765869140625
128,8,reset,unrolled,3,65536,1309472,1314904,19.98095703125,20.0638427734375
128,8,reset,aligned-unrolled,3,65536,1109257,1114589,16.925918579101562,17.007278442382812
128,8,reset,openblas,3,65536,1336026,1341589,20.386138916015625,20.471023559570312
128,8,reset,onemkl,3,65536,1389422,1394856,21.200897216796875,21.2838134765625
128,8,reset,baseline,4,65536,1268011,1273280,19.348312377929688,19.4287109375
128,8,reset,aligned,4,65536,1094183,1099389,16.695907592773438,16.775344848632812
128,8,reset,unrolled,4,65536,1296427,1301672,19.781906127929688,19.8619384765625
128,8,reset,aligned-unrolled,4,65536,1093666,1098834,16.688018798828125,16.766876220703125
128,8,reset,openblas,4,65536,1316020,1321291,20.08087158203125,20.161300659179688
128,8,reset,onemkl,4,65536,1362856,1368247,20.7955322265625,20.877792358398438
128,8,reset,baseline,5,65536,1293434,1299055,19.736236572265625,19.822006225585938
128,8,reset,aligned,5,65536,1103576,1109292,16.8392333984375,16.92645263671875
128,8,reset,unrolled,5,65536,1313600,1319128,20.0439453125,20.1282958984375
128,8,reset,aligned-unrolled,5,65536,1107937,1113391,16.905776977539062,16.988998413085938
128,8,reset,openblas,5,65536,1345485,1350877,20.530471801757812,20.612747192382812
128,8,reset,onemkl,5,65536,1388747,1394310,21.190597534179688,21.275482177734375
128,16,negate,baseline,1,65536,813475,818644,12.412643432617188,12.49151611328125
128,16,negate,aligned,1,65536,628956,634068,9.59710693359375,9.67510986328125
128,16,negate,unrolled,1,65536,812591,817835,12.399154663085938,12.479171752929688
128,16,negate,aligned-unrolled,1,65536,630230,635374,9.616546630859375,9.695037841796875
128,16,negate,openblas,1,65536,892013,897529,13.611038208007812,13.695205688476562
128,16,negate,onemkl,1,65536,929203,934474,14.178512573242188,14.258941650390625
128,16,negate,baseline,2,65536,822530,827777,12.550811767578125,12.630874633789062
128,16,negate,aligned,2,65536,630478,635581,9.620330810546875,9.6981964111328125
128,16,negate,unrolled,2,65536,812312,817642,12.3948974609375,12.476226806640625
128,16,negate,aligned-unrolled,2,65536,634921,640086,9.6881256103515625,9.766937255859375
128,16,negate,openblas,2,65536,897034,902204,13.687652587890625,13.76654052734375
128,16,negate,onemkl,2,65536,939805,945036,14.340286254882812,14.42010498046875
128,16,negate,baseline,3,65536,796657,801774,12.156021118164062,12.234100341796875
128,16,negate,aligned,3,65536,625763,630791,9.5483856201171875,9.6251068115234375
128,16,negate,unrolled,3,65536,806892,812152,12.31219482421875,12.3924560546875
128,16,negate,aligned-unrolled,3,65536,624898,629938,9.535186767578125,9.612091064453125
128,16,negate,openblas,3,65536,878184,883270,13.4000244140625,13.477630615234375
128,16,negate,onemkl,3,65536,910245,915388,13.889236450195312,13.96771240234375
128,16,negate,baseline,4,65536,809739,814917,12.355636596679688,12.434646606445312
128,16,negate,aligned,4,65536,619966,625080,9.459930419921875,9.5379638671875
128,16,negate,unrolled,4,65536,811195,816410,12.377853393554688,12.457427978515625
128,16,negate,aligned-unrolled,4,65536,633035,638250,9.6593475341796875,9.738922119140625
128,16,negate,openblas,4,65536,883919,889083,13.487533569335938,13.566329956054688
128,16,negate,onemkl,4,65536,919427,924606,14.029342651367188,14.108367919921875
128,16,negate,baseline,5,65536,801420,806583,12.22869873046875,12.307479858398438
128,16,negate,aligned,5,65536,628496,633499,9.590087890625,9.6664276123046875
128,16,negate,unrolled,5,65536,805222,810416,12.286712646484375,12.365966796875
128,16,negate,aligned-unrolled,5,65536,627153,632332,9.5695953369140625,9.64862060546875
128,16,negate,openblas,5,65536,890172,895571,13.58294677734375,13.665328979492188
128,16,negate,onemkl,5,65536,914607,919784,13.955795288085938,14.0347900390625
128,16,powers-two,baseline,1,65536,808526,813985,12.337127685546875,12.420425415039062
128,16,powers-two,aligned,1,65536,629644,634731,9.60760498046875,9.6852264404296875
128,16,powers-two,unrolled,1,65536,814379,819962,12.426437377929688,12.511627197265625
128,16,powers-two,aligned-unrolled,1,65536,652528,657680,9.956787109375,10.035400390625
128,16,powers-two,openblas,1,65536,890261,895751,13.584304809570312,13.668075561523438
128,16,powers-two,onemkl,1,65536,914084,919372,13.94781494140625,14.02850341796875
128,16,powers-two,baseline,2,65536,812270,817449,12.394256591796875,12.473281860351562
128,16,powers-two,aligned,2,65536,629731,634788,9.6089324951171875,9.68609619140625
128,16,powers-two,unrolled,2,65536,815223,820666,12.439315795898438,12.522369384765625
128,16,powers-two,aligned-unrolled,2,65536,647946,653075,9.886871337890625,9.9651336669921875
128,16,powers-two,openblas,2,65536,895737,901229,13.667861938476562,13.751663208007812
128,16,powers-two,onemkl,2,65536,911638,916840,13.910491943359375,13.9898681640625
128,16,powers-two,baseline,3,65536,812145,817379,12.392349243164062,12.472213745117188
128,16,powers-two,aligned,3,65536,631828,637135,9.64093017578125,9.7219085693359375
128,16,powers-two,unrolled,3,65536,809511,815008,12.352157592773438,12.43603515625
128,16,powers-two,aligned-unrolled,3,65536,649905,655021,9.9167633056640625,9.9948272705078125
128,16,powers-two,openblas,3,65536,892142,897661,13.613006591796875,13.697219848632812
128,16,powers-two,onemkl,3,65536,913365,918612,13.936843872070312,14.01690673828125
128,16,powers-two,baseline,4,65536,809763,815105,12.356002807617188,12.437515258789062
128,16,powers-two,aligned,4,65536,632851,638115,9.6565399169921875,9.7368621826171875
128,16,powers-two,unrolled,4,65536,809371,814817,12.350021362304688,12.433120727539062
128,16,powers-two,aligned-unrolled,4,65536,646132,651233,9.85919189453125,9.9370269775390625
128,16,powers-two,openblas,4,65536,900564,906195,13.74151611328125,13.827438354492188
128,16,powers-two,onemkl,4,65536,920219,925550,14.041427612304688,14.122772216796875
128,16,powers-two,baseline,5,65536,815746,821059,12.447296142578125,12.528366088867188
128,16,powers-two,aligned,5,65536,636077,641202,9.7057647705078125,9.783966064453125
128,16,powers-two,unrolled,5,65536,809700,815209,12.35504150390625,12.439102172851562
128,16,powers-two,aligned-unrolled,5,65536,647599,652826,9.8815765380859375,9.961334228515625
128,16,powers-two,openblas,5,65536,892329,897915,13.615859985351562,13.701095581054688
128,16,powers-two,onemkl,5,65536,923563,928727,14.092453002929688,14.171249389648438
128,16,reset,baseline,1,65536,1254910,1260265,19.148406982421875,19.230117797851562
128,16,reset,aligned,1,65536,1114178,1119357,17.001007080078125,17.080032348632812
128,16,reset,unrolled,1,65536,1276594,1281762,19.479278564453125,19.558135986328125
128,16,reset,aligned-unrolled,1,65536,1105841,1111108,16.873794555664062,16.95416259765625
128,16,reset,openblas,1,65536,1292883,1298182,19.727828979492188,19.808685302734375
128,16,reset,onemkl,1,65536,1365688,1371074,20.8387451171875,20.920928955078125
128,16,reset,baseline,2,65536,1259030,1264364,19.211273193359375,19.29266357421875
128,16,reset,aligned,2,65536,1122856,1128426,17.1334228515625,17.218414306640625
128,16,reset,unrolled,2,65536,1294216,1300135,19.7481689453125,19.838485717773438
128,16,reset,aligned-unrolled,2,65536,1125667,1131147,17.176315307617188,17.259933471679688
128,16,reset,openblas,2,65536,1312409,1318229,20.025772094726562,20.114578247070312
128,16,reset,onemkl,2,65536,1381883,1387551,21.085861206054688,21.172348022460938
128,16,reset,baseline,3,65536,1271899,1277256,19.407638549804688,19.4893798828125
128,16,reset,aligned,3,65536,1118320,1123560,17.064208984375,17.1441650390625
128,16,reset,unrolled,3,65536,1286077,1294435,19.623977661132812,19.751510620117188
128,16,reset,aligned-unrolled,3,65536,1115190,1120448,17.016448974609375,17.0966796875
128,16,reset,openblas,3,65536,1302534,1307789,19.875091552734375,19.955276489257812
128,16,reset,onemkl,3,65536,1369998,1375331,20.904510498046875,20.985885620117188
128,16,reset,baseline,4,65536,1241919,1247054,18.950180053710938,19.028533935546875
128,16,reset,aligned,4,65536,1099305,1104507,16.774063110351562,16.853439331054688
128,16,reset,unrolled,4,65536,1274471,1279612,19.446884155273438,19.52532958984375
128,16,reset,aligned-unrolled,4,65536,1096576,1101873,16.732421875,16.813247680664062
128,16,reset,openblas,4,65536,1282843,1288101,19.574630737304688,19.654861450195312
128,16,reset,onemkl,4,65536,1350910,1356300,20.613250732421875,20.69549560546875
128,16,reset,baseline,5,65536,1267761,1273171,19.344497680664062,19.427047729492188
128,16,reset,aligned,5,65536,1118074,1123447,17.060455322265625,17.142440795898438
128,16,reset,unrolled,5,65536,1282699,1287891,19.572433471679688,19.651657104492188
128,16,reset,aligned-unrolled,5,65536,1114980,1120497,17.01324462890625,17.097427368164062
128,16,reset,openblas,5,65536,1295674,1301368,19.770416259765625,19.8572998046875
128,16,reset,onemkl,5,65536,1359601,1364937,20.745864868164062,20.827285766601562
128,24,negate,baseline,1,65536,816168,821392,12.4537353515625,12.533447265625
128,24,negate,aligned,1,65536,649914,655371,9.916900634765625,10.000167846679688
128,24,negate,unrolled,1,65536,814012,819195,12.42083740234375,12.499923706054688
128,24,negate,aligned-unrolled,1,65536,629487,634585,9.6052093505859375,9.6829986572265625
128,24,negate,openblas,1,65536,896965,902555,13.686599731445312,13.771896362304688
128,24,negate,onemkl,1,65536,943777,949400,14.400894165039062,14.4866943359375
128,24,negate,baseline,2,65536,810992,816136,12.374755859375,12.4532470703125
128,24,negate,aligned,2,65536,642611,647773,9.8054656982421875,9.8842315673828125
128,24,negate,unrolled,2,65536,809602,814677,12.353546142578125,12.430984497070312
128,24,negate,aligned-unrolled,2,65536,638736,643829,9.746337890625,9.8240509033203125
128,24,negate,openblas,2,65536,891828,897074,13.60821533203125,13.688262939453125
128,24,negate,onemkl,2,65536,930986,936361,14.205718994140625,14.287734985351562
128,24,negate,baseline,3,65536,805494,810996,12.290863037109375,12.37481689453125
128,24,negate,aligned,3,65536,638244,643313,9.73883056640625,9.8161773681640625
128,24,negate,unrolled,3,65536,800706,805806,12.217803955078125,12.295623779296875
128,24,negate,aligned-unrolled,3,65536,619661,624799,9.4552764892578125,9.5336761474609375
128,24,negate,openblas,3,65536,882793,887951,13.470352172851562,13.549057006835938
128,24,negate,onemkl,3,65536,926858,932184,14.142730712890625,14.2239990234375
128,24,negate,baseline,4,65536,805630,810845,12.292938232421875,12.372512817382812
128,24,negate,aligned,4,65536,641563,646747,9.7894744873046875,9.8685760498046875
128,24,negate,unrolled,4,65536,814230,819332,12.424163818359375,12.50201416015625
128,24,negate,aligned-unrolled,4,65536,634410,639560,9.680328369140625,9.7589111328125
128,24,negate,openblas,4,65536,888877,894045,13.563186645507812,13.642044067382812
128,24,negate,onemkl,4,65536,925856,931295,14.12744140625,14.210433959960938
128,24,negate,baseline,5,65536,814399,819544,12.426742553710938,12.5052490234375
128,24,negate,aligned,5,65536,655248,660398,9.998291015625,10.076873779296875
128,24,negate,unrolled,5,65536,814922,820028,12.434722900390625,12.51263427734375
128,24,negate,aligned-unrolled,5,65536,630670,635828,9.623260498046875,9.70196533203125
128,24,negate,openblas,5,65536,905229,910485,13.812698364257812,13.892898559570312
128,24,negate,onemkl,5,65536,938095,943373,14.314193725585938,14.394729614257812
128,24,powers-two,baseline,1,65536,810996,816172,12.37481689453125,12.45379638671875
128,24,powers-two,aligned,1,65536,626307,631466,9.5566864013671875,9.635406494140625
128,24,powers-two,unrolled,1,65536,816841,822359,12.464004516601562,12.548202514648438
128,24,powers-two,aligned-unrolled,1,65536,632463,637594,9.6506195068359375,9.728912353515625
128,24,powers-two,openblas,1,65536,895989,901454,13.671707153320312,13.755096435546875
128,24,powers-two,onemkl,1,65536,914292,919523,13.95098876953125,14.030807495117188
128,24,powers-two,baseline,2,65536,809216,814432,12.34765625,12.42724609375
128,24,powers-two,aligned,2,65536,631897,637025,9.6419830322265625,9.7202301025390625
128,24,powers-two,unrolled,2,65536,813179,818694,12.408126831054688,12.492279052734375
128,24,powers-two,aligned-unrolled,2,65536,635434,640572,9.695953369140625,9.77435302734375
128,24,powers-two,openblas,2,65536,1024446,1029944,15.631805419921875,15.7156982421875
128,24,powers-two,onemkl,2,65536,913945,919118,13.945693969726562,14.024627685546875
128,24,powers-two,baseline,3,65536,811099,816297,12.376388549804688,12.455703735351562
128,24,powers-two,aligned,3,65536,636926,642084,9.718719482421875,9.79742431640625
128,24,powers-two,unrolled,3,65536,812353,817908,12.395523071289062,12.48028564453125
128,24,powers-two,aligned-unrolled,3,65536,637741,642898,9.7311553955078125,9.809844970703125
128,24,powers-two,openblas,3,65536,894937,900457,13.655654907226562,13.739883422851562
128,24,powers-two,onemkl,3,65536,921201,926659,14.056411743164062,14.139694213867188
128,24,powers-two,baseline,4,65536,812593,817858,12.399185180664062,12.479522705078125
128,24,powers-two,aligned,4,65536,630675,635732,9.6233367919921875,9.70050048828125
128,24,powers-two,unrolled,4,65536,809634,815181,12.354034423828125,12.438674926757812
128,24,powers-two,aligned-unrolled,4,65536,634000,639214,9.674072265625,9.753631591796875
128,24,powers-two,openblas,4,65536,898216,903842,13.7056884765625,13.791534423828125
128,24,powers-two,onemkl,4,65536,923769,929189,14.095596313476562,14.178298950195312
128,24,powers-two,baseline,5,65536,817383,822618,12.472274780273438,12.552154541015625
128,24,powers-two,aligned,5,65536,627066,632180,9.568267822265625,9.64630126953125
128,24,powers-two,unrolled,5,65536,812114,817614,12.391876220703125,12.475799560546875
128,24,powers-two,aligned-unrolled,5,65536,636472,641889,9.7117919921875,9.7944488525390625
128,24,powers-two,openblas,5,65536,900491,906117,13.740402221679688,13.826248168945312
128,24,powers-two,onemkl,5,65536,926589,931847,14.138626098632812,14.218856811523438
128,24,reset,baseline,1,65536,1272474,1277681,19.416412353515625,19.495864868164062
128,24,reset,aligned,1,65536,1111119,1116315,16.954330444335938,17.033615112304688
128,24,reset,unrolled,1,65536,1289938,1295090,19.682891845703125,19.761505126953125
128,24,reset,aligned-unrolled,1,65536,1097066,1102211,16.739898681640625,16.818405151367188
128,24,reset,openblas,1,65536,1301372,1307029,19.85736083984375,19.943679809570312
128,24,reset,onemkl,1,65536,1416711,1422039,21.617294311523438,21.698593139648438
128,24,reset,baseline,2,65536,1300234,1305601,19.839996337890625,19.921890258789062
128,24,reset,aligned,2,65536,1130183,1135602,17.245223999023438,17.327911376953125
128,24,reset,unrolled,2,65536,1307605,1313061,19.952468872070312,20.035720825195312
128,24,reset,aligned-unrolled,2,65536,1120629,1126478,17.099441528320312,17.188690185546875
128,24,reset,openblas,2,65536,1311506,1317264,20.011993408203125,20.099853515625
128,24,reset,onemkl,2,65536,1419433,1424879,21.658828735351562,21.741928100585938
128,24,reset,baseline,3,65536,1276401,1281581,19.476333618164062,19.555374145507812
128,24,reset,aligned,3,65536,1120660,1125912,17.09991455078125,17.1800537109375
128,24,reset,unrolled,3,65536,1303116,1308347,19.88397216796875,19.963790893554688
128,24,reset,aligned-unrolled,3,65536,1100324,1105558,16.78961181640625,16.869476318359375
128,24,reset,openblas,3,65536,1302614,1308232,19.876312255859375,19.9620361328125
128,24,reset,onemkl,3,65536,1406141,1411359,21.456008911132812,21.535629272460938
128,24,reset,baseline,4,65536,1283413,1288827,19.583328247070312,19.665939331054688
128,24,reset,aligned,4,65536,1114843,1120296,17.011154174804688,17.0943603515625
128,24,reset,unrolled,4,65536,1298447,1303748,19.812728881835938,19.89361572265625
128,24,reset,aligned-unrolled,4,65536,1097734,1102926,16.750091552734375,16.829315185546875
128,24,reset,openblas,4,65536,1302096,1307791,19.868408203125,19.955307006835938
128,24,reset,onemkl,4,65536,1410772,1416333,21.52667236328125,21.611526489257812
128,24,reset,baseline,5,65536,1294207,1299424,19.748031616210938,19.82763671875
128,24,reset,aligned,5,65536,1130494,1135757,17.249969482421875,17.330276489257812
128,24,reset,unrolled,5,65536,1312333,1317643,20.024612426757812,20.105636596679688
128,24,reset,aligned-unrolled,5,65536,1117668,1123066,17.05426025390625,17.136627197265625
128,24,reset,openblas,5,65536,1322773,1328502,20.183914184570312,20.271331787109375
128,24,reset,onemkl,5,65536,1424721,1430064,21.739517211914062,21.821044921875
192,0,negate,baseline,1,43680,503114,508449,11.518177655677656,11.640315934065933
192,0,negate,aligned,1,43680,461296,466516,10.560805860805861,10.680311355311355
192,0,negate,unrolled,1,43680,428868,434599,9.8184065934065927,9.9496108058608055
192,0,negate,aligned-unrolled,1,43680,441073,446303,10.097825091575091,10.217559523809523
192,0,negate,openblas,1,43680,507341,513009,11.614949633699634,11.744711538461539
192,0,negate,onemkl,1,43680,681942,687393,15.612225274725274,15.737019230769231
192,0,negate,baseline,2,43680,498199,503537,11.405654761904762,11.527861721611721
192,0,negate,aligned,2,43680,466251,471567,10.674244505494505,10.795947802197801
192,0,negate,unrolled,2,43680,432124,437992,9.8929487179487179,10.027289377289378
192,0,negate,aligned-unrolled,2,43680,440384,445708,10.082051282051282,10.20393772893773
192,0,negate,openblas,2,43680,508503,514123,11.641552197802199,11.770215201465202
192,0,negate,onemkl,2,43680,684485,689901,15.670444139194139,15.794436813186813
192,0,negate,baseline,3,43680,488966,494298,11.194276556776558,11.316346153846155
192,0,negate,aligned,3,43680,455057,460274,10.417971611721612,10.537408424908424
192,0,negate,unrolled,3,43680,423688,429248,9.69981684981685,9.8271062271062277
192,0,negate,aligned-unrolled,3,43680,436419,441764,9.9912774725274733,10.113644688644689
192,0,negate,openblas,3,43680,501024,506288,11.47032967032967,11.590842490842491
192,0,negate,onemkl,3,43680,659687,664949,15.10272435897436,15.223191391941391
192,0,negate,baseline,4,43680,491005,496354,11.24095695970696,11.363415750915751
192,0,negate,aligned,4,43680,461720,466941,10.570512820512821,10.690041208791209
192,0,negate,unrolled,4,43680,425074,430677,9.7315476190476193,9.8598214285714292
192,0,negate,aligned-unrolled,4,43680,435382,440812,9.9675366300366299,10.091849816849816
192,0,negate,openblas,4,43680,500773,506056,11.464583333333334,11.585531135531136
192,0,negate,onemkl,4,43680,664613,669908,15.215499084249084,15.336721611721611
192,0,negate,baseline,5,43680,504271,509625,11.544665750915751,11.667239010989011
192,0,negate,aligned,5,43680,465280,470765,10.652014652014651,10.777586996336996
192,0,negate,unrolled,5,43680,433046,438399,9.9140567765567766,10.036607142857143
192,0,negate,aligned-unrolled,5,43680,443069,448651,10.143521062271063,10.271314102564103
192,0,negate,openblas,5,43680,515655,521160,11.805288461538462,11.931318681318681
192,0,negate,onemkl,5,43680,669617,675095,15.330059523809524,15.455471611721611
192,0,powers-two,baseline,1,43680,519512,525043,11.893589743589743,12.020215201465202
192,0,powers-two,aligned,1,43680,480037,485409,10.989858058608059,11.112843406593406
192,0,powers-two,unrolled,1,43680,445881,451195,10.207898351648351,10.329555860805861
192,0,powers-two,aligned-unrolled,1,43680,457237,462630,10.467880036630037,10.591346153846153
192,0,powers-two,openblas,1,43680,514432,520347,11.777289377289378,11.912706043956044
192,0,powers-two,onemkl,1,43680,662853,668381,15.175206043956043,15.30176282051282
192,0,powers-two,baseline,2,43680,507657,513041,11.622184065934066,11.74544413919414
192,0,powers-two,aligned,2,43680,469379,474695,10.745856227106227,10.867559523809524
192,0,powers-two,unrolled,2,43680,446284,451576,10.217124542124543,10.338278388278388
192,0,powers-two,aligned-unrolled,2,43680,449890,455190,10.299679487179487,10.421016483516484
192,0,powers-two,openblas,2,43680,505668,511346,11.576648351648352,11.706639194139195
192,0,powers-two,onemkl,2,43680,643176,648637,14.724725274725275,14.849748168498168
192,0,powers-two,baseline,3,43680,501956,507240,11.491666666666667,11.612637362637363
192,0,powers-two,aligned,3,43680,466524,471739,10.680494505494506,10.799885531135532
192,0,powers-two,unrolled,3,43680,443109,448640,10.144436813186813,10.271062271062272
192,0,powers-two,aligned-unrolled,3,43680,446432,451789,10.22051282051282,10.343154761904762
192,0,powers-two,openblas,3,43680,503778,509529,11.53337912087912,11.665041208791209
192,0,powers-two,onemkl,3,43680,651801,657151,14.922184065934067,15.044665750915751
192,0,powers-two,baseline,4,43680,17283259,17289026,395.67900641025642,395.81103479853482
192,0,powers-two,aligned,4,43680,16747619,16757717,383.41618589743592,383.64736721611723
192,0,powers-two,unrolled,4,43680,16381487,16387267,375.03404304029306,375.16636904761907
192,0,powers-two,aligned-unrolled,4,43680,18316714,18322500,419.33869047619049,419.47115384615387
192,0,powers-two,openblas,4,43680,18714088,18720220,428.43608058608061,428.57646520146523
192,0,powers-two,onemkl,4,43680,19165740,19171688,438.77609890109892,438.91227106227109
192,0,powers-two,baseline,5,43680,490573,495797,11.23106684981685,11.35066391941392
192,0,powers-two,aligned,5,43680,457219,462319,10.467467948717948,10.584226190476191
192,0,powers-two,unrolled,5,43680,426722,431813,9.7692765567765569,9.8858287545787551
192,0,powers-two,aligned-unrolled,5,43680,437691,442875,10.020398351648351,10.13907967032967
192,0,powers-two,openblas,5,43680,489803,495040,11.213438644688644,11.333333333333334
192,0,powers-two,onemkl,5,43680,637908,643259,14.604120879120879,14.726625457875459
192,0,reset,baseline,1,43680,925702,931091,21.192811355311356,21.316185897435897
192,0,reset,aligned,1,43680,892043,897386,20.422229853479852,20.54455128205128
192,0,reset,unrolled,1,43680,884477,889952,20.249015567765568,20.374358974358973
192,0,reset,aligned-unrolled,1,43680,885428,890787,20.270787545787545,20.393475274725276
192,0,reset,openblas,1,43680,967928,973403,22.159523809523808,22.284867216117217
192,0,reset,onemkl,1,43680,1063425,1069204,24.345810439560438,24.478113553113552
192,0,reset,baseline,2,43680,910322,915676,20.84070512820513,20.96327838827839
192,0,reset,aligned,2,43680,880997,886300,20.169345238095239,20.290750915750916
192,0,reset,unrolled,2,43680,863877,869183,19.777403846153845,19.898878205128206
192,0,reset,aligned-unrolled,2,43680,870814,876154,19.93621794871795,20.058470695970694
192,0,reset,openblas,2,43680,954325,959633,21.848099816849818,21.969619963369965
192,0,reset,onemkl,2,43680,1041066,1046764,23.833928571428572,23.964377289377289
192,0,reset,baseline,3,43680,919013,924471,21.03967490842491,21.16462912087912
192,0,reset,aligned,3,43680,884706,890133,20.25425824175824,20.378502747252746
192,0,reset,unrolled,3,43680,872771,878507,19.981021062271061,20.112339743589743
192,0,reset,aligned-unrolled,3,43680,879651,885363,20.138530219780218,20.26929945054945
192,0,reset,openblas,3,43680,965131,970896,22.095489926739926,22.227472527472528
192,0,reset,onemkl,3,43680,1050546,1056432,24.050961538461539,24.185714285714287
192,0,reset,baseline,4,43680,921738,927159,21.102060439560439,21.226167582417581
192,0,reset,aligned,4,43680,891216,896550,20.403296703296704,20.525412087912088
192,0,reset,unrolled,4,43680,874078,882423,20.010943223443224,20.201991758241757
192,0,reset,aligned-unrolled,4,43680,881467,886872,20.180105311355312,20.303846153846155
192,0,reset,openblas,4,43680,962003,967439,22.023878205128206,22.148328754578756
192,0,reset,onemkl,4,43680,1054668,1060440,24.145329670329669,24.277472527472529
192,0,reset,baseline,5,43680,899042,904393,20.582463369963371,20.70496794871795
192,0,reset,aligned,5,43680,872008,877274,19.963553113553115,20.084111721611723
192,0,reset,unrolled,5,43680,858882,864255,19.663049450549451,19.786057692307693
192,0,reset,aligned-unrolled,5,43680,861490,866747,19.722756410256409,19.843108974358973
192,0,reset,openblas,5,43680,1057212,1062522,24.203571428571429,24.325137362637363
192,0,reset,onemkl,5,43680,1037217,1042842,23.74581043956044,23.874587912087911
192,8,negate,baseline,1,43680,801876,807029,18.357967032967032,18.475938644688643
192,8,negate,aligned,1,43680,563235,568314,12.894574175824175,13.010851648351649
192,8,negate,unrolled,1,43680,803008,808016,18.383882783882783,18.498534798534799
192,8,negate,aligned-unrolled,1,43680,550751,555911,12.608768315018315,12.726900183150184
192,8,negate,openblas,1,43680,855772,861094,19.591849816849816,19.713690476190475
192,8,negate,onemkl,1,43680,700126,705302,16.028525641025642,16.147023809523809
192,8,negate,baseline,2,43680,785365,790416,17.979967948717949,18.095604395604397
192,8,negate,aligned,2,43680,550974,555949,12.613873626373627,12.727770146520147
192,8,negate,unrolled,2,43680,785998,790966,17.994459706959706,18.10819597069597
192,8,negate,aligned-unrolled,2,43680,539969,545053,12.361927655677656,12.478319597069596
192,8,negate,openblas,2,43680,841019,846238,19.254097985347986,19.373580586080585
192,8,negate,onemkl,2,43680,689276,694465,15.780128205128205,15.898923992673993
192,8,negate,baseline,3,43680,789012,794162,18.063461538461539,18.181364468864469
192,8,negate,aligned,3,43680,550765,555982,12.609088827838828,12.728525641025641
192,8,negate,unrolled,3,43680,784152,789188,17.952197802197801,18.067490842490841
192,8,negate,aligned-unrolled,3,43680,539940,545015,12.361263736263735,12.477449633699633
192,8,negate,openblas,3,43680,841730,847108,19.270375457875456,19.393498168498169
192,8,negate,onemkl,3,43680,688462,693814,15.761492673992674,15.884020146520147
192,8,negate,baseline,4,43680,790631,795721,18.100526556776558,18.217055860805861
192,8,negate,aligned,4,43680,550718,555797,12.608012820512821,12.724290293040292
192,8,negate,unrolled,4,43680,785755,790666,17.988896520146522,18.101327838827839
192,8,negate,aligned-unrolled,4,43680,539832,544942,12.358791208791208,12.475778388278389
192,8,negate,openblas,4,43680,846513,851669,19.379876373626374,19.497916666666665
192,8,negate,onemkl,4,43680,695373,700468,15.919711538461538,16.036355311355312
192,8,negate,baseline,5,43680,797610,802785,18.260302197802197,18.378777472527471
192,8,negate,aligned,5,43680,562623,567682,12.880563186813188,12.996382783882783
192,8,negate,unrolled,5,43680,798101,803146,18.271543040293039,18.387042124542123
192,8,negate,aligned-unrolled,5,43680,547093,552199,12.525022893772894,12.641918498168499
192,8,negate,openblas,5,43680,848902,854096,19.434569597069597,19.553479853479853
192,8,negate,onemkl,5,43680,701047,706258,16.049610805860805,16.168910256410257
192,8,powers-two,baseline,1,43680,805489,810677,18.440682234432234,18.55945512820513
192,8,powers-two,aligned,1,43680,576824,581932,13.205677655677656,13.322619047619048
192,8,powers-two,unrolled,1,43680,812305,817349,18.59672619047619,18.71220238095238
192,8,powers-two,aligned-unrolled,1,43680,571726,576844,13.088965201465202,13.206135531135532
192,8,powers-two,openblas,1,43680,862023,867164,19.73495879120879,19.852655677655676
192,8,powers-two,onemkl,1,43680,710169,715451,16.258447802197804,16.379372710622711
192,8,powers-two,baseline,2,43680,794443,799543,18.187797619047618,18.304555860805859
192,8,powers-two,aligned,2,43680,572288,577355,13.101831501831501,13.217834249084248
192,8,powers-two,unrolled,2,43680,793885,798867,18.175022893772894,18.28907967032967
192,8,powers-two,aligned-unrolled,2,43680,559216,564416,12.802564102564103,12.921611721611722
192,8,powers-two,openblas,2,43680,855380,860510,19.582875457875456,19.700320512820515
192,8,powers-two,onemkl,2,43680,693362,698490,15.873672161172161,15.991071428571429
192,8,powers-two,baseline,3,43680,810904,816124,18.564652014652015,18.684157509157508
192,8,powers-two,aligned,3,43680,583673,588792,13.362477106227105,13.479670329670329
192,8,powers-two,unrolled,3,43680,803444,808610,18.393864468864468,18.512133699633701
192,8,powers-two,aligned-unrolled,3,43680,566448,571541,12.968131868131868,13.084729853479853
192,8,powers-two,openblas,3,43680,861118,866296,19.714239926739928,19.832783882783882
192,8,powers-two,onemkl,3,43680,713260,718722,16.329212454212453,16.454258241758243
192,8,powers-two,baseline,4,43680,18053398,18058796,413.31039377289375,413.43397435897435
192,8,powers-two,aligned,4,43680,17922102,17928121,410.30453296703297,410.44233058608057
192,8,powers-two,unrolled,4,43680,17056043,17068104,390.4771749084249,390.75329670329671
192,8,powers-two,aligned-unrolled,4,43680,19724147,19738641,451.56014194139192,451.89196428571427
192,8,powers-two,openblas,4,43680,19602591,19608534,448.77726648351648,448.91332417582419
192,8,powers-two,onemkl,4,43680,19545276,19550965,447.46510989010989,447.59535256410254
192,8,powers-two,baseline,5,43680,771609,776554,17.665041208791209,17.778250915750917
192,8,powers-two,aligned,5,43680,551932,556800,12.635805860805862,12.747252747252746
192,8,powers-two,unrolled,5,43680,772573,777417,17.687110805860804,17.798008241758243
192,8,powers-two,aligned-unrolled,5,43680,539564,544517,12.352655677655678,12.466048534798535
192,8,powers-two,openblas,5,43680,821908,826855,18.816575091575093,18.929830586080588
192,8,powers-two,onemkl,5,43680,669599,674845,15.329647435897435,15.449748168498168
192,8,reset,baseline,1,43680,1161110,1166408,26.582188644688646,26.703479853479852
192,8,reset,aligned,1,43680,966506,971707,22.126968864468864,22.246039377289378
192,8,reset,unrolled,1,43680,1162144,1167404,26.605860805860807,26.726282051282052
192,8,reset,aligned-unrolled,1,43680,953244,958497,21.823351648351647,21.943612637362637
192,8,reset,openblas,1,43680,1271160,1276436,29.10164835164835,29.222435897435897
192,8,reset,onemkl,1,43680,1148146,1153834,26.285393772893773,26.415613553113552
192,8,reset,baseline,2,43680,1166647,1172195,26.708951465201466,26.835966117216117
192,8,reset,aligned,2,43680,974839,980322,22.317742673992672,22.443269230769232
192,8,reset,unrolled,2,43680,1175369,1180722,26.908630952380953,27.03118131868132
192,8,reset,aligned-unrolled,2,43680,963813,969033,22.065315934065936,22.184821428571428
192,8,reset,openblas,2,43680,1285982,1291465,29.440979853479853,29.566506410256409
192,8,reset,onemkl,2,43680,1159534,1164909,26.546108058608059,26.669162087912088
192,8,reset,baseline,3,43680,1154516,1159706,26.431227106227105,26.550045787545788
192,8,reset,aligned,3,43680,964508,969721,22.081227106227107,22.200572344322346
192,8,reset,unrolled,3,43680,1163668,1168896,26.640750915750917,26.760439560439561
192,8,reset,aligned-unrolled,3,43680,949027,954290,21.726808608058608,21.847298534798536
192,8,reset,openblas,3,43680,1274697,1280061,29.182623626373626,29.305425824175824
192,8,reset,onemkl,3,43680,1148253,1153612,26.287843406593407,26.410531135531137
192,8,reset,baseline,4,43680,1158779,1164100,26.52882326007326,26.650641025641026
192,8,reset,aligned,4,43680,962085,967266,22.025755494505493,22.144368131868131
192,8,reset,unrolled,4,43680,1171606,1176970,26.822481684981685,26.945283882783883
192,8,reset,aligned-unrolled,4,43680,955650,960814,21.878434065934066,21.996657509157508
192,8,reset,openblas,4,43680,1273867,1279241,29.163621794871794,29.28665293040293
192,8,reset,onemkl,4,43680,1141904,1147306,26.142490842490844,26.266163003663003
192,8,reset,baseline,5,43680,1186070,1191361,27.153617216117215,27.274748168498167
192,8,reset,aligned,5,43680,990577,995927,22.678044871794871,22.800526556776557
192,8,reset,unrolled,5,43680,1193820,1199304,27.331043956043956,27.456593406593406
192,8,reset,aligned-unrolled,5,43680,976871,982501,22.36426282051282,22.493154761904762
192,8,reset,openblas,5,43680,1309923,1315560,29.989079670329669,30.118131868131869
192,8,reset,onemkl,5,43680,1172462,1177863,26.842078754578754,26.965728021978023
192,16,negate,baseline,1,43680,808139,813221,18.501350732600734,18.617696886446886
192,16,negate,aligned,1,43680,545691,550842,12.492925824175824,12.610851648351648
192,16,negate,unrolled,1,43680,811432,816536,18.576739926739926,18.693589743589744
192,16,negate,aligned-unrolled,1,43680,546060,551192,12.501373626373626,12.618864468864469
192,16,negate,openblas,1,43680,862741,867945,19.751396520146521,19.870535714285715
192,16,negate,onemkl,1,43680,702602,707886,16.085210622710623,16.20618131868132
192,16,negate,baseline,2,43680,799588,804642,18.305586080586082,18.42129120879121
192,16,negate,aligned,2,43680,537303,542500,12.300892857142857,12.419871794871796
192,16,negate,unrolled,2,43680,797924,803092,18.267490842490844,18.38580586080586
192,16,negate,aligned-unrolled,2,43680,539144,544183,12.343040293040293,12.458402014652014
192,16,negate,openblas,2,43680,851401,856425,19.491781135531134,19.606799450549449
192,16,negate,onemkl,2,43680,692801,698058,15.860828754578755,15.981181318681319
192,16,negate,baseline,3,43680,784482,789690,17.959752747252747,18.078983516483518
192,16,negate,aligned,3,43680,531416,536619,12.166117216117216,12.285233516483517
192,16,negate,unrolled,3,43680,790317,795511,18.093337912087911,18.212248168498167
192,16,negate,aligned-unrolled,3,43680,529580,534651,12.124084249084248,12.240178571428572
192,16,negate,openblas,3,43680,838210,843315,19.189789377289376,19.306662087912088
192,16,negate,onemkl,3,43680,681424,686533,15.6003663003663,15.717330586080585
192,16,negate,baseline,4,43680,792723,797865,18.14842032967033,18.266140109890109
192,16,negate,aligned,4,43680,533113,538178,12.204967948717949,12.320924908424908
192,16,negate,unrolled,4,43680,789856,794990,18.082783882783882,18.200320512820515
192,16,negate,aligned-unrolled,4,43680,533453,538553,12.212751831501832,12.329510073260073
192,16,negate,openblas,4,43680,842501,847714,19.288026556776558,19.407371794871796
192,16,negate,onemkl,4,43680,685558,690844,15.695009157509158,15.816025641025641
192,16,negate,baseline,5,43680,784229,789270,17.953960622710621,18.069368131868131
192,16,negate,aligned,5,43680,536278,541234,12.27742673992674,12.390888278388278
192,16,negate,unrolled,5,43680,787227,792221,18.022596153846155,18.136927655677656
192,16,negate,aligned-unrolled,5,43680,529060,534033,12.112179487179487,12.22603021978022
192,16,negate,openblas,5,43680,837489,842547,19.173282967032968,19.28907967032967
192,16,negate,onemkl,5,43680,684544,689805,15.671794871794871,15.792239010989011
192,16,powers-two,baseline,1,43680,796197,801409,18.227953296703298,18.347275641025639
192,16,powers-two,aligned,1,43680,556997,562179,12.75176282051282,12.870398351648351
192,16,powers-two,unrolled,1,43680,795817,800919,18.219253663003663,18.336057692307691
192,16,powers-two,aligned-unrolled,1,43680,547644,552759,12.537637362637362,12.654739010989012
192,16,powers-two,openblas,1,43680,858672,864061,19.658241758241758,19.781616300366302
192,16,powers-two,onemkl,1,43680,690340,695493,15.804487179487179,15.922458791208792
192,16,powers-two,baseline,2,43680,798437,803500,18.279235347985349,18.395146520146522
192,16,powers-two,aligned,2,43680,547769,553267,12.540499084249085,12.666369047619048
192,16,powers-two,unrolled,2,43680,800186,805262,18.319276556776558,18.435485347985349
192,16,powers-two,aligned-unrolled,2,43680,548160,553205,12.549450549450549,12.664949633699633
192,16,powers-two,openblas,2,43680,851367,856508,19.491002747252747,19.608699633699633
192,16,powers-two,onemkl,2,43680,696672,701900,15.94945054945055,16.069139194139193
192,16,powers-two,baseline,3,43680,789262,794355,18.06918498168498,18.185782967032967
192,16,powers-two,aligned,3,43680,543316,548490,12.438553113553114,12.557005494505495
192,16,powers-two,unrolled,3,43680,793051,798007,18.155929487179488,18.269391025641024
192,16,powers-two,aligned-unrolled,3,43680,542720,547745,12.424908424908425,12.539949633699633
192,16,powers-two,openblas,3,43680,962528,967612,22.035897435897436,22.152289377289378
192,16,powers-two,onemkl,3,43680,685833,690966,15.701304945054945,15.818818681318682
192,16,powers-two,baseline,4,43680,17830650,17836277,408.21085164835165,408.33967490842491
192,16,powers-two,aligned,4,43680,17762502,17768506,406.65068681318684,406.78814102564104
192,16,powers-two,unrolled,4,43680,16902812,16908144,386.96913919413919,387.09120879120877
192,16,powers-two,aligned-unrolled,4,43680,19263521,19274155,441.01467490842492,441.25812728937728
192,16,powers-two,openblas,4,43680,19296074,19302239,441.75993589743592,441.90107600732603
192,16,powers-two,onemkl,4,43680,19329596,19335191,442.52738095238095,442.65547161172162
192,16,powers-two,baseline,5,43680,762091,766953,17.447138278388277,17.558447802197801
192,16,powers-two,aligned,5,43680,528224,533265,12.093040293040293,12.208447802197803
192,16,powers-two,unrolled,5,43680,763613,768433,17.4819826007326,17.592330586080585
192,16,powers-two,aligned-unrolled,5,43680,524877,529737,12.016414835164834,12.127678571428572
192,16,powers-two,openblas,5,43680,818638,823545,18.741712454212454,18.854052197802197
192,16,powers-two,onemkl,5,43680,676726,681676,15.492811355311355,15.60613553113553
192,16,reset,baseline,1,43680,1177558,1182775,26.958745421245421,27.078182234432234
192,16,reset,aligned,1,43680,910750,916047,20.850503663003664,20.971771978021977
192,16,reset,unrolled,1,43680,1169188,1174652,26.767124542124542,26.892216117216119
192,16,reset,aligned-unrolled,1,43680,897910,903223,20.55654761904762,20.678182234432235
192,16,reset,openblas,1,43680,1221516,1226886,27.96510989010989,28.088049450549452
192,16,reset,onemkl,1,43680,1063059,1068562,24.337431318681318,24.46341575091575
192,16,reset,baseline,2,43680,1167133,1175667,26.720077838827837,26.915453296703298
192,16,reset,aligned,2,43680,902783,908368,20.668108974358976,20.795970695970695
192,16,reset,unrolled,2,43680,1156705,1162695,26.481341575091577,26.618475274725274
192,16,reset,aligned-unrolled,2,43680,894845,900335,20.486378205128204,20.612065018315018
192,16,reset,openblas,2,43680,1208452,1214345,27.666025641025641,27.800938644688646
192,16,reset,onemkl,2,43680,1053399,1059006,24.116277472527472,24.244642857142857
192,16,reset,baseline,3,43680,1191596,1232069,27.280128205128204,28.206707875457877
192,16,reset,aligned,3,43680,913312,918662,20.909157509157509,21.031639194139196
192,16,reset,unrolled,3,43680,1171674,1177221,26.824038461538461,26.951030219780218
192,16,reset,aligned-unrolled,3,43680,900293,905571,20.61110347985348,20.731936813186813
192,16,reset,openblas,3,43680,1235964,1241342,28.295879120879121,28.419001831501831
192,16,reset,onemkl,3,43680,1073099,1078821,24.5672847985348,24.698282967032966
192,16,reset,baseline,4,43680,1172224,1177472,26.836630036630037,26.956776556776557
192,16,reset,aligned,4,43680,902070,907365,20.651785714285715,20.773008241758241
192,16,reset,unrolled,4,43680,1167964,1173573,26.739102564102563,26.867513736263735
192,16,reset,aligned-unrolled,4,43680,891451,896740,20.40867673992674,20.529761904761905
192,16,reset,openblas,4,43680,1219708,1225092,27.92371794871795,28.04697802197802
192,16,reset,onemkl,4,43680,1059403,1065131,24.253731684981684,24.384867216117215
192,16,reset,baseline,5,43680,1189288,1194812,27.227289377289377,27.353754578754579
192,16,reset,aligned,5,43680,914963,920256,20.946955128205129,21.068131868131868
192,16,reset,unrolled,5,43680,1184146,1189877,27.109569597069598,27.240773809523809
192,16,reset,aligned-unrolled,5,43680,904147,909749,20.699336080586079,20.827586996336997
192,16,reset,openblas,5,43680,1235791,1241274,28.291918498168499,28.417445054945055
192,16,reset,onemkl,5,43680,1072201,1078148,24.546726190476189,24.682875457875458
192,24,negate,baseline,1,43680,791868,797187,18.128846153846155,18.250618131868134
192,24,negate,aligned,1,43680,524232,529452,12.001648351648353,12.121153846153845
192,24,negate,unrolled,1,43680,789738,794812,18.080082417582418,18.196245421245422
192,24,negate,aligned-unrolled,1,43680,522651,527858,11.965453296703297,12.084661172161173
192,24,negate,openblas,1,43680,840965,846382,19.252861721611723,19.37687728937729
192,24,negate,onemkl,1,43680,683472,688656,15.647252747252747,15.765934065934067
192,24,negate,baseline,2,43680,784315,789380,17.955929487179485,18.071886446886445
192,24,negate,aligned,2,43680,518622,523742,11.873214285714285,11.990430402930404
192,24,negate,unrolled,2,43680,784249,789200,17.954418498168497,18.067765567765569
192,24,negate,aligned-unrolled,2,43680,518684,523728,11.8746336996337,11.99010989010989
192,24,negate,openblas,2,43680,844937,850031,19.343795787545787,19.460416666666667
192,24,negate,onemkl,2,43680,678251,683329,15.527724358974359,15.643978937728937
192,24,negate,baseline,3,43680,784299,789269,17.955563186813187,18.069345238095238
192,24,negate,aligned,3,43680,518292,523443,11.86565934065934,11.983585164835166
192,24,negate,unrolled,3,43680,787537,792492,18.029693223443225,18.143131868131867
192,24,negate,aligned-unrolled,3,43680,522875,527921,11.970581501831502,12.086103479853479
192,24,negate,openblas,3,43680,837532,842541,19.1742673992674,19.288942307692309
192,24,negate,onemkl,3,43680,679946,685021,15.566529304029304,15.682715201465202
192,24,negate,baseline,4,43680,784401,789382,17.957898351648353,18.071932234432236
192,24,negate,aligned,4,43680,545253,550461,12.482898351648352,12.602129120879122
192,24,negate,unrolled,4,43680,784283,789217,17.955196886446885,18.068154761904761
192,24,negate,aligned-unrolled,4,43680,518665,523772,11.874198717948717,11.991117216117216
192,24,negate,openblas,4,43680,837666,842697,19.177335164835164,19.292513736263736
192,24,negate,onemkl,4,43680,687034,692158,15.728800366300366,15.846108058608058
192,24,negate,baseline,5,43680,785821,790893,17.99040750915751,18.106524725274724
192,24,negate,aligned,5,43680,519424,524535,11.891575091575092,12.008585164835164
192,24,negate,unrolled,5,43680,807868,812895,18.49514652014652,18.610233516483518
192,24,negate,aligned-unrolled,5,43680,521332,526428,11.935256410256411,12.051923076923076
192,24,negate,openblas,5,43680,835521,840900,19.128228021978021,19.251373626373628
192,24,negate,onemkl,5,43680,678767,683831,15.539537545787546,15.655471611721612
192,24,powers-two,baseline,1,43680,797218,802333,18.251327838827837,18.368429487179487
192,24,powers-two,aligned,1,43680,538011,543001,12.317101648351649,12.431341575091576
192,24,powers-two,unrolled,1,43680,792023,796979,18.132394688644688,18.245856227106227
192,24,powers-two,aligned-unrolled,1,43680,528925,533907,12.109088827838828,12.223145604395604
192,24,powers-two,openblas,1,43680,845496,850566,19.356593406593408,19.472664835164835
192,24,powers-two,onemkl,1,43680,687836,693159,15.747161172161173,15.869024725274725
192,24,powers-two,baseline,2,43680,795803,801056,18.218933150183151,18.339194139194138
192,24,powers-two,aligned,2,43680,531867,536990,12.176442307692307,12.293727106227106
192,24,powers-two,unrolled,2,43680,787387,792703,18.026259157509159,18.147962454212454
192,24,powers-two,aligned-unrolled,2,43680,533263,538805,12.208402014652014,12.335279304029305
192,24,powers-two,openblas,2,43680,851892,857160,19.503021978021977,19.623626373626372
192,24,powers-two,onemkl,2,43680,683414,689444,15.645924908424908,15.783974358974358
192,24,powers-two,baseline,3,43680,785243,790261,17.97717490842491,18.092055860805861
192,24,powers-two,aligned,3,43680,535155,540082,12.251717032967033,12.364514652014652
192,24,powers-two,unrolled,3,43680,786819,791780,18.013255494505493,18.126831501831504
192,24,powers-two,aligned-unrolled,3,43680,529088,534044,12.112820512820512,12.226282051282052
192,24,powers-two,openblas,3,43680,838052,842999,19.186172161172163,19.299427655677654
192,24,powers-two,onemkl,3,43680,682453,687639,15.623923992673992,15.742651098901099
192,24,powers-two,baseline,4,43680,17880551,17886162,409.35327380952378,409.48173076923075
192,24,powers-two,aligned,4,43680,17647060,17652536,404.00778388278388,404.13315018315018
192,24,powers-two,unrolled,4,43680,16814568,16819869,384.9489010989011,385.07026098901099
192,24,powers-two,aligned-unrolled,4,43680,19449399,19455282,445.27012362637362,445.40480769230771
192,24,powers-two,openblas,4,43680,19326990,19392029,442.4677197802198,443.95670787545788
192,24,powers-two,onemkl,4,43680,19411630,19417273,444.40544871794873,444.53463827838829
192,24,powers-two,baseline,5,43680,765330,770550,17.521291208791208,17.640796703296704
192,24,powers-two,aligned,5,43680,518561,527811,11.871817765567766,12.083585164835165
192,24,powers-two,unrolled,5,43680,767718,773034,17.575961538461538,17.697664835164836
192,24,powers-two,aligned-unrolled,5,43680,516403,521476,11.822413003663003,11.938553113553114
192,24,powers-two,openblas,5,43680,819018,824686,18.750412087912089,18.880173992673992
192,24,powers-two,onemkl,5,43680,668726,674003,15.309661172161173,15.430471611721611
192,24,reset,baseline,1,43680,1173421,1178667,26.864033882783882,26.984134615384615
192,24,reset,aligned,1,43680,936593,950053,21.442147435897436,21.750297619047618
192,24,reset,unrolled,1,43680,1180552,1185900,27.027289377289378,27.149725274725274
192,24,reset,aligned-unrolled,1,43680,929166,934771,21.272115384615386,21.400434981684981
192,24,reset,openblas,1,43680,1229875,1235177,28.156478937728938,28.277861721611721
192,24,reset,onemkl,1,43680,1172029,1177740,26.832165750915753,26.962912087912088
192,24,reset,baseline,2,43680,1163288,1168762,26.632051282051282,26.757371794871794
192,24,reset,aligned,2,43680,917259,922925,20.999519230769231,21.129235347985347
192,24,reset,unrolled,2,43680,1168067,1173197,26.741460622710623,26.858905677655677
192,24,reset,aligned-unrolled,2,43680,920446,926065,21.072481684981685,21.201121794871796
192,24,reset,openblas,2,43680,1331547,1336820,30.484134615384615,30.604853479853478
192,24,reset,onemkl,2,43680,1176227,1181919,26.928273809523809,27.058585164835165
192,24,reset,baseline,3,43680,1171223,1176564,26.81371336996337,26.935989010989012
192,24,reset,aligned,3,43680,924513,930406,21.165590659340658,21.300503663003663
192,24,reset,unrolled,3,43680,1171176,1176324,26.812637362637364,26.930494505494504
192,24,reset,aligned-unrolled,3,43680,922333,928317,21.115682234432235,21.252678571428572
192,24,reset,openblas,3,43680,1214304,1220118,27.800000000000001,27.933104395604396
192,24,reset,onemkl,3,43680,1177195,1183224,26.950434981684982,27.088461538461537
192,24,reset,baseline,4,43680,1172357,1177569,26.839674908424907,26.958997252747253
192,24,reset,aligned,4,43680,923427,929093,21.14072802197802,21.27044413919414
192,24,reset,unrolled,4,43680,1178183,1183335,26.973054029304031,27.091002747252748
192,24,reset,aligned-unrolled,4,43680,934150,939785,21.386217948717949,21.515224358974358
192,24,reset,openblas,4,43680,1213177,1218507,27.774198717948718,27.896222527472528
192,24,reset,onemkl,4,43680,1166253,1171911,26.699931318681319,26.829464285714284
192,24,reset,baseline,5,43680,1176686,1182292,26.93878205128205,27.067124542124542
192,24,reset,aligned,5,43680,937888,943670,21.47179487179487,21.604166666666668
192,24,reset,unrolled,5,43680,1188751,1194106,27.214995421245423,27.337591575091576
192,24,reset,aligned-unrolled,5,43680,935446,941083,21.415888278388277,21.544940476190476
192,24,reset,openblas,5,43680,1225274,1230868,28.051144688644687,28.179212454212454
192,24,reset,onemkl,5,43680,1200884,1206654,27.492765567765566,27.624862637362636
256,0,negate,baseline,1,32768,469373,474626,14.324127197265625,14.48443603515625
256,0,negate,aligned,1,32768,443910,449101,13.54705810546875,13.705474853515625
256,0,negate,unrolled,1,32768,412543,417772,12.589813232421875,12.7493896484375
256,0,negate,aligned-unrolled,1,32768,422677,427903,12.899078369140625,13.058563232421875
256,0,negate,openblas,1,32768,451561,456804,13.780548095703125,13.9405517578125
256,0,negate,onemkl,1,32768,557481,562787,17.012969970703125,17.174896240234375
256,0,negate,baseline,2,32768,471558,476796,14.39080810546875,14.5506591796875
256,0,negate,aligned,2,32768,445766,450978,13.60369873046875,13.76275634765625
256,0,negate,unrolled,2,32768,410736,415900,12.53466796875,12.6922607421875
256,0,negate,aligned-unrolled,2,32768,420180,425409,12.8228759765625,12.982452392578125
256,0,negate,openblas,2,32768,443720,448894,13.541259765625,13.69915771484375
256,0,negate,onemkl,2,32768,568483,573764,17.348724365234375,17.5098876953125
256,0,negate,baseline,3,32768,469565,474858,14.329986572265625,14.49151611328125
256,0,negate,aligned,3,32768,446407,451623,13.623260498046875,13.782440185546875
256,0,negate,unrolled,3,32768,413060,418301,12.6055908203125,12.765533447265625
256,0,negate,aligned-unrolled,3,32768,418636,423975,12.7757568359375,12.938690185546875
256,0,negate,openblas,3,32768,444114,449352,13.55328369140625,13.713134765625
256,0,negate,onemkl,3,32768,555218,560770,16.94390869140625,17.11334228515625
256,0,negate,baseline,4,32768,480052,485654,14.6500244140625,14.82098388671875
256,0,negate,aligned,4,32768,451104,456333,13.7666015625,13.926177978515625
256,0,negate,unrolled,4,32768,417474,422890,12.74029541015625,12.90557861328125
256,0,negate,aligned-unrolled,4,32768,424665,430057,12.959747314453125,13.124298095703125
256,0,negate,openblas,4,32768,455275,460628,13.893890380859375,14.0572509765625
256,0,negate,onemkl,4,32768,573730,579184,17.50885009765625,17.67529296875
256,0,negate,baseline,5,32768,478708,484410,14.6090087890625,14.78302001953125
256,0,negate,aligned,5,32768,456204,464866,13.9222412109375,14.18658447265625
256,0,negate,unrolled,5,32768,417584,422946,12.74365234375,12.90728759765625
256,0,negate,aligned-unrolled,5,32768,432242,437734,13.19097900390625,13.35858154296875
256,0,negate,openblas,5,32768,456251,461930,13.923675537109375,14.09698486328125
256,0,negate,onemkl,5,32768,568158,573940,17.33880615234375,17.5152587890625
256,0,powers-two,baseline,1,32768,479423,484684,14.630828857421875,14.7913818359375
256,0,powers-two,aligned,1,32768,452230,457436,13.80096435546875,13.9598388671875
256,0,powers-two,unrolled,1,32768,423531,428725,12.925140380859375,13.083648681640625
256,0,powers-two,aligned-unrolled,1,32768,429483,435058,13.106781005859375,13.27691650390625
256,0,powers-two,openblas,1,32768,443200,448806,13.525390625,13.69647216796875
256,0,powers-two,onemkl,1,32768,539219,544529,16.455657958984375,16.617706298828125
256,0,powers-two,baseline,2,32768,478120,483498,14.591064453125,14.75518798828125
256,0,powers-two,aligned,2,32768,452029,457206,13.794830322265625,13.95281982421875
256,0,powers-two,unrolled,2,32768,427801,433240,13.055450439453125,13.221435546875
256,0,powers-two,aligned-unrolled,2,32768,429277,434928,13.100494384765625,13.27294921875
256,0,powers-two,openblas,2,32768,445883,451567,13.607269287109375,13.780731201171875
256,0,powers-two,onemkl,2,32768,550523,555909,16.800628662109375,16.964996337890625
256,0,powers-two,baseline,3,32768,496585,502077,15.154571533203125,15.322174072265625
256,0,powers-two,aligned,3,32768,471407,477073,14.386199951171875,14.559112548828125
256,0,powers-two,unrolled,3,32768,436517,441895,13.321441650390625,13.485565185546875
256,0,powers-two,aligned-unrolled,3,32768,441839,447663,13.483856201171875,13.661590576171875
256,0,powers-two,openblas,3,32768,464708,470586,14.1817626953125,14.36114501953125
256,0,powers-two,onemkl,3,32768,568442,574067,17.34747314453125,17.519134521484375
256,0,powers-two,baseline,4,32768,490251,495627,14.961273193359375,15.125335693359375
256,0,powers-two,aligned,4,32768,467920,473281,14.27978515625,14.443389892578125
256,0,powers-two,unrolled,4,32768,432772,438125,13.2071533203125,13.370513916015625
256,0,powers-two,aligned-unrolled,4,32768,443539,449341,13.535736083984375,13.712799072265625
256,0,powers-two,openblas,4,32768,461899,467716,14.096038818359375,14.2735595703125
256,0,powers-two,onemkl,4,32768,554500,560000,16.9219970703125,17.08984375
256,0,powers-two,baseline,5,32768,490216,495625,14.960205078125,15.125274658203125
256,0,powers-two,aligned,5,32768,469199,474574,14.318817138671875,14.48284912109375
256,0,powers-two,unrolled,5,32768,432678,438031,13.20428466796875,13.367645263671875
256,0,powers-two,aligned-unrolled,5,32768,438758,444510,13.38983154296875,13.56536865234375
256,0,powers-two,openblas,5,32768,455854,461696,13.91156005859375,14.08984375
256,0,powers-two,onemkl,5,32768,558233,563716,17.035919189453125,17.2032470703125
256,0,reset,baseline,1,32768,886849,892341,27.064483642578125,27.232086181640625
256,0,reset,aligned,1,32768,854650,860377,26.08184814453125,26.256622314453125
256,0,reset,unrolled,1,32768,824656,830321,25.16650390625,25.339385986328125
256,0,reset,aligned-unrolled,1,32768,830970,836475,25.35919189453125,25.527191162109375
256,0,reset,openblas,1,32768,892934,898294,27.25018310546875,27.41375732421875
256,0,reset,onemkl,1,32768,952231,957938,29.059783935546875,29.23394775390625
256,0,reset,baseline,2,32768,864362,869590,26.37823486328125,26.53778076171875
256,0,reset,aligned,2,32768,844583,849795,25.774627685546875,25.933685302734375
256,0,reset,unrolled,2,32768,818366,823566,24.97454833984375,25.13323974609375
256,0,reset,aligned-unrolled,2,32768,822879,828106,25.112274169921875,25.27178955078125
256,0,reset,openblas,2,32768,884417,889639,26.990264892578125,27.149627685546875
256,0,reset,onemkl,2,32768,946356,951690,28.8804931640625,29.04327392578125
256,0,reset,baseline,3,32768,892632,898126,27.240966796875,27.40863037109375
256,0,reset,aligned,3,32768,868318,873637,26.49896240234375,26.661285400390625
256,0,reset,unrolled,3,32768,842541,847895,25.712310791015625,25.875701904296875
256,0,reset,aligned-unrolled,3,32768,855435,860823,26.105804443359375,26.270233154296875
256,0,reset,openblas,3,32768,919750,925267,28.06854248046875,28.236907958984375
256,0,reset,onemkl,3,32768,968471,974149,29.555389404296875,29.728668212890625
256,0,reset,baseline,4,32768,918360,924032,28.026123046875,28.19921875
256,0,reset,aligned,4,32768,894326,899888,27.29266357421875,27.46240234375
256,0,reset,unrolled,4,32768,865461,871172,26.411773681640625,26.5860595703125
256,0,reset,aligned-unrolled,4,32768,884820,890533,27.0025634765625,27.176910400390625
256,0,reset,openblas,4,32768,942576,948265,28.76513671875,28.938751220703125
256,0,reset,onemkl,4,32768,994698,1000489,30.35577392578125,30.532501220703125
256,0,reset,baseline,5,32768,898342,903854,27.41522216796875,27.58343505859375
256,0,reset,aligned,5,32768,876969,882655,26.762969970703125,26.936492919921875
256,0,reset,unrolled,5,32768,852296,857873,26.010009765625,26.180206298828125
256,0,reset,aligned-unrolled,5,32768,856717,862297,26.144927978515625,26.315216064453125
256,0,reset,openblas,5,32768,914736,920402,27.91552734375,28.08843994140625
256,0,reset,onemkl,5,32768,970297,975926,29.611114501953125,29.78289794921875
256,8,negate,baseline,1,32768,801129,806197,24.448516845703125,24.603179931640625
256,8,negate,aligned,1,32768,522978,528172,15.96002197265625,16.1185302734375
256,8,negate,unrolled,1,32768,801111,806280,24.447967529296875,24.605712890625
256,8,negate,aligned-unrolled,1,32768,506655,511885,15.461883544921875,15.621490478515625
256,8,negate,openblas,1,32768,850793,856054,25.964141845703125,26.12469482421875
256,8,negate,onemkl,1,32768,605367,610629,18.474334716796875,18.634918212890625
256,8,negate,baseline,2,32768,784047,788995,23.927215576171875,24.078216552734375
256,8,negate,aligned,2,32768,513341,518435,15.665924072265625,15.821380615234375
256,8,negate,unrolled,2,32768,786275,791329,23.995208740234375,24.149444580078125
256,8,negate,aligned-unrolled,2,32768,495769,500874,15.129669189453125,15.28546142578125
256,8,negate,openblas,2,32768,825621,830779,25.195953369140625,25.353363037109375
256,8,negate,onemkl,2,32768,595330,600413,18.16802978515625,18.323150634765625
256,8,negate,baseline,3,32768,781662,786693,23.85443115234375,24.007965087890625
256,8,negate,aligned,3,32768,514012,519119,15.6864013671875,15.842254638671875
256,8,negate,unrolled,3,32768,781852,787017,23.8602294921875,24.017852783203125
256,8,negate,aligned-unrolled,3,32768,496378,501496,15.14825439453125,15.304443359375
256,8,negate,openblas,3,32768,821719,826854,25.076873779296875,25.23358154296875
256,8,negate,onemkl,3,32768,591253,596419,18.043609619140625,18.201263427734375
256,8,negate,baseline,4,32768,801519,806774,24.460418701171875,24.62078857421875
256,8,negate,aligned,4,32768,502457,507498,15.333770751953125,15.48760986328125
256,8,negate,unrolled,4,32768,773452,778561,23.6038818359375,23.759796142578125
256,8,negate,aligned-unrolled,4,32768,487294,492892,14.87103271484375,15.0418701171875
256,8,negate,openblas,4,32768,811402,816435,24.76202392578125,24.915618896484375
256,8,negate,onemkl,4,32768,582250,587409,17.76885986328125,17.926300048828125
256,8,negate,baseline,5,32768,769705,774715,23.489532470703125,23.642425537109375
256,8,negate,aligned,5,32768,500534,505461,15.27508544921875,15.425445556640625
256,8,negate,unrolled,5,32768,765902,770941,23.37347412109375,23.527252197265625
256,8,negate,aligned-unrolled,5,32768,486289,491282,14.840362548828125,14.99273681640625
256,8,negate,openblas,5,32768,808885,813968,24.685211181640625,24.84033203125
256,8,negate,onemkl,5,32768,583351,588310,17.802459716796875,17.95379638671875
256,8,powers-two,baseline,1,32768,764980,769923,23.3453369140625,23.496185302734375
256,8,powers-two,aligned,1,32768,509413,514419,15.546051025390625,15.698822021484375
256,8,powers-two,unrolled,1,32768,765577,770823,23.363555908203125,23.523651123046875
256,8,powers-two,aligned-unrolled,1,32768,496467,501334,15.150970458984375,15.29949951171875
256,8,powers-two,openblas,1,32768,805021,810568,24.567291259765625,24.736572265625
256,8,powers-two,onemkl,1,32768,588266,593293,17.95245361328125,18.105865478515625
256,8,powers-two,baseline,2,32768,773733,778763,23.612457275390625,23.765960693359375
256,8,powers-two,aligned,2,32768,507361,512376,15.483428955078125,15.636474609375
256,8,powers-two,unrolled,2,32768,770711,776179,23.520233154296875,23.687103271484375
256,8,powers-two,aligned-unrolled,2,32768,492384,497425,15.0263671875,15.180206298828125
256,8,powers-two,openblas,2,32768,807142,812852,24.63201904296875,24.8062744140625
256,8,powers-two,onemkl,2,32768,591880,597054,18.062744140625,18.22064208984375
256,8,powers-two,baseline,3,32768,762809,767642,23.279083251953125,23.42657470703125
256,8,powers-two,aligned,3,32768,505854,510629,15.43743896484375,15.583160400390625
256,8,powers-two,unrolled,3,32768,766242,771441,23.38385009765625,23.542510986328125
256,8,powers-two,aligned-unrolled,3,32768,490438,495556,14.96697998046875,15.1231689453125
256,8,powers-two,openblas,3,32768,805603,810854,24.585052490234375,24.74530029296875
256,8,powers-two,onemkl,3,32768,587461,592290,17.927886962890625,18.07525634765625
256,8,powers-two,baseline,4,32768,765897,770845,23.373321533203125,23.524322509765625
256,8,powers-two,aligned,4,32768,509069,513906,15.535552978515625,15.68316650390625
256,8,powers-two,unrolled,4,32768,790611,797769,24.127532958984375,24.345977783203125
256,8,powers-two,aligned-unrolled,4,32768,494885,499779,15.102691650390625,15.252044677734375
256,8,powers-two,openblas,4,32768,804294,809573,24.54510498046875,24.706207275390625
256,8,powers-two,onemkl,4,32768,588216,593113,17.950927734375,18.100372314453125
256,8,powers-two,baseline,5,32768,765759,770961,23.369110107421875,23.527862548828125
256,8,powers-two,aligned,5,32768,507320,512149,15.482177734375,15.629547119140625
256,8,powers-two,unrolled,5,32768,763063,768305,23.286834716796875,23.446807861328125
256,8,powers-two,aligned-unrolled,5,32768,492616,497509,15.033447265625,15.182769775390625
256,8,powers-two,openblas,5,32768,804278,809698,24.54461669921875,24.71002197265625
256,8,powers-two,onemkl,5,32768,586545,591706,17.899932861328125,18.05743408203125
256,8,reset,baseline,1,32768,1166940,1173545,35.6121826171875,35.813751220703125
256,8,reset,aligned,1,32768,916710,922314,27.97576904296875,28.14678955078125
256,8,reset,unrolled,1,32768,1178558,1184026,35.96673583984375,36.13360595703125
256,8,reset,aligned-unrolled,1,32768,917341,922810,27.995025634765625,28.16192626953125
256,8,reset,openblas,1,32768,1201930,1207585,36.67999267578125,36.852569580078125
256,8,reset,onemkl,1,32768,1042125,1047675,31.803131103515625,31.972503662109375
256,8,reset,baseline,2,32768,1157865,1163133,35.335235595703125,35.496002197265625
256,8,reset,aligned,2,32768,915586,920795,27.94146728515625,28.100433349609375
256,8,reset,unrolled,2,32768,1165148,1170402,35.5574951171875,35.71783447265625
256,8,reset,aligned-unrolled,2,32768,905588,910796,27.6363525390625,27.7952880859375
256,8,reset,openblas,2,32768,1186631,1191806,36.213104248046875,36.37103271484375
256,8,reset,onemkl,2,32768,1031035,1036265,31.464691162109375,31.624298095703125
256,8,reset,baseline,3,32768,1148622,1154050,35.05316162109375,35.21881103515625
256,8,reset,aligned,3,32768,903293,908428,27.566314697265625,27.7230224609375
256,8,reset,unrolled,3,32768,1152212,1157395,35.1627197265625,35.320892333984375
256,8,reset,aligned-unrolled,3,32768,898776,903977,27.428466796875,27.587188720703125
256,8,reset,openblas,3,32768,1184628,1189990,36.1519775390625,36.31561279296875
256,8,reset,onemkl,3,32768,1026540,1031955,31.3275146484375,31.492767333984375
256,8,reset,baseline,4,32768,1153404,1158992,35.1990966796875,35.36962890625
256,8,reset,aligned,4,32768,917691,923238,28.005706787109375,28.17498779296875
256,8,reset,unrolled,4,32768,1164593,1170001,35.540557861328125,35.705596923828125
256,8,reset,aligned-unrolled,4,32768,911973,917349,27.831207275390625,27.995269775390625
256,8,reset,openblas,4,32768,1198120,1203473,36.563720703125,36.727081298828125
256,8,reset,onemkl,4,32768,1040139,1046013,31.742523193359375,31.921783447265625
256,8,reset,baseline,5,32768,1158452,1163832,35.3531494140625,35.517333984375
256,8,reset,aligned,5,32768,917063,922189,27.986541748046875,28.142974853515625
256,8,reset,unrolled,5,32768,1173591,1178772,35.815155029296875,35.9732666015625
256,8,reset,aligned-unrolled,5,32768,910949,916147,27.799957275390625,27.958587646484375
256,8,reset,openblas,5,32768,1194562,1199767,36.45513916015625,36.613983154296875
256,8,reset,onemkl,5,32768,1039522,1044818,31.72369384765625,31.88531494140625
256,16,negate,baseline,1,32768,792638,797770,24.18939208984375,24.34600830078125
256,16,negate,aligned,1,32768,502669,507660,15.340240478515625,15.4925537109375
256,16,negate,unrolled,1,32768,792890,797931,24.19708251953125,24.350921630859375
256,16,negate,aligned-unrolled,1,32768,492678,497689,15.03533935546875,15.188262939453125
256,16,negate,openblas,1,32768,833677,838723,25.441802978515625,25.595794677734375
256,16,negate,onemkl,1,32768,596664,601763,18.208740234375,18.364349365234375
256,16,negate,baseline,2,32768,783092,788093,23.8980712890625,24.050689697265625
256,16,negate,aligned,2,32768,494395,499315,15.087738037109375,15.237884521484375
256,16,negate,unrolled,2,32768,808723,813734,24.680267333984375,24.83319091796875
256,16,negate,aligned-unrolled,2,32768,486526,491557,14.84759521484375,15.001129150390625
256,16,negate,openblas,2,32768,823201,828225,25.122100830078125,25.275421142578125
256,16,negate,onemkl,2,32768,589254,594297,17.98260498046875,18.136505126953125
256,16,negate,baseline,3,32768,783736,788983,23.917724609375,24.077850341796875
256,16,negate,aligned,3,32768,495025,500044,15.106964111328125,15.2601318359375
256,16,negate,unrolled,3,32768,786501,791487,24.002105712890625,24.154266357421875
256,16,negate,aligned-unrolled,3,32768,487162,492209,14.86700439453125,15.021026611328125
256,16,negate,openblas,3,32768,823812,828814,25.1407470703125,25.29339599609375
256,16,negate,onemkl,3,32768,589086,594091,17.97747802734375,18.130218505859375
256,16,negate,baseline,4,32768,771469,776596,23.543365478515625,23.6998291015625
256,16,negate,aligned,4,32768,484417,489596,14.783233642578125,14.9412841796875
256,16,negate,unrolled,4,32768,766058,771004,23.37823486328125,23.5291748046875
256,16,negate,aligned-unrolled,4,32768,483326,488331,14.74993896484375,14.902679443359375
256,16,negate,openblas,4,32768,804504,809612,24.551513671875,24.7073974609375
256,16,negate,onemkl,4,32768,579092,584080,17.6724853515625,17.82470703125
256,16,negate,baseline,5,32768,766089,771003,23.379180908203125,23.529144287109375
256,16,negate,aligned,5,32768,483376,488226,14.75146484375,14.89947509765625
256,16,negate,unrolled,5,32768,763299,768204,23.294036865234375,23.4437255859375
256,16,negate,aligned-unrolled,5,32768,476892,481759,14.5535888671875,14.702117919921875
256,16,negate,openblas,5,32768,803624,808580,24.524658203125,24.6759033203125
256,16,negate,onemkl,5,32768,573570,578453,17.50396728515625,17.652984619140625
256,16,powers-two,baseline,1,32768,762851,767699,23.280364990234375,23.428314208984375
256,16,powers-two,aligned,1,32768,492585,497477,15.032501220703125,15.181793212890625
256,16,powers-two,unrolled,1,32768,771401,776923,23.541290283203125,23.709808349609375
256,16,powers-two,aligned-unrolled,1,32768,482993,487799,14.739776611328125,14.886444091796875
256,16,powers-two,openblas,1,32768,802395,807807,24.487152099609375,24.652313232421875
256,16,powers-two,onemkl,1,32768,591293,596683,18.044830322265625,18.209320068359375
256,16,powers-two,baseline,2,32768,769366,774321,23.47918701171875,23.630401611328125
256,16,powers-two,aligned,2,32768,493395,498236,15.057220458984375,15.2049560546875
256,16,powers-two,unrolled,2,32768,773341,778605,23.600494384765625,23.761138916015625
256,16,powers-two,aligned-unrolled,2,32768,489460,494519,14.9371337890625,15.091522216796875
256,16,powers-two,openblas,2,32768,812143,817402,24.784637451171875,24.94512939453125
256,16,powers-two,onemkl,2,32768,593034,598116,18.09796142578125,18.2530517578125
256,16,powers-two,baseline,3,32768,775235,784420,23.658294677734375,23.9385986328125
256,16,powers-two,aligned,3,32768,495144,500021,15.110595703125,15.259429931640625
256,16,powers-two,unrolled,3,32768,769294,774567,23.47698974609375,23.637908935546875
256,16,powers-two,aligned-unrolled,3,32768,486766,491648,14.85491943359375,15.00390625
256,16,powers-two,openblas,3,32768,806582,812010,24.61492919921875,24.78057861328125
256,16,powers-two,onemkl,3,32768,597974,603056,18.24871826171875,18.40380859375
256,16,powers-two,baseline,4,32768,778233,783179,23.749786376953125,23.900726318359375
256,16,powers-two,aligned,4,32768,501946,506888,15.31817626953125,15.468994140625
256,16,powers-two,unrolled,4,32768,785804,791112,23.9808349609375,24.142822265625
256,16,powers-two,aligned-unrolled,4,32768,491697,496676,15.005401611328125,15.1573486328125
256,16,powers-two,openblas,4,32768,812587,817862,24.798187255859375,24.95916748046875
256,16,powers-two,onemkl,4,32768,599004,604162,18.2801513671875,18.43756103515625
256,16,powers-two,baseline,5,32768,773530,778486,23.60626220703125,23.75750732421875
256,16,powers-two,aligned,5,32768,496836,501739,15.1622314453125,15.311859130859375
256,16,powers-two,unrolled,5,32768,770919,776393,23.526580810546875,23.693634033203125
256,16,powers-two,aligned-unrolled,5,32768,488745,493636,14.915313720703125,15.0645751953125
256,16,powers-two,openblas,5,32768,813074,818838,24.81304931640625,24.98895263671875
256,16,powers-two,onemkl,5,32768,598167,603316,18.254608154296875,18.4117431640625
256,16,reset,baseline,1,32768,1153389,1158640,35.198638916015625,35.35888671875
256,16,reset,aligned,1,32768,846779,852330,25.841644287109375,26.01104736328125
256,16,reset,unrolled,1,32768,1178998,1184348,35.98016357421875,36.1434326171875
256,16,reset,aligned-unrolled,1,32768,829073,834568,25.301300048828125,25.468994140625
256,16,reset,openblas,1,32768,1215389,1220847,37.090728759765625,37.257293701171875
256,16,reset,onemkl,1,32768,938776,944232,28.649169921875,28.815673828125
256,16,reset,baseline,2,32768,1163575,1168991,35.509490966796875,35.674774169921875
256,16,reset,aligned,2,32768,853689,859426,26.052520751953125,26.22760009765625
256,16,reset,unrolled,2,32768,1177620,1182921,35.9381103515625,36.099884033203125
256,16,reset,aligned-unrolled,2,32768,832441,837877,25.404083251953125,25.569976806640625
256,16,reset,openblas,2,32768,1225662,1231174,37.40423583984375,37.57244873046875
256,16,reset,onemkl,2,32768,954151,959608,29.118377685546875,29.284912109375
256,16,reset,baseline,3,32768,1157989,1163251,35.339019775390625,35.499603271484375
256,16,reset,aligned,3,32768,858256,863802,26.19189453125,26.36114501953125
256,16,reset,unrolled,3,32768,1172590,1177934,35.78460693359375,35.94769287109375
256,16,reset,aligned-unrolled,3,32768,828732,838156,25.2908935546875,25.5784912109375
256,16,reset,openblas,3,32768,1228132,1233641,37.4796142578125,37.647735595703125
256,16,reset,onemkl,3,32768,942847,948191,28.773406982421875,28.936492919921875
256,16,reset,baseline,4,32768,1168840,1174248,35.670166015625,35.835205078125
256,16,reset,aligned,4,32768,855735,861322,26.114959716796875,26.28546142578125
256,16,reset,unrolled,4,32768,1188473,1193943,36.269317626953125,36.436248779296875
256,16,reset,aligned-unrolled,4,32768,833120,838572,25.4248046875,25.5911865234375
256,16,reset,openblas,4,32768,1215320,1220653,37.088623046875,37.251373291015625
256,16,reset,onemkl,4,32768,940011,945621,28.686859130859375,28.858062744140625
256,16,reset,baseline,5,32768,1138255,1143534,34.736785888671875,34.89788818359375
256,16,reset,aligned,5,32768,840931,846457,25.663177490234375,25.831817626953125
256,16,reset,unrolled,5,32768,1155233,1160396,35.254913330078125,35.4124755859375
256,16,reset,aligned-unrolled,5,32768,815635,820984,24.891204833984375,25.054443359375
256,16,reset,openblas,5,32768,1193441,1199078,36.420928955078125,36.59295654296875
256,16,reset,onemkl,5,32768,926504,931733,28.274658203125,28.434234619140625
256,24,negate,baseline,1,32768,793447,798572,24.214080810546875,24.3704833984375
256,24,negate,aligned,1,32768,498393,503699,15.209747314453125,15.371673583984375
256,24,negate,unrolled,1,32768,793591,798795,24.218475341796875,24.377288818359375
256,24,negate,aligned-unrolled,1,32768,487636,492707,14.8814697265625,15.036224365234375
256,24,negate,openblas,1,32768,830477,835545,25.344146728515625,25.498809814453125
256,24,negate,onemkl,1,32768,603902,609224,18.42962646484375,18.592041015625
256,24,negate,baseline,2,32768,788577,793622,24.065460205078125,24.21942138671875
256,24,negate,aligned,2,32768,489934,495098,14.95159912109375,15.10919189453125
256,24,negate,unrolled,2,32768,788563,793516,24.065032958984375,24.2161865234375
256,24,negate,aligned-unrolled,2,32768,480034,487027,14.64947509765625,14.862884521484375
256,24,negate,openblas,2,32768,832727,837825,25.412811279296875,25.568389892578125
256,24,negate,onemkl,2,32768,591050,596326,18.03741455078125,18.19842529296875
256,24,negate,baseline,3,32768,789616,794752,24.09716796875,24.25390625
256,24,negate,aligned,3,32768,489044,494721,14.9244384765625,15.097686767578125
256,24,negate,unrolled,3,32768,785858,790860,23.98248291015625,24.1351318359375
256,24,negate,aligned-unrolled,3,32768,481575,486771,14.696502685546875,14.855072021484375
256,24,negate,openblas,3,32768,828529,833565,25.284698486328125,25.438385009765625
256,24,negate,onemkl,3,32768,592959,598174,18.095672607421875,18.25482177734375
256,24,negate,baseline,4,32768,783788,789147,23.9193115234375,24.082855224609375
256,24,negate,aligned,4,32768,489309,494475,14.932525634765625,15.090179443359375
256,24,negate,unrolled,4,32768,783734,788713,23.91766357421875,24.069610595703125
256,24,negate,aligned-unrolled,4,32768,478174,483122,14.59271240234375,14.74371337890625
256,24,negate,openblas,4,32768,824352,829455,25.1572265625,25.312957763671875
256,24,negate,onemkl,4,32768,595554,600767,18.17486572265625,18.333953857421875
256,24,negate,baseline,5,32768,771188,776138,23.5347900390625,23.68585205078125
256,24,negate,aligned,5,32768,478636,483695,14.6068115234375,14.761199951171875
256,24,negate,unrolled,5,32768,766432,771248,23.3896484375,23.53662109375
256,24,negate,aligned-unrolled,5,32768,470580,475437,14.3609619140625,14.509185791015625
256,24,negate,openblas,5,32768,804984,809872,24.566162109375,24.71533203125
256,24,negate,onemkl,5,32768,580171,585255,17.705413818359375,17.860565185546875
256,24,powers-two,baseline,1,32768,787675,792879,24.037933349609375,24.196746826171875
256,24,powers-two,aligned,1,32768,496877,502034,15.163482666015625,15.32086181640625
256,24,powers-two,unrolled,1,32768,787940,793540,24.0460205078125,24.2169189453125
256,24,powers-two,aligned-unrolled,1,32768,487356,493282,14.8729248046875,15.05377197265625
256,24,powers-two,openblas,1,32768,825999,831549,25.207489013671875,25.376861572265625
256,24,powers-two,onemkl,1,32768,605068,610239,18.4652099609375,18.623016357421875
256,24,powers-two,baseline,2,32768,772768,777718,23.5830078125,23.73406982421875
256,24,powers-two,aligned,2,32768,486597,491537,14.849761962890625,15.000518798828125
256,24,powers-two,unrolled,2,32768,780646,786040,23.82342529296875,23.988037109375
256,24,powers-two,aligned-unrolled,2,32768,487980,492867,14.8919677734375,15.041107177734375
256,24,powers-two,openblas,2,32768,813205,818659,24.817047119140625,24.983489990234375
256,24,powers-two,onemkl,2,32768,603294,608398,18.41107177734375,18.56683349609375
256,24,powers-two,baseline,3,32768,779860,784953,23.7994384765625,23.954864501953125
256,24,powers-two,aligned,3,32768,497920,502845,15.1953125,15.345611572265625
256,24,powers-two,unrolled,3,32768,784604,790047,23.9442138671875,24.110321044921875
256,24,powers-two,aligned-unrolled,3,32768,484094,489095,14.77337646484375,14.925994873046875
256,24,powers-two,openblas,3,32768,822780,828471,25.1092529296875,25.282928466796875
256,24,powers-two,onemkl,3,32768,602570,607593,18.38897705078125,18.542266845703125
256,24,powers-two,baseline,4,32768,786291,791333,23.995697021484375,24.149566650390625
256,24,powers-two,aligned,4,32768,497967,502979,15.196746826171875,15.349700927734375
256,24,powers-two,unrolled,4,32768,783058,788530,23.89703369140625,24.06402587890625
256,24,powers-two,aligned-unrolled,4,32768,488941,493939,14.921295166015625,15.073822021484375
256,24,powers-two,openblas,4,32768,831497,837166,25.375274658203125,25.54827880859375
256,24,powers-two,onemkl,4,32768,600725,605814,18.332672119140625,18.48797607421875
256,24,powers-two,baseline,5,32768,772049,777403,23.561065673828125,23.724456787109375
256,24,powers-two,aligned,5,32768,490810,495798,14.97833251953125,15.13055419921875
256,24,powers-two,unrolled,5,32768,770724,776199,23.5206298828125,23.687713623046875
256,24,powers-two,aligned-unrolled,5,32768,479433,484323,14.631134033203125,14.780364990234375
256,24,powers-two,openblas,5,32768,822249,828197,25.093048095703125,25.274566650390625
256,24,powers-two,onemkl,5,32768,593181,598257,18.102447509765625,18.257354736328125
256,24,reset,baseline,1,32768,1150499,1155783,35.110443115234375,35.271697998046875
256,24,reset,aligned,1,32768,873903,879442,26.669403076171875,26.83843994140625
256,24,reset,unrolled,1,32768,1146573,1151705,34.990631103515625,35.147247314453125
256,24,reset,aligned-unrolled,1,32768,868868,874173,26.5157470703125,26.677642822265625
256,24,reset,openblas,1,32768,1176876,1182261,35.9154052734375,36.079742431640625
256,24,reset,onemkl,1,32768,1031594,1037513,31.48175048828125,31.662384033203125
256,24,reset,baseline,2,32768,1154934,1160247,35.24578857421875,35.407928466796875
256,24,reset,aligned,2,32768,881708,887213,26.9075927734375,27.075592041015625
256,24,reset,unrolled,2,32768,1166185,1171525,35.589141845703125,35.752105712890625
256,24,reset,aligned-unrolled,2,32768,868092,873421,26.4920654296875,26.654693603515625
256,24,reset,openblas,2,32768,1179991,1185162,36.010467529296875,36.16827392578125
256,24,reset,onemkl,2,32768,1032301,1037764,31.503326416015625,31.6700439453125
256,24,reset,baseline,3,32768,1148271,1153609,35.042449951171875,35.205352783203125
256,24,reset,aligned,3,32768,871305,876917,26.590118408203125,26.761383056640625
256,24,reset,unrolled,3,32768,1149985,1155105,35.094757080078125,35.251007080078125
256,24,reset,aligned-unrolled,3,32768,866775,872055,26.451873779296875,26.613006591796875
256,24,reset,openblas,3,32768,1186546,1191820,36.21051025390625,36.3714599609375
256,24,reset,onemkl,3,32768,1035046,1040604,31.58709716796875,31.7567138671875
256,24,reset,baseline,4,32768,1159276,1164815,35.3782958984375,35.547332763671875
256,24,reset,aligned,4,32768,883299,888792,26.956146240234375,27.123779296875
256,24,reset,unrolled,4,32768,1162917,1168329,35.489410400390625,35.654571533203125
256,24,reset,aligned-unrolled,4,32768,870298,875702,26.55938720703125,26.72430419921875
256,24,reset,openblas,4,32768,1190639,1196006,36.335418701171875,36.49920654296875
256,24,reset,onemkl,4,32768,1041915,1047578,31.796722412109375,31.96954345703125
256,24,reset,baseline,5,32768,1175716,1181250,35.8800048828125,36.04888916015625
256,24,reset,aligned,5,32768,893731,899289,27.274505615234375,27.444122314453125
256,24,reset,unrolled,5,32768,1175401,1180665,35.870391845703125,36.031036376953125
256,24,reset,aligned-unrolled,5,32768,885300,890662,27.0172119140625,27.18084716796875
256,24,reset,openblas,5,32768,1205478,1210800,36.78826904296875,36.95068359375
256,24,reset,onemkl,5,32768,1051577,1057033,32.091583251953125,32.258087158203125
