n,offset_bytes,mode,implementation,sample,operations,cpu_ns,wall_ns,cpu_ns_per_op,wall_ns_per_op
64,0,negate,baseline,1,131072,772500,778498,5.893707275390625,5.9394683837890625
64,0,negate,aligned,1,131072,626800,633170,4.7821044921875,4.8307037353515625
64,0,negate,unrolled,1,131072,640328,646234,4.88531494140625,4.9303741455078125
64,0,negate,aligned-unrolled,1,131072,590102,595509,4.5021209716796875,4.5433731079101562
64,0,negate,openblas,1,131072,1008627,1014630,7.6952133178710938,7.7410125732421875
64,0,negate,onemkl,1,131072,1645813,1651876,12.556556701660156,12.602813720703125
64,0,negate,baseline,2,131072,866631,872396,6.6118698120117188,6.655853271484375
64,0,negate,aligned,2,131072,639974,645887,4.8826141357421875,4.9277267456054688
64,0,negate,unrolled,2,131072,654258,660333,4.9915924072265625,5.0379409790039062
64,0,negate,aligned-unrolled,2,131072,607836,613651,4.637420654296875,4.6817855834960938
64,0,negate,openblas,2,131072,1038480,1044012,7.9229736328125,7.965179443359375
64,0,negate,onemkl,2,131072,1692026,1697859,12.909133911132812,12.953636169433594
64,0,negate,baseline,3,131072,850205,855623,6.4865493774414062,6.5278854370117188
64,0,negate,aligned,3,131072,627669,633180,4.7887344360351562,4.830780029296875
64,0,negate,unrolled,3,131072,621911,627335,4.7448043823242188,4.7861862182617188
64,0,negate,aligned-unrolled,3,131072,576323,581696,4.3969955444335938,4.43798828125
64,0,negate,openblas,3,131072,985024,990385,7.51513671875,7.5560379028320312
64,0,negate,onemkl,3,131072,1624130,1629763,12.391128540039062,12.434104919433594
64,0,negate,baseline,4,131072,843037,848419,6.4318618774414062,6.4729232788085938
64,0,negate,aligned,4,131072,609019,614523,4.6464462280273438,4.6884384155273438
64,0,negate,unrolled,4,131072,620430,625786,4.7335052490234375,4.7743682861328125
64,0,negate,aligned-unrolled,4,131072,576124,581592,4.395477294921875,4.43719482421875
64,0,negate,openblas,4,131072,982610,988158,7.4967193603515625,7.5390472412109375
64,0,negate,onemkl,4,131072,1597515,1602987,12.188072204589844,12.229820251464844
64,0,negate,baseline,5,131072,843000,851960,6.43157958984375,6.49993896484375
64,0,negate,aligned,5,131072,596407,601878,4.5502243041992188,4.5919647216796875
64,0,negate,unrolled,5,131072,613179,618544,4.6781845092773438,4.7191162109375
64,0,negate,aligned-unrolled,5,131072,581953,587318,4.4399490356445312,4.4808807373046875
64,0,negate,openblas,5,131072,979490,985088,7.4729156494140625,7.515625
64,0,negate,onemkl,5,131072,1633309,1638987,12.461158752441406,12.504478454589844
64,0,negate,baseline,6,131072,816694,821930,6.2308807373046875,6.2708282470703125
64,0,negate,aligned,6,131072,591005,596206,4.5090103149414062,4.5486907958984375
64,0,negate,unrolled,6,131072,602102,607246,4.5936737060546875,4.6329193115234375
64,0,negate,aligned-unrolled,6,131072,557265,562399,4.2515945434570312,4.2907638549804688
64,0,negate,openblas,6,131072,951771,957041,7.2614364624023438,7.3016433715820312
64,0,negate,onemkl,6,131072,1600430,1605742,12.210311889648438,12.250839233398438
64,0,negate,baseline,7,131072,822566,828077,6.2756805419921875,6.3177261352539062
64,0,negate,aligned,7,131072,598207,603347,4.5639572143554688,4.6031723022460938
64,0,negate,unrolled,7,131072,612500,617767,4.673004150390625,4.7131881713867188
64,0,negate,aligned-unrolled,7,131072,559170,564471,4.2661285400390625,4.3065719604492188
64,0,negate,openblas,7,131072,951896,957121,7.26239013671875,7.3022537231445312
64,0,negate,onemkl,7,131072,1607768,1613143,12.26629638671875,12.307304382324219
64,0,powers-two,baseline,1,131072,761016,766151,5.80609130859375,5.8452682495117188
64,0,powers-two,aligned,1,131072,596016,601109,4.5472412109375,4.5860977172851562
64,0,powers-two,unrolled,1,131072,553055,558206,4.2194747924804688,4.2587738037109375
64,0,powers-two,aligned-unrolled,1,131072,567273,572892,4.3279495239257812,4.370819091796875
64,0,powers-two,openblas,1,131072,897808,903476,6.8497314453125,6.892974853515625
64,0,powers-two,onemkl,1,131072,1478098,1483563,11.276992797851562,11.318687438964844
64,0,powers-two,baseline,2,131072,783567,788896,5.9781417846679688,6.018798828125
64,0,powers-two,aligned,2,131072,616505,621919,4.7035598754882812,4.7448654174804688
64,0,powers-two,unrolled,2,131072,561237,566463,4.2818984985351562,4.3217697143554688
64,0,powers-two,aligned-unrolled,2,131072,584621,590312,4.4603042602539062,4.50372314453125
64,0,powers-two,openblas,2,131072,948929,954286,7.2397537231445312,7.2806243896484375
64,0,powers-two,onemkl,2,131072,1538778,1544366,11.739944458007812,11.782577514648438
64,0,powers-two,baseline,3,131072,787595,793093,6.0088729858398438,6.0508193969726562
64,0,powers-two,aligned,3,131072,604669,609946,4.6132583618164062,4.6535186767578125
64,0,powers-two,unrolled,3,131072,569089,574422,4.3418045043945312,4.3824920654296875
64,0,powers-two,aligned-unrolled,3,131072,591971,597704,4.5163803100585938,4.56011962890625
64,0,powers-two,openblas,3,131072,963372,968750,7.349945068359375,7.3909759521484375
64,0,powers-two,onemkl,3,131072,1545027,1550970,11.787620544433594,11.832962036132812
64,0,powers-two,baseline,4,131072,784577,790347,5.9858474731445312,6.0298690795898438
64,0,powers-two,aligned,4,131072,620291,625671,4.7324447631835938,4.7734909057617188
64,0,powers-two,unrolled,4,131072,577005,582366,4.4021987915039062,4.4430999755859375
64,0,powers-two,aligned-unrolled,4,131072,601000,606769,4.58526611328125,4.6292800903320312
64,0,powers-two,openblas,4,131072,987940,993340,7.537384033203125,7.578582763671875
64,0,powers-two,onemkl,4,131072,1562785,1568302,11.923103332519531,11.965194702148438
64,0,powers-two,baseline,5,131072,792291,798140,6.0447006225585938,6.089324951171875
64,0,powers-two,aligned,5,131072,618392,623988,4.71795654296875,4.760650634765625
64,0,powers-two,unrolled,5,131072,567920,573351,4.3328857421875,4.3743209838867188
64,0,powers-two,aligned-unrolled,5,131072,593283,599115,4.5263900756835938,4.5708847045898438
64,0,powers-two,openblas,5,131072,978986,984460,7.4690704345703125,7.510833740234375
64,0,powers-two,onemkl,5,131072,1562736,1568502,11.9227294921875,11.966720581054688
64,0,powers-two,baseline,6,131072,794648,800553,6.06268310546875,6.1077346801757812
64,0,powers-two,aligned,6,131072,620088,625597,4.73089599609375,4.7729263305664062
64,0,powers-two,unrolled,6,131072,578510,583892,4.4136810302734375,4.454742431640625
64,0,powers-two,aligned-unrolled,6,131072,591107,596832,4.5097885131835938,4.553466796875
64,0,powers-two,openblas,6,131072,981009,986465,7.4845046997070312,7.5261306762695312
64,0,powers-two,onemkl,6,131072,1560813,1566293,11.908058166503906,11.949867248535156
64,0,powers-two,baseline,7,131072,787861,793484,6.0109024047851562,6.053802490234375
64,0,powers-two,aligned,7,131072,607021,612449,4.6312026977539062,4.6726150512695312
64,0,powers-two,unrolled,7,131072,565100,570373,4.311370849609375,4.3516006469726562
64,0,powers-two,aligned-unrolled,7,131072,586087,591742,4.4714889526367188,4.5146331787109375
64,0,powers-two,openblas,7,131072,963358,968648,7.3498382568359375,7.39019775390625
64,0,powers-two,onemkl,7,131072,1553434,1558970,11.851760864257812,11.893997192382812
64,0,reset,baseline,1,131072,1306971,1312491,9.9713973999023438,10.013511657714844
64,0,reset,aligned,1,131072,1135560,1142933,8.66363525390625,8.7198867797851562
64,0,reset,unrolled,1,131072,1133886,1139440,8.6508636474609375,8.6932373046875
64,0,reset,aligned-unrolled,1,131072,1112324,1118050,8.486358642578125,8.5300445556640625
64,0,reset,openblas,1,131072,1542278,1548062,11.766647338867188,11.810775756835938
64,0,reset,onemkl,1,131072,2154771,2160451,16.439598083496094,16.482933044433594
64,0,reset,baseline,2,131072,1357971,1363581,10.360496520996094,10.403297424316406
64,0,reset,aligned,2,131072,1122939,1128453,8.5673446655273438,8.6094131469726562
64,0,reset,unrolled,2,131072,1130606,1136228,8.6258392333984375,8.668731689453125
64,0,reset,aligned-unrolled,2,131072,1106747,1112204,8.4438095092773438,8.485443115234375
64,0,reset,openblas,2,131072,1552487,1560881,11.844535827636719,11.908576965332031
64,0,reset,onemkl,2,131072,2172876,2179882,16.577728271484375,16.631179809570312
64,0,reset,baseline,3,131072,1348670,1354572,10.289535522460938,10.334564208984375
64,0,reset,aligned,3,131072,1161102,1166853,8.8585052490234375,8.9023818969726562
64,0,reset,unrolled,3,131072,1139118,1145078,8.6907806396484375,8.7362518310546875
64,0,reset,aligned-unrolled,3,131072,1137722,1143279,8.6801300048828125,8.7225265502929688
64,0,reset,openblas,3,131072,1593156,1598957,12.154815673828125,12.199073791503906
64,0,reset,onemkl,3,131072,2192026,2198065,16.723831176757812,16.769905090332031
64,0,reset,baseline,4,131072,1320064,1325474,10.0712890625,10.112564086914062
64,0,reset,aligned,4,131072,1128810,1134268,8.6121368408203125,8.653778076171875
64,0,reset,unrolled,4,131072,1114279,1119839,8.5012741088867188,8.5436935424804688
64,0,reset,aligned-unrolled,4,131072,1113616,1119129,8.4962158203125,8.5382766723632812
64,0,reset,openblas,4,131072,1557442,1563109,11.882339477539062,11.925575256347656
64,0,reset,onemkl,4,131072,2174292,2180014,16.588531494140625,16.632186889648438
64,0,reset,baseline,5,131072,1344341,1350118,10.256507873535156,10.300582885742188
64,0,reset,aligned,5,131072,1149131,1154716,8.7671737670898438,8.809783935546875
64,0,reset,unrolled,5,131072,1113351,1118812,8.4941940307617188,8.535858154296875
64,0,reset,aligned-unrolled,5,131072,1111429,1117048,8.4795303344726562,8.52239990234375
64,0,reset,openblas,5,131072,1547174,1552763,11.804000854492188,11.846641540527344
64,0,reset,onemkl,5,131072,2173596,2179530,16.583221435546875,16.628494262695312
64,0,reset,baseline,6,131072,1303166,1308870,9.9423675537109375,9.9858856201171875
64,0,reset,aligned,6,131072,1124386,1129817,8.5783843994140625,8.6198196411132812
64,0,reset,unrolled,6,131072,1092145,1097721,8.3324050903320312,8.3749465942382812
64,0,reset,aligned-unrolled,6,131072,1096036,1101386,8.362091064453125,8.4029083251953125
64,0,reset,openblas,6,131072,1521917,1527502,11.611305236816406,11.653915405273438
64,0,reset,onemkl,6,131072,2122187,2128009,16.191001892089844,16.235420227050781
64,0,reset,baseline,7,131072,1323567,1329079,10.098014831542969,10.140068054199219
64,0,reset,aligned,7,131072,1139397,1145062,8.6929092407226562,8.7361297607421875
64,0,reset,unrolled,7,131072,1131172,1137083,8.630157470703125,8.6752548217773438
64,0,reset,aligned-unrolled,7,131072,1108471,1114197,8.4569625854492188,8.5006484985351562
64,0,reset,openblas,7,131072,1554330,1560068,11.858596801757812,11.902374267578125
64,0,reset,onemkl,7,131072,2153789,2159799,16.432106018066406,16.477958679199219
64,8,negate,baseline,1,131072,848687,853919,6.4749679565429688,6.5148849487304688
64,8,negate,aligned,1,131072,847038,852563,6.4623870849609375,6.5045394897460938
64,8,negate,unrolled,1,131072,845380,850619,6.449737548828125,6.4897079467773438
64,8,negate,aligned-unrolled,1,131072,954659,959999,7.2834701538085938,7.3242111206054688
64,8,negate,openblas,1,131072,1023619,1029033,7.8095932006835938,7.8508987426757812
64,8,negate,onemkl,1,131072,1795192,1800637,13.69622802734375,13.737770080566406
64,8,negate,baseline,2,131072,831844,836995,6.346466064453125,6.3857650756835938
64,8,negate,aligned,2,131072,830315,835493,6.3348007202148438,6.3743057250976562
64,8,negate,unrolled,2,131072,833891,839117,6.3620834350585938,6.4019546508789062
64,8,negate,aligned-unrolled,2,131072,929161,934289,7.0889358520507812,7.1280593872070312
64,8,negate,openblas,2,131072,1000206,1005337,7.6309661865234375,7.6701126098632812
64,8,negate,onemkl,2,131072,1750845,1756163,13.357887268066406,13.398460388183594
64,8,negate,baseline,3,131072,836889,842159,6.3849563598632812,6.4251632690429688
64,8,negate,aligned,3,131072,835227,840401,6.3722763061523438,6.4117507934570312
64,8,negate,unrolled,3,131072,827523,832665,6.3134994506835938,6.3527297973632812
64,8,negate,aligned-unrolled,3,131072,935510,940700,7.1373748779296875,7.176971435546875
64,8,negate,openblas,3,131072,1000399,1005575,7.6324386596679688,7.6719284057617188
64,8,negate,onemkl,3,131072,1754881,1760199,13.388679504394531,13.429252624511719
64,8,negate,baseline,4,131072,838116,843410,6.394317626953125,6.4347076416015625
64,8,negate,aligned,4,131072,838303,843723,6.3957443237304688,6.4370956420898438
64,8,negate,unrolled,4,131072,839877,845152,6.4077529907226562,6.447998046875
64,8,negate,aligned-unrolled,4,131072,1014608,1019935,7.7408447265625,7.7814865112304688
64,8,negate,openblas,4,131072,1010733,1015964,7.7112808227539062,7.751190185546875
64,8,negate,onemkl,4,131072,1778139,1783553,13.566123962402344,13.607429504394531
64,8,negate,baseline,5,131072,828230,833408,6.3188934326171875,6.3583984375
64,8,negate,aligned,5,131072,827756,832936,6.315277099609375,6.35479736328125
64,8,negate,unrolled,5,131072,826392,831549,6.30487060546875,6.3442153930664062
64,8,negate,aligned-unrolled,5,131072,926003,931122,7.0648422241210938,7.1038970947265625
64,8,negate,openblas,5,131072,996385,1001782,7.6018142700195312,7.6429901123046875
64,8,negate,onemkl,5,131072,1762839,1768328,13.449394226074219,13.49127197265625
64,8,negate,baseline,6,131072,828380,833699,6.320037841796875,6.3606185913085938
64,8,negate,aligned,6,131072,827382,832446,6.3124237060546875,6.3510589599609375
64,8,negate,unrolled,6,131072,826121,831349,6.3028030395507812,6.3426895141601562
64,8,negate,aligned-unrolled,6,131072,925767,930970,7.0630416870117188,7.1027374267578125
64,8,negate,openblas,6,131072,996538,1001780,7.6029815673828125,7.642974853515625
64,8,negate,onemkl,6,131072,1755755,1761248,13.395347595214844,13.437255859375
64,8,negate,baseline,7,131072,811472,816559,6.1910400390625,6.2298507690429688
64,8,negate,aligned,7,131072,818316,823300,6.243255615234375,6.281280517578125
64,8,negate,unrolled,7,131072,838666,852999,6.3985137939453125,6.5078659057617188
64,8,negate,aligned-unrolled,7,131072,914374,919566,6.9761199951171875,7.0157318115234375
64,8,negate,openblas,7,131072,980814,986016,7.4830169677734375,7.522705078125
64,8,negate,onemkl,7,131072,1717223,1722625,13.101371765136719,13.142585754394531
64,8,powers-two,baseline,1,131072,826022,831628,6.3020477294921875,6.344818115234375
64,8,powers-two,aligned,1,131072,830022,835320,6.3325653076171875,6.37298583984375
64,8,powers-two,unrolled,1,131072,827166,832539,6.3107757568359375,6.3517684936523438
64,8,powers-two,aligned-unrolled,1,131072,963258,968886,7.3490753173828125,7.3920135498046875
64,8,powers-two,openblas,1,131072,992551,997814,7.5725631713867188,7.6127166748046875
64,8,powers-two,onemkl,1,131072,1788485,1794148,13.645057678222656,13.688262939453125
64,8,powers-two,baseline,2,131072,834494,839778,6.3666839599609375,6.4069976806640625
64,8,powers-two,aligned,2,131072,827626,832989,6.3142852783203125,6.3552017211914062
64,8,powers-two,unrolled,2,131072,834980,840099,6.370391845703125,6.4094467163085938
64,8,powers-two,aligned-unrolled,2,131072,962051,967758,7.3398666381835938,7.3834075927734375
64,8,powers-two,openblas,2,131072,990767,995989,7.5589523315429688,7.5987930297851562
64,8,powers-two,onemkl,2,131072,1790899,1796573,13.663475036621094,13.706764221191406
64,8,powers-two,baseline,3,131072,825666,830859,6.2993316650390625,6.3389511108398438
64,8,powers-two,aligned,3,131072,829833,835194,6.3311233520507812,6.3720245361328125
64,8,powers-two,unrolled,3,131072,838913,844218,6.4003982543945312,6.4408721923828125
64,8,powers-two,aligned-unrolled,3,131072,960592,966163,7.3287353515625,7.3712387084960938
64,8,powers-two,openblas,3,131072,1000280,1005453,7.63153076171875,7.6709976196289062
64,8,powers-two,onemkl,3,131072,1784945,1790627,13.618049621582031,13.661399841308594
64,8,powers-two,baseline,4,131072,830140,835405,6.333465576171875,6.3736343383789062
64,8,powers-two,aligned,4,131072,831787,837067,6.3460311889648438,6.3863143920898438
64,8,powers-two,unrolled,4,131072,830642,836057,6.3372955322265625,6.3786087036132812
64,8,powers-two,aligned-unrolled,4,131072,958876,964562,7.315643310546875,7.3590240478515625
64,8,powers-two,openblas,4,131072,995062,1000415,7.5917205810546875,7.6325607299804688
64,8,powers-two,onemkl,4,131072,1783100,1789084,13.603973388671875,13.649627685546875
64,8,powers-two,baseline,5,131072,834268,839610,6.364959716796875,6.4057159423828125
64,8,powers-two,aligned,5,131072,836928,842217,6.38525390625,6.4256057739257812
64,8,powers-two,unrolled,5,131072,839820,844994,6.407318115234375,6.4467926025390625
64,8,powers-two,aligned-unrolled,5,131072,968198,974054,7.3867645263671875,7.4314422607421875
64,8,powers-two,openblas,5,131072,1003232,1008371,7.654052734375,7.6932601928710938
64,8,powers-two,onemkl,5,131072,1803152,1808876,13.7569580078125,13.800628662109375
64,8,powers-two,baseline,6,131072,827645,832941,6.3144302368164062,6.3548355102539062
64,8,powers-two,aligned,6,131072,828726,834153,6.3226776123046875,6.3640823364257812
64,8,powers-two,unrolled,6,131072,827215,832368,6.3111495971679688,6.3504638671875
64,8,powers-two,aligned-unrolled,6,131072,958536,964035,7.31304931640625,7.3550033569335938
64,8,powers-two,openblas,6,131072,992362,997412,7.5711212158203125,7.609649658203125
64,8,powers-two,onemkl,6,131072,1788747,1794594,13.647056579589844,13.691665649414062
64,8,powers-two,baseline,7,131072,829083,834314,6.3254013061523438,6.3653106689453125
64,8,powers-two,aligned,7,131072,827936,833238,6.316650390625,6.3571014404296875
64,8,powers-two,unrolled,7,131072,827309,832462,6.3118667602539062,6.3511810302734375
64,8,powers-two,aligned-unrolled,7,131072,978198,984119,7.4630584716796875,7.5082321166992188
64,8,powers-two,openblas,7,131072,995812,1000874,7.597442626953125,7.6360626220703125
64,8,powers-two,onemkl,7,131072,1783754,1789381,13.608963012695312,13.651893615722656
64,8,reset,baseline,1,131072,1628113,1633771,12.421516418457031,12.464683532714844
64,8,reset,aligned,1,131072,1627443,1632759,12.416404724121094,12.456962585449219
64,8,reset,unrolled,1,131072,1752127,1757438,13.367668151855469,13.408187866210938
64,8,reset,aligned-unrolled,1,131072,1796186,1801736,13.703811645507812,13.74615478515625
64,8,reset,openblas,1,131072,1731123,1736589,13.207420349121094,13.249122619628906
64,8,reset,onemkl,1,131072,2346857,2352695,17.905097961425781,17.949638366699219
64,8,reset,baseline,2,131072,1623311,1628622,12.384880065917969,12.425399780273438
64,8,reset,aligned,2,131072,1617893,1623132,12.343544006347656,12.383514404296875
64,8,reset,unrolled,2,131072,1762735,1768081,13.448600769042969,13.489387512207031
64,8,reset,aligned-unrolled,2,131072,1783647,1788967,13.608146667480469,13.648735046386719
64,8,reset,openblas,2,131072,1725535,1731009,13.164787292480469,13.206550598144531
64,8,reset,onemkl,2,131072,2354289,2359926,17.961799621582031,18.004806518554688
64,8,reset,baseline,3,131072,1621043,1626838,12.367576599121094,12.411788940429688
64,8,reset,aligned,3,131072,1613829,1619738,12.312538146972656,12.357620239257812
64,8,reset,unrolled,3,131072,1736872,1742036,13.25128173828125,13.290679931640625
64,8,reset,aligned-unrolled,3,131072,1768594,1773825,13.493301391601562,13.533210754394531
64,8,reset,openblas,3,131072,1715356,1720870,13.087127685546875,13.129196166992188
64,8,reset,onemkl,3,131072,2338083,2343985,17.838157653808594,17.883186340332031
64,8,reset,baseline,4,131072,1631748,1637423,12.449249267578125,12.492546081542969
64,8,reset,aligned,4,131072,1627211,1632732,12.414634704589844,12.456756591796875
64,8,reset,unrolled,4,131072,1759423,1764623,13.423332214355469,13.463005065917969
64,8,reset,aligned-unrolled,4,131072,1783940,1789323,13.610382080078125,13.651451110839844
64,8,reset,openblas,4,131072,1739085,1744621,13.268165588378906,13.310401916503906
64,8,reset,onemkl,4,131072,2347123,2353102,17.907127380371094,17.952743530273438
64,8,reset,baseline,5,131072,1630669,1635886,12.441017150878906,12.480819702148438
64,8,reset,aligned,5,131072,1614073,1619240,12.314399719238281,12.35382080078125
64,8,reset,unrolled,5,131072,1749416,1754565,13.34698486328125,13.386268615722656
64,8,reset,aligned-unrolled,5,131072,1790218,1803259,13.658279418945312,13.757774353027344
64,8,reset,openblas,5,131072,1730215,1735515,13.200492858886719,13.240928649902344
64,8,reset,onemkl,5,131072,2344884,2350362,17.890045166015625,17.931838989257812
64,8,reset,baseline,6,131072,1612591,1617783,12.303092956542969,12.342704772949219
64,8,reset,aligned,6,131072,1603341,1608853,12.232521057128906,12.274574279785156
64,8,reset,unrolled,6,131072,1727420,1732779,13.179168701171875,13.220054626464844
64,8,reset,aligned-unrolled,6,131072,1762810,1768246,13.449172973632812,13.490646362304688
64,8,reset,openblas,6,131072,1705736,1710921,13.01373291015625,13.053291320800781
64,8,reset,onemkl,6,131072,2332806,2338429,17.797897338867188,17.840797424316406
64,8,reset,baseline,7,131072,1622547,1627964,12.379051208496094,12.420379638671875
64,8,reset,aligned,7,131072,1622610,1628040,12.379531860351562,12.42095947265625
64,8,reset,unrolled,7,131072,1741942,1747318,13.289962768554688,13.330978393554688
64,8,reset,aligned-unrolled,7,131072,1775855,1781145,13.548698425292969,13.589057922363281
64,8,reset,openblas,7,131072,1721783,1727257,13.136161804199219,13.177925109863281
64,8,reset,onemkl,7,131072,2325110,2330749,17.739181518554688,17.782203674316406
64,16,negate,baseline,1,131072,847052,852373,6.462493896484375,6.5030899047851562
64,16,negate,aligned,1,131072,850404,855697,6.488067626953125,6.5284500122070312
64,16,negate,unrolled,1,131072,856407,862104,6.5338668823242188,6.57733154296875
64,16,negate,aligned-unrolled,1,131072,923925,929415,7.0489883422851562,7.0908737182617188
64,16,negate,openblas,1,131072,1022184,1027747,7.79864501953125,7.8410873413085938
64,16,negate,onemkl,1,131072,1793195,1798847,13.680992126464844,13.724113464355469
64,16,negate,baseline,2,131072,847970,853328,6.4694976806640625,6.5103759765625
64,16,negate,aligned,2,131072,850948,856193,6.492218017578125,6.5322341918945312
64,16,negate,unrolled,2,131072,850968,856318,6.49237060546875,6.5331878662109375
64,16,negate,aligned-unrolled,2,131072,933944,939314,7.12542724609375,7.1663970947265625
64,16,negate,openblas,2,131072,1024489,1029934,7.8162307739257812,7.8577728271484375
64,16,negate,onemkl,2,131072,1797698,1803471,13.715347290039062,13.759391784667969
64,16,negate,baseline,3,131072,834099,839385,6.3636703491210938,6.4039993286132812
64,16,negate,aligned,3,131072,840512,845745,6.41259765625,6.4525222778320312
64,16,negate,unrolled,3,131072,842310,847742,6.4263153076171875,6.4677581787109375
64,16,negate,aligned-unrolled,3,131072,922492,927801,7.038055419921875,7.0785598754882812
64,16,negate,openblas,3,131072,1007357,1012959,7.6855239868164062,7.7282638549804688
64,16,negate,onemkl,3,131072,1763060,1768750,13.451080322265625,13.494491577148438
64,16,negate,baseline,4,131072,853627,859118,6.5126571655273438,6.5545501708984375
64,16,negate,aligned,4,131072,845911,851272,6.4537887573242188,6.49468994140625
64,16,negate,unrolled,4,131072,841480,846768,6.41998291015625,6.4603271484375
64,16,negate,aligned-unrolled,4,131072,919334,924873,7.0139617919921875,7.0562210083007812
64,16,negate,openblas,4,131072,1008490,1013764,7.6941680908203125,7.734405517578125
64,16,negate,onemkl,4,131072,1785498,1794039,13.622268676757812,13.687431335449219
64,16,negate,baseline,5,131072,852165,857440,6.5015029907226562,6.541748046875
64,16,negate,aligned,5,131072,855541,860894,6.5272598266601562,6.5680999755859375
64,16,negate,unrolled,5,131072,853333,858659,6.5104141235351562,6.5510482788085938
64,16,negate,aligned-unrolled,5,131072,942214,947574,7.1885223388671875,7.2294158935546875
64,16,negate,openblas,5,131072,1026287,1031664,7.8299484252929688,7.8709716796875
64,16,negate,onemkl,5,131072,1810925,1816647,13.816261291503906,13.859916687011719
64,16,negate,baseline,6,131072,853261,858771,6.5098648071289062,6.5519027709960938
64,16,negate,aligned,6,131072,845496,850734,6.45062255859375,6.4905853271484375
64,16,negate,unrolled,6,131072,842278,847643,6.4260711669921875,6.4670028686523438
64,16,negate,aligned-unrolled,6,131072,925976,931348,7.06463623046875,7.105621337890625
64,16,negate,openblas,6,131072,1020012,1025302,7.782073974609375,7.8224334716796875
64,16,negate,onemkl,6,131072,1785936,1791719,13.6256103515625,13.669731140136719
64,16,negate,baseline,7,131072,841445,846930,6.4197158813476562,6.4615631103515625
64,16,negate,aligned,7,131072,842285,847632,6.4261245727539062,6.4669189453125
64,16,negate,unrolled,7,131072,841192,846432,6.41778564453125,6.457763671875
64,16,negate,aligned-unrolled,7,131072,924138,932488,7.0506134033203125,7.11431884765625
64,16,negate,openblas,7,131072,1025177,1030941,7.8214797973632812,7.8654556274414062
64,16,negate,onemkl,7,131072,1775841,1781252,13.548591613769531,13.589874267578125
64,16,powers-two,baseline,1,131072,841687,846896,6.4215621948242188,6.4613037109375
64,16,powers-two,aligned,1,131072,836841,842219,6.3845901489257812,6.4256210327148438
64,16,powers-two,unrolled,1,131072,834754,839922,6.3686676025390625,6.4080963134765625
64,16,powers-two,aligned-unrolled,1,131072,934563,939809,7.1301498413085938,7.1701736450195312
64,16,powers-two,openblas,1,131072,1004836,1010293,7.666290283203125,7.7079238891601562
64,16,powers-two,onemkl,1,131072,1802087,1807726,13.748832702636719,13.791854858398438
64,16,powers-two,baseline,2,131072,825695,830811,6.2995529174804688,6.3385848999023438
64,16,powers-two,aligned,2,131072,827273,832594,6.3115921020507812,6.3521881103515625
64,16,powers-two,unrolled,2,131072,832290,837423,6.3498687744140625,6.3890304565429688
64,16,powers-two,aligned-unrolled,2,131072,931016,936290,7.10308837890625,7.1433258056640625
64,16,powers-two,openblas,2,131072,993375,998803,7.5788497924804688,7.6202621459960938
64,16,powers-two,onemkl,2,131072,1786977,1794037,13.633552551269531,13.687416076660156
64,16,powers-two,baseline,3,131072,825677,830885,6.2994155883789062,6.3391494750976562
64,16,powers-two,aligned,3,131072,826942,832175,6.3090667724609375,6.3489913940429688
64,16,powers-two,unrolled,3,131072,834317,842071,6.3653335571289062,6.4244918823242188
64,16,powers-two,aligned-unrolled,3,131072,947363,952691,7.2278060913085938,7.2684555053710938
64,16,powers-two,openblas,3,131072,991841,997342,7.5671463012695312,7.6091156005859375
64,16,powers-two,onemkl,3,131072,1779209,1784808,13.574287414550781,13.61700439453125
64,16,powers-two,baseline,4,131072,837928,843216,6.39288330078125,6.4332275390625
64,16,powers-two,aligned,4,131072,843829,849168,6.4379043579101562,6.4786376953125
64,16,powers-two,unrolled,4,131072,836554,841914,6.3824005126953125,6.4232940673828125
64,16,powers-two,aligned-unrolled,4,131072,938927,944607,7.1634445190429688,7.2067794799804688
64,16,powers-two,openblas,4,131072,1010344,1015508,7.70831298828125,7.747711181640625
64,16,powers-two,onemkl,4,131072,1804980,1810745,13.770904541015625,13.814888000488281
64,16,powers-two,baseline,5,131072,847098,852713,6.4628448486328125,6.5056838989257812
64,16,powers-two,aligned,5,131072,858312,863890,6.54840087890625,6.5909576416015625
64,16,powers-two,unrolled,5,131072,848883,854367,6.4764633178710938,6.5183029174804688
64,16,powers-two,aligned-unrolled,5,131072,954695,960434,7.2837448120117188,7.3275299072265625
64,16,powers-two,openblas,5,131072,1024380,1029747,7.815399169921875,7.8563461303710938
64,16,powers-two,onemkl,5,131072,1831474,1837477,13.973037719726562,14.018836975097656
64,16,powers-two,baseline,6,131072,844230,849389,6.4409637451171875,6.4803237915039062
64,16,powers-two,aligned,6,131072,829926,835311,6.3318328857421875,6.3729171752929688
64,16,powers-two,unrolled,6,131072,828502,833685,6.3209686279296875,6.3605117797851562
64,16,powers-two,aligned-unrolled,6,131072,927103,932630,7.0732345581054688,7.1154022216796875
64,16,powers-two,openblas,6,131072,992592,997707,7.5728759765625,7.6119003295898438
64,16,powers-two,onemkl,6,131072,1787764,1793452,13.639556884765625,13.682952880859375
64,16,powers-two,baseline,7,131072,826095,831278,6.3026046752929688,6.3421478271484375
64,16,powers-two,aligned,7,131072,826902,832250,6.3087615966796875,6.3495635986328125
64,16,powers-two,unrolled,7,131072,827463,832757,6.3130416870117188,6.3534317016601562
64,16,powers-two,aligned-unrolled,7,131072,925732,931216,7.062774658203125,7.1046142578125
64,16,powers-two,openblas,7,131072,996299,1001392,7.6011581420898438,7.6400146484375
64,16,powers-two,onemkl,7,131072,1803589,1809214,13.760292053222656,13.803207397460938
64,16,reset,baseline,1,131072,1578634,1583711,12.044021606445312,12.082756042480469
64,16,reset,aligned,1,131072,1578533,1583635,12.043251037597656,12.082176208496094
64,16,reset,unrolled,1,131072,1717049,1722170,13.100044250488281,13.139114379882812
64,16,reset,aligned-unrolled,1,131072,1772559,1777757,13.523551940917969,13.563209533691406
64,16,reset,openblas,1,131072,1600951,1606143,12.214286804199219,12.253898620605469
64,16,reset,onemkl,1,131072,2299022,2304328,17.540145874023438,17.58062744140625
64,16,reset,baseline,2,131072,1605812,1611215,12.251373291015625,12.292594909667969
64,16,reset,aligned,2,131072,1605864,1611213,12.25177001953125,12.292579650878906
64,16,reset,unrolled,2,131072,1743029,1748101,13.298255920410156,13.336952209472656
64,16,reset,aligned-unrolled,2,131072,1807520,1812885,13.790283203125,13.831214904785156
64,16,reset,openblas,2,131072,1629089,1634624,12.428962707519531,12.47119140625
64,16,reset,onemkl,2,131072,2332205,2337658,17.793312072753906,17.834915161132812
64,16,reset,baseline,3,131072,1621494,1626789,12.371017456054688,12.411415100097656
64,16,reset,aligned,3,131072,1619115,1624666,12.352867126464844,12.395217895507812
64,16,reset,unrolled,3,131072,1759786,1764966,13.426101684570312,13.465621948242188
64,16,reset,aligned-unrolled,3,131072,1811802,1817184,13.822952270507812,13.864013671875
64,16,reset,openblas,3,131072,1641897,1647265,12.526679992675781,12.567634582519531
64,16,reset,onemkl,3,131072,2351184,2356491,17.9381103515625,17.978599548339844
64,16,reset,baseline,4,131072,1612868,1617994,12.305206298828125,12.344314575195312
64,16,reset,aligned,4,131072,1614476,1619635,12.317474365234375,12.356834411621094
64,16,reset,unrolled,4,131072,1748689,1753841,13.341438293457031,13.380744934082031
64,16,reset,aligned-unrolled,4,131072,1813097,1818293,13.832832336425781,13.872474670410156
64,16,reset,openblas,4,131072,1638646,1643914,12.501876831054688,12.542068481445312
64,16,reset,onemkl,4,131072,2336468,2341643,17.825836181640625,17.865318298339844
64,16,reset,baseline,5,131072,1596223,1601311,12.178215026855469,12.217033386230469
64,16,reset,aligned,5,131072,1593776,1598960,12.1595458984375,12.1990966796875
64,16,reset,unrolled,5,131072,1728396,1733724,13.186614990234375,13.227264404296875
64,16,reset,aligned-unrolled,5,131072,1793237,1798660,13.681312561035156,13.722686767578125
64,16,reset,openblas,5,131072,1612728,1618085,12.30413818359375,12.345008850097656
64,16,reset,onemkl,5,131072,2312477,2317800,17.642799377441406,17.68341064453125
64,16,reset,baseline,6,131072,1608030,1613205,12.268295288085938,12.307777404785156
64,16,reset,aligned,6,131072,1612560,1617730,12.3028564453125,12.342300415039062
64,16,reset,unrolled,6,131072,1740709,1745836,13.280555725097656,13.319671630859375
64,16,reset,aligned-unrolled,6,131072,1807979,1813116,13.793785095214844,13.832977294921875
64,16,reset,openblas,6,131072,1633087,1638444,12.459465026855469,12.500335693359375
64,16,reset,onemkl,6,131072,2331643,2337545,17.789024353027344,17.834053039550781
64,16,reset,baseline,7,131072,1607842,1613201,12.266860961914062,12.307746887207031
64,16,reset,aligned,7,131072,1608387,1613564,12.271018981933594,12.310516357421875
64,16,reset,unrolled,7,131072,1752094,1757276,13.367416381835938,13.406951904296875
64,16,reset,aligned-unrolled,7,131072,1802995,1808271,13.755760192871094,13.796012878417969
64,16,reset,openblas,7,131072,1625743,1631106,12.403434753417969,12.444351196289062
64,16,reset,onemkl,7,131072,2336304,2341936,17.8245849609375,17.8675537109375
64,24,negate,baseline,1,131072,834580,839707,6.367340087890625,6.4064559936523438
64,24,negate,aligned,1,131072,827696,832775,6.3148193359375,6.3535690307617188
64,24,negate,unrolled,1,131072,826248,831397,6.30377197265625,6.3430557250976562
64,24,negate,aligned-unrolled,1,131072,926322,931647,7.0672760009765625,7.1079025268554688
64,24,negate,openblas,1,131072,995571,1000862,7.5956039428710938,7.6359710693359375
64,24,negate,onemkl,1,131072,1750176,1755570,13.352783203125,13.393936157226562
64,24,negate,baseline,2,131072,827006,832146,6.3095550537109375,6.3487701416015625
64,24,negate,aligned,2,131072,827718,833018,6.3149871826171875,6.3554229736328125
64,24,negate,unrolled,2,131072,826347,831526,6.3045272827148438,6.3440399169921875
64,24,negate,aligned-unrolled,2,131072,917819,923298,7.0024032592773438,7.0442047119140625
64,24,negate,openblas,2,131072,998946,1004227,7.6213531494140625,7.6616439819335938
64,24,negate,onemkl,2,131072,1750234,1755899,13.353225708007812,13.396446228027344
64,24,negate,baseline,3,131072,826822,832013,6.3081512451171875,6.3477554321289062
64,24,negate,aligned,3,131072,827536,832567,6.3135986328125,6.3519821166992188
64,24,negate,unrolled,3,131072,827643,832863,6.3144149780273438,6.3542404174804688
64,24,negate,aligned-unrolled,3,131072,927321,932609,7.0748977661132812,7.1152420043945312
64,24,negate,openblas,3,131072,996498,1001734,7.6026763916015625,7.6426239013671875
64,24,negate,onemkl,3,131072,1746346,1751778,13.323562622070312,13.365005493164062
64,24,negate,baseline,4,131072,819524,824710,6.252471923828125,6.2920379638671875
64,24,negate,aligned,4,131072,820240,825299,6.2579345703125,6.2965316772460938
64,24,negate,unrolled,4,131072,818929,824180,6.2479324340820312,6.287994384765625
64,24,negate,aligned-unrolled,4,131072,890756,896495,6.795928955078125,6.8397140502929688
64,24,negate,openblas,4,131072,997047,1002353,7.6068649291992188,7.6473464965820312
64,24,negate,onemkl,4,131072,1740356,1745801,13.277862548828125,13.319404602050781
64,24,negate,baseline,5,131072,829076,834299,6.325347900390625,6.3651962280273438
64,24,negate,aligned,5,131072,827726,832797,6.3150482177734375,6.3537368774414062
64,24,negate,unrolled,5,131072,829895,835138,6.3315963745117188,6.3715972900390625
64,24,negate,aligned-unrolled,5,131072,917811,923130,7.0023422241210938,7.0429229736328125
64,24,negate,openblas,5,131072,995071,1000440,7.5917892456054688,7.63275146484375
64,24,negate,onemkl,5,131072,1763213,1768906,13.452247619628906,13.495681762695312
64,24,negate,baseline,6,131072,825113,830280,6.2951126098632812,6.33453369140625
64,24,negate,aligned,6,131072,825301,830354,6.2965469360351562,6.3350982666015625
64,24,negate,unrolled,6,131072,824351,829578,6.2892990112304688,6.3291778564453125
64,24,negate,aligned-unrolled,6,131072,895031,900231,6.8285446166992188,6.8682174682617188
64,24,negate,openblas,6,131072,990413,995732,7.5562515258789062,7.596832275390625
64,24,negate,onemkl,6,131072,1742366,1747776,13.293197631835938,13.33447265625
64,24,negate,baseline,7,131072,814055,819184,6.2107467651367188,6.2498779296875
64,24,negate,aligned,7,131072,811553,816645,6.1916580200195312,6.2305068969726562
64,24,negate,unrolled,7,131072,811190,816237,6.1888885498046875,6.2273941040039062
64,24,negate,aligned-unrolled,7,131072,897111,902344,6.8444137573242188,6.88433837890625
64,24,negate,openblas,7,131072,984534,989671,7.5113983154296875,7.5505905151367188
64,24,negate,onemkl,7,131072,1715231,1720710,13.086174011230469,13.127975463867188
64,24,powers-two,baseline,1,131072,833327,839361,6.3577804565429688,6.4038162231445312
64,24,powers-two,aligned,1,131072,836380,841775,6.381072998046875,6.4222335815429688
64,24,powers-two,unrolled,1,131072,831710,837143,6.3454437255859375,6.3868942260742188
64,24,powers-two,aligned-unrolled,1,131072,896270,902042,6.8379974365234375,6.8820343017578125
64,24,powers-two,openblas,1,131072,991069,996142,7.5612564086914062,7.5999603271484375
64,24,powers-two,onemkl,1,131072,1783531,1788910,13.607261657714844,13.648300170898438
64,24,powers-two,baseline,2,131072,829097,834204,6.3255081176757812,6.364471435546875
64,24,powers-two,aligned,2,131072,832476,837813,6.351287841796875,6.3920059204101562
64,24,powers-two,unrolled,2,131072,833752,838906,6.36102294921875,6.4003448486328125
64,24,powers-two,aligned-unrolled,2,131072,893129,898616,6.8140335083007812,6.85589599609375
64,24,powers-two,openblas,2,131072,991672,996746,7.56585693359375,7.6045684814453125
64,24,powers-two,onemkl,2,131072,1783319,1788449,13.605644226074219,13.644783020019531
64,24,powers-two,baseline,3,131072,839306,863916,6.4033966064453125,6.591156005859375
64,24,powers-two,aligned,3,131072,828755,834104,6.3228988647460938,6.36370849609375
64,24,powers-two,unrolled,3,131072,826959,832131,6.3091964721679688,6.3486557006835938
64,24,powers-two,aligned-unrolled,3,131072,897837,903461,6.8499526977539062,6.8928604125976562
64,24,powers-two,openblas,3,131072,991014,996211,7.5608367919921875,7.6004867553710938
64,24,powers-two,onemkl,3,131072,1785616,1791007,13.6231689453125,13.664299011230469
64,24,powers-two,baseline,4,131072,834783,840079,6.3688888549804688,6.4092941284179688
64,24,powers-two,aligned,4,131072,827169,832650,6.3107986450195312,6.3526153564453125
64,24,powers-two,unrolled,4,131072,827357,832450,6.3122329711914062,6.3510894775390625
64,24,powers-two,aligned-unrolled,4,131072,893289,898853,6.8152542114257812,6.8577041625976562
64,24,powers-two,openblas,4,131072,991265,996543,7.5627517700195312,7.6030197143554688
64,24,powers-two,onemkl,4,131072,1799920,1805720,13.7322998046875,13.77655029296875
64,24,powers-two,baseline,5,131072,827382,832604,6.3124237060546875,6.352264404296875
64,24,powers-two,aligned,5,131072,828126,833555,6.3180999755859375,6.3595199584960938
64,24,powers-two,unrolled,5,131072,828552,833734,6.32135009765625,6.3608856201171875
64,24,powers-two,aligned-unrolled,5,131072,894201,899754,6.8222122192382812,6.8645782470703125
64,24,powers-two,openblas,5,131072,998086,1003297,7.6147918701171875,7.6545486450195312
64,24,powers-two,onemkl,5,131072,1794157,1799690,13.688331604003906,13.730545043945312
64,24,powers-two,baseline,6,131072,859591,865080,6.5581588745117188,6.60003662109375
64,24,powers-two,aligned,6,131072,853032,858586,6.50811767578125,6.5504913330078125
64,24,powers-two,unrolled,6,131072,853538,858993,6.5119781494140625,6.5535964965820312
64,24,powers-two,aligned-unrolled,6,131072,924764,930475,7.055389404296875,7.0989608764648438
64,24,powers-two,openblas,6,131072,1022750,1028364,7.8029632568359375,7.845794677734375
64,24,powers-two,onemkl,6,131072,1858119,1863996,14.176322937011719,14.221160888671875
64,24,powers-two,baseline,7,131072,855473,860916,6.5267410278320312,6.568267822265625
64,24,powers-two,aligned,7,131072,858159,863739,6.5472335815429688,6.5898056030273438
64,24,powers-two,unrolled,7,131072,848862,854336,6.4763031005859375,6.51806640625
64,24,powers-two,aligned-unrolled,7,131072,916578,922460,6.9929351806640625,7.037811279296875
64,24,powers-two,openblas,7,131072,1019458,1024806,7.7778472900390625,7.8186492919921875
64,24,powers-two,onemkl,7,131072,1831209,1836889,13.971015930175781,14.014350891113281
64,24,reset,baseline,1,131072,1657874,1663891,12.648574829101562,12.694480895996094
64,24,reset,aligned,1,131072,1646513,1651969,12.561897277832031,12.603523254394531
64,24,reset,unrolled,1,131072,1781411,1786684,13.591087341308594,13.631317138671875
64,24,reset,aligned-unrolled,1,131072,1844444,1850128,14.071990966796875,14.1153564453125
64,24,reset,openblas,1,131072,1745023,1750830,13.313468933105469,13.357772827148438
64,24,reset,onemkl,1,131072,2396185,2401785,18.281440734863281,18.324165344238281
64,24,reset,baseline,2,131072,1629459,1638027,12.431785583496094,12.497154235839844
64,24,reset,aligned,2,131072,1621894,1627526,12.374069213867188,12.417037963867188
64,24,reset,unrolled,2,131072,1750760,1755980,13.35723876953125,13.397064208984375
64,24,reset,aligned-unrolled,2,131072,1816546,1821902,13.859146118164062,13.900009155273438
64,24,reset,openblas,2,131072,1719027,1724305,13.115135192871094,13.155403137207031
64,24,reset,onemkl,2,131072,2354555,2360068,17.963829040527344,18.005889892578125
64,24,reset,baseline,3,131072,1641391,1646773,12.522819519042969,12.563880920410156
64,24,reset,aligned,3,131072,1634786,1640282,12.472427368164062,12.514358520507812
64,24,reset,unrolled,3,131072,1775861,1781059,13.548744201660156,13.588401794433594
64,24,reset,aligned-unrolled,3,131072,1836578,1841938,14.011978149414062,14.052871704101562
64,24,reset,openblas,3,131072,1746150,1751760,13.322067260742188,13.3648681640625
64,24,reset,onemkl,3,131072,2392548,2398291,18.253692626953125,18.297508239746094
64,24,reset,baseline,4,131072,1631094,1636378,12.444259643554688,12.484573364257812
64,24,reset,aligned,4,131072,1623832,1629413,12.38885498046875,12.431434631347656
64,24,reset,unrolled,4,131072,1759226,1764466,13.421829223632812,13.461807250976562
64,24,reset,aligned-unrolled,4,131072,1823484,1829157,13.912078857421875,13.955360412597656
64,24,reset,openblas,4,131072,1711512,1716947,13.05780029296875,13.099266052246094
64,24,reset,onemkl,4,131072,2354627,2360358,17.964378356933594,18.008102416992188
64,24,reset,baseline,5,131072,1637339,1642816,12.491905212402344,12.53369140625
64,24,reset,aligned,5,131072,1632459,1638046,12.454673767089844,12.497299194335938
64,24,reset,unrolled,5,131072,1759311,1764630,13.422477722167969,13.463058471679688
64,24,reset,aligned-unrolled,5,131072,1823881,1829527,13.915107727050781,13.958183288574219
64,24,reset,openblas,5,131072,1726991,1732487,13.175895690917969,13.217826843261719
64,24,reset,onemkl,5,131072,2342134,2347655,17.869064331054688,17.911186218261719
64,24,reset,baseline,6,131072,1634547,1639942,12.470603942871094,12.511764526367188
64,24,reset,aligned,6,131072,1654260,1659831,12.621002197265625,12.663505554199219
64,24,reset,unrolled,6,131072,1785263,1790681,13.620475769042969,13.661811828613281
64,24,reset,aligned-unrolled,6,131072,1848074,1853591,14.099685668945312,14.141777038574219
64,24,reset,openblas,6,131072,1735508,1741397,13.240875244140625,13.285804748535156
64,24,reset,onemkl,6,131072,2368866,2374547,18.073013305664062,18.116355895996094
64,24,reset,baseline,7,131072,1621823,1627072,12.373527526855469,12.41357421875
64,24,reset,aligned,7,131072,1625809,1631337,12.403938293457031,12.446113586425781
64,24,reset,unrolled,7,131072,1755022,1760630,13.389755249023438,13.432540893554688
64,24,reset,aligned-unrolled,7,131072,1819049,1824488,13.878242492675781,13.91973876953125
64,24,reset,openblas,7,131072,1716768,1722170,13.097900390625,13.139114379882812
64,24,reset,onemkl,7,131072,2349701,2355292,17.926795959472656,17.969451904296875
128,0,negate,baseline,1,65536,543386,549154,8.291412353515625,8.379425048828125
128,0,negate,aligned,1,65536,555024,560831,8.468994140625,8.5576019287109375
128,0,negate,unrolled,1,65536,468900,474390,7.15484619140625,7.238616943359375
128,0,negate,aligned-unrolled,1,65536,473495,479508,7.2249603271484375,7.31671142578125
128,0,negate,openblas,1,65536,576951,582596,8.8035736083984375,8.88970947265625
128,0,negate,onemkl,1,65536,903040,908479,13.779296875,13.862289428710938
128,0,negate,baseline,2,65536,548275,553752,8.3660125732421875,8.4495849609375
128,0,negate,aligned,2,65536,554083,559775,8.4546356201171875,8.5414886474609375
128,0,negate,unrolled,2,65536,456208,461770,6.961181640625,7.046051025390625
128,0,negate,aligned-unrolled,2,65536,478817,484729,7.3061676025390625,7.3963775634765625
128,0,negate,openblas,2,65536,577963,583470,8.8190155029296875,8.903045654296875
128,0,negate,onemkl,2,65536,899784,905485,13.7296142578125,13.816604614257812
128,0,negate,baseline,3,65536,544078,549431,8.301971435546875,8.3836517333984375
128,0,negate,aligned,3,65536,556250,561685,8.487701416015625,8.5706329345703125
128,0,negate,unrolled,3,65536,455423,460872,6.9492034912109375,7.0323486328125
128,0,negate,aligned-unrolled,3,65536,474489,480407,7.2401275634765625,7.3304290771484375
128,0,negate,openblas,3,65536,572853,580869,8.7410430908203125,8.8633575439453125
128,0,negate,onemkl,3,65536,888240,893775,13.553466796875,13.637924194335938
128,0,negate,baseline,4,65536,531729,537132,8.1135406494140625,8.19598388671875
128,0,negate,aligned,4,65536,543011,548354,8.2856903076171875,8.367218017578125
128,0,negate,unrolled,4,65536,444056,449374,6.7757568359375,6.856903076171875
128,0,negate,aligned-unrolled,4,65536,460903,466700,7.0328216552734375,7.12127685546875
128,0,negate,openblas,4,65536,592066,597353,9.034210205078125,9.1148834228515625
128,0,negate,onemkl,4,65536,873754,879122,13.332427978515625,13.414337158203125
128,0,negate,baseline,5,65536,532333,537651,8.1227569580078125,8.2039031982421875
128,0,negate,aligned,5,65536,532248,537530,8.1214599609375,8.202056884765625
128,0,negate,unrolled,5,65536,445767,451073,6.8018646240234375,6.8828277587890625
128,0,negate,aligned-unrolled,5,65536,460918,466685,7.033050537109375,7.1210479736328125
128,0,negate,openblas,5,65536,578654,583997,8.829559326171875,8.9110870361328125
128,0,negate,onemkl,5,65536,894430,899818,13.647918701171875,13.730133056640625
128,0,negate,baseline,6,65536,541548,547270,8.26336669921875,8.350677490234375
128,0,negate,aligned,6,65536,544428,550248,8.30731201171875,8.3961181640625
128,0,negate,unrolled,6,65536,456841,462376,6.9708404541015625,7.0552978515625
128,0,negate,aligned-unrolled,6,65536,471628,477541,7.19647216796875,7.2866973876953125
128,0,negate,openblas,6,65536,606201,611687,9.2498931884765625,9.3336029052734375
128,0,negate,onemkl,6,65536,927860,933710,14.15802001953125,14.247283935546875
128,0,negate,baseline,7,65536,551682,557207,8.417999267578125,8.5023040771484375
128,0,negate,aligned,7,65536,542628,548420,8.27984619140625,8.36822509765625
128,0,negate,unrolled,7,65536,456084,461581,6.95928955078125,7.0431671142578125
128,0,negate,aligned-unrolled,7,65536,475546,481352,7.256256103515625,7.3448486328125
128,0,negate,openblas,7,65536,601094,606659,9.171966552734375,9.2568817138671875
128,0,negate,onemkl,7,65536,904537,910641,13.802139282226562,13.895278930664062
128,0,powers-two,baseline,1,65536,559696,565099,8.540283203125,8.6227264404296875
128,0,powers-two,aligned,1,65536,543768,549108,8.2972412109375,8.37872314453125
128,0,powers-two,unrolled,1,65536,476046,481506,7.263885498046875,7.347198486328125
128,0,powers-two,aligned-unrolled,1,65536,490584,496319,7.4857177734375,7.5732269287109375
128,0,powers-two,openblas,1,65536,617610,623130,9.423980712890625,9.508209228515625
128,0,powers-two,onemkl,1,65536,876247,881637,13.370468139648438,13.452713012695312
128,0,powers-two,baseline,2,65536,564029,569469,8.6063995361328125,8.6894073486328125
128,0,powers-two,aligned,2,65536,538180,543578,8.21197509765625,8.294342041015625
128,0,powers-two,unrolled,2,65536,476433,481808,7.2697906494140625,7.351806640625
128,0,powers-two,aligned-unrolled,2,65536,490349,496238,7.4821319580078125,7.571990966796875
128,0,powers-two,openblas,2,65536,620589,626023,9.4694366455078125,9.5523529052734375
128,0,powers-two,onemkl,2,65536,882120,887989,13.4600830078125,13.549636840820312
128,0,powers-two,baseline,3,65536,559263,564618,8.5336761474609375,8.615386962890625
128,0,powers-two,aligned,3,65536,530888,536254,8.1007080078125,8.182586669921875
128,0,powers-two,unrolled,3,65536,473116,480487,7.21917724609375,7.3316497802734375
128,0,powers-two,aligned-unrolled,3,65536,493765,499586,7.5342559814453125,7.623077392578125
128,0,powers-two,openblas,3,65536,614559,620044,9.3774261474609375,9.46112060546875
128,0,powers-two,onemkl,3,65536,886907,892218,13.533126831054688,13.614166259765625
128,0,powers-two,baseline,4,65536,553228,558561,8.44158935546875,8.5229644775390625
128,0,powers-two,aligned,4,65536,516905,522132,7.8873443603515625,7.96710205078125
128,0,powers-two,unrolled,4,65536,466440,471675,7.1173095703125,7.1971893310546875
128,0,powers-two,aligned-unrolled,4,65536,485434,491154,7.407135009765625,7.494415283203125
128,0,powers-two,openblas,4,65536,608098,613518,9.278839111328125,9.361541748046875
128,0,powers-two,onemkl,4,65536,875064,880331,13.3524169921875,13.432785034179688
128,0,powers-two,baseline,5,65536,562301,567801,8.5800323486328125,8.6639556884765625
128,0,powers-two,aligned,5,65536,529267,534583,8.0759735107421875,8.1570892333984375
128,0,powers-two,unrolled,5,65536,471458,476740,7.193878173828125,7.27447509765625
128,0,powers-two,aligned-unrolled,5,65536,485509,491224,7.4082794189453125,7.4954833984375
128,0,powers-two,openblas,5,65536,616772,622204,9.41119384765625,9.49407958984375
128,0,powers-two,onemkl,5,65536,875425,880951,13.357925415039062,13.442245483398438
128,0,powers-two,baseline,6,65536,559349,564748,8.5349884033203125,8.61737060546875
128,0,powers-two,aligned,6,65536,534259,539591,8.1521453857421875,8.2335052490234375
128,0,powers-two,unrolled,6,65536,476000,481508,7.26318359375,7.34722900390625
128,0,powers-two,aligned-unrolled,6,65536,492457,498467,7.5142974853515625,7.6060028076171875
128,0,powers-two,openblas,6,65536,616685,622075,9.4098663330078125,9.4921112060546875
128,0,powers-two,onemkl,6,65536,894401,900023,13.647476196289062,13.733261108398438
128,0,powers-two,baseline,7,65536,555255,560579,8.4725189208984375,8.5537567138671875
128,0,powers-two,aligned,7,65536,535831,541363,8.1761322021484375,8.2605438232421875
128,0,powers-two,unrolled,7,65536,467499,472915,7.1334686279296875,7.2161102294921875
128,0,powers-two,aligned-unrolled,7,65536,486055,491770,7.4166107177734375,7.503814697265625
128,0,powers-two,openblas,7,65536,612281,617622,9.3426666259765625,9.424163818359375
128,0,powers-two,onemkl,7,65536,882218,892555,13.461578369140625,13.619308471679688
128,0,reset,baseline,1,65536,953440,959031,14.54833984375,14.633651733398438
128,0,reset,aligned,1,65536,947106,952487,14.451690673828125,14.533798217773438
128,0,reset,unrolled,1,65536,920300,925884,14.04266357421875,14.12786865234375
128,0,reset,aligned-unrolled,1,65536,918820,924345,14.02008056640625,14.104385375976562
128,0,reset,openblas,1,65536,1133939,1139582,17.302536010742188,17.388641357421875
128,0,reset,onemkl,1,65536,1336238,1341860,20.389373779296875,20.47515869140625
128,0,reset,baseline,2,65536,949106,954616,14.482208251953125,14.5662841796875
128,0,reset,aligned,2,65536,960702,966269,14.659149169921875,14.744094848632812
128,0,reset,unrolled,2,65536,903151,908510,13.780990600585938,13.862762451171875
128,0,reset,aligned-unrolled,2,65536,910728,916226,13.8966064453125,13.980499267578125
128,0,reset,openblas,2,65536,1133027,1138547,17.288619995117188,17.372848510742188
128,0,reset,onemkl,2,65536,1317746,1323425,20.107208251953125,20.193862915039062
128,0,reset,baseline,3,65536,947868,953589,14.46331787109375,14.550613403320312
128,0,reset,aligned,3,65536,949212,954572,14.48382568359375,14.56561279296875
128,0,reset,unrolled,3,65536,896744,902221,13.6832275390625,13.766799926757812
128,0,reset,aligned-unrolled,3,65536,902268,907869,13.76751708984375,13.852981567382812
128,0,reset,openblas,3,65536,1123996,1129455,17.15081787109375,17.234115600585938
128,0,reset,onemkl,3,65536,1336327,1342447,20.390731811523438,20.484115600585938
128,0,reset,baseline,4,65536,952836,958378,14.53912353515625,14.623687744140625
128,0,reset,aligned,4,65536,934562,939890,14.260284423828125,14.341583251953125
128,0,reset,unrolled,4,65536,895695,901009,13.667221069335938,13.748306274414062
128,0,reset,aligned-unrolled,4,65536,902256,907694,13.767333984375,13.850311279296875
128,0,reset,openblas,4,65536,1120333,1125764,17.094924926757812,17.17779541015625
128,0,reset,onemkl,4,65536,1334828,1340451,20.36785888671875,20.453659057617188
128,0,reset,baseline,5,65536,940889,946528,14.356826782226562,14.44287109375
128,0,reset,aligned,5,65536,930868,936271,14.20391845703125,14.286361694335938
128,0,reset,unrolled,5,65536,888552,893904,13.5582275390625,13.639892578125
128,0,reset,aligned-unrolled,5,65536,910029,915496,13.885940551757812,13.9693603515625
128,0,reset,openblas,5,65536,1110006,1115394,16.937347412109375,17.019561767578125
128,0,reset,onemkl,5,65536,1319616,1324993,20.1357421875,20.217788696289062
128,0,reset,baseline,6,65536,937238,942726,14.301116943359375,14.384857177734375
128,0,reset,aligned,6,65536,940327,946019,14.348251342773438,14.435104370117188
128,0,reset,unrolled,6,65536,896806,902167,13.684173583984375,13.765975952148438
128,0,reset,aligned-unrolled,6,65536,902777,908304,13.775283813476562,13.859619140625
128,0,reset,openblas,6,65536,1119423,1125320,17.081039428710938,17.1710205078125
128,0,reset,onemkl,6,65536,1325377,1330964,20.223648071289062,20.30889892578125
128,0,reset,baseline,7,65536,944326,949741,14.409271240234375,14.491897583007812
128,0,reset,aligned,7,65536,951521,956897,14.519058227539062,14.601089477539062
128,0,reset,unrolled,7,65536,897103,902515,13.688705444335938,13.771286010742188
128,0,reset,aligned-unrolled,7,65536,915028,920519,13.96221923828125,14.046005249023438
128,0,reset,openblas,7,65536,1135854,1141338,17.331756591796875,17.415435791015625
128,0,reset,onemkl,7,65536,1339417,1344865,20.437881469726562,20.521011352539062
128,8,negate,baseline,1,65536,812083,817219,12.391403198242188,12.469772338867188
128,8,negate,aligned,1,65536,600873,606140,9.1685943603515625,9.24896240234375
128,8,negate,unrolled,1,65536,815243,820373,12.439620971679688,12.517898559570312
128,8,negate,aligned-unrolled,1,65536,649851,655150,9.9159393310546875,9.996795654296875
128,8,negate,openblas,1,65536,898237,903376,13.706008911132812,13.784423828125
128,8,negate,onemkl,1,65536,997849,1003033,15.225967407226562,15.305068969726562
128,8,negate,baseline,2,65536,802562,807660,12.246124267578125,12.32391357421875
128,8,negate,aligned,2,65536,586691,591878,8.9521942138671875,9.031341552734375
128,8,negate,unrolled,2,65536,803933,809070,12.267044067382812,12.345428466796875
128,8,negate,aligned-unrolled,2,65536,642621,647867,9.8056182861328125,9.8856658935546875
128,8,negate,openblas,2,65536,887268,892493,13.53863525390625,13.618362426757812
128,8,negate,onemkl,2,65536,987894,992969,15.074066162109375,15.151504516601562
128,8,negate,baseline,3,65536,790268,795366,12.05853271484375,12.136322021484375
128,8,negate,aligned,3,65536,603467,608575,9.2081756591796875,9.2861175537109375
128,8,negate,unrolled,3,65536,792653,797647,12.094924926757812,12.171127319335938
128,8,negate,aligned-unrolled,3,65536,634414,639619,9.680389404296875,9.7598114013671875
128,8,negate,openblas,3,65536,880474,885604,13.434967041015625,13.51324462890625
128,8,negate,onemkl,3,65536,978200,983233,14.9261474609375,15.002944946289062
128,8,negate,baseline,4,65536,801230,806470,12.225799560546875,12.305755615234375
128,8,negate,aligned,4,65536,575735,580893,8.7850189208984375,8.8637237548828125
128,8,negate,unrolled,4,65536,803420,808566,12.25921630859375,12.337738037109375
128,8,negate,aligned-unrolled,4,65536,650936,656169,9.9324951171875,10.012344360351562
128,8,negate,openblas,4,65536,887746,893106,13.545928955078125,13.627716064453125
128,8,negate,onemkl,4,65536,981995,987105,14.984054565429688,15.062026977539062
128,8,negate,baseline,5,65536,817690,822897,12.476959228515625,12.556411743164062
128,8,negate,aligned,5,65536,587479,592696,8.9642181396484375,9.0438232421875
128,8,negate,unrolled,5,65536,811464,816520,12.3819580078125,12.4591064453125
128,8,negate,aligned-unrolled,5,65536,647229,652488,9.8759307861328125,9.9561767578125
128,8,negate,openblas,5,65536,898869,904068,13.715652465820312,13.79498291015625
128,8,negate,onemkl,5,65536,983122,988317,15.001251220703125,15.080520629882812
128,8,negate,baseline,6,65536,793010,798040,12.100372314453125,12.1771240234375
128,8,negate,aligned,6,65536,571386,576639,8.718658447265625,8.7988128662109375
128,8,negate,unrolled,6,65536,798965,803973,12.191238403320312,12.267654418945312
128,8,negate,aligned-unrolled,6,65536,635551,640809,9.6977386474609375,9.7779693603515625
128,8,negate,openblas,6,65536,884123,889310,13.490646362304688,13.569793701171875
128,8,negate,onemkl,6,65536,951305,956449,14.515762329101562,14.594253540039062
128,8,negate,baseline,7,65536,807683,813010,12.324264526367188,12.405548095703125
128,8,negate,aligned,7,65536,579857,585214,8.8479156494140625,8.929656982421875
128,8,negate,unrolled,7,65536,809845,815197,12.357254028320312,12.438919067382812
128,8,negate,aligned-unrolled,7,65536,642460,647778,9.80316162109375,9.884307861328125
128,8,negate,openblas,7,65536,886784,892092,13.53125,13.61224365234375
128,8,negate,onemkl,7,65536,964211,970284,14.712692260742188,14.80535888671875
128,8,powers-two,baseline,1,65536,809306,814564,12.349029541015625,12.42926025390625
128,8,powers-two,aligned,1,65536,602380,607946,9.19158935546875,9.276519775390625
128,8,powers-two,unrolled,1,65536,813912,819122,12.4193115234375,12.498809814453125
128,8,powers-two,aligned-unrolled,1,65536,664682,670236,10.142242431640625,10.22698974609375
128,8,powers-two,openblas,1,65536,899661,904888,13.727737426757812,13.8074951171875
128,8,powers-two,onemkl,1,65536,982825,987994,14.996719360351562,15.075592041015625
128,8,powers-two,baseline,2,65536,813976,819227,12.4202880859375,12.500411987304688
128,8,powers-two,aligned,2,65536,601749,607660,9.1819610595703125,9.27215576171875
128,8,powers-two,unrolled,2,65536,815739,821073,12.447189331054688,12.528579711914062
128,8,powers-two,aligned-unrolled,2,65536,665950,672069,10.161590576171875,10.254959106445312
128,8,powers-two,openblas,2,65536,898987,904398,13.717453002929688,13.800018310546875
128,8,powers-two,onemkl,2,65536,981912,987772,14.9827880859375,15.07220458984375
128,8,powers-two,baseline,3,65536,966150,973746,14.742279052734375,14.858184814453125
128,8,powers-two,aligned,3,65536,950101,958184,14.497390747070312,14.6207275390625
128,8,powers-two,unrolled,3,65536,929050,936732,14.176177978515625,14.29339599609375
128,8,powers-two,aligned-unrolled,3,65536,1063667,1071729,16.230270385742188,16.353286743164062
128,8,powers-two,openblas,3,65536,1044988,1052827,15.94525146484375,16.064865112304688
128,8,powers-two,onemkl,3,65536,1310482,1318141,19.996368408203125,20.113235473632812
128,8,powers-two,baseline,4,65536,1097214,1107162,16.742156982421875,16.893951416015625
128,8,powers-two,aligned,4,65536,1181620,1191682,18.03009033203125,18.183624267578125
128,8,powers-two,unrolled,4,65536,1025144,1034140,15.6424560546875,15.77972412109375
128,8,powers-two,aligned-unrolled,4,65536,1331219,1340710,20.312789916992188,20.457611083984375
128,8,powers-two,openblas,4,65536,1191251,1200546,18.177047729492188,18.318878173828125
128,8,powers-two,onemkl,4,65536,1568567,1578788,23.934432983398438,24.09039306640625
128,8,powers-two,baseline,5,65536,1131080,1141022,17.2589111328125,17.410614013671875
128,8,powers-two,aligned,5,65536,1224769,1234370,18.688491821289062,18.834991455078125
128,8,powers-two,unrolled,5,65536,1055002,1064158,16.098052978515625,16.237762451171875
128,8,powers-two,aligned-unrolled,5,65536,1366636,1376563,20.85321044921875,21.004684448242188
128,8,powers-two,openblas,5,65536,1194431,1203488,18.225570678710938,18.36376953125
128,8,powers-two,onemkl,5,65536,1558789,1568689,23.785232543945312,23.936294555664062
128,8,powers-two,baseline,6,65536,1086284,1096394,16.57537841796875,16.729644775390625
128,8,powers-two,aligned,6,65536,1168373,1178265,17.827957153320312,17.978897094726562
128,8,powers-two,unrolled,6,65536,1037962,1047169,15.838043212890625,15.978530883789062
128,8,powers-two,aligned-unrolled,6,65536,1349525,1360074,20.592117309570312,20.753082275390625
128,8,powers-two,openblas,6,65536,1193656,1202936,18.2137451171875,18.3553466796875
128,8,powers-two,onemkl,6,65536,1545768,1555832,23.5865478515625,23.7401123046875
128,8,powers-two,baseline,7,65536,1150862,1160984,17.560760498046875,17.7152099609375
128,8,powers-two,aligned,7,65536,1242800,1253126,18.963623046875,19.121185302734375
128,8,powers-two,unrolled,7,65536,1080925,1091026,16.493606567382812,16.647735595703125
128,8,powers-two,aligned-unrolled,7,65536,1405659,1415852,21.448654174804688,21.60418701171875
128,8,powers-two,openblas,7,65536,1238644,1248189,18.90020751953125,19.045852661132812
128,8,powers-two,onemkl,7,65536,1604645,1614900,24.484939575195312,24.64141845703125
128,8,reset,baseline,1,65536,1850696,1860061,28.2393798828125,28.382278442382812
128,8,reset,aligned,1,65536,1946308,1955992,29.69830322265625,29.8460693359375
128,8,reset,unrolled,1,65536,1739085,1748658,26.536331176757812,26.682403564453125
128,8,reset,aligned-unrolled,1,65536,2111255,2120982,32.215194702148438,32.363616943359375
128,8,reset,openblas,1,65536,1884186,1893708,28.750396728515625,28.89569091796875
128,8,reset,onemkl,1,65536,2267226,2276868,34.595123291015625,34.74224853515625
128,8,reset,baseline,2,65536,1899877,1909518,28.989822387695312,29.136932373046875
128,8,reset,aligned,2,65536,1991412,2006458,30.38653564453125,30.616119384765625
128,8,reset,unrolled,2,65536,1746930,1756522,26.656036376953125,26.802398681640625
128,8,reset,aligned-unrolled,2,65536,2105331,2114771,32.124801635742188,32.268844604492188
128,8,reset,openblas,2,65536,1918252,1927995,29.27020263671875,29.418869018554688
128,8,reset,onemkl,2,65536,2328480,2338835,35.52978515625,35.687789916992188
128,8,reset,baseline,3,65536,1312595,1318048,20.028610229492188,20.11181640625
128,8,reset,aligned,3,65536,1193104,1198642,18.205322265625,18.289825439453125
128,8,reset,unrolled,3,65536,1362227,1367605,20.785934448242188,20.867996215820312
128,8,reset,aligned-unrolled,3,65536,1206412,1211924,18.40838623046875,18.49249267578125
128,8,reset,openblas,3,65536,1409049,1414439,21.500381469726562,21.582626342773438
128,8,reset,onemkl,3,65536,1473994,1479510,22.491363525390625,22.575531005859375
128,8,reset,baseline,4,65536,1261452,1267101,19.24822998046875,19.334426879882812
128,8,reset,aligned,4,65536,1146143,1151657,17.488754272460938,17.572891235351562
128,8,reset,unrolled,4,65536,1309300,1315023,19.97833251953125,20.065658569335938
128,8,reset,aligned-unrolled,4,65536,1166410,1171777,17.798004150390625,17.879898071289062
128,8,reset,openblas,4,65536,1354311,1360259,20.665145874023438,20.755905151367188
128,8,reset,onemkl,4,65536,1412416,1418686,21.5517578125,21.647430419921875
128,8,reset,baseline,5,65536,1237068,1242392,18.87615966796875,18.9573974609375
128,8,reset,aligned,5,65536,1119891,1125010,17.088180541992188,17.166290283203125
128,8,reset,unrolled,5,65536,1278298,1283382,19.505279541015625,19.582855224609375
128,8,reset,aligned-unrolled,5,65536,1135543,1140566,17.327011108398438,17.403656005859375
128,8,reset,openblas,5,65536,1321898,1327042,20.170562744140625,20.249053955078125
128,8,reset,onemkl,5,65536,1385288,1390634,21.1378173828125,21.219390869140625
128,8,reset,baseline,6,65536,1224134,1229601,18.678802490234375,18.762222290039062
128,8,reset,aligned,6,65536,1111104,1116202,16.9541015625,17.031890869140625
128,8,reset,unrolled,6,65536,1265323,1270593,19.307296752929688,19.387710571289062
128,8,reset,aligned-unrolled,6,65536,1121793,1126833,17.117202758789062,17.194107055664062
128,8,reset,openblas,6,65536,1311287,1316526,20.008651733398438,20.088592529296875
128,8,reset,onemkl,6,65536,1374486,1379698,20.972991943359375,21.052520751953125
128,8,reset,baseline,7,65536,1233051,1238175,18.814865112304688,18.893051147460938
128,8,reset,aligned,7,65536,1122019,1127126,17.120651245117188,17.198577880859375
128,8,reset,unrolled,7,65536,1282833,1287923,19.574478149414062,19.652145385742188
128,8,reset,aligned-unrolled,7,65536,1144966,1150121,17.470794677734375,17.549453735351562
128,8,reset,openblas,7,65536,1334017,1339357,20.355484008789062,20.436965942382812
128,8,reset,onemkl,7,65536,1390911,1396145,21.223617553710938,21.303482055664062
128,16,negate,baseline,1,65536,800886,805931,12.220550537109375,12.297531127929688
128,16,negate,aligned,1,65536,579605,584599,8.8440704345703125,8.9202728271484375
128,16,negate,unrolled,1,65536,808235,813224,12.332687377929688,12.4088134765625
128,16,negate,aligned-unrolled,1,65536,627419,632628,9.5736541748046875,9.65313720703125
128,16,negate,openblas,1,65536,916342,921527,13.982269287109375,14.061386108398438
128,16,negate,onemkl,1,65536,950431,955516,14.502426147460938,14.58001708984375
128,16,negate,baseline,2,65536,806192,811279,12.301513671875,12.379135131835938
128,16,negate,aligned,2,65536,590323,595368,9.0076141357421875,9.0845947265625
128,16,negate,unrolled,2,65536,799150,804164,12.194061279296875,12.27056884765625
128,16,negate,aligned-unrolled,2,65536,626429,631598,9.5585479736328125,9.637420654296875
128,16,negate,openblas,2,65536,883282,888358,13.477813720703125,13.555267333984375
128,16,negate,onemkl,2,65536,977806,982931,14.920135498046875,14.998336791992188
128,16,negate,baseline,3,65536,797292,802368,12.16571044921875,12.2431640625
128,16,negate,aligned,3,65536,598754,603764,9.136260986328125,9.21270751953125
128,16,negate,unrolled,3,65536,804005,809082,12.268142700195312,12.345611572265625
128,16,negate,aligned-unrolled,3,65536,620497,626005,9.4680328369140625,9.5520782470703125
128,16,negate,openblas,3,65536,880103,885274,13.429306030273438,13.508209228515625
128,16,negate,onemkl,3,65536,946956,952453,14.44940185546875,14.533279418945312
128,16,negate,baseline,4,65536,810723,816057,12.370651245117188,12.452041625976562
128,16,negate,aligned,4,65536,593469,598685,9.0556182861328125,9.1352081298828125
128,16,negate,unrolled,4,65536,811136,816383,12.376953125,12.457015991210938
128,16,negate,aligned-unrolled,4,65536,626685,631970,9.5624542236328125,9.643096923828125
128,16,negate,openblas,4,65536,886214,891356,13.522552490234375,13.60101318359375
128,16,negate,onemkl,4,65536,974536,979733,14.8702392578125,14.949539184570312
128,16,negate,baseline,5,65536,808428,813711,12.33563232421875,12.416244506835938
128,16,negate,aligned,5,65536,581517,586516,8.8732452392578125,8.94952392578125
128,16,negate,unrolled,5,65536,801594,806547,12.231353759765625,12.306930541992188
128,16,negate,aligned-unrolled,5,65536,624174,629395,9.524139404296875,9.6038055419921875
128,16,negate,openblas,5,65536,897703,902952,13.697860717773438,13.7779541015625
128,16,negate,onemkl,5,65536,966441,971570,14.746719360351562,14.824981689453125
128,16,negate,baseline,6,65536,799016,804217,12.1920166015625,12.271377563476562
128,16,negate,aligned,6,65536,591180,596198,9.02069091796875,9.097259521484375
128,16,negate,unrolled,6,65536,805466,810585,12.290435791015625,12.368545532226562
128,16,negate,aligned-unrolled,6,65536,622025,627137,9.4913482666015625,9.5693511962890625
128,16,negate,openblas,6,65536,895105,900484,13.658218383789062,13.74029541015625
128,16,negate,onemkl,6,65536,947530,952574,14.458160400390625,14.535125732421875
128,16,negate,baseline,7,65536,816519,822018,12.459091186523438,12.542999267578125
128,16,negate,aligned,7,65536,591067,596259,9.0189666748046875,9.0981903076171875
128,16,negate,unrolled,7,65536,816747,821889,12.462570190429688,12.541030883789062
128,16,negate,aligned-unrolled,7,65536,640225,645674,9.7690582275390625,9.852203369140625
128,16,negate,openblas,7,65536,898515,903744,13.710250854492188,13.7900390625
128,16,negate,onemkl,7,65536,977344,982804,14.9130859375,14.99639892578125
128,16,powers-two,baseline,1,65536,814221,819800,12.424026489257812,12.5091552734375
128,16,powers-two,aligned,1,65536,583243,588736,8.8995819091796875,8.9833984375
128,16,powers-two,unrolled,1,65536,810255,816482,12.363510131835938,12.458526611328125
128,16,powers-two,aligned-unrolled,1,65536,648224,653822,9.89111328125,9.976531982421875
128,16,powers-two,openblas,1,65536,893814,899739,13.638519287109375,13.728927612304688
128,16,powers-two,onemkl,1,65536,981340,986831,14.97406005859375,15.057846069335938
128,16,powers-two,baseline,2,65536,795688,801059,12.1412353515625,12.223190307617188
128,16,powers-two,aligned,2,65536,574904,580277,8.7723388671875,8.8543243408203125
128,16,powers-two,unrolled,2,65536,804512,809568,12.27587890625,12.35302734375
128,16,powers-two,aligned-unrolled,2,65536,631817,637217,9.6407623291015625,9.7231597900390625
128,16,powers-two,openblas,2,65536,877427,882883,13.388473510742188,13.471725463867188
128,16,powers-two,onemkl,2,65536,959017,964387,14.633438110351562,14.715377807617188
128,16,powers-two,baseline,3,65536,795455,800826,12.137680053710938,12.219635009765625
128,16,powers-two,aligned,3,65536,572083,577415,8.7292938232421875,8.8106536865234375
128,16,powers-two,unrolled,3,65536,789850,794834,12.052154541015625,12.128204345703125
128,16,powers-two,aligned-unrolled,3,65536,634375,639761,9.6797943115234375,9.7619781494140625
128,16,powers-two,openblas,3,65536,871819,877308,13.302902221679688,13.38665771484375
128,16,powers-two,onemkl,3,65536,958088,963424,14.6192626953125,14.70068359375
128,16,powers-two,baseline,4,65536,805342,810802,12.288543701171875,12.371856689453125
128,16,powers-two,aligned,4,65536,574077,579548,8.7597198486328125,8.84320068359375
128,16,powers-two,unrolled,4,65536,789782,795083,12.051116943359375,12.132003784179688
128,16,powers-two,aligned-unrolled,4,65536,630427,635817,9.6195526123046875,9.7017974853515625
128,16,powers-two,openblas,4,65536,872223,877573,13.309066772460938,13.390701293945312
128,16,powers-two,onemkl,4,65536,955090,960446,14.573516845703125,14.655242919921875
128,16,powers-two,baseline,5,65536,806277,811775,12.302810668945312,12.386703491210938
128,16,powers-two,aligned,5,65536,581907,587364,8.8791961669921875,8.96246337890625
128,16,powers-two,unrolled,5,65536,805090,810218,12.284698486328125,12.362945556640625
128,16,powers-two,aligned-unrolled,5,65536,642908,648405,9.80999755859375,9.8938751220703125
128,16,powers-two,openblas,5,65536,890874,896328,13.593658447265625,13.6768798828125
128,16,powers-two,onemkl,5,65536,976390,982128,14.898529052734375,14.986083984375
128,16,powers-two,baseline,6,65536,812677,818167,12.400466918945312,12.484237670898438
128,16,powers-two,aligned,6,65536,584676,590116,8.92144775390625,9.00445556640625
128,16,powers-two,unrolled,6,65536,812389,817428,12.396072387695312,12.47296142578125
128,16,powers-two,aligned-unrolled,6,65536,650127,655636,9.9201507568359375,10.00421142578125
128,16,powers-two,openblas,6,65536,900290,905835,13.737335205078125,13.821945190429688
128,16,powers-two,onemkl,6,65536,986988,996176,15.06024169921875,15.200439453125
128,16,powers-two,baseline,7,65536,806467,811975,12.305709838867188,12.389755249023438
128,16,powers-two,aligned,7,65536,577585,583013,8.8132476806640625,8.8960723876953125
128,16,powers-two,unrolled,7,65536,805995,811026,12.298507690429688,12.375274658203125
128,16,powers-two,aligned-unrolled,7,65536,644109,649637,9.8283233642578125,9.9126739501953125
128,16,powers-two,openblas,7,65536,890880,896348,13.59375,13.67718505859375
128,16,powers-two,onemkl,7,65536,971741,977194,14.827590942382812,14.910797119140625
128,16,reset,baseline,1,65536,1253509,1258783,19.127029418945312,19.207504272460938
128,16,reset,aligned,1,65536,1151246,1156389,17.566619873046875,17.645095825195312
128,16,reset,unrolled,1,65536,1281088,1286276,19.5478515625,19.62701416015625
128,16,reset,aligned-unrolled,1,65536,1173113,1178422,17.900283813476562,17.981292724609375
128,16,reset,openblas,1,65536,1295499,1300850,19.767745971679688,19.849395751953125
128,16,reset,onemkl,1,65536,1408045,1413298,21.485061645507812,21.565216064453125
128,16,reset,baseline,2,65536,1258834,1264097,19.208282470703125,19.288589477539062
128,16,reset,aligned,2,65536,1160096,1165355,17.70166015625,17.781906127929688
128,16,reset,unrolled,2,65536,1304058,1309315,19.898345947265625,19.978561401367188
128,16,reset,aligned-unrolled,2,65536,1176594,1181766,17.953399658203125,18.032318115234375
128,16,reset,openblas,2,65536,1298767,1304055,19.817611694335938,19.898300170898438
128,16,reset,onemkl,2,65536,1423394,1428837,21.719268798828125,21.802322387695312
128,16,reset,baseline,3,65536,1234730,1239936,18.840484619140625,18.919921875
128,16,reset,aligned,3,65536,1138236,1143349,17.36810302734375,17.446121215820312
128,16,reset,unrolled,3,65536,1272176,1277456,19.411865234375,19.492431640625
128,16,reset,aligned-unrolled,3,65536,1159787,1164830,17.696945190429688,17.773895263671875
128,16,reset,openblas,3,65536,1290309,1295578,19.688552856445312,19.768951416015625
128,16,reset,onemkl,3,65536,1398983,1404260,21.346786499023438,21.42730712890625
128,16,reset,baseline,4,65536,1256610,1261969,19.174346923828125,19.256118774414062
128,16,reset,aligned,4,65536,1164271,1169515,17.765365600585938,17.845382690429688
128,16,reset,unrolled,4,65536,1300934,1306298,19.850677490234375,19.932525634765625
128,16,reset,aligned-unrolled,4,65536,1179613,1185084,17.999465942382812,18.08294677734375
128,16,reset,openblas,4,65536,1296250,1301563,19.779205322265625,19.860275268554688
128,16,reset,onemkl,4,65536,1410957,1416298,21.529495239257812,21.610992431640625
128,16,reset,baseline,5,65536,1255359,1260752,19.155258178710938,19.237548828125
128,16,reset,aligned,5,65536,1278036,1283309,19.50128173828125,19.581741333007812
128,16,reset,unrolled,5,65536,1289437,1294732,19.675247192382812,19.75604248046875
128,16,reset,aligned-unrolled,5,65536,1169325,1174424,17.842483520507812,17.9202880859375
128,16,reset,openblas,5,65536,1292110,1297362,19.716033935546875,19.796173095703125
128,16,reset,onemkl,5,65536,1403513,1408787,21.415908813476562,21.496383666992188
128,16,reset,baseline,6,65536,1255160,1260448,19.1522216796875,19.23291015625
128,16,reset,aligned,6,65536,1152081,1157308,17.579360961914062,17.65911865234375
128,16,reset,unrolled,6,65536,1283869,1289046,19.590286254882812,19.669281005859375
128,16,reset,aligned-unrolled,6,65536,1177239,1190099,17.963241577148438,18.159469604492188
128,16,reset,openblas,6,65536,1298634,1303905,19.815582275390625,19.896011352539062
128,16,reset,onemkl,6,65536,1398399,1403741,21.337875366210938,21.419387817382812
128,16,reset,baseline,7,65536,1235143,1240297,18.846786499023438,18.925430297851562
128,16,reset,aligned,7,65536,1139152,1144237,17.382080078125,17.459671020507812
128,16,reset,unrolled,7,65536,1273197,1278293,19.427444458007812,19.505203247070312
128,16,reset,aligned-unrolled,7,65536,1160328,1165449,17.7052001953125,17.783340454101562
128,16,reset,openblas,7,65536,1287757,1292984,19.649612426757812,19.7293701171875
128,16,reset,onemkl,7,65536,1391375,1396616,21.230697631835938,21.3106689453125
128,24,negate,baseline,1,65536,814912,820122,12.4345703125,12.514068603515625
128,24,negate,aligned,1,65536,634711,639790,9.6849212646484375,9.762420654296875
128,24,negate,unrolled,1,65536,816641,821706,12.460952758789062,12.538238525390625
128,24,negate,aligned-unrolled,1,65536,619461,624605,9.4522247314453125,9.5307159423828125
128,24,negate,openblas,1,65536,894150,901895,13.643646240234375,13.761825561523438
128,24,negate,onemkl,1,65536,963167,968276,14.696762084960938,14.77471923828125
128,24,negate,baseline,2,65536,816303,821457,12.455795288085938,12.534439086914062
128,24,negate,aligned,2,65536,625102,630260,9.538299560546875,9.61700439453125
128,24,negate,unrolled,2,65536,814540,819658,12.42889404296875,12.506988525390625
128,24,negate,aligned-unrolled,2,65536,618108,623272,9.43157958984375,9.5103759765625
128,24,negate,openblas,2,65536,901113,906434,13.749893188476562,13.831085205078125
128,24,negate,onemkl,2,65536,959253,964362,14.637039184570312,14.714996337890625
128,24,negate,baseline,3,65536,799440,813181,12.198486328125,12.408157348632812
128,24,negate,aligned,3,65536,608558,613828,9.285858154296875,9.36627197265625
128,24,negate,unrolled,3,65536,801511,806515,12.230087280273438,12.306442260742188
128,24,negate,aligned-unrolled,3,65536,606937,611924,9.2611236572265625,9.33721923828125
128,24,negate,openblas,3,65536,883109,888414,13.475173950195312,13.556121826171875
128,24,negate,onemkl,3,65536,945555,950756,14.428024291992188,14.50738525390625
128,24,negate,baseline,4,65536,807322,812468,12.318756103515625,12.39727783203125
128,24,negate,aligned,4,65536,625633,630754,9.5464019775390625,9.624542236328125
128,24,negate,unrolled,4,65536,813354,818397,12.410797119140625,12.487747192382812
128,24,negate,aligned-unrolled,4,65536,618144,623272,9.43212890625,9.5103759765625
128,24,negate,openblas,4,65536,892688,897810,13.621337890625,13.699493408203125
128,24,negate,onemkl,4,65536,963040,968121,14.69482421875,14.772354125976562
128,24,negate,baseline,5,65536,802950,807990,12.252044677734375,12.328948974609375
128,24,negate,aligned,5,65536,608303,613297,9.2819671630859375,9.3581695556640625
128,24,negate,unrolled,5,65536,791444,796473,12.07647705078125,12.153213500976562
128,24,negate,aligned-unrolled,5,65536,609234,614229,9.296173095703125,9.3723907470703125
128,24,negate,openblas,5,65536,874583,879645,13.345077514648438,13.422317504882812
128,24,negate,onemkl,5,65536,941415,946393,14.364852905273438,14.440811157226562
128,24,negate,baseline,6,65536,796653,802071,12.155960083007812,12.238632202148438
128,24,negate,aligned,6,65536,604894,609925,9.229949951171875,9.3067169189453125
128,24,negate,unrolled,6,65536,817529,822611,12.474502563476562,12.552047729492188
128,24,negate,aligned-unrolled,6,65536,603678,608635,9.211395263671875,9.2870330810546875
128,24,negate,openblas,6,65536,877904,883138,13.395751953125,13.475616455078125
128,24,negate,onemkl,6,65536,951766,957139,14.522796630859375,14.604782104492188
128,24,negate,baseline,7,65536,803023,808094,12.253158569335938,12.330535888671875
128,24,negate,aligned,7,65536,620579,625566,9.4692840576171875,9.545379638671875
128,24,negate,unrolled,7,65536,804849,809857,12.281021118164062,12.357437133789062
128,24,negate,aligned-unrolled,7,65536,615124,620190,9.38604736328125,9.463348388671875
128,24,negate,openblas,7,65536,884864,890091,13.501953125,13.581710815429688
128,24,negate,onemkl,7,65536,956761,961833,14.599014282226562,14.676406860351562
128,24,powers-two,baseline,1,65536,794743,799895,12.126815795898438,12.205429077148438
128,24,powers-two,aligned,1,65536,587038,591966,8.957489013671875,9.032684326171875
128,24,powers-two,unrolled,1,65536,800106,815048,12.208648681640625,12.4366455078125
128,24,powers-two,aligned-unrolled,1,65536,620163,625961,9.4629364013671875,9.5514068603515625
128,24,powers-two,openblas,1,65536,876223,881890,13.370101928710938,13.456573486328125
128,24,powers-two,onemkl,1,65536,954031,959555,14.557357788085938,14.641647338867188
128,24,powers-two,baseline,2,65536,803144,808260,12.2550048828125,12.33306884765625
128,24,powers-two,aligned,2,65536,591963,597032,9.0326385498046875,9.1099853515625
128,24,powers-two,unrolled,2,65536,807593,812598,12.322891235351562,12.399261474609375
128,24,powers-two,aligned-unrolled,2,65536,625903,631308,9.5505218505859375,9.63299560546875
128,24,powers-two,openblas,2,65536,888019,893588,13.550094604492188,13.63507080078125
128,24,powers-two,onemkl,2,65536,985562,991138,15.038482666015625,15.123565673828125
128,24,powers-two,baseline,3,65536,806100,811225,12.30010986328125,12.378311157226562
128,24,powers-two,aligned,3,65536,599741,604784,9.1513214111328125,9.228271484375
128,24,powers-two,unrolled,3,65536,800931,806094,12.221237182617188,12.300018310546875
128,24,powers-two,aligned-unrolled,3,65536,623150,631197,9.508514404296875,9.6313018798828125
128,24,powers-two,openblas,3,65536,886789,892323,13.531326293945312,13.615768432617188
128,24,powers-two,onemkl,3,65536,968674,974141,14.780792236328125,14.864212036132812
128,24,powers-two,baseline,4,65536,810337,815435,12.364761352539062,12.442550659179688
128,24,powers-two,aligned,4,65536,595542,600793,9.087249755859375,9.1673736572265625
128,24,powers-two,unrolled,4,65536,806073,811076,12.299697875976562,12.37603759765625
128,24,powers-two,aligned-unrolled,4,65536,626529,632069,9.5600738525390625,9.6446075439453125
128,24,powers-two,openblas,4,65536,888818,894386,13.562286376953125,13.647247314453125
128,24,powers-two,onemkl,4,65536,972238,977807,14.835174560546875,14.920150756835938
128,24,powers-two,baseline,5,65536,807502,812591,12.321502685546875,12.399154663085938
128,24,powers-two,aligned,5,65536,608182,613196,9.280120849609375,9.35662841796875
128,24,powers-two,unrolled,5,65536,807381,812510,12.319656372070312,12.397918701171875
128,24,powers-two,aligned-unrolled,5,65536,632727,638343,9.6546478271484375,9.7403411865234375
128,24,powers-two,openblas,5,65536,891061,896592,13.596511840820312,13.680908203125
128,24,powers-two,onemkl,5,65536,976120,981647,14.8944091796875,14.978744506835938
128,24,powers-two,baseline,6,65536,792513,797612,12.092788696289062,12.17059326171875
128,24,powers-two,aligned,6,65536,595480,600473,9.0863037109375,9.1624908447265625
128,24,powers-two,unrolled,6,65536,789722,794658,12.050201416015625,12.125518798828125
128,24,powers-two,aligned-unrolled,6,65536,614436,619893,9.37554931640625,9.4588165283203125
128,24,powers-two,openblas,6,65536,877918,883347,13.395965576171875,13.478805541992188
128,24,powers-two,onemkl,6,65536,960886,966290,14.661956787109375,14.744415283203125
128,24,powers-two,baseline,7,65536,811908,817308,12.38873291015625,12.47113037109375
128,24,powers-two,aligned,7,65536,609292,614348,9.29705810546875,9.37420654296875
128,24,powers-two,unrolled,7,65536,809795,814889,12.356491088867188,12.434219360351562
128,24,powers-two,aligned-unrolled,7,65536,632452,637879,9.65045166015625,9.7332611083984375
128,24,powers-two,openblas,7,65536,896504,902491,13.6795654296875,13.770919799804688
128,24,powers-two,onemkl,7,65536,975092,980604,14.87872314453125,14.96282958984375
128,24,reset,baseline,1,65536,1273281,1278997,19.428726196289062,19.515945434570312
128,24,reset,aligned,1,65536,1155272,1160678,17.6280517578125,17.710540771484375
128,24,reset,unrolled,1,65536,1310991,1316907,20.004135131835938,20.094406127929688
128,24,reset,aligned-unrolled,1,65536,1177673,1183216,17.969863891601562,18.054443359375
128,24,reset,openblas,1,65536,1352620,1358033,20.63934326171875,20.721939086914062
128,24,reset,onemkl,1,65536,1422999,1429264,21.713241577148438,21.808837890625
128,24,reset,baseline,2,65536,1257174,1262359,19.182952880859375,19.262069702148438
128,24,reset,aligned,2,65536,1138388,1143593,17.37042236328125,17.449844360351562
128,24,reset,unrolled,2,65536,1287455,1292704,19.645004272460938,19.72509765625
128,24,reset,aligned-unrolled,2,65536,1157085,1162296,17.655715942382812,17.7352294921875
128,24,reset,openblas,2,65536,1329556,1334745,20.28741455078125,20.366592407226562
128,24,reset,onemkl,2,65536,1409465,1414840,21.506729125976562,21.5887451171875
128,24,reset,baseline,3,65536,1269059,1284901,19.364303588867188,19.606033325195312
128,24,reset,aligned,3,65536,1142485,1147967,17.432937622070312,17.516586303710938
128,24,reset,unrolled,3,65536,1290190,1295591,19.686737060546875,19.769149780273438
128,24,reset,aligned-unrolled,3,65536,1160087,1165394,17.701522827148438,17.782501220703125
128,24,reset,openblas,3,65536,1328655,1334025,20.273666381835938,20.355606079101562
128,24,reset,onemkl,3,65536,1402293,1407612,21.397293090820312,21.47845458984375
128,24,reset,baseline,4,65536,1266484,1271643,19.32501220703125,19.403732299804688
128,24,reset,aligned,4,65536,1143891,1149005,17.454391479492188,17.532424926757812
128,24,reset,unrolled,4,65536,1292781,1298041,19.726272583007812,19.806533813476562
128,24,reset,aligned-unrolled,4,65536,1159612,1164952,17.69427490234375,17.7757568359375
128,24,reset,openblas,4,65536,1427705,1432901,21.785049438476562,21.864334106445312
128,24,reset,onemkl,4,65536,1417737,1423192,21.632949829101562,21.7161865234375
128,24,reset,baseline,5,65536,1258334,1263645,19.200653076171875,19.281692504882812
128,24,reset,aligned,5,65536,1140149,1145316,17.397293090820312,17.47613525390625
128,24,reset,unrolled,5,65536,1294031,1299520,19.745346069335938,19.8291015625
128,24,reset,aligned-unrolled,5,65536,1161913,1167199,17.729385375976562,17.810043334960938
128,24,reset,openblas,5,65536,1324934,1330162,20.216888427734375,20.296661376953125
128,24,reset,onemkl,5,65536,1393168,1398714,21.258056640625,21.342681884765625
128,24,reset,baseline,6,65536,1261730,1266912,19.252471923828125,19.33154296875
128,24,reset,aligned,6,65536,1141867,1146993,17.423507690429688,17.501724243164062
128,24,reset,unrolled,6,65536,1293317,1298583,19.734451293945312,19.814804077148438
128,24,reset,aligned-unrolled,6,65536,1161414,1166743,17.721771240234375,17.803085327148438
128,24,reset,openblas,6,65536,1333078,1338235,20.341156005859375,20.419845581054688
128,24,reset,onemkl,6,65536,1395696,1401040,21.296630859375,21.378173828125
128,24,reset,baseline,7,65536,1272975,1278341,19.424057006835938,19.505935668945312
128,24,reset,aligned,7,65536,1155990,1161349,17.639007568359375,17.720779418945312
128,24,reset,unrolled,7,65536,1307739,1313151,19.954513549804688,20.037094116210938
128,24,reset,aligned-unrolled,7,65536,1181076,1187192,18.02178955078125,18.1151123046875
128,24,reset,openblas,7,65536,1340676,1346213,20.45709228515625,20.541580200195312
128,24,reset,onemkl,7,65536,1419546,1424963,21.660552978515625,21.743209838867188
256,0,negate,baseline,1,32768,471316,476712,14.3834228515625,14.548095703125
256,0,negate,aligned,1,32768,453008,458335,13.82470703125,13.987274169921875
256,0,negate,unrolled,1,32768,410457,415614,12.526153564453125,12.68353271484375
256,0,negate,aligned-unrolled,1,32768,420342,425567,12.82781982421875,12.987274169921875
256,0,negate,openblas,1,32768,449344,454739,13.712890625,13.877532958984375
256,0,negate,onemkl,1,32768,561885,567229,17.147369384765625,17.310455322265625
256,0,negate,baseline,2,32768,469180,474409,14.3182373046875,14.477813720703125
256,0,negate,aligned,2,32768,445844,451031,13.6060791015625,13.764373779296875
256,0,negate,unrolled,2,32768,411529,416683,12.558868408203125,12.716156005859375
256,0,negate,aligned-unrolled,2,32768,418070,423404,12.75848388671875,12.9212646484375
256,0,negate,openblas,2,32768,449727,455216,13.724578857421875,13.89208984375
256,0,negate,onemkl,2,32768,554465,559724,16.920928955078125,17.0814208984375
256,0,negate,baseline,3,32768,466734,472024,14.24359130859375,14.405029296875
256,0,negate,aligned,3,32768,446921,452171,13.638946533203125,13.799163818359375
256,0,negate,unrolled,3,32768,406303,411520,12.399383544921875,12.55859375
256,0,negate,aligned-unrolled,3,32768,414339,419496,12.644622802734375,12.802001953125
256,0,negate,openblas,3,32768,453629,459025,13.843658447265625,14.008331298828125
256,0,negate,onemkl,3,32768,555602,561095,16.95562744140625,17.123260498046875
256,0,negate,baseline,4,32768,482065,487454,14.711456298828125,14.87591552734375
256,0,negate,aligned,4,32768,456484,461838,13.9307861328125,14.09417724609375
256,0,negate,unrolled,4,32768,421087,426387,12.850555419921875,13.012298583984375
256,0,negate,aligned-unrolled,4,32768,429773,435462,13.115631103515625,13.28924560546875
256,0,negate,openblas,4,32768,470093,475922,14.346099853515625,14.52398681640625
256,0,negate,onemkl,4,32768,573926,579427,17.51483154296875,17.682708740234375
256,0,negate,baseline,5,32768,471284,476637,14.3824462890625,14.545806884765625
256,0,negate,aligned,5,32768,443617,448787,13.538116455078125,13.695892333984375
256,0,negate,unrolled,5,32768,412494,417740,12.58831787109375,12.7484130859375
256,0,negate,aligned-unrolled,5,32768,423143,428397,12.913299560546875,13.073638916015625
256,0,negate,openblas,5,32768,453515,459122,13.840179443359375,14.01129150390625
256,0,negate,onemkl,5,32768,565552,570930,17.25927734375,17.42340087890625
256,0,negate,baseline,6,32768,470680,476019,14.364013671875,14.526947021484375
256,0,negate,aligned,6,32768,448313,453483,13.681427001953125,13.839202880859375
256,0,negate,unrolled,6,32768,410486,415631,12.52703857421875,12.684051513671875
256,0,negate,aligned-unrolled,6,32768,422254,430095,12.88616943359375,13.125457763671875
256,0,negate,openblas,6,32768,451746,457213,13.78619384765625,13.953033447265625
256,0,negate,onemkl,6,32768,561698,567127,17.14166259765625,17.307342529296875
256,0,negate,baseline,7,32768,470979,476266,14.373138427734375,14.53448486328125
256,0,negate,aligned,7,32768,452498,457716,13.80914306640625,13.9683837890625
256,0,negate,unrolled,7,32768,412692,417886,12.5943603515625,12.75286865234375
256,0,negate,aligned-unrolled,7,32768,418680,423905,12.777099609375,12.936553955078125
256,0,negate,openblas,7,32768,450009,455549,13.733184814453125,13.902252197265625
256,0,negate,onemkl,7,32768,558571,563871,17.046234130859375,17.207977294921875
256,0,powers-two,baseline,1,32768,499062,504607,15.23016357421875,15.399383544921875
256,0,powers-two,aligned,1,32768,467304,472737,14.260986328125,14.426788330078125
256,0,powers-two,unrolled,1,32768,436045,441375,13.307037353515625,13.469696044921875
256,0,powers-two,aligned-unrolled,1,32768,441994,447807,13.48858642578125,13.665985107421875
256,0,powers-two,openblas,1,32768,464407,470423,14.172576904296875,14.356170654296875
256,0,powers-two,onemkl,1,32768,560242,565935,17.09722900390625,17.270965576171875
256,0,powers-two,baseline,2,32768,480025,485434,14.649200439453125,14.81427001953125
256,0,powers-two,aligned,2,32768,458967,464162,14.006561279296875,14.16510009765625
256,0,powers-two,unrolled,2,32768,422253,427430,12.886138916015625,13.04412841796875
256,0,powers-two,aligned-unrolled,2,32768,428020,433729,13.0621337890625,13.236358642578125
256,0,powers-two,openblas,2,32768,452792,458613,13.818115234375,13.995758056640625
256,0,powers-two,onemkl,2,32768,547134,552612,16.69720458984375,16.8643798828125
256,0,powers-two,baseline,3,32768,479988,485277,14.6480712890625,14.809478759765625
256,0,powers-two,aligned,3,32768,452103,457259,13.797088623046875,13.954437255859375
256,0,powers-two,unrolled,3,32768,424194,429372,12.94537353515625,13.1033935546875
256,0,powers-two,aligned-unrolled,3,32768,427616,433249,13.0498046875,13.221710205078125
256,0,powers-two,openblas,3,32768,450744,456528,13.755615234375,13.93212890625
256,0,powers-two,onemkl,3,32768,545823,551179,16.657196044921875,16.820648193359375
256,0,powers-two,baseline,4,32768,478697,483969,14.608673095703125,14.769561767578125
256,0,powers-two,aligned,4,32768,452071,457268,13.796112060546875,13.9547119140625
256,0,powers-two,unrolled,4,32768,423524,428713,12.9249267578125,13.083282470703125
256,0,powers-two,aligned-unrolled,4,32768,427710,433323,13.05267333984375,13.223968505859375
256,0,powers-two,openblas,4,32768,451045,456802,13.764801025390625,13.94049072265625
256,0,powers-two,onemkl,4,32768,542618,547988,16.55938720703125,16.7232666015625
256,0,powers-two,baseline,5,32768,479190,484470,14.62371826171875,14.78485107421875
256,0,powers-two,aligned,5,32768,455311,460507,13.894989013671875,14.053558349609375
256,0,powers-two,unrolled,5,32768,421797,426963,12.872222900390625,13.029876708984375
256,0,powers-two,aligned-unrolled,5,32768,427640,433266,13.050537109375,13.22222900390625
256,0,powers-two,openblas,5,32768,452416,458213,13.806640625,13.983551025390625
256,0,powers-two,onemkl,5,32768,540961,546453,16.508819580078125,16.676422119140625
256,0,powers-two,baseline,6,32768,478854,484190,14.61346435546875,14.77630615234375
256,0,powers-two,aligned,6,32768,458412,463627,13.9896240234375,14.148773193359375
256,0,powers-two,unrolled,6,32768,423876,429150,12.9356689453125,13.09661865234375
256,0,powers-two,aligned-unrolled,6,32768,427707,433725,13.052581787109375,13.236236572265625
256,0,powers-two,openblas,6,32768,449936,455668,13.73095703125,13.9058837890625
256,0,powers-two,onemkl,6,32768,538873,544340,16.445098876953125,16.6119384765625
256,0,powers-two,baseline,7,32768,479066,484360,14.61993408203125,14.781494140625
256,0,powers-two,aligned,7,32768,460292,465639,14.0469970703125,14.210174560546875
256,0,powers-two,unrolled,7,32768,429333,434609,13.102203369140625,13.263214111328125
256,0,powers-two,aligned-unrolled,7,32768,427868,433102,13.0574951171875,13.21722412109375
256,0,powers-two,openblas,7,32768,452076,458091,13.7962646484375,13.979827880859375
256,0,powers-two,onemkl,7,32768,536382,541848,16.36907958984375,16.535888671875
256,0,reset,baseline,1,32768,871564,877006,26.5980224609375,26.76409912109375
256,0,reset,aligned,1,32768,847280,852813,25.85693359375,26.025787353515625
256,0,reset,unrolled,1,32768,823846,829064,25.14178466796875,25.301025390625
256,0,reset,aligned-unrolled,1,32768,827298,833232,25.24713134765625,25.42822265625
256,0,reset,openblas,1,32768,922657,928249,28.157257080078125,28.327911376953125
256,0,reset,onemkl,1,32768,951532,957434,29.0384521484375,29.21856689453125
256,0,reset,baseline,2,32768,872512,878070,26.626953125,26.79656982421875
256,0,reset,aligned,2,32768,846320,851677,25.82763671875,25.991119384765625
256,0,reset,unrolled,2,32768,827028,832331,25.2388916015625,25.400726318359375
256,0,reset,aligned-unrolled,2,32768,828118,833899,25.27215576171875,25.448577880859375
256,0,reset,openblas,2,32768,917482,922870,27.99932861328125,28.16375732421875
256,0,reset,onemkl,2,32768,947807,953315,28.924774169921875,29.092864990234375
256,0,reset,baseline,3,32768,870994,876284,26.58062744140625,26.7420654296875
256,0,reset,aligned,3,32768,843605,851537,25.744781494140625,25.986846923828125
256,0,reset,unrolled,3,32768,835002,840259,25.48223876953125,25.642669677734375
256,0,reset,aligned-unrolled,3,32768,830783,836725,25.353485107421875,25.534820556640625
256,0,reset,openblas,3,32768,916084,921475,27.9566650390625,28.121185302734375
256,0,reset,onemkl,3,32768,950294,955823,29.00067138671875,29.169403076171875
256,0,reset,baseline,4,32768,869901,875301,26.547271728515625,26.712066650390625
256,0,reset,aligned,4,32768,849583,854910,25.927215576171875,26.08978271484375
256,0,reset,unrolled,4,32768,827178,832388,25.24346923828125,25.4024658203125
256,0,reset,aligned-unrolled,4,32768,832788,838612,25.4146728515625,25.5924072265625
256,0,reset,openblas,4,32768,917034,922442,27.98565673828125,28.15069580078125
256,0,reset,onemkl,4,32768,943372,948930,28.7894287109375,28.95904541015625
256,0,reset,baseline,5,32768,869285,874640,26.528472900390625,26.69189453125
256,0,reset,aligned,5,32768,848682,853909,25.89971923828125,26.059234619140625
256,0,reset,unrolled,5,32768,826848,832238,25.2333984375,25.39788818359375
256,0,reset,aligned-unrolled,5,32768,834913,840660,25.479522705078125,25.6549072265625
256,0,reset,openblas,5,32768,920271,925617,28.084442138671875,28.247589111328125
256,0,reset,onemkl,5,32768,940745,946164,28.709259033203125,28.8746337890625
256,0,reset,baseline,6,32768,876461,881982,26.747467041015625,26.91595458984375
256,0,reset,aligned,6,32768,847414,852705,25.86102294921875,26.022491455078125
256,0,reset,unrolled,6,32768,826083,831373,25.210052490234375,25.371490478515625
256,0,reset,aligned-unrolled,6,32768,829538,835287,25.31549072265625,25.490936279296875
256,0,reset,openblas,6,32768,933841,947552,28.498565673828125,28.9169921875
256,0,reset,onemkl,6,32768,941064,946459,28.718994140625,28.883636474609375
256,0,reset,baseline,7,32768,867226,872736,26.46563720703125,26.6337890625
256,0,reset,aligned,7,32768,840988,846434,25.6649169921875,25.83111572265625
256,0,reset,unrolled,7,32768,820836,826065,25.0499267578125,25.209503173828125
256,0,reset,aligned-unrolled,7,32768,826891,832602,25.234710693359375,25.40899658203125
256,0,reset,openblas,7,32768,912950,918537,27.86102294921875,28.031524658203125
256,0,reset,onemkl,7,32768,946249,951755,28.877227783203125,29.045257568359375
256,8,negate,baseline,1,32768,788840,793824,24.073486328125,24.2255859375
256,8,negate,aligned,1,32768,482506,487502,14.72491455078125,14.87738037109375
256,8,negate,unrolled,1,32768,788831,793774,24.073211669921875,24.22406005859375
256,8,negate,aligned-unrolled,1,32768,500717,505757,15.280670166015625,15.434478759765625
256,8,negate,openblas,1,32768,831429,836534,25.373199462890625,25.52899169921875
256,8,negate,onemkl,1,32768,599898,604896,18.30743408203125,18.4599609375
256,8,negate,baseline,2,32768,782133,787247,23.868804931640625,24.024871826171875
256,8,negate,aligned,2,32768,480021,485132,14.649078369140625,14.8050537109375
256,8,negate,unrolled,2,32768,781732,786714,23.8565673828125,24.00860595703125
256,8,negate,aligned-unrolled,2,32768,500225,505216,15.265655517578125,15.41796875
256,8,negate,openblas,2,32768,822785,827797,25.109405517578125,25.262359619140625
256,8,negate,onemkl,2,32768,602737,607679,18.394073486328125,18.544891357421875
256,8,negate,baseline,3,32768,775930,781123,23.67950439453125,23.837982177734375
256,8,negate,aligned,3,32768,470696,475559,14.364501953125,14.512908935546875
256,8,negate,unrolled,3,32768,770035,774928,23.499603271484375,23.64892578125
256,8,negate,aligned-unrolled,3,32768,488532,493685,14.9088134765625,15.066070556640625
256,8,negate,openblas,3,32768,808641,813648,24.677764892578125,24.83056640625
256,8,negate,onemkl,3,32768,582816,587718,17.7861328125,17.93572998046875
256,8,negate,baseline,4,32768,763384,768332,23.296630859375,23.4476318359375
256,8,negate,aligned,4,32768,470362,475202,14.35430908203125,14.50201416015625
256,8,negate,unrolled,4,32768,764709,769622,23.337066650390625,23.48699951171875
256,8,negate,aligned-unrolled,4,32768,483053,487957,14.741607666015625,14.891265869140625
256,8,negate,openblas,4,32768,804837,809741,24.561676025390625,24.711334228515625
256,8,negate,onemkl,4,32768,577351,584453,17.619354248046875,17.836090087890625
256,8,negate,baseline,5,32768,764937,769843,23.344024658203125,23.493743896484375
256,8,negate,aligned,5,32768,467749,472579,14.274566650390625,14.421966552734375
256,8,negate,unrolled,5,32768,764713,769528,23.337188720703125,23.484130859375
256,8,negate,aligned-unrolled,5,32768,484505,489345,14.785919189453125,14.933624267578125
256,8,negate,openblas,5,32768,804749,809672,24.558990478515625,24.709228515625
256,8,negate,onemkl,5,32768,578385,583268,17.650909423828125,17.7999267578125
256,8,negate,baseline,6,32768,769057,774077,23.469757080078125,23.622955322265625
256,8,negate,aligned,6,32768,469993,474869,14.343048095703125,14.491851806640625
256,8,negate,unrolled,6,32768,768542,773424,23.45404052734375,23.60302734375
256,8,negate,aligned-unrolled,6,32768,486129,491063,14.835479736328125,14.986053466796875
256,8,negate,openblas,6,32768,814923,820036,24.869476318359375,25.0255126953125
256,8,negate,onemkl,6,32768,585223,590180,17.859588623046875,18.0108642578125
256,8,negate,baseline,7,32768,766026,770970,23.37725830078125,23.52813720703125
256,8,negate,aligned,7,32768,471446,476436,14.38739013671875,14.5396728515625
256,8,negate,unrolled,7,32768,766104,771011,23.379638671875,23.529388427734375
256,8,negate,aligned-unrolled,7,32768,483097,487986,14.742950439453125,14.89215087890625
256,8,negate,openblas,7,32768,805495,810459,24.581756591796875,24.733245849609375
256,8,negate,onemkl,7,32768,584006,588874,17.82244873046875,17.97100830078125
256,8,powers-two,baseline,1,32768,783861,788986,23.921539306640625,24.07794189453125
256,8,powers-two,aligned,1,32768,485986,490967,14.83111572265625,14.983123779296875
256,8,powers-two,unrolled,1,32768,784356,789352,23.9366455078125,24.089111328125
256,8,powers-two,aligned-unrolled,1,32768,514233,519635,15.693145751953125,15.858001708984375
256,8,powers-two,openblas,1,32768,823460,828876,25.1300048828125,25.2952880859375
256,8,powers-two,onemkl,1,32768,604102,609042,18.43572998046875,18.58648681640625
256,8,powers-two,baseline,2,32768,779633,784676,23.792510986328125,23.9464111328125
256,8,powers-two,aligned,2,32768,483714,488695,14.76177978515625,14.913787841796875
256,8,powers-two,unrolled,2,32768,780914,786071,23.83160400390625,23.988983154296875
256,8,powers-two,aligned-unrolled,2,32768,502359,507781,15.330780029296875,15.496246337890625
256,8,powers-two,openblas,2,32768,820317,825779,25.034088134765625,25.200775146484375
256,8,powers-two,onemkl,2,32768,598033,603328,18.250518798828125,18.412109375
256,8,powers-two,baseline,3,32768,773988,779007,23.6202392578125,23.773406982421875
256,8,powers-two,aligned,3,32768,482465,487351,14.723663330078125,14.872772216796875
256,8,powers-two,unrolled,3,32768,773266,778259,23.59820556640625,23.750579833984375
256,8,powers-two,aligned-unrolled,3,32768,496385,501747,15.148468017578125,15.312103271484375
256,8,powers-two,openblas,3,32768,823673,829265,25.136505126953125,25.307159423828125
256,8,powers-two,onemkl,3,32768,590162,595083,18.01031494140625,18.160491943359375
256,8,powers-two,baseline,4,32768,782250,787221,23.87237548828125,24.024078369140625
256,8,powers-two,aligned,4,32768,486142,491046,14.83587646484375,14.98553466796875
256,8,powers-two,unrolled,4,32768,788450,803094,24.06158447265625,24.50848388671875
256,8,powers-two,aligned-unrolled,4,32768,501854,507215,15.31536865234375,15.478973388671875
256,8,powers-two,openblas,4,32768,823544,828890,25.132568359375,25.29571533203125
256,8,powers-two,onemkl,4,32768,603069,608016,18.404205322265625,18.55517578125
256,8,powers-two,baseline,5,32768,791270,796351,24.14764404296875,24.302703857421875
256,8,powers-two,aligned,5,32768,492083,497183,15.017181396484375,15.172821044921875
256,8,powers-two,unrolled,5,32768,793585,798729,24.218292236328125,24.375274658203125
256,8,powers-two,aligned-unrolled,5,32768,502975,508450,15.349578857421875,15.51666259765625
256,8,powers-two,openblas,5,32768,827613,833170,25.256744384765625,25.42633056640625
256,8,powers-two,onemkl,5,32768,607869,612825,18.550689697265625,18.701934814453125
256,8,powers-two,baseline,6,32768,787914,792963,24.04522705078125,24.199310302734375
256,8,powers-two,aligned,6,32768,488781,493875,14.916412353515625,15.071868896484375
256,8,powers-two,unrolled,6,32768,784517,789537,23.941558837890625,24.094757080078125
256,8,powers-two,aligned-unrolled,6,32768,505699,511152,15.432708740234375,15.59912109375
256,8,powers-two,openblas,6,32768,828721,834281,25.290557861328125,25.460235595703125
256,8,powers-two,onemkl,6,32768,606453,611743,18.507476806640625,18.668914794921875
256,8,powers-two,baseline,7,32768,774462,779607,23.63470458984375,23.791717529296875
256,8,powers-two,aligned,7,32768,482714,487594,14.73126220703125,14.88018798828125
256,8,powers-two,unrolled,7,32768,774603,779535,23.639007568359375,23.789520263671875
256,8,powers-two,aligned-unrolled,7,32768,496987,502401,15.166839599609375,15.332061767578125
256,8,powers-two,openblas,7,32768,824296,829795,25.155517578125,25.323333740234375
256,8,powers-two,onemkl,7,32768,600668,605703,18.3309326171875,18.484588623046875
256,8,reset,baseline,1,32768,1133832,1139143,34.601806640625,34.763885498046875
256,8,reset,aligned,1,32768,880561,885981,26.872589111328125,27.037994384765625
256,8,reset,unrolled,1,32768,1137694,1142707,34.71966552734375,34.872650146484375
256,8,reset,aligned-unrolled,1,32768,904187,909790,27.593597412109375,27.76458740234375
256,8,reset,openblas,1,32768,1182038,1187136,36.07293701171875,36.228515625
256,8,reset,onemkl,1,32768,1020349,1025677,31.138580322265625,31.301177978515625
256,8,reset,baseline,2,32768,1147428,1152610,35.0167236328125,35.17486572265625
256,8,reset,aligned,2,32768,886285,891554,27.047271728515625,27.20806884765625
256,8,reset,unrolled,2,32768,1154606,1159747,35.23577880859375,35.392669677734375
256,8,reset,aligned-unrolled,2,32768,908740,914389,27.7325439453125,27.904937744140625
256,8,reset,openblas,2,32768,1202736,1208002,36.70458984375,36.86529541015625
256,8,reset,onemkl,2,32768,1032140,1037350,31.4984130859375,31.65740966796875
256,8,reset,baseline,3,32768,1150507,1155760,35.110687255859375,35.27099609375
256,8,reset,aligned,3,32768,880637,886281,26.874908447265625,27.047149658203125
256,8,reset,unrolled,3,32768,1154482,1159585,35.23199462890625,35.387725830078125
256,8,reset,aligned-unrolled,3,32768,904415,909967,27.600555419921875,27.769989013671875
256,8,reset,openblas,3,32768,1195092,1200310,36.4713134765625,36.63055419921875
256,8,reset,onemkl,3,32768,1020712,1026115,31.149658203125,31.314544677734375
256,8,reset,baseline,4,32768,1143075,1148275,34.883880615234375,35.042572021484375
256,8,reset,aligned,4,32768,878471,883965,26.808807373046875,26.976470947265625
256,8,reset,unrolled,4,32768,1152094,1157434,35.15911865234375,35.32208251953125
256,8,reset,aligned-unrolled,4,32768,905991,911529,27.648651123046875,27.817657470703125
256,8,reset,openblas,4,32768,1197143,1202276,36.533905029296875,36.6905517578125
256,8,reset,onemkl,4,32768,1022957,1028134,31.218170166015625,31.37615966796875
256,8,reset,baseline,5,32768,1124398,1130390,34.31390380859375,34.49676513671875
256,8,reset,aligned,5,32768,865046,870927,26.39910888671875,26.578582763671875
256,8,reset,unrolled,5,32768,1139355,1144456,34.770355224609375,34.926025390625
256,8,reset,aligned-unrolled,5,32768,892973,898485,27.251373291015625,27.419586181640625
256,8,reset,openblas,5,32768,1178402,1183471,35.96197509765625,36.116668701171875
256,8,reset,onemkl,5,32768,1013054,1018244,30.91595458984375,31.0743408203125
256,8,reset,baseline,6,32768,1113195,1118656,33.972015380859375,34.138671875
256,8,reset,aligned,6,32768,856704,862179,26.14453125,26.311614990234375
256,8,reset,unrolled,6,32768,1140151,1145258,34.794647216796875,34.95050048828125
256,8,reset,aligned-unrolled,6,32768,886725,896775,27.060699462890625,27.367401123046875
256,8,reset,openblas,6,32768,1162456,1167563,35.475341796875,35.631195068359375
256,8,reset,onemkl,6,32768,998377,1003633,30.468048095703125,30.628448486328125
256,8,reset,baseline,7,32768,1116627,1121650,34.076751708984375,34.23004150390625
256,8,reset,aligned,7,32768,859604,865008,26.2330322265625,26.39794921875
256,8,reset,unrolled,7,32768,1245468,1250707,38.0086669921875,38.168548583984375
256,8,reset,aligned-unrolled,7,32768,886421,891897,27.051422119140625,27.218536376953125
256,8,reset,openblas,7,32768,1170496,1175505,35.720703125,35.873565673828125
256,8,reset,onemkl,7,32768,1000804,1005778,30.5421142578125,30.69390869140625
256,16,negate,baseline,1,32768,767155,772076,23.411712646484375,23.5618896484375
256,16,negate,aligned,1,32768,459133,464436,14.011627197265625,14.1734619140625
256,16,negate,unrolled,1,32768,766775,771580,23.400115966796875,23.5467529296875
256,16,negate,aligned-unrolled,1,32768,475245,480296,14.503326416015625,14.657470703125
256,16,negate,openblas,1,32768,814435,819455,24.854583740234375,25.007781982421875
256,16,negate,onemkl,1,32768,585220,590297,17.8594970703125,18.014434814453125
256,16,negate,baseline,2,32768,769390,774361,23.47991943359375,23.631622314453125
256,16,negate,aligned,2,32768,459854,465156,14.03363037109375,14.1954345703125
256,16,negate,unrolled,2,32768,764988,769886,23.3455810546875,23.49505615234375
256,16,negate,aligned-unrolled,2,32768,480376,485368,14.659912109375,14.812255859375
256,16,negate,openblas,2,32768,808351,813311,24.668914794921875,24.820281982421875
256,16,negate,onemkl,2,32768,585753,590758,17.875762939453125,18.02850341796875
256,16,negate,baseline,3,32768,789552,794700,24.09521484375,24.2523193359375
256,16,negate,aligned,3,32768,478900,484500,14.6148681640625,14.7857666015625
256,16,negate,unrolled,3,32768,788200,793169,24.053955078125,24.205596923828125
256,16,negate,aligned-unrolled,3,32768,499465,504637,15.242462158203125,15.400299072265625
256,16,negate,openblas,3,32768,832340,837442,25.4010009765625,25.55670166015625
256,16,negate,onemkl,3,32768,603291,608413,18.410980224609375,18.567291259765625
256,16,negate,baseline,4,32768,785622,790620,23.97528076171875,24.1278076171875
256,16,negate,aligned,4,32768,475092,480415,14.4986572265625,14.661102294921875
256,16,negate,unrolled,4,32768,784776,790138,23.949462890625,24.11309814453125
256,16,negate,aligned-unrolled,4,32768,487856,492960,14.88818359375,15.0439453125
256,16,negate,openblas,4,32768,821641,826629,25.074493408203125,25.226715087890625
256,16,negate,onemkl,4,32768,595527,600715,18.174041748046875,18.332366943359375
256,16,negate,baseline,5,32768,769386,774358,23.47979736328125,23.63153076171875
256,16,negate,aligned,5,32768,463370,468665,14.14093017578125,14.302520751953125
256,16,negate,unrolled,5,32768,767805,772624,23.431549072265625,23.57861328125
256,16,negate,aligned-unrolled,5,32768,476910,481910,14.55413818359375,14.70672607421875
256,16,negate,openblas,5,32768,808759,813656,24.681365966796875,24.830810546875
256,16,negate,onemkl,5,32768,588590,593567,17.96234130859375,18.114227294921875
256,16,negate,baseline,6,32768,768350,773303,23.44818115234375,23.599334716796875
256,16,negate,aligned,6,32768,475885,481134,14.522857666015625,14.68304443359375
256,16,negate,unrolled,6,32768,768916,773780,23.4654541015625,23.6138916015625
256,16,negate,aligned-unrolled,6,32768,476112,481100,14.52978515625,14.6820068359375
256,16,negate,openblas,6,32768,812303,817258,24.789520263671875,24.94073486328125
256,16,negate,onemkl,6,32768,589567,594555,17.992156982421875,18.144378662109375
256,16,negate,baseline,7,32768,775566,780725,23.66839599609375,23.825836181640625
256,16,negate,aligned,7,32768,469000,474373,14.312744140625,14.476715087890625
256,16,negate,unrolled,7,32768,769978,774791,23.49786376953125,23.644744873046875
256,16,negate,aligned-unrolled,7,32768,477004,481950,14.5570068359375,14.70794677734375
256,16,negate,openblas,7,32768,811907,816792,24.777435302734375,24.926513671875
256,16,negate,onemkl,7,32768,589377,594428,17.986358642578125,18.1405029296875
256,16,powers-two,baseline,1,32768,781513,786529,23.849884033203125,24.002960205078125
256,16,powers-two,aligned,1,32768,476058,481022,14.52813720703125,14.67962646484375
256,16,powers-two,unrolled,1,32768,778011,782924,23.743011474609375,23.8929443359375
256,16,powers-two,aligned-unrolled,1,32768,492519,498000,15.030487060546875,15.19775390625
256,16,powers-two,openblas,1,32768,818645,824052,24.983062744140625,25.1480712890625
256,16,powers-two,onemkl,1,32768,609840,614912,18.61083984375,18.765625
256,16,powers-two,baseline,2,32768,771527,776626,23.545135498046875,23.70074462890625
256,16,powers-two,aligned,2,32768,473127,478076,14.438690185546875,14.5897216796875
256,16,powers-two,unrolled,2,32768,771753,776609,23.552032470703125,23.700225830078125
256,16,powers-two,aligned-unrolled,2,32768,488258,493590,14.90045166015625,15.06317138671875
256,16,powers-two,openblas,2,32768,812034,817428,24.78131103515625,24.9459228515625
256,16,powers-two,onemkl,2,32768,595604,600520,18.1763916015625,18.326416015625
256,16,powers-two,baseline,3,32768,770225,775212,23.505401611328125,23.6575927734375
256,16,powers-two,aligned,3,32768,473908,478760,14.4625244140625,14.610595703125
256,16,powers-two,unrolled,3,32768,763734,768962,23.30731201171875,23.46685791015625
256,16,powers-two,aligned-unrolled,3,32768,489245,494674,14.930572509765625,15.09625244140625
256,16,powers-two,openblas,3,32768,814258,819626,24.84918212890625,25.01300048828125
256,16,powers-two,onemkl,3,32768,590899,595969,18.032806396484375,18.187530517578125
256,16,powers-two,baseline,4,32768,766166,771265,23.38153076171875,23.537139892578125
256,16,powers-two,aligned,4,32768,468859,474206,14.308441162109375,14.47161865234375
256,16,powers-two,unrolled,4,32768,766278,771203,23.38494873046875,23.535247802734375
256,16,powers-two,aligned-unrolled,4,32768,485818,491298,14.82598876953125,14.99322509765625
256,16,powers-two,openblas,4,32768,803616,809091,24.5244140625,24.691497802734375
256,16,powers-two,onemkl,4,32768,595166,600273,18.16302490234375,18.318878173828125
256,16,powers-two,baseline,5,32768,767145,772122,23.411407470703125,23.56329345703125
256,16,powers-two,aligned,5,32768,469146,474062,14.31719970703125,14.46722412109375
256,16,powers-two,unrolled,5,32768,766635,771522,23.395843505859375,23.54498291015625
256,16,powers-two,aligned-unrolled,5,32768,486206,491583,14.83782958984375,15.001922607421875
256,16,powers-two,openblas,5,32768,803659,808982,24.525726318359375,24.68817138671875
256,16,powers-two,onemkl,5,32768,591948,596918,18.0648193359375,18.21649169921875
256,16,powers-two,baseline,6,32768,772002,777034,23.55963134765625,23.71319580078125
256,16,powers-two,aligned,6,32768,472097,476928,14.407257080078125,14.5546875
256,16,powers-two,unrolled,6,32768,775703,780611,23.672576904296875,23.822357177734375
256,16,powers-two,aligned-unrolled,6,32768,489005,494485,14.923248291015625,15.090484619140625
256,16,powers-two,openblas,6,32768,812535,817907,24.796600341796875,24.960540771484375
256,16,powers-two,onemkl,6,32768,594705,599588,18.148956298828125,18.2979736328125
256,16,powers-two,baseline,7,32768,787367,792496,24.028533935546875,24.18505859375
256,16,powers-two,aligned,7,32768,481784,486912,14.702880859375,14.859375
256,16,powers-two,unrolled,7,32768,783687,788672,23.916229248046875,24.068359375
256,16,powers-two,aligned-unrolled,7,32768,494770,500298,15.09918212890625,15.26788330078125
256,16,powers-two,openblas,7,32768,824788,830302,25.1705322265625,25.33880615234375
256,16,powers-two,onemkl,7,32768,607560,612510,18.541259765625,18.69232177734375
256,16,reset,baseline,1,32768,1130901,1136131,34.512359619140625,34.671966552734375
256,16,reset,aligned,1,32768,818713,824045,24.985137939453125,25.147857666015625
256,16,reset,unrolled,1,32768,1144939,1150205,34.940765380859375,35.101470947265625
256,16,reset,aligned-unrolled,1,32768,826471,832114,25.221893310546875,25.39410400390625
256,16,reset,openblas,1,32768,1170238,1175488,35.71282958984375,35.873046875
256,16,reset,onemkl,1,32768,927651,932895,28.309661865234375,28.469696044921875
256,16,reset,baseline,2,32768,1142466,1147682,34.86529541015625,35.02447509765625
256,16,reset,aligned,2,32768,825096,830637,25.179931640625,25.349029541015625
256,16,reset,unrolled,2,32768,1150390,1155920,35.10711669921875,35.27587890625
256,16,reset,aligned-unrolled,2,32768,824413,829582,25.159088134765625,25.31683349609375
256,16,reset,openblas,2,32768,1180641,1185853,36.030303955078125,36.189361572265625
256,16,reset,onemkl,2,32768,935495,941174,28.549041748046875,28.72235107421875
256,16,reset,baseline,3,32768,1135253,1140427,34.645172119140625,34.803070068359375
256,16,reset,aligned,3,32768,824705,829853,25.167999267578125,25.325103759765625
256,16,reset,unrolled,3,32768,1153262,1158554,35.19476318359375,35.35626220703125
256,16,reset,aligned-unrolled,3,32768,830034,835179,25.33062744140625,25.487640380859375
256,16,reset,openblas,3,32768,1170942,1176180,35.73431396484375,35.8941650390625
256,16,reset,onemkl,3,32768,933183,938721,28.478485107421875,28.647491455078125
256,16,reset,baseline,4,32768,1146501,1152051,34.988433837890625,35.157806396484375
256,16,reset,aligned,4,32768,831659,837335,25.380218505859375,25.553436279296875
256,16,reset,unrolled,4,32768,1152117,1157525,35.159820556640625,35.324859619140625
256,16,reset,aligned-unrolled,4,32768,824230,829606,25.15350341796875,25.31756591796875
256,16,reset,openblas,4,32768,1174668,1179960,35.8480224609375,36.009521484375
256,16,reset,onemkl,4,32768,936616,942306,28.583251953125,28.75689697265625
256,16,reset,baseline,5,32768,1161621,1166947,35.449859619140625,35.612396240234375
256,16,reset,aligned,5,32768,836246,841526,25.52020263671875,25.68133544921875
256,16,reset,unrolled,5,32768,1169763,1175228,35.698333740234375,35.8651123046875
256,16,reset,aligned-unrolled,5,32768,834580,839805,25.4693603515625,25.628814697265625
256,16,reset,openblas,5,32768,1187345,1192731,36.234893798828125,36.399261474609375
256,16,reset,onemkl,5,32768,948143,953806,28.935028076171875,29.10784912109375
256,16,reset,baseline,6,32768,1133733,1139057,34.598785400390625,34.761260986328125
256,16,reset,aligned,6,32768,819397,824611,25.006011962890625,25.165130615234375
256,16,reset,unrolled,6,32768,1145341,1150589,34.953033447265625,35.113189697265625
256,16,reset,aligned-unrolled,6,32768,820801,825895,25.048858642578125,25.204315185546875
256,16,reset,openblas,6,32768,1165158,1170446,35.55780029296875,35.71917724609375
256,16,reset,onemkl,6,32768,928699,934304,28.341644287109375,28.5126953125
256,16,reset,baseline,7,32768,1129160,1134482,34.459228515625,34.62164306640625
256,16,reset,aligned,7,32768,825159,830379,25.181854248046875,25.341156005859375
256,16,reset,unrolled,7,32768,1160023,1168881,35.401092529296875,35.671417236328125
256,16,reset,aligned-unrolled,7,32768,819226,824610,25.00079345703125,25.16510009765625
256,16,reset,openblas,7,32768,1167992,1173620,35.644287109375,35.8160400390625
256,16,reset,onemkl,7,32768,932418,938086,28.45513916015625,28.62811279296875
256,24,negate,baseline,1,32768,787578,792619,24.03497314453125,24.188812255859375
256,24,negate,aligned,1,32768,477405,482386,14.569244384765625,14.72125244140625
256,24,negate,unrolled,1,32768,789134,794094,24.08245849609375,24.23382568359375
256,24,negate,aligned-unrolled,1,32768,484257,489285,14.778350830078125,14.931793212890625
256,24,negate,openblas,1,32768,830152,835211,25.334228515625,25.488616943359375
256,24,negate,onemkl,1,32768,598813,604091,18.274322509765625,18.435394287109375
256,24,negate,baseline,2,32768,791618,796857,24.15826416015625,24.318145751953125
256,24,negate,aligned,2,32768,475490,480543,14.51080322265625,14.665008544921875
256,24,negate,unrolled,2,32768,790028,795013,24.1097412109375,24.261871337890625
256,24,negate,aligned-unrolled,2,32768,481829,486848,14.704254150390625,14.857421875
256,24,negate,openblas,2,32768,830644,838375,25.3492431640625,25.585174560546875
256,24,negate,onemkl,2,32768,593308,598637,18.1063232421875,18.268951416015625
256,24,negate,baseline,3,32768,767937,772814,23.435577392578125,23.58441162109375
256,24,negate,aligned,3,32768,489114,494331,14.92657470703125,15.085784912109375
256,24,negate,unrolled,3,32768,773138,778258,23.59429931640625,23.75054931640625
256,24,negate,aligned-unrolled,3,32768,470072,474913,14.345458984375,14.493194580078125
256,24,negate,openblas,3,32768,808984,813946,24.688232421875,24.83966064453125
256,24,negate,onemkl,3,32768,578887,584054,17.666229248046875,17.82391357421875
256,24,negate,baseline,4,32768,765815,770674,23.370819091796875,23.51910400390625
256,24,negate,aligned,4,32768,461882,466703,14.09552001953125,14.242645263671875
256,24,negate,unrolled,4,32768,768980,773790,23.4674072265625,23.61419677734375
256,24,negate,aligned-unrolled,4,32768,470597,475552,14.361480712890625,14.5126953125
256,24,negate,openblas,4,32768,812440,817390,24.793701171875,24.94476318359375
256,24,negate,onemkl,4,32768,585870,590984,17.87933349609375,18.035400390625
256,24,negate,baseline,5,32768,765711,770664,23.367645263671875,23.518798828125
256,24,negate,aligned,5,32768,463023,467808,14.130340576171875,14.2763671875
256,24,negate,unrolled,5,32768,765704,770723,23.367431640625,23.520599365234375
256,24,negate,aligned-unrolled,5,32768,469915,475092,14.340667724609375,14.4986572265625
256,24,negate,openblas,5,32768,808747,813840,24.680999755859375,24.83642578125
256,24,negate,onemkl,5,32768,582434,587543,17.77447509765625,17.930389404296875
256,24,negate,baseline,6,32768,766745,771894,23.399200439453125,23.55633544921875
256,24,negate,aligned,6,32768,467135,472173,14.255828857421875,14.409576416015625
256,24,negate,unrolled,6,32768,763724,768775,23.3070068359375,23.461151123046875
256,24,negate,aligned-unrolled,6,32768,467840,472884,14.27734375,14.4312744140625
256,24,negate,openblas,6,32768,809676,814634,24.7093505859375,24.86065673828125
256,24,negate,onemkl,6,32768,583129,588359,17.795684814453125,17.955291748046875
256,24,negate,baseline,7,32768,770619,775523,23.517425537109375,23.667083740234375
256,24,negate,aligned,7,32768,460282,465117,14.04669189453125,14.194244384765625
256,24,negate,unrolled,7,32768,764869,769698,23.341949462890625,23.48931884765625
256,24,negate,aligned-unrolled,7,32768,471710,476528,14.39544677734375,14.54248046875
256,24,negate,openblas,7,32768,803056,807970,24.50732421875,24.65728759765625
256,24,negate,onemkl,7,32768,582414,587454,17.77386474609375,17.92767333984375
256,24,powers-two,baseline,1,32768,780775,785743,23.827362060546875,23.978973388671875
256,24,powers-two,aligned,1,32768,476651,482027,14.546234130859375,14.710296630859375
256,24,powers-two,unrolled,1,32768,781081,786134,23.836700439453125,23.99090576171875
256,24,powers-two,aligned-unrolled,1,32768,486733,492498,14.853912353515625,15.02984619140625
256,24,powers-two,openblas,1,32768,824476,829954,25.1610107421875,25.32818603515625
256,24,powers-two,onemkl,1,32768,597313,602385,18.228546142578125,18.383331298828125
256,24,powers-two,baseline,2,32768,769258,774141,23.47589111328125,23.624908447265625
256,24,powers-two,aligned,2,32768,484573,489566,14.787994384765625,14.94036865234375
256,24,powers-two,unrolled,2,32768,770337,775192,23.508819580078125,23.656982421875
256,24,powers-two,aligned-unrolled,2,32768,478443,483783,14.600921630859375,14.763885498046875
256,24,powers-two,openblas,2,32768,808900,814236,24.6856689453125,24.8485107421875
256,24,powers-two,onemkl,2,32768,586631,591476,17.902557373046875,18.0504150390625
256,24,powers-two,baseline,3,32768,784158,789194,23.93060302734375,24.08428955078125
256,24,powers-two,aligned,3,32768,498906,503883,15.22540283203125,15.377288818359375
256,24,powers-two,unrolled,3,32768,794828,799842,24.2562255859375,24.40924072265625
256,24,powers-two,aligned-unrolled,3,32768,489557,494878,14.940093994140625,15.10247802734375
256,24,powers-two,openblas,3,32768,830371,835917,25.340911865234375,25.510162353515625
256,24,powers-two,onemkl,3,32768,610575,615608,18.633270263671875,18.786865234375
256,24,powers-two,baseline,4,32768,774076,778991,23.6229248046875,23.772918701171875
256,24,powers-two,aligned,4,32768,478787,483652,14.611419677734375,14.7598876953125
256,24,powers-two,unrolled,4,32768,778740,783723,23.7652587890625,23.917327880859375
256,24,powers-two,aligned-unrolled,4,32768,486859,492234,14.857757568359375,15.02178955078125
256,24,powers-two,openblas,4,32768,822812,828195,25.1102294921875,25.274505615234375
256,24,powers-two,onemkl,4,32768,595057,600124,18.159698486328125,18.3143310546875
256,24,powers-two,baseline,5,32768,762958,767888,23.28363037109375,23.43408203125
256,24,powers-two,aligned,5,32768,474371,479189,14.476654052734375,14.623687744140625
256,24,powers-two,unrolled,5,32768,763222,768008,23.29168701171875,23.437744140625
256,24,powers-two,aligned-unrolled,5,32768,476714,481998,14.54815673828125,14.70941162109375
256,24,powers-two,openblas,5,32768,808155,813540,24.662933349609375,24.8272705078125
256,24,powers-two,onemkl,5,32768,586511,591493,17.898895263671875,18.050933837890625
256,24,powers-two,baseline,6,32768,771453,776562,23.542877197265625,23.69879150390625
256,24,powers-two,aligned,6,32768,472125,477065,14.408111572265625,14.558868408203125
256,24,powers-two,unrolled,6,32768,763483,768399,23.299652099609375,23.449676513671875
256,24,powers-two,aligned-unrolled,6,32768,482234,487455,14.71661376953125,14.875946044921875
256,24,powers-two,openblas,6,32768,803999,809301,24.536102294921875,24.697906494140625
256,24,powers-two,onemkl,6,32768,582912,587813,17.7890625,17.938629150390625
256,24,powers-two,baseline,7,32768,766321,771401,23.386260986328125,23.541290283203125
256,24,powers-two,aligned,7,32768,466644,471465,14.2408447265625,14.387969970703125
256,24,powers-two,unrolled,7,32768,763383,768196,23.296600341796875,23.4434814453125
256,24,powers-two,aligned-unrolled,7,32768,475283,480463,14.504486083984375,14.662567138671875
256,24,powers-two,openblas,7,32768,806749,812073,24.620025634765625,24.782501220703125
256,24,powers-two,onemkl,7,32768,584662,589571,17.84246826171875,17.992279052734375
256,24,reset,baseline,1,32768,1155932,1161348,35.2762451171875,35.4415283203125
256,24,reset,aligned,1,32768,871129,876690,26.584747314453125,26.75445556640625
256,24,reset,unrolled,1,32768,1149990,1155058,35.09490966796875,35.24957275390625
256,24,reset,aligned-unrolled,1,32768,875047,880646,26.704315185546875,26.87518310546875
256,24,reset,openblas,1,32768,1179302,1184461,35.98944091796875,36.146881103515625
256,24,reset,onemkl,1,32768,1031167,1036406,31.468719482421875,31.62860107421875
256,24,reset,baseline,2,32768,1149496,1155234,35.079833984375,35.25494384765625
256,24,reset,aligned,2,32768,871905,877408,26.608428955078125,26.7763671875
256,24,reset,unrolled,2,32768,1156619,1161737,35.297210693359375,35.453399658203125
256,24,reset,aligned-unrolled,2,32768,871808,877356,26.60546875,26.7747802734375
256,24,reset,openblas,2,32768,1178646,1183745,35.96942138671875,36.125030517578125
256,24,reset,onemkl,2,32768,1031856,1037385,31.48974609375,31.658477783203125
256,24,reset,baseline,3,32768,1163323,1169070,35.501800537109375,35.67718505859375
256,24,reset,aligned,3,32768,877768,883410,26.787353515625,26.95953369140625
256,24,reset,unrolled,3,32768,1165452,1170733,35.5667724609375,35.727935791015625
256,24,reset,aligned-unrolled,3,32768,884584,890223,26.995361328125,27.167449951171875
256,24,reset,openblas,3,32768,1192106,1197735,36.38018798828125,36.551971435546875
256,24,reset,onemkl,3,32768,1052082,1057339,32.10699462890625,32.267425537109375
256,24,reset,baseline,4,32768,1142396,1147785,34.8631591796875,35.027618408203125
256,24,reset,aligned,4,32768,863623,869288,26.355682373046875,26.528564453125
256,24,reset,unrolled,4,32768,1151808,1157047,35.150390625,35.310272216796875
256,24,reset,aligned-unrolled,4,32768,882893,888615,26.943756103515625,27.118377685546875
256,24,reset,openblas,4,32768,1170163,1175394,35.710540771484375,35.87017822265625
256,24,reset,onemkl,4,32768,1024173,1029377,31.255279541015625,31.414093017578125
256,24,reset,baseline,5,32768,1149224,1154717,35.071533203125,35.239166259765625
256,24,reset,aligned,5,32768,867915,873581,26.486663818359375,26.659576416015625
256,24,reset,unrolled,5,32768,1144948,1150310,34.9410400390625,35.10467529296875
256,24,reset,aligned-unrolled,5,32768,868093,873739,26.492095947265625,26.664398193359375
256,24,reset,openblas,5,32768,1169411,1174600,35.687591552734375,35.845947265625
256,24,reset,onemkl,5,32768,1026473,1032116,31.325469970703125,31.4976806640625
256,24,reset,baseline,6,32768,1117278,1122567,34.09661865234375,34.258026123046875
256,24,reset,aligned,6,32768,842501,847916,25.711090087890625,25.8763427734375
256,24,reset,unrolled,6,32768,1119191,1124221,34.154998779296875,34.308502197265625
256,24,reset,aligned-unrolled,6,32768,847692,853064,25.8695068359375,26.033447265625
256,24,reset,openblas,6,32768,1142865,1147904,34.877471923828125,35.03125
256,24,reset,onemkl,6,32768,1001946,1007138,30.57696533203125,30.73541259765625
256,24,reset,baseline,7,32768,1118388,1123699,34.1304931640625,34.292572021484375
256,24,reset,aligned,7,32768,851004,856409,25.9705810546875,26.135528564453125
256,24,reset,unrolled,7,32768,1122180,1127265,34.2462158203125,34.401397705078125
256,24,reset,aligned-unrolled,7,32768,853060,858502,26.0333251953125,26.19940185546875
256,24,reset,openblas,7,32768,1144994,1150089,34.94244384765625,35.097930908203125
256,24,reset,onemkl,7,32768,1001915,1007023,30.576019287109375,30.731903076171875
4096,0,negate,baseline,1,2048,415537,420759,202.89892578125,205.44873046875
4096,0,negate,aligned,1,2048,410583,416229,200.47998046875,203.23681640625
4096,0,negate,unrolled,1,2048,363680,368880,177.578125,180.1171875
4096,0,negate,aligned-unrolled,1,2048,368301,373486,179.83447265625,182.3662109375
4096,0,negate,openblas,1,2048,345448,350639,168.67578125,171.21044921875
4096,0,negate,onemkl,1,2048,344296,349499,168.11328125,170.65380859375
4096,0,negate,baseline,2,2048,416738,422004,203.4853515625,206.056640625
4096,0,negate,aligned,2,2048,413181,418794,201.74853515625,204.4892578125
4096,0,negate,unrolled,2,2048,368862,374178,180.1083984375,182.7041015625
4096,0,negate,aligned-unrolled,2,2048,371177,376528,181.23876953125,183.8515625
4096,0,negate,openblas,2,2048,345173,350463,168.54150390625,171.12451171875
4096,0,negate,onemkl,2,2048,349222,354488,170.5185546875,173.08984375
4096,0,negate,baseline,3,2048,414719,419873,202.49951171875,205.01611328125
4096,0,negate,aligned,3,2048,413302,418805,201.8076171875,204.49462890625
4096,0,negate,unrolled,3,2048,366361,371651,178.88720703125,181.47021484375
4096,0,negate,aligned-unrolled,3,2048,368795,374152,180.07568359375,182.69140625
4096,0,negate,openblas,3,2048,346461,351682,169.17041015625,171.7197265625
4096,0,negate,onemkl,3,2048,345228,350437,168.568359375,171.11181640625
4096,0,negate,baseline,4,2048,414942,420092,202.6083984375,205.123046875
4096,0,negate,aligned,4,2048,412115,417621,201.22802734375,203.91650390625
4096,0,negate,unrolled,4,2048,362269,367438,176.88916015625,179.4130859375
4096,0,negate,aligned-unrolled,4,2048,366382,371522,178.8974609375,181.4072265625
4096,0,negate,openblas,4,2048,345269,350431,168.58837890625,171.10888671875
4096,0,negate,onemkl,4,2048,347198,352355,169.5302734375,172.04833984375
4096,0,negate,baseline,5,2048,423734,428928,206.9013671875,209.4375
4096,0,negate,aligned,5,2048,414027,419726,202.16162109375,204.9443359375
4096,0,negate,unrolled,5,2048,372157,377387,181.71728515625,184.27099609375
4096,0,negate,aligned-unrolled,5,2048,369823,375033,180.57763671875,183.12158203125
4096,0,negate,openblas,5,2048,348165,353429,170.00244140625,172.57275390625
4096,0,negate,onemkl,5,2048,348600,353883,170.21484375,172.79443359375
4096,0,negate,baseline,6,2048,415185,420739,202.72705078125,205.43896484375
4096,0,negate,aligned,6,2048,411167,416696,200.76513671875,203.46484375
4096,0,negate,unrolled,6,2048,370234,375424,180.7783203125,183.3125
4096,0,negate,aligned-unrolled,6,2048,368077,373468,179.72509765625,182.357421875
4096,0,negate,openblas,6,2048,347392,352692,169.625,172.212890625
4096,0,negate,onemkl,6,2048,355430,360695,173.5498046875,176.12060546875
4096,0,negate,baseline,7,2048,421533,427069,205.82666015625,208.52978515625
4096,0,negate,aligned,7,2048,410185,415775,200.28564453125,203.01513671875
4096,0,negate,unrolled,7,2048,376918,382126,184.0419921875,186.5849609375
4096,0,negate,aligned-unrolled,7,2048,371129,376711,181.21533203125,183.94091796875
4096,0,negate,openblas,7,2048,348206,353452,170.0224609375,172.583984375
4096,0,negate,onemkl,7,2048,345654,350915,168.7763671875,171.34521484375
4096,0,powers-two,baseline,1,2048,412814,417983,201.5693359375,204.09326171875
4096,0,powers-two,aligned,1,2048,410854,416155,200.6123046875,203.20068359375
4096,0,powers-two,unrolled,1,2048,368943,374153,180.14794921875,182.69189453125
4096,0,powers-two,aligned-unrolled,1,2048,371470,376685,181.3818359375,183.92822265625
4096,0,powers-two,openblas,1,2048,344678,349997,168.2998046875,170.89697265625
4096,0,powers-two,onemkl,1,2048,345559,350711,168.72998046875,171.24560546875
4096,0,powers-two,baseline,2,2048,416390,421703,203.3154296875,205.90966796875
4096,0,powers-two,aligned,2,2048,411246,416433,200.8037109375,203.33642578125
4096,0,powers-two,unrolled,2,2048,372231,377415,181.75341796875,184.28466796875
4096,0,powers-two,aligned-unrolled,2,2048,369215,374478,180.28076171875,182.8505859375
4096,0,powers-two,openblas,2,2048,345966,353084,168.9287109375,172.404296875
4096,0,powers-two,onemkl,2,2048,346434,351673,169.1572265625,171.71533203125
4096,0,powers-two,baseline,3,2048,417574,422873,203.8935546875,206.48095703125
4096,0,powers-two,aligned,3,2048,409916,415079,200.154296875,202.67529296875
4096,0,powers-two,unrolled,3,2048,369128,374481,180.23828125,182.85205078125
4096,0,powers-two,aligned-unrolled,3,2048,371319,376519,181.30810546875,183.84716796875
4096,0,powers-two,openblas,3,2048,345123,350532,168.51708984375,171.158203125
4096,0,powers-two,onemkl,3,2048,347760,353097,169.8046875,172.41064453125
4096,0,powers-two,baseline,4,2048,415519,420883,202.89013671875,205.50927734375
4096,0,powers-two,aligned,4,2048,410047,415204,200.21826171875,202.736328125
4096,0,powers-two,unrolled,4,2048,373929,379222,182.58251953125,185.1669921875
4096,0,powers-two,aligned-unrolled,4,2048,375068,380336,183.138671875,185.7109375
4096,0,powers-two,openblas,4,2048,344938,350514,168.4267578125,171.1494140625
4096,0,powers-two,onemkl,4,2048,343616,348903,167.78125,170.36279296875
4096,0,powers-two,baseline,5,2048,417807,423109,204.00732421875,206.59619140625
4096,0,powers-two,aligned,5,2048,409448,414643,199.92578125,202.46240234375
4096,0,powers-two,unrolled,5,2048,377196,382419,184.177734375,186.72802734375
4096,0,powers-two,aligned-unrolled,5,2048,378864,384145,184.9921875,187.57080078125
4096,0,powers-two,openblas,5,2048,351433,356961,171.59814453125,174.29736328125
4096,0,powers-two,onemkl,5,2048,346514,351801,169.1962890625,171.77783203125
4096,0,powers-two,baseline,6,2048,416819,422117,203.52490234375,206.11181640625
4096,0,powers-two,aligned,6,2048,409574,414889,199.9873046875,202.58251953125
4096,0,powers-two,unrolled,6,2048,373972,379442,182.603515625,185.2744140625
4096,0,powers-two,aligned-unrolled,6,2048,366953,372348,179.17626953125,181.810546875
4096,0,powers-two,openblas,6,2048,346965,352367,169.41650390625,172.05419921875
4096,0,powers-two,onemkl,6,2048,343636,349033,167.791015625,170.42626953125
4096,0,powers-two,baseline,7,2048,427290,432722,208.6376953125,211.2900390625
4096,0,powers-two,aligned,7,2048,419392,424655,204.78125,207.35107421875
4096,0,powers-two,unrolled,7,2048,382838,388098,186.9326171875,189.5009765625
4096,0,powers-two,aligned-unrolled,7,2048,374856,380290,183.03515625,185.6884765625
4096,0,powers-two,openblas,7,2048,350710,356236,171.2451171875,173.943359375
4096,0,powers-two,onemkl,7,2048,352440,357943,172.08984375,174.77685546875
4096,0,reset,baseline,1,2048,1401057,1406136,684.10986328125,686.58984375
4096,0,reset,aligned,1,2048,1403098,1408516,685.1064453125,687.751953125
4096,0,reset,unrolled,1,2048,1378915,1384047,673.29833984375,675.80419921875
4096,0,reset,aligned-unrolled,1,2048,1379647,1384938,673.65576171875,676.2392578125
4096,0,reset,openblas,1,2048,1401395,1406517,684.27490234375,686.77587890625
4096,0,reset,onemkl,1,2048,1412782,1418034,689.8349609375,692.3994140625
4096,0,reset,baseline,2,2048,1398775,1404182,682.99560546875,685.6357421875
4096,0,reset,aligned,2,2048,1400165,1405636,683.67431640625,686.345703125
4096,0,reset,unrolled,2,2048,1369024,1374439,668.46875,671.11279296875
4096,0,reset,aligned-unrolled,2,2048,1365801,1371007,666.89501953125,669.43701171875
4096,0,reset,openblas,2,2048,1387849,1393350,677.66064453125,680.3466796875
4096,0,reset,onemkl,2,2048,1404085,1409522,685.58837890625,688.2431640625
4096,0,reset,baseline,3,2048,1406453,1411706,686.74462890625,689.3095703125
4096,0,reset,aligned,3,2048,1404519,1409985,685.80029296875,688.46923828125
4096,0,reset,unrolled,3,2048,1387112,1392536,677.30078125,679.94921875
4096,0,reset,aligned-unrolled,3,2048,1390895,1396151,679.14794921875,681.71435546875
4096,0,reset,openblas,3,2048,1395013,1400523,681.15869140625,683.84912109375
4096,0,reset,onemkl,3,2048,1413907,1419117,690.38427734375,692.92822265625
4096,0,reset,baseline,4,2048,1411388,1416667,689.154296875,691.73193359375
4096,0,reset,aligned,4,2048,1398370,1403870,682.7978515625,685.4833984375
4096,0,reset,unrolled,4,2048,1386160,1391746,676.8359375,679.5634765625
4096,0,reset,aligned-unrolled,4,2048,1402373,1420263,684.75244140625,693.48779296875
4096,0,reset,openblas,4,2048,1399857,1405258,683.52392578125,686.1611328125
4096,0,reset,onemkl,4,2048,1413292,1418550,690.083984375,692.6513671875
4096,0,reset,baseline,5,2048,1410429,1415733,688.68603515625,691.27587890625
4096,0,reset,aligned,5,2048,1413721,1419145,690.29345703125,692.94189453125
4096,0,reset,unrolled,5,2048,1386891,1392155,677.19287109375,679.76318359375
4096,0,reset,aligned-unrolled,5,2048,1390942,1396100,679.1708984375,681.689453125
4096,0,reset,openblas,5,2048,1422196,1427795,694.431640625,697.16552734375
4096,0,reset,onemkl,5,2048,1415527,1420684,691.17529296875,693.693359375
4096,0,reset,baseline,6,2048,1413110,1418375,689.9951171875,692.56591796875
4096,0,reset,aligned,6,2048,1411675,1417118,689.29443359375,691.9521484375
4096,0,reset,unrolled,6,2048,1394953,1400385,681.12939453125,683.78173828125
4096,0,reset,aligned-unrolled,6,2048,1393734,1399175,680.5341796875,683.19091796875
4096,0,reset,openblas,6,2048,1405349,1410851,686.20556640625,688.89208984375
4096,0,reset,onemkl,6,2048,1423808,1429363,695.21875,697.93115234375
4096,0,reset,baseline,7,2048,1452643,1457929,709.29833984375,711.87939453125
4096,0,reset,aligned,7,2048,1440987,1446380,703.60693359375,706.240234375
4096,0,reset,unrolled,7,2048,1427201,1432710,696.87548828125,699.5654296875
4096,0,reset,aligned-unrolled,7,2048,1437884,1443513,702.091796875,704.84033203125
4096,0,reset,openblas,7,2048,1446523,1451981,706.31005859375,708.97509765625
4096,0,reset,onemkl,7,2048,1461145,1467098,713.44970703125,716.3564453125
4096,8,negate,baseline,1,2048,810567,815889,395.78466796875,398.38330078125
4096,8,negate,aligned,1,2048,390673,395594,190.75830078125,193.1611328125
4096,8,negate,unrolled,1,2048,807875,812782,394.47021484375,396.8662109375
4096,8,negate,aligned-unrolled,1,2048,364912,369832,178.1796875,180.58203125
4096,8,negate,openblas,1,2048,814397,819468,397.65478515625,400.130859375
4096,8,negate,onemkl,1,2048,334703,339983,163.42919921875,166.00732421875
4096,8,negate,baseline,2,2048,789834,794578,385.6611328125,387.9775390625
4096,8,negate,aligned,2,2048,379486,384216,185.2958984375,187.60546875
4096,8,negate,unrolled,2,2048,792860,797575,387.138671875,389.44091796875
4096,8,negate,aligned-unrolled,2,2048,356338,361129,173.9931640625,176.33251953125
4096,8,negate,openblas,2,2048,794564,799372,387.970703125,390.318359375
4096,8,negate,onemkl,2,2048,327425,332971,159.87548828125,162.58349609375
4096,8,negate,baseline,3,2048,784258,788957,382.9384765625,385.23291015625
4096,8,negate,aligned,3,2048,373882,378589,182.5595703125,184.85791015625
4096,8,negate,unrolled,3,2048,780737,785618,381.21923828125,383.6025390625
4096,8,negate,aligned-unrolled,3,2048,349015,353744,170.41748046875,172.7265625
4096,8,negate,openblas,3,2048,781621,786325,381.65087890625,383.94775390625
4096,8,negate,onemkl,3,2048,324265,329260,158.33251953125,160.771484375
4096,8,negate,baseline,4,2048,790746,795511,386.1064453125,388.43310546875
4096,8,negate,aligned,4,2048,380877,385792,185.97509765625,188.375
4096,8,negate,unrolled,4,2048,797517,802279,389.41259765625,391.73779296875
4096,8,negate,aligned-unrolled,4,2048,355283,360192,173.47802734375,175.875
4096,8,negate,openblas,4,2048,795386,800279,388.3720703125,390.76123046875
4096,8,negate,onemkl,4,2048,326451,331486,159.39990234375,161.8583984375
4096,8,negate,baseline,5,2048,848330,853449,414.2236328125,416.72314453125
4096,8,negate,aligned,5,2048,408187,413276,199.31005859375,201.794921875
4096,8,negate,unrolled,5,2048,852205,857340,416.11572265625,418.623046875
4096,8,negate,aligned-unrolled,5,2048,382418,387590,186.7275390625,189.2529296875
4096,8,negate,openblas,5,2048,860074,865267,419.9580078125,422.49365234375
4096,8,negate,onemkl,5,2048,350409,355805,171.09814453125,173.73291015625
4096,8,negate,baseline,6,2048,838336,843454,409.34375,411.8427734375
4096,8,negate,aligned,6,2048,403346,408349,196.9462890625,199.38916015625
4096,8,negate,unrolled,6,2048,840821,845867,410.55712890625,413.02099609375
4096,8,negate,aligned-unrolled,6,2048,383905,388905,187.45361328125,189.89501953125
4096,8,negate,openblas,6,2048,846737,851931,413.44580078125,415.98193359375
4096,8,negate,onemkl,6,2048,347312,352734,169.5859375,172.2333984375
4096,8,negate,baseline,7,2048,824912,829881,402.7890625,405.21533203125
4096,8,negate,aligned,7,2048,395897,400823,193.30908203125,195.71435546875
4096,8,negate,unrolled,7,2048,825303,830447,402.97998046875,405.49169921875
4096,8,negate,aligned-unrolled,7,2048,370349,375399,180.83447265625,183.30029296875
4096,8,negate,openblas,7,2048,828568,833649,404.57421875,407.05517578125
4096,8,negate,onemkl,7,2048,345333,350635,168.61962890625,171.20849609375
4096,8,powers-two,baseline,1,2048,816142,821360,398.5068359375,401.0546875
4096,8,powers-two,aligned,1,2048,387504,392524,189.2109375,191.662109375
4096,8,powers-two,unrolled,1,2048,809323,814266,395.17724609375,397.5908203125
4096,8,powers-two,aligned-unrolled,1,2048,361905,366862,176.71142578125,179.1318359375
4096,8,powers-two,openblas,1,2048,811518,816579,396.2490234375,398.72021484375
4096,8,powers-two,onemkl,1,2048,338585,343560,165.32470703125,167.75390625
4096,8,powers-two,baseline,2,2048,809025,813860,395.03173828125,397.392578125
4096,8,powers-two,aligned,2,2048,384960,389823,187.96875,190.34326171875
4096,8,powers-two,unrolled,2,2048,804236,809075,392.693359375,395.05615234375
4096,8,powers-two,aligned-unrolled,2,2048,362697,367764,177.09814453125,179.572265625
4096,8,powers-two,openblas,2,2048,810675,815675,395.83740234375,398.27880859375
4096,8,powers-two,onemkl,2,2048,332729,337654,162.46533203125,164.8701171875
4096,8,powers-two,baseline,3,2048,822603,827951,401.66162109375,404.27294921875
4096,8,powers-two,aligned,3,2048,390745,395653,190.79345703125,193.18994140625
4096,8,powers-two,unrolled,3,2048,825696,830907,403.171875,405.71630859375
4096,8,powers-two,aligned-unrolled,3,2048,365510,370531,178.4716796875,180.92333984375
4096,8,powers-two,openblas,3,2048,826491,831657,403.56005859375,406.08251953125
4096,8,powers-two,onemkl,3,2048,338195,343299,165.13427734375,167.62646484375
4096,8,powers-two,baseline,4,2048,828029,833196,404.31103515625,406.833984375
4096,8,powers-two,aligned,4,2048,392895,397982,191.84326171875,194.3271484375
4096,8,powers-two,unrolled,4,2048,823621,828609,402.15869140625,404.59423828125
4096,8,powers-two,aligned-unrolled,4,2048,374904,380012,183.05859375,185.552734375
4096,8,powers-two,openblas,4,2048,834960,840313,407.6953125,410.30908203125
4096,8,powers-two,onemkl,4,2048,341058,346309,166.5322265625,169.09619140625
4096,8,powers-two,baseline,5,2048,822010,826919,401.3720703125,403.76904296875
4096,8,powers-two,aligned,5,2048,392833,397721,191.81298828125,194.19970703125
4096,8,powers-two,unrolled,5,2048,818113,823017,399.46923828125,401.86376953125
4096,8,powers-two,aligned-unrolled,5,2048,370104,375051,180.71484375,183.13037109375
4096,8,powers-two,openblas,5,2048,824426,829693,402.5517578125,405.12353515625
4096,8,powers-two,onemkl,5,2048,339024,343988,165.5390625,167.962890625
4096,8,powers-two,baseline,6,2048,809916,814737,395.466796875,397.82080078125
4096,8,powers-two,aligned,6,2048,385091,389891,188.03271484375,190.37646484375
4096,8,powers-two,unrolled,6,2048,809697,814547,395.35986328125,397.72802734375
4096,8,powers-two,aligned-unrolled,6,2048,361352,366256,176.44140625,178.8359375
4096,8,powers-two,openblas,6,2048,810547,815579,395.77490234375,398.23193359375
4096,8,powers-two,onemkl,6,2048,334849,339775,163.50048828125,165.90576171875
4096,8,powers-two,baseline,7,2048,823085,828068,401.89697265625,404.330078125
4096,8,powers-two,aligned,7,2048,394447,399486,192.60107421875,195.0615234375
4096,8,powers-two,unrolled,7,2048,821318,826387,401.0341796875,403.50927734375
4096,8,powers-two,aligned-unrolled,7,2048,370041,375078,180.68408203125,183.1435546875
4096,8,powers-two,openblas,7,2048,827561,832894,404.08251953125,406.6865234375
4096,8,powers-two,onemkl,7,2048,340684,345750,166.349609375,168.8232421875
4096,8,reset,baseline,1,2048,1763335,1768477,861.00341796875,863.51416015625
4096,8,reset,aligned,1,2048,1397853,1403297,682.54541015625,685.20361328125
4096,8,reset,unrolled,1,2048,1750460,1755721,854.716796875,857.28564453125
4096,8,reset,aligned-unrolled,1,2048,1378597,1383913,673.14306640625,675.73876953125
4096,8,reset,openblas,1,2048,1779572,1784782,868.931640625,871.4755859375
4096,8,reset,onemkl,1,2048,1401881,1407025,684.51220703125,687.02392578125
4096,8,reset,baseline,2,2048,1782787,1788002,870.50146484375,873.0478515625
4096,8,reset,aligned,2,2048,1412807,1418313,689.84716796875,692.53564453125
4096,8,reset,unrolled,2,2048,1747854,1753129,853.4443359375,856.02001953125
4096,8,reset,aligned-unrolled,2,2048,1405736,1410996,686.39453125,688.962890625
4096,8,reset,openblas,2,2048,1787015,1792996,872.56591796875,875.486328125
4096,8,reset,onemkl,2,2048,1417675,1423066,692.22412109375,694.8564453125
4096,8,reset,baseline,3,2048,1758412,1763631,858.599609375,861.14794921875
4096,8,reset,aligned,3,2048,1392344,1397735,679.85546875,682.48779296875
4096,8,reset,unrolled,3,2048,1742338,1747639,850.7509765625,853.33935546875
4096,8,reset,aligned-unrolled,3,2048,1387975,1393444,677.72216796875,680.392578125
4096,8,reset,openblas,3,2048,1779700,1784934,868.994140625,871.5498046875
4096,8,reset,onemkl,3,2048,1405326,1410445,686.1943359375,688.69384765625
4096,8,reset,baseline,4,2048,1806561,1811932,882.10986328125,884.732421875
4096,8,reset,aligned,4,2048,1431130,1436783,698.7939453125,701.55419921875
4096,8,reset,unrolled,4,2048,1796170,1801465,877.0361328125,879.62158203125
4096,8,reset,aligned-unrolled,4,2048,1397724,1403103,682.482421875,685.10888671875
4096,8,reset,openblas,4,2048,1810719,1816170,884.14013671875,886.8017578125
4096,8,reset,onemkl,4,2048,1422314,1427493,694.4892578125,697.01806640625
4096,8,reset,baseline,5,2048,1797450,1802682,877.6611328125,880.2158203125
4096,8,reset,aligned,5,2048,1420053,1425375,693.38525390625,695.98388671875
4096,8,reset,unrolled,5,2048,1783141,1788680,870.67431640625,873.37890625
4096,8,reset,aligned-unrolled,5,2048,1405797,1411210,686.42431640625,689.0673828125
4096,8,reset,openblas,5,2048,1809628,1815010,883.607421875,886.2353515625
4096,8,reset,onemkl,5,2048,1428305,1433556,697.41455078125,699.978515625
4096,8,reset,baseline,6,2048,1786768,1792112,872.4453125,875.0546875
4096,8,reset,aligned,6,2048,1411588,1416819,689.251953125,691.80615234375
4096,8,reset,unrolled,6,2048,1767168,1772438,862.875,865.4482421875
4096,8,reset,aligned-unrolled,6,2048,1391794,1397012,679.5869140625,682.134765625
4096,8,reset,openblas,6,2048,1790792,1796209,874.41015625,877.05517578125
4096,8,reset,onemkl,6,2048,1427106,1432308,696.8291015625,699.369140625
4096,8,reset,baseline,7,2048,1772719,1777973,865.58544921875,868.15087890625
4096,8,reset,aligned,7,2048,1400100,1405403,683.642578125,686.23193359375
4096,8,reset,unrolled,7,2048,1760641,1765777,859.68798828125,862.19580078125
4096,8,reset,aligned-unrolled,7,2048,1379039,1384343,673.35888671875,675.94873046875
4096,8,reset,openblas,7,2048,1787941,1793226,873.01806640625,875.5986328125
4096,8,reset,onemkl,7,2048,1410871,1415986,688.90185546875,691.3994140625
4096,16,negate,baseline,1,2048,786232,790981,383.90234375,386.22119140625
4096,16,negate,aligned,1,2048,376012,380700,183.599609375,185.888671875
4096,16,negate,unrolled,1,2048,786175,790969,383.87451171875,386.21533203125
4096,16,negate,aligned-unrolled,1,2048,350710,355467,171.2451171875,173.56787109375
4096,16,negate,openblas,1,2048,788321,793045,384.92236328125,387.22900390625
4096,16,negate,onemkl,1,2048,321802,326841,157.1298828125,159.59033203125
4096,16,negate,baseline,2,2048,807314,812201,394.1962890625,396.58251953125
4096,16,negate,aligned,2,2048,384216,389066,187.60546875,189.9736328125
4096,16,negate,unrolled,2,2048,806629,811649,393.86181640625,396.31298828125
4096,16,negate,aligned-unrolled,2,2048,359871,364929,175.71826171875,178.18798828125
4096,16,negate,openblas,2,2048,811229,816338,396.10791015625,398.6025390625
4096,16,negate,onemkl,2,2048,332163,337251,162.18896484375,164.67333984375
4096,16,negate,baseline,3,2048,800234,805157,390.7392578125,393.14306640625
4096,16,negate,aligned,3,2048,379982,384779,185.5380859375,187.88037109375
4096,16,negate,unrolled,3,2048,796297,801199,388.81689453125,391.21044921875
4096,16,negate,aligned-unrolled,3,2048,351444,356184,171.603515625,173.91796875
4096,16,negate,openblas,3,2048,796254,801040,388.7958984375,391.1328125
4096,16,negate,onemkl,3,2048,327974,333047,160.1435546875,162.62060546875
4096,16,negate,baseline,4,2048,838030,843381,409.1943359375,411.80712890625
4096,16,negate,aligned,4,2048,400509,405636,195.56103515625,198.064453125
4096,16,negate,unrolled,4,2048,834574,839793,407.5068359375,410.05517578125
4096,16,negate,aligned-unrolled,4,2048,373157,378207,182.20556640625,184.67138671875
4096,16,negate,openblas,4,2048,844734,849944,412.4677734375,415.01171875
4096,16,negate,onemkl,4,2048,341272,346772,166.63671875,169.322265625
4096,16,negate,baseline,5,2048,828635,833670,404.60693359375,407.0654296875
4096,16,negate,aligned,5,2048,396597,401579,193.65087890625,196.08349609375
4096,16,negate,unrolled,5,2048,829590,834644,405.0732421875,407.541015625
4096,16,negate,aligned-unrolled,5,2048,368548,373544,179.955078125,182.39453125
4096,16,negate,openblas,5,2048,833120,838130,406.796875,409.2431640625
4096,16,negate,onemkl,5,2048,339839,345123,165.93701171875,168.51708984375
4096,16,negate,baseline,6,2048,824622,829607,402.6474609375,405.08154296875
4096,16,negate,aligned,6,2048,396231,401142,193.47216796875,195.8701171875
4096,16,negate,unrolled,6,2048,824325,829352,402.50244140625,404.95703125
4096,16,negate,aligned-unrolled,6,2048,369796,374724,180.564453125,182.970703125
4096,16,negate,openblas,6,2048,825016,829999,402.83984375,405.27294921875
4096,16,negate,onemkl,6,2048,337101,342364,164.60009765625,167.169921875
4096,16,negate,baseline,7,2048,825005,830010,402.83447265625,405.2783203125
4096,16,negate,aligned,7,2048,394961,399945,192.85205078125,195.28564453125
4096,16,negate,unrolled,7,2048,824969,830037,402.81689453125,405.29150390625
4096,16,negate,aligned-unrolled,7,2048,367766,372891,179.5732421875,182.07568359375
4096,16,negate,openblas,7,2048,827836,833219,404.216796875,406.84521484375
4096,16,negate,onemkl,7,2048,341395,346689,166.69677734375,169.28173828125
4096,16,powers-two,baseline,1,2048,808953,813840,394.99658203125,397.3828125
4096,16,powers-two,aligned,1,2048,384887,389750,187.93310546875,190.3076171875
4096,16,powers-two,unrolled,1,2048,805776,810645,393.4453125,395.82275390625
4096,16,powers-two,aligned-unrolled,1,2048,364993,369946,178.21923828125,180.6376953125
4096,16,powers-two,openblas,1,2048,811243,816361,396.11474609375,398.61376953125
4096,16,powers-two,onemkl,1,2048,330162,335123,161.2119140625,163.63427734375
4096,16,powers-two,baseline,2,2048,812737,817748,396.84423828125,399.291015625
4096,16,powers-two,aligned,2,2048,384946,389811,187.9619140625,190.33740234375
4096,16,powers-two,unrolled,2,2048,813994,818894,397.4580078125,399.8505859375
4096,16,powers-two,aligned-unrolled,2,2048,364612,369691,178.033203125,180.51318359375
4096,16,powers-two,openblas,2,2048,810656,815766,395.828125,398.3232421875
4096,16,powers-two,onemkl,2,2048,328929,333868,160.60986328125,163.021484375
4096,16,powers-two,baseline,3,2048,810122,815102,395.5673828125,397.9990234375
4096,16,powers-two,aligned,3,2048,386279,391080,188.61279296875,190.95703125
4096,16,powers-two,unrolled,3,2048,811760,816798,396.3671875,398.8271484375
4096,16,powers-two,aligned-unrolled,3,2048,360433,365415,175.99267578125,178.42529296875
4096,16,powers-two,openblas,3,2048,817051,822135,398.95068359375,401.43310546875
4096,16,powers-two,onemkl,3,2048,329673,334858,160.97314453125,163.5048828125
4096,16,powers-two,baseline,4,2048,814607,819864,397.75732421875,400.32421875
4096,16,powers-two,aligned,4,2048,388778,393671,189.8330078125,192.22216796875
4096,16,powers-two,unrolled,4,2048,807849,812930,394.45751953125,396.9384765625
4096,16,powers-two,aligned-unrolled,4,2048,363865,369100,177.66845703125,180.224609375
4096,16,powers-two,openblas,4,2048,815477,820793,398.18212890625,400.77783203125
4096,16,powers-two,onemkl,4,2048,329640,334873,160.95703125,163.51220703125
4096,16,powers-two,baseline,5,2048,820435,825498,400.60302734375,403.0751953125
4096,16,powers-two,aligned,5,2048,390585,395455,190.71533203125,193.09326171875
4096,16,powers-two,unrolled,5,2048,818495,823461,399.65576171875,402.08056640625
4096,16,powers-two,aligned-unrolled,5,2048,365790,370928,178.6083984375,181.1171875
4096,16,powers-two,openblas,5,2048,819601,824803,400.19580078125,402.73583984375
4096,16,powers-two,onemkl,5,2048,336893,341856,164.49853515625,166.921875
4096,16,powers-two,baseline,6,2048,817904,822847,399.3671875,401.78076171875
4096,16,powers-two,aligned,6,2048,392388,397298,191.595703125,193.9931640625
4096,16,powers-two,unrolled,6,2048,821772,826668,401.255859375,403.646484375
4096,16,powers-two,aligned-unrolled,6,2048,369042,374074,180.1962890625,182.6533203125
4096,16,powers-two,openblas,6,2048,823755,828860,402.22412109375,404.716796875
4096,16,powers-two,onemkl,6,2048,336752,341747,164.4296875,166.86865234375
4096,16,powers-two,baseline,7,2048,809119,814060,395.07763671875,397.490234375
4096,16,powers-two,aligned,7,2048,386399,391228,188.67138671875,191.029296875
4096,16,powers-two,unrolled,7,2048,808391,813321,394.72216796875,397.12939453125
4096,16,powers-two,aligned-unrolled,7,2048,363751,368762,177.61279296875,180.0595703125
4096,16,powers-two,openblas,7,2048,809109,814232,395.07275390625,397.57421875
4096,16,powers-two,onemkl,7,2048,336624,341506,164.3671875,166.7509765625
4096,16,reset,baseline,1,2048,1733812,1738915,846.587890625,849.07958984375
4096,16,reset,aligned,1,2048,1346516,1351660,657.478515625,659.990234375
4096,16,reset,unrolled,1,2048,1732413,1737517,845.90478515625,848.39697265625
4096,16,reset,aligned-unrolled,1,2048,1320622,1326005,644.8349609375,647.46337890625
4096,16,reset,openblas,1,2048,1746817,1752126,852.93798828125,855.5302734375
4096,16,reset,onemkl,1,2048,1329774,1334930,649.3037109375,651.8212890625
4096,16,reset,baseline,2,2048,1737335,1742407,848.30810546875,850.78466796875
4096,16,reset,aligned,2,2048,1340695,1345910,654.63623046875,657.1826171875
4096,16,reset,unrolled,2,2048,1709409,1714557,834.67236328125,837.18603515625
4096,16,reset,aligned-unrolled,2,2048,1313746,1318889,641.4775390625,643.98876953125
4096,16,reset,openblas,2,2048,1740226,1747332,849.7197265625,853.189453125
4096,16,reset,onemkl,2,2048,1337770,1342887,653.2080078125,655.70654296875
4096,16,reset,baseline,3,2048,1766777,1772140,862.68408203125,865.302734375
4096,16,reset,aligned,3,2048,1375089,1380235,671.43017578125,673.94287109375
4096,16,reset,unrolled,3,2048,1776326,1786902,867.3466796875,872.5107421875
4096,16,reset,aligned-unrolled,3,2048,1347382,1352682,657.9013671875,660.4892578125
4096,16,reset,openblas,3,2048,1784082,1789451,871.1337890625,873.75537109375
4096,16,reset,onemkl,3,2048,1358318,1377178,663.2412109375,672.4501953125
4096,16,reset,baseline,4,2048,1763715,1768966,861.18896484375,863.7529296875
4096,16,reset,aligned,4,2048,1375132,1380202,671.451171875,673.9267578125
4096,16,reset,unrolled,4,2048,1753224,1758458,856.06640625,858.6220703125
4096,16,reset,aligned-unrolled,4,2048,1335676,1340940,652.185546875,654.755859375
4096,16,reset,openblas,4,2048,1764887,1770197,861.76123046875,864.35400390625
4096,16,reset,onemkl,4,2048,1355895,1361158,662.05810546875,664.6279296875
4096,16,reset,baseline,5,2048,1759763,1764888,859.25927734375,861.76171875
4096,16,reset,aligned,5,2048,1356326,1361419,662.2685546875,664.75537109375
4096,16,reset,unrolled,5,2048,1743438,1748575,851.2880859375,853.79638671875
4096,16,reset,aligned-unrolled,5,2048,1333510,1338835,651.1279296875,653.72802734375
4096,16,reset,openblas,5,2048,1758686,1763907,858.7333984375,861.28271484375
4096,16,reset,onemkl,5,2048,1380867,1386034,674.25146484375,676.7744140625
4096,16,reset,baseline,6,2048,1774626,1779790,866.5166015625,869.0380859375
4096,16,reset,aligned,6,2048,1387927,1393304,677.69873046875,680.32421875
4096,16,reset,unrolled,6,2048,1774979,1780273,866.68896484375,869.27392578125
4096,16,reset,aligned-unrolled,6,2048,1352206,1357504,660.2568359375,662.84375
4096,16,reset,openblas,6,2048,1788981,1794251,873.52587890625,876.09912109375
4096,16,reset,onemkl,6,2048,1363843,1369042,665.93896484375,668.4775390625
4096,16,reset,baseline,7,2048,1785454,1803872,871.8037109375,880.796875
4096,16,reset,aligned,7,2048,1381448,1386726,674.53515625,677.1123046875
4096,16,reset,unrolled,7,2048,1769978,1775178,864.2470703125,866.7861328125
4096,16,reset,aligned-unrolled,7,2048,1351038,1356225,659.6865234375,662.21923828125
4096,16,reset,openblas,7,2048,1794687,1800002,876.31201171875,878.9072265625
4096,16,reset,onemkl,7,2048,1374849,1380193,671.31298828125,673.92236328125
4096,24,negate,baseline,1,2048,791172,795985,386.314453125,388.66455078125
4096,24,negate,aligned,1,2048,381814,386776,186.4326171875,188.85546875
4096,24,negate,unrolled,1,2048,791407,796255,386.42919921875,388.79638671875
4096,24,negate,aligned-unrolled,1,2048,353400,358211,172.55859375,174.90771484375
4096,24,negate,openblas,1,2048,793168,797940,387.2890625,389.619140625
4096,24,negate,onemkl,1,2048,322659,327769,157.54833984375,160.04345703125
4096,24,negate,baseline,2,2048,800401,805937,390.82080078125,393.52392578125
4096,24,negate,aligned,2,2048,383551,388321,187.28076171875,189.60986328125
4096,24,negate,unrolled,2,2048,799514,804503,390.3876953125,392.82373046875
4096,24,negate,aligned-unrolled,2,2048,352246,357250,171.9951171875,174.4384765625
4096,24,negate,openblas,2,2048,803788,808686,392.474609375,394.8662109375
4096,24,negate,onemkl,2,2048,325416,330573,158.89453125,161.41259765625
4096,24,negate,baseline,3,2048,838435,843480,409.39208984375,411.85546875
4096,24,negate,aligned,3,2048,404096,409080,197.3125,199.74609375
4096,24,negate,unrolled,3,2048,839449,844581,409.88720703125,412.39306640625
4096,24,negate,aligned-unrolled,3,2048,376915,381972,184.04052734375,186.509765625
4096,24,negate,openblas,3,2048,838658,843929,409.5009765625,412.07470703125
4096,24,negate,onemkl,3,2048,344624,350152,168.2734375,170.97265625
4096,24,negate,baseline,4,2048,848714,853907,414.4111328125,416.94677734375
4096,24,negate,aligned,4,2048,406974,412029,198.7177734375,201.18603515625
4096,24,negate,unrolled,4,2048,848308,853691,414.212890625,416.84130859375
4096,24,negate,aligned-unrolled,4,2048,372989,378129,182.12353515625,184.63330078125
4096,24,negate,openblas,4,2048,856084,861387,418.009765625,420.59912109375
4096,24,negate,onemkl,4,2048,345405,350930,168.65478515625,171.3525390625
4096,24,negate,baseline,5,2048,842628,847702,411.439453125,413.9169921875
4096,24,negate,aligned,5,2048,405800,410801,198.14453125,200.58642578125
4096,24,negate,unrolled,5,2048,844426,849669,412.3173828125,414.87744140625
4096,24,negate,aligned-unrolled,5,2048,377316,382524,184.236328125,186.779296875
4096,24,negate,openblas,5,2048,851332,856720,415.689453125,418.3203125
4096,24,negate,onemkl,5,2048,344399,349931,168.16357421875,170.86474609375
4096,24,negate,baseline,6,2048,842318,847388,411.2880859375,413.763671875
4096,24,negate,aligned,6,2048,404075,409105,197.30224609375,199.75830078125
4096,24,negate,unrolled,6,2048,846834,851955,413.4931640625,415.99365234375
4096,24,negate,aligned-unrolled,6,2048,384634,406603,187.8095703125,198.53662109375
4096,24,negate,openblas,6,2048,846665,851763,413.41064453125,415.89990234375
4096,24,negate,onemkl,6,2048,342272,347700,167.125,169.775390625
4096,24,negate,baseline,7,2048,831484,836524,405.998046875,408.458984375
4096,24,negate,aligned,7,2048,400442,405387,195.5283203125,197.94287109375
4096,24,negate,unrolled,7,2048,831659,836718,406.08349609375,408.5537109375
4096,24,negate,aligned-unrolled,7,2048,372313,377449,181.79345703125,184.30126953125
4096,24,negate,openblas,7,2048,835905,841071,408.15673828125,410.67919921875
4096,24,negate,onemkl,7,2048,342353,347697,167.16455078125,169.77392578125
4096,24,powers-two,baseline,1,2048,822079,827160,401.40576171875,403.88671875
4096,24,powers-two,aligned,1,2048,396933,401918,193.81494140625,196.2490234375
4096,24,powers-two,unrolled,1,2048,826301,831254,403.46728515625,405.8857421875
4096,24,powers-two,aligned-unrolled,1,2048,366034,371143,178.7275390625,181.22216796875
4096,24,powers-two,openblas,1,2048,830317,835526,405.42822265625,407.9716796875
4096,24,powers-two,onemkl,1,2048,335274,340401,163.7080078125,166.21142578125
4096,24,powers-two,baseline,2,2048,807953,812951,394.50830078125,396.94873046875
4096,24,powers-two,aligned,2,2048,508758,513657,248.4169921875,250.80908203125
4096,24,powers-two,unrolled,2,2048,807532,812423,394.302734375,396.69091796875
4096,24,powers-two,aligned-unrolled,2,2048,362822,367799,177.1591796875,179.58935546875
4096,24,powers-two,openblas,2,2048,813686,818752,397.3076171875,399.78125
4096,24,powers-two,onemkl,2,2048,327933,332917,160.12353515625,162.55712890625
4096,24,powers-two,baseline,3,2048,806267,811537,393.68505859375,396.25830078125
4096,24,powers-two,aligned,3,2048,391117,396064,190.97509765625,193.390625
4096,24,powers-two,unrolled,3,2048,813770,818801,397.3486328125,399.80517578125
4096,24,powers-two,aligned-unrolled,3,2048,361768,366728,176.64453125,179.06640625
4096,24,powers-two,openblas,3,2048,813339,818410,397.13818359375,399.6142578125
4096,24,powers-two,onemkl,3,2048,329543,334701,160.90966796875,163.42822265625
4096,24,powers-two,baseline,4,2048,814023,819171,397.47216796875,399.98583984375
4096,24,powers-two,aligned,4,2048,386743,391812,188.83935546875,191.314453125
4096,24,powers-two,unrolled,4,2048,807539,812791,394.30615234375,396.87060546875
4096,24,powers-two,aligned-unrolled,4,2048,365575,370798,178.50341796875,181.0537109375
4096,24,powers-two,openblas,4,2048,809731,814960,395.37646484375,397.9296875
4096,24,powers-two,onemkl,4,2048,347321,352586,169.59033203125,172.1611328125
4096,24,powers-two,baseline,5,2048,819009,823947,399.90673828125,402.31787109375
4096,24,powers-two,aligned,5,2048,408797,413736,199.60791015625,202.01953125
4096,24,powers-two,unrolled,5,2048,823131,828151,401.91943359375,404.37060546875
4096,24,powers-two,aligned-unrolled,5,2048,366056,371108,178.73828125,181.205078125
4096,24,powers-two,openblas,5,2048,825319,830510,402.98779296875,405.5224609375
4096,24,powers-two,onemkl,5,2048,334288,339393,163.2265625,165.71923828125
4096,24,powers-two,baseline,6,2048,833142,838048,406.8076171875,409.203125
4096,24,powers-two,aligned,6,2048,387332,392145,189.126953125,191.47705078125
4096,24,powers-two,unrolled,6,2048,806890,811703,393.9892578125,396.33935546875
4096,24,powers-two,aligned-unrolled,6,2048,361732,366654,176.626953125,179.0302734375
4096,24,powers-two,openblas,6,2048,813846,818940,397.3857421875,399.873046875
4096,24,powers-two,onemkl,6,2048,327303,332274,159.81591796875,162.2431640625
4096,24,powers-two,baseline,7,2048,817552,822785,399.1953125,401.75048828125
4096,24,powers-two,aligned,7,2048,391041,395871,190.93798828125,193.29638671875
4096,24,powers-two,unrolled,7,2048,817227,822099,399.03662109375,401.41552734375
4096,24,powers-two,aligned-unrolled,7,2048,368069,373048,179.72119140625,182.15234375
4096,24,powers-two,openblas,7,2048,817906,823038,399.3681640625,401.8740234375
4096,24,powers-two,onemkl,7,2048,340073,345053,166.05126953125,168.48291015625
4096,24,reset,baseline,1,2048,1780374,1785660,869.3232421875,871.904296875
4096,24,reset,aligned,1,2048,1414453,1419603,690.65087890625,693.16552734375
4096,24,reset,unrolled,1,2048,1757044,1762557,857.931640625,860.62353515625
4096,24,reset,aligned-unrolled,1,2048,1400519,1405981,683.84716796875,686.51416015625
4096,24,reset,openblas,1,2048,1796381,1805377,877.13916015625,881.53173828125
4096,24,reset,onemkl,1,2048,1430522,1435684,698.4970703125,701.017578125
4096,24,reset,baseline,2,2048,1789713,1795074,873.88330078125,876.5009765625
4096,24,reset,aligned,2,2048,1404468,1410447,685.775390625,688.69482421875
4096,24,reset,unrolled,2,2048,1756699,1762025,857.76318359375,860.36376953125
4096,24,reset,aligned-unrolled,2,2048,1388043,1393311,677.75537109375,680.32763671875
4096,24,reset,openblas,2,2048,1791603,1796989,874.80615234375,877.43603515625
4096,24,reset,onemkl,2,2048,1419486,1424923,693.1083984375,695.76318359375
4096,24,reset,baseline,3,2048,1772913,1778021,865.68017578125,868.17431640625
4096,24,reset,aligned,3,2048,1403953,1409194,685.52392578125,688.0830078125
4096,24,reset,unrolled,3,2048,1757071,1762245,857.94482421875,860.47119140625
4096,24,reset,aligned-unrolled,3,2048,1390585,1395962,678.99658203125,681.6220703125
4096,24,reset,openblas,3,2048,1779564,1784776,868.927734375,871.47265625
4096,24,reset,onemkl,3,2048,1416758,1421899,691.7763671875,694.28662109375
4096,24,reset,baseline,4,2048,1795902,1801435,876.9052734375,879.60693359375
4096,24,reset,aligned,4,2048,1418711,1424194,692.72998046875,695.4072265625
4096,24,reset,unrolled,4,2048,1775660,1781180,867.021484375,869.716796875
4096,24,reset,aligned-unrolled,4,2048,1419417,1424995,693.07470703125,695.79833984375
4096,24,reset,openblas,4,2048,1809352,1814733,883.47265625,886.10009765625
4096,24,reset,onemkl,4,2048,1436046,1441652,701.1943359375,703.931640625
4096,24,reset,baseline,5,2048,1800951,1806194,879.37060546875,881.9306640625
4096,24,reset,aligned,5,2048,1434286,1439828,700.3349609375,703.041015625
4096,24,reset,unrolled,5,2048,1772773,1778027,865.61181640625,868.17724609375
4096,24,reset,aligned-unrolled,5,2048,1410948,1416314,688.939453125,691.5595703125
4096,24,reset,openblas,5,2048,1817555,1823015,887.47802734375,890.14404296875
4096,24,reset,onemkl,5,2048,1439867,1445290,703.06005859375,705.7080078125
4096,24,reset,baseline,6,2048,1795912,1801129,876.91015625,879.45751953125
4096,24,reset,aligned,6,2048,1423328,1428796,694.984375,697.654296875
4096,24,reset,unrolled,6,2048,1789008,1794264,873.5390625,876.10546875
4096,24,reset,aligned-unrolled,6,2048,1405481,1410810,686.27001953125,688.8720703125
4096,24,reset,openblas,6,2048,1807088,1812627,882.3671875,885.07177734375
4096,24,reset,onemkl,6,2048,1430076,1435298,698.279296875,700.8291015625
4096,24,reset,baseline,7,2048,1835978,1841602,896.4736328125,899.2197265625
4096,24,reset,aligned,7,2048,1453327,1458947,709.63232421875,712.37646484375
4096,24,reset,unrolled,7,2048,1827797,1833286,892.47900390625,895.1591796875
4096,24,reset,aligned-unrolled,7,2048,1438636,1444334,702.458984375,705.2412109375
4096,24,reset,openblas,7,2048,1852348,1857744,904.466796875,907.1015625
4096,24,reset,onemkl,7,2048,1469475,1474953,717.51708984375,720.19189453125
65536,0,negate,baseline,1,128,941610,947523,7356.328125,7402.5234375
65536,0,negate,aligned,1,128,977573,983558,7637.2890625,7684.046875
65536,0,negate,unrolled,1,128,940498,946566,7347.640625,7395.046875
65536,0,negate,aligned-unrolled,1,128,945042,950978,7383.140625,7429.515625
65536,0,negate,openblas,1,128,951327,959376,7432.2421875,7495.125
65536,0,negate,onemkl,1,128,939634,945680,7340.890625,7388.125
65536,0,negate,baseline,2,128,930508,936306,7269.59375,7314.890625
65536,0,negate,aligned,2,128,931977,937802,7281.0703125,7326.578125
65536,0,negate,unrolled,2,128,931228,937119,7275.21875,7321.2421875
65536,0,negate,aligned-unrolled,2,128,932578,938362,7285.765625,7330.953125
65536,0,negate,openblas,2,128,933523,939289,7293.1484375,7338.1953125
65536,0,negate,onemkl,2,128,936165,942044,7313.7890625,7359.71875
65536,0,negate,baseline,3,128,928522,934225,7254.078125,7298.6328125
65536,0,negate,aligned,3,128,929970,936002,7265.390625,7312.515625
65536,0,negate,unrolled,3,128,928411,934136,7253.2109375,7297.9375
65536,0,negate,aligned-unrolled,3,128,929376,935296,7260.75,7307
65536,0,negate,openblas,3,128,927180,932980,7243.59375,7288.90625
65536,0,negate,onemkl,3,128,925375,931081,7229.4921875,7274.0703125
65536,0,negate,baseline,4,128,931914,937925,7280.578125,7327.5390625
65536,0,negate,aligned,4,128,931531,937544,7277.5859375,7324.5625
65536,0,negate,unrolled,4,128,929266,935343,7259.890625,7307.3671875
65536,0,negate,aligned-unrolled,4,128,933650,939721,7294.140625,7341.5703125
65536,0,negate,openblas,4,128,933372,939237,7291.96875,7337.7890625
65536,0,negate,onemkl,4,128,940644,954692,7348.78125,7458.53125
65536,0,negate,baseline,5,128,938858,944697,7334.828125,7380.4453125
65536,0,negate,aligned,5,128,937203,943076,7321.8984375,7367.78125
65536,0,negate,unrolled,5,128,940687,946523,7349.1171875,7394.7109375
65536,0,negate,aligned-unrolled,5,128,939688,945585,7341.3125,7387.3828125
65536,0,negate,openblas,5,128,940772,946679,7349.78125,7395.9296875
65536,0,negate,onemkl,5,128,940101,945883,7344.5390625,7389.7109375
65536,0,negate,baseline,6,128,919834,925937,7186.203125,7233.8828125
65536,0,negate,aligned,6,128,922405,928163,7206.2890625,7251.2734375
65536,0,negate,unrolled,6,128,919189,924881,7181.1640625,7225.6328125
65536,0,negate,aligned-unrolled,6,128,921226,926861,7197.078125,7241.1015625
65536,0,negate,openblas,6,128,922263,927890,7205.1796875,7249.140625
65536,0,negate,onemkl,6,128,928815,934553,7256.3671875,7301.1953125
65536,0,negate,baseline,7,128,942180,950727,7360.78125,7427.5546875
65536,0,negate,aligned,7,128,945022,951018,7382.984375,7429.828125
65536,0,negate,unrolled,7,128,963341,969398,7526.1015625,7573.421875
65536,0,negate,aligned-unrolled,7,128,943205,949619,7368.7890625,7418.8984375
65536,0,negate,openblas,7,128,969791,975822,7576.4921875,7623.609375
65536,0,negate,onemkl,7,128,944825,950787,7381.4453125,7428.0234375
65536,0,powers-two,baseline,1,128,926692,932627,7239.78125,7286.1484375
65536,0,powers-two,aligned,1,128,928682,934567,7255.328125,7301.3046875
65536,0,powers-two,unrolled,1,128,947650,953665,7403.515625,7450.5078125
65536,0,powers-two,aligned-unrolled,1,128,922339,928312,7205.7734375,7252.4375
65536,0,powers-two,openblas,1,128,926946,932736,7241.765625,7287
65536,0,powers-two,onemkl,1,128,929078,934953,7258.421875,7304.3203125
65536,0,powers-two,baseline,2,128,914693,920423,7146.0390625,7190.8046875
65536,0,powers-two,aligned,2,128,914594,920390,7145.265625,7190.546875
65536,0,powers-two,unrolled,2,128,917261,923056,7166.1015625,7211.375
65536,0,powers-two,aligned-unrolled,2,128,915644,921282,7153.46875,7197.515625
65536,0,powers-two,openblas,2,128,913695,919440,7138.2421875,7183.125
65536,0,powers-two,onemkl,2,128,916761,922472,7162.1953125,7206.8125
65536,0,powers-two,baseline,3,128,925235,931008,7228.3984375,7273.5
65536,0,powers-two,aligned,3,128,920969,929639,7195.0703125,7262.8046875
65536,0,powers-two,unrolled,3,128,922598,928537,7207.796875,7254.1953125
65536,0,powers-two,aligned-unrolled,3,128,934265,940211,7298.9453125,7345.3984375
65536,0,powers-two,openblas,3,128,919155,925041,7180.8984375,7226.8828125
65536,0,powers-two,onemkl,3,128,920966,926729,7195.046875,7240.0703125
65536,0,powers-two,baseline,4,128,919251,925175,7181.6484375,7227.9296875
65536,0,powers-two,aligned,4,128,920148,926171,7188.65625,7235.7109375
65536,0,powers-two,unrolled,4,128,918070,923788,7172.421875,7217.09375
65536,0,powers-two,aligned-unrolled,4,128,920869,926573,7194.2890625,7238.8515625
65536,0,powers-two,openblas,4,128,936250,942185,7314.453125,7360.8203125
65536,0,powers-two,onemkl,4,128,922920,929121,7210.3125,7258.7578125
65536,0,powers-two,baseline,5,128,921036,926819,7195.59375,7240.7734375
65536,0,powers-two,aligned,5,128,918744,924533,7177.6875,7222.9140625
65536,0,powers-two,unrolled,5,128,920944,926728,7194.875,7240.0625
65536,0,powers-two,aligned-unrolled,5,128,920366,926237,7190.359375,7236.2265625
65536,0,powers-two,openblas,5,128,925208,930908,7228.1875,7272.71875
65536,0,powers-two,onemkl,5,128,921742,927461,7201.109375,7245.7890625
65536,0,powers-two,baseline,6,128,938626,944494,7333.015625,7378.859375
65536,0,powers-two,aligned,6,128,939937,945988,7343.2578125,7390.53125
65536,0,powers-two,unrolled,6,128,934619,940503,7301.7109375,7347.6796875
65536,0,powers-two,aligned-unrolled,6,128,934680,940651,7302.1875,7348.8359375
65536,0,powers-two,openblas,6,128,939572,945632,7340.40625,7387.75
65536,0,powers-two,onemkl,6,128,939182,945172,7337.359375,7384.15625
65536,0,powers-two,baseline,7,128,936016,941837,7312.625,7358.1015625
65536,0,powers-two,aligned,7,128,936789,943053,7318.6640625,7367.6015625
65536,0,powers-two,unrolled,7,128,937633,943354,7325.2578125,7369.953125
65536,0,powers-two,aligned-unrolled,7,128,939638,945581,7340.921875,7387.3515625
65536,0,powers-two,openblas,7,128,939831,945697,7342.4296875,7388.2578125
65536,0,powers-two,onemkl,7,128,936573,942601,7316.9765625,7364.0703125
65536,0,reset,baseline,1,128,2217362,2224225,17323.140625,17376.7578125
65536,0,reset,aligned,1,128,2231169,2238086,17431.0078125,17485.046875
65536,0,reset,unrolled,1,128,2193536,2200580,17137,17192.03125
65536,0,reset,aligned-unrolled,1,128,2233253,2240169,17447.2890625,17501.3203125
65536,0,reset,openblas,1,128,2226340,2233360,17393.28125,17448.125
65536,0,reset,onemkl,1,128,2274221,2281103,17767.3515625,17821.1171875
65536,0,reset,baseline,2,128,2213805,2220649,17295.3515625,17348.8203125
65536,0,reset,aligned,2,128,2211862,2218824,17280.171875,17334.5625
65536,0,reset,unrolled,2,128,2211466,2218200,17277.078125,17329.6875
65536,0,reset,aligned-unrolled,2,128,2257120,2263857,17633.75,17686.3828125
65536,0,reset,openblas,2,128,2215214,2222200,17306.359375,17360.9375
65536,0,reset,onemkl,2,128,2199513,2206338,17183.6953125,17237.015625
65536,0,reset,baseline,3,128,2196290,2203199,17158.515625,17212.4921875
65536,0,reset,aligned,3,128,2198454,2205342,17175.421875,17229.234375
65536,0,reset,unrolled,3,128,2201511,2208561,17199.3046875,17254.3828125
65536,0,reset,aligned-unrolled,3,128,2229649,2236639,17419.1328125,17473.7421875
65536,0,reset,openblas,3,128,2200012,2206951,17187.59375,17241.8046875
65536,0,reset,onemkl,3,128,2218461,2225453,17331.7265625,17386.3515625
65536,0,reset,baseline,4,128,2258364,2265434,17643.46875,17698.703125
65536,0,reset,aligned,4,128,2194472,2201377,17144.3125,17198.2578125
65536,0,reset,unrolled,4,128,2242524,2249553,17519.71875,17574.6328125
65536,0,reset,aligned-unrolled,4,128,2229699,2236532,17419.5234375,17472.90625
65536,0,reset,openblas,4,128,2213519,2220430,17293.1171875,17347.109375
65536,0,reset,onemkl,4,128,2292764,2299951,17912.21875,17968.3671875
65536,0,reset,baseline,5,128,2180176,2186919,17032.625,17085.3046875
65536,0,reset,aligned,5,128,2195443,2208002,17151.8984375,17250.015625
65536,0,reset,unrolled,5,128,2177786,2184540,17013.953125,17066.71875
65536,0,reset,aligned-unrolled,5,128,2186280,2192951,17080.3125,17132.4296875
65536,0,reset,openblas,5,128,2216237,2222886,17314.3515625,17366.296875
65536,0,reset,onemkl,5,128,2172753,2179514,16974.6328125,17027.453125
65536,0,reset,baseline,6,128,2203850,2210546,17217.578125,17269.890625
65536,0,reset,aligned,6,128,2231466,2238186,17433.328125,17485.828125
65536,0,reset,unrolled,6,128,2195445,2202048,17151.9140625,17203.5
65536,0,reset,aligned-unrolled,6,128,2200474,2207068,17191.203125,17242.71875
65536,0,reset,openblas,6,128,2201298,2207946,17197.640625,17249.578125
65536,0,reset,onemkl,6,128,2193811,2200517,17139.1484375,17191.5390625
65536,0,reset,baseline,7,128,2193034,2199940,17133.078125,17187.03125
65536,0,reset,aligned,7,128,2185361,2192621,17073.1328125,17129.8515625
65536,0,reset,unrolled,7,128,2184103,2190981,17063.3046875,17117.0390625
65536,0,reset,aligned-unrolled,7,128,2268755,2275984,17724.6484375,17781.125
65536,0,reset,openblas,7,128,2182205,2189189,17048.4765625,17103.0390625
65536,0,reset,onemkl,7,128,2228093,2235114,17406.9765625,17461.828125
65536,8,negate,baseline,1,128,1034710,1040475,8083.671875,8128.7109375
65536,8,negate,aligned,1,128,919479,925308,7183.4296875,7228.96875
65536,8,negate,unrolled,1,128,1029985,1035660,8046.7578125,8091.09375
65536,8,negate,aligned-unrolled,1,128,922434,928162,7206.515625,7251.265625
65536,8,negate,openblas,1,128,1059564,1065275,8277.84375,8322.4609375
65536,8,negate,onemkl,1,128,917938,923655,7171.390625,7216.0546875
65536,8,negate,baseline,2,128,1054562,1060548,8238.765625,8285.53125
65536,8,negate,aligned,2,128,952149,957891,7438.6640625,7483.5234375
65536,8,negate,unrolled,2,128,1043469,1049146,8152.1015625,8196.453125
65536,8,negate,aligned-unrolled,2,128,927770,933545,7248.203125,7293.3203125
65536,8,negate,openblas,2,128,1050241,1056125,8205.0078125,8250.9765625
65536,8,negate,onemkl,2,128,955270,961006,7463.046875,7507.859375
65536,8,negate,baseline,3,128,1049779,1055945,8201.3984375,8249.5703125
65536,8,negate,aligned,3,128,931369,937299,7276.3203125,7322.6484375
65536,8,negate,unrolled,3,128,1042608,1048547,8145.375,8191.7734375
65536,8,negate,aligned-unrolled,3,128,934225,940098,7298.6328125,7344.515625
65536,8,negate,openblas,3,128,1049180,1054974,8196.71875,8241.984375
65536,8,negate,onemkl,3,128,929932,935648,7265.09375,7309.75
65536,8,negate,baseline,4,128,1040946,1046715,8132.390625,8177.4609375
65536,8,negate,aligned,4,128,926251,931928,7236.3359375,7280.6875
65536,8,negate,unrolled,4,128,1035308,1040972,8088.34375,8132.59375
65536,8,negate,aligned-unrolled,4,128,923248,928911,7212.875,7257.1171875
65536,8,negate,openblas,4,128,1045137,1051129,8165.1328125,8211.9453125
65536,8,negate,onemkl,4,128,921940,927616,7202.65625,7247
65536,8,negate,baseline,5,128,1046588,1052251,8176.46875,8220.7109375
65536,8,negate,aligned,5,128,923233,928919,7212.7578125,7257.1796875
65536,8,negate,unrolled,5,128,1038986,1044594,8117.078125,8160.890625
65536,8,negate,aligned-unrolled,5,128,936732,942438,7318.21875,7362.796875
65536,8,negate,openblas,5,128,1050097,1055790,8203.8828125,8248.359375
65536,8,negate,onemkl,5,128,930313,936029,7268.0703125,7312.7265625
65536,8,negate,baseline,6,128,1047767,1053542,8185.6796875,8230.796875
65536,8,negate,aligned,6,128,923721,932206,7216.5703125,7282.859375
65536,8,negate,unrolled,6,128,1036454,1042058,8097.296875,8141.078125
65536,8,negate,aligned-unrolled,6,128,927528,933295,7246.3125,7291.3671875
65536,8,negate,openblas,6,128,1042249,1048019,8142.5703125,8187.6484375
65536,8,negate,onemkl,6,128,924093,929777,7219.4765625,7263.8828125
65536,8,negate,baseline,7,128,1047832,1053665,8186.1875,8231.7578125
65536,8,negate,aligned,7,128,926395,932173,7237.4609375,7282.6015625
65536,8,negate,unrolled,7,128,1038181,1043969,8110.7890625,8156.0078125
65536,8,negate,aligned-unrolled,7,128,926098,931784,7235.140625,7279.5625
65536,8,negate,openblas,7,128,1044407,1050161,8159.4296875,8204.3828125
65536,8,negate,onemkl,7,128,951571,957289,7434.1484375,7478.8203125
65536,8,powers-two,baseline,1,128,1046278,1052143,8174.046875,8219.8671875
65536,8,powers-two,aligned,1,128,917600,923240,7168.75,7212.8125
65536,8,powers-two,unrolled,1,128,1036360,1042083,8096.5625,8141.2734375
65536,8,powers-two,aligned-unrolled,1,128,1035276,1041203,8088.09375,8134.3984375
65536,8,powers-two,openblas,1,128,1042818,1048479,8147.015625,8191.2421875
65536,8,powers-two,onemkl,1,128,922396,928000,7206.21875,7250
65536,8,powers-two,baseline,2,128,1048402,1054153,8190.640625,8235.5703125
65536,8,powers-two,aligned,2,128,923048,928993,7211.3125,7257.7578125
65536,8,powers-two,unrolled,2,128,1038664,1044429,8114.5625,8159.6015625
65536,8,powers-two,aligned-unrolled,2,128,931383,937329,7276.4296875,7322.8828125
65536,8,powers-two,openblas,2,128,1047674,1055553,8184.953125,8246.5078125
65536,8,powers-two,onemkl,2,128,926925,932740,7241.6015625,7287.03125
65536,8,powers-two,baseline,3,128,1043960,1049670,8155.9375,8200.546875
65536,8,powers-two,aligned,3,128,924778,930600,7224.828125,7270.3125
65536,8,powers-two,unrolled,3,128,1040252,1045967,8126.96875,8171.6171875
65536,8,powers-two,aligned-unrolled,3,128,931388,937065,7276.46875,7320.8203125
65536,8,powers-two,openblas,3,128,1050909,1056595,8210.2265625,8254.6484375
65536,8,powers-two,onemkl,3,128,930352,936001,7268.375,7312.5078125
65536,8,powers-two,baseline,4,128,1050813,1056570,8209.4765625,8254.453125
65536,8,powers-two,aligned,4,128,929412,935313,7261.03125,7307.1328125
65536,8,powers-two,unrolled,4,128,1045174,1051139,8165.421875,8212.0234375
65536,8,powers-two,aligned-unrolled,4,128,945979,951738,7390.4609375,7435.453125
65536,8,powers-two,openblas,4,128,1050210,1056030,8204.765625,8250.234375
65536,8,powers-two,onemkl,4,128,931388,937127,7276.46875,7321.3046875
65536,8,powers-two,baseline,5,128,1039227,1044886,8118.9609375,8163.171875
65536,8,powers-two,aligned,5,128,924269,929868,7220.8515625,7264.59375
65536,8,powers-two,unrolled,5,128,1032603,1038339,8067.2109375,8112.0234375
65536,8,powers-two,aligned-unrolled,5,128,917446,923187,7167.546875,7212.3984375
65536,8,powers-two,openblas,5,128,1040537,1046365,8129.1953125,8174.7265625
65536,8,powers-two,onemkl,5,128,918914,924532,7179.015625,7222.90625
65536,8,powers-two,baseline,6,128,1053582,1059323,8231.109375,8275.9609375
65536,8,powers-two,aligned,6,128,928397,934215,7253.1015625,7298.5546875
65536,8,powers-two,unrolled,6,128,1044849,1050552,8162.8828125,8207.4375
65536,8,powers-two,aligned-unrolled,6,128,936613,942471,7317.2890625,7363.0546875
65536,8,powers-two,openblas,6,128,1059921,1068790,8280.6328125,8349.921875
65536,8,powers-two,onemkl,6,128,931985,937785,7281.1328125,7326.4453125
65536,8,powers-two,baseline,7,128,1056830,1062694,8256.484375,8302.296875
65536,8,powers-two,aligned,7,128,931279,937248,7275.6171875,7322.25
65536,8,powers-two,unrolled,7,128,1040746,1046494,8130.828125,8175.734375
65536,8,powers-two,aligned-unrolled,7,128,924183,929917,7220.1796875,7264.9765625
65536,8,powers-two,openblas,7,128,1049600,1055369,8200,8245.0703125
65536,8,powers-two,onemkl,7,128,929295,935007,7260.1171875,7304.7421875
65536,8,reset,baseline,1,128,2340600,2347316,18285.9375,18338.40625
65536,8,reset,aligned,1,128,2144786,2151491,16756.140625,16808.5234375
65536,8,reset,unrolled,1,128,2386288,2392993,18642.875,18695.2578125
65536,8,reset,aligned-unrolled,1,128,2151132,2157869,16805.71875,16858.3515625
65536,8,reset,openblas,1,128,2297089,2312228,17946.0078125,18064.28125
65536,8,reset,onemkl,1,128,2184028,2190664,17062.71875,17114.5625
65536,8,reset,baseline,2,128,2259854,2266632,17655.109375,17708.0625
65536,8,reset,aligned,2,128,2153451,2160215,16823.8359375,16876.6796875
65536,8,reset,unrolled,2,128,2294803,2301573,17928.1484375,17981.0390625
65536,8,reset,aligned-unrolled,2,128,2123195,2130018,16587.4609375,16640.765625
65536,8,reset,openblas,2,128,2283664,2290398,17841.125,17893.734375
65536,8,reset,onemkl,2,128,2120585,2127180,16567.0703125,16618.59375
65536,8,reset,baseline,3,128,2314535,2321482,18082.3046875,18136.578125
65536,8,reset,aligned,3,128,2285967,2292816,17859.1171875,17912.625
65536,8,reset,unrolled,3,128,2322862,2330041,18147.359375,18203.4453125
65536,8,reset,aligned-unrolled,3,128,2175917,2182663,16999.3515625,17052.0546875
65536,8,reset,openblas,3,128,2304308,2310993,18002.40625,18054.6328125
65536,8,reset,onemkl,3,128,2152531,2159300,16816.6484375,16869.53125
65536,8,reset,baseline,4,128,2296563,2303380,17941.8984375,17995.15625
65536,8,reset,aligned,4,128,2166087,2172864,16922.5546875,16975.5
65536,8,reset,unrolled,4,128,2357934,2364666,18421.359375,18473.953125
65536,8,reset,aligned-unrolled,4,128,2155762,2162515,16841.890625,16894.6484375
65536,8,reset,openblas,4,128,2299645,2306359,17965.9765625,18018.4296875
65536,8,reset,onemkl,4,128,2158492,2165256,16863.21875,16916.0625
65536,8,reset,baseline,5,128,2347748,2354480,18341.78125,18394.375
65536,8,reset,aligned,5,128,2159665,2166365,16872.3828125,16924.7265625
65536,8,reset,unrolled,5,128,2284709,2291510,17849.2890625,17902.421875
65536,8,reset,aligned-unrolled,5,128,2149362,2156140,16791.890625,16844.84375
65536,8,reset,openblas,5,128,2321440,2328218,18136.25,18189.203125
65536,8,reset,onemkl,5,128,2160681,2167457,16880.3203125,16933.2578125
65536,8,reset,baseline,6,128,2310731,2317447,18052.5859375,18105.0546875
65536,8,reset,aligned,6,128,2156255,2162975,16845.7421875,16898.2421875
65536,8,reset,unrolled,6,128,2279960,2286673,17812.1875,17864.6328125
65536,8,reset,aligned-unrolled,6,128,2143736,2150593,16747.9375,16801.5078125
65536,8,reset,openblas,6,128,2332484,2339231,18222.53125,18275.2421875
65536,8,reset,onemkl,6,128,2130740,2137502,16646.40625,16699.234375
65536,8,reset,baseline,7,128,2277359,2283896,17791.8671875,17842.9375
65536,8,reset,aligned,7,128,2122792,2129561,16584.3125,16637.1953125
65536,8,reset,unrolled,7,128,2257484,2276285,17636.59375,17783.4765625
65536,8,reset,aligned-unrolled,7,128,2119222,2125789,16556.421875,16607.7265625
65536,8,reset,openblas,7,128,2257913,2264532,17639.9453125,17691.65625
65536,8,reset,onemkl,7,128,2128851,2135629,16631.6484375,16684.6015625
65536,16,negate,baseline,1,128,1012573,1018340,7910.7265625,7955.78125
65536,16,negate,aligned,1,128,891319,897233,6963.4296875,7009.6328125
65536,16,negate,unrolled,1,128,1008967,1015030,7882.5546875,7929.921875
65536,16,negate,aligned-unrolled,1,128,901341,907828,7041.7265625,7092.40625
65536,16,negate,openblas,1,128,1013988,1019819,7921.78125,7967.3359375
65536,16,negate,onemkl,1,128,899090,905260,7024.140625,7072.34375
65536,16,negate,baseline,2,128,1001749,1007246,7826.1640625,7869.109375
65536,16,negate,aligned,2,128,898515,904175,7019.6484375,7063.8671875
65536,16,negate,unrolled,2,128,995560,1001015,7777.8125,7820.4296875
65536,16,negate,aligned-unrolled,2,128,885319,890868,6916.5546875,6959.90625
65536,16,negate,openblas,2,128,1003126,1008594,7836.921875,7879.640625
65536,16,negate,onemkl,2,128,895075,900623,6992.7734375,7036.1171875
65536,16,negate,baseline,3,128,997807,1003297,7795.3671875,7838.2578125
65536,16,negate,aligned,3,128,885591,891254,6918.6796875,6962.921875
65536,16,negate,unrolled,3,128,995920,1001509,7780.625,7824.2890625
65536,16,negate,aligned-unrolled,3,128,889033,894541,6945.5703125,6988.6015625
65536,16,negate,openblas,3,128,1002280,1007744,7830.3125,7873
65536,16,negate,onemkl,3,128,885774,891321,6920.109375,6963.4453125
65536,16,negate,baseline,4,128,1013856,1019431,7920.75,7964.3046875
65536,16,negate,aligned,4,128,896724,902386,7005.65625,7049.890625
65536,16,negate,unrolled,4,128,1005171,1010811,7852.8984375,7896.9609375
65536,16,negate,aligned-unrolled,4,128,901726,907549,7044.734375,7090.2265625
65536,16,negate,openblas,4,128,1018346,1024065,7955.828125,8000.5078125
65536,16,negate,onemkl,4,128,901801,907449,7045.3203125,7089.4453125
65536,16,negate,baseline,5,128,1112372,1117943,8690.40625,8733.9296875
65536,16,negate,aligned,5,128,880605,886190,6879.7265625,6923.359375
65536,16,negate,unrolled,5,128,997205,1002736,7790.6640625,7833.875
65536,16,negate,aligned-unrolled,5,128,879437,885140,6870.6015625,6915.15625
65536,16,negate,openblas,5,128,996211,1001745,7782.8984375,7826.1328125
65536,16,negate,onemkl,5,128,884593,890039,6910.8828125,6953.4296875
65536,16,negate,baseline,6,128,1010623,1016134,7895.4921875,7938.546875
65536,16,negate,aligned,6,128,895704,901624,6997.6875,7043.9375
65536,16,negate,unrolled,6,128,995800,1001767,7779.6875,7826.3046875
65536,16,negate,aligned-unrolled,6,128,888928,894474,6944.75,6988.078125
65536,16,negate,openblas,6,128,1007418,1012950,7870.453125,7913.671875
65536,16,negate,onemkl,6,128,890107,895653,6953.9609375,6997.2890625
65536,16,negate,baseline,7,128,1017900,1023892,7952.34375,7999.15625
65536,16,negate,aligned,7,128,897988,903639,7015.53125,7059.6796875
65536,16,negate,unrolled,7,128,1015277,1020974,7931.8515625,7976.359375
65536,16,negate,aligned-unrolled,7,128,901660,907381,7044.21875,7088.9140625
65536,16,negate,openblas,7,128,1017105,1024062,7946.1328125,8000.484375
65536,16,negate,onemkl,7,128,903481,909246,7058.4453125,7103.484375
65536,16,powers-two,baseline,1,128,1037915,1043651,8108.7109375,8153.5234375
65536,16,powers-two,aligned,1,128,916572,922383,7160.71875,7206.1171875
65536,16,powers-two,unrolled,1,128,1035243,1041021,8087.8359375,8132.9765625
65536,16,powers-two,aligned-unrolled,1,128,919004,924751,7179.71875,7224.6171875
65536,16,powers-two,openblas,1,128,1036007,1041791,8093.8046875,8138.9921875
65536,16,powers-two,onemkl,1,128,919740,925560,7185.46875,7230.9375
65536,16,powers-two,baseline,2,128,1070289,1075985,8361.6328125,8406.1328125
65536,16,powers-two,aligned,2,128,925974,931900,7234.171875,7280.46875
65536,16,powers-two,unrolled,2,128,1039870,1045661,8123.984375,8169.2265625
65536,16,powers-two,aligned-unrolled,2,128,922193,927923,7204.6328125,7249.3984375
65536,16,powers-two,openblas,2,128,1042601,1048272,8145.3203125,8189.625
65536,16,powers-two,onemkl,2,128,923458,929097,7214.515625,7258.5703125
65536,16,powers-two,baseline,3,128,1066727,1072559,8333.8046875,8379.3671875
65536,16,powers-two,aligned,3,128,939323,945397,7338.4609375,7385.9140625
65536,16,powers-two,unrolled,3,128,1058284,1064073,8267.84375,8313.0703125
65536,16,powers-two,aligned-unrolled,3,128,942732,948546,7365.09375,7410.515625
65536,16,powers-two,openblas,3,128,1066635,1072508,8333.0859375,8378.96875
65536,16,powers-two,onemkl,3,128,941377,947390,7354.5078125,7401.484375
65536,16,powers-two,baseline,4,128,1038928,1044832,8116.625,8162.75
65536,16,powers-two,aligned,4,128,916690,922472,7161.640625,7206.8125
65536,16,powers-two,unrolled,4,128,1030779,1036492,8052.9609375,8097.59375
65536,16,powers-two,aligned-unrolled,4,128,920142,926036,7188.609375,7234.65625
65536,16,powers-two,openblas,4,128,1039726,1045438,8122.859375,8167.484375
65536,16,powers-two,onemkl,4,128,921627,927350,7200.2109375,7244.921875
65536,16,powers-two,baseline,5,128,1026464,1032469,8019.25,8066.1640625
65536,16,powers-two,aligned,5,128,908961,914817,7101.2578125,7147.0078125
65536,16,powers-two,unrolled,5,128,1023594,1029250,7996.828125,8041.015625
65536,16,powers-two,aligned-unrolled,5,128,913244,918938,7134.71875,7179.203125
65536,16,powers-two,openblas,5,128,1028780,1034479,8037.34375,8081.8671875
65536,16,powers-two,onemkl,5,128,908404,914092,7096.90625,7141.34375
65536,16,powers-two,baseline,6,128,1018568,1024209,7957.5625,8001.6328125
65536,16,powers-two,aligned,6,128,901269,906936,7041.1640625,7085.4375
65536,16,powers-two,unrolled,6,128,1013521,1019329,7918.1328125,7963.5078125
65536,16,powers-two,aligned-unrolled,6,128,901812,908622,7045.40625,7098.609375
65536,16,powers-two,openblas,6,128,1021210,1027096,7978.203125,8024.1875
65536,16,powers-two,onemkl,6,128,905590,911313,7074.921875,7119.6328125
65536,16,powers-two,baseline,7,128,1009354,1014950,7885.578125,7929.296875
65536,16,powers-two,aligned,7,128,897926,903469,7015.046875,7058.3515625
65536,16,powers-two,unrolled,7,128,1006888,1012412,7866.3125,7909.46875
65536,16,powers-two,aligned-unrolled,7,128,893957,899476,6984.0390625,7027.15625
65536,16,powers-two,openblas,7,128,1017619,1023182,7950.1484375,7993.609375
65536,16,powers-two,onemkl,7,128,899618,905097,7028.265625,7071.0703125
65536,16,reset,baseline,1,128,2268426,2275103,17722.078125,17774.2421875
65536,16,reset,aligned,1,128,2112116,2118885,16500.90625,16553.7890625
65536,16,reset,unrolled,1,128,2247401,2254450,17557.8203125,17612.890625
65536,16,reset,aligned-unrolled,1,128,2086455,2093567,16300.4296875,16355.9921875
65536,16,reset,openblas,1,128,2260338,2267021,17658.890625,17711.1015625
65536,16,reset,onemkl,1,128,2109707,2116286,16482.0859375,16533.484375
65536,16,reset,baseline,2,128,2267272,2273787,17713.0625,17763.9609375
65536,16,reset,aligned,2,128,2127823,2134346,16623.6171875,16674.578125
65536,16,reset,unrolled,2,128,2246226,2252796,17548.640625,17599.96875
65536,16,reset,aligned-unrolled,2,128,2141275,2147887,16728.7109375,16780.3671875
65536,16,reset,openblas,2,128,2275844,2282314,17780.03125,17830.578125
65536,16,reset,onemkl,2,128,2110229,2116762,16486.1640625,16537.203125
65536,16,reset,baseline,3,128,2236590,2243148,17473.359375,17524.59375
65536,16,reset,aligned,3,128,2095727,2102349,16372.8671875,16424.6015625
65536,16,reset,unrolled,3,128,2223047,2229604,17367.5546875,17418.78125
65536,16,reset,aligned-unrolled,3,128,2112473,2118952,16503.6953125,16554.3125
65536,16,reset,openblas,3,128,2248054,2254663,17562.921875,17614.5546875
65536,16,reset,onemkl,3,128,2102078,2108765,16422.484375,16474.7265625
65536,16,reset,baseline,4,128,2292775,2299257,17912.3046875,17962.9453125
65536,16,reset,aligned,4,128,2141093,2147538,16727.2890625,16777.640625
65536,16,reset,unrolled,4,128,2238918,2245356,17491.546875,17541.84375
65536,16,reset,aligned-unrolled,4,128,2101386,2124010,16417.078125,16593.828125
65536,16,reset,openblas,4,128,2274609,2283721,17770.3828125,17841.5703125
65536,16,reset,onemkl,4,128,2122341,2129006,16580.7890625,16632.859375
65536,16,reset,baseline,5,128,2245773,2259308,17545.1015625,17650.84375
65536,16,reset,aligned,5,128,2108494,2115038,16472.609375,16523.734375
65536,16,reset,unrolled,5,128,2256239,2262904,17626.8671875,17678.9375
65536,16,reset,aligned-unrolled,5,128,2116872,2123719,16538.0625,16591.5546875
65536,16,reset,openblas,5,128,2240041,2246715,17500.3203125,17552.4609375
65536,16,reset,onemkl,5,128,2125731,2132380,16607.2734375,16659.21875
65536,16,reset,baseline,6,128,2244776,2251307,17537.3125,17588.3359375
65536,16,reset,aligned,6,128,2080143,2086773,16251.1171875,16302.9140625
65536,16,reset,unrolled,6,128,2257939,2264458,17640.1484375,17691.078125
65536,16,reset,aligned-unrolled,6,128,2083002,2089422,16273.453125,16323.609375
65536,16,reset,openblas,6,128,2271448,2277898,17745.6875,17796.078125
65536,16,reset,onemkl,6,128,2170749,2177355,16958.9765625,17010.5859375
65536,16,reset,baseline,7,128,2247241,2254076,17556.5703125,17609.96875
65536,16,reset,aligned,7,128,2079542,2086448,16246.421875,16300.375
65536,16,reset,unrolled,7,128,2218067,2224720,17328.6484375,17380.625
65536,16,reset,aligned-unrolled,7,128,2057859,2064452,16077.0234375,16128.53125
65536,16,reset,openblas,7,128,2262201,2268969,17673.4453125,17726.3203125
65536,16,reset,onemkl,7,128,2106294,2113244,16455.421875,16509.71875
65536,24,negate,baseline,1,128,1035349,1041164,8088.6640625,8134.09375
65536,24,negate,aligned,1,128,914585,920309,7145.1953125,7189.9140625
65536,24,negate,unrolled,1,128,1031495,1037194,8058.5546875,8103.078125
65536,24,negate,aligned-unrolled,1,128,917088,922923,7164.75,7210.3359375
65536,24,negate,openblas,1,128,1039410,1045127,8120.390625,8165.0546875
65536,24,negate,onemkl,1,128,914725,920434,7146.2890625,7190.890625
65536,24,negate,baseline,2,128,1039132,1045079,8118.21875,8164.6796875
65536,24,negate,aligned,2,128,924539,930318,7222.9609375,7268.109375
65536,24,negate,unrolled,2,128,1031480,1037254,8058.4375,8103.546875
65536,24,negate,aligned-unrolled,2,128,921971,927915,7202.8984375,7249.3359375
65536,24,negate,openblas,2,128,1046662,1052559,8177.046875,8223.1171875
65536,24,negate,onemkl,2,128,922227,928029,7204.8984375,7250.2265625
65536,24,negate,baseline,3,128,1045217,1050991,8165.7578125,8210.8671875
65536,24,negate,aligned,3,128,925162,931008,7227.828125,7273.5
65536,24,negate,unrolled,3,128,1038315,1044117,8111.8359375,8157.1640625
65536,24,negate,aligned-unrolled,3,128,925393,931149,7229.6328125,7274.6015625
65536,24,negate,openblas,3,128,1055637,1068651,8247.1640625,8348.8359375
65536,24,negate,onemkl,3,128,931216,936976,7275.125,7320.125
65536,24,negate,baseline,4,128,1038188,1044005,8110.84375,8156.2890625
65536,24,negate,aligned,4,128,917252,923114,7166.03125,7211.828125
65536,24,negate,unrolled,4,128,1038187,1043950,8110.8359375,8155.859375
65536,24,negate,aligned-unrolled,4,128,917862,923647,7170.796875,7215.9921875
65536,24,negate,openblas,4,128,1043562,1049366,8152.828125,8198.171875
65536,24,negate,onemkl,4,128,922349,928208,7205.8515625,7251.625
65536,24,negate,baseline,5,128,1042635,1048674,8145.5859375,8192.765625
65536,24,negate,aligned,5,128,924724,930843,7224.40625,7272.2109375
65536,24,negate,unrolled,5,128,1046043,1052130,8172.2109375,8219.765625
65536,24,negate,aligned-unrolled,5,128,921683,927563,7200.6484375,7246.5859375
65536,24,negate,openblas,5,128,1060442,1066474,8284.703125,8331.828125
65536,24,negate,onemkl,5,128,924907,930935,7225.8359375,7272.9296875
65536,24,negate,baseline,6,128,1053572,1059505,8231.03125,8277.3828125
65536,24,negate,aligned,6,128,925834,931537,7233.078125,7277.6328125
65536,24,negate,unrolled,6,128,1038256,1043952,8111.375,8155.875
65536,24,negate,aligned-unrolled,6,128,925116,930833,7227.46875,7272.1328125
65536,24,negate,openblas,6,128,1041479,1047133,8136.5546875,8180.7265625
65536,24,negate,onemkl,6,128,922280,927990,7205.3125,7249.921875
65536,24,negate,baseline,7,128,1047114,1052939,8180.578125,8226.0859375
65536,24,negate,aligned,7,128,924030,930163,7218.984375,7266.8984375
65536,24,negate,unrolled,7,128,1038688,1044374,8114.75,8159.171875
65536,24,negate,aligned-unrolled,7,128,923157,928906,7212.1640625,7257.078125
65536,24,negate,openblas,7,128,1050036,1055951,8203.40625,8249.6171875
65536,24,negate,onemkl,7,128,926611,932460,7239.1484375,7284.84375
65536,24,powers-two,baseline,1,128,1041047,1046818,8133.1796875,8178.265625
65536,24,powers-two,aligned,1,128,924320,930493,7221.25,7269.4765625
65536,24,powers-two,unrolled,1,128,1036078,1041806,8094.359375,8139.109375
65536,24,powers-two,aligned-unrolled,1,128,919005,924721,7179.7265625,7224.3828125
65536,24,powers-two,openblas,1,128,1043313,1048962,8150.8828125,8195.015625
65536,24,powers-two,onemkl,1,128,922838,928509,7209.671875,7253.9765625
65536,24,powers-two,baseline,2,128,1040552,1046354,8129.3125,8174.640625
65536,24,powers-two,aligned,2,128,925375,931368,7229.4921875,7276.3125
65536,24,powers-two,unrolled,2,128,1028001,1033848,8031.2578125,8076.9375
65536,24,powers-two,aligned-unrolled,2,128,919162,924980,7180.953125,7226.40625
65536,24,powers-two,openblas,2,128,1049455,1055493,8198.8671875,8246.0390625
65536,24,powers-two,onemkl,2,128,919200,925272,7181.25,7228.6875
65536,24,powers-two,baseline,3,128,1038045,1063543,8109.7265625,8308.9296875
65536,24,powers-two,aligned,3,128,920803,926516,7193.7734375,7238.40625
65536,24,powers-two,unrolled,3,128,1033879,1039529,8077.1796875,8121.3203125
65536,24,powers-two,aligned-unrolled,3,128,915041,920709,7148.7578125,7193.0390625
65536,24,powers-two,openblas,3,128,1170383,1176004,9143.6171875,9187.53125
65536,24,powers-two,onemkl,3,128,922337,927899,7205.7578125,7249.2109375
65536,24,powers-two,baseline,4,128,1032088,1037879,8063.1875,8108.4296875
65536,24,powers-two,aligned,4,128,913060,918996,7133.28125,7179.65625
65536,24,powers-two,unrolled,4,128,1026069,1031820,8016.1640625,8061.09375
65536,24,powers-two,aligned-unrolled,4,128,936609,942368,7317.2578125,7362.25
65536,24,powers-two,openblas,4,128,1032581,1038266,8067.0390625,8111.453125
65536,24,powers-two,onemkl,4,128,912068,917742,7125.53125,7169.859375
65536,24,powers-two,baseline,5,128,1030737,1036472,8052.6328125,8097.4375
65536,24,powers-two,aligned,5,128,907205,913047,7087.5390625,7133.1796875
65536,24,powers-two,unrolled,5,128,1027440,1039668,8026.875,8122.40625
65536,24,powers-two,aligned-unrolled,5,128,908932,914781,7101.03125,7146.7265625
65536,24,powers-two,openblas,5,128,1030531,1036314,8051.0234375,8096.203125
65536,24,powers-two,onemkl,5,128,912452,919914,7128.53125,7186.828125
65536,24,powers-two,baseline,6,128,1034760,1040440,8084.0625,8128.4375
65536,24,powers-two,aligned,6,128,920379,926155,7190.4609375,7235.5859375
65536,24,powers-two,unrolled,6,128,1031828,1037497,8061.15625,8105.4453125
65536,24,powers-two,aligned-unrolled,6,128,917170,922816,7165.390625,7209.5
65536,24,powers-two,openblas,6,128,1035546,1041234,8090.203125,8134.640625
65536,24,powers-two,onemkl,6,128,930036,935638,7265.90625,7309.671875
65536,24,powers-two,baseline,7,128,1036778,1042607,8099.828125,8145.3671875
65536,24,powers-two,aligned,7,128,921016,926772,7195.4375,7240.40625
65536,24,powers-two,unrolled,7,128,1033314,1039112,8072.765625,8118.0625
65536,24,powers-two,aligned-unrolled,7,128,926092,931920,7235.09375,7280.625
65536,24,powers-two,openblas,7,128,1041780,1047574,8138.90625,8184.171875
65536,24,powers-two,onemkl,7,128,948257,953978,7408.2578125,7452.953125
65536,24,reset,baseline,1,128,2341726,2348409,18294.734375,18346.9453125
65536,24,reset,aligned,1,128,2166580,2173510,16926.40625,16980.546875
65536,24,reset,unrolled,1,128,2330145,2336736,18204.2578125,18255.75
65536,24,reset,aligned-unrolled,1,128,2161421,2168091,16886.1015625,16938.2109375
65536,24,reset,openblas,1,128,2365135,2371942,18477.6171875,18530.796875
65536,24,reset,onemkl,1,128,2244684,2251315,17536.59375,17588.3984375
65536,24,reset,baseline,2,128,2310661,2317575,18052.0390625,18106.0546875
65536,24,reset,aligned,2,128,2144296,2151147,16752.3125,16805.8359375
65536,24,reset,unrolled,2,128,2314412,2321295,18081.34375,18135.1171875
65536,24,reset,aligned-unrolled,2,128,2126268,2133215,16611.46875,16665.7421875
65536,24,reset,openblas,2,128,2318233,2330189,18111.1953125,18204.6015625
65536,24,reset,onemkl,2,128,2270433,2277071,17737.7578125,17789.6171875
65536,24,reset,baseline,3,128,2336146,2342813,18251.140625,18303.2265625
65536,24,reset,aligned,3,128,2151222,2157962,16806.421875,16859.078125
65536,24,reset,unrolled,3,128,2330885,2337556,18210.0390625,18262.15625
65536,24,reset,aligned-unrolled,3,128,2304424,2311222,18003.3125,18056.421875
65536,24,reset,openblas,3,128,2318732,2325473,18115.09375,18167.7578125
65536,24,reset,onemkl,3,128,2149147,2155946,16790.2109375,16843.328125
65536,24,reset,baseline,4,128,2308845,2315602,18037.8515625,18090.640625
65536,24,reset,aligned,4,128,2146644,2153336,16770.65625,16822.9375
65536,24,reset,unrolled,4,128,2303848,2310579,17998.8125,18051.3984375
65536,24,reset,aligned-unrolled,4,128,2175727,2182584,16997.8671875,17051.4375
65536,24,reset,openblas,4,128,2309666,2316491,18044.265625,18097.5859375
65536,24,reset,onemkl,4,128,2143512,2150231,16746.1875,16798.6796875
65536,24,reset,baseline,5,128,2372150,2378855,18532.421875,18584.8046875
65536,24,reset,aligned,5,128,2183463,2190210,17058.3046875,17111.015625
65536,24,reset,unrolled,5,128,2303794,2310394,17998.390625,18049.953125
65536,24,reset,aligned-unrolled,5,128,2142750,2149464,16740.234375,16792.6875
65536,24,reset,openblas,5,128,2317663,2324303,18106.7421875,18158.6171875
65536,24,reset,onemkl,5,128,2174204,2180899,16985.96875,17038.2734375
65536,24,reset,baseline,6,128,2483421,2492473,19401.7265625,19472.4453125
65536,24,reset,aligned,6,128,2161494,2168328,16886.671875,16940.0625
65536,24,reset,unrolled,6,128,2322313,2329036,18143.0703125,18195.59375
65536,24,reset,aligned-unrolled,6,128,2170491,2177520,16956.9609375,17011.875
65536,24,reset,openblas,6,128,2324327,2331222,18158.8046875,18212.671875
65536,24,reset,onemkl,6,128,2206296,2215576,17236.6875,17309.1875
65536,24,reset,baseline,7,128,2327702,2334594,18185.171875,18239.015625
65536,24,reset,aligned,7,128,2170904,2177966,16960.1875,17015.359375
65536,24,reset,unrolled,7,128,2339332,2346139,18276.03125,18329.2109375
65536,24,reset,aligned-unrolled,7,128,2169615,2187484,16950.1171875,17089.71875
65536,24,reset,openblas,7,128,2388772,2395722,18662.28125,18716.578125
65536,24,reset,onemkl,7,128,2220460,2228078,17347.34375,17406.859375
