n,offset_bytes,mode,implementation,sample,operations,cpu_ns,wall_ns,cpu_ns_per_op,wall_ns_per_op
64,0,negate,baseline,1,131072,867641,873663,6.6195755004882812,6.6655197143554688
64,0,negate,aligned,1,131072,897355,903323,6.8462753295898438,6.8918075561523438
64,0,negate,unrolled,1,131072,668918,674621,5.1034393310546875,5.1469497680664062
64,0,negate,aligned-unrolled,1,131072,715891,721456,5.4618148803710938,5.5042724609375
64,0,negate,openblas,1,131072,1046669,1052588,7.9854507446289062,8.030609130859375
64,0,negate,onemkl,1,131072,1699985,1727740,12.969856262207031,13.181610107421875
64,0,negate,baseline,2,131072,870761,876522,6.6433792114257812,6.6873321533203125
64,0,negate,aligned,2,131072,868173,874651,6.6236343383789062,6.6730575561523438
64,0,negate,unrolled,2,131072,676218,682202,5.1591339111328125,5.2047882080078125
64,0,negate,aligned-unrolled,2,131072,706074,711884,5.3869171142578125,5.431243896484375
64,0,negate,openblas,2,131072,1053320,1059074,8.03619384765625,8.0800933837890625
64,0,negate,onemkl,2,131072,1698472,1704461,12.95831298828125,13.004005432128906
64,0,negate,baseline,3,131072,887951,893793,6.7745285034179688,6.8190994262695312
64,0,negate,aligned,3,131072,881566,887480,6.7258148193359375,6.77093505859375
64,0,negate,unrolled,3,131072,672402,678140,5.1300201416015625,5.173797607421875
64,0,negate,aligned-unrolled,3,131072,711153,716914,5.4256668090820312,5.4696197509765625
64,0,negate,openblas,3,131072,1058843,1064624,8.0783309936523438,8.1224365234375
64,0,negate,onemkl,3,131072,1709327,1728207,13.041130065917969,13.185173034667969
64,0,negate,baseline,4,131072,883679,889407,6.7419357299804688,6.7856369018554688
64,0,negate,aligned,4,131072,865945,871719,6.6066360473632812,6.6506881713867188
64,0,negate,unrolled,4,131072,666327,671940,5.0836715698242188,5.126495361328125
64,0,negate,aligned-unrolled,4,131072,726387,731995,5.5418930053710938,5.5846786499023438
64,0,negate,openblas,4,131072,1071223,1076852,8.1727828979492188,8.215728759765625
64,0,negate,onemkl,4,131072,1698981,1704807,12.962196350097656,13.006645202636719
64,0,negate,baseline,5,131072,878985,895669,6.7061233520507812,6.8334121704101562
64,0,negate,aligned,5,131072,867153,872960,6.6158523559570312,6.66015625
64,0,negate,unrolled,5,131072,666306,671991,5.0835113525390625,5.1268844604492188
64,0,negate,aligned-unrolled,5,131072,660628,666178,5.040191650390625,5.0825347900390625
64,0,negate,openblas,5,131072,1060264,1065949,8.08917236328125,8.1325454711914062
64,0,negate,onemkl,5,131072,1692813,1698550,12.915138244628906,12.958908081054688
64,0,negate,baseline,6,131072,894490,900449,6.8244171142578125,6.8698806762695312
64,0,negate,aligned,6,131072,900202,906002,6.8679962158203125,6.9122467041015625
64,0,negate,unrolled,6,131072,680155,686156,5.1891708374023438,5.234954833984375
64,0,negate,aligned-unrolled,6,131072,655874,661878,5.0039215087890625,5.0497283935546875
64,0,negate,openblas,6,131072,1072744,1078771,8.18438720703125,8.2303695678710938
64,0,negate,onemkl,6,131072,1736129,1742752,13.245613098144531,13.296142578125
64,0,negate,baseline,7,131072,891587,897378,6.8022689819335938,6.8464508056640625
64,0,negate,aligned,7,131072,910161,916042,6.9439773559570312,6.9888458251953125
64,0,negate,unrolled,7,131072,685120,690912,5.22705078125,5.271240234375
64,0,negate,aligned-unrolled,7,131072,652999,658657,4.9819869995117188,5.0251541137695312
64,0,negate,openblas,7,131072,1073368,1079034,8.18914794921875,8.2323760986328125
64,0,negate,onemkl,7,131072,1739727,1760953,13.273063659667969,13.435005187988281
64,0,powers-two,baseline,1,131072,839299,856997,6.4033432006835938,6.5383682250976562
64,0,powers-two,aligned,1,131072,839042,844887,6.4013824462890625,6.4459762573242188
64,0,powers-two,unrolled,1,131072,609181,615052,4.6476821899414062,4.692474365234375
64,0,powers-two,aligned-unrolled,1,131072,691889,697485,5.2786941528320312,5.3213882446289062
64,0,powers-two,openblas,1,131072,1045798,1051507,7.9788055419921875,8.0223617553710938
64,0,powers-two,onemkl,1,131072,1652873,1658760,12.610420227050781,12.65533447265625
64,0,powers-two,baseline,2,131072,847950,853654,6.4693450927734375,6.5128631591796875
64,0,powers-two,aligned,2,131072,842379,848331,6.4268417358398438,6.4722518920898438
64,0,powers-two,unrolled,2,131072,615125,621261,4.6930313110351562,4.7398452758789062
64,0,powers-two,aligned-unrolled,2,131072,691847,697527,5.2783737182617188,5.3217086791992188
64,0,powers-two,openblas,2,131072,1053641,1059385,8.0386428833007812,8.0824661254882812
64,0,powers-two,onemkl,2,131072,1674650,1681178,12.776565551757812,12.826370239257812
64,0,powers-two,baseline,3,131072,858137,864110,6.5470657348632812,6.5926361083984375
64,0,powers-two,aligned,3,131072,842216,848377,6.42559814453125,6.4726028442382812
64,0,powers-two,unrolled,3,131072,604228,610085,4.609893798828125,4.6545791625976562
64,0,powers-two,aligned-unrolled,3,131072,696073,701892,5.3106155395507812,5.355010986328125
64,0,powers-two,openblas,3,131072,1043091,1048859,7.9581527709960938,8.0021591186523438
64,0,powers-two,onemkl,3,131072,1658545,1677090,12.653694152832031,12.795181274414062
64,0,powers-two,baseline,4,131072,846113,851833,6.4553298950195312,6.4989700317382812
64,0,powers-two,aligned,4,131072,856481,862437,6.5344314575195312,6.5798721313476562
64,0,powers-two,unrolled,4,131072,613133,619070,4.6778335571289062,4.7231292724609375
64,0,powers-two,aligned-unrolled,4,131072,696597,702406,5.3146133422851562,5.3589324951171875
64,0,powers-two,openblas,4,131072,1048806,1054601,8.0017547607421875,8.0459671020507812
64,0,powers-two,onemkl,4,131072,1657711,1663659,12.647331237792969,12.692710876464844
64,0,powers-two,baseline,5,131072,854133,871993,6.5165176391601562,6.6527786254882812
64,0,powers-two,aligned,5,131072,859896,866040,6.56048583984375,6.60736083984375
64,0,powers-two,unrolled,5,131072,616500,622536,4.703521728515625,4.74957275390625
64,0,powers-two,aligned-unrolled,5,131072,708979,715100,5.4090805053710938,5.455780029296875
64,0,powers-two,openblas,5,131072,1057114,1063262,8.0651397705078125,8.1120452880859375
64,0,powers-two,onemkl,5,131072,1712485,1719359,13.065223693847656,13.117668151855469
64,0,powers-two,baseline,6,131072,875867,882018,6.6823348999023438,6.7292633056640625
64,0,powers-two,aligned,6,131072,861003,867053,6.5689315795898438,6.6150894165039062
64,0,powers-two,unrolled,6,131072,617972,623937,4.714752197265625,4.7602615356445312
64,0,powers-two,aligned-unrolled,6,131072,706574,712502,5.3907318115234375,5.4359588623046875
64,0,powers-two,openblas,6,131072,1068726,1074662,8.1537322998046875,8.1990203857421875
64,0,powers-two,onemkl,6,131072,1727996,1734162,13.183563232421875,13.230606079101562
64,0,powers-two,baseline,7,131072,869281,875271,6.6320877075195312,6.6777877807617188
64,0,powers-two,aligned,7,131072,870217,876502,6.6392288208007812,6.6871795654296875
64,0,powers-two,unrolled,7,131072,629518,635642,4.8028411865234375,4.8495635986328125
64,0,powers-two,aligned-unrolled,7,131072,694296,700246,5.29705810546875,5.3424530029296875
64,0,powers-two,openblas,7,131072,1047834,1053887,7.9943389892578125,8.0405197143554688
64,0,powers-two,onemkl,7,131072,1700081,1719462,12.970588684082031,13.118453979492188
64,0,reset,baseline,1,131072,1504308,1511013,11.476959228515625,11.528114318847656
64,0,reset,aligned,1,131072,1535598,1554806,11.715682983398438,11.862228393554688
64,0,reset,unrolled,1,131072,1177791,1184530,8.9858322143554688,9.0372467041015625
64,0,reset,aligned-unrolled,1,131072,1361831,1368411,10.389945983886719,10.440147399902344
64,0,reset,openblas,1,131072,1768233,1774662,13.490547180175781,13.539596557617188
64,0,reset,onemkl,1,131072,2456551,2463021,18.741996765136719,18.791358947753906
64,0,reset,baseline,2,131072,1482533,1488597,11.310829162597656,11.357093811035156
64,0,reset,aligned,2,131072,1504090,1510082,11.475296020507812,11.521011352539062
64,0,reset,unrolled,2,131072,1130619,1136651,8.6259384155273438,8.6719589233398438
64,0,reset,aligned-unrolled,2,131072,1320276,1337942,10.072906494140625,10.207687377929688
64,0,reset,openblas,2,131072,1734863,1740972,13.235954284667969,13.282562255859375
64,0,reset,onemkl,2,131072,2384032,2390211,18.188720703125,18.235862731933594
64,0,reset,baseline,3,131072,1477923,1484161,11.275657653808594,11.323249816894531
64,0,reset,aligned,3,131072,1525630,1531815,11.639633178710938,11.686820983886719
64,0,reset,unrolled,3,131072,1115568,1121723,8.5111083984375,8.5580673217773438
64,0,reset,aligned-unrolled,3,131072,1295678,1302150,9.8852386474609375,9.9346160888671875
64,0,reset,openblas,3,131072,1721691,1728162,13.135459899902344,13.184829711914062
64,0,reset,onemkl,3,131072,2348400,2355019,17.9168701171875,17.967369079589844
64,0,reset,baseline,4,131072,1441130,1447069,10.994949340820312,11.040260314941406
64,0,reset,aligned,4,131072,1481875,1487914,11.305809020996094,11.351882934570312
64,0,reset,unrolled,4,131072,1098116,1104715,8.377960205078125,8.4283065795898438
64,0,reset,aligned-unrolled,4,131072,1272406,1278696,9.7076873779296875,9.75567626953125
64,0,reset,openblas,4,131072,1721896,1728329,13.13702392578125,13.186103820800781
64,0,reset,onemkl,4,131072,2320342,2341618,17.702804565429688,17.865127563476562
64,0,reset,baseline,5,131072,1444914,1464923,11.023818969726562,11.176475524902344
64,0,reset,aligned,5,131072,1479817,1485733,11.290107727050781,11.335243225097656
64,0,reset,unrolled,5,131072,1121550,1127583,8.5567474365234375,8.6027755737304688
64,0,reset,aligned-unrolled,5,131072,1285560,1291757,9.80804443359375,9.8553237915039062
64,0,reset,openblas,5,131072,1714803,1720611,13.082908630371094,13.127220153808594
64,0,reset,onemkl,5,131072,2323597,2329847,17.727638244628906,17.775321960449219
64,0,reset,baseline,6,131072,1450569,1469526,11.066963195800781,11.211593627929688
64,0,reset,aligned,6,131072,1462216,1468421,11.15582275390625,11.203163146972656
64,0,reset,unrolled,6,131072,1104027,1109948,8.4230575561523438,8.468231201171875
64,0,reset,aligned-unrolled,6,131072,1287097,1293084,9.8197708129882812,9.865447998046875
64,0,reset,openblas,6,131072,1721322,1727548,13.132644653320312,13.180145263671875
64,0,reset,onemkl,6,131072,2331004,2337088,17.784149169921875,17.83056640625
64,0,reset,baseline,7,131072,1428562,1434359,10.899063110351562,10.943290710449219
64,0,reset,aligned,7,131072,1605578,1611505,12.249588012695312,12.294807434082031
64,0,reset,unrolled,7,131072,1090948,1096805,8.323272705078125,8.3679580688476562
64,0,reset,aligned-unrolled,7,131072,1258413,1264388,9.6009292602539062,9.646514892578125
64,0,reset,openblas,7,131072,1702095,1710984,12.985954284667969,13.05377197265625
64,0,reset,onemkl,7,131072,2299655,2313561,17.544975280761719,17.651069641113281
64,8,negate,baseline,1,131072,899289,905190,6.8610305786132812,6.9060516357421875
64,8,negate,aligned,1,131072,1136367,1142243,8.6697921752929688,8.7146224975585938
64,8,negate,unrolled,1,131072,896428,902376,6.839202880859375,6.88458251953125
64,8,negate,aligned-unrolled,1,131072,1074141,1079873,8.1950454711914062,8.2387771606445312
64,8,negate,openblas,1,131072,1080263,1086053,8.2417526245117188,8.2859268188476562
64,8,negate,onemkl,1,131072,1893164,1908807,14.443695068359375,14.563041687011719
64,8,negate,baseline,2,131072,893624,899309,6.81781005859375,6.8611831665039062
64,8,negate,aligned,2,131072,1144683,1150460,8.7332382202148438,8.777313232421875
64,8,negate,unrolled,2,131072,895654,901621,6.8332977294921875,6.8788223266601562
64,8,negate,aligned-unrolled,2,131072,1093041,1098703,8.3392410278320312,8.3824386596679688
64,8,negate,openblas,2,131072,1097565,1114416,8.3737564086914062,8.5023193359375
64,8,negate,onemkl,2,131072,1897157,1912985,14.474159240722656,14.594917297363281
64,8,negate,baseline,3,131072,898140,903948,6.852264404296875,6.896575927734375
64,8,negate,aligned,3,131072,1167891,1173601,8.9103012084960938,8.9538650512695312
64,8,negate,unrolled,3,131072,893619,899561,6.8177719116210938,6.8631057739257812
64,8,negate,aligned-unrolled,3,131072,1085448,1091195,8.28131103515625,8.3251571655273438
64,8,negate,openblas,3,131072,1082765,1088544,8.2608413696289062,8.304931640625
64,8,negate,onemkl,3,131072,1892930,1898818,14.441909790039062,14.486831665039062
64,8,negate,baseline,4,131072,901888,907696,6.880859375,6.9251708984375
64,8,negate,aligned,4,131072,1176784,1197174,8.9781494140625,9.1337127685546875
64,8,negate,unrolled,4,131072,894158,899949,6.8218841552734375,6.8660659790039062
64,8,negate,aligned-unrolled,4,131072,1062704,1068669,8.1077880859375,8.1532974243164062
64,8,negate,openblas,4,131072,1077026,1082893,8.2170562744140625,8.2618179321289062
64,8,negate,onemkl,4,131072,1894572,1900432,14.454437255859375,14.4991455078125
64,8,negate,baseline,5,131072,897658,903362,6.8485870361328125,6.8921051025390625
64,8,negate,aligned,5,131072,1194132,1210298,9.110504150390625,9.2338409423828125
64,8,negate,unrolled,5,131072,899706,905239,6.8642120361328125,6.9064254760742188
64,8,negate,aligned-unrolled,5,131072,1079724,1085493,8.237640380859375,8.2816543579101562
64,8,negate,openblas,5,131072,1087515,1093248,8.2970809936523438,8.3408203125
64,8,negate,onemkl,5,131072,1896928,1902722,14.472412109375,14.516616821289062
64,8,negate,baseline,6,131072,915295,921493,6.9831466674804688,7.0304336547851562
64,8,negate,aligned,6,131072,1199531,1205520,9.1516952514648438,9.1973876953125
64,8,negate,unrolled,6,131072,911956,917999,6.957672119140625,7.0037765502929688
64,8,negate,aligned-unrolled,6,131072,1086994,1092861,8.2931060791015625,8.3378677368164062
64,8,negate,openblas,6,131072,1096447,1102480,8.3652267456054688,8.4112548828125
64,8,negate,onemkl,6,131072,1914930,1921299,14.609756469726562,14.658348083496094
64,8,negate,baseline,7,131072,1058610,1064377,8.0765533447265625,8.1205520629882812
64,8,negate,aligned,7,131072,1190674,1196419,9.0841217041015625,9.1279525756835938
64,8,negate,unrolled,7,131072,895576,901059,6.83270263671875,6.8745346069335938
64,8,negate,aligned-unrolled,7,131072,1081008,1086777,8.2474365234375,8.2914505004882812
64,8,negate,openblas,7,131072,1082587,1101240,8.2594833374023438,8.40179443359375
64,8,negate,onemkl,7,131072,1895211,1900919,14.459312438964844,14.502861022949219
64,8,powers-two,baseline,1,131072,913246,927576,6.9675140380859375,7.07684326171875
64,8,powers-two,aligned,1,131072,1124417,1130294,8.5786209106445312,8.6234588623046875
64,8,powers-two,unrolled,1,131072,913024,919072,6.9658203125,7.011962890625
64,8,powers-two,aligned-unrolled,1,131072,1063041,1069790,8.1103591918945312,8.1618499755859375
64,8,powers-two,openblas,1,131072,1100800,1106409,8.3984375,8.4412307739257812
64,8,powers-two,onemkl,1,131072,1968170,1974684,15.015945434570312,15.065643310546875
64,8,powers-two,baseline,2,131072,899800,905598,6.86492919921875,6.9091644287109375
64,8,powers-two,aligned,2,131072,1118770,1137679,8.5355377197265625,8.6798019409179688
64,8,powers-two,unrolled,2,131072,904482,910141,6.9006500244140625,6.9438247680664062
64,8,powers-two,aligned-unrolled,2,131072,1060796,1066579,8.093231201171875,8.1373519897460938
64,8,powers-two,openblas,2,131072,1097389,1102932,8.3724136352539062,8.414703369140625
64,8,powers-two,onemkl,2,131072,1950602,1967488,14.881912231445312,15.0107421875
64,8,powers-two,baseline,3,131072,892844,898522,6.811859130859375,6.8551788330078125
64,8,powers-two,aligned,3,131072,1120850,1126418,8.5514068603515625,8.5938873291015625
64,8,powers-two,unrolled,3,131072,897219,902827,6.8452377319335938,6.8880233764648438
64,8,powers-two,aligned-unrolled,3,131072,1053147,1058838,8.0348739624023438,8.0782928466796875
64,8,powers-two,openblas,3,131072,1081097,1086682,8.2481155395507812,8.2907257080078125
64,8,powers-two,onemkl,3,131072,1927115,1932828,14.702720642089844,14.746307373046875
64,8,powers-two,baseline,4,131072,903764,909610,6.895172119140625,6.9397735595703125
64,8,powers-two,aligned,4,131072,1134074,1139929,8.6522979736328125,8.6969680786132812
64,8,powers-two,unrolled,4,131072,908286,917575,6.9296722412109375,7.0005416870117188
64,8,powers-two,aligned-unrolled,4,131072,1066385,1072265,8.1358718872070312,8.1807327270507812
64,8,powers-two,openblas,4,131072,1091180,1101096,8.325042724609375,8.40069580078125
64,8,powers-two,onemkl,4,131072,1950015,1969138,14.877433776855469,15.023330688476562
64,8,powers-two,baseline,5,131072,917740,923578,7.001800537109375,7.0463409423828125
64,8,powers-two,aligned,5,131072,1148590,1154484,8.7630462646484375,8.808013916015625
64,8,powers-two,unrolled,5,131072,907417,913219,6.9230422973632812,6.9673080444335938
64,8,powers-two,aligned-unrolled,5,131072,1066871,1072558,8.1395797729492188,8.1829681396484375
64,8,powers-two,openblas,5,131072,1102454,1108035,8.4110565185546875,8.4536361694335938
64,8,powers-two,onemkl,5,131072,1971697,1994316,15.042854309082031,15.215423583984375
64,8,powers-two,baseline,6,131072,935734,941592,7.1390838623046875,7.18377685546875
64,8,powers-two,aligned,6,131072,1147079,1153075,8.7515182495117188,8.7972640991210938
64,8,powers-two,unrolled,6,131072,919410,925282,7.0145416259765625,7.0593414306640625
64,8,powers-two,aligned-unrolled,6,131072,1079516,1085452,8.236053466796875,8.281341552734375
64,8,powers-two,openblas,6,131072,1109752,1115776,8.46673583984375,8.5126953125
64,8,powers-two,onemkl,6,131072,1985178,1991487,15.145706176757812,15.193840026855469
64,8,powers-two,baseline,7,131072,922316,928140,7.036712646484375,7.081146240234375
64,8,powers-two,aligned,7,131072,1130463,1136307,8.6247482299804688,8.6693344116210938
64,8,powers-two,unrolled,7,131072,922335,928124,7.0368576049804688,7.081024169921875
64,8,powers-two,aligned-unrolled,7,131072,1082189,1087911,8.2564468383789062,8.3001022338867188
64,8,powers-two,openblas,7,131072,1113194,1133356,8.4929962158203125,8.646820068359375
64,8,powers-two,onemkl,7,131072,1977370,1983354,15.086135864257812,15.131790161132812
64,8,reset,baseline,1,131072,1837803,1844131,14.021324157714844,14.069602966308594
64,8,reset,aligned,1,131072,1977066,1983384,15.083816528320312,15.13201904296875
64,8,reset,unrolled,1,131072,1962451,1968454,14.972312927246094,15.018112182617188
64,8,reset,aligned-unrolled,1,131072,1994988,2001121,15.220550537109375,15.267341613769531
64,8,reset,openblas,1,131072,1940046,1946164,14.801376342773438,14.848052978515625
64,8,reset,onemkl,1,131072,2634080,2654817,20.096435546875,20.254646301269531
64,8,reset,baseline,2,131072,1754380,1760617,13.384857177734375,13.432441711425781
64,8,reset,aligned,2,131072,1906084,1911875,14.542266845703125,14.586448669433594
64,8,reset,unrolled,2,131072,1905810,1911568,14.540176391601562,14.5841064453125
64,8,reset,aligned-unrolled,2,131072,1932921,1938643,14.747016906738281,14.790672302246094
64,8,reset,openblas,2,131072,1872621,1890337,14.286964416503906,14.422126770019531
64,8,reset,onemkl,2,131072,2542732,2548511,19.399505615234375,19.443595886230469
64,8,reset,baseline,3,131072,1779026,1784684,13.572891235351562,13.616058349609375
64,8,reset,aligned,3,131072,1920239,1926114,14.650260925292969,14.695083618164062
64,8,reset,unrolled,3,131072,1909891,1915627,14.571311950683594,14.615074157714844
64,8,reset,aligned-unrolled,3,131072,1959743,1980484,14.951652526855469,15.109893798828125
64,8,reset,openblas,3,131072,1900931,1906772,14.502952575683594,14.547515869140625
64,8,reset,onemkl,3,131072,2581966,2588234,19.698837280273438,19.746658325195312
64,8,reset,baseline,4,131072,1842095,1848348,14.054069519042969,14.101776123046875
64,8,reset,aligned,4,131072,1984685,1991302,15.141944885253906,15.192428588867188
64,8,reset,unrolled,4,131072,1976571,1982540,15.080039978027344,15.125579833984375
64,8,reset,aligned-unrolled,4,131072,2005689,2014668,15.302192687988281,15.370697021484375
64,8,reset,openblas,4,131072,1958756,1964671,14.944122314453125,14.989250183105469
64,8,reset,onemkl,4,131072,2646086,2666995,20.188034057617188,20.347557067871094
64,8,reset,baseline,5,131072,1828114,1834234,13.947402954101562,13.994094848632812
64,8,reset,aligned,5,131072,1969693,1975820,15.027565002441406,15.074310302734375
64,8,reset,unrolled,5,131072,1969144,1993188,15.02337646484375,15.206817626953125
64,8,reset,aligned-unrolled,5,131072,2024974,2045090,15.449325561523438,15.602798461914062
64,8,reset,openblas,5,131072,1966670,1973322,15.004501342773438,15.055252075195312
64,8,reset,onemkl,5,131072,2668041,2674719,20.355537414550781,20.406486511230469
64,8,reset,baseline,6,131072,1811779,1817603,13.822776794433594,13.867210388183594
64,8,reset,aligned,6,131072,1955960,1961780,14.92279052734375,14.967193603515625
64,8,reset,unrolled,6,131072,1947578,1953271,14.858840942382812,14.902275085449219
64,8,reset,aligned-unrolled,6,131072,1997151,2015578,15.237052917480469,15.377639770507812
64,8,reset,openblas,6,131072,1944182,1953471,14.832931518554688,14.903800964355469
64,8,reset,onemkl,6,131072,2622821,2629506,20.010536193847656,20.061538696289062
64,8,reset,baseline,7,131072,1958736,1964940,14.9439697265625,14.991302490234375
64,8,reset,aligned,7,131072,1943465,1949781,14.827461242675781,14.875648498535156
64,8,reset,unrolled,7,131072,1941539,1947598,14.812767028808594,14.858993530273438
64,8,reset,aligned-unrolled,7,131072,1985383,1991448,15.147270202636719,15.19354248046875
64,8,reset,openblas,7,131072,1941162,1947258,14.809890747070312,14.856399536132812
64,8,reset,onemkl,7,131072,2618359,2638413,19.976493835449219,20.129493713378906
64,16,negate,baseline,1,131072,945741,951797,7.2154312133789062,7.2616348266601562
64,16,negate,aligned,1,131072,1209702,1230021,9.2292938232421875,9.3843154907226562
64,16,negate,unrolled,1,131072,944875,951202,7.2088241577148438,7.2570953369140625
64,16,negate,aligned-unrolled,1,131072,1140696,1146840,8.70281982421875,8.74969482421875
64,16,negate,openblas,1,131072,1155212,1161290,8.813568115234375,8.8599395751953125
64,16,negate,onemkl,1,131072,1996793,2002910,15.234321594238281,15.280990600585938
64,16,negate,baseline,2,131072,962030,982286,7.3397064208984375,7.4942474365234375
64,16,negate,aligned,2,131072,1214859,1220954,9.2686386108398438,9.3151397705078125
64,16,negate,unrolled,2,131072,966375,972757,7.3728561401367188,7.4215469360351562
64,16,negate,aligned-unrolled,2,131072,1149275,1155782,8.7682723999023438,8.8179168701171875
64,16,negate,openblas,2,131072,1174015,1180242,8.9570236206054688,9.0045318603515625
64,16,negate,onemkl,2,131072,2032273,2038499,15.505012512207031,15.552513122558594
64,16,negate,baseline,3,131072,994015,1000389,7.5837326049804688,7.6323623657226562
64,16,negate,aligned,3,131072,1230652,1236855,9.389129638671875,9.4364547729492188
64,16,negate,unrolled,3,131072,979709,986174,7.4745864868164062,7.5239105224609375
64,16,negate,aligned-unrolled,3,131072,1179465,1185776,8.9986038208007812,9.0467529296875
64,16,negate,openblas,3,131072,1195276,1201821,9.119232177734375,9.1691665649414062
64,16,negate,onemkl,3,131072,2076942,2083647,15.845809936523438,15.896965026855469
64,16,negate,baseline,4,131072,997440,1004170,7.60986328125,7.6612091064453125
64,16,negate,aligned,4,131072,1249720,1256043,9.53460693359375,9.5828475952148438
64,16,negate,unrolled,4,131072,1003295,1010166,7.6545333862304688,7.7069549560546875
64,16,negate,aligned-unrolled,4,131072,1187162,1210277,9.0573272705078125,9.2336807250976562
64,16,negate,openblas,4,131072,1204937,1211451,9.1929397583007812,9.2426376342773438
64,16,negate,onemkl,4,131072,2113860,2120402,16.127471923828125,16.177383422851562
64,16,negate,baseline,5,131072,994813,1001207,7.5898208618164062,7.6386032104492188
64,16,negate,aligned,5,131072,1240379,1246501,9.4633407592773438,9.5100479125976562
64,16,negate,unrolled,5,131072,990010,996648,7.5531768798828125,7.60382080078125
64,16,negate,aligned-unrolled,5,131072,1181797,1188196,9.0163955688476562,9.065216064453125
64,16,negate,openblas,5,131072,1201086,1207305,9.1635589599609375,9.2110061645507812
64,16,negate,onemkl,5,131072,2098707,2122809,16.011863708496094,16.195747375488281
64,16,negate,baseline,6,131072,987767,994324,7.5360641479492188,7.586090087890625
64,16,negate,aligned,6,131072,1213378,1219528,9.2573394775390625,9.30426025390625
64,16,negate,unrolled,6,131072,982350,989059,7.4947357177734375,7.5459213256835938
64,16,negate,aligned-unrolled,6,131072,1184021,1190607,9.0333633422851562,9.0836105346679688
64,16,negate,openblas,6,131072,1197921,1220771,9.1394119262695312,9.3137435913085938
64,16,negate,onemkl,6,131072,2083787,2090247,15.898033142089844,15.947319030761719
64,16,negate,baseline,7,131072,975408,981525,7.4417724609375,7.4884414672851562
64,16,negate,aligned,7,131072,1215232,1221215,9.271484375,9.3171310424804688
64,16,negate,unrolled,7,131072,976444,982966,7.449676513671875,7.4994354248046875
64,16,negate,aligned-unrolled,7,131072,1167958,1174075,8.9108123779296875,8.9574813842773438
64,16,negate,openblas,7,131072,1177423,1183439,8.9830245971679688,9.0289230346679688
64,16,negate,onemkl,7,131072,2066872,2073396,15.76898193359375,15.818756103515625
64,16,powers-two,baseline,1,131072,937994,944097,7.1563262939453125,7.2028884887695312
64,16,powers-two,aligned,1,131072,1119494,1125435,8.5410614013671875,8.5863876342773438
64,16,powers-two,unrolled,1,131072,936300,942261,7.143402099609375,7.1888809204101562
64,16,powers-two,aligned-unrolled,1,131072,1086131,1092083,8.2865219116210938,8.3319320678710938
64,16,powers-two,openblas,1,131072,1135098,1141458,8.6601104736328125,8.7086334228515625
64,16,powers-two,onemkl,1,131072,2021709,2030192,15.424415588378906,15.4891357421875
64,16,powers-two,baseline,2,131072,929048,934905,7.08807373046875,7.1327590942382812
64,16,powers-two,aligned,2,131072,1113261,1119344,8.4935073852539062,8.5399169921875
64,16,powers-two,unrolled,2,131072,930388,936314,7.098297119140625,7.1435089111328125
64,16,powers-two,aligned-unrolled,2,131072,1073957,1080034,8.1936416625976562,8.2400054931640625
64,16,powers-two,openblas,2,131072,1125973,1151092,8.5904922485351562,8.782135009765625
64,16,powers-two,onemkl,2,131072,2005572,2011554,15.301300048828125,15.346939086914062
64,16,powers-two,baseline,3,131072,940157,962845,7.1728286743164062,7.3459243774414062
64,16,powers-two,aligned,3,131072,1132418,1138447,8.6396636962890625,8.6856613159179688
64,16,powers-two,unrolled,3,131072,955500,961324,7.289886474609375,7.334320068359375
64,16,powers-two,aligned-unrolled,3,131072,1090024,1096018,8.31622314453125,8.3619537353515625
64,16,powers-two,openblas,3,131072,1151219,1157191,8.7831039428710938,8.8286666870117188
64,16,powers-two,onemkl,3,131072,2043465,2049733,15.590400695800781,15.638221740722656
64,16,powers-two,baseline,4,131072,952059,958355,7.2636337280273438,7.3116683959960938
64,16,powers-two,aligned,4,131072,1131810,1137919,8.6350250244140625,8.6816329956054688
64,16,powers-two,unrolled,4,131072,945762,951692,7.2155914306640625,7.260833740234375
64,16,powers-two,aligned-unrolled,4,131072,1107326,1113448,8.4482269287109375,8.49493408203125
64,16,powers-two,openblas,4,131072,1142260,1148681,8.714752197265625,8.7637405395507812
64,16,powers-two,onemkl,4,131072,2056368,2062643,15.6888427734375,15.736717224121094
64,16,powers-two,baseline,5,131072,940188,945990,7.173065185546875,7.2173309326171875
64,16,powers-two,aligned,5,131072,1080981,1087492,8.2472305297851562,8.296905517578125
64,16,powers-two,unrolled,5,131072,938519,944455,7.1603317260742188,7.2056198120117188
64,16,powers-two,aligned-unrolled,5,131072,1122370,1128488,8.5630035400390625,8.60968017578125
64,16,powers-two,openblas,5,131072,1136150,1157056,8.6681365966796875,8.82763671875
64,16,powers-two,onemkl,5,131072,2024309,2031144,15.444252014160156,15.49639892578125
64,16,powers-two,baseline,6,131072,948951,955175,7.2399215698242188,7.2874069213867188
64,16,powers-two,aligned,6,131072,1112718,1118851,8.4893646240234375,8.5361557006835938
64,16,powers-two,unrolled,6,131072,942255,948003,7.1888351440429688,7.2326889038085938
64,16,powers-two,aligned-unrolled,6,131072,1129912,1135757,8.62054443359375,8.6651382446289062
64,16,powers-two,openblas,6,131072,1142870,1148751,8.7194061279296875,8.7642745971679688
64,16,powers-two,onemkl,6,131072,2051100,2075406,15.648651123046875,15.834091186523438
64,16,powers-two,baseline,7,131072,946039,952006,7.2177047729492188,7.2632293701171875
64,16,powers-two,aligned,7,131072,1087540,1093431,8.297271728515625,8.3422164916992188
64,16,powers-two,unrolled,7,131072,948013,953828,7.2327651977539062,7.277130126953125
64,16,powers-two,aligned-unrolled,7,131072,1243674,1249650,9.4884796142578125,9.5340728759765625
64,16,powers-two,openblas,7,131072,1134851,1140673,8.6582260131835938,8.7026443481445312
64,16,powers-two,onemkl,7,131072,2039312,2045374,15.5587158203125,15.604965209960938
64,16,reset,baseline,1,131072,1861201,1927370,14.199836730957031,14.704666137695312
64,16,reset,aligned,1,131072,2049501,2056566,15.636451721191406,15.690353393554688
64,16,reset,unrolled,1,131072,2032403,2040023,15.506004333496094,15.564140319824219
64,16,reset,aligned-unrolled,1,131072,2104210,2111178,16.053848266601562,16.107009887695312
64,16,reset,openblas,1,131072,1899040,1905835,14.488525390625,14.540367126464844
64,16,reset,onemkl,1,131072,2683643,2690575,20.474571228027344,20.527458190917969
64,16,reset,baseline,2,131072,1861129,1867583,14.199287414550781,14.248527526855469
64,16,reset,aligned,2,131072,2046583,2053579,15.614189147949219,15.667564392089844
64,16,reset,unrolled,2,131072,2013248,2020510,15.35986328125,15.415267944335938
64,16,reset,aligned-unrolled,2,131072,2083823,2090997,15.898307800292969,15.953041076660156
64,16,reset,openblas,2,131072,1879375,1886015,14.338493347167969,14.389152526855469
64,16,reset,onemkl,2,131072,2695361,2740730,20.563972473144531,20.910110473632812
64,16,reset,baseline,3,131072,1888788,1917872,14.410308837890625,14.6322021484375
64,16,reset,aligned,3,131072,2069303,2076077,15.787528991699219,15.839210510253906
64,16,reset,unrolled,3,131072,2035901,2042211,15.532691955566406,15.580833435058594
64,16,reset,aligned-unrolled,3,131072,2106957,2113508,16.074806213378906,16.124786376953125
64,16,reset,openblas,3,131072,1901527,1907549,14.507499694824219,14.553443908691406
64,16,reset,onemkl,3,131072,2732455,2739646,20.846977233886719,20.901840209960938
64,16,reset,baseline,4,131072,1980063,1987200,15.106681823730469,15.1611328125
64,16,reset,aligned,4,131072,2186395,2193910,16.680870056152344,16.738204956054688
64,16,reset,unrolled,4,131072,2154529,2161956,16.437751770019531,16.494415283203125
64,16,reset,aligned-unrolled,4,131072,2303642,2310877,17.575393676757812,17.630592346191406
64,16,reset,openblas,4,131072,2041274,2048598,15.573684692382812,15.629562377929688
64,16,reset,onemkl,4,131072,2941577,2998146,22.442451477050781,22.874038696289062
64,16,reset,baseline,5,131072,1979189,1986291,15.100013732910156,15.154197692871094
64,16,reset,aligned,5,131072,2190568,2226273,16.71270751953125,16.985115051269531
64,16,reset,unrolled,5,131072,2126388,2132984,16.223052978515625,16.27337646484375
64,16,reset,aligned-unrolled,5,131072,2190998,2197886,16.715988159179688,16.768539428710938
64,16,reset,openblas,5,131072,1979197,1985454,15.100074768066406,15.147811889648438
64,16,reset,onemkl,5,131072,2851912,2859181,21.75836181640625,21.813819885253906
64,16,reset,baseline,6,131072,1860231,1866216,14.192436218261719,14.23809814453125
64,16,reset,aligned,6,131072,2060241,2066934,15.718391418457031,15.769454956054688
64,16,reset,unrolled,6,131072,2021769,2028282,15.424873352050781,15.474563598632812
64,16,reset,aligned-unrolled,6,131072,2097369,2104114,16.001655578613281,16.053115844726562
64,16,reset,openblas,6,131072,1885294,1906205,14.383651733398438,14.543190002441406
64,16,reset,onemkl,6,131072,2695391,2701726,20.564201354980469,20.612533569335938
64,16,reset,baseline,7,131072,1815023,1820971,13.847526550292969,13.892906188964844
64,16,reset,aligned,7,131072,1979782,2004844,15.104537963867188,15.295745849609375
64,16,reset,unrolled,7,131072,1976778,1983147,15.081619262695312,15.130210876464844
64,16,reset,aligned-unrolled,7,131072,2037268,2043788,15.543121337890625,15.592864990234375
64,16,reset,openblas,7,131072,1826154,1831929,13.932449340820312,13.976509094238281
64,16,reset,onemkl,7,131072,2602664,2609612,19.85675048828125,19.909759521484375
64,24,negate,baseline,1,131072,927715,933717,7.0779037475585938,7.1236953735351562
64,24,negate,aligned,1,131072,1101538,1107681,8.4040679931640625,8.4509353637695312
64,24,negate,unrolled,1,131072,927299,933393,7.0747299194335938,7.1212234497070312
64,24,negate,aligned-unrolled,1,131072,1097148,1103045,8.370574951171875,8.4155654907226562
64,24,negate,openblas,1,131072,1141396,1147669,8.708160400390625,8.7560195922851562
64,24,negate,onemkl,1,131072,1950808,1957129,14.88348388671875,14.931709289550781
64,24,negate,baseline,2,131072,924985,930794,7.0570755004882812,7.1013946533203125
64,24,negate,aligned,2,131072,1112230,1118171,8.4856414794921875,8.5309677124023438
64,24,negate,unrolled,2,131072,921799,957806,7.0327682495117188,7.3074798583984375
64,24,negate,aligned-unrolled,2,131072,1078993,1084667,8.2320632934570312,8.2753524780273438
64,24,negate,openblas,2,131072,1119303,1125226,8.5396041870117188,8.5847930908203125
64,24,negate,onemkl,2,131072,1949163,1955069,14.870933532714844,14.915992736816406
64,24,negate,baseline,3,131072,927539,948852,7.0765609741210938,7.239166259765625
64,24,negate,aligned,3,131072,1126229,1132353,8.5924453735351562,8.6391677856445312
64,24,negate,unrolled,3,131072,921070,926969,7.0272064208984375,7.0722122192382812
64,24,negate,aligned-unrolled,3,131072,1076465,1082441,8.2127761840820312,8.2583694458007812
64,24,negate,openblas,3,131072,1116350,1122148,8.5170745849609375,8.561309814453125
64,24,negate,onemkl,3,131072,1947298,1953314,14.856704711914062,14.902603149414062
64,24,negate,baseline,4,131072,920382,926619,7.0219573974609375,7.0695419311523438
64,24,negate,aligned,4,131072,1119245,1125259,8.5391616821289062,8.5850448608398438
64,24,negate,unrolled,4,131072,926916,932773,7.071807861328125,7.1164932250976562
64,24,negate,aligned-unrolled,4,131072,1112827,1119365,8.4901962280273438,8.5400772094726562
64,24,negate,openblas,4,131072,1116819,1122660,8.5206527709960938,8.565216064453125
64,24,negate,onemkl,4,131072,1948815,1954795,14.868278503417969,14.913902282714844
64,24,negate,baseline,5,131072,949444,955649,7.243682861328125,7.2910232543945312
64,24,negate,aligned,5,131072,1172264,1178849,8.94366455078125,8.9939041137695312
64,24,negate,unrolled,5,131072,949003,955082,7.2403182983398438,7.2866973876953125
64,24,negate,aligned-unrolled,5,131072,1140524,1161738,8.701507568359375,8.8633575439453125
64,24,negate,openblas,5,131072,1151222,1157165,8.7831268310546875,8.8284683227539062
64,24,negate,onemkl,5,131072,2030896,2037233,15.4945068359375,15.542854309082031
64,24,negate,baseline,6,131072,948261,969159,7.2346572875976562,7.3940963745117188
64,24,negate,aligned,6,131072,1167701,1174369,8.9088516235351562,8.9597244262695312
64,24,negate,unrolled,6,131072,950939,957344,7.2550888061523438,7.303955078125
64,24,negate,aligned-unrolled,6,131072,1113155,1119062,8.4926986694335938,8.5377655029296875
64,24,negate,openblas,6,131072,1144627,1150444,8.7328109741210938,8.777191162109375
64,24,negate,onemkl,6,131072,2013701,2020307,15.363319396972656,15.413719177246094
64,24,negate,baseline,7,131072,940168,946091,7.17291259765625,7.2181015014648438
64,24,negate,aligned,7,131072,1143421,1149555,8.7236099243164062,8.7704086303710938
64,24,negate,unrolled,7,131072,932187,938218,7.1120223999023438,7.1580352783203125
64,24,negate,aligned-unrolled,7,131072,1103415,1109320,8.4183883666992188,8.46343994140625
64,24,negate,openblas,7,131072,1127451,1133268,8.6017684936523438,8.646148681640625
64,24,negate,onemkl,7,131072,1986687,1992591,15.157218933105469,15.202262878417969
64,24,powers-two,baseline,1,131072,921712,928015,7.0321044921875,7.0801925659179688
64,24,powers-two,aligned,1,131072,1055446,1061584,8.0524139404296875,8.0992431640625
64,24,powers-two,unrolled,1,131072,932391,938427,7.1135787963867188,7.1596298217773438
64,24,powers-two,aligned-unrolled,1,131072,1043268,1049269,7.959503173828125,8.0052871704101562
64,24,powers-two,openblas,1,131072,1112931,1118633,8.4909896850585938,8.5344924926757812
64,24,powers-two,onemkl,1,131072,1979839,1989878,15.104972839355469,15.181564331054688
64,24,powers-two,baseline,2,131072,937198,943381,7.1502532958984375,7.1974258422851562
64,24,powers-two,aligned,2,131072,1054888,1060610,8.04815673828125,8.0918121337890625
64,24,powers-two,unrolled,2,131072,929117,935268,7.0886001586914062,7.135528564453125
64,24,powers-two,aligned-unrolled,2,131072,1084125,1090099,8.2712173461914062,8.3167953491210938
64,24,powers-two,openblas,2,131072,1132073,1138443,8.6370315551757812,8.6856307983398438
64,24,powers-two,onemkl,2,131072,2003125,2025410,15.282630920410156,15.452651977539062
64,24,powers-two,baseline,3,131072,944472,950613,7.20574951171875,7.2526016235351562
64,24,powers-two,aligned,3,131072,1100724,1106583,8.397857666015625,8.4425582885742188
64,24,powers-two,unrolled,3,131072,942439,948776,7.1902389526367188,7.23858642578125
64,24,powers-two,aligned-unrolled,3,131072,1064597,1070447,8.1222305297851562,8.1668624877929688
64,24,powers-two,openblas,3,131072,1133665,1153473,8.6491775512695312,8.8003005981445312
64,24,powers-two,onemkl,3,131072,2030593,2036779,15.492195129394531,15.539390563964844
64,24,powers-two,baseline,4,131072,926469,932690,7.0683975219726562,7.1158599853515625
64,24,powers-two,aligned,4,131072,1110422,1116365,8.4718475341796875,8.5171890258789062
64,24,powers-two,unrolled,4,131072,920553,926636,7.0232620239257812,7.069671630859375
64,24,powers-two,aligned-unrolled,4,131072,1053056,1058859,8.0341796875,8.0784530639648438
64,24,powers-two,openblas,4,131072,1117514,1123887,8.5259552001953125,8.5745773315429688
64,24,powers-two,onemkl,4,131072,1989936,1996214,15.1820068359375,15.229904174804688
64,24,powers-two,baseline,5,131072,935683,942119,7.1386947631835938,7.1877975463867188
64,24,powers-two,aligned,5,131072,1095824,1101847,8.3604736328125,8.4064254760742188
64,24,powers-two,unrolled,5,131072,937202,943131,7.1502838134765625,7.1955184936523438
64,24,powers-two,aligned-unrolled,5,131072,1089913,1095779,8.3153762817382812,8.3601303100585938
64,24,powers-two,openblas,5,131072,1126246,1147774,8.5925750732421875,8.7568206787109375
64,24,powers-two,onemkl,5,131072,2026780,2040683,15.463104248046875,15.569175720214844
64,24,powers-two,baseline,6,131072,924951,931063,7.0568161010742188,7.1034469604492188
64,24,powers-two,aligned,6,131072,1083711,1089537,8.2680587768554688,8.3125076293945312
64,24,powers-two,unrolled,6,131072,918601,924570,7.0083694458007812,7.0539093017578125
64,24,powers-two,aligned-unrolled,6,131072,1057635,1079234,8.0691146850585938,8.2339019775390625
64,24,powers-two,openblas,6,131072,1108385,1114138,8.4563064575195312,8.5001983642578125
64,24,powers-two,onemkl,6,131072,1986940,1992844,15.159149169921875,15.204193115234375
64,24,powers-two,baseline,7,131072,937574,943760,7.1531219482421875,7.2003173828125
64,24,powers-two,aligned,7,131072,1078859,1084835,8.2310409545898438,8.2766342163085938
64,24,powers-two,unrolled,7,131072,933527,939996,7.1222457885742188,7.171600341796875
64,24,powers-two,aligned-unrolled,7,131072,1087597,1094000,8.2977066040039062,8.3465576171875
64,24,powers-two,openblas,7,131072,1121711,1127928,8.5579757690429688,8.60540771484375
64,24,powers-two,onemkl,7,131072,2013141,2019719,15.359046936035156,15.409233093261719
64,24,reset,baseline,1,131072,1727733,1733440,13.181556701660156,13.22509765625
64,24,reset,aligned,1,131072,1895097,1914097,14.458442687988281,14.603401184082031
64,24,reset,unrolled,1,131072,1877639,1883715,14.325248718261719,14.371604919433594
64,24,reset,aligned-unrolled,1,131072,1938649,1944638,14.790718078613281,14.836410522460938
64,24,reset,openblas,1,131072,1827636,1833779,13.943756103515625,13.990623474121094
64,24,reset,onemkl,1,131072,2498982,2504715,19.065719604492188,19.109458923339844
64,24,reset,baseline,2,131072,1752751,1758760,13.372428894042969,13.41827392578125
64,24,reset,aligned,2,131072,1930690,1936705,14.729995727539062,14.775886535644531
64,24,reset,unrolled,2,131072,1883837,1889668,14.372535705566406,14.417022705078125
64,24,reset,aligned-unrolled,2,131072,1947204,1952884,14.855987548828125,14.899322509765625
64,24,reset,openblas,2,131072,1857789,1863960,14.173805236816406,14.22088623046875
64,24,reset,onemkl,2,131072,2553207,2573477,19.479423522949219,19.634071350097656
64,24,reset,baseline,3,131072,1783702,1789932,13.608566284179688,13.656097412109375
64,24,reset,aligned,3,131072,1967058,1997766,15.007461547851562,15.241744995117188
64,24,reset,unrolled,3,131072,1938454,1944647,14.789230346679688,14.836479187011719
64,24,reset,aligned-unrolled,3,131072,1998069,2004332,15.244056701660156,15.291839599609375
64,24,reset,openblas,3,131072,1910091,1916713,14.572837829589844,14.623359680175781
64,24,reset,onemkl,3,131072,2578367,2585025,19.671379089355469,19.722175598144531
64,24,reset,baseline,4,131072,1778688,1784721,13.5703125,13.616340637207031
64,24,reset,aligned,4,131072,1952900,1958935,14.899444580078125,14.945487976074219
64,24,reset,unrolled,4,131072,1930602,1936694,14.729324340820312,14.775802612304688
64,24,reset,aligned-unrolled,4,131072,1992585,1998814,15.202217102050781,15.249740600585938
64,24,reset,openblas,4,131072,1899259,1905510,14.490196228027344,14.537887573242188
64,24,reset,onemkl,4,131072,2573767,2594264,19.636283874511719,19.79266357421875
64,24,reset,baseline,5,131072,1827690,1833882,13.944168090820312,13.991409301757812
64,24,reset,aligned,5,131072,1981940,2004152,15.121002197265625,15.29046630859375
64,24,reset,unrolled,5,131072,1964190,1970544,14.985580444335938,15.0340576171875
64,24,reset,aligned-unrolled,5,131072,2031911,2038180,15.502250671386719,15.550079345703125
64,24,reset,openblas,5,131072,1950100,1956742,14.878082275390625,14.928756713867188
64,24,reset,onemkl,5,131072,2624358,2631374,20.022262573242188,20.075790405273438
64,24,reset,baseline,6,131072,1803817,1809628,13.762031555175781,13.806365966796875
64,24,reset,aligned,6,131072,1974695,2014234,15.065727233886719,15.367385864257812
64,24,reset,unrolled,6,131072,1938700,1944563,14.791107177734375,14.835838317871094
64,24,reset,aligned-unrolled,6,131072,2037883,2044431,15.547813415527344,15.597770690917969
64,24,reset,openblas,6,131072,1920881,1927055,14.655158996582031,14.702262878417969
64,24,reset,onemkl,6,131072,2604949,2611015,19.874183654785156,19.920463562011719
64,24,reset,baseline,7,131072,1806113,1812495,13.779548645019531,13.828239440917969
64,24,reset,aligned,7,131072,1965641,1972040,14.996650695800781,15.04547119140625
64,24,reset,unrolled,7,131072,1933754,1940040,14.753372192382812,14.80133056640625
64,24,reset,aligned-unrolled,7,131072,1999614,2005613,15.255844116210938,15.301612854003906
64,24,reset,openblas,7,131072,1898825,1920977,14.486885070800781,14.655891418457031
64,24,reset,onemkl,7,131072,2611200,2617483,19.921875,19.969810485839844
256,0,negate,baseline,1,32768,532370,569827,16.24664306640625,17.389739990234375
256,0,negate,aligned,1,32768,502506,508410,15.33526611328125,15.51544189453125
256,0,negate,unrolled,1,32768,464744,470601,14.182861328125,14.361602783203125
256,0,negate,aligned-unrolled,1,32768,474870,481028,14.49188232421875,14.6798095703125
256,0,negate,openblas,1,32768,508356,514467,15.5137939453125,15.700286865234375
256,0,negate,onemkl,1,32768,629970,636658,19.22515869140625,19.42926025390625
256,0,negate,baseline,2,32768,543015,549591,16.571502685546875,16.772186279296875
256,0,negate,aligned,2,32768,511199,517340,15.600555419921875,15.7879638671875
256,0,negate,unrolled,2,32768,477554,484165,14.57379150390625,14.775543212890625
256,0,negate,aligned-unrolled,2,32768,482727,488908,14.731658935546875,14.9202880859375
256,0,negate,openblas,2,32768,508567,514941,15.520233154296875,15.714752197265625
256,0,negate,onemkl,2,32768,637169,643837,19.444854736328125,19.648345947265625
256,0,negate,baseline,3,32768,555277,561670,16.945709228515625,17.14080810546875
256,0,negate,aligned,3,32768,521477,527682,15.914215087890625,16.10357666015625
256,0,negate,unrolled,3,32768,482398,488607,14.72161865234375,14.911102294921875
256,0,negate,aligned-unrolled,3,32768,497297,503664,15.176300048828125,15.37060546875
256,0,negate,openblas,3,32768,522013,528289,15.930572509765625,16.122100830078125
256,0,negate,onemkl,3,32768,641254,647910,19.56951904296875,19.77264404296875
256,0,negate,baseline,4,32768,543827,550079,16.596282958984375,16.787078857421875
256,0,negate,aligned,4,32768,510739,517022,15.586517333984375,15.77825927734375
256,0,negate,unrolled,4,32768,471875,477886,14.400482177734375,14.58392333984375
256,0,negate,aligned-unrolled,4,32768,481155,487486,14.683685302734375,14.87689208984375
256,0,negate,openblas,4,32768,516280,522837,15.755615234375,15.955718994140625
256,0,negate,onemkl,4,32768,633587,663708,19.335540771484375,20.2547607421875
256,0,negate,baseline,5,32768,564226,570650,17.21881103515625,17.41485595703125
256,0,negate,aligned,5,32768,534897,541327,16.323760986328125,16.519989013671875
256,0,negate,unrolled,5,32768,490134,496330,14.95770263671875,15.14678955078125
256,0,negate,aligned-unrolled,5,32768,502973,509354,15.349517822265625,15.54425048828125
256,0,negate,openblas,5,32768,531470,537867,16.21917724609375,16.414398193359375
256,0,negate,onemkl,5,32768,669244,675729,20.4237060546875,20.621612548828125
256,0,negate,baseline,6,32768,557446,563826,17.01190185546875,17.20660400390625
256,0,negate,aligned,6,32768,527948,534220,16.1116943359375,16.3031005859375
256,0,negate,unrolled,6,32768,485581,491906,14.818756103515625,15.01177978515625
256,0,negate,aligned-unrolled,6,32768,495346,501684,15.11676025390625,15.3101806640625
256,0,negate,openblas,6,32768,524562,530888,16.00836181640625,16.201416015625
256,0,negate,onemkl,6,32768,648291,655260,19.784271240234375,19.9969482421875
256,0,negate,baseline,7,32768,558337,564673,17.039093017578125,17.232452392578125
256,0,negate,aligned,7,32768,524997,531091,16.021636962890625,16.207611083984375
256,0,negate,unrolled,7,32768,489353,495871,14.933868408203125,15.132781982421875
256,0,negate,aligned-unrolled,7,32768,495693,502153,15.127349853515625,15.324493408203125
256,0,negate,openblas,7,32768,522135,550710,15.934295654296875,16.80633544921875
256,0,negate,onemkl,7,32768,658322,665272,20.09039306640625,20.302490234375
256,0,powers-two,baseline,1,32768,598002,604854,18.24957275390625,18.45867919921875
256,0,powers-two,aligned,1,32768,565344,572073,17.2529296875,17.458282470703125
256,0,powers-two,unrolled,1,32768,528123,534858,16.117034912109375,16.32257080078125
256,0,powers-two,aligned-unrolled,1,32768,532887,540077,16.262420654296875,16.481842041015625
256,0,powers-two,openblas,1,32768,545447,552239,16.645721435546875,16.852996826171875
256,0,powers-two,onemkl,1,32768,669560,676601,20.433349609375,20.648223876953125
256,0,powers-two,baseline,2,32768,558669,565403,17.049224853515625,17.254730224609375
256,0,powers-two,aligned,2,32768,530318,536610,16.18402099609375,16.37603759765625
256,0,powers-two,unrolled,2,32768,507277,513508,15.480865478515625,15.6710205078125
256,0,powers-two,aligned-unrolled,2,32768,496900,503614,15.1641845703125,15.36907958984375
256,0,powers-two,openblas,2,32768,520937,527169,15.897735595703125,16.087921142578125
256,0,powers-two,onemkl,2,32768,627835,661684,19.160003662109375,20.1929931640625
256,0,powers-two,baseline,3,32768,549176,555405,16.759521484375,16.949615478515625
256,0,powers-two,aligned,3,32768,521649,527659,15.919464111328125,16.102874755859375
256,0,powers-two,unrolled,3,32768,484172,490111,14.7757568359375,14.957000732421875
256,0,powers-two,aligned-unrolled,3,32768,490843,497233,14.979339599609375,15.174346923828125
256,0,powers-two,openblas,3,32768,520603,526804,15.887542724609375,16.0767822265625
256,0,powers-two,onemkl,3,32768,617361,623829,18.840362548828125,19.037750244140625
256,0,powers-two,baseline,4,32768,548865,555029,16.750030517578125,16.938140869140625
256,0,powers-two,aligned,4,32768,521125,527154,15.903472900390625,16.08746337890625
256,0,powers-two,unrolled,4,32768,484070,489989,14.77264404296875,14.953277587890625
256,0,powers-two,aligned-unrolled,4,32768,493002,499604,15.04522705078125,15.2467041015625
256,0,powers-two,openblas,4,32768,508611,515142,15.521575927734375,15.72088623046875
256,0,powers-two,onemkl,4,32768,614823,621392,18.762908935546875,18.96337890625
256,0,powers-two,baseline,5,32768,549565,555874,16.771392822265625,16.96392822265625
256,0,powers-two,aligned,5,32768,518107,540396,15.811370849609375,16.4915771484375
256,0,powers-two,unrolled,5,32768,491981,498079,15.014068603515625,15.200164794921875
256,0,powers-two,aligned-unrolled,5,32768,490875,497419,14.980316162109375,15.180023193359375
256,0,powers-two,openblas,5,32768,511894,518119,15.62176513671875,15.811737060546875
256,0,powers-two,onemkl,5,32768,616655,623278,18.818817138671875,19.02093505859375
256,0,powers-two,baseline,6,32768,544697,550722,16.622833251953125,16.80670166015625
256,0,powers-two,aligned,6,32768,518096,523957,15.81103515625,15.989898681640625
256,0,powers-two,unrolled,6,32768,482942,488813,14.73822021484375,14.917388916015625
256,0,powers-two,aligned-unrolled,6,32768,486318,492845,14.84124755859375,15.040435791015625
256,0,powers-two,openblas,6,32768,504399,510309,15.393035888671875,15.573394775390625
256,0,powers-two,onemkl,6,32768,609855,616373,18.611297607421875,18.810211181640625
256,0,powers-two,baseline,7,32768,533794,539730,16.29010009765625,16.47125244140625
256,0,powers-two,aligned,7,32768,504274,510130,15.38922119140625,15.56793212890625
256,0,powers-two,unrolled,7,32768,470696,476538,14.364501953125,14.54278564453125
256,0,powers-two,aligned-unrolled,7,32768,476862,483209,14.55267333984375,14.746368408203125
256,0,powers-two,openblas,7,32768,496698,502679,15.15802001953125,15.340545654296875
256,0,powers-two,onemkl,7,32768,599230,605473,18.28704833984375,18.477569580078125
256,0,reset,baseline,1,32768,938335,944082,28.635711669921875,28.81109619140625
256,0,reset,aligned,1,32768,918948,924624,28.0440673828125,28.21728515625
256,0,reset,unrolled,1,32768,886636,892318,27.0579833984375,27.23138427734375
256,0,reset,aligned-unrolled,1,32768,890639,896553,27.180145263671875,27.360626220703125
256,0,reset,openblas,1,32768,955364,961117,29.1553955078125,29.330963134765625
256,0,reset,onemkl,1,32768,1006178,1026992,30.70611572265625,31.34130859375
256,0,reset,baseline,2,32768,944829,950558,28.833892822265625,29.00872802734375
256,0,reset,aligned,2,32768,913193,918914,27.868438720703125,28.04302978515625
256,0,reset,unrolled,2,32768,886314,891984,27.04815673828125,27.22119140625
256,0,reset,aligned-unrolled,2,32768,894037,899982,27.283843994140625,27.46527099609375
256,0,reset,openblas,2,32768,956212,962171,29.1812744140625,29.363128662109375
256,0,reset,onemkl,2,32768,1008167,1014396,30.766815185546875,30.9569091796875
256,0,reset,baseline,3,32768,938187,944206,28.631195068359375,28.81488037109375
256,0,reset,aligned,3,32768,914513,920236,27.908721923828125,28.0833740234375
256,0,reset,unrolled,3,32768,887393,893293,27.081085205078125,27.261138916015625
256,0,reset,aligned-unrolled,3,32768,897142,915386,27.37860107421875,27.93536376953125
256,0,reset,openblas,3,32768,951698,957821,29.04351806640625,29.230377197265625
256,0,reset,onemkl,3,32768,1009152,1015237,30.796875,30.982574462890625
256,0,reset,baseline,4,32768,932045,937855,28.443756103515625,28.621063232421875
256,0,reset,aligned,4,32768,902649,908336,27.546661376953125,27.72021484375
256,0,reset,unrolled,4,32768,871573,877351,26.598297119140625,26.774627685546875
256,0,reset,aligned-unrolled,4,32768,886982,892879,27.06854248046875,27.248504638671875
256,0,reset,openblas,4,32768,941137,946750,28.721221923828125,28.89251708984375
256,0,reset,onemkl,4,32768,996493,1002489,30.410552978515625,30.593536376953125
256,0,reset,baseline,5,32768,938360,956633,28.636474609375,29.194122314453125
256,0,reset,aligned,5,32768,911500,917259,27.8167724609375,27.992523193359375
256,0,reset,unrolled,5,32768,883526,889457,26.96307373046875,27.144073486328125
256,0,reset,aligned-unrolled,5,32768,891286,897150,27.19989013671875,27.37884521484375
256,0,reset,openblas,5,32768,950423,956302,29.004608154296875,29.18402099609375
256,0,reset,onemkl,5,32768,1003268,1009162,30.6173095703125,30.79718017578125
256,0,reset,baseline,6,32768,936225,942473,28.571319580078125,28.761993408203125
256,0,reset,aligned,6,32768,910143,915794,27.775360107421875,27.94781494140625
256,0,reset,unrolled,6,32768,884811,890863,27.002288818359375,27.186981201171875
256,0,reset,aligned-unrolled,6,32768,887137,893225,27.073272705078125,27.259063720703125
256,0,reset,openblas,6,32768,952069,972999,29.054840087890625,29.693572998046875
256,0,reset,onemkl,6,32768,1002617,1008895,30.597442626953125,30.789031982421875
256,0,reset,baseline,7,32768,942916,948691,28.7755126953125,28.951751708984375
256,0,reset,aligned,7,32768,920536,926198,28.092529296875,28.26531982421875
256,0,reset,unrolled,7,32768,889732,895582,27.1524658203125,27.33099365234375
256,0,reset,aligned-unrolled,7,32768,893224,899162,27.259033203125,27.44024658203125
256,0,reset,openblas,7,32768,953597,959332,29.101470947265625,29.2764892578125
256,0,reset,onemkl,7,32768,1017854,1023947,31.06243896484375,31.248382568359375
256,8,negate,baseline,1,32768,1019319,1024652,31.107147216796875,31.2698974609375
256,8,negate,aligned,1,32768,544076,549572,16.6038818359375,16.7716064453125
256,8,negate,unrolled,1,32768,1017329,1022691,31.046417236328125,31.210052490234375
256,8,negate,aligned-unrolled,1,32768,525164,530593,16.0267333984375,16.192413330078125
256,8,negate,openblas,1,32768,1062569,1067916,32.427032470703125,32.5902099609375
256,8,negate,onemkl,1,32768,639031,644589,19.501678466796875,19.671295166015625
256,8,negate,baseline,2,32768,1010379,1015827,30.834320068359375,31.000579833984375
256,8,negate,aligned,2,32768,542323,547924,16.550384521484375,16.7213134765625
256,8,negate,unrolled,2,32768,1021305,1026992,31.167755126953125,31.34130859375
256,8,negate,aligned-unrolled,2,32768,524221,529525,15.997955322265625,16.159820556640625
256,8,negate,openblas,2,32768,1055252,1072868,32.2037353515625,32.7413330078125
256,8,negate,onemkl,2,32768,624957,630333,19.072174072265625,19.236236572265625
256,8,negate,baseline,3,32768,996094,1001372,30.39837646484375,30.5594482421875
256,8,negate,aligned,3,32768,530747,535879,16.197113037109375,16.353729248046875
256,8,negate,unrolled,3,32768,998334,1003735,30.46673583984375,30.631561279296875
256,8,negate,aligned-unrolled,3,32768,518521,524002,15.824005126953125,15.99127197265625
256,8,negate,openblas,3,32768,1042100,1047347,31.8023681640625,31.962493896484375
256,8,negate,onemkl,3,32768,619851,625376,18.916351318359375,19.0849609375
256,8,negate,baseline,4,32768,991470,1011531,30.25726318359375,30.869476318359375
256,8,negate,aligned,4,32768,531573,537013,16.222320556640625,16.388336181640625
256,8,negate,unrolled,4,32768,982787,988047,29.992279052734375,30.152801513671875
256,8,negate,aligned-unrolled,4,32768,510750,515951,15.58685302734375,15.745574951171875
256,8,negate,openblas,4,32768,1027127,1032458,31.345428466796875,31.50811767578125
256,8,negate,onemkl,4,32768,608016,613277,18.55517578125,18.715728759765625
256,8,negate,baseline,5,32768,998235,1003411,30.463714599609375,30.621673583984375
256,8,negate,aligned,5,32768,530946,536395,16.20318603515625,16.369476318359375
256,8,negate,unrolled,5,32768,993856,998987,30.330078125,30.486663818359375
256,8,negate,aligned-unrolled,5,32768,511403,516657,15.606781005859375,15.767120361328125
256,8,negate,openblas,5,32768,1042478,1047793,31.81390380859375,31.976104736328125
256,8,negate,onemkl,5,32768,617387,622720,18.841156005859375,19.00390625
256,8,negate,baseline,6,32768,993486,998880,30.31878662109375,30.4833984375
256,8,negate,aligned,6,32768,529606,535157,16.16229248046875,16.331695556640625
256,8,negate,unrolled,6,32768,998270,1003623,30.46478271484375,30.628143310546875
256,8,negate,aligned-unrolled,6,32768,511986,535437,15.62457275390625,16.340240478515625
256,8,negate,openblas,6,32768,1047431,1052963,31.965057373046875,32.133880615234375
256,8,negate,onemkl,6,32768,618489,623970,18.874786376953125,19.04205322265625
256,8,negate,baseline,7,32768,1000143,1005369,30.521942138671875,30.681427001953125
256,8,negate,aligned,7,32768,532158,537422,16.24017333984375,16.40081787109375
256,8,negate,unrolled,7,32768,1002202,1007818,30.58477783203125,30.75616455078125
256,8,negate,aligned-unrolled,7,32768,522310,527805,15.93963623046875,16.107330322265625
256,8,negate,openblas,7,32768,1042996,1048833,31.8297119140625,32.007843017578125
256,8,negate,onemkl,7,32768,619257,624635,18.898223876953125,19.062347412109375
256,8,powers-two,baseline,1,32768,1048898,1054618,32.00982666015625,32.18438720703125
256,8,powers-two,aligned,1,32768,565396,571191,17.2545166015625,17.431365966796875
256,8,powers-two,unrolled,1,32768,1047238,1053125,31.95916748046875,32.138824462890625
256,8,powers-two,aligned-unrolled,1,32768,559188,565169,17.0650634765625,17.247589111328125
256,8,powers-two,openblas,1,32768,1101373,1127798,33.611236572265625,34.41766357421875
256,8,powers-two,onemkl,1,32768,657800,663541,20.074462890625,20.249664306640625
256,8,powers-two,baseline,2,32768,1047886,1053432,31.97894287109375,32.148193359375
256,8,powers-two,aligned,2,32768,564133,569513,17.215972900390625,17.380157470703125
256,8,powers-two,unrolled,2,32768,1033688,1039557,31.545654296875,31.724761962890625
256,8,powers-two,aligned-unrolled,2,32768,542278,548029,16.54901123046875,16.724517822265625
256,8,powers-two,openblas,2,32768,1095838,1101395,33.44232177734375,33.611907958984375
256,8,powers-two,onemkl,2,32768,657945,663477,20.078887939453125,20.247711181640625
256,8,powers-two,baseline,3,32768,1038888,1044345,31.704345703125,31.870880126953125
256,8,powers-two,aligned,3,32768,559114,564432,17.06280517578125,17.22509765625
256,8,powers-two,unrolled,3,32768,1039590,1045834,31.72576904296875,31.91632080078125
256,8,powers-two,aligned-unrolled,3,32768,542207,547899,16.546844482421875,16.720550537109375
256,8,powers-two,openblas,3,32768,1077313,1082970,32.876983642578125,33.04962158203125
256,8,powers-two,onemkl,3,32768,659641,665331,20.130645751953125,20.304290771484375
256,8,powers-two,baseline,4,32768,1025595,1031122,31.298675537109375,31.46734619140625
256,8,powers-two,aligned,4,32768,555856,561187,16.96337890625,17.126068115234375
256,8,powers-two,unrolled,4,32768,1026818,1032790,31.33599853515625,31.51824951171875
256,8,powers-two,aligned-unrolled,4,32768,536384,545621,16.369140625,16.651031494140625
256,8,powers-two,openblas,4,32768,1065760,1086287,32.5244140625,33.150848388671875
256,8,powers-two,onemkl,4,32768,646791,652333,19.738494873046875,19.907623291015625
256,8,powers-two,baseline,5,32768,1023402,1028996,31.23175048828125,31.4024658203125
256,8,powers-two,aligned,5,32768,551454,556852,16.82904052734375,16.9937744140625
256,8,powers-two,unrolled,5,32768,1014268,1020462,30.9530029296875,31.14202880859375
256,8,powers-two,aligned-unrolled,5,32768,537418,543257,16.40069580078125,16.578887939453125
256,8,powers-two,openblas,5,32768,1069060,1074636,32.6251220703125,32.7952880859375
256,8,powers-two,onemkl,5,32768,652913,659030,19.925323486328125,20.11199951171875
256,8,powers-two,baseline,6,32768,1009876,1029554,30.8189697265625,31.41949462890625
256,8,powers-two,aligned,6,32768,549138,554374,16.75836181640625,16.91815185546875
256,8,powers-two,unrolled,6,32768,1011892,1017676,30.8804931640625,31.0570068359375
256,8,powers-two,aligned-unrolled,6,32768,528600,534012,16.131591796875,16.2967529296875
256,8,powers-two,openblas,6,32768,1058720,1064177,32.3095703125,32.476104736328125
256,8,powers-two,onemkl,6,32768,644038,649609,19.65447998046875,19.824493408203125
256,8,powers-two,baseline,7,32768,1056371,1062728,32.237884521484375,32.431884765625
256,8,powers-two,aligned,7,32768,582599,588471,17.779510498046875,17.958709716796875
256,8,powers-two,unrolled,7,32768,1034629,1040794,31.574371337890625,31.76251220703125
256,8,powers-two,aligned-unrolled,7,32768,556419,562768,16.980560302734375,17.17431640625
256,8,powers-two,openblas,7,32768,1083839,1089537,33.076141357421875,33.250030517578125
256,8,powers-two,onemkl,7,32768,674132,679657,20.5728759765625,20.741485595703125
256,8,reset,baseline,1,32768,1492062,1498241,45.53411865234375,45.722686767578125
256,8,reset,aligned,1,32768,1039197,1045684,31.713775634765625,31.9117431640625
256,8,reset,unrolled,1,32768,1472166,1478618,44.92694091796875,45.12384033203125
256,8,reset,aligned-unrolled,1,32768,1033005,1039583,31.524810791015625,31.725555419921875
256,8,reset,openblas,1,32768,1554102,1560360,47.42742919921875,47.618408203125
256,8,reset,onemkl,1,32768,1163903,1170520,35.519500732421875,35.721435546875
256,8,reset,baseline,2,32768,1455624,1461501,44.422119140625,44.601470947265625
256,8,reset,aligned,2,32768,1001163,1007424,30.553070068359375,30.744140625
256,8,reset,unrolled,2,32768,1455482,1461195,44.41778564453125,44.592132568359375
256,8,reset,aligned-unrolled,2,32768,1000386,1006627,30.52935791015625,30.719818115234375
256,8,reset,openblas,2,32768,1514861,1546508,46.229888916015625,47.1956787109375
256,8,reset,onemkl,2,32768,1137760,1143641,34.7216796875,34.901153564453125
256,8,reset,baseline,3,32768,1444088,1450342,44.070068359375,44.26092529296875
256,8,reset,aligned,3,32768,994466,1000939,30.34869384765625,30.546234130859375
256,8,reset,unrolled,3,32768,1435883,1441803,43.819671630859375,44.000335693359375
256,8,reset,aligned-unrolled,3,32768,982765,989207,29.991607666015625,30.188201904296875
256,8,reset,openblas,3,32768,1489628,1509770,45.4598388671875,46.07452392578125
256,8,reset,onemkl,3,32768,1118050,1124130,34.12017822265625,34.30572509765625
256,8,reset,baseline,4,32768,1420961,1440664,43.364288330078125,43.965576171875
256,8,reset,aligned,4,32768,984373,990581,30.040679931640625,30.230133056640625
256,8,reset,unrolled,4,32768,1429377,1435184,43.621124267578125,43.79833984375
256,8,reset,aligned-unrolled,4,32768,972871,978652,29.689666748046875,29.8660888671875
256,8,reset,openblas,4,32768,1481068,1486659,45.1986083984375,45.369232177734375
256,8,reset,onemkl,4,32768,1108510,1142063,33.82904052734375,34.852996826171875
256,8,reset,baseline,5,32768,1408533,1414443,42.985015869140625,43.165374755859375
256,8,reset,aligned,5,32768,980826,987447,29.93243408203125,30.134490966796875
256,8,reset,unrolled,5,32768,1418879,1424878,43.300750732421875,43.48382568359375
256,8,reset,aligned-unrolled,5,32768,975547,981366,29.771331787109375,29.94891357421875
256,8,reset,openblas,5,32768,1487679,1493600,45.400360107421875,45.5810546875
256,8,reset,onemkl,5,32768,1100035,1105850,33.570404052734375,33.74786376953125
256,8,reset,baseline,6,32768,1419885,1425819,43.331451416015625,43.512542724609375
256,8,reset,aligned,6,32768,975711,996960,29.776336669921875,30.4248046875
256,8,reset,unrolled,6,32768,1437210,1442947,43.86016845703125,44.035247802734375
256,8,reset,aligned-unrolled,6,32768,986301,992489,30.099517822265625,30.288360595703125
256,8,reset,openblas,6,32768,1486358,1492608,45.36004638671875,45.55078125
256,8,reset,onemkl,6,32768,1112621,1118544,33.954498291015625,34.13525390625
256,8,reset,baseline,7,32768,1431407,1437214,43.683074951171875,43.86029052734375
256,8,reset,aligned,7,32768,1011306,1018340,30.86260986328125,31.0772705078125
256,8,reset,unrolled,7,32768,1445229,1451569,44.104888916015625,44.298370361328125
256,8,reset,aligned-unrolled,7,32768,993357,999720,30.314849853515625,30.509033203125
256,8,reset,openblas,7,32768,1489865,1495967,45.467071533203125,45.653289794921875
256,8,reset,onemkl,7,32768,1138890,1183267,34.75616455078125,36.110443115234375
256,16,negate,baseline,1,32768,1069177,1075211,32.628692626953125,32.812835693359375
256,16,negate,aligned,1,32768,549294,554994,16.76312255859375,16.93707275390625
256,16,negate,unrolled,1,32768,1066012,1071537,32.5321044921875,32.700714111328125
256,16,negate,aligned-unrolled,1,32768,539308,545095,16.4583740234375,16.634979248046875
256,16,negate,openblas,1,32768,1115063,1120825,34.029022216796875,34.204864501953125
256,16,negate,onemkl,1,32768,659342,665048,20.12152099609375,20.295654296875
256,16,negate,baseline,2,32768,1036747,1042671,31.639007568359375,31.819793701171875
256,16,negate,aligned,2,32768,537898,543533,16.41534423828125,16.587310791015625
256,16,negate,unrolled,2,32768,1039442,1061065,31.72125244140625,32.381134033203125
256,16,negate,aligned-unrolled,2,32768,526362,531864,16.06329345703125,16.231201171875
256,16,negate,openblas,2,32768,1079400,1085134,32.940673828125,33.11566162109375
256,16,negate,onemkl,2,32768,644650,650200,19.67315673828125,19.842529296875
256,16,negate,baseline,3,32768,1037000,1042624,31.646728515625,31.818359375
256,16,negate,aligned,3,32768,537854,543835,16.41400146484375,16.596527099609375
256,16,negate,unrolled,3,32768,1036780,1042227,31.6400146484375,31.806243896484375
256,16,negate,aligned-unrolled,3,32768,527932,533523,16.1112060546875,16.281829833984375
256,16,negate,openblas,3,32768,1079781,1085346,32.952301025390625,33.12213134765625
256,16,negate,onemkl,3,32768,639452,644932,19.5145263671875,19.6817626953125
256,16,negate,baseline,4,32768,1023913,1029572,31.247344970703125,31.4200439453125
256,16,negate,aligned,4,32768,528510,534005,16.12884521484375,16.296539306640625
256,16,negate,unrolled,4,32768,1026679,1032009,31.331756591796875,31.494415283203125
256,16,negate,aligned-unrolled,4,32768,518940,524317,15.8367919921875,16.000885009765625
256,16,negate,openblas,4,32768,1066826,1072267,32.55694580078125,32.722991943359375
256,16,negate,onemkl,4,32768,632809,638218,19.311798095703125,19.47686767578125
256,16,negate,baseline,5,32768,1014035,1019767,30.945892333984375,31.120819091796875
256,16,negate,aligned,5,32768,525191,530747,16.027557373046875,16.197113037109375
256,16,negate,unrolled,5,32768,1010291,1034334,30.831634521484375,31.56536865234375
256,16,negate,aligned-unrolled,5,32768,514954,520320,15.71514892578125,15.87890625
256,16,negate,openblas,5,32768,1059357,1064721,32.329010009765625,32.492706298828125
256,16,negate,onemkl,5,32768,631199,636959,19.262664794921875,19.438446044921875
256,16,negate,baseline,6,32768,1019577,1025105,31.115020751953125,31.283721923828125
256,16,negate,aligned,6,32768,523226,528543,15.96759033203125,16.129852294921875
256,16,negate,unrolled,6,32768,1010617,1016364,30.841583251953125,31.0169677734375
256,16,negate,aligned-unrolled,6,32768,518626,524471,15.82720947265625,16.005584716796875
256,16,negate,openblas,6,32768,1053633,1059055,32.154327392578125,32.319793701171875
256,16,negate,onemkl,6,32768,623906,629271,19.04010009765625,19.203826904296875
256,16,negate,baseline,7,32768,1007733,1013144,30.753570556640625,30.918701171875
256,16,negate,aligned,7,32768,522786,528263,15.95416259765625,16.121307373046875
256,16,negate,unrolled,7,32768,1012745,1018007,30.906524658203125,31.067108154296875
256,16,negate,aligned-unrolled,7,32768,514149,519467,15.690582275390625,15.852874755859375
256,16,negate,openblas,7,32768,1051704,1073345,32.095458984375,32.755889892578125
256,16,negate,onemkl,7,32768,626622,632114,19.12298583984375,19.29058837890625
256,16,powers-two,baseline,1,32768,1073459,1079283,32.759368896484375,32.937103271484375
256,16,powers-two,aligned,1,32768,558897,564410,17.056182861328125,17.22442626953125
256,16,powers-two,unrolled,1,32768,1069668,1075694,32.6436767578125,32.82757568359375
256,16,powers-two,aligned-unrolled,1,32768,557888,563946,17.025390625,17.21026611328125
256,16,powers-two,openblas,1,32768,1114372,1120005,34.0079345703125,34.179840087890625
256,16,powers-two,onemkl,1,32768,675928,681616,20.627685546875,20.80126953125
256,16,powers-two,baseline,2,32768,1040318,1045941,31.74798583984375,31.919586181640625
256,16,powers-two,aligned,2,32768,548025,553365,16.724395751953125,16.887359619140625
256,16,powers-two,unrolled,2,32768,1048153,1054159,31.987091064453125,32.170379638671875
256,16,powers-two,aligned-unrolled,2,32768,538584,544317,16.436279296875,16.611236572265625
256,16,powers-two,openblas,2,32768,1088975,1094499,33.232879638671875,33.401458740234375
256,16,powers-two,onemkl,2,32768,662363,695719,20.213714599609375,21.231658935546875
256,16,powers-two,baseline,3,32768,1049697,1055988,32.034210205078125,32.2261962890625
256,16,powers-two,aligned,3,32768,557930,563622,17.02667236328125,17.20037841796875
256,16,powers-two,unrolled,3,32768,1043768,1049837,31.853271484375,32.038482666015625
256,16,powers-two,aligned-unrolled,3,32768,538325,544099,16.428375244140625,16.604583740234375
256,16,powers-two,openblas,3,32768,1095183,1101067,33.422332763671875,33.601898193359375
256,16,powers-two,onemkl,3,32768,672139,678332,20.512054443359375,20.7010498046875
256,16,powers-two,baseline,4,32768,1038171,1043800,31.682464599609375,31.854248046875
256,16,powers-two,aligned,4,32768,544162,574703,16.60650634765625,17.538543701171875
256,16,powers-two,unrolled,4,32768,1041013,1046831,31.769195556640625,31.946746826171875
256,16,powers-two,aligned-unrolled,4,32768,547349,553041,16.703765869140625,16.877471923828125
256,16,powers-two,openblas,4,32768,1084794,1090434,33.10528564453125,33.27740478515625
256,16,powers-two,onemkl,4,32768,651954,657599,19.89605712890625,20.068328857421875
256,16,powers-two,baseline,5,32768,1038471,1044170,31.691619873046875,31.86553955078125
256,16,powers-two,aligned,5,32768,542487,547923,16.555389404296875,16.721282958984375
256,16,powers-two,unrolled,5,32768,1036390,1042058,31.62811279296875,31.80108642578125
256,16,powers-two,aligned-unrolled,5,32768,536681,542402,16.378204345703125,16.55279541015625
256,16,powers-two,openblas,5,32768,1080350,1085995,32.96966552734375,33.141937255859375
256,16,powers-two,onemkl,5,32768,653485,659109,19.942779541015625,20.114410400390625
256,16,powers-two,baseline,6,32768,1037383,1043804,31.658416748046875,31.8543701171875
256,16,powers-two,aligned,6,32768,544261,565828,16.609527587890625,17.2677001953125
256,16,powers-two,unrolled,6,32768,1037805,1043741,31.671295166015625,31.852447509765625
256,16,powers-two,aligned-unrolled,6,32768,535552,541137,16.34375,16.514190673828125
256,16,powers-two,openblas,6,32768,1077869,1083794,32.893951416015625,33.07476806640625
256,16,powers-two,onemkl,6,32768,660466,666059,20.15582275390625,20.326507568359375
256,16,powers-two,baseline,7,32768,1037560,1043122,31.663818359375,31.83355712890625
256,16,powers-two,aligned,7,32768,543280,548707,16.57958984375,16.745208740234375
256,16,powers-two,unrolled,7,32768,1037457,1043215,31.660675048828125,31.836395263671875
256,16,powers-two,aligned-unrolled,7,32768,540693,546266,16.500640869140625,16.67071533203125
256,16,powers-two,openblas,7,32768,1085566,1091251,33.12884521484375,33.302337646484375
256,16,powers-two,onemkl,7,32768,663218,669016,20.23980712890625,20.416748046875
256,16,reset,baseline,1,32768,1445547,1451360,44.114593505859375,44.2919921875
256,16,reset,aligned,1,32768,921640,927515,28.126220703125,28.305511474609375
256,16,reset,unrolled,1,32768,1448825,1473173,44.214630126953125,44.957672119140625
256,16,reset,aligned-unrolled,1,32768,907897,913713,27.706817626953125,27.884307861328125
256,16,reset,openblas,1,32768,1515358,1521175,46.24505615234375,46.422576904296875
256,16,reset,onemkl,1,32768,1020870,1026923,31.15447998046875,31.339202880859375
256,16,reset,baseline,2,32768,1482370,1498811,45.23834228515625,45.740081787109375
256,16,reset,aligned,2,32768,960847,967113,29.322723388671875,29.513946533203125
256,16,reset,unrolled,2,32768,1479166,1485618,45.14056396484375,45.33746337890625
256,16,reset,aligned-unrolled,2,32768,944111,950304,28.811981201171875,29.0009765625
256,16,reset,openblas,2,32768,1523604,1530094,46.4967041015625,46.69476318359375
256,16,reset,onemkl,2,32768,1037347,1071522,31.657318115234375,32.70025634765625
256,16,reset,baseline,3,32768,1502919,1509259,45.865447998046875,46.058929443359375
256,16,reset,aligned,3,32768,979461,985987,29.890777587890625,30.089935302734375
256,16,reset,unrolled,3,32768,1503408,1510651,45.88037109375,46.101409912109375
256,16,reset,aligned-unrolled,3,32768,984820,991112,30.0543212890625,30.246337890625
256,16,reset,openblas,3,32768,1583327,1590025,48.319305419921875,48.523712158203125
256,16,reset,onemkl,3,32768,1120497,1127172,34.194854736328125,34.3985595703125
256,16,reset,baseline,4,32768,1479982,1486279,45.16546630859375,45.357635498046875
256,16,reset,aligned,4,32768,948774,955506,28.95428466796875,29.15972900390625
256,16,reset,unrolled,4,32768,1499636,1506269,45.7652587890625,45.967681884765625
256,16,reset,aligned-unrolled,4,32768,985364,1024652,30.0709228515625,31.2698974609375
256,16,reset,openblas,4,32768,1587256,1594307,48.439208984375,48.654388427734375
256,16,reset,onemkl,4,32768,1094243,1101302,33.393646240234375,33.60906982421875
256,16,reset,baseline,5,32768,1464136,1470113,44.681884765625,44.864288330078125
256,16,reset,aligned,5,32768,940446,946557,28.70013427734375,28.886627197265625
256,16,reset,unrolled,5,32768,1491542,1497433,45.51824951171875,45.698028564453125
256,16,reset,aligned-unrolled,5,32768,913169,919542,27.867706298828125,28.06219482421875
256,16,reset,openblas,5,32768,1511427,1517789,46.125091552734375,46.319244384765625
256,16,reset,onemkl,5,32768,1043742,1083577,31.85247802734375,33.068145751953125
256,16,reset,baseline,6,32768,1465080,1471111,44.710693359375,44.894744873046875
256,16,reset,aligned,6,32768,926699,932772,28.280609130859375,28.4659423828125
256,16,reset,unrolled,6,32768,1463211,1488553,44.653656005859375,45.427032470703125
256,16,reset,aligned-unrolled,6,32768,927628,933562,28.3089599609375,28.49005126953125
256,16,reset,openblas,6,32768,1526794,1537107,46.59405517578125,46.908782958984375
256,16,reset,onemkl,6,32768,1035260,1041439,31.5936279296875,31.782196044921875
256,16,reset,baseline,7,32768,1459146,1465265,44.52960205078125,44.716339111328125
256,16,reset,aligned,7,32768,930433,936657,28.394561767578125,28.584503173828125
256,16,reset,unrolled,7,32768,1462957,1469161,44.645904541015625,44.835235595703125
256,16,reset,aligned-unrolled,7,32768,918697,924552,28.036407470703125,28.215087890625
256,16,reset,openblas,7,32768,1513624,1519922,46.192138671875,46.38433837890625
256,16,reset,onemkl,7,32768,1029539,1035388,31.419036865234375,31.5975341796875
256,24,negate,baseline,1,32768,1055658,1061722,32.21612548828125,32.40118408203125
256,24,negate,aligned,1,32768,533630,539139,16.28509521484375,16.453216552734375
256,24,negate,unrolled,1,32768,1048370,1054003,31.99371337890625,32.165618896484375
256,24,negate,aligned-unrolled,1,32768,525946,545479,16.05059814453125,16.646697998046875
256,24,negate,openblas,1,32768,1093333,1099416,33.365875244140625,33.551513671875
256,24,negate,onemkl,1,32768,650285,663301,19.845123291015625,20.242340087890625
256,24,negate,baseline,2,32768,1060864,1066600,32.375,32.550048828125
256,24,negate,aligned,2,32768,535792,541322,16.35107421875,16.51983642578125
256,24,negate,unrolled,2,32768,1061048,1066611,32.380615234375,32.550384521484375
256,24,negate,aligned-unrolled,2,32768,526118,531685,16.05584716796875,16.225738525390625
256,24,negate,openblas,2,32768,1106947,1112569,33.781341552734375,33.952911376953125
256,24,negate,onemkl,2,32768,662643,668297,20.222259521484375,20.394805908203125
256,24,negate,baseline,3,32768,1062365,1068106,32.420806884765625,32.59600830078125
256,24,negate,aligned,3,32768,540267,546001,16.487640380859375,16.662628173828125
256,24,negate,unrolled,3,32768,1075288,1086651,32.815185546875,33.161956787109375
256,24,negate,aligned-unrolled,3,32768,527962,533683,16.11212158203125,16.286712646484375
256,24,negate,openblas,3,32768,1104899,1110617,33.718841552734375,33.893341064453125
256,24,negate,onemkl,3,32768,656885,681794,20.046539306640625,20.80670166015625
256,24,negate,baseline,4,32768,1042983,1049193,31.829315185546875,32.018829345703125
256,24,negate,aligned,4,32768,528470,533898,16.12762451171875,16.29327392578125
256,24,negate,unrolled,4,32768,1045135,1050715,31.894989013671875,32.065277099609375
256,24,negate,aligned-unrolled,4,32768,519517,525042,15.854400634765625,16.02301025390625
256,24,negate,openblas,4,32768,1100227,1106028,33.576263427734375,33.7532958984375
256,24,negate,onemkl,4,32768,651959,657487,19.896209716796875,20.064910888671875
256,24,negate,baseline,5,32768,1073777,1079928,32.769073486328125,32.956787109375
256,24,negate,aligned,5,32768,538734,544221,16.44085693359375,16.608306884765625
256,24,negate,unrolled,5,32768,1064766,1070508,32.49407958984375,32.6693115234375
256,24,negate,aligned-unrolled,5,32768,529379,549602,16.155364990234375,16.77252197265625
256,24,negate,openblas,5,32768,1109450,1115660,33.85772705078125,34.0472412109375
256,24,negate,onemkl,5,32768,656297,662155,20.028594970703125,20.207366943359375
256,24,negate,baseline,6,32768,1067908,1073871,32.5899658203125,32.771942138671875
256,24,negate,aligned,6,32768,541726,547270,16.53216552734375,16.70135498046875
256,24,negate,unrolled,6,32768,1062119,1067587,32.413299560546875,32.580169677734375
256,24,negate,aligned-unrolled,6,32768,533208,538774,16.272216796875,16.44207763671875
256,24,negate,openblas,6,32768,1114762,1120423,34.01983642578125,34.192596435546875
256,24,negate,onemkl,6,32768,662856,668624,20.228759765625,20.40478515625
256,24,negate,baseline,7,32768,1062296,1081676,32.418701171875,33.0101318359375
256,24,negate,aligned,7,32768,546472,551987,16.677001953125,16.845306396484375
256,24,negate,unrolled,7,32768,1068985,1074879,32.622833251953125,32.802703857421875
256,24,negate,aligned-unrolled,7,32768,543451,549310,16.584808349609375,16.76361083984375
256,24,negate,openblas,7,32768,1118033,1124120,34.119659423828125,34.305419921875
256,24,negate,onemkl,7,32768,671119,676876,20.480926513671875,20.6566162109375
256,24,powers-two,baseline,1,32768,1065123,1070848,32.504974365234375,32.6796875
256,24,powers-two,aligned,1,32768,548295,553832,16.732635498046875,16.901611328125
256,24,powers-two,unrolled,1,32768,1065155,1071288,32.505950927734375,32.693115234375
256,24,powers-two,aligned-unrolled,1,32768,541947,547855,16.538909912109375,16.719207763671875
256,24,powers-two,openblas,1,32768,1109354,1130015,33.85479736328125,34.485321044921875
256,24,powers-two,onemkl,1,32768,664002,669786,20.26373291015625,20.44024658203125
256,24,powers-two,baseline,2,32768,1049547,1055153,32.029632568359375,32.200714111328125
256,24,powers-two,aligned,2,32768,538437,543870,16.431793212890625,16.59759521484375
256,24,powers-two,unrolled,2,32768,1046979,1052434,31.951263427734375,32.11773681640625
256,24,powers-two,aligned-unrolled,2,32768,528721,534581,16.135284423828125,16.314117431640625
256,24,powers-two,openblas,2,32768,1091985,1097773,33.324737548828125,33.501373291015625
256,24,powers-two,onemkl,2,32768,652597,658118,19.915679931640625,20.08416748046875
256,24,powers-two,baseline,3,32768,1047946,1053604,31.98077392578125,32.1534423828125
256,24,powers-two,aligned,3,32768,541518,546929,16.52581787109375,16.690948486328125
256,24,powers-two,unrolled,3,32768,1046810,1052456,31.94610595703125,32.118408203125
256,24,powers-two,aligned-unrolled,3,32768,537230,543068,16.39495849609375,16.5731201171875
256,24,powers-two,openblas,3,32768,1096496,1117622,33.46240234375,34.10711669921875
256,24,powers-two,onemkl,3,32768,656006,661566,20.01971435546875,20.18939208984375
256,24,powers-two,baseline,4,32768,1039088,1044885,31.71044921875,31.887359619140625
256,24,powers-two,aligned,4,32768,534357,539665,16.307281494140625,16.469268798828125
256,24,powers-two,unrolled,4,32768,1036814,1042296,31.64105224609375,31.808349609375
256,24,powers-two,aligned-unrolled,4,32768,529412,534832,16.1563720703125,16.32177734375
256,24,powers-two,openblas,4,32768,1077804,1083275,32.8919677734375,33.058929443359375
256,24,powers-two,onemkl,4,32768,643540,648951,19.6392822265625,19.804412841796875
256,24,powers-two,baseline,5,32768,1042986,1048572,31.82940673828125,31.9998779296875
256,24,powers-two,aligned,5,32768,535376,540876,16.33837890625,16.5062255859375
256,24,powers-two,unrolled,5,32768,1038180,1044058,31.6827392578125,31.86212158203125
256,24,powers-two,aligned-unrolled,5,32768,529116,547320,16.1473388671875,16.702880859375
256,24,powers-two,openblas,5,32768,1087634,1093172,33.19195556640625,33.3609619140625
256,24,powers-two,onemkl,5,32768,650781,656222,19.860260009765625,20.02630615234375
256,24,powers-two,baseline,6,32768,1024744,1030202,31.272705078125,31.43927001953125
256,24,powers-two,aligned,6,32768,528753,534151,16.136260986328125,16.300994873046875
256,24,powers-two,unrolled,6,32768,1030793,1036451,31.457305908203125,31.629974365234375
256,24,powers-two,aligned-unrolled,6,32768,523256,528700,15.968505859375,16.1346435546875
256,24,powers-two,openblas,6,32768,1074925,1080664,32.804107666015625,32.979248046875
256,24,powers-two,onemkl,6,32768,636978,642455,19.43902587890625,19.606170654296875
256,24,powers-two,baseline,7,32768,1011980,1017808,30.8831787109375,31.06103515625
256,24,powers-two,aligned,7,32768,523708,541860,15.9822998046875,16.5362548828125
256,24,powers-two,unrolled,7,32768,1018501,1023893,31.082183837890625,31.246734619140625
256,24,powers-two,aligned-unrolled,7,32768,511990,517344,15.62469482421875,15.7880859375
256,24,powers-two,openblas,7,32768,1053544,1058867,32.151611328125,32.314056396484375
256,24,powers-two,onemkl,7,32768,629162,634398,19.20050048828125,19.36029052734375
256,24,reset,baseline,1,32768,1408145,1414242,42.973175048828125,43.15924072265625
256,24,reset,aligned,1,32768,930449,935973,28.395050048828125,28.563629150390625
256,24,reset,unrolled,1,32768,1405896,1411657,42.904541015625,43.080352783203125
256,24,reset,aligned-unrolled,1,32768,929449,935039,28.364532470703125,28.535125732421875
256,24,reset,openblas,1,32768,1453014,1458897,44.34246826171875,44.522003173828125
256,24,reset,onemkl,1,32768,1083086,1112315,33.05316162109375,33.945159912109375
256,24,reset,baseline,2,32768,1421512,1427562,43.381103515625,43.56573486328125
256,24,reset,aligned,2,32768,942656,948182,28.767578125,28.93621826171875
256,24,reset,unrolled,2,32768,1430427,1436014,43.653167724609375,43.82366943359375
256,24,reset,aligned-unrolled,2,32768,936805,942835,28.589019775390625,28.773040771484375
256,24,reset,openblas,2,32768,1477817,1483682,45.099395751953125,45.27838134765625
256,24,reset,onemkl,2,32768,1100157,1106093,33.574127197265625,33.755279541015625
256,24,reset,baseline,3,32768,1409192,1429886,43.005126953125,43.63665771484375
256,24,reset,aligned,3,32768,946898,954422,28.89703369140625,29.12664794921875
256,24,reset,unrolled,3,32768,1418613,1424224,43.292633056640625,43.4638671875
256,24,reset,aligned-unrolled,3,32768,932495,938266,28.457489013671875,28.63360595703125
256,24,reset,openblas,3,32768,1469536,1475437,44.8466796875,45.026763916015625
256,24,reset,onemkl,3,32768,1105728,1111825,33.744140625,33.930206298828125
256,24,reset,baseline,4,32768,1409946,1416123,43.02813720703125,43.216644287109375
256,24,reset,aligned,4,32768,947543,953532,28.916717529296875,29.0994873046875
256,24,reset,unrolled,4,32768,1423690,1429470,43.44757080078125,43.62396240234375
256,24,reset,aligned-unrolled,4,32768,936388,955359,28.5762939453125,29.155242919921875
256,24,reset,openblas,4,32768,1472141,1478172,44.926177978515625,45.1102294921875
256,24,reset,onemkl,4,32768,1099242,1105507,33.54620361328125,33.737396240234375
256,24,reset,baseline,5,32768,1386658,1392519,42.31744384765625,42.496307373046875
256,24,reset,aligned,5,32768,929260,934606,28.3587646484375,28.52191162109375
256,24,reset,unrolled,5,32768,1391393,1396747,42.461944580078125,42.625335693359375
256,24,reset,aligned-unrolled,5,32768,920689,926054,28.097198486328125,28.26092529296875
256,24,reset,openblas,5,32768,1446447,1451967,44.142059326171875,44.310516357421875
256,24,reset,onemkl,5,32768,1075176,1080604,32.811767578125,32.9774169921875
256,24,reset,baseline,6,32768,1401788,1407444,42.7791748046875,42.9517822265625
256,24,reset,aligned,6,32768,937672,958473,28.615478515625,29.250274658203125
256,24,reset,unrolled,6,32768,1404986,1410423,42.87677001953125,43.042694091796875
256,24,reset,aligned-unrolled,6,32768,924960,930336,28.2275390625,28.3916015625
256,24,reset,openblas,6,32768,1458666,1464181,44.51495361328125,44.683258056640625
256,24,reset,onemkl,6,32768,1088135,1094059,33.207244873046875,33.388031005859375
256,24,reset,baseline,7,32768,1420685,1426658,43.355865478515625,43.53814697265625
256,24,reset,aligned,7,32768,943067,948776,28.780120849609375,28.954345703125
256,24,reset,unrolled,7,32768,1428807,1448520,43.603729248046875,44.205322265625
256,24,reset,aligned-unrolled,7,32768,958681,964674,29.256622314453125,29.43951416015625
256,24,reset,openblas,7,32768,1502400,1508410,45.849609375,46.03302001953125
256,24,reset,onemkl,7,32768,1112482,1120570,33.95025634765625,34.19708251953125
4096,0,negate,baseline,1,2048,485074,491531,236.8525390625,240.00537109375
4096,0,negate,aligned,1,2048,483086,489506,235.8818359375,239.0166015625
4096,0,negate,unrolled,1,2048,462773,469215,225.96337890625,229.10888671875
4096,0,negate,aligned-unrolled,1,2048,442034,476727,215.8369140625,232.77685546875
4096,0,negate,openblas,1,2048,416186,422652,203.2158203125,206.373046875
4096,0,negate,onemkl,1,2048,423431,429959,206.75341796875,209.94091796875
4096,0,negate,baseline,2,2048,473077,479139,230.99462890625,233.95458984375
4096,0,negate,aligned,2,2048,467748,473727,228.392578125,231.31201171875
4096,0,negate,unrolled,2,2048,439049,445325,214.37939453125,217.44384765625
4096,0,negate,aligned-unrolled,2,2048,426714,432794,208.3564453125,211.3251953125
4096,0,negate,openblas,2,2048,395780,401878,193.251953125,196.2294921875
4096,0,negate,onemkl,2,2048,420954,426974,205.5439453125,208.4833984375
4096,0,negate,baseline,3,2048,475526,481488,232.1904296875,235.1015625
4096,0,negate,aligned,3,2048,468295,474457,228.65966796875,231.66845703125
4096,0,negate,unrolled,3,2048,426763,432732,208.38037109375,211.294921875
4096,0,negate,aligned-unrolled,3,2048,421513,427478,205.81689453125,208.7294921875
4096,0,negate,openblas,3,2048,392391,398427,191.59716796875,194.54443359375
4096,0,negate,onemkl,3,2048,389035,394980,189.95849609375,192.861328125
4096,0,negate,baseline,4,2048,459711,465686,224.46826171875,227.3857421875
4096,0,negate,aligned,4,2048,456334,464629,222.8193359375,226.86962890625
4096,0,negate,unrolled,4,2048,422686,428360,206.3896484375,209.16015625
4096,0,negate,aligned-unrolled,4,2048,413892,419638,202.095703125,204.9013671875
4096,0,negate,openblas,4,2048,386788,392561,188.861328125,191.68017578125
4096,0,negate,onemkl,4,2048,384242,390019,187.6181640625,190.43896484375
4096,0,negate,baseline,5,2048,472031,477882,230.48388671875,233.3408203125
4096,0,negate,aligned,5,2048,460140,465946,224.677734375,227.5126953125
4096,0,negate,unrolled,5,2048,431673,437521,210.77783203125,213.63330078125
4096,0,negate,aligned-unrolled,5,2048,422218,428163,206.1611328125,209.06396484375
4096,0,negate,openblas,5,2048,390562,422200,190.7041015625,206.15234375
4096,0,negate,onemkl,5,2048,386760,392665,188.84765625,191.73095703125
4096,0,negate,baseline,6,2048,469345,475315,229.17236328125,232.08740234375
4096,0,negate,aligned,6,2048,463331,469378,226.23583984375,229.1884765625
4096,0,negate,unrolled,6,2048,443734,449614,216.6669921875,219.5380859375
4096,0,negate,aligned-unrolled,6,2048,420471,426622,205.30810546875,208.3115234375
4096,0,negate,openblas,6,2048,389788,395739,190.326171875,193.23193359375
4096,0,negate,onemkl,6,2048,390408,396325,190.62890625,193.51806640625
4096,0,negate,baseline,7,2048,468260,474176,228.642578125,231.53125
4096,0,negate,aligned,7,2048,467795,473950,228.41552734375,231.4208984375
4096,0,negate,unrolled,7,2048,427734,433646,208.8544921875,211.7412109375
4096,0,negate,aligned-unrolled,7,2048,417080,423378,203.65234375,206.7275390625
4096,0,negate,openblas,7,2048,389040,394945,189.9609375,192.84423828125
4096,0,negate,onemkl,7,2048,396617,402780,193.66064453125,196.669921875
4096,0,powers-two,baseline,1,2048,481798,487790,235.2529296875,238.1787109375
4096,0,powers-two,aligned,1,2048,470300,476162,229.638671875,232.5009765625
4096,0,powers-two,unrolled,1,2048,433472,439477,211.65625,214.58837890625
4096,0,powers-two,aligned-unrolled,1,2048,425415,431357,207.72216796875,210.62353515625
4096,0,powers-two,openblas,1,2048,400633,406698,195.62158203125,198.5830078125
4096,0,powers-two,onemkl,1,2048,411665,417595,201.00830078125,203.90380859375
4096,0,powers-two,baseline,2,2048,462767,472076,225.96044921875,230.505859375
4096,0,powers-two,aligned,2,2048,457019,462824,223.15380859375,225.98828125
4096,0,powers-two,unrolled,2,2048,425501,431290,207.76416015625,210.5908203125
4096,0,powers-two,aligned-unrolled,2,2048,418155,424175,204.17724609375,207.11669921875
4096,0,powers-two,openblas,2,2048,390693,396519,190.76806640625,193.61279296875
4096,0,powers-two,onemkl,2,2048,409147,415031,199.77880859375,202.65185546875
4096,0,powers-two,baseline,3,2048,462942,468958,226.0458984375,228.9833984375
4096,0,powers-two,aligned,3,2048,453519,459362,221.44482421875,224.2978515625
4096,0,powers-two,unrolled,3,2048,419605,425869,204.88525390625,207.94384765625
4096,0,powers-two,aligned-unrolled,3,2048,412740,418592,201.533203125,204.390625
4096,0,powers-two,openblas,3,2048,383084,389276,187.052734375,190.076171875
4096,0,powers-two,onemkl,3,2048,393259,399460,192.02099609375,195.048828125
4096,0,powers-two,baseline,4,2048,458242,464232,223.7509765625,226.67578125
4096,0,powers-two,aligned,4,2048,460904,466808,225.05078125,227.93359375
4096,0,powers-two,unrolled,4,2048,433212,439162,211.529296875,214.4345703125
4096,0,powers-two,aligned-unrolled,4,2048,413100,418840,201.708984375,204.51171875
4096,0,powers-two,openblas,4,2048,393036,399008,191.912109375,194.828125
4096,0,powers-two,onemkl,4,2048,396890,420163,193.7939453125,205.15771484375
4096,0,powers-two,baseline,5,2048,459868,465759,224.544921875,227.42138671875
4096,0,powers-two,aligned,5,2048,456741,462438,223.01806640625,225.7998046875
4096,0,powers-two,unrolled,5,2048,420638,426547,205.3896484375,208.27490234375
4096,0,powers-two,aligned-unrolled,5,2048,408447,414163,199.43701171875,202.22802734375
4096,0,powers-two,openblas,5,2048,385292,391447,188.130859375,191.13623046875
4096,0,powers-two,onemkl,5,2048,382209,387995,186.62548828125,189.45068359375
4096,0,powers-two,baseline,6,2048,473222,479221,231.0654296875,233.99462890625
4096,0,powers-two,aligned,6,2048,469719,476017,229.35498046875,232.43017578125
4096,0,powers-two,unrolled,6,2048,432802,439231,211.3291015625,214.46826171875
4096,0,powers-two,aligned-unrolled,6,2048,425455,431718,207.74169921875,210.7998046875
4096,0,powers-two,openblas,6,2048,399294,405519,194.9677734375,198.00732421875
4096,0,powers-two,onemkl,6,2048,397095,403400,193.89404296875,196.97265625
4096,0,powers-two,baseline,7,2048,460629,466425,224.91650390625,227.74658203125
4096,0,powers-two,aligned,7,2048,454922,460656,222.1298828125,224.9296875
4096,0,powers-two,unrolled,7,2048,421451,427203,205.78662109375,208.59521484375
4096,0,powers-two,aligned-unrolled,7,2048,415542,421340,202.9013671875,205.732421875
4096,0,powers-two,openblas,7,2048,385679,391616,188.31982421875,191.21875
4096,0,powers-two,onemkl,7,2048,383665,389499,187.33642578125,190.18505859375
4096,0,reset,baseline,1,2048,1563546,1569880,763.4501953125,766.54296875
4096,0,reset,aligned,1,2048,1543991,1550179,753.90185546875,756.92333984375
4096,0,reset,unrolled,1,2048,1512915,1518923,738.72802734375,741.66162109375
4096,0,reset,aligned-unrolled,1,2048,1517248,1523625,740.84375,743.95751953125
4096,0,reset,openblas,1,2048,1544213,1565490,754.01025390625,764.3994140625
4096,0,reset,onemkl,1,2048,1559454,1565498,761.4521484375,764.4033203125
4096,0,reset,baseline,2,2048,1525352,1531115,744.80078125,747.61474609375
4096,0,reset,aligned,2,2048,1525866,1531982,745.0517578125,748.0380859375
4096,0,reset,unrolled,2,2048,1506688,1512649,735.6875,738.59814453125
4096,0,reset,aligned-unrolled,2,2048,1507673,1513585,736.16845703125,739.05517578125
4096,0,reset,openblas,2,2048,1531125,1550027,747.61962890625,756.84912109375
4096,0,reset,onemkl,2,2048,1542382,1548027,753.1162109375,755.87255859375
4096,0,reset,baseline,3,2048,1529934,1535882,747.0380859375,749.9423828125
4096,0,reset,aligned,3,2048,1523040,1528965,743.671875,746.56494140625
4096,0,reset,unrolled,3,2048,1502539,1508613,733.66162109375,736.62744140625
4096,0,reset,aligned-unrolled,3,2048,1494994,1502566,729.9775390625,733.6748046875
4096,0,reset,openblas,3,2048,1546683,1552847,755.21630859375,758.22607421875
4096,0,reset,onemkl,3,2048,1546254,1566753,755.0068359375,765.01611328125
4096,0,reset,baseline,4,2048,1539114,1545149,751.5205078125,754.46728515625
4096,0,reset,aligned,4,2048,1680986,1687081,820.7939453125,823.77001953125
4096,0,reset,unrolled,4,2048,1511010,1534020,737.7978515625,749.033203125
4096,0,reset,aligned-unrolled,4,2048,1497588,1503391,731.244140625,734.07763671875
4096,0,reset,openblas,4,2048,1536014,1541946,750.0068359375,752.9033203125
4096,0,reset,onemkl,4,2048,1552999,1558764,758.30029296875,761.115234375
4096,0,reset,baseline,5,2048,1538630,1544674,751.2841796875,754.2353515625
4096,0,reset,aligned,5,2048,1539736,1545786,751.82421875,754.7783203125
4096,0,reset,unrolled,5,2048,1513228,1519332,738.880859375,741.861328125
4096,0,reset,aligned-unrolled,5,2048,1511070,1516990,737.8271484375,740.7177734375
4096,0,reset,openblas,5,2048,1551768,1557670,757.69921875,760.5810546875
4096,0,reset,onemkl,5,2048,1558831,1564858,761.14794921875,764.0908203125
4096,0,reset,baseline,6,2048,1534883,1540856,749.45458984375,752.37109375
4096,0,reset,aligned,6,2048,1528988,1534924,746.576171875,749.474609375
4096,0,reset,unrolled,6,2048,1500309,1505951,732.57275390625,735.32763671875
4096,0,reset,aligned-unrolled,6,2048,1501472,1507244,733.140625,735.958984375
4096,0,reset,openblas,6,2048,1536254,1554517,750.1240234375,759.04150390625
4096,0,reset,onemkl,6,2048,1544550,1550334,754.1748046875,756.9990234375
4096,0,reset,baseline,7,2048,1562363,1584207,762.87255859375,773.53857421875
4096,0,reset,aligned,7,2048,1551743,1557693,757.68701171875,760.59228515625
4096,0,reset,unrolled,7,2048,1521082,1526973,742.7158203125,745.59228515625
4096,0,reset,aligned-unrolled,7,2048,1512162,1518086,738.3603515625,741.2529296875
4096,0,reset,openblas,7,2048,1547957,1554492,755.83837890625,759.029296875
4096,0,reset,onemkl,7,2048,1561411,1567320,762.40771484375,765.29296875
4096,8,negate,baseline,1,2048,870599,875875,425.09716796875,427.67333984375
4096,8,negate,aligned,1,2048,418285,423519,204.24072265625,206.79638671875
4096,8,negate,unrolled,1,2048,877509,882980,428.47119140625,431.142578125
4096,8,negate,aligned-unrolled,1,2048,394536,399937,192.64453125,195.28173828125
4096,8,negate,openblas,1,2048,874457,879994,426.98095703125,429.6845703125
4096,8,negate,onemkl,1,2048,361275,366436,176.40380859375,178.923828125
4096,8,negate,baseline,2,2048,866651,871934,423.16943359375,425.7490234375
4096,8,negate,aligned,2,2048,414263,419395,202.27685546875,204.78271484375
4096,8,negate,unrolled,2,2048,868606,873906,424.1240234375,426.7119140625
4096,8,negate,aligned-unrolled,2,2048,394321,399774,192.53955078125,195.2021484375
4096,8,negate,openblas,2,2048,864673,882733,422.20361328125,431.02197265625
4096,8,negate,onemkl,2,2048,358354,363562,174.9775390625,177.5205078125
4096,8,negate,baseline,3,2048,864628,869834,422.181640625,424.7236328125
4096,8,negate,aligned,3,2048,416777,421943,203.50439453125,206.02685546875
4096,8,negate,unrolled,3,2048,862611,867846,421.19677734375,423.7529296875
4096,8,negate,aligned-unrolled,3,2048,393755,399068,192.26318359375,194.857421875
4096,8,negate,openblas,3,2048,868001,873173,423.82861328125,426.35400390625
4096,8,negate,onemkl,3,2048,363075,368297,177.28271484375,179.83251953125
4096,8,negate,baseline,4,2048,867074,872236,423.3759765625,425.896484375
4096,8,negate,aligned,4,2048,416017,421156,203.13330078125,205.642578125
4096,8,negate,unrolled,4,2048,862786,868036,421.2822265625,423.845703125
4096,8,negate,aligned-unrolled,4,2048,394732,400114,192.740234375,195.3681640625
4096,8,negate,openblas,4,2048,867279,872522,423.47607421875,426.0361328125
4096,8,negate,onemkl,4,2048,365924,371186,178.673828125,181.2431640625
4096,8,negate,baseline,5,2048,873391,878674,426.46044921875,429.0400390625
4096,8,negate,aligned,5,2048,420863,426110,205.49951171875,208.0615234375
4096,8,negate,unrolled,5,2048,871677,888264,425.62353515625,433.72265625
4096,8,negate,aligned-unrolled,5,2048,400096,405684,195.359375,198.087890625
4096,8,negate,openblas,5,2048,870183,875955,424.89404296875,427.71240234375
4096,8,negate,onemkl,5,2048,365783,371125,178.60498046875,181.21337890625
4096,8,negate,baseline,6,2048,869961,875115,424.78564453125,427.30224609375
4096,8,negate,aligned,6,2048,417186,422557,203.7041015625,206.32666015625
4096,8,negate,unrolled,6,2048,870412,875779,425.005859375,427.62646484375
4096,8,negate,aligned-unrolled,6,2048,421744,427118,205.9296875,208.5537109375
4096,8,negate,openblas,6,2048,868015,873310,423.83544921875,426.4208984375
4096,8,negate,onemkl,6,2048,366704,372049,179.0546875,181.66455078125
4096,8,negate,baseline,7,2048,865426,870593,422.5712890625,425.09423828125
4096,8,negate,aligned,7,2048,416070,421241,203.1591796875,205.68408203125
4096,8,negate,unrolled,7,2048,868109,873332,423.88134765625,426.431640625
4096,8,negate,aligned-unrolled,7,2048,403642,409079,197.0908203125,199.74560546875
4096,8,negate,openblas,7,2048,865621,870874,422.66650390625,425.2314453125
4096,8,negate,onemkl,7,2048,360557,365740,176.05322265625,178.583984375
4096,8,powers-two,baseline,1,2048,865373,870753,422.54541015625,425.17236328125
4096,8,powers-two,aligned,1,2048,416948,422255,203.587890625,206.17919921875
4096,8,powers-two,unrolled,1,2048,870649,876125,425.12158203125,427.79541015625
4096,8,powers-two,aligned-unrolled,1,2048,400485,419461,195.54931640625,204.81494140625
4096,8,powers-two,openblas,1,2048,878171,902002,428.79443359375,440.4306640625
4096,8,powers-two,onemkl,1,2048,363378,368702,177.4306640625,180.0302734375
4096,8,powers-two,baseline,2,2048,865634,870839,422.6728515625,425.21435546875
4096,8,powers-two,aligned,2,2048,418502,423688,204.3466796875,206.87890625
4096,8,powers-two,unrolled,2,2048,872621,878009,426.08447265625,428.71533203125
4096,8,powers-two,aligned-unrolled,2,2048,395882,401115,193.3017578125,195.85693359375
4096,8,powers-two,openblas,2,2048,865319,870478,422.51904296875,425.0380859375
4096,8,powers-two,onemkl,2,2048,359454,364710,175.5146484375,178.0810546875
4096,8,powers-two,baseline,3,2048,873993,879270,426.75439453125,429.3310546875
4096,8,powers-two,aligned,3,2048,414326,419552,202.3076171875,204.859375
4096,8,powers-two,unrolled,3,2048,866116,871427,422.908203125,425.50146484375
4096,8,powers-two,aligned-unrolled,3,2048,392068,397273,191.439453125,193.98095703125
4096,8,powers-two,openblas,3,2048,870070,875389,424.8388671875,427.43603515625
4096,8,powers-two,onemkl,3,2048,360320,365596,175.9375,178.513671875
4096,8,powers-two,baseline,4,2048,864936,879489,422.33203125,429.43798828125
4096,8,powers-two,aligned,4,2048,413252,418568,201.783203125,204.37890625
4096,8,powers-two,unrolled,4,2048,862801,868118,421.28955078125,423.8857421875
4096,8,powers-two,aligned-unrolled,4,2048,393731,398959,192.25146484375,194.80419921875
4096,8,powers-two,openblas,4,2048,865586,870888,422.6494140625,425.23828125
4096,8,powers-two,onemkl,4,2048,367228,378340,179.310546875,184.736328125
4096,8,powers-two,baseline,5,2048,866099,871427,422.89990234375,425.50146484375
4096,8,powers-two,aligned,5,2048,416670,422158,203.4521484375,206.1318359375
4096,8,powers-two,unrolled,5,2048,863538,869025,421.6494140625,424.32861328125
4096,8,powers-two,aligned-unrolled,5,2048,395138,400341,192.9384765625,195.47900390625
4096,8,powers-two,openblas,5,2048,873113,878552,426.32470703125,428.98046875
4096,8,powers-two,onemkl,5,2048,365419,370746,178.42724609375,181.0283203125
4096,8,powers-two,baseline,6,2048,864921,870119,422.32470703125,424.86279296875
4096,8,powers-two,aligned,6,2048,414092,419250,202.193359375,204.7119140625
4096,8,powers-two,unrolled,6,2048,868562,873755,424.1025390625,426.63818359375
4096,8,powers-two,aligned-unrolled,6,2048,393518,398686,192.1474609375,194.6708984375
4096,8,powers-two,openblas,6,2048,873342,878959,426.4365234375,429.17919921875
4096,8,powers-two,onemkl,6,2048,357447,362666,174.53466796875,177.0830078125
4096,8,powers-two,baseline,7,2048,867216,883741,423.4453125,431.51416015625
4096,8,powers-two,aligned,7,2048,415511,420726,202.88623046875,205.4326171875
4096,8,powers-two,unrolled,7,2048,862712,867968,421.24609375,423.8125
4096,8,powers-two,aligned-unrolled,7,2048,393262,398397,192.0224609375,194.52978515625
4096,8,powers-two,openblas,7,2048,867279,872567,423.47607421875,426.05810546875
4096,8,powers-two,onemkl,7,2048,359558,364810,175.5654296875,178.1298828125
4096,8,reset,baseline,1,2048,1926775,1932713,940.80810546875,943.70751953125
4096,8,reset,aligned,1,2048,1520605,1526605,742.48291015625,745.41259765625
4096,8,reset,unrolled,1,2048,1916686,1933970,935.8818359375,944.3212890625
4096,8,reset,aligned-unrolled,1,2048,1513960,1519759,739.23828125,742.06982421875
4096,8,reset,openblas,1,2048,1947545,1953291,950.94970703125,953.75537109375
4096,8,reset,onemkl,1,2048,1545902,1551775,754.8349609375,757.70263671875
4096,8,reset,baseline,2,2048,1904609,1910437,929.98486328125,932.83056640625
4096,8,reset,aligned,2,2048,1517293,1522913,740.86572265625,743.60986328125
4096,8,reset,unrolled,2,2048,1894096,1900168,924.8515625,927.81640625
4096,8,reset,aligned-unrolled,2,2048,1499266,1519375,732.0634765625,741.88232421875
4096,8,reset,openblas,2,2048,1929066,1935336,941.9267578125,944.98828125
4096,8,reset,onemkl,2,2048,1538524,1544351,751.232421875,754.07763671875
4096,8,reset,baseline,3,2048,1895197,1901048,925.38916015625,928.24609375
4096,8,reset,aligned,3,2048,1505436,1530343,735.076171875,747.23779296875
4096,8,reset,unrolled,3,2048,1882561,1888556,919.21923828125,922.146484375
4096,8,reset,aligned-unrolled,3,2048,1478477,1484185,721.91259765625,724.69970703125
4096,8,reset,openblas,3,2048,1926025,1931727,940.44189453125,943.22607421875
4096,8,reset,onemkl,3,2048,1531924,1537821,748.009765625,750.88916015625
4096,8,reset,baseline,4,2048,1896516,1902276,926.033203125,928.845703125
4096,8,reset,aligned,4,2048,1507561,1513356,736.11376953125,738.943359375
4096,8,reset,unrolled,4,2048,1911955,1917662,933.57177734375,936.3583984375
4096,8,reset,aligned-unrolled,4,2048,1497351,1516918,731.12841796875,740.6826171875
4096,8,reset,openblas,4,2048,1923262,1928934,939.0927734375,941.8623046875
4096,8,reset,onemkl,4,2048,1533778,1539754,748.9150390625,751.8330078125
4096,8,reset,baseline,5,2048,1899968,1905836,927.71875,930.583984375
4096,8,reset,aligned,5,2048,1510104,1515895,737.35546875,740.18310546875
4096,8,reset,unrolled,5,2048,1901593,1908118,928.51220703125,931.6982421875
4096,8,reset,aligned-unrolled,5,2048,1515609,1521559,740.04345703125,742.94873046875
4096,8,reset,openblas,5,2048,1939030,1944817,946.7919921875,949.61767578125
4096,8,reset,onemkl,5,2048,1539905,1545608,751.90673828125,754.69140625
4096,8,reset,baseline,6,2048,1922034,1927857,938.4931640625,941.33642578125
4096,8,reset,aligned,6,2048,1517377,1523202,740.90673828125,743.7509765625
4096,8,reset,unrolled,6,2048,1926344,1932182,940.59765625,943.4482421875
4096,8,reset,aligned-unrolled,6,2048,1496979,1502671,730.94677734375,733.72607421875
4096,8,reset,openblas,6,2048,1923566,1942006,939.2412109375,948.2451171875
4096,8,reset,onemkl,6,2048,1545721,1551437,754.74658203125,757.53759765625
4096,8,reset,baseline,7,2048,1913794,1930844,934.4697265625,942.794921875
4096,8,reset,aligned,7,2048,1509624,1515358,737.12109375,739.9208984375
4096,8,reset,unrolled,7,2048,1897130,1903246,926.3330078125,929.3193359375
4096,8,reset,aligned-unrolled,7,2048,1486547,1492527,725.85302734375,728.77294921875
4096,8,reset,openblas,7,2048,1937889,1943739,946.23486328125,949.09130859375
4096,8,reset,onemkl,7,2048,1534187,1541715,749.11474609375,752.79052734375
4096,16,negate,baseline,1,2048,859703,864892,419.77685546875,422.310546875
4096,16,negate,aligned,1,2048,416676,421903,203.455078125,206.00732421875
4096,16,negate,unrolled,1,2048,857591,862791,418.74560546875,421.28466796875
4096,16,negate,aligned-unrolled,1,2048,390852,396038,190.845703125,193.3779296875
4096,16,negate,openblas,1,2048,862335,867522,421.06201171875,423.5947265625
4096,16,negate,onemkl,1,2048,354719,359990,173.20263671875,175.7763671875
4096,16,negate,baseline,2,2048,872138,877497,425.8486328125,428.46533203125
4096,16,negate,aligned,2,2048,414630,431645,202.4560546875,210.76416015625
4096,16,negate,unrolled,2,2048,867461,872802,423.56494140625,426.1728515625
4096,16,negate,aligned-unrolled,2,2048,393097,398373,191.94189453125,194.51806640625
4096,16,negate,openblas,2,2048,869112,874404,424.37109375,426.955078125
4096,16,negate,onemkl,2,2048,358426,363781,175.0126953125,177.62744140625
4096,16,negate,baseline,3,2048,868652,873843,424.146484375,426.68115234375
4096,16,negate,aligned,3,2048,417840,423024,204.0234375,206.5546875
4096,16,negate,unrolled,3,2048,862698,868022,421.2392578125,423.8388671875
4096,16,negate,aligned-unrolled,3,2048,394471,399722,192.61279296875,195.1767578125
4096,16,negate,openblas,3,2048,865163,870381,422.44287109375,424.99072265625
4096,16,negate,onemkl,3,2048,363678,368950,177.5771484375,180.1513671875
4096,16,negate,baseline,4,2048,866314,871454,423.0048828125,425.5146484375
4096,16,negate,aligned,4,2048,416799,421972,203.51513671875,206.041015625
4096,16,negate,unrolled,4,2048,864799,870022,422.26513671875,424.8154296875
4096,16,negate,aligned-unrolled,4,2048,394403,399585,192.57958984375,195.10986328125
4096,16,negate,openblas,4,2048,937213,1029563,457.62353515625,502.71630859375
4096,16,negate,onemkl,4,2048,359474,364650,175.5244140625,178.0517578125
4096,16,negate,baseline,5,2048,858299,863430,419.09130859375,421.5966796875
4096,16,negate,aligned,5,2048,412808,417928,201.56640625,204.06640625
4096,16,negate,unrolled,5,2048,863408,868604,421.5859375,424.123046875
4096,16,negate,aligned-unrolled,5,2048,392776,397956,191.78515625,194.314453125
4096,16,negate,openblas,5,2048,865167,870451,422.44482421875,425.02490234375
4096,16,negate,onemkl,5,2048,354063,376054,172.88232421875,183.6201171875
4096,16,negate,baseline,6,2048,842696,847695,411.47265625,413.91357421875
4096,16,negate,aligned,6,2048,411689,416851,201.02001953125,203.54052734375
4096,16,negate,unrolled,6,2048,845444,851011,412.814453125,415.53271484375
4096,16,negate,aligned-unrolled,6,2048,385005,390178,187.99072265625,190.5166015625
4096,16,negate,openblas,6,2048,845044,850167,412.619140625,415.12060546875
4096,16,negate,onemkl,6,2048,351387,356574,171.57568359375,174.1083984375
4096,16,negate,baseline,7,2048,857137,862379,418.52392578125,421.08349609375
4096,16,negate,aligned,7,2048,414399,419535,202.34326171875,204.85107421875
4096,16,negate,unrolled,7,2048,856261,861389,418.09619140625,420.60009765625
4096,16,negate,aligned-unrolled,7,2048,389260,394372,190.068359375,192.564453125
4096,16,negate,openblas,7,2048,863505,880356,421.63330078125,429.861328125
4096,16,negate,onemkl,7,2048,352379,357555,172.06005859375,174.58740234375
4096,16,powers-two,baseline,1,2048,857163,862639,418.53662109375,421.21044921875
4096,16,powers-two,aligned,1,2048,407803,421968,199.12255859375,206.0390625
4096,16,powers-two,unrolled,1,2048,851024,874622,415.5390625,427.0615234375
4096,16,powers-two,aligned-unrolled,1,2048,386420,391692,188.681640625,191.255859375
4096,16,powers-two,openblas,1,2048,858208,863477,419.046875,421.61962890625
4096,16,powers-two,onemkl,1,2048,362293,367497,176.90087890625,179.44189453125
4096,16,powers-two,baseline,2,2048,869368,874546,424.49609375,427.0244140625
4096,16,powers-two,aligned,2,2048,413952,419125,202.125,204.65087890625
4096,16,powers-two,unrolled,2,2048,867750,873076,423.7060546875,426.306640625
4096,16,powers-two,aligned-unrolled,2,2048,403449,409240,196.99658203125,199.82421875
4096,16,powers-two,openblas,2,2048,868831,874198,424.23388671875,426.8544921875
4096,16,powers-two,onemkl,2,2048,359366,364593,175.4716796875,178.02392578125
4096,16,powers-two,baseline,3,2048,881600,887209,430.46875,433.20751953125
4096,16,powers-two,aligned,3,2048,424436,429837,207.244140625,209.88134765625
4096,16,powers-two,unrolled,3,2048,871313,876648,425.44580078125,428.05078125
4096,16,powers-two,aligned-unrolled,3,2048,400822,406212,195.7138671875,198.345703125
4096,16,powers-two,openblas,3,2048,875955,881386,427.71240234375,430.3642578125
4096,16,powers-two,onemkl,3,2048,364526,369878,177.9912109375,180.6044921875
4096,16,powers-two,baseline,4,2048,889236,894779,434.197265625,436.90380859375
4096,16,powers-two,aligned,4,2048,432686,438119,211.2724609375,213.92529296875
4096,16,powers-two,unrolled,4,2048,885069,923860,432.16259765625,451.103515625
4096,16,powers-two,aligned-unrolled,4,2048,407034,412552,198.7470703125,201.44140625
4096,16,powers-two,openblas,4,2048,902059,907553,440.45849609375,443.14111328125
4096,16,powers-two,onemkl,4,2048,399701,405143,195.16650390625,197.82373046875
4096,16,powers-two,baseline,5,2048,866701,872081,423.19384765625,425.82080078125
4096,16,powers-two,aligned,5,2048,413616,418946,201.9609375,204.5634765625
4096,16,powers-two,unrolled,5,2048,877070,882252,428.2568359375,430.787109375
4096,16,powers-two,aligned-unrolled,5,2048,391720,396906,191.26953125,193.8017578125
4096,16,powers-two,openblas,5,2048,873199,878561,426.36669921875,428.98486328125
4096,16,powers-two,onemkl,5,2048,361345,366583,176.43798828125,178.99560546875
4096,16,powers-two,baseline,6,2048,873351,878777,426.44091796875,429.09033203125
4096,16,powers-two,aligned,6,2048,417584,422780,203.8984375,206.435546875
4096,16,powers-two,unrolled,6,2048,872557,877967,426.05322265625,428.69482421875
4096,16,powers-two,aligned-unrolled,6,2048,395282,400637,193.0087890625,195.62353515625
4096,16,powers-two,openblas,6,2048,878356,883808,428.884765625,431.546875
4096,16,powers-two,onemkl,6,2048,362523,367911,177.01318359375,179.64404296875
4096,16,powers-two,baseline,7,2048,872855,878280,426.19873046875,428.84765625
4096,16,powers-two,aligned,7,2048,414984,420175,202.62890625,205.16357421875
4096,16,powers-two,unrolled,7,2048,874649,879997,427.07470703125,429.68603515625
4096,16,powers-two,aligned-unrolled,7,2048,394901,400184,192.82275390625,195.40234375
4096,16,powers-two,openblas,7,2048,877414,899990,428.4248046875,439.4482421875
4096,16,powers-two,onemkl,7,2048,357226,362707,174.4267578125,177.10302734375
4096,16,reset,baseline,1,2048,1950723,1956504,952.50146484375,955.32421875
4096,16,reset,aligned,1,2048,1511563,1517190,738.06787109375,740.8154296875
4096,16,reset,unrolled,1,2048,1945200,1950925,949.8046875,952.60009765625
4096,16,reset,aligned-unrolled,1,2048,1497566,1503376,731.2333984375,734.0703125
4096,16,reset,openblas,1,2048,1938180,1944143,946.376953125,949.28857421875
4096,16,reset,onemkl,1,2048,1473472,1494287,719.46875,729.63232421875
4096,16,reset,baseline,2,2048,1925428,1930862,940.150390625,942.8037109375
4096,16,reset,aligned,2,2048,1489253,1506693,727.17431640625,735.68994140625
4096,16,reset,unrolled,2,2048,1911294,1916801,933.2490234375,935.93798828125
4096,16,reset,aligned-unrolled,2,2048,1469214,1475083,717.3896484375,720.25537109375
4096,16,reset,openblas,2,2048,1905120,1910714,930.234375,932.9658203125
4096,16,reset,onemkl,2,2048,1459406,1465089,712.6005859375,715.37548828125
4096,16,reset,baseline,3,2048,1924315,1942500,939.60693359375,948.486328125
4096,16,reset,aligned,3,2048,1484870,1492056,725.0341796875,728.54296875
4096,16,reset,unrolled,3,2048,1913177,1918664,934.16845703125,936.84765625
4096,16,reset,aligned-unrolled,3,2048,1471514,1477400,718.5126953125,721.38671875
4096,16,reset,openblas,3,2048,1907958,1913531,931.6201171875,934.34130859375
4096,16,reset,onemkl,3,2048,1453813,1463010,709.86962890625,714.3603515625
4096,16,reset,baseline,4,2048,1940319,1946189,947.42138671875,950.28759765625
4096,16,reset,aligned,4,2048,1493046,1498891,729.0263671875,731.88037109375
4096,16,reset,unrolled,4,2048,1924844,1930777,939.865234375,942.76220703125
4096,16,reset,aligned-unrolled,4,2048,1483863,1490233,724.54248046875,727.65283203125
4096,16,reset,openblas,4,2048,1927739,1952207,941.27880859375,953.22607421875
4096,16,reset,onemkl,4,2048,1463563,1469600,714.63037109375,717.578125
4096,16,reset,baseline,5,2048,1963205,1969269,958.59619140625,961.55712890625
4096,16,reset,aligned,5,2048,1511470,1517309,738.0224609375,740.87353515625
4096,16,reset,unrolled,5,2048,1940984,1946555,947.74609375,950.46630859375
4096,16,reset,aligned-unrolled,5,2048,1501150,1507023,732.9833984375,735.85107421875
4096,16,reset,openblas,5,2048,1939460,1960498,947.001953125,957.2744140625
4096,16,reset,onemkl,5,2048,1488433,1494376,726.77392578125,729.67578125
4096,16,reset,baseline,6,2048,1973158,1979307,963.4560546875,966.45849609375
4096,16,reset,aligned,6,2048,1520815,1526833,742.58544921875,745.52392578125
4096,16,reset,unrolled,6,2048,1960116,1966341,957.087890625,960.12744140625
4096,16,reset,aligned-unrolled,6,2048,1499379,1505330,732.11865234375,735.0244140625
4096,16,reset,openblas,6,2048,1962130,1968191,958.0712890625,961.03076171875
4096,16,reset,onemkl,6,2048,1486894,1505498,726.0224609375,735.1064453125
4096,16,reset,baseline,7,2048,1959034,1964678,956.5595703125,959.3154296875
4096,16,reset,aligned,7,2048,1530176,1536267,747.15625,750.13037109375
4096,16,reset,unrolled,7,2048,1961337,1967030,957.68408203125,960.4638671875
4096,16,reset,aligned-unrolled,7,2048,1526044,1531760,745.138671875,747.9296875
4096,16,reset,openblas,7,2048,1957259,1963528,955.69287109375,958.75390625
4096,16,reset,onemkl,7,2048,1482555,1503838,723.90380859375,734.2958984375
4096,24,negate,baseline,1,2048,890175,895622,434.65576171875,437.3154296875
4096,24,negate,aligned,1,2048,426405,431744,208.20556640625,210.8125
4096,24,negate,unrolled,1,2048,891903,897392,435.49951171875,438.1796875
4096,24,negate,aligned-unrolled,1,2048,400376,418543,195.49609375,204.36669921875
4096,24,negate,openblas,1,2048,896977,902666,437.97705078125,440.7548828125
4096,24,negate,onemkl,1,2048,367794,373296,179.5869140625,182.2734375
4096,24,negate,baseline,2,2048,887967,893398,433.57763671875,436.2294921875
4096,24,negate,aligned,2,2048,423741,429048,206.90478515625,209.49609375
4096,24,negate,unrolled,2,2048,888252,893656,433.716796875,436.35546875
4096,24,negate,aligned-unrolled,2,2048,394339,399636,192.54833984375,195.134765625
4096,24,negate,openblas,2,2048,890238,895838,434.6865234375,437.4208984375
4096,24,negate,onemkl,2,2048,364187,369866,177.82568359375,180.5986328125
4096,24,negate,baseline,3,2048,888458,894151,433.8173828125,436.59716796875
4096,24,negate,aligned,3,2048,425217,430650,207.62548828125,210.2783203125
4096,24,negate,unrolled,3,2048,890493,896281,434.81103515625,437.63720703125
4096,24,negate,aligned-unrolled,3,2048,398933,404723,194.79150390625,197.61865234375
4096,24,negate,openblas,3,2048,895990,901791,437.4951171875,440.32763671875
4096,24,negate,onemkl,3,2048,371666,377214,181.4775390625,184.1865234375
4096,24,negate,baseline,4,2048,890542,895818,434.8349609375,437.4111328125
4096,24,negate,aligned,4,2048,430169,435497,210.04345703125,212.64501953125
4096,24,negate,unrolled,4,2048,892140,911318,435.615234375,444.9794921875
4096,24,negate,aligned-unrolled,4,2048,399241,404587,194.94189453125,197.55224609375
4096,24,negate,openblas,4,2048,896303,901645,437.64794921875,440.25634765625
4096,24,negate,onemkl,4,2048,366165,371692,178.79150390625,181.490234375
4096,24,negate,baseline,5,2048,879233,884453,429.31298828125,431.86181640625
4096,24,negate,aligned,5,2048,423099,428324,206.59130859375,209.142578125
4096,24,negate,unrolled,5,2048,879350,884641,429.3701171875,431.95361328125
4096,24,negate,aligned-unrolled,5,2048,396521,401844,193.61376953125,196.212890625
4096,24,negate,openblas,5,2048,878866,884248,429.1337890625,431.76171875
4096,24,negate,onemkl,5,2048,358630,364045,175.1123046875,177.75634765625
4096,24,negate,baseline,6,2048,872456,877649,426.00390625,428.53955078125
4096,24,negate,aligned,6,2048,418671,424063,204.42919921875,207.06201171875
4096,24,negate,unrolled,6,2048,868338,887320,423.9931640625,433.26171875
4096,24,negate,aligned-unrolled,6,2048,392919,398116,191.85498046875,194.392578125
4096,24,negate,openblas,6,2048,868405,873695,424.02587890625,426.60888671875
4096,24,negate,onemkl,6,2048,363811,369307,177.64208984375,180.32568359375
4096,24,negate,baseline,7,2048,863703,869044,421.72998046875,424.337890625
4096,24,negate,aligned,7,2048,418006,423154,204.1044921875,206.6181640625
4096,24,negate,unrolled,7,2048,865818,871021,422.7626953125,425.30322265625
4096,24,negate,aligned-unrolled,7,2048,391084,396218,190.958984375,193.4658203125
4096,24,negate,openblas,7,2048,872724,877985,426.134765625,428.70361328125
4096,24,negate,onemkl,7,2048,351937,357405,171.84423828125,174.51416015625
4096,24,powers-two,baseline,1,2048,869164,874364,424.396484375,426.935546875
4096,24,powers-two,aligned,1,2048,415956,421277,203.103515625,205.70166015625
4096,24,powers-two,unrolled,1,2048,864034,869679,421.8916015625,424.64794921875
4096,24,powers-two,aligned-unrolled,1,2048,389524,394699,190.197265625,192.72412109375
4096,24,powers-two,openblas,1,2048,871643,877071,425.60693359375,428.25732421875
4096,24,powers-two,onemkl,1,2048,354151,359394,172.92529296875,175.4853515625
4096,24,powers-two,baseline,2,2048,865647,870913,422.67919921875,425.25048828125
4096,24,powers-two,aligned,2,2048,421146,426571,205.6376953125,208.28662109375
4096,24,powers-two,unrolled,2,2048,871083,876397,425.33349609375,427.92822265625
4096,24,powers-two,aligned-unrolled,2,2048,394662,399888,192.7060546875,195.2578125
4096,24,powers-two,openblas,2,2048,875242,880561,427.3642578125,429.96142578125
4096,24,powers-two,onemkl,2,2048,356021,361292,173.83837890625,176.412109375
4096,24,powers-two,baseline,3,2048,870476,875715,425.037109375,427.59521484375
4096,24,powers-two,aligned,3,2048,413769,418936,202.03564453125,204.55859375
4096,24,powers-two,unrolled,3,2048,862749,884788,421.26416015625,432.025390625
4096,24,powers-two,aligned-unrolled,3,2048,424136,429307,207.09765625,209.62255859375
4096,24,powers-two,openblas,3,2048,865351,870850,422.53466796875,425.2197265625
4096,24,powers-two,onemkl,3,2048,359088,364372,175.3359375,177.916015625
4096,24,powers-two,baseline,4,2048,862523,867709,421.15380859375,423.68603515625
4096,24,powers-two,aligned,4,2048,419608,424794,204.88671875,207.4189453125
4096,24,powers-two,unrolled,4,2048,864502,869693,422.1201171875,424.65478515625
4096,24,powers-two,aligned-unrolled,4,2048,393524,398702,192.150390625,194.6787109375
4096,24,powers-two,openblas,4,2048,867514,872813,423.5908203125,426.17822265625
4096,24,powers-two,onemkl,4,2048,353227,358453,172.47412109375,175.02587890625
4096,24,powers-two,baseline,5,2048,859993,865317,419.91845703125,422.51806640625
4096,24,powers-two,aligned,5,2048,412490,417691,201.4111328125,203.95068359375
4096,24,powers-two,unrolled,5,2048,862561,867848,421.17236328125,423.75390625
4096,24,powers-two,aligned-unrolled,5,2048,386858,392018,188.8955078125,191.4150390625
4096,24,powers-two,openblas,5,2048,866875,872116,423.27880859375,425.837890625
4096,24,powers-two,onemkl,5,2048,358987,364223,175.28662109375,177.84326171875
4096,24,powers-two,baseline,6,2048,858302,863447,419.0927734375,421.60498046875
4096,24,powers-two,aligned,6,2048,414346,419544,202.3173828125,204.85546875
4096,24,powers-two,unrolled,6,2048,855420,860641,417.685546875,420.23486328125
4096,24,powers-two,aligned-unrolled,6,2048,383879,399806,187.44091796875,195.2177734375
4096,24,powers-two,openblas,6,2048,854679,859839,417.32373046875,419.84326171875
4096,24,powers-two,onemkl,6,2048,348689,353839,170.25830078125,172.77294921875
4096,24,powers-two,baseline,7,2048,873631,879270,426.57763671875,429.3310546875
4096,24,powers-two,aligned,7,2048,423887,429361,206.97607421875,209.64892578125
4096,24,powers-two,unrolled,7,2048,872941,878406,426.24072265625,428.9091796875
4096,24,powers-two,aligned-unrolled,7,2048,408211,413557,199.32177734375,201.93212890625
4096,24,powers-two,openblas,7,2048,874982,880438,427.2373046875,429.9013671875
4096,24,powers-two,onemkl,7,2048,366320,372122,178.8671875,181.7001953125
4096,24,reset,baseline,1,2048,1908095,1913957,931.68701171875,934.54931640625
4096,24,reset,aligned,1,2048,1523035,1529068,743.66943359375,746.615234375
4096,24,reset,unrolled,1,2048,1917734,1933832,936.3935546875,944.25390625
4096,24,reset,aligned-unrolled,1,2048,1540106,1546036,752.0048828125,754.900390625
4096,24,reset,openblas,1,2048,1944039,1949807,949.23779296875,952.05419921875
4096,24,reset,onemkl,1,2048,1536845,1542840,750.41259765625,753.33984375
4096,24,reset,baseline,2,2048,1940438,1971666,947.4794921875,962.7275390625
4096,24,reset,aligned,2,2048,1542155,1548533,753.00537109375,756.11962890625
4096,24,reset,unrolled,2,2048,1931665,1938098,943.19580078125,946.3369140625
4096,24,reset,aligned-unrolled,2,2048,1516228,1522049,740.345703125,743.18798828125
4096,24,reset,openblas,2,2048,1959593,1965337,956.83251953125,959.63720703125
4096,24,reset,onemkl,2,2048,1553195,1559213,758.39599609375,761.33447265625
4096,24,reset,baseline,3,2048,1958693,1964602,956.39306640625,959.2783203125
4096,24,reset,aligned,3,2048,1558049,1563943,760.76611328125,763.64404296875
4096,24,reset,unrolled,3,2048,1956039,1962263,955.09716796875,958.13623046875
4096,24,reset,aligned-unrolled,3,2048,1543159,1570098,753.49560546875,766.6494140625
4096,24,reset,openblas,3,2048,1982423,1988073,967.97998046875,970.73876953125
4096,24,reset,onemkl,3,2048,1561552,1567935,762.4765625,765.59326171875
4096,24,reset,baseline,4,2048,1928443,1934358,941.62255859375,944.5107421875
4096,24,reset,aligned,4,2048,1524911,1542088,744.58544921875,752.97265625
4096,24,reset,unrolled,4,2048,1928037,1934012,941.42431640625,944.341796875
4096,24,reset,aligned-unrolled,4,2048,1502675,1508463,733.72802734375,736.55419921875
4096,24,reset,openblas,4,2048,1950463,1956326,952.37451171875,955.2373046875
4096,24,reset,onemkl,4,2048,1545275,1551035,754.52880859375,757.34130859375
4096,24,reset,baseline,5,2048,1912782,1918858,933.9755859375,936.9423828125
4096,24,reset,aligned,5,2048,1522124,1528327,743.224609375,746.25341796875
4096,24,reset,unrolled,5,2048,1913619,1919768,934.38427734375,937.38671875
4096,24,reset,aligned-unrolled,5,2048,1501004,1521415,732.912109375,742.87841796875
4096,24,reset,openblas,5,2048,1952902,1958546,953.5654296875,956.3212890625
4096,24,reset,onemkl,5,2048,1543895,1549836,753.85498046875,756.755859375
4096,24,reset,baseline,6,2048,1917378,1923479,936.2197265625,939.19873046875
4096,24,reset,aligned,6,2048,1509429,1515595,737.02587890625,740.03662109375
4096,24,reset,unrolled,6,2048,1901297,1907439,928.36767578125,931.36669921875
4096,24,reset,aligned-unrolled,6,2048,1500077,1505741,732.45947265625,735.22509765625
4096,24,reset,openblas,6,2048,1934047,1951017,944.35888671875,952.64501953125
4096,24,reset,onemkl,6,2048,1531718,1537618,747.9091796875,750.7900390625
4096,24,reset,baseline,7,2048,1919371,1936469,937.19287109375,945.54150390625
4096,24,reset,aligned,7,2048,1540991,1547003,752.43701171875,755.37255859375
4096,24,reset,unrolled,7,2048,1915128,1921128,935.12109375,938.05078125
4096,24,reset,aligned-unrolled,7,2048,1496865,1502487,730.89111328125,733.63623046875
4096,24,reset,openblas,7,2048,1963876,1969717,958.923828125,961.77587890625
4096,24,reset,onemkl,7,2048,1528503,1534109,746.33935546875,749.07666015625
65536,0,negate,baseline,1,128,967130,973195,7555.703125,7603.0859375
65536,0,negate,aligned,1,128,963778,969715,7529.515625,7575.8984375
65536,0,negate,unrolled,1,128,959599,965748,7496.8671875,7544.90625
65536,0,negate,aligned-unrolled,1,128,965799,971885,7545.3046875,7592.8515625
65536,0,negate,openblas,1,128,962690,983442,7521.015625,7683.140625
65536,0,negate,onemkl,1,128,967339,973335,7557.3359375,7604.1796875
65536,0,negate,baseline,2,128,958966,964879,7491.921875,7538.1171875
65536,0,negate,aligned,2,128,959016,964935,7492.3125,7538.5546875
65536,0,negate,unrolled,2,128,957390,963621,7479.609375,7528.2890625
65536,0,negate,aligned-unrolled,2,128,964821,970715,7537.6640625,7583.7109375
65536,0,negate,openblas,2,128,960625,966629,7504.8828125,7551.7890625
65536,0,negate,onemkl,2,128,961206,967629,7509.421875,7559.6015625
65536,0,negate,baseline,3,128,984097,990187,7688.2578125,7735.8359375
65536,0,negate,aligned,3,128,984265,990318,7689.5703125,7736.859375
65536,0,negate,unrolled,3,128,979458,985565,7652.015625,7699.7265625
65536,0,negate,aligned-unrolled,3,128,986446,992548,7706.609375,7754.28125
65536,0,negate,openblas,3,128,982064,988120,7672.375,7719.6875
65536,0,negate,onemkl,3,128,982282,1000227,7674.078125,7814.2734375
65536,0,negate,baseline,4,128,983171,989254,7681.0234375,7728.546875
65536,0,negate,aligned,4,128,986828,993106,7709.59375,7758.640625
65536,0,negate,unrolled,4,128,985550,991700,7699.609375,7747.65625
65536,0,negate,aligned-unrolled,4,128,985381,991387,7698.2890625,7745.2109375
65536,0,negate,openblas,4,128,981062,987151,7664.546875,7712.1171875
65536,0,negate,onemkl,4,128,986946,992902,7710.515625,7757.046875
65536,0,negate,baseline,5,128,969085,988966,7570.9765625,7726.296875
65536,0,negate,aligned,5,128,965938,972020,7546.390625,7593.90625
65536,0,negate,unrolled,5,128,965349,971380,7541.7890625,7588.90625
65536,0,negate,aligned-unrolled,5,128,969817,975847,7576.6953125,7623.8046875
65536,0,negate,openblas,5,128,965971,971938,7546.6484375,7593.265625
65536,0,negate,onemkl,5,128,964207,970188,7532.8671875,7579.59375
65536,0,negate,baseline,6,128,961900,968045,7514.84375,7562.8515625
65536,0,negate,aligned,6,128,961300,967225,7510.15625,7556.4453125
65536,0,negate,unrolled,6,128,966684,972805,7552.21875,7600.0390625
65536,0,negate,aligned-unrolled,6,128,968354,974487,7565.265625,7613.1796875
65536,0,negate,openblas,6,128,963610,969510,7528.203125,7574.296875
65536,0,negate,onemkl,6,128,965192,971251,7540.5625,7587.8984375
65536,0,negate,baseline,7,128,974711,980740,7614.9296875,7662.03125
65536,0,negate,aligned,7,128,980649,986853,7661.3203125,7709.7890625
65536,0,negate,unrolled,7,128,973012,979042,7601.65625,7648.765625
65536,0,negate,aligned-unrolled,7,128,981121,987242,7665.0078125,7712.828125
65536,0,negate,openblas,7,128,977094,994592,7633.546875,7770.25
65536,0,negate,onemkl,7,128,977238,983180,7634.671875,7681.09375
65536,0,powers-two,baseline,1,128,967671,973726,7559.9296875,7607.234375
65536,0,powers-two,aligned,1,128,971893,978093,7592.9140625,7641.3515625
65536,0,powers-two,unrolled,1,128,973128,979199,7602.5625,7649.9921875
65536,0,powers-two,aligned-unrolled,1,128,969321,975443,7572.8203125,7620.6484375
65536,0,powers-two,openblas,1,128,976454,994381,7628.546875,7768.6015625
65536,0,powers-two,onemkl,1,128,971544,977695,7590.1875,7638.2421875
65536,0,powers-two,baseline,2,128,964230,970274,7533.046875,7580.265625
65536,0,powers-two,aligned,2,128,968949,975050,7569.9140625,7617.578125
65536,0,powers-two,unrolled,2,128,961273,967306,7509.9453125,7557.078125
65536,0,powers-two,aligned-unrolled,2,128,965900,971944,7546.09375,7593.3125
65536,0,powers-two,openblas,2,128,966125,972082,7547.8515625,7594.390625
65536,0,powers-two,onemkl,2,128,964115,970032,7532.1484375,7578.375
65536,0,powers-two,baseline,3,128,976394,995417,7628.078125,7776.6953125
65536,0,powers-two,aligned,3,128,958480,964628,7488.125,7536.15625
65536,0,powers-two,unrolled,3,128,960470,966418,7503.671875,7550.140625
65536,0,powers-two,aligned-unrolled,3,128,961133,967144,7508.8515625,7555.8125
65536,0,powers-two,openblas,3,128,961117,967095,7508.7265625,7555.4296875
65536,0,powers-two,onemkl,3,128,968687,983215,7567.8671875,7681.3671875
65536,0,powers-two,baseline,4,128,979262,985746,7650.484375,7701.140625
65536,0,powers-two,aligned,4,128,983656,990046,7684.8125,7734.734375
65536,0,powers-two,unrolled,4,128,975309,981558,7619.6015625,7668.421875
65536,0,powers-two,aligned-unrolled,4,128,976174,982204,7626.359375,7673.46875
65536,0,powers-two,openblas,4,128,979791,985973,7654.6171875,7702.9140625
65536,0,powers-two,onemkl,4,128,979289,985380,7650.6953125,7698.28125
65536,0,powers-two,baseline,5,128,985930,991941,7702.578125,7749.5390625
65536,0,powers-two,aligned,5,128,988170,994379,7720.078125,7768.5859375
65536,0,powers-two,unrolled,5,128,982019,1001488,7672.0234375,7824.125
65536,0,powers-two,aligned-unrolled,5,128,981223,987371,7665.8046875,7713.8359375
65536,0,powers-two,openblas,5,128,982321,988487,7674.3828125,7722.5546875
65536,0,powers-two,onemkl,5,128,985623,991767,7700.1796875,7748.1796875
65536,0,powers-two,baseline,6,128,1133503,1139644,8855.4921875,8903.46875
65536,0,powers-two,aligned,6,128,988040,994169,7719.0625,7766.9453125
65536,0,powers-two,unrolled,6,128,983897,989980,7686.6953125,7734.21875
65536,0,powers-two,aligned-unrolled,6,128,985365,991475,7698.1640625,7745.8984375
65536,0,powers-two,openblas,6,128,990294,996332,7736.671875,7783.84375
65536,0,powers-two,onemkl,6,128,1007623,1028788,7872.0546875,8037.40625
65536,0,powers-two,baseline,7,128,980576,987089,7660.75,7711.6328125
65536,0,powers-two,aligned,7,128,989547,995940,7730.8359375,7780.78125
65536,0,powers-two,unrolled,7,128,983859,990232,7686.3984375,7736.1875
65536,0,powers-two,aligned-unrolled,7,128,981138,987450,7665.140625,7714.453125
65536,0,powers-two,openblas,7,128,986602,992970,7707.828125,7757.578125
65536,0,powers-two,onemkl,7,128,991609,998215,7746.9453125,7798.5546875
65536,0,reset,baseline,1,128,2198410,2220135,17175.078125,17344.8046875
65536,0,reset,aligned,1,128,2188927,2209763,17100.9921875,17263.7734375
65536,0,reset,unrolled,1,128,2187845,2194368,17092.5390625,17143.5
65536,0,reset,aligned-unrolled,1,128,2198152,2204800,17173.0625,17225
65536,0,reset,openblas,1,128,2175796,2182416,16998.40625,17050.125
65536,0,reset,onemkl,1,128,2199015,2205465,17179.8046875,17230.1953125
65536,0,reset,baseline,2,128,2191093,2197582,17117.9140625,17168.609375
65536,0,reset,aligned,2,128,2189905,2212437,17108.6328125,17284.6640625
65536,0,reset,unrolled,2,128,2189231,2195825,17103.3671875,17154.8828125
65536,0,reset,aligned-unrolled,2,128,2194813,2201521,17146.9765625,17199.3828125
65536,0,reset,openblas,2,128,2223044,2230313,17367.53125,17424.3203125
65536,0,reset,onemkl,2,128,2231415,2238019,17432.9296875,17484.5234375
65536,0,reset,baseline,3,128,2201346,2208047,17198.015625,17250.3671875
65536,0,reset,aligned,3,128,2172351,2194083,16971.4921875,17141.2734375
65536,0,reset,unrolled,3,128,2203827,2210401,17217.3984375,17268.7578125
65536,0,reset,aligned-unrolled,3,128,2190964,2197609,17116.90625,17168.8203125
65536,0,reset,openblas,3,128,2215690,2222064,17310.078125,17359.875
65536,0,reset,onemkl,3,128,2165062,2171382,16914.546875,16963.921875
65536,0,reset,baseline,4,128,2193455,2199823,17136.3671875,17186.1171875
65536,0,reset,aligned,4,128,2200330,2221565,17190.078125,17355.9765625
65536,0,reset,unrolled,4,128,2195664,2205158,17153.625,17227.796875
65536,0,reset,aligned-unrolled,4,128,2199063,2205595,17180.1796875,17231.2109375
65536,0,reset,openblas,4,128,2303222,2309851,17993.921875,18045.7109375
65536,0,reset,onemkl,4,128,2322757,2343029,18146.5390625,18304.9140625
65536,0,reset,baseline,5,128,2178157,2184575,17016.8515625,17066.9921875
65536,0,reset,aligned,5,128,2180506,2187068,17035.203125,17086.46875
65536,0,reset,unrolled,5,128,2188158,2209308,17094.984375,17260.21875
65536,0,reset,aligned-unrolled,5,128,2180730,2187265,17036.953125,17088.0078125
65536,0,reset,openblas,5,128,2180902,2187411,17038.296875,17089.1484375
65536,0,reset,onemkl,5,128,2187346,2194001,17088.640625,17140.6328125
65536,0,reset,baseline,6,128,2199791,2216786,17185.8671875,17318.640625
65536,0,reset,aligned,6,128,2179144,2201659,17024.5625,17200.4609375
65536,0,reset,unrolled,6,128,2187090,2193535,17086.640625,17136.9921875
65536,0,reset,aligned-unrolled,6,128,2233867,2240896,17452.0859375,17507
65536,0,reset,openblas,6,128,2184230,2191484,17064.296875,17120.96875
65536,0,reset,onemkl,6,128,2188151,2194838,17094.9296875,17147.171875
65536,0,reset,baseline,7,128,2206375,2227619,17237.3046875,17403.2734375
65536,0,reset,aligned,7,128,2214937,2221449,17304.1953125,17355.0703125
65536,0,reset,unrolled,7,128,2212410,2218983,17284.453125,17335.8046875
65536,0,reset,aligned-unrolled,7,128,2246523,2253070,17550.9609375,17602.109375
65536,0,reset,openblas,7,128,2208718,2215176,17255.609375,17306.0625
65536,0,reset,onemkl,7,128,2249360,2255857,17573.125,17623.8828125
65536,8,negate,baseline,1,128,1080388,1086282,8440.53125,8486.578125
65536,8,negate,aligned,1,128,974769,980645,7615.3828125,7661.2890625
65536,8,negate,unrolled,1,128,1088097,1094085,8500.7578125,8547.5390625
65536,8,negate,aligned-unrolled,1,128,959511,965541,7496.1796875,7543.2890625
65536,8,negate,openblas,1,128,1081984,1087786,8453,8498.328125
65536,8,negate,onemkl,1,128,961214,967143,7509.484375,7555.8046875
65536,8,negate,baseline,2,128,1101906,1119318,8608.640625,8744.671875
65536,8,negate,aligned,2,128,964531,970741,7535.3984375,7583.9140625
65536,8,negate,unrolled,2,128,1088131,1094250,8501.0234375,8548.828125
65536,8,negate,aligned-unrolled,2,128,962492,968730,7519.46875,7568.203125
65536,8,negate,openblas,2,128,1110431,1116340,8675.2421875,8721.40625
65536,8,negate,onemkl,2,128,960488,966397,7503.8125,7549.9765625
65536,8,negate,baseline,3,128,1080715,1086888,8443.0859375,8491.3125
65536,8,negate,aligned,3,128,966732,973125,7552.59375,7602.5390625
65536,8,negate,unrolled,3,128,1076658,1082661,8411.390625,8458.2890625
65536,8,negate,aligned-unrolled,3,128,956935,963728,7476.0546875,7529.125
65536,8,negate,openblas,3,128,1082220,1088404,8454.84375,8503.15625
65536,8,negate,onemkl,3,128,971692,977649,7591.34375,7637.8828125
65536,8,negate,baseline,4,128,1068176,1074215,8345.125,8392.3046875
65536,8,negate,aligned,4,128,942135,948139,7360.4296875,7407.3359375
65536,8,negate,unrolled,4,128,1060310,1066138,8283.671875,8329.203125
65536,8,negate,aligned-unrolled,4,128,942673,948615,7364.6328125,7411.0546875
65536,8,negate,openblas,4,128,1064940,1070773,8319.84375,8365.4140625
65536,8,negate,onemkl,4,128,941952,958912,7359,7491.5
65536,8,negate,baseline,5,128,1094279,1100609,8549.0546875,8598.5078125
65536,8,negate,aligned,5,128,954850,960911,7459.765625,7507.1171875
65536,8,negate,unrolled,5,128,1073519,1079403,8386.8671875,8432.8359375
65536,8,negate,aligned-unrolled,5,128,954386,960483,7456.140625,7503.7734375
65536,8,negate,openblas,5,128,1084056,1090169,8469.1875,8516.9453125
65536,8,negate,onemkl,5,128,964913,970855,7538.3828125,7584.8046875
65536,8,negate,baseline,6,128,1090612,1096685,8520.40625,8567.8515625
65536,8,negate,aligned,6,128,960494,966555,7503.859375,7551.2109375
65536,8,negate,unrolled,6,128,1079314,1098095,8432.140625,8578.8671875
65536,8,negate,aligned-unrolled,6,128,956614,962648,7473.546875,7520.6875
65536,8,negate,openblas,6,128,1081998,1088010,8453.109375,8500.078125
65536,8,negate,onemkl,6,128,969548,978967,7574.59375,7648.1796875
65536,8,negate,baseline,7,128,1076387,1082547,8409.2734375,8457.3984375
65536,8,negate,aligned,7,128,952589,958580,7442.1015625,7488.90625
65536,8,negate,unrolled,7,128,1074321,1080286,8393.1328125,8439.734375
65536,8,negate,aligned-unrolled,7,128,951909,957929,7436.7890625,7483.8203125
65536,8,negate,openblas,7,128,1079390,1085335,8432.734375,8479.1796875
65536,8,negate,onemkl,7,128,957056,975207,7477,7618.8046875
65536,8,powers-two,baseline,1,128,1075824,1081715,8404.875,8450.8984375
65536,8,powers-two,aligned,1,128,956743,962580,7474.5546875,7520.15625
65536,8,powers-two,unrolled,1,128,1077011,1082922,8414.1484375,8460.328125
65536,8,powers-two,aligned-unrolled,1,128,952359,958342,7440.3046875,7487.046875
65536,8,powers-two,openblas,1,128,1080737,1086659,8443.2578125,8489.5234375
65536,8,powers-two,onemkl,1,128,958950,964740,7491.796875,7537.03125
65536,8,powers-two,baseline,2,128,1075460,1093850,8402.03125,8545.703125
65536,8,powers-two,aligned,2,128,959192,965381,7493.6875,7542.0390625
65536,8,powers-two,unrolled,2,128,1075407,1081466,8401.6171875,8448.953125
65536,8,powers-two,aligned-unrolled,2,128,958521,964628,7488.4453125,7536.15625
65536,8,powers-two,openblas,2,128,1078884,1084833,8428.78125,8475.2578125
65536,8,powers-two,onemkl,2,128,953451,959246,7448.8359375,7494.109375
65536,8,powers-two,baseline,3,128,1074218,1080135,8392.328125,8438.5546875
65536,8,powers-two,aligned,3,128,952590,958433,7442.109375,7487.7578125
65536,8,powers-two,unrolled,3,128,1070044,1075914,8359.71875,8405.578125
65536,8,powers-two,aligned-unrolled,3,128,956431,962303,7472.1171875,7517.9921875
65536,8,powers-two,openblas,3,128,1080031,1085824,8437.7421875,8483
65536,8,powers-two,onemkl,3,128,964438,970228,7534.671875,7579.90625
65536,8,powers-two,baseline,4,128,1084924,1091028,8475.96875,8523.65625
65536,8,powers-two,aligned,4,128,958249,964147,7486.3203125,7532.3984375
65536,8,powers-two,unrolled,4,128,1076866,1092632,8413.015625,8536.1875
65536,8,powers-two,aligned-unrolled,4,128,958419,964413,7487.6484375,7534.4765625
65536,8,powers-two,openblas,4,128,1086410,1092281,8487.578125,8533.4453125
65536,8,powers-two,onemkl,4,128,971824,977863,7592.375,7639.5546875
65536,8,powers-two,baseline,5,128,1082907,1101356,8460.2109375,8604.34375
65536,8,powers-two,aligned,5,128,979516,985797,7652.46875,7701.5390625
65536,8,powers-two,unrolled,5,128,1079238,1085141,8431.546875,8477.6640625
65536,8,powers-two,aligned-unrolled,5,128,960684,966884,7505.34375,7553.78125
65536,8,powers-two,openblas,5,128,1084904,1090931,8475.8125,8522.8984375
65536,8,powers-two,onemkl,5,128,966807,972790,7553.1796875,7599.921875
65536,8,powers-two,baseline,6,128,1082807,1088962,8459.4296875,8507.515625
65536,8,powers-two,aligned,6,128,960355,966325,7502.7734375,7549.4140625
65536,8,powers-two,unrolled,6,128,1080909,1086820,8444.6015625,8490.78125
65536,8,powers-two,aligned-unrolled,6,128,961343,967252,7510.4921875,7556.65625
65536,8,powers-two,openblas,6,128,1082553,1088425,8457.4453125,8503.3203125
65536,8,powers-two,onemkl,6,128,969299,975327,7572.6484375,7619.7421875
65536,8,powers-two,baseline,7,128,1095331,1102040,8557.2734375,8609.6875
65536,8,powers-two,aligned,7,128,966393,972486,7549.9453125,7597.546875
65536,8,powers-two,unrolled,7,128,1107377,1113338,8651.3828125,8697.953125
65536,8,powers-two,aligned-unrolled,7,128,967114,983730,7555.578125,7685.390625
65536,8,powers-two,openblas,7,128,1092471,1098612,8534.9296875,8582.90625
65536,8,powers-two,onemkl,7,128,972645,979007,7598.7890625,7648.4921875
65536,8,reset,baseline,1,128,2349445,2370670,18355.0390625,18520.859375
65536,8,reset,aligned,1,128,2187373,2208934,17088.8515625,17257.296875
65536,8,reset,unrolled,1,128,2333974,2340596,18234.171875,18285.90625
65536,8,reset,aligned-unrolled,1,128,2210461,2216989,17269.2265625,17320.2265625
65536,8,reset,openblas,1,128,2347923,2354356,18343.1484375,18393.40625
65536,8,reset,onemkl,1,128,2185557,2192199,17074.6640625,17126.5546875
65536,8,reset,baseline,2,128,2357420,2363780,18417.34375,18467.03125
65536,8,reset,aligned,2,128,2177395,2213612,17010.8984375,17293.84375
65536,8,reset,unrolled,2,128,2320356,2329228,18127.78125,18197.09375
65536,8,reset,aligned-unrolled,2,128,2199807,2206525,17185.9921875,17238.4765625
65536,8,reset,openblas,2,128,2321907,2328534,18139.8984375,18191.671875
65536,8,reset,onemkl,2,128,2172079,2178648,16969.3671875,17020.6875
65536,8,reset,baseline,3,128,2354728,2361316,18396.3125,18447.78125
65536,8,reset,aligned,3,128,2204599,2211106,17223.4296875,17274.265625
65536,8,reset,unrolled,3,128,2359557,2366204,18434.0390625,18485.96875
65536,8,reset,aligned-unrolled,3,128,2208148,2230913,17251.15625,17429.0078125
65536,8,reset,openblas,3,128,2400155,2407165,18751.2109375,18805.9765625
65536,8,reset,onemkl,3,128,2198716,2205314,17177.46875,17229.015625
65536,8,reset,baseline,4,128,2415767,2439283,18873.1796875,19056.8984375
65536,8,reset,aligned,4,128,2205880,2227383,17233.4375,17401.4296875
65536,8,reset,unrolled,4,128,2336603,2343153,18254.7109375,18305.8828125
65536,8,reset,aligned-unrolled,4,128,2177556,2184078,17012.15625,17063.109375
65536,8,reset,openblas,4,128,2362971,2369431,18460.7109375,18511.1796875
65536,8,reset,onemkl,4,128,2188106,2194508,17094.578125,17144.59375
65536,8,reset,baseline,5,128,2365616,2372269,18481.375,18533.3515625
65536,8,reset,aligned,5,128,2213710,2220168,17294.609375,17345.0625
65536,8,reset,unrolled,5,128,2354692,2361235,18396.03125,18447.1484375
65536,8,reset,aligned-unrolled,5,128,2206231,2226615,17236.1796875,17395.4296875
65536,8,reset,openblas,5,128,2354463,2360913,18394.2421875,18444.6328125
65536,8,reset,onemkl,5,128,2227443,2233925,17401.8984375,17452.5390625
65536,8,reset,baseline,6,128,2359578,2366261,18434.203125,18486.4140625
65536,8,reset,aligned,6,128,2236324,2259569,17471.28125,17652.8828125
65536,8,reset,unrolled,6,128,2355840,2362588,18405,18457.71875
65536,8,reset,aligned-unrolled,6,128,2218886,2225592,17335.046875,17387.4375
65536,8,reset,openblas,6,128,2378245,2384933,18580.0390625,18632.2890625
65536,8,reset,onemkl,6,128,2222993,2229553,17367.1328125,17418.3828125
65536,8,reset,baseline,7,128,2338892,2364217,18272.59375,18470.4453125
65536,8,reset,aligned,7,128,2173088,2179617,16977.25,17028.2578125
65536,8,reset,unrolled,7,128,2330634,2337084,18208.078125,18258.46875
65536,8,reset,aligned-unrolled,7,128,2171186,2177742,16962.390625,17013.609375
65536,8,reset,openblas,7,128,2332913,2339740,18225.8828125,18279.21875
65536,8,reset,onemkl,7,128,2174657,2181104,16989.5078125,17039.875
65536,16,negate,baseline,1,128,1069223,1075164,8353.3046875,8399.71875
65536,16,negate,aligned,1,128,950806,956756,7428.171875,7474.65625
65536,16,negate,unrolled,1,128,1066956,1072782,8335.59375,8381.109375
65536,16,negate,aligned-unrolled,1,128,1102473,1108427,8613.0703125,8659.5859375
65536,16,negate,openblas,1,128,1066610,1072363,8332.890625,8377.8359375
65536,16,negate,onemkl,1,128,946773,952510,7396.6640625,7441.484375
65536,16,negate,baseline,2,128,1087712,1093789,8497.75,8545.2265625
65536,16,negate,aligned,2,128,964749,970846,7537.1015625,7584.734375
65536,16,negate,unrolled,2,128,1080140,1086149,8438.59375,8485.5390625
65536,16,negate,aligned-unrolled,2,128,957739,963863,7482.3359375,7530.1796875
65536,16,negate,openblas,2,128,1086024,1091880,8484.5625,8530.3125
65536,16,negate,onemkl,2,128,960840,978906,7506.5625,7647.703125
65536,16,negate,baseline,3,128,1096863,1102894,8569.2421875,8616.359375
65536,16,negate,aligned,3,128,956817,962962,7475.1328125,7523.140625
65536,16,negate,unrolled,3,128,1081466,1087490,8448.953125,8496.015625
65536,16,negate,aligned-unrolled,3,128,960333,966314,7502.6015625,7549.328125
65536,16,negate,openblas,3,128,1081719,1087529,8450.9296875,8496.3203125
65536,16,negate,onemkl,3,128,961214,967289,7509.484375,7556.9453125
65536,16,negate,baseline,4,128,1103506,1118026,8621.140625,8734.578125
65536,16,negate,aligned,4,128,960894,966932,7506.984375,7554.15625
65536,16,negate,unrolled,4,128,1086793,1104513,8490.5703125,8629.0078125
65536,16,negate,aligned-unrolled,4,128,960954,966959,7507.453125,7554.3671875
65536,16,negate,openblas,4,128,1082945,1088826,8460.5078125,8506.453125
65536,16,negate,onemkl,4,128,964197,970113,7532.7890625,7579.0078125
65536,16,negate,baseline,5,128,1093254,1099599,8541.046875,8590.6171875
65536,16,negate,aligned,5,128,956748,962840,7474.59375,7522.1875
65536,16,negate,unrolled,5,128,1076922,1083254,8413.453125,8462.921875
65536,16,negate,aligned-unrolled,5,128,956892,962932,7475.71875,7522.90625
65536,16,negate,openblas,5,128,1085442,1091444,8480.015625,8526.90625
65536,16,negate,onemkl,5,128,958442,964326,7487.828125,7533.796875
65536,16,negate,baseline,6,128,1092313,1112009,8533.6953125,8687.5703125
65536,16,negate,aligned,6,128,956601,962697,7473.4453125,7521.0703125
65536,16,negate,unrolled,6,128,1078400,1084494,8425,8472.609375
65536,16,negate,aligned-unrolled,6,128,959498,965418,7496.078125,7542.328125
65536,16,negate,openblas,6,128,1081746,1087692,8451.140625,8497.59375
65536,16,negate,onemkl,6,128,958318,964350,7486.859375,7533.984375
65536,16,negate,baseline,7,128,1087754,1093829,8498.078125,8545.5390625
65536,16,negate,aligned,7,128,963459,969710,7527.0234375,7575.859375
65536,16,negate,unrolled,7,128,1089369,1095409,8510.6953125,8557.8828125
65536,16,negate,aligned-unrolled,7,128,965387,971713,7542.0859375,7591.5078125
65536,16,negate,openblas,7,128,1109933,1116290,8671.3515625,8721.015625
65536,16,negate,onemkl,7,128,974232,998505,7611.1875,7800.8203125
65536,16,powers-two,baseline,1,128,1073447,1079542,8386.3046875,8433.921875
65536,16,powers-two,aligned,1,128,950583,956559,7426.4296875,7473.1171875
65536,16,powers-two,unrolled,1,128,1071932,1077835,8374.46875,8420.5859375
65536,16,powers-two,aligned-unrolled,1,128,952264,958168,7439.5625,7485.6875
65536,16,powers-two,openblas,1,128,1075631,1081754,8403.3671875,8451.203125
65536,16,powers-two,onemkl,1,128,964747,980844,7537.0859375,7662.84375
65536,16,powers-two,baseline,2,128,1080530,1086461,8441.640625,8487.9765625
65536,16,powers-two,aligned,2,128,947038,953102,7398.734375,7446.109375
65536,16,powers-two,unrolled,2,128,1070254,1076115,8361.359375,8407.1484375
65536,16,powers-two,aligned-unrolled,2,128,947607,953566,7403.1796875,7449.734375
65536,16,powers-two,openblas,2,128,1072556,1078529,8379.34375,8426.0078125
65536,16,powers-two,onemkl,2,128,948276,966920,7408.40625,7554.0625
65536,16,powers-two,baseline,3,128,1067634,1083250,8340.890625,8462.890625
65536,16,powers-two,aligned,3,128,937076,942962,7320.90625,7366.890625
65536,16,powers-two,unrolled,3,128,1057258,1063015,8259.828125,8304.8046875
65536,16,powers-two,aligned-unrolled,3,128,941424,947363,7354.875,7401.2734375
65536,16,powers-two,openblas,3,128,1065794,1071598,8326.515625,8371.859375
65536,16,powers-two,onemkl,3,128,942093,947837,7360.1015625,7404.9765625
65536,16,powers-two,baseline,4,128,1094969,1100860,8554.4453125,8600.46875
65536,16,powers-two,aligned,4,128,970592,976991,7582.75,7632.7421875
65536,16,powers-two,unrolled,4,128,1086016,1092612,8484.5,8536.03125
65536,16,powers-two,aligned-unrolled,4,128,963026,969327,7523.640625,7572.8671875
65536,16,powers-two,openblas,4,128,1087983,1094544,8499.8671875,8551.125
65536,16,powers-two,onemkl,4,128,963155,969357,7524.6484375,7573.1015625
65536,16,powers-two,baseline,5,128,1092413,1099646,8534.4765625,8590.984375
65536,16,powers-two,aligned,5,128,956220,973536,7470.46875,7605.75
65536,16,powers-two,unrolled,5,128,1076069,1081929,8406.7890625,8452.5703125
65536,16,powers-two,aligned-unrolled,5,128,956606,962484,7473.484375,7519.40625
65536,16,powers-two,openblas,5,128,1081782,1087578,8451.421875,8496.703125
65536,16,powers-two,onemkl,5,128,959517,965358,7496.2265625,7541.859375
65536,16,powers-two,baseline,6,128,1072683,1078704,8380.3359375,8427.375
65536,16,powers-two,aligned,6,128,957239,963229,7478.4296875,7525.2265625
65536,16,powers-two,unrolled,6,128,1068957,1075003,8351.2265625,8398.4609375
65536,16,powers-two,aligned-unrolled,6,128,951871,957774,7436.4921875,7482.609375
65536,16,powers-two,openblas,6,128,1075177,1081155,8399.8203125,8446.5234375
65536,16,powers-two,onemkl,6,128,954135,960077,7454.1796875,7500.6015625
65536,16,powers-two,baseline,7,128,1081654,1087554,8450.421875,8496.515625
65536,16,powers-two,aligned,7,128,955846,962043,7467.546875,7515.9609375
65536,16,powers-two,unrolled,7,128,1072936,1092479,8382.3125,8534.9921875
65536,16,powers-two,aligned-unrolled,7,128,967482,973451,7558.453125,7605.0859375
65536,16,powers-two,openblas,7,128,1082961,1088950,8460.6328125,8507.421875
65536,16,powers-two,onemkl,7,128,954985,960908,7460.8203125,7507.09375
65536,16,reset,baseline,1,128,2242213,2248714,17517.2890625,17568.078125
65536,16,reset,aligned,1,128,2089432,2109003,16323.6875,16476.5859375
65536,16,reset,unrolled,1,128,2223723,2230614,17372.8359375,17426.671875
65536,16,reset,aligned-unrolled,1,128,2084038,2106972,16281.546875,16460.71875
65536,16,reset,openblas,1,128,2236094,2242362,17469.484375,17518.453125
65536,16,reset,onemkl,1,128,2085794,2092294,16295.265625,16346.046875
65536,16,reset,baseline,2,128,2234059,2256518,17453.5859375,17629.046875
65536,16,reset,aligned,2,128,2095564,2102028,16371.59375,16422.09375
65536,16,reset,unrolled,2,128,2244524,2250833,17535.34375,17584.6328125
65536,16,reset,aligned-unrolled,2,128,2091648,2098094,16341,16391.359375
65536,16,reset,openblas,2,128,2267349,2273976,17713.6640625,17765.4375
65536,16,reset,onemkl,2,128,2104801,2110976,16443.7578125,16492
65536,16,reset,baseline,3,128,2274943,2281361,17772.9921875,17823.1328125
65536,16,reset,aligned,3,128,2133887,2140349,16670.9921875,16721.4765625
65536,16,reset,unrolled,3,128,2285209,2311430,17853.1953125,18058.046875
65536,16,reset,aligned-unrolled,3,128,2166763,2173310,16927.8359375,16978.984375
65536,16,reset,openblas,3,128,2320810,2343093,18131.328125,18305.4140625
65536,16,reset,onemkl,3,128,2128340,2134823,16627.65625,16678.3046875
65536,16,reset,baseline,4,128,2276059,2282389,17781.7109375,17831.1640625
65536,16,reset,aligned,4,128,2209820,2216918,17264.21875,17319.671875
65536,16,reset,unrolled,4,128,2272166,2278518,17751.296875,17800.921875
65536,16,reset,aligned-unrolled,4,128,2150457,2170268,16800.4453125,16955.21875
65536,16,reset,openblas,4,128,2265100,2271484,17696.09375,17745.96875
65536,16,reset,onemkl,4,128,2124642,2131017,16598.765625,16648.5703125
65536,16,reset,baseline,5,128,2245343,2251558,17541.7421875,17590.296875
65536,16,reset,aligned,5,128,2096863,2120179,16381.7421875,16563.8984375
65536,16,reset,unrolled,5,128,2267269,2273498,17713.0390625,17761.703125
65536,16,reset,aligned-unrolled,5,128,2132513,2138813,16660.2578125,16709.4765625
65536,16,reset,openblas,5,128,2256377,2263575,17627.9453125,17684.1796875
65536,16,reset,onemkl,5,128,2147919,2171282,16780.6171875,16963.140625
65536,16,reset,baseline,6,128,2262706,2283130,17677.390625,17836.953125
65536,16,reset,aligned,6,128,2144547,2150901,16754.2734375,16803.9140625
65536,16,reset,unrolled,6,128,2258631,2264879,17645.5546875,17694.3671875
65536,16,reset,aligned-unrolled,6,128,2120902,2127254,16569.546875,16619.171875
65536,16,reset,openblas,6,128,2285807,2292199,17857.8671875,17907.8046875
65536,16,reset,onemkl,6,128,2140480,2146900,16722.5,16772.65625
65536,16,reset,baseline,7,128,2287133,2293699,17868.2265625,17919.5234375
65536,16,reset,aligned,7,128,2124140,2147320,16594.84375,16775.9375
65536,16,reset,unrolled,7,128,2257253,2263596,17634.7890625,17684.34375
65536,16,reset,aligned-unrolled,7,128,2154386,2160694,16831.140625,16880.421875
65536,16,reset,openblas,7,128,2348635,2355055,18348.7109375,18398.8671875
65536,16,reset,onemkl,7,128,2144804,2151336,16756.28125,16807.3125
65536,24,negate,baseline,1,128,1116800,1122825,8725,8772.0703125
65536,24,negate,aligned,1,128,989322,995342,7729.078125,7776.109375
65536,24,negate,unrolled,1,128,1249060,1255117,9758.28125,9805.6015625
65536,24,negate,aligned-unrolled,1,128,993347,999503,7760.5234375,7808.6171875
65536,24,negate,openblas,1,128,1124775,1130866,8787.3046875,8834.890625
65536,24,negate,onemkl,1,128,991878,1011393,7749.046875,7901.5078125
65536,24,negate,baseline,2,128,1178298,1184802,9205.453125,9256.265625
65536,24,negate,aligned,2,128,1044026,1050571,8156.453125,8207.5859375
65536,24,negate,unrolled,2,128,1178375,1201444,9206.0546875,9386.28125
65536,24,negate,aligned-unrolled,2,128,1052929,1059372,8226.0078125,8276.34375
65536,24,negate,openblas,2,128,1180330,1187022,9221.328125,9273.609375
65536,24,negate,onemkl,2,128,1048985,1055568,8195.1953125,8246.625
65536,24,negate,baseline,3,128,1155980,1162593,9031.09375,9082.7578125
65536,24,negate,aligned,3,128,1023091,1029601,7992.8984375,8043.7578125
65536,24,negate,unrolled,3,128,1152807,1159126,9006.3046875,9055.671875
65536,24,negate,aligned-unrolled,3,128,1023341,1029845,7994.8515625,8045.6640625
65536,24,negate,openblas,3,128,1161527,1168311,9074.4296875,9127.4296875
65536,24,negate,onemkl,3,128,1025950,1032444,8015.234375,8065.96875
65536,24,negate,baseline,4,128,1142681,1148925,8927.1953125,8975.9765625
65536,24,negate,aligned,4,128,1010639,1016974,7895.6171875,7945.109375
65536,24,negate,unrolled,4,128,1141626,1147811,8918.953125,8967.2734375
65536,24,negate,aligned-unrolled,4,128,1013065,1031138,7914.5703125,8055.765625
65536,24,negate,openblas,4,128,1137697,1143916,8888.2578125,8936.84375
65536,24,negate,onemkl,4,128,1016624,1022928,7942.375,7991.625
65536,24,negate,baseline,5,128,1198614,1206064,9364.171875,9422.375
65536,24,negate,aligned,5,128,1035773,1042892,8091.9765625,8147.59375
65536,24,negate,unrolled,5,128,1196192,1203226,9345.25,9400.203125
65536,24,negate,aligned-unrolled,5,128,1024853,1032358,8006.6640625,8065.296875
65536,24,negate,openblas,5,128,1197542,1204853,9355.796875,9412.9140625
65536,24,negate,onemkl,5,128,1042893,1050176,8147.6015625,8204.5
65536,24,negate,baseline,6,128,1143155,1149580,8930.8984375,8981.09375
65536,24,negate,aligned,6,128,1017188,1023597,7946.78125,7996.8515625
65536,24,negate,unrolled,6,128,1139211,1146133,8900.0859375,8954.1640625
65536,24,negate,aligned-unrolled,6,128,1014357,1020852,7924.6640625,7975.40625
65536,24,negate,openblas,6,128,1151276,1186609,8994.34375,9270.3828125
65536,24,negate,onemkl,6,128,1016086,1022460,7938.171875,7987.96875
65536,24,negate,baseline,7,128,1147555,1153986,8965.2734375,9015.515625
65536,24,negate,aligned,7,128,1014809,1021257,7928.1953125,7978.5703125
65536,24,negate,unrolled,7,128,1144156,1168207,8938.71875,9126.6171875
65536,24,negate,aligned-unrolled,7,128,1013463,1020031,7917.6796875,7968.9921875
65536,24,negate,openblas,7,128,1147838,1154712,8967.484375,9021.1875
65536,24,negate,onemkl,7,128,1017830,1024130,7951.796875,8001.015625
65536,24,powers-two,baseline,1,128,1115905,1122421,8718.0078125,8768.9140625
65536,24,powers-two,aligned,1,128,987988,995146,7718.65625,7774.578125
65536,24,powers-two,unrolled,1,128,1111247,1117745,8681.6171875,8732.3828125
65536,24,powers-two,aligned-unrolled,1,128,988525,994669,7722.8515625,7770.8515625
65536,24,powers-two,openblas,1,128,1117898,1124015,8733.578125,8781.3671875
65536,24,powers-two,onemkl,1,128,993839,999964,7764.3671875,7812.21875
65536,24,powers-two,baseline,2,128,1095770,1101815,8560.703125,8607.9296875
65536,24,powers-two,aligned,2,128,963019,989379,7523.5859375,7729.5234375
65536,24,powers-two,unrolled,2,128,1086876,1093043,8491.21875,8539.3984375
65536,24,powers-two,aligned-unrolled,2,128,963830,969690,7529.921875,7575.703125
65536,24,powers-two,openblas,2,128,1087634,1093628,8497.140625,8543.96875
65536,24,powers-two,onemkl,2,128,963764,969746,7529.40625,7576.140625
65536,24,powers-two,baseline,3,128,1102594,1108554,8614.015625,8660.578125
65536,24,powers-two,aligned,3,128,968453,974647,7566.0390625,7614.4296875
65536,24,powers-two,unrolled,3,128,1090072,1096492,8516.1875,8566.34375
65536,24,powers-two,aligned-unrolled,3,128,970175,976161,7579.4921875,7626.2578125
65536,24,powers-two,openblas,3,128,1119453,1125672,8745.7265625,8794.3125
65536,24,powers-two,onemkl,3,128,979005,1003411,7648.4765625,7839.1484375
65536,24,powers-two,baseline,4,128,1081859,1088252,8452.0234375,8501.96875
65536,24,powers-two,aligned,4,128,960259,966703,7502.0234375,7552.3671875
65536,24,powers-two,unrolled,4,128,1084700,1092735,8474.21875,8536.9921875
65536,24,powers-two,aligned-unrolled,4,128,976694,987304,7630.421875,7713.3125
65536,24,powers-two,openblas,4,128,1084994,1091065,8476.515625,8523.9453125
65536,24,powers-two,onemkl,4,128,986943,993087,7710.4921875,7758.4921875
65536,24,powers-two,baseline,5,128,1182939,1204548,9241.7109375,9410.53125
65536,24,powers-two,aligned,5,128,1055385,1062064,8245.1953125,8297.375
65536,24,powers-two,unrolled,5,128,1189063,1195687,9289.5546875,9341.3046875
65536,24,powers-two,aligned-unrolled,5,128,1050203,1056777,8204.7109375,8256.0703125
65536,24,powers-two,openblas,5,128,1184138,1190695,9251.078125,9302.3046875
65536,24,powers-two,onemkl,5,128,1047544,1054086,8183.9375,8235.046875
65536,24,powers-two,baseline,6,128,1169098,1175570,9133.578125,9184.140625
65536,24,powers-two,aligned,6,128,1047202,1054088,8181.265625,8235.0625
65536,24,powers-two,unrolled,6,128,1168980,1175563,9132.65625,9184.0859375
65536,24,powers-two,aligned-unrolled,6,128,1041238,1047728,8134.671875,8185.375
65536,24,powers-two,openblas,6,128,1171808,1178304,9154.75,9205.5
65536,24,powers-two,onemkl,6,128,1038749,1045083,8115.2265625,8164.7109375
65536,24,powers-two,baseline,7,128,1130155,1136442,8829.3359375,8878.453125
65536,24,powers-two,aligned,7,128,1005421,1011654,7854.8515625,7903.546875
65536,24,powers-two,unrolled,7,128,1129303,1135628,8822.6796875,8872.09375
65536,24,powers-two,aligned-unrolled,7,128,1002830,1027562,7834.609375,8027.828125
65536,24,powers-two,openblas,7,128,1135441,1141728,8870.6328125,8919.75
65536,24,powers-two,onemkl,7,128,1002557,1008710,7832.4765625,7880.546875
65536,24,reset,baseline,1,128,2364054,2370637,18469.171875,18520.6015625
65536,24,reset,aligned,1,128,2199525,2205984,17183.7890625,17234.25
65536,24,reset,unrolled,1,128,2338150,2344800,18266.796875,18318.75
65536,24,reset,aligned-unrolled,1,128,2197484,2203959,17167.84375,17218.4296875
65536,24,reset,openblas,1,128,2366117,2390558,18485.2890625,18676.234375
65536,24,reset,onemkl,1,128,2207890,2214463,17249.140625,17300.4921875
65536,24,reset,baseline,2,128,2344865,2351391,18319.2578125,18370.2421875
65536,24,reset,aligned,2,128,2187773,2194197,17091.9765625,17142.1640625
65536,24,reset,unrolled,2,128,2334272,2340956,18236.5,18288.71875
65536,24,reset,aligned-unrolled,2,128,2177555,2184014,17012.1484375,17062.609375
65536,24,reset,openblas,2,128,2423697,2446463,18935.1328125,19112.9921875
65536,24,reset,onemkl,2,128,2181142,2187628,17040.171875,17090.84375
65536,24,reset,baseline,3,128,2363001,2369416,18460.9453125,18511.0625
65536,24,reset,aligned,3,128,2204548,2211116,17223.03125,17274.34375
65536,24,reset,unrolled,3,128,2365599,2372214,18481.2421875,18532.921875
65536,24,reset,aligned-unrolled,3,128,2236583,2275326,17473.3046875,17775.984375
65536,24,reset,openblas,3,128,2348041,2354482,18344.0703125,18394.390625
65536,24,reset,onemkl,3,128,2191209,2197596,17118.8203125,17168.71875
65536,24,reset,baseline,4,128,2391832,2398507,18686.1875,18738.3359375
65536,24,reset,aligned,4,128,2211662,2218199,17278.609375,17329.6796875
65536,24,reset,unrolled,4,128,2326718,2350690,18177.484375,18364.765625
65536,24,reset,aligned-unrolled,4,128,2178554,2185063,17019.953125,17070.8046875
65536,24,reset,openblas,4,128,2362345,2368872,18455.8203125,18506.8125
65536,24,reset,onemkl,4,128,2193863,2200592,17139.5546875,17192.125
65536,24,reset,baseline,5,128,2326181,2332514,18173.2890625,18222.765625
65536,24,reset,aligned,5,128,2186130,2192666,17079.140625,17130.203125
65536,24,reset,unrolled,5,128,2329334,2351256,18197.921875,18369.1875
65536,24,reset,aligned-unrolled,5,128,2187140,2193813,17087.03125,17139.1640625
65536,24,reset,openblas,5,128,2337825,2344474,18264.2578125,18316.203125
65536,24,reset,onemkl,5,128,2259694,2268584,17653.859375,17723.3125
65536,24,reset,baseline,6,128,2349757,2356397,18357.4765625,18409.3515625
65536,24,reset,aligned,6,128,2201012,2207767,17195.40625,17248.1796875
65536,24,reset,unrolled,6,128,2346357,2353187,18330.9140625,18384.2734375
65536,24,reset,aligned-unrolled,6,128,2216687,2223170,17317.8671875,17368.515625
65536,24,reset,openblas,6,128,2353715,2375188,18388.3984375,18556.15625
65536,24,reset,onemkl,6,128,2207686,2214249,17247.546875,17298.8203125
65536,24,reset,baseline,7,128,2343165,2349587,18305.9765625,18356.1484375
65536,24,reset,aligned,7,128,2185345,2192093,17073.0078125,17125.7265625
65536,24,reset,unrolled,7,128,2340102,2346738,18282.046875,18333.890625
65536,24,reset,aligned-unrolled,7,128,2190513,2196956,17113.3828125,17163.71875
65536,24,reset,openblas,7,128,2346707,2386890,18333.6484375,18647.578125
65536,24,reset,onemkl,7,128,2222186,2228700,17360.828125,17411.71875
